ISO-10303-21;
HEADER;
/* Generated by software containing ST-Developer
 * from STEP Tools, Inc. (www.steptools.com) 
 */
/* OPTION: using custom renumber hook */

FILE_DESCRIPTION(
/* description */ ('STEP AP242 Edition 2',
'CAx-IF Rec.Pracs.---Representation and Presentation of Product Manufa
cturing Information (PMI)---4.0---2014-10-13',
'CAx-IF Rec.Pracs.---3D Tessellated Geometry---0.4---2014-09-14','2;1',
'CAx-IF Rec.Pracs.---User Defined Attributes---1.5---2016-08-15'),
/* implementation_level */ '2;1');

FILE_NAME(
/* name */ 'Casing and wheel part studio',
/* time_stamp */ '2026-08-31T21:20:05Z',
/* author */ (''),
/* organization */ (''),
/* preprocessor_version */ 'ST-DEVELOPER v20',
/* originating_system */ 'ONSHAPE BY PTC INC, 1.220',
/* authorisation */ '  ');

FILE_SCHEMA (('AP242_MANAGED_MODEL_BASED_3D_ENGINEERING_MIM_LF { 1 0 10303 442 3 1 4 }'));
ENDSEC;

DATA;
#10=ELLIPSE('',#9072,0.000707106781186548,0.0005);
#11=ELLIPSE('',#9074,0.000707106781186548,0.0005);
#12=ELLIPSE('',#9175,0.000707106781186548,0.0005);
#13=ELLIPSE('',#9177,0.000707106781186548,0.0005);
#14=ELLIPSE('',#9278,0.000707106781186548,0.0005);
#15=ELLIPSE('',#9280,0.000707106781186548,0.0005);
#16=ELLIPSE('',#9410,0.000707106781186548,0.0005);
#17=ELLIPSE('',#9412,0.000707106781186548,0.0005);
#18=B_SPLINE_CURVE_WITH_KNOTS('',3,(#12913,#12914,#12915,#12916),
 .UNSPECIFIED.,.F.,.F.,(4,4),(0.,0.000783607851989798),.UNSPECIFIED.);
#19=B_SPLINE_CURVE_WITH_KNOTS('',3,(#12921,#12922,#12923,#12924),
 .UNSPECIFIED.,.F.,.F.,(4,4),(2.26446207231011E-16,0.000781562377073738),
 .UNSPECIFIED.);
#20=B_SPLINE_CURVE_WITH_KNOTS('',3,(#12928,#12929,#12930,#12931),
 .UNSPECIFIED.,.F.,.F.,(4,4),(0.,0.000781551389541019),.UNSPECIFIED.);
#21=B_SPLINE_CURVE_WITH_KNOTS('',3,(#12935,#12936,#12937,#12938),
 .UNSPECIFIED.,.F.,.F.,(4,4),(0.,0.000783627061013125),.UNSPECIFIED.);
#22=B_SPLINE_CURVE_WITH_KNOTS('',3,(#12942,#12943,#12944,#12945),
 .UNSPECIFIED.,.F.,.F.,(4,4),(0.,0.000783607851989761),.UNSPECIFIED.);
#23=B_SPLINE_CURVE_WITH_KNOTS('',3,(#12949,#12950,#12951,#12952),
 .UNSPECIFIED.,.F.,.F.,(4,4),(0.,0.0007815623770736),.UNSPECIFIED.);
#24=B_SPLINE_CURVE_WITH_KNOTS('',3,(#12956,#12957,#12958,#12959),
 .UNSPECIFIED.,.F.,.F.,(4,4),(0.,0.000781551389540494),.UNSPECIFIED.);
#25=B_SPLINE_CURVE_WITH_KNOTS('',3,(#12963,#12964,#12965,#12966),
 .UNSPECIFIED.,.F.,.F.,(4,4),(0.,0.000783627061012779),.UNSPECIFIED.);
#26=B_SPLINE_CURVE_WITH_KNOTS('',3,(#12970,#12971,#12972,#12973),
 .UNSPECIFIED.,.F.,.F.,(4,4),(0.,0.000783607851989796),.UNSPECIFIED.);
#27=B_SPLINE_CURVE_WITH_KNOTS('',3,(#12977,#12978,#12979,#12980),
 .UNSPECIFIED.,.F.,.F.,(4,4),(0.,0.000781562377073852),.UNSPECIFIED.);
#28=B_SPLINE_CURVE_WITH_KNOTS('',3,(#12984,#12985,#12986,#12987),
 .UNSPECIFIED.,.F.,.F.,(4,4),(0.,0.000781551389540808),.UNSPECIFIED.);
#29=B_SPLINE_CURVE_WITH_KNOTS('',3,(#12991,#12992,#12993,#12994),
 .UNSPECIFIED.,.F.,.F.,(4,4),(0.,0.00078362706101293),.UNSPECIFIED.);
#30=B_SPLINE_CURVE_WITH_KNOTS('',3,(#12998,#12999,#13000,#13001),
 .UNSPECIFIED.,.F.,.F.,(4,4),(0.,0.000783607851989744),.UNSPECIFIED.);
#31=B_SPLINE_CURVE_WITH_KNOTS('',3,(#13005,#13006,#13007,#13008),
 .UNSPECIFIED.,.F.,.F.,(4,4),(0.,0.000781562377073915),.UNSPECIFIED.);
#32=B_SPLINE_CURVE_WITH_KNOTS('',3,(#13012,#13013,#13014,#13015),
 .UNSPECIFIED.,.F.,.F.,(4,4),(0.,0.000781551389540871),.UNSPECIFIED.);
#33=B_SPLINE_CURVE_WITH_KNOTS('',3,(#13019,#13020,#13021,#13022),
 .UNSPECIFIED.,.F.,.F.,(4,4),(0.,0.00078362706101288),.UNSPECIFIED.);
#34=B_SPLINE_CURVE_WITH_KNOTS('',3,(#13026,#13027,#13028,#13029),
 .UNSPECIFIED.,.F.,.F.,(4,4),(0.,0.000783607851989521),.UNSPECIFIED.);
#35=B_SPLINE_CURVE_WITH_KNOTS('',3,(#13033,#13034,#13035,#13036),
 .UNSPECIFIED.,.F.,.F.,(4,4),(0.,0.000781562377073949),.UNSPECIFIED.);
#36=B_SPLINE_CURVE_WITH_KNOTS('',3,(#13040,#13041,#13042,#13043),
 .UNSPECIFIED.,.F.,.F.,(4,4),(0.,0.000781551389540929),.UNSPECIFIED.);
#37=B_SPLINE_CURVE_WITH_KNOTS('',3,(#13047,#13048,#13049,#13050),
 .UNSPECIFIED.,.F.,.F.,(4,4),(0.,0.000783627061012885),.UNSPECIFIED.);
#38=B_SPLINE_CURVE_WITH_KNOTS('',3,(#13128,#13129,#13130,#13131),
 .UNSPECIFIED.,.F.,.F.,(4,4),(0.,0.000781410122785766),.UNSPECIFIED.);
#39=B_SPLINE_CURVE_WITH_KNOTS('',3,(#13133,#13134,#13135,#13136),
 .UNSPECIFIED.,.F.,.F.,(4,4),(0.,0.000781412866621135),.UNSPECIFIED.);
#40=B_SPLINE_CURVE_WITH_KNOTS('',3,(#13138,#13139,#13140,#13141),
 .UNSPECIFIED.,.F.,.F.,(4,4),(0.,0.000781141826626894),.UNSPECIFIED.);
#41=B_SPLINE_CURVE_WITH_KNOTS('',3,(#13143,#13144,#13145,#13146),
 .UNSPECIFIED.,.F.,.F.,(4,4),(0.,0.00078114313973447),.UNSPECIFIED.);
#42=B_SPLINE_CURVE_WITH_KNOTS('',3,(#13150,#13151,#13152,#13153),
 .UNSPECIFIED.,.F.,.F.,(4,4),(0.,0.000781143139734372),.UNSPECIFIED.);
#43=B_SPLINE_CURVE_WITH_KNOTS('',3,(#13157,#13158,#13159,#13160),
 .UNSPECIFIED.,.F.,.F.,(4,4),(0.,0.000781141826626471),.UNSPECIFIED.);
#44=B_SPLINE_CURVE_WITH_KNOTS('',3,(#13164,#13165,#13166,#13167),
 .UNSPECIFIED.,.F.,.F.,(4,4),(0.,0.000781412866621233),.UNSPECIFIED.);
#45=B_SPLINE_CURVE_WITH_KNOTS('',3,(#13171,#13172,#13173,#13174),
 .UNSPECIFIED.,.F.,.F.,(4,4),(0.,0.000781410122786068),.UNSPECIFIED.);
#46=B_SPLINE_CURVE_WITH_KNOTS('',3,(#13194,#13195,#13196,#13197),
 .UNSPECIFIED.,.F.,.F.,(4,4),(0.,0.000781141826626577),.UNSPECIFIED.);
#47=B_SPLINE_CURVE_WITH_KNOTS('',3,(#13199,#13200,#13201,#13202),
 .UNSPECIFIED.,.F.,.F.,(4,4),(0.,0.000781143139734353),.UNSPECIFIED.);
#48=B_SPLINE_CURVE_WITH_KNOTS('',3,(#13205,#13206,#13207,#13208),
 .UNSPECIFIED.,.F.,.F.,(4,4),(0.,0.000781412866621319),.UNSPECIFIED.);
#49=B_SPLINE_CURVE_WITH_KNOTS('',3,(#13212,#13213,#13214,#13215),
 .UNSPECIFIED.,.F.,.F.,(4,4),(0.,0.000781410122785878),.UNSPECIFIED.);
#50=B_SPLINE_CURVE_WITH_KNOTS('',3,(#13234,#13235,#13236,#13237),
 .UNSPECIFIED.,.F.,.F.,(4,4),(0.,0.000781410122786313),.UNSPECIFIED.);
#51=B_SPLINE_CURVE_WITH_KNOTS('',3,(#13239,#13240,#13241,#13242),
 .UNSPECIFIED.,.F.,.F.,(4,4),(0.,0.000781412866621187),.UNSPECIFIED.);
#52=B_SPLINE_CURVE_WITH_KNOTS('',3,(#13274,#13275,#13276,#13277),
 .UNSPECIFIED.,.F.,.F.,(4,4),(0.,0.000781412866621204),.UNSPECIFIED.);
#53=B_SPLINE_CURVE_WITH_KNOTS('',3,(#13279,#13280,#13281,#13282),
 .UNSPECIFIED.,.F.,.F.,(4,4),(0.,0.00078141012278588),.UNSPECIFIED.);
#54=B_SPLINE_CURVE_WITH_KNOTS('',3,(#13287,#13288,#13289,#13290),
 .UNSPECIFIED.,.F.,.F.,(4,4),(0.,0.000781143139734463),.UNSPECIFIED.);
#55=B_SPLINE_CURVE_WITH_KNOTS('',3,(#13294,#13295,#13296,#13297),
 .UNSPECIFIED.,.F.,.F.,(4,4),(0.,0.000781141826626827),.UNSPECIFIED.);
#56=B_SPLINE_CURVE_WITH_KNOTS('',3,(#13334,#13335,#13336,#13337),
 .UNSPECIFIED.,.F.,.F.,(4,4),(0.,0.000783607851989802),.UNSPECIFIED.);
#57=B_SPLINE_CURVE_WITH_KNOTS('',3,(#13342,#13343,#13344,#13345),
 .UNSPECIFIED.,.F.,.F.,(4,4),(2.26446207231011E-16,0.000781562377073732),
 .UNSPECIFIED.);
#58=B_SPLINE_CURVE_WITH_KNOTS('',3,(#13349,#13350,#13351,#13352),
 .UNSPECIFIED.,.F.,.F.,(4,4),(0.,0.000781551389541066),.UNSPECIFIED.);
#59=B_SPLINE_CURVE_WITH_KNOTS('',3,(#13356,#13357,#13358,#13359),
 .UNSPECIFIED.,.F.,.F.,(4,4),(0.,0.000783627061013169),.UNSPECIFIED.);
#60=B_SPLINE_CURVE_WITH_KNOTS('',3,(#13363,#13364,#13365,#13366),
 .UNSPECIFIED.,.F.,.F.,(4,4),(0.,0.000783607851989731),.UNSPECIFIED.);
#61=B_SPLINE_CURVE_WITH_KNOTS('',3,(#13370,#13371,#13372,#13373),
 .UNSPECIFIED.,.F.,.F.,(4,4),(0.,0.000781562377073601),.UNSPECIFIED.);
#62=B_SPLINE_CURVE_WITH_KNOTS('',3,(#13377,#13378,#13379,#13380),
 .UNSPECIFIED.,.F.,.F.,(4,4),(0.,0.000781551389540491),.UNSPECIFIED.);
#63=B_SPLINE_CURVE_WITH_KNOTS('',3,(#13384,#13385,#13386,#13387),
 .UNSPECIFIED.,.F.,.F.,(4,4),(0.,0.000783627061012785),.UNSPECIFIED.);
#64=B_SPLINE_CURVE_WITH_KNOTS('',3,(#13391,#13392,#13393,#13394),
 .UNSPECIFIED.,.F.,.F.,(4,4),(0.,0.000783607851989792),.UNSPECIFIED.);
#65=B_SPLINE_CURVE_WITH_KNOTS('',3,(#13398,#13399,#13400,#13401),
 .UNSPECIFIED.,.F.,.F.,(4,4),(0.,0.000781562377073852),.UNSPECIFIED.);
#66=B_SPLINE_CURVE_WITH_KNOTS('',3,(#13405,#13406,#13407,#13408),
 .UNSPECIFIED.,.F.,.F.,(4,4),(0.,0.000781551389540793),.UNSPECIFIED.);
#67=B_SPLINE_CURVE_WITH_KNOTS('',3,(#13412,#13413,#13414,#13415),
 .UNSPECIFIED.,.F.,.F.,(4,4),(0.,0.000783627061012925),.UNSPECIFIED.);
#68=B_SPLINE_CURVE_WITH_KNOTS('',3,(#13419,#13420,#13421,#13422),
 .UNSPECIFIED.,.F.,.F.,(4,4),(0.,0.000783607851989753),.UNSPECIFIED.);
#69=B_SPLINE_CURVE_WITH_KNOTS('',3,(#13426,#13427,#13428,#13429),
 .UNSPECIFIED.,.F.,.F.,(4,4),(0.,0.000781562377073914),.UNSPECIFIED.);
#70=B_SPLINE_CURVE_WITH_KNOTS('',3,(#13433,#13434,#13435,#13436),
 .UNSPECIFIED.,.F.,.F.,(4,4),(0.,0.000781551389540872),.UNSPECIFIED.);
#71=B_SPLINE_CURVE_WITH_KNOTS('',3,(#13440,#13441,#13442,#13443),
 .UNSPECIFIED.,.F.,.F.,(4,4),(0.,0.000783627061012883),.UNSPECIFIED.);
#72=B_SPLINE_CURVE_WITH_KNOTS('',3,(#13447,#13448,#13449,#13450),
 .UNSPECIFIED.,.F.,.F.,(4,4),(0.,0.000783607851989519),.UNSPECIFIED.);
#73=B_SPLINE_CURVE_WITH_KNOTS('',3,(#13454,#13455,#13456,#13457),
 .UNSPECIFIED.,.F.,.F.,(4,4),(0.,0.000781562377073958),.UNSPECIFIED.);
#74=B_SPLINE_CURVE_WITH_KNOTS('',3,(#13461,#13462,#13463,#13464),
 .UNSPECIFIED.,.F.,.F.,(4,4),(0.,0.000781551389540886),.UNSPECIFIED.);
#75=B_SPLINE_CURVE_WITH_KNOTS('',3,(#13468,#13469,#13470,#13471),
 .UNSPECIFIED.,.F.,.F.,(4,4),(0.,0.000783627061012887),.UNSPECIFIED.);
#76=B_SPLINE_CURVE_WITH_KNOTS('',3,(#13549,#13550,#13551,#13552),
 .UNSPECIFIED.,.F.,.F.,(4,4),(0.,0.000781410122785761),.UNSPECIFIED.);
#77=B_SPLINE_CURVE_WITH_KNOTS('',3,(#13554,#13555,#13556,#13557),
 .UNSPECIFIED.,.F.,.F.,(4,4),(0.,0.000781412866621172),.UNSPECIFIED.);
#78=B_SPLINE_CURVE_WITH_KNOTS('',3,(#13559,#13560,#13561,#13562),
 .UNSPECIFIED.,.F.,.F.,(4,4),(0.,0.000781141826626882),.UNSPECIFIED.);
#79=B_SPLINE_CURVE_WITH_KNOTS('',3,(#13564,#13565,#13566,#13567),
 .UNSPECIFIED.,.F.,.F.,(4,4),(0.,0.000781143139734392),.UNSPECIFIED.);
#80=B_SPLINE_CURVE_WITH_KNOTS('',3,(#13571,#13572,#13573,#13574),
 .UNSPECIFIED.,.F.,.F.,(4,4),(0.,0.00078114313973437),.UNSPECIFIED.);
#81=B_SPLINE_CURVE_WITH_KNOTS('',3,(#13578,#13579,#13580,#13581),
 .UNSPECIFIED.,.F.,.F.,(4,4),(0.,0.000781141826626467),.UNSPECIFIED.);
#82=B_SPLINE_CURVE_WITH_KNOTS('',3,(#13585,#13586,#13587,#13588),
 .UNSPECIFIED.,.F.,.F.,(4,4),(0.,0.000781412866621234),.UNSPECIFIED.);
#83=B_SPLINE_CURVE_WITH_KNOTS('',3,(#13592,#13593,#13594,#13595),
 .UNSPECIFIED.,.F.,.F.,(4,4),(0.,0.00078141012278615),.UNSPECIFIED.);
#84=B_SPLINE_CURVE_WITH_KNOTS('',3,(#13615,#13616,#13617,#13618),
 .UNSPECIFIED.,.F.,.F.,(4,4),(0.,0.000781141826626572),.UNSPECIFIED.);
#85=B_SPLINE_CURVE_WITH_KNOTS('',3,(#13620,#13621,#13622,#13623),
 .UNSPECIFIED.,.F.,.F.,(4,4),(0.,0.00078114313973436),.UNSPECIFIED.);
#86=B_SPLINE_CURVE_WITH_KNOTS('',3,(#13626,#13627,#13628,#13629),
 .UNSPECIFIED.,.F.,.F.,(4,4),(0.,0.000781412866621318),.UNSPECIFIED.);
#87=B_SPLINE_CURVE_WITH_KNOTS('',3,(#13633,#13634,#13635,#13636),
 .UNSPECIFIED.,.F.,.F.,(4,4),(0.,0.000781410122785883),.UNSPECIFIED.);
#88=B_SPLINE_CURVE_WITH_KNOTS('',3,(#13655,#13656,#13657,#13658),
 .UNSPECIFIED.,.F.,.F.,(4,4),(0.,0.000781410122786289),.UNSPECIFIED.);
#89=B_SPLINE_CURVE_WITH_KNOTS('',3,(#13660,#13661,#13662,#13663),
 .UNSPECIFIED.,.F.,.F.,(4,4),(0.,0.000781412866621199),.UNSPECIFIED.);
#90=B_SPLINE_CURVE_WITH_KNOTS('',3,(#13695,#13696,#13697,#13698),
 .UNSPECIFIED.,.F.,.F.,(4,4),(0.,0.000781412866621199),.UNSPECIFIED.);
#91=B_SPLINE_CURVE_WITH_KNOTS('',3,(#13700,#13701,#13702,#13703),
 .UNSPECIFIED.,.F.,.F.,(4,4),(0.,0.000781410122785979),.UNSPECIFIED.);
#92=B_SPLINE_CURVE_WITH_KNOTS('',3,(#13708,#13709,#13710,#13711),
 .UNSPECIFIED.,.F.,.F.,(4,4),(0.,0.000781143139734413),.UNSPECIFIED.);
#93=B_SPLINE_CURVE_WITH_KNOTS('',3,(#13715,#13716,#13717,#13718),
 .UNSPECIFIED.,.F.,.F.,(4,4),(0.,0.000781141826626831),.UNSPECIFIED.);
#94=B_SPLINE_CURVE_WITH_KNOTS('',3,(#13747,#13748,#13749,#13750),
 .UNSPECIFIED.,.F.,.F.,(4,4),(0.000462058353862244,0.000781562377073722),
 .UNSPECIFIED.);
#95=B_SPLINE_CURVE_WITH_KNOTS('',3,(#13754,#13755,#13756,#13757),
 .UNSPECIFIED.,.F.,.F.,(4,4),(0.,0.00078155138954099),.UNSPECIFIED.);
#96=B_SPLINE_CURVE_WITH_KNOTS('',3,(#13761,#13762,#13763,#13764),
 .UNSPECIFIED.,.F.,.F.,(4,4),(0.,0.000783627061013121),.UNSPECIFIED.);
#97=B_SPLINE_CURVE_WITH_KNOTS('',3,(#13768,#13769,#13770,#13771),
 .UNSPECIFIED.,.F.,.F.,(4,4),(0.,0.000320390840380307),.UNSPECIFIED.);
#98=B_SPLINE_CURVE_WITH_KNOTS('',3,(#13775,#13776,#13777,#13778),
 .UNSPECIFIED.,.F.,.F.,(4,4),(0.000462058353862007,0.000781562377073602),
 .UNSPECIFIED.);
#99=B_SPLINE_CURVE_WITH_KNOTS('',3,(#13782,#13783,#13784,#13785),
 .UNSPECIFIED.,.F.,.F.,(4,4),(0.,0.00078155138954049),.UNSPECIFIED.);
#100=B_SPLINE_CURVE_WITH_KNOTS('',3,(#13789,#13790,#13791,#13792),
 .UNSPECIFIED.,.F.,.F.,(4,4),(0.,0.000783627061012772),.UNSPECIFIED.);
#101=B_SPLINE_CURVE_WITH_KNOTS('',3,(#13796,#13797,#13798,#13799),
 .UNSPECIFIED.,.F.,.F.,(4,4),(0.,0.000320390840380255),.UNSPECIFIED.);
#102=B_SPLINE_CURVE_WITH_KNOTS('',3,(#13803,#13804,#13805,#13806),
 .UNSPECIFIED.,.F.,.F.,(4,4),(0.000462058353862287,0.000781562377073814),
 .UNSPECIFIED.);
#103=B_SPLINE_CURVE_WITH_KNOTS('',3,(#13810,#13811,#13812,#13813),
 .UNSPECIFIED.,.F.,.F.,(4,4),(0.,0.000781551389540797),.UNSPECIFIED.);
#104=B_SPLINE_CURVE_WITH_KNOTS('',3,(#13817,#13818,#13819,#13820),
 .UNSPECIFIED.,.F.,.F.,(4,4),(0.,0.00078362706101291),.UNSPECIFIED.);
#105=B_SPLINE_CURVE_WITH_KNOTS('',3,(#13824,#13825,#13826,#13827),
 .UNSPECIFIED.,.F.,.F.,(4,4),(0.,0.000320390840380258),.UNSPECIFIED.);
#106=B_SPLINE_CURVE_WITH_KNOTS('',3,(#13831,#13832,#13833,#13834),
 .UNSPECIFIED.,.F.,.F.,(4,4),(0.000462058353862291,0.000781562377073916),
 .UNSPECIFIED.);
#107=B_SPLINE_CURVE_WITH_KNOTS('',3,(#13838,#13839,#13840,#13841),
 .UNSPECIFIED.,.F.,.F.,(4,4),(0.,0.000781551389540871),.UNSPECIFIED.);
#108=B_SPLINE_CURVE_WITH_KNOTS('',3,(#13845,#13846,#13847,#13848),
 .UNSPECIFIED.,.F.,.F.,(4,4),(0.,0.000783627061012887),.UNSPECIFIED.);
#109=B_SPLINE_CURVE_WITH_KNOTS('',3,(#13852,#13853,#13854,#13855),
 .UNSPECIFIED.,.F.,.F.,(4,4),(0.,0.000320390840380136),.UNSPECIFIED.);
#110=B_SPLINE_CURVE_WITH_KNOTS('',3,(#13859,#13860,#13861,#13862),
 .UNSPECIFIED.,.F.,.F.,(4,4),(0.000462058353862431,0.000781562377073955),
 .UNSPECIFIED.);
#111=B_SPLINE_CURVE_WITH_KNOTS('',3,(#13866,#13867,#13868,#13869),
 .UNSPECIFIED.,.F.,.F.,(4,4),(0.,0.00078155138954091),.UNSPECIFIED.);
#112=B_SPLINE_CURVE_WITH_KNOTS('',3,(#13873,#13874,#13875,#13876),
 .UNSPECIFIED.,.F.,.F.,(4,4),(0.,0.000783627061012887),.UNSPECIFIED.);
#113=B_SPLINE_CURVE_WITH_KNOTS('',3,(#13880,#13881,#13882,#13883),
 .UNSPECIFIED.,.F.,.F.,(4,4),(0.,0.0003203908403803),.UNSPECIFIED.);
#114=B_SPLINE_CURVE_WITH_KNOTS('',3,(#13976,#13977,#13978,#13979),
 .UNSPECIFIED.,.F.,.F.,(4,4),(0.,0.000781410122785753),.UNSPECIFIED.);
#115=B_SPLINE_CURVE_WITH_KNOTS('',3,(#13981,#13982,#13983,#13984),
 .UNSPECIFIED.,.F.,.F.,(4,4),(0.,0.000781412866621151),.UNSPECIFIED.);
#116=B_SPLINE_CURVE_WITH_KNOTS('',3,(#13985,#13986,#13987,#13988),
 .UNSPECIFIED.,.F.,.F.,(4,4),(0.000320390840380307,0.000783607851989715),
 .UNSPECIFIED.);
#117=B_SPLINE_CURVE_WITH_KNOTS('',3,(#13990,#13991,#13992,#13993),
 .UNSPECIFIED.,.F.,.F.,(4,4),(2.27936327765856E-16,0.000462058353862244),
 .UNSPECIFIED.);
#118=B_SPLINE_CURVE_WITH_KNOTS('',3,(#13994,#13995,#13996,#13997),
 .UNSPECIFIED.,.F.,.F.,(4,4),(0.,0.000781141826626842),.UNSPECIFIED.);
#119=B_SPLINE_CURVE_WITH_KNOTS('',3,(#13999,#14000,#14001,#14002),
 .UNSPECIFIED.,.F.,.F.,(4,4),(0.,0.000781143139734411),.UNSPECIFIED.);
#120=B_SPLINE_CURVE_WITH_KNOTS('',3,(#14006,#14007,#14008,#14009),
 .UNSPECIFIED.,.F.,.F.,(4,4),(0.,0.000781143139734371),.UNSPECIFIED.);
#121=B_SPLINE_CURVE_WITH_KNOTS('',3,(#14013,#14014,#14015,#14016),
 .UNSPECIFIED.,.F.,.F.,(4,4),(0.,0.00078114182662647),.UNSPECIFIED.);
#122=B_SPLINE_CURVE_WITH_KNOTS('',3,(#14020,#14021,#14022,#14023),
 .UNSPECIFIED.,.F.,.F.,(4,4),(0.,0.00078141286662119),.UNSPECIFIED.);
#123=B_SPLINE_CURVE_WITH_KNOTS('',3,(#14027,#14028,#14029,#14030),
 .UNSPECIFIED.,.F.,.F.,(4,4),(0.,0.000781410122786097),.UNSPECIFIED.);
#124=B_SPLINE_CURVE_WITH_KNOTS('',3,(#14049,#14050,#14051,#14052),
 .UNSPECIFIED.,.F.,.F.,(4,4),(0.0003203908403803,0.00078360785198986),
 .UNSPECIFIED.);
#125=B_SPLINE_CURVE_WITH_KNOTS('',3,(#14054,#14055,#14056,#14057),
 .UNSPECIFIED.,.F.,.F.,(4,4),(0.,0.000462058353862431),.UNSPECIFIED.);
#126=B_SPLINE_CURVE_WITH_KNOTS('',3,(#14058,#14059,#14060,#14061),
 .UNSPECIFIED.,.F.,.F.,(4,4),(0.,0.000781141826626573),.UNSPECIFIED.);
#127=B_SPLINE_CURVE_WITH_KNOTS('',3,(#14063,#14064,#14065,#14066),
 .UNSPECIFIED.,.F.,.F.,(4,4),(0.,0.000781143139734324),.UNSPECIFIED.);
#128=B_SPLINE_CURVE_WITH_KNOTS('',3,(#14069,#14070,#14071,#14072),
 .UNSPECIFIED.,.F.,.F.,(4,4),(0.,0.000781412866621321),.UNSPECIFIED.);
#129=B_SPLINE_CURVE_WITH_KNOTS('',3,(#14076,#14077,#14078,#14079),
 .UNSPECIFIED.,.F.,.F.,(4,4),(0.,0.000781410122785881),.UNSPECIFIED.);
#130=B_SPLINE_CURVE_WITH_KNOTS('',3,(#14098,#14099,#14100,#14101),
 .UNSPECIFIED.,.F.,.F.,(4,4),(0.,0.00078141012278631),.UNSPECIFIED.);
#131=B_SPLINE_CURVE_WITH_KNOTS('',3,(#14103,#14104,#14105,#14106),
 .UNSPECIFIED.,.F.,.F.,(4,4),(1.0842021724855E-18,0.000781412866621209),
 .UNSPECIFIED.);
#132=B_SPLINE_CURVE_WITH_KNOTS('',3,(#14107,#14108,#14109,#14110),
 .UNSPECIFIED.,.F.,.F.,(4,4),(0.000320390840380255,0.000783607851989802),
 .UNSPECIFIED.);
#133=B_SPLINE_CURVE_WITH_KNOTS('',3,(#14112,#14113,#14114,#14115),
 .UNSPECIFIED.,.F.,.F.,(4,4),(0.,0.000462058353862007),.UNSPECIFIED.);
#134=B_SPLINE_CURVE_WITH_KNOTS('',3,(#14143,#14144,#14145,#14146),
 .UNSPECIFIED.,.F.,.F.,(4,4),(1.04083408558608E-17,0.000462058353862287),
 .UNSPECIFIED.);
#135=B_SPLINE_CURVE_WITH_KNOTS('',3,(#14150,#14151,#14152,#14153),
 .UNSPECIFIED.,.F.,.F.,(4,4),(0.,0.000781412866621181),.UNSPECIFIED.);
#136=B_SPLINE_CURVE_WITH_KNOTS('',3,(#14154,#14155,#14156,#14157),
 .UNSPECIFIED.,.F.,.F.,(4,4),(0.,0.00046340393254142),.UNSPECIFIED.);
#137=B_SPLINE_CURVE_WITH_KNOTS('',3,(#14159,#14160,#14161,#14162),
 .UNSPECIFIED.,.F.,.F.,(4,4),(0.,0.000781410122785926),.UNSPECIFIED.);
#138=B_SPLINE_CURVE_WITH_KNOTS('',3,(#14167,#14168,#14169,#14170),
 .UNSPECIFIED.,.F.,.F.,(4,4),(0.,0.000781143139734461),.UNSPECIFIED.);
#139=B_SPLINE_CURVE_WITH_KNOTS('',3,(#14174,#14175,#14176,#14177),
 .UNSPECIFIED.,.F.,.F.,(4,4),(0.,0.000781141826626836),.UNSPECIFIED.);
#140=B_SPLINE_CURVE_WITH_KNOTS('',3,(#14191,#14192,#14193,#14194),
 .UNSPECIFIED.,.F.,.F.,(4,4),(0.000320390840380136,0.000783607851989515),
 .UNSPECIFIED.);
#141=B_SPLINE_CURVE_WITH_KNOTS('',3,(#14196,#14197,#14198,#14199),
 .UNSPECIFIED.,.F.,.F.,(4,4),(0.,0.000462058353862291),.UNSPECIFIED.);
#142=B_SPLINE_CURVE_WITH_KNOTS('',3,(#14284,#14285,#14286,#14287),
 .UNSPECIFIED.,.F.,.F.,(4,4),(0.,0.000320390840380319),.UNSPECIFIED.);
#143=B_SPLINE_CURVE_WITH_KNOTS('',3,(#14292,#14293,#14294,#14295),
 .UNSPECIFIED.,.F.,.F.,(4,4),(0.000462058353862261,0.00078156237707373),
 .UNSPECIFIED.);
#144=B_SPLINE_CURVE_WITH_KNOTS('',3,(#14299,#14300,#14301,#14302),
 .UNSPECIFIED.,.F.,.F.,(4,4),(0.,0.000781551389541009),.UNSPECIFIED.);
#145=B_SPLINE_CURVE_WITH_KNOTS('',3,(#14306,#14307,#14308,#14309),
 .UNSPECIFIED.,.F.,.F.,(4,4),(0.,0.00078362706101312),.UNSPECIFIED.);
#146=B_SPLINE_CURVE_WITH_KNOTS('',3,(#14313,#14314,#14315,#14316),
 .UNSPECIFIED.,.F.,.F.,(4,4),(0.,0.000320390840380306),.UNSPECIFIED.);
#147=B_SPLINE_CURVE_WITH_KNOTS('',3,(#14320,#14321,#14322,#14323),
 .UNSPECIFIED.,.F.,.F.,(4,4),(0.000462058353861997,0.000781562377073599),
 .UNSPECIFIED.);
#148=B_SPLINE_CURVE_WITH_KNOTS('',3,(#14327,#14328,#14329,#14330),
 .UNSPECIFIED.,.F.,.F.,(4,4),(0.,0.000781551389540487),.UNSPECIFIED.);
#149=B_SPLINE_CURVE_WITH_KNOTS('',3,(#14334,#14335,#14336,#14337),
 .UNSPECIFIED.,.F.,.F.,(4,4),(0.,0.000783627061012757),.UNSPECIFIED.);
#150=B_SPLINE_CURVE_WITH_KNOTS('',3,(#14341,#14342,#14343,#14344),
 .UNSPECIFIED.,.F.,.F.,(4,4),(0.,0.00032039084038026),.UNSPECIFIED.);
#151=B_SPLINE_CURVE_WITH_KNOTS('',3,(#14348,#14349,#14350,#14351),
 .UNSPECIFIED.,.F.,.F.,(4,4),(0.000462058353862285,0.000781562377073817),
 .UNSPECIFIED.);
#152=B_SPLINE_CURVE_WITH_KNOTS('',3,(#14355,#14356,#14357,#14358),
 .UNSPECIFIED.,.F.,.F.,(4,4),(0.,0.000781551389540832),.UNSPECIFIED.);
#153=B_SPLINE_CURVE_WITH_KNOTS('',3,(#14362,#14363,#14364,#14365),
 .UNSPECIFIED.,.F.,.F.,(4,4),(0.,0.000783627061012928),.UNSPECIFIED.);
#154=B_SPLINE_CURVE_WITH_KNOTS('',3,(#14369,#14370,#14371,#14372),
 .UNSPECIFIED.,.F.,.F.,(4,4),(0.,0.000320390840380277),.UNSPECIFIED.);
#155=B_SPLINE_CURVE_WITH_KNOTS('',3,(#14376,#14377,#14378,#14379),
 .UNSPECIFIED.,.F.,.F.,(4,4),(0.000462058353862295,0.000781562377073918),
 .UNSPECIFIED.);
#156=B_SPLINE_CURVE_WITH_KNOTS('',3,(#14383,#14384,#14385,#14386),
 .UNSPECIFIED.,.F.,.F.,(4,4),(0.,0.00078155138954086),.UNSPECIFIED.);
#157=B_SPLINE_CURVE_WITH_KNOTS('',3,(#14390,#14391,#14392,#14393),
 .UNSPECIFIED.,.F.,.F.,(4,4),(0.,0.00078362706101289),.UNSPECIFIED.);
#158=B_SPLINE_CURVE_WITH_KNOTS('',3,(#14397,#14398,#14399,#14400),
 .UNSPECIFIED.,.F.,.F.,(4,4),(0.,0.000320390840380136),.UNSPECIFIED.);
#159=B_SPLINE_CURVE_WITH_KNOTS('',3,(#14404,#14405,#14406,#14407),
 .UNSPECIFIED.,.F.,.F.,(4,4),(0.00046205835386244,0.000781562377073951),
 .UNSPECIFIED.);
#160=B_SPLINE_CURVE_WITH_KNOTS('',3,(#14411,#14412,#14413,#14414),
 .UNSPECIFIED.,.F.,.F.,(4,4),(0.,0.000781551389540923),.UNSPECIFIED.);
#161=B_SPLINE_CURVE_WITH_KNOTS('',3,(#14418,#14419,#14420,#14421),
 .UNSPECIFIED.,.F.,.F.,(4,4),(0.,0.000783627061012891),.UNSPECIFIED.);
#162=B_SPLINE_CURVE_WITH_KNOTS('',3,(#14480,#14481,#14482,#14483),
 .UNSPECIFIED.,.F.,.F.,(4,4),(0.,0.00078141012278577),.UNSPECIFIED.);
#163=B_SPLINE_CURVE_WITH_KNOTS('',3,(#14485,#14486,#14487,#14488),
 .UNSPECIFIED.,.F.,.F.,(4,4),(0.,0.000781412866621158),.UNSPECIFIED.);
#164=B_SPLINE_CURVE_WITH_KNOTS('',3,(#14489,#14490,#14491,#14492),
 .UNSPECIFIED.,.F.,.F.,(4,4),(0.000320390840380306,0.000783607851989722),
 .UNSPECIFIED.);
#165=B_SPLINE_CURVE_WITH_KNOTS('',3,(#14494,#14495,#14496,#14497),
 .UNSPECIFIED.,.F.,.F.,(4,4),(2.26446207231011E-16,0.000462058353862261),
 .UNSPECIFIED.);
#166=B_SPLINE_CURVE_WITH_KNOTS('',3,(#14498,#14499,#14500,#14501),
 .UNSPECIFIED.,.F.,.F.,(4,4),(0.,0.000781141826626883),.UNSPECIFIED.);
#167=B_SPLINE_CURVE_WITH_KNOTS('',3,(#14503,#14504,#14505,#14506),
 .UNSPECIFIED.,.F.,.F.,(4,4),(5.05159101305033E-17,0.000781143139734422),
 .UNSPECIFIED.);
#168=B_SPLINE_CURVE_WITH_KNOTS('',3,(#14510,#14511,#14512,#14513),
 .UNSPECIFIED.,.F.,.F.,(4,4),(0.,0.00078114313973437),.UNSPECIFIED.);
#169=B_SPLINE_CURVE_WITH_KNOTS('',3,(#14517,#14518,#14519,#14520),
 .UNSPECIFIED.,.F.,.F.,(4,4),(0.,0.000781141826626467),.UNSPECIFIED.);
#170=B_SPLINE_CURVE_WITH_KNOTS('',3,(#14524,#14525,#14526,#14527),
 .UNSPECIFIED.,.F.,.F.,(4,4),(0.,0.000781412866621159),.UNSPECIFIED.);
#171=B_SPLINE_CURVE_WITH_KNOTS('',3,(#14531,#14532,#14533,#14534),
 .UNSPECIFIED.,.F.,.F.,(4,4),(0.,0.000781410122786088),.UNSPECIFIED.);
#172=B_SPLINE_CURVE_WITH_KNOTS('',3,(#14553,#14554,#14555,#14556),
 .UNSPECIFIED.,.F.,.F.,(4,4),(0.000320390840380319,0.00078360785198991),
 .UNSPECIFIED.);
#173=B_SPLINE_CURVE_WITH_KNOTS('',3,(#14558,#14559,#14560,#14561),
 .UNSPECIFIED.,.F.,.F.,(4,4),(0.,0.00046205835386244),.UNSPECIFIED.);
#174=B_SPLINE_CURVE_WITH_KNOTS('',3,(#14562,#14563,#14564,#14565),
 .UNSPECIFIED.,.F.,.F.,(4,4),(0.,0.000781141826626602),.UNSPECIFIED.);
#175=B_SPLINE_CURVE_WITH_KNOTS('',3,(#14567,#14568,#14569,#14570),
 .UNSPECIFIED.,.F.,.F.,(4,4),(0.,0.000781143139734326),.UNSPECIFIED.);
#176=B_SPLINE_CURVE_WITH_KNOTS('',3,(#14573,#14574,#14575,#14576),
 .UNSPECIFIED.,.F.,.F.,(4,4),(0.,0.000781412866621321),.UNSPECIFIED.);
#177=B_SPLINE_CURVE_WITH_KNOTS('',3,(#14580,#14581,#14582,#14583),
 .UNSPECIFIED.,.F.,.F.,(4,4),(0.,0.000781410122785881),.UNSPECIFIED.);
#178=B_SPLINE_CURVE_WITH_KNOTS('',3,(#14602,#14603,#14604,#14605),
 .UNSPECIFIED.,.F.,.F.,(4,4),(0.,0.000781410122786335),.UNSPECIFIED.);
#179=B_SPLINE_CURVE_WITH_KNOTS('',3,(#14607,#14608,#14609,#14610),
 .UNSPECIFIED.,.F.,.F.,(4,4),(0.,0.000781412866621189),.UNSPECIFIED.);
#180=B_SPLINE_CURVE_WITH_KNOTS('',3,(#14611,#14612,#14613,#14614),
 .UNSPECIFIED.,.F.,.F.,(4,4),(0.00032039084038026,0.00078360785198981),
 .UNSPECIFIED.);
#181=B_SPLINE_CURVE_WITH_KNOTS('',3,(#14616,#14617,#14618,#14619),
 .UNSPECIFIED.,.F.,.F.,(4,4),(0.,0.000462058353861997),.UNSPECIFIED.);
#182=B_SPLINE_CURVE_WITH_KNOTS('',3,(#14647,#14648,#14649,#14650),
 .UNSPECIFIED.,.F.,.F.,(4,4),(0.,0.000462058353862285),.UNSPECIFIED.);
#183=B_SPLINE_CURVE_WITH_KNOTS('',3,(#14654,#14655,#14656,#14657),
 .UNSPECIFIED.,.F.,.F.,(4,4),(0.,0.000781412866621199),.UNSPECIFIED.);
#184=B_SPLINE_CURVE_WITH_KNOTS('',3,(#14658,#14659,#14660,#14661),
 .UNSPECIFIED.,.F.,.F.,(4,4),(0.,0.000463425036356156),.UNSPECIFIED.);
#185=B_SPLINE_CURVE_WITH_KNOTS('',3,(#14663,#14664,#14665,#14666),
 .UNSPECIFIED.,.F.,.F.,(4,4),(0.,0.000781410122785891),.UNSPECIFIED.);
#186=B_SPLINE_CURVE_WITH_KNOTS('',3,(#14671,#14672,#14673,#14674),
 .UNSPECIFIED.,.F.,.F.,(4,4),(0.,0.000781143139734457),.UNSPECIFIED.);
#187=B_SPLINE_CURVE_WITH_KNOTS('',3,(#14678,#14679,#14680,#14681),
 .UNSPECIFIED.,.F.,.F.,(4,4),(0.,0.000781141826626834),.UNSPECIFIED.);
#188=B_SPLINE_CURVE_WITH_KNOTS('',3,(#14695,#14696,#14697,#14698),
 .UNSPECIFIED.,.F.,.F.,(4,4),(0.000320390840380136,0.000783607851989515),
 .UNSPECIFIED.);
#189=B_SPLINE_CURVE_WITH_KNOTS('',3,(#14700,#14701,#14702,#14703),
 .UNSPECIFIED.,.F.,.F.,(4,4),(0.,0.000462058353862295),.UNSPECIFIED.);
#190=CONICAL_SURFACE('',#8976,0.015,0.785398163397448);
#191=CONICAL_SURFACE('',#8977,0.01,0.785398163397448);
#192=CONICAL_SURFACE('',#9092,0.015,0.785398163397448);
#193=CONICAL_SURFACE('',#9093,0.01,0.785398163397448);
#194=CONICAL_SURFACE('',#9101,0.015,0.785398163397448);
#195=CONICAL_SURFACE('',#9102,0.01,0.785398163397448);
#196=CONICAL_SURFACE('',#9195,0.015,0.785398163397448);
#197=CONICAL_SURFACE('',#9196,0.01,0.785398163397448);
#198=CONICAL_SURFACE('',#9298,0.015,0.785398163397448);
#199=CONICAL_SURFACE('',#9299,0.01,0.785398163397448);
#200=CONICAL_SURFACE('',#9318,0.015,0.785398163397448);
#201=CONICAL_SURFACE('',#9319,0.01,0.785398163397448);
#202=CONICAL_SURFACE('',#9327,0.015,0.785398163397448);
#203=CONICAL_SURFACE('',#9328,0.01,0.785398163397448);
#204=CONICAL_SURFACE('',#9430,0.015,0.785398163397448);
#205=CONICAL_SURFACE('',#9431,0.01,0.785398163397448);
#206=CONICAL_SURFACE('',#9450,0.015,0.785398163397448);
#207=CONICAL_SURFACE('',#9451,0.01,0.785398163397448);
#208=CONICAL_SURFACE('',#9459,0.015,0.785398163397448);
#209=CONICAL_SURFACE('',#9460,0.01,0.785398163397448);
#210=TOROIDAL_SURFACE('',#8938,0.003,0.001);
#211=TOROIDAL_SURFACE('',#8939,0.003,0.001);
#212=TOROIDAL_SURFACE('',#8940,0.005,0.001);
#213=TOROIDAL_SURFACE('',#8941,0.005,0.001);
#214=SHAPE_REPRESENTATION_RELATIONSHIP('','',#8670,#230);
#215=SHAPE_REPRESENTATION_RELATIONSHIP('','',#8671,#231);
#216=SHAPE_REPRESENTATION_RELATIONSHIP('','',#8672,#232);
#217=SHAPE_REPRESENTATION_RELATIONSHIP('','',#8673,#233);
#218=SHAPE_REPRESENTATION_RELATIONSHIP('','',#8674,#234);
#219=SHAPE_REPRESENTATION_RELATIONSHIP('','',#8675,#235);
#220=SHAPE_REPRESENTATION_RELATIONSHIP('','',#8676,#236);
#221=SHAPE_REPRESENTATION_RELATIONSHIP('','',#8677,#237);
#222=SHAPE_REPRESENTATION_RELATIONSHIP('','',#8678,#238);
#223=SHAPE_REPRESENTATION_RELATIONSHIP('','',#8679,#239);
#224=SHAPE_REPRESENTATION_RELATIONSHIP('','',#8680,#240);
#225=SHAPE_REPRESENTATION_RELATIONSHIP('','',#8681,#241);
#226=SHAPE_REPRESENTATION_RELATIONSHIP('','',#8682,#242);
#227=SHAPE_REPRESENTATION_RELATIONSHIP('','',#8683,#243);
#228=SHAPE_REPRESENTATION_RELATIONSHIP('','',#8684,#244);
#229=SHAPE_REPRESENTATION_RELATIONSHIP('','',#8685,#245);
#230=ADVANCED_BREP_SHAPE_REPRESENTATION('',(#8638),#14764);
#231=ADVANCED_BREP_SHAPE_REPRESENTATION('',(#8639),#14765);
#232=ADVANCED_BREP_SHAPE_REPRESENTATION('',(#8640),#14766);
#233=ADVANCED_BREP_SHAPE_REPRESENTATION('',(#8641),#14767);
#234=ADVANCED_BREP_SHAPE_REPRESENTATION('',(#8642),#14768);
#235=ADVANCED_BREP_SHAPE_REPRESENTATION('',(#8643),#14769);
#236=ADVANCED_BREP_SHAPE_REPRESENTATION('',(#8644),#14770);
#237=ADVANCED_BREP_SHAPE_REPRESENTATION('',(#8645),#14771);
#238=ADVANCED_BREP_SHAPE_REPRESENTATION('',(#8646),#14772);
#239=ADVANCED_BREP_SHAPE_REPRESENTATION('',(#8647),#14773);
#240=ADVANCED_BREP_SHAPE_REPRESENTATION('',(#8648),#14774);
#241=ADVANCED_BREP_SHAPE_REPRESENTATION('',(#8649),#14775);
#242=ADVANCED_BREP_SHAPE_REPRESENTATION('',(#8650),#14776);
#243=ADVANCED_BREP_SHAPE_REPRESENTATION('',(#8651),#14777);
#244=ADVANCED_BREP_SHAPE_REPRESENTATION('',(#8652),#14778);
#245=ADVANCED_BREP_SHAPE_REPRESENTATION('',(#8653),#14779);
#246=CYLINDRICAL_SURFACE('',#8756,0.004);
#247=CYLINDRICAL_SURFACE('',#8757,0.004);
#248=CYLINDRICAL_SURFACE('',#8758,0.004);
#249=CYLINDRICAL_SURFACE('',#8761,0.004);
#250=CYLINDRICAL_SURFACE('',#8766,0.004);
#251=CYLINDRICAL_SURFACE('',#8769,0.004);
#252=CYLINDRICAL_SURFACE('',#8802,0.0024);
#253=CYLINDRICAL_SURFACE('',#8805,0.0024);
#254=CYLINDRICAL_SURFACE('',#8808,0.0024);
#255=CYLINDRICAL_SURFACE('',#8811,0.0024);
#256=CYLINDRICAL_SURFACE('',#8822,0.00095);
#257=CYLINDRICAL_SURFACE('',#8850,0.004);
#258=CYLINDRICAL_SURFACE('',#8852,0.004);
#259=CYLINDRICAL_SURFACE('',#8888,0.005);
#260=CYLINDRICAL_SURFACE('',#8892,0.005);
#261=CYLINDRICAL_SURFACE('',#8896,0.005);
#262=CYLINDRICAL_SURFACE('',#8899,0.005);
#263=CYLINDRICAL_SURFACE('',#8904,0.004);
#264=CYLINDRICAL_SURFACE('',#8907,0.004);
#265=CYLINDRICAL_SURFACE('',#8908,0.006);
#266=CYLINDRICAL_SURFACE('',#8913,0.006);
#267=CYLINDRICAL_SURFACE('',#8920,0.004);
#268=CYLINDRICAL_SURFACE('',#8924,0.004);
#269=CYLINDRICAL_SURFACE('',#8966,0.00095);
#270=CYLINDRICAL_SURFACE('',#8970,0.0109999999999998);
#271=CYLINDRICAL_SURFACE('',#8973,0.015);
#272=CYLINDRICAL_SURFACE('',#8986,0.00095);
#273=CYLINDRICAL_SURFACE('',#8997,0.00095);
#274=CYLINDRICAL_SURFACE('',#9001,0.004);
#275=CYLINDRICAL_SURFACE('',#9021,0.00265);
#276=CYLINDRICAL_SURFACE('',#9025,0.00265);
#277=CYLINDRICAL_SURFACE('',#9034,0.0005);
#278=CYLINDRICAL_SURFACE('',#9035,0.0005);
#279=CYLINDRICAL_SURFACE('',#9036,0.0005);
#280=CYLINDRICAL_SURFACE('',#9037,0.0005);
#281=CYLINDRICAL_SURFACE('',#9038,0.0109999999999998);
#282=CYLINDRICAL_SURFACE('',#9041,0.0109999999999998);
#283=CYLINDRICAL_SURFACE('',#9048,0.0005);
#284=CYLINDRICAL_SURFACE('',#9049,0.0005);
#285=CYLINDRICAL_SURFACE('',#9050,0.0005);
#286=CYLINDRICAL_SURFACE('',#9051,0.0005);
#287=CYLINDRICAL_SURFACE('',#9052,0.0109999999999998);
#288=CYLINDRICAL_SURFACE('',#9059,0.0005);
#289=CYLINDRICAL_SURFACE('',#9060,0.0005);
#290=CYLINDRICAL_SURFACE('',#9061,0.0005);
#291=CYLINDRICAL_SURFACE('',#9062,0.0005);
#292=CYLINDRICAL_SURFACE('',#9063,0.0109999999999998);
#293=CYLINDRICAL_SURFACE('',#9071,0.0005);
#294=CYLINDRICAL_SURFACE('',#9073,0.0005);
#295=CYLINDRICAL_SURFACE('',#9075,0.0005);
#296=CYLINDRICAL_SURFACE('',#9076,0.0005);
#297=CYLINDRICAL_SURFACE('',#9077,0.0005);
#298=CYLINDRICAL_SURFACE('',#9078,0.0109999999999998);
#299=CYLINDRICAL_SURFACE('',#9085,0.0005);
#300=CYLINDRICAL_SURFACE('',#9086,0.0005);
#301=CYLINDRICAL_SURFACE('',#9087,0.0005);
#302=CYLINDRICAL_SURFACE('',#9088,0.0005);
#303=CYLINDRICAL_SURFACE('',#9089,0.015);
#304=CYLINDRICAL_SURFACE('',#9095,0.0109999999999998);
#305=CYLINDRICAL_SURFACE('',#9098,0.015);
#306=CYLINDRICAL_SURFACE('',#9104,0.004);
#307=CYLINDRICAL_SURFACE('',#9124,0.00265);
#308=CYLINDRICAL_SURFACE('',#9128,0.00265);
#309=CYLINDRICAL_SURFACE('',#9137,0.0005);
#310=CYLINDRICAL_SURFACE('',#9138,0.0005);
#311=CYLINDRICAL_SURFACE('',#9139,0.0005);
#312=CYLINDRICAL_SURFACE('',#9140,0.0005);
#313=CYLINDRICAL_SURFACE('',#9141,0.0109999999999998);
#314=CYLINDRICAL_SURFACE('',#9144,0.0109999999999998);
#315=CYLINDRICAL_SURFACE('',#9151,0.0005);
#316=CYLINDRICAL_SURFACE('',#9152,0.0005);
#317=CYLINDRICAL_SURFACE('',#9153,0.0005);
#318=CYLINDRICAL_SURFACE('',#9154,0.0005);
#319=CYLINDRICAL_SURFACE('',#9155,0.0109999999999998);
#320=CYLINDRICAL_SURFACE('',#9162,0.0005);
#321=CYLINDRICAL_SURFACE('',#9163,0.0005);
#322=CYLINDRICAL_SURFACE('',#9164,0.0005);
#323=CYLINDRICAL_SURFACE('',#9165,0.0005);
#324=CYLINDRICAL_SURFACE('',#9166,0.0109999999999998);
#325=CYLINDRICAL_SURFACE('',#9174,0.0005);
#326=CYLINDRICAL_SURFACE('',#9176,0.0005);
#327=CYLINDRICAL_SURFACE('',#9178,0.0005);
#328=CYLINDRICAL_SURFACE('',#9179,0.0005);
#329=CYLINDRICAL_SURFACE('',#9180,0.0005);
#330=CYLINDRICAL_SURFACE('',#9181,0.0109999999999998);
#331=CYLINDRICAL_SURFACE('',#9188,0.0005);
#332=CYLINDRICAL_SURFACE('',#9189,0.0005);
#333=CYLINDRICAL_SURFACE('',#9190,0.0005);
#334=CYLINDRICAL_SURFACE('',#9191,0.0005);
#335=CYLINDRICAL_SURFACE('',#9192,0.015);
#336=CYLINDRICAL_SURFACE('',#9198,0.004);
#337=CYLINDRICAL_SURFACE('',#9227,0.00265);
#338=CYLINDRICAL_SURFACE('',#9231,0.00265);
#339=CYLINDRICAL_SURFACE('',#9240,0.0005);
#340=CYLINDRICAL_SURFACE('',#9241,0.0005);
#341=CYLINDRICAL_SURFACE('',#9242,0.0005);
#342=CYLINDRICAL_SURFACE('',#9243,0.0005);
#343=CYLINDRICAL_SURFACE('',#9244,0.0109999999999998);
#344=CYLINDRICAL_SURFACE('',#9247,0.0109999999999998);
#345=CYLINDRICAL_SURFACE('',#9254,0.0005);
#346=CYLINDRICAL_SURFACE('',#9255,0.0005);
#347=CYLINDRICAL_SURFACE('',#9256,0.0005);
#348=CYLINDRICAL_SURFACE('',#9257,0.0005);
#349=CYLINDRICAL_SURFACE('',#9258,0.0109999999999998);
#350=CYLINDRICAL_SURFACE('',#9265,0.0005);
#351=CYLINDRICAL_SURFACE('',#9266,0.0005);
#352=CYLINDRICAL_SURFACE('',#9267,0.0005);
#353=CYLINDRICAL_SURFACE('',#9268,0.0005);
#354=CYLINDRICAL_SURFACE('',#9269,0.0109999999999998);
#355=CYLINDRICAL_SURFACE('',#9277,0.0005);
#356=CYLINDRICAL_SURFACE('',#9279,0.0005);
#357=CYLINDRICAL_SURFACE('',#9281,0.0005);
#358=CYLINDRICAL_SURFACE('',#9282,0.0005);
#359=CYLINDRICAL_SURFACE('',#9283,0.0005);
#360=CYLINDRICAL_SURFACE('',#9284,0.0109999999999998);
#361=CYLINDRICAL_SURFACE('',#9291,0.0005);
#362=CYLINDRICAL_SURFACE('',#9292,0.0005);
#363=CYLINDRICAL_SURFACE('',#9293,0.0005);
#364=CYLINDRICAL_SURFACE('',#9294,0.0005);
#365=CYLINDRICAL_SURFACE('',#9295,0.015);
#366=CYLINDRICAL_SURFACE('',#9300,0.004);
#367=CYLINDRICAL_SURFACE('',#9302,0.004);
#368=CYLINDRICAL_SURFACE('',#9304,0.004);
#369=CYLINDRICAL_SURFACE('',#9306,0.004);
#370=CYLINDRICAL_SURFACE('',#9308,0.004);
#371=CYLINDRICAL_SURFACE('',#9312,0.0109999999999998);
#372=CYLINDRICAL_SURFACE('',#9315,0.015);
#373=CYLINDRICAL_SURFACE('',#9321,0.0109999999999998);
#374=CYLINDRICAL_SURFACE('',#9324,0.015);
#375=CYLINDRICAL_SURFACE('',#9343,0.004);
#376=CYLINDRICAL_SURFACE('',#9359,0.00265);
#377=CYLINDRICAL_SURFACE('',#9363,0.00265);
#378=CYLINDRICAL_SURFACE('',#9372,0.0005);
#379=CYLINDRICAL_SURFACE('',#9373,0.0005);
#380=CYLINDRICAL_SURFACE('',#9374,0.0005);
#381=CYLINDRICAL_SURFACE('',#9375,0.0005);
#382=CYLINDRICAL_SURFACE('',#9376,0.0109999999999998);
#383=CYLINDRICAL_SURFACE('',#9379,0.0109999999999998);
#384=CYLINDRICAL_SURFACE('',#9386,0.0005);
#385=CYLINDRICAL_SURFACE('',#9387,0.0005);
#386=CYLINDRICAL_SURFACE('',#9388,0.0005);
#387=CYLINDRICAL_SURFACE('',#9389,0.0005);
#388=CYLINDRICAL_SURFACE('',#9390,0.0109999999999998);
#389=CYLINDRICAL_SURFACE('',#9397,0.0005);
#390=CYLINDRICAL_SURFACE('',#9398,0.0005);
#391=CYLINDRICAL_SURFACE('',#9399,0.0005);
#392=CYLINDRICAL_SURFACE('',#9400,0.0005);
#393=CYLINDRICAL_SURFACE('',#9401,0.0109999999999998);
#394=CYLINDRICAL_SURFACE('',#9409,0.0005);
#395=CYLINDRICAL_SURFACE('',#9411,0.0005);
#396=CYLINDRICAL_SURFACE('',#9413,0.0005);
#397=CYLINDRICAL_SURFACE('',#9414,0.0005);
#398=CYLINDRICAL_SURFACE('',#9415,0.0005);
#399=CYLINDRICAL_SURFACE('',#9416,0.0109999999999998);
#400=CYLINDRICAL_SURFACE('',#9423,0.0005);
#401=CYLINDRICAL_SURFACE('',#9424,0.0005);
#402=CYLINDRICAL_SURFACE('',#9425,0.0005);
#403=CYLINDRICAL_SURFACE('',#9426,0.0005);
#404=CYLINDRICAL_SURFACE('',#9427,0.015);
#405=CYLINDRICAL_SURFACE('',#9432,0.004);
#406=CYLINDRICAL_SURFACE('',#9434,0.004);
#407=CYLINDRICAL_SURFACE('',#9436,0.004);
#408=CYLINDRICAL_SURFACE('',#9438,0.004);
#409=CYLINDRICAL_SURFACE('',#9440,0.004);
#410=CYLINDRICAL_SURFACE('',#9444,0.0109999999999998);
#411=CYLINDRICAL_SURFACE('',#9447,0.015);
#412=CYLINDRICAL_SURFACE('',#9453,0.0109999999999998);
#413=CYLINDRICAL_SURFACE('',#9456,0.015);
#414=CIRCLE('',#8708,0.004);
#415=CIRCLE('',#8709,0.004);
#416=CIRCLE('',#8735,0.0024);
#417=CIRCLE('',#8736,0.0024);
#418=CIRCLE('',#8737,0.0024);
#419=CIRCLE('',#8738,0.0024);
#420=CIRCLE('',#8750,0.004);
#421=CIRCLE('',#8751,0.004);
#422=CIRCLE('',#8752,0.004);
#423=CIRCLE('',#8753,0.004);
#424=CIRCLE('',#8754,0.004);
#425=CIRCLE('',#8755,0.004);
#426=CIRCLE('',#8759,0.004);
#427=CIRCLE('',#8762,0.004);
#428=CIRCLE('',#8767,0.004);
#429=CIRCLE('',#8770,0.004);
#430=CIRCLE('',#8803,0.0024);
#431=CIRCLE('',#8806,0.0024);
#432=CIRCLE('',#8809,0.0024);
#433=CIRCLE('',#8812,0.0024);
#434=CIRCLE('',#8820,0.00095);
#435=CIRCLE('',#8823,0.00095);
#436=CIRCLE('',#8829,0.004);
#437=CIRCLE('',#8830,0.006);
#438=CIRCLE('',#8831,0.004);
#439=CIRCLE('',#8832,0.006);
#440=CIRCLE('',#8840,0.005);
#441=CIRCLE('',#8841,0.005);
#442=CIRCLE('',#8842,0.005);
#443=CIRCLE('',#8843,0.005);
#444=CIRCLE('',#8851,0.004);
#445=CIRCLE('',#8853,0.004);
#446=CIRCLE('',#8889,0.005);
#447=CIRCLE('',#8891,0.004);
#448=CIRCLE('',#8893,0.005);
#449=CIRCLE('',#8895,0.004);
#450=CIRCLE('',#8897,0.005);
#451=CIRCLE('',#8900,0.005);
#452=CIRCLE('',#8903,0.004);
#453=CIRCLE('',#8906,0.004);
#454=CIRCLE('',#8909,0.006);
#455=CIRCLE('',#8911,0.005);
#456=CIRCLE('',#8912,0.004);
#457=CIRCLE('',#8914,0.006);
#458=CIRCLE('',#8916,0.005);
#459=CIRCLE('',#8917,0.004);
#460=CIRCLE('',#8919,0.003);
#461=CIRCLE('',#8921,0.004);
#462=CIRCLE('',#8923,0.003);
#463=CIRCLE('',#8925,0.004);
#464=CIRCLE('',#8964,0.00095);
#465=CIRCLE('',#8967,0.00095);
#466=CIRCLE('',#8971,0.0109999999999998);
#467=CIRCLE('',#8972,0.0109999999999998);
#468=CIRCLE('',#8974,0.015);
#469=CIRCLE('',#8975,0.015);
#470=CIRCLE('',#8984,0.00095);
#471=CIRCLE('',#8987,0.00095);
#472=CIRCLE('',#8995,0.00095);
#473=CIRCLE('',#8998,0.00095);
#474=CIRCLE('',#9002,0.004);
#475=CIRCLE('',#9003,0.004);
#476=CIRCLE('',#9004,0.004);
#477=CIRCLE('',#9005,0.004);
#478=CIRCLE('',#9006,0.004);
#479=CIRCLE('',#9007,0.004);
#480=CIRCLE('',#9008,0.004);
#481=CIRCLE('',#9009,0.004);
#482=CIRCLE('',#9010,0.004);
#483=CIRCLE('',#9011,0.004);
#484=CIRCLE('',#9012,0.004);
#485=CIRCLE('',#9014,0.011);
#486=CIRCLE('',#9015,0.0005);
#487=CIRCLE('',#9016,0.011);
#488=CIRCLE('',#9017,0.011);
#489=CIRCLE('',#9018,0.011);
#490=CIRCLE('',#9019,0.0109999999999998);
#491=CIRCLE('',#9022,0.00265);
#492=CIRCLE('',#9023,0.00265);
#493=CIRCLE('',#9026,0.00265);
#494=CIRCLE('',#9027,0.00265);
#495=CIRCLE('',#9033,0.011);
#496=CIRCLE('',#9039,0.0109999999999998);
#497=CIRCLE('',#9040,0.0109999999999998);
#498=CIRCLE('',#9042,0.0109999999999998);
#499=CIRCLE('',#9043,0.0109999999999998);
#500=CIRCLE('',#9047,0.011);
#501=CIRCLE('',#9053,0.0109999999999998);
#502=CIRCLE('',#9054,0.0109999999999998);
#503=CIRCLE('',#9058,0.011);
#504=CIRCLE('',#9064,0.0109999999999998);
#505=CIRCLE('',#9065,0.0109999999999998);
#506=CIRCLE('',#9069,0.011);
#507=CIRCLE('',#9070,0.0005);
#508=CIRCLE('',#9079,0.0109999999999998);
#509=CIRCLE('',#9080,0.0109999999999998);
#510=CIRCLE('',#9084,0.0109999999999998);
#511=CIRCLE('',#9090,0.015);
#512=CIRCLE('',#9091,0.015);
#513=CIRCLE('',#9096,0.0109999999999998);
#514=CIRCLE('',#9097,0.0109999999999998);
#515=CIRCLE('',#9099,0.015);
#516=CIRCLE('',#9100,0.015);
#517=CIRCLE('',#9105,0.004);
#518=CIRCLE('',#9106,0.004);
#519=CIRCLE('',#9107,0.004);
#520=CIRCLE('',#9108,0.004);
#521=CIRCLE('',#9109,0.004);
#522=CIRCLE('',#9110,0.004);
#523=CIRCLE('',#9111,0.004);
#524=CIRCLE('',#9112,0.004);
#525=CIRCLE('',#9113,0.004);
#526=CIRCLE('',#9114,0.004);
#527=CIRCLE('',#9115,0.004);
#528=CIRCLE('',#9117,0.011);
#529=CIRCLE('',#9118,0.0005);
#530=CIRCLE('',#9119,0.011);
#531=CIRCLE('',#9120,0.011);
#532=CIRCLE('',#9121,0.011);
#533=CIRCLE('',#9122,0.0109999999999998);
#534=CIRCLE('',#9125,0.00265);
#535=CIRCLE('',#9126,0.00265);
#536=CIRCLE('',#9129,0.00265);
#537=CIRCLE('',#9130,0.00265);
#538=CIRCLE('',#9136,0.011);
#539=CIRCLE('',#9142,0.0109999999999998);
#540=CIRCLE('',#9143,0.0109999999999998);
#541=CIRCLE('',#9145,0.0109999999999998);
#542=CIRCLE('',#9146,0.0109999999999998);
#543=CIRCLE('',#9150,0.011);
#544=CIRCLE('',#9156,0.0109999999999998);
#545=CIRCLE('',#9157,0.0109999999999998);
#546=CIRCLE('',#9161,0.011);
#547=CIRCLE('',#9167,0.0109999999999998);
#548=CIRCLE('',#9168,0.0109999999999998);
#549=CIRCLE('',#9172,0.011);
#550=CIRCLE('',#9173,0.0005);
#551=CIRCLE('',#9182,0.0109999999999998);
#552=CIRCLE('',#9183,0.0109999999999998);
#553=CIRCLE('',#9187,0.0109999999999998);
#554=CIRCLE('',#9193,0.015);
#555=CIRCLE('',#9194,0.015);
#556=CIRCLE('',#9199,0.004);
#557=CIRCLE('',#9200,0.004);
#558=CIRCLE('',#9201,0.004);
#559=CIRCLE('',#9202,0.004);
#560=CIRCLE('',#9203,0.004);
#561=CIRCLE('',#9204,0.004);
#562=CIRCLE('',#9205,0.004);
#563=CIRCLE('',#9206,0.004);
#564=CIRCLE('',#9207,0.004);
#565=CIRCLE('',#9208,0.004);
#566=CIRCLE('',#9209,0.004);
#567=CIRCLE('',#9211,0.004);
#568=CIRCLE('',#9212,0.011);
#569=CIRCLE('',#9214,0.004);
#570=CIRCLE('',#9215,0.011);
#571=CIRCLE('',#9217,0.004);
#572=CIRCLE('',#9218,0.011);
#573=CIRCLE('',#9220,0.004);
#574=CIRCLE('',#9221,0.011);
#575=CIRCLE('',#9222,0.0005);
#576=CIRCLE('',#9224,0.004);
#577=CIRCLE('',#9225,0.0109999999999998);
#578=CIRCLE('',#9228,0.00265);
#579=CIRCLE('',#9229,0.00265);
#580=CIRCLE('',#9232,0.00265);
#581=CIRCLE('',#9233,0.00265);
#582=CIRCLE('',#9239,0.011);
#583=CIRCLE('',#9245,0.0109999999999998);
#584=CIRCLE('',#9246,0.0109999999999998);
#585=CIRCLE('',#9248,0.0109999999999998);
#586=CIRCLE('',#9249,0.0109999999999998);
#587=CIRCLE('',#9253,0.011);
#588=CIRCLE('',#9259,0.0109999999999998);
#589=CIRCLE('',#9260,0.0109999999999998);
#590=CIRCLE('',#9264,0.011);
#591=CIRCLE('',#9270,0.0109999999999998);
#592=CIRCLE('',#9271,0.0109999999999998);
#593=CIRCLE('',#9275,0.011);
#594=CIRCLE('',#9276,0.0005);
#595=CIRCLE('',#9285,0.0109999999999998);
#596=CIRCLE('',#9286,0.0109999999999998);
#597=CIRCLE('',#9290,0.0109999999999998);
#598=CIRCLE('',#9296,0.015);
#599=CIRCLE('',#9297,0.015);
#600=CIRCLE('',#9301,0.004);
#601=CIRCLE('',#9303,0.004);
#602=CIRCLE('',#9305,0.004);
#603=CIRCLE('',#9307,0.004);
#604=CIRCLE('',#9309,0.004);
#605=CIRCLE('',#9313,0.0109999999999998);
#606=CIRCLE('',#9314,0.0109999999999998);
#607=CIRCLE('',#9316,0.015);
#608=CIRCLE('',#9317,0.015);
#609=CIRCLE('',#9322,0.0109999999999998);
#610=CIRCLE('',#9323,0.0109999999999998);
#611=CIRCLE('',#9325,0.015);
#612=CIRCLE('',#9326,0.015);
#613=CIRCLE('',#9331,0.004);
#614=CIRCLE('',#9332,0.011);
#615=CIRCLE('',#9334,0.004);
#616=CIRCLE('',#9335,0.011);
#617=CIRCLE('',#9337,0.004);
#618=CIRCLE('',#9338,0.011);
#619=CIRCLE('',#9340,0.004);
#620=CIRCLE('',#9341,0.011);
#621=CIRCLE('',#9342,0.0005);
#622=CIRCLE('',#9344,0.004);
#623=CIRCLE('',#9345,0.004);
#624=CIRCLE('',#9346,0.004);
#625=CIRCLE('',#9347,0.004);
#626=CIRCLE('',#9348,0.004);
#627=CIRCLE('',#9349,0.004);
#628=CIRCLE('',#9350,0.004);
#629=CIRCLE('',#9351,0.004);
#630=CIRCLE('',#9352,0.004);
#631=CIRCLE('',#9353,0.004);
#632=CIRCLE('',#9354,0.004);
#633=CIRCLE('',#9356,0.004);
#634=CIRCLE('',#9357,0.0109999999999998);
#635=CIRCLE('',#9360,0.00265);
#636=CIRCLE('',#9361,0.00265);
#637=CIRCLE('',#9364,0.00265);
#638=CIRCLE('',#9365,0.00265);
#639=CIRCLE('',#9371,0.011);
#640=CIRCLE('',#9377,0.0109999999999998);
#641=CIRCLE('',#9378,0.0109999999999998);
#642=CIRCLE('',#9380,0.0109999999999998);
#643=CIRCLE('',#9381,0.0109999999999998);
#644=CIRCLE('',#9385,0.011);
#645=CIRCLE('',#9391,0.0109999999999998);
#646=CIRCLE('',#9392,0.0109999999999998);
#647=CIRCLE('',#9396,0.011);
#648=CIRCLE('',#9402,0.0109999999999998);
#649=CIRCLE('',#9403,0.0109999999999998);
#650=CIRCLE('',#9407,0.011);
#651=CIRCLE('',#9408,0.0005);
#652=CIRCLE('',#9417,0.0109999999999998);
#653=CIRCLE('',#9418,0.0109999999999998);
#654=CIRCLE('',#9422,0.0109999999999998);
#655=CIRCLE('',#9428,0.015);
#656=CIRCLE('',#9429,0.015);
#657=CIRCLE('',#9433,0.004);
#658=CIRCLE('',#9435,0.004);
#659=CIRCLE('',#9437,0.004);
#660=CIRCLE('',#9439,0.004);
#661=CIRCLE('',#9441,0.004);
#662=CIRCLE('',#9445,0.0109999999999998);
#663=CIRCLE('',#9446,0.0109999999999998);
#664=CIRCLE('',#9448,0.015);
#665=CIRCLE('',#9449,0.015);
#666=CIRCLE('',#9454,0.0109999999999998);
#667=CIRCLE('',#9455,0.0109999999999998);
#668=CIRCLE('',#9457,0.015);
#669=CIRCLE('',#9458,0.015);
#670=ORIENTED_EDGE('',*,*,#3046,.F.);
#671=ORIENTED_EDGE('',*,*,#3047,.F.);
#672=ORIENTED_EDGE('',*,*,#3048,.F.);
#673=ORIENTED_EDGE('',*,*,#3049,.F.);
#674=ORIENTED_EDGE('',*,*,#3050,.F.);
#675=ORIENTED_EDGE('',*,*,#3051,.F.);
#676=ORIENTED_EDGE('',*,*,#3052,.F.);
#677=ORIENTED_EDGE('',*,*,#3053,.F.);
#678=ORIENTED_EDGE('',*,*,#3054,.F.);
#679=ORIENTED_EDGE('',*,*,#3055,.F.);
#680=ORIENTED_EDGE('',*,*,#3056,.F.);
#681=ORIENTED_EDGE('',*,*,#3057,.F.);
#682=ORIENTED_EDGE('',*,*,#3058,.F.);
#683=ORIENTED_EDGE('',*,*,#3059,.F.);
#684=ORIENTED_EDGE('',*,*,#3060,.F.);
#685=ORIENTED_EDGE('',*,*,#3061,.F.);
#686=ORIENTED_EDGE('',*,*,#3062,.F.);
#687=ORIENTED_EDGE('',*,*,#3063,.F.);
#688=ORIENTED_EDGE('',*,*,#3064,.F.);
#689=ORIENTED_EDGE('',*,*,#3065,.F.);
#690=ORIENTED_EDGE('',*,*,#3066,.F.);
#691=ORIENTED_EDGE('',*,*,#3067,.F.);
#692=ORIENTED_EDGE('',*,*,#3068,.F.);
#693=ORIENTED_EDGE('',*,*,#3069,.F.);
#694=ORIENTED_EDGE('',*,*,#3070,.T.);
#695=ORIENTED_EDGE('',*,*,#3059,.T.);
#696=ORIENTED_EDGE('',*,*,#3071,.F.);
#697=ORIENTED_EDGE('',*,*,#3072,.F.);
#698=ORIENTED_EDGE('',*,*,#3073,.T.);
#699=ORIENTED_EDGE('',*,*,#3066,.T.);
#700=ORIENTED_EDGE('',*,*,#3074,.F.);
#701=ORIENTED_EDGE('',*,*,#3075,.T.);
#702=ORIENTED_EDGE('',*,*,#3076,.F.);
#703=ORIENTED_EDGE('',*,*,#3077,.T.);
#704=ORIENTED_EDGE('',*,*,#3078,.T.);
#705=ORIENTED_EDGE('',*,*,#3079,.T.);
#706=ORIENTED_EDGE('',*,*,#3070,.F.);
#707=ORIENTED_EDGE('',*,*,#3080,.F.);
#708=ORIENTED_EDGE('',*,*,#3081,.F.);
#709=ORIENTED_EDGE('',*,*,#3082,.T.);
#710=ORIENTED_EDGE('',*,*,#3083,.T.);
#711=ORIENTED_EDGE('',*,*,#3061,.T.);
#712=ORIENTED_EDGE('',*,*,#3084,.T.);
#713=ORIENTED_EDGE('',*,*,#3085,.T.);
#714=ORIENTED_EDGE('',*,*,#3086,.T.);
#715=ORIENTED_EDGE('',*,*,#3087,.T.);
#716=ORIENTED_EDGE('',*,*,#3088,.T.);
#717=ORIENTED_EDGE('',*,*,#3089,.T.);
#718=ORIENTED_EDGE('',*,*,#3090,.F.);
#719=ORIENTED_EDGE('',*,*,#3091,.T.);
#720=ORIENTED_EDGE('',*,*,#3092,.T.);
#721=ORIENTED_EDGE('',*,*,#3093,.F.);
#722=ORIENTED_EDGE('',*,*,#3094,.F.);
#723=ORIENTED_EDGE('',*,*,#3064,.T.);
#724=ORIENTED_EDGE('',*,*,#3095,.T.);
#725=ORIENTED_EDGE('',*,*,#3091,.F.);
#726=ORIENTED_EDGE('',*,*,#3095,.F.);
#727=ORIENTED_EDGE('',*,*,#3069,.T.);
#728=ORIENTED_EDGE('',*,*,#3096,.T.);
#729=ORIENTED_EDGE('',*,*,#3097,.F.);
#730=ORIENTED_EDGE('',*,*,#3098,.T.);
#731=ORIENTED_EDGE('',*,*,#3099,.T.);
#732=ORIENTED_EDGE('',*,*,#3071,.T.);
#733=ORIENTED_EDGE('',*,*,#3058,.T.);
#734=ORIENTED_EDGE('',*,*,#3100,.T.);
#735=ORIENTED_EDGE('',*,*,#3092,.F.);
#736=ORIENTED_EDGE('',*,*,#3100,.F.);
#737=ORIENTED_EDGE('',*,*,#3063,.T.);
#738=ORIENTED_EDGE('',*,*,#3101,.T.);
#739=ORIENTED_EDGE('',*,*,#3093,.T.);
#740=ORIENTED_EDGE('',*,*,#3096,.F.);
#741=ORIENTED_EDGE('',*,*,#3068,.T.);
#742=ORIENTED_EDGE('',*,*,#3076,.T.);
#743=ORIENTED_EDGE('',*,*,#3102,.T.);
#744=ORIENTED_EDGE('',*,*,#3103,.T.);
#745=ORIENTED_EDGE('',*,*,#3104,.F.);
#746=ORIENTED_EDGE('',*,*,#3097,.T.);
#747=ORIENTED_EDGE('',*,*,#3102,.F.);
#748=ORIENTED_EDGE('',*,*,#3082,.F.);
#749=ORIENTED_EDGE('',*,*,#3105,.T.);
#750=ORIENTED_EDGE('',*,*,#3106,.F.);
#751=ORIENTED_EDGE('',*,*,#3107,.F.);
#752=ORIENTED_EDGE('',*,*,#3080,.T.);
#753=ORIENTED_EDGE('',*,*,#3072,.T.);
#754=ORIENTED_EDGE('',*,*,#3099,.F.);
#755=ORIENTED_EDGE('',*,*,#3108,.T.);
#756=ORIENTED_EDGE('',*,*,#3109,.F.);
#757=ORIENTED_EDGE('',*,*,#3110,.F.);
#758=ORIENTED_EDGE('',*,*,#3104,.T.);
#759=ORIENTED_EDGE('',*,*,#3111,.T.);
#760=ORIENTED_EDGE('',*,*,#3108,.F.);
#761=ORIENTED_EDGE('',*,*,#3098,.F.);
#762=ORIENTED_EDGE('',*,*,#3109,.T.);
#763=ORIENTED_EDGE('',*,*,#3111,.F.);
#764=ORIENTED_EDGE('',*,*,#3103,.F.);
#765=ORIENTED_EDGE('',*,*,#3112,.F.);
#766=ORIENTED_EDGE('',*,*,#3105,.F.);
#767=ORIENTED_EDGE('',*,*,#3081,.T.);
#768=ORIENTED_EDGE('',*,*,#3107,.T.);
#769=ORIENTED_EDGE('',*,*,#3113,.F.);
#770=ORIENTED_EDGE('',*,*,#3106,.T.);
#771=ORIENTED_EDGE('',*,*,#3113,.T.);
#772=ORIENTED_EDGE('',*,*,#3110,.T.);
#773=ORIENTED_EDGE('',*,*,#3112,.T.);
#774=ORIENTED_EDGE('',*,*,#3047,.T.);
#775=ORIENTED_EDGE('',*,*,#3114,.T.);
#776=ORIENTED_EDGE('',*,*,#3115,.F.);
#777=ORIENTED_EDGE('',*,*,#3116,.F.);
#778=ORIENTED_EDGE('',*,*,#3056,.T.);
#779=ORIENTED_EDGE('',*,*,#3117,.F.);
#780=ORIENTED_EDGE('',*,*,#3118,.T.);
#781=ORIENTED_EDGE('',*,*,#3119,.T.);
#782=ORIENTED_EDGE('',*,*,#3120,.T.);
#783=ORIENTED_EDGE('',*,*,#3121,.T.);
#784=ORIENTED_EDGE('',*,*,#3101,.F.);
#785=ORIENTED_EDGE('',*,*,#3062,.T.);
#786=ORIENTED_EDGE('',*,*,#3083,.F.);
#787=ORIENTED_EDGE('',*,*,#3122,.T.);
#788=ORIENTED_EDGE('',*,*,#3086,.F.);
#789=ORIENTED_EDGE('',*,*,#3123,.T.);
#790=ORIENTED_EDGE('',*,*,#3074,.T.);
#791=ORIENTED_EDGE('',*,*,#3065,.T.);
#792=ORIENTED_EDGE('',*,*,#3094,.T.);
#793=ORIENTED_EDGE('',*,*,#3090,.T.);
#794=ORIENTED_EDGE('',*,*,#3124,.F.);
#795=ORIENTED_EDGE('',*,*,#3125,.T.);
#796=ORIENTED_EDGE('',*,*,#3126,.T.);
#797=ORIENTED_EDGE('',*,*,#3127,.T.);
#798=ORIENTED_EDGE('',*,*,#3128,.T.);
#799=ORIENTED_EDGE('',*,*,#3129,.T.);
#800=ORIENTED_EDGE('',*,*,#3130,.F.);
#801=ORIENTED_EDGE('',*,*,#3131,.T.);
#802=ORIENTED_EDGE('',*,*,#3132,.F.);
#803=ORIENTED_EDGE('',*,*,#3133,.T.);
#804=ORIENTED_EDGE('',*,*,#3134,.T.);
#805=ORIENTED_EDGE('',*,*,#3135,.T.);
#806=ORIENTED_EDGE('',*,*,#3136,.T.);
#807=ORIENTED_EDGE('',*,*,#3137,.T.);
#808=ORIENTED_EDGE('',*,*,#3138,.T.);
#809=ORIENTED_EDGE('',*,*,#3139,.T.);
#810=ORIENTED_EDGE('',*,*,#3140,.F.);
#811=ORIENTED_EDGE('',*,*,#3141,.F.);
#812=ORIENTED_EDGE('',*,*,#3142,.T.);
#813=ORIENTED_EDGE('',*,*,#3050,.T.);
#814=ORIENTED_EDGE('',*,*,#3143,.F.);
#815=ORIENTED_EDGE('',*,*,#3144,.T.);
#816=ORIENTED_EDGE('',*,*,#3117,.T.);
#817=ORIENTED_EDGE('',*,*,#3055,.T.);
#818=ORIENTED_EDGE('',*,*,#3145,.T.);
#819=ORIENTED_EDGE('',*,*,#3146,.T.);
#820=ORIENTED_EDGE('',*,*,#3147,.T.);
#821=ORIENTED_EDGE('',*,*,#3148,.T.);
#822=ORIENTED_EDGE('',*,*,#3149,.T.);
#823=ORIENTED_EDGE('',*,*,#3150,.F.);
#824=ORIENTED_EDGE('',*,*,#3151,.T.);
#825=ORIENTED_EDGE('',*,*,#3152,.T.);
#826=ORIENTED_EDGE('',*,*,#3143,.T.);
#827=ORIENTED_EDGE('',*,*,#3153,.T.);
#828=ORIENTED_EDGE('',*,*,#3154,.T.);
#829=ORIENTED_EDGE('',*,*,#3048,.T.);
#830=ORIENTED_EDGE('',*,*,#3121,.F.);
#831=ORIENTED_EDGE('',*,*,#3155,.T.);
#832=ORIENTED_EDGE('',*,*,#3156,.T.);
#833=ORIENTED_EDGE('',*,*,#3157,.T.);
#834=ORIENTED_EDGE('',*,*,#3119,.F.);
#835=ORIENTED_EDGE('',*,*,#3158,.T.);
#836=ORIENTED_EDGE('',*,*,#3115,.T.);
#837=ORIENTED_EDGE('',*,*,#3159,.T.);
#838=ORIENTED_EDGE('',*,*,#3160,.F.);
#839=ORIENTED_EDGE('',*,*,#3161,.F.);
#840=ORIENTED_EDGE('',*,*,#3162,.F.);
#841=ORIENTED_EDGE('',*,*,#3057,.T.);
#842=ORIENTED_EDGE('',*,*,#3116,.T.);
#843=ORIENTED_EDGE('',*,*,#3161,.T.);
#844=ORIENTED_EDGE('',*,*,#3163,.F.);
#845=ORIENTED_EDGE('',*,*,#3052,.T.);
#846=ORIENTED_EDGE('',*,*,#3162,.T.);
#847=ORIENTED_EDGE('',*,*,#3160,.T.);
#848=ORIENTED_EDGE('',*,*,#3164,.F.);
#849=ORIENTED_EDGE('',*,*,#3051,.T.);
#850=ORIENTED_EDGE('',*,*,#3142,.F.);
#851=ORIENTED_EDGE('',*,*,#3165,.F.);
#852=ORIENTED_EDGE('',*,*,#3166,.F.);
#853=ORIENTED_EDGE('',*,*,#3167,.T.);
#854=ORIENTED_EDGE('',*,*,#3114,.F.);
#855=ORIENTED_EDGE('',*,*,#3046,.T.);
#856=ORIENTED_EDGE('',*,*,#3164,.T.);
#857=ORIENTED_EDGE('',*,*,#3159,.F.);
#858=ORIENTED_EDGE('',*,*,#3149,.F.);
#859=ORIENTED_EDGE('',*,*,#3053,.T.);
#860=ORIENTED_EDGE('',*,*,#3163,.T.);
#861=ORIENTED_EDGE('',*,*,#3168,.F.);
#862=ORIENTED_EDGE('',*,*,#3169,.F.);
#863=ORIENTED_EDGE('',*,*,#3170,.T.);
#864=ORIENTED_EDGE('',*,*,#3171,.F.);
#865=ORIENTED_EDGE('',*,*,#3150,.T.);
#866=ORIENTED_EDGE('',*,*,#3168,.T.);
#867=ORIENTED_EDGE('',*,*,#3167,.F.);
#868=ORIENTED_EDGE('',*,*,#3172,.T.);
#869=ORIENTED_EDGE('',*,*,#3173,.T.);
#870=ORIENTED_EDGE('',*,*,#3174,.T.);
#871=ORIENTED_EDGE('',*,*,#3175,.T.);
#872=ORIENTED_EDGE('',*,*,#3176,.F.);
#873=ORIENTED_EDGE('',*,*,#3165,.T.);
#874=ORIENTED_EDGE('',*,*,#3144,.F.);
#875=ORIENTED_EDGE('',*,*,#3152,.F.);
#876=ORIENTED_EDGE('',*,*,#3172,.F.);
#877=ORIENTED_EDGE('',*,*,#3166,.T.);
#878=ORIENTED_EDGE('',*,*,#3176,.T.);
#879=ORIENTED_EDGE('',*,*,#3177,.F.);
#880=ORIENTED_EDGE('',*,*,#3175,.F.);
#881=ORIENTED_EDGE('',*,*,#3178,.T.);
#882=ORIENTED_EDGE('',*,*,#3169,.T.);
#883=ORIENTED_EDGE('',*,*,#3177,.T.);
#884=ORIENTED_EDGE('',*,*,#3171,.T.);
#885=ORIENTED_EDGE('',*,*,#3179,.T.);
#886=ORIENTED_EDGE('',*,*,#3173,.F.);
#887=ORIENTED_EDGE('',*,*,#3151,.F.);
#888=ORIENTED_EDGE('',*,*,#3170,.F.);
#889=ORIENTED_EDGE('',*,*,#3178,.F.);
#890=ORIENTED_EDGE('',*,*,#3174,.F.);
#891=ORIENTED_EDGE('',*,*,#3179,.F.);
#892=ORIENTED_EDGE('',*,*,#3128,.F.);
#893=ORIENTED_EDGE('',*,*,#3180,.T.);
#894=ORIENTED_EDGE('',*,*,#3181,.T.);
#895=ORIENTED_EDGE('',*,*,#3182,.T.);
#896=ORIENTED_EDGE('',*,*,#3183,.T.);
#897=ORIENTED_EDGE('',*,*,#3184,.T.);
#898=ORIENTED_EDGE('',*,*,#3130,.T.);
#899=ORIENTED_EDGE('',*,*,#3185,.T.);
#900=ORIENTED_EDGE('',*,*,#3186,.T.);
#901=ORIENTED_EDGE('',*,*,#3187,.T.);
#902=ORIENTED_EDGE('',*,*,#3124,.T.);
#903=ORIENTED_EDGE('',*,*,#3188,.T.);
#904=ORIENTED_EDGE('',*,*,#3126,.F.);
#905=ORIENTED_EDGE('',*,*,#3189,.T.);
#906=ORIENTED_EDGE('',*,*,#3190,.T.);
#907=ORIENTED_EDGE('',*,*,#3191,.T.);
#908=ORIENTED_EDGE('',*,*,#3192,.T.);
#909=ORIENTED_EDGE('',*,*,#3193,.F.);
#910=ORIENTED_EDGE('',*,*,#3194,.F.);
#911=ORIENTED_EDGE('',*,*,#3195,.T.);
#912=ORIENTED_EDGE('',*,*,#3196,.F.);
#913=ORIENTED_EDGE('',*,*,#3195,.F.);
#914=ORIENTED_EDGE('',*,*,#3197,.T.);
#915=ORIENTED_EDGE('',*,*,#3198,.T.);
#916=ORIENTED_EDGE('',*,*,#3199,.F.);
#917=ORIENTED_EDGE('',*,*,#3198,.F.);
#918=ORIENTED_EDGE('',*,*,#3200,.T.);
#919=ORIENTED_EDGE('',*,*,#3201,.T.);
#920=ORIENTED_EDGE('',*,*,#3202,.T.);
#921=ORIENTED_EDGE('',*,*,#3201,.F.);
#922=ORIENTED_EDGE('',*,*,#3203,.F.);
#923=ORIENTED_EDGE('',*,*,#3193,.T.);
#924=ORIENTED_EDGE('',*,*,#3204,.F.);
#925=ORIENTED_EDGE('',*,*,#3205,.F.);
#926=ORIENTED_EDGE('',*,*,#3206,.F.);
#927=ORIENTED_EDGE('',*,*,#3207,.F.);
#928=ORIENTED_EDGE('',*,*,#3194,.T.);
#929=ORIENTED_EDGE('',*,*,#3203,.T.);
#930=ORIENTED_EDGE('',*,*,#3200,.F.);
#931=ORIENTED_EDGE('',*,*,#3197,.F.);
#932=ORIENTED_EDGE('',*,*,#3208,.F.);
#933=ORIENTED_EDGE('',*,*,#3209,.T.);
#934=ORIENTED_EDGE('',*,*,#3210,.T.);
#935=ORIENTED_EDGE('',*,*,#3211,.F.);
#936=ORIENTED_EDGE('',*,*,#3212,.F.);
#937=ORIENTED_EDGE('',*,*,#3213,.F.);
#938=ORIENTED_EDGE('',*,*,#3214,.T.);
#939=ORIENTED_EDGE('',*,*,#3215,.T.);
#940=ORIENTED_EDGE('',*,*,#3216,.T.);
#941=ORIENTED_EDGE('',*,*,#3217,.F.);
#942=ORIENTED_EDGE('',*,*,#3210,.F.);
#943=ORIENTED_EDGE('',*,*,#3218,.T.);
#944=ORIENTED_EDGE('',*,*,#3219,.F.);
#945=ORIENTED_EDGE('',*,*,#3220,.T.);
#946=ORIENTED_EDGE('',*,*,#3221,.T.);
#947=ORIENTED_EDGE('',*,*,#3222,.T.);
#948=ORIENTED_EDGE('',*,*,#3135,.F.);
#949=ORIENTED_EDGE('',*,*,#3134,.F.);
#950=ORIENTED_EDGE('',*,*,#3133,.F.);
#951=ORIENTED_EDGE('',*,*,#3132,.T.);
#952=ORIENTED_EDGE('',*,*,#3139,.F.);
#953=ORIENTED_EDGE('',*,*,#3223,.T.);
#954=ORIENTED_EDGE('',*,*,#3224,.F.);
#955=ORIENTED_EDGE('',*,*,#3225,.T.);
#956=ORIENTED_EDGE('',*,*,#3219,.T.);
#957=ORIENTED_EDGE('',*,*,#3226,.T.);
#958=ORIENTED_EDGE('',*,*,#3227,.F.);
#959=ORIENTED_EDGE('',*,*,#3228,.F.);
#960=ORIENTED_EDGE('',*,*,#3224,.T.);
#961=ORIENTED_EDGE('',*,*,#3229,.T.);
#962=ORIENTED_EDGE('',*,*,#3208,.T.);
#963=ORIENTED_EDGE('',*,*,#3230,.T.);
#964=ORIENTED_EDGE('',*,*,#3231,.F.);
#965=ORIENTED_EDGE('',*,*,#3232,.F.);
#966=ORIENTED_EDGE('',*,*,#3231,.T.);
#967=ORIENTED_EDGE('',*,*,#3233,.T.);
#968=ORIENTED_EDGE('',*,*,#3216,.F.);
#969=ORIENTED_EDGE('',*,*,#3234,.F.);
#970=ORIENTED_EDGE('',*,*,#3220,.F.);
#971=ORIENTED_EDGE('',*,*,#3225,.F.);
#972=ORIENTED_EDGE('',*,*,#3232,.T.);
#973=ORIENTED_EDGE('',*,*,#3234,.T.);
#974=ORIENTED_EDGE('',*,*,#3227,.T.);
#975=ORIENTED_EDGE('',*,*,#3235,.F.);
#976=ORIENTED_EDGE('',*,*,#3236,.T.);
#977=ORIENTED_EDGE('',*,*,#3237,.T.);
#978=ORIENTED_EDGE('',*,*,#3215,.F.);
#979=ORIENTED_EDGE('',*,*,#3238,.F.);
#980=ORIENTED_EDGE('',*,*,#3239,.F.);
#981=ORIENTED_EDGE('',*,*,#3240,.T.);
#982=ORIENTED_EDGE('',*,*,#3221,.F.);
#983=ORIENTED_EDGE('',*,*,#3241,.T.);
#984=ORIENTED_EDGE('',*,*,#3213,.T.);
#985=ORIENTED_EDGE('',*,*,#3242,.F.);
#986=ORIENTED_EDGE('',*,*,#3238,.T.);
#987=ORIENTED_EDGE('',*,*,#3214,.F.);
#988=ORIENTED_EDGE('',*,*,#3241,.F.);
#989=ORIENTED_EDGE('',*,*,#3228,.T.);
#990=ORIENTED_EDGE('',*,*,#3243,.T.);
#991=ORIENTED_EDGE('',*,*,#3218,.F.);
#992=ORIENTED_EDGE('',*,*,#3244,.T.);
#993=ORIENTED_EDGE('',*,*,#3235,.T.);
#994=ORIENTED_EDGE('',*,*,#3226,.F.);
#995=ORIENTED_EDGE('',*,*,#3245,.T.);
#996=ORIENTED_EDGE('',*,*,#3246,.T.);
#997=ORIENTED_EDGE('',*,*,#3247,.F.);
#998=ORIENTED_EDGE('',*,*,#3248,.F.);
#999=ORIENTED_EDGE('',*,*,#3249,.T.);
#1000=ORIENTED_EDGE('',*,*,#3140,.T.);
#1001=ORIENTED_EDGE('',*,*,#3243,.F.);
#1002=ORIENTED_EDGE('',*,*,#3141,.T.);
#1003=ORIENTED_EDGE('',*,*,#3245,.F.);
#1004=ORIENTED_EDGE('',*,*,#3246,.F.);
#1005=ORIENTED_EDGE('',*,*,#3250,.T.);
#1006=ORIENTED_EDGE('',*,*,#3217,.T.);
#1007=ORIENTED_EDGE('',*,*,#3233,.F.);
#1008=ORIENTED_EDGE('',*,*,#3230,.F.);
#1009=ORIENTED_EDGE('',*,*,#3211,.T.);
#1010=ORIENTED_EDGE('',*,*,#3247,.T.);
#1011=ORIENTED_EDGE('',*,*,#3251,.T.);
#1012=ORIENTED_EDGE('',*,*,#3237,.F.);
#1013=ORIENTED_EDGE('',*,*,#3252,.F.);
#1014=ORIENTED_EDGE('',*,*,#3242,.T.);
#1015=ORIENTED_EDGE('',*,*,#3212,.T.);
#1016=ORIENTED_EDGE('',*,*,#3251,.F.);
#1017=ORIENTED_EDGE('',*,*,#3250,.F.);
#1018=ORIENTED_EDGE('',*,*,#3248,.T.);
#1019=ORIENTED_EDGE('',*,*,#3253,.F.);
#1020=ORIENTED_EDGE('',*,*,#3236,.F.);
#1021=ORIENTED_EDGE('',*,*,#3254,.T.);
#1022=ORIENTED_EDGE('',*,*,#3239,.T.);
#1023=ORIENTED_EDGE('',*,*,#3252,.T.);
#1024=ORIENTED_EDGE('',*,*,#3249,.F.);
#1025=ORIENTED_EDGE('',*,*,#3255,.F.);
#1026=ORIENTED_EDGE('',*,*,#3255,.T.);
#1027=ORIENTED_EDGE('',*,*,#3253,.T.);
#1028=ORIENTED_EDGE('',*,*,#3223,.F.);
#1029=ORIENTED_EDGE('',*,*,#3138,.F.);
#1030=ORIENTED_EDGE('',*,*,#3256,.F.);
#1031=ORIENTED_EDGE('',*,*,#3229,.F.);
#1032=ORIENTED_EDGE('',*,*,#3256,.T.);
#1033=ORIENTED_EDGE('',*,*,#3137,.F.);
#1034=ORIENTED_EDGE('',*,*,#3257,.F.);
#1035=ORIENTED_EDGE('',*,*,#3254,.F.);
#1036=ORIENTED_EDGE('',*,*,#3244,.F.);
#1037=ORIENTED_EDGE('',*,*,#3209,.F.);
#1038=ORIENTED_EDGE('',*,*,#3257,.T.);
#1039=ORIENTED_EDGE('',*,*,#3136,.F.);
#1040=ORIENTED_EDGE('',*,*,#3222,.F.);
#1041=ORIENTED_EDGE('',*,*,#3240,.F.);
#1042=ORIENTED_EDGE('',*,*,#3258,.F.);
#1043=ORIENTED_EDGE('',*,*,#3185,.F.);
#1044=ORIENTED_EDGE('',*,*,#3129,.F.);
#1045=ORIENTED_EDGE('',*,*,#3182,.F.);
#1046=ORIENTED_EDGE('',*,*,#3259,.F.);
#1047=ORIENTED_EDGE('',*,*,#3258,.T.);
#1048=ORIENTED_EDGE('',*,*,#3260,.F.);
#1049=ORIENTED_EDGE('',*,*,#3127,.F.);
#1050=ORIENTED_EDGE('',*,*,#3191,.F.);
#1051=ORIENTED_EDGE('',*,*,#3261,.F.);
#1052=ORIENTED_EDGE('',*,*,#3180,.F.);
#1053=ORIENTED_EDGE('',*,*,#3260,.T.);
#1054=ORIENTED_EDGE('',*,*,#3181,.F.);
#1055=ORIENTED_EDGE('',*,*,#3262,.F.);
#1056=ORIENTED_EDGE('',*,*,#3192,.F.);
#1057=ORIENTED_EDGE('',*,*,#3259,.T.);
#1058=ORIENTED_EDGE('',*,*,#3196,.T.);
#1059=ORIENTED_EDGE('',*,*,#3263,.F.);
#1060=ORIENTED_EDGE('',*,*,#3183,.F.);
#1061=ORIENTED_EDGE('',*,*,#3131,.F.);
#1062=ORIENTED_EDGE('',*,*,#3184,.F.);
#1063=ORIENTED_EDGE('',*,*,#3264,.F.);
#1064=ORIENTED_EDGE('',*,*,#3188,.F.);
#1065=ORIENTED_EDGE('',*,*,#3262,.T.);
#1066=ORIENTED_EDGE('',*,*,#3261,.T.);
#1067=ORIENTED_EDGE('',*,*,#3265,.F.);
#1068=ORIENTED_EDGE('',*,*,#3264,.T.);
#1069=ORIENTED_EDGE('',*,*,#3263,.T.);
#1070=ORIENTED_EDGE('',*,*,#3266,.F.);
#1071=ORIENTED_EDGE('',*,*,#3265,.T.);
#1072=ORIENTED_EDGE('',*,*,#3190,.F.);
#1073=ORIENTED_EDGE('',*,*,#3267,.F.);
#1074=ORIENTED_EDGE('',*,*,#3202,.F.);
#1075=ORIENTED_EDGE('',*,*,#3266,.T.);
#1076=ORIENTED_EDGE('',*,*,#3199,.T.);
#1077=ORIENTED_EDGE('',*,*,#3268,.F.);
#1078=ORIENTED_EDGE('',*,*,#3186,.F.);
#1079=ORIENTED_EDGE('',*,*,#3268,.T.);
#1080=ORIENTED_EDGE('',*,*,#3267,.T.);
#1081=ORIENTED_EDGE('',*,*,#3269,.F.);
#1082=ORIENTED_EDGE('',*,*,#3125,.F.);
#1083=ORIENTED_EDGE('',*,*,#3187,.F.);
#1084=ORIENTED_EDGE('',*,*,#3269,.T.);
#1085=ORIENTED_EDGE('',*,*,#3189,.F.);
#1086=ORIENTED_EDGE('',*,*,#3060,.T.);
#1087=ORIENTED_EDGE('',*,*,#3079,.F.);
#1088=ORIENTED_EDGE('',*,*,#3270,.F.);
#1089=ORIENTED_EDGE('',*,*,#3084,.F.);
#1090=ORIENTED_EDGE('',*,*,#3122,.F.);
#1091=ORIENTED_EDGE('',*,*,#3085,.F.);
#1092=ORIENTED_EDGE('',*,*,#3271,.F.);
#1093=ORIENTED_EDGE('',*,*,#3087,.F.);
#1094=ORIENTED_EDGE('',*,*,#3271,.T.);
#1095=ORIENTED_EDGE('',*,*,#3270,.T.);
#1096=ORIENTED_EDGE('',*,*,#3272,.F.);
#1097=ORIENTED_EDGE('',*,*,#3272,.T.);
#1098=ORIENTED_EDGE('',*,*,#3078,.F.);
#1099=ORIENTED_EDGE('',*,*,#3273,.F.);
#1100=ORIENTED_EDGE('',*,*,#3088,.F.);
#1101=ORIENTED_EDGE('',*,*,#3123,.F.);
#1102=ORIENTED_EDGE('',*,*,#3089,.F.);
#1103=ORIENTED_EDGE('',*,*,#3274,.F.);
#1104=ORIENTED_EDGE('',*,*,#3075,.F.);
#1105=ORIENTED_EDGE('',*,*,#3274,.T.);
#1106=ORIENTED_EDGE('',*,*,#3273,.T.);
#1107=ORIENTED_EDGE('',*,*,#3275,.F.);
#1108=ORIENTED_EDGE('',*,*,#3275,.T.);
#1109=ORIENTED_EDGE('',*,*,#3077,.F.);
#1110=ORIENTED_EDGE('',*,*,#3067,.T.);
#1111=ORIENTED_EDGE('',*,*,#3073,.F.);
#1112=ORIENTED_EDGE('',*,*,#3120,.F.);
#1113=ORIENTED_EDGE('',*,*,#3157,.F.);
#1114=ORIENTED_EDGE('',*,*,#3276,.F.);
#1115=ORIENTED_EDGE('',*,*,#3155,.F.);
#1116=ORIENTED_EDGE('',*,*,#3049,.T.);
#1117=ORIENTED_EDGE('',*,*,#3154,.F.);
#1118=ORIENTED_EDGE('',*,*,#3277,.F.);
#1119=ORIENTED_EDGE('',*,*,#3153,.F.);
#1120=ORIENTED_EDGE('',*,*,#3277,.T.);
#1121=ORIENTED_EDGE('',*,*,#3276,.T.);
#1122=ORIENTED_EDGE('',*,*,#3278,.F.);
#1123=ORIENTED_EDGE('',*,*,#3118,.F.);
#1124=ORIENTED_EDGE('',*,*,#3146,.F.);
#1125=ORIENTED_EDGE('',*,*,#3279,.F.);
#1126=ORIENTED_EDGE('',*,*,#3158,.F.);
#1127=ORIENTED_EDGE('',*,*,#3278,.T.);
#1128=ORIENTED_EDGE('',*,*,#3156,.F.);
#1129=ORIENTED_EDGE('',*,*,#3280,.F.);
#1130=ORIENTED_EDGE('',*,*,#3147,.F.);
#1131=ORIENTED_EDGE('',*,*,#3280,.T.);
#1132=ORIENTED_EDGE('',*,*,#3279,.T.);
#1133=ORIENTED_EDGE('',*,*,#3281,.F.);
#1134=ORIENTED_EDGE('',*,*,#3281,.T.);
#1135=ORIENTED_EDGE('',*,*,#3145,.F.);
#1136=ORIENTED_EDGE('',*,*,#3054,.T.);
#1137=ORIENTED_EDGE('',*,*,#3148,.F.);
#1138=ORIENTED_EDGE('',*,*,#3282,.F.);
#1139=ORIENTED_EDGE('',*,*,#3207,.T.);
#1140=ORIENTED_EDGE('',*,*,#3282,.T.);
#1141=ORIENTED_EDGE('',*,*,#3283,.F.);
#1142=ORIENTED_EDGE('',*,*,#3206,.T.);
#1143=ORIENTED_EDGE('',*,*,#3283,.T.);
#1144=ORIENTED_EDGE('',*,*,#3284,.F.);
#1145=ORIENTED_EDGE('',*,*,#3205,.T.);
#1146=ORIENTED_EDGE('',*,*,#3284,.T.);
#1147=ORIENTED_EDGE('',*,*,#3285,.F.);
#1148=ORIENTED_EDGE('',*,*,#3204,.T.);
#1149=ORIENTED_EDGE('',*,*,#3285,.T.);
#1150=ORIENTED_EDGE('',*,*,#3286,.F.);
#1151=ORIENTED_EDGE('',*,*,#3287,.F.);
#1152=ORIENTED_EDGE('',*,*,#3288,.T.);
#1153=ORIENTED_EDGE('',*,*,#3289,.T.);
#1154=ORIENTED_EDGE('',*,*,#3290,.T.);
#1155=ORIENTED_EDGE('',*,*,#3291,.F.);
#1156=ORIENTED_EDGE('',*,*,#3292,.F.);
#1157=ORIENTED_EDGE('',*,*,#3287,.T.);
#1158=ORIENTED_EDGE('',*,*,#3293,.T.);
#1159=ORIENTED_EDGE('',*,*,#3294,.F.);
#1160=ORIENTED_EDGE('',*,*,#3295,.F.);
#1161=ORIENTED_EDGE('',*,*,#3291,.T.);
#1162=ORIENTED_EDGE('',*,*,#3296,.F.);
#1163=ORIENTED_EDGE('',*,*,#3289,.F.);
#1164=ORIENTED_EDGE('',*,*,#3297,.T.);
#1165=ORIENTED_EDGE('',*,*,#3294,.T.);
#1166=ORIENTED_EDGE('',*,*,#3298,.F.);
#1167=ORIENTED_EDGE('',*,*,#3288,.F.);
#1168=ORIENTED_EDGE('',*,*,#3292,.T.);
#1169=ORIENTED_EDGE('',*,*,#3295,.T.);
#1170=ORIENTED_EDGE('',*,*,#3297,.F.);
#1171=ORIENTED_EDGE('',*,*,#3286,.T.);
#1172=ORIENTED_EDGE('',*,*,#3296,.T.);
#1173=ORIENTED_EDGE('',*,*,#3293,.F.);
#1174=ORIENTED_EDGE('',*,*,#3290,.F.);
#1175=ORIENTED_EDGE('',*,*,#3299,.F.);
#1176=ORIENTED_EDGE('',*,*,#3298,.T.);
#1177=ORIENTED_EDGE('',*,*,#3299,.T.);
#1178=ORIENTED_EDGE('',*,*,#3300,.F.);
#1179=ORIENTED_EDGE('',*,*,#3301,.T.);
#1180=ORIENTED_EDGE('',*,*,#3302,.T.);
#1181=ORIENTED_EDGE('',*,*,#3303,.T.);
#1182=ORIENTED_EDGE('',*,*,#3304,.F.);
#1183=ORIENTED_EDGE('',*,*,#3305,.T.);
#1184=ORIENTED_EDGE('',*,*,#3306,.F.);
#1185=ORIENTED_EDGE('',*,*,#3307,.T.);
#1186=ORIENTED_EDGE('',*,*,#3308,.T.);
#1187=ORIENTED_EDGE('',*,*,#3309,.F.);
#1188=ORIENTED_EDGE('',*,*,#3310,.F.);
#1189=ORIENTED_EDGE('',*,*,#3311,.T.);
#1190=ORIENTED_EDGE('',*,*,#3312,.F.);
#1191=ORIENTED_EDGE('',*,*,#3313,.F.);
#1192=ORIENTED_EDGE('',*,*,#3314,.F.);
#1193=ORIENTED_EDGE('',*,*,#3315,.F.);
#1194=ORIENTED_EDGE('',*,*,#3316,.F.);
#1195=ORIENTED_EDGE('',*,*,#3317,.T.);
#1196=ORIENTED_EDGE('',*,*,#3318,.T.);
#1197=ORIENTED_EDGE('',*,*,#3319,.T.);
#1198=ORIENTED_EDGE('',*,*,#3320,.F.);
#1199=ORIENTED_EDGE('',*,*,#3321,.T.);
#1200=ORIENTED_EDGE('',*,*,#3322,.T.);
#1201=ORIENTED_EDGE('',*,*,#3323,.T.);
#1202=ORIENTED_EDGE('',*,*,#3324,.F.);
#1203=ORIENTED_EDGE('',*,*,#3325,.T.);
#1204=ORIENTED_EDGE('',*,*,#3326,.T.);
#1205=ORIENTED_EDGE('',*,*,#3327,.T.);
#1206=ORIENTED_EDGE('',*,*,#3328,.T.);
#1207=ORIENTED_EDGE('',*,*,#3329,.T.);
#1208=ORIENTED_EDGE('',*,*,#3330,.T.);
#1209=ORIENTED_EDGE('',*,*,#3331,.T.);
#1210=ORIENTED_EDGE('',*,*,#3332,.T.);
#1211=ORIENTED_EDGE('',*,*,#3333,.T.);
#1212=ORIENTED_EDGE('',*,*,#3334,.T.);
#1213=ORIENTED_EDGE('',*,*,#3335,.T.);
#1214=ORIENTED_EDGE('',*,*,#3336,.F.);
#1215=ORIENTED_EDGE('',*,*,#3337,.T.);
#1216=ORIENTED_EDGE('',*,*,#3338,.F.);
#1217=ORIENTED_EDGE('',*,*,#3339,.T.);
#1218=ORIENTED_EDGE('',*,*,#3340,.T.);
#1219=ORIENTED_EDGE('',*,*,#3341,.T.);
#1220=ORIENTED_EDGE('',*,*,#3342,.F.);
#1221=ORIENTED_EDGE('',*,*,#3343,.F.);
#1222=ORIENTED_EDGE('',*,*,#3344,.T.);
#1223=ORIENTED_EDGE('',*,*,#3345,.T.);
#1224=ORIENTED_EDGE('',*,*,#3346,.F.);
#1225=ORIENTED_EDGE('',*,*,#3347,.T.);
#1226=ORIENTED_EDGE('',*,*,#3348,.F.);
#1227=ORIENTED_EDGE('',*,*,#3342,.T.);
#1228=ORIENTED_EDGE('',*,*,#3349,.F.);
#1229=ORIENTED_EDGE('',*,*,#3350,.F.);
#1230=ORIENTED_EDGE('',*,*,#3351,.T.);
#1231=ORIENTED_EDGE('',*,*,#3352,.T.);
#1232=ORIENTED_EDGE('',*,*,#3353,.T.);
#1233=ORIENTED_EDGE('',*,*,#3354,.T.);
#1234=ORIENTED_EDGE('',*,*,#3340,.F.);
#1235=ORIENTED_EDGE('',*,*,#3355,.T.);
#1236=ORIENTED_EDGE('',*,*,#3356,.F.);
#1237=ORIENTED_EDGE('',*,*,#3357,.F.);
#1238=ORIENTED_EDGE('',*,*,#3344,.F.);
#1239=ORIENTED_EDGE('',*,*,#3358,.T.);
#1240=ORIENTED_EDGE('',*,*,#3359,.F.);
#1241=ORIENTED_EDGE('',*,*,#3360,.F.);
#1242=ORIENTED_EDGE('',*,*,#3361,.T.);
#1243=ORIENTED_EDGE('',*,*,#3362,.T.);
#1244=ORIENTED_EDGE('',*,*,#3346,.T.);
#1245=ORIENTED_EDGE('',*,*,#3363,.T.);
#1246=ORIENTED_EDGE('',*,*,#3364,.F.);
#1247=ORIENTED_EDGE('',*,*,#3365,.T.);
#1248=ORIENTED_EDGE('',*,*,#3366,.T.);
#1249=ORIENTED_EDGE('',*,*,#3367,.F.);
#1250=ORIENTED_EDGE('',*,*,#3368,.F.);
#1251=ORIENTED_EDGE('',*,*,#3369,.F.);
#1252=ORIENTED_EDGE('',*,*,#3370,.F.);
#1253=ORIENTED_EDGE('',*,*,#3371,.F.);
#1254=ORIENTED_EDGE('',*,*,#3362,.F.);
#1255=ORIENTED_EDGE('',*,*,#3372,.F.);
#1256=ORIENTED_EDGE('',*,*,#3349,.T.);
#1257=ORIENTED_EDGE('',*,*,#3373,.T.);
#1258=ORIENTED_EDGE('',*,*,#3358,.F.);
#1259=ORIENTED_EDGE('',*,*,#3347,.F.);
#1260=ORIENTED_EDGE('',*,*,#3367,.T.);
#1261=ORIENTED_EDGE('',*,*,#3374,.T.);
#1262=ORIENTED_EDGE('',*,*,#3348,.T.);
#1263=ORIENTED_EDGE('',*,*,#3375,.F.);
#1264=ORIENTED_EDGE('',*,*,#3355,.F.);
#1265=ORIENTED_EDGE('',*,*,#3343,.T.);
#1266=ORIENTED_EDGE('',*,*,#3356,.T.);
#1267=ORIENTED_EDGE('',*,*,#3375,.T.);
#1268=ORIENTED_EDGE('',*,*,#3352,.F.);
#1269=ORIENTED_EDGE('',*,*,#3376,.F.);
#1270=ORIENTED_EDGE('',*,*,#3374,.F.);
#1271=ORIENTED_EDGE('',*,*,#3366,.F.);
#1272=ORIENTED_EDGE('',*,*,#3377,.T.);
#1273=ORIENTED_EDGE('',*,*,#3359,.T.);
#1274=ORIENTED_EDGE('',*,*,#3351,.F.);
#1275=ORIENTED_EDGE('',*,*,#3378,.F.);
#1276=ORIENTED_EDGE('',*,*,#3357,.T.);
#1277=ORIENTED_EDGE('',*,*,#3376,.T.);
#1278=ORIENTED_EDGE('',*,*,#3360,.T.);
#1279=ORIENTED_EDGE('',*,*,#3377,.F.);
#1280=ORIENTED_EDGE('',*,*,#3365,.F.);
#1281=ORIENTED_EDGE('',*,*,#3379,.T.);
#1282=ORIENTED_EDGE('',*,*,#3312,.T.);
#1283=ORIENTED_EDGE('',*,*,#3380,.F.);
#1284=ORIENTED_EDGE('',*,*,#3314,.T.);
#1285=ORIENTED_EDGE('',*,*,#3381,.F.);
#1286=ORIENTED_EDGE('',*,*,#3364,.T.);
#1287=ORIENTED_EDGE('',*,*,#3382,.T.);
#1288=ORIENTED_EDGE('',*,*,#3331,.F.);
#1289=ORIENTED_EDGE('',*,*,#3330,.F.);
#1290=ORIENTED_EDGE('',*,*,#3383,.F.);
#1291=ORIENTED_EDGE('',*,*,#3384,.F.);
#1292=ORIENTED_EDGE('',*,*,#3385,.F.);
#1293=ORIENTED_EDGE('',*,*,#3322,.F.);
#1294=ORIENTED_EDGE('',*,*,#3321,.F.);
#1295=ORIENTED_EDGE('',*,*,#3320,.T.);
#1296=ORIENTED_EDGE('',*,*,#3386,.T.);
#1297=ORIENTED_EDGE('',*,*,#3387,.F.);
#1298=ORIENTED_EDGE('',*,*,#3388,.T.);
#1299=ORIENTED_EDGE('',*,*,#3336,.T.);
#1300=ORIENTED_EDGE('',*,*,#3335,.F.);
#1301=ORIENTED_EDGE('',*,*,#3389,.T.);
#1302=ORIENTED_EDGE('',*,*,#3353,.F.);
#1303=ORIENTED_EDGE('',*,*,#3378,.T.);
#1304=ORIENTED_EDGE('',*,*,#3350,.T.);
#1305=ORIENTED_EDGE('',*,*,#3372,.T.);
#1306=ORIENTED_EDGE('',*,*,#3361,.F.);
#1307=ORIENTED_EDGE('',*,*,#3379,.F.);
#1308=ORIENTED_EDGE('',*,*,#3389,.F.);
#1309=ORIENTED_EDGE('',*,*,#3334,.F.);
#1310=ORIENTED_EDGE('',*,*,#3390,.F.);
#1311=ORIENTED_EDGE('',*,*,#3354,.F.);
#1312=ORIENTED_EDGE('',*,*,#3390,.T.);
#1313=ORIENTED_EDGE('',*,*,#3333,.F.);
#1314=ORIENTED_EDGE('',*,*,#3391,.F.);
#1315=ORIENTED_EDGE('',*,*,#3345,.F.);
#1316=ORIENTED_EDGE('',*,*,#3373,.F.);
#1317=ORIENTED_EDGE('',*,*,#3341,.F.);
#1318=ORIENTED_EDGE('',*,*,#3382,.F.);
#1319=ORIENTED_EDGE('',*,*,#3363,.F.);
#1320=ORIENTED_EDGE('',*,*,#3391,.T.);
#1321=ORIENTED_EDGE('',*,*,#3332,.F.);
#1322=ORIENTED_EDGE('',*,*,#3392,.T.);
#1323=ORIENTED_EDGE('',*,*,#3393,.T.);
#1324=ORIENTED_EDGE('',*,*,#3394,.T.);
#1325=ORIENTED_EDGE('',*,*,#3395,.T.);
#1326=ORIENTED_EDGE('',*,*,#3396,.F.);
#1327=ORIENTED_EDGE('',*,*,#3397,.T.);
#1328=ORIENTED_EDGE('',*,*,#3398,.T.);
#1329=ORIENTED_EDGE('',*,*,#3393,.F.);
#1330=ORIENTED_EDGE('',*,*,#3399,.T.);
#1331=ORIENTED_EDGE('',*,*,#3400,.F.);
#1332=ORIENTED_EDGE('',*,*,#3401,.F.);
#1333=ORIENTED_EDGE('',*,*,#3395,.F.);
#1334=ORIENTED_EDGE('',*,*,#3402,.T.);
#1335=ORIENTED_EDGE('',*,*,#3400,.T.);
#1336=ORIENTED_EDGE('',*,*,#3403,.F.);
#1337=ORIENTED_EDGE('',*,*,#3404,.F.);
#1338=ORIENTED_EDGE('',*,*,#3398,.F.);
#1339=ORIENTED_EDGE('',*,*,#3405,.T.);
#1340=ORIENTED_EDGE('',*,*,#3406,.T.);
#1341=ORIENTED_EDGE('',*,*,#3407,.F.);
#1342=ORIENTED_EDGE('',*,*,#3403,.T.);
#1343=ORIENTED_EDGE('',*,*,#3399,.F.);
#1344=ORIENTED_EDGE('',*,*,#3394,.F.);
#1345=ORIENTED_EDGE('',*,*,#3401,.T.);
#1346=ORIENTED_EDGE('',*,*,#3402,.F.);
#1347=ORIENTED_EDGE('',*,*,#3408,.T.);
#1348=ORIENTED_EDGE('',*,*,#3409,.F.);
#1349=ORIENTED_EDGE('',*,*,#3410,.F.);
#1350=ORIENTED_EDGE('',*,*,#3396,.T.);
#1351=ORIENTED_EDGE('',*,*,#3392,.F.);
#1352=ORIENTED_EDGE('',*,*,#3411,.F.);
#1353=ORIENTED_EDGE('',*,*,#3412,.T.);
#1354=ORIENTED_EDGE('',*,*,#3385,.T.);
#1355=ORIENTED_EDGE('',*,*,#3409,.T.);
#1356=ORIENTED_EDGE('',*,*,#3413,.F.);
#1357=ORIENTED_EDGE('',*,*,#3414,.T.);
#1358=ORIENTED_EDGE('',*,*,#3415,.T.);
#1359=ORIENTED_EDGE('',*,*,#3304,.T.);
#1360=ORIENTED_EDGE('',*,*,#3416,.T.);
#1361=ORIENTED_EDGE('',*,*,#3417,.T.);
#1362=ORIENTED_EDGE('',*,*,#3413,.T.);
#1363=ORIENTED_EDGE('',*,*,#3303,.F.);
#1364=ORIENTED_EDGE('',*,*,#3418,.F.);
#1365=ORIENTED_EDGE('',*,*,#3419,.T.);
#1366=ORIENTED_EDGE('',*,*,#3411,.T.);
#1367=ORIENTED_EDGE('',*,*,#3408,.F.);
#1368=ORIENTED_EDGE('',*,*,#3404,.T.);
#1369=ORIENTED_EDGE('',*,*,#3407,.T.);
#1370=ORIENTED_EDGE('',*,*,#3302,.F.);
#1371=ORIENTED_EDGE('',*,*,#3420,.T.);
#1372=ORIENTED_EDGE('',*,*,#3421,.T.);
#1373=ORIENTED_EDGE('',*,*,#3418,.T.);
#1374=ORIENTED_EDGE('',*,*,#3422,.F.);
#1375=ORIENTED_EDGE('',*,*,#3423,.T.);
#1376=ORIENTED_EDGE('',*,*,#3424,.T.);
#1377=ORIENTED_EDGE('',*,*,#3425,.T.);
#1378=ORIENTED_EDGE('',*,*,#3326,.F.);
#1379=ORIENTED_EDGE('',*,*,#3426,.T.);
#1380=ORIENTED_EDGE('',*,*,#3427,.T.);
#1381=ORIENTED_EDGE('',*,*,#3428,.T.);
#1382=ORIENTED_EDGE('',*,*,#3328,.F.);
#1383=ORIENTED_EDGE('',*,*,#3429,.T.);
#1384=ORIENTED_EDGE('',*,*,#3430,.T.);
#1385=ORIENTED_EDGE('',*,*,#3431,.T.);
#1386=ORIENTED_EDGE('',*,*,#3324,.T.);
#1387=ORIENTED_EDGE('',*,*,#3432,.T.);
#1388=ORIENTED_EDGE('',*,*,#3383,.T.);
#1389=ORIENTED_EDGE('',*,*,#3433,.T.);
#1390=ORIENTED_EDGE('',*,*,#3416,.F.);
#1391=ORIENTED_EDGE('',*,*,#3406,.F.);
#1392=ORIENTED_EDGE('',*,*,#3410,.T.);
#1393=ORIENTED_EDGE('',*,*,#3384,.T.);
#1394=ORIENTED_EDGE('',*,*,#3405,.F.);
#1395=ORIENTED_EDGE('',*,*,#3397,.F.);
#1396=ORIENTED_EDGE('',*,*,#3434,.F.);
#1397=ORIENTED_EDGE('',*,*,#3435,.F.);
#1398=ORIENTED_EDGE('',*,*,#3436,.F.);
#1399=ORIENTED_EDGE('',*,*,#3437,.F.);
#1400=ORIENTED_EDGE('',*,*,#3438,.T.);
#1401=ORIENTED_EDGE('',*,*,#3437,.T.);
#1402=ORIENTED_EDGE('',*,*,#3439,.F.);
#1403=ORIENTED_EDGE('',*,*,#3440,.F.);
#1404=ORIENTED_EDGE('',*,*,#3441,.F.);
#1405=ORIENTED_EDGE('',*,*,#3435,.T.);
#1406=ORIENTED_EDGE('',*,*,#3442,.T.);
#1407=ORIENTED_EDGE('',*,*,#3443,.T.);
#1408=ORIENTED_EDGE('',*,*,#3444,.F.);
#1409=ORIENTED_EDGE('',*,*,#3445,.T.);
#1410=ORIENTED_EDGE('',*,*,#3446,.T.);
#1411=ORIENTED_EDGE('',*,*,#3443,.F.);
#1412=ORIENTED_EDGE('',*,*,#3439,.T.);
#1413=ORIENTED_EDGE('',*,*,#3436,.T.);
#1414=ORIENTED_EDGE('',*,*,#3441,.T.);
#1415=ORIENTED_EDGE('',*,*,#3446,.F.);
#1416=ORIENTED_EDGE('',*,*,#3447,.T.);
#1417=ORIENTED_EDGE('',*,*,#3448,.F.);
#1418=ORIENTED_EDGE('',*,*,#3449,.F.);
#1419=ORIENTED_EDGE('',*,*,#3442,.F.);
#1420=ORIENTED_EDGE('',*,*,#3434,.T.);
#1421=ORIENTED_EDGE('',*,*,#3438,.F.);
#1422=ORIENTED_EDGE('',*,*,#3450,.T.);
#1423=ORIENTED_EDGE('',*,*,#3451,.T.);
#1424=ORIENTED_EDGE('',*,*,#3452,.F.);
#1425=ORIENTED_EDGE('',*,*,#3444,.T.);
#1426=ORIENTED_EDGE('',*,*,#3386,.F.);
#1427=ORIENTED_EDGE('',*,*,#3453,.T.);
#1428=ORIENTED_EDGE('',*,*,#3454,.T.);
#1429=ORIENTED_EDGE('',*,*,#3451,.F.);
#1430=ORIENTED_EDGE('',*,*,#3455,.T.);
#1431=ORIENTED_EDGE('',*,*,#3456,.T.);
#1432=ORIENTED_EDGE('',*,*,#3457,.T.);
#1433=ORIENTED_EDGE('',*,*,#3308,.F.);
#1434=ORIENTED_EDGE('',*,*,#3457,.F.);
#1435=ORIENTED_EDGE('',*,*,#3458,.T.);
#1436=ORIENTED_EDGE('',*,*,#3459,.F.);
#1437=ORIENTED_EDGE('',*,*,#3447,.F.);
#1438=ORIENTED_EDGE('',*,*,#3445,.F.);
#1439=ORIENTED_EDGE('',*,*,#3452,.T.);
#1440=ORIENTED_EDGE('',*,*,#3454,.F.);
#1441=ORIENTED_EDGE('',*,*,#3460,.T.);
#1442=ORIENTED_EDGE('',*,*,#3461,.T.);
#1443=ORIENTED_EDGE('',*,*,#3309,.T.);
#1444=ORIENTED_EDGE('',*,*,#3462,.T.);
#1445=ORIENTED_EDGE('',*,*,#3463,.T.);
#1446=ORIENTED_EDGE('',*,*,#3310,.T.);
#1447=ORIENTED_EDGE('',*,*,#3461,.F.);
#1448=ORIENTED_EDGE('',*,*,#3464,.F.);
#1449=ORIENTED_EDGE('',*,*,#3465,.T.);
#1450=ORIENTED_EDGE('',*,*,#3466,.T.);
#1451=ORIENTED_EDGE('',*,*,#3467,.T.);
#1452=ORIENTED_EDGE('',*,*,#3316,.T.);
#1453=ORIENTED_EDGE('',*,*,#3468,.T.);
#1454=ORIENTED_EDGE('',*,*,#3338,.T.);
#1455=ORIENTED_EDGE('',*,*,#3469,.T.);
#1456=ORIENTED_EDGE('',*,*,#3470,.T.);
#1457=ORIENTED_EDGE('',*,*,#3471,.T.);
#1458=ORIENTED_EDGE('',*,*,#3318,.F.);
#1459=ORIENTED_EDGE('',*,*,#3472,.T.);
#1460=ORIENTED_EDGE('',*,*,#3473,.T.);
#1461=ORIENTED_EDGE('',*,*,#3474,.T.);
#1462=ORIENTED_EDGE('',*,*,#3459,.T.);
#1463=ORIENTED_EDGE('',*,*,#3475,.T.);
#1464=ORIENTED_EDGE('',*,*,#3388,.F.);
#1465=ORIENTED_EDGE('',*,*,#3448,.T.);
#1466=ORIENTED_EDGE('',*,*,#3449,.T.);
#1467=ORIENTED_EDGE('',*,*,#3387,.T.);
#1468=ORIENTED_EDGE('',*,*,#3450,.F.);
#1469=ORIENTED_EDGE('',*,*,#3440,.T.);
#1470=ORIENTED_EDGE('',*,*,#3476,.F.);
#1471=ORIENTED_EDGE('',*,*,#3368,.T.);
#1472=ORIENTED_EDGE('',*,*,#3477,.F.);
#1473=ORIENTED_EDGE('',*,*,#3476,.T.);
#1474=ORIENTED_EDGE('',*,*,#3478,.F.);
#1475=ORIENTED_EDGE('',*,*,#3369,.T.);
#1476=ORIENTED_EDGE('',*,*,#3479,.F.);
#1477=ORIENTED_EDGE('',*,*,#3478,.T.);
#1478=ORIENTED_EDGE('',*,*,#3480,.F.);
#1479=ORIENTED_EDGE('',*,*,#3371,.T.);
#1480=ORIENTED_EDGE('',*,*,#3381,.T.);
#1481=ORIENTED_EDGE('',*,*,#3480,.T.);
#1482=ORIENTED_EDGE('',*,*,#3481,.F.);
#1483=ORIENTED_EDGE('',*,*,#3370,.T.);
#1484=ORIENTED_EDGE('',*,*,#3380,.T.);
#1485=ORIENTED_EDGE('',*,*,#3481,.T.);
#1486=ORIENTED_EDGE('',*,*,#3482,.T.);
#1487=ORIENTED_EDGE('',*,*,#3482,.F.);
#1488=ORIENTED_EDGE('',*,*,#3477,.T.);
#1489=ORIENTED_EDGE('',*,*,#3483,.T.);
#1490=ORIENTED_EDGE('',*,*,#3483,.F.);
#1491=ORIENTED_EDGE('',*,*,#3479,.T.);
#1492=ORIENTED_EDGE('',*,*,#3484,.T.);
#1493=ORIENTED_EDGE('',*,*,#3315,.T.);
#1494=ORIENTED_EDGE('',*,*,#3485,.T.);
#1495=ORIENTED_EDGE('',*,*,#3486,.F.);
#1496=ORIENTED_EDGE('',*,*,#3487,.T.);
#1497=ORIENTED_EDGE('',*,*,#3313,.T.);
#1498=ORIENTED_EDGE('',*,*,#3488,.T.);
#1499=ORIENTED_EDGE('',*,*,#3489,.F.);
#1500=ORIENTED_EDGE('',*,*,#3490,.T.);
#1501=ORIENTED_EDGE('',*,*,#3491,.T.);
#1502=ORIENTED_EDGE('',*,*,#3486,.T.);
#1503=ORIENTED_EDGE('',*,*,#3492,.T.);
#1504=ORIENTED_EDGE('',*,*,#3493,.T.);
#1505=ORIENTED_EDGE('',*,*,#3489,.T.);
#1506=ORIENTED_EDGE('',*,*,#3339,.F.);
#1507=ORIENTED_EDGE('',*,*,#3471,.F.);
#1508=ORIENTED_EDGE('',*,*,#3494,.F.);
#1509=ORIENTED_EDGE('',*,*,#3468,.F.);
#1510=ORIENTED_EDGE('',*,*,#3494,.T.);
#1511=ORIENTED_EDGE('',*,*,#3470,.F.);
#1512=ORIENTED_EDGE('',*,*,#3495,.F.);
#1513=ORIENTED_EDGE('',*,*,#3455,.F.);
#1514=ORIENTED_EDGE('',*,*,#3307,.F.);
#1515=ORIENTED_EDGE('',*,*,#3496,.F.);
#1516=ORIENTED_EDGE('',*,*,#3337,.F.);
#1517=ORIENTED_EDGE('',*,*,#3475,.F.);
#1518=ORIENTED_EDGE('',*,*,#3458,.F.);
#1519=ORIENTED_EDGE('',*,*,#3456,.F.);
#1520=ORIENTED_EDGE('',*,*,#3495,.T.);
#1521=ORIENTED_EDGE('',*,*,#3469,.F.);
#1522=ORIENTED_EDGE('',*,*,#3319,.F.);
#1523=ORIENTED_EDGE('',*,*,#3474,.F.);
#1524=ORIENTED_EDGE('',*,*,#3497,.F.);
#1525=ORIENTED_EDGE('',*,*,#3462,.F.);
#1526=ORIENTED_EDGE('',*,*,#3460,.F.);
#1527=ORIENTED_EDGE('',*,*,#3453,.F.);
#1528=ORIENTED_EDGE('',*,*,#3497,.T.);
#1529=ORIENTED_EDGE('',*,*,#3473,.F.);
#1530=ORIENTED_EDGE('',*,*,#3498,.F.);
#1531=ORIENTED_EDGE('',*,*,#3499,.F.);
#1532=ORIENTED_EDGE('',*,*,#3311,.F.);
#1533=ORIENTED_EDGE('',*,*,#3463,.F.);
#1534=ORIENTED_EDGE('',*,*,#3498,.T.);
#1535=ORIENTED_EDGE('',*,*,#3472,.F.);
#1536=ORIENTED_EDGE('',*,*,#3317,.F.);
#1537=ORIENTED_EDGE('',*,*,#3467,.F.);
#1538=ORIENTED_EDGE('',*,*,#3327,.F.);
#1539=ORIENTED_EDGE('',*,*,#3425,.F.);
#1540=ORIENTED_EDGE('',*,*,#3500,.F.);
#1541=ORIENTED_EDGE('',*,*,#3429,.F.);
#1542=ORIENTED_EDGE('',*,*,#3305,.F.);
#1543=ORIENTED_EDGE('',*,*,#3415,.F.);
#1544=ORIENTED_EDGE('',*,*,#3501,.F.);
#1545=ORIENTED_EDGE('',*,*,#3427,.F.);
#1546=ORIENTED_EDGE('',*,*,#3500,.T.);
#1547=ORIENTED_EDGE('',*,*,#3502,.F.);
#1548=ORIENTED_EDGE('',*,*,#3329,.F.);
#1549=ORIENTED_EDGE('',*,*,#3428,.F.);
#1550=ORIENTED_EDGE('',*,*,#3501,.T.);
#1551=ORIENTED_EDGE('',*,*,#3414,.F.);
#1552=ORIENTED_EDGE('',*,*,#3417,.F.);
#1553=ORIENTED_EDGE('',*,*,#3433,.F.);
#1554=ORIENTED_EDGE('',*,*,#3419,.F.);
#1555=ORIENTED_EDGE('',*,*,#3421,.F.);
#1556=ORIENTED_EDGE('',*,*,#3503,.F.);
#1557=ORIENTED_EDGE('',*,*,#3432,.F.);
#1558=ORIENTED_EDGE('',*,*,#3323,.F.);
#1559=ORIENTED_EDGE('',*,*,#3412,.F.);
#1560=ORIENTED_EDGE('',*,*,#3301,.F.);
#1561=ORIENTED_EDGE('',*,*,#3504,.F.);
#1562=ORIENTED_EDGE('',*,*,#3505,.F.);
#1563=ORIENTED_EDGE('',*,*,#3430,.F.);
#1564=ORIENTED_EDGE('',*,*,#3503,.T.);
#1565=ORIENTED_EDGE('',*,*,#3420,.F.);
#1566=ORIENTED_EDGE('',*,*,#3505,.T.);
#1567=ORIENTED_EDGE('',*,*,#3426,.F.);
#1568=ORIENTED_EDGE('',*,*,#3325,.F.);
#1569=ORIENTED_EDGE('',*,*,#3431,.F.);
#1570=ORIENTED_EDGE('',*,*,#3493,.F.);
#1571=ORIENTED_EDGE('',*,*,#3492,.F.);
#1572=ORIENTED_EDGE('',*,*,#3491,.F.);
#1573=ORIENTED_EDGE('',*,*,#3490,.F.);
#1574=ORIENTED_EDGE('',*,*,#3484,.F.);
#1575=ORIENTED_EDGE('',*,*,#3485,.F.);
#1576=ORIENTED_EDGE('',*,*,#3487,.F.);
#1577=ORIENTED_EDGE('',*,*,#3488,.F.);
#1578=ORIENTED_EDGE('',*,*,#3506,.F.);
#1579=ORIENTED_EDGE('',*,*,#3507,.T.);
#1580=ORIENTED_EDGE('',*,*,#3464,.T.);
#1581=ORIENTED_EDGE('',*,*,#3496,.T.);
#1582=ORIENTED_EDGE('',*,*,#3508,.F.);
#1583=ORIENTED_EDGE('',*,*,#3466,.F.);
#1584=ORIENTED_EDGE('',*,*,#3509,.T.);
#1585=ORIENTED_EDGE('',*,*,#3510,.T.);
#1586=ORIENTED_EDGE('',*,*,#3511,.T.);
#1587=ORIENTED_EDGE('',*,*,#3499,.T.);
#1588=ORIENTED_EDGE('',*,*,#3512,.T.);
#1589=ORIENTED_EDGE('',*,*,#3513,.T.);
#1590=ORIENTED_EDGE('',*,*,#3514,.F.);
#1591=ORIENTED_EDGE('',*,*,#3515,.T.);
#1592=ORIENTED_EDGE('',*,*,#3424,.F.);
#1593=ORIENTED_EDGE('',*,*,#3516,.T.);
#1594=ORIENTED_EDGE('',*,*,#3517,.F.);
#1595=ORIENTED_EDGE('',*,*,#3518,.T.);
#1596=ORIENTED_EDGE('',*,*,#3502,.T.);
#1597=ORIENTED_EDGE('',*,*,#3519,.T.);
#1598=ORIENTED_EDGE('',*,*,#3520,.T.);
#1599=ORIENTED_EDGE('',*,*,#3422,.T.);
#1600=ORIENTED_EDGE('',*,*,#3504,.T.);
#1601=ORIENTED_EDGE('',*,*,#3521,.F.);
#1602=ORIENTED_EDGE('',*,*,#3522,.T.);
#1603=ORIENTED_EDGE('',*,*,#3523,.T.);
#1604=ORIENTED_EDGE('',*,*,#3524,.T.);
#1605=ORIENTED_EDGE('',*,*,#3525,.T.);
#1606=ORIENTED_EDGE('',*,*,#3306,.T.);
#1607=ORIENTED_EDGE('',*,*,#3511,.F.);
#1608=ORIENTED_EDGE('',*,*,#3526,.F.);
#1609=ORIENTED_EDGE('',*,*,#3508,.T.);
#1610=ORIENTED_EDGE('',*,*,#3514,.T.);
#1611=ORIENTED_EDGE('',*,*,#3527,.T.);
#1612=ORIENTED_EDGE('',*,*,#3506,.T.);
#1613=ORIENTED_EDGE('',*,*,#3526,.T.);
#1614=ORIENTED_EDGE('',*,*,#3510,.F.);
#1615=ORIENTED_EDGE('',*,*,#3528,.T.);
#1616=ORIENTED_EDGE('',*,*,#3300,.T.);
#1617=ORIENTED_EDGE('',*,*,#3518,.F.);
#1618=ORIENTED_EDGE('',*,*,#3529,.F.);
#1619=ORIENTED_EDGE('',*,*,#3521,.T.);
#1620=ORIENTED_EDGE('',*,*,#3517,.T.);
#1621=ORIENTED_EDGE('',*,*,#3530,.T.);
#1622=ORIENTED_EDGE('',*,*,#3522,.F.);
#1623=ORIENTED_EDGE('',*,*,#3531,.T.);
#1624=ORIENTED_EDGE('',*,*,#3519,.F.);
#1625=ORIENTED_EDGE('',*,*,#3529,.T.);
#1626=ORIENTED_EDGE('',*,*,#3528,.F.);
#1627=ORIENTED_EDGE('',*,*,#3509,.F.);
#1628=ORIENTED_EDGE('',*,*,#3532,.F.);
#1629=ORIENTED_EDGE('',*,*,#3515,.F.);
#1630=ORIENTED_EDGE('',*,*,#3532,.T.);
#1631=ORIENTED_EDGE('',*,*,#3465,.F.);
#1632=ORIENTED_EDGE('',*,*,#3533,.F.);
#1633=ORIENTED_EDGE('',*,*,#3512,.F.);
#1634=ORIENTED_EDGE('',*,*,#3533,.T.);
#1635=ORIENTED_EDGE('',*,*,#3507,.F.);
#1636=ORIENTED_EDGE('',*,*,#3527,.F.);
#1637=ORIENTED_EDGE('',*,*,#3513,.F.);
#1638=ORIENTED_EDGE('',*,*,#3531,.F.);
#1639=ORIENTED_EDGE('',*,*,#3525,.F.);
#1640=ORIENTED_EDGE('',*,*,#3534,.F.);
#1641=ORIENTED_EDGE('',*,*,#3520,.F.);
#1642=ORIENTED_EDGE('',*,*,#3534,.T.);
#1643=ORIENTED_EDGE('',*,*,#3524,.F.);
#1644=ORIENTED_EDGE('',*,*,#3535,.F.);
#1645=ORIENTED_EDGE('',*,*,#3423,.F.);
#1646=ORIENTED_EDGE('',*,*,#3530,.F.);
#1647=ORIENTED_EDGE('',*,*,#3516,.F.);
#1648=ORIENTED_EDGE('',*,*,#3535,.T.);
#1649=ORIENTED_EDGE('',*,*,#3523,.F.);
#1650=ORIENTED_EDGE('',*,*,#3536,.T.);
#1651=ORIENTED_EDGE('',*,*,#3537,.F.);
#1652=ORIENTED_EDGE('',*,*,#3538,.F.);
#1653=ORIENTED_EDGE('',*,*,#3539,.T.);
#1654=ORIENTED_EDGE('',*,*,#3540,.F.);
#1655=ORIENTED_EDGE('',*,*,#3539,.F.);
#1656=ORIENTED_EDGE('',*,*,#3541,.T.);
#1657=ORIENTED_EDGE('',*,*,#3542,.T.);
#1658=ORIENTED_EDGE('',*,*,#3543,.F.);
#1659=ORIENTED_EDGE('',*,*,#3542,.F.);
#1660=ORIENTED_EDGE('',*,*,#3544,.T.);
#1661=ORIENTED_EDGE('',*,*,#3545,.T.);
#1662=ORIENTED_EDGE('',*,*,#3546,.T.);
#1663=ORIENTED_EDGE('',*,*,#3545,.F.);
#1664=ORIENTED_EDGE('',*,*,#3547,.F.);
#1665=ORIENTED_EDGE('',*,*,#3537,.T.);
#1666=ORIENTED_EDGE('',*,*,#3548,.T.);
#1667=ORIENTED_EDGE('',*,*,#3538,.T.);
#1668=ORIENTED_EDGE('',*,*,#3547,.T.);
#1669=ORIENTED_EDGE('',*,*,#3544,.F.);
#1670=ORIENTED_EDGE('',*,*,#3541,.F.);
#1671=ORIENTED_EDGE('',*,*,#3536,.F.);
#1672=ORIENTED_EDGE('',*,*,#3540,.T.);
#1673=ORIENTED_EDGE('',*,*,#3543,.T.);
#1674=ORIENTED_EDGE('',*,*,#3546,.F.);
#1675=ORIENTED_EDGE('',*,*,#3549,.T.);
#1676=ORIENTED_EDGE('',*,*,#3548,.F.);
#1677=ORIENTED_EDGE('',*,*,#3549,.F.);
#1678=ORIENTED_EDGE('',*,*,#3550,.F.);
#1679=ORIENTED_EDGE('',*,*,#3551,.F.);
#1680=ORIENTED_EDGE('',*,*,#3552,.F.);
#1681=ORIENTED_EDGE('',*,*,#3553,.F.);
#1682=ORIENTED_EDGE('',*,*,#3550,.T.);
#1683=ORIENTED_EDGE('',*,*,#3552,.T.);
#1684=ORIENTED_EDGE('',*,*,#3553,.T.);
#1685=ORIENTED_EDGE('',*,*,#3551,.T.);
#1686=ORIENTED_EDGE('',*,*,#3554,.T.);
#1687=ORIENTED_EDGE('',*,*,#3555,.F.);
#1688=ORIENTED_EDGE('',*,*,#3556,.F.);
#1689=ORIENTED_EDGE('',*,*,#3557,.T.);
#1690=ORIENTED_EDGE('',*,*,#3558,.F.);
#1691=ORIENTED_EDGE('',*,*,#3557,.F.);
#1692=ORIENTED_EDGE('',*,*,#3559,.T.);
#1693=ORIENTED_EDGE('',*,*,#3560,.T.);
#1694=ORIENTED_EDGE('',*,*,#3561,.F.);
#1695=ORIENTED_EDGE('',*,*,#3560,.F.);
#1696=ORIENTED_EDGE('',*,*,#3562,.T.);
#1697=ORIENTED_EDGE('',*,*,#3563,.T.);
#1698=ORIENTED_EDGE('',*,*,#3564,.T.);
#1699=ORIENTED_EDGE('',*,*,#3563,.F.);
#1700=ORIENTED_EDGE('',*,*,#3565,.F.);
#1701=ORIENTED_EDGE('',*,*,#3555,.T.);
#1702=ORIENTED_EDGE('',*,*,#3566,.T.);
#1703=ORIENTED_EDGE('',*,*,#3556,.T.);
#1704=ORIENTED_EDGE('',*,*,#3565,.T.);
#1705=ORIENTED_EDGE('',*,*,#3562,.F.);
#1706=ORIENTED_EDGE('',*,*,#3559,.F.);
#1707=ORIENTED_EDGE('',*,*,#3554,.F.);
#1708=ORIENTED_EDGE('',*,*,#3558,.T.);
#1709=ORIENTED_EDGE('',*,*,#3561,.T.);
#1710=ORIENTED_EDGE('',*,*,#3564,.F.);
#1711=ORIENTED_EDGE('',*,*,#3567,.T.);
#1712=ORIENTED_EDGE('',*,*,#3566,.F.);
#1713=ORIENTED_EDGE('',*,*,#3567,.F.);
#1714=ORIENTED_EDGE('',*,*,#3568,.F.);
#1715=ORIENTED_EDGE('',*,*,#3569,.F.);
#1716=ORIENTED_EDGE('',*,*,#3570,.T.);
#1717=ORIENTED_EDGE('',*,*,#3571,.T.);
#1718=ORIENTED_EDGE('',*,*,#3572,.T.);
#1719=ORIENTED_EDGE('',*,*,#3573,.F.);
#1720=ORIENTED_EDGE('',*,*,#3574,.F.);
#1721=ORIENTED_EDGE('',*,*,#3569,.T.);
#1722=ORIENTED_EDGE('',*,*,#3575,.T.);
#1723=ORIENTED_EDGE('',*,*,#3576,.F.);
#1724=ORIENTED_EDGE('',*,*,#3577,.F.);
#1725=ORIENTED_EDGE('',*,*,#3573,.T.);
#1726=ORIENTED_EDGE('',*,*,#3578,.F.);
#1727=ORIENTED_EDGE('',*,*,#3571,.F.);
#1728=ORIENTED_EDGE('',*,*,#3579,.T.);
#1729=ORIENTED_EDGE('',*,*,#3576,.T.);
#1730=ORIENTED_EDGE('',*,*,#3580,.F.);
#1731=ORIENTED_EDGE('',*,*,#3570,.F.);
#1732=ORIENTED_EDGE('',*,*,#3574,.T.);
#1733=ORIENTED_EDGE('',*,*,#3577,.T.);
#1734=ORIENTED_EDGE('',*,*,#3579,.F.);
#1735=ORIENTED_EDGE('',*,*,#3568,.T.);
#1736=ORIENTED_EDGE('',*,*,#3578,.T.);
#1737=ORIENTED_EDGE('',*,*,#3575,.F.);
#1738=ORIENTED_EDGE('',*,*,#3572,.F.);
#1739=ORIENTED_EDGE('',*,*,#3581,.F.);
#1740=ORIENTED_EDGE('',*,*,#3580,.T.);
#1741=ORIENTED_EDGE('',*,*,#3581,.T.);
#1742=ORIENTED_EDGE('',*,*,#3582,.T.);
#1743=ORIENTED_EDGE('',*,*,#3583,.T.);
#1744=ORIENTED_EDGE('',*,*,#3584,.T.);
#1745=ORIENTED_EDGE('',*,*,#3585,.F.);
#1746=ORIENTED_EDGE('',*,*,#3586,.T.);
#1747=ORIENTED_EDGE('',*,*,#3587,.T.);
#1748=ORIENTED_EDGE('',*,*,#3588,.T.);
#1749=ORIENTED_EDGE('',*,*,#3589,.T.);
#1750=ORIENTED_EDGE('',*,*,#3590,.T.);
#1751=ORIENTED_EDGE('',*,*,#3591,.T.);
#1752=ORIENTED_EDGE('',*,*,#3592,.T.);
#1753=ORIENTED_EDGE('',*,*,#3593,.F.);
#1754=ORIENTED_EDGE('',*,*,#3594,.T.);
#1755=ORIENTED_EDGE('',*,*,#3595,.T.);
#1756=ORIENTED_EDGE('',*,*,#3596,.T.);
#1757=ORIENTED_EDGE('',*,*,#3597,.T.);
#1758=ORIENTED_EDGE('',*,*,#3598,.T.);
#1759=ORIENTED_EDGE('',*,*,#3599,.T.);
#1760=ORIENTED_EDGE('',*,*,#3600,.T.);
#1761=ORIENTED_EDGE('',*,*,#3601,.F.);
#1762=ORIENTED_EDGE('',*,*,#3602,.T.);
#1763=ORIENTED_EDGE('',*,*,#3603,.T.);
#1764=ORIENTED_EDGE('',*,*,#3604,.T.);
#1765=ORIENTED_EDGE('',*,*,#3605,.T.);
#1766=ORIENTED_EDGE('',*,*,#3606,.T.);
#1767=ORIENTED_EDGE('',*,*,#3607,.T.);
#1768=ORIENTED_EDGE('',*,*,#3608,.T.);
#1769=ORIENTED_EDGE('',*,*,#3609,.F.);
#1770=ORIENTED_EDGE('',*,*,#3610,.T.);
#1771=ORIENTED_EDGE('',*,*,#3611,.T.);
#1772=ORIENTED_EDGE('',*,*,#3612,.T.);
#1773=ORIENTED_EDGE('',*,*,#3613,.T.);
#1774=ORIENTED_EDGE('',*,*,#3614,.T.);
#1775=ORIENTED_EDGE('',*,*,#3615,.T.);
#1776=ORIENTED_EDGE('',*,*,#3616,.T.);
#1777=ORIENTED_EDGE('',*,*,#3617,.F.);
#1778=ORIENTED_EDGE('',*,*,#3618,.T.);
#1779=ORIENTED_EDGE('',*,*,#3619,.T.);
#1780=ORIENTED_EDGE('',*,*,#3620,.T.);
#1781=ORIENTED_EDGE('',*,*,#3621,.T.);
#1782=ORIENTED_EDGE('',*,*,#3622,.F.);
#1783=ORIENTED_EDGE('',*,*,#3623,.T.);
#1784=ORIENTED_EDGE('',*,*,#3607,.F.);
#1785=ORIENTED_EDGE('',*,*,#3624,.T.);
#1786=ORIENTED_EDGE('',*,*,#3625,.F.);
#1787=ORIENTED_EDGE('',*,*,#3626,.T.);
#1788=ORIENTED_EDGE('',*,*,#3627,.T.);
#1789=ORIENTED_EDGE('',*,*,#3599,.F.);
#1790=ORIENTED_EDGE('',*,*,#3628,.T.);
#1791=ORIENTED_EDGE('',*,*,#3629,.F.);
#1792=ORIENTED_EDGE('',*,*,#3630,.T.);
#1793=ORIENTED_EDGE('',*,*,#3591,.F.);
#1794=ORIENTED_EDGE('',*,*,#3631,.T.);
#1795=ORIENTED_EDGE('',*,*,#3632,.F.);
#1796=ORIENTED_EDGE('',*,*,#3633,.T.);
#1797=ORIENTED_EDGE('',*,*,#3583,.F.);
#1798=ORIENTED_EDGE('',*,*,#3634,.T.);
#1799=ORIENTED_EDGE('',*,*,#3635,.F.);
#1800=ORIENTED_EDGE('',*,*,#3636,.T.);
#1801=ORIENTED_EDGE('',*,*,#3615,.F.);
#1802=ORIENTED_EDGE('',*,*,#3637,.T.);
#1803=ORIENTED_EDGE('',*,*,#3638,.T.);
#1804=ORIENTED_EDGE('',*,*,#3639,.T.);
#1805=ORIENTED_EDGE('',*,*,#3640,.F.);
#1806=ORIENTED_EDGE('',*,*,#3641,.F.);
#1807=ORIENTED_EDGE('',*,*,#3642,.T.);
#1808=ORIENTED_EDGE('',*,*,#3643,.F.);
#1809=ORIENTED_EDGE('',*,*,#3644,.F.);
#1810=ORIENTED_EDGE('',*,*,#3645,.T.);
#1811=ORIENTED_EDGE('',*,*,#3640,.T.);
#1812=ORIENTED_EDGE('',*,*,#3646,.F.);
#1813=ORIENTED_EDGE('',*,*,#3647,.F.);
#1814=ORIENTED_EDGE('',*,*,#3648,.T.);
#1815=ORIENTED_EDGE('',*,*,#3644,.T.);
#1816=ORIENTED_EDGE('',*,*,#3649,.F.);
#1817=ORIENTED_EDGE('',*,*,#3642,.F.);
#1818=ORIENTED_EDGE('',*,*,#3650,.T.);
#1819=ORIENTED_EDGE('',*,*,#3647,.T.);
#1820=ORIENTED_EDGE('',*,*,#3641,.T.);
#1821=ORIENTED_EDGE('',*,*,#3645,.F.);
#1822=ORIENTED_EDGE('',*,*,#3648,.F.);
#1823=ORIENTED_EDGE('',*,*,#3650,.F.);
#1824=ORIENTED_EDGE('',*,*,#3622,.T.);
#1825=ORIENTED_EDGE('',*,*,#3639,.F.);
#1826=ORIENTED_EDGE('',*,*,#3649,.T.);
#1827=ORIENTED_EDGE('',*,*,#3646,.T.);
#1828=ORIENTED_EDGE('',*,*,#3643,.T.);
#1829=ORIENTED_EDGE('',*,*,#3585,.T.);
#1830=ORIENTED_EDGE('',*,*,#3651,.T.);
#1831=ORIENTED_EDGE('',*,*,#3652,.F.);
#1832=ORIENTED_EDGE('',*,*,#3653,.T.);
#1833=ORIENTED_EDGE('',*,*,#3589,.F.);
#1834=ORIENTED_EDGE('',*,*,#3654,.T.);
#1835=ORIENTED_EDGE('',*,*,#3655,.T.);
#1836=ORIENTED_EDGE('',*,*,#3656,.T.);
#1837=ORIENTED_EDGE('',*,*,#3657,.T.);
#1838=ORIENTED_EDGE('',*,*,#3658,.T.);
#1839=ORIENTED_EDGE('',*,*,#3587,.F.);
#1840=ORIENTED_EDGE('',*,*,#3659,.T.);
#1841=ORIENTED_EDGE('',*,*,#3588,.F.);
#1842=ORIENTED_EDGE('',*,*,#3658,.F.);
#1843=ORIENTED_EDGE('',*,*,#3660,.F.);
#1844=ORIENTED_EDGE('',*,*,#3654,.F.);
#1845=ORIENTED_EDGE('',*,*,#3590,.F.);
#1846=ORIENTED_EDGE('',*,*,#3656,.F.);
#1847=ORIENTED_EDGE('',*,*,#3661,.F.);
#1848=ORIENTED_EDGE('',*,*,#3631,.F.);
#1849=ORIENTED_EDGE('',*,*,#3584,.F.);
#1850=ORIENTED_EDGE('',*,*,#3633,.F.);
#1851=ORIENTED_EDGE('',*,*,#3662,.F.);
#1852=ORIENTED_EDGE('',*,*,#3651,.F.);
#1853=ORIENTED_EDGE('',*,*,#3586,.F.);
#1854=ORIENTED_EDGE('',*,*,#3653,.F.);
#1855=ORIENTED_EDGE('',*,*,#3663,.F.);
#1856=ORIENTED_EDGE('',*,*,#3659,.F.);
#1857=ORIENTED_EDGE('',*,*,#3655,.F.);
#1858=ORIENTED_EDGE('',*,*,#3660,.T.);
#1859=ORIENTED_EDGE('',*,*,#3664,.T.);
#1860=ORIENTED_EDGE('',*,*,#3665,.T.);
#1861=ORIENTED_EDGE('',*,*,#3666,.T.);
#1862=ORIENTED_EDGE('',*,*,#3667,.T.);
#1863=ORIENTED_EDGE('',*,*,#3668,.T.);
#1864=ORIENTED_EDGE('',*,*,#3661,.T.);
#1865=ORIENTED_EDGE('',*,*,#3652,.T.);
#1866=ORIENTED_EDGE('',*,*,#3662,.T.);
#1867=ORIENTED_EDGE('',*,*,#3669,.T.);
#1868=ORIENTED_EDGE('',*,*,#3670,.T.);
#1869=ORIENTED_EDGE('',*,*,#3671,.F.);
#1870=ORIENTED_EDGE('',*,*,#3672,.T.);
#1871=ORIENTED_EDGE('',*,*,#3673,.T.);
#1872=ORIENTED_EDGE('',*,*,#3663,.T.);
#1873=ORIENTED_EDGE('',*,*,#3617,.T.);
#1874=ORIENTED_EDGE('',*,*,#3674,.T.);
#1875=ORIENTED_EDGE('',*,*,#3675,.F.);
#1876=ORIENTED_EDGE('',*,*,#3676,.T.);
#1877=ORIENTED_EDGE('',*,*,#3621,.F.);
#1878=ORIENTED_EDGE('',*,*,#3677,.T.);
#1879=ORIENTED_EDGE('',*,*,#3671,.T.);
#1880=ORIENTED_EDGE('',*,*,#3678,.T.);
#1881=ORIENTED_EDGE('',*,*,#3679,.T.);
#1882=ORIENTED_EDGE('',*,*,#3680,.T.);
#1883=ORIENTED_EDGE('',*,*,#3619,.F.);
#1884=ORIENTED_EDGE('',*,*,#3681,.T.);
#1885=ORIENTED_EDGE('',*,*,#3620,.F.);
#1886=ORIENTED_EDGE('',*,*,#3680,.F.);
#1887=ORIENTED_EDGE('',*,*,#3672,.F.);
#1888=ORIENTED_EDGE('',*,*,#3677,.F.);
#1889=ORIENTED_EDGE('',*,*,#3582,.F.);
#1890=ORIENTED_EDGE('',*,*,#3678,.F.);
#1891=ORIENTED_EDGE('',*,*,#3670,.F.);
#1892=ORIENTED_EDGE('',*,*,#3634,.F.);
#1893=ORIENTED_EDGE('',*,*,#3616,.F.);
#1894=ORIENTED_EDGE('',*,*,#3636,.F.);
#1895=ORIENTED_EDGE('',*,*,#3682,.F.);
#1896=ORIENTED_EDGE('',*,*,#3674,.F.);
#1897=ORIENTED_EDGE('',*,*,#3618,.F.);
#1898=ORIENTED_EDGE('',*,*,#3676,.F.);
#1899=ORIENTED_EDGE('',*,*,#3683,.F.);
#1900=ORIENTED_EDGE('',*,*,#3681,.F.);
#1901=ORIENTED_EDGE('',*,*,#3675,.T.);
#1902=ORIENTED_EDGE('',*,*,#3682,.T.);
#1903=ORIENTED_EDGE('',*,*,#3684,.T.);
#1904=ORIENTED_EDGE('',*,*,#3685,.T.);
#1905=ORIENTED_EDGE('',*,*,#3686,.F.);
#1906=ORIENTED_EDGE('',*,*,#3687,.T.);
#1907=ORIENTED_EDGE('',*,*,#3688,.T.);
#1908=ORIENTED_EDGE('',*,*,#3683,.T.);
#1909=ORIENTED_EDGE('',*,*,#3666,.F.);
#1910=ORIENTED_EDGE('',*,*,#3689,.T.);
#1911=ORIENTED_EDGE('',*,*,#3593,.T.);
#1912=ORIENTED_EDGE('',*,*,#3690,.T.);
#1913=ORIENTED_EDGE('',*,*,#3597,.F.);
#1914=ORIENTED_EDGE('',*,*,#3691,.T.);
#1915=ORIENTED_EDGE('',*,*,#3692,.T.);
#1916=ORIENTED_EDGE('',*,*,#3693,.T.);
#1917=ORIENTED_EDGE('',*,*,#3595,.F.);
#1918=ORIENTED_EDGE('',*,*,#3694,.T.);
#1919=ORIENTED_EDGE('',*,*,#3695,.T.);
#1920=ORIENTED_EDGE('',*,*,#3696,.T.);
#1921=ORIENTED_EDGE('',*,*,#3594,.F.);
#1922=ORIENTED_EDGE('',*,*,#3689,.F.);
#1923=ORIENTED_EDGE('',*,*,#3665,.F.);
#1924=ORIENTED_EDGE('',*,*,#3694,.F.);
#1925=ORIENTED_EDGE('',*,*,#3596,.F.);
#1926=ORIENTED_EDGE('',*,*,#3696,.F.);
#1927=ORIENTED_EDGE('',*,*,#3697,.F.);
#1928=ORIENTED_EDGE('',*,*,#3691,.F.);
#1929=ORIENTED_EDGE('',*,*,#3598,.F.);
#1930=ORIENTED_EDGE('',*,*,#3693,.F.);
#1931=ORIENTED_EDGE('',*,*,#3698,.F.);
#1932=ORIENTED_EDGE('',*,*,#3628,.F.);
#1933=ORIENTED_EDGE('',*,*,#3592,.F.);
#1934=ORIENTED_EDGE('',*,*,#3630,.F.);
#1935=ORIENTED_EDGE('',*,*,#3667,.F.);
#1936=ORIENTED_EDGE('',*,*,#3690,.F.);
#1937=ORIENTED_EDGE('',*,*,#3692,.F.);
#1938=ORIENTED_EDGE('',*,*,#3697,.T.);
#1939=ORIENTED_EDGE('',*,*,#3699,.T.);
#1940=ORIENTED_EDGE('',*,*,#3700,.T.);
#1941=ORIENTED_EDGE('',*,*,#3701,.T.);
#1942=ORIENTED_EDGE('',*,*,#3698,.T.);
#1943=ORIENTED_EDGE('',*,*,#3601,.T.);
#1944=ORIENTED_EDGE('',*,*,#3702,.T.);
#1945=ORIENTED_EDGE('',*,*,#3703,.T.);
#1946=ORIENTED_EDGE('',*,*,#3704,.T.);
#1947=ORIENTED_EDGE('',*,*,#3705,.T.);
#1948=ORIENTED_EDGE('',*,*,#3706,.T.);
#1949=ORIENTED_EDGE('',*,*,#3605,.F.);
#1950=ORIENTED_EDGE('',*,*,#3707,.T.);
#1951=ORIENTED_EDGE('',*,*,#3708,.T.);
#1952=ORIENTED_EDGE('',*,*,#3709,.T.);
#1953=ORIENTED_EDGE('',*,*,#3603,.F.);
#1954=ORIENTED_EDGE('',*,*,#3710,.T.);
#1955=ORIENTED_EDGE('',*,*,#3711,.T.);
#1956=ORIENTED_EDGE('',*,*,#3602,.F.);
#1957=ORIENTED_EDGE('',*,*,#3704,.F.);
#1958=ORIENTED_EDGE('',*,*,#3712,.F.);
#1959=ORIENTED_EDGE('',*,*,#3710,.F.);
#1960=ORIENTED_EDGE('',*,*,#3600,.F.);
#1961=ORIENTED_EDGE('',*,*,#3627,.F.);
#1962=ORIENTED_EDGE('',*,*,#3713,.F.);
#1963=ORIENTED_EDGE('',*,*,#3702,.F.);
#1964=ORIENTED_EDGE('',*,*,#3712,.T.);
#1965=ORIENTED_EDGE('',*,*,#3703,.F.);
#1966=ORIENTED_EDGE('',*,*,#3713,.T.);
#1967=ORIENTED_EDGE('',*,*,#3626,.F.);
#1968=ORIENTED_EDGE('',*,*,#3700,.F.);
#1969=ORIENTED_EDGE('',*,*,#3711,.F.);
#1970=ORIENTED_EDGE('',*,*,#3606,.F.);
#1971=ORIENTED_EDGE('',*,*,#3706,.F.);
#1972=ORIENTED_EDGE('',*,*,#3714,.F.);
#1973=ORIENTED_EDGE('',*,*,#3624,.F.);
#1974=ORIENTED_EDGE('',*,*,#3604,.F.);
#1975=ORIENTED_EDGE('',*,*,#3709,.F.);
#1976=ORIENTED_EDGE('',*,*,#3715,.F.);
#1977=ORIENTED_EDGE('',*,*,#3707,.F.);
#1978=ORIENTED_EDGE('',*,*,#3716,.T.);
#1979=ORIENTED_EDGE('',*,*,#3714,.T.);
#1980=ORIENTED_EDGE('',*,*,#3705,.F.);
#1981=ORIENTED_EDGE('',*,*,#3715,.T.);
#1982=ORIENTED_EDGE('',*,*,#3717,.T.);
#1983=ORIENTED_EDGE('',*,*,#3718,.T.);
#1984=ORIENTED_EDGE('',*,*,#3719,.T.);
#1985=ORIENTED_EDGE('',*,*,#3720,.T.);
#1986=ORIENTED_EDGE('',*,*,#3719,.F.);
#1987=ORIENTED_EDGE('',*,*,#3721,.T.);
#1988=ORIENTED_EDGE('',*,*,#3609,.T.);
#1989=ORIENTED_EDGE('',*,*,#3722,.T.);
#1990=ORIENTED_EDGE('',*,*,#3613,.F.);
#1991=ORIENTED_EDGE('',*,*,#3723,.T.);
#1992=ORIENTED_EDGE('',*,*,#3686,.T.);
#1993=ORIENTED_EDGE('',*,*,#3724,.T.);
#1994=ORIENTED_EDGE('',*,*,#3611,.F.);
#1995=ORIENTED_EDGE('',*,*,#3725,.T.);
#1996=ORIENTED_EDGE('',*,*,#3726,.T.);
#1997=ORIENTED_EDGE('',*,*,#3727,.T.);
#1998=ORIENTED_EDGE('',*,*,#3610,.F.);
#1999=ORIENTED_EDGE('',*,*,#3721,.F.);
#2000=ORIENTED_EDGE('',*,*,#3718,.F.);
#2001=ORIENTED_EDGE('',*,*,#3725,.F.);
#2002=ORIENTED_EDGE('',*,*,#3612,.F.);
#2003=ORIENTED_EDGE('',*,*,#3727,.F.);
#2004=ORIENTED_EDGE('',*,*,#3687,.F.);
#2005=ORIENTED_EDGE('',*,*,#3723,.F.);
#2006=ORIENTED_EDGE('',*,*,#3614,.F.);
#2007=ORIENTED_EDGE('',*,*,#3724,.F.);
#2008=ORIENTED_EDGE('',*,*,#3685,.F.);
#2009=ORIENTED_EDGE('',*,*,#3637,.F.);
#2010=ORIENTED_EDGE('',*,*,#3608,.F.);
#2011=ORIENTED_EDGE('',*,*,#3623,.F.);
#2012=ORIENTED_EDGE('',*,*,#3720,.F.);
#2013=ORIENTED_EDGE('',*,*,#3722,.F.);
#2014=ORIENTED_EDGE('',*,*,#3728,.T.);
#2015=ORIENTED_EDGE('',*,*,#3729,.T.);
#2016=ORIENTED_EDGE('',*,*,#3638,.F.);
#2017=ORIENTED_EDGE('',*,*,#3684,.F.);
#2018=ORIENTED_EDGE('',*,*,#3635,.T.);
#2019=ORIENTED_EDGE('',*,*,#3669,.F.);
#2020=ORIENTED_EDGE('',*,*,#3632,.T.);
#2021=ORIENTED_EDGE('',*,*,#3668,.F.);
#2022=ORIENTED_EDGE('',*,*,#3629,.T.);
#2023=ORIENTED_EDGE('',*,*,#3701,.F.);
#2024=ORIENTED_EDGE('',*,*,#3625,.T.);
#2025=ORIENTED_EDGE('',*,*,#3716,.F.);
#2026=ORIENTED_EDGE('',*,*,#3728,.F.);
#2027=ORIENTED_EDGE('',*,*,#3729,.F.);
#2028=ORIENTED_EDGE('',*,*,#3726,.F.);
#2029=ORIENTED_EDGE('',*,*,#3717,.F.);
#2030=ORIENTED_EDGE('',*,*,#3708,.F.);
#2031=ORIENTED_EDGE('',*,*,#3699,.F.);
#2032=ORIENTED_EDGE('',*,*,#3695,.F.);
#2033=ORIENTED_EDGE('',*,*,#3664,.F.);
#2034=ORIENTED_EDGE('',*,*,#3657,.F.);
#2035=ORIENTED_EDGE('',*,*,#3673,.F.);
#2036=ORIENTED_EDGE('',*,*,#3679,.F.);
#2037=ORIENTED_EDGE('',*,*,#3688,.F.);
#2038=ORIENTED_EDGE('',*,*,#3730,.T.);
#2039=ORIENTED_EDGE('',*,*,#3731,.T.);
#2040=ORIENTED_EDGE('',*,*,#3732,.T.);
#2041=ORIENTED_EDGE('',*,*,#3733,.T.);
#2042=ORIENTED_EDGE('',*,*,#3730,.F.);
#2043=ORIENTED_EDGE('',*,*,#3732,.F.);
#2044=ORIENTED_EDGE('',*,*,#3733,.F.);
#2045=ORIENTED_EDGE('',*,*,#3731,.F.);
#2046=ORIENTED_EDGE('',*,*,#3734,.T.);
#2047=ORIENTED_EDGE('',*,*,#3735,.T.);
#2048=ORIENTED_EDGE('',*,*,#3736,.T.);
#2049=ORIENTED_EDGE('',*,*,#3737,.F.);
#2050=ORIENTED_EDGE('',*,*,#3738,.T.);
#2051=ORIENTED_EDGE('',*,*,#3739,.T.);
#2052=ORIENTED_EDGE('',*,*,#3740,.T.);
#2053=ORIENTED_EDGE('',*,*,#3741,.T.);
#2054=ORIENTED_EDGE('',*,*,#3742,.T.);
#2055=ORIENTED_EDGE('',*,*,#3743,.T.);
#2056=ORIENTED_EDGE('',*,*,#3744,.T.);
#2057=ORIENTED_EDGE('',*,*,#3745,.F.);
#2058=ORIENTED_EDGE('',*,*,#3746,.T.);
#2059=ORIENTED_EDGE('',*,*,#3747,.T.);
#2060=ORIENTED_EDGE('',*,*,#3748,.T.);
#2061=ORIENTED_EDGE('',*,*,#3749,.T.);
#2062=ORIENTED_EDGE('',*,*,#3750,.T.);
#2063=ORIENTED_EDGE('',*,*,#3751,.T.);
#2064=ORIENTED_EDGE('',*,*,#3752,.T.);
#2065=ORIENTED_EDGE('',*,*,#3753,.F.);
#2066=ORIENTED_EDGE('',*,*,#3754,.T.);
#2067=ORIENTED_EDGE('',*,*,#3755,.T.);
#2068=ORIENTED_EDGE('',*,*,#3756,.T.);
#2069=ORIENTED_EDGE('',*,*,#3757,.T.);
#2070=ORIENTED_EDGE('',*,*,#3758,.T.);
#2071=ORIENTED_EDGE('',*,*,#3759,.T.);
#2072=ORIENTED_EDGE('',*,*,#3760,.T.);
#2073=ORIENTED_EDGE('',*,*,#3761,.F.);
#2074=ORIENTED_EDGE('',*,*,#3762,.T.);
#2075=ORIENTED_EDGE('',*,*,#3763,.T.);
#2076=ORIENTED_EDGE('',*,*,#3764,.T.);
#2077=ORIENTED_EDGE('',*,*,#3765,.T.);
#2078=ORIENTED_EDGE('',*,*,#3766,.T.);
#2079=ORIENTED_EDGE('',*,*,#3767,.T.);
#2080=ORIENTED_EDGE('',*,*,#3768,.T.);
#2081=ORIENTED_EDGE('',*,*,#3769,.F.);
#2082=ORIENTED_EDGE('',*,*,#3770,.T.);
#2083=ORIENTED_EDGE('',*,*,#3771,.T.);
#2084=ORIENTED_EDGE('',*,*,#3772,.T.);
#2085=ORIENTED_EDGE('',*,*,#3773,.T.);
#2086=ORIENTED_EDGE('',*,*,#3774,.F.);
#2087=ORIENTED_EDGE('',*,*,#3775,.T.);
#2088=ORIENTED_EDGE('',*,*,#3759,.F.);
#2089=ORIENTED_EDGE('',*,*,#3776,.T.);
#2090=ORIENTED_EDGE('',*,*,#3777,.F.);
#2091=ORIENTED_EDGE('',*,*,#3778,.T.);
#2092=ORIENTED_EDGE('',*,*,#3779,.T.);
#2093=ORIENTED_EDGE('',*,*,#3751,.F.);
#2094=ORIENTED_EDGE('',*,*,#3780,.T.);
#2095=ORIENTED_EDGE('',*,*,#3781,.F.);
#2096=ORIENTED_EDGE('',*,*,#3782,.T.);
#2097=ORIENTED_EDGE('',*,*,#3743,.F.);
#2098=ORIENTED_EDGE('',*,*,#3783,.T.);
#2099=ORIENTED_EDGE('',*,*,#3784,.F.);
#2100=ORIENTED_EDGE('',*,*,#3785,.T.);
#2101=ORIENTED_EDGE('',*,*,#3735,.F.);
#2102=ORIENTED_EDGE('',*,*,#3786,.T.);
#2103=ORIENTED_EDGE('',*,*,#3787,.F.);
#2104=ORIENTED_EDGE('',*,*,#3788,.T.);
#2105=ORIENTED_EDGE('',*,*,#3767,.F.);
#2106=ORIENTED_EDGE('',*,*,#3789,.T.);
#2107=ORIENTED_EDGE('',*,*,#3790,.T.);
#2108=ORIENTED_EDGE('',*,*,#3791,.T.);
#2109=ORIENTED_EDGE('',*,*,#3792,.F.);
#2110=ORIENTED_EDGE('',*,*,#3793,.F.);
#2111=ORIENTED_EDGE('',*,*,#3794,.T.);
#2112=ORIENTED_EDGE('',*,*,#3795,.F.);
#2113=ORIENTED_EDGE('',*,*,#3796,.F.);
#2114=ORIENTED_EDGE('',*,*,#3797,.T.);
#2115=ORIENTED_EDGE('',*,*,#3792,.T.);
#2116=ORIENTED_EDGE('',*,*,#3798,.F.);
#2117=ORIENTED_EDGE('',*,*,#3799,.F.);
#2118=ORIENTED_EDGE('',*,*,#3800,.T.);
#2119=ORIENTED_EDGE('',*,*,#3796,.T.);
#2120=ORIENTED_EDGE('',*,*,#3801,.F.);
#2121=ORIENTED_EDGE('',*,*,#3794,.F.);
#2122=ORIENTED_EDGE('',*,*,#3802,.T.);
#2123=ORIENTED_EDGE('',*,*,#3799,.T.);
#2124=ORIENTED_EDGE('',*,*,#3793,.T.);
#2125=ORIENTED_EDGE('',*,*,#3797,.F.);
#2126=ORIENTED_EDGE('',*,*,#3800,.F.);
#2127=ORIENTED_EDGE('',*,*,#3802,.F.);
#2128=ORIENTED_EDGE('',*,*,#3774,.T.);
#2129=ORIENTED_EDGE('',*,*,#3791,.F.);
#2130=ORIENTED_EDGE('',*,*,#3801,.T.);
#2131=ORIENTED_EDGE('',*,*,#3798,.T.);
#2132=ORIENTED_EDGE('',*,*,#3795,.T.);
#2133=ORIENTED_EDGE('',*,*,#3737,.T.);
#2134=ORIENTED_EDGE('',*,*,#3803,.T.);
#2135=ORIENTED_EDGE('',*,*,#3804,.F.);
#2136=ORIENTED_EDGE('',*,*,#3805,.T.);
#2137=ORIENTED_EDGE('',*,*,#3741,.F.);
#2138=ORIENTED_EDGE('',*,*,#3806,.T.);
#2139=ORIENTED_EDGE('',*,*,#3807,.T.);
#2140=ORIENTED_EDGE('',*,*,#3808,.T.);
#2141=ORIENTED_EDGE('',*,*,#3809,.T.);
#2142=ORIENTED_EDGE('',*,*,#3810,.T.);
#2143=ORIENTED_EDGE('',*,*,#3739,.F.);
#2144=ORIENTED_EDGE('',*,*,#3811,.T.);
#2145=ORIENTED_EDGE('',*,*,#3740,.F.);
#2146=ORIENTED_EDGE('',*,*,#3810,.F.);
#2147=ORIENTED_EDGE('',*,*,#3812,.F.);
#2148=ORIENTED_EDGE('',*,*,#3806,.F.);
#2149=ORIENTED_EDGE('',*,*,#3742,.F.);
#2150=ORIENTED_EDGE('',*,*,#3808,.F.);
#2151=ORIENTED_EDGE('',*,*,#3813,.F.);
#2152=ORIENTED_EDGE('',*,*,#3783,.F.);
#2153=ORIENTED_EDGE('',*,*,#3736,.F.);
#2154=ORIENTED_EDGE('',*,*,#3785,.F.);
#2155=ORIENTED_EDGE('',*,*,#3814,.F.);
#2156=ORIENTED_EDGE('',*,*,#3803,.F.);
#2157=ORIENTED_EDGE('',*,*,#3738,.F.);
#2158=ORIENTED_EDGE('',*,*,#3805,.F.);
#2159=ORIENTED_EDGE('',*,*,#3815,.F.);
#2160=ORIENTED_EDGE('',*,*,#3811,.F.);
#2161=ORIENTED_EDGE('',*,*,#3807,.F.);
#2162=ORIENTED_EDGE('',*,*,#3812,.T.);
#2163=ORIENTED_EDGE('',*,*,#3816,.T.);
#2164=ORIENTED_EDGE('',*,*,#3817,.T.);
#2165=ORIENTED_EDGE('',*,*,#3818,.T.);
#2166=ORIENTED_EDGE('',*,*,#3819,.T.);
#2167=ORIENTED_EDGE('',*,*,#3820,.T.);
#2168=ORIENTED_EDGE('',*,*,#3813,.T.);
#2169=ORIENTED_EDGE('',*,*,#3804,.T.);
#2170=ORIENTED_EDGE('',*,*,#3814,.T.);
#2171=ORIENTED_EDGE('',*,*,#3821,.T.);
#2172=ORIENTED_EDGE('',*,*,#3822,.T.);
#2173=ORIENTED_EDGE('',*,*,#3823,.F.);
#2174=ORIENTED_EDGE('',*,*,#3824,.T.);
#2175=ORIENTED_EDGE('',*,*,#3825,.T.);
#2176=ORIENTED_EDGE('',*,*,#3815,.T.);
#2177=ORIENTED_EDGE('',*,*,#3769,.T.);
#2178=ORIENTED_EDGE('',*,*,#3826,.T.);
#2179=ORIENTED_EDGE('',*,*,#3827,.F.);
#2180=ORIENTED_EDGE('',*,*,#3828,.T.);
#2181=ORIENTED_EDGE('',*,*,#3773,.F.);
#2182=ORIENTED_EDGE('',*,*,#3829,.T.);
#2183=ORIENTED_EDGE('',*,*,#3823,.T.);
#2184=ORIENTED_EDGE('',*,*,#3830,.T.);
#2185=ORIENTED_EDGE('',*,*,#3831,.T.);
#2186=ORIENTED_EDGE('',*,*,#3832,.T.);
#2187=ORIENTED_EDGE('',*,*,#3771,.F.);
#2188=ORIENTED_EDGE('',*,*,#3833,.T.);
#2189=ORIENTED_EDGE('',*,*,#3772,.F.);
#2190=ORIENTED_EDGE('',*,*,#3832,.F.);
#2191=ORIENTED_EDGE('',*,*,#3824,.F.);
#2192=ORIENTED_EDGE('',*,*,#3829,.F.);
#2193=ORIENTED_EDGE('',*,*,#3734,.F.);
#2194=ORIENTED_EDGE('',*,*,#3830,.F.);
#2195=ORIENTED_EDGE('',*,*,#3822,.F.);
#2196=ORIENTED_EDGE('',*,*,#3786,.F.);
#2197=ORIENTED_EDGE('',*,*,#3768,.F.);
#2198=ORIENTED_EDGE('',*,*,#3788,.F.);
#2199=ORIENTED_EDGE('',*,*,#3834,.F.);
#2200=ORIENTED_EDGE('',*,*,#3826,.F.);
#2201=ORIENTED_EDGE('',*,*,#3770,.F.);
#2202=ORIENTED_EDGE('',*,*,#3828,.F.);
#2203=ORIENTED_EDGE('',*,*,#3835,.F.);
#2204=ORIENTED_EDGE('',*,*,#3833,.F.);
#2205=ORIENTED_EDGE('',*,*,#3827,.T.);
#2206=ORIENTED_EDGE('',*,*,#3834,.T.);
#2207=ORIENTED_EDGE('',*,*,#3836,.T.);
#2208=ORIENTED_EDGE('',*,*,#3837,.T.);
#2209=ORIENTED_EDGE('',*,*,#3838,.F.);
#2210=ORIENTED_EDGE('',*,*,#3839,.T.);
#2211=ORIENTED_EDGE('',*,*,#3840,.T.);
#2212=ORIENTED_EDGE('',*,*,#3835,.T.);
#2213=ORIENTED_EDGE('',*,*,#3818,.F.);
#2214=ORIENTED_EDGE('',*,*,#3841,.T.);
#2215=ORIENTED_EDGE('',*,*,#3745,.T.);
#2216=ORIENTED_EDGE('',*,*,#3842,.T.);
#2217=ORIENTED_EDGE('',*,*,#3749,.F.);
#2218=ORIENTED_EDGE('',*,*,#3843,.T.);
#2219=ORIENTED_EDGE('',*,*,#3844,.T.);
#2220=ORIENTED_EDGE('',*,*,#3845,.T.);
#2221=ORIENTED_EDGE('',*,*,#3747,.F.);
#2222=ORIENTED_EDGE('',*,*,#3846,.T.);
#2223=ORIENTED_EDGE('',*,*,#3847,.T.);
#2224=ORIENTED_EDGE('',*,*,#3848,.T.);
#2225=ORIENTED_EDGE('',*,*,#3746,.F.);
#2226=ORIENTED_EDGE('',*,*,#3841,.F.);
#2227=ORIENTED_EDGE('',*,*,#3817,.F.);
#2228=ORIENTED_EDGE('',*,*,#3846,.F.);
#2229=ORIENTED_EDGE('',*,*,#3748,.F.);
#2230=ORIENTED_EDGE('',*,*,#3848,.F.);
#2231=ORIENTED_EDGE('',*,*,#3849,.F.);
#2232=ORIENTED_EDGE('',*,*,#3843,.F.);
#2233=ORIENTED_EDGE('',*,*,#3750,.F.);
#2234=ORIENTED_EDGE('',*,*,#3845,.F.);
#2235=ORIENTED_EDGE('',*,*,#3850,.F.);
#2236=ORIENTED_EDGE('',*,*,#3780,.F.);
#2237=ORIENTED_EDGE('',*,*,#3744,.F.);
#2238=ORIENTED_EDGE('',*,*,#3782,.F.);
#2239=ORIENTED_EDGE('',*,*,#3819,.F.);
#2240=ORIENTED_EDGE('',*,*,#3842,.F.);
#2241=ORIENTED_EDGE('',*,*,#3844,.F.);
#2242=ORIENTED_EDGE('',*,*,#3849,.T.);
#2243=ORIENTED_EDGE('',*,*,#3851,.T.);
#2244=ORIENTED_EDGE('',*,*,#3852,.T.);
#2245=ORIENTED_EDGE('',*,*,#3853,.T.);
#2246=ORIENTED_EDGE('',*,*,#3850,.T.);
#2247=ORIENTED_EDGE('',*,*,#3753,.T.);
#2248=ORIENTED_EDGE('',*,*,#3854,.T.);
#2249=ORIENTED_EDGE('',*,*,#3855,.T.);
#2250=ORIENTED_EDGE('',*,*,#3856,.T.);
#2251=ORIENTED_EDGE('',*,*,#3857,.T.);
#2252=ORIENTED_EDGE('',*,*,#3858,.T.);
#2253=ORIENTED_EDGE('',*,*,#3757,.F.);
#2254=ORIENTED_EDGE('',*,*,#3859,.T.);
#2255=ORIENTED_EDGE('',*,*,#3860,.T.);
#2256=ORIENTED_EDGE('',*,*,#3861,.T.);
#2257=ORIENTED_EDGE('',*,*,#3755,.F.);
#2258=ORIENTED_EDGE('',*,*,#3862,.T.);
#2259=ORIENTED_EDGE('',*,*,#3863,.T.);
#2260=ORIENTED_EDGE('',*,*,#3754,.F.);
#2261=ORIENTED_EDGE('',*,*,#3856,.F.);
#2262=ORIENTED_EDGE('',*,*,#3864,.F.);
#2263=ORIENTED_EDGE('',*,*,#3862,.F.);
#2264=ORIENTED_EDGE('',*,*,#3752,.F.);
#2265=ORIENTED_EDGE('',*,*,#3779,.F.);
#2266=ORIENTED_EDGE('',*,*,#3865,.F.);
#2267=ORIENTED_EDGE('',*,*,#3854,.F.);
#2268=ORIENTED_EDGE('',*,*,#3864,.T.);
#2269=ORIENTED_EDGE('',*,*,#3855,.F.);
#2270=ORIENTED_EDGE('',*,*,#3865,.T.);
#2271=ORIENTED_EDGE('',*,*,#3778,.F.);
#2272=ORIENTED_EDGE('',*,*,#3852,.F.);
#2273=ORIENTED_EDGE('',*,*,#3863,.F.);
#2274=ORIENTED_EDGE('',*,*,#3758,.F.);
#2275=ORIENTED_EDGE('',*,*,#3858,.F.);
#2276=ORIENTED_EDGE('',*,*,#3866,.F.);
#2277=ORIENTED_EDGE('',*,*,#3776,.F.);
#2278=ORIENTED_EDGE('',*,*,#3756,.F.);
#2279=ORIENTED_EDGE('',*,*,#3861,.F.);
#2280=ORIENTED_EDGE('',*,*,#3867,.F.);
#2281=ORIENTED_EDGE('',*,*,#3859,.F.);
#2282=ORIENTED_EDGE('',*,*,#3868,.T.);
#2283=ORIENTED_EDGE('',*,*,#3866,.T.);
#2284=ORIENTED_EDGE('',*,*,#3857,.F.);
#2285=ORIENTED_EDGE('',*,*,#3867,.T.);
#2286=ORIENTED_EDGE('',*,*,#3869,.T.);
#2287=ORIENTED_EDGE('',*,*,#3870,.T.);
#2288=ORIENTED_EDGE('',*,*,#3871,.T.);
#2289=ORIENTED_EDGE('',*,*,#3872,.T.);
#2290=ORIENTED_EDGE('',*,*,#3871,.F.);
#2291=ORIENTED_EDGE('',*,*,#3873,.T.);
#2292=ORIENTED_EDGE('',*,*,#3761,.T.);
#2293=ORIENTED_EDGE('',*,*,#3874,.T.);
#2294=ORIENTED_EDGE('',*,*,#3765,.F.);
#2295=ORIENTED_EDGE('',*,*,#3875,.T.);
#2296=ORIENTED_EDGE('',*,*,#3838,.T.);
#2297=ORIENTED_EDGE('',*,*,#3876,.T.);
#2298=ORIENTED_EDGE('',*,*,#3763,.F.);
#2299=ORIENTED_EDGE('',*,*,#3877,.T.);
#2300=ORIENTED_EDGE('',*,*,#3878,.T.);
#2301=ORIENTED_EDGE('',*,*,#3879,.T.);
#2302=ORIENTED_EDGE('',*,*,#3762,.F.);
#2303=ORIENTED_EDGE('',*,*,#3873,.F.);
#2304=ORIENTED_EDGE('',*,*,#3870,.F.);
#2305=ORIENTED_EDGE('',*,*,#3877,.F.);
#2306=ORIENTED_EDGE('',*,*,#3764,.F.);
#2307=ORIENTED_EDGE('',*,*,#3879,.F.);
#2308=ORIENTED_EDGE('',*,*,#3839,.F.);
#2309=ORIENTED_EDGE('',*,*,#3875,.F.);
#2310=ORIENTED_EDGE('',*,*,#3766,.F.);
#2311=ORIENTED_EDGE('',*,*,#3876,.F.);
#2312=ORIENTED_EDGE('',*,*,#3837,.F.);
#2313=ORIENTED_EDGE('',*,*,#3789,.F.);
#2314=ORIENTED_EDGE('',*,*,#3760,.F.);
#2315=ORIENTED_EDGE('',*,*,#3775,.F.);
#2316=ORIENTED_EDGE('',*,*,#3872,.F.);
#2317=ORIENTED_EDGE('',*,*,#3874,.F.);
#2318=ORIENTED_EDGE('',*,*,#3880,.T.);
#2319=ORIENTED_EDGE('',*,*,#3881,.T.);
#2320=ORIENTED_EDGE('',*,*,#3790,.F.);
#2321=ORIENTED_EDGE('',*,*,#3836,.F.);
#2322=ORIENTED_EDGE('',*,*,#3787,.T.);
#2323=ORIENTED_EDGE('',*,*,#3821,.F.);
#2324=ORIENTED_EDGE('',*,*,#3784,.T.);
#2325=ORIENTED_EDGE('',*,*,#3820,.F.);
#2326=ORIENTED_EDGE('',*,*,#3781,.T.);
#2327=ORIENTED_EDGE('',*,*,#3853,.F.);
#2328=ORIENTED_EDGE('',*,*,#3777,.T.);
#2329=ORIENTED_EDGE('',*,*,#3868,.F.);
#2330=ORIENTED_EDGE('',*,*,#3880,.F.);
#2331=ORIENTED_EDGE('',*,*,#3881,.F.);
#2332=ORIENTED_EDGE('',*,*,#3878,.F.);
#2333=ORIENTED_EDGE('',*,*,#3869,.F.);
#2334=ORIENTED_EDGE('',*,*,#3860,.F.);
#2335=ORIENTED_EDGE('',*,*,#3851,.F.);
#2336=ORIENTED_EDGE('',*,*,#3847,.F.);
#2337=ORIENTED_EDGE('',*,*,#3816,.F.);
#2338=ORIENTED_EDGE('',*,*,#3809,.F.);
#2339=ORIENTED_EDGE('',*,*,#3825,.F.);
#2340=ORIENTED_EDGE('',*,*,#3831,.F.);
#2341=ORIENTED_EDGE('',*,*,#3840,.F.);
#2342=ORIENTED_EDGE('',*,*,#3882,.F.);
#2343=ORIENTED_EDGE('',*,*,#3883,.F.);
#2344=ORIENTED_EDGE('',*,*,#3884,.T.);
#2345=ORIENTED_EDGE('',*,*,#3885,.F.);
#2346=ORIENTED_EDGE('',*,*,#3886,.T.);
#2347=ORIENTED_EDGE('',*,*,#3887,.T.);
#2348=ORIENTED_EDGE('',*,*,#3888,.T.);
#2349=ORIENTED_EDGE('',*,*,#3889,.T.);
#2350=ORIENTED_EDGE('',*,*,#3890,.T.);
#2351=ORIENTED_EDGE('',*,*,#3891,.F.);
#2352=ORIENTED_EDGE('',*,*,#3892,.T.);
#2353=ORIENTED_EDGE('',*,*,#3893,.F.);
#2354=ORIENTED_EDGE('',*,*,#3894,.T.);
#2355=ORIENTED_EDGE('',*,*,#3895,.T.);
#2356=ORIENTED_EDGE('',*,*,#3896,.T.);
#2357=ORIENTED_EDGE('',*,*,#3897,.T.);
#2358=ORIENTED_EDGE('',*,*,#3898,.T.);
#2359=ORIENTED_EDGE('',*,*,#3899,.F.);
#2360=ORIENTED_EDGE('',*,*,#3900,.T.);
#2361=ORIENTED_EDGE('',*,*,#3901,.F.);
#2362=ORIENTED_EDGE('',*,*,#3902,.T.);
#2363=ORIENTED_EDGE('',*,*,#3903,.T.);
#2364=ORIENTED_EDGE('',*,*,#3904,.T.);
#2365=ORIENTED_EDGE('',*,*,#3905,.T.);
#2366=ORIENTED_EDGE('',*,*,#3906,.T.);
#2367=ORIENTED_EDGE('',*,*,#3907,.F.);
#2368=ORIENTED_EDGE('',*,*,#3908,.T.);
#2369=ORIENTED_EDGE('',*,*,#3909,.F.);
#2370=ORIENTED_EDGE('',*,*,#3910,.T.);
#2371=ORIENTED_EDGE('',*,*,#3911,.T.);
#2372=ORIENTED_EDGE('',*,*,#3912,.T.);
#2373=ORIENTED_EDGE('',*,*,#3913,.T.);
#2374=ORIENTED_EDGE('',*,*,#3914,.T.);
#2375=ORIENTED_EDGE('',*,*,#3915,.F.);
#2376=ORIENTED_EDGE('',*,*,#3916,.T.);
#2377=ORIENTED_EDGE('',*,*,#3917,.F.);
#2378=ORIENTED_EDGE('',*,*,#3918,.T.);
#2379=ORIENTED_EDGE('',*,*,#3919,.T.);
#2380=ORIENTED_EDGE('',*,*,#3920,.T.);
#2381=ORIENTED_EDGE('',*,*,#3921,.T.);
#2382=ORIENTED_EDGE('',*,*,#3922,.T.);
#2383=ORIENTED_EDGE('',*,*,#3923,.T.);
#2384=ORIENTED_EDGE('',*,*,#3924,.T.);
#2385=ORIENTED_EDGE('',*,*,#3925,.T.);
#2386=ORIENTED_EDGE('',*,*,#3926,.F.);
#2387=ORIENTED_EDGE('',*,*,#3927,.T.);
#2388=ORIENTED_EDGE('',*,*,#3928,.T.);
#2389=ORIENTED_EDGE('',*,*,#3929,.T.);
#2390=ORIENTED_EDGE('',*,*,#3930,.F.);
#2391=ORIENTED_EDGE('',*,*,#3931,.T.);
#2392=ORIENTED_EDGE('',*,*,#3932,.T.);
#2393=ORIENTED_EDGE('',*,*,#3933,.T.);
#2394=ORIENTED_EDGE('',*,*,#3934,.F.);
#2395=ORIENTED_EDGE('',*,*,#3935,.T.);
#2396=ORIENTED_EDGE('',*,*,#3936,.T.);
#2397=ORIENTED_EDGE('',*,*,#3937,.T.);
#2398=ORIENTED_EDGE('',*,*,#3938,.F.);
#2399=ORIENTED_EDGE('',*,*,#3939,.T.);
#2400=ORIENTED_EDGE('',*,*,#3940,.T.);
#2401=ORIENTED_EDGE('',*,*,#3941,.T.);
#2402=ORIENTED_EDGE('',*,*,#3942,.T.);
#2403=ORIENTED_EDGE('',*,*,#3943,.T.);
#2404=ORIENTED_EDGE('',*,*,#3944,.T.);
#2405=ORIENTED_EDGE('',*,*,#3945,.F.);
#2406=ORIENTED_EDGE('',*,*,#3946,.F.);
#2407=ORIENTED_EDGE('',*,*,#3947,.T.);
#2408=ORIENTED_EDGE('',*,*,#3948,.F.);
#2409=ORIENTED_EDGE('',*,*,#3949,.F.);
#2410=ORIENTED_EDGE('',*,*,#3950,.T.);
#2411=ORIENTED_EDGE('',*,*,#3945,.T.);
#2412=ORIENTED_EDGE('',*,*,#3951,.F.);
#2413=ORIENTED_EDGE('',*,*,#3952,.F.);
#2414=ORIENTED_EDGE('',*,*,#3953,.T.);
#2415=ORIENTED_EDGE('',*,*,#3949,.T.);
#2416=ORIENTED_EDGE('',*,*,#3954,.F.);
#2417=ORIENTED_EDGE('',*,*,#3947,.F.);
#2418=ORIENTED_EDGE('',*,*,#3955,.T.);
#2419=ORIENTED_EDGE('',*,*,#3952,.T.);
#2420=ORIENTED_EDGE('',*,*,#3946,.T.);
#2421=ORIENTED_EDGE('',*,*,#3950,.F.);
#2422=ORIENTED_EDGE('',*,*,#3953,.F.);
#2423=ORIENTED_EDGE('',*,*,#3955,.F.);
#2424=ORIENTED_EDGE('',*,*,#3882,.T.);
#2425=ORIENTED_EDGE('',*,*,#3944,.F.);
#2426=ORIENTED_EDGE('',*,*,#3954,.T.);
#2427=ORIENTED_EDGE('',*,*,#3951,.T.);
#2428=ORIENTED_EDGE('',*,*,#3948,.T.);
#2429=ORIENTED_EDGE('',*,*,#3885,.T.);
#2430=ORIENTED_EDGE('',*,*,#3956,.T.);
#2431=ORIENTED_EDGE('',*,*,#3957,.F.);
#2432=ORIENTED_EDGE('',*,*,#3958,.T.);
#2433=ORIENTED_EDGE('',*,*,#3889,.F.);
#2434=ORIENTED_EDGE('',*,*,#3959,.T.);
#2435=ORIENTED_EDGE('',*,*,#3960,.T.);
#2436=ORIENTED_EDGE('',*,*,#3961,.T.);
#2437=ORIENTED_EDGE('',*,*,#3962,.T.);
#2438=ORIENTED_EDGE('',*,*,#3963,.T.);
#2439=ORIENTED_EDGE('',*,*,#3887,.F.);
#2440=ORIENTED_EDGE('',*,*,#3964,.T.);
#2441=ORIENTED_EDGE('',*,*,#3888,.F.);
#2442=ORIENTED_EDGE('',*,*,#3963,.F.);
#2443=ORIENTED_EDGE('',*,*,#3965,.F.);
#2444=ORIENTED_EDGE('',*,*,#3959,.F.);
#2445=ORIENTED_EDGE('',*,*,#3890,.F.);
#2446=ORIENTED_EDGE('',*,*,#3961,.F.);
#2447=ORIENTED_EDGE('',*,*,#3966,.F.);
#2448=ORIENTED_EDGE('',*,*,#3929,.F.);
#2449=ORIENTED_EDGE('',*,*,#3967,.F.);
#2450=ORIENTED_EDGE('',*,*,#3968,.F.);
#2451=ORIENTED_EDGE('',*,*,#3927,.F.);
#2452=ORIENTED_EDGE('',*,*,#3969,.F.);
#2453=ORIENTED_EDGE('',*,*,#3956,.F.);
#2454=ORIENTED_EDGE('',*,*,#3884,.F.);
#2455=ORIENTED_EDGE('',*,*,#3886,.F.);
#2456=ORIENTED_EDGE('',*,*,#3958,.F.);
#2457=ORIENTED_EDGE('',*,*,#3970,.F.);
#2458=ORIENTED_EDGE('',*,*,#3964,.F.);
#2459=ORIENTED_EDGE('',*,*,#3960,.F.);
#2460=ORIENTED_EDGE('',*,*,#3965,.T.);
#2461=ORIENTED_EDGE('',*,*,#3971,.T.);
#2462=ORIENTED_EDGE('',*,*,#3972,.T.);
#2463=ORIENTED_EDGE('',*,*,#3973,.T.);
#2464=ORIENTED_EDGE('',*,*,#3974,.T.);
#2465=ORIENTED_EDGE('',*,*,#3975,.T.);
#2466=ORIENTED_EDGE('',*,*,#3966,.T.);
#2467=ORIENTED_EDGE('',*,*,#3957,.T.);
#2468=ORIENTED_EDGE('',*,*,#3969,.T.);
#2469=ORIENTED_EDGE('',*,*,#3976,.T.);
#2470=ORIENTED_EDGE('',*,*,#3977,.T.);
#2471=ORIENTED_EDGE('',*,*,#3978,.F.);
#2472=ORIENTED_EDGE('',*,*,#3979,.T.);
#2473=ORIENTED_EDGE('',*,*,#3980,.T.);
#2474=ORIENTED_EDGE('',*,*,#3970,.T.);
#2475=ORIENTED_EDGE('',*,*,#3917,.T.);
#2476=ORIENTED_EDGE('',*,*,#3981,.T.);
#2477=ORIENTED_EDGE('',*,*,#3982,.F.);
#2478=ORIENTED_EDGE('',*,*,#3983,.T.);
#2479=ORIENTED_EDGE('',*,*,#3921,.F.);
#2480=ORIENTED_EDGE('',*,*,#3984,.T.);
#2481=ORIENTED_EDGE('',*,*,#3978,.T.);
#2482=ORIENTED_EDGE('',*,*,#3985,.T.);
#2483=ORIENTED_EDGE('',*,*,#3986,.T.);
#2484=ORIENTED_EDGE('',*,*,#3987,.T.);
#2485=ORIENTED_EDGE('',*,*,#3919,.F.);
#2486=ORIENTED_EDGE('',*,*,#3988,.T.);
#2487=ORIENTED_EDGE('',*,*,#3920,.F.);
#2488=ORIENTED_EDGE('',*,*,#3987,.F.);
#2489=ORIENTED_EDGE('',*,*,#3979,.F.);
#2490=ORIENTED_EDGE('',*,*,#3984,.F.);
#2491=ORIENTED_EDGE('',*,*,#3922,.F.);
#2492=ORIENTED_EDGE('',*,*,#3985,.F.);
#2493=ORIENTED_EDGE('',*,*,#3977,.F.);
#2494=ORIENTED_EDGE('',*,*,#3925,.F.);
#2495=ORIENTED_EDGE('',*,*,#3989,.F.);
#2496=ORIENTED_EDGE('',*,*,#3990,.F.);
#2497=ORIENTED_EDGE('',*,*,#3923,.F.);
#2498=ORIENTED_EDGE('',*,*,#3991,.F.);
#2499=ORIENTED_EDGE('',*,*,#3981,.F.);
#2500=ORIENTED_EDGE('',*,*,#3916,.F.);
#2501=ORIENTED_EDGE('',*,*,#3918,.F.);
#2502=ORIENTED_EDGE('',*,*,#3983,.F.);
#2503=ORIENTED_EDGE('',*,*,#3992,.F.);
#2504=ORIENTED_EDGE('',*,*,#3988,.F.);
#2505=ORIENTED_EDGE('',*,*,#3982,.T.);
#2506=ORIENTED_EDGE('',*,*,#3991,.T.);
#2507=ORIENTED_EDGE('',*,*,#3993,.T.);
#2508=ORIENTED_EDGE('',*,*,#3994,.T.);
#2509=ORIENTED_EDGE('',*,*,#3995,.F.);
#2510=ORIENTED_EDGE('',*,*,#3996,.T.);
#2511=ORIENTED_EDGE('',*,*,#3997,.T.);
#2512=ORIENTED_EDGE('',*,*,#3992,.T.);
#2513=ORIENTED_EDGE('',*,*,#3973,.F.);
#2514=ORIENTED_EDGE('',*,*,#3998,.T.);
#2515=ORIENTED_EDGE('',*,*,#3893,.T.);
#2516=ORIENTED_EDGE('',*,*,#3999,.T.);
#2517=ORIENTED_EDGE('',*,*,#3897,.F.);
#2518=ORIENTED_EDGE('',*,*,#4000,.T.);
#2519=ORIENTED_EDGE('',*,*,#4001,.T.);
#2520=ORIENTED_EDGE('',*,*,#4002,.T.);
#2521=ORIENTED_EDGE('',*,*,#3895,.F.);
#2522=ORIENTED_EDGE('',*,*,#4003,.T.);
#2523=ORIENTED_EDGE('',*,*,#4004,.T.);
#2524=ORIENTED_EDGE('',*,*,#4005,.T.);
#2525=ORIENTED_EDGE('',*,*,#3894,.F.);
#2526=ORIENTED_EDGE('',*,*,#3998,.F.);
#2527=ORIENTED_EDGE('',*,*,#3972,.F.);
#2528=ORIENTED_EDGE('',*,*,#4003,.F.);
#2529=ORIENTED_EDGE('',*,*,#3896,.F.);
#2530=ORIENTED_EDGE('',*,*,#4005,.F.);
#2531=ORIENTED_EDGE('',*,*,#4006,.F.);
#2532=ORIENTED_EDGE('',*,*,#4000,.F.);
#2533=ORIENTED_EDGE('',*,*,#3898,.F.);
#2534=ORIENTED_EDGE('',*,*,#4002,.F.);
#2535=ORIENTED_EDGE('',*,*,#4007,.F.);
#2536=ORIENTED_EDGE('',*,*,#3933,.F.);
#2537=ORIENTED_EDGE('',*,*,#4008,.F.);
#2538=ORIENTED_EDGE('',*,*,#4009,.F.);
#2539=ORIENTED_EDGE('',*,*,#3931,.F.);
#2540=ORIENTED_EDGE('',*,*,#3974,.F.);
#2541=ORIENTED_EDGE('',*,*,#3999,.F.);
#2542=ORIENTED_EDGE('',*,*,#3892,.F.);
#2543=ORIENTED_EDGE('',*,*,#4001,.F.);
#2544=ORIENTED_EDGE('',*,*,#4006,.T.);
#2545=ORIENTED_EDGE('',*,*,#4010,.T.);
#2546=ORIENTED_EDGE('',*,*,#4011,.T.);
#2547=ORIENTED_EDGE('',*,*,#4012,.T.);
#2548=ORIENTED_EDGE('',*,*,#4007,.T.);
#2549=ORIENTED_EDGE('',*,*,#3901,.T.);
#2550=ORIENTED_EDGE('',*,*,#4013,.T.);
#2551=ORIENTED_EDGE('',*,*,#4014,.T.);
#2552=ORIENTED_EDGE('',*,*,#4015,.T.);
#2553=ORIENTED_EDGE('',*,*,#4016,.T.);
#2554=ORIENTED_EDGE('',*,*,#4017,.T.);
#2555=ORIENTED_EDGE('',*,*,#3905,.F.);
#2556=ORIENTED_EDGE('',*,*,#4018,.T.);
#2557=ORIENTED_EDGE('',*,*,#4019,.T.);
#2558=ORIENTED_EDGE('',*,*,#4020,.T.);
#2559=ORIENTED_EDGE('',*,*,#3903,.F.);
#2560=ORIENTED_EDGE('',*,*,#4021,.T.);
#2561=ORIENTED_EDGE('',*,*,#4022,.T.);
#2562=ORIENTED_EDGE('',*,*,#3902,.F.);
#2563=ORIENTED_EDGE('',*,*,#4015,.F.);
#2564=ORIENTED_EDGE('',*,*,#4023,.F.);
#2565=ORIENTED_EDGE('',*,*,#4021,.F.);
#2566=ORIENTED_EDGE('',*,*,#4024,.F.);
#2567=ORIENTED_EDGE('',*,*,#3935,.F.);
#2568=ORIENTED_EDGE('',*,*,#4025,.F.);
#2569=ORIENTED_EDGE('',*,*,#4013,.F.);
#2570=ORIENTED_EDGE('',*,*,#3900,.F.);
#2571=ORIENTED_EDGE('',*,*,#4023,.T.);
#2572=ORIENTED_EDGE('',*,*,#4014,.F.);
#2573=ORIENTED_EDGE('',*,*,#4025,.T.);
#2574=ORIENTED_EDGE('',*,*,#3939,.F.);
#2575=ORIENTED_EDGE('',*,*,#4011,.F.);
#2576=ORIENTED_EDGE('',*,*,#4022,.F.);
#2577=ORIENTED_EDGE('',*,*,#3906,.F.);
#2578=ORIENTED_EDGE('',*,*,#4017,.F.);
#2579=ORIENTED_EDGE('',*,*,#4026,.F.);
#2580=ORIENTED_EDGE('',*,*,#3937,.F.);
#2581=ORIENTED_EDGE('',*,*,#4027,.F.);
#2582=ORIENTED_EDGE('',*,*,#3904,.F.);
#2583=ORIENTED_EDGE('',*,*,#4020,.F.);
#2584=ORIENTED_EDGE('',*,*,#4028,.F.);
#2585=ORIENTED_EDGE('',*,*,#4018,.F.);
#2586=ORIENTED_EDGE('',*,*,#4029,.T.);
#2587=ORIENTED_EDGE('',*,*,#4026,.T.);
#2588=ORIENTED_EDGE('',*,*,#4016,.F.);
#2589=ORIENTED_EDGE('',*,*,#4028,.T.);
#2590=ORIENTED_EDGE('',*,*,#4030,.T.);
#2591=ORIENTED_EDGE('',*,*,#4031,.T.);
#2592=ORIENTED_EDGE('',*,*,#4032,.T.);
#2593=ORIENTED_EDGE('',*,*,#4033,.T.);
#2594=ORIENTED_EDGE('',*,*,#4032,.F.);
#2595=ORIENTED_EDGE('',*,*,#4034,.T.);
#2596=ORIENTED_EDGE('',*,*,#3909,.T.);
#2597=ORIENTED_EDGE('',*,*,#4035,.T.);
#2598=ORIENTED_EDGE('',*,*,#3913,.F.);
#2599=ORIENTED_EDGE('',*,*,#4036,.T.);
#2600=ORIENTED_EDGE('',*,*,#3995,.T.);
#2601=ORIENTED_EDGE('',*,*,#4037,.T.);
#2602=ORIENTED_EDGE('',*,*,#3911,.F.);
#2603=ORIENTED_EDGE('',*,*,#4038,.T.);
#2604=ORIENTED_EDGE('',*,*,#4039,.T.);
#2605=ORIENTED_EDGE('',*,*,#4040,.T.);
#2606=ORIENTED_EDGE('',*,*,#3910,.F.);
#2607=ORIENTED_EDGE('',*,*,#4034,.F.);
#2608=ORIENTED_EDGE('',*,*,#4031,.F.);
#2609=ORIENTED_EDGE('',*,*,#4038,.F.);
#2610=ORIENTED_EDGE('',*,*,#3912,.F.);
#2611=ORIENTED_EDGE('',*,*,#4040,.F.);
#2612=ORIENTED_EDGE('',*,*,#3996,.F.);
#2613=ORIENTED_EDGE('',*,*,#4036,.F.);
#2614=ORIENTED_EDGE('',*,*,#3914,.F.);
#2615=ORIENTED_EDGE('',*,*,#4037,.F.);
#2616=ORIENTED_EDGE('',*,*,#3994,.F.);
#2617=ORIENTED_EDGE('',*,*,#3942,.F.);
#2618=ORIENTED_EDGE('',*,*,#4041,.F.);
#2619=ORIENTED_EDGE('',*,*,#4042,.F.);
#2620=ORIENTED_EDGE('',*,*,#3940,.F.);
#2621=ORIENTED_EDGE('',*,*,#4033,.F.);
#2622=ORIENTED_EDGE('',*,*,#4035,.F.);
#2623=ORIENTED_EDGE('',*,*,#3908,.F.);
#2624=ORIENTED_EDGE('',*,*,#4043,.T.);
#2625=ORIENTED_EDGE('',*,*,#4044,.T.);
#2626=ORIENTED_EDGE('',*,*,#3943,.F.);
#2627=ORIENTED_EDGE('',*,*,#3993,.F.);
#2628=ORIENTED_EDGE('',*,*,#3926,.T.);
#2629=ORIENTED_EDGE('',*,*,#3976,.F.);
#2630=ORIENTED_EDGE('',*,*,#3930,.T.);
#2631=ORIENTED_EDGE('',*,*,#3975,.F.);
#2632=ORIENTED_EDGE('',*,*,#3934,.T.);
#2633=ORIENTED_EDGE('',*,*,#4012,.F.);
#2634=ORIENTED_EDGE('',*,*,#3938,.T.);
#2635=ORIENTED_EDGE('',*,*,#4029,.F.);
#2636=ORIENTED_EDGE('',*,*,#4043,.F.);
#2637=ORIENTED_EDGE('',*,*,#4044,.F.);
#2638=ORIENTED_EDGE('',*,*,#4039,.F.);
#2639=ORIENTED_EDGE('',*,*,#4030,.F.);
#2640=ORIENTED_EDGE('',*,*,#4019,.F.);
#2641=ORIENTED_EDGE('',*,*,#4010,.F.);
#2642=ORIENTED_EDGE('',*,*,#4004,.F.);
#2643=ORIENTED_EDGE('',*,*,#3971,.F.);
#2644=ORIENTED_EDGE('',*,*,#3962,.F.);
#2645=ORIENTED_EDGE('',*,*,#3980,.F.);
#2646=ORIENTED_EDGE('',*,*,#3986,.F.);
#2647=ORIENTED_EDGE('',*,*,#3997,.F.);
#2648=ORIENTED_EDGE('',*,*,#3967,.T.);
#2649=ORIENTED_EDGE('',*,*,#3928,.F.);
#2650=ORIENTED_EDGE('',*,*,#3968,.T.);
#2651=ORIENTED_EDGE('',*,*,#4045,.F.);
#2652=ORIENTED_EDGE('',*,*,#3989,.T.);
#2653=ORIENTED_EDGE('',*,*,#3924,.F.);
#2654=ORIENTED_EDGE('',*,*,#3990,.T.);
#2655=ORIENTED_EDGE('',*,*,#4046,.F.);
#2656=ORIENTED_EDGE('',*,*,#4008,.T.);
#2657=ORIENTED_EDGE('',*,*,#3932,.F.);
#2658=ORIENTED_EDGE('',*,*,#4009,.T.);
#2659=ORIENTED_EDGE('',*,*,#4047,.F.);
#2660=ORIENTED_EDGE('',*,*,#4024,.T.);
#2661=ORIENTED_EDGE('',*,*,#4048,.F.);
#2662=ORIENTED_EDGE('',*,*,#4027,.T.);
#2663=ORIENTED_EDGE('',*,*,#3936,.F.);
#2664=ORIENTED_EDGE('',*,*,#4041,.T.);
#2665=ORIENTED_EDGE('',*,*,#3941,.F.);
#2666=ORIENTED_EDGE('',*,*,#4042,.T.);
#2667=ORIENTED_EDGE('',*,*,#4049,.F.);
#2668=ORIENTED_EDGE('',*,*,#4045,.T.);
#2669=ORIENTED_EDGE('',*,*,#3883,.T.);
#2670=ORIENTED_EDGE('',*,*,#4046,.T.);
#2671=ORIENTED_EDGE('',*,*,#3915,.T.);
#2672=ORIENTED_EDGE('',*,*,#4049,.T.);
#2673=ORIENTED_EDGE('',*,*,#3907,.T.);
#2674=ORIENTED_EDGE('',*,*,#4048,.T.);
#2675=ORIENTED_EDGE('',*,*,#3899,.T.);
#2676=ORIENTED_EDGE('',*,*,#4047,.T.);
#2677=ORIENTED_EDGE('',*,*,#3891,.T.);
#2678=ORIENTED_EDGE('',*,*,#4050,.T.);
#2679=ORIENTED_EDGE('',*,*,#4051,.T.);
#2680=ORIENTED_EDGE('',*,*,#4052,.T.);
#2681=ORIENTED_EDGE('',*,*,#4053,.T.);
#2682=ORIENTED_EDGE('',*,*,#4050,.F.);
#2683=ORIENTED_EDGE('',*,*,#4052,.F.);
#2684=ORIENTED_EDGE('',*,*,#4053,.F.);
#2685=ORIENTED_EDGE('',*,*,#4051,.F.);
#2686=ORIENTED_EDGE('',*,*,#4054,.F.);
#2687=ORIENTED_EDGE('',*,*,#4055,.F.);
#2688=ORIENTED_EDGE('',*,*,#4056,.F.);
#2689=ORIENTED_EDGE('',*,*,#4057,.F.);
#2690=ORIENTED_EDGE('',*,*,#4054,.T.);
#2691=ORIENTED_EDGE('',*,*,#4056,.T.);
#2692=ORIENTED_EDGE('',*,*,#4057,.T.);
#2693=ORIENTED_EDGE('',*,*,#4055,.T.);
#2694=ORIENTED_EDGE('',*,*,#4058,.T.);
#2695=ORIENTED_EDGE('',*,*,#4059,.T.);
#2696=ORIENTED_EDGE('',*,*,#4060,.T.);
#2697=ORIENTED_EDGE('',*,*,#4061,.F.);
#2698=ORIENTED_EDGE('',*,*,#4062,.T.);
#2699=ORIENTED_EDGE('',*,*,#4063,.T.);
#2700=ORIENTED_EDGE('',*,*,#4064,.T.);
#2701=ORIENTED_EDGE('',*,*,#4065,.F.);
#2702=ORIENTED_EDGE('',*,*,#4066,.T.);
#2703=ORIENTED_EDGE('',*,*,#4067,.T.);
#2704=ORIENTED_EDGE('',*,*,#4068,.T.);
#2705=ORIENTED_EDGE('',*,*,#4069,.F.);
#2706=ORIENTED_EDGE('',*,*,#4070,.T.);
#2707=ORIENTED_EDGE('',*,*,#4071,.T.);
#2708=ORIENTED_EDGE('',*,*,#4072,.T.);
#2709=ORIENTED_EDGE('',*,*,#4073,.F.);
#2710=ORIENTED_EDGE('',*,*,#4074,.T.);
#2711=ORIENTED_EDGE('',*,*,#4075,.T.);
#2712=ORIENTED_EDGE('',*,*,#4076,.T.);
#2713=ORIENTED_EDGE('',*,*,#4077,.T.);
#2714=ORIENTED_EDGE('',*,*,#4078,.F.);
#2715=ORIENTED_EDGE('',*,*,#4079,.T.);
#2716=ORIENTED_EDGE('',*,*,#4080,.T.);
#2717=ORIENTED_EDGE('',*,*,#4081,.T.);
#2718=ORIENTED_EDGE('',*,*,#4082,.T.);
#2719=ORIENTED_EDGE('',*,*,#4083,.T.);
#2720=ORIENTED_EDGE('',*,*,#4084,.T.);
#2721=ORIENTED_EDGE('',*,*,#4085,.T.);
#2722=ORIENTED_EDGE('',*,*,#4086,.F.);
#2723=ORIENTED_EDGE('',*,*,#4087,.T.);
#2724=ORIENTED_EDGE('',*,*,#4088,.T.);
#2725=ORIENTED_EDGE('',*,*,#4089,.T.);
#2726=ORIENTED_EDGE('',*,*,#4090,.T.);
#2727=ORIENTED_EDGE('',*,*,#4091,.T.);
#2728=ORIENTED_EDGE('',*,*,#4092,.T.);
#2729=ORIENTED_EDGE('',*,*,#4093,.T.);
#2730=ORIENTED_EDGE('',*,*,#4094,.F.);
#2731=ORIENTED_EDGE('',*,*,#4095,.T.);
#2732=ORIENTED_EDGE('',*,*,#4096,.T.);
#2733=ORIENTED_EDGE('',*,*,#4097,.T.);
#2734=ORIENTED_EDGE('',*,*,#4098,.T.);
#2735=ORIENTED_EDGE('',*,*,#4099,.T.);
#2736=ORIENTED_EDGE('',*,*,#4100,.T.);
#2737=ORIENTED_EDGE('',*,*,#4101,.T.);
#2738=ORIENTED_EDGE('',*,*,#4102,.F.);
#2739=ORIENTED_EDGE('',*,*,#4103,.T.);
#2740=ORIENTED_EDGE('',*,*,#4104,.T.);
#2741=ORIENTED_EDGE('',*,*,#4105,.T.);
#2742=ORIENTED_EDGE('',*,*,#4106,.T.);
#2743=ORIENTED_EDGE('',*,*,#4107,.T.);
#2744=ORIENTED_EDGE('',*,*,#4108,.T.);
#2745=ORIENTED_EDGE('',*,*,#4109,.T.);
#2746=ORIENTED_EDGE('',*,*,#4110,.F.);
#2747=ORIENTED_EDGE('',*,*,#4111,.T.);
#2748=ORIENTED_EDGE('',*,*,#4112,.T.);
#2749=ORIENTED_EDGE('',*,*,#4113,.T.);
#2750=ORIENTED_EDGE('',*,*,#4114,.T.);
#2751=ORIENTED_EDGE('',*,*,#4115,.F.);
#2752=ORIENTED_EDGE('',*,*,#4116,.T.);
#2753=ORIENTED_EDGE('',*,*,#4117,.T.);
#2754=ORIENTED_EDGE('',*,*,#4118,.T.);
#2755=ORIENTED_EDGE('',*,*,#4119,.T.);
#2756=ORIENTED_EDGE('',*,*,#4120,.T.);
#2757=ORIENTED_EDGE('',*,*,#4121,.F.);
#2758=ORIENTED_EDGE('',*,*,#4122,.F.);
#2759=ORIENTED_EDGE('',*,*,#4123,.T.);
#2760=ORIENTED_EDGE('',*,*,#4124,.F.);
#2761=ORIENTED_EDGE('',*,*,#4125,.F.);
#2762=ORIENTED_EDGE('',*,*,#4126,.T.);
#2763=ORIENTED_EDGE('',*,*,#4121,.T.);
#2764=ORIENTED_EDGE('',*,*,#4127,.F.);
#2765=ORIENTED_EDGE('',*,*,#4128,.F.);
#2766=ORIENTED_EDGE('',*,*,#4129,.T.);
#2767=ORIENTED_EDGE('',*,*,#4125,.T.);
#2768=ORIENTED_EDGE('',*,*,#4130,.F.);
#2769=ORIENTED_EDGE('',*,*,#4123,.F.);
#2770=ORIENTED_EDGE('',*,*,#4131,.T.);
#2771=ORIENTED_EDGE('',*,*,#4128,.T.);
#2772=ORIENTED_EDGE('',*,*,#4122,.T.);
#2773=ORIENTED_EDGE('',*,*,#4126,.F.);
#2774=ORIENTED_EDGE('',*,*,#4129,.F.);
#2775=ORIENTED_EDGE('',*,*,#4131,.F.);
#2776=ORIENTED_EDGE('',*,*,#4115,.T.);
#2777=ORIENTED_EDGE('',*,*,#4120,.F.);
#2778=ORIENTED_EDGE('',*,*,#4130,.T.);
#2779=ORIENTED_EDGE('',*,*,#4127,.T.);
#2780=ORIENTED_EDGE('',*,*,#4124,.T.);
#2781=ORIENTED_EDGE('',*,*,#4078,.T.);
#2782=ORIENTED_EDGE('',*,*,#4132,.T.);
#2783=ORIENTED_EDGE('',*,*,#4133,.F.);
#2784=ORIENTED_EDGE('',*,*,#4134,.T.);
#2785=ORIENTED_EDGE('',*,*,#4082,.F.);
#2786=ORIENTED_EDGE('',*,*,#4135,.T.);
#2787=ORIENTED_EDGE('',*,*,#4136,.T.);
#2788=ORIENTED_EDGE('',*,*,#4137,.T.);
#2789=ORIENTED_EDGE('',*,*,#4138,.T.);
#2790=ORIENTED_EDGE('',*,*,#4139,.T.);
#2791=ORIENTED_EDGE('',*,*,#4080,.F.);
#2792=ORIENTED_EDGE('',*,*,#4140,.T.);
#2793=ORIENTED_EDGE('',*,*,#4081,.F.);
#2794=ORIENTED_EDGE('',*,*,#4139,.F.);
#2795=ORIENTED_EDGE('',*,*,#4141,.F.);
#2796=ORIENTED_EDGE('',*,*,#4135,.F.);
#2797=ORIENTED_EDGE('',*,*,#4083,.F.);
#2798=ORIENTED_EDGE('',*,*,#4137,.F.);
#2799=ORIENTED_EDGE('',*,*,#4142,.F.);
#2800=ORIENTED_EDGE('',*,*,#4064,.F.);
#2801=ORIENTED_EDGE('',*,*,#4143,.F.);
#2802=ORIENTED_EDGE('',*,*,#4144,.F.);
#2803=ORIENTED_EDGE('',*,*,#4062,.F.);
#2804=ORIENTED_EDGE('',*,*,#4145,.F.);
#2805=ORIENTED_EDGE('',*,*,#4132,.F.);
#2806=ORIENTED_EDGE('',*,*,#4077,.F.);
#2807=ORIENTED_EDGE('',*,*,#4079,.F.);
#2808=ORIENTED_EDGE('',*,*,#4134,.F.);
#2809=ORIENTED_EDGE('',*,*,#4146,.F.);
#2810=ORIENTED_EDGE('',*,*,#4140,.F.);
#2811=ORIENTED_EDGE('',*,*,#4136,.F.);
#2812=ORIENTED_EDGE('',*,*,#4141,.T.);
#2813=ORIENTED_EDGE('',*,*,#4147,.T.);
#2814=ORIENTED_EDGE('',*,*,#4148,.T.);
#2815=ORIENTED_EDGE('',*,*,#4149,.T.);
#2816=ORIENTED_EDGE('',*,*,#4150,.T.);
#2817=ORIENTED_EDGE('',*,*,#4151,.T.);
#2818=ORIENTED_EDGE('',*,*,#4142,.T.);
#2819=ORIENTED_EDGE('',*,*,#4133,.T.);
#2820=ORIENTED_EDGE('',*,*,#4145,.T.);
#2821=ORIENTED_EDGE('',*,*,#4152,.T.);
#2822=ORIENTED_EDGE('',*,*,#4153,.T.);
#2823=ORIENTED_EDGE('',*,*,#4154,.F.);
#2824=ORIENTED_EDGE('',*,*,#4155,.T.);
#2825=ORIENTED_EDGE('',*,*,#4156,.T.);
#2826=ORIENTED_EDGE('',*,*,#4146,.T.);
#2827=ORIENTED_EDGE('',*,*,#4110,.T.);
#2828=ORIENTED_EDGE('',*,*,#4157,.T.);
#2829=ORIENTED_EDGE('',*,*,#4158,.F.);
#2830=ORIENTED_EDGE('',*,*,#4159,.T.);
#2831=ORIENTED_EDGE('',*,*,#4114,.F.);
#2832=ORIENTED_EDGE('',*,*,#4160,.T.);
#2833=ORIENTED_EDGE('',*,*,#4154,.T.);
#2834=ORIENTED_EDGE('',*,*,#4161,.T.);
#2835=ORIENTED_EDGE('',*,*,#4162,.T.);
#2836=ORIENTED_EDGE('',*,*,#4163,.T.);
#2837=ORIENTED_EDGE('',*,*,#4112,.F.);
#2838=ORIENTED_EDGE('',*,*,#4164,.T.);
#2839=ORIENTED_EDGE('',*,*,#4113,.F.);
#2840=ORIENTED_EDGE('',*,*,#4163,.F.);
#2841=ORIENTED_EDGE('',*,*,#4155,.F.);
#2842=ORIENTED_EDGE('',*,*,#4160,.F.);
#2843=ORIENTED_EDGE('',*,*,#4075,.F.);
#2844=ORIENTED_EDGE('',*,*,#4161,.F.);
#2845=ORIENTED_EDGE('',*,*,#4153,.F.);
#2846=ORIENTED_EDGE('',*,*,#4060,.F.);
#2847=ORIENTED_EDGE('',*,*,#4165,.F.);
#2848=ORIENTED_EDGE('',*,*,#4166,.F.);
#2849=ORIENTED_EDGE('',*,*,#4058,.F.);
#2850=ORIENTED_EDGE('',*,*,#4167,.F.);
#2851=ORIENTED_EDGE('',*,*,#4157,.F.);
#2852=ORIENTED_EDGE('',*,*,#4109,.F.);
#2853=ORIENTED_EDGE('',*,*,#4111,.F.);
#2854=ORIENTED_EDGE('',*,*,#4159,.F.);
#2855=ORIENTED_EDGE('',*,*,#4168,.F.);
#2856=ORIENTED_EDGE('',*,*,#4164,.F.);
#2857=ORIENTED_EDGE('',*,*,#4158,.T.);
#2858=ORIENTED_EDGE('',*,*,#4167,.T.);
#2859=ORIENTED_EDGE('',*,*,#4169,.T.);
#2860=ORIENTED_EDGE('',*,*,#4170,.T.);
#2861=ORIENTED_EDGE('',*,*,#4171,.F.);
#2862=ORIENTED_EDGE('',*,*,#4172,.T.);
#2863=ORIENTED_EDGE('',*,*,#4173,.T.);
#2864=ORIENTED_EDGE('',*,*,#4168,.T.);
#2865=ORIENTED_EDGE('',*,*,#4149,.F.);
#2866=ORIENTED_EDGE('',*,*,#4174,.T.);
#2867=ORIENTED_EDGE('',*,*,#4086,.T.);
#2868=ORIENTED_EDGE('',*,*,#4175,.T.);
#2869=ORIENTED_EDGE('',*,*,#4090,.F.);
#2870=ORIENTED_EDGE('',*,*,#4176,.T.);
#2871=ORIENTED_EDGE('',*,*,#4177,.T.);
#2872=ORIENTED_EDGE('',*,*,#4178,.T.);
#2873=ORIENTED_EDGE('',*,*,#4088,.F.);
#2874=ORIENTED_EDGE('',*,*,#4179,.T.);
#2875=ORIENTED_EDGE('',*,*,#4180,.T.);
#2876=ORIENTED_EDGE('',*,*,#4181,.T.);
#2877=ORIENTED_EDGE('',*,*,#4087,.F.);
#2878=ORIENTED_EDGE('',*,*,#4174,.F.);
#2879=ORIENTED_EDGE('',*,*,#4148,.F.);
#2880=ORIENTED_EDGE('',*,*,#4179,.F.);
#2881=ORIENTED_EDGE('',*,*,#4089,.F.);
#2882=ORIENTED_EDGE('',*,*,#4181,.F.);
#2883=ORIENTED_EDGE('',*,*,#4182,.F.);
#2884=ORIENTED_EDGE('',*,*,#4176,.F.);
#2885=ORIENTED_EDGE('',*,*,#4091,.F.);
#2886=ORIENTED_EDGE('',*,*,#4178,.F.);
#2887=ORIENTED_EDGE('',*,*,#4183,.F.);
#2888=ORIENTED_EDGE('',*,*,#4068,.F.);
#2889=ORIENTED_EDGE('',*,*,#4184,.F.);
#2890=ORIENTED_EDGE('',*,*,#4185,.F.);
#2891=ORIENTED_EDGE('',*,*,#4066,.F.);
#2892=ORIENTED_EDGE('',*,*,#4150,.F.);
#2893=ORIENTED_EDGE('',*,*,#4175,.F.);
#2894=ORIENTED_EDGE('',*,*,#4085,.F.);
#2895=ORIENTED_EDGE('',*,*,#4177,.F.);
#2896=ORIENTED_EDGE('',*,*,#4182,.T.);
#2897=ORIENTED_EDGE('',*,*,#4186,.T.);
#2898=ORIENTED_EDGE('',*,*,#4187,.T.);
#2899=ORIENTED_EDGE('',*,*,#4188,.T.);
#2900=ORIENTED_EDGE('',*,*,#4183,.T.);
#2901=ORIENTED_EDGE('',*,*,#4094,.T.);
#2902=ORIENTED_EDGE('',*,*,#4189,.T.);
#2903=ORIENTED_EDGE('',*,*,#4190,.T.);
#2904=ORIENTED_EDGE('',*,*,#4191,.T.);
#2905=ORIENTED_EDGE('',*,*,#4192,.T.);
#2906=ORIENTED_EDGE('',*,*,#4193,.T.);
#2907=ORIENTED_EDGE('',*,*,#4098,.F.);
#2908=ORIENTED_EDGE('',*,*,#4194,.T.);
#2909=ORIENTED_EDGE('',*,*,#4195,.T.);
#2910=ORIENTED_EDGE('',*,*,#4196,.T.);
#2911=ORIENTED_EDGE('',*,*,#4096,.F.);
#2912=ORIENTED_EDGE('',*,*,#4197,.T.);
#2913=ORIENTED_EDGE('',*,*,#4198,.T.);
#2914=ORIENTED_EDGE('',*,*,#4095,.F.);
#2915=ORIENTED_EDGE('',*,*,#4191,.F.);
#2916=ORIENTED_EDGE('',*,*,#4199,.F.);
#2917=ORIENTED_EDGE('',*,*,#4197,.F.);
#2918=ORIENTED_EDGE('',*,*,#4200,.F.);
#2919=ORIENTED_EDGE('',*,*,#4070,.F.);
#2920=ORIENTED_EDGE('',*,*,#4201,.F.);
#2921=ORIENTED_EDGE('',*,*,#4189,.F.);
#2922=ORIENTED_EDGE('',*,*,#4093,.F.);
#2923=ORIENTED_EDGE('',*,*,#4199,.T.);
#2924=ORIENTED_EDGE('',*,*,#4190,.F.);
#2925=ORIENTED_EDGE('',*,*,#4201,.T.);
#2926=ORIENTED_EDGE('',*,*,#4074,.F.);
#2927=ORIENTED_EDGE('',*,*,#4187,.F.);
#2928=ORIENTED_EDGE('',*,*,#4198,.F.);
#2929=ORIENTED_EDGE('',*,*,#4099,.F.);
#2930=ORIENTED_EDGE('',*,*,#4193,.F.);
#2931=ORIENTED_EDGE('',*,*,#4202,.F.);
#2932=ORIENTED_EDGE('',*,*,#4072,.F.);
#2933=ORIENTED_EDGE('',*,*,#4203,.T.);
#2934=ORIENTED_EDGE('',*,*,#4097,.F.);
#2935=ORIENTED_EDGE('',*,*,#4196,.F.);
#2936=ORIENTED_EDGE('',*,*,#4204,.F.);
#2937=ORIENTED_EDGE('',*,*,#4194,.F.);
#2938=ORIENTED_EDGE('',*,*,#4205,.T.);
#2939=ORIENTED_EDGE('',*,*,#4202,.T.);
#2940=ORIENTED_EDGE('',*,*,#4192,.F.);
#2941=ORIENTED_EDGE('',*,*,#4204,.T.);
#2942=ORIENTED_EDGE('',*,*,#4206,.T.);
#2943=ORIENTED_EDGE('',*,*,#4207,.T.);
#2944=ORIENTED_EDGE('',*,*,#4208,.T.);
#2945=ORIENTED_EDGE('',*,*,#4209,.T.);
#2946=ORIENTED_EDGE('',*,*,#4208,.F.);
#2947=ORIENTED_EDGE('',*,*,#4210,.T.);
#2948=ORIENTED_EDGE('',*,*,#4102,.T.);
#2949=ORIENTED_EDGE('',*,*,#4211,.T.);
#2950=ORIENTED_EDGE('',*,*,#4106,.F.);
#2951=ORIENTED_EDGE('',*,*,#4212,.T.);
#2952=ORIENTED_EDGE('',*,*,#4171,.T.);
#2953=ORIENTED_EDGE('',*,*,#4213,.T.);
#2954=ORIENTED_EDGE('',*,*,#4104,.F.);
#2955=ORIENTED_EDGE('',*,*,#4214,.T.);
#2956=ORIENTED_EDGE('',*,*,#4215,.T.);
#2957=ORIENTED_EDGE('',*,*,#4216,.T.);
#2958=ORIENTED_EDGE('',*,*,#4103,.F.);
#2959=ORIENTED_EDGE('',*,*,#4210,.F.);
#2960=ORIENTED_EDGE('',*,*,#4207,.F.);
#2961=ORIENTED_EDGE('',*,*,#4214,.F.);
#2962=ORIENTED_EDGE('',*,*,#4105,.F.);
#2963=ORIENTED_EDGE('',*,*,#4216,.F.);
#2964=ORIENTED_EDGE('',*,*,#4172,.F.);
#2965=ORIENTED_EDGE('',*,*,#4212,.F.);
#2966=ORIENTED_EDGE('',*,*,#4107,.F.);
#2967=ORIENTED_EDGE('',*,*,#4213,.F.);
#2968=ORIENTED_EDGE('',*,*,#4170,.F.);
#2969=ORIENTED_EDGE('',*,*,#4118,.F.);
#2970=ORIENTED_EDGE('',*,*,#4217,.F.);
#2971=ORIENTED_EDGE('',*,*,#4218,.F.);
#2972=ORIENTED_EDGE('',*,*,#4116,.F.);
#2973=ORIENTED_EDGE('',*,*,#4209,.F.);
#2974=ORIENTED_EDGE('',*,*,#4211,.F.);
#2975=ORIENTED_EDGE('',*,*,#4101,.F.);
#2976=ORIENTED_EDGE('',*,*,#4219,.T.);
#2977=ORIENTED_EDGE('',*,*,#4220,.T.);
#2978=ORIENTED_EDGE('',*,*,#4119,.F.);
#2979=ORIENTED_EDGE('',*,*,#4169,.F.);
#2980=ORIENTED_EDGE('',*,*,#4061,.T.);
#2981=ORIENTED_EDGE('',*,*,#4152,.F.);
#2982=ORIENTED_EDGE('',*,*,#4065,.T.);
#2983=ORIENTED_EDGE('',*,*,#4151,.F.);
#2984=ORIENTED_EDGE('',*,*,#4069,.T.);
#2985=ORIENTED_EDGE('',*,*,#4188,.F.);
#2986=ORIENTED_EDGE('',*,*,#4073,.T.);
#2987=ORIENTED_EDGE('',*,*,#4205,.F.);
#2988=ORIENTED_EDGE('',*,*,#4219,.F.);
#2989=ORIENTED_EDGE('',*,*,#4220,.F.);
#2990=ORIENTED_EDGE('',*,*,#4215,.F.);
#2991=ORIENTED_EDGE('',*,*,#4206,.F.);
#2992=ORIENTED_EDGE('',*,*,#4195,.F.);
#2993=ORIENTED_EDGE('',*,*,#4186,.F.);
#2994=ORIENTED_EDGE('',*,*,#4180,.F.);
#2995=ORIENTED_EDGE('',*,*,#4147,.F.);
#2996=ORIENTED_EDGE('',*,*,#4138,.F.);
#2997=ORIENTED_EDGE('',*,*,#4156,.F.);
#2998=ORIENTED_EDGE('',*,*,#4162,.F.);
#2999=ORIENTED_EDGE('',*,*,#4173,.F.);
#3000=ORIENTED_EDGE('',*,*,#4143,.T.);
#3001=ORIENTED_EDGE('',*,*,#4063,.F.);
#3002=ORIENTED_EDGE('',*,*,#4144,.T.);
#3003=ORIENTED_EDGE('',*,*,#4221,.T.);
#3004=ORIENTED_EDGE('',*,*,#4165,.T.);
#3005=ORIENTED_EDGE('',*,*,#4059,.F.);
#3006=ORIENTED_EDGE('',*,*,#4166,.T.);
#3007=ORIENTED_EDGE('',*,*,#4222,.T.);
#3008=ORIENTED_EDGE('',*,*,#4184,.T.);
#3009=ORIENTED_EDGE('',*,*,#4067,.F.);
#3010=ORIENTED_EDGE('',*,*,#4185,.T.);
#3011=ORIENTED_EDGE('',*,*,#4223,.T.);
#3012=ORIENTED_EDGE('',*,*,#4200,.T.);
#3013=ORIENTED_EDGE('',*,*,#4224,.T.);
#3014=ORIENTED_EDGE('',*,*,#4203,.F.);
#3015=ORIENTED_EDGE('',*,*,#4071,.F.);
#3016=ORIENTED_EDGE('',*,*,#4217,.T.);
#3017=ORIENTED_EDGE('',*,*,#4117,.F.);
#3018=ORIENTED_EDGE('',*,*,#4218,.T.);
#3019=ORIENTED_EDGE('',*,*,#4225,.T.);
#3020=ORIENTED_EDGE('',*,*,#4222,.F.);
#3021=ORIENTED_EDGE('',*,*,#4108,.F.);
#3022=ORIENTED_EDGE('',*,*,#4225,.F.);
#3023=ORIENTED_EDGE('',*,*,#4100,.F.);
#3024=ORIENTED_EDGE('',*,*,#4224,.F.);
#3025=ORIENTED_EDGE('',*,*,#4092,.F.);
#3026=ORIENTED_EDGE('',*,*,#4223,.F.);
#3027=ORIENTED_EDGE('',*,*,#4084,.F.);
#3028=ORIENTED_EDGE('',*,*,#4221,.F.);
#3029=ORIENTED_EDGE('',*,*,#4076,.F.);
#3030=ORIENTED_EDGE('',*,*,#4226,.T.);
#3031=ORIENTED_EDGE('',*,*,#4227,.T.);
#3032=ORIENTED_EDGE('',*,*,#4228,.T.);
#3033=ORIENTED_EDGE('',*,*,#4229,.T.);
#3034=ORIENTED_EDGE('',*,*,#4226,.F.);
#3035=ORIENTED_EDGE('',*,*,#4228,.F.);
#3036=ORIENTED_EDGE('',*,*,#4229,.F.);
#3037=ORIENTED_EDGE('',*,*,#4227,.F.);
#3038=ORIENTED_EDGE('',*,*,#4230,.T.);
#3039=ORIENTED_EDGE('',*,*,#4231,.T.);
#3040=ORIENTED_EDGE('',*,*,#4232,.T.);
#3041=ORIENTED_EDGE('',*,*,#4233,.T.);
#3042=ORIENTED_EDGE('',*,*,#4230,.F.);
#3043=ORIENTED_EDGE('',*,*,#4232,.F.);
#3044=ORIENTED_EDGE('',*,*,#4233,.F.);
#3045=ORIENTED_EDGE('',*,*,#4231,.F.);
#3046=EDGE_CURVE('',#4234,#4235,#5004,.T.);
#3047=EDGE_CURVE('',#4236,#4234,#5005,.T.);
#3048=EDGE_CURVE('',#4237,#4236,#5006,.T.);
#3049=EDGE_CURVE('',#4238,#4237,#5007,.F.);
#3050=EDGE_CURVE('',#4239,#4238,#5008,.T.);
#3051=EDGE_CURVE('',#4235,#4239,#5009,.T.);
#3052=EDGE_CURVE('',#4240,#4241,#5010,.T.);
#3053=EDGE_CURVE('',#4242,#4240,#5011,.T.);
#3054=EDGE_CURVE('',#4243,#4242,#5012,.T.);
#3055=EDGE_CURVE('',#4244,#4243,#5013,.T.);
#3056=EDGE_CURVE('',#4245,#4244,#5014,.T.);
#3057=EDGE_CURVE('',#4241,#4245,#5015,.T.);
#3058=EDGE_CURVE('',#4246,#4247,#5016,.T.);
#3059=EDGE_CURVE('',#4248,#4246,#5017,.T.);
#3060=EDGE_CURVE('',#4249,#4248,#5018,.F.);
#3061=EDGE_CURVE('',#4250,#4249,#5019,.T.);
#3062=EDGE_CURVE('',#4251,#4250,#5020,.T.);
#3063=EDGE_CURVE('',#4247,#4251,#5021,.T.);
#3064=EDGE_CURVE('',#4252,#4253,#5022,.T.);
#3065=EDGE_CURVE('',#4254,#4252,#5023,.T.);
#3066=EDGE_CURVE('',#4255,#4254,#5024,.T.);
#3067=EDGE_CURVE('',#4256,#4255,#5025,.T.);
#3068=EDGE_CURVE('',#4257,#4256,#5026,.T.);
#3069=EDGE_CURVE('',#4253,#4257,#5027,.T.);
#3070=EDGE_CURVE('',#4258,#4248,#5028,.T.);
#3071=EDGE_CURVE('',#4259,#4246,#5029,.T.);
#3072=EDGE_CURVE('',#4258,#4259,#5030,.T.);
#3073=EDGE_CURVE('',#4260,#4255,#5031,.T.);
#3074=EDGE_CURVE('',#4261,#4254,#5032,.T.);
#3075=EDGE_CURVE('',#4261,#4260,#5033,.T.);
#3076=EDGE_CURVE('',#4256,#4262,#5034,.T.);
#3077=EDGE_CURVE('',#4256,#4263,#5035,.T.);
#3078=EDGE_CURVE('',#4263,#4264,#5036,.T.);
#3079=EDGE_CURVE('',#4264,#4248,#5037,.T.);
#3080=EDGE_CURVE('',#4265,#4258,#5038,.T.);
#3081=EDGE_CURVE('',#4266,#4265,#5039,.T.);
#3082=EDGE_CURVE('',#4266,#4262,#5040,.T.);
#3083=EDGE_CURVE('',#4267,#4250,#5041,.T.);
#3084=EDGE_CURVE('',#4249,#4268,#5042,.T.);
#3085=EDGE_CURVE('',#4268,#4267,#5043,.T.);
#3086=EDGE_CURVE('',#4269,#4270,#5044,.T.);
#3087=EDGE_CURVE('',#4270,#4271,#5045,.T.);
#3088=EDGE_CURVE('',#4271,#4272,#5046,.T.);
#3089=EDGE_CURVE('',#4272,#4269,#5047,.T.);
#3090=EDGE_CURVE('',#4273,#4274,#5048,.T.);
#3091=EDGE_CURVE('',#4273,#4275,#5049,.T.);
#3092=EDGE_CURVE('',#4275,#4276,#5050,.T.);
#3093=EDGE_CURVE('',#4274,#4276,#5051,.T.);
#3094=EDGE_CURVE('',#4252,#4273,#5052,.T.);
#3095=EDGE_CURVE('',#4253,#4275,#5053,.T.);
#3096=EDGE_CURVE('',#4257,#4277,#5054,.T.);
#3097=EDGE_CURVE('',#4278,#4277,#5055,.T.);
#3098=EDGE_CURVE('',#4278,#4279,#5056,.T.);
#3099=EDGE_CURVE('',#4279,#4259,#5057,.T.);
#3100=EDGE_CURVE('',#4247,#4276,#5058,.T.);
#3101=EDGE_CURVE('',#4251,#4274,#5059,.T.);
#3102=EDGE_CURVE('',#4262,#4277,#5060,.T.);
#3103=EDGE_CURVE('',#4280,#4281,#5061,.T.);
#3104=EDGE_CURVE('',#4278,#4281,#5062,.T.);
#3105=EDGE_CURVE('',#4266,#4282,#5063,.T.);
#3106=EDGE_CURVE('',#4280,#4282,#5064,.T.);
#3107=EDGE_CURVE('',#4265,#4283,#5065,.T.);
#3108=EDGE_CURVE('',#4279,#4284,#5066,.T.);
#3109=EDGE_CURVE('',#4285,#4284,#5067,.T.);
#3110=EDGE_CURVE('',#4283,#4285,#5068,.T.);
#3111=EDGE_CURVE('',#4281,#4284,#5069,.T.);
#3112=EDGE_CURVE('',#4285,#4280,#5070,.T.);
#3113=EDGE_CURVE('',#4282,#4283,#5071,.T.);
#3114=EDGE_CURVE('',#4234,#4286,#5072,.T.);
#3115=EDGE_CURVE('',#4287,#4286,#5073,.T.);
#3116=EDGE_CURVE('',#4245,#4287,#5074,.T.);
#3117=EDGE_CURVE('',#4288,#4244,#5075,.T.);
#3118=EDGE_CURVE('',#4288,#4289,#5076,.T.);
#3119=EDGE_CURVE('',#4289,#4290,#5077,.T.);
#3120=EDGE_CURVE('',#4290,#4291,#5078,.T.);
#3121=EDGE_CURVE('',#4291,#4236,#5079,.T.);
#3122=EDGE_CURVE('',#4267,#4270,#5080,.T.);
#3123=EDGE_CURVE('',#4269,#4261,#5081,.T.);
#3124=EDGE_CURVE('',#4292,#4293,#5082,.T.);
#3125=EDGE_CURVE('',#4292,#4294,#5083,.T.);
#3126=EDGE_CURVE('',#4294,#4295,#5084,.T.);
#3127=EDGE_CURVE('',#4295,#4296,#5085,.F.);
#3128=EDGE_CURVE('',#4296,#4297,#5086,.T.);
#3129=EDGE_CURVE('',#4297,#4298,#5087,.T.);
#3130=EDGE_CURVE('',#4299,#4298,#5088,.T.);
#3131=EDGE_CURVE('',#4299,#4293,#5089,.F.);
#3132=EDGE_CURVE('',#4300,#4301,#5090,.T.);
#3133=EDGE_CURVE('',#4300,#4302,#5091,.T.);
#3134=EDGE_CURVE('',#4302,#4303,#5092,.T.);
#3135=EDGE_CURVE('',#4303,#4304,#5093,.T.);
#3136=EDGE_CURVE('',#4304,#4305,#5094,.T.);
#3137=EDGE_CURVE('',#4305,#4306,#5095,.T.);
#3138=EDGE_CURVE('',#4306,#4307,#5096,.T.);
#3139=EDGE_CURVE('',#4307,#4301,#5097,.T.);
#3140=EDGE_CURVE('',#4308,#4308,#414,.T.);
#3141=EDGE_CURVE('',#4309,#4309,#415,.T.);
#3142=EDGE_CURVE('',#4310,#4239,#5098,.T.);
#3143=EDGE_CURVE('',#4311,#4238,#5099,.T.);
#3144=EDGE_CURVE('',#4311,#4310,#5100,.T.);
#3145=EDGE_CURVE('',#4243,#4312,#5101,.T.);
#3146=EDGE_CURVE('',#4312,#4288,#5102,.T.);
#3147=EDGE_CURVE('',#4313,#4314,#5103,.T.);
#3148=EDGE_CURVE('',#4314,#4242,#5104,.T.);
#3149=EDGE_CURVE('',#4242,#4315,#5105,.T.);
#3150=EDGE_CURVE('',#4316,#4315,#5106,.T.);
#3151=EDGE_CURVE('',#4316,#4317,#5107,.T.);
#3152=EDGE_CURVE('',#4317,#4311,#5108,.T.);
#3153=EDGE_CURVE('',#4238,#4313,#5109,.T.);
#3154=EDGE_CURVE('',#4318,#4237,#5110,.T.);
#3155=EDGE_CURVE('',#4291,#4318,#5111,.T.);
#3156=EDGE_CURVE('',#4319,#4320,#5112,.T.);
#3157=EDGE_CURVE('',#4320,#4290,#5113,.T.);
#3158=EDGE_CURVE('',#4289,#4319,#5114,.T.);
#3159=EDGE_CURVE('',#4286,#4321,#5115,.T.);
#3160=EDGE_CURVE('',#4322,#4321,#5116,.T.);
#3161=EDGE_CURVE('',#4287,#4322,#5117,.T.);
#3162=EDGE_CURVE('',#4241,#4322,#5118,.T.);
#3163=EDGE_CURVE('',#4240,#4323,#5119,.T.);
#3164=EDGE_CURVE('',#4235,#4321,#5120,.T.);
#3165=EDGE_CURVE('',#4324,#4310,#5121,.T.);
#3166=EDGE_CURVE('',#4325,#4324,#5122,.T.);
#3167=EDGE_CURVE('',#4325,#4323,#5123,.T.);
#3168=EDGE_CURVE('',#4315,#4323,#5124,.T.);
#3169=EDGE_CURVE('',#4326,#4327,#5125,.T.);
#3170=EDGE_CURVE('',#4326,#4328,#5126,.T.);
#3171=EDGE_CURVE('',#4316,#4328,#5127,.T.);
#3172=EDGE_CURVE('',#4325,#4327,#5128,.T.);
#3173=EDGE_CURVE('',#4317,#4329,#5129,.T.);
#3174=EDGE_CURVE('',#4329,#4330,#5130,.T.);
#3175=EDGE_CURVE('',#4330,#4331,#5131,.T.);
#3176=EDGE_CURVE('',#4324,#4331,#5132,.T.);
#3177=EDGE_CURVE('',#4327,#4331,#5133,.T.);
#3178=EDGE_CURVE('',#4330,#4326,#5134,.T.);
#3179=EDGE_CURVE('',#4328,#4329,#5135,.T.);
#3180=EDGE_CURVE('',#4296,#4332,#5136,.T.);
#3181=EDGE_CURVE('',#4332,#4333,#5137,.T.);
#3182=EDGE_CURVE('',#4333,#4297,#5138,.T.);
#3183=EDGE_CURVE('',#4334,#4335,#5139,.T.);
#3184=EDGE_CURVE('',#4335,#4299,#5140,.T.);
#3185=EDGE_CURVE('',#4298,#4334,#5141,.T.);
#3186=EDGE_CURVE('',#4336,#4337,#5142,.T.);
#3187=EDGE_CURVE('',#4337,#4292,#5143,.T.);
#3188=EDGE_CURVE('',#4293,#4336,#5144,.T.);
#3189=EDGE_CURVE('',#4294,#4338,#5145,.T.);
#3190=EDGE_CURVE('',#4338,#4339,#5146,.T.);
#3191=EDGE_CURVE('',#4339,#4295,#5147,.T.);
#3192=EDGE_CURVE('',#4340,#4341,#5148,.T.);
#3193=EDGE_CURVE('',#4342,#4341,#5149,.T.);
#3194=EDGE_CURVE('',#4343,#4342,#5150,.T.);
#3195=EDGE_CURVE('',#4343,#4340,#5151,.T.);
#3196=EDGE_CURVE('',#4340,#4344,#5152,.T.);
#3197=EDGE_CURVE('',#4343,#4345,#5153,.T.);
#3198=EDGE_CURVE('',#4345,#4344,#5154,.T.);
#3199=EDGE_CURVE('',#4344,#4346,#5155,.T.);
#3200=EDGE_CURVE('',#4345,#4347,#5156,.T.);
#3201=EDGE_CURVE('',#4347,#4346,#5157,.T.);
#3202=EDGE_CURVE('',#4341,#4346,#5158,.T.);
#3203=EDGE_CURVE('',#4342,#4347,#5159,.T.);
#3204=EDGE_CURVE('',#4348,#4348,#416,.F.);
#3205=EDGE_CURVE('',#4349,#4349,#417,.F.);
#3206=EDGE_CURVE('',#4350,#4350,#418,.F.);
#3207=EDGE_CURVE('',#4351,#4351,#419,.F.);
#3208=EDGE_CURVE('',#4352,#4353,#5160,.T.);
#3209=EDGE_CURVE('',#4352,#4354,#5161,.T.);
#3210=EDGE_CURVE('',#4354,#4355,#5162,.T.);
#3211=EDGE_CURVE('',#4353,#4355,#5163,.T.);
#3212=EDGE_CURVE('',#4356,#4357,#5164,.T.);
#3213=EDGE_CURVE('',#4358,#4356,#5165,.T.);
#3214=EDGE_CURVE('',#4358,#4359,#5166,.T.);
#3215=EDGE_CURVE('',#4359,#4357,#5167,.T.);
#3216=EDGE_CURVE('',#4360,#4361,#5168,.T.);
#3217=EDGE_CURVE('',#4355,#4361,#5169,.T.);
#3218=EDGE_CURVE('',#4354,#4362,#5170,.T.);
#3219=EDGE_CURVE('',#4363,#4362,#5171,.T.);
#3220=EDGE_CURVE('',#4363,#4360,#5172,.T.);
#3221=EDGE_CURVE('',#4364,#4365,#5173,.T.);
#3222=EDGE_CURVE('',#4365,#4304,#5174,.F.);
#3223=EDGE_CURVE('',#4307,#4366,#5175,.T.);
#3224=EDGE_CURVE('',#4367,#4366,#5176,.T.);
#3225=EDGE_CURVE('',#4367,#4363,#5177,.T.);
#3226=EDGE_CURVE('',#4362,#4368,#5178,.T.);
#3227=EDGE_CURVE('',#4369,#4368,#5179,.T.);
#3228=EDGE_CURVE('',#4364,#4369,#5180,.T.);
#3229=EDGE_CURVE('',#4366,#4352,#5181,.T.);
#3230=EDGE_CURVE('',#4353,#4370,#5182,.T.);
#3231=EDGE_CURVE('',#4371,#4370,#5183,.T.);
#3232=EDGE_CURVE('',#4367,#4371,#5184,.T.);
#3233=EDGE_CURVE('',#4370,#4361,#5185,.T.);
#3234=EDGE_CURVE('',#4371,#4360,#5186,.T.);
#3235=EDGE_CURVE('',#4372,#4368,#5187,.T.);
#3236=EDGE_CURVE('',#4372,#4373,#5188,.T.);
#3237=EDGE_CURVE('',#4373,#4357,#5189,.T.);
#3238=EDGE_CURVE('',#4369,#4359,#5190,.T.);
#3239=EDGE_CURVE('',#4374,#4375,#5191,.T.);
#3240=EDGE_CURVE('',#4374,#4365,#5192,.T.);
#3241=EDGE_CURVE('',#4364,#4358,#5193,.T.);
#3242=EDGE_CURVE('',#4375,#4356,#5194,.T.);
#3243=EDGE_CURVE('',#4376,#4376,#420,.T.);
#3244=EDGE_CURVE('',#4354,#4372,#5195,.T.);
#3245=EDGE_CURVE('',#4377,#4377,#421,.T.);
#3246=EDGE_CURVE('',#4378,#4378,#422,.T.);
#3247=EDGE_CURVE('',#4379,#4379,#423,.T.);
#3248=EDGE_CURVE('',#4380,#4380,#424,.T.);
#3249=EDGE_CURVE('',#4381,#4381,#425,.T.);
#3250=EDGE_CURVE('',#4382,#4382,#426,.T.);
#3251=EDGE_CURVE('',#4383,#4383,#427,.T.);
#3252=EDGE_CURVE('',#4375,#4373,#5196,.T.);
#3253=EDGE_CURVE('',#4384,#4384,#428,.T.);
#3254=EDGE_CURVE('',#4372,#4374,#5197,.T.);
#3255=EDGE_CURVE('',#4385,#4385,#429,.T.);
#3256=EDGE_CURVE('',#4352,#4306,#5198,.T.);
#3257=EDGE_CURVE('',#4374,#4305,#5199,.F.);
#3258=EDGE_CURVE('',#4334,#4333,#5200,.T.);
#3259=EDGE_CURVE('',#4334,#4340,#5201,.T.);
#3260=EDGE_CURVE('',#4340,#4333,#5202,.F.);
#3261=EDGE_CURVE('',#4332,#4339,#5203,.F.);
#3262=EDGE_CURVE('',#4341,#4332,#5204,.T.);
#3263=EDGE_CURVE('',#4335,#4344,#5205,.F.);
#3264=EDGE_CURVE('',#4336,#4335,#5206,.F.);
#3265=EDGE_CURVE('',#4341,#4339,#5207,.F.);
#3266=EDGE_CURVE('',#4336,#4344,#5208,.T.);
#3267=EDGE_CURVE('',#4346,#4338,#5209,.T.);
#3268=EDGE_CURVE('',#4337,#4346,#5210,.F.);
#3269=EDGE_CURVE('',#4337,#4338,#5211,.F.);
#3270=EDGE_CURVE('',#4268,#4264,#5212,.F.);
#3271=EDGE_CURVE('',#4271,#4268,#5213,.T.);
#3272=EDGE_CURVE('',#4271,#4264,#5214,.F.);
#3273=EDGE_CURVE('',#4272,#4263,#5215,.T.);
#3274=EDGE_CURVE('',#4260,#4272,#5216,.T.);
#3275=EDGE_CURVE('',#4260,#4263,#5217,.T.);
#3276=EDGE_CURVE('',#4318,#4320,#5218,.T.);
#3277=EDGE_CURVE('',#4313,#4318,#5219,.F.);
#3278=EDGE_CURVE('',#4313,#4320,#5220,.F.);
#3279=EDGE_CURVE('',#4319,#4312,#5221,.T.);
#3280=EDGE_CURVE('',#4314,#4319,#5222,.T.);
#3281=EDGE_CURVE('',#4314,#4312,#5223,.T.);
#3282=EDGE_CURVE('',#4386,#4386,#430,.T.);
#3283=EDGE_CURVE('',#4387,#4387,#431,.T.);
#3284=EDGE_CURVE('',#4388,#4388,#432,.T.);
#3285=EDGE_CURVE('',#4389,#4389,#433,.T.);
#3286=EDGE_CURVE('',#4390,#4391,#5224,.T.);
#3287=EDGE_CURVE('',#4392,#4390,#5225,.T.);
#3288=EDGE_CURVE('',#4392,#4393,#5226,.T.);
#3289=EDGE_CURVE('',#4393,#4391,#5227,.T.);
#3290=EDGE_CURVE('',#4390,#4394,#5228,.T.);
#3291=EDGE_CURVE('',#4395,#4394,#5229,.T.);
#3292=EDGE_CURVE('',#4392,#4395,#5230,.T.);
#3293=EDGE_CURVE('',#4394,#4396,#5231,.T.);
#3294=EDGE_CURVE('',#4397,#4396,#5232,.T.);
#3295=EDGE_CURVE('',#4395,#4397,#5233,.T.);
#3296=EDGE_CURVE('',#4391,#4396,#5234,.T.);
#3297=EDGE_CURVE('',#4393,#4397,#5235,.T.);
#3298=EDGE_CURVE('',#4398,#4398,#434,.T.);
#3299=EDGE_CURVE('',#4399,#4399,#435,.T.);
#3300=EDGE_CURVE('',#4400,#4401,#5236,.T.);
#3301=EDGE_CURVE('',#4400,#4402,#5237,.T.);
#3302=EDGE_CURVE('',#4402,#4403,#5238,.T.);
#3303=EDGE_CURVE('',#4403,#4404,#5239,.T.);
#3304=EDGE_CURVE('',#4405,#4404,#5240,.T.);
#3305=EDGE_CURVE('',#4405,#4401,#5241,.T.);
#3306=EDGE_CURVE('',#4406,#4407,#5242,.T.);
#3307=EDGE_CURVE('',#4406,#4408,#5243,.T.);
#3308=EDGE_CURVE('',#4408,#4409,#5244,.T.);
#3309=EDGE_CURVE('',#4410,#4409,#5245,.T.);
#3310=EDGE_CURVE('',#4411,#4410,#5246,.T.);
#3311=EDGE_CURVE('',#4411,#4407,#5247,.T.);
#3312=EDGE_CURVE('',#4412,#4412,#436,.T.);
#3313=EDGE_CURVE('',#4412,#4412,#437,.T.);
#3314=EDGE_CURVE('',#4413,#4413,#438,.T.);
#3315=EDGE_CURVE('',#4413,#4413,#439,.T.);
#3316=EDGE_CURVE('',#4414,#4415,#5248,.T.);
#3317=EDGE_CURVE('',#4414,#4416,#5249,.T.);
#3318=EDGE_CURVE('',#4416,#4417,#5250,.T.);
#3319=EDGE_CURVE('',#4417,#4418,#5251,.T.);
#3320=EDGE_CURVE('',#4419,#4418,#5252,.T.);
#3321=EDGE_CURVE('',#4419,#4420,#5253,.T.);
#3322=EDGE_CURVE('',#4420,#4421,#5254,.T.);
#3323=EDGE_CURVE('',#4421,#4422,#5255,.T.);
#3324=EDGE_CURVE('',#4423,#4422,#5256,.T.);
#3325=EDGE_CURVE('',#4423,#4424,#5257,.T.);
#3326=EDGE_CURVE('',#4424,#4425,#5258,.T.);
#3327=EDGE_CURVE('',#4425,#4426,#5259,.T.);
#3328=EDGE_CURVE('',#4426,#4427,#5260,.T.);
#3329=EDGE_CURVE('',#4427,#4428,#5261,.T.);
#3330=EDGE_CURVE('',#4428,#4429,#5262,.T.);
#3331=EDGE_CURVE('',#4429,#4430,#5263,.T.);
#3332=EDGE_CURVE('',#4430,#4431,#5264,.T.);
#3333=EDGE_CURVE('',#4431,#4432,#5265,.T.);
#3334=EDGE_CURVE('',#4432,#4433,#5266,.T.);
#3335=EDGE_CURVE('',#4433,#4434,#5267,.T.);
#3336=EDGE_CURVE('',#4435,#4434,#5268,.T.);
#3337=EDGE_CURVE('',#4435,#4436,#5269,.T.);
#3338=EDGE_CURVE('',#4437,#4436,#5270,.T.);
#3339=EDGE_CURVE('',#4437,#4415,#5271,.T.);
#3340=EDGE_CURVE('',#4438,#4439,#5272,.T.);
#3341=EDGE_CURVE('',#4439,#4440,#5273,.T.);
#3342=EDGE_CURVE('',#4441,#4440,#5274,.T.);
#3343=EDGE_CURVE('',#4438,#4441,#5275,.T.);
#3344=EDGE_CURVE('',#4442,#4443,#5276,.T.);
#3345=EDGE_CURVE('',#4443,#4444,#5277,.T.);
#3346=EDGE_CURVE('',#4445,#4444,#5278,.T.);
#3347=EDGE_CURVE('',#4445,#4442,#5279,.T.);
#3348=EDGE_CURVE('',#4441,#4446,#5280,.T.);
#3349=EDGE_CURVE('',#4447,#4440,#5281,.T.);
#3350=EDGE_CURVE('',#4448,#4447,#5282,.T.);
#3351=EDGE_CURVE('',#4448,#4449,#5283,.T.);
#3352=EDGE_CURVE('',#4449,#4446,#5284,.T.);
#3353=EDGE_CURVE('',#4450,#4451,#5285,.T.);
#3354=EDGE_CURVE('',#4451,#4439,#5286,.T.);
#3355=EDGE_CURVE('',#4438,#4452,#5287,.T.);
#3356=EDGE_CURVE('',#4453,#4452,#5288,.T.);
#3357=EDGE_CURVE('',#4450,#4453,#5289,.T.);
#3358=EDGE_CURVE('',#4442,#4454,#5290,.T.);
#3359=EDGE_CURVE('',#4455,#4454,#5291,.T.);
#3360=EDGE_CURVE('',#4456,#4455,#5292,.T.);
#3361=EDGE_CURVE('',#4456,#4457,#5293,.T.);
#3362=EDGE_CURVE('',#4457,#4443,#5294,.T.);
#3363=EDGE_CURVE('',#4444,#4458,#5295,.T.);
#3364=EDGE_CURVE('',#4459,#4458,#5296,.T.);
#3365=EDGE_CURVE('',#4459,#4460,#5297,.T.);
#3366=EDGE_CURVE('',#4460,#4461,#5298,.T.);
#3367=EDGE_CURVE('',#4445,#4461,#5299,.T.);
#3368=EDGE_CURVE('',#4462,#4462,#440,.F.);
#3369=EDGE_CURVE('',#4463,#4463,#441,.F.);
#3370=EDGE_CURVE('',#4464,#4464,#442,.F.);
#3371=EDGE_CURVE('',#4465,#4465,#443,.F.);
#3372=EDGE_CURVE('',#4447,#4457,#5300,.T.);
#3373=EDGE_CURVE('',#4440,#4443,#5301,.T.);
#3374=EDGE_CURVE('',#4461,#4454,#5302,.T.);
#3375=EDGE_CURVE('',#4452,#4446,#5303,.T.);
#3376=EDGE_CURVE('',#4453,#4449,#5304,.T.);
#3377=EDGE_CURVE('',#4460,#4455,#5305,.T.);
#3378=EDGE_CURVE('',#4450,#4448,#5306,.T.);
#3379=EDGE_CURVE('',#4459,#4456,#5307,.T.);
#3380=EDGE_CURVE('',#4466,#4466,#444,.T.);
#3381=EDGE_CURVE('',#4467,#4467,#445,.T.);
#3382=EDGE_CURVE('',#4458,#4430,#5308,.F.);
#3383=EDGE_CURVE('',#4468,#4428,#5309,.T.);
#3384=EDGE_CURVE('',#4469,#4468,#5310,.T.);
#3385=EDGE_CURVE('',#4421,#4469,#5311,.T.);
#3386=EDGE_CURVE('',#4418,#4470,#5312,.T.);
#3387=EDGE_CURVE('',#4471,#4470,#5313,.T.);
#3388=EDGE_CURVE('',#4471,#4435,#5314,.T.);
#3389=EDGE_CURVE('',#4433,#4451,#5315,.T.);
#3390=EDGE_CURVE('',#4439,#4432,#5316,.T.);
#3391=EDGE_CURVE('',#4444,#4431,#5317,.F.);
#3392=EDGE_CURVE('',#4472,#4473,#5318,.T.);
#3393=EDGE_CURVE('',#4473,#4474,#5319,.T.);
#3394=EDGE_CURVE('',#4474,#4475,#5320,.T.);
#3395=EDGE_CURVE('',#4475,#4472,#5321,.T.);
#3396=EDGE_CURVE('',#4476,#4473,#5322,.T.);
#3397=EDGE_CURVE('',#4476,#4477,#5323,.T.);
#3398=EDGE_CURVE('',#4477,#4474,#5324,.T.);
#3399=EDGE_CURVE('',#4475,#4478,#5325,.T.);
#3400=EDGE_CURVE('',#4479,#4478,#5326,.T.);
#3401=EDGE_CURVE('',#4472,#4479,#5327,.T.);
#3402=EDGE_CURVE('',#4480,#4479,#5328,.T.);
#3403=EDGE_CURVE('',#4481,#4478,#5329,.T.);
#3404=EDGE_CURVE('',#4480,#4481,#5330,.T.);
#3405=EDGE_CURVE('',#4477,#4468,#5331,.T.);
#3406=EDGE_CURVE('',#4468,#4482,#5332,.T.);
#3407=EDGE_CURVE('',#4481,#4482,#5333,.T.);
#3408=EDGE_CURVE('',#4480,#4483,#5334,.T.);
#3409=EDGE_CURVE('',#4469,#4483,#5335,.T.);
#3410=EDGE_CURVE('',#4476,#4469,#5336,.T.);
#3411=EDGE_CURVE('',#4484,#4483,#5337,.T.);
#3412=EDGE_CURVE('',#4484,#4421,#5338,.T.);
#3413=EDGE_CURVE('',#4485,#4404,#5339,.T.);
#3414=EDGE_CURVE('',#4485,#4486,#5340,.T.);
#3415=EDGE_CURVE('',#4486,#4405,#5341,.T.);
#3416=EDGE_CURVE('',#4482,#4487,#5342,.T.);
#3417=EDGE_CURVE('',#4487,#4485,#5343,.T.);
#3418=EDGE_CURVE('',#4488,#4403,#5344,.T.);
#3419=EDGE_CURVE('',#4488,#4484,#5345,.T.);
#3420=EDGE_CURVE('',#4402,#4489,#5346,.T.);
#3421=EDGE_CURVE('',#4489,#4488,#5347,.T.);
#3422=EDGE_CURVE('',#4490,#4491,#5348,.T.);
#3423=EDGE_CURVE('',#4490,#4492,#5349,.T.);
#3424=EDGE_CURVE('',#4492,#4493,#5350,.T.);
#3425=EDGE_CURVE('',#4493,#4425,#5351,.T.);
#3426=EDGE_CURVE('',#4424,#4491,#5352,.T.);
#3427=EDGE_CURVE('',#4494,#4495,#5353,.T.);
#3428=EDGE_CURVE('',#4495,#4427,#5354,.T.);
#3429=EDGE_CURVE('',#4426,#4494,#5355,.T.);
#3430=EDGE_CURVE('',#4496,#4497,#5356,.T.);
#3431=EDGE_CURVE('',#4497,#4423,#5357,.T.);
#3432=EDGE_CURVE('',#4422,#4496,#5358,.T.);
#3433=EDGE_CURVE('',#4428,#4487,#5359,.T.);
#3434=EDGE_CURVE('',#4498,#4499,#5360,.T.);
#3435=EDGE_CURVE('',#4500,#4498,#5361,.T.);
#3436=EDGE_CURVE('',#4501,#4500,#5362,.T.);
#3437=EDGE_CURVE('',#4499,#4501,#5363,.T.);
#3438=EDGE_CURVE('',#4502,#4499,#5364,.T.);
#3439=EDGE_CURVE('',#4503,#4501,#5365,.T.);
#3440=EDGE_CURVE('',#4502,#4503,#5366,.T.);
#3441=EDGE_CURVE('',#4500,#4504,#5367,.T.);
#3442=EDGE_CURVE('',#4498,#4505,#5368,.T.);
#3443=EDGE_CURVE('',#4505,#4504,#5369,.T.);
#3444=EDGE_CURVE('',#4506,#4505,#5370,.T.);
#3445=EDGE_CURVE('',#4506,#4507,#5371,.T.);
#3446=EDGE_CURVE('',#4507,#4504,#5372,.T.);
#3447=EDGE_CURVE('',#4507,#4508,#5373,.T.);
#3448=EDGE_CURVE('',#4471,#4508,#5374,.T.);
#3449=EDGE_CURVE('',#4503,#4471,#5375,.T.);
#3450=EDGE_CURVE('',#4502,#4470,#5376,.T.);
#3451=EDGE_CURVE('',#4470,#4509,#5377,.T.);
#3452=EDGE_CURVE('',#4506,#4509,#5378,.T.);
#3453=EDGE_CURVE('',#4418,#4510,#5379,.T.);
#3454=EDGE_CURVE('',#4510,#4509,#5380,.T.);
#3455=EDGE_CURVE('',#4408,#4511,#5381,.T.);
#3456=EDGE_CURVE('',#4511,#4512,#5382,.T.);
#3457=EDGE_CURVE('',#4512,#4409,#5383,.T.);
#3458=EDGE_CURVE('',#4512,#4513,#5384,.T.);
#3459=EDGE_CURVE('',#4508,#4513,#5385,.T.);
#3460=EDGE_CURVE('',#4510,#4514,#5386,.T.);
#3461=EDGE_CURVE('',#4514,#4410,#5387,.T.);
#3462=EDGE_CURVE('',#4514,#4515,#5388,.T.);
#3463=EDGE_CURVE('',#4515,#4411,#5389,.T.);
#3464=EDGE_CURVE('',#4516,#4517,#5390,.T.);
#3465=EDGE_CURVE('',#4516,#4518,#5391,.T.);
#3466=EDGE_CURVE('',#4518,#4519,#5392,.T.);
#3467=EDGE_CURVE('',#4519,#4414,#5393,.T.);
#3468=EDGE_CURVE('',#4415,#4517,#5394,.T.);
#3469=EDGE_CURVE('',#4436,#4520,#5395,.T.);
#3470=EDGE_CURVE('',#4520,#4521,#5396,.T.);
#3471=EDGE_CURVE('',#4521,#4437,#5397,.T.);
#3472=EDGE_CURVE('',#4416,#4522,#5398,.T.);
#3473=EDGE_CURVE('',#4522,#4523,#5399,.T.);
#3474=EDGE_CURVE('',#4523,#4417,#5400,.T.);
#3475=EDGE_CURVE('',#4513,#4435,#5401,.T.);
#3476=EDGE_CURVE('',#4524,#4524,#446,.T.);
#3477=EDGE_CURVE('',#4525,#4525,#447,.T.);
#3478=EDGE_CURVE('',#4526,#4526,#448,.T.);
#3479=EDGE_CURVE('',#4527,#4527,#449,.T.);
#3480=EDGE_CURVE('',#4528,#4528,#450,.T.);
#3481=EDGE_CURVE('',#4529,#4529,#451,.T.);
#3482=EDGE_CURVE('',#4530,#4530,#452,.T.);
#3483=EDGE_CURVE('',#4531,#4531,#453,.T.);
#3484=EDGE_CURVE('',#4532,#4532,#454,.F.);
#3485=EDGE_CURVE('',#4533,#4533,#455,.T.);
#3486=EDGE_CURVE('',#4534,#4534,#456,.T.);
#3487=EDGE_CURVE('',#4535,#4535,#457,.F.);
#3488=EDGE_CURVE('',#4536,#4536,#458,.T.);
#3489=EDGE_CURVE('',#4537,#4537,#459,.T.);
#3490=EDGE_CURVE('',#4538,#4538,#460,.T.);
#3491=EDGE_CURVE('',#4539,#4539,#461,.F.);
#3492=EDGE_CURVE('',#4540,#4540,#462,.T.);
#3493=EDGE_CURVE('',#4541,#4541,#463,.F.);
#3494=EDGE_CURVE('',#4517,#4521,#5402,.F.);
#3495=EDGE_CURVE('',#4511,#4520,#5403,.F.);
#3496=EDGE_CURVE('',#4517,#4406,#5404,.T.);
#3497=EDGE_CURVE('',#4515,#4523,#5405,.F.);
#3498=EDGE_CURVE('',#4519,#4522,#5406,.F.);
#3499=EDGE_CURVE('',#4407,#4519,#5407,.T.);
#3500=EDGE_CURVE('',#4494,#4493,#5408,.F.);
#3501=EDGE_CURVE('',#4495,#4486,#5409,.F.);
#3502=EDGE_CURVE('',#4401,#4493,#5410,.T.);
#3503=EDGE_CURVE('',#4496,#4489,#5411,.F.);
#3504=EDGE_CURVE('',#4491,#4400,#5412,.T.);
#3505=EDGE_CURVE('',#4497,#4491,#5413,.F.);
#3506=EDGE_CURVE('',#4542,#4543,#5414,.T.);
#3507=EDGE_CURVE('',#4542,#4516,#5415,.T.);
#3508=EDGE_CURVE('',#4543,#4406,#5416,.T.);
#3509=EDGE_CURVE('',#4518,#4544,#5417,.T.);
#3510=EDGE_CURVE('',#4544,#4545,#5418,.T.);
#3511=EDGE_CURVE('',#4545,#4407,#5419,.T.);
#3512=EDGE_CURVE('',#4546,#4547,#5420,.T.);
#3513=EDGE_CURVE('',#4547,#4548,#5421,.T.);
#3514=EDGE_CURVE('',#4549,#4548,#5422,.T.);
#3515=EDGE_CURVE('',#4549,#4546,#5423,.T.);
#3516=EDGE_CURVE('',#4492,#4550,#5424,.T.);
#3517=EDGE_CURVE('',#4551,#4550,#5425,.T.);
#3518=EDGE_CURVE('',#4551,#4401,#5426,.T.);
#3519=EDGE_CURVE('',#4552,#4553,#5427,.T.);
#3520=EDGE_CURVE('',#4553,#4490,#5428,.T.);
#3521=EDGE_CURVE('',#4552,#4400,#5429,.T.);
#3522=EDGE_CURVE('',#4554,#4555,#5430,.T.);
#3523=EDGE_CURVE('',#4555,#4556,#5431,.T.);
#3524=EDGE_CURVE('',#4556,#4557,#5432,.T.);
#3525=EDGE_CURVE('',#4557,#4554,#5433,.T.);
#3526=EDGE_CURVE('',#4543,#4545,#5434,.T.);
#3527=EDGE_CURVE('',#4548,#4542,#5435,.T.);
#3528=EDGE_CURVE('',#4544,#4549,#5436,.T.);
#3529=EDGE_CURVE('',#4552,#4551,#5437,.T.);
#3530=EDGE_CURVE('',#4550,#4555,#5438,.T.);
#3531=EDGE_CURVE('',#4554,#4553,#5439,.T.);
#3532=EDGE_CURVE('',#4546,#4518,#5440,.T.);
#3533=EDGE_CURVE('',#4547,#4516,#5441,.T.);
#3534=EDGE_CURVE('',#4490,#4557,#5442,.T.);
#3535=EDGE_CURVE('',#4492,#4556,#5443,.T.);
#3536=EDGE_CURVE('',#4558,#4559,#5444,.T.);
#3537=EDGE_CURVE('',#4560,#4559,#5445,.T.);
#3538=EDGE_CURVE('',#4561,#4560,#5446,.T.);
#3539=EDGE_CURVE('',#4561,#4558,#5447,.T.);
#3540=EDGE_CURVE('',#4558,#4562,#5448,.T.);
#3541=EDGE_CURVE('',#4561,#4563,#5449,.T.);
#3542=EDGE_CURVE('',#4563,#4562,#5450,.T.);
#3543=EDGE_CURVE('',#4562,#4564,#5451,.T.);
#3544=EDGE_CURVE('',#4563,#4565,#5452,.T.);
#3545=EDGE_CURVE('',#4565,#4564,#5453,.T.);
#3546=EDGE_CURVE('',#4559,#4564,#5454,.T.);
#3547=EDGE_CURVE('',#4560,#4565,#5455,.T.);
#3548=EDGE_CURVE('',#4566,#4566,#464,.T.);
#3549=EDGE_CURVE('',#4567,#4567,#465,.T.);
#3550=EDGE_CURVE('',#4568,#4568,#466,.F.);
#3551=EDGE_CURVE('',#4569,#4569,#467,.F.);
#3552=EDGE_CURVE('',#4570,#4570,#468,.T.);
#3553=EDGE_CURVE('',#4571,#4571,#469,.F.);
#3554=EDGE_CURVE('',#4572,#4573,#5456,.T.);
#3555=EDGE_CURVE('',#4574,#4573,#5457,.T.);
#3556=EDGE_CURVE('',#4575,#4574,#5458,.T.);
#3557=EDGE_CURVE('',#4575,#4572,#5459,.T.);
#3558=EDGE_CURVE('',#4572,#4576,#5460,.T.);
#3559=EDGE_CURVE('',#4575,#4577,#5461,.T.);
#3560=EDGE_CURVE('',#4577,#4576,#5462,.T.);
#3561=EDGE_CURVE('',#4576,#4578,#5463,.T.);
#3562=EDGE_CURVE('',#4577,#4579,#5464,.T.);
#3563=EDGE_CURVE('',#4579,#4578,#5465,.T.);
#3564=EDGE_CURVE('',#4573,#4578,#5466,.T.);
#3565=EDGE_CURVE('',#4574,#4579,#5467,.T.);
#3566=EDGE_CURVE('',#4580,#4580,#470,.T.);
#3567=EDGE_CURVE('',#4581,#4581,#471,.T.);
#3568=EDGE_CURVE('',#4582,#4583,#5468,.T.);
#3569=EDGE_CURVE('',#4584,#4582,#5469,.T.);
#3570=EDGE_CURVE('',#4584,#4585,#5470,.T.);
#3571=EDGE_CURVE('',#4585,#4583,#5471,.T.);
#3572=EDGE_CURVE('',#4582,#4586,#5472,.T.);
#3573=EDGE_CURVE('',#4587,#4586,#5473,.T.);
#3574=EDGE_CURVE('',#4584,#4587,#5474,.T.);
#3575=EDGE_CURVE('',#4586,#4588,#5475,.T.);
#3576=EDGE_CURVE('',#4589,#4588,#5476,.T.);
#3577=EDGE_CURVE('',#4587,#4589,#5477,.T.);
#3578=EDGE_CURVE('',#4583,#4588,#5478,.T.);
#3579=EDGE_CURVE('',#4585,#4589,#5479,.T.);
#3580=EDGE_CURVE('',#4590,#4590,#472,.T.);
#3581=EDGE_CURVE('',#4591,#4591,#473,.T.);
#3582=EDGE_CURVE('',#4592,#4593,#18,.T.);
#3583=EDGE_CURVE('',#4593,#4594,#474,.T.);
#3584=EDGE_CURVE('',#4594,#4595,#19,.T.);
#3585=EDGE_CURVE('',#4596,#4595,#5480,.T.);
#3586=EDGE_CURVE('',#4596,#4597,#20,.T.);
#3587=EDGE_CURVE('',#4597,#4598,#475,.T.);
#3588=EDGE_CURVE('',#4598,#4599,#21,.T.);
#3589=EDGE_CURVE('',#4599,#4600,#5481,.T.);
#3590=EDGE_CURVE('',#4600,#4601,#22,.T.);
#3591=EDGE_CURVE('',#4601,#4602,#476,.T.);
#3592=EDGE_CURVE('',#4602,#4603,#23,.T.);
#3593=EDGE_CURVE('',#4604,#4603,#5482,.T.);
#3594=EDGE_CURVE('',#4604,#4605,#24,.T.);
#3595=EDGE_CURVE('',#4605,#4606,#477,.T.);
#3596=EDGE_CURVE('',#4606,#4607,#25,.T.);
#3597=EDGE_CURVE('',#4607,#4608,#5483,.T.);
#3598=EDGE_CURVE('',#4608,#4609,#26,.T.);
#3599=EDGE_CURVE('',#4609,#4610,#478,.T.);
#3600=EDGE_CURVE('',#4610,#4611,#27,.T.);
#3601=EDGE_CURVE('',#4612,#4611,#5484,.T.);
#3602=EDGE_CURVE('',#4612,#4613,#28,.T.);
#3603=EDGE_CURVE('',#4613,#4614,#479,.T.);
#3604=EDGE_CURVE('',#4614,#4615,#29,.T.);
#3605=EDGE_CURVE('',#4615,#4616,#5485,.T.);
#3606=EDGE_CURVE('',#4616,#4617,#30,.T.);
#3607=EDGE_CURVE('',#4617,#4618,#480,.T.);
#3608=EDGE_CURVE('',#4618,#4619,#31,.T.);
#3609=EDGE_CURVE('',#4620,#4619,#5486,.T.);
#3610=EDGE_CURVE('',#4620,#4621,#32,.T.);
#3611=EDGE_CURVE('',#4621,#4622,#481,.T.);
#3612=EDGE_CURVE('',#4622,#4623,#33,.T.);
#3613=EDGE_CURVE('',#4623,#4624,#5487,.T.);
#3614=EDGE_CURVE('',#4624,#4625,#34,.T.);
#3615=EDGE_CURVE('',#4625,#4626,#482,.T.);
#3616=EDGE_CURVE('',#4626,#4627,#35,.T.);
#3617=EDGE_CURVE('',#4628,#4627,#5488,.T.);
#3618=EDGE_CURVE('',#4628,#4629,#36,.T.);
#3619=EDGE_CURVE('',#4629,#4630,#483,.T.);
#3620=EDGE_CURVE('',#4630,#4631,#37,.T.);
#3621=EDGE_CURVE('',#4631,#4592,#5489,.T.);
#3622=EDGE_CURVE('',#4632,#4632,#484,.T.);
#3623=EDGE_CURVE('',#4633,#4618,#5490,.F.);
#3624=EDGE_CURVE('',#4617,#4634,#5491,.T.);
#3625=EDGE_CURVE('',#4635,#4634,#485,.T.);
#3626=EDGE_CURVE('',#4635,#4636,#486,.F.);
#3627=EDGE_CURVE('',#4636,#4610,#5492,.F.);
#3628=EDGE_CURVE('',#4609,#4637,#5493,.T.);
#3629=EDGE_CURVE('',#4638,#4637,#487,.T.);
#3630=EDGE_CURVE('',#4638,#4602,#5494,.F.);
#3631=EDGE_CURVE('',#4601,#4639,#5495,.T.);
#3632=EDGE_CURVE('',#4640,#4639,#488,.T.);
#3633=EDGE_CURVE('',#4640,#4594,#5496,.F.);
#3634=EDGE_CURVE('',#4593,#4641,#5497,.T.);
#3635=EDGE_CURVE('',#4642,#4641,#489,.T.);
#3636=EDGE_CURVE('',#4642,#4626,#5498,.F.);
#3637=EDGE_CURVE('',#4625,#4643,#5499,.T.);
#3638=EDGE_CURVE('',#4643,#4633,#490,.F.);
#3639=EDGE_CURVE('',#4644,#4645,#5500,.T.);
#3640=EDGE_CURVE('',#4646,#4645,#5501,.T.);
#3641=EDGE_CURVE('',#4647,#4646,#5502,.T.);
#3642=EDGE_CURVE('',#4647,#4644,#5503,.T.);
#3643=EDGE_CURVE('',#4648,#4645,#491,.T.);
#3644=EDGE_CURVE('',#4649,#4648,#5504,.T.);
#3645=EDGE_CURVE('',#4649,#4646,#492,.T.);
#3646=EDGE_CURVE('',#4650,#4648,#5505,.T.);
#3647=EDGE_CURVE('',#4651,#4650,#5506,.T.);
#3648=EDGE_CURVE('',#4651,#4649,#5507,.T.);
#3649=EDGE_CURVE('',#4644,#4650,#493,.T.);
#3650=EDGE_CURVE('',#4647,#4651,#494,.T.);
#3651=EDGE_CURVE('',#4595,#4652,#5508,.T.);
#3652=EDGE_CURVE('',#4653,#4652,#5509,.T.);
#3653=EDGE_CURVE('',#4653,#4596,#5510,.F.);
#3654=EDGE_CURVE('',#4599,#4654,#5511,.T.);
#3655=EDGE_CURVE('',#4654,#4655,#5512,.T.);
#3656=EDGE_CURVE('',#4655,#4600,#5513,.F.);
#3657=EDGE_CURVE('',#4656,#4657,#495,.T.);
#3658=EDGE_CURVE('',#4657,#4598,#5514,.F.);
#3659=EDGE_CURVE('',#4597,#4656,#5515,.T.);
#3660=EDGE_CURVE('',#4654,#4657,#38,.T.);
#3661=EDGE_CURVE('',#4639,#4655,#39,.T.);
#3662=EDGE_CURVE('',#4652,#4640,#40,.T.);
#3663=EDGE_CURVE('',#4656,#4653,#41,.T.);
#3664=EDGE_CURVE('',#4657,#4658,#496,.F.);
#3665=EDGE_CURVE('',#4658,#4659,#42,.T.);
#3666=EDGE_CURVE('',#4659,#4660,#5516,.T.);
#3667=EDGE_CURVE('',#4660,#4638,#43,.T.);
#3668=EDGE_CURVE('',#4638,#4639,#497,.F.);
#3669=EDGE_CURVE('',#4640,#4641,#498,.F.);
#3670=EDGE_CURVE('',#4641,#4661,#44,.T.);
#3671=EDGE_CURVE('',#4662,#4661,#5517,.T.);
#3672=EDGE_CURVE('',#4662,#4663,#45,.T.);
#3673=EDGE_CURVE('',#4663,#4656,#499,.F.);
#3674=EDGE_CURVE('',#4627,#4664,#5518,.T.);
#3675=EDGE_CURVE('',#4665,#4664,#5519,.T.);
#3676=EDGE_CURVE('',#4665,#4628,#5520,.F.);
#3677=EDGE_CURVE('',#4631,#4662,#5521,.T.);
#3678=EDGE_CURVE('',#4661,#4592,#5522,.F.);
#3679=EDGE_CURVE('',#4666,#4663,#500,.T.);
#3680=EDGE_CURVE('',#4663,#4630,#5523,.F.);
#3681=EDGE_CURVE('',#4629,#4666,#5524,.T.);
#3682=EDGE_CURVE('',#4664,#4642,#46,.T.);
#3683=EDGE_CURVE('',#4666,#4665,#47,.T.);
#3684=EDGE_CURVE('',#4642,#4643,#501,.F.);
#3685=EDGE_CURVE('',#4643,#4667,#48,.T.);
#3686=EDGE_CURVE('',#4668,#4667,#5525,.T.);
#3687=EDGE_CURVE('',#4668,#4669,#49,.T.);
#3688=EDGE_CURVE('',#4669,#4666,#502,.F.);
#3689=EDGE_CURVE('',#4659,#4604,#5526,.F.);
#3690=EDGE_CURVE('',#4603,#4660,#5527,.T.);
#3691=EDGE_CURVE('',#4607,#4670,#5528,.T.);
#3692=EDGE_CURVE('',#4670,#4671,#5529,.T.);
#3693=EDGE_CURVE('',#4671,#4608,#5530,.F.);
#3694=EDGE_CURVE('',#4605,#4658,#5531,.T.);
#3695=EDGE_CURVE('',#4658,#4672,#503,.T.);
#3696=EDGE_CURVE('',#4672,#4606,#5532,.F.);
#3697=EDGE_CURVE('',#4670,#4672,#50,.T.);
#3698=EDGE_CURVE('',#4637,#4671,#51,.T.);
#3699=EDGE_CURVE('',#4672,#4673,#504,.F.);
#3700=EDGE_CURVE('',#4673,#4635,#5533,.T.);
#3701=EDGE_CURVE('',#4635,#4637,#505,.F.);
#3702=EDGE_CURVE('',#4611,#4674,#5534,.T.);
#3703=EDGE_CURVE('',#4674,#4675,#5535,.F.);
#3704=EDGE_CURVE('',#4675,#4612,#5536,.F.);
#3705=EDGE_CURVE('',#4676,#4677,#5537,.T.);
#3706=EDGE_CURVE('',#4677,#4616,#5538,.F.);
#3707=EDGE_CURVE('',#4615,#4676,#5539,.T.);
#3708=EDGE_CURVE('',#4673,#4678,#506,.T.);
#3709=EDGE_CURVE('',#4678,#4614,#5540,.F.);
#3710=EDGE_CURVE('',#4613,#4679,#5541,.T.);
#3711=EDGE_CURVE('',#4679,#4673,#507,.T.);
#3712=EDGE_CURVE('',#4679,#4675,#10,.F.);
#3713=EDGE_CURVE('',#4674,#4636,#11,.T.);
#3714=EDGE_CURVE('',#4634,#4677,#52,.T.);
#3715=EDGE_CURVE('',#4676,#4678,#53,.T.);
#3716=EDGE_CURVE('',#4633,#4634,#508,.F.);
#3717=EDGE_CURVE('',#4678,#4680,#509,.F.);
#3718=EDGE_CURVE('',#4680,#4681,#54,.T.);
#3719=EDGE_CURVE('',#4681,#4682,#5542,.T.);
#3720=EDGE_CURVE('',#4682,#4633,#55,.T.);
#3721=EDGE_CURVE('',#4681,#4620,#5543,.F.);
#3722=EDGE_CURVE('',#4619,#4682,#5544,.T.);
#3723=EDGE_CURVE('',#4623,#4668,#5545,.T.);
#3724=EDGE_CURVE('',#4667,#4624,#5546,.F.);
#3725=EDGE_CURVE('',#4621,#4680,#5547,.T.);
#3726=EDGE_CURVE('',#4680,#4669,#510,.F.);
#3727=EDGE_CURVE('',#4669,#4622,#5548,.F.);
#3728=EDGE_CURVE('',#4683,#4683,#511,.T.);
#3729=EDGE_CURVE('',#4684,#4684,#512,.F.);
#3730=EDGE_CURVE('',#4685,#4685,#513,.F.);
#3731=EDGE_CURVE('',#4686,#4686,#514,.F.);
#3732=EDGE_CURVE('',#4687,#4687,#515,.T.);
#3733=EDGE_CURVE('',#4688,#4688,#516,.F.);
#3734=EDGE_CURVE('',#4689,#4690,#56,.T.);
#3735=EDGE_CURVE('',#4690,#4691,#517,.T.);
#3736=EDGE_CURVE('',#4691,#4692,#57,.T.);
#3737=EDGE_CURVE('',#4693,#4692,#5549,.T.);
#3738=EDGE_CURVE('',#4693,#4694,#58,.T.);
#3739=EDGE_CURVE('',#4694,#4695,#518,.T.);
#3740=EDGE_CURVE('',#4695,#4696,#59,.T.);
#3741=EDGE_CURVE('',#4696,#4697,#5550,.T.);
#3742=EDGE_CURVE('',#4697,#4698,#60,.T.);
#3743=EDGE_CURVE('',#4698,#4699,#519,.T.);
#3744=EDGE_CURVE('',#4699,#4700,#61,.T.);
#3745=EDGE_CURVE('',#4701,#4700,#5551,.T.);
#3746=EDGE_CURVE('',#4701,#4702,#62,.T.);
#3747=EDGE_CURVE('',#4702,#4703,#520,.T.);
#3748=EDGE_CURVE('',#4703,#4704,#63,.T.);
#3749=EDGE_CURVE('',#4704,#4705,#5552,.T.);
#3750=EDGE_CURVE('',#4705,#4706,#64,.T.);
#3751=EDGE_CURVE('',#4706,#4707,#521,.T.);
#3752=EDGE_CURVE('',#4707,#4708,#65,.T.);
#3753=EDGE_CURVE('',#4709,#4708,#5553,.T.);
#3754=EDGE_CURVE('',#4709,#4710,#66,.T.);
#3755=EDGE_CURVE('',#4710,#4711,#522,.T.);
#3756=EDGE_CURVE('',#4711,#4712,#67,.T.);
#3757=EDGE_CURVE('',#4712,#4713,#5554,.T.);
#3758=EDGE_CURVE('',#4713,#4714,#68,.T.);
#3759=EDGE_CURVE('',#4714,#4715,#523,.T.);
#3760=EDGE_CURVE('',#4715,#4716,#69,.T.);
#3761=EDGE_CURVE('',#4717,#4716,#5555,.T.);
#3762=EDGE_CURVE('',#4717,#4718,#70,.T.);
#3763=EDGE_CURVE('',#4718,#4719,#524,.T.);
#3764=EDGE_CURVE('',#4719,#4720,#71,.T.);
#3765=EDGE_CURVE('',#4720,#4721,#5556,.T.);
#3766=EDGE_CURVE('',#4721,#4722,#72,.T.);
#3767=EDGE_CURVE('',#4722,#4723,#525,.T.);
#3768=EDGE_CURVE('',#4723,#4724,#73,.T.);
#3769=EDGE_CURVE('',#4725,#4724,#5557,.T.);
#3770=EDGE_CURVE('',#4725,#4726,#74,.T.);
#3771=EDGE_CURVE('',#4726,#4727,#526,.T.);
#3772=EDGE_CURVE('',#4727,#4728,#75,.T.);
#3773=EDGE_CURVE('',#4728,#4689,#5558,.T.);
#3774=EDGE_CURVE('',#4729,#4729,#527,.T.);
#3775=EDGE_CURVE('',#4730,#4715,#5559,.F.);
#3776=EDGE_CURVE('',#4714,#4731,#5560,.T.);
#3777=EDGE_CURVE('',#4732,#4731,#528,.T.);
#3778=EDGE_CURVE('',#4732,#4733,#529,.F.);
#3779=EDGE_CURVE('',#4733,#4707,#5561,.F.);
#3780=EDGE_CURVE('',#4706,#4734,#5562,.T.);
#3781=EDGE_CURVE('',#4735,#4734,#530,.T.);
#3782=EDGE_CURVE('',#4735,#4699,#5563,.F.);
#3783=EDGE_CURVE('',#4698,#4736,#5564,.T.);
#3784=EDGE_CURVE('',#4737,#4736,#531,.T.);
#3785=EDGE_CURVE('',#4737,#4691,#5565,.F.);
#3786=EDGE_CURVE('',#4690,#4738,#5566,.T.);
#3787=EDGE_CURVE('',#4739,#4738,#532,.T.);
#3788=EDGE_CURVE('',#4739,#4723,#5567,.F.);
#3789=EDGE_CURVE('',#4722,#4740,#5568,.T.);
#3790=EDGE_CURVE('',#4740,#4730,#533,.F.);
#3791=EDGE_CURVE('',#4741,#4742,#5569,.T.);
#3792=EDGE_CURVE('',#4743,#4742,#5570,.T.);
#3793=EDGE_CURVE('',#4744,#4743,#5571,.T.);
#3794=EDGE_CURVE('',#4744,#4741,#5572,.T.);
#3795=EDGE_CURVE('',#4745,#4742,#534,.T.);
#3796=EDGE_CURVE('',#4746,#4745,#5573,.T.);
#3797=EDGE_CURVE('',#4746,#4743,#535,.T.);
#3798=EDGE_CURVE('',#4747,#4745,#5574,.T.);
#3799=EDGE_CURVE('',#4748,#4747,#5575,.T.);
#3800=EDGE_CURVE('',#4748,#4746,#5576,.T.);
#3801=EDGE_CURVE('',#4741,#4747,#536,.T.);
#3802=EDGE_CURVE('',#4744,#4748,#537,.T.);
#3803=EDGE_CURVE('',#4692,#4749,#5577,.T.);
#3804=EDGE_CURVE('',#4750,#4749,#5578,.T.);
#3805=EDGE_CURVE('',#4750,#4693,#5579,.F.);
#3806=EDGE_CURVE('',#4696,#4751,#5580,.T.);
#3807=EDGE_CURVE('',#4751,#4752,#5581,.T.);
#3808=EDGE_CURVE('',#4752,#4697,#5582,.F.);
#3809=EDGE_CURVE('',#4753,#4754,#538,.T.);
#3810=EDGE_CURVE('',#4754,#4695,#5583,.F.);
#3811=EDGE_CURVE('',#4694,#4753,#5584,.T.);
#3812=EDGE_CURVE('',#4751,#4754,#76,.T.);
#3813=EDGE_CURVE('',#4736,#4752,#77,.T.);
#3814=EDGE_CURVE('',#4749,#4737,#78,.T.);
#3815=EDGE_CURVE('',#4753,#4750,#79,.T.);
#3816=EDGE_CURVE('',#4754,#4755,#539,.F.);
#3817=EDGE_CURVE('',#4755,#4756,#80,.T.);
#3818=EDGE_CURVE('',#4756,#4757,#5585,.T.);
#3819=EDGE_CURVE('',#4757,#4735,#81,.T.);
#3820=EDGE_CURVE('',#4735,#4736,#540,.F.);
#3821=EDGE_CURVE('',#4737,#4738,#541,.F.);
#3822=EDGE_CURVE('',#4738,#4758,#82,.T.);
#3823=EDGE_CURVE('',#4759,#4758,#5586,.T.);
#3824=EDGE_CURVE('',#4759,#4760,#83,.T.);
#3825=EDGE_CURVE('',#4760,#4753,#542,.F.);
#3826=EDGE_CURVE('',#4724,#4761,#5587,.T.);
#3827=EDGE_CURVE('',#4762,#4761,#5588,.T.);
#3828=EDGE_CURVE('',#4762,#4725,#5589,.F.);
#3829=EDGE_CURVE('',#4728,#4759,#5590,.T.);
#3830=EDGE_CURVE('',#4758,#4689,#5591,.F.);
#3831=EDGE_CURVE('',#4763,#4760,#543,.T.);
#3832=EDGE_CURVE('',#4760,#4727,#5592,.F.);
#3833=EDGE_CURVE('',#4726,#4763,#5593,.T.);
#3834=EDGE_CURVE('',#4761,#4739,#84,.T.);
#3835=EDGE_CURVE('',#4763,#4762,#85,.T.);
#3836=EDGE_CURVE('',#4739,#4740,#544,.F.);
#3837=EDGE_CURVE('',#4740,#4764,#86,.T.);
#3838=EDGE_CURVE('',#4765,#4764,#5594,.T.);
#3839=EDGE_CURVE('',#4765,#4766,#87,.T.);
#3840=EDGE_CURVE('',#4766,#4763,#545,.F.);
#3841=EDGE_CURVE('',#4756,#4701,#5595,.F.);
#3842=EDGE_CURVE('',#4700,#4757,#5596,.T.);
#3843=EDGE_CURVE('',#4704,#4767,#5597,.T.);
#3844=EDGE_CURVE('',#4767,#4768,#5598,.T.);
#3845=EDGE_CURVE('',#4768,#4705,#5599,.F.);
#3846=EDGE_CURVE('',#4702,#4755,#5600,.T.);
#3847=EDGE_CURVE('',#4755,#4769,#546,.T.);
#3848=EDGE_CURVE('',#4769,#4703,#5601,.F.);
#3849=EDGE_CURVE('',#4767,#4769,#88,.T.);
#3850=EDGE_CURVE('',#4734,#4768,#89,.T.);
#3851=EDGE_CURVE('',#4769,#4770,#547,.F.);
#3852=EDGE_CURVE('',#4770,#4732,#5602,.T.);
#3853=EDGE_CURVE('',#4732,#4734,#548,.F.);
#3854=EDGE_CURVE('',#4708,#4771,#5603,.T.);
#3855=EDGE_CURVE('',#4771,#4772,#5604,.F.);
#3856=EDGE_CURVE('',#4772,#4709,#5605,.F.);
#3857=EDGE_CURVE('',#4773,#4774,#5606,.T.);
#3858=EDGE_CURVE('',#4774,#4713,#5607,.F.);
#3859=EDGE_CURVE('',#4712,#4773,#5608,.T.);
#3860=EDGE_CURVE('',#4770,#4775,#549,.T.);
#3861=EDGE_CURVE('',#4775,#4711,#5609,.F.);
#3862=EDGE_CURVE('',#4710,#4776,#5610,.T.);
#3863=EDGE_CURVE('',#4776,#4770,#550,.T.);
#3864=EDGE_CURVE('',#4776,#4772,#12,.F.);
#3865=EDGE_CURVE('',#4771,#4733,#13,.T.);
#3866=EDGE_CURVE('',#4731,#4774,#90,.T.);
#3867=EDGE_CURVE('',#4773,#4775,#91,.T.);
#3868=EDGE_CURVE('',#4730,#4731,#551,.F.);
#3869=EDGE_CURVE('',#4775,#4777,#552,.F.);
#3870=EDGE_CURVE('',#4777,#4778,#92,.T.);
#3871=EDGE_CURVE('',#4778,#4779,#5611,.T.);
#3872=EDGE_CURVE('',#4779,#4730,#93,.T.);
#3873=EDGE_CURVE('',#4778,#4717,#5612,.F.);
#3874=EDGE_CURVE('',#4716,#4779,#5613,.T.);
#3875=EDGE_CURVE('',#4720,#4765,#5614,.T.);
#3876=EDGE_CURVE('',#4764,#4721,#5615,.F.);
#3877=EDGE_CURVE('',#4718,#4777,#5616,.T.);
#3878=EDGE_CURVE('',#4777,#4766,#553,.F.);
#3879=EDGE_CURVE('',#4766,#4719,#5617,.F.);
#3880=EDGE_CURVE('',#4780,#4780,#554,.T.);
#3881=EDGE_CURVE('',#4781,#4781,#555,.F.);
#3882=EDGE_CURVE('',#4782,#4782,#556,.T.);
#3883=EDGE_CURVE('',#4783,#4784,#557,.T.);
#3884=EDGE_CURVE('',#4783,#4785,#94,.T.);
#3885=EDGE_CURVE('',#4786,#4785,#5618,.T.);
#3886=EDGE_CURVE('',#4786,#4787,#95,.T.);
#3887=EDGE_CURVE('',#4787,#4788,#558,.T.);
#3888=EDGE_CURVE('',#4788,#4789,#96,.T.);
#3889=EDGE_CURVE('',#4789,#4790,#5619,.T.);
#3890=EDGE_CURVE('',#4790,#4791,#97,.T.);
#3891=EDGE_CURVE('',#4792,#4791,#559,.T.);
#3892=EDGE_CURVE('',#4792,#4793,#98,.T.);
#3893=EDGE_CURVE('',#4794,#4793,#5620,.T.);
#3894=EDGE_CURVE('',#4794,#4795,#99,.T.);
#3895=EDGE_CURVE('',#4795,#4796,#560,.T.);
#3896=EDGE_CURVE('',#4796,#4797,#100,.T.);
#3897=EDGE_CURVE('',#4797,#4798,#5621,.T.);
#3898=EDGE_CURVE('',#4798,#4799,#101,.T.);
#3899=EDGE_CURVE('',#4800,#4799,#561,.T.);
#3900=EDGE_CURVE('',#4800,#4801,#102,.T.);
#3901=EDGE_CURVE('',#4802,#4801,#5622,.T.);
#3902=EDGE_CURVE('',#4802,#4803,#103,.T.);
#3903=EDGE_CURVE('',#4803,#4804,#562,.T.);
#3904=EDGE_CURVE('',#4804,#4805,#104,.T.);
#3905=EDGE_CURVE('',#4805,#4806,#5623,.T.);
#3906=EDGE_CURVE('',#4806,#4807,#105,.T.);
#3907=EDGE_CURVE('',#4808,#4807,#563,.T.);
#3908=EDGE_CURVE('',#4808,#4809,#106,.T.);
#3909=EDGE_CURVE('',#4810,#4809,#5624,.T.);
#3910=EDGE_CURVE('',#4810,#4811,#107,.T.);
#3911=EDGE_CURVE('',#4811,#4812,#564,.T.);
#3912=EDGE_CURVE('',#4812,#4813,#108,.T.);
#3913=EDGE_CURVE('',#4813,#4814,#5625,.T.);
#3914=EDGE_CURVE('',#4814,#4815,#109,.T.);
#3915=EDGE_CURVE('',#4816,#4815,#565,.T.);
#3916=EDGE_CURVE('',#4816,#4817,#110,.T.);
#3917=EDGE_CURVE('',#4818,#4817,#5626,.T.);
#3918=EDGE_CURVE('',#4818,#4819,#111,.T.);
#3919=EDGE_CURVE('',#4819,#4820,#566,.T.);
#3920=EDGE_CURVE('',#4820,#4821,#112,.T.);
#3921=EDGE_CURVE('',#4821,#4822,#5627,.T.);
#3922=EDGE_CURVE('',#4822,#4784,#113,.T.);
#3923=EDGE_CURVE('',#4823,#4824,#5628,.F.);
#3924=EDGE_CURVE('',#4824,#4825,#567,.T.);
#3925=EDGE_CURVE('',#4825,#4826,#5629,.T.);
#3926=EDGE_CURVE('',#4823,#4826,#568,.T.);
#3927=EDGE_CURVE('',#4827,#4828,#5630,.F.);
#3928=EDGE_CURVE('',#4828,#4829,#569,.T.);
#3929=EDGE_CURVE('',#4829,#4830,#5631,.T.);
#3930=EDGE_CURVE('',#4827,#4830,#570,.T.);
#3931=EDGE_CURVE('',#4831,#4832,#5632,.F.);
#3932=EDGE_CURVE('',#4832,#4833,#571,.T.);
#3933=EDGE_CURVE('',#4833,#4834,#5633,.T.);
#3934=EDGE_CURVE('',#4831,#4834,#572,.T.);
#3935=EDGE_CURVE('',#4835,#4836,#5634,.F.);
#3936=EDGE_CURVE('',#4836,#4837,#573,.T.);
#3937=EDGE_CURVE('',#4837,#4838,#5635,.T.);
#3938=EDGE_CURVE('',#4839,#4838,#574,.T.);
#3939=EDGE_CURVE('',#4839,#4835,#575,.F.);
#3940=EDGE_CURVE('',#4840,#4841,#5636,.F.);
#3941=EDGE_CURVE('',#4841,#4842,#576,.T.);
#3942=EDGE_CURVE('',#4842,#4843,#5637,.T.);
#3943=EDGE_CURVE('',#4843,#4840,#577,.F.);
#3944=EDGE_CURVE('',#4844,#4845,#5638,.T.);
#3945=EDGE_CURVE('',#4846,#4845,#5639,.T.);
#3946=EDGE_CURVE('',#4847,#4846,#5640,.T.);
#3947=EDGE_CURVE('',#4847,#4844,#5641,.T.);
#3948=EDGE_CURVE('',#4848,#4845,#578,.T.);
#3949=EDGE_CURVE('',#4849,#4848,#5642,.T.);
#3950=EDGE_CURVE('',#4849,#4846,#579,.T.);
#3951=EDGE_CURVE('',#4850,#4848,#5643,.T.);
#3952=EDGE_CURVE('',#4851,#4850,#5644,.T.);
#3953=EDGE_CURVE('',#4851,#4849,#5645,.T.);
#3954=EDGE_CURVE('',#4844,#4850,#580,.T.);
#3955=EDGE_CURVE('',#4847,#4851,#581,.T.);
#3956=EDGE_CURVE('',#4785,#4852,#5646,.T.);
#3957=EDGE_CURVE('',#4853,#4852,#5647,.T.);
#3958=EDGE_CURVE('',#4853,#4786,#5648,.F.);
#3959=EDGE_CURVE('',#4789,#4854,#5649,.T.);
#3960=EDGE_CURVE('',#4854,#4855,#5650,.T.);
#3961=EDGE_CURVE('',#4855,#4790,#5651,.F.);
#3962=EDGE_CURVE('',#4856,#4857,#582,.T.);
#3963=EDGE_CURVE('',#4857,#4788,#5652,.F.);
#3964=EDGE_CURVE('',#4787,#4856,#5653,.T.);
#3965=EDGE_CURVE('',#4854,#4857,#114,.T.);
#3966=EDGE_CURVE('',#4830,#4855,#115,.T.);
#3967=EDGE_CURVE('',#4791,#4829,#116,.T.);
#3968=EDGE_CURVE('',#4828,#4783,#117,.T.);
#3969=EDGE_CURVE('',#4852,#4827,#118,.T.);
#3970=EDGE_CURVE('',#4856,#4853,#119,.T.);
#3971=EDGE_CURVE('',#4857,#4858,#583,.F.);
#3972=EDGE_CURVE('',#4858,#4859,#120,.T.);
#3973=EDGE_CURVE('',#4859,#4860,#5654,.T.);
#3974=EDGE_CURVE('',#4860,#4831,#121,.T.);
#3975=EDGE_CURVE('',#4831,#4830,#584,.F.);
#3976=EDGE_CURVE('',#4827,#4826,#585,.F.);
#3977=EDGE_CURVE('',#4826,#4861,#122,.T.);
#3978=EDGE_CURVE('',#4862,#4861,#5655,.T.);
#3979=EDGE_CURVE('',#4862,#4863,#123,.T.);
#3980=EDGE_CURVE('',#4863,#4856,#586,.F.);
#3981=EDGE_CURVE('',#4817,#4864,#5656,.T.);
#3982=EDGE_CURVE('',#4865,#4864,#5657,.T.);
#3983=EDGE_CURVE('',#4865,#4818,#5658,.F.);
#3984=EDGE_CURVE('',#4821,#4862,#5659,.T.);
#3985=EDGE_CURVE('',#4861,#4822,#5660,.F.);
#3986=EDGE_CURVE('',#4866,#4863,#587,.T.);
#3987=EDGE_CURVE('',#4863,#4820,#5661,.F.);
#3988=EDGE_CURVE('',#4819,#4866,#5662,.T.);
#3989=EDGE_CURVE('',#4784,#4825,#124,.T.);
#3990=EDGE_CURVE('',#4824,#4816,#125,.T.);
#3991=EDGE_CURVE('',#4864,#4823,#126,.T.);
#3992=EDGE_CURVE('',#4866,#4865,#127,.T.);
#3993=EDGE_CURVE('',#4823,#4843,#588,.F.);
#3994=EDGE_CURVE('',#4843,#4867,#128,.T.);
#3995=EDGE_CURVE('',#4868,#4867,#5663,.T.);
#3996=EDGE_CURVE('',#4868,#4869,#129,.T.);
#3997=EDGE_CURVE('',#4869,#4866,#589,.F.);
#3998=EDGE_CURVE('',#4859,#4794,#5664,.F.);
#3999=EDGE_CURVE('',#4793,#4860,#5665,.T.);
#4000=EDGE_CURVE('',#4797,#4870,#5666,.T.);
#4001=EDGE_CURVE('',#4870,#4871,#5667,.T.);
#4002=EDGE_CURVE('',#4871,#4798,#5668,.F.);
#4003=EDGE_CURVE('',#4795,#4858,#5669,.T.);
#4004=EDGE_CURVE('',#4858,#4872,#590,.T.);
#4005=EDGE_CURVE('',#4872,#4796,#5670,.F.);
#4006=EDGE_CURVE('',#4870,#4872,#130,.T.);
#4007=EDGE_CURVE('',#4834,#4871,#131,.T.);
#4008=EDGE_CURVE('',#4799,#4833,#132,.T.);
#4009=EDGE_CURVE('',#4832,#4792,#133,.T.);
#4010=EDGE_CURVE('',#4872,#4873,#591,.F.);
#4011=EDGE_CURVE('',#4873,#4839,#5671,.T.);
#4012=EDGE_CURVE('',#4839,#4834,#592,.F.);
#4013=EDGE_CURVE('',#4801,#4874,#5672,.T.);
#4014=EDGE_CURVE('',#4874,#4875,#5673,.F.);
#4015=EDGE_CURVE('',#4875,#4802,#5674,.F.);
#4016=EDGE_CURVE('',#4876,#4877,#5675,.T.);
#4017=EDGE_CURVE('',#4877,#4806,#5676,.F.);
#4018=EDGE_CURVE('',#4805,#4876,#5677,.T.);
#4019=EDGE_CURVE('',#4873,#4878,#593,.T.);
#4020=EDGE_CURVE('',#4878,#4804,#5678,.F.);
#4021=EDGE_CURVE('',#4803,#4879,#5679,.T.);
#4022=EDGE_CURVE('',#4879,#4873,#594,.T.);
#4023=EDGE_CURVE('',#4879,#4875,#14,.F.);
#4024=EDGE_CURVE('',#4836,#4800,#134,.T.);
#4025=EDGE_CURVE('',#4874,#4835,#15,.T.);
#4026=EDGE_CURVE('',#4838,#4877,#135,.T.);
#4027=EDGE_CURVE('',#4807,#4837,#136,.T.);
#4028=EDGE_CURVE('',#4876,#4878,#137,.T.);
#4029=EDGE_CURVE('',#4840,#4838,#595,.F.);
#4030=EDGE_CURVE('',#4878,#4880,#596,.F.);
#4031=EDGE_CURVE('',#4880,#4881,#138,.T.);
#4032=EDGE_CURVE('',#4881,#4882,#5680,.T.);
#4033=EDGE_CURVE('',#4882,#4840,#139,.T.);
#4034=EDGE_CURVE('',#4881,#4810,#5681,.F.);
#4035=EDGE_CURVE('',#4809,#4882,#5682,.T.);
#4036=EDGE_CURVE('',#4813,#4868,#5683,.T.);
#4037=EDGE_CURVE('',#4867,#4814,#5684,.F.);
#4038=EDGE_CURVE('',#4811,#4880,#5685,.T.);
#4039=EDGE_CURVE('',#4880,#4869,#597,.F.);
#4040=EDGE_CURVE('',#4869,#4812,#5686,.F.);
#4041=EDGE_CURVE('',#4815,#4842,#140,.T.);
#4042=EDGE_CURVE('',#4841,#4808,#141,.T.);
#4043=EDGE_CURVE('',#4883,#4883,#598,.T.);
#4044=EDGE_CURVE('',#4884,#4884,#599,.F.);
#4045=EDGE_CURVE('',#4791,#4783,#600,.T.);
#4046=EDGE_CURVE('',#4784,#4816,#601,.T.);
#4047=EDGE_CURVE('',#4799,#4792,#602,.T.);
#4048=EDGE_CURVE('',#4807,#4800,#603,.T.);
#4049=EDGE_CURVE('',#4815,#4808,#604,.T.);
#4050=EDGE_CURVE('',#4885,#4885,#605,.F.);
#4051=EDGE_CURVE('',#4886,#4886,#606,.F.);
#4052=EDGE_CURVE('',#4887,#4887,#607,.T.);
#4053=EDGE_CURVE('',#4888,#4888,#608,.F.);
#4054=EDGE_CURVE('',#4889,#4889,#609,.F.);
#4055=EDGE_CURVE('',#4890,#4890,#610,.F.);
#4056=EDGE_CURVE('',#4891,#4891,#611,.T.);
#4057=EDGE_CURVE('',#4892,#4892,#612,.F.);
#4058=EDGE_CURVE('',#4893,#4894,#5687,.F.);
#4059=EDGE_CURVE('',#4894,#4895,#613,.T.);
#4060=EDGE_CURVE('',#4895,#4896,#5688,.T.);
#4061=EDGE_CURVE('',#4893,#4896,#614,.T.);
#4062=EDGE_CURVE('',#4897,#4898,#5689,.F.);
#4063=EDGE_CURVE('',#4898,#4899,#615,.T.);
#4064=EDGE_CURVE('',#4899,#4900,#5690,.T.);
#4065=EDGE_CURVE('',#4897,#4900,#616,.T.);
#4066=EDGE_CURVE('',#4901,#4902,#5691,.F.);
#4067=EDGE_CURVE('',#4902,#4903,#617,.T.);
#4068=EDGE_CURVE('',#4903,#4904,#5692,.T.);
#4069=EDGE_CURVE('',#4901,#4904,#618,.T.);
#4070=EDGE_CURVE('',#4905,#4906,#5693,.F.);
#4071=EDGE_CURVE('',#4906,#4907,#619,.T.);
#4072=EDGE_CURVE('',#4907,#4908,#5694,.T.);
#4073=EDGE_CURVE('',#4909,#4908,#620,.T.);
#4074=EDGE_CURVE('',#4909,#4905,#621,.F.);
#4075=EDGE_CURVE('',#4910,#4911,#142,.T.);
#4076=EDGE_CURVE('',#4911,#4912,#622,.T.);
#4077=EDGE_CURVE('',#4912,#4913,#143,.T.);
#4078=EDGE_CURVE('',#4914,#4913,#5695,.T.);
#4079=EDGE_CURVE('',#4914,#4915,#144,.T.);
#4080=EDGE_CURVE('',#4915,#4916,#623,.T.);
#4081=EDGE_CURVE('',#4916,#4917,#145,.T.);
#4082=EDGE_CURVE('',#4917,#4918,#5696,.T.);
#4083=EDGE_CURVE('',#4918,#4919,#146,.T.);
#4084=EDGE_CURVE('',#4919,#4920,#624,.T.);
#4085=EDGE_CURVE('',#4920,#4921,#147,.T.);
#4086=EDGE_CURVE('',#4922,#4921,#5697,.T.);
#4087=EDGE_CURVE('',#4922,#4923,#148,.T.);
#4088=EDGE_CURVE('',#4923,#4924,#625,.T.);
#4089=EDGE_CURVE('',#4924,#4925,#149,.T.);
#4090=EDGE_CURVE('',#4925,#4926,#5698,.T.);
#4091=EDGE_CURVE('',#4926,#4927,#150,.T.);
#4092=EDGE_CURVE('',#4927,#4928,#626,.T.);
#4093=EDGE_CURVE('',#4928,#4929,#151,.T.);
#4094=EDGE_CURVE('',#4930,#4929,#5699,.T.);
#4095=EDGE_CURVE('',#4930,#4931,#152,.T.);
#4096=EDGE_CURVE('',#4931,#4932,#627,.T.);
#4097=EDGE_CURVE('',#4932,#4933,#153,.T.);
#4098=EDGE_CURVE('',#4933,#4934,#5700,.T.);
#4099=EDGE_CURVE('',#4934,#4935,#154,.T.);
#4100=EDGE_CURVE('',#4935,#4936,#628,.T.);
#4101=EDGE_CURVE('',#4936,#4937,#155,.T.);
#4102=EDGE_CURVE('',#4938,#4937,#5701,.T.);
#4103=EDGE_CURVE('',#4938,#4939,#156,.T.);
#4104=EDGE_CURVE('',#4939,#4940,#629,.T.);
#4105=EDGE_CURVE('',#4940,#4941,#157,.T.);
#4106=EDGE_CURVE('',#4941,#4942,#5702,.T.);
#4107=EDGE_CURVE('',#4942,#4943,#158,.T.);
#4108=EDGE_CURVE('',#4943,#4944,#630,.T.);
#4109=EDGE_CURVE('',#4944,#4945,#159,.T.);
#4110=EDGE_CURVE('',#4946,#4945,#5703,.T.);
#4111=EDGE_CURVE('',#4946,#4947,#160,.T.);
#4112=EDGE_CURVE('',#4947,#4948,#631,.T.);
#4113=EDGE_CURVE('',#4948,#4949,#161,.T.);
#4114=EDGE_CURVE('',#4949,#4910,#5704,.T.);
#4115=EDGE_CURVE('',#4950,#4950,#632,.T.);
#4116=EDGE_CURVE('',#4951,#4952,#5705,.F.);
#4117=EDGE_CURVE('',#4952,#4953,#633,.T.);
#4118=EDGE_CURVE('',#4953,#4954,#5706,.T.);
#4119=EDGE_CURVE('',#4954,#4951,#634,.F.);
#4120=EDGE_CURVE('',#4955,#4956,#5707,.T.);
#4121=EDGE_CURVE('',#4957,#4956,#5708,.T.);
#4122=EDGE_CURVE('',#4958,#4957,#5709,.T.);
#4123=EDGE_CURVE('',#4958,#4955,#5710,.T.);
#4124=EDGE_CURVE('',#4959,#4956,#635,.T.);
#4125=EDGE_CURVE('',#4960,#4959,#5711,.T.);
#4126=EDGE_CURVE('',#4960,#4957,#636,.T.);
#4127=EDGE_CURVE('',#4961,#4959,#5712,.T.);
#4128=EDGE_CURVE('',#4962,#4961,#5713,.T.);
#4129=EDGE_CURVE('',#4962,#4960,#5714,.T.);
#4130=EDGE_CURVE('',#4955,#4961,#637,.T.);
#4131=EDGE_CURVE('',#4958,#4962,#638,.T.);
#4132=EDGE_CURVE('',#4913,#4963,#5715,.T.);
#4133=EDGE_CURVE('',#4964,#4963,#5716,.T.);
#4134=EDGE_CURVE('',#4964,#4914,#5717,.F.);
#4135=EDGE_CURVE('',#4917,#4965,#5718,.T.);
#4136=EDGE_CURVE('',#4965,#4966,#5719,.T.);
#4137=EDGE_CURVE('',#4966,#4918,#5720,.F.);
#4138=EDGE_CURVE('',#4967,#4968,#639,.T.);
#4139=EDGE_CURVE('',#4968,#4916,#5721,.F.);
#4140=EDGE_CURVE('',#4915,#4967,#5722,.T.);
#4141=EDGE_CURVE('',#4965,#4968,#162,.T.);
#4142=EDGE_CURVE('',#4900,#4966,#163,.T.);
#4143=EDGE_CURVE('',#4919,#4899,#164,.T.);
#4144=EDGE_CURVE('',#4898,#4912,#165,.T.);
#4145=EDGE_CURVE('',#4963,#4897,#166,.T.);
#4146=EDGE_CURVE('',#4967,#4964,#167,.T.);
#4147=EDGE_CURVE('',#4968,#4969,#640,.F.);
#4148=EDGE_CURVE('',#4969,#4970,#168,.T.);
#4149=EDGE_CURVE('',#4970,#4971,#5723,.T.);
#4150=EDGE_CURVE('',#4971,#4901,#169,.T.);
#4151=EDGE_CURVE('',#4901,#4900,#641,.F.);
#4152=EDGE_CURVE('',#4897,#4896,#642,.F.);
#4153=EDGE_CURVE('',#4896,#4972,#170,.T.);
#4154=EDGE_CURVE('',#4973,#4972,#5724,.T.);
#4155=EDGE_CURVE('',#4973,#4974,#171,.T.);
#4156=EDGE_CURVE('',#4974,#4967,#643,.F.);
#4157=EDGE_CURVE('',#4945,#4975,#5725,.T.);
#4158=EDGE_CURVE('',#4976,#4975,#5726,.T.);
#4159=EDGE_CURVE('',#4976,#4946,#5727,.F.);
#4160=EDGE_CURVE('',#4949,#4973,#5728,.T.);
#4161=EDGE_CURVE('',#4972,#4910,#5729,.F.);
#4162=EDGE_CURVE('',#4977,#4974,#644,.T.);
#4163=EDGE_CURVE('',#4974,#4948,#5730,.F.);
#4164=EDGE_CURVE('',#4947,#4977,#5731,.T.);
#4165=EDGE_CURVE('',#4911,#4895,#172,.T.);
#4166=EDGE_CURVE('',#4894,#4944,#173,.T.);
#4167=EDGE_CURVE('',#4975,#4893,#174,.T.);
#4168=EDGE_CURVE('',#4977,#4976,#175,.T.);
#4169=EDGE_CURVE('',#4893,#4954,#645,.F.);
#4170=EDGE_CURVE('',#4954,#4978,#176,.T.);
#4171=EDGE_CURVE('',#4979,#4978,#5732,.T.);
#4172=EDGE_CURVE('',#4979,#4980,#177,.T.);
#4173=EDGE_CURVE('',#4980,#4977,#646,.F.);
#4174=EDGE_CURVE('',#4970,#4922,#5733,.F.);
#4175=EDGE_CURVE('',#4921,#4971,#5734,.T.);
#4176=EDGE_CURVE('',#4925,#4981,#5735,.T.);
#4177=EDGE_CURVE('',#4981,#4982,#5736,.T.);
#4178=EDGE_CURVE('',#4982,#4926,#5737,.F.);
#4179=EDGE_CURVE('',#4923,#4969,#5738,.T.);
#4180=EDGE_CURVE('',#4969,#4983,#647,.T.);
#4181=EDGE_CURVE('',#4983,#4924,#5739,.F.);
#4182=EDGE_CURVE('',#4981,#4983,#178,.T.);
#4183=EDGE_CURVE('',#4904,#4982,#179,.T.);
#4184=EDGE_CURVE('',#4927,#4903,#180,.T.);
#4185=EDGE_CURVE('',#4902,#4920,#181,.T.);
#4186=EDGE_CURVE('',#4983,#4984,#648,.F.);
#4187=EDGE_CURVE('',#4984,#4909,#5740,.T.);
#4188=EDGE_CURVE('',#4909,#4904,#649,.F.);
#4189=EDGE_CURVE('',#4929,#4985,#5741,.T.);
#4190=EDGE_CURVE('',#4985,#4986,#5742,.F.);
#4191=EDGE_CURVE('',#4986,#4930,#5743,.F.);
#4192=EDGE_CURVE('',#4987,#4988,#5744,.T.);
#4193=EDGE_CURVE('',#4988,#4934,#5745,.F.);
#4194=EDGE_CURVE('',#4933,#4987,#5746,.T.);
#4195=EDGE_CURVE('',#4984,#4989,#650,.T.);
#4196=EDGE_CURVE('',#4989,#4932,#5747,.F.);
#4197=EDGE_CURVE('',#4931,#4990,#5748,.T.);
#4198=EDGE_CURVE('',#4990,#4984,#651,.T.);
#4199=EDGE_CURVE('',#4990,#4986,#16,.F.);
#4200=EDGE_CURVE('',#4906,#4928,#182,.T.);
#4201=EDGE_CURVE('',#4985,#4905,#17,.T.);
#4202=EDGE_CURVE('',#4908,#4988,#183,.T.);
#4203=EDGE_CURVE('',#4907,#4935,#184,.T.);
#4204=EDGE_CURVE('',#4987,#4989,#185,.T.);
#4205=EDGE_CURVE('',#4951,#4908,#652,.F.);
#4206=EDGE_CURVE('',#4989,#4991,#653,.F.);
#4207=EDGE_CURVE('',#4991,#4992,#186,.T.);
#4208=EDGE_CURVE('',#4992,#4993,#5749,.T.);
#4209=EDGE_CURVE('',#4993,#4951,#187,.T.);
#4210=EDGE_CURVE('',#4992,#4938,#5750,.F.);
#4211=EDGE_CURVE('',#4937,#4993,#5751,.T.);
#4212=EDGE_CURVE('',#4941,#4979,#5752,.T.);
#4213=EDGE_CURVE('',#4978,#4942,#5753,.F.);
#4214=EDGE_CURVE('',#4939,#4991,#5754,.T.);
#4215=EDGE_CURVE('',#4991,#4980,#654,.F.);
#4216=EDGE_CURVE('',#4980,#4940,#5755,.F.);
#4217=EDGE_CURVE('',#4943,#4953,#188,.T.);
#4218=EDGE_CURVE('',#4952,#4936,#189,.T.);
#4219=EDGE_CURVE('',#4994,#4994,#655,.T.);
#4220=EDGE_CURVE('',#4995,#4995,#656,.F.);
#4221=EDGE_CURVE('',#4912,#4919,#657,.T.);
#4222=EDGE_CURVE('',#4944,#4911,#658,.T.);
#4223=EDGE_CURVE('',#4920,#4927,#659,.T.);
#4224=EDGE_CURVE('',#4928,#4935,#660,.T.);
#4225=EDGE_CURVE('',#4936,#4943,#661,.T.);
#4226=EDGE_CURVE('',#4996,#4996,#662,.F.);
#4227=EDGE_CURVE('',#4997,#4997,#663,.F.);
#4228=EDGE_CURVE('',#4998,#4998,#664,.T.);
#4229=EDGE_CURVE('',#4999,#4999,#665,.F.);
#4230=EDGE_CURVE('',#5000,#5000,#666,.F.);
#4231=EDGE_CURVE('',#5001,#5001,#667,.F.);
#4232=EDGE_CURVE('',#5002,#5002,#668,.T.);
#4233=EDGE_CURVE('',#5003,#5003,#669,.F.);
#4234=VERTEX_POINT('',#11766);
#4235=VERTEX_POINT('',#11767);
#4236=VERTEX_POINT('',#11769);
#4237=VERTEX_POINT('',#11771);
#4238=VERTEX_POINT('',#11773);
#4239=VERTEX_POINT('',#11775);
#4240=VERTEX_POINT('',#11779);
#4241=VERTEX_POINT('',#11780);
#4242=VERTEX_POINT('',#11782);
#4243=VERTEX_POINT('',#11784);
#4244=VERTEX_POINT('',#11786);
#4245=VERTEX_POINT('',#11788);
#4246=VERTEX_POINT('',#11792);
#4247=VERTEX_POINT('',#11793);
#4248=VERTEX_POINT('',#11795);
#4249=VERTEX_POINT('',#11797);
#4250=VERTEX_POINT('',#11799);
#4251=VERTEX_POINT('',#11801);
#4252=VERTEX_POINT('',#11805);
#4253=VERTEX_POINT('',#11806);
#4254=VERTEX_POINT('',#11808);
#4255=VERTEX_POINT('',#11810);
#4256=VERTEX_POINT('',#11812);
#4257=VERTEX_POINT('',#11814);
#4258=VERTEX_POINT('',#11818);
#4259=VERTEX_POINT('',#11820);
#4260=VERTEX_POINT('',#11824);
#4261=VERTEX_POINT('',#11826);
#4262=VERTEX_POINT('',#11830);
#4263=VERTEX_POINT('',#11832);
#4264=VERTEX_POINT('',#11834);
#4265=VERTEX_POINT('',#11837);
#4266=VERTEX_POINT('',#11839);
#4267=VERTEX_POINT('',#11843);
#4268=VERTEX_POINT('',#11845);
#4269=VERTEX_POINT('',#11849);
#4270=VERTEX_POINT('',#11850);
#4271=VERTEX_POINT('',#11852);
#4272=VERTEX_POINT('',#11854);
#4273=VERTEX_POINT('',#11858);
#4274=VERTEX_POINT('',#11859);
#4275=VERTEX_POINT('',#11861);
#4276=VERTEX_POINT('',#11863);
#4277=VERTEX_POINT('',#11870);
#4278=VERTEX_POINT('',#11872);
#4279=VERTEX_POINT('',#11874);
#4280=VERTEX_POINT('',#11883);
#4281=VERTEX_POINT('',#11884);
#4282=VERTEX_POINT('',#11887);
#4283=VERTEX_POINT('',#11891);
#4284=VERTEX_POINT('',#11893);
#4285=VERTEX_POINT('',#11895);
#4286=VERTEX_POINT('',#11906);
#4287=VERTEX_POINT('',#11908);
#4288=VERTEX_POINT('',#11911);
#4289=VERTEX_POINT('',#11913);
#4290=VERTEX_POINT('',#11915);
#4291=VERTEX_POINT('',#11917);
#4292=VERTEX_POINT('',#11922);
#4293=VERTEX_POINT('',#11923);
#4294=VERTEX_POINT('',#11925);
#4295=VERTEX_POINT('',#11927);
#4296=VERTEX_POINT('',#11929);
#4297=VERTEX_POINT('',#11931);
#4298=VERTEX_POINT('',#11933);
#4299=VERTEX_POINT('',#11935);
#4300=VERTEX_POINT('',#11938);
#4301=VERTEX_POINT('',#11939);
#4302=VERTEX_POINT('',#11941);
#4303=VERTEX_POINT('',#11943);
#4304=VERTEX_POINT('',#11945);
#4305=VERTEX_POINT('',#11947);
#4306=VERTEX_POINT('',#11949);
#4307=VERTEX_POINT('',#11951);
#4308=VERTEX_POINT('',#11954);
#4309=VERTEX_POINT('',#11956);
#4310=VERTEX_POINT('',#11959);
#4311=VERTEX_POINT('',#11961);
#4312=VERTEX_POINT('',#11965);
#4313=VERTEX_POINT('',#11969);
#4314=VERTEX_POINT('',#11970);
#4315=VERTEX_POINT('',#11973);
#4316=VERTEX_POINT('',#11975);
#4317=VERTEX_POINT('',#11977);
#4318=VERTEX_POINT('',#11982);
#4319=VERTEX_POINT('',#11986);
#4320=VERTEX_POINT('',#11987);
#4321=VERTEX_POINT('',#11992);
#4322=VERTEX_POINT('',#11994);
#4323=VERTEX_POINT('',#12000);
#4324=VERTEX_POINT('',#12003);
#4325=VERTEX_POINT('',#12005);
#4326=VERTEX_POINT('',#12012);
#4327=VERTEX_POINT('',#12013);
#4328=VERTEX_POINT('',#12015);
#4329=VERTEX_POINT('',#12020);
#4330=VERTEX_POINT('',#12022);
#4331=VERTEX_POINT('',#12024);
#4332=VERTEX_POINT('',#12035);
#4333=VERTEX_POINT('',#12037);
#4334=VERTEX_POINT('',#12041);
#4335=VERTEX_POINT('',#12042);
#4336=VERTEX_POINT('',#12047);
#4337=VERTEX_POINT('',#12048);
#4338=VERTEX_POINT('',#12053);
#4339=VERTEX_POINT('',#12055);
#4340=VERTEX_POINT('',#12059);
#4341=VERTEX_POINT('',#12060);
#4342=VERTEX_POINT('',#12062);
#4343=VERTEX_POINT('',#12064);
#4344=VERTEX_POINT('',#12068);
#4345=VERTEX_POINT('',#12070);
#4346=VERTEX_POINT('',#12074);
#4347=VERTEX_POINT('',#12076);
#4348=VERTEX_POINT('',#12083);
#4349=VERTEX_POINT('',#12085);
#4350=VERTEX_POINT('',#12087);
#4351=VERTEX_POINT('',#12089);
#4352=VERTEX_POINT('',#12092);
#4353=VERTEX_POINT('',#12093);
#4354=VERTEX_POINT('',#12095);
#4355=VERTEX_POINT('',#12097);
#4356=VERTEX_POINT('',#12101);
#4357=VERTEX_POINT('',#12102);
#4358=VERTEX_POINT('',#12104);
#4359=VERTEX_POINT('',#12106);
#4360=VERTEX_POINT('',#12110);
#4361=VERTEX_POINT('',#12111);
#4362=VERTEX_POINT('',#12114);
#4363=VERTEX_POINT('',#12116);
#4364=VERTEX_POINT('',#12120);
#4365=VERTEX_POINT('',#12121);
#4366=VERTEX_POINT('',#12124);
#4367=VERTEX_POINT('',#12126);
#4368=VERTEX_POINT('',#12129);
#4369=VERTEX_POINT('',#12131);
#4370=VERTEX_POINT('',#12136);
#4371=VERTEX_POINT('',#12138);
#4372=VERTEX_POINT('',#12146);
#4373=VERTEX_POINT('',#12148);
#4374=VERTEX_POINT('',#12153);
#4375=VERTEX_POINT('',#12154);
#4376=VERTEX_POINT('',#12161);
#4377=VERTEX_POINT('',#12164);
#4378=VERTEX_POINT('',#12166);
#4379=VERTEX_POINT('',#12168);
#4380=VERTEX_POINT('',#12170);
#4381=VERTEX_POINT('',#12172);
#4382=VERTEX_POINT('',#12177);
#4383=VERTEX_POINT('',#12181);
#4384=VERTEX_POINT('',#12188);
#4385=VERTEX_POINT('',#12193);
#4386=VERTEX_POINT('',#12253);
#4387=VERTEX_POINT('',#12257);
#4388=VERTEX_POINT('',#12261);
#4389=VERTEX_POINT('',#12265);
#4390=VERTEX_POINT('',#12270);
#4391=VERTEX_POINT('',#12271);
#4392=VERTEX_POINT('',#12273);
#4393=VERTEX_POINT('',#12275);
#4394=VERTEX_POINT('',#12279);
#4395=VERTEX_POINT('',#12281);
#4396=VERTEX_POINT('',#12285);
#4397=VERTEX_POINT('',#12287);
#4398=VERTEX_POINT('',#12294);
#4399=VERTEX_POINT('',#12298);
#4400=VERTEX_POINT('',#12303);
#4401=VERTEX_POINT('',#12304);
#4402=VERTEX_POINT('',#12306);
#4403=VERTEX_POINT('',#12308);
#4404=VERTEX_POINT('',#12310);
#4405=VERTEX_POINT('',#12312);
#4406=VERTEX_POINT('',#12316);
#4407=VERTEX_POINT('',#12317);
#4408=VERTEX_POINT('',#12319);
#4409=VERTEX_POINT('',#12321);
#4410=VERTEX_POINT('',#12323);
#4411=VERTEX_POINT('',#12325);
#4412=VERTEX_POINT('',#12329);
#4413=VERTEX_POINT('',#12332);
#4414=VERTEX_POINT('',#12335);
#4415=VERTEX_POINT('',#12336);
#4416=VERTEX_POINT('',#12338);
#4417=VERTEX_POINT('',#12340);
#4418=VERTEX_POINT('',#12342);
#4419=VERTEX_POINT('',#12344);
#4420=VERTEX_POINT('',#12346);
#4421=VERTEX_POINT('',#12348);
#4422=VERTEX_POINT('',#12350);
#4423=VERTEX_POINT('',#12352);
#4424=VERTEX_POINT('',#12354);
#4425=VERTEX_POINT('',#12356);
#4426=VERTEX_POINT('',#12358);
#4427=VERTEX_POINT('',#12360);
#4428=VERTEX_POINT('',#12362);
#4429=VERTEX_POINT('',#12364);
#4430=VERTEX_POINT('',#12366);
#4431=VERTEX_POINT('',#12368);
#4432=VERTEX_POINT('',#12370);
#4433=VERTEX_POINT('',#12372);
#4434=VERTEX_POINT('',#12374);
#4435=VERTEX_POINT('',#12376);
#4436=VERTEX_POINT('',#12378);
#4437=VERTEX_POINT('',#12380);
#4438=VERTEX_POINT('',#12384);
#4439=VERTEX_POINT('',#12385);
#4440=VERTEX_POINT('',#12387);
#4441=VERTEX_POINT('',#12389);
#4442=VERTEX_POINT('',#12393);
#4443=VERTEX_POINT('',#12394);
#4444=VERTEX_POINT('',#12396);
#4445=VERTEX_POINT('',#12398);
#4446=VERTEX_POINT('',#12402);
#4447=VERTEX_POINT('',#12404);
#4448=VERTEX_POINT('',#12406);
#4449=VERTEX_POINT('',#12408);
#4450=VERTEX_POINT('',#12412);
#4451=VERTEX_POINT('',#12413);
#4452=VERTEX_POINT('',#12416);
#4453=VERTEX_POINT('',#12418);
#4454=VERTEX_POINT('',#12422);
#4455=VERTEX_POINT('',#12424);
#4456=VERTEX_POINT('',#12426);
#4457=VERTEX_POINT('',#12428);
#4458=VERTEX_POINT('',#12432);
#4459=VERTEX_POINT('',#12434);
#4460=VERTEX_POINT('',#12436);
#4461=VERTEX_POINT('',#12438);
#4462=VERTEX_POINT('',#12442);
#4463=VERTEX_POINT('',#12444);
#4464=VERTEX_POINT('',#12446);
#4465=VERTEX_POINT('',#12448);
#4466=VERTEX_POINT('',#12465);
#4467=VERTEX_POINT('',#12468);
#4468=VERTEX_POINT('',#12472);
#4469=VERTEX_POINT('',#12474);
#4470=VERTEX_POINT('',#12477);
#4471=VERTEX_POINT('',#12479);
#4472=VERTEX_POINT('',#12489);
#4473=VERTEX_POINT('',#12490);
#4474=VERTEX_POINT('',#12492);
#4475=VERTEX_POINT('',#12494);
#4476=VERTEX_POINT('',#12498);
#4477=VERTEX_POINT('',#12500);
#4478=VERTEX_POINT('',#12504);
#4479=VERTEX_POINT('',#12506);
#4480=VERTEX_POINT('',#12510);
#4481=VERTEX_POINT('',#12512);
#4482=VERTEX_POINT('',#12517);
#4483=VERTEX_POINT('',#12521);
#4484=VERTEX_POINT('',#12526);
#4485=VERTEX_POINT('',#12530);
#4486=VERTEX_POINT('',#12532);
#4487=VERTEX_POINT('',#12536);
#4488=VERTEX_POINT('',#12539);
#4489=VERTEX_POINT('',#12543);
#4490=VERTEX_POINT('',#12547);
#4491=VERTEX_POINT('',#12548);
#4492=VERTEX_POINT('',#12550);
#4493=VERTEX_POINT('',#12552);
#4494=VERTEX_POINT('',#12557);
#4495=VERTEX_POINT('',#12558);
#4496=VERTEX_POINT('',#12563);
#4497=VERTEX_POINT('',#12564);
#4498=VERTEX_POINT('',#12572);
#4499=VERTEX_POINT('',#12573);
#4500=VERTEX_POINT('',#12575);
#4501=VERTEX_POINT('',#12577);
#4502=VERTEX_POINT('',#12581);
#4503=VERTEX_POINT('',#12583);
#4504=VERTEX_POINT('',#12587);
#4505=VERTEX_POINT('',#12589);
#4506=VERTEX_POINT('',#12593);
#4507=VERTEX_POINT('',#12595);
#4508=VERTEX_POINT('',#12599);
#4509=VERTEX_POINT('',#12605);
#4510=VERTEX_POINT('',#12609);
#4511=VERTEX_POINT('',#12613);
#4512=VERTEX_POINT('',#12615);
#4513=VERTEX_POINT('',#12619);
#4514=VERTEX_POINT('',#12622);
#4515=VERTEX_POINT('',#12626);
#4516=VERTEX_POINT('',#12630);
#4517=VERTEX_POINT('',#12631);
#4518=VERTEX_POINT('',#12633);
#4519=VERTEX_POINT('',#12635);
#4520=VERTEX_POINT('',#12640);
#4521=VERTEX_POINT('',#12642);
#4522=VERTEX_POINT('',#12646);
#4523=VERTEX_POINT('',#12648);
#4524=VERTEX_POINT('',#12655);
#4525=VERTEX_POINT('',#12658);
#4526=VERTEX_POINT('',#12661);
#4527=VERTEX_POINT('',#12664);
#4528=VERTEX_POINT('',#12667);
#4529=VERTEX_POINT('',#12671);
#4530=VERTEX_POINT('',#12675);
#4531=VERTEX_POINT('',#12679);
#4532=VERTEX_POINT('',#12683);
#4533=VERTEX_POINT('',#12686);
#4534=VERTEX_POINT('',#12688);
#4535=VERTEX_POINT('',#12691);
#4536=VERTEX_POINT('',#12694);
#4537=VERTEX_POINT('',#12696);
#4538=VERTEX_POINT('',#12699);
#4539=VERTEX_POINT('',#12702);
#4540=VERTEX_POINT('',#12705);
#4541=VERTEX_POINT('',#12708);
#4542=VERTEX_POINT('',#12739);
#4543=VERTEX_POINT('',#12740);
#4544=VERTEX_POINT('',#12745);
#4545=VERTEX_POINT('',#12747);
#4546=VERTEX_POINT('',#12751);
#4547=VERTEX_POINT('',#12752);
#4548=VERTEX_POINT('',#12754);
#4549=VERTEX_POINT('',#12756);
#4550=VERTEX_POINT('',#12760);
#4551=VERTEX_POINT('',#12762);
#4552=VERTEX_POINT('',#12766);
#4553=VERTEX_POINT('',#12767);
#4554=VERTEX_POINT('',#12772);
#4555=VERTEX_POINT('',#12773);
#4556=VERTEX_POINT('',#12775);
#4557=VERTEX_POINT('',#12777);
#4558=VERTEX_POINT('',#12802);
#4559=VERTEX_POINT('',#12803);
#4560=VERTEX_POINT('',#12805);
#4561=VERTEX_POINT('',#12807);
#4562=VERTEX_POINT('',#12811);
#4563=VERTEX_POINT('',#12813);
#4564=VERTEX_POINT('',#12817);
#4565=VERTEX_POINT('',#12819);
#4566=VERTEX_POINT('',#12826);
#4567=VERTEX_POINT('',#12830);
#4568=VERTEX_POINT('',#12835);
#4569=VERTEX_POINT('',#12837);
#4570=VERTEX_POINT('',#12840);
#4571=VERTEX_POINT('',#12842);
#4572=VERTEX_POINT('',#12848);
#4573=VERTEX_POINT('',#12849);
#4574=VERTEX_POINT('',#12851);
#4575=VERTEX_POINT('',#12853);
#4576=VERTEX_POINT('',#12857);
#4577=VERTEX_POINT('',#12859);
#4578=VERTEX_POINT('',#12863);
#4579=VERTEX_POINT('',#12865);
#4580=VERTEX_POINT('',#12872);
#4581=VERTEX_POINT('',#12876);
#4582=VERTEX_POINT('',#12881);
#4583=VERTEX_POINT('',#12882);
#4584=VERTEX_POINT('',#12884);
#4585=VERTEX_POINT('',#12886);
#4586=VERTEX_POINT('',#12890);
#4587=VERTEX_POINT('',#12892);
#4588=VERTEX_POINT('',#12896);
#4589=VERTEX_POINT('',#12898);
#4590=VERTEX_POINT('',#12905);
#4591=VERTEX_POINT('',#12909);
#4592=VERTEX_POINT('',#12917);
#4593=VERTEX_POINT('',#12918);
#4594=VERTEX_POINT('',#12920);
#4595=VERTEX_POINT('',#12925);
#4596=VERTEX_POINT('',#12927);
#4597=VERTEX_POINT('',#12932);
#4598=VERTEX_POINT('',#12934);
#4599=VERTEX_POINT('',#12939);
#4600=VERTEX_POINT('',#12941);
#4601=VERTEX_POINT('',#12946);
#4602=VERTEX_POINT('',#12948);
#4603=VERTEX_POINT('',#12953);
#4604=VERTEX_POINT('',#12955);
#4605=VERTEX_POINT('',#12960);
#4606=VERTEX_POINT('',#12962);
#4607=VERTEX_POINT('',#12967);
#4608=VERTEX_POINT('',#12969);
#4609=VERTEX_POINT('',#12974);
#4610=VERTEX_POINT('',#12976);
#4611=VERTEX_POINT('',#12981);
#4612=VERTEX_POINT('',#12983);
#4613=VERTEX_POINT('',#12988);
#4614=VERTEX_POINT('',#12990);
#4615=VERTEX_POINT('',#12995);
#4616=VERTEX_POINT('',#12997);
#4617=VERTEX_POINT('',#13002);
#4618=VERTEX_POINT('',#13004);
#4619=VERTEX_POINT('',#13009);
#4620=VERTEX_POINT('',#13011);
#4621=VERTEX_POINT('',#13016);
#4622=VERTEX_POINT('',#13018);
#4623=VERTEX_POINT('',#13023);
#4624=VERTEX_POINT('',#13025);
#4625=VERTEX_POINT('',#13030);
#4626=VERTEX_POINT('',#13032);
#4627=VERTEX_POINT('',#13037);
#4628=VERTEX_POINT('',#13039);
#4629=VERTEX_POINT('',#13044);
#4630=VERTEX_POINT('',#13046);
#4631=VERTEX_POINT('',#13051);
#4632=VERTEX_POINT('',#13054);
#4633=VERTEX_POINT('',#13057);
#4634=VERTEX_POINT('',#13059);
#4635=VERTEX_POINT('',#13061);
#4636=VERTEX_POINT('',#13063);
#4637=VERTEX_POINT('',#13066);
#4638=VERTEX_POINT('',#13068);
#4639=VERTEX_POINT('',#13071);
#4640=VERTEX_POINT('',#13073);
#4641=VERTEX_POINT('',#13076);
#4642=VERTEX_POINT('',#13078);
#4643=VERTEX_POINT('',#13081);
#4644=VERTEX_POINT('',#13085);
#4645=VERTEX_POINT('',#13086);
#4646=VERTEX_POINT('',#13088);
#4647=VERTEX_POINT('',#13090);
#4648=VERTEX_POINT('',#13094);
#4649=VERTEX_POINT('',#13096);
#4650=VERTEX_POINT('',#13100);
#4651=VERTEX_POINT('',#13102);
#4652=VERTEX_POINT('',#13111);
#4653=VERTEX_POINT('',#13113);
#4654=VERTEX_POINT('',#13117);
#4655=VERTEX_POINT('',#13119);
#4656=VERTEX_POINT('',#13123);
#4657=VERTEX_POINT('',#13124);
#4658=VERTEX_POINT('',#13149);
#4659=VERTEX_POINT('',#13154);
#4660=VERTEX_POINT('',#13156);
#4661=VERTEX_POINT('',#13168);
#4662=VERTEX_POINT('',#13170);
#4663=VERTEX_POINT('',#13175);
#4664=VERTEX_POINT('',#13179);
#4665=VERTEX_POINT('',#13181);
#4666=VERTEX_POINT('',#13188);
#4667=VERTEX_POINT('',#13209);
#4668=VERTEX_POINT('',#13211);
#4669=VERTEX_POINT('',#13216);
#4670=VERTEX_POINT('',#13223);
#4671=VERTEX_POINT('',#13225);
#4672=VERTEX_POINT('',#13230);
#4673=VERTEX_POINT('',#13246);
#4674=VERTEX_POINT('',#13251);
#4675=VERTEX_POINT('',#13253);
#4676=VERTEX_POINT('',#13257);
#4677=VERTEX_POINT('',#13258);
#4678=VERTEX_POINT('',#13263);
#4679=VERTEX_POINT('',#13266);
#4680=VERTEX_POINT('',#13286);
#4681=VERTEX_POINT('',#13291);
#4682=VERTEX_POINT('',#13293);
#4683=VERTEX_POINT('',#13314);
#4684=VERTEX_POINT('',#13316);
#4685=VERTEX_POINT('',#13322);
#4686=VERTEX_POINT('',#13324);
#4687=VERTEX_POINT('',#13327);
#4688=VERTEX_POINT('',#13329);
#4689=VERTEX_POINT('',#13338);
#4690=VERTEX_POINT('',#13339);
#4691=VERTEX_POINT('',#13341);
#4692=VERTEX_POINT('',#13346);
#4693=VERTEX_POINT('',#13348);
#4694=VERTEX_POINT('',#13353);
#4695=VERTEX_POINT('',#13355);
#4696=VERTEX_POINT('',#13360);
#4697=VERTEX_POINT('',#13362);
#4698=VERTEX_POINT('',#13367);
#4699=VERTEX_POINT('',#13369);
#4700=VERTEX_POINT('',#13374);
#4701=VERTEX_POINT('',#13376);
#4702=VERTEX_POINT('',#13381);
#4703=VERTEX_POINT('',#13383);
#4704=VERTEX_POINT('',#13388);
#4705=VERTEX_POINT('',#13390);
#4706=VERTEX_POINT('',#13395);
#4707=VERTEX_POINT('',#13397);
#4708=VERTEX_POINT('',#13402);
#4709=VERTEX_POINT('',#13404);
#4710=VERTEX_POINT('',#13409);
#4711=VERTEX_POINT('',#13411);
#4712=VERTEX_POINT('',#13416);
#4713=VERTEX_POINT('',#13418);
#4714=VERTEX_POINT('',#13423);
#4715=VERTEX_POINT('',#13425);
#4716=VERTEX_POINT('',#13430);
#4717=VERTEX_POINT('',#13432);
#4718=VERTEX_POINT('',#13437);
#4719=VERTEX_POINT('',#13439);
#4720=VERTEX_POINT('',#13444);
#4721=VERTEX_POINT('',#13446);
#4722=VERTEX_POINT('',#13451);
#4723=VERTEX_POINT('',#13453);
#4724=VERTEX_POINT('',#13458);
#4725=VERTEX_POINT('',#13460);
#4726=VERTEX_POINT('',#13465);
#4727=VERTEX_POINT('',#13467);
#4728=VERTEX_POINT('',#13472);
#4729=VERTEX_POINT('',#13475);
#4730=VERTEX_POINT('',#13478);
#4731=VERTEX_POINT('',#13480);
#4732=VERTEX_POINT('',#13482);
#4733=VERTEX_POINT('',#13484);
#4734=VERTEX_POINT('',#13487);
#4735=VERTEX_POINT('',#13489);
#4736=VERTEX_POINT('',#13492);
#4737=VERTEX_POINT('',#13494);
#4738=VERTEX_POINT('',#13497);
#4739=VERTEX_POINT('',#13499);
#4740=VERTEX_POINT('',#13502);
#4741=VERTEX_POINT('',#13506);
#4742=VERTEX_POINT('',#13507);
#4743=VERTEX_POINT('',#13509);
#4744=VERTEX_POINT('',#13511);
#4745=VERTEX_POINT('',#13515);
#4746=VERTEX_POINT('',#13517);
#4747=VERTEX_POINT('',#13521);
#4748=VERTEX_POINT('',#13523);
#4749=VERTEX_POINT('',#13532);
#4750=VERTEX_POINT('',#13534);
#4751=VERTEX_POINT('',#13538);
#4752=VERTEX_POINT('',#13540);
#4753=VERTEX_POINT('',#13544);
#4754=VERTEX_POINT('',#13545);
#4755=VERTEX_POINT('',#13570);
#4756=VERTEX_POINT('',#13575);
#4757=VERTEX_POINT('',#13577);
#4758=VERTEX_POINT('',#13589);
#4759=VERTEX_POINT('',#13591);
#4760=VERTEX_POINT('',#13596);
#4761=VERTEX_POINT('',#13600);
#4762=VERTEX_POINT('',#13602);
#4763=VERTEX_POINT('',#13609);
#4764=VERTEX_POINT('',#13630);
#4765=VERTEX_POINT('',#13632);
#4766=VERTEX_POINT('',#13637);
#4767=VERTEX_POINT('',#13644);
#4768=VERTEX_POINT('',#13646);
#4769=VERTEX_POINT('',#13651);
#4770=VERTEX_POINT('',#13667);
#4771=VERTEX_POINT('',#13672);
#4772=VERTEX_POINT('',#13674);
#4773=VERTEX_POINT('',#13678);
#4774=VERTEX_POINT('',#13679);
#4775=VERTEX_POINT('',#13684);
#4776=VERTEX_POINT('',#13687);
#4777=VERTEX_POINT('',#13707);
#4778=VERTEX_POINT('',#13712);
#4779=VERTEX_POINT('',#13714);
#4780=VERTEX_POINT('',#13735);
#4781=VERTEX_POINT('',#13737);
#4782=VERTEX_POINT('',#13743);
#4783=VERTEX_POINT('',#13745);
#4784=VERTEX_POINT('',#13746);
#4785=VERTEX_POINT('',#13751);
#4786=VERTEX_POINT('',#13753);
#4787=VERTEX_POINT('',#13758);
#4788=VERTEX_POINT('',#13760);
#4789=VERTEX_POINT('',#13765);
#4790=VERTEX_POINT('',#13767);
#4791=VERTEX_POINT('',#13772);
#4792=VERTEX_POINT('',#13774);
#4793=VERTEX_POINT('',#13779);
#4794=VERTEX_POINT('',#13781);
#4795=VERTEX_POINT('',#13786);
#4796=VERTEX_POINT('',#13788);
#4797=VERTEX_POINT('',#13793);
#4798=VERTEX_POINT('',#13795);
#4799=VERTEX_POINT('',#13800);
#4800=VERTEX_POINT('',#13802);
#4801=VERTEX_POINT('',#13807);
#4802=VERTEX_POINT('',#13809);
#4803=VERTEX_POINT('',#13814);
#4804=VERTEX_POINT('',#13816);
#4805=VERTEX_POINT('',#13821);
#4806=VERTEX_POINT('',#13823);
#4807=VERTEX_POINT('',#13828);
#4808=VERTEX_POINT('',#13830);
#4809=VERTEX_POINT('',#13835);
#4810=VERTEX_POINT('',#13837);
#4811=VERTEX_POINT('',#13842);
#4812=VERTEX_POINT('',#13844);
#4813=VERTEX_POINT('',#13849);
#4814=VERTEX_POINT('',#13851);
#4815=VERTEX_POINT('',#13856);
#4816=VERTEX_POINT('',#13858);
#4817=VERTEX_POINT('',#13863);
#4818=VERTEX_POINT('',#13865);
#4819=VERTEX_POINT('',#13870);
#4820=VERTEX_POINT('',#13872);
#4821=VERTEX_POINT('',#13877);
#4822=VERTEX_POINT('',#13879);
#4823=VERTEX_POINT('',#13886);
#4824=VERTEX_POINT('',#13887);
#4825=VERTEX_POINT('',#13889);
#4826=VERTEX_POINT('',#13891);
#4827=VERTEX_POINT('',#13895);
#4828=VERTEX_POINT('',#13896);
#4829=VERTEX_POINT('',#13898);
#4830=VERTEX_POINT('',#13900);
#4831=VERTEX_POINT('',#13904);
#4832=VERTEX_POINT('',#13905);
#4833=VERTEX_POINT('',#13907);
#4834=VERTEX_POINT('',#13909);
#4835=VERTEX_POINT('',#13913);
#4836=VERTEX_POINT('',#13914);
#4837=VERTEX_POINT('',#13916);
#4838=VERTEX_POINT('',#13918);
#4839=VERTEX_POINT('',#13920);
#4840=VERTEX_POINT('',#13924);
#4841=VERTEX_POINT('',#13925);
#4842=VERTEX_POINT('',#13927);
#4843=VERTEX_POINT('',#13929);
#4844=VERTEX_POINT('',#13933);
#4845=VERTEX_POINT('',#13934);
#4846=VERTEX_POINT('',#13936);
#4847=VERTEX_POINT('',#13938);
#4848=VERTEX_POINT('',#13942);
#4849=VERTEX_POINT('',#13944);
#4850=VERTEX_POINT('',#13948);
#4851=VERTEX_POINT('',#13950);
#4852=VERTEX_POINT('',#13959);
#4853=VERTEX_POINT('',#13961);
#4854=VERTEX_POINT('',#13965);
#4855=VERTEX_POINT('',#13967);
#4856=VERTEX_POINT('',#13971);
#4857=VERTEX_POINT('',#13972);
#4858=VERTEX_POINT('',#14005);
#4859=VERTEX_POINT('',#14010);
#4860=VERTEX_POINT('',#14012);
#4861=VERTEX_POINT('',#14024);
#4862=VERTEX_POINT('',#14026);
#4863=VERTEX_POINT('',#14031);
#4864=VERTEX_POINT('',#14035);
#4865=VERTEX_POINT('',#14037);
#4866=VERTEX_POINT('',#14044);
#4867=VERTEX_POINT('',#14073);
#4868=VERTEX_POINT('',#14075);
#4869=VERTEX_POINT('',#14080);
#4870=VERTEX_POINT('',#14087);
#4871=VERTEX_POINT('',#14089);
#4872=VERTEX_POINT('',#14094);
#4873=VERTEX_POINT('',#14118);
#4874=VERTEX_POINT('',#14123);
#4875=VERTEX_POINT('',#14125);
#4876=VERTEX_POINT('',#14129);
#4877=VERTEX_POINT('',#14130);
#4878=VERTEX_POINT('',#14135);
#4879=VERTEX_POINT('',#14138);
#4880=VERTEX_POINT('',#14166);
#4881=VERTEX_POINT('',#14171);
#4882=VERTEX_POINT('',#14173);
#4883=VERTEX_POINT('',#14202);
#4884=VERTEX_POINT('',#14204);
#4885=VERTEX_POINT('',#14221);
#4886=VERTEX_POINT('',#14223);
#4887=VERTEX_POINT('',#14226);
#4888=VERTEX_POINT('',#14228);
#4889=VERTEX_POINT('',#14234);
#4890=VERTEX_POINT('',#14236);
#4891=VERTEX_POINT('',#14239);
#4892=VERTEX_POINT('',#14241);
#4893=VERTEX_POINT('',#14247);
#4894=VERTEX_POINT('',#14248);
#4895=VERTEX_POINT('',#14250);
#4896=VERTEX_POINT('',#14252);
#4897=VERTEX_POINT('',#14256);
#4898=VERTEX_POINT('',#14257);
#4899=VERTEX_POINT('',#14259);
#4900=VERTEX_POINT('',#14261);
#4901=VERTEX_POINT('',#14265);
#4902=VERTEX_POINT('',#14266);
#4903=VERTEX_POINT('',#14268);
#4904=VERTEX_POINT('',#14270);
#4905=VERTEX_POINT('',#14274);
#4906=VERTEX_POINT('',#14275);
#4907=VERTEX_POINT('',#14277);
#4908=VERTEX_POINT('',#14279);
#4909=VERTEX_POINT('',#14281);
#4910=VERTEX_POINT('',#14288);
#4911=VERTEX_POINT('',#14289);
#4912=VERTEX_POINT('',#14291);
#4913=VERTEX_POINT('',#14296);
#4914=VERTEX_POINT('',#14298);
#4915=VERTEX_POINT('',#14303);
#4916=VERTEX_POINT('',#14305);
#4917=VERTEX_POINT('',#14310);
#4918=VERTEX_POINT('',#14312);
#4919=VERTEX_POINT('',#14317);
#4920=VERTEX_POINT('',#14319);
#4921=VERTEX_POINT('',#14324);
#4922=VERTEX_POINT('',#14326);
#4923=VERTEX_POINT('',#14331);
#4924=VERTEX_POINT('',#14333);
#4925=VERTEX_POINT('',#14338);
#4926=VERTEX_POINT('',#14340);
#4927=VERTEX_POINT('',#14345);
#4928=VERTEX_POINT('',#14347);
#4929=VERTEX_POINT('',#14352);
#4930=VERTEX_POINT('',#14354);
#4931=VERTEX_POINT('',#14359);
#4932=VERTEX_POINT('',#14361);
#4933=VERTEX_POINT('',#14366);
#4934=VERTEX_POINT('',#14368);
#4935=VERTEX_POINT('',#14373);
#4936=VERTEX_POINT('',#14375);
#4937=VERTEX_POINT('',#14380);
#4938=VERTEX_POINT('',#14382);
#4939=VERTEX_POINT('',#14387);
#4940=VERTEX_POINT('',#14389);
#4941=VERTEX_POINT('',#14394);
#4942=VERTEX_POINT('',#14396);
#4943=VERTEX_POINT('',#14401);
#4944=VERTEX_POINT('',#14403);
#4945=VERTEX_POINT('',#14408);
#4946=VERTEX_POINT('',#14410);
#4947=VERTEX_POINT('',#14415);
#4948=VERTEX_POINT('',#14417);
#4949=VERTEX_POINT('',#14422);
#4950=VERTEX_POINT('',#14425);
#4951=VERTEX_POINT('',#14428);
#4952=VERTEX_POINT('',#14429);
#4953=VERTEX_POINT('',#14431);
#4954=VERTEX_POINT('',#14433);
#4955=VERTEX_POINT('',#14437);
#4956=VERTEX_POINT('',#14438);
#4957=VERTEX_POINT('',#14440);
#4958=VERTEX_POINT('',#14442);
#4959=VERTEX_POINT('',#14446);
#4960=VERTEX_POINT('',#14448);
#4961=VERTEX_POINT('',#14452);
#4962=VERTEX_POINT('',#14454);
#4963=VERTEX_POINT('',#14463);
#4964=VERTEX_POINT('',#14465);
#4965=VERTEX_POINT('',#14469);
#4966=VERTEX_POINT('',#14471);
#4967=VERTEX_POINT('',#14475);
#4968=VERTEX_POINT('',#14476);
#4969=VERTEX_POINT('',#14509);
#4970=VERTEX_POINT('',#14514);
#4971=VERTEX_POINT('',#14516);
#4972=VERTEX_POINT('',#14528);
#4973=VERTEX_POINT('',#14530);
#4974=VERTEX_POINT('',#14535);
#4975=VERTEX_POINT('',#14539);
#4976=VERTEX_POINT('',#14541);
#4977=VERTEX_POINT('',#14548);
#4978=VERTEX_POINT('',#14577);
#4979=VERTEX_POINT('',#14579);
#4980=VERTEX_POINT('',#14584);
#4981=VERTEX_POINT('',#14591);
#4982=VERTEX_POINT('',#14593);
#4983=VERTEX_POINT('',#14598);
#4984=VERTEX_POINT('',#14622);
#4985=VERTEX_POINT('',#14627);
#4986=VERTEX_POINT('',#14629);
#4987=VERTEX_POINT('',#14633);
#4988=VERTEX_POINT('',#14634);
#4989=VERTEX_POINT('',#14639);
#4990=VERTEX_POINT('',#14642);
#4991=VERTEX_POINT('',#14670);
#4992=VERTEX_POINT('',#14675);
#4993=VERTEX_POINT('',#14677);
#4994=VERTEX_POINT('',#14706);
#4995=VERTEX_POINT('',#14708);
#4996=VERTEX_POINT('',#14725);
#4997=VERTEX_POINT('',#14727);
#4998=VERTEX_POINT('',#14730);
#4999=VERTEX_POINT('',#14732);
#5000=VERTEX_POINT('',#14738);
#5001=VERTEX_POINT('',#14740);
#5002=VERTEX_POINT('',#14743);
#5003=VERTEX_POINT('',#14745);
#5004=LINE('',#11765,#5756);
#5005=LINE('',#11768,#5757);
#5006=LINE('',#11770,#5758);
#5007=LINE('',#11772,#5759);
#5008=LINE('',#11774,#5760);
#5009=LINE('',#11776,#5761);
#5010=LINE('',#11778,#5762);
#5011=LINE('',#11781,#5763);
#5012=LINE('',#11783,#5764);
#5013=LINE('',#11785,#5765);
#5014=LINE('',#11787,#5766);
#5015=LINE('',#11789,#5767);
#5016=LINE('',#11791,#5768);
#5017=LINE('',#11794,#5769);
#5018=LINE('',#11796,#5770);
#5019=LINE('',#11798,#5771);
#5020=LINE('',#11800,#5772);
#5021=LINE('',#11802,#5773);
#5022=LINE('',#11804,#5774);
#5023=LINE('',#11807,#5775);
#5024=LINE('',#11809,#5776);
#5025=LINE('',#11811,#5777);
#5026=LINE('',#11813,#5778);
#5027=LINE('',#11815,#5779);
#5028=LINE('',#11817,#5780);
#5029=LINE('',#11819,#5781);
#5030=LINE('',#11821,#5782);
#5031=LINE('',#11823,#5783);
#5032=LINE('',#11825,#5784);
#5033=LINE('',#11827,#5785);
#5034=LINE('',#11829,#5786);
#5035=LINE('',#11831,#5787);
#5036=LINE('',#11833,#5788);
#5037=LINE('',#11835,#5789);
#5038=LINE('',#11836,#5790);
#5039=LINE('',#11838,#5791);
#5040=LINE('',#11840,#5792);
#5041=LINE('',#11842,#5793);
#5042=LINE('',#11844,#5794);
#5043=LINE('',#11846,#5795);
#5044=LINE('',#11848,#5796);
#5045=LINE('',#11851,#5797);
#5046=LINE('',#11853,#5798);
#5047=LINE('',#11855,#5799);
#5048=LINE('',#11857,#5800);
#5049=LINE('',#11860,#5801);
#5050=LINE('',#11862,#5802);
#5051=LINE('',#11864,#5803);
#5052=LINE('',#11866,#5804);
#5053=LINE('',#11867,#5805);
#5054=LINE('',#11869,#5806);
#5055=LINE('',#11871,#5807);
#5056=LINE('',#11873,#5808);
#5057=LINE('',#11875,#5809);
#5058=LINE('',#11876,#5810);
#5059=LINE('',#11878,#5811);
#5060=LINE('',#11880,#5812);
#5061=LINE('',#11882,#5813);
#5062=LINE('',#11885,#5814);
#5063=LINE('',#11886,#5815);
#5064=LINE('',#11888,#5816);
#5065=LINE('',#11890,#5817);
#5066=LINE('',#11892,#5818);
#5067=LINE('',#11894,#5819);
#5068=LINE('',#11896,#5820);
#5069=LINE('',#11898,#5821);
#5070=LINE('',#11900,#5822);
#5071=LINE('',#11902,#5823);
#5072=LINE('',#11905,#5824);
#5073=LINE('',#11907,#5825);
#5074=LINE('',#11909,#5826);
#5075=LINE('',#11910,#5827);
#5076=LINE('',#11912,#5828);
#5077=LINE('',#11914,#5829);
#5078=LINE('',#11916,#5830);
#5079=LINE('',#11918,#5831);
#5080=LINE('',#11919,#5832);
#5081=LINE('',#11920,#5833);
#5082=LINE('',#11921,#5834);
#5083=LINE('',#11924,#5835);
#5084=LINE('',#11926,#5836);
#5085=LINE('',#11928,#5837);
#5086=LINE('',#11930,#5838);
#5087=LINE('',#11932,#5839);
#5088=LINE('',#11934,#5840);
#5089=LINE('',#11936,#5841);
#5090=LINE('',#11937,#5842);
#5091=LINE('',#11940,#5843);
#5092=LINE('',#11942,#5844);
#5093=LINE('',#11944,#5845);
#5094=LINE('',#11946,#5846);
#5095=LINE('',#11948,#5847);
#5096=LINE('',#11950,#5848);
#5097=LINE('',#11952,#5849);
#5098=LINE('',#11958,#5850);
#5099=LINE('',#11960,#5851);
#5100=LINE('',#11962,#5852);
#5101=LINE('',#11964,#5853);
#5102=LINE('',#11966,#5854);
#5103=LINE('',#11968,#5855);
#5104=LINE('',#11971,#5856);
#5105=LINE('',#11972,#5857);
#5106=LINE('',#11974,#5858);
#5107=LINE('',#11976,#5859);
#5108=LINE('',#11978,#5860);
#5109=LINE('',#11979,#5861);
#5110=LINE('',#11981,#5862);
#5111=LINE('',#11983,#5863);
#5112=LINE('',#11985,#5864);
#5113=LINE('',#11988,#5865);
#5114=LINE('',#11989,#5866);
#5115=LINE('',#11991,#5867);
#5116=LINE('',#11993,#5868);
#5117=LINE('',#11995,#5869);
#5118=LINE('',#11997,#5870);
#5119=LINE('',#11999,#5871);
#5120=LINE('',#12001,#5872);
#5121=LINE('',#12002,#5873);
#5122=LINE('',#12004,#5874);
#5123=LINE('',#12006,#5875);
#5124=LINE('',#12009,#5876);
#5125=LINE('',#12011,#5877);
#5126=LINE('',#12014,#5878);
#5127=LINE('',#12016,#5879);
#5128=LINE('',#12017,#5880);
#5129=LINE('',#12019,#5881);
#5130=LINE('',#12021,#5882);
#5131=LINE('',#12023,#5883);
#5132=LINE('',#12025,#5884);
#5133=LINE('',#12027,#5885);
#5134=LINE('',#12029,#5886);
#5135=LINE('',#12031,#5887);
#5136=LINE('',#12034,#5888);
#5137=LINE('',#12036,#5889);
#5138=LINE('',#12038,#5890);
#5139=LINE('',#12040,#5891);
#5140=LINE('',#12043,#5892);
#5141=LINE('',#12044,#5893);
#5142=LINE('',#12046,#5894);
#5143=LINE('',#12049,#5895);
#5144=LINE('',#12050,#5896);
#5145=LINE('',#12052,#5897);
#5146=LINE('',#12054,#5898);
#5147=LINE('',#12056,#5899);
#5148=LINE('',#12058,#5900);
#5149=LINE('',#12061,#5901);
#5150=LINE('',#12063,#5902);
#5151=LINE('',#12065,#5903);
#5152=LINE('',#12067,#5904);
#5153=LINE('',#12069,#5905);
#5154=LINE('',#12071,#5906);
#5155=LINE('',#12073,#5907);
#5156=LINE('',#12075,#5908);
#5157=LINE('',#12077,#5909);
#5158=LINE('',#12079,#5910);
#5159=LINE('',#12080,#5911);
#5160=LINE('',#12091,#5912);
#5161=LINE('',#12094,#5913);
#5162=LINE('',#12096,#5914);
#5163=LINE('',#12098,#5915);
#5164=LINE('',#12100,#5916);
#5165=LINE('',#12103,#5917);
#5166=LINE('',#12105,#5918);
#5167=LINE('',#12107,#5919);
#5168=LINE('',#12109,#5920);
#5169=LINE('',#12112,#5921);
#5170=LINE('',#12113,#5922);
#5171=LINE('',#12115,#5923);
#5172=LINE('',#12117,#5924);
#5173=LINE('',#12119,#5925);
#5174=LINE('',#12122,#5926);
#5175=LINE('',#12123,#5927);
#5176=LINE('',#12125,#5928);
#5177=LINE('',#12127,#5929);
#5178=LINE('',#12128,#5930);
#5179=LINE('',#12130,#5931);
#5180=LINE('',#12132,#5932);
#5181=LINE('',#12134,#5933);
#5182=LINE('',#12135,#5934);
#5183=LINE('',#12137,#5935);
#5184=LINE('',#12139,#5936);
#5185=LINE('',#12141,#5937);
#5186=LINE('',#12142,#5938);
#5187=LINE('',#12145,#5939);
#5188=LINE('',#12147,#5940);
#5189=LINE('',#12149,#5941);
#5190=LINE('',#12150,#5942);
#5191=LINE('',#12152,#5943);
#5192=LINE('',#12155,#5944);
#5193=LINE('',#12156,#5945);
#5194=LINE('',#12157,#5946);
#5195=LINE('',#12162,#5947);
#5196=LINE('',#12183,#5948);
#5197=LINE('',#12190,#5949);
#5198=LINE('',#12197,#5950);
#5199=LINE('',#12199,#5951);
#5200=LINE('',#12202,#5952);
#5201=LINE('',#12204,#5953);
#5202=LINE('',#12205,#5954);
#5203=LINE('',#12207,#5955);
#5204=LINE('',#12209,#5956);
#5205=LINE('',#12211,#5957);
#5206=LINE('',#12213,#5958);
#5207=LINE('',#12215,#5959);
#5208=LINE('',#12217,#5960);
#5209=LINE('',#12219,#5961);
#5210=LINE('',#12221,#5962);
#5211=LINE('',#12223,#5963);
#5212=LINE('',#12226,#5964);
#5213=LINE('',#12228,#5965);
#5214=LINE('',#12230,#5966);
#5215=LINE('',#12232,#5967);
#5216=LINE('',#12234,#5968);
#5217=LINE('',#12236,#5969);
#5218=LINE('',#12239,#5970);
#5219=LINE('',#12241,#5971);
#5220=LINE('',#12243,#5972);
#5221=LINE('',#12245,#5973);
#5222=LINE('',#12247,#5974);
#5223=LINE('',#12249,#5975);
#5224=LINE('',#12269,#5976);
#5225=LINE('',#12272,#5977);
#5226=LINE('',#12274,#5978);
#5227=LINE('',#12276,#5979);
#5228=LINE('',#12278,#5980);
#5229=LINE('',#12280,#5981);
#5230=LINE('',#12282,#5982);
#5231=LINE('',#12284,#5983);
#5232=LINE('',#12286,#5984);
#5233=LINE('',#12288,#5985);
#5234=LINE('',#12290,#5986);
#5235=LINE('',#12291,#5987);
#5236=LINE('',#12302,#5988);
#5237=LINE('',#12305,#5989);
#5238=LINE('',#12307,#5990);
#5239=LINE('',#12309,#5991);
#5240=LINE('',#12311,#5992);
#5241=LINE('',#12313,#5993);
#5242=LINE('',#12315,#5994);
#5243=LINE('',#12318,#5995);
#5244=LINE('',#12320,#5996);
#5245=LINE('',#12322,#5997);
#5246=LINE('',#12324,#5998);
#5247=LINE('',#12326,#5999);
#5248=LINE('',#12334,#6000);
#5249=LINE('',#12337,#6001);
#5250=LINE('',#12339,#6002);
#5251=LINE('',#12341,#6003);
#5252=LINE('',#12343,#6004);
#5253=LINE('',#12345,#6005);
#5254=LINE('',#12347,#6006);
#5255=LINE('',#12349,#6007);
#5256=LINE('',#12351,#6008);
#5257=LINE('',#12353,#6009);
#5258=LINE('',#12355,#6010);
#5259=LINE('',#12357,#6011);
#5260=LINE('',#12359,#6012);
#5261=LINE('',#12361,#6013);
#5262=LINE('',#12363,#6014);
#5263=LINE('',#12365,#6015);
#5264=LINE('',#12367,#6016);
#5265=LINE('',#12369,#6017);
#5266=LINE('',#12371,#6018);
#5267=LINE('',#12373,#6019);
#5268=LINE('',#12375,#6020);
#5269=LINE('',#12377,#6021);
#5270=LINE('',#12379,#6022);
#5271=LINE('',#12381,#6023);
#5272=LINE('',#12383,#6024);
#5273=LINE('',#12386,#6025);
#5274=LINE('',#12388,#6026);
#5275=LINE('',#12390,#6027);
#5276=LINE('',#12392,#6028);
#5277=LINE('',#12395,#6029);
#5278=LINE('',#12397,#6030);
#5279=LINE('',#12399,#6031);
#5280=LINE('',#12401,#6032);
#5281=LINE('',#12403,#6033);
#5282=LINE('',#12405,#6034);
#5283=LINE('',#12407,#6035);
#5284=LINE('',#12409,#6036);
#5285=LINE('',#12411,#6037);
#5286=LINE('',#12414,#6038);
#5287=LINE('',#12415,#6039);
#5288=LINE('',#12417,#6040);
#5289=LINE('',#12419,#6041);
#5290=LINE('',#12421,#6042);
#5291=LINE('',#12423,#6043);
#5292=LINE('',#12425,#6044);
#5293=LINE('',#12427,#6045);
#5294=LINE('',#12429,#6046);
#5295=LINE('',#12431,#6047);
#5296=LINE('',#12433,#6048);
#5297=LINE('',#12435,#6049);
#5298=LINE('',#12437,#6050);
#5299=LINE('',#12439,#6051);
#5300=LINE('',#12449,#6052);
#5301=LINE('',#12450,#6053);
#5302=LINE('',#12452,#6054);
#5303=LINE('',#12454,#6055);
#5304=LINE('',#12456,#6056);
#5305=LINE('',#12458,#6057);
#5306=LINE('',#12460,#6058);
#5307=LINE('',#12462,#6059);
#5308=LINE('',#12470,#6060);
#5309=LINE('',#12471,#6061);
#5310=LINE('',#12473,#6062);
#5311=LINE('',#12475,#6063);
#5312=LINE('',#12476,#6064);
#5313=LINE('',#12478,#6065);
#5314=LINE('',#12480,#6066);
#5315=LINE('',#12481,#6067);
#5316=LINE('',#12483,#6068);
#5317=LINE('',#12485,#6069);
#5318=LINE('',#12488,#6070);
#5319=LINE('',#12491,#6071);
#5320=LINE('',#12493,#6072);
#5321=LINE('',#12495,#6073);
#5322=LINE('',#12497,#6074);
#5323=LINE('',#12499,#6075);
#5324=LINE('',#12501,#6076);
#5325=LINE('',#12503,#6077);
#5326=LINE('',#12505,#6078);
#5327=LINE('',#12507,#6079);
#5328=LINE('',#12509,#6080);
#5329=LINE('',#12511,#6081);
#5330=LINE('',#12513,#6082);
#5331=LINE('',#12515,#6083);
#5332=LINE('',#12516,#6084);
#5333=LINE('',#12518,#6085);
#5334=LINE('',#12520,#6086);
#5335=LINE('',#12522,#6087);
#5336=LINE('',#12523,#6088);
#5337=LINE('',#12525,#6089);
#5338=LINE('',#12527,#6090);
#5339=LINE('',#12529,#6091);
#5340=LINE('',#12531,#6092);
#5341=LINE('',#12533,#6093);
#5342=LINE('',#12535,#6094);
#5343=LINE('',#12537,#6095);
#5344=LINE('',#12538,#6096);
#5345=LINE('',#12540,#6097);
#5346=LINE('',#12542,#6098);
#5347=LINE('',#12544,#6099);
#5348=LINE('',#12546,#6100);
#5349=LINE('',#12549,#6101);
#5350=LINE('',#12551,#6102);
#5351=LINE('',#12553,#6103);
#5352=LINE('',#12554,#6104);
#5353=LINE('',#12556,#6105);
#5354=LINE('',#12559,#6106);
#5355=LINE('',#12560,#6107);
#5356=LINE('',#12562,#6108);
#5357=LINE('',#12565,#6109);
#5358=LINE('',#12566,#6110);
#5359=LINE('',#12568,#6111);
#5360=LINE('',#12571,#6112);
#5361=LINE('',#12574,#6113);
#5362=LINE('',#12576,#6114);
#5363=LINE('',#12578,#6115);
#5364=LINE('',#12580,#6116);
#5365=LINE('',#12582,#6117);
#5366=LINE('',#12584,#6118);
#5367=LINE('',#12586,#6119);
#5368=LINE('',#12588,#6120);
#5369=LINE('',#12590,#6121);
#5370=LINE('',#12592,#6122);
#5371=LINE('',#12594,#6123);
#5372=LINE('',#12596,#6124);
#5373=LINE('',#12598,#6125);
#5374=LINE('',#12600,#6126);
#5375=LINE('',#12601,#6127);
#5376=LINE('',#12603,#6128);
#5377=LINE('',#12604,#6129);
#5378=LINE('',#12606,#6130);
#5379=LINE('',#12608,#6131);
#5380=LINE('',#12610,#6132);
#5381=LINE('',#12612,#6133);
#5382=LINE('',#12614,#6134);
#5383=LINE('',#12616,#6135);
#5384=LINE('',#12618,#6136);
#5385=LINE('',#12620,#6137);
#5386=LINE('',#12621,#6138);
#5387=LINE('',#12623,#6139);
#5388=LINE('',#12625,#6140);
#5389=LINE('',#12627,#6141);
#5390=LINE('',#12629,#6142);
#5391=LINE('',#12632,#6143);
#5392=LINE('',#12634,#6144);
#5393=LINE('',#12636,#6145);
#5394=LINE('',#12637,#6146);
#5395=LINE('',#12639,#6147);
#5396=LINE('',#12641,#6148);
#5397=LINE('',#12643,#6149);
#5398=LINE('',#12645,#6150);
#5399=LINE('',#12647,#6151);
#5400=LINE('',#12649,#6152);
#5401=LINE('',#12651,#6153);
#5402=LINE('',#12710,#6154);
#5403=LINE('',#12712,#6155);
#5404=LINE('',#12713,#6156);
#5405=LINE('',#12716,#6157);
#5406=LINE('',#12718,#6158);
#5407=LINE('',#12719,#6159);
#5408=LINE('',#12722,#6160);
#5409=LINE('',#12724,#6161);
#5410=LINE('',#12725,#6162);
#5411=LINE('',#12728,#6163);
#5412=LINE('',#12730,#6164);
#5413=LINE('',#12731,#6165);
#5414=LINE('',#12738,#6166);
#5415=LINE('',#12741,#6167);
#5416=LINE('',#12742,#6168);
#5417=LINE('',#12744,#6169);
#5418=LINE('',#12746,#6170);
#5419=LINE('',#12748,#6171);
#5420=LINE('',#12750,#6172);
#5421=LINE('',#12753,#6173);
#5422=LINE('',#12755,#6174);
#5423=LINE('',#12757,#6175);
#5424=LINE('',#12759,#6176);
#5425=LINE('',#12761,#6177);
#5426=LINE('',#12763,#6178);
#5427=LINE('',#12765,#6179);
#5428=LINE('',#12768,#6180);
#5429=LINE('',#12769,#6181);
#5430=LINE('',#12771,#6182);
#5431=LINE('',#12774,#6183);
#5432=LINE('',#12776,#6184);
#5433=LINE('',#12778,#6185);
#5434=LINE('',#12780,#6186);
#5435=LINE('',#12782,#6187);
#5436=LINE('',#12783,#6188);
#5437=LINE('',#12785,#6189);
#5438=LINE('',#12787,#6190);
#5439=LINE('',#12788,#6191);
#5440=LINE('',#12790,#6192);
#5441=LINE('',#12792,#6193);
#5442=LINE('',#12795,#6194);
#5443=LINE('',#12797,#6195);
#5444=LINE('',#12801,#6196);
#5445=LINE('',#12804,#6197);
#5446=LINE('',#12806,#6198);
#5447=LINE('',#12808,#6199);
#5448=LINE('',#12810,#6200);
#5449=LINE('',#12812,#6201);
#5450=LINE('',#12814,#6202);
#5451=LINE('',#12816,#6203);
#5452=LINE('',#12818,#6204);
#5453=LINE('',#12820,#6205);
#5454=LINE('',#12822,#6206);
#5455=LINE('',#12823,#6207);
#5456=LINE('',#12847,#6208);
#5457=LINE('',#12850,#6209);
#5458=LINE('',#12852,#6210);
#5459=LINE('',#12854,#6211);
#5460=LINE('',#12856,#6212);
#5461=LINE('',#12858,#6213);
#5462=LINE('',#12860,#6214);
#5463=LINE('',#12862,#6215);
#5464=LINE('',#12864,#6216);
#5465=LINE('',#12866,#6217);
#5466=LINE('',#12868,#6218);
#5467=LINE('',#12869,#6219);
#5468=LINE('',#12880,#6220);
#5469=LINE('',#12883,#6221);
#5470=LINE('',#12885,#6222);
#5471=LINE('',#12887,#6223);
#5472=LINE('',#12889,#6224);
#5473=LINE('',#12891,#6225);
#5474=LINE('',#12893,#6226);
#5475=LINE('',#12895,#6227);
#5476=LINE('',#12897,#6228);
#5477=LINE('',#12899,#6229);
#5478=LINE('',#12901,#6230);
#5479=LINE('',#12902,#6231);
#5480=LINE('',#12926,#6232);
#5481=LINE('',#12940,#6233);
#5482=LINE('',#12954,#6234);
#5483=LINE('',#12968,#6235);
#5484=LINE('',#12982,#6236);
#5485=LINE('',#12996,#6237);
#5486=LINE('',#13010,#6238);
#5487=LINE('',#13024,#6239);
#5488=LINE('',#13038,#6240);
#5489=LINE('',#13052,#6241);
#5490=LINE('',#13056,#6242);
#5491=LINE('',#13058,#6243);
#5492=LINE('',#13064,#6244);
#5493=LINE('',#13065,#6245);
#5494=LINE('',#13069,#6246);
#5495=LINE('',#13070,#6247);
#5496=LINE('',#13074,#6248);
#5497=LINE('',#13075,#6249);
#5498=LINE('',#13079,#6250);
#5499=LINE('',#13080,#6251);
#5500=LINE('',#13084,#6252);
#5501=LINE('',#13087,#6253);
#5502=LINE('',#13089,#6254);
#5503=LINE('',#13091,#6255);
#5504=LINE('',#13095,#6256);
#5505=LINE('',#13099,#6257);
#5506=LINE('',#13101,#6258);
#5507=LINE('',#13103,#6259);
#5508=LINE('',#13110,#6260);
#5509=LINE('',#13112,#6261);
#5510=LINE('',#13114,#6262);
#5511=LINE('',#13116,#6263);
#5512=LINE('',#13118,#6264);
#5513=LINE('',#13120,#6265);
#5514=LINE('',#13125,#6266);
#5515=LINE('',#13126,#6267);
#5516=LINE('',#13155,#6268);
#5517=LINE('',#13169,#6269);
#5518=LINE('',#13178,#6270);
#5519=LINE('',#13180,#6271);
#5520=LINE('',#13182,#6272);
#5521=LINE('',#13184,#6273);
#5522=LINE('',#13185,#6274);
#5523=LINE('',#13189,#6275);
#5524=LINE('',#13190,#6276);
#5525=LINE('',#13210,#6277);
#5526=LINE('',#13219,#6278);
#5527=LINE('',#13220,#6279);
#5528=LINE('',#13222,#6280);
#5529=LINE('',#13224,#6281);
#5530=LINE('',#13226,#6282);
#5531=LINE('',#13228,#6283);
#5532=LINE('',#13231,#6284);
#5533=LINE('',#13247,#6285);
#5534=LINE('',#13250,#6286);
#5535=LINE('',#13252,#6287);
#5536=LINE('',#13254,#6288);
#5537=LINE('',#13256,#6289);
#5538=LINE('',#13259,#6290);
#5539=LINE('',#13260,#6291);
#5540=LINE('',#13264,#6292);
#5541=LINE('',#13265,#6293);
#5542=LINE('',#13292,#6294);
#5543=LINE('',#13299,#6295);
#5544=LINE('',#13300,#6296);
#5545=LINE('',#13302,#6297);
#5546=LINE('',#13303,#6298);
#5547=LINE('',#13305,#6299);
#5548=LINE('',#13307,#6300);
#5549=LINE('',#13347,#6301);
#5550=LINE('',#13361,#6302);
#5551=LINE('',#13375,#6303);
#5552=LINE('',#13389,#6304);
#5553=LINE('',#13403,#6305);
#5554=LINE('',#13417,#6306);
#5555=LINE('',#13431,#6307);
#5556=LINE('',#13445,#6308);
#5557=LINE('',#13459,#6309);
#5558=LINE('',#13473,#6310);
#5559=LINE('',#13477,#6311);
#5560=LINE('',#13479,#6312);
#5561=LINE('',#13485,#6313);
#5562=LINE('',#13486,#6314);
#5563=LINE('',#13490,#6315);
#5564=LINE('',#13491,#6316);
#5565=LINE('',#13495,#6317);
#5566=LINE('',#13496,#6318);
#5567=LINE('',#13500,#6319);
#5568=LINE('',#13501,#6320);
#5569=LINE('',#13505,#6321);
#5570=LINE('',#13508,#6322);
#5571=LINE('',#13510,#6323);
#5572=LINE('',#13512,#6324);
#5573=LINE('',#13516,#6325);
#5574=LINE('',#13520,#6326);
#5575=LINE('',#13522,#6327);
#5576=LINE('',#13524,#6328);
#5577=LINE('',#13531,#6329);
#5578=LINE('',#13533,#6330);
#5579=LINE('',#13535,#6331);
#5580=LINE('',#13537,#6332);
#5581=LINE('',#13539,#6333);
#5582=LINE('',#13541,#6334);
#5583=LINE('',#13546,#6335);
#5584=LINE('',#13547,#6336);
#5585=LINE('',#13576,#6337);
#5586=LINE('',#13590,#6338);
#5587=LINE('',#13599,#6339);
#5588=LINE('',#13601,#6340);
#5589=LINE('',#13603,#6341);
#5590=LINE('',#13605,#6342);
#5591=LINE('',#13606,#6343);
#5592=LINE('',#13610,#6344);
#5593=LINE('',#13611,#6345);
#5594=LINE('',#13631,#6346);
#5595=LINE('',#13640,#6347);
#5596=LINE('',#13641,#6348);
#5597=LINE('',#13643,#6349);
#5598=LINE('',#13645,#6350);
#5599=LINE('',#13647,#6351);
#5600=LINE('',#13649,#6352);
#5601=LINE('',#13652,#6353);
#5602=LINE('',#13668,#6354);
#5603=LINE('',#13671,#6355);
#5604=LINE('',#13673,#6356);
#5605=LINE('',#13675,#6357);
#5606=LINE('',#13677,#6358);
#5607=LINE('',#13680,#6359);
#5608=LINE('',#13681,#6360);
#5609=LINE('',#13685,#6361);
#5610=LINE('',#13686,#6362);
#5611=LINE('',#13713,#6363);
#5612=LINE('',#13720,#6364);
#5613=LINE('',#13721,#6365);
#5614=LINE('',#13723,#6366);
#5615=LINE('',#13724,#6367);
#5616=LINE('',#13726,#6368);
#5617=LINE('',#13728,#6369);
#5618=LINE('',#13752,#6370);
#5619=LINE('',#13766,#6371);
#5620=LINE('',#13780,#6372);
#5621=LINE('',#13794,#6373);
#5622=LINE('',#13808,#6374);
#5623=LINE('',#13822,#6375);
#5624=LINE('',#13836,#6376);
#5625=LINE('',#13850,#6377);
#5626=LINE('',#13864,#6378);
#5627=LINE('',#13878,#6379);
#5628=LINE('',#13885,#6380);
#5629=LINE('',#13890,#6381);
#5630=LINE('',#13894,#6382);
#5631=LINE('',#13899,#6383);
#5632=LINE('',#13903,#6384);
#5633=LINE('',#13908,#6385);
#5634=LINE('',#13912,#6386);
#5635=LINE('',#13917,#6387);
#5636=LINE('',#13923,#6388);
#5637=LINE('',#13928,#6389);
#5638=LINE('',#13932,#6390);
#5639=LINE('',#13935,#6391);
#5640=LINE('',#13937,#6392);
#5641=LINE('',#13939,#6393);
#5642=LINE('',#13943,#6394);
#5643=LINE('',#13947,#6395);
#5644=LINE('',#13949,#6396);
#5645=LINE('',#13951,#6397);
#5646=LINE('',#13958,#6398);
#5647=LINE('',#13960,#6399);
#5648=LINE('',#13962,#6400);
#5649=LINE('',#13964,#6401);
#5650=LINE('',#13966,#6402);
#5651=LINE('',#13968,#6403);
#5652=LINE('',#13973,#6404);
#5653=LINE('',#13974,#6405);
#5654=LINE('',#14011,#6406);
#5655=LINE('',#14025,#6407);
#5656=LINE('',#14034,#6408);
#5657=LINE('',#14036,#6409);
#5658=LINE('',#14038,#6410);
#5659=LINE('',#14040,#6411);
#5660=LINE('',#14041,#6412);
#5661=LINE('',#14045,#6413);
#5662=LINE('',#14046,#6414);
#5663=LINE('',#14074,#6415);
#5664=LINE('',#14083,#6416);
#5665=LINE('',#14084,#6417);
#5666=LINE('',#14086,#6418);
#5667=LINE('',#14088,#6419);
#5668=LINE('',#14090,#6420);
#5669=LINE('',#14092,#6421);
#5670=LINE('',#14095,#6422);
#5671=LINE('',#14119,#6423);
#5672=LINE('',#14122,#6424);
#5673=LINE('',#14124,#6425);
#5674=LINE('',#14126,#6426);
#5675=LINE('',#14128,#6427);
#5676=LINE('',#14131,#6428);
#5677=LINE('',#14132,#6429);
#5678=LINE('',#14136,#6430);
#5679=LINE('',#14137,#6431);
#5680=LINE('',#14172,#6432);
#5681=LINE('',#14179,#6433);
#5682=LINE('',#14180,#6434);
#5683=LINE('',#14182,#6435);
#5684=LINE('',#14183,#6436);
#5685=LINE('',#14185,#6437);
#5686=LINE('',#14187,#6438);
#5687=LINE('',#14246,#6439);
#5688=LINE('',#14251,#6440);
#5689=LINE('',#14255,#6441);
#5690=LINE('',#14260,#6442);
#5691=LINE('',#14264,#6443);
#5692=LINE('',#14269,#6444);
#5693=LINE('',#14273,#6445);
#5694=LINE('',#14278,#6446);
#5695=LINE('',#14297,#6447);
#5696=LINE('',#14311,#6448);
#5697=LINE('',#14325,#6449);
#5698=LINE('',#14339,#6450);
#5699=LINE('',#14353,#6451);
#5700=LINE('',#14367,#6452);
#5701=LINE('',#14381,#6453);
#5702=LINE('',#14395,#6454);
#5703=LINE('',#14409,#6455);
#5704=LINE('',#14423,#6456);
#5705=LINE('',#14427,#6457);
#5706=LINE('',#14432,#6458);
#5707=LINE('',#14436,#6459);
#5708=LINE('',#14439,#6460);
#5709=LINE('',#14441,#6461);
#5710=LINE('',#14443,#6462);
#5711=LINE('',#14447,#6463);
#5712=LINE('',#14451,#6464);
#5713=LINE('',#14453,#6465);
#5714=LINE('',#14455,#6466);
#5715=LINE('',#14462,#6467);
#5716=LINE('',#14464,#6468);
#5717=LINE('',#14466,#6469);
#5718=LINE('',#14468,#6470);
#5719=LINE('',#14470,#6471);
#5720=LINE('',#14472,#6472);
#5721=LINE('',#14477,#6473);
#5722=LINE('',#14478,#6474);
#5723=LINE('',#14515,#6475);
#5724=LINE('',#14529,#6476);
#5725=LINE('',#14538,#6477);
#5726=LINE('',#14540,#6478);
#5727=LINE('',#14542,#6479);
#5728=LINE('',#14544,#6480);
#5729=LINE('',#14545,#6481);
#5730=LINE('',#14549,#6482);
#5731=LINE('',#14550,#6483);
#5732=LINE('',#14578,#6484);
#5733=LINE('',#14587,#6485);
#5734=LINE('',#14588,#6486);
#5735=LINE('',#14590,#6487);
#5736=LINE('',#14592,#6488);
#5737=LINE('',#14594,#6489);
#5738=LINE('',#14596,#6490);
#5739=LINE('',#14599,#6491);
#5740=LINE('',#14623,#6492);
#5741=LINE('',#14626,#6493);
#5742=LINE('',#14628,#6494);
#5743=LINE('',#14630,#6495);
#5744=LINE('',#14632,#6496);
#5745=LINE('',#14635,#6497);
#5746=LINE('',#14636,#6498);
#5747=LINE('',#14640,#6499);
#5748=LINE('',#14641,#6500);
#5749=LINE('',#14676,#6501);
#5750=LINE('',#14683,#6502);
#5751=LINE('',#14684,#6503);
#5752=LINE('',#14686,#6504);
#5753=LINE('',#14687,#6505);
#5754=LINE('',#14689,#6506);
#5755=LINE('',#14691,#6507);
#5756=VECTOR('',#9465,1.);
#5757=VECTOR('',#9466,1.);
#5758=VECTOR('',#9467,1.);
#5759=VECTOR('',#9468,1.);
#5760=VECTOR('',#9469,1.);
#5761=VECTOR('',#9470,1.);
#5762=VECTOR('',#9473,1.);
#5763=VECTOR('',#9474,1.);
#5764=VECTOR('',#9475,1.);
#5765=VECTOR('',#9476,1.);
#5766=VECTOR('',#9477,1.);
#5767=VECTOR('',#9478,1.);
#5768=VECTOR('',#9481,1.);
#5769=VECTOR('',#9482,1.);
#5770=VECTOR('',#9483,1.);
#5771=VECTOR('',#9484,1.);
#5772=VECTOR('',#9485,1.);
#5773=VECTOR('',#9486,1.);
#5774=VECTOR('',#9489,1.);
#5775=VECTOR('',#9490,1.);
#5776=VECTOR('',#9491,1.);
#5777=VECTOR('',#9492,1.);
#5778=VECTOR('',#9493,1.);
#5779=VECTOR('',#9494,1.);
#5780=VECTOR('',#9497,1.);
#5781=VECTOR('',#9498,1.);
#5782=VECTOR('',#9499,1.);
#5783=VECTOR('',#9502,1.);
#5784=VECTOR('',#9503,1.);
#5785=VECTOR('',#9504,1.);
#5786=VECTOR('',#9507,1.);
#5787=VECTOR('',#9508,1.);
#5788=VECTOR('',#9509,1.);
#5789=VECTOR('',#9510,1.);
#5790=VECTOR('',#9511,1.);
#5791=VECTOR('',#9512,1.);
#5792=VECTOR('',#9513,1.);
#5793=VECTOR('',#9516,1.);
#5794=VECTOR('',#9517,1.);
#5795=VECTOR('',#9518,1.);
#5796=VECTOR('',#9521,1.);
#5797=VECTOR('',#9522,1.);
#5798=VECTOR('',#9523,1.);
#5799=VECTOR('',#9524,1.);
#5800=VECTOR('',#9527,1.);
#5801=VECTOR('',#9528,1.);
#5802=VECTOR('',#9529,1.);
#5803=VECTOR('',#9530,1.);
#5804=VECTOR('',#9533,1.);
#5805=VECTOR('',#9534,1.);
#5806=VECTOR('',#9537,1.);
#5807=VECTOR('',#9538,1.);
#5808=VECTOR('',#9539,1.);
#5809=VECTOR('',#9540,1.);
#5810=VECTOR('',#9541,1.);
#5811=VECTOR('',#9544,1.);
#5812=VECTOR('',#9547,1.);
#5813=VECTOR('',#9550,1.);
#5814=VECTOR('',#9551,1.);
#5815=VECTOR('',#9552,1.);
#5816=VECTOR('',#9553,1.);
#5817=VECTOR('',#9556,1.);
#5818=VECTOR('',#9557,1.);
#5819=VECTOR('',#9558,1.);
#5820=VECTOR('',#9559,1.);
#5821=VECTOR('',#9562,1.);
#5822=VECTOR('',#9565,1.);
#5823=VECTOR('',#9568,1.);
#5824=VECTOR('',#9573,1.);
#5825=VECTOR('',#9574,1.);
#5826=VECTOR('',#9575,1.);
#5827=VECTOR('',#9576,1.);
#5828=VECTOR('',#9577,1.);
#5829=VECTOR('',#9578,1.);
#5830=VECTOR('',#9579,1.);
#5831=VECTOR('',#9580,1.);
#5832=VECTOR('',#9581,1.);
#5833=VECTOR('',#9582,1.);
#5834=VECTOR('',#9583,1.);
#5835=VECTOR('',#9584,1.);
#5836=VECTOR('',#9585,1.);
#5837=VECTOR('',#9586,1.);
#5838=VECTOR('',#9587,1.);
#5839=VECTOR('',#9588,1.);
#5840=VECTOR('',#9589,1.);
#5841=VECTOR('',#9590,1.);
#5842=VECTOR('',#9591,1.);
#5843=VECTOR('',#9592,1.);
#5844=VECTOR('',#9593,1.);
#5845=VECTOR('',#9594,1.);
#5846=VECTOR('',#9595,1.);
#5847=VECTOR('',#9596,1.);
#5848=VECTOR('',#9597,1.);
#5849=VECTOR('',#9598,1.);
#5850=VECTOR('',#9605,1.);
#5851=VECTOR('',#9606,1.);
#5852=VECTOR('',#9607,1.);
#5853=VECTOR('',#9610,1.);
#5854=VECTOR('',#9611,1.);
#5855=VECTOR('',#9614,1.);
#5856=VECTOR('',#9615,1.);
#5857=VECTOR('',#9616,1.);
#5858=VECTOR('',#9617,1.);
#5859=VECTOR('',#9618,1.);
#5860=VECTOR('',#9619,1.);
#5861=VECTOR('',#9620,1.);
#5862=VECTOR('',#9623,1.);
#5863=VECTOR('',#9624,1.);
#5864=VECTOR('',#9627,1.);
#5865=VECTOR('',#9628,1.);
#5866=VECTOR('',#9629,1.);
#5867=VECTOR('',#9632,1.);
#5868=VECTOR('',#9633,1.);
#5869=VECTOR('',#9634,1.);
#5870=VECTOR('',#9637,1.);
#5871=VECTOR('',#9640,1.);
#5872=VECTOR('',#9641,1.);
#5873=VECTOR('',#9642,1.);
#5874=VECTOR('',#9643,1.);
#5875=VECTOR('',#9644,1.);
#5876=VECTOR('',#9649,1.);
#5877=VECTOR('',#9652,1.);
#5878=VECTOR('',#9653,1.);
#5879=VECTOR('',#9654,1.);
#5880=VECTOR('',#9655,1.);
#5881=VECTOR('',#9658,1.);
#5882=VECTOR('',#9659,1.);
#5883=VECTOR('',#9660,1.);
#5884=VECTOR('',#9661,1.);
#5885=VECTOR('',#9664,1.);
#5886=VECTOR('',#9667,1.);
#5887=VECTOR('',#9670,1.);
#5888=VECTOR('',#9675,1.);
#5889=VECTOR('',#9676,1.);
#5890=VECTOR('',#9677,1.);
#5891=VECTOR('',#9680,1.);
#5892=VECTOR('',#9681,1.);
#5893=VECTOR('',#9682,1.);
#5894=VECTOR('',#9685,1.);
#5895=VECTOR('',#9686,1.);
#5896=VECTOR('',#9687,1.);
#5897=VECTOR('',#9690,1.);
#5898=VECTOR('',#9691,1.);
#5899=VECTOR('',#9692,1.);
#5900=VECTOR('',#9695,1.);
#5901=VECTOR('',#9696,1.);
#5902=VECTOR('',#9697,1.);
#5903=VECTOR('',#9698,1.);
#5904=VECTOR('',#9701,1.);
#5905=VECTOR('',#9702,1.);
#5906=VECTOR('',#9703,1.);
#5907=VECTOR('',#9706,1.);
#5908=VECTOR('',#9707,1.);
#5909=VECTOR('',#9708,1.);
#5910=VECTOR('',#9711,1.);
#5911=VECTOR('',#9712,1.);
#5912=VECTOR('',#9725,1.);
#5913=VECTOR('',#9726,1.);
#5914=VECTOR('',#9727,1.);
#5915=VECTOR('',#9728,1.);
#5916=VECTOR('',#9731,1.);
#5917=VECTOR('',#9732,1.);
#5918=VECTOR('',#9733,1.);
#5919=VECTOR('',#9734,1.);
#5920=VECTOR('',#9737,1.);
#5921=VECTOR('',#9738,1.);
#5922=VECTOR('',#9739,1.);
#5923=VECTOR('',#9740,1.);
#5924=VECTOR('',#9741,1.);
#5925=VECTOR('',#9744,1.);
#5926=VECTOR('',#9745,1.);
#5927=VECTOR('',#9746,1.);
#5928=VECTOR('',#9747,1.);
#5929=VECTOR('',#9748,1.);
#5930=VECTOR('',#9749,1.);
#5931=VECTOR('',#9750,1.);
#5932=VECTOR('',#9751,1.);
#5933=VECTOR('',#9754,1.);
#5934=VECTOR('',#9755,1.);
#5935=VECTOR('',#9756,1.);
#5936=VECTOR('',#9757,1.);
#5937=VECTOR('',#9760,1.);
#5938=VECTOR('',#9761,1.);
#5939=VECTOR('',#9766,1.);
#5940=VECTOR('',#9767,1.);
#5941=VECTOR('',#9768,1.);
#5942=VECTOR('',#9769,1.);
#5943=VECTOR('',#9772,1.);
#5944=VECTOR('',#9773,1.);
#5945=VECTOR('',#9774,1.);
#5946=VECTOR('',#9775,1.);
#5947=VECTOR('',#9782,1.);
#5948=VECTOR('',#9809,1.);
#5949=VECTOR('',#9820,1.);
#5950=VECTOR('',#9831,1.);
#5951=VECTOR('',#9834,1.);
#5952=VECTOR('',#9839,1.);
#5953=VECTOR('',#9842,1.);
#5954=VECTOR('',#9843,1.);
#5955=VECTOR('',#9846,1.);
#5956=VECTOR('',#9849,1.);
#5957=VECTOR('',#9852,1.);
#5958=VECTOR('',#9855,1.);
#5959=VECTOR('',#9858,1.);
#5960=VECTOR('',#9861,1.);
#5961=VECTOR('',#9864,1.);
#5962=VECTOR('',#9867,1.);
#5963=VECTOR('',#9870,1.);
#5964=VECTOR('',#9875,1.);
#5965=VECTOR('',#9878,1.);
#5966=VECTOR('',#9881,1.);
#5967=VECTOR('',#9884,1.);
#5968=VECTOR('',#9887,1.);
#5969=VECTOR('',#9890,1.);
#5970=VECTOR('',#9895,1.);
#5971=VECTOR('',#9898,1.);
#5972=VECTOR('',#9901,1.);
#5973=VECTOR('',#9904,1.);
#5974=VECTOR('',#9907,1.);
#5975=VECTOR('',#9910,1.);
#5976=VECTOR('',#9941,1.);
#5977=VECTOR('',#9942,1.);
#5978=VECTOR('',#9943,1.);
#5979=VECTOR('',#9944,1.);
#5980=VECTOR('',#9947,1.);
#5981=VECTOR('',#9948,1.);
#5982=VECTOR('',#9949,1.);
#5983=VECTOR('',#9952,1.);
#5984=VECTOR('',#9953,1.);
#5985=VECTOR('',#9954,1.);
#5986=VECTOR('',#9957,1.);
#5987=VECTOR('',#9958,1.);
#5988=VECTOR('',#9975,1.);
#5989=VECTOR('',#9976,1.);
#5990=VECTOR('',#9977,1.);
#5991=VECTOR('',#9978,1.);
#5992=VECTOR('',#9979,1.);
#5993=VECTOR('',#9980,1.);
#5994=VECTOR('',#9983,1.);
#5995=VECTOR('',#9984,1.);
#5996=VECTOR('',#9985,1.);
#5997=VECTOR('',#9986,1.);
#5998=VECTOR('',#9987,1.);
#5999=VECTOR('',#9988,1.);
#6000=VECTOR('',#9999,1.);
#6001=VECTOR('',#10000,1.);
#6002=VECTOR('',#10001,1.);
#6003=VECTOR('',#10002,1.);
#6004=VECTOR('',#10003,1.);
#6005=VECTOR('',#10004,1.);
#6006=VECTOR('',#10005,1.);
#6007=VECTOR('',#10006,1.);
#6008=VECTOR('',#10007,1.);
#6009=VECTOR('',#10008,1.);
#6010=VECTOR('',#10009,1.);
#6011=VECTOR('',#10010,1.);
#6012=VECTOR('',#10011,1.);
#6013=VECTOR('',#10012,1.);
#6014=VECTOR('',#10013,1.);
#6015=VECTOR('',#10014,1.);
#6016=VECTOR('',#10015,1.);
#6017=VECTOR('',#10016,1.);
#6018=VECTOR('',#10017,1.);
#6019=VECTOR('',#10018,1.);
#6020=VECTOR('',#10019,1.);
#6021=VECTOR('',#10020,1.);
#6022=VECTOR('',#10021,1.);
#6023=VECTOR('',#10022,1.);
#6024=VECTOR('',#10025,1.);
#6025=VECTOR('',#10026,1.);
#6026=VECTOR('',#10027,1.);
#6027=VECTOR('',#10028,1.);
#6028=VECTOR('',#10031,1.);
#6029=VECTOR('',#10032,1.);
#6030=VECTOR('',#10033,1.);
#6031=VECTOR('',#10034,1.);
#6032=VECTOR('',#10037,1.);
#6033=VECTOR('',#10038,1.);
#6034=VECTOR('',#10039,1.);
#6035=VECTOR('',#10040,1.);
#6036=VECTOR('',#10041,1.);
#6037=VECTOR('',#10044,1.);
#6038=VECTOR('',#10045,1.);
#6039=VECTOR('',#10046,1.);
#6040=VECTOR('',#10047,1.);
#6041=VECTOR('',#10048,1.);
#6042=VECTOR('',#10051,1.);
#6043=VECTOR('',#10052,1.);
#6044=VECTOR('',#10053,1.);
#6045=VECTOR('',#10054,1.);
#6046=VECTOR('',#10055,1.);
#6047=VECTOR('',#10058,1.);
#6048=VECTOR('',#10059,1.);
#6049=VECTOR('',#10060,1.);
#6050=VECTOR('',#10061,1.);
#6051=VECTOR('',#10062,1.);
#6052=VECTOR('',#10073,1.);
#6053=VECTOR('',#10074,1.);
#6054=VECTOR('',#10077,1.);
#6055=VECTOR('',#10080,1.);
#6056=VECTOR('',#10083,1.);
#6057=VECTOR('',#10086,1.);
#6058=VECTOR('',#10089,1.);
#6059=VECTOR('',#10092,1.);
#6060=VECTOR('',#10103,1.);
#6061=VECTOR('',#10104,1.);
#6062=VECTOR('',#10105,1.);
#6063=VECTOR('',#10106,1.);
#6064=VECTOR('',#10107,1.);
#6065=VECTOR('',#10108,1.);
#6066=VECTOR('',#10109,1.);
#6067=VECTOR('',#10110,1.);
#6068=VECTOR('',#10113,1.);
#6069=VECTOR('',#10116,1.);
#6070=VECTOR('',#10121,1.);
#6071=VECTOR('',#10122,1.);
#6072=VECTOR('',#10123,1.);
#6073=VECTOR('',#10124,1.);
#6074=VECTOR('',#10127,1.);
#6075=VECTOR('',#10128,1.);
#6076=VECTOR('',#10129,1.);
#6077=VECTOR('',#10132,1.);
#6078=VECTOR('',#10133,1.);
#6079=VECTOR('',#10134,1.);
#6080=VECTOR('',#10137,1.);
#6081=VECTOR('',#10138,1.);
#6082=VECTOR('',#10139,1.);
#6083=VECTOR('',#10142,1.);
#6084=VECTOR('',#10143,1.);
#6085=VECTOR('',#10144,1.);
#6086=VECTOR('',#10147,1.);
#6087=VECTOR('',#10148,1.);
#6088=VECTOR('',#10149,1.);
#6089=VECTOR('',#10152,1.);
#6090=VECTOR('',#10153,1.);
#6091=VECTOR('',#10156,1.);
#6092=VECTOR('',#10157,1.);
#6093=VECTOR('',#10158,1.);
#6094=VECTOR('',#10161,1.);
#6095=VECTOR('',#10162,1.);
#6096=VECTOR('',#10163,1.);
#6097=VECTOR('',#10164,1.);
#6098=VECTOR('',#10167,1.);
#6099=VECTOR('',#10168,1.);
#6100=VECTOR('',#10171,1.);
#6101=VECTOR('',#10172,1.);
#6102=VECTOR('',#10173,1.);
#6103=VECTOR('',#10174,1.);
#6104=VECTOR('',#10175,1.);
#6105=VECTOR('',#10178,1.);
#6106=VECTOR('',#10179,1.);
#6107=VECTOR('',#10180,1.);
#6108=VECTOR('',#10183,1.);
#6109=VECTOR('',#10184,1.);
#6110=VECTOR('',#10185,1.);
#6111=VECTOR('',#10188,1.);
#6112=VECTOR('',#10193,1.);
#6113=VECTOR('',#10194,1.);
#6114=VECTOR('',#10195,1.);
#6115=VECTOR('',#10196,1.);
#6116=VECTOR('',#10199,1.);
#6117=VECTOR('',#10200,1.);
#6118=VECTOR('',#10201,1.);
#6119=VECTOR('',#10204,1.);
#6120=VECTOR('',#10205,1.);
#6121=VECTOR('',#10206,1.);
#6122=VECTOR('',#10209,1.);
#6123=VECTOR('',#10210,1.);
#6124=VECTOR('',#10211,1.);
#6125=VECTOR('',#10214,1.);
#6126=VECTOR('',#10215,1.);
#6127=VECTOR('',#10216,1.);
#6128=VECTOR('',#10219,1.);
#6129=VECTOR('',#10220,1.);
#6130=VECTOR('',#10221,1.);
#6131=VECTOR('',#10224,1.);
#6132=VECTOR('',#10225,1.);
#6133=VECTOR('',#10228,1.);
#6134=VECTOR('',#10229,1.);
#6135=VECTOR('',#10230,1.);
#6136=VECTOR('',#10233,1.);
#6137=VECTOR('',#10234,1.);
#6138=VECTOR('',#10235,1.);
#6139=VECTOR('',#10236,1.);
#6140=VECTOR('',#10239,1.);
#6141=VECTOR('',#10240,1.);
#6142=VECTOR('',#10243,1.);
#6143=VECTOR('',#10244,1.);
#6144=VECTOR('',#10245,1.);
#6145=VECTOR('',#10246,1.);
#6146=VECTOR('',#10247,1.);
#6147=VECTOR('',#10250,1.);
#6148=VECTOR('',#10251,1.);
#6149=VECTOR('',#10252,1.);
#6150=VECTOR('',#10255,1.);
#6151=VECTOR('',#10256,1.);
#6152=VECTOR('',#10257,1.);
#6153=VECTOR('',#10260,1.);
#6154=VECTOR('',#10341,1.);
#6155=VECTOR('',#10344,1.);
#6156=VECTOR('',#10345,1.);
#6157=VECTOR('',#10350,1.);
#6158=VECTOR('',#10353,1.);
#6159=VECTOR('',#10354,1.);
#6160=VECTOR('',#10359,1.);
#6161=VECTOR('',#10362,1.);
#6162=VECTOR('',#10363,1.);
#6163=VECTOR('',#10368,1.);
#6164=VECTOR('',#10371,1.);
#6165=VECTOR('',#10372,1.);
#6166=VECTOR('',#10385,1.);
#6167=VECTOR('',#10386,1.);
#6168=VECTOR('',#10387,1.);
#6169=VECTOR('',#10390,1.);
#6170=VECTOR('',#10391,1.);
#6171=VECTOR('',#10392,1.);
#6172=VECTOR('',#10395,1.);
#6173=VECTOR('',#10396,1.);
#6174=VECTOR('',#10397,1.);
#6175=VECTOR('',#10398,1.);
#6176=VECTOR('',#10401,1.);
#6177=VECTOR('',#10402,1.);
#6178=VECTOR('',#10403,1.);
#6179=VECTOR('',#10406,1.);
#6180=VECTOR('',#10407,1.);
#6181=VECTOR('',#10408,1.);
#6182=VECTOR('',#10411,1.);
#6183=VECTOR('',#10412,1.);
#6184=VECTOR('',#10413,1.);
#6185=VECTOR('',#10414,1.);
#6186=VECTOR('',#10417,1.);
#6187=VECTOR('',#10420,1.);
#6188=VECTOR('',#10421,1.);
#6189=VECTOR('',#10424,1.);
#6190=VECTOR('',#10427,1.);
#6191=VECTOR('',#10428,1.);
#6192=VECTOR('',#10431,1.);
#6193=VECTOR('',#10434,1.);
#6194=VECTOR('',#10439,1.);
#6195=VECTOR('',#10442,1.);
#6196=VECTOR('',#10449,1.);
#6197=VECTOR('',#10450,1.);
#6198=VECTOR('',#10451,1.);
#6199=VECTOR('',#10452,1.);
#6200=VECTOR('',#10455,1.);
#6201=VECTOR('',#10456,1.);
#6202=VECTOR('',#10457,1.);
#6203=VECTOR('',#10460,1.);
#6204=VECTOR('',#10461,1.);
#6205=VECTOR('',#10462,1.);
#6206=VECTOR('',#10465,1.);
#6207=VECTOR('',#10466,1.);
#6208=VECTOR('',#10501,1.);
#6209=VECTOR('',#10502,1.);
#6210=VECTOR('',#10503,1.);
#6211=VECTOR('',#10504,1.);
#6212=VECTOR('',#10507,1.);
#6213=VECTOR('',#10508,1.);
#6214=VECTOR('',#10509,1.);
#6215=VECTOR('',#10512,1.);
#6216=VECTOR('',#10513,1.);
#6217=VECTOR('',#10514,1.);
#6218=VECTOR('',#10517,1.);
#6219=VECTOR('',#10518,1.);
#6220=VECTOR('',#10535,1.);
#6221=VECTOR('',#10536,1.);
#6222=VECTOR('',#10537,1.);
#6223=VECTOR('',#10538,1.);
#6224=VECTOR('',#10541,1.);
#6225=VECTOR('',#10542,1.);
#6226=VECTOR('',#10543,1.);
#6227=VECTOR('',#10546,1.);
#6228=VECTOR('',#10547,1.);
#6229=VECTOR('',#10548,1.);
#6230=VECTOR('',#10551,1.);
#6231=VECTOR('',#10552,1.);
#6232=VECTOR('',#10571,1.);
#6233=VECTOR('',#10574,1.);
#6234=VECTOR('',#10577,1.);
#6235=VECTOR('',#10580,1.);
#6236=VECTOR('',#10583,1.);
#6237=VECTOR('',#10586,1.);
#6238=VECTOR('',#10589,1.);
#6239=VECTOR('',#10592,1.);
#6240=VECTOR('',#10595,1.);
#6241=VECTOR('',#10598,1.);
#6242=VECTOR('',#10603,1.);
#6243=VECTOR('',#10604,1.);
#6244=VECTOR('',#10609,1.);
#6245=VECTOR('',#10610,1.);
#6246=VECTOR('',#10613,1.);
#6247=VECTOR('',#10614,1.);
#6248=VECTOR('',#10617,1.);
#6249=VECTOR('',#10618,1.);
#6250=VECTOR('',#10621,1.);
#6251=VECTOR('',#10622,1.);
#6252=VECTOR('',#10627,1.);
#6253=VECTOR('',#10628,1.);
#6254=VECTOR('',#10629,1.);
#6255=VECTOR('',#10630,1.);
#6256=VECTOR('',#10635,1.);
#6257=VECTOR('',#10640,1.);
#6258=VECTOR('',#10641,1.);
#6259=VECTOR('',#10642,1.);
#6260=VECTOR('',#10655,1.);
#6261=VECTOR('',#10656,1.);
#6262=VECTOR('',#10657,1.);
#6263=VECTOR('',#10660,1.);
#6264=VECTOR('',#10661,1.);
#6265=VECTOR('',#10662,1.);
#6266=VECTOR('',#10667,1.);
#6267=VECTOR('',#10668,1.);
#6268=VECTOR('',#10681,1.);
#6269=VECTOR('',#10688,1.);
#6270=VECTOR('',#10693,1.);
#6271=VECTOR('',#10694,1.);
#6272=VECTOR('',#10695,1.);
#6273=VECTOR('',#10698,1.);
#6274=VECTOR('',#10699,1.);
#6275=VECTOR('',#10704,1.);
#6276=VECTOR('',#10705,1.);
#6277=VECTOR('',#10718,1.);
#6278=VECTOR('',#10723,1.);
#6279=VECTOR('',#10724,1.);
#6280=VECTOR('',#10727,1.);
#6281=VECTOR('',#10728,1.);
#6282=VECTOR('',#10729,1.);
#6283=VECTOR('',#10732,1.);
#6284=VECTOR('',#10735,1.);
#6285=VECTOR('',#10748,1.);
#6286=VECTOR('',#10753,1.);
#6287=VECTOR('',#10754,1.);
#6288=VECTOR('',#10755,1.);
#6289=VECTOR('',#10758,1.);
#6290=VECTOR('',#10759,1.);
#6291=VECTOR('',#10760,1.);
#6292=VECTOR('',#10765,1.);
#6293=VECTOR('',#10766,1.);
#6294=VECTOR('',#10789,1.);
#6295=VECTOR('',#10792,1.);
#6296=VECTOR('',#10793,1.);
#6297=VECTOR('',#10796,1.);
#6298=VECTOR('',#10797,1.);
#6299=VECTOR('',#10800,1.);
#6300=VECTOR('',#10803,1.);
#6301=VECTOR('',#10846,1.);
#6302=VECTOR('',#10849,1.);
#6303=VECTOR('',#10852,1.);
#6304=VECTOR('',#10855,1.);
#6305=VECTOR('',#10858,1.);
#6306=VECTOR('',#10861,1.);
#6307=VECTOR('',#10864,1.);
#6308=VECTOR('',#10867,1.);
#6309=VECTOR('',#10870,1.);
#6310=VECTOR('',#10873,1.);
#6311=VECTOR('',#10878,1.);
#6312=VECTOR('',#10879,1.);
#6313=VECTOR('',#10884,1.);
#6314=VECTOR('',#10885,1.);
#6315=VECTOR('',#10888,1.);
#6316=VECTOR('',#10889,1.);
#6317=VECTOR('',#10892,1.);
#6318=VECTOR('',#10893,1.);
#6319=VECTOR('',#10896,1.);
#6320=VECTOR('',#10897,1.);
#6321=VECTOR('',#10902,1.);
#6322=VECTOR('',#10903,1.);
#6323=VECTOR('',#10904,1.);
#6324=VECTOR('',#10905,1.);
#6325=VECTOR('',#10910,1.);
#6326=VECTOR('',#10915,1.);
#6327=VECTOR('',#10916,1.);
#6328=VECTOR('',#10917,1.);
#6329=VECTOR('',#10930,1.);
#6330=VECTOR('',#10931,1.);
#6331=VECTOR('',#10932,1.);
#6332=VECTOR('',#10935,1.);
#6333=VECTOR('',#10936,1.);
#6334=VECTOR('',#10937,1.);
#6335=VECTOR('',#10942,1.);
#6336=VECTOR('',#10943,1.);
#6337=VECTOR('',#10956,1.);
#6338=VECTOR('',#10963,1.);
#6339=VECTOR('',#10968,1.);
#6340=VECTOR('',#10969,1.);
#6341=VECTOR('',#10970,1.);
#6342=VECTOR('',#10973,1.);
#6343=VECTOR('',#10974,1.);
#6344=VECTOR('',#10979,1.);
#6345=VECTOR('',#10980,1.);
#6346=VECTOR('',#10993,1.);
#6347=VECTOR('',#10998,1.);
#6348=VECTOR('',#10999,1.);
#6349=VECTOR('',#11002,1.);
#6350=VECTOR('',#11003,1.);
#6351=VECTOR('',#11004,1.);
#6352=VECTOR('',#11007,1.);
#6353=VECTOR('',#11010,1.);
#6354=VECTOR('',#11023,1.);
#6355=VECTOR('',#11028,1.);
#6356=VECTOR('',#11029,1.);
#6357=VECTOR('',#11030,1.);
#6358=VECTOR('',#11033,1.);
#6359=VECTOR('',#11034,1.);
#6360=VECTOR('',#11035,1.);
#6361=VECTOR('',#11040,1.);
#6362=VECTOR('',#11041,1.);
#6363=VECTOR('',#11064,1.);
#6364=VECTOR('',#11067,1.);
#6365=VECTOR('',#11068,1.);
#6366=VECTOR('',#11071,1.);
#6367=VECTOR('',#11072,1.);
#6368=VECTOR('',#11075,1.);
#6369=VECTOR('',#11078,1.);
#6370=VECTOR('',#11105,1.);
#6371=VECTOR('',#11108,1.);
#6372=VECTOR('',#11111,1.);
#6373=VECTOR('',#11114,1.);
#6374=VECTOR('',#11117,1.);
#6375=VECTOR('',#11120,1.);
#6376=VECTOR('',#11123,1.);
#6377=VECTOR('',#11126,1.);
#6378=VECTOR('',#11129,1.);
#6379=VECTOR('',#11132,1.);
#6380=VECTOR('',#11135,1.);
#6381=VECTOR('',#11138,1.);
#6382=VECTOR('',#11143,1.);
#6383=VECTOR('',#11146,1.);
#6384=VECTOR('',#11151,1.);
#6385=VECTOR('',#11154,1.);
#6386=VECTOR('',#11159,1.);
#6387=VECTOR('',#11162,1.);
#6388=VECTOR('',#11169,1.);
#6389=VECTOR('',#11172,1.);
#6390=VECTOR('',#11177,1.);
#6391=VECTOR('',#11178,1.);
#6392=VECTOR('',#11179,1.);
#6393=VECTOR('',#11180,1.);
#6394=VECTOR('',#11185,1.);
#6395=VECTOR('',#11190,1.);
#6396=VECTOR('',#11191,1.);
#6397=VECTOR('',#11192,1.);
#6398=VECTOR('',#11205,1.);
#6399=VECTOR('',#11206,1.);
#6400=VECTOR('',#11207,1.);
#6401=VECTOR('',#11210,1.);
#6402=VECTOR('',#11211,1.);
#6403=VECTOR('',#11212,1.);
#6404=VECTOR('',#11217,1.);
#6405=VECTOR('',#11218,1.);
#6406=VECTOR('',#11231,1.);
#6407=VECTOR('',#11238,1.);
#6408=VECTOR('',#11243,1.);
#6409=VECTOR('',#11244,1.);
#6410=VECTOR('',#11245,1.);
#6411=VECTOR('',#11248,1.);
#6412=VECTOR('',#11249,1.);
#6413=VECTOR('',#11254,1.);
#6414=VECTOR('',#11255,1.);
#6415=VECTOR('',#11268,1.);
#6416=VECTOR('',#11273,1.);
#6417=VECTOR('',#11274,1.);
#6418=VECTOR('',#11277,1.);
#6419=VECTOR('',#11278,1.);
#6420=VECTOR('',#11279,1.);
#6421=VECTOR('',#11282,1.);
#6422=VECTOR('',#11285,1.);
#6423=VECTOR('',#11298,1.);
#6424=VECTOR('',#11303,1.);
#6425=VECTOR('',#11304,1.);
#6426=VECTOR('',#11305,1.);
#6427=VECTOR('',#11308,1.);
#6428=VECTOR('',#11309,1.);
#6429=VECTOR('',#11310,1.);
#6430=VECTOR('',#11315,1.);
#6431=VECTOR('',#11316,1.);
#6432=VECTOR('',#11339,1.);
#6433=VECTOR('',#11342,1.);
#6434=VECTOR('',#11343,1.);
#6435=VECTOR('',#11346,1.);
#6436=VECTOR('',#11347,1.);
#6437=VECTOR('',#11350,1.);
#6438=VECTOR('',#11353,1.);
#6439=VECTOR('',#11434,1.);
#6440=VECTOR('',#11437,1.);
#6441=VECTOR('',#11442,1.);
#6442=VECTOR('',#11445,1.);
#6443=VECTOR('',#11450,1.);
#6444=VECTOR('',#11453,1.);
#6445=VECTOR('',#11458,1.);
#6446=VECTOR('',#11461,1.);
#6447=VECTOR('',#11470,1.);
#6448=VECTOR('',#11473,1.);
#6449=VECTOR('',#11476,1.);
#6450=VECTOR('',#11479,1.);
#6451=VECTOR('',#11482,1.);
#6452=VECTOR('',#11485,1.);
#6453=VECTOR('',#11488,1.);
#6454=VECTOR('',#11491,1.);
#6455=VECTOR('',#11494,1.);
#6456=VECTOR('',#11497,1.);
#6457=VECTOR('',#11502,1.);
#6458=VECTOR('',#11505,1.);
#6459=VECTOR('',#11510,1.);
#6460=VECTOR('',#11511,1.);
#6461=VECTOR('',#11512,1.);
#6462=VECTOR('',#11513,1.);
#6463=VECTOR('',#11518,1.);
#6464=VECTOR('',#11523,1.);
#6465=VECTOR('',#11524,1.);
#6466=VECTOR('',#11525,1.);
#6467=VECTOR('',#11538,1.);
#6468=VECTOR('',#11539,1.);
#6469=VECTOR('',#11540,1.);
#6470=VECTOR('',#11543,1.);
#6471=VECTOR('',#11544,1.);
#6472=VECTOR('',#11545,1.);
#6473=VECTOR('',#11550,1.);
#6474=VECTOR('',#11551,1.);
#6475=VECTOR('',#11564,1.);
#6476=VECTOR('',#11571,1.);
#6477=VECTOR('',#11576,1.);
#6478=VECTOR('',#11577,1.);
#6479=VECTOR('',#11578,1.);
#6480=VECTOR('',#11581,1.);
#6481=VECTOR('',#11582,1.);
#6482=VECTOR('',#11587,1.);
#6483=VECTOR('',#11588,1.);
#6484=VECTOR('',#11601,1.);
#6485=VECTOR('',#11606,1.);
#6486=VECTOR('',#11607,1.);
#6487=VECTOR('',#11610,1.);
#6488=VECTOR('',#11611,1.);
#6489=VECTOR('',#11612,1.);
#6490=VECTOR('',#11615,1.);
#6491=VECTOR('',#11618,1.);
#6492=VECTOR('',#11631,1.);
#6493=VECTOR('',#11636,1.);
#6494=VECTOR('',#11637,1.);
#6495=VECTOR('',#11638,1.);
#6496=VECTOR('',#11641,1.);
#6497=VECTOR('',#11642,1.);
#6498=VECTOR('',#11643,1.);
#6499=VECTOR('',#11648,1.);
#6500=VECTOR('',#11649,1.);
#6501=VECTOR('',#11672,1.);
#6502=VECTOR('',#11675,1.);
#6503=VECTOR('',#11676,1.);
#6504=VECTOR('',#11679,1.);
#6505=VECTOR('',#11680,1.);
#6506=VECTOR('',#11683,1.);
#6507=VECTOR('',#11686,1.);
#6508=EDGE_LOOP('',(#670,#671,#672,#673,#674,#675));
#6509=EDGE_LOOP('',(#676,#677,#678,#679,#680,#681));
#6510=EDGE_LOOP('',(#682,#683,#684,#685,#686,#687));
#6511=EDGE_LOOP('',(#688,#689,#690,#691,#692,#693));
#6512=EDGE_LOOP('',(#694,#695,#696,#697));
#6513=EDGE_LOOP('',(#698,#699,#700,#701));
#6514=EDGE_LOOP('',(#702,#703,#704,#705,#706,#707,#708,#709));
#6515=EDGE_LOOP('',(#710,#711,#712,#713));
#6516=EDGE_LOOP('',(#714,#715,#716,#717));
#6517=EDGE_LOOP('',(#718,#719,#720,#721));
#6518=EDGE_LOOP('',(#722,#723,#724,#725));
#6519=EDGE_LOOP('',(#726,#727,#728,#729,#730,#731,#732,#733,#734,#735));
#6520=EDGE_LOOP('',(#736,#737,#738,#739));
#6521=EDGE_LOOP('',(#740,#741,#742,#743));
#6522=EDGE_LOOP('',(#744,#745,#746,#747,#748,#749,#750));
#6523=EDGE_LOOP('',(#751,#752,#753,#754,#755,#756,#757));
#6524=EDGE_LOOP('',(#758,#759,#760,#761));
#6525=EDGE_LOOP('',(#762,#763,#764,#765));
#6526=EDGE_LOOP('',(#766,#767,#768,#769));
#6527=EDGE_LOOP('',(#770,#771,#772,#773));
#6528=EDGE_LOOP('',(#774,#775,#776,#777,#778,#779,#780,#781,#782,#783));
#6529=EDGE_LOOP('',(#784,#785,#786,#787,#788,#789,#790,#791,#792,#793));
#6530=EDGE_LOOP('',(#794,#795,#796,#797,#798,#799,#800,#801));
#6531=EDGE_LOOP('',(#802,#803,#804,#805,#806,#807,#808,#809));
#6532=EDGE_LOOP('',(#810));
#6533=EDGE_LOOP('',(#811));
#6534=EDGE_LOOP('',(#812,#813,#814,#815));
#6535=EDGE_LOOP('',(#816,#817,#818,#819));
#6536=EDGE_LOOP('',(#820,#821,#822,#823,#824,#825,#826,#827));
#6537=EDGE_LOOP('',(#828,#829,#830,#831));
#6538=EDGE_LOOP('',(#832,#833,#834,#835));
#6539=EDGE_LOOP('',(#836,#837,#838,#839));
#6540=EDGE_LOOP('',(#840,#841,#842,#843));
#6541=EDGE_LOOP('',(#844,#845,#846,#847,#848,#849,#850,#851,#852,#853));
#6542=EDGE_LOOP('',(#854,#855,#856,#857));
#6543=EDGE_LOOP('',(#858,#859,#860,#861));
#6544=EDGE_LOOP('',(#862,#863,#864,#865,#866,#867,#868));
#6545=EDGE_LOOP('',(#869,#870,#871,#872,#873,#874,#875));
#6546=EDGE_LOOP('',(#876,#877,#878,#879));
#6547=EDGE_LOOP('',(#880,#881,#882,#883));
#6548=EDGE_LOOP('',(#884,#885,#886,#887));
#6549=EDGE_LOOP('',(#888,#889,#890,#891));
#6550=EDGE_LOOP('',(#892,#893,#894,#895));
#6551=EDGE_LOOP('',(#896,#897,#898,#899));
#6552=EDGE_LOOP('',(#900,#901,#902,#903));
#6553=EDGE_LOOP('',(#904,#905,#906,#907));
#6554=EDGE_LOOP('',(#908,#909,#910,#911));
#6555=EDGE_LOOP('',(#912,#913,#914,#915));
#6556=EDGE_LOOP('',(#916,#917,#918,#919));
#6557=EDGE_LOOP('',(#920,#921,#922,#923));
#6558=EDGE_LOOP('',(#924));
#6559=EDGE_LOOP('',(#925));
#6560=EDGE_LOOP('',(#926));
#6561=EDGE_LOOP('',(#927));
#6562=EDGE_LOOP('',(#928,#929,#930,#931));
#6563=EDGE_LOOP('',(#932,#933,#934,#935));
#6564=EDGE_LOOP('',(#936,#937,#938,#939));
#6565=EDGE_LOOP('',(#940,#941,#942,#943,#944,#945));
#6566=EDGE_LOOP('',(#946,#947,#948,#949,#950,#951,#952,#953,#954,#955,#956,
#957,#958,#959));
#6567=EDGE_LOOP('',(#960,#961,#962,#963,#964,#965));
#6568=EDGE_LOOP('',(#966,#967,#968,#969));
#6569=EDGE_LOOP('',(#970,#971,#972,#973));
#6570=EDGE_LOOP('',(#974,#975,#976,#977,#978,#979));
#6571=EDGE_LOOP('',(#980,#981,#982,#983,#984,#985));
#6572=EDGE_LOOP('',(#986,#987,#988,#989));
#6573=EDGE_LOOP('',(#990));
#6574=EDGE_LOOP('',(#991,#992,#993,#994));
#6575=EDGE_LOOP('',(#995));
#6576=EDGE_LOOP('',(#996));
#6577=EDGE_LOOP('',(#997));
#6578=EDGE_LOOP('',(#998));
#6579=EDGE_LOOP('',(#999));
#6580=EDGE_LOOP('',(#1000));
#6581=EDGE_LOOP('',(#1001));
#6582=EDGE_LOOP('',(#1002));
#6583=EDGE_LOOP('',(#1003));
#6584=EDGE_LOOP('',(#1004));
#6585=EDGE_LOOP('',(#1005));
#6586=EDGE_LOOP('',(#1006,#1007,#1008,#1009));
#6587=EDGE_LOOP('',(#1010));
#6588=EDGE_LOOP('',(#1011));
#6589=EDGE_LOOP('',(#1012,#1013,#1014,#1015));
#6590=EDGE_LOOP('',(#1016));
#6591=EDGE_LOOP('',(#1017));
#6592=EDGE_LOOP('',(#1018));
#6593=EDGE_LOOP('',(#1019));
#6594=EDGE_LOOP('',(#1020,#1021,#1022,#1023));
#6595=EDGE_LOOP('',(#1024));
#6596=EDGE_LOOP('',(#1025));
#6597=EDGE_LOOP('',(#1026));
#6598=EDGE_LOOP('',(#1027));
#6599=EDGE_LOOP('',(#1028,#1029,#1030,#1031));
#6600=EDGE_LOOP('',(#1032,#1033,#1034,#1035,#1036,#1037));
#6601=EDGE_LOOP('',(#1038,#1039,#1040,#1041));
#6602=EDGE_LOOP('',(#1042,#1043,#1044,#1045));
#6603=EDGE_LOOP('',(#1046,#1047,#1048));
#6604=EDGE_LOOP('',(#1049,#1050,#1051,#1052));
#6605=EDGE_LOOP('',(#1053,#1054,#1055,#1056));
#6606=EDGE_LOOP('',(#1057,#1058,#1059,#1060));
#6607=EDGE_LOOP('',(#1061,#1062,#1063,#1064));
#6608=EDGE_LOOP('',(#1065,#1066,#1067));
#6609=EDGE_LOOP('',(#1068,#1069,#1070));
#6610=EDGE_LOOP('',(#1071,#1072,#1073,#1074));
#6611=EDGE_LOOP('',(#1075,#1076,#1077,#1078));
#6612=EDGE_LOOP('',(#1079,#1080,#1081));
#6613=EDGE_LOOP('',(#1082,#1083,#1084,#1085));
#6614=EDGE_LOOP('',(#1086,#1087,#1088,#1089));
#6615=EDGE_LOOP('',(#1090,#1091,#1092,#1093));
#6616=EDGE_LOOP('',(#1094,#1095,#1096));
#6617=EDGE_LOOP('',(#1097,#1098,#1099,#1100));
#6618=EDGE_LOOP('',(#1101,#1102,#1103,#1104));
#6619=EDGE_LOOP('',(#1105,#1106,#1107));
#6620=EDGE_LOOP('',(#1108,#1109,#1110,#1111));
#6621=EDGE_LOOP('',(#1112,#1113,#1114,#1115));
#6622=EDGE_LOOP('',(#1116,#1117,#1118,#1119));
#6623=EDGE_LOOP('',(#1120,#1121,#1122));
#6624=EDGE_LOOP('',(#1123,#1124,#1125,#1126));
#6625=EDGE_LOOP('',(#1127,#1128,#1129,#1130));
#6626=EDGE_LOOP('',(#1131,#1132,#1133));
#6627=EDGE_LOOP('',(#1134,#1135,#1136,#1137));
#6628=EDGE_LOOP('',(#1138));
#6629=EDGE_LOOP('',(#1139));
#6630=EDGE_LOOP('',(#1140));
#6631=EDGE_LOOP('',(#1141));
#6632=EDGE_LOOP('',(#1142));
#6633=EDGE_LOOP('',(#1143));
#6634=EDGE_LOOP('',(#1144));
#6635=EDGE_LOOP('',(#1145));
#6636=EDGE_LOOP('',(#1146));
#6637=EDGE_LOOP('',(#1147));
#6638=EDGE_LOOP('',(#1148));
#6639=EDGE_LOOP('',(#1149));
#6640=EDGE_LOOP('',(#1150,#1151,#1152,#1153));
#6641=EDGE_LOOP('',(#1154,#1155,#1156,#1157));
#6642=EDGE_LOOP('',(#1158,#1159,#1160,#1161));
#6643=EDGE_LOOP('',(#1162,#1163,#1164,#1165));
#6644=EDGE_LOOP('',(#1166));
#6645=EDGE_LOOP('',(#1167,#1168,#1169,#1170));
#6646=EDGE_LOOP('',(#1171,#1172,#1173,#1174));
#6647=EDGE_LOOP('',(#1175));
#6648=EDGE_LOOP('',(#1176));
#6649=EDGE_LOOP('',(#1177));
#6650=EDGE_LOOP('',(#1178,#1179,#1180,#1181,#1182,#1183));
#6651=EDGE_LOOP('',(#1184,#1185,#1186,#1187,#1188,#1189));
#6652=EDGE_LOOP('',(#1190,#1191));
#6653=EDGE_LOOP('',(#1192,#1193));
#6654=EDGE_LOOP('',(#1194,#1195,#1196,#1197,#1198,#1199,#1200,#1201,#1202,
#1203,#1204,#1205,#1206,#1207,#1208,#1209,#1210,#1211,#1212,#1213,#1214,
#1215,#1216,#1217));
#6655=EDGE_LOOP('',(#1218,#1219,#1220,#1221));
#6656=EDGE_LOOP('',(#1222,#1223,#1224,#1225));
#6657=EDGE_LOOP('',(#1226,#1227,#1228,#1229,#1230,#1231));
#6658=EDGE_LOOP('',(#1232,#1233,#1234,#1235,#1236,#1237));
#6659=EDGE_LOOP('',(#1238,#1239,#1240,#1241,#1242,#1243));
#6660=EDGE_LOOP('',(#1244,#1245,#1246,#1247,#1248,#1249));
#6661=EDGE_LOOP('',(#1250));
#6662=EDGE_LOOP('',(#1251));
#6663=EDGE_LOOP('',(#1252));
#6664=EDGE_LOOP('',(#1253));
#6665=EDGE_LOOP('',(#1254,#1255,#1256,#1257));
#6666=EDGE_LOOP('',(#1258,#1259,#1260,#1261));
#6667=EDGE_LOOP('',(#1262,#1263,#1264,#1265));
#6668=EDGE_LOOP('',(#1266,#1267,#1268,#1269));
#6669=EDGE_LOOP('',(#1270,#1271,#1272,#1273));
#6670=EDGE_LOOP('',(#1274,#1275,#1276,#1277));
#6671=EDGE_LOOP('',(#1278,#1279,#1280,#1281));
#6672=EDGE_LOOP('',(#1282));
#6673=EDGE_LOOP('',(#1283));
#6674=EDGE_LOOP('',(#1284));
#6675=EDGE_LOOP('',(#1285));
#6676=EDGE_LOOP('',(#1286,#1287,#1288,#1289,#1290,#1291,#1292,#1293,#1294,
#1295,#1296,#1297,#1298,#1299,#1300,#1301,#1302,#1303,#1304,#1305,#1306,
#1307));
#6677=EDGE_LOOP('',(#1308,#1309,#1310,#1311));
#6678=EDGE_LOOP('',(#1312,#1313,#1314,#1315,#1316,#1317));
#6679=EDGE_LOOP('',(#1318,#1319,#1320,#1321));
#6680=EDGE_LOOP('',(#1322,#1323,#1324,#1325));
#6681=EDGE_LOOP('',(#1326,#1327,#1328,#1329));
#6682=EDGE_LOOP('',(#1330,#1331,#1332,#1333));
#6683=EDGE_LOOP('',(#1334,#1335,#1336,#1337));
#6684=EDGE_LOOP('',(#1338,#1339,#1340,#1341,#1342,#1343,#1344));
#6685=EDGE_LOOP('',(#1345,#1346,#1347,#1348,#1349,#1350,#1351));
#6686=EDGE_LOOP('',(#1352,#1353,#1354,#1355));
#6687=EDGE_LOOP('',(#1356,#1357,#1358,#1359));
#6688=EDGE_LOOP('',(#1360,#1361,#1362,#1363,#1364,#1365,#1366,#1367,#1368,
#1369));
#6689=EDGE_LOOP('',(#1370,#1371,#1372,#1373));
#6690=EDGE_LOOP('',(#1374,#1375,#1376,#1377,#1378,#1379));
#6691=EDGE_LOOP('',(#1380,#1381,#1382,#1383));
#6692=EDGE_LOOP('',(#1384,#1385,#1386,#1387));
#6693=EDGE_LOOP('',(#1388,#1389,#1390,#1391));
#6694=EDGE_LOOP('',(#1392,#1393,#1394,#1395));
#6695=EDGE_LOOP('',(#1396,#1397,#1398,#1399));
#6696=EDGE_LOOP('',(#1400,#1401,#1402,#1403));
#6697=EDGE_LOOP('',(#1404,#1405,#1406,#1407));
#6698=EDGE_LOOP('',(#1408,#1409,#1410,#1411));
#6699=EDGE_LOOP('',(#1412,#1413,#1414,#1415,#1416,#1417,#1418));
#6700=EDGE_LOOP('',(#1419,#1420,#1421,#1422,#1423,#1424,#1425));
#6701=EDGE_LOOP('',(#1426,#1427,#1428,#1429));
#6702=EDGE_LOOP('',(#1430,#1431,#1432,#1433));
#6703=EDGE_LOOP('',(#1434,#1435,#1436,#1437,#1438,#1439,#1440,#1441,#1442,
#1443));
#6704=EDGE_LOOP('',(#1444,#1445,#1446,#1447));
#6705=EDGE_LOOP('',(#1448,#1449,#1450,#1451,#1452,#1453));
#6706=EDGE_LOOP('',(#1454,#1455,#1456,#1457));
#6707=EDGE_LOOP('',(#1458,#1459,#1460,#1461));
#6708=EDGE_LOOP('',(#1462,#1463,#1464,#1465));
#6709=EDGE_LOOP('',(#1466,#1467,#1468,#1469));
#6710=EDGE_LOOP('',(#1470));
#6711=EDGE_LOOP('',(#1471));
#6712=EDGE_LOOP('',(#1472));
#6713=EDGE_LOOP('',(#1473));
#6714=EDGE_LOOP('',(#1474));
#6715=EDGE_LOOP('',(#1475));
#6716=EDGE_LOOP('',(#1476));
#6717=EDGE_LOOP('',(#1477));
#6718=EDGE_LOOP('',(#1478));
#6719=EDGE_LOOP('',(#1479));
#6720=EDGE_LOOP('',(#1480));
#6721=EDGE_LOOP('',(#1481));
#6722=EDGE_LOOP('',(#1482));
#6723=EDGE_LOOP('',(#1483));
#6724=EDGE_LOOP('',(#1484));
#6725=EDGE_LOOP('',(#1485));
#6726=EDGE_LOOP('',(#1486));
#6727=EDGE_LOOP('',(#1487));
#6728=EDGE_LOOP('',(#1488));
#6729=EDGE_LOOP('',(#1489));
#6730=EDGE_LOOP('',(#1490));
#6731=EDGE_LOOP('',(#1491));
#6732=EDGE_LOOP('',(#1492));
#6733=EDGE_LOOP('',(#1493));
#6734=EDGE_LOOP('',(#1494));
#6735=EDGE_LOOP('',(#1495));
#6736=EDGE_LOOP('',(#1496));
#6737=EDGE_LOOP('',(#1497));
#6738=EDGE_LOOP('',(#1498));
#6739=EDGE_LOOP('',(#1499));
#6740=EDGE_LOOP('',(#1500));
#6741=EDGE_LOOP('',(#1501));
#6742=EDGE_LOOP('',(#1502));
#6743=EDGE_LOOP('',(#1503));
#6744=EDGE_LOOP('',(#1504));
#6745=EDGE_LOOP('',(#1505));
#6746=EDGE_LOOP('',(#1506,#1507,#1508,#1509));
#6747=EDGE_LOOP('',(#1510,#1511,#1512,#1513,#1514,#1515));
#6748=EDGE_LOOP('',(#1516,#1517,#1518,#1519,#1520,#1521));
#6749=EDGE_LOOP('',(#1522,#1523,#1524,#1525,#1526,#1527));
#6750=EDGE_LOOP('',(#1528,#1529,#1530,#1531,#1532,#1533));
#6751=EDGE_LOOP('',(#1534,#1535,#1536,#1537));
#6752=EDGE_LOOP('',(#1538,#1539,#1540,#1541));
#6753=EDGE_LOOP('',(#1542,#1543,#1544,#1545,#1546,#1547));
#6754=EDGE_LOOP('',(#1548,#1549,#1550,#1551,#1552,#1553));
#6755=EDGE_LOOP('',(#1554,#1555,#1556,#1557,#1558,#1559));
#6756=EDGE_LOOP('',(#1560,#1561,#1562,#1563,#1564,#1565));
#6757=EDGE_LOOP('',(#1566,#1567,#1568,#1569));
#6758=EDGE_LOOP('',(#1570));
#6759=EDGE_LOOP('',(#1571));
#6760=EDGE_LOOP('',(#1572));
#6761=EDGE_LOOP('',(#1573));
#6762=EDGE_LOOP('',(#1574));
#6763=EDGE_LOOP('',(#1575));
#6764=EDGE_LOOP('',(#1576));
#6765=EDGE_LOOP('',(#1577));
#6766=EDGE_LOOP('',(#1578,#1579,#1580,#1581,#1582));
#6767=EDGE_LOOP('',(#1583,#1584,#1585,#1586,#1587));
#6768=EDGE_LOOP('',(#1588,#1589,#1590,#1591));
#6769=EDGE_LOOP('',(#1592,#1593,#1594,#1595,#1596));
#6770=EDGE_LOOP('',(#1597,#1598,#1599,#1600,#1601));
#6771=EDGE_LOOP('',(#1602,#1603,#1604,#1605));
#6772=EDGE_LOOP('',(#1606,#1607,#1608,#1609));
#6773=EDGE_LOOP('',(#1610,#1611,#1612,#1613,#1614,#1615));
#6774=EDGE_LOOP('',(#1616,#1617,#1618,#1619));
#6775=EDGE_LOOP('',(#1620,#1621,#1622,#1623,#1624,#1625));
#6776=EDGE_LOOP('',(#1626,#1627,#1628,#1629));
#6777=EDGE_LOOP('',(#1630,#1631,#1632,#1633));
#6778=EDGE_LOOP('',(#1634,#1635,#1636,#1637));
#6779=EDGE_LOOP('',(#1638,#1639,#1640,#1641));
#6780=EDGE_LOOP('',(#1642,#1643,#1644,#1645));
#6781=EDGE_LOOP('',(#1646,#1647,#1648,#1649));
#6782=EDGE_LOOP('',(#1650,#1651,#1652,#1653));
#6783=EDGE_LOOP('',(#1654,#1655,#1656,#1657));
#6784=EDGE_LOOP('',(#1658,#1659,#1660,#1661));
#6785=EDGE_LOOP('',(#1662,#1663,#1664,#1665));
#6786=EDGE_LOOP('',(#1666));
#6787=EDGE_LOOP('',(#1667,#1668,#1669,#1670));
#6788=EDGE_LOOP('',(#1671,#1672,#1673,#1674));
#6789=EDGE_LOOP('',(#1675));
#6790=EDGE_LOOP('',(#1676));
#6791=EDGE_LOOP('',(#1677));
#6792=EDGE_LOOP('',(#1678));
#6793=EDGE_LOOP('',(#1679));
#6794=EDGE_LOOP('',(#1680));
#6795=EDGE_LOOP('',(#1681));
#6796=EDGE_LOOP('',(#1682));
#6797=EDGE_LOOP('',(#1683));
#6798=EDGE_LOOP('',(#1684));
#6799=EDGE_LOOP('',(#1685));
#6800=EDGE_LOOP('',(#1686,#1687,#1688,#1689));
#6801=EDGE_LOOP('',(#1690,#1691,#1692,#1693));
#6802=EDGE_LOOP('',(#1694,#1695,#1696,#1697));
#6803=EDGE_LOOP('',(#1698,#1699,#1700,#1701));
#6804=EDGE_LOOP('',(#1702));
#6805=EDGE_LOOP('',(#1703,#1704,#1705,#1706));
#6806=EDGE_LOOP('',(#1707,#1708,#1709,#1710));
#6807=EDGE_LOOP('',(#1711));
#6808=EDGE_LOOP('',(#1712));
#6809=EDGE_LOOP('',(#1713));
#6810=EDGE_LOOP('',(#1714,#1715,#1716,#1717));
#6811=EDGE_LOOP('',(#1718,#1719,#1720,#1721));
#6812=EDGE_LOOP('',(#1722,#1723,#1724,#1725));
#6813=EDGE_LOOP('',(#1726,#1727,#1728,#1729));
#6814=EDGE_LOOP('',(#1730));
#6815=EDGE_LOOP('',(#1731,#1732,#1733,#1734));
#6816=EDGE_LOOP('',(#1735,#1736,#1737,#1738));
#6817=EDGE_LOOP('',(#1739));
#6818=EDGE_LOOP('',(#1740));
#6819=EDGE_LOOP('',(#1741));
#6820=EDGE_LOOP('',(#1742,#1743,#1744,#1745,#1746,#1747,#1748,#1749,#1750,
#1751,#1752,#1753,#1754,#1755,#1756,#1757,#1758,#1759,#1760,#1761,#1762,
#1763,#1764,#1765,#1766,#1767,#1768,#1769,#1770,#1771,#1772,#1773,#1774,
#1775,#1776,#1777,#1778,#1779,#1780,#1781));
#6821=EDGE_LOOP('',(#1782));
#6822=EDGE_LOOP('',(#1783,#1784,#1785,#1786,#1787,#1788,#1789,#1790,#1791,
#1792,#1793,#1794,#1795,#1796,#1797,#1798,#1799,#1800,#1801,#1802,#1803));
#6823=EDGE_LOOP('',(#1804,#1805,#1806,#1807));
#6824=EDGE_LOOP('',(#1808,#1809,#1810,#1811));
#6825=EDGE_LOOP('',(#1812,#1813,#1814,#1815));
#6826=EDGE_LOOP('',(#1816,#1817,#1818,#1819));
#6827=EDGE_LOOP('',(#1820,#1821,#1822,#1823));
#6828=EDGE_LOOP('',(#1824));
#6829=EDGE_LOOP('',(#1825,#1826,#1827,#1828));
#6830=EDGE_LOOP('',(#1829,#1830,#1831,#1832));
#6831=EDGE_LOOP('',(#1833,#1834,#1835,#1836));
#6832=EDGE_LOOP('',(#1837,#1838,#1839,#1840));
#6833=EDGE_LOOP('',(#1841,#1842,#1843,#1844));
#6834=EDGE_LOOP('',(#1845,#1846,#1847,#1848));
#6835=EDGE_LOOP('',(#1849,#1850,#1851,#1852));
#6836=EDGE_LOOP('',(#1853,#1854,#1855,#1856));
#6837=EDGE_LOOP('',(#1857,#1858,#1859,#1860,#1861,#1862,#1863,#1864));
#6838=EDGE_LOOP('',(#1865,#1866,#1867,#1868,#1869,#1870,#1871,#1872));
#6839=EDGE_LOOP('',(#1873,#1874,#1875,#1876));
#6840=EDGE_LOOP('',(#1877,#1878,#1879,#1880));
#6841=EDGE_LOOP('',(#1881,#1882,#1883,#1884));
#6842=EDGE_LOOP('',(#1885,#1886,#1887,#1888));
#6843=EDGE_LOOP('',(#1889,#1890,#1891,#1892));
#6844=EDGE_LOOP('',(#1893,#1894,#1895,#1896));
#6845=EDGE_LOOP('',(#1897,#1898,#1899,#1900));
#6846=EDGE_LOOP('',(#1901,#1902,#1903,#1904,#1905,#1906,#1907,#1908));
#6847=EDGE_LOOP('',(#1909,#1910,#1911,#1912));
#6848=EDGE_LOOP('',(#1913,#1914,#1915,#1916));
#6849=EDGE_LOOP('',(#1917,#1918,#1919,#1920));
#6850=EDGE_LOOP('',(#1921,#1922,#1923,#1924));
#6851=EDGE_LOOP('',(#1925,#1926,#1927,#1928));
#6852=EDGE_LOOP('',(#1929,#1930,#1931,#1932));
#6853=EDGE_LOOP('',(#1933,#1934,#1935,#1936));
#6854=EDGE_LOOP('',(#1937,#1938,#1939,#1940,#1941,#1942));
#6855=EDGE_LOOP('',(#1943,#1944,#1945,#1946));
#6856=EDGE_LOOP('',(#1947,#1948,#1949,#1950));
#6857=EDGE_LOOP('',(#1951,#1952,#1953,#1954,#1955));
#6858=EDGE_LOOP('',(#1956,#1957,#1958,#1959));
#6859=EDGE_LOOP('',(#1960,#1961,#1962,#1963));
#6860=EDGE_LOOP('',(#1964,#1965,#1966,#1967,#1968,#1969));
#6861=EDGE_LOOP('',(#1970,#1971,#1972,#1973));
#6862=EDGE_LOOP('',(#1974,#1975,#1976,#1977));
#6863=EDGE_LOOP('',(#1978,#1979,#1980,#1981,#1982,#1983,#1984,#1985));
#6864=EDGE_LOOP('',(#1986,#1987,#1988,#1989));
#6865=EDGE_LOOP('',(#1990,#1991,#1992,#1993));
#6866=EDGE_LOOP('',(#1994,#1995,#1996,#1997));
#6867=EDGE_LOOP('',(#1998,#1999,#2000,#2001));
#6868=EDGE_LOOP('',(#2002,#2003,#2004,#2005));
#6869=EDGE_LOOP('',(#2006,#2007,#2008,#2009));
#6870=EDGE_LOOP('',(#2010,#2011,#2012,#2013));
#6871=EDGE_LOOP('',(#2014));
#6872=EDGE_LOOP('',(#2015));
#6873=EDGE_LOOP('',(#2016,#2017,#2018,#2019,#2020,#2021,#2022,#2023,#2024,
#2025));
#6874=EDGE_LOOP('',(#2026));
#6875=EDGE_LOOP('',(#2027));
#6876=EDGE_LOOP('',(#2028,#2029,#2030,#2031,#2032,#2033,#2034,#2035,#2036,
#2037));
#6877=EDGE_LOOP('',(#2038));
#6878=EDGE_LOOP('',(#2039));
#6879=EDGE_LOOP('',(#2040));
#6880=EDGE_LOOP('',(#2041));
#6881=EDGE_LOOP('',(#2042));
#6882=EDGE_LOOP('',(#2043));
#6883=EDGE_LOOP('',(#2044));
#6884=EDGE_LOOP('',(#2045));
#6885=EDGE_LOOP('',(#2046,#2047,#2048,#2049,#2050,#2051,#2052,#2053,#2054,
#2055,#2056,#2057,#2058,#2059,#2060,#2061,#2062,#2063,#2064,#2065,#2066,
#2067,#2068,#2069,#2070,#2071,#2072,#2073,#2074,#2075,#2076,#2077,#2078,
#2079,#2080,#2081,#2082,#2083,#2084,#2085));
#6886=EDGE_LOOP('',(#2086));
#6887=EDGE_LOOP('',(#2087,#2088,#2089,#2090,#2091,#2092,#2093,#2094,#2095,
#2096,#2097,#2098,#2099,#2100,#2101,#2102,#2103,#2104,#2105,#2106,#2107));
#6888=EDGE_LOOP('',(#2108,#2109,#2110,#2111));
#6889=EDGE_LOOP('',(#2112,#2113,#2114,#2115));
#6890=EDGE_LOOP('',(#2116,#2117,#2118,#2119));
#6891=EDGE_LOOP('',(#2120,#2121,#2122,#2123));
#6892=EDGE_LOOP('',(#2124,#2125,#2126,#2127));
#6893=EDGE_LOOP('',(#2128));
#6894=EDGE_LOOP('',(#2129,#2130,#2131,#2132));
#6895=EDGE_LOOP('',(#2133,#2134,#2135,#2136));
#6896=EDGE_LOOP('',(#2137,#2138,#2139,#2140));
#6897=EDGE_LOOP('',(#2141,#2142,#2143,#2144));
#6898=EDGE_LOOP('',(#2145,#2146,#2147,#2148));
#6899=EDGE_LOOP('',(#2149,#2150,#2151,#2152));
#6900=EDGE_LOOP('',(#2153,#2154,#2155,#2156));
#6901=EDGE_LOOP('',(#2157,#2158,#2159,#2160));
#6902=EDGE_LOOP('',(#2161,#2162,#2163,#2164,#2165,#2166,#2167,#2168));
#6903=EDGE_LOOP('',(#2169,#2170,#2171,#2172,#2173,#2174,#2175,#2176));
#6904=EDGE_LOOP('',(#2177,#2178,#2179,#2180));
#6905=EDGE_LOOP('',(#2181,#2182,#2183,#2184));
#6906=EDGE_LOOP('',(#2185,#2186,#2187,#2188));
#6907=EDGE_LOOP('',(#2189,#2190,#2191,#2192));
#6908=EDGE_LOOP('',(#2193,#2194,#2195,#2196));
#6909=EDGE_LOOP('',(#2197,#2198,#2199,#2200));
#6910=EDGE_LOOP('',(#2201,#2202,#2203,#2204));
#6911=EDGE_LOOP('',(#2205,#2206,#2207,#2208,#2209,#2210,#2211,#2212));
#6912=EDGE_LOOP('',(#2213,#2214,#2215,#2216));
#6913=EDGE_LOOP('',(#2217,#2218,#2219,#2220));
#6914=EDGE_LOOP('',(#2221,#2222,#2223,#2224));
#6915=EDGE_LOOP('',(#2225,#2226,#2227,#2228));
#6916=EDGE_LOOP('',(#2229,#2230,#2231,#2232));
#6917=EDGE_LOOP('',(#2233,#2234,#2235,#2236));
#6918=EDGE_LOOP('',(#2237,#2238,#2239,#2240));
#6919=EDGE_LOOP('',(#2241,#2242,#2243,#2244,#2245,#2246));
#6920=EDGE_LOOP('',(#2247,#2248,#2249,#2250));
#6921=EDGE_LOOP('',(#2251,#2252,#2253,#2254));
#6922=EDGE_LOOP('',(#2255,#2256,#2257,#2258,#2259));
#6923=EDGE_LOOP('',(#2260,#2261,#2262,#2263));
#6924=EDGE_LOOP('',(#2264,#2265,#2266,#2267));
#6925=EDGE_LOOP('',(#2268,#2269,#2270,#2271,#2272,#2273));
#6926=EDGE_LOOP('',(#2274,#2275,#2276,#2277));
#6927=EDGE_LOOP('',(#2278,#2279,#2280,#2281));
#6928=EDGE_LOOP('',(#2282,#2283,#2284,#2285,#2286,#2287,#2288,#2289));
#6929=EDGE_LOOP('',(#2290,#2291,#2292,#2293));
#6930=EDGE_LOOP('',(#2294,#2295,#2296,#2297));
#6931=EDGE_LOOP('',(#2298,#2299,#2300,#2301));
#6932=EDGE_LOOP('',(#2302,#2303,#2304,#2305));
#6933=EDGE_LOOP('',(#2306,#2307,#2308,#2309));
#6934=EDGE_LOOP('',(#2310,#2311,#2312,#2313));
#6935=EDGE_LOOP('',(#2314,#2315,#2316,#2317));
#6936=EDGE_LOOP('',(#2318));
#6937=EDGE_LOOP('',(#2319));
#6938=EDGE_LOOP('',(#2320,#2321,#2322,#2323,#2324,#2325,#2326,#2327,#2328,
#2329));
#6939=EDGE_LOOP('',(#2330));
#6940=EDGE_LOOP('',(#2331));
#6941=EDGE_LOOP('',(#2332,#2333,#2334,#2335,#2336,#2337,#2338,#2339,#2340,
#2341));
#6942=EDGE_LOOP('',(#2342));
#6943=EDGE_LOOP('',(#2343,#2344,#2345,#2346,#2347,#2348,#2349,#2350,#2351,
#2352,#2353,#2354,#2355,#2356,#2357,#2358,#2359,#2360,#2361,#2362,#2363,
#2364,#2365,#2366,#2367,#2368,#2369,#2370,#2371,#2372,#2373,#2374,#2375,
#2376,#2377,#2378,#2379,#2380,#2381,#2382));
#6944=EDGE_LOOP('',(#2383,#2384,#2385,#2386));
#6945=EDGE_LOOP('',(#2387,#2388,#2389,#2390));
#6946=EDGE_LOOP('',(#2391,#2392,#2393,#2394));
#6947=EDGE_LOOP('',(#2395,#2396,#2397,#2398,#2399));
#6948=EDGE_LOOP('',(#2400,#2401,#2402,#2403));
#6949=EDGE_LOOP('',(#2404,#2405,#2406,#2407));
#6950=EDGE_LOOP('',(#2408,#2409,#2410,#2411));
#6951=EDGE_LOOP('',(#2412,#2413,#2414,#2415));
#6952=EDGE_LOOP('',(#2416,#2417,#2418,#2419));
#6953=EDGE_LOOP('',(#2420,#2421,#2422,#2423));
#6954=EDGE_LOOP('',(#2424));
#6955=EDGE_LOOP('',(#2425,#2426,#2427,#2428));
#6956=EDGE_LOOP('',(#2429,#2430,#2431,#2432));
#6957=EDGE_LOOP('',(#2433,#2434,#2435,#2436));
#6958=EDGE_LOOP('',(#2437,#2438,#2439,#2440));
#6959=EDGE_LOOP('',(#2441,#2442,#2443,#2444));
#6960=EDGE_LOOP('',(#2445,#2446,#2447,#2448,#2449));
#6961=EDGE_LOOP('',(#2450,#2451,#2452,#2453,#2454));
#6962=EDGE_LOOP('',(#2455,#2456,#2457,#2458));
#6963=EDGE_LOOP('',(#2459,#2460,#2461,#2462,#2463,#2464,#2465,#2466));
#6964=EDGE_LOOP('',(#2467,#2468,#2469,#2470,#2471,#2472,#2473,#2474));
#6965=EDGE_LOOP('',(#2475,#2476,#2477,#2478));
#6966=EDGE_LOOP('',(#2479,#2480,#2481,#2482));
#6967=EDGE_LOOP('',(#2483,#2484,#2485,#2486));
#6968=EDGE_LOOP('',(#2487,#2488,#2489,#2490));
#6969=EDGE_LOOP('',(#2491,#2492,#2493,#2494,#2495));
#6970=EDGE_LOOP('',(#2496,#2497,#2498,#2499,#2500));
#6971=EDGE_LOOP('',(#2501,#2502,#2503,#2504));
#6972=EDGE_LOOP('',(#2505,#2506,#2507,#2508,#2509,#2510,#2511,#2512));
#6973=EDGE_LOOP('',(#2513,#2514,#2515,#2516));
#6974=EDGE_LOOP('',(#2517,#2518,#2519,#2520));
#6975=EDGE_LOOP('',(#2521,#2522,#2523,#2524));
#6976=EDGE_LOOP('',(#2525,#2526,#2527,#2528));
#6977=EDGE_LOOP('',(#2529,#2530,#2531,#2532));
#6978=EDGE_LOOP('',(#2533,#2534,#2535,#2536,#2537));
#6979=EDGE_LOOP('',(#2538,#2539,#2540,#2541,#2542));
#6980=EDGE_LOOP('',(#2543,#2544,#2545,#2546,#2547,#2548));
#6981=EDGE_LOOP('',(#2549,#2550,#2551,#2552));
#6982=EDGE_LOOP('',(#2553,#2554,#2555,#2556));
#6983=EDGE_LOOP('',(#2557,#2558,#2559,#2560,#2561));
#6984=EDGE_LOOP('',(#2562,#2563,#2564,#2565));
#6985=EDGE_LOOP('',(#2566,#2567,#2568,#2569,#2570));
#6986=EDGE_LOOP('',(#2571,#2572,#2573,#2574,#2575,#2576));
#6987=EDGE_LOOP('',(#2577,#2578,#2579,#2580,#2581));
#6988=EDGE_LOOP('',(#2582,#2583,#2584,#2585));
#6989=EDGE_LOOP('',(#2586,#2587,#2588,#2589,#2590,#2591,#2592,#2593));
#6990=EDGE_LOOP('',(#2594,#2595,#2596,#2597));
#6991=EDGE_LOOP('',(#2598,#2599,#2600,#2601));
#6992=EDGE_LOOP('',(#2602,#2603,#2604,#2605));
#6993=EDGE_LOOP('',(#2606,#2607,#2608,#2609));
#6994=EDGE_LOOP('',(#2610,#2611,#2612,#2613));
#6995=EDGE_LOOP('',(#2614,#2615,#2616,#2617,#2618));
#6996=EDGE_LOOP('',(#2619,#2620,#2621,#2622,#2623));
#6997=EDGE_LOOP('',(#2624));
#6998=EDGE_LOOP('',(#2625));
#6999=EDGE_LOOP('',(#2626,#2627,#2628,#2629,#2630,#2631,#2632,#2633,#2634,
#2635));
#7000=EDGE_LOOP('',(#2636));
#7001=EDGE_LOOP('',(#2637));
#7002=EDGE_LOOP('',(#2638,#2639,#2640,#2641,#2642,#2643,#2644,#2645,#2646,
#2647));
#7003=EDGE_LOOP('',(#2648,#2649,#2650,#2651));
#7004=EDGE_LOOP('',(#2652,#2653,#2654,#2655));
#7005=EDGE_LOOP('',(#2656,#2657,#2658,#2659));
#7006=EDGE_LOOP('',(#2660,#2661,#2662,#2663));
#7007=EDGE_LOOP('',(#2664,#2665,#2666,#2667));
#7008=EDGE_LOOP('',(#2668,#2669,#2670,#2671,#2672,#2673,#2674,#2675,#2676,
#2677));
#7009=EDGE_LOOP('',(#2678));
#7010=EDGE_LOOP('',(#2679));
#7011=EDGE_LOOP('',(#2680));
#7012=EDGE_LOOP('',(#2681));
#7013=EDGE_LOOP('',(#2682));
#7014=EDGE_LOOP('',(#2683));
#7015=EDGE_LOOP('',(#2684));
#7016=EDGE_LOOP('',(#2685));
#7017=EDGE_LOOP('',(#2686));
#7018=EDGE_LOOP('',(#2687));
#7019=EDGE_LOOP('',(#2688));
#7020=EDGE_LOOP('',(#2689));
#7021=EDGE_LOOP('',(#2690));
#7022=EDGE_LOOP('',(#2691));
#7023=EDGE_LOOP('',(#2692));
#7024=EDGE_LOOP('',(#2693));
#7025=EDGE_LOOP('',(#2694,#2695,#2696,#2697));
#7026=EDGE_LOOP('',(#2698,#2699,#2700,#2701));
#7027=EDGE_LOOP('',(#2702,#2703,#2704,#2705));
#7028=EDGE_LOOP('',(#2706,#2707,#2708,#2709,#2710));
#7029=EDGE_LOOP('',(#2711,#2712,#2713,#2714,#2715,#2716,#2717,#2718,#2719,
#2720,#2721,#2722,#2723,#2724,#2725,#2726,#2727,#2728,#2729,#2730,#2731,
#2732,#2733,#2734,#2735,#2736,#2737,#2738,#2739,#2740,#2741,#2742,#2743,
#2744,#2745,#2746,#2747,#2748,#2749,#2750));
#7030=EDGE_LOOP('',(#2751));
#7031=EDGE_LOOP('',(#2752,#2753,#2754,#2755));
#7032=EDGE_LOOP('',(#2756,#2757,#2758,#2759));
#7033=EDGE_LOOP('',(#2760,#2761,#2762,#2763));
#7034=EDGE_LOOP('',(#2764,#2765,#2766,#2767));
#7035=EDGE_LOOP('',(#2768,#2769,#2770,#2771));
#7036=EDGE_LOOP('',(#2772,#2773,#2774,#2775));
#7037=EDGE_LOOP('',(#2776));
#7038=EDGE_LOOP('',(#2777,#2778,#2779,#2780));
#7039=EDGE_LOOP('',(#2781,#2782,#2783,#2784));
#7040=EDGE_LOOP('',(#2785,#2786,#2787,#2788));
#7041=EDGE_LOOP('',(#2789,#2790,#2791,#2792));
#7042=EDGE_LOOP('',(#2793,#2794,#2795,#2796));
#7043=EDGE_LOOP('',(#2797,#2798,#2799,#2800,#2801));
#7044=EDGE_LOOP('',(#2802,#2803,#2804,#2805,#2806));
#7045=EDGE_LOOP('',(#2807,#2808,#2809,#2810));
#7046=EDGE_LOOP('',(#2811,#2812,#2813,#2814,#2815,#2816,#2817,#2818));
#7047=EDGE_LOOP('',(#2819,#2820,#2821,#2822,#2823,#2824,#2825,#2826));
#7048=EDGE_LOOP('',(#2827,#2828,#2829,#2830));
#7049=EDGE_LOOP('',(#2831,#2832,#2833,#2834));
#7050=EDGE_LOOP('',(#2835,#2836,#2837,#2838));
#7051=EDGE_LOOP('',(#2839,#2840,#2841,#2842));
#7052=EDGE_LOOP('',(#2843,#2844,#2845,#2846,#2847));
#7053=EDGE_LOOP('',(#2848,#2849,#2850,#2851,#2852));
#7054=EDGE_LOOP('',(#2853,#2854,#2855,#2856));
#7055=EDGE_LOOP('',(#2857,#2858,#2859,#2860,#2861,#2862,#2863,#2864));
#7056=EDGE_LOOP('',(#2865,#2866,#2867,#2868));
#7057=EDGE_LOOP('',(#2869,#2870,#2871,#2872));
#7058=EDGE_LOOP('',(#2873,#2874,#2875,#2876));
#7059=EDGE_LOOP('',(#2877,#2878,#2879,#2880));
#7060=EDGE_LOOP('',(#2881,#2882,#2883,#2884));
#7061=EDGE_LOOP('',(#2885,#2886,#2887,#2888,#2889));
#7062=EDGE_LOOP('',(#2890,#2891,#2892,#2893,#2894));
#7063=EDGE_LOOP('',(#2895,#2896,#2897,#2898,#2899,#2900));
#7064=EDGE_LOOP('',(#2901,#2902,#2903,#2904));
#7065=EDGE_LOOP('',(#2905,#2906,#2907,#2908));
#7066=EDGE_LOOP('',(#2909,#2910,#2911,#2912,#2913));
#7067=EDGE_LOOP('',(#2914,#2915,#2916,#2917));
#7068=EDGE_LOOP('',(#2918,#2919,#2920,#2921,#2922));
#7069=EDGE_LOOP('',(#2923,#2924,#2925,#2926,#2927,#2928));
#7070=EDGE_LOOP('',(#2929,#2930,#2931,#2932,#2933));
#7071=EDGE_LOOP('',(#2934,#2935,#2936,#2937));
#7072=EDGE_LOOP('',(#2938,#2939,#2940,#2941,#2942,#2943,#2944,#2945));
#7073=EDGE_LOOP('',(#2946,#2947,#2948,#2949));
#7074=EDGE_LOOP('',(#2950,#2951,#2952,#2953));
#7075=EDGE_LOOP('',(#2954,#2955,#2956,#2957));
#7076=EDGE_LOOP('',(#2958,#2959,#2960,#2961));
#7077=EDGE_LOOP('',(#2962,#2963,#2964,#2965));
#7078=EDGE_LOOP('',(#2966,#2967,#2968,#2969,#2970));
#7079=EDGE_LOOP('',(#2971,#2972,#2973,#2974,#2975));
#7080=EDGE_LOOP('',(#2976));
#7081=EDGE_LOOP('',(#2977));
#7082=EDGE_LOOP('',(#2978,#2979,#2980,#2981,#2982,#2983,#2984,#2985,#2986,
#2987));
#7083=EDGE_LOOP('',(#2988));
#7084=EDGE_LOOP('',(#2989));
#7085=EDGE_LOOP('',(#2990,#2991,#2992,#2993,#2994,#2995,#2996,#2997,#2998,
#2999));
#7086=EDGE_LOOP('',(#3000,#3001,#3002,#3003));
#7087=EDGE_LOOP('',(#3004,#3005,#3006,#3007));
#7088=EDGE_LOOP('',(#3008,#3009,#3010,#3011));
#7089=EDGE_LOOP('',(#3012,#3013,#3014,#3015));
#7090=EDGE_LOOP('',(#3016,#3017,#3018,#3019));
#7091=EDGE_LOOP('',(#3020,#3021,#3022,#3023,#3024,#3025,#3026,#3027,#3028,
#3029));
#7092=EDGE_LOOP('',(#3030));
#7093=EDGE_LOOP('',(#3031));
#7094=EDGE_LOOP('',(#3032));
#7095=EDGE_LOOP('',(#3033));
#7096=EDGE_LOOP('',(#3034));
#7097=EDGE_LOOP('',(#3035));
#7098=EDGE_LOOP('',(#3036));
#7099=EDGE_LOOP('',(#3037));
#7100=EDGE_LOOP('',(#3038));
#7101=EDGE_LOOP('',(#3039));
#7102=EDGE_LOOP('',(#3040));
#7103=EDGE_LOOP('',(#3041));
#7104=EDGE_LOOP('',(#3042));
#7105=EDGE_LOOP('',(#3043));
#7106=EDGE_LOOP('',(#3044));
#7107=EDGE_LOOP('',(#3045));
#7108=FACE_BOUND('',#6508,.T.);
#7109=FACE_BOUND('',#6509,.T.);
#7110=FACE_BOUND('',#6510,.T.);
#7111=FACE_BOUND('',#6511,.T.);
#7112=FACE_BOUND('',#6512,.T.);
#7113=FACE_BOUND('',#6513,.T.);
#7114=FACE_BOUND('',#6514,.T.);
#7115=FACE_BOUND('',#6515,.T.);
#7116=FACE_BOUND('',#6516,.T.);
#7117=FACE_BOUND('',#6517,.T.);
#7118=FACE_BOUND('',#6518,.T.);
#7119=FACE_BOUND('',#6519,.T.);
#7120=FACE_BOUND('',#6520,.T.);
#7121=FACE_BOUND('',#6521,.T.);
#7122=FACE_BOUND('',#6522,.T.);
#7123=FACE_BOUND('',#6523,.T.);
#7124=FACE_BOUND('',#6524,.T.);
#7125=FACE_BOUND('',#6525,.T.);
#7126=FACE_BOUND('',#6526,.T.);
#7127=FACE_BOUND('',#6527,.T.);
#7128=FACE_BOUND('',#6528,.T.);
#7129=FACE_BOUND('',#6529,.T.);
#7130=FACE_BOUND('',#6530,.T.);
#7131=FACE_BOUND('',#6531,.T.);
#7132=FACE_BOUND('',#6532,.T.);
#7133=FACE_BOUND('',#6533,.T.);
#7134=FACE_BOUND('',#6534,.T.);
#7135=FACE_BOUND('',#6535,.T.);
#7136=FACE_BOUND('',#6536,.T.);
#7137=FACE_BOUND('',#6537,.T.);
#7138=FACE_BOUND('',#6538,.T.);
#7139=FACE_BOUND('',#6539,.T.);
#7140=FACE_BOUND('',#6540,.T.);
#7141=FACE_BOUND('',#6541,.T.);
#7142=FACE_BOUND('',#6542,.T.);
#7143=FACE_BOUND('',#6543,.T.);
#7144=FACE_BOUND('',#6544,.T.);
#7145=FACE_BOUND('',#6545,.T.);
#7146=FACE_BOUND('',#6546,.T.);
#7147=FACE_BOUND('',#6547,.T.);
#7148=FACE_BOUND('',#6548,.T.);
#7149=FACE_BOUND('',#6549,.T.);
#7150=FACE_BOUND('',#6550,.T.);
#7151=FACE_BOUND('',#6551,.T.);
#7152=FACE_BOUND('',#6552,.T.);
#7153=FACE_BOUND('',#6553,.T.);
#7154=FACE_BOUND('',#6554,.T.);
#7155=FACE_BOUND('',#6555,.T.);
#7156=FACE_BOUND('',#6556,.T.);
#7157=FACE_BOUND('',#6557,.T.);
#7158=FACE_BOUND('',#6558,.T.);
#7159=FACE_BOUND('',#6559,.T.);
#7160=FACE_BOUND('',#6560,.T.);
#7161=FACE_BOUND('',#6561,.T.);
#7162=FACE_BOUND('',#6562,.T.);
#7163=FACE_BOUND('',#6563,.T.);
#7164=FACE_BOUND('',#6564,.T.);
#7165=FACE_BOUND('',#6565,.T.);
#7166=FACE_BOUND('',#6566,.T.);
#7167=FACE_BOUND('',#6567,.T.);
#7168=FACE_BOUND('',#6568,.T.);
#7169=FACE_BOUND('',#6569,.T.);
#7170=FACE_BOUND('',#6570,.T.);
#7171=FACE_BOUND('',#6571,.T.);
#7172=FACE_BOUND('',#6572,.T.);
#7173=FACE_BOUND('',#6573,.T.);
#7174=FACE_BOUND('',#6574,.T.);
#7175=FACE_BOUND('',#6575,.T.);
#7176=FACE_BOUND('',#6576,.T.);
#7177=FACE_BOUND('',#6577,.T.);
#7178=FACE_BOUND('',#6578,.T.);
#7179=FACE_BOUND('',#6579,.T.);
#7180=FACE_BOUND('',#6580,.T.);
#7181=FACE_BOUND('',#6581,.T.);
#7182=FACE_BOUND('',#6582,.T.);
#7183=FACE_BOUND('',#6583,.T.);
#7184=FACE_BOUND('',#6584,.T.);
#7185=FACE_BOUND('',#6585,.T.);
#7186=FACE_BOUND('',#6586,.T.);
#7187=FACE_BOUND('',#6587,.T.);
#7188=FACE_BOUND('',#6588,.T.);
#7189=FACE_BOUND('',#6589,.T.);
#7190=FACE_BOUND('',#6590,.T.);
#7191=FACE_BOUND('',#6591,.T.);
#7192=FACE_BOUND('',#6592,.T.);
#7193=FACE_BOUND('',#6593,.T.);
#7194=FACE_BOUND('',#6594,.T.);
#7195=FACE_BOUND('',#6595,.T.);
#7196=FACE_BOUND('',#6596,.T.);
#7197=FACE_BOUND('',#6597,.T.);
#7198=FACE_BOUND('',#6598,.T.);
#7199=FACE_BOUND('',#6599,.T.);
#7200=FACE_BOUND('',#6600,.T.);
#7201=FACE_BOUND('',#6601,.T.);
#7202=FACE_BOUND('',#6602,.T.);
#7203=FACE_BOUND('',#6603,.T.);
#7204=FACE_BOUND('',#6604,.T.);
#7205=FACE_BOUND('',#6605,.T.);
#7206=FACE_BOUND('',#6606,.T.);
#7207=FACE_BOUND('',#6607,.T.);
#7208=FACE_BOUND('',#6608,.T.);
#7209=FACE_BOUND('',#6609,.T.);
#7210=FACE_BOUND('',#6610,.T.);
#7211=FACE_BOUND('',#6611,.T.);
#7212=FACE_BOUND('',#6612,.T.);
#7213=FACE_BOUND('',#6613,.T.);
#7214=FACE_BOUND('',#6614,.T.);
#7215=FACE_BOUND('',#6615,.T.);
#7216=FACE_BOUND('',#6616,.T.);
#7217=FACE_BOUND('',#6617,.T.);
#7218=FACE_BOUND('',#6618,.T.);
#7219=FACE_BOUND('',#6619,.T.);
#7220=FACE_BOUND('',#6620,.T.);
#7221=FACE_BOUND('',#6621,.T.);
#7222=FACE_BOUND('',#6622,.T.);
#7223=FACE_BOUND('',#6623,.T.);
#7224=FACE_BOUND('',#6624,.T.);
#7225=FACE_BOUND('',#6625,.T.);
#7226=FACE_BOUND('',#6626,.T.);
#7227=FACE_BOUND('',#6627,.T.);
#7228=FACE_BOUND('',#6628,.T.);
#7229=FACE_BOUND('',#6629,.T.);
#7230=FACE_BOUND('',#6630,.T.);
#7231=FACE_BOUND('',#6631,.T.);
#7232=FACE_BOUND('',#6632,.T.);
#7233=FACE_BOUND('',#6633,.T.);
#7234=FACE_BOUND('',#6634,.T.);
#7235=FACE_BOUND('',#6635,.T.);
#7236=FACE_BOUND('',#6636,.T.);
#7237=FACE_BOUND('',#6637,.T.);
#7238=FACE_BOUND('',#6638,.T.);
#7239=FACE_BOUND('',#6639,.T.);
#7240=FACE_BOUND('',#6640,.T.);
#7241=FACE_BOUND('',#6641,.T.);
#7242=FACE_BOUND('',#6642,.T.);
#7243=FACE_BOUND('',#6643,.T.);
#7244=FACE_BOUND('',#6644,.T.);
#7245=FACE_BOUND('',#6645,.T.);
#7246=FACE_BOUND('',#6646,.T.);
#7247=FACE_BOUND('',#6647,.T.);
#7248=FACE_BOUND('',#6648,.T.);
#7249=FACE_BOUND('',#6649,.T.);
#7250=FACE_BOUND('',#6650,.T.);
#7251=FACE_BOUND('',#6651,.T.);
#7252=FACE_BOUND('',#6652,.T.);
#7253=FACE_BOUND('',#6653,.T.);
#7254=FACE_BOUND('',#6654,.T.);
#7255=FACE_BOUND('',#6655,.T.);
#7256=FACE_BOUND('',#6656,.T.);
#7257=FACE_BOUND('',#6657,.T.);
#7258=FACE_BOUND('',#6658,.T.);
#7259=FACE_BOUND('',#6659,.T.);
#7260=FACE_BOUND('',#6660,.T.);
#7261=FACE_BOUND('',#6661,.T.);
#7262=FACE_BOUND('',#6662,.T.);
#7263=FACE_BOUND('',#6663,.T.);
#7264=FACE_BOUND('',#6664,.T.);
#7265=FACE_BOUND('',#6665,.T.);
#7266=FACE_BOUND('',#6666,.T.);
#7267=FACE_BOUND('',#6667,.T.);
#7268=FACE_BOUND('',#6668,.T.);
#7269=FACE_BOUND('',#6669,.T.);
#7270=FACE_BOUND('',#6670,.T.);
#7271=FACE_BOUND('',#6671,.T.);
#7272=FACE_BOUND('',#6672,.T.);
#7273=FACE_BOUND('',#6673,.T.);
#7274=FACE_BOUND('',#6674,.T.);
#7275=FACE_BOUND('',#6675,.T.);
#7276=FACE_BOUND('',#6676,.T.);
#7277=FACE_BOUND('',#6677,.T.);
#7278=FACE_BOUND('',#6678,.T.);
#7279=FACE_BOUND('',#6679,.T.);
#7280=FACE_BOUND('',#6680,.T.);
#7281=FACE_BOUND('',#6681,.T.);
#7282=FACE_BOUND('',#6682,.T.);
#7283=FACE_BOUND('',#6683,.T.);
#7284=FACE_BOUND('',#6684,.T.);
#7285=FACE_BOUND('',#6685,.T.);
#7286=FACE_BOUND('',#6686,.T.);
#7287=FACE_BOUND('',#6687,.T.);
#7288=FACE_BOUND('',#6688,.T.);
#7289=FACE_BOUND('',#6689,.T.);
#7290=FACE_BOUND('',#6690,.T.);
#7291=FACE_BOUND('',#6691,.T.);
#7292=FACE_BOUND('',#6692,.T.);
#7293=FACE_BOUND('',#6693,.T.);
#7294=FACE_BOUND('',#6694,.T.);
#7295=FACE_BOUND('',#6695,.T.);
#7296=FACE_BOUND('',#6696,.T.);
#7297=FACE_BOUND('',#6697,.T.);
#7298=FACE_BOUND('',#6698,.T.);
#7299=FACE_BOUND('',#6699,.T.);
#7300=FACE_BOUND('',#6700,.T.);
#7301=FACE_BOUND('',#6701,.T.);
#7302=FACE_BOUND('',#6702,.T.);
#7303=FACE_BOUND('',#6703,.T.);
#7304=FACE_BOUND('',#6704,.T.);
#7305=FACE_BOUND('',#6705,.T.);
#7306=FACE_BOUND('',#6706,.T.);
#7307=FACE_BOUND('',#6707,.T.);
#7308=FACE_BOUND('',#6708,.T.);
#7309=FACE_BOUND('',#6709,.T.);
#7310=FACE_BOUND('',#6710,.T.);
#7311=FACE_BOUND('',#6711,.T.);
#7312=FACE_BOUND('',#6712,.T.);
#7313=FACE_BOUND('',#6713,.T.);
#7314=FACE_BOUND('',#6714,.T.);
#7315=FACE_BOUND('',#6715,.T.);
#7316=FACE_BOUND('',#6716,.T.);
#7317=FACE_BOUND('',#6717,.T.);
#7318=FACE_BOUND('',#6718,.T.);
#7319=FACE_BOUND('',#6719,.T.);
#7320=FACE_BOUND('',#6720,.T.);
#7321=FACE_BOUND('',#6721,.T.);
#7322=FACE_BOUND('',#6722,.T.);
#7323=FACE_BOUND('',#6723,.T.);
#7324=FACE_BOUND('',#6724,.T.);
#7325=FACE_BOUND('',#6725,.T.);
#7326=FACE_BOUND('',#6726,.T.);
#7327=FACE_BOUND('',#6727,.T.);
#7328=FACE_BOUND('',#6728,.T.);
#7329=FACE_BOUND('',#6729,.T.);
#7330=FACE_BOUND('',#6730,.T.);
#7331=FACE_BOUND('',#6731,.T.);
#7332=FACE_BOUND('',#6732,.T.);
#7333=FACE_BOUND('',#6733,.T.);
#7334=FACE_BOUND('',#6734,.T.);
#7335=FACE_BOUND('',#6735,.T.);
#7336=FACE_BOUND('',#6736,.T.);
#7337=FACE_BOUND('',#6737,.T.);
#7338=FACE_BOUND('',#6738,.T.);
#7339=FACE_BOUND('',#6739,.T.);
#7340=FACE_BOUND('',#6740,.T.);
#7341=FACE_BOUND('',#6741,.T.);
#7342=FACE_BOUND('',#6742,.T.);
#7343=FACE_BOUND('',#6743,.T.);
#7344=FACE_BOUND('',#6744,.T.);
#7345=FACE_BOUND('',#6745,.T.);
#7346=FACE_BOUND('',#6746,.T.);
#7347=FACE_BOUND('',#6747,.T.);
#7348=FACE_BOUND('',#6748,.T.);
#7349=FACE_BOUND('',#6749,.T.);
#7350=FACE_BOUND('',#6750,.T.);
#7351=FACE_BOUND('',#6751,.T.);
#7352=FACE_BOUND('',#6752,.T.);
#7353=FACE_BOUND('',#6753,.T.);
#7354=FACE_BOUND('',#6754,.T.);
#7355=FACE_BOUND('',#6755,.T.);
#7356=FACE_BOUND('',#6756,.T.);
#7357=FACE_BOUND('',#6757,.T.);
#7358=FACE_BOUND('',#6758,.T.);
#7359=FACE_BOUND('',#6759,.T.);
#7360=FACE_BOUND('',#6760,.T.);
#7361=FACE_BOUND('',#6761,.T.);
#7362=FACE_BOUND('',#6762,.T.);
#7363=FACE_BOUND('',#6763,.T.);
#7364=FACE_BOUND('',#6764,.T.);
#7365=FACE_BOUND('',#6765,.T.);
#7366=FACE_BOUND('',#6766,.T.);
#7367=FACE_BOUND('',#6767,.T.);
#7368=FACE_BOUND('',#6768,.T.);
#7369=FACE_BOUND('',#6769,.T.);
#7370=FACE_BOUND('',#6770,.T.);
#7371=FACE_BOUND('',#6771,.T.);
#7372=FACE_BOUND('',#6772,.T.);
#7373=FACE_BOUND('',#6773,.T.);
#7374=FACE_BOUND('',#6774,.T.);
#7375=FACE_BOUND('',#6775,.T.);
#7376=FACE_BOUND('',#6776,.T.);
#7377=FACE_BOUND('',#6777,.T.);
#7378=FACE_BOUND('',#6778,.T.);
#7379=FACE_BOUND('',#6779,.T.);
#7380=FACE_BOUND('',#6780,.T.);
#7381=FACE_BOUND('',#6781,.T.);
#7382=FACE_BOUND('',#6782,.T.);
#7383=FACE_BOUND('',#6783,.T.);
#7384=FACE_BOUND('',#6784,.T.);
#7385=FACE_BOUND('',#6785,.T.);
#7386=FACE_BOUND('',#6786,.T.);
#7387=FACE_BOUND('',#6787,.T.);
#7388=FACE_BOUND('',#6788,.T.);
#7389=FACE_BOUND('',#6789,.T.);
#7390=FACE_BOUND('',#6790,.T.);
#7391=FACE_BOUND('',#6791,.T.);
#7392=FACE_BOUND('',#6792,.T.);
#7393=FACE_BOUND('',#6793,.T.);
#7394=FACE_BOUND('',#6794,.T.);
#7395=FACE_BOUND('',#6795,.T.);
#7396=FACE_BOUND('',#6796,.T.);
#7397=FACE_BOUND('',#6797,.T.);
#7398=FACE_BOUND('',#6798,.T.);
#7399=FACE_BOUND('',#6799,.T.);
#7400=FACE_BOUND('',#6800,.T.);
#7401=FACE_BOUND('',#6801,.T.);
#7402=FACE_BOUND('',#6802,.T.);
#7403=FACE_BOUND('',#6803,.T.);
#7404=FACE_BOUND('',#6804,.T.);
#7405=FACE_BOUND('',#6805,.T.);
#7406=FACE_BOUND('',#6806,.T.);
#7407=FACE_BOUND('',#6807,.T.);
#7408=FACE_BOUND('',#6808,.T.);
#7409=FACE_BOUND('',#6809,.T.);
#7410=FACE_BOUND('',#6810,.T.);
#7411=FACE_BOUND('',#6811,.T.);
#7412=FACE_BOUND('',#6812,.T.);
#7413=FACE_BOUND('',#6813,.T.);
#7414=FACE_BOUND('',#6814,.T.);
#7415=FACE_BOUND('',#6815,.T.);
#7416=FACE_BOUND('',#6816,.T.);
#7417=FACE_BOUND('',#6817,.T.);
#7418=FACE_BOUND('',#6818,.T.);
#7419=FACE_BOUND('',#6819,.T.);
#7420=FACE_BOUND('',#6820,.T.);
#7421=FACE_BOUND('',#6821,.T.);
#7422=FACE_BOUND('',#6822,.T.);
#7423=FACE_BOUND('',#6823,.T.);
#7424=FACE_BOUND('',#6824,.T.);
#7425=FACE_BOUND('',#6825,.T.);
#7426=FACE_BOUND('',#6826,.T.);
#7427=FACE_BOUND('',#6827,.T.);
#7428=FACE_BOUND('',#6828,.T.);
#7429=FACE_BOUND('',#6829,.T.);
#7430=FACE_BOUND('',#6830,.T.);
#7431=FACE_BOUND('',#6831,.T.);
#7432=FACE_BOUND('',#6832,.T.);
#7433=FACE_BOUND('',#6833,.T.);
#7434=FACE_BOUND('',#6834,.T.);
#7435=FACE_BOUND('',#6835,.T.);
#7436=FACE_BOUND('',#6836,.T.);
#7437=FACE_BOUND('',#6837,.T.);
#7438=FACE_BOUND('',#6838,.T.);
#7439=FACE_BOUND('',#6839,.T.);
#7440=FACE_BOUND('',#6840,.T.);
#7441=FACE_BOUND('',#6841,.T.);
#7442=FACE_BOUND('',#6842,.T.);
#7443=FACE_BOUND('',#6843,.T.);
#7444=FACE_BOUND('',#6844,.T.);
#7445=FACE_BOUND('',#6845,.T.);
#7446=FACE_BOUND('',#6846,.T.);
#7447=FACE_BOUND('',#6847,.T.);
#7448=FACE_BOUND('',#6848,.T.);
#7449=FACE_BOUND('',#6849,.T.);
#7450=FACE_BOUND('',#6850,.T.);
#7451=FACE_BOUND('',#6851,.T.);
#7452=FACE_BOUND('',#6852,.T.);
#7453=FACE_BOUND('',#6853,.T.);
#7454=FACE_BOUND('',#6854,.T.);
#7455=FACE_BOUND('',#6855,.T.);
#7456=FACE_BOUND('',#6856,.T.);
#7457=FACE_BOUND('',#6857,.T.);
#7458=FACE_BOUND('',#6858,.T.);
#7459=FACE_BOUND('',#6859,.T.);
#7460=FACE_BOUND('',#6860,.T.);
#7461=FACE_BOUND('',#6861,.T.);
#7462=FACE_BOUND('',#6862,.T.);
#7463=FACE_BOUND('',#6863,.T.);
#7464=FACE_BOUND('',#6864,.T.);
#7465=FACE_BOUND('',#6865,.T.);
#7466=FACE_BOUND('',#6866,.T.);
#7467=FACE_BOUND('',#6867,.T.);
#7468=FACE_BOUND('',#6868,.T.);
#7469=FACE_BOUND('',#6869,.T.);
#7470=FACE_BOUND('',#6870,.T.);
#7471=FACE_BOUND('',#6871,.T.);
#7472=FACE_BOUND('',#6872,.T.);
#7473=FACE_BOUND('',#6873,.T.);
#7474=FACE_BOUND('',#6874,.T.);
#7475=FACE_BOUND('',#6875,.T.);
#7476=FACE_BOUND('',#6876,.T.);
#7477=FACE_BOUND('',#6877,.T.);
#7478=FACE_BOUND('',#6878,.T.);
#7479=FACE_BOUND('',#6879,.T.);
#7480=FACE_BOUND('',#6880,.T.);
#7481=FACE_BOUND('',#6881,.T.);
#7482=FACE_BOUND('',#6882,.T.);
#7483=FACE_BOUND('',#6883,.T.);
#7484=FACE_BOUND('',#6884,.T.);
#7485=FACE_BOUND('',#6885,.T.);
#7486=FACE_BOUND('',#6886,.T.);
#7487=FACE_BOUND('',#6887,.T.);
#7488=FACE_BOUND('',#6888,.T.);
#7489=FACE_BOUND('',#6889,.T.);
#7490=FACE_BOUND('',#6890,.T.);
#7491=FACE_BOUND('',#6891,.T.);
#7492=FACE_BOUND('',#6892,.T.);
#7493=FACE_BOUND('',#6893,.T.);
#7494=FACE_BOUND('',#6894,.T.);
#7495=FACE_BOUND('',#6895,.T.);
#7496=FACE_BOUND('',#6896,.T.);
#7497=FACE_BOUND('',#6897,.T.);
#7498=FACE_BOUND('',#6898,.T.);
#7499=FACE_BOUND('',#6899,.T.);
#7500=FACE_BOUND('',#6900,.T.);
#7501=FACE_BOUND('',#6901,.T.);
#7502=FACE_BOUND('',#6902,.T.);
#7503=FACE_BOUND('',#6903,.T.);
#7504=FACE_BOUND('',#6904,.T.);
#7505=FACE_BOUND('',#6905,.T.);
#7506=FACE_BOUND('',#6906,.T.);
#7507=FACE_BOUND('',#6907,.T.);
#7508=FACE_BOUND('',#6908,.T.);
#7509=FACE_BOUND('',#6909,.T.);
#7510=FACE_BOUND('',#6910,.T.);
#7511=FACE_BOUND('',#6911,.T.);
#7512=FACE_BOUND('',#6912,.T.);
#7513=FACE_BOUND('',#6913,.T.);
#7514=FACE_BOUND('',#6914,.T.);
#7515=FACE_BOUND('',#6915,.T.);
#7516=FACE_BOUND('',#6916,.T.);
#7517=FACE_BOUND('',#6917,.T.);
#7518=FACE_BOUND('',#6918,.T.);
#7519=FACE_BOUND('',#6919,.T.);
#7520=FACE_BOUND('',#6920,.T.);
#7521=FACE_BOUND('',#6921,.T.);
#7522=FACE_BOUND('',#6922,.T.);
#7523=FACE_BOUND('',#6923,.T.);
#7524=FACE_BOUND('',#6924,.T.);
#7525=FACE_BOUND('',#6925,.T.);
#7526=FACE_BOUND('',#6926,.T.);
#7527=FACE_BOUND('',#6927,.T.);
#7528=FACE_BOUND('',#6928,.T.);
#7529=FACE_BOUND('',#6929,.T.);
#7530=FACE_BOUND('',#6930,.T.);
#7531=FACE_BOUND('',#6931,.T.);
#7532=FACE_BOUND('',#6932,.T.);
#7533=FACE_BOUND('',#6933,.T.);
#7534=FACE_BOUND('',#6934,.T.);
#7535=FACE_BOUND('',#6935,.T.);
#7536=FACE_BOUND('',#6936,.T.);
#7537=FACE_BOUND('',#6937,.T.);
#7538=FACE_BOUND('',#6938,.T.);
#7539=FACE_BOUND('',#6939,.T.);
#7540=FACE_BOUND('',#6940,.T.);
#7541=FACE_BOUND('',#6941,.T.);
#7542=FACE_BOUND('',#6942,.T.);
#7543=FACE_BOUND('',#6943,.T.);
#7544=FACE_BOUND('',#6944,.T.);
#7545=FACE_BOUND('',#6945,.T.);
#7546=FACE_BOUND('',#6946,.T.);
#7547=FACE_BOUND('',#6947,.T.);
#7548=FACE_BOUND('',#6948,.T.);
#7549=FACE_BOUND('',#6949,.T.);
#7550=FACE_BOUND('',#6950,.T.);
#7551=FACE_BOUND('',#6951,.T.);
#7552=FACE_BOUND('',#6952,.T.);
#7553=FACE_BOUND('',#6953,.T.);
#7554=FACE_BOUND('',#6954,.T.);
#7555=FACE_BOUND('',#6955,.T.);
#7556=FACE_BOUND('',#6956,.T.);
#7557=FACE_BOUND('',#6957,.T.);
#7558=FACE_BOUND('',#6958,.T.);
#7559=FACE_BOUND('',#6959,.T.);
#7560=FACE_BOUND('',#6960,.T.);
#7561=FACE_BOUND('',#6961,.T.);
#7562=FACE_BOUND('',#6962,.T.);
#7563=FACE_BOUND('',#6963,.T.);
#7564=FACE_BOUND('',#6964,.T.);
#7565=FACE_BOUND('',#6965,.T.);
#7566=FACE_BOUND('',#6966,.T.);
#7567=FACE_BOUND('',#6967,.T.);
#7568=FACE_BOUND('',#6968,.T.);
#7569=FACE_BOUND('',#6969,.T.);
#7570=FACE_BOUND('',#6970,.T.);
#7571=FACE_BOUND('',#6971,.T.);
#7572=FACE_BOUND('',#6972,.T.);
#7573=FACE_BOUND('',#6973,.T.);
#7574=FACE_BOUND('',#6974,.T.);
#7575=FACE_BOUND('',#6975,.T.);
#7576=FACE_BOUND('',#6976,.T.);
#7577=FACE_BOUND('',#6977,.T.);
#7578=FACE_BOUND('',#6978,.T.);
#7579=FACE_BOUND('',#6979,.T.);
#7580=FACE_BOUND('',#6980,.T.);
#7581=FACE_BOUND('',#6981,.T.);
#7582=FACE_BOUND('',#6982,.T.);
#7583=FACE_BOUND('',#6983,.T.);
#7584=FACE_BOUND('',#6984,.T.);
#7585=FACE_BOUND('',#6985,.T.);
#7586=FACE_BOUND('',#6986,.T.);
#7587=FACE_BOUND('',#6987,.T.);
#7588=FACE_BOUND('',#6988,.T.);
#7589=FACE_BOUND('',#6989,.T.);
#7590=FACE_BOUND('',#6990,.T.);
#7591=FACE_BOUND('',#6991,.T.);
#7592=FACE_BOUND('',#6992,.T.);
#7593=FACE_BOUND('',#6993,.T.);
#7594=FACE_BOUND('',#6994,.T.);
#7595=FACE_BOUND('',#6995,.T.);
#7596=FACE_BOUND('',#6996,.T.);
#7597=FACE_BOUND('',#6997,.T.);
#7598=FACE_BOUND('',#6998,.T.);
#7599=FACE_BOUND('',#6999,.T.);
#7600=FACE_BOUND('',#7000,.T.);
#7601=FACE_BOUND('',#7001,.T.);
#7602=FACE_BOUND('',#7002,.T.);
#7603=FACE_BOUND('',#7003,.T.);
#7604=FACE_BOUND('',#7004,.T.);
#7605=FACE_BOUND('',#7005,.T.);
#7606=FACE_BOUND('',#7006,.T.);
#7607=FACE_BOUND('',#7007,.T.);
#7608=FACE_BOUND('',#7008,.T.);
#7609=FACE_BOUND('',#7009,.T.);
#7610=FACE_BOUND('',#7010,.T.);
#7611=FACE_BOUND('',#7011,.T.);
#7612=FACE_BOUND('',#7012,.T.);
#7613=FACE_BOUND('',#7013,.T.);
#7614=FACE_BOUND('',#7014,.T.);
#7615=FACE_BOUND('',#7015,.T.);
#7616=FACE_BOUND('',#7016,.T.);
#7617=FACE_BOUND('',#7017,.T.);
#7618=FACE_BOUND('',#7018,.T.);
#7619=FACE_BOUND('',#7019,.T.);
#7620=FACE_BOUND('',#7020,.T.);
#7621=FACE_BOUND('',#7021,.T.);
#7622=FACE_BOUND('',#7022,.T.);
#7623=FACE_BOUND('',#7023,.T.);
#7624=FACE_BOUND('',#7024,.T.);
#7625=FACE_BOUND('',#7025,.T.);
#7626=FACE_BOUND('',#7026,.T.);
#7627=FACE_BOUND('',#7027,.T.);
#7628=FACE_BOUND('',#7028,.T.);
#7629=FACE_BOUND('',#7029,.T.);
#7630=FACE_BOUND('',#7030,.T.);
#7631=FACE_BOUND('',#7031,.T.);
#7632=FACE_BOUND('',#7032,.T.);
#7633=FACE_BOUND('',#7033,.T.);
#7634=FACE_BOUND('',#7034,.T.);
#7635=FACE_BOUND('',#7035,.T.);
#7636=FACE_BOUND('',#7036,.T.);
#7637=FACE_BOUND('',#7037,.T.);
#7638=FACE_BOUND('',#7038,.T.);
#7639=FACE_BOUND('',#7039,.T.);
#7640=FACE_BOUND('',#7040,.T.);
#7641=FACE_BOUND('',#7041,.T.);
#7642=FACE_BOUND('',#7042,.T.);
#7643=FACE_BOUND('',#7043,.T.);
#7644=FACE_BOUND('',#7044,.T.);
#7645=FACE_BOUND('',#7045,.T.);
#7646=FACE_BOUND('',#7046,.T.);
#7647=FACE_BOUND('',#7047,.T.);
#7648=FACE_BOUND('',#7048,.T.);
#7649=FACE_BOUND('',#7049,.T.);
#7650=FACE_BOUND('',#7050,.T.);
#7651=FACE_BOUND('',#7051,.T.);
#7652=FACE_BOUND('',#7052,.T.);
#7653=FACE_BOUND('',#7053,.T.);
#7654=FACE_BOUND('',#7054,.T.);
#7655=FACE_BOUND('',#7055,.T.);
#7656=FACE_BOUND('',#7056,.T.);
#7657=FACE_BOUND('',#7057,.T.);
#7658=FACE_BOUND('',#7058,.T.);
#7659=FACE_BOUND('',#7059,.T.);
#7660=FACE_BOUND('',#7060,.T.);
#7661=FACE_BOUND('',#7061,.T.);
#7662=FACE_BOUND('',#7062,.T.);
#7663=FACE_BOUND('',#7063,.T.);
#7664=FACE_BOUND('',#7064,.T.);
#7665=FACE_BOUND('',#7065,.T.);
#7666=FACE_BOUND('',#7066,.T.);
#7667=FACE_BOUND('',#7067,.T.);
#7668=FACE_BOUND('',#7068,.T.);
#7669=FACE_BOUND('',#7069,.T.);
#7670=FACE_BOUND('',#7070,.T.);
#7671=FACE_BOUND('',#7071,.T.);
#7672=FACE_BOUND('',#7072,.T.);
#7673=FACE_BOUND('',#7073,.T.);
#7674=FACE_BOUND('',#7074,.T.);
#7675=FACE_BOUND('',#7075,.T.);
#7676=FACE_BOUND('',#7076,.T.);
#7677=FACE_BOUND('',#7077,.T.);
#7678=FACE_BOUND('',#7078,.T.);
#7679=FACE_BOUND('',#7079,.T.);
#7680=FACE_BOUND('',#7080,.T.);
#7681=FACE_BOUND('',#7081,.T.);
#7682=FACE_BOUND('',#7082,.T.);
#7683=FACE_BOUND('',#7083,.T.);
#7684=FACE_BOUND('',#7084,.T.);
#7685=FACE_BOUND('',#7085,.T.);
#7686=FACE_BOUND('',#7086,.T.);
#7687=FACE_BOUND('',#7087,.T.);
#7688=FACE_BOUND('',#7088,.T.);
#7689=FACE_BOUND('',#7089,.T.);
#7690=FACE_BOUND('',#7090,.T.);
#7691=FACE_BOUND('',#7091,.T.);
#7692=FACE_BOUND('',#7092,.T.);
#7693=FACE_BOUND('',#7093,.T.);
#7694=FACE_BOUND('',#7094,.T.);
#7695=FACE_BOUND('',#7095,.T.);
#7696=FACE_BOUND('',#7096,.T.);
#7697=FACE_BOUND('',#7097,.T.);
#7698=FACE_BOUND('',#7098,.T.);
#7699=FACE_BOUND('',#7099,.T.);
#7700=FACE_BOUND('',#7100,.T.);
#7701=FACE_BOUND('',#7101,.T.);
#7702=FACE_BOUND('',#7102,.T.);
#7703=FACE_BOUND('',#7103,.T.);
#7704=FACE_BOUND('',#7104,.T.);
#7705=FACE_BOUND('',#7105,.T.);
#7706=FACE_BOUND('',#7106,.T.);
#7707=FACE_BOUND('',#7107,.T.);
#7708=PLANE('',#8687);
#7709=PLANE('',#8688);
#7710=PLANE('',#8689);
#7711=PLANE('',#8690);
#7712=PLANE('',#8691);
#7713=PLANE('',#8692);
#7714=PLANE('',#8693);
#7715=PLANE('',#8694);
#7716=PLANE('',#8695);
#7717=PLANE('',#8696);
#7718=PLANE('',#8697);
#7719=PLANE('',#8698);
#7720=PLANE('',#8699);
#7721=PLANE('',#8700);
#7722=PLANE('',#8701);
#7723=PLANE('',#8702);
#7724=PLANE('',#8703);
#7725=PLANE('',#8704);
#7726=PLANE('',#8705);
#7727=PLANE('',#8706);
#7728=PLANE('',#8707);
#7729=PLANE('',#8710);
#7730=PLANE('',#8711);
#7731=PLANE('',#8712);
#7732=PLANE('',#8713);
#7733=PLANE('',#8714);
#7734=PLANE('',#8715);
#7735=PLANE('',#8716);
#7736=PLANE('',#8717);
#7737=PLANE('',#8718);
#7738=PLANE('',#8719);
#7739=PLANE('',#8720);
#7740=PLANE('',#8721);
#7741=PLANE('',#8722);
#7742=PLANE('',#8723);
#7743=PLANE('',#8724);
#7744=PLANE('',#8725);
#7745=PLANE('',#8726);
#7746=PLANE('',#8727);
#7747=PLANE('',#8728);
#7748=PLANE('',#8729);
#7749=PLANE('',#8730);
#7750=PLANE('',#8731);
#7751=PLANE('',#8732);
#7752=PLANE('',#8733);
#7753=PLANE('',#8734);
#7754=PLANE('',#8739);
#7755=PLANE('',#8740);
#7756=PLANE('',#8741);
#7757=PLANE('',#8742);
#7758=PLANE('',#8743);
#7759=PLANE('',#8744);
#7760=PLANE('',#8745);
#7761=PLANE('',#8746);
#7762=PLANE('',#8747);
#7763=PLANE('',#8748);
#7764=PLANE('',#8749);
#7765=PLANE('',#8760);
#7766=PLANE('',#8763);
#7767=PLANE('',#8764);
#7768=PLANE('',#8765);
#7769=PLANE('',#8768);
#7770=PLANE('',#8771);
#7771=PLANE('',#8772);
#7772=PLANE('',#8773);
#7773=PLANE('',#8774);
#7774=PLANE('',#8775);
#7775=PLANE('',#8776);
#7776=PLANE('',#8777);
#7777=PLANE('',#8778);
#7778=PLANE('',#8779);
#7779=PLANE('',#8780);
#7780=PLANE('',#8781);
#7781=PLANE('',#8782);
#7782=PLANE('',#8783);
#7783=PLANE('',#8784);
#7784=PLANE('',#8785);
#7785=PLANE('',#8786);
#7786=PLANE('',#8787);
#7787=PLANE('',#8788);
#7788=PLANE('',#8789);
#7789=PLANE('',#8790);
#7790=PLANE('',#8791);
#7791=PLANE('',#8792);
#7792=PLANE('',#8793);
#7793=PLANE('',#8794);
#7794=PLANE('',#8795);
#7795=PLANE('',#8796);
#7796=PLANE('',#8797);
#7797=PLANE('',#8798);
#7798=PLANE('',#8799);
#7799=PLANE('',#8800);
#7800=PLANE('',#8801);
#7801=PLANE('',#8804);
#7802=PLANE('',#8807);
#7803=PLANE('',#8810);
#7804=PLANE('',#8813);
#7805=PLANE('',#8815);
#7806=PLANE('',#8816);
#7807=PLANE('',#8817);
#7808=PLANE('',#8818);
#7809=PLANE('',#8819);
#7810=PLANE('',#8821);
#7811=PLANE('',#8824);
#7812=PLANE('',#8826);
#7813=PLANE('',#8827);
#7814=PLANE('',#8828);
#7815=PLANE('',#8833);
#7816=PLANE('',#8834);
#7817=PLANE('',#8835);
#7818=PLANE('',#8836);
#7819=PLANE('',#8837);
#7820=PLANE('',#8838);
#7821=PLANE('',#8839);
#7822=PLANE('',#8844);
#7823=PLANE('',#8845);
#7824=PLANE('',#8846);
#7825=PLANE('',#8847);
#7826=PLANE('',#8848);
#7827=PLANE('',#8849);
#7828=PLANE('',#8854);
#7829=PLANE('',#8855);
#7830=PLANE('',#8856);
#7831=PLANE('',#8857);
#7832=PLANE('',#8858);
#7833=PLANE('',#8859);
#7834=PLANE('',#8860);
#7835=PLANE('',#8861);
#7836=PLANE('',#8862);
#7837=PLANE('',#8863);
#7838=PLANE('',#8864);
#7839=PLANE('',#8865);
#7840=PLANE('',#8866);
#7841=PLANE('',#8867);
#7842=PLANE('',#8868);
#7843=PLANE('',#8869);
#7844=PLANE('',#8870);
#7845=PLANE('',#8871);
#7846=PLANE('',#8872);
#7847=PLANE('',#8873);
#7848=PLANE('',#8874);
#7849=PLANE('',#8875);
#7850=PLANE('',#8876);
#7851=PLANE('',#8877);
#7852=PLANE('',#8878);
#7853=PLANE('',#8879);
#7854=PLANE('',#8880);
#7855=PLANE('',#8881);
#7856=PLANE('',#8882);
#7857=PLANE('',#8883);
#7858=PLANE('',#8884);
#7859=PLANE('',#8885);
#7860=PLANE('',#8886);
#7861=PLANE('',#8887);
#7862=PLANE('',#8890);
#7863=PLANE('',#8894);
#7864=PLANE('',#8898);
#7865=PLANE('',#8901);
#7866=PLANE('',#8902);
#7867=PLANE('',#8905);
#7868=PLANE('',#8910);
#7869=PLANE('',#8915);
#7870=PLANE('',#8918);
#7871=PLANE('',#8922);
#7872=PLANE('',#8926);
#7873=PLANE('',#8927);
#7874=PLANE('',#8928);
#7875=PLANE('',#8929);
#7876=PLANE('',#8930);
#7877=PLANE('',#8931);
#7878=PLANE('',#8932);
#7879=PLANE('',#8933);
#7880=PLANE('',#8934);
#7881=PLANE('',#8935);
#7882=PLANE('',#8936);
#7883=PLANE('',#8937);
#7884=PLANE('',#8942);
#7885=PLANE('',#8943);
#7886=PLANE('',#8944);
#7887=PLANE('',#8945);
#7888=PLANE('',#8946);
#7889=PLANE('',#8947);
#7890=PLANE('',#8948);
#7891=PLANE('',#8949);
#7892=PLANE('',#8950);
#7893=PLANE('',#8951);
#7894=PLANE('',#8952);
#7895=PLANE('',#8953);
#7896=PLANE('',#8954);
#7897=PLANE('',#8955);
#7898=PLANE('',#8956);
#7899=PLANE('',#8957);
#7900=PLANE('',#8959);
#7901=PLANE('',#8960);
#7902=PLANE('',#8961);
#7903=PLANE('',#8962);
#7904=PLANE('',#8963);
#7905=PLANE('',#8965);
#7906=PLANE('',#8968);
#7907=PLANE('',#8979);
#7908=PLANE('',#8980);
#7909=PLANE('',#8981);
#7910=PLANE('',#8982);
#7911=PLANE('',#8983);
#7912=PLANE('',#8985);
#7913=PLANE('',#8988);
#7914=PLANE('',#8990);
#7915=PLANE('',#8991);
#7916=PLANE('',#8992);
#7917=PLANE('',#8993);
#7918=PLANE('',#8994);
#7919=PLANE('',#8996);
#7920=PLANE('',#8999);
#7921=PLANE('',#9013);
#7922=PLANE('',#9020);
#7923=PLANE('',#9024);
#7924=PLANE('',#9028);
#7925=PLANE('',#9029);
#7926=PLANE('',#9030);
#7927=PLANE('',#9031);
#7928=PLANE('',#9032);
#7929=PLANE('',#9044);
#7930=PLANE('',#9045);
#7931=PLANE('',#9046);
#7932=PLANE('',#9055);
#7933=PLANE('',#9056);
#7934=PLANE('',#9057);
#7935=PLANE('',#9066);
#7936=PLANE('',#9067);
#7937=PLANE('',#9068);
#7938=PLANE('',#9081);
#7939=PLANE('',#9082);
#7940=PLANE('',#9083);
#7941=PLANE('',#9116);
#7942=PLANE('',#9123);
#7943=PLANE('',#9127);
#7944=PLANE('',#9131);
#7945=PLANE('',#9132);
#7946=PLANE('',#9133);
#7947=PLANE('',#9134);
#7948=PLANE('',#9135);
#7949=PLANE('',#9147);
#7950=PLANE('',#9148);
#7951=PLANE('',#9149);
#7952=PLANE('',#9158);
#7953=PLANE('',#9159);
#7954=PLANE('',#9160);
#7955=PLANE('',#9169);
#7956=PLANE('',#9170);
#7957=PLANE('',#9171);
#7958=PLANE('',#9184);
#7959=PLANE('',#9185);
#7960=PLANE('',#9186);
#7961=PLANE('',#9210);
#7962=PLANE('',#9213);
#7963=PLANE('',#9216);
#7964=PLANE('',#9219);
#7965=PLANE('',#9223);
#7966=PLANE('',#9226);
#7967=PLANE('',#9230);
#7968=PLANE('',#9234);
#7969=PLANE('',#9235);
#7970=PLANE('',#9236);
#7971=PLANE('',#9237);
#7972=PLANE('',#9238);
#7973=PLANE('',#9250);
#7974=PLANE('',#9251);
#7975=PLANE('',#9252);
#7976=PLANE('',#9261);
#7977=PLANE('',#9262);
#7978=PLANE('',#9263);
#7979=PLANE('',#9272);
#7980=PLANE('',#9273);
#7981=PLANE('',#9274);
#7982=PLANE('',#9287);
#7983=PLANE('',#9288);
#7984=PLANE('',#9289);
#7985=PLANE('',#9310);
#7986=PLANE('',#9330);
#7987=PLANE('',#9333);
#7988=PLANE('',#9336);
#7989=PLANE('',#9339);
#7990=PLANE('',#9355);
#7991=PLANE('',#9358);
#7992=PLANE('',#9362);
#7993=PLANE('',#9366);
#7994=PLANE('',#9367);
#7995=PLANE('',#9368);
#7996=PLANE('',#9369);
#7997=PLANE('',#9370);
#7998=PLANE('',#9382);
#7999=PLANE('',#9383);
#8000=PLANE('',#9384);
#8001=PLANE('',#9393);
#8002=PLANE('',#9394);
#8003=PLANE('',#9395);
#8004=PLANE('',#9404);
#8005=PLANE('',#9405);
#8006=PLANE('',#9406);
#8007=PLANE('',#9419);
#8008=PLANE('',#9420);
#8009=PLANE('',#9421);
#8010=PLANE('',#9442);
#8011=ADVANCED_FACE('',(#7108),#7708,.T.);
#8012=ADVANCED_FACE('',(#7109),#7709,.T.);
#8013=ADVANCED_FACE('',(#7110),#7710,.T.);
#8014=ADVANCED_FACE('',(#7111),#7711,.T.);
#8015=ADVANCED_FACE('',(#7112),#7712,.T.);
#8016=ADVANCED_FACE('',(#7113),#7713,.F.);
#8017=ADVANCED_FACE('',(#7114),#7714,.F.);
#8018=ADVANCED_FACE('',(#7115),#7715,.F.);
#8019=ADVANCED_FACE('',(#7116),#7716,.T.);
#8020=ADVANCED_FACE('',(#7117),#7717,.F.);
#8021=ADVANCED_FACE('',(#7118),#7718,.F.);
#8022=ADVANCED_FACE('',(#7119),#7719,.F.);
#8023=ADVANCED_FACE('',(#7120),#7720,.T.);
#8024=ADVANCED_FACE('',(#7121),#7721,.T.);
#8025=ADVANCED_FACE('',(#7122),#7722,.F.);
#8026=ADVANCED_FACE('',(#7123),#7723,.T.);
#8027=ADVANCED_FACE('',(#7124),#7724,.F.);
#8028=ADVANCED_FACE('',(#7125),#7725,.F.);
#8029=ADVANCED_FACE('',(#7126),#7726,.T.);
#8030=ADVANCED_FACE('',(#7127),#7727,.T.);
#8031=ADVANCED_FACE('',(#7128,#7129,#7130,#7131,#7132,#7133),#7728,.T.);
#8032=ADVANCED_FACE('',(#7134),#7729,.T.);
#8033=ADVANCED_FACE('',(#7135),#7730,.F.);
#8034=ADVANCED_FACE('',(#7136),#7731,.F.);
#8035=ADVANCED_FACE('',(#7137),#7732,.F.);
#8036=ADVANCED_FACE('',(#7138),#7733,.T.);
#8037=ADVANCED_FACE('',(#7139),#7734,.F.);
#8038=ADVANCED_FACE('',(#7140),#7735,.F.);
#8039=ADVANCED_FACE('',(#7141),#7736,.F.);
#8040=ADVANCED_FACE('',(#7142),#7737,.T.);
#8041=ADVANCED_FACE('',(#7143),#7738,.T.);
#8042=ADVANCED_FACE('',(#7144),#7739,.F.);
#8043=ADVANCED_FACE('',(#7145),#7740,.T.);
#8044=ADVANCED_FACE('',(#7146),#7741,.F.);
#8045=ADVANCED_FACE('',(#7147),#7742,.F.);
#8046=ADVANCED_FACE('',(#7148),#7743,.T.);
#8047=ADVANCED_FACE('',(#7149),#7744,.T.);
#8048=ADVANCED_FACE('',(#7150),#7745,.T.);
#8049=ADVANCED_FACE('',(#7151),#7746,.F.);
#8050=ADVANCED_FACE('',(#7152),#7747,.F.);
#8051=ADVANCED_FACE('',(#7153),#7748,.T.);
#8052=ADVANCED_FACE('',(#7154),#7749,.F.);
#8053=ADVANCED_FACE('',(#7155),#7750,.T.);
#8054=ADVANCED_FACE('',(#7156),#7751,.T.);
#8055=ADVANCED_FACE('',(#7157),#7752,.F.);
#8056=ADVANCED_FACE('',(#7158,#7159,#7160,#7161,#7162),#7753,.F.);
#8057=ADVANCED_FACE('',(#7163),#7754,.T.);
#8058=ADVANCED_FACE('',(#7164),#7755,.F.);
#8059=ADVANCED_FACE('',(#7165),#7756,.T.);
#8060=ADVANCED_FACE('',(#7166),#7757,.T.);
#8061=ADVANCED_FACE('',(#7167),#7758,.F.);
#8062=ADVANCED_FACE('',(#7168),#7759,.F.);
#8063=ADVANCED_FACE('',(#7169),#7760,.T.);
#8064=ADVANCED_FACE('',(#7170),#7761,.F.);
#8065=ADVANCED_FACE('',(#7171),#7762,.T.);
#8066=ADVANCED_FACE('',(#7172),#7763,.T.);
#8067=ADVANCED_FACE('',(#7173,#7174,#7175,#7176,#7177,#7178,#7179),#7764,
 .F.);
#8068=ADVANCED_FACE('',(#7180,#7181),#246,.F.);
#8069=ADVANCED_FACE('',(#7182,#7183),#247,.F.);
#8070=ADVANCED_FACE('',(#7184,#7185),#248,.T.);
#8071=ADVANCED_FACE('',(#7186),#7765,.T.);
#8072=ADVANCED_FACE('',(#7187,#7188),#249,.T.);
#8073=ADVANCED_FACE('',(#7189),#7766,.T.);
#8074=ADVANCED_FACE('',(#7190),#7767,.T.);
#8075=ADVANCED_FACE('',(#7191),#7768,.T.);
#8076=ADVANCED_FACE('',(#7192,#7193),#250,.T.);
#8077=ADVANCED_FACE('',(#7194),#7769,.T.);
#8078=ADVANCED_FACE('',(#7195,#7196),#251,.T.);
#8079=ADVANCED_FACE('',(#7197),#7770,.T.);
#8080=ADVANCED_FACE('',(#7198),#7771,.T.);
#8081=ADVANCED_FACE('',(#7199),#7772,.T.);
#8082=ADVANCED_FACE('',(#7200),#7773,.F.);
#8083=ADVANCED_FACE('',(#7201),#7774,.F.);
#8084=ADVANCED_FACE('',(#7202),#7775,.T.);
#8085=ADVANCED_FACE('',(#7203),#7776,.T.);
#8086=ADVANCED_FACE('',(#7204),#7777,.F.);
#8087=ADVANCED_FACE('',(#7205),#7778,.T.);
#8088=ADVANCED_FACE('',(#7206),#7779,.F.);
#8089=ADVANCED_FACE('',(#7207),#7780,.F.);
#8090=ADVANCED_FACE('',(#7208),#7781,.T.);
#8091=ADVANCED_FACE('',(#7209),#7782,.T.);
#8092=ADVANCED_FACE('',(#7210),#7783,.T.);
#8093=ADVANCED_FACE('',(#7211),#7784,.F.);
#8094=ADVANCED_FACE('',(#7212),#7785,.T.);
#8095=ADVANCED_FACE('',(#7213),#7786,.T.);
#8096=ADVANCED_FACE('',(#7214),#7787,.F.);
#8097=ADVANCED_FACE('',(#7215),#7788,.T.);
#8098=ADVANCED_FACE('',(#7216),#7789,.T.);
#8099=ADVANCED_FACE('',(#7217),#7790,.T.);
#8100=ADVANCED_FACE('',(#7218),#7791,.T.);
#8101=ADVANCED_FACE('',(#7219),#7792,.T.);
#8102=ADVANCED_FACE('',(#7220),#7793,.F.);
#8103=ADVANCED_FACE('',(#7221),#7794,.T.);
#8104=ADVANCED_FACE('',(#7222),#7795,.F.);
#8105=ADVANCED_FACE('',(#7223),#7796,.T.);
#8106=ADVANCED_FACE('',(#7224),#7797,.T.);
#8107=ADVANCED_FACE('',(#7225),#7798,.T.);
#8108=ADVANCED_FACE('',(#7226),#7799,.T.);
#8109=ADVANCED_FACE('',(#7227),#7800,.F.);
#8110=ADVANCED_FACE('',(#7228,#7229),#252,.T.);
#8111=ADVANCED_FACE('',(#7230),#7801,.T.);
#8112=ADVANCED_FACE('',(#7231,#7232),#253,.T.);
#8113=ADVANCED_FACE('',(#7233),#7802,.T.);
#8114=ADVANCED_FACE('',(#7234,#7235),#254,.T.);
#8115=ADVANCED_FACE('',(#7236),#7803,.T.);
#8116=ADVANCED_FACE('',(#7237,#7238),#255,.T.);
#8117=ADVANCED_FACE('',(#7239),#7804,.T.);
#8118=ADVANCED_FACE('',(#7240),#7805,.T.);
#8119=ADVANCED_FACE('',(#7241),#7806,.F.);
#8120=ADVANCED_FACE('',(#7242),#7807,.F.);
#8121=ADVANCED_FACE('',(#7243),#7808,.T.);
#8122=ADVANCED_FACE('',(#7244,#7245),#7809,.T.);
#8123=ADVANCED_FACE('',(#7246),#7810,.F.);
#8124=ADVANCED_FACE('',(#7247,#7248),#256,.T.);
#8125=ADVANCED_FACE('',(#7249),#7811,.T.);
#8126=ADVANCED_FACE('',(#7250),#7812,.F.);
#8127=ADVANCED_FACE('',(#7251),#7813,.F.);
#8128=ADVANCED_FACE('',(#7252,#7253,#7254),#7814,.T.);
#8129=ADVANCED_FACE('',(#7255),#7815,.T.);
#8130=ADVANCED_FACE('',(#7256),#7816,.T.);
#8131=ADVANCED_FACE('',(#7257),#7817,.T.);
#8132=ADVANCED_FACE('',(#7258),#7818,.F.);
#8133=ADVANCED_FACE('',(#7259),#7819,.F.);
#8134=ADVANCED_FACE('',(#7260),#7820,.T.);
#8135=ADVANCED_FACE('',(#7261,#7262,#7263,#7264,#7265),#7821,.F.);
#8136=ADVANCED_FACE('',(#7266),#7822,.T.);
#8137=ADVANCED_FACE('',(#7267),#7823,.T.);
#8138=ADVANCED_FACE('',(#7268),#7824,.F.);
#8139=ADVANCED_FACE('',(#7269),#7825,.F.);
#8140=ADVANCED_FACE('',(#7270),#7826,.T.);
#8141=ADVANCED_FACE('',(#7271),#7827,.T.);
#8142=ADVANCED_FACE('',(#7272,#7273),#257,.F.);
#8143=ADVANCED_FACE('',(#7274,#7275),#258,.F.);
#8144=ADVANCED_FACE('',(#7276),#7828,.F.);
#8145=ADVANCED_FACE('',(#7277),#7829,.T.);
#8146=ADVANCED_FACE('',(#7278),#7830,.F.);
#8147=ADVANCED_FACE('',(#7279),#7831,.F.);
#8148=ADVANCED_FACE('',(#7280),#7832,.T.);
#8149=ADVANCED_FACE('',(#7281),#7833,.T.);
#8150=ADVANCED_FACE('',(#7282),#7834,.F.);
#8151=ADVANCED_FACE('',(#7283),#7835,.F.);
#8152=ADVANCED_FACE('',(#7284),#7836,.T.);
#8153=ADVANCED_FACE('',(#7285),#7837,.F.);
#8154=ADVANCED_FACE('',(#7286),#7838,.T.);
#8155=ADVANCED_FACE('',(#7287),#7839,.T.);
#8156=ADVANCED_FACE('',(#7288),#7840,.F.);
#8157=ADVANCED_FACE('',(#7289),#7841,.F.);
#8158=ADVANCED_FACE('',(#7290),#7842,.T.);
#8159=ADVANCED_FACE('',(#7291),#7843,.F.);
#8160=ADVANCED_FACE('',(#7292),#7844,.F.);
#8161=ADVANCED_FACE('',(#7293),#7845,.T.);
#8162=ADVANCED_FACE('',(#7294),#7846,.F.);
#8163=ADVANCED_FACE('',(#7295),#7847,.T.);
#8164=ADVANCED_FACE('',(#7296),#7848,.T.);
#8165=ADVANCED_FACE('',(#7297),#7849,.F.);
#8166=ADVANCED_FACE('',(#7298),#7850,.F.);
#8167=ADVANCED_FACE('',(#7299),#7851,.T.);
#8168=ADVANCED_FACE('',(#7300),#7852,.F.);
#8169=ADVANCED_FACE('',(#7301),#7853,.T.);
#8170=ADVANCED_FACE('',(#7302),#7854,.T.);
#8171=ADVANCED_FACE('',(#7303),#7855,.F.);
#8172=ADVANCED_FACE('',(#7304),#7856,.F.);
#8173=ADVANCED_FACE('',(#7305),#7857,.T.);
#8174=ADVANCED_FACE('',(#7306),#7858,.F.);
#8175=ADVANCED_FACE('',(#7307),#7859,.F.);
#8176=ADVANCED_FACE('',(#7308),#7860,.T.);
#8177=ADVANCED_FACE('',(#7309),#7861,.F.);
#8178=ADVANCED_FACE('',(#7310,#7311),#259,.T.);
#8179=ADVANCED_FACE('',(#7312,#7313),#7862,.T.);
#8180=ADVANCED_FACE('',(#7314,#7315),#260,.T.);
#8181=ADVANCED_FACE('',(#7316,#7317),#7863,.T.);
#8182=ADVANCED_FACE('',(#7318,#7319),#261,.T.);
#8183=ADVANCED_FACE('',(#7320,#7321),#7864,.T.);
#8184=ADVANCED_FACE('',(#7322,#7323),#262,.T.);
#8185=ADVANCED_FACE('',(#7324,#7325),#7865,.T.);
#8186=ADVANCED_FACE('',(#7326),#7866,.F.);
#8187=ADVANCED_FACE('',(#7327,#7328),#263,.F.);
#8188=ADVANCED_FACE('',(#7329),#7867,.F.);
#8189=ADVANCED_FACE('',(#7330,#7331),#264,.F.);
#8190=ADVANCED_FACE('',(#7332,#7333),#265,.T.);
#8191=ADVANCED_FACE('',(#7334,#7335),#7868,.T.);
#8192=ADVANCED_FACE('',(#7336,#7337),#266,.T.);
#8193=ADVANCED_FACE('',(#7338,#7339),#7869,.T.);
#8194=ADVANCED_FACE('',(#7340),#7870,.T.);
#8195=ADVANCED_FACE('',(#7341,#7342),#267,.T.);
#8196=ADVANCED_FACE('',(#7343),#7871,.T.);
#8197=ADVANCED_FACE('',(#7344,#7345),#268,.T.);
#8198=ADVANCED_FACE('',(#7346),#7872,.T.);
#8199=ADVANCED_FACE('',(#7347),#7873,.T.);
#8200=ADVANCED_FACE('',(#7348),#7874,.T.);
#8201=ADVANCED_FACE('',(#7349),#7875,.T.);
#8202=ADVANCED_FACE('',(#7350),#7876,.T.);
#8203=ADVANCED_FACE('',(#7351),#7877,.T.);
#8204=ADVANCED_FACE('',(#7352),#7878,.T.);
#8205=ADVANCED_FACE('',(#7353),#7879,.T.);
#8206=ADVANCED_FACE('',(#7354),#7880,.T.);
#8207=ADVANCED_FACE('',(#7355),#7881,.T.);
#8208=ADVANCED_FACE('',(#7356),#7882,.T.);
#8209=ADVANCED_FACE('',(#7357),#7883,.T.);
#8210=ADVANCED_FACE('',(#7358,#7359),#210,.T.);
#8211=ADVANCED_FACE('',(#7360,#7361),#211,.T.);
#8212=ADVANCED_FACE('',(#7362,#7363),#212,.T.);
#8213=ADVANCED_FACE('',(#7364,#7365),#213,.T.);
#8214=ADVANCED_FACE('',(#7366),#7884,.F.);
#8215=ADVANCED_FACE('',(#7367),#7885,.F.);
#8216=ADVANCED_FACE('',(#7368),#7886,.T.);
#8217=ADVANCED_FACE('',(#7369),#7887,.F.);
#8218=ADVANCED_FACE('',(#7370),#7888,.F.);
#8219=ADVANCED_FACE('',(#7371),#7889,.T.);
#8220=ADVANCED_FACE('',(#7372),#7890,.F.);
#8221=ADVANCED_FACE('',(#7373),#7891,.T.);
#8222=ADVANCED_FACE('',(#7374),#7892,.F.);
#8223=ADVANCED_FACE('',(#7375),#7893,.T.);
#8224=ADVANCED_FACE('',(#7376),#7894,.T.);
#8225=ADVANCED_FACE('',(#7377),#7895,.F.);
#8226=ADVANCED_FACE('',(#7378),#7896,.T.);
#8227=ADVANCED_FACE('',(#7379),#7897,.T.);
#8228=ADVANCED_FACE('',(#7380),#7898,.F.);
#8229=ADVANCED_FACE('',(#7381),#7899,.T.);
#8230=ADVANCED_FACE('',(#7382),#7900,.T.);
#8231=ADVANCED_FACE('',(#7383),#7901,.F.);
#8232=ADVANCED_FACE('',(#7384),#7902,.F.);
#8233=ADVANCED_FACE('',(#7385),#7903,.T.);
#8234=ADVANCED_FACE('',(#7386,#7387),#7904,.T.);
#8235=ADVANCED_FACE('',(#7388),#7905,.F.);
#8236=ADVANCED_FACE('',(#7389,#7390),#269,.T.);
#8237=ADVANCED_FACE('',(#7391),#7906,.T.);
#8238=ADVANCED_FACE('',(#7392,#7393),#270,.F.);
#8239=ADVANCED_FACE('',(#7394,#7395),#271,.T.);
#8240=ADVANCED_FACE('',(#7396,#7397),#190,.T.);
#8241=ADVANCED_FACE('',(#7398,#7399),#191,.T.);
#8242=ADVANCED_FACE('',(#7400),#7907,.T.);
#8243=ADVANCED_FACE('',(#7401),#7908,.F.);
#8244=ADVANCED_FACE('',(#7402),#7909,.F.);
#8245=ADVANCED_FACE('',(#7403),#7910,.T.);
#8246=ADVANCED_FACE('',(#7404,#7405),#7911,.T.);
#8247=ADVANCED_FACE('',(#7406),#7912,.F.);
#8248=ADVANCED_FACE('',(#7407,#7408),#272,.T.);
#8249=ADVANCED_FACE('',(#7409),#7913,.T.);
#8250=ADVANCED_FACE('',(#7410),#7914,.T.);
#8251=ADVANCED_FACE('',(#7411),#7915,.F.);
#8252=ADVANCED_FACE('',(#7412),#7916,.F.);
#8253=ADVANCED_FACE('',(#7413),#7917,.T.);
#8254=ADVANCED_FACE('',(#7414,#7415),#7918,.T.);
#8255=ADVANCED_FACE('',(#7416),#7919,.F.);
#8256=ADVANCED_FACE('',(#7417,#7418),#273,.T.);
#8257=ADVANCED_FACE('',(#7419),#7920,.T.);
#8258=ADVANCED_FACE('',(#7420,#7421),#274,.T.);
#8259=ADVANCED_FACE('',(#7422),#7921,.F.);
#8260=ADVANCED_FACE('',(#7423),#7922,.F.);
#8261=ADVANCED_FACE('',(#7424),#275,.F.);
#8262=ADVANCED_FACE('',(#7425),#7923,.T.);
#8263=ADVANCED_FACE('',(#7426),#276,.F.);
#8264=ADVANCED_FACE('',(#7427,#7428),#7924,.T.);
#8265=ADVANCED_FACE('',(#7429),#7925,.T.);
#8266=ADVANCED_FACE('',(#7430),#7926,.F.);
#8267=ADVANCED_FACE('',(#7431),#7927,.T.);
#8268=ADVANCED_FACE('',(#7432),#7928,.T.);
#8269=ADVANCED_FACE('',(#7433),#277,.T.);
#8270=ADVANCED_FACE('',(#7434),#278,.T.);
#8271=ADVANCED_FACE('',(#7435),#279,.T.);
#8272=ADVANCED_FACE('',(#7436),#280,.T.);
#8273=ADVANCED_FACE('',(#7437),#281,.F.);
#8274=ADVANCED_FACE('',(#7438),#282,.F.);
#8275=ADVANCED_FACE('',(#7439),#7929,.F.);
#8276=ADVANCED_FACE('',(#7440),#7930,.T.);
#8277=ADVANCED_FACE('',(#7441),#7931,.T.);
#8278=ADVANCED_FACE('',(#7442),#283,.T.);
#8279=ADVANCED_FACE('',(#7443),#284,.T.);
#8280=ADVANCED_FACE('',(#7444),#285,.T.);
#8281=ADVANCED_FACE('',(#7445),#286,.T.);
#8282=ADVANCED_FACE('',(#7446),#287,.F.);
#8283=ADVANCED_FACE('',(#7447),#7932,.F.);
#8284=ADVANCED_FACE('',(#7448),#7933,.T.);
#8285=ADVANCED_FACE('',(#7449),#7934,.T.);
#8286=ADVANCED_FACE('',(#7450),#288,.T.);
#8287=ADVANCED_FACE('',(#7451),#289,.T.);
#8288=ADVANCED_FACE('',(#7452),#290,.T.);
#8289=ADVANCED_FACE('',(#7453),#291,.T.);
#8290=ADVANCED_FACE('',(#7454),#292,.F.);
#8291=ADVANCED_FACE('',(#7455),#7935,.F.);
#8292=ADVANCED_FACE('',(#7456),#7936,.T.);
#8293=ADVANCED_FACE('',(#7457),#7937,.T.);
#8294=ADVANCED_FACE('',(#7458),#293,.T.);
#8295=ADVANCED_FACE('',(#7459),#294,.T.);
#8296=ADVANCED_FACE('',(#7460),#295,.T.);
#8297=ADVANCED_FACE('',(#7461),#296,.T.);
#8298=ADVANCED_FACE('',(#7462),#297,.T.);
#8299=ADVANCED_FACE('',(#7463),#298,.F.);
#8300=ADVANCED_FACE('',(#7464),#7938,.F.);
#8301=ADVANCED_FACE('',(#7465),#7939,.T.);
#8302=ADVANCED_FACE('',(#7466),#7940,.T.);
#8303=ADVANCED_FACE('',(#7467),#299,.T.);
#8304=ADVANCED_FACE('',(#7468),#300,.T.);
#8305=ADVANCED_FACE('',(#7469),#301,.T.);
#8306=ADVANCED_FACE('',(#7470),#302,.T.);
#8307=ADVANCED_FACE('',(#7471,#7472),#303,.T.);
#8308=ADVANCED_FACE('',(#7473,#7474),#192,.T.);
#8309=ADVANCED_FACE('',(#7475,#7476),#193,.T.);
#8310=ADVANCED_FACE('',(#7477,#7478),#304,.F.);
#8311=ADVANCED_FACE('',(#7479,#7480),#305,.T.);
#8312=ADVANCED_FACE('',(#7481,#7482),#194,.T.);
#8313=ADVANCED_FACE('',(#7483,#7484),#195,.T.);
#8314=ADVANCED_FACE('',(#7485,#7486),#306,.T.);
#8315=ADVANCED_FACE('',(#7487),#7941,.F.);
#8316=ADVANCED_FACE('',(#7488),#7942,.F.);
#8317=ADVANCED_FACE('',(#7489),#307,.F.);
#8318=ADVANCED_FACE('',(#7490),#7943,.T.);
#8319=ADVANCED_FACE('',(#7491),#308,.F.);
#8320=ADVANCED_FACE('',(#7492,#7493),#7944,.T.);
#8321=ADVANCED_FACE('',(#7494),#7945,.T.);
#8322=ADVANCED_FACE('',(#7495),#7946,.F.);
#8323=ADVANCED_FACE('',(#7496),#7947,.T.);
#8324=ADVANCED_FACE('',(#7497),#7948,.T.);
#8325=ADVANCED_FACE('',(#7498),#309,.T.);
#8326=ADVANCED_FACE('',(#7499),#310,.T.);
#8327=ADVANCED_FACE('',(#7500),#311,.T.);
#8328=ADVANCED_FACE('',(#7501),#312,.T.);
#8329=ADVANCED_FACE('',(#7502),#313,.F.);
#8330=ADVANCED_FACE('',(#7503),#314,.F.);
#8331=ADVANCED_FACE('',(#7504),#7949,.F.);
#8332=ADVANCED_FACE('',(#7505),#7950,.T.);
#8333=ADVANCED_FACE('',(#7506),#7951,.T.);
#8334=ADVANCED_FACE('',(#7507),#315,.T.);
#8335=ADVANCED_FACE('',(#7508),#316,.T.);
#8336=ADVANCED_FACE('',(#7509),#317,.T.);
#8337=ADVANCED_FACE('',(#7510),#318,.T.);
#8338=ADVANCED_FACE('',(#7511),#319,.F.);
#8339=ADVANCED_FACE('',(#7512),#7952,.F.);
#8340=ADVANCED_FACE('',(#7513),#7953,.T.);
#8341=ADVANCED_FACE('',(#7514),#7954,.T.);
#8342=ADVANCED_FACE('',(#7515),#320,.T.);
#8343=ADVANCED_FACE('',(#7516),#321,.T.);
#8344=ADVANCED_FACE('',(#7517),#322,.T.);
#8345=ADVANCED_FACE('',(#7518),#323,.T.);
#8346=ADVANCED_FACE('',(#7519),#324,.F.);
#8347=ADVANCED_FACE('',(#7520),#7955,.F.);
#8348=ADVANCED_FACE('',(#7521),#7956,.T.);
#8349=ADVANCED_FACE('',(#7522),#7957,.T.);
#8350=ADVANCED_FACE('',(#7523),#325,.T.);
#8351=ADVANCED_FACE('',(#7524),#326,.T.);
#8352=ADVANCED_FACE('',(#7525),#327,.T.);
#8353=ADVANCED_FACE('',(#7526),#328,.T.);
#8354=ADVANCED_FACE('',(#7527),#329,.T.);
#8355=ADVANCED_FACE('',(#7528),#330,.F.);
#8356=ADVANCED_FACE('',(#7529),#7958,.F.);
#8357=ADVANCED_FACE('',(#7530),#7959,.T.);
#8358=ADVANCED_FACE('',(#7531),#7960,.T.);
#8359=ADVANCED_FACE('',(#7532),#331,.T.);
#8360=ADVANCED_FACE('',(#7533),#332,.T.);
#8361=ADVANCED_FACE('',(#7534),#333,.T.);
#8362=ADVANCED_FACE('',(#7535),#334,.T.);
#8363=ADVANCED_FACE('',(#7536,#7537),#335,.T.);
#8364=ADVANCED_FACE('',(#7538,#7539),#196,.T.);
#8365=ADVANCED_FACE('',(#7540,#7541),#197,.T.);
#8366=ADVANCED_FACE('',(#7542,#7543),#336,.T.);
#8367=ADVANCED_FACE('',(#7544),#7961,.F.);
#8368=ADVANCED_FACE('',(#7545),#7962,.F.);
#8369=ADVANCED_FACE('',(#7546),#7963,.F.);
#8370=ADVANCED_FACE('',(#7547),#7964,.F.);
#8371=ADVANCED_FACE('',(#7548),#7965,.F.);
#8372=ADVANCED_FACE('',(#7549),#7966,.F.);
#8373=ADVANCED_FACE('',(#7550),#337,.F.);
#8374=ADVANCED_FACE('',(#7551),#7967,.T.);
#8375=ADVANCED_FACE('',(#7552),#338,.F.);
#8376=ADVANCED_FACE('',(#7553,#7554),#7968,.T.);
#8377=ADVANCED_FACE('',(#7555),#7969,.T.);
#8378=ADVANCED_FACE('',(#7556),#7970,.F.);
#8379=ADVANCED_FACE('',(#7557),#7971,.T.);
#8380=ADVANCED_FACE('',(#7558),#7972,.T.);
#8381=ADVANCED_FACE('',(#7559),#339,.T.);
#8382=ADVANCED_FACE('',(#7560),#340,.T.);
#8383=ADVANCED_FACE('',(#7561),#341,.T.);
#8384=ADVANCED_FACE('',(#7562),#342,.T.);
#8385=ADVANCED_FACE('',(#7563),#343,.F.);
#8386=ADVANCED_FACE('',(#7564),#344,.F.);
#8387=ADVANCED_FACE('',(#7565),#7973,.F.);
#8388=ADVANCED_FACE('',(#7566),#7974,.T.);
#8389=ADVANCED_FACE('',(#7567),#7975,.T.);
#8390=ADVANCED_FACE('',(#7568),#345,.T.);
#8391=ADVANCED_FACE('',(#7569),#346,.T.);
#8392=ADVANCED_FACE('',(#7570),#347,.T.);
#8393=ADVANCED_FACE('',(#7571),#348,.T.);
#8394=ADVANCED_FACE('',(#7572),#349,.F.);
#8395=ADVANCED_FACE('',(#7573),#7976,.F.);
#8396=ADVANCED_FACE('',(#7574),#7977,.T.);
#8397=ADVANCED_FACE('',(#7575),#7978,.T.);
#8398=ADVANCED_FACE('',(#7576),#350,.T.);
#8399=ADVANCED_FACE('',(#7577),#351,.T.);
#8400=ADVANCED_FACE('',(#7578),#352,.T.);
#8401=ADVANCED_FACE('',(#7579),#353,.T.);
#8402=ADVANCED_FACE('',(#7580),#354,.F.);
#8403=ADVANCED_FACE('',(#7581),#7979,.F.);
#8404=ADVANCED_FACE('',(#7582),#7980,.T.);
#8405=ADVANCED_FACE('',(#7583),#7981,.T.);
#8406=ADVANCED_FACE('',(#7584),#355,.T.);
#8407=ADVANCED_FACE('',(#7585),#356,.T.);
#8408=ADVANCED_FACE('',(#7586),#357,.T.);
#8409=ADVANCED_FACE('',(#7587),#358,.T.);
#8410=ADVANCED_FACE('',(#7588),#359,.T.);
#8411=ADVANCED_FACE('',(#7589),#360,.F.);
#8412=ADVANCED_FACE('',(#7590),#7982,.F.);
#8413=ADVANCED_FACE('',(#7591),#7983,.T.);
#8414=ADVANCED_FACE('',(#7592),#7984,.T.);
#8415=ADVANCED_FACE('',(#7593),#361,.T.);
#8416=ADVANCED_FACE('',(#7594),#362,.T.);
#8417=ADVANCED_FACE('',(#7595),#363,.T.);
#8418=ADVANCED_FACE('',(#7596),#364,.T.);
#8419=ADVANCED_FACE('',(#7597,#7598),#365,.T.);
#8420=ADVANCED_FACE('',(#7599,#7600),#198,.T.);
#8421=ADVANCED_FACE('',(#7601,#7602),#199,.T.);
#8422=ADVANCED_FACE('',(#7603),#366,.F.);
#8423=ADVANCED_FACE('',(#7604),#367,.F.);
#8424=ADVANCED_FACE('',(#7605),#368,.F.);
#8425=ADVANCED_FACE('',(#7606),#369,.F.);
#8426=ADVANCED_FACE('',(#7607),#370,.F.);
#8427=ADVANCED_FACE('',(#7608),#7985,.T.);
#8428=ADVANCED_FACE('',(#7609,#7610),#371,.F.);
#8429=ADVANCED_FACE('',(#7611,#7612),#372,.T.);
#8430=ADVANCED_FACE('',(#7613,#7614),#200,.T.);
#8431=ADVANCED_FACE('',(#7615,#7616),#201,.T.);
#8432=ADVANCED_FACE('',(#7617,#7618),#373,.F.);
#8433=ADVANCED_FACE('',(#7619,#7620),#374,.T.);
#8434=ADVANCED_FACE('',(#7621,#7622),#202,.T.);
#8435=ADVANCED_FACE('',(#7623,#7624),#203,.T.);
#8436=ADVANCED_FACE('',(#7625),#7986,.F.);
#8437=ADVANCED_FACE('',(#7626),#7987,.F.);
#8438=ADVANCED_FACE('',(#7627),#7988,.F.);
#8439=ADVANCED_FACE('',(#7628),#7989,.F.);
#8440=ADVANCED_FACE('',(#7629,#7630),#375,.T.);
#8441=ADVANCED_FACE('',(#7631),#7990,.F.);
#8442=ADVANCED_FACE('',(#7632),#7991,.F.);
#8443=ADVANCED_FACE('',(#7633),#376,.F.);
#8444=ADVANCED_FACE('',(#7634),#7992,.T.);
#8445=ADVANCED_FACE('',(#7635),#377,.F.);
#8446=ADVANCED_FACE('',(#7636,#7637),#7993,.T.);
#8447=ADVANCED_FACE('',(#7638),#7994,.T.);
#8448=ADVANCED_FACE('',(#7639),#7995,.F.);
#8449=ADVANCED_FACE('',(#7640),#7996,.T.);
#8450=ADVANCED_FACE('',(#7641),#7997,.T.);
#8451=ADVANCED_FACE('',(#7642),#378,.T.);
#8452=ADVANCED_FACE('',(#7643),#379,.T.);
#8453=ADVANCED_FACE('',(#7644),#380,.T.);
#8454=ADVANCED_FACE('',(#7645),#381,.T.);
#8455=ADVANCED_FACE('',(#7646),#382,.F.);
#8456=ADVANCED_FACE('',(#7647),#383,.F.);
#8457=ADVANCED_FACE('',(#7648),#7998,.F.);
#8458=ADVANCED_FACE('',(#7649),#7999,.T.);
#8459=ADVANCED_FACE('',(#7650),#8000,.T.);
#8460=ADVANCED_FACE('',(#7651),#384,.T.);
#8461=ADVANCED_FACE('',(#7652),#385,.T.);
#8462=ADVANCED_FACE('',(#7653),#386,.T.);
#8463=ADVANCED_FACE('',(#7654),#387,.T.);
#8464=ADVANCED_FACE('',(#7655),#388,.F.);
#8465=ADVANCED_FACE('',(#7656),#8001,.F.);
#8466=ADVANCED_FACE('',(#7657),#8002,.T.);
#8467=ADVANCED_FACE('',(#7658),#8003,.T.);
#8468=ADVANCED_FACE('',(#7659),#389,.T.);
#8469=ADVANCED_FACE('',(#7660),#390,.T.);
#8470=ADVANCED_FACE('',(#7661),#391,.T.);
#8471=ADVANCED_FACE('',(#7662),#392,.T.);
#8472=ADVANCED_FACE('',(#7663),#393,.F.);
#8473=ADVANCED_FACE('',(#7664),#8004,.F.);
#8474=ADVANCED_FACE('',(#7665),#8005,.T.);
#8475=ADVANCED_FACE('',(#7666),#8006,.T.);
#8476=ADVANCED_FACE('',(#7667),#394,.T.);
#8477=ADVANCED_FACE('',(#7668),#395,.T.);
#8478=ADVANCED_FACE('',(#7669),#396,.T.);
#8479=ADVANCED_FACE('',(#7670),#397,.T.);
#8480=ADVANCED_FACE('',(#7671),#398,.T.);
#8481=ADVANCED_FACE('',(#7672),#399,.F.);
#8482=ADVANCED_FACE('',(#7673),#8007,.F.);
#8483=ADVANCED_FACE('',(#7674),#8008,.T.);
#8484=ADVANCED_FACE('',(#7675),#8009,.T.);
#8485=ADVANCED_FACE('',(#7676),#400,.T.);
#8486=ADVANCED_FACE('',(#7677),#401,.T.);
#8487=ADVANCED_FACE('',(#7678),#402,.T.);
#8488=ADVANCED_FACE('',(#7679),#403,.T.);
#8489=ADVANCED_FACE('',(#7680,#7681),#404,.T.);
#8490=ADVANCED_FACE('',(#7682,#7683),#204,.T.);
#8491=ADVANCED_FACE('',(#7684,#7685),#205,.T.);
#8492=ADVANCED_FACE('',(#7686),#405,.F.);
#8493=ADVANCED_FACE('',(#7687),#406,.F.);
#8494=ADVANCED_FACE('',(#7688),#407,.F.);
#8495=ADVANCED_FACE('',(#7689),#408,.F.);
#8496=ADVANCED_FACE('',(#7690),#409,.F.);
#8497=ADVANCED_FACE('',(#7691),#8010,.T.);
#8498=ADVANCED_FACE('',(#7692,#7693),#410,.F.);
#8499=ADVANCED_FACE('',(#7694,#7695),#411,.T.);
#8500=ADVANCED_FACE('',(#7696,#7697),#206,.T.);
#8501=ADVANCED_FACE('',(#7698,#7699),#207,.T.);
#8502=ADVANCED_FACE('',(#7700,#7701),#412,.F.);
#8503=ADVANCED_FACE('',(#7702,#7703),#413,.T.);
#8504=ADVANCED_FACE('',(#7704,#7705),#208,.T.);
#8505=ADVANCED_FACE('',(#7706,#7707),#209,.T.);
#8506=CLOSED_SHELL('',(#8011,#8012,#8013,#8014,#8015,#8016,#8017,#8018,
#8019,#8020,#8021,#8022,#8023,#8024,#8025,#8026,#8027,#8028,#8029,#8030,
#8031,#8032,#8033,#8034,#8035,#8036,#8037,#8038,#8039,#8040,#8041,#8042,
#8043,#8044,#8045,#8046,#8047,#8048,#8049,#8050,#8051,#8052,#8053,#8054,
#8055,#8056,#8057,#8058,#8059,#8060,#8061,#8062,#8063,#8064,#8065,#8066,
#8067,#8068,#8069,#8070,#8071,#8072,#8073,#8074,#8075,#8076,#8077,#8078,
#8079,#8080,#8081,#8082,#8083,#8084,#8085,#8086,#8087,#8088,#8089,#8090,
#8091,#8092,#8093,#8094,#8095,#8096,#8097,#8098,#8099,#8100,#8101,#8102,
#8103,#8104,#8105,#8106,#8107,#8108,#8109,#8110,#8111,#8112,#8113,#8114,
#8115,#8116,#8117));
#8507=CLOSED_SHELL('',(#8118,#8119,#8120,#8121,#8122,#8123,#8124,#8125));
#8508=CLOSED_SHELL('',(#8126,#8127,#8128,#8129,#8130,#8131,#8132,#8133,
#8134,#8135,#8136,#8137,#8138,#8139,#8140,#8141,#8142,#8143,#8144,#8145,
#8146,#8147,#8148,#8149,#8150,#8151,#8152,#8153,#8154,#8155,#8156,#8157,
#8158,#8159,#8160,#8161,#8162,#8163,#8164,#8165,#8166,#8167,#8168,#8169,
#8170,#8171,#8172,#8173,#8174,#8175,#8176,#8177,#8178,#8179,#8180,#8181,
#8182,#8183,#8184,#8185,#8186,#8187,#8188,#8189,#8190,#8191,#8192,#8193,
#8194,#8195,#8196,#8197,#8198,#8199,#8200,#8201,#8202,#8203,#8204,#8205,
#8206,#8207,#8208,#8209,#8210,#8211,#8212,#8213,#8214,#8215,#8216,#8217,
#8218,#8219,#8220,#8221,#8222,#8223,#8224,#8225,#8226,#8227,#8228,#8229));
#8509=CLOSED_SHELL('',(#8230,#8231,#8232,#8233,#8234,#8235,#8236,#8237));
#8510=CLOSED_SHELL('',(#8238,#8239,#8240,#8241));
#8511=CLOSED_SHELL('',(#8242,#8243,#8244,#8245,#8246,#8247,#8248,#8249));
#8512=CLOSED_SHELL('',(#8250,#8251,#8252,#8253,#8254,#8255,#8256,#8257));
#8513=CLOSED_SHELL('',(#8258,#8259,#8260,#8261,#8262,#8263,#8264,#8265,
#8266,#8267,#8268,#8269,#8270,#8271,#8272,#8273,#8274,#8275,#8276,#8277,
#8278,#8279,#8280,#8281,#8282,#8283,#8284,#8285,#8286,#8287,#8288,#8289,
#8290,#8291,#8292,#8293,#8294,#8295,#8296,#8297,#8298,#8299,#8300,#8301,
#8302,#8303,#8304,#8305,#8306,#8307,#8308,#8309));
#8514=CLOSED_SHELL('',(#8310,#8311,#8312,#8313));
#8515=CLOSED_SHELL('',(#8314,#8315,#8316,#8317,#8318,#8319,#8320,#8321,
#8322,#8323,#8324,#8325,#8326,#8327,#8328,#8329,#8330,#8331,#8332,#8333,
#8334,#8335,#8336,#8337,#8338,#8339,#8340,#8341,#8342,#8343,#8344,#8345,
#8346,#8347,#8348,#8349,#8350,#8351,#8352,#8353,#8354,#8355,#8356,#8357,
#8358,#8359,#8360,#8361,#8362,#8363,#8364,#8365));
#8516=CLOSED_SHELL('',(#8366,#8367,#8368,#8369,#8370,#8371,#8372,#8373,
#8374,#8375,#8376,#8377,#8378,#8379,#8380,#8381,#8382,#8383,#8384,#8385,
#8386,#8387,#8388,#8389,#8390,#8391,#8392,#8393,#8394,#8395,#8396,#8397,
#8398,#8399,#8400,#8401,#8402,#8403,#8404,#8405,#8406,#8407,#8408,#8409,
#8410,#8411,#8412,#8413,#8414,#8415,#8416,#8417,#8418,#8419,#8420,#8421,
#8422,#8423,#8424,#8425,#8426,#8427));
#8517=CLOSED_SHELL('',(#8428,#8429,#8430,#8431));
#8518=CLOSED_SHELL('',(#8432,#8433,#8434,#8435));
#8519=CLOSED_SHELL('',(#8436,#8437,#8438,#8439,#8440,#8441,#8442,#8443,
#8444,#8445,#8446,#8447,#8448,#8449,#8450,#8451,#8452,#8453,#8454,#8455,
#8456,#8457,#8458,#8459,#8460,#8461,#8462,#8463,#8464,#8465,#8466,#8467,
#8468,#8469,#8470,#8471,#8472,#8473,#8474,#8475,#8476,#8477,#8478,#8479,
#8480,#8481,#8482,#8483,#8484,#8485,#8486,#8487,#8488,#8489,#8490,#8491,
#8492,#8493,#8494,#8495,#8496,#8497));
#8520=CLOSED_SHELL('',(#8498,#8499,#8500,#8501));
#8521=CLOSED_SHELL('',(#8502,#8503,#8504,#8505));
#8522=STYLED_ITEM('',(#8538),#8638);
#8523=STYLED_ITEM('',(#8539),#8639);
#8524=STYLED_ITEM('',(#8540),#8640);
#8525=STYLED_ITEM('',(#8541),#8641);
#8526=STYLED_ITEM('',(#8542),#8642);
#8527=STYLED_ITEM('',(#8543),#8643);
#8528=STYLED_ITEM('',(#8544),#8644);
#8529=STYLED_ITEM('',(#8545),#8645);
#8530=STYLED_ITEM('',(#8546),#8646);
#8531=STYLED_ITEM('',(#8547),#8647);
#8532=STYLED_ITEM('',(#8548),#8648);
#8533=STYLED_ITEM('',(#8549),#8649);
#8534=STYLED_ITEM('',(#8550),#8650);
#8535=STYLED_ITEM('',(#8551),#8651);
#8536=STYLED_ITEM('',(#8552),#8652);
#8537=STYLED_ITEM('',(#8553),#8653);
#8538=PRESENTATION_STYLE_ASSIGNMENT((#8554));
#8539=PRESENTATION_STYLE_ASSIGNMENT((#8555));
#8540=PRESENTATION_STYLE_ASSIGNMENT((#8556));
#8541=PRESENTATION_STYLE_ASSIGNMENT((#8557));
#8542=PRESENTATION_STYLE_ASSIGNMENT((#8558));
#8543=PRESENTATION_STYLE_ASSIGNMENT((#8559));
#8544=PRESENTATION_STYLE_ASSIGNMENT((#8560));
#8545=PRESENTATION_STYLE_ASSIGNMENT((#8561));
#8546=PRESENTATION_STYLE_ASSIGNMENT((#8562));
#8547=PRESENTATION_STYLE_ASSIGNMENT((#8563));
#8548=PRESENTATION_STYLE_ASSIGNMENT((#8564));
#8549=PRESENTATION_STYLE_ASSIGNMENT((#8565));
#8550=PRESENTATION_STYLE_ASSIGNMENT((#8566));
#8551=PRESENTATION_STYLE_ASSIGNMENT((#8567));
#8552=PRESENTATION_STYLE_ASSIGNMENT((#8568));
#8553=PRESENTATION_STYLE_ASSIGNMENT((#8569));
#8554=SURFACE_STYLE_USAGE(.BOTH.,#8570);
#8555=SURFACE_STYLE_USAGE(.BOTH.,#8571);
#8556=SURFACE_STYLE_USAGE(.BOTH.,#8572);
#8557=SURFACE_STYLE_USAGE(.BOTH.,#8573);
#8558=SURFACE_STYLE_USAGE(.BOTH.,#8574);
#8559=SURFACE_STYLE_USAGE(.BOTH.,#8575);
#8560=SURFACE_STYLE_USAGE(.BOTH.,#8576);
#8561=SURFACE_STYLE_USAGE(.BOTH.,#8577);
#8562=SURFACE_STYLE_USAGE(.BOTH.,#8578);
#8563=SURFACE_STYLE_USAGE(.BOTH.,#8579);
#8564=SURFACE_STYLE_USAGE(.BOTH.,#8580);
#8565=SURFACE_STYLE_USAGE(.BOTH.,#8581);
#8566=SURFACE_STYLE_USAGE(.BOTH.,#8582);
#8567=SURFACE_STYLE_USAGE(.BOTH.,#8583);
#8568=SURFACE_STYLE_USAGE(.BOTH.,#8584);
#8569=SURFACE_STYLE_USAGE(.BOTH.,#8585);
#8570=SURFACE_SIDE_STYLE('',(#8586));
#8571=SURFACE_SIDE_STYLE('',(#8587));
#8572=SURFACE_SIDE_STYLE('',(#8588));
#8573=SURFACE_SIDE_STYLE('',(#8589));
#8574=SURFACE_SIDE_STYLE('',(#8590));
#8575=SURFACE_SIDE_STYLE('',(#8591));
#8576=SURFACE_SIDE_STYLE('',(#8592));
#8577=SURFACE_SIDE_STYLE('',(#8593));
#8578=SURFACE_SIDE_STYLE('',(#8594));
#8579=SURFACE_SIDE_STYLE('',(#8595));
#8580=SURFACE_SIDE_STYLE('',(#8596));
#8581=SURFACE_SIDE_STYLE('',(#8597));
#8582=SURFACE_SIDE_STYLE('',(#8598));
#8583=SURFACE_SIDE_STYLE('',(#8599));
#8584=SURFACE_SIDE_STYLE('',(#8600));
#8585=SURFACE_SIDE_STYLE('',(#8601));
#8586=SURFACE_STYLE_FILL_AREA(#8602);
#8587=SURFACE_STYLE_FILL_AREA(#8603);
#8588=SURFACE_STYLE_FILL_AREA(#8604);
#8589=SURFACE_STYLE_FILL_AREA(#8605);
#8590=SURFACE_STYLE_FILL_AREA(#8606);
#8591=SURFACE_STYLE_FILL_AREA(#8607);
#8592=SURFACE_STYLE_FILL_AREA(#8608);
#8593=SURFACE_STYLE_FILL_AREA(#8609);
#8594=SURFACE_STYLE_FILL_AREA(#8610);
#8595=SURFACE_STYLE_FILL_AREA(#8611);
#8596=SURFACE_STYLE_FILL_AREA(#8612);
#8597=SURFACE_STYLE_FILL_AREA(#8613);
#8598=SURFACE_STYLE_FILL_AREA(#8614);
#8599=SURFACE_STYLE_FILL_AREA(#8615);
#8600=SURFACE_STYLE_FILL_AREA(#8616);
#8601=SURFACE_STYLE_FILL_AREA(#8617);
#8602=FILL_AREA_STYLE('',(#8618));
#8603=FILL_AREA_STYLE('',(#8619));
#8604=FILL_AREA_STYLE('',(#8620));
#8605=FILL_AREA_STYLE('',(#8621));
#8606=FILL_AREA_STYLE('',(#8622));
#8607=FILL_AREA_STYLE('',(#8623));
#8608=FILL_AREA_STYLE('',(#8624));
#8609=FILL_AREA_STYLE('',(#8625));
#8610=FILL_AREA_STYLE('',(#8626));
#8611=FILL_AREA_STYLE('',(#8627));
#8612=FILL_AREA_STYLE('',(#8628));
#8613=FILL_AREA_STYLE('',(#8629));
#8614=FILL_AREA_STYLE('',(#8630));
#8615=FILL_AREA_STYLE('',(#8631));
#8616=FILL_AREA_STYLE('',(#8632));
#8617=FILL_AREA_STYLE('',(#8633));
#8618=FILL_AREA_STYLE_COLOUR('',#8634);
#8619=FILL_AREA_STYLE_COLOUR('',#8635);
#8620=FILL_AREA_STYLE_COLOUR('',#8636);
#8621=FILL_AREA_STYLE_COLOUR('',#8635);
#8622=FILL_AREA_STYLE_COLOUR('',#8637);
#8623=FILL_AREA_STYLE_COLOUR('',#8635);
#8624=FILL_AREA_STYLE_COLOUR('',#8635);
#8625=FILL_AREA_STYLE_COLOUR('',#8637);
#8626=FILL_AREA_STYLE_COLOUR('',#8637);
#8627=FILL_AREA_STYLE_COLOUR('',#8637);
#8628=FILL_AREA_STYLE_COLOUR('',#8637);
#8629=FILL_AREA_STYLE_COLOUR('',#8637);
#8630=FILL_AREA_STYLE_COLOUR('',#8637);
#8631=FILL_AREA_STYLE_COLOUR('',#8637);
#8632=FILL_AREA_STYLE_COLOUR('',#8637);
#8633=FILL_AREA_STYLE_COLOUR('',#8637);
#8634=COLOUR_RGB('',0.768627450980392,0.886274509803922,0.952941176470588);
#8635=COLOUR_RGB('',0.917647058823529,0.917647058823529,0.917647058823529);
#8636=COLOUR_RGB('',0.231372549019608,0.380392156862745,0.705882352941177);
#8637=COLOUR_RGB('',0.647058823529412,0.647058823529412,0.647058823529412);
#8638=MANIFOLD_SOLID_BREP('Large casing (bottom section)',#8506);
#8639=MANIFOLD_SOLID_BREP('Motor model#1',#8507);
#8640=MANIFOLD_SOLID_BREP('Large casing(top section)',#8508);
#8641=MANIFOLD_SOLID_BREP('Motor model#3',#8509);
#8642=MANIFOLD_SOLID_BREP('Wheel #2',#8510);
#8643=MANIFOLD_SOLID_BREP('Motor model #2',#8511);
#8644=MANIFOLD_SOLID_BREP('Motor model#4',#8512);
#8645=MANIFOLD_SOLID_BREP('x-axis movement wheel mount #1',#8513);
#8646=MANIFOLD_SOLID_BREP('Top wheel #2',#8514);
#8647=MANIFOLD_SOLID_BREP('x-axis movement wheel mount #2',#8515);
#8648=MANIFOLD_SOLID_BREP('y-axis movement wheel mount#1',#8516);
#8649=MANIFOLD_SOLID_BREP('Top wheel #1',#8517);
#8650=MANIFOLD_SOLID_BREP('Wheel#3',#8518);
#8651=MANIFOLD_SOLID_BREP('y-axis movement wheel mount#2',#8519);
#8652=MANIFOLD_SOLID_BREP('Wheel#4',#8520);
#8653=MANIFOLD_SOLID_BREP('Wheel#1',#8521);
#8654=SHAPE_DEFINITION_REPRESENTATION(#14844,#8670);
#8655=SHAPE_DEFINITION_REPRESENTATION(#14845,#8671);
#8656=SHAPE_DEFINITION_REPRESENTATION(#14846,#8672);
#8657=SHAPE_DEFINITION_REPRESENTATION(#14847,#8673);
#8658=SHAPE_DEFINITION_REPRESENTATION(#14848,#8674);
#8659=SHAPE_DEFINITION_REPRESENTATION(#14849,#8675);
#8660=SHAPE_DEFINITION_REPRESENTATION(#14850,#8676);
#8661=SHAPE_DEFINITION_REPRESENTATION(#14851,#8677);
#8662=SHAPE_DEFINITION_REPRESENTATION(#14852,#8678);
#8663=SHAPE_DEFINITION_REPRESENTATION(#14853,#8679);
#8664=SHAPE_DEFINITION_REPRESENTATION(#14854,#8680);
#8665=SHAPE_DEFINITION_REPRESENTATION(#14855,#8681);
#8666=SHAPE_DEFINITION_REPRESENTATION(#14856,#8682);
#8667=SHAPE_DEFINITION_REPRESENTATION(#14857,#8683);
#8668=SHAPE_DEFINITION_REPRESENTATION(#14858,#8684);
#8669=SHAPE_DEFINITION_REPRESENTATION(#14859,#8685);
#8670=SHAPE_REPRESENTATION('Large casing (bottom section)',(#8686),#14764);
#8671=SHAPE_REPRESENTATION('Motor model#1',(#8814),#14765);
#8672=SHAPE_REPRESENTATION('Large casing(top section)',(#8825),#14766);
#8673=SHAPE_REPRESENTATION('Motor model#3',(#8958),#14767);
#8674=SHAPE_REPRESENTATION('Wheel #2',(#8969),#14768);
#8675=SHAPE_REPRESENTATION('Motor model #2',(#8978),#14769);
#8676=SHAPE_REPRESENTATION('Motor model#4',(#8989),#14770);
#8677=SHAPE_REPRESENTATION('x-axis movement wheel mount #1',(#9000),#14771);
#8678=SHAPE_REPRESENTATION('Top wheel #2',(#9094),#14772);
#8679=SHAPE_REPRESENTATION('x-axis movement wheel mount #2',(#9103),#14773);
#8680=SHAPE_REPRESENTATION('y-axis movement wheel mount#1',(#9197),#14774);
#8681=SHAPE_REPRESENTATION('Top wheel #1',(#9311),#14775);
#8682=SHAPE_REPRESENTATION('Wheel#3',(#9320),#14776);
#8683=SHAPE_REPRESENTATION('y-axis movement wheel mount#2',(#9329),#14777);
#8684=SHAPE_REPRESENTATION('Wheel#4',(#9443),#14778);
#8685=SHAPE_REPRESENTATION('Wheel#1',(#9452),#14779);
#8686=AXIS2_PLACEMENT_3D('',#11763,#9461,#9462);
#8687=AXIS2_PLACEMENT_3D('',#11764,#9463,#9464);
#8688=AXIS2_PLACEMENT_3D('',#11777,#9471,#9472);
#8689=AXIS2_PLACEMENT_3D('',#11790,#9479,#9480);
#8690=AXIS2_PLACEMENT_3D('',#11803,#9487,#9488);
#8691=AXIS2_PLACEMENT_3D('',#11816,#9495,#9496);
#8692=AXIS2_PLACEMENT_3D('',#11822,#9500,#9501);
#8693=AXIS2_PLACEMENT_3D('',#11828,#9505,#9506);
#8694=AXIS2_PLACEMENT_3D('',#11841,#9514,#9515);
#8695=AXIS2_PLACEMENT_3D('',#11847,#9519,#9520);
#8696=AXIS2_PLACEMENT_3D('',#11856,#9525,#9526);
#8697=AXIS2_PLACEMENT_3D('',#11865,#9531,#9532);
#8698=AXIS2_PLACEMENT_3D('',#11868,#9535,#9536);
#8699=AXIS2_PLACEMENT_3D('',#11877,#9542,#9543);
#8700=AXIS2_PLACEMENT_3D('',#11879,#9545,#9546);
#8701=AXIS2_PLACEMENT_3D('',#11881,#9548,#9549);
#8702=AXIS2_PLACEMENT_3D('',#11889,#9554,#9555);
#8703=AXIS2_PLACEMENT_3D('',#11897,#9560,#9561);
#8704=AXIS2_PLACEMENT_3D('',#11899,#9563,#9564);
#8705=AXIS2_PLACEMENT_3D('',#11901,#9566,#9567);
#8706=AXIS2_PLACEMENT_3D('',#11903,#9569,#9570);
#8707=AXIS2_PLACEMENT_3D('',#11904,#9571,#9572);
#8708=AXIS2_PLACEMENT_3D('',#11953,#9599,#9600);
#8709=AXIS2_PLACEMENT_3D('',#11955,#9601,#9602);
#8710=AXIS2_PLACEMENT_3D('',#11957,#9603,#9604);
#8711=AXIS2_PLACEMENT_3D('',#11963,#9608,#9609);
#8712=AXIS2_PLACEMENT_3D('',#11967,#9612,#9613);
#8713=AXIS2_PLACEMENT_3D('',#11980,#9621,#9622);
#8714=AXIS2_PLACEMENT_3D('',#11984,#9625,#9626);
#8715=AXIS2_PLACEMENT_3D('',#11990,#9630,#9631);
#8716=AXIS2_PLACEMENT_3D('',#11996,#9635,#9636);
#8717=AXIS2_PLACEMENT_3D('',#11998,#9638,#9639);
#8718=AXIS2_PLACEMENT_3D('',#12007,#9645,#9646);
#8719=AXIS2_PLACEMENT_3D('',#12008,#9647,#9648);
#8720=AXIS2_PLACEMENT_3D('',#12010,#9650,#9651);
#8721=AXIS2_PLACEMENT_3D('',#12018,#9656,#9657);
#8722=AXIS2_PLACEMENT_3D('',#12026,#9662,#9663);
#8723=AXIS2_PLACEMENT_3D('',#12028,#9665,#9666);
#8724=AXIS2_PLACEMENT_3D('',#12030,#9668,#9669);
#8725=AXIS2_PLACEMENT_3D('',#12032,#9671,#9672);
#8726=AXIS2_PLACEMENT_3D('',#12033,#9673,#9674);
#8727=AXIS2_PLACEMENT_3D('',#12039,#9678,#9679);
#8728=AXIS2_PLACEMENT_3D('',#12045,#9683,#9684);
#8729=AXIS2_PLACEMENT_3D('',#12051,#9688,#9689);
#8730=AXIS2_PLACEMENT_3D('',#12057,#9693,#9694);
#8731=AXIS2_PLACEMENT_3D('',#12066,#9699,#9700);
#8732=AXIS2_PLACEMENT_3D('',#12072,#9704,#9705);
#8733=AXIS2_PLACEMENT_3D('',#12078,#9709,#9710);
#8734=AXIS2_PLACEMENT_3D('',#12081,#9713,#9714);
#8735=AXIS2_PLACEMENT_3D('',#12082,#9715,#9716);
#8736=AXIS2_PLACEMENT_3D('',#12084,#9717,#9718);
#8737=AXIS2_PLACEMENT_3D('',#12086,#9719,#9720);
#8738=AXIS2_PLACEMENT_3D('',#12088,#9721,#9722);
#8739=AXIS2_PLACEMENT_3D('',#12090,#9723,#9724);
#8740=AXIS2_PLACEMENT_3D('',#12099,#9729,#9730);
#8741=AXIS2_PLACEMENT_3D('',#12108,#9735,#9736);
#8742=AXIS2_PLACEMENT_3D('',#12118,#9742,#9743);
#8743=AXIS2_PLACEMENT_3D('',#12133,#9752,#9753);
#8744=AXIS2_PLACEMENT_3D('',#12140,#9758,#9759);
#8745=AXIS2_PLACEMENT_3D('',#12143,#9762,#9763);
#8746=AXIS2_PLACEMENT_3D('',#12144,#9764,#9765);
#8747=AXIS2_PLACEMENT_3D('',#12151,#9770,#9771);
#8748=AXIS2_PLACEMENT_3D('',#12158,#9776,#9777);
#8749=AXIS2_PLACEMENT_3D('',#12159,#9778,#9779);
#8750=AXIS2_PLACEMENT_3D('',#12160,#9780,#9781);
#8751=AXIS2_PLACEMENT_3D('',#12163,#9783,#9784);
#8752=AXIS2_PLACEMENT_3D('',#12165,#9785,#9786);
#8753=AXIS2_PLACEMENT_3D('',#12167,#9787,#9788);
#8754=AXIS2_PLACEMENT_3D('',#12169,#9789,#9790);
#8755=AXIS2_PLACEMENT_3D('',#12171,#9791,#9792);
#8756=AXIS2_PLACEMENT_3D('',#12173,#9793,#9794);
#8757=AXIS2_PLACEMENT_3D('',#12174,#9795,#9796);
#8758=AXIS2_PLACEMENT_3D('',#12175,#9797,#9798);
#8759=AXIS2_PLACEMENT_3D('',#12176,#9799,#9800);
#8760=AXIS2_PLACEMENT_3D('',#12178,#9801,#9802);
#8761=AXIS2_PLACEMENT_3D('',#12179,#9803,#9804);
#8762=AXIS2_PLACEMENT_3D('',#12180,#9805,#9806);
#8763=AXIS2_PLACEMENT_3D('',#12182,#9807,#9808);
#8764=AXIS2_PLACEMENT_3D('',#12184,#9810,#9811);
#8765=AXIS2_PLACEMENT_3D('',#12185,#9812,#9813);
#8766=AXIS2_PLACEMENT_3D('',#12186,#9814,#9815);
#8767=AXIS2_PLACEMENT_3D('',#12187,#9816,#9817);
#8768=AXIS2_PLACEMENT_3D('',#12189,#9818,#9819);
#8769=AXIS2_PLACEMENT_3D('',#12191,#9821,#9822);
#8770=AXIS2_PLACEMENT_3D('',#12192,#9823,#9824);
#8771=AXIS2_PLACEMENT_3D('',#12194,#9825,#9826);
#8772=AXIS2_PLACEMENT_3D('',#12195,#9827,#9828);
#8773=AXIS2_PLACEMENT_3D('',#12196,#9829,#9830);
#8774=AXIS2_PLACEMENT_3D('',#12198,#9832,#9833);
#8775=AXIS2_PLACEMENT_3D('',#12200,#9835,#9836);
#8776=AXIS2_PLACEMENT_3D('',#12201,#9837,#9838);
#8777=AXIS2_PLACEMENT_3D('',#12203,#9840,#9841);
#8778=AXIS2_PLACEMENT_3D('',#12206,#9844,#9845);
#8779=AXIS2_PLACEMENT_3D('',#12208,#9847,#9848);
#8780=AXIS2_PLACEMENT_3D('',#12210,#9850,#9851);
#8781=AXIS2_PLACEMENT_3D('',#12212,#9853,#9854);
#8782=AXIS2_PLACEMENT_3D('',#12214,#9856,#9857);
#8783=AXIS2_PLACEMENT_3D('',#12216,#9859,#9860);
#8784=AXIS2_PLACEMENT_3D('',#12218,#9862,#9863);
#8785=AXIS2_PLACEMENT_3D('',#12220,#9865,#9866);
#8786=AXIS2_PLACEMENT_3D('',#12222,#9868,#9869);
#8787=AXIS2_PLACEMENT_3D('',#12224,#9871,#9872);
#8788=AXIS2_PLACEMENT_3D('',#12225,#9873,#9874);
#8789=AXIS2_PLACEMENT_3D('',#12227,#9876,#9877);
#8790=AXIS2_PLACEMENT_3D('',#12229,#9879,#9880);
#8791=AXIS2_PLACEMENT_3D('',#12231,#9882,#9883);
#8792=AXIS2_PLACEMENT_3D('',#12233,#9885,#9886);
#8793=AXIS2_PLACEMENT_3D('',#12235,#9888,#9889);
#8794=AXIS2_PLACEMENT_3D('',#12237,#9891,#9892);
#8795=AXIS2_PLACEMENT_3D('',#12238,#9893,#9894);
#8796=AXIS2_PLACEMENT_3D('',#12240,#9896,#9897);
#8797=AXIS2_PLACEMENT_3D('',#12242,#9899,#9900);
#8798=AXIS2_PLACEMENT_3D('',#12244,#9902,#9903);
#8799=AXIS2_PLACEMENT_3D('',#12246,#9905,#9906);
#8800=AXIS2_PLACEMENT_3D('',#12248,#9908,#9909);
#8801=AXIS2_PLACEMENT_3D('',#12250,#9911,#9912);
#8802=AXIS2_PLACEMENT_3D('',#12251,#9913,#9914);
#8803=AXIS2_PLACEMENT_3D('',#12252,#9915,#9916);
#8804=AXIS2_PLACEMENT_3D('',#12254,#9917,#9918);
#8805=AXIS2_PLACEMENT_3D('',#12255,#9919,#9920);
#8806=AXIS2_PLACEMENT_3D('',#12256,#9921,#9922);
#8807=AXIS2_PLACEMENT_3D('',#12258,#9923,#9924);
#8808=AXIS2_PLACEMENT_3D('',#12259,#9925,#9926);
#8809=AXIS2_PLACEMENT_3D('',#12260,#9927,#9928);
#8810=AXIS2_PLACEMENT_3D('',#12262,#9929,#9930);
#8811=AXIS2_PLACEMENT_3D('',#12263,#9931,#9932);
#8812=AXIS2_PLACEMENT_3D('',#12264,#9933,#9934);
#8813=AXIS2_PLACEMENT_3D('',#12266,#9935,#9936);
#8814=AXIS2_PLACEMENT_3D('',#12267,#9937,#9938);
#8815=AXIS2_PLACEMENT_3D('',#12268,#9939,#9940);
#8816=AXIS2_PLACEMENT_3D('',#12277,#9945,#9946);
#8817=AXIS2_PLACEMENT_3D('',#12283,#9950,#9951);
#8818=AXIS2_PLACEMENT_3D('',#12289,#9955,#9956);
#8819=AXIS2_PLACEMENT_3D('',#12292,#9959,#9960);
#8820=AXIS2_PLACEMENT_3D('',#12293,#9961,#9962);
#8821=AXIS2_PLACEMENT_3D('',#12295,#9963,#9964);
#8822=AXIS2_PLACEMENT_3D('',#12296,#9965,#9966);
#8823=AXIS2_PLACEMENT_3D('',#12297,#9967,#9968);
#8824=AXIS2_PLACEMENT_3D('',#12299,#9969,#9970);
#8825=AXIS2_PLACEMENT_3D('',#12300,#9971,#9972);
#8826=AXIS2_PLACEMENT_3D('',#12301,#9973,#9974);
#8827=AXIS2_PLACEMENT_3D('',#12314,#9981,#9982);
#8828=AXIS2_PLACEMENT_3D('',#12327,#9989,#9990);
#8829=AXIS2_PLACEMENT_3D('',#12328,#9991,#9992);
#8830=AXIS2_PLACEMENT_3D('',#12330,#9993,#9994);
#8831=AXIS2_PLACEMENT_3D('',#12331,#9995,#9996);
#8832=AXIS2_PLACEMENT_3D('',#12333,#9997,#9998);
#8833=AXIS2_PLACEMENT_3D('',#12382,#10023,#10024);
#8834=AXIS2_PLACEMENT_3D('',#12391,#10029,#10030);
#8835=AXIS2_PLACEMENT_3D('',#12400,#10035,#10036);
#8836=AXIS2_PLACEMENT_3D('',#12410,#10042,#10043);
#8837=AXIS2_PLACEMENT_3D('',#12420,#10049,#10050);
#8838=AXIS2_PLACEMENT_3D('',#12430,#10056,#10057);
#8839=AXIS2_PLACEMENT_3D('',#12440,#10063,#10064);
#8840=AXIS2_PLACEMENT_3D('',#12441,#10065,#10066);
#8841=AXIS2_PLACEMENT_3D('',#12443,#10067,#10068);
#8842=AXIS2_PLACEMENT_3D('',#12445,#10069,#10070);
#8843=AXIS2_PLACEMENT_3D('',#12447,#10071,#10072);
#8844=AXIS2_PLACEMENT_3D('',#12451,#10075,#10076);
#8845=AXIS2_PLACEMENT_3D('',#12453,#10078,#10079);
#8846=AXIS2_PLACEMENT_3D('',#12455,#10081,#10082);
#8847=AXIS2_PLACEMENT_3D('',#12457,#10084,#10085);
#8848=AXIS2_PLACEMENT_3D('',#12459,#10087,#10088);
#8849=AXIS2_PLACEMENT_3D('',#12461,#10090,#10091);
#8850=AXIS2_PLACEMENT_3D('',#12463,#10093,#10094);
#8851=AXIS2_PLACEMENT_3D('',#12464,#10095,#10096);
#8852=AXIS2_PLACEMENT_3D('',#12466,#10097,#10098);
#8853=AXIS2_PLACEMENT_3D('',#12467,#10099,#10100);
#8854=AXIS2_PLACEMENT_3D('',#12469,#10101,#10102);
#8855=AXIS2_PLACEMENT_3D('',#12482,#10111,#10112);
#8856=AXIS2_PLACEMENT_3D('',#12484,#10114,#10115);
#8857=AXIS2_PLACEMENT_3D('',#12486,#10117,#10118);
#8858=AXIS2_PLACEMENT_3D('',#12487,#10119,#10120);
#8859=AXIS2_PLACEMENT_3D('',#12496,#10125,#10126);
#8860=AXIS2_PLACEMENT_3D('',#12502,#10130,#10131);
#8861=AXIS2_PLACEMENT_3D('',#12508,#10135,#10136);
#8862=AXIS2_PLACEMENT_3D('',#12514,#10140,#10141);
#8863=AXIS2_PLACEMENT_3D('',#12519,#10145,#10146);
#8864=AXIS2_PLACEMENT_3D('',#12524,#10150,#10151);
#8865=AXIS2_PLACEMENT_3D('',#12528,#10154,#10155);
#8866=AXIS2_PLACEMENT_3D('',#12534,#10159,#10160);
#8867=AXIS2_PLACEMENT_3D('',#12541,#10165,#10166);
#8868=AXIS2_PLACEMENT_3D('',#12545,#10169,#10170);
#8869=AXIS2_PLACEMENT_3D('',#12555,#10176,#10177);
#8870=AXIS2_PLACEMENT_3D('',#12561,#10181,#10182);
#8871=AXIS2_PLACEMENT_3D('',#12567,#10186,#10187);
#8872=AXIS2_PLACEMENT_3D('',#12569,#10189,#10190);
#8873=AXIS2_PLACEMENT_3D('',#12570,#10191,#10192);
#8874=AXIS2_PLACEMENT_3D('',#12579,#10197,#10198);
#8875=AXIS2_PLACEMENT_3D('',#12585,#10202,#10203);
#8876=AXIS2_PLACEMENT_3D('',#12591,#10207,#10208);
#8877=AXIS2_PLACEMENT_3D('',#12597,#10212,#10213);
#8878=AXIS2_PLACEMENT_3D('',#12602,#10217,#10218);
#8879=AXIS2_PLACEMENT_3D('',#12607,#10222,#10223);
#8880=AXIS2_PLACEMENT_3D('',#12611,#10226,#10227);
#8881=AXIS2_PLACEMENT_3D('',#12617,#10231,#10232);
#8882=AXIS2_PLACEMENT_3D('',#12624,#10237,#10238);
#8883=AXIS2_PLACEMENT_3D('',#12628,#10241,#10242);
#8884=AXIS2_PLACEMENT_3D('',#12638,#10248,#10249);
#8885=AXIS2_PLACEMENT_3D('',#12644,#10253,#10254);
#8886=AXIS2_PLACEMENT_3D('',#12650,#10258,#10259);
#8887=AXIS2_PLACEMENT_3D('',#12652,#10261,#10262);
#8888=AXIS2_PLACEMENT_3D('',#12653,#10263,#10264);
#8889=AXIS2_PLACEMENT_3D('',#12654,#10265,#10266);
#8890=AXIS2_PLACEMENT_3D('',#12656,#10267,#10268);
#8891=AXIS2_PLACEMENT_3D('',#12657,#10269,#10270);
#8892=AXIS2_PLACEMENT_3D('',#12659,#10271,#10272);
#8893=AXIS2_PLACEMENT_3D('',#12660,#10273,#10274);
#8894=AXIS2_PLACEMENT_3D('',#12662,#10275,#10276);
#8895=AXIS2_PLACEMENT_3D('',#12663,#10277,#10278);
#8896=AXIS2_PLACEMENT_3D('',#12665,#10279,#10280);
#8897=AXIS2_PLACEMENT_3D('',#12666,#10281,#10282);
#8898=AXIS2_PLACEMENT_3D('',#12668,#10283,#10284);
#8899=AXIS2_PLACEMENT_3D('',#12669,#10285,#10286);
#8900=AXIS2_PLACEMENT_3D('',#12670,#10287,#10288);
#8901=AXIS2_PLACEMENT_3D('',#12672,#10289,#10290);
#8902=AXIS2_PLACEMENT_3D('',#12673,#10291,#10292);
#8903=AXIS2_PLACEMENT_3D('',#12674,#10293,#10294);
#8904=AXIS2_PLACEMENT_3D('',#12676,#10295,#10296);
#8905=AXIS2_PLACEMENT_3D('',#12677,#10297,#10298);
#8906=AXIS2_PLACEMENT_3D('',#12678,#10299,#10300);
#8907=AXIS2_PLACEMENT_3D('',#12680,#10301,#10302);
#8908=AXIS2_PLACEMENT_3D('',#12681,#10303,#10304);
#8909=AXIS2_PLACEMENT_3D('',#12682,#10305,#10306);
#8910=AXIS2_PLACEMENT_3D('',#12684,#10307,#10308);
#8911=AXIS2_PLACEMENT_3D('',#12685,#10309,#10310);
#8912=AXIS2_PLACEMENT_3D('',#12687,#10311,#10312);
#8913=AXIS2_PLACEMENT_3D('',#12689,#10313,#10314);
#8914=AXIS2_PLACEMENT_3D('',#12690,#10315,#10316);
#8915=AXIS2_PLACEMENT_3D('',#12692,#10317,#10318);
#8916=AXIS2_PLACEMENT_3D('',#12693,#10319,#10320);
#8917=AXIS2_PLACEMENT_3D('',#12695,#10321,#10322);
#8918=AXIS2_PLACEMENT_3D('',#12697,#10323,#10324);
#8919=AXIS2_PLACEMENT_3D('',#12698,#10325,#10326);
#8920=AXIS2_PLACEMENT_3D('',#12700,#10327,#10328);
#8921=AXIS2_PLACEMENT_3D('',#12701,#10329,#10330);
#8922=AXIS2_PLACEMENT_3D('',#12703,#10331,#10332);
#8923=AXIS2_PLACEMENT_3D('',#12704,#10333,#10334);
#8924=AXIS2_PLACEMENT_3D('',#12706,#10335,#10336);
#8925=AXIS2_PLACEMENT_3D('',#12707,#10337,#10338);
#8926=AXIS2_PLACEMENT_3D('',#12709,#10339,#10340);
#8927=AXIS2_PLACEMENT_3D('',#12711,#10342,#10343);
#8928=AXIS2_PLACEMENT_3D('',#12714,#10346,#10347);
#8929=AXIS2_PLACEMENT_3D('',#12715,#10348,#10349);
#8930=AXIS2_PLACEMENT_3D('',#12717,#10351,#10352);
#8931=AXIS2_PLACEMENT_3D('',#12720,#10355,#10356);
#8932=AXIS2_PLACEMENT_3D('',#12721,#10357,#10358);
#8933=AXIS2_PLACEMENT_3D('',#12723,#10360,#10361);
#8934=AXIS2_PLACEMENT_3D('',#12726,#10364,#10365);
#8935=AXIS2_PLACEMENT_3D('',#12727,#10366,#10367);
#8936=AXIS2_PLACEMENT_3D('',#12729,#10369,#10370);
#8937=AXIS2_PLACEMENT_3D('',#12732,#10373,#10374);
#8938=AXIS2_PLACEMENT_3D('',#12733,#10375,#10376);
#8939=AXIS2_PLACEMENT_3D('',#12734,#10377,#10378);
#8940=AXIS2_PLACEMENT_3D('',#12735,#10379,#10380);
#8941=AXIS2_PLACEMENT_3D('',#12736,#10381,#10382);
#8942=AXIS2_PLACEMENT_3D('',#12737,#10383,#10384);
#8943=AXIS2_PLACEMENT_3D('',#12743,#10388,#10389);
#8944=AXIS2_PLACEMENT_3D('',#12749,#10393,#10394);
#8945=AXIS2_PLACEMENT_3D('',#12758,#10399,#10400);
#8946=AXIS2_PLACEMENT_3D('',#12764,#10404,#10405);
#8947=AXIS2_PLACEMENT_3D('',#12770,#10409,#10410);
#8948=AXIS2_PLACEMENT_3D('',#12779,#10415,#10416);
#8949=AXIS2_PLACEMENT_3D('',#12781,#10418,#10419);
#8950=AXIS2_PLACEMENT_3D('',#12784,#10422,#10423);
#8951=AXIS2_PLACEMENT_3D('',#12786,#10425,#10426);
#8952=AXIS2_PLACEMENT_3D('',#12789,#10429,#10430);
#8953=AXIS2_PLACEMENT_3D('',#12791,#10432,#10433);
#8954=AXIS2_PLACEMENT_3D('',#12793,#10435,#10436);
#8955=AXIS2_PLACEMENT_3D('',#12794,#10437,#10438);
#8956=AXIS2_PLACEMENT_3D('',#12796,#10440,#10441);
#8957=AXIS2_PLACEMENT_3D('',#12798,#10443,#10444);
#8958=AXIS2_PLACEMENT_3D('',#12799,#10445,#10446);
#8959=AXIS2_PLACEMENT_3D('',#12800,#10447,#10448);
#8960=AXIS2_PLACEMENT_3D('',#12809,#10453,#10454);
#8961=AXIS2_PLACEMENT_3D('',#12815,#10458,#10459);
#8962=AXIS2_PLACEMENT_3D('',#12821,#10463,#10464);
#8963=AXIS2_PLACEMENT_3D('',#12824,#10467,#10468);
#8964=AXIS2_PLACEMENT_3D('',#12825,#10469,#10470);
#8965=AXIS2_PLACEMENT_3D('',#12827,#10471,#10472);
#8966=AXIS2_PLACEMENT_3D('',#12828,#10473,#10474);
#8967=AXIS2_PLACEMENT_3D('',#12829,#10475,#10476);
#8968=AXIS2_PLACEMENT_3D('',#12831,#10477,#10478);
#8969=AXIS2_PLACEMENT_3D('',#12832,#10479,#10480);
#8970=AXIS2_PLACEMENT_3D('',#12833,#10481,#10482);
#8971=AXIS2_PLACEMENT_3D('',#12834,#10483,#10484);
#8972=AXIS2_PLACEMENT_3D('',#12836,#10485,#10486);
#8973=AXIS2_PLACEMENT_3D('',#12838,#10487,#10488);
#8974=AXIS2_PLACEMENT_3D('',#12839,#10489,#10490);
#8975=AXIS2_PLACEMENT_3D('',#12841,#10491,#10492);
#8976=AXIS2_PLACEMENT_3D('',#12843,#10493,#10494);
#8977=AXIS2_PLACEMENT_3D('',#12844,#10495,#10496);
#8978=AXIS2_PLACEMENT_3D('',#12845,#10497,#10498);
#8979=AXIS2_PLACEMENT_3D('',#12846,#10499,#10500);
#8980=AXIS2_PLACEMENT_3D('',#12855,#10505,#10506);
#8981=AXIS2_PLACEMENT_3D('',#12861,#10510,#10511);
#8982=AXIS2_PLACEMENT_3D('',#12867,#10515,#10516);
#8983=AXIS2_PLACEMENT_3D('',#12870,#10519,#10520);
#8984=AXIS2_PLACEMENT_3D('',#12871,#10521,#10522);
#8985=AXIS2_PLACEMENT_3D('',#12873,#10523,#10524);
#8986=AXIS2_PLACEMENT_3D('',#12874,#10525,#10526);
#8987=AXIS2_PLACEMENT_3D('',#12875,#10527,#10528);
#8988=AXIS2_PLACEMENT_3D('',#12877,#10529,#10530);
#8989=AXIS2_PLACEMENT_3D('',#12878,#10531,#10532);
#8990=AXIS2_PLACEMENT_3D('',#12879,#10533,#10534);
#8991=AXIS2_PLACEMENT_3D('',#12888,#10539,#10540);
#8992=AXIS2_PLACEMENT_3D('',#12894,#10544,#10545);
#8993=AXIS2_PLACEMENT_3D('',#12900,#10549,#10550);
#8994=AXIS2_PLACEMENT_3D('',#12903,#10553,#10554);
#8995=AXIS2_PLACEMENT_3D('',#12904,#10555,#10556);
#8996=AXIS2_PLACEMENT_3D('',#12906,#10557,#10558);
#8997=AXIS2_PLACEMENT_3D('',#12907,#10559,#10560);
#8998=AXIS2_PLACEMENT_3D('',#12908,#10561,#10562);
#8999=AXIS2_PLACEMENT_3D('',#12910,#10563,#10564);
#9000=AXIS2_PLACEMENT_3D('',#12911,#10565,#10566);
#9001=AXIS2_PLACEMENT_3D('',#12912,#10567,#10568);
#9002=AXIS2_PLACEMENT_3D('',#12919,#10569,#10570);
#9003=AXIS2_PLACEMENT_3D('',#12933,#10572,#10573);
#9004=AXIS2_PLACEMENT_3D('',#12947,#10575,#10576);
#9005=AXIS2_PLACEMENT_3D('',#12961,#10578,#10579);
#9006=AXIS2_PLACEMENT_3D('',#12975,#10581,#10582);
#9007=AXIS2_PLACEMENT_3D('',#12989,#10584,#10585);
#9008=AXIS2_PLACEMENT_3D('',#13003,#10587,#10588);
#9009=AXIS2_PLACEMENT_3D('',#13017,#10590,#10591);
#9010=AXIS2_PLACEMENT_3D('',#13031,#10593,#10594);
#9011=AXIS2_PLACEMENT_3D('',#13045,#10596,#10597);
#9012=AXIS2_PLACEMENT_3D('',#13053,#10599,#10600);
#9013=AXIS2_PLACEMENT_3D('',#13055,#10601,#10602);
#9014=AXIS2_PLACEMENT_3D('',#13060,#10605,#10606);
#9015=AXIS2_PLACEMENT_3D('',#13062,#10607,#10608);
#9016=AXIS2_PLACEMENT_3D('',#13067,#10611,#10612);
#9017=AXIS2_PLACEMENT_3D('',#13072,#10615,#10616);
#9018=AXIS2_PLACEMENT_3D('',#13077,#10619,#10620);
#9019=AXIS2_PLACEMENT_3D('',#13082,#10623,#10624);
#9020=AXIS2_PLACEMENT_3D('',#13083,#10625,#10626);
#9021=AXIS2_PLACEMENT_3D('',#13092,#10631,#10632);
#9022=AXIS2_PLACEMENT_3D('',#13093,#10633,#10634);
#9023=AXIS2_PLACEMENT_3D('',#13097,#10636,#10637);
#9024=AXIS2_PLACEMENT_3D('',#13098,#10638,#10639);
#9025=AXIS2_PLACEMENT_3D('',#13104,#10643,#10644);
#9026=AXIS2_PLACEMENT_3D('',#13105,#10645,#10646);
#9027=AXIS2_PLACEMENT_3D('',#13106,#10647,#10648);
#9028=AXIS2_PLACEMENT_3D('',#13107,#10649,#10650);
#9029=AXIS2_PLACEMENT_3D('',#13108,#10651,#10652);
#9030=AXIS2_PLACEMENT_3D('',#13109,#10653,#10654);
#9031=AXIS2_PLACEMENT_3D('',#13115,#10658,#10659);
#9032=AXIS2_PLACEMENT_3D('',#13121,#10663,#10664);
#9033=AXIS2_PLACEMENT_3D('',#13122,#10665,#10666);
#9034=AXIS2_PLACEMENT_3D('',#13127,#10669,#10670);
#9035=AXIS2_PLACEMENT_3D('',#13132,#10671,#10672);
#9036=AXIS2_PLACEMENT_3D('',#13137,#10673,#10674);
#9037=AXIS2_PLACEMENT_3D('',#13142,#10675,#10676);
#9038=AXIS2_PLACEMENT_3D('',#13147,#10677,#10678);
#9039=AXIS2_PLACEMENT_3D('',#13148,#10679,#10680);
#9040=AXIS2_PLACEMENT_3D('',#13161,#10682,#10683);
#9041=AXIS2_PLACEMENT_3D('',#13162,#10684,#10685);
#9042=AXIS2_PLACEMENT_3D('',#13163,#10686,#10687);
#9043=AXIS2_PLACEMENT_3D('',#13176,#10689,#10690);
#9044=AXIS2_PLACEMENT_3D('',#13177,#10691,#10692);
#9045=AXIS2_PLACEMENT_3D('',#13183,#10696,#10697);
#9046=AXIS2_PLACEMENT_3D('',#13186,#10700,#10701);
#9047=AXIS2_PLACEMENT_3D('',#13187,#10702,#10703);
#9048=AXIS2_PLACEMENT_3D('',#13191,#10706,#10707);
#9049=AXIS2_PLACEMENT_3D('',#13192,#10708,#10709);
#9050=AXIS2_PLACEMENT_3D('',#13193,#10710,#10711);
#9051=AXIS2_PLACEMENT_3D('',#13198,#10712,#10713);
#9052=AXIS2_PLACEMENT_3D('',#13203,#10714,#10715);
#9053=AXIS2_PLACEMENT_3D('',#13204,#10716,#10717);
#9054=AXIS2_PLACEMENT_3D('',#13217,#10719,#10720);
#9055=AXIS2_PLACEMENT_3D('',#13218,#10721,#10722);
#9056=AXIS2_PLACEMENT_3D('',#13221,#10725,#10726);
#9057=AXIS2_PLACEMENT_3D('',#13227,#10730,#10731);
#9058=AXIS2_PLACEMENT_3D('',#13229,#10733,#10734);
#9059=AXIS2_PLACEMENT_3D('',#13232,#10736,#10737);
#9060=AXIS2_PLACEMENT_3D('',#13233,#10738,#10739);
#9061=AXIS2_PLACEMENT_3D('',#13238,#10740,#10741);
#9062=AXIS2_PLACEMENT_3D('',#13243,#10742,#10743);
#9063=AXIS2_PLACEMENT_3D('',#13244,#10744,#10745);
#9064=AXIS2_PLACEMENT_3D('',#13245,#10746,#10747);
#9065=AXIS2_PLACEMENT_3D('',#13248,#10749,#10750);
#9066=AXIS2_PLACEMENT_3D('',#13249,#10751,#10752);
#9067=AXIS2_PLACEMENT_3D('',#13255,#10756,#10757);
#9068=AXIS2_PLACEMENT_3D('',#13261,#10761,#10762);
#9069=AXIS2_PLACEMENT_3D('',#13262,#10763,#10764);
#9070=AXIS2_PLACEMENT_3D('',#13267,#10767,#10768);
#9071=AXIS2_PLACEMENT_3D('',#13268,#10769,#10770);
#9072=AXIS2_PLACEMENT_3D('',#13269,#10771,#10772);
#9073=AXIS2_PLACEMENT_3D('',#13270,#10773,#10774);
#9074=AXIS2_PLACEMENT_3D('',#13271,#10775,#10776);
#9075=AXIS2_PLACEMENT_3D('',#13272,#10777,#10778);
#9076=AXIS2_PLACEMENT_3D('',#13273,#10779,#10780);
#9077=AXIS2_PLACEMENT_3D('',#13278,#10781,#10782);
#9078=AXIS2_PLACEMENT_3D('',#13283,#10783,#10784);
#9079=AXIS2_PLACEMENT_3D('',#13284,#10785,#10786);
#9080=AXIS2_PLACEMENT_3D('',#13285,#10787,#10788);
#9081=AXIS2_PLACEMENT_3D('',#13298,#10790,#10791);
#9082=AXIS2_PLACEMENT_3D('',#13301,#10794,#10795);
#9083=AXIS2_PLACEMENT_3D('',#13304,#10798,#10799);
#9084=AXIS2_PLACEMENT_3D('',#13306,#10801,#10802);
#9085=AXIS2_PLACEMENT_3D('',#13308,#10804,#10805);
#9086=AXIS2_PLACEMENT_3D('',#13309,#10806,#10807);
#9087=AXIS2_PLACEMENT_3D('',#13310,#10808,#10809);
#9088=AXIS2_PLACEMENT_3D('',#13311,#10810,#10811);
#9089=AXIS2_PLACEMENT_3D('',#13312,#10812,#10813);
#9090=AXIS2_PLACEMENT_3D('',#13313,#10814,#10815);
#9091=AXIS2_PLACEMENT_3D('',#13315,#10816,#10817);
#9092=AXIS2_PLACEMENT_3D('',#13317,#10818,#10819);
#9093=AXIS2_PLACEMENT_3D('',#13318,#10820,#10821);
#9094=AXIS2_PLACEMENT_3D('',#13319,#10822,#10823);
#9095=AXIS2_PLACEMENT_3D('',#13320,#10824,#10825);
#9096=AXIS2_PLACEMENT_3D('',#13321,#10826,#10827);
#9097=AXIS2_PLACEMENT_3D('',#13323,#10828,#10829);
#9098=AXIS2_PLACEMENT_3D('',#13325,#10830,#10831);
#9099=AXIS2_PLACEMENT_3D('',#13326,#10832,#10833);
#9100=AXIS2_PLACEMENT_3D('',#13328,#10834,#10835);
#9101=AXIS2_PLACEMENT_3D('',#13330,#10836,#10837);
#9102=AXIS2_PLACEMENT_3D('',#13331,#10838,#10839);
#9103=AXIS2_PLACEMENT_3D('',#13332,#10840,#10841);
#9104=AXIS2_PLACEMENT_3D('',#13333,#10842,#10843);
#9105=AXIS2_PLACEMENT_3D('',#13340,#10844,#10845);
#9106=AXIS2_PLACEMENT_3D('',#13354,#10847,#10848);
#9107=AXIS2_PLACEMENT_3D('',#13368,#10850,#10851);
#9108=AXIS2_PLACEMENT_3D('',#13382,#10853,#10854);
#9109=AXIS2_PLACEMENT_3D('',#13396,#10856,#10857);
#9110=AXIS2_PLACEMENT_3D('',#13410,#10859,#10860);
#9111=AXIS2_PLACEMENT_3D('',#13424,#10862,#10863);
#9112=AXIS2_PLACEMENT_3D('',#13438,#10865,#10866);
#9113=AXIS2_PLACEMENT_3D('',#13452,#10868,#10869);
#9114=AXIS2_PLACEMENT_3D('',#13466,#10871,#10872);
#9115=AXIS2_PLACEMENT_3D('',#13474,#10874,#10875);
#9116=AXIS2_PLACEMENT_3D('',#13476,#10876,#10877);
#9117=AXIS2_PLACEMENT_3D('',#13481,#10880,#10881);
#9118=AXIS2_PLACEMENT_3D('',#13483,#10882,#10883);
#9119=AXIS2_PLACEMENT_3D('',#13488,#10886,#10887);
#9120=AXIS2_PLACEMENT_3D('',#13493,#10890,#10891);
#9121=AXIS2_PLACEMENT_3D('',#13498,#10894,#10895);
#9122=AXIS2_PLACEMENT_3D('',#13503,#10898,#10899);
#9123=AXIS2_PLACEMENT_3D('',#13504,#10900,#10901);
#9124=AXIS2_PLACEMENT_3D('',#13513,#10906,#10907);
#9125=AXIS2_PLACEMENT_3D('',#13514,#10908,#10909);
#9126=AXIS2_PLACEMENT_3D('',#13518,#10911,#10912);
#9127=AXIS2_PLACEMENT_3D('',#13519,#10913,#10914);
#9128=AXIS2_PLACEMENT_3D('',#13525,#10918,#10919);
#9129=AXIS2_PLACEMENT_3D('',#13526,#10920,#10921);
#9130=AXIS2_PLACEMENT_3D('',#13527,#10922,#10923);
#9131=AXIS2_PLACEMENT_3D('',#13528,#10924,#10925);
#9132=AXIS2_PLACEMENT_3D('',#13529,#10926,#10927);
#9133=AXIS2_PLACEMENT_3D('',#13530,#10928,#10929);
#9134=AXIS2_PLACEMENT_3D('',#13536,#10933,#10934);
#9135=AXIS2_PLACEMENT_3D('',#13542,#10938,#10939);
#9136=AXIS2_PLACEMENT_3D('',#13543,#10940,#10941);
#9137=AXIS2_PLACEMENT_3D('',#13548,#10944,#10945);
#9138=AXIS2_PLACEMENT_3D('',#13553,#10946,#10947);
#9139=AXIS2_PLACEMENT_3D('',#13558,#10948,#10949);
#9140=AXIS2_PLACEMENT_3D('',#13563,#10950,#10951);
#9141=AXIS2_PLACEMENT_3D('',#13568,#10952,#10953);
#9142=AXIS2_PLACEMENT_3D('',#13569,#10954,#10955);
#9143=AXIS2_PLACEMENT_3D('',#13582,#10957,#10958);
#9144=AXIS2_PLACEMENT_3D('',#13583,#10959,#10960);
#9145=AXIS2_PLACEMENT_3D('',#13584,#10961,#10962);
#9146=AXIS2_PLACEMENT_3D('',#13597,#10964,#10965);
#9147=AXIS2_PLACEMENT_3D('',#13598,#10966,#10967);
#9148=AXIS2_PLACEMENT_3D('',#13604,#10971,#10972);
#9149=AXIS2_PLACEMENT_3D('',#13607,#10975,#10976);
#9150=AXIS2_PLACEMENT_3D('',#13608,#10977,#10978);
#9151=AXIS2_PLACEMENT_3D('',#13612,#10981,#10982);
#9152=AXIS2_PLACEMENT_3D('',#13613,#10983,#10984);
#9153=AXIS2_PLACEMENT_3D('',#13614,#10985,#10986);
#9154=AXIS2_PLACEMENT_3D('',#13619,#10987,#10988);
#9155=AXIS2_PLACEMENT_3D('',#13624,#10989,#10990);
#9156=AXIS2_PLACEMENT_3D('',#13625,#10991,#10992);
#9157=AXIS2_PLACEMENT_3D('',#13638,#10994,#10995);
#9158=AXIS2_PLACEMENT_3D('',#13639,#10996,#10997);
#9159=AXIS2_PLACEMENT_3D('',#13642,#11000,#11001);
#9160=AXIS2_PLACEMENT_3D('',#13648,#11005,#11006);
#9161=AXIS2_PLACEMENT_3D('',#13650,#11008,#11009);
#9162=AXIS2_PLACEMENT_3D('',#13653,#11011,#11012);
#9163=AXIS2_PLACEMENT_3D('',#13654,#11013,#11014);
#9164=AXIS2_PLACEMENT_3D('',#13659,#11015,#11016);
#9165=AXIS2_PLACEMENT_3D('',#13664,#11017,#11018);
#9166=AXIS2_PLACEMENT_3D('',#13665,#11019,#11020);
#9167=AXIS2_PLACEMENT_3D('',#13666,#11021,#11022);
#9168=AXIS2_PLACEMENT_3D('',#13669,#11024,#11025);
#9169=AXIS2_PLACEMENT_3D('',#13670,#11026,#11027);
#9170=AXIS2_PLACEMENT_3D('',#13676,#11031,#11032);
#9171=AXIS2_PLACEMENT_3D('',#13682,#11036,#11037);
#9172=AXIS2_PLACEMENT_3D('',#13683,#11038,#11039);
#9173=AXIS2_PLACEMENT_3D('',#13688,#11042,#11043);
#9174=AXIS2_PLACEMENT_3D('',#13689,#11044,#11045);
#9175=AXIS2_PLACEMENT_3D('',#13690,#11046,#11047);
#9176=AXIS2_PLACEMENT_3D('',#13691,#11048,#11049);
#9177=AXIS2_PLACEMENT_3D('',#13692,#11050,#11051);
#9178=AXIS2_PLACEMENT_3D('',#13693,#11052,#11053);
#9179=AXIS2_PLACEMENT_3D('',#13694,#11054,#11055);
#9180=AXIS2_PLACEMENT_3D('',#13699,#11056,#11057);
#9181=AXIS2_PLACEMENT_3D('',#13704,#11058,#11059);
#9182=AXIS2_PLACEMENT_3D('',#13705,#11060,#11061);
#9183=AXIS2_PLACEMENT_3D('',#13706,#11062,#11063);
#9184=AXIS2_PLACEMENT_3D('',#13719,#11065,#11066);
#9185=AXIS2_PLACEMENT_3D('',#13722,#11069,#11070);
#9186=AXIS2_PLACEMENT_3D('',#13725,#11073,#11074);
#9187=AXIS2_PLACEMENT_3D('',#13727,#11076,#11077);
#9188=AXIS2_PLACEMENT_3D('',#13729,#11079,#11080);
#9189=AXIS2_PLACEMENT_3D('',#13730,#11081,#11082);
#9190=AXIS2_PLACEMENT_3D('',#13731,#11083,#11084);
#9191=AXIS2_PLACEMENT_3D('',#13732,#11085,#11086);
#9192=AXIS2_PLACEMENT_3D('',#13733,#11087,#11088);
#9193=AXIS2_PLACEMENT_3D('',#13734,#11089,#11090);
#9194=AXIS2_PLACEMENT_3D('',#13736,#11091,#11092);
#9195=AXIS2_PLACEMENT_3D('',#13738,#11093,#11094);
#9196=AXIS2_PLACEMENT_3D('',#13739,#11095,#11096);
#9197=AXIS2_PLACEMENT_3D('',#13740,#11097,#11098);
#9198=AXIS2_PLACEMENT_3D('',#13741,#11099,#11100);
#9199=AXIS2_PLACEMENT_3D('',#13742,#11101,#11102);
#9200=AXIS2_PLACEMENT_3D('',#13744,#11103,#11104);
#9201=AXIS2_PLACEMENT_3D('',#13759,#11106,#11107);
#9202=AXIS2_PLACEMENT_3D('',#13773,#11109,#11110);
#9203=AXIS2_PLACEMENT_3D('',#13787,#11112,#11113);
#9204=AXIS2_PLACEMENT_3D('',#13801,#11115,#11116);
#9205=AXIS2_PLACEMENT_3D('',#13815,#11118,#11119);
#9206=AXIS2_PLACEMENT_3D('',#13829,#11121,#11122);
#9207=AXIS2_PLACEMENT_3D('',#13843,#11124,#11125);
#9208=AXIS2_PLACEMENT_3D('',#13857,#11127,#11128);
#9209=AXIS2_PLACEMENT_3D('',#13871,#11130,#11131);
#9210=AXIS2_PLACEMENT_3D('',#13884,#11133,#11134);
#9211=AXIS2_PLACEMENT_3D('',#13888,#11136,#11137);
#9212=AXIS2_PLACEMENT_3D('',#13892,#11139,#11140);
#9213=AXIS2_PLACEMENT_3D('',#13893,#11141,#11142);
#9214=AXIS2_PLACEMENT_3D('',#13897,#11144,#11145);
#9215=AXIS2_PLACEMENT_3D('',#13901,#11147,#11148);
#9216=AXIS2_PLACEMENT_3D('',#13902,#11149,#11150);
#9217=AXIS2_PLACEMENT_3D('',#13906,#11152,#11153);
#9218=AXIS2_PLACEMENT_3D('',#13910,#11155,#11156);
#9219=AXIS2_PLACEMENT_3D('',#13911,#11157,#11158);
#9220=AXIS2_PLACEMENT_3D('',#13915,#11160,#11161);
#9221=AXIS2_PLACEMENT_3D('',#13919,#11163,#11164);
#9222=AXIS2_PLACEMENT_3D('',#13921,#11165,#11166);
#9223=AXIS2_PLACEMENT_3D('',#13922,#11167,#11168);
#9224=AXIS2_PLACEMENT_3D('',#13926,#11170,#11171);
#9225=AXIS2_PLACEMENT_3D('',#13930,#11173,#11174);
#9226=AXIS2_PLACEMENT_3D('',#13931,#11175,#11176);
#9227=AXIS2_PLACEMENT_3D('',#13940,#11181,#11182);
#9228=AXIS2_PLACEMENT_3D('',#13941,#11183,#11184);
#9229=AXIS2_PLACEMENT_3D('',#13945,#11186,#11187);
#9230=AXIS2_PLACEMENT_3D('',#13946,#11188,#11189);
#9231=AXIS2_PLACEMENT_3D('',#13952,#11193,#11194);
#9232=AXIS2_PLACEMENT_3D('',#13953,#11195,#11196);
#9233=AXIS2_PLACEMENT_3D('',#13954,#11197,#11198);
#9234=AXIS2_PLACEMENT_3D('',#13955,#11199,#11200);
#9235=AXIS2_PLACEMENT_3D('',#13956,#11201,#11202);
#9236=AXIS2_PLACEMENT_3D('',#13957,#11203,#11204);
#9237=AXIS2_PLACEMENT_3D('',#13963,#11208,#11209);
#9238=AXIS2_PLACEMENT_3D('',#13969,#11213,#11214);
#9239=AXIS2_PLACEMENT_3D('',#13970,#11215,#11216);
#9240=AXIS2_PLACEMENT_3D('',#13975,#11219,#11220);
#9241=AXIS2_PLACEMENT_3D('',#13980,#11221,#11222);
#9242=AXIS2_PLACEMENT_3D('',#13989,#11223,#11224);
#9243=AXIS2_PLACEMENT_3D('',#13998,#11225,#11226);
#9244=AXIS2_PLACEMENT_3D('',#14003,#11227,#11228);
#9245=AXIS2_PLACEMENT_3D('',#14004,#11229,#11230);
#9246=AXIS2_PLACEMENT_3D('',#14017,#11232,#11233);
#9247=AXIS2_PLACEMENT_3D('',#14018,#11234,#11235);
#9248=AXIS2_PLACEMENT_3D('',#14019,#11236,#11237);
#9249=AXIS2_PLACEMENT_3D('',#14032,#11239,#11240);
#9250=AXIS2_PLACEMENT_3D('',#14033,#11241,#11242);
#9251=AXIS2_PLACEMENT_3D('',#14039,#11246,#11247);
#9252=AXIS2_PLACEMENT_3D('',#14042,#11250,#11251);
#9253=AXIS2_PLACEMENT_3D('',#14043,#11252,#11253);
#9254=AXIS2_PLACEMENT_3D('',#14047,#11256,#11257);
#9255=AXIS2_PLACEMENT_3D('',#14048,#11258,#11259);
#9256=AXIS2_PLACEMENT_3D('',#14053,#11260,#11261);
#9257=AXIS2_PLACEMENT_3D('',#14062,#11262,#11263);
#9258=AXIS2_PLACEMENT_3D('',#14067,#11264,#11265);
#9259=AXIS2_PLACEMENT_3D('',#14068,#11266,#11267);
#9260=AXIS2_PLACEMENT_3D('',#14081,#11269,#11270);
#9261=AXIS2_PLACEMENT_3D('',#14082,#11271,#11272);
#9262=AXIS2_PLACEMENT_3D('',#14085,#11275,#11276);
#9263=AXIS2_PLACEMENT_3D('',#14091,#11280,#11281);
#9264=AXIS2_PLACEMENT_3D('',#14093,#11283,#11284);
#9265=AXIS2_PLACEMENT_3D('',#14096,#11286,#11287);
#9266=AXIS2_PLACEMENT_3D('',#14097,#11288,#11289);
#9267=AXIS2_PLACEMENT_3D('',#14102,#11290,#11291);
#9268=AXIS2_PLACEMENT_3D('',#14111,#11292,#11293);
#9269=AXIS2_PLACEMENT_3D('',#14116,#11294,#11295);
#9270=AXIS2_PLACEMENT_3D('',#14117,#11296,#11297);
#9271=AXIS2_PLACEMENT_3D('',#14120,#11299,#11300);
#9272=AXIS2_PLACEMENT_3D('',#14121,#11301,#11302);
#9273=AXIS2_PLACEMENT_3D('',#14127,#11306,#11307);
#9274=AXIS2_PLACEMENT_3D('',#14133,#11311,#11312);
#9275=AXIS2_PLACEMENT_3D('',#14134,#11313,#11314);
#9276=AXIS2_PLACEMENT_3D('',#14139,#11317,#11318);
#9277=AXIS2_PLACEMENT_3D('',#14140,#11319,#11320);
#9278=AXIS2_PLACEMENT_3D('',#14141,#11321,#11322);
#9279=AXIS2_PLACEMENT_3D('',#14142,#11323,#11324);
#9280=AXIS2_PLACEMENT_3D('',#14147,#11325,#11326);
#9281=AXIS2_PLACEMENT_3D('',#14148,#11327,#11328);
#9282=AXIS2_PLACEMENT_3D('',#14149,#11329,#11330);
#9283=AXIS2_PLACEMENT_3D('',#14158,#11331,#11332);
#9284=AXIS2_PLACEMENT_3D('',#14163,#11333,#11334);
#9285=AXIS2_PLACEMENT_3D('',#14164,#11335,#11336);
#9286=AXIS2_PLACEMENT_3D('',#14165,#11337,#11338);
#9287=AXIS2_PLACEMENT_3D('',#14178,#11340,#11341);
#9288=AXIS2_PLACEMENT_3D('',#14181,#11344,#11345);
#9289=AXIS2_PLACEMENT_3D('',#14184,#11348,#11349);
#9290=AXIS2_PLACEMENT_3D('',#14186,#11351,#11352);
#9291=AXIS2_PLACEMENT_3D('',#14188,#11354,#11355);
#9292=AXIS2_PLACEMENT_3D('',#14189,#11356,#11357);
#9293=AXIS2_PLACEMENT_3D('',#14190,#11358,#11359);
#9294=AXIS2_PLACEMENT_3D('',#14195,#11360,#11361);
#9295=AXIS2_PLACEMENT_3D('',#14200,#11362,#11363);
#9296=AXIS2_PLACEMENT_3D('',#14201,#11364,#11365);
#9297=AXIS2_PLACEMENT_3D('',#14203,#11366,#11367);
#9298=AXIS2_PLACEMENT_3D('',#14205,#11368,#11369);
#9299=AXIS2_PLACEMENT_3D('',#14206,#11370,#11371);
#9300=AXIS2_PLACEMENT_3D('',#14207,#11372,#11373);
#9301=AXIS2_PLACEMENT_3D('',#14208,#11374,#11375);
#9302=AXIS2_PLACEMENT_3D('',#14209,#11376,#11377);
#9303=AXIS2_PLACEMENT_3D('',#14210,#11378,#11379);
#9304=AXIS2_PLACEMENT_3D('',#14211,#11380,#11381);
#9305=AXIS2_PLACEMENT_3D('',#14212,#11382,#11383);
#9306=AXIS2_PLACEMENT_3D('',#14213,#11384,#11385);
#9307=AXIS2_PLACEMENT_3D('',#14214,#11386,#11387);
#9308=AXIS2_PLACEMENT_3D('',#14215,#11388,#11389);
#9309=AXIS2_PLACEMENT_3D('',#14216,#11390,#11391);
#9310=AXIS2_PLACEMENT_3D('',#14217,#11392,#11393);
#9311=AXIS2_PLACEMENT_3D('',#14218,#11394,#11395);
#9312=AXIS2_PLACEMENT_3D('',#14219,#11396,#11397);
#9313=AXIS2_PLACEMENT_3D('',#14220,#11398,#11399);
#9314=AXIS2_PLACEMENT_3D('',#14222,#11400,#11401);
#9315=AXIS2_PLACEMENT_3D('',#14224,#11402,#11403);
#9316=AXIS2_PLACEMENT_3D('',#14225,#11404,#11405);
#9317=AXIS2_PLACEMENT_3D('',#14227,#11406,#11407);
#9318=AXIS2_PLACEMENT_3D('',#14229,#11408,#11409);
#9319=AXIS2_PLACEMENT_3D('',#14230,#11410,#11411);
#9320=AXIS2_PLACEMENT_3D('',#14231,#11412,#11413);
#9321=AXIS2_PLACEMENT_3D('',#14232,#11414,#11415);
#9322=AXIS2_PLACEMENT_3D('',#14233,#11416,#11417);
#9323=AXIS2_PLACEMENT_3D('',#14235,#11418,#11419);
#9324=AXIS2_PLACEMENT_3D('',#14237,#11420,#11421);
#9325=AXIS2_PLACEMENT_3D('',#14238,#11422,#11423);
#9326=AXIS2_PLACEMENT_3D('',#14240,#11424,#11425);
#9327=AXIS2_PLACEMENT_3D('',#14242,#11426,#11427);
#9328=AXIS2_PLACEMENT_3D('',#14243,#11428,#11429);
#9329=AXIS2_PLACEMENT_3D('',#14244,#11430,#11431);
#9330=AXIS2_PLACEMENT_3D('',#14245,#11432,#11433);
#9331=AXIS2_PLACEMENT_3D('',#14249,#11435,#11436);
#9332=AXIS2_PLACEMENT_3D('',#14253,#11438,#11439);
#9333=AXIS2_PLACEMENT_3D('',#14254,#11440,#11441);
#9334=AXIS2_PLACEMENT_3D('',#14258,#11443,#11444);
#9335=AXIS2_PLACEMENT_3D('',#14262,#11446,#11447);
#9336=AXIS2_PLACEMENT_3D('',#14263,#11448,#11449);
#9337=AXIS2_PLACEMENT_3D('',#14267,#11451,#11452);
#9338=AXIS2_PLACEMENT_3D('',#14271,#11454,#11455);
#9339=AXIS2_PLACEMENT_3D('',#14272,#11456,#11457);
#9340=AXIS2_PLACEMENT_3D('',#14276,#11459,#11460);
#9341=AXIS2_PLACEMENT_3D('',#14280,#11462,#11463);
#9342=AXIS2_PLACEMENT_3D('',#14282,#11464,#11465);
#9343=AXIS2_PLACEMENT_3D('',#14283,#11466,#11467);
#9344=AXIS2_PLACEMENT_3D('',#14290,#11468,#11469);
#9345=AXIS2_PLACEMENT_3D('',#14304,#11471,#11472);
#9346=AXIS2_PLACEMENT_3D('',#14318,#11474,#11475);
#9347=AXIS2_PLACEMENT_3D('',#14332,#11477,#11478);
#9348=AXIS2_PLACEMENT_3D('',#14346,#11480,#11481);
#9349=AXIS2_PLACEMENT_3D('',#14360,#11483,#11484);
#9350=AXIS2_PLACEMENT_3D('',#14374,#11486,#11487);
#9351=AXIS2_PLACEMENT_3D('',#14388,#11489,#11490);
#9352=AXIS2_PLACEMENT_3D('',#14402,#11492,#11493);
#9353=AXIS2_PLACEMENT_3D('',#14416,#11495,#11496);
#9354=AXIS2_PLACEMENT_3D('',#14424,#11498,#11499);
#9355=AXIS2_PLACEMENT_3D('',#14426,#11500,#11501);
#9356=AXIS2_PLACEMENT_3D('',#14430,#11503,#11504);
#9357=AXIS2_PLACEMENT_3D('',#14434,#11506,#11507);
#9358=AXIS2_PLACEMENT_3D('',#14435,#11508,#11509);
#9359=AXIS2_PLACEMENT_3D('',#14444,#11514,#11515);
#9360=AXIS2_PLACEMENT_3D('',#14445,#11516,#11517);
#9361=AXIS2_PLACEMENT_3D('',#14449,#11519,#11520);
#9362=AXIS2_PLACEMENT_3D('',#14450,#11521,#11522);
#9363=AXIS2_PLACEMENT_3D('',#14456,#11526,#11527);
#9364=AXIS2_PLACEMENT_3D('',#14457,#11528,#11529);
#9365=AXIS2_PLACEMENT_3D('',#14458,#11530,#11531);
#9366=AXIS2_PLACEMENT_3D('',#14459,#11532,#11533);
#9367=AXIS2_PLACEMENT_3D('',#14460,#11534,#11535);
#9368=AXIS2_PLACEMENT_3D('',#14461,#11536,#11537);
#9369=AXIS2_PLACEMENT_3D('',#14467,#11541,#11542);
#9370=AXIS2_PLACEMENT_3D('',#14473,#11546,#11547);
#9371=AXIS2_PLACEMENT_3D('',#14474,#11548,#11549);
#9372=AXIS2_PLACEMENT_3D('',#14479,#11552,#11553);
#9373=AXIS2_PLACEMENT_3D('',#14484,#11554,#11555);
#9374=AXIS2_PLACEMENT_3D('',#14493,#11556,#11557);
#9375=AXIS2_PLACEMENT_3D('',#14502,#11558,#11559);
#9376=AXIS2_PLACEMENT_3D('',#14507,#11560,#11561);
#9377=AXIS2_PLACEMENT_3D('',#14508,#11562,#11563);
#9378=AXIS2_PLACEMENT_3D('',#14521,#11565,#11566);
#9379=AXIS2_PLACEMENT_3D('',#14522,#11567,#11568);
#9380=AXIS2_PLACEMENT_3D('',#14523,#11569,#11570);
#9381=AXIS2_PLACEMENT_3D('',#14536,#11572,#11573);
#9382=AXIS2_PLACEMENT_3D('',#14537,#11574,#11575);
#9383=AXIS2_PLACEMENT_3D('',#14543,#11579,#11580);
#9384=AXIS2_PLACEMENT_3D('',#14546,#11583,#11584);
#9385=AXIS2_PLACEMENT_3D('',#14547,#11585,#11586);
#9386=AXIS2_PLACEMENT_3D('',#14551,#11589,#11590);
#9387=AXIS2_PLACEMENT_3D('',#14552,#11591,#11592);
#9388=AXIS2_PLACEMENT_3D('',#14557,#11593,#11594);
#9389=AXIS2_PLACEMENT_3D('',#14566,#11595,#11596);
#9390=AXIS2_PLACEMENT_3D('',#14571,#11597,#11598);
#9391=AXIS2_PLACEMENT_3D('',#14572,#11599,#11600);
#9392=AXIS2_PLACEMENT_3D('',#14585,#11602,#11603);
#9393=AXIS2_PLACEMENT_3D('',#14586,#11604,#11605);
#9394=AXIS2_PLACEMENT_3D('',#14589,#11608,#11609);
#9395=AXIS2_PLACEMENT_3D('',#14595,#11613,#11614);
#9396=AXIS2_PLACEMENT_3D('',#14597,#11616,#11617);
#9397=AXIS2_PLACEMENT_3D('',#14600,#11619,#11620);
#9398=AXIS2_PLACEMENT_3D('',#14601,#11621,#11622);
#9399=AXIS2_PLACEMENT_3D('',#14606,#11623,#11624);
#9400=AXIS2_PLACEMENT_3D('',#14615,#11625,#11626);
#9401=AXIS2_PLACEMENT_3D('',#14620,#11627,#11628);
#9402=AXIS2_PLACEMENT_3D('',#14621,#11629,#11630);
#9403=AXIS2_PLACEMENT_3D('',#14624,#11632,#11633);
#9404=AXIS2_PLACEMENT_3D('',#14625,#11634,#11635);
#9405=AXIS2_PLACEMENT_3D('',#14631,#11639,#11640);
#9406=AXIS2_PLACEMENT_3D('',#14637,#11644,#11645);
#9407=AXIS2_PLACEMENT_3D('',#14638,#11646,#11647);
#9408=AXIS2_PLACEMENT_3D('',#14643,#11650,#11651);
#9409=AXIS2_PLACEMENT_3D('',#14644,#11652,#11653);
#9410=AXIS2_PLACEMENT_3D('',#14645,#11654,#11655);
#9411=AXIS2_PLACEMENT_3D('',#14646,#11656,#11657);
#9412=AXIS2_PLACEMENT_3D('',#14651,#11658,#11659);
#9413=AXIS2_PLACEMENT_3D('',#14652,#11660,#11661);
#9414=AXIS2_PLACEMENT_3D('',#14653,#11662,#11663);
#9415=AXIS2_PLACEMENT_3D('',#14662,#11664,#11665);
#9416=AXIS2_PLACEMENT_3D('',#14667,#11666,#11667);
#9417=AXIS2_PLACEMENT_3D('',#14668,#11668,#11669);
#9418=AXIS2_PLACEMENT_3D('',#14669,#11670,#11671);
#9419=AXIS2_PLACEMENT_3D('',#14682,#11673,#11674);
#9420=AXIS2_PLACEMENT_3D('',#14685,#11677,#11678);
#9421=AXIS2_PLACEMENT_3D('',#14688,#11681,#11682);
#9422=AXIS2_PLACEMENT_3D('',#14690,#11684,#11685);
#9423=AXIS2_PLACEMENT_3D('',#14692,#11687,#11688);
#9424=AXIS2_PLACEMENT_3D('',#14693,#11689,#11690);
#9425=AXIS2_PLACEMENT_3D('',#14694,#11691,#11692);
#9426=AXIS2_PLACEMENT_3D('',#14699,#11693,#11694);
#9427=AXIS2_PLACEMENT_3D('',#14704,#11695,#11696);
#9428=AXIS2_PLACEMENT_3D('',#14705,#11697,#11698);
#9429=AXIS2_PLACEMENT_3D('',#14707,#11699,#11700);
#9430=AXIS2_PLACEMENT_3D('',#14709,#11701,#11702);
#9431=AXIS2_PLACEMENT_3D('',#14710,#11703,#11704);
#9432=AXIS2_PLACEMENT_3D('',#14711,#11705,#11706);
#9433=AXIS2_PLACEMENT_3D('',#14712,#11707,#11708);
#9434=AXIS2_PLACEMENT_3D('',#14713,#11709,#11710);
#9435=AXIS2_PLACEMENT_3D('',#14714,#11711,#11712);
#9436=AXIS2_PLACEMENT_3D('',#14715,#11713,#11714);
#9437=AXIS2_PLACEMENT_3D('',#14716,#11715,#11716);
#9438=AXIS2_PLACEMENT_3D('',#14717,#11717,#11718);
#9439=AXIS2_PLACEMENT_3D('',#14718,#11719,#11720);
#9440=AXIS2_PLACEMENT_3D('',#14719,#11721,#11722);
#9441=AXIS2_PLACEMENT_3D('',#14720,#11723,#11724);
#9442=AXIS2_PLACEMENT_3D('',#14721,#11725,#11726);
#9443=AXIS2_PLACEMENT_3D('',#14722,#11727,#11728);
#9444=AXIS2_PLACEMENT_3D('',#14723,#11729,#11730);
#9445=AXIS2_PLACEMENT_3D('',#14724,#11731,#11732);
#9446=AXIS2_PLACEMENT_3D('',#14726,#11733,#11734);
#9447=AXIS2_PLACEMENT_3D('',#14728,#11735,#11736);
#9448=AXIS2_PLACEMENT_3D('',#14729,#11737,#11738);
#9449=AXIS2_PLACEMENT_3D('',#14731,#11739,#11740);
#9450=AXIS2_PLACEMENT_3D('',#14733,#11741,#11742);
#9451=AXIS2_PLACEMENT_3D('',#14734,#11743,#11744);
#9452=AXIS2_PLACEMENT_3D('',#14735,#11745,#11746);
#9453=AXIS2_PLACEMENT_3D('',#14736,#11747,#11748);
#9454=AXIS2_PLACEMENT_3D('',#14737,#11749,#11750);
#9455=AXIS2_PLACEMENT_3D('',#14739,#11751,#11752);
#9456=AXIS2_PLACEMENT_3D('',#14741,#11753,#11754);
#9457=AXIS2_PLACEMENT_3D('',#14742,#11755,#11756);
#9458=AXIS2_PLACEMENT_3D('',#14744,#11757,#11758);
#9459=AXIS2_PLACEMENT_3D('',#14746,#11759,#11760);
#9460=AXIS2_PLACEMENT_3D('',#14747,#11761,#11762);
#9461=DIRECTION('',(0.,0.,1.));
#9462=DIRECTION('',(1.,0.,0.));
#9463=DIRECTION('',(0.707106781186548,0.707106781186548,-5.30436641447221E-16));
#9464=DIRECTION('',(3.77876430012033E-32,-7.50150692314295E-16,-1.));
#9465=DIRECTION('',(-7.32981099112321E-34,-7.50150692314295E-16,-1.));
#9466=DIRECTION('',(-0.707106781186548,0.707106781186548,0.));
#9467=DIRECTION('',(-3.77876430012033E-32,7.50150692314295E-16,1.));
#9468=DIRECTION('',(-0.577350269189625,0.577350269189625,-0.577350269189627));
#9469=DIRECTION('',(3.77876430012033E-32,-7.50150692314295E-16,-1.));
#9470=DIRECTION('',(-0.707106781186548,0.707106781186548,-5.30436641447221E-16));
#9471=DIRECTION('',(-0.707106781186548,0.707106781186547,-5.00223963285972E-16));
#9472=DIRECTION('',(4.27271792112513E-17,7.50150692314295E-16,1.));
#9473=DIRECTION('',(-0.707106781186547,-0.707106781186548,5.30436641447222E-16));
#9474=DIRECTION('',(4.27271792112513E-17,7.50150692314295E-16,1.));
#9475=DIRECTION('',(0.577350269189626,0.577350269189626,-0.577350269189626));
#9476=DIRECTION('',(-4.27271792112513E-17,-7.50150692314295E-16,-1.));
#9477=DIRECTION('',(-0.707106781186547,-0.707106781186548,0.));
#9478=DIRECTION('',(-1.8833040637704E-33,7.07423513103044E-16,1.));
#9479=DIRECTION('',(-0.707106781186548,0.707106781186548,-4.70011285124724E-16));
#9480=DIRECTION('',(-8.54543584225028E-17,-7.50150692314295E-16,-1.));
#9481=DIRECTION('',(-0.707106781186548,-0.707106781186548,5.90861997769719E-16));
#9482=DIRECTION('',(8.54543584225028E-17,7.50150692314295E-16,1.));
#9483=DIRECTION('',(-0.577350269189626,-0.577350269189625,0.577350269189626));
#9484=DIRECTION('',(-8.54543584225028E-17,-7.50150692314295E-16,-1.));
#9485=DIRECTION('',(-0.707106781186548,-0.707106781186548,0.));
#9486=DIRECTION('',(8.54543584225027E-17,7.50150692314295E-16,1.));
#9487=DIRECTION('',(0.707106781186547,0.707106781186548,-5.6064931960847E-16));
#9488=DIRECTION('',(4.27271792112513E-17,7.50150692314295E-16,1.));
#9489=DIRECTION('',(-8.54543584225027E-17,-7.07423513103044E-16,-1.));
#9490=DIRECTION('',(-0.707106781186548,0.707106781186547,0.));
#9491=DIRECTION('',(4.27271792112513E-17,7.50150692314295E-16,1.));
#9492=DIRECTION('',(0.577350269189626,-0.577350269189625,0.577350269189627));
#9493=DIRECTION('',(-4.27271792112513E-17,-7.50150692314295E-16,-1.));
#9494=DIRECTION('',(-0.707106781186548,0.707106781186547,-4.70011285124723E-16));
#9495=DIRECTION('',(6.12323399573677E-17,1.,-7.50150692314295E-16));
#9496=DIRECTION('',(1.,-6.12323399573677E-17,-8.54543584225027E-17));
#9497=DIRECTION('',(-1.,6.12323399573677E-17,8.54543584225027E-17));
#9498=DIRECTION('',(-1.,6.12323399573677E-17,8.54543584225027E-17));
#9499=DIRECTION('',(8.54543584225027E-17,7.50150692314295E-16,1.));
#9500=DIRECTION('',(-1.,6.12323399573677E-17,4.27271792112513E-17));
#9501=DIRECTION('',(6.12323399573677E-17,1.,0.));
#9502=DIRECTION('',(6.12323399573677E-17,1.,-7.50150692314295E-16));
#9503=DIRECTION('',(6.12323399573677E-17,1.,-7.50150692314295E-16));
#9504=DIRECTION('',(-4.27271792112513E-17,-7.50150692314295E-16,-1.));
#9505=DIRECTION('',(8.54543584225027E-17,7.50150692314295E-16,1.));
#9506=DIRECTION('',(-1.22464679914735E-16,-1.,7.50150692314295E-16));
#9507=DIRECTION('',(-1.,6.12323399573677E-17,8.54543584225027E-17));
#9508=DIRECTION('',(-6.12323399573677E-17,-1.,7.50150692314295E-16));
#9509=DIRECTION('',(-1.,6.12323399573677E-17,8.54543584225027E-17));
#9510=DIRECTION('',(6.12323399573677E-17,1.,-7.50150692314295E-16));
#9511=DIRECTION('',(-6.12323399573677E-17,-1.,7.50150692314295E-16));
#9512=DIRECTION('',(-1.,6.12323399573677E-17,8.54543584225027E-17));
#9513=DIRECTION('',(-6.12323399573677E-17,-1.,7.50150692314295E-16));
#9514=DIRECTION('',(1.,-6.12323399573677E-17,-8.54543584225027E-17));
#9515=DIRECTION('',(-6.12323399573677E-17,-1.,2.0526832973508E-48));
#9516=DIRECTION('',(6.12323399573677E-17,1.,-7.50150692314295E-16));
#9517=DIRECTION('',(-6.12323399573677E-17,-1.,7.50150692314295E-16));
#9518=DIRECTION('',(8.54543584225028E-17,7.50150692314295E-16,1.));
#9519=DIRECTION('',(-6.12323399573677E-17,-1.,7.50150692314295E-16));
#9520=DIRECTION('',(-1.,6.12323399573677E-17,8.54543584225027E-17));
#9521=DIRECTION('',(-1.,6.12323399573677E-17,8.54543584225027E-17));
#9522=DIRECTION('',(-8.54543584225028E-17,-7.50150692314295E-16,-1.));
#9523=DIRECTION('',(1.,-6.12323399573677E-17,-8.54543584225027E-17));
#9524=DIRECTION('',(4.27271792112513E-17,7.50150692314295E-16,1.));
#9525=DIRECTION('',(-6.12323399573677E-17,-1.,7.50150692314295E-16));
#9526=DIRECTION('',(-1.,6.12323399573677E-17,8.54543584225027E-17));
#9527=DIRECTION('',(-1.,6.12323399573677E-17,8.54543584225027E-17));
#9528=DIRECTION('',(-8.54543584225027E-17,-7.50150692314295E-16,-1.));
#9529=DIRECTION('',(-1.,6.12323399573677E-17,8.54543584225027E-17));
#9530=DIRECTION('',(-8.54543584225027E-17,-7.50150692314295E-16,-1.));
#9531=DIRECTION('',(1.,-6.12323399573677E-17,-8.54543584225027E-17));
#9532=DIRECTION('',(-6.12323399573677E-17,-1.,3.42113882891801E-48));
#9533=DIRECTION('',(-6.12323399573677E-17,-1.,7.50150692314295E-16));
#9534=DIRECTION('',(-6.12323399573677E-17,-1.,7.50150692314295E-16));
#9535=DIRECTION('',(-8.54543584225027E-17,-7.50150692314295E-16,-1.));
#9536=DIRECTION('',(1.22464679914735E-16,1.,-7.50150692314295E-16));
#9537=DIRECTION('',(-1.,6.12323399573677E-17,8.54543584225027E-17));
#9538=DIRECTION('',(-6.12323399573677E-17,-1.,7.50150692314295E-16));
#9539=DIRECTION('',(-1.,6.12323399573677E-17,8.54543584225027E-17));
#9540=DIRECTION('',(-6.12323399573677E-17,-1.,7.50150692314295E-16));
#9541=DIRECTION('',(-6.12323399573677E-17,-1.,7.50150692314295E-16));
#9542=DIRECTION('',(1.,-6.12323399573677E-17,-8.54543584225027E-17));
#9543=DIRECTION('',(-6.12323399573677E-17,-1.,3.42113882891801E-48));
#9544=DIRECTION('',(-6.12323399573677E-17,-1.,7.50150692314295E-16));
#9545=DIRECTION('',(6.12323399573677E-17,1.,-7.50150692314295E-16));
#9546=DIRECTION('',(1.,-6.12323399573677E-17,-8.54543584225027E-17));
#9547=DIRECTION('',(8.54543584225027E-17,7.50150692314295E-16,1.));
#9548=DIRECTION('',(-1.,6.12323399573677E-17,8.54543584225026E-17));
#9549=DIRECTION('',(6.12323399573677E-17,1.,-2.0526832973508E-48));
#9550=DIRECTION('',(-6.12323399573677E-17,-1.,7.50150692314295E-16));
#9551=DIRECTION('',(8.54543584225027E-17,7.50150692314295E-16,1.));
#9552=DIRECTION('',(8.54543584225027E-17,7.50150692314295E-16,1.));
#9553=DIRECTION('',(-1.71275535107227E-17,0.707106781186548,-0.707106781186548));
#9554=DIRECTION('',(-1.,6.12323399573677E-17,8.54543584225026E-17));
#9555=DIRECTION('',(6.12323399573677E-17,1.,-2.0526832973508E-48));
#9556=DIRECTION('',(8.54543584225027E-17,7.50150692314295E-16,1.));
#9557=DIRECTION('',(8.54543584225027E-17,7.50150692314295E-16,1.));
#9558=DIRECTION('',(-6.12323399573677E-17,-1.,7.50150692314295E-16));
#9559=DIRECTION('',(1.71275535107227E-17,-0.707106781186548,0.707106781186548));
#9560=DIRECTION('',(6.12323399573677E-17,1.,-7.50150692314295E-16));
#9561=DIRECTION('',(1.,-6.12323399573677E-17,-8.54543584225027E-17));
#9562=DIRECTION('',(-1.,6.12323399573677E-17,8.54543584225027E-17));
#9563=DIRECTION('',(-8.54543584225027E-17,-7.50150692314295E-16,-1.));
#9564=DIRECTION('',(1.22464679914735E-16,1.,-7.50150692314295E-16));
#9565=DIRECTION('',(1.,-6.12323399573677E-17,-8.54543584225027E-17));
#9566=DIRECTION('',(6.12323399573677E-17,1.,-7.50150692314295E-16));
#9567=DIRECTION('',(1.,-6.12323399573677E-17,-8.54543584225027E-17));
#9568=DIRECTION('',(-1.,6.12323399573677E-17,8.54543584225027E-17));
#9569=DIRECTION('',(1.03723159134272E-16,0.707106781186548,0.707106781186548));
#9570=DIRECTION('',(1.,-6.12323399573677E-17,-8.54543584225027E-17));
#9571=DIRECTION('',(0.,0.,-1.));
#9572=DIRECTION('',(1.,0.,0.));
#9573=DIRECTION('',(-6.12323399573677E-17,-1.,7.50150692314295E-16));
#9574=DIRECTION('',(1.,-6.12323399573677E-17,4.59334822110436E-32));
#9575=DIRECTION('',(-6.12323399573677E-17,-1.,7.50150692314295E-16));
#9576=DIRECTION('',(6.12323399573677E-17,1.,-7.50150692314295E-16));
#9577=DIRECTION('',(0.707106781186547,-0.707106781186548,0.));
#9578=DIRECTION('',(1.,-6.12323399573677E-17,4.59334822110436E-32));
#9579=DIRECTION('',(0.707106781186547,0.707106781186548,0.));
#9580=DIRECTION('',(6.12323399573677E-17,1.,-7.50150692314295E-16));
#9581=DIRECTION('',(0.707106781186548,-0.707106781186548,0.));
#9582=DIRECTION('',(0.707106781186548,0.707106781186548,0.));
#9583=DIRECTION('',(-1.,0.,0.));
#9584=DIRECTION('',(0.707106781186548,0.707106781186547,0.));
#9585=DIRECTION('',(2.23835287222814E-16,1.,0.));
#9586=DIRECTION('',(0.707106781186548,-0.707106781186547,0.));
#9587=DIRECTION('',(-1.,0.,0.));
#9588=DIRECTION('',(-0.707106781186548,-0.707106781186548,0.));
#9589=DIRECTION('',(2.23835287222814E-16,1.,0.));
#9590=DIRECTION('',(-0.707106781186547,0.707106781186548,0.));
#9591=DIRECTION('',(-1.,6.12323399573677E-17,8.54543584225027E-17));
#9592=DIRECTION('',(1.,0.,0.));
#9593=DIRECTION('',(1.,-6.12323399573677E-17,4.59334822110436E-32));
#9594=DIRECTION('',(1.,0.,0.));
#9595=DIRECTION('',(1.7347234759768E-16,-1.,0.));
#9596=DIRECTION('',(-1.,0.,0.));
#9597=DIRECTION('',(-1.7347234759768E-16,1.,0.));
#9598=DIRECTION('',(1.,0.,0.));
#9599=DIRECTION('',(0.,0.,-1.));
#9600=DIRECTION('',(-1.,0.,0.));
#9601=DIRECTION('',(0.,0.,-1.));
#9602=DIRECTION('',(-1.,0.,0.));
#9603=DIRECTION('',(6.12323399573677E-17,1.,-7.50150692314295E-16));
#9604=DIRECTION('',(-1.,6.12323399573677E-17,-4.59334822110436E-32));
#9605=DIRECTION('',(1.,-6.12323399573677E-17,4.59334822110436E-32));
#9606=DIRECTION('',(1.,-6.12323399573677E-17,4.59334822110436E-32));
#9607=DIRECTION('',(4.59334822110436E-32,7.50150692314295E-16,1.));
#9608=DIRECTION('',(1.,-6.12323399573677E-17,-4.27271792112513E-17));
#9609=DIRECTION('',(6.12323399573677E-17,1.,0.));
#9610=DIRECTION('',(-6.12323399573677E-17,-1.,7.50150692314295E-16));
#9611=DIRECTION('',(4.27271792112513E-17,7.50150692314295E-16,1.));
#9612=DIRECTION('',(0.,7.50150692314295E-16,1.));
#9613=DIRECTION('',(0.,-1.,7.50150692314295E-16));
#9614=DIRECTION('',(-1.,6.12323399573677E-17,-4.59334822110436E-32));
#9615=DIRECTION('',(6.12323399573677E-17,1.,-7.50150692314295E-16));
#9616=DIRECTION('',(1.,-6.12323399573677E-17,4.59334822110436E-32));
#9617=DIRECTION('',(-6.12323399573677E-17,-1.,7.50150692314295E-16));
#9618=DIRECTION('',(1.,-6.12323399573677E-17,4.59334822110436E-32));
#9619=DIRECTION('',(-6.12323399573677E-17,-1.,7.50150692314295E-16));
#9620=DIRECTION('',(-6.12323399573677E-17,-1.,7.50150692314295E-16));
#9621=DIRECTION('',(-1.,6.12323399573677E-17,-8.3721125212247E-32));
#9622=DIRECTION('',(-6.12323399573677E-17,-1.,0.));
#9623=DIRECTION('',(6.12323399573677E-17,1.,-7.50150692314295E-16));
#9624=DIRECTION('',(3.77876430012033E-32,-7.50150692314295E-16,-1.));
#9625=DIRECTION('',(-6.12323399573677E-17,-1.,7.50150692314295E-16));
#9626=DIRECTION('',(1.,-6.12323399573677E-17,4.59334822110436E-32));
#9627=DIRECTION('',(1.,-6.12323399573677E-17,4.59334822110436E-32));
#9628=DIRECTION('',(-3.77876430012033E-32,7.50150692314295E-16,1.));
#9629=DIRECTION('',(-4.27271792112513E-17,-7.50150692314295E-16,-1.));
#9630=DIRECTION('',(-6.12323399573677E-17,-1.,7.50150692314295E-16));
#9631=DIRECTION('',(1.,-6.12323399573677E-17,4.59334822110436E-32));
#9632=DIRECTION('',(-7.32981099112324E-34,-7.50150692314295E-16,-1.));
#9633=DIRECTION('',(1.,-6.12323399573677E-17,4.59334822110436E-32));
#9634=DIRECTION('',(-7.32981099112324E-34,-7.50150692314295E-16,-1.));
#9635=DIRECTION('',(-1.,6.12323399573677E-17,-4.52005011119313E-32));
#9636=DIRECTION('',(-6.12323399573677E-17,-1.,0.));
#9637=DIRECTION('',(-6.12323399573677E-17,-1.,7.50150692314295E-16));
#9638=DIRECTION('',(-5.4825942771122E-48,-7.50150692314295E-16,-1.));
#9639=DIRECTION('',(0.,1.,-7.50150692314295E-16));
#9640=DIRECTION('',(1.,-6.12323399573677E-17,4.59334822110436E-32));
#9641=DIRECTION('',(-6.12323399573677E-17,-1.,7.50150692314295E-16));
#9642=DIRECTION('',(-6.12323399573677E-17,-1.,7.50150692314295E-16));
#9643=DIRECTION('',(1.,-6.12323399573677E-17,4.59334822110436E-32));
#9644=DIRECTION('',(-6.12323399573677E-17,-1.,7.50150692314295E-16));
#9645=DIRECTION('',(-1.,6.12323399573677E-17,-4.52005011119313E-32));
#9646=DIRECTION('',(-6.12323399573677E-17,-1.,0.));
#9647=DIRECTION('',(6.12323399573677E-17,1.,-7.50150692314295E-16));
#9648=DIRECTION('',(-1.,6.12323399573677E-17,-4.59334822110436E-32));
#9649=DIRECTION('',(4.59334822110436E-32,7.50150692314295E-16,1.));
#9650=DIRECTION('',(1.,-6.12323399573677E-17,5.1835436801788E-48));
#9651=DIRECTION('',(6.12323399573677E-17,1.,0.));
#9652=DIRECTION('',(-6.12323399573677E-17,-1.,7.50150692314295E-16));
#9653=DIRECTION('',(4.32978028117747E-17,0.707106781186548,-0.707106781186548));
#9654=DIRECTION('',(4.59334822110436E-32,7.50150692314295E-16,1.));
#9655=DIRECTION('',(4.59334822110436E-32,7.50150692314295E-16,1.));
#9656=DIRECTION('',(1.,-6.12323399573677E-17,5.1835436801788E-48));
#9657=DIRECTION('',(6.12323399573677E-17,1.,0.));
#9658=DIRECTION('',(4.59334822110436E-32,7.50150692314295E-16,1.));
#9659=DIRECTION('',(-4.32978028117747E-17,-0.707106781186548,0.707106781186548));
#9660=DIRECTION('',(-6.12323399573677E-17,-1.,7.50150692314295E-16));
#9661=DIRECTION('',(4.59334822110436E-32,7.50150692314295E-16,1.));
#9662=DIRECTION('',(6.12323399573677E-17,1.,-7.50150692314295E-16));
#9663=DIRECTION('',(-1.,6.12323399573677E-17,-4.59334822110436E-32));
#9664=DIRECTION('',(1.,-6.12323399573677E-17,4.59334822110436E-32));
#9665=DIRECTION('',(0.,-7.50150692314295E-16,-1.));
#9666=DIRECTION('',(0.,1.,-7.50150692314295E-16));
#9667=DIRECTION('',(-1.,6.12323399573677E-17,-4.59334822110436E-32));
#9668=DIRECTION('',(6.12323399573677E-17,1.,-7.50150692314295E-16));
#9669=DIRECTION('',(-1.,6.12323399573677E-17,-4.59334822110436E-32));
#9670=DIRECTION('',(1.,-6.12323399573677E-17,4.59334822110436E-32));
#9671=DIRECTION('',(4.32978028117746E-17,0.707106781186548,0.707106781186548));
#9672=DIRECTION('',(-1.,6.12323399573677E-17,-4.59334822110436E-32));
#9673=DIRECTION('',(0.,1.,6.12323399573677E-17));
#9674=DIRECTION('',(1.,0.,0.));
#9675=DIRECTION('',(0.,6.12323399573677E-17,-1.));
#9676=DIRECTION('',(-1.,0.,0.));
#9677=DIRECTION('',(0.,-6.12323399573677E-17,1.));
#9678=DIRECTION('',(1.,-2.23835287222814E-16,-1.37059584016824E-32));
#9679=DIRECTION('',(-2.23835287222814E-16,-1.,-6.12323399573677E-17));
#9680=DIRECTION('',(-2.23835287222814E-16,-1.,-6.12323399573677E-17));
#9681=DIRECTION('',(0.,-6.12323399573677E-17,1.));
#9682=DIRECTION('',(0.,6.12323399573677E-17,-1.));
#9683=DIRECTION('',(0.,1.,6.12323399573677E-17));
#9684=DIRECTION('',(1.,0.,0.));
#9685=DIRECTION('',(1.,0.,0.));
#9686=DIRECTION('',(0.,-6.12323399573677E-17,1.));
#9687=DIRECTION('',(0.,6.12323399573677E-17,-1.));
#9688=DIRECTION('',(1.,-2.23835287222814E-16,-1.37059584016824E-32));
#9689=DIRECTION('',(-2.23835287222814E-16,-1.,-6.12323399573677E-17));
#9690=DIRECTION('',(0.,6.12323399573677E-17,-1.));
#9691=DIRECTION('',(2.23835287222814E-16,1.,6.12323399573677E-17));
#9692=DIRECTION('',(0.,-6.12323399573677E-17,1.));
#9693=DIRECTION('',(0.,1.,6.12323399573677E-17));
#9694=DIRECTION('',(1.,0.,0.));
#9695=DIRECTION('',(1.,0.,0.));
#9696=DIRECTION('',(0.,6.12323399573677E-17,-1.));
#9697=DIRECTION('',(1.,0.,0.));
#9698=DIRECTION('',(0.,6.12323399573677E-17,-1.));
#9699=DIRECTION('',(1.,-2.23835287222814E-16,-1.37059584016824E-32));
#9700=DIRECTION('',(-2.23835287222814E-16,-1.,-6.12323399573677E-17));
#9701=DIRECTION('',(-2.23835287222814E-16,-1.,-6.12323399573677E-17));
#9702=DIRECTION('',(-2.23835287222814E-16,-1.,-6.12323399573677E-17));
#9703=DIRECTION('',(0.,6.12323399573677E-17,-1.));
#9704=DIRECTION('',(0.,1.,6.12323399573677E-17));
#9705=DIRECTION('',(1.,0.,0.));
#9706=DIRECTION('',(1.,0.,0.));
#9707=DIRECTION('',(1.,0.,0.));
#9708=DIRECTION('',(0.,6.12323399573677E-17,-1.));
#9709=DIRECTION('',(1.,-2.23835287222814E-16,-1.37059584016824E-32));
#9710=DIRECTION('',(-2.23835287222814E-16,-1.,-6.12323399573677E-17));
#9711=DIRECTION('',(-2.23835287222814E-16,-1.,-6.12323399573677E-17));
#9712=DIRECTION('',(-2.23835287222814E-16,-1.,-6.12323399573677E-17));
#9713=DIRECTION('',(0.,-6.12323399573677E-17,1.));
#9714=DIRECTION('',(1.,0.,0.));
#9715=DIRECTION('',(0.,-6.12323399573677E-17,1.));
#9716=DIRECTION('',(0.,-1.,-6.12323399573677E-17));
#9717=DIRECTION('',(0.,-6.12323399573677E-17,1.));
#9718=DIRECTION('',(0.,-1.,-6.12323399573677E-17));
#9719=DIRECTION('',(0.,-6.12323399573677E-17,1.));
#9720=DIRECTION('',(0.,-1.,-6.12323399573677E-17));
#9721=DIRECTION('',(0.,-6.12323399573677E-17,1.));
#9722=DIRECTION('',(0.,-1.,-6.12323399573677E-17));
#9723=DIRECTION('',(0.,-1.,0.));
#9724=DIRECTION('',(0.,0.,-1.));
#9725=DIRECTION('',(0.,0.,1.));
#9726=DIRECTION('',(1.,0.,0.));
#9727=DIRECTION('',(0.,0.,1.));
#9728=DIRECTION('',(1.,1.7347234759768E-16,0.));
#9729=DIRECTION('',(-1.7347234759768E-16,1.,0.));
#9730=DIRECTION('',(-1.,-1.7347234759768E-16,0.));
#9731=DIRECTION('',(-1.,1.7347234759768E-16,0.));
#9732=DIRECTION('',(0.,0.,-1.));
#9733=DIRECTION('',(-1.,-1.7347234759768E-16,0.));
#9734=DIRECTION('',(0.,0.,-1.));
#9735=DIRECTION('',(1.,1.7347234759768E-16,0.));
#9736=DIRECTION('',(-1.7347234759768E-16,1.,0.));
#9737=DIRECTION('',(0.,0.,-1.));
#9738=DIRECTION('',(1.7347234759768E-16,1.,0.));
#9739=DIRECTION('',(-1.7347234759768E-16,1.,0.));
#9740=DIRECTION('',(0.,0.,-1.));
#9741=DIRECTION('',(1.7347234759768E-16,-1.,0.));
#9742=DIRECTION('',(-1.7347234759768E-16,1.,0.));
#9743=DIRECTION('',(-1.,-1.7347234759768E-16,0.));
#9744=DIRECTION('',(0.,0.,-1.));
#9745=DIRECTION('',(0.707106781186547,1.2266347333467E-16,0.707106781186548));
#9746=DIRECTION('',(-0.707106781186547,-1.2266347333467E-16,0.707106781186548));
#9747=DIRECTION('',(0.,0.,-1.));
#9748=DIRECTION('',(1.,1.7347234759768E-16,0.));
#9749=DIRECTION('',(1.,0.,0.));
#9750=DIRECTION('',(0.,0.,-1.));
#9751=DIRECTION('',(-1.,-1.7347234759768E-16,0.));
#9752=DIRECTION('',(1.,1.7347234759768E-16,0.));
#9753=DIRECTION('',(-1.7347234759768E-16,1.,0.));
#9754=DIRECTION('',(1.7347234759768E-16,-1.,0.));
#9755=DIRECTION('',(1.7347234759768E-16,1.,0.));
#9756=DIRECTION('',(0.,0.,-1.));
#9757=DIRECTION('',(1.7347234759768E-16,-1.,0.));
#9758=DIRECTION('',(-1.7347234759768E-16,1.,0.));
#9759=DIRECTION('',(-1.,-1.7347234759768E-16,0.));
#9760=DIRECTION('',(1.,-1.7347234759768E-16,0.));
#9761=DIRECTION('',(1.,1.7347234759768E-16,0.));
#9762=DIRECTION('',(0.,0.,1.));
#9763=DIRECTION('',(1.,0.,0.));
#9764=DIRECTION('',(1.,1.7347234759768E-16,0.));
#9765=DIRECTION('',(-1.7347234759768E-16,1.,0.));
#9766=DIRECTION('',(-1.7347234759768E-16,1.,0.));
#9767=DIRECTION('',(0.,0.,1.));
#9768=DIRECTION('',(1.7347234759768E-16,1.,0.));
#9769=DIRECTION('',(1.7347234759768E-16,-1.,0.));
#9770=DIRECTION('',(1.,1.7347234759768E-16,0.));
#9771=DIRECTION('',(-1.7347234759768E-16,1.,0.));
#9772=DIRECTION('',(0.,0.,1.));
#9773=DIRECTION('',(-1.7347234759768E-16,1.,0.));
#9774=DIRECTION('',(1.7347234759768E-16,-1.,0.));
#9775=DIRECTION('',(1.7347234759768E-16,1.,0.));
#9776=DIRECTION('',(0.,0.,1.));
#9777=DIRECTION('',(-1.,-3.46944695195362E-16,0.));
#9778=DIRECTION('',(0.,0.,-1.));
#9779=DIRECTION('',(1.,0.,0.));
#9780=DIRECTION('',(0.,0.,-1.));
#9781=DIRECTION('',(-1.,0.,0.));
#9782=DIRECTION('',(1.,0.,0.));
#9783=DIRECTION('',(0.,0.,-1.));
#9784=DIRECTION('',(-1.,0.,0.));
#9785=DIRECTION('',(0.,0.,-1.));
#9786=DIRECTION('',(1.,0.,0.));
#9787=DIRECTION('',(0.,0.,1.));
#9788=DIRECTION('',(-1.,3.46944695195362E-16,0.));
#9789=DIRECTION('',(0.,0.,1.));
#9790=DIRECTION('',(1.,0.,0.));
#9791=DIRECTION('',(0.,0.,-1.));
#9792=DIRECTION('',(-1.,-3.46944695195362E-16,0.));
#9793=DIRECTION('',(0.,0.,1.));
#9794=DIRECTION('',(1.,0.,0.));
#9795=DIRECTION('',(0.,0.,1.));
#9796=DIRECTION('',(1.,0.,0.));
#9797=DIRECTION('',(0.,0.,-1.));
#9798=DIRECTION('',(-1.,0.,0.));
#9799=DIRECTION('',(0.,0.,-1.));
#9800=DIRECTION('',(1.,0.,0.));
#9801=DIRECTION('',(0.,0.,1.));
#9802=DIRECTION('',(1.,0.,0.));
#9803=DIRECTION('',(0.,0.,-1.));
#9804=DIRECTION('',(1.,-3.46944695195362E-16,0.));
#9805=DIRECTION('',(0.,0.,-1.));
#9806=DIRECTION('',(1.,0.,0.));
#9807=DIRECTION('',(0.,0.,1.));
#9808=DIRECTION('',(-1.,3.46944695195362E-16,0.));
#9809=DIRECTION('',(-1.,-1.7347234759768E-16,0.));
#9810=DIRECTION('',(0.,0.,1.));
#9811=DIRECTION('',(1.,0.,0.));
#9812=DIRECTION('',(0.,0.,1.));
#9813=DIRECTION('',(1.,0.,0.));
#9814=DIRECTION('',(0.,0.,-1.));
#9815=DIRECTION('',(-1.,0.,0.));
#9816=DIRECTION('',(0.,0.,1.));
#9817=DIRECTION('',(1.,0.,0.));
#9818=DIRECTION('',(0.,-1.,0.));
#9819=DIRECTION('',(0.,0.,-1.));
#9820=DIRECTION('',(1.,0.,0.));
#9821=DIRECTION('',(0.,0.,-1.));
#9822=DIRECTION('',(1.,3.46944695195362E-16,0.));
#9823=DIRECTION('',(0.,0.,1.));
#9824=DIRECTION('',(1.,0.,0.));
#9825=DIRECTION('',(0.,0.,1.));
#9826=DIRECTION('',(1.,0.,0.));
#9827=DIRECTION('',(0.,0.,1.));
#9828=DIRECTION('',(1.,0.,0.));
#9829=DIRECTION('',(-0.707106781186548,-1.2266347333467E-16,-0.707106781186547));
#9830=DIRECTION('',(1.7347234759768E-16,-1.,0.));
#9831=DIRECTION('',(0.577350269189626,0.577350269189625,-0.577350269189626));
#9832=DIRECTION('',(0.,0.707106781186548,0.707106781186547));
#9833=DIRECTION('',(1.,0.,0.));
#9834=DIRECTION('',(0.577350269189626,-0.577350269189625,0.577350269189626));
#9835=DIRECTION('',(-0.707106781186548,-1.2266347333467E-16,0.707106781186547));
#9836=DIRECTION('',(-1.7347234759768E-16,1.,0.));
#9837=DIRECTION('',(-0.707106781186548,0.707106781186548,4.32978028117746E-17));
#9838=DIRECTION('',(0.,-6.12323399573677E-17,1.));
#9839=DIRECTION('',(0.707106781186548,0.707106781186548,0.));
#9840=DIRECTION('',(-0.577350269189626,0.577350269189626,-0.577350269189625));
#9841=DIRECTION('',(-0.707106781186548,-0.707106781186548,0.));
#9842=DIRECTION('',(0.707106781186548,1.05762947751096E-15,-0.707106781186548));
#9843=DIRECTION('',(-9.61481343191781E-17,-0.707106781186547,-0.707106781186548));
#9844=DIRECTION('',(-0.707106781186547,-0.707106781186548,-4.32978028117747E-17));
#9845=DIRECTION('',(0.,6.12323399573677E-17,-1.));
#9846=DIRECTION('',(-0.707106781186548,0.707106781186547,8.82200137686988E-16));
#9847=DIRECTION('',(0.,0.707106781186548,-0.707106781186547));
#9848=DIRECTION('',(-1.,0.,0.));
#9849=DIRECTION('',(-8.93088784488234E-16,0.707106781186547,0.707106781186548));
#9850=DIRECTION('',(0.707106781186548,-2.01573252275865E-16,0.707106781186548));
#9851=DIRECTION('',(-2.23835287222814E-16,-1.,-6.12323399573677E-17));
#9852=DIRECTION('',(-0.707106781186548,2.88444402957535E-16,0.707106781186548));
#9853=DIRECTION('',(0.707106781186548,0.707106781186547,4.32978028117746E-17));
#9854=DIRECTION('',(0.,6.12323399573677E-17,-1.));
#9855=DIRECTION('',(0.707106781186547,-0.707106781186548,-7.90345805858573E-16));
#9856=DIRECTION('',(0.577350269189625,0.577350269189627,-0.577350269189625));
#9857=DIRECTION('',(0.,0.707106781186547,0.707106781186548));
#9858=DIRECTION('',(-0.707106781186548,0.,-0.707106781186548));
#9859=DIRECTION('',(-0.577350269189626,-0.577350269189625,-0.577350269189626));
#9860=DIRECTION('',(-0.707106781186547,0.,0.707106781186548));
#9861=DIRECTION('',(2.88444402957534E-16,0.707106781186548,-0.707106781186547));
#9862=DIRECTION('',(0.707106781186548,-1.14977646652315E-16,-0.707106781186548));
#9863=DIRECTION('',(2.23835287222814E-16,1.,6.12323399573677E-17));
#9864=DIRECTION('',(0.707106781186548,-6.73036940234247E-16,0.707106781186548));
#9865=DIRECTION('',(0.,0.707106781186547,0.707106781186548));
#9866=DIRECTION('',(1.,0.,0.));
#9867=DIRECTION('',(-6.73036940234248E-16,-0.707106781186548,0.707106781186547));
#9868=DIRECTION('',(0.577350269189625,-0.577350269189626,-0.577350269189626));
#9869=DIRECTION('',(0.,0.707106781186548,-0.707106781186548));
#9870=DIRECTION('',(-0.707106781186548,-0.707106781186547,-3.31074146716501E-16));
#9871=DIRECTION('',(0.707106781186547,-0.707106781186548,-4.32978028117747E-17));
#9872=DIRECTION('',(0.,-6.12323399573677E-17,1.));
#9873=DIRECTION('',(0.707106781186548,4.87138838635447E-16,0.707106781186548));
#9874=DIRECTION('',(6.12323399573677E-17,1.,-7.50150692314295E-16));
#9875=DIRECTION('',(-0.707106781186548,0.,0.707106781186548));
#9876=DIRECTION('',(-0.707106781186548,-0.707106781186548,5.90861997769719E-16));
#9877=DIRECTION('',(-8.54543584225028E-17,-7.50150692314295E-16,-1.));
#9878=DIRECTION('',(-0.707106781186548,0.707106781186548,-2.31552626634447E-15));
#9879=DIRECTION('',(-0.577350269189625,-0.577350269189627,-0.577350269189625));
#9880=DIRECTION('',(0.,0.707106781186546,-0.707106781186549));
#9881=DIRECTION('',(2.30755522366028E-15,-0.707106781186548,0.707106781186548));
#9882=DIRECTION('',(-1.03723159134272E-16,-0.707106781186548,-0.707106781186548));
#9883=DIRECTION('',(1.,-6.12323399573677E-17,-8.54543584225027E-17));
#9884=DIRECTION('',(2.30755522366029E-15,0.707106781186548,-0.707106781186548));
#9885=DIRECTION('',(0.707106781186548,-0.707106781186548,5.00223963285973E-16));
#9886=DIRECTION('',(4.27271792112513E-17,7.50150692314295E-16,1.));
#9887=DIRECTION('',(-0.707106781186548,-0.707106781186548,7.37809488255981E-15));
#9888=DIRECTION('',(0.577350269189622,-0.577350269189628,-0.577350269189627));
#9889=DIRECTION('',(0.,0.707106781186547,-0.707106781186549));
#9890=DIRECTION('',(-0.707106781186548,5.0680955433008E-15,-0.707106781186548));
#9891=DIRECTION('',(-0.707106781186548,5.73734444258996E-16,0.707106781186548));
#9892=DIRECTION('',(6.12323399573677E-17,1.,-7.50150692314295E-16));
#9893=DIRECTION('',(0.707106781186548,-0.707106781186547,5.30436641447221E-16));
#9894=DIRECTION('',(3.77876430012033E-32,-7.50150692314295E-16,-1.));
#9895=DIRECTION('',(-0.707106781186547,-0.707106781186548,7.31399612634703E-15));
#9896=DIRECTION('',(-0.707106781186548,5.73734444258996E-16,0.707106781186547));
#9897=DIRECTION('',(6.12323399573677E-17,1.,-7.50150692314295E-16));
#9898=DIRECTION('',(-0.707106781186547,4.75189556472764E-15,-0.707106781186548));
#9899=DIRECTION('',(0.577350269189623,-0.577350269189628,-0.577350269189626));
#9900=DIRECTION('',(0.,0.707106781186546,-0.707106781186549));
#9901=DIRECTION('',(2.59599962661783E-15,0.707106781186548,-0.707106781186548));
#9902=DIRECTION('',(-0.707106781186548,-0.707106781186547,5.6064931960847E-16));
#9903=DIRECTION('',(4.27271792112513E-17,7.50150692314295E-16,1.));
#9904=DIRECTION('',(-0.707106781186547,0.707106781186548,-2.40738059817288E-15));
#9905=DIRECTION('',(-4.32978028117746E-17,-0.707106781186548,-0.707106781186548));
#9906=DIRECTION('',(-1.,6.12323399573677E-17,-4.59334822110436E-32));
#9907=DIRECTION('',(2.18365151372547E-15,-0.707106781186548,0.707106781186548));
#9908=DIRECTION('',(-0.577350269189625,-0.577350269189627,-0.577350269189625));
#9909=DIRECTION('',(0.707106781186548,-0.707106781186547,0.));
#9910=DIRECTION('',(-0.707106781186547,2.7755575615629E-17,0.707106781186548));
#9911=DIRECTION('',(0.707106781186548,4.87138838635446E-16,0.707106781186547));
#9912=DIRECTION('',(6.12323399573677E-17,1.,-7.50150692314295E-16));
#9913=DIRECTION('',(0.,-6.12323399573677E-17,1.));
#9914=DIRECTION('',(0.,-1.,-6.12323399573677E-17));
#9915=DIRECTION('',(0.,6.12323399573677E-17,-1.));
#9916=DIRECTION('',(0.,1.,6.12323399573677E-17));
#9917=DIRECTION('',(0.,6.12323399573677E-17,-1.));
#9918=DIRECTION('',(1.,0.,0.));
#9919=DIRECTION('',(0.,-6.12323399573677E-17,1.));
#9920=DIRECTION('',(0.,-1.,-6.12323399573677E-17));
#9921=DIRECTION('',(0.,6.12323399573677E-17,-1.));
#9922=DIRECTION('',(0.,1.,6.12323399573677E-17));
#9923=DIRECTION('',(0.,6.12323399573677E-17,-1.));
#9924=DIRECTION('',(1.,0.,0.));
#9925=DIRECTION('',(0.,-6.12323399573677E-17,1.));
#9926=DIRECTION('',(0.,-1.,-6.12323399573677E-17));
#9927=DIRECTION('',(0.,6.12323399573677E-17,-1.));
#9928=DIRECTION('',(0.,1.,6.12323399573677E-17));
#9929=DIRECTION('',(0.,6.12323399573677E-17,-1.));
#9930=DIRECTION('',(1.,0.,0.));
#9931=DIRECTION('',(0.,-6.12323399573677E-17,1.));
#9932=DIRECTION('',(0.,-1.,-6.12323399573677E-17));
#9933=DIRECTION('',(0.,6.12323399573677E-17,-1.));
#9934=DIRECTION('',(0.,1.,6.12323399573677E-17));
#9935=DIRECTION('',(0.,6.12323399573677E-17,-1.));
#9936=DIRECTION('',(1.,0.,0.));
#9937=DIRECTION('',(0.,0.,1.));
#9938=DIRECTION('',(1.,0.,0.));
#9939=DIRECTION('',(-1.,6.12323399573682E-17,7.50150692314295E-16));
#9940=DIRECTION('',(7.50150692314295E-16,7.50150692314295E-16,1.));
#9941=DIRECTION('',(6.12323399573677E-17,1.,-7.50150692314295E-16));
#9942=DIRECTION('',(-7.50150692314295E-16,-7.50150692314295E-16,-1.));
#9943=DIRECTION('',(6.12323399573677E-17,1.,-7.50150692314295E-16));
#9944=DIRECTION('',(-7.50150692314295E-16,-7.50150692314295E-16,-1.));
#9945=DIRECTION('',(6.12323399573677E-17,1.,-7.50150692314295E-16));
#9946=DIRECTION('',(-7.50150692314295E-16,-7.50150692314295E-16,-1.));
#9947=DIRECTION('',(1.,-6.12323399573682E-17,-7.50150692314295E-16));
#9948=DIRECTION('',(-7.50150692314295E-16,-7.50150692314295E-16,-1.));
#9949=DIRECTION('',(1.,-6.12323399573682E-17,-7.50150692314295E-16));
#9950=DIRECTION('',(-1.,6.12323399573682E-17,7.50150692314295E-16));
#9951=DIRECTION('',(7.50150692314295E-16,7.50150692314295E-16,1.));
#9952=DIRECTION('',(6.12323399573677E-17,1.,-7.50150692314295E-16));
#9953=DIRECTION('',(-7.50150692314295E-16,-7.50150692314295E-16,-1.));
#9954=DIRECTION('',(6.12323399573677E-17,1.,-7.50150692314295E-16));
#9955=DIRECTION('',(6.12323399573677E-17,1.,-7.50150692314295E-16));
#9956=DIRECTION('',(-7.50150692314295E-16,-7.50150692314295E-16,-1.));
#9957=DIRECTION('',(1.,-6.12323399573682E-17,-7.50150692314295E-16));
#9958=DIRECTION('',(1.,-6.12323399573682E-17,-7.50150692314295E-16));
#9959=DIRECTION('',(7.50150692314295E-16,7.50150692314295E-16,1.));
#9960=DIRECTION('',(6.12323399573677E-17,1.,-7.50150692314295E-16));
#9961=DIRECTION('',(7.50150692314295E-16,7.50150692314295E-16,1.));
#9962=DIRECTION('',(1.,0.,-7.50150692314295E-16));
#9963=DIRECTION('',(7.50150692314295E-16,7.50150692314295E-16,1.));
#9964=DIRECTION('',(6.12323399573677E-17,1.,-7.50150692314295E-16));
#9965=DIRECTION('',(-7.50150692314295E-16,-7.50150692314295E-16,-1.));
#9966=DIRECTION('',(-1.,0.,7.50150692314295E-16));
#9967=DIRECTION('',(7.50150692314295E-16,7.50150692314295E-16,1.));
#9968=DIRECTION('',(1.,0.,-7.50150692314295E-16));
#9969=DIRECTION('',(7.50150692314295E-16,7.50150692314295E-16,1.));
#9970=DIRECTION('',(1.,-5.62726061179616E-31,-7.50150692314295E-16));
#9971=DIRECTION('',(0.,0.,1.));
#9972=DIRECTION('',(1.,0.,0.));
#9973=DIRECTION('',(-3.69627624575467E-16,1.,6.2768601239956E-16));
#9974=DIRECTION('',(1.,3.69627624575467E-16,1.95509183887497E-32));
#9975=DIRECTION('',(1.,3.69627624575467E-16,8.65385153700173E-33));
#9976=DIRECTION('',(-0.707106781186547,1.82474835972485E-16,-0.707106781186548));
#9977=DIRECTION('',(-2.13192152452859E-31,6.2768601239956E-16,-1.));
#9978=DIRECTION('',(1.,3.69627624575467E-16,1.95509183887497E-32));
#9979=DIRECTION('',(-2.13192152452859E-31,6.2768601239956E-16,-1.));
#9980=DIRECTION('',(-0.707106781186547,-7.0520723567486E-16,0.707106781186548));
#9981=DIRECTION('',(-3.69627624575467E-16,1.,6.2768601239956E-16));
#9982=DIRECTION('',(-1.,-3.69627624575467E-16,8.54543584225027E-17));
#9983=DIRECTION('',(1.,3.69627624575467E-16,8.65385153700173E-33));
#9984=DIRECTION('',(-0.707106781186546,1.82474835972486E-16,-0.707106781186549));
#9985=DIRECTION('',(-8.54543584225029E-17,6.2768601239956E-16,-1.));
#9986=DIRECTION('',(-1.,-3.69627624575467E-16,8.54543584225027E-17));
#9987=DIRECTION('',(-8.54543584225029E-17,6.2768601239956E-16,-1.));
#9988=DIRECTION('',(-0.707106781186547,-7.0520723567486E-16,0.707106781186548));
#9989=DIRECTION('',(0.,0.,1.));
#9990=DIRECTION('',(1.,0.,0.));
#9991=DIRECTION('',(0.,0.,1.));
#9992=DIRECTION('',(-1.,-3.46944695195362E-16,0.));
#9993=DIRECTION('',(0.,0.,1.));
#9994=DIRECTION('',(1.,0.,0.));
#9995=DIRECTION('',(0.,0.,1.));
#9996=DIRECTION('',(-1.,-3.46944695195362E-16,0.));
#9997=DIRECTION('',(0.,0.,1.));
#9998=DIRECTION('',(1.,0.,0.));
#9999=DIRECTION('',(-1.,-3.69627624575467E-16,8.54543584225027E-17));
#10000=DIRECTION('',(0.707106781186547,-0.707106781186548,0.));
#10001=DIRECTION('',(3.69627624575467E-16,-1.,-6.2768601239956E-16));
#10002=DIRECTION('',(-0.707106781186547,-0.707106781186548,0.));
#10003=DIRECTION('',(-1.,-3.69627624575467E-16,8.54543584225027E-17));
#10004=DIRECTION('',(1.,0.,0.));
#10005=DIRECTION('',(1.,3.69627624575467E-16,1.95509183887497E-32));
#10006=DIRECTION('',(-0.707106781186548,0.707106781186547,0.));
#10007=DIRECTION('',(3.69627624575467E-16,-1.,-6.2768601239956E-16));
#10008=DIRECTION('',(0.707106781186547,0.707106781186548,0.));
#10009=DIRECTION('',(1.,3.69627624575467E-16,1.95509183887497E-32));
#10010=DIRECTION('',(0.707106781186547,-0.707106781186548,0.));
#10011=DIRECTION('',(3.69627624575467E-16,-1.,-6.2768601239956E-16));
#10012=DIRECTION('',(-0.707106781186547,-0.707106781186548,0.));
#10013=DIRECTION('',(1.,3.69627624575467E-16,1.95509183887497E-32));
#10014=DIRECTION('',(1.,0.,0.));
#10015=DIRECTION('',(-1.7347234759768E-16,1.,0.));
#10016=DIRECTION('',(-1.,-1.7347234759768E-16,0.));
#10017=DIRECTION('',(1.7347234759768E-16,-1.,0.));
#10018=DIRECTION('',(1.,0.,0.));
#10019=DIRECTION('',(-1.,-3.69627624575467E-16,8.54543584225027E-17));
#10020=DIRECTION('',(-0.707106781186547,0.707106781186548,0.));
#10021=DIRECTION('',(3.69627624575467E-16,-1.,-6.2768601239956E-16));
#10022=DIRECTION('',(0.707106781186547,0.707106781186549,0.));
#10023=DIRECTION('',(-1.7347234759768E-16,1.,0.));
#10024=DIRECTION('',(-1.,-1.7347234759768E-16,0.));
#10025=DIRECTION('',(0.,0.,1.));
#10026=DIRECTION('',(1.,1.7347234759768E-16,0.));
#10027=DIRECTION('',(0.,0.,1.));
#10028=DIRECTION('',(1.,1.7347234759768E-16,0.));
#10029=DIRECTION('',(-1.7347234759768E-16,1.,0.));
#10030=DIRECTION('',(-1.,-1.7347234759768E-16,0.));
#10031=DIRECTION('',(0.,0.,1.));
#10032=DIRECTION('',(1.,1.7347234759768E-16,0.));
#10033=DIRECTION('',(0.,0.,1.));
#10034=DIRECTION('',(-1.,-1.7347234759768E-16,0.));
#10035=DIRECTION('',(1.,1.7347234759768E-16,0.));
#10036=DIRECTION('',(-1.7347234759768E-16,1.,0.));
#10037=DIRECTION('',(1.7347234759768E-16,-1.,0.));
#10038=DIRECTION('',(-1.7347234759768E-16,1.,0.));
#10039=DIRECTION('',(0.,0.,1.));
#10040=DIRECTION('',(-1.7347234759768E-16,1.,0.));
#10041=DIRECTION('',(0.,0.,1.));
#10042=DIRECTION('',(1.,1.7347234759768E-16,0.));
#10043=DIRECTION('',(-1.7347234759768E-16,1.,0.));
#10044=DIRECTION('',(0.,0.,1.));
#10045=DIRECTION('',(-1.7347234759768E-16,1.,0.));
#10046=DIRECTION('',(1.7347234759768E-16,-1.,0.));
#10047=DIRECTION('',(0.,0.,1.));
#10048=DIRECTION('',(-1.7347234759768E-16,1.,0.));
#10049=DIRECTION('',(1.,1.7347234759768E-16,0.));
#10050=DIRECTION('',(-1.7347234759768E-16,1.,0.));
#10051=DIRECTION('',(1.7347234759768E-16,-1.,0.));
#10052=DIRECTION('',(0.,0.,1.));
#10053=DIRECTION('',(-1.7347234759768E-16,1.,0.));
#10054=DIRECTION('',(0.,0.,1.));
#10055=DIRECTION('',(-1.7347234759768E-16,1.,0.));
#10056=DIRECTION('',(1.,1.7347234759768E-16,0.));
#10057=DIRECTION('',(-1.7347234759768E-16,1.,0.));
#10058=DIRECTION('',(1.7347234759768E-16,-1.,0.));
#10059=DIRECTION('',(0.,0.,1.));
#10060=DIRECTION('',(-1.7347234759768E-16,1.,0.));
#10061=DIRECTION('',(0.,0.,1.));
#10062=DIRECTION('',(1.7347234759768E-16,-1.,0.));
#10063=DIRECTION('',(0.,0.,1.));
#10064=DIRECTION('',(1.,0.,0.));
#10065=DIRECTION('',(0.,0.,1.));
#10066=DIRECTION('',(1.,0.,0.));
#10067=DIRECTION('',(0.,0.,1.));
#10068=DIRECTION('',(1.,0.,0.));
#10069=DIRECTION('',(0.,0.,1.));
#10070=DIRECTION('',(1.,0.,0.));
#10071=DIRECTION('',(0.,0.,1.));
#10072=DIRECTION('',(1.,0.,0.));
#10073=DIRECTION('',(1.,0.,0.));
#10074=DIRECTION('',(1.,0.,0.));
#10075=DIRECTION('',(0.,0.,-1.));
#10076=DIRECTION('',(-1.,-3.46944695195362E-16,0.));
#10077=DIRECTION('',(-1.,-1.7347234759768E-16,0.));
#10078=DIRECTION('',(0.,0.,-1.));
#10079=DIRECTION('',(1.,0.,0.));
#10080=DIRECTION('',(1.,1.7347234759768E-16,0.));
#10081=DIRECTION('',(1.7347234759768E-16,-1.,0.));
#10082=DIRECTION('',(-1.,-1.7347234759768E-16,0.));
#10083=DIRECTION('',(1.,1.7347234759768E-16,0.));
#10084=DIRECTION('',(1.7347234759768E-16,-1.,0.));
#10085=DIRECTION('',(-1.,-1.7347234759768E-16,0.));
#10086=DIRECTION('',(-1.,-1.7347234759768E-16,0.));
#10087=DIRECTION('',(0.,0.,-1.));
#10088=DIRECTION('',(1.,3.46944695195362E-16,0.));
#10089=DIRECTION('',(1.,1.7347234759768E-16,0.));
#10090=DIRECTION('',(0.,0.,-1.));
#10091=DIRECTION('',(-1.,4.93038065763132E-32,0.));
#10092=DIRECTION('',(-1.,-1.7347234759768E-16,0.));
#10093=DIRECTION('',(0.,0.,-1.));
#10094=DIRECTION('',(1.,3.46944695195362E-16,0.));
#10095=DIRECTION('',(0.,0.,1.));
#10096=DIRECTION('',(-1.,-3.46944695195362E-16,0.));
#10097=DIRECTION('',(0.,0.,-1.));
#10098=DIRECTION('',(1.,3.46944695195362E-16,0.));
#10099=DIRECTION('',(0.,0.,1.));
#10100=DIRECTION('',(-1.,-3.46944695195362E-16,0.));
#10101=DIRECTION('',(-1.7347234759768E-16,1.,0.));
#10102=DIRECTION('',(-1.,-1.7347234759768E-16,0.));
#10103=DIRECTION('',(0.707106781186547,1.2266347333467E-16,-0.707106781186548));
#10104=DIRECTION('',(1.,3.69627624575467E-16,1.95509183887497E-32));
#10105=DIRECTION('',(1.,0.,0.));
#10106=DIRECTION('',(1.,3.69627624575467E-16,1.95509183887497E-32));
#10107=DIRECTION('',(-1.,-3.69627624575467E-16,8.54543584225027E-17));
#10108=DIRECTION('',(1.,0.,0.));
#10109=DIRECTION('',(-1.,-3.69627624575467E-16,8.54543584225027E-17));
#10110=DIRECTION('',(-0.707106781186547,-1.2266347333467E-16,-0.707106781186548));
#10111=DIRECTION('',(-0.707106781186548,-1.2266347333467E-16,0.707106781186547));
#10112=DIRECTION('',(1.7347234759768E-16,-1.,0.));
#10113=DIRECTION('',(0.577350269189625,-0.577350269189627,0.577350269189626));
#10114=DIRECTION('',(1.2266347333467E-16,-0.707106781186547,-0.707106781186548));
#10115=DIRECTION('',(1.,1.7347234759768E-16,0.));
#10116=DIRECTION('',(0.577350269189625,0.577350269189627,-0.577350269189626));
#10117=DIRECTION('',(-0.707106781186548,-1.2266347333467E-16,-0.707106781186547));
#10118=DIRECTION('',(-1.7347234759768E-16,1.,0.));
#10119=DIRECTION('',(2.61366199851188E-16,-0.707106781186547,0.707106781186548));
#10120=DIRECTION('',(-1.,-3.69627624575467E-16,-1.95509183887497E-32));
#10121=DIRECTION('',(2.61366199851188E-16,-0.707106781186548,-0.707106781186548));
#10122=DIRECTION('',(1.,3.69627624575467E-16,1.95509183887497E-32));
#10123=DIRECTION('',(-2.61366199851188E-16,0.707106781186548,0.707106781186548));
#10124=DIRECTION('',(-1.,-3.69627624575467E-16,-1.95509183887497E-32));
#10125=DIRECTION('',(3.69627624575467E-16,-1.,-6.2768601239956E-16));
#10126=DIRECTION('',(-1.,-3.69627624575467E-16,-1.95509183887497E-32));
#10127=DIRECTION('',(2.5839265356479E-31,-6.2768601239956E-16,1.));
#10128=DIRECTION('',(1.,3.69627624575467E-16,1.95509183887497E-32));
#10129=DIRECTION('',(2.5839265356479E-31,-6.2768601239956E-16,1.));
#10130=DIRECTION('',(-2.12459171353747E-31,6.2768601239956E-16,-1.));
#10131=DIRECTION('',(3.08395284618099E-16,-1.,-6.2768601239956E-16));
#10132=DIRECTION('',(-3.69627624575467E-16,1.,6.2768601239956E-16));
#10133=DIRECTION('',(1.,3.69627624575467E-16,1.95509183887497E-32));
#10134=DIRECTION('',(-3.69627624575467E-16,1.,6.2768601239956E-16));
#10135=DIRECTION('',(3.69627624575467E-16,-1.,-6.2768601239956E-16));
#10136=DIRECTION('',(-1.,-3.69627624575467E-16,-1.95509183887497E-32));
#10137=DIRECTION('',(2.5839265356479E-31,-6.2768601239956E-16,1.));
#10138=DIRECTION('',(2.5839265356479E-31,-6.2768601239956E-16,1.));
#10139=DIRECTION('',(1.,3.69627624575467E-16,1.95509183887497E-32));
#10140=DIRECTION('',(1.,3.69627624575467E-16,-2.63825638222939E-32));
#10141=DIRECTION('',(3.69627624575467E-16,-1.,1.22464679914735E-16));
#10142=DIRECTION('',(-3.69627624575467E-16,1.,6.2768601239956E-16));
#10143=DIRECTION('',(2.5839265356479E-31,-6.2768601239956E-16,1.));
#10144=DIRECTION('',(-3.69627624575467E-16,1.,6.2768601239956E-16));
#10145=DIRECTION('',(1.,3.69627624575467E-16,-2.63825638222939E-32));
#10146=DIRECTION('',(3.69627624575467E-16,-1.,1.22464679914735E-16));
#10147=DIRECTION('',(-3.69627624575467E-16,1.,6.2768601239956E-16));
#10148=DIRECTION('',(2.5839265356479E-31,-6.2768601239956E-16,1.));
#10149=DIRECTION('',(-3.69627624575467E-16,1.,6.2768601239956E-16));
#10150=DIRECTION('',(3.69627624575467E-16,-1.,-6.2768601239956E-16));
#10151=DIRECTION('',(-1.,-3.69627624575467E-16,-1.95509183887497E-32));
#10152=DIRECTION('',(1.,3.69627624575467E-16,1.95509183887497E-32));
#10153=DIRECTION('',(-4.27271792112516E-17,6.2768601239956E-16,-1.));
#10154=DIRECTION('',(-1.,-3.69627624575467E-16,-1.88179372896374E-32));
#10155=DIRECTION('',(-3.69627624575467E-16,1.,-1.22464679914735E-16));
#10156=DIRECTION('',(-3.69627624575467E-16,1.,6.2768601239956E-16));
#10157=DIRECTION('',(2.13192152452859E-31,-6.2768601239956E-16,1.));
#10158=DIRECTION('',(-3.69627624575467E-16,1.,6.27686012399559E-16));
#10159=DIRECTION('',(-2.12459171353747E-31,6.2768601239956E-16,-1.));
#10160=DIRECTION('',(3.08395284618099E-16,-1.,-6.2768601239956E-16));
#10161=DIRECTION('',(1.,3.69627624575467E-16,1.95509183887497E-32));
#10162=DIRECTION('',(0.707106781186547,0.707106781186548,4.43841035823672E-16));
#10163=DIRECTION('',(-3.69627624575467E-16,1.,6.2768601239956E-16));
#10164=DIRECTION('',(0.707106781186548,-0.707106781186547,-4.43841035823672E-16));
#10165=DIRECTION('',(-1.,-3.69627624575467E-16,-1.88179372896374E-32));
#10166=DIRECTION('',(-3.69627624575467E-16,1.,-1.22464679914735E-16));
#10167=DIRECTION('',(3.69627624575467E-16,-1.,-6.2768601239956E-16));
#10168=DIRECTION('',(-1.97399006696194E-31,5.84958833188308E-16,-1.));
#10169=DIRECTION('',(-3.69627624575467E-16,1.,6.2768601239956E-16));
#10170=DIRECTION('',(1.,3.69627624575467E-16,1.95509183887497E-32));
#10171=DIRECTION('',(-8.54543584225029E-17,6.2768601239956E-16,-1.));
#10172=DIRECTION('',(1.,3.69627624575467E-16,1.95509183887497E-32));
#10173=DIRECTION('',(-8.54543584225029E-17,6.2768601239956E-16,-1.));
#10174=DIRECTION('',(-1.74671528352543E-31,6.2768601239956E-16,-1.));
#10175=DIRECTION('',(4.27271792112516E-17,-6.2768601239956E-16,1.));
#10176=DIRECTION('',(-1.,-3.69627624575467E-16,-5.73385613899531E-32));
#10177=DIRECTION('',(-3.69627624575467E-16,1.,-1.22464679914735E-16));
#10178=DIRECTION('',(3.69627624575467E-16,-1.,-6.2768601239956E-16));
#10179=DIRECTION('',(-1.74671528352543E-31,6.2768601239956E-16,-1.));
#10180=DIRECTION('',(1.74671528352543E-31,-6.2768601239956E-16,1.));
#10181=DIRECTION('',(1.,3.69627624575467E-16,-4.27271792112513E-17));
#10182=DIRECTION('',(3.69627624575467E-16,-1.,1.22464679914735E-16));
#10183=DIRECTION('',(-3.69627624575467E-16,1.,6.2768601239956E-16));
#10184=DIRECTION('',(-4.27271792112516E-17,6.2768601239956E-16,-1.));
#10185=DIRECTION('',(4.27271792112516E-17,-6.2768601239956E-16,1.));
#10186=DIRECTION('',(3.69627624575467E-16,-1.,-6.2768601239956E-16));
#10187=DIRECTION('',(-1.,-3.69627624575467E-16,-1.95509183887497E-32));
#10188=DIRECTION('',(1.74671528352543E-31,-6.2768601239956E-16,1.));
#10189=DIRECTION('',(2.12459171353747E-31,-6.2768601239956E-16,1.));
#10190=DIRECTION('',(-3.08395284618099E-16,1.,6.2768601239956E-16));
#10191=DIRECTION('',(3.21791556173685E-16,-0.707106781186547,0.707106781186548));
#10192=DIRECTION('',(1.,3.69627624575467E-16,-8.54543584225027E-17));
#10193=DIRECTION('',(2.0094084352869E-16,-0.707106781186548,-0.707106781186548));
#10194=DIRECTION('',(1.,3.69627624575467E-16,-8.54543584225027E-17));
#10195=DIRECTION('',(-2.0094084352869E-16,0.707106781186548,0.707106781186548));
#10196=DIRECTION('',(-1.,-3.69627624575467E-16,8.54543584225027E-17));
#10197=DIRECTION('',(3.69627624575467E-16,-1.,-6.2768601239956E-16));
#10198=DIRECTION('',(1.,3.69627624575467E-16,-8.54543584225027E-17));
#10199=DIRECTION('',(8.54543584225029E-17,-6.2768601239956E-16,1.));
#10200=DIRECTION('',(8.54543584225029E-17,-6.2768601239956E-16,1.));
#10201=DIRECTION('',(-1.,-3.69627624575467E-16,8.54543584225027E-17));
#10202=DIRECTION('',(-8.54543584225029E-17,6.2768601239956E-16,-1.));
#10203=DIRECTION('',(4.30859964532835E-16,-1.,-6.2768601239956E-16));
#10204=DIRECTION('',(-3.69627624575467E-16,1.,6.2768601239956E-16));
#10205=DIRECTION('',(-3.69627624575467E-16,1.,6.2768601239956E-16));
#10206=DIRECTION('',(-1.,-3.69627624575467E-16,8.54543584225027E-17));
#10207=DIRECTION('',(3.69627624575467E-16,-1.,-6.2768601239956E-16));
#10208=DIRECTION('',(1.,3.69627624575467E-16,-8.54543584225027E-17));
#10209=DIRECTION('',(8.54543584225029E-17,-6.2768601239956E-16,1.));
#10210=DIRECTION('',(-1.,-3.69627624575467E-16,8.54543584225027E-17));
#10211=DIRECTION('',(8.54543584225029E-17,-6.2768601239956E-16,1.));
#10212=DIRECTION('',(-1.,-3.69627624575467E-16,8.54543584225027E-17));
#10213=DIRECTION('',(3.69627624575467E-16,-1.,1.22464679914735E-16));
#10214=DIRECTION('',(-3.69627624575467E-16,1.,6.2768601239956E-16));
#10215=DIRECTION('',(8.54543584225029E-17,-6.2768601239956E-16,1.));
#10216=DIRECTION('',(-3.69627624575467E-16,1.,6.2768601239956E-16));
#10217=DIRECTION('',(-1.,-3.69627624575467E-16,8.54543584225027E-17));
#10218=DIRECTION('',(3.69627624575467E-16,-1.,1.22464679914735E-16));
#10219=DIRECTION('',(-3.69627624575467E-16,1.,6.2768601239956E-16));
#10220=DIRECTION('',(8.54543584225029E-17,-6.2768601239956E-16,1.));
#10221=DIRECTION('',(-3.69627624575467E-16,1.,6.2768601239956E-16));
#10222=DIRECTION('',(3.69627624575467E-16,-1.,-6.2768601239956E-16));
#10223=DIRECTION('',(1.,3.69627624575467E-16,-8.54543584225027E-17));
#10224=DIRECTION('',(4.27271792112516E-17,-6.2768601239956E-16,1.));
#10225=DIRECTION('',(-1.,-3.69627624575467E-16,8.54543584225027E-17));
#10226=DIRECTION('',(1.,3.69627624575467E-16,-8.54543584225027E-17));
#10227=DIRECTION('',(-3.69627624575467E-16,1.,-1.22464679914735E-16));
#10228=DIRECTION('',(3.69627624575467E-16,-1.,-6.2768601239956E-16));
#10229=DIRECTION('',(-8.54543584225029E-17,6.2768601239956E-16,-1.));
#10230=DIRECTION('',(-3.69627624575467E-16,1.,6.2768601239956E-16));
#10231=DIRECTION('',(-8.54543584225029E-17,6.2768601239956E-16,-1.));
#10232=DIRECTION('',(4.30859964532835E-16,-1.,-6.2768601239956E-16));
#10233=DIRECTION('',(0.707106781186547,-0.707106781186548,-5.0426639214617E-16));
#10234=DIRECTION('',(-1.,-3.69627624575467E-16,8.54543584225027E-17));
#10235=DIRECTION('',(0.707106781186547,0.707106781186548,3.83415679501175E-16));
#10236=DIRECTION('',(-3.69627624575467E-16,1.,6.2768601239956E-16));
#10237=DIRECTION('',(1.,3.69627624575467E-16,-8.54543584225027E-17));
#10238=DIRECTION('',(-3.69627624575467E-16,1.,-1.22464679914735E-16));
#10239=DIRECTION('',(8.54543584225029E-17,-5.84958833188308E-16,1.));
#10240=DIRECTION('',(-3.69627624575467E-16,1.,6.2768601239956E-16));
#10241=DIRECTION('',(-3.69627624575467E-16,1.,6.2768601239956E-16));
#10242=DIRECTION('',(-1.,-3.69627624575467E-16,8.54543584225027E-17));
#10243=DIRECTION('',(-8.54543584225029E-17,6.2768601239956E-16,-1.));
#10244=DIRECTION('',(1.,3.69627624575467E-16,-8.54543584225027E-17));
#10245=DIRECTION('',(-8.54543584225029E-17,6.2768601239956E-16,-1.));
#10246=DIRECTION('',(-4.27271792112516E-17,6.2768601239956E-16,-1.));
#10247=DIRECTION('',(8.5454358422503E-17,-6.2768601239956E-16,1.));
#10248=DIRECTION('',(1.,3.69627624575467E-16,-8.54543584225027E-17));
#10249=DIRECTION('',(-3.69627624575467E-16,1.,-1.22464679914735E-16));
#10250=DIRECTION('',(8.5454358422503E-17,-6.2768601239956E-16,1.));
#10251=DIRECTION('',(-3.69627624575467E-16,1.,6.2768601239956E-16));
#10252=DIRECTION('',(-8.5454358422503E-17,6.2768601239956E-16,-1.));
#10253=DIRECTION('',(-1.,-3.69627624575467E-16,4.27271792112513E-17));
#10254=DIRECTION('',(3.69627624575467E-16,-1.,1.22464679914735E-16));
#10255=DIRECTION('',(4.27271792112516E-17,-6.2768601239956E-16,1.));
#10256=DIRECTION('',(3.69627624575467E-16,-1.,-6.2768601239956E-16));
#10257=DIRECTION('',(-4.27271792112516E-17,6.2768601239956E-16,-1.));
#10258=DIRECTION('',(3.69627624575467E-16,-1.,-6.2768601239956E-16));
#10259=DIRECTION('',(1.,3.69627624575467E-16,-8.54543584225027E-17));
#10260=DIRECTION('',(-8.5454358422503E-17,6.2768601239956E-16,-1.));
#10261=DIRECTION('',(8.54543584225029E-17,-6.2768601239956E-16,1.));
#10262=DIRECTION('',(-4.30859964532835E-16,1.,6.2768601239956E-16));
#10263=DIRECTION('',(0.,0.,1.));
#10264=DIRECTION('',(1.,0.,0.));
#10265=DIRECTION('',(0.,0.,-1.));
#10266=DIRECTION('',(-1.,0.,0.));
#10267=DIRECTION('',(0.,0.,-1.));
#10268=DIRECTION('',(1.,0.,0.));
#10269=DIRECTION('',(0.,0.,-1.));
#10270=DIRECTION('',(-1.,0.,0.));
#10271=DIRECTION('',(0.,0.,1.));
#10272=DIRECTION('',(1.,0.,0.));
#10273=DIRECTION('',(0.,0.,-1.));
#10274=DIRECTION('',(-1.,0.,0.));
#10275=DIRECTION('',(0.,0.,-1.));
#10276=DIRECTION('',(1.,0.,0.));
#10277=DIRECTION('',(0.,0.,-1.));
#10278=DIRECTION('',(-1.,0.,0.));
#10279=DIRECTION('',(0.,0.,1.));
#10280=DIRECTION('',(1.,0.,0.));
#10281=DIRECTION('',(0.,0.,-1.));
#10282=DIRECTION('',(-1.,0.,0.));
#10283=DIRECTION('',(0.,0.,-1.));
#10284=DIRECTION('',(1.,0.,0.));
#10285=DIRECTION('',(0.,0.,1.));
#10286=DIRECTION('',(1.,0.,0.));
#10287=DIRECTION('',(0.,0.,-1.));
#10288=DIRECTION('',(-1.,0.,0.));
#10289=DIRECTION('',(0.,0.,-1.));
#10290=DIRECTION('',(1.,0.,0.));
#10291=DIRECTION('',(2.12459171353747E-31,-6.2768601239956E-16,1.));
#10292=DIRECTION('',(-3.08395284618099E-16,1.,6.2768601239956E-16));
#10293=DIRECTION('',(0.,0.,-1.));
#10294=DIRECTION('',(-1.,0.,0.));
#10295=DIRECTION('',(0.,0.,-1.));
#10296=DIRECTION('',(1.,0.,0.));
#10297=DIRECTION('',(8.54543584225029E-17,-6.2768601239956E-16,1.));
#10298=DIRECTION('',(-4.30859964532835E-16,1.,6.2768601239956E-16));
#10299=DIRECTION('',(0.,0.,-1.));
#10300=DIRECTION('',(-1.,0.,0.));
#10301=DIRECTION('',(0.,0.,-1.));
#10302=DIRECTION('',(1.,0.,0.));
#10303=DIRECTION('',(0.,0.,-1.));
#10304=DIRECTION('',(-1.,0.,0.));
#10305=DIRECTION('',(0.,0.,1.));
#10306=DIRECTION('',(1.,0.,0.));
#10307=DIRECTION('',(0.,0.,1.));
#10308=DIRECTION('',(1.,0.,0.));
#10309=DIRECTION('',(0.,0.,1.));
#10310=DIRECTION('',(1.,0.,0.));
#10311=DIRECTION('',(0.,0.,1.));
#10312=DIRECTION('',(1.,0.,0.));
#10313=DIRECTION('',(0.,0.,-1.));
#10314=DIRECTION('',(-1.,0.,0.));
#10315=DIRECTION('',(0.,0.,1.));
#10316=DIRECTION('',(1.,0.,0.));
#10317=DIRECTION('',(0.,0.,1.));
#10318=DIRECTION('',(1.,0.,0.));
#10319=DIRECTION('',(0.,0.,1.));
#10320=DIRECTION('',(1.,0.,0.));
#10321=DIRECTION('',(0.,0.,1.));
#10322=DIRECTION('',(1.,0.,0.));
#10323=DIRECTION('',(0.,0.,1.));
#10324=DIRECTION('',(1.,0.,0.));
#10325=DIRECTION('',(0.,0.,1.));
#10326=DIRECTION('',(1.,0.,0.));
#10327=DIRECTION('',(0.,0.,-1.));
#10328=DIRECTION('',(-1.,0.,0.));
#10329=DIRECTION('',(0.,0.,1.));
#10330=DIRECTION('',(1.,0.,0.));
#10331=DIRECTION('',(0.,0.,1.));
#10332=DIRECTION('',(1.,0.,0.));
#10333=DIRECTION('',(0.,0.,1.));
#10334=DIRECTION('',(1.,0.,0.));
#10335=DIRECTION('',(0.,0.,-1.));
#10336=DIRECTION('',(-1.,0.,0.));
#10337=DIRECTION('',(0.,0.,1.));
#10338=DIRECTION('',(1.,0.,0.));
#10339=DIRECTION('',(-0.707106781186549,0.707106781186547,5.04266392146169E-16));
#10340=DIRECTION('',(-8.5454358422503E-17,6.2768601239956E-16,-1.));
#10341=DIRECTION('',(0.577350269189624,0.577350269189626,0.577350269189627));
#10342=DIRECTION('',(-0.707106781186549,-7.05207235674859E-16,0.707106781186546));
#10343=DIRECTION('',(-3.69627624575467E-16,1.,6.2768601239956E-16));
#10344=DIRECTION('',(0.577350269189625,-0.577350269189626,0.577350269189627));
#10345=DIRECTION('',(3.69627624575467E-16,-1.,-6.2768601239956E-16));
#10346=DIRECTION('',(-0.707106781186548,-0.707106781186547,-3.83415679501174E-16));
#10347=DIRECTION('',(-8.5454358422503E-17,6.2768601239956E-16,-1.));
#10348=DIRECTION('',(0.707106781186548,-0.707106781186547,-4.7405371398492E-16));
#10349=DIRECTION('',(4.27271792112516E-17,-6.2768601239956E-16,1.));
#10350=DIRECTION('',(-0.577350269189625,-0.577350269189627,0.577350269189626));
#10351=DIRECTION('',(0.707106781186548,-1.82474835972483E-16,0.707106781186547));
#10352=DIRECTION('',(-3.69627624575467E-16,1.,6.2768601239956E-16));
#10353=DIRECTION('',(-0.577350269189626,0.577350269189626,0.577350269189626));
#10354=DIRECTION('',(-3.69627624575467E-16,1.,6.2768601239956E-16));
#10355=DIRECTION('',(0.707106781186548,0.707106781186547,4.13628357662423E-16));
#10356=DIRECTION('',(4.27271792112516E-17,-6.2768601239956E-16,1.));
#10357=DIRECTION('',(0.707106781186548,0.707106781186547,4.43841035823672E-16));
#10358=DIRECTION('',(-1.74671528352543E-31,6.2768601239956E-16,-1.));
#10359=DIRECTION('',(0.577350269189626,-0.577350269189626,-0.577350269189626));
#10360=DIRECTION('',(0.707106781186548,-1.82474835972483E-16,0.707106781186547));
#10361=DIRECTION('',(-3.69627624575467E-16,1.,6.2768601239956E-16));
#10362=DIRECTION('',(0.577350269189625,0.577350269189627,-0.577350269189626));
#10363=DIRECTION('',(-3.69627624575467E-16,1.,6.2768601239956E-16));
#10364=DIRECTION('',(0.707106781186548,-0.707106781186547,-4.43841035823672E-16));
#10365=DIRECTION('',(-1.74671528352543E-31,6.2768601239956E-16,-1.));
#10366=DIRECTION('',(-0.707106781186547,-0.707106781186548,-4.13628357662424E-16));
#10367=DIRECTION('',(4.27271792112516E-17,-6.2768601239956E-16,1.));
#10368=DIRECTION('',(-0.577350269189626,0.577350269189626,-0.577350269189626));
#10369=DIRECTION('',(-0.707106781186548,-7.0520723567486E-16,0.707106781186547));
#10370=DIRECTION('',(-3.69627624575467E-16,1.,6.2768601239956E-16));
#10371=DIRECTION('',(3.69627624575467E-16,-1.,-6.2768601239956E-16));
#10372=DIRECTION('',(-0.577350269189625,-0.577350269189626,-0.577350269189627));
#10373=DIRECTION('',(-0.707106781186548,0.707106781186547,4.74053713984921E-16));
#10374=DIRECTION('',(4.27271792112516E-17,-6.2768601239956E-16,1.));
#10375=DIRECTION('',(0.,0.,1.));
#10376=DIRECTION('',(1.,0.,0.));
#10377=DIRECTION('',(0.,0.,1.));
#10378=DIRECTION('',(1.,0.,0.));
#10379=DIRECTION('',(0.,0.,1.));
#10380=DIRECTION('',(1.,0.,0.));
#10381=DIRECTION('',(0.,0.,1.));
#10382=DIRECTION('',(1.,0.,0.));
#10383=DIRECTION('',(1.,3.69627624575467E-16,-8.54543584225027E-17));
#10384=DIRECTION('',(-3.69627624575467E-16,1.,0.));
#10385=DIRECTION('',(-8.54543584225029E-17,6.2768601239956E-16,-1.));
#10386=DIRECTION('',(-3.69627624575467E-16,1.,6.2768601239956E-16));
#10387=DIRECTION('',(-3.69627624575467E-16,1.,6.2768601239956E-16));
#10388=DIRECTION('',(-1.,-3.69627624575467E-16,8.54543584225027E-17));
#10389=DIRECTION('',(3.69627624575467E-16,-1.,0.));
#10390=DIRECTION('',(3.69627624575467E-16,-1.,-6.2768601239956E-16));
#10391=DIRECTION('',(-8.54543584225029E-17,6.2768601239956E-16,-1.));
#10392=DIRECTION('',(-3.69627624575467E-16,1.,6.2768601239956E-16));
#10393=DIRECTION('',(8.54543584225029E-17,-6.2768601239956E-16,1.));
#10394=DIRECTION('',(-4.30859964532835E-16,1.,6.2768601239956E-16));
#10395=DIRECTION('',(-1.,-3.69627624575467E-16,8.54543584225027E-17));
#10396=DIRECTION('',(3.69627624575467E-16,-1.,-6.2768601239956E-16));
#10397=DIRECTION('',(-1.,-3.69627624575467E-16,8.54543584225027E-17));
#10398=DIRECTION('',(-3.69627624575467E-16,1.,6.2768601239956E-16));
#10399=DIRECTION('',(-1.,-3.69627624575467E-16,8.54543584225027E-17));
#10400=DIRECTION('',(3.69627624575467E-16,-1.,0.));
#10401=DIRECTION('',(3.69627624575467E-16,-1.,-6.2768601239956E-16));
#10402=DIRECTION('',(-1.34390891812134E-31,-6.2768601239956E-16,1.));
#10403=DIRECTION('',(-3.69627624575467E-16,1.,6.2768601239956E-16));
#10404=DIRECTION('',(1.,3.69627624575467E-16,-8.54543584225027E-17));
#10405=DIRECTION('',(-3.69627624575467E-16,1.,0.));
#10406=DIRECTION('',(-1.34390891812134E-31,-6.2768601239956E-16,1.));
#10407=DIRECTION('',(-3.69627624575467E-16,1.,6.2768601239956E-16));
#10408=DIRECTION('',(-3.69627624575467E-16,1.,6.2768601239956E-16));
#10409=DIRECTION('',(2.12459171353747E-31,-6.2768601239956E-16,1.));
#10410=DIRECTION('',(-3.08395284618099E-16,1.,6.2768601239956E-16));
#10411=DIRECTION('',(1.,3.69627624575467E-16,8.65385153700173E-33));
#10412=DIRECTION('',(-3.69627624575467E-16,1.,6.2768601239956E-16));
#10413=DIRECTION('',(-1.,-3.69627624575467E-16,-1.95509183887497E-32));
#10414=DIRECTION('',(3.69627624575467E-16,-1.,-6.2768601239956E-16));
#10415=DIRECTION('',(2.23356238205495E-31,-6.2768601239956E-16,1.));
#10416=DIRECTION('',(0.,-1.,-6.2768601239956E-16));
#10417=DIRECTION('',(1.,3.69627624575467E-16,8.65385153700173E-33));
#10418=DIRECTION('',(3.69627624575467E-16,-1.,-6.2768601239956E-16));
#10419=DIRECTION('',(1.,3.69627624575467E-16,2.32010089742496E-31));
#10420=DIRECTION('',(-0.707106781186548,1.82474835972484E-16,-0.707106781186547));
#10421=DIRECTION('',(-0.707106781186547,-7.0520723567486E-16,0.707106781186548));
#10422=DIRECTION('',(2.23356238205495E-31,-6.2768601239956E-16,1.));
#10423=DIRECTION('',(0.,-1.,-6.2768601239956E-16));
#10424=DIRECTION('',(1.,3.69627624575467E-16,8.65385153700173E-33));
#10425=DIRECTION('',(3.69627624575467E-16,-1.,-6.2768601239956E-16));
#10426=DIRECTION('',(1.,3.69627624575467E-16,2.32010089742496E-31));
#10427=DIRECTION('',(-0.707106781186547,-7.0520723567486E-16,0.707106781186548));
#10428=DIRECTION('',(-0.707106781186547,1.82474835972485E-16,-0.707106781186548));
#10429=DIRECTION('',(0.707106781186548,-1.82474835972483E-16,0.707106781186547));
#10430=DIRECTION('',(3.69627624575467E-16,-1.,-6.2768601239956E-16));
#10431=DIRECTION('',(0.577350269189625,0.577350269189626,-0.577350269189626));
#10432=DIRECTION('',(2.0094084352869E-16,-0.707106781186547,-0.707106781186548));
#10433=DIRECTION('',(-1.,-3.69627624575467E-16,8.54543584225027E-17));
#10434=DIRECTION('',(-0.577350269189626,0.577350269189626,-0.577350269189626));
#10435=DIRECTION('',(-0.707106781186547,-7.0520723567486E-16,0.707106781186548));
#10436=DIRECTION('',(-3.69627624575467E-16,1.,6.2768601239956E-16));
#10437=DIRECTION('',(-0.707106781186548,-7.0520723567486E-16,0.707106781186547));
#10438=DIRECTION('',(-3.69627624575467E-16,1.,6.2768601239956E-16));
#10439=DIRECTION('',(0.577350269189626,-0.577350269189625,0.577350269189626));
#10440=DIRECTION('',(2.61366199851188E-16,-0.707106781186548,-0.707106781186547));
#10441=DIRECTION('',(1.,3.69627624575467E-16,1.95509183887497E-32));
#10442=DIRECTION('',(-0.577350269189626,-0.577350269189626,0.577350269189626));
#10443=DIRECTION('',(0.707106781186548,-1.82474835972483E-16,0.707106781186547));
#10444=DIRECTION('',(3.69627624575467E-16,-1.,-6.2768601239956E-16));
#10445=DIRECTION('',(0.,0.,1.));
#10446=DIRECTION('',(1.,0.,0.));
#10447=DIRECTION('',(-1.,-3.69627624575467E-16,7.50150692314295E-16));
#10448=DIRECTION('',(7.50150692314295E-16,-6.27686012399559E-16,1.));
#10449=DIRECTION('',(3.69627624575467E-16,-1.,-6.2768601239956E-16));
#10450=DIRECTION('',(-7.50150692314295E-16,6.27686012399559E-16,-1.));
#10451=DIRECTION('',(3.69627624575467E-16,-1.,-6.2768601239956E-16));
#10452=DIRECTION('',(-7.50150692314295E-16,6.27686012399559E-16,-1.));
#10453=DIRECTION('',(3.69627624575467E-16,-1.,-6.2768601239956E-16));
#10454=DIRECTION('',(-7.50150692314295E-16,6.27686012399559E-16,-1.));
#10455=DIRECTION('',(1.,3.69627624575467E-16,-7.50150692314295E-16));
#10456=DIRECTION('',(1.,3.69627624575467E-16,-7.50150692314295E-16));
#10457=DIRECTION('',(-7.50150692314295E-16,6.27686012399559E-16,-1.));
#10458=DIRECTION('',(-1.,-3.69627624575467E-16,7.50150692314295E-16));
#10459=DIRECTION('',(7.50150692314295E-16,-6.27686012399559E-16,1.));
#10460=DIRECTION('',(3.69627624575467E-16,-1.,-6.2768601239956E-16));
#10461=DIRECTION('',(3.69627624575467E-16,-1.,-6.2768601239956E-16));
#10462=DIRECTION('',(-7.50150692314295E-16,6.27686012399559E-16,-1.));
#10463=DIRECTION('',(3.69627624575467E-16,-1.,-6.2768601239956E-16));
#10464=DIRECTION('',(-7.50150692314295E-16,6.27686012399559E-16,-1.));
#10465=DIRECTION('',(1.,3.69627624575467E-16,-7.50150692314295E-16));
#10466=DIRECTION('',(1.,3.69627624575467E-16,-7.50150692314295E-16));
#10467=DIRECTION('',(7.50150692314295E-16,-6.27686012399559E-16,1.));
#10468=DIRECTION('',(3.69627624575467E-16,-1.,-6.2768601239956E-16));
#10469=DIRECTION('',(-7.50150692314295E-16,6.27686012399559E-16,-1.));
#10470=DIRECTION('',(1.,3.08395284618099E-16,-7.50150692314295E-16));
#10471=DIRECTION('',(7.50150692314295E-16,-6.27686012399559E-16,1.));
#10472=DIRECTION('',(3.69627624575467E-16,-1.,-6.2768601239956E-16));
#10473=DIRECTION('',(-7.50150692314295E-16,6.27686012399559E-16,-1.));
#10474=DIRECTION('',(-1.,-3.08395284618099E-16,7.50150692314295E-16));
#10475=DIRECTION('',(-7.50150692314295E-16,6.27686012399559E-16,-1.));
#10476=DIRECTION('',(1.,3.08395284618099E-16,-7.50150692314295E-16));
#10477=DIRECTION('',(7.50150692314295E-16,-6.27686012399559E-16,1.));
#10478=DIRECTION('',(1.,3.08395284618099E-16,-7.50150692314295E-16));
#10479=DIRECTION('',(0.,0.,1.));
#10480=DIRECTION('',(1.,0.,0.));
#10481=DIRECTION('',(0.,0.,1.));
#10482=DIRECTION('',(-1.,-3.46944695195362E-16,0.));
#10483=DIRECTION('',(0.,0.,-1.));
#10484=DIRECTION('',(-1.,-3.46944695195362E-16,0.));
#10485=DIRECTION('',(0.,0.,1.));
#10486=DIRECTION('',(1.,3.46944695195362E-16,0.));
#10487=DIRECTION('',(0.,0.,1.));
#10488=DIRECTION('',(-1.,-3.46944695195362E-16,0.));
#10489=DIRECTION('',(0.,0.,-1.));
#10490=DIRECTION('',(-1.,-3.46944695195362E-16,0.));
#10491=DIRECTION('',(0.,0.,-1.));
#10492=DIRECTION('',(-1.,-3.46944695195362E-16,0.));
#10493=DIRECTION('',(0.,0.,1.));
#10494=DIRECTION('',(-1.,-3.46944695195362E-16,0.));
#10495=DIRECTION('',(0.,0.,-1.));
#10496=DIRECTION('',(1.,3.46944695195362E-16,0.));
#10497=DIRECTION('',(0.,0.,1.));
#10498=DIRECTION('',(1.,0.,0.));
#10499=DIRECTION('',(1.,-6.12323399573672E-17,6.64696333891792E-16));
#10500=DIRECTION('',(-6.64696333891792E-16,7.50150692314295E-16,1.));
#10501=DIRECTION('',(6.12323399573677E-17,1.,-7.50150692314295E-16));
#10502=DIRECTION('',(6.64696333891792E-16,-7.50150692314295E-16,-1.));
#10503=DIRECTION('',(6.12323399573677E-17,1.,-7.50150692314295E-16));
#10504=DIRECTION('',(6.64696333891792E-16,-7.50150692314295E-16,-1.));
#10505=DIRECTION('',(6.12323399573677E-17,1.,-7.50150692314295E-16));
#10506=DIRECTION('',(6.64696333891792E-16,-7.50150692314295E-16,-1.));
#10507=DIRECTION('',(-1.,6.12323399573672E-17,-6.64696333891792E-16));
#10508=DIRECTION('',(-1.,6.12323399573672E-17,-6.64696333891792E-16));
#10509=DIRECTION('',(6.64696333891792E-16,-7.50150692314295E-16,-1.));
#10510=DIRECTION('',(1.,-6.12323399573672E-17,6.64696333891792E-16));
#10511=DIRECTION('',(-6.64696333891792E-16,7.50150692314295E-16,1.));
#10512=DIRECTION('',(6.12323399573677E-17,1.,-7.50150692314295E-16));
#10513=DIRECTION('',(6.12323399573677E-17,1.,-7.50150692314295E-16));
#10514=DIRECTION('',(6.64696333891792E-16,-7.50150692314295E-16,-1.));
#10515=DIRECTION('',(6.12323399573677E-17,1.,-7.50150692314295E-16));
#10516=DIRECTION('',(6.64696333891792E-16,-7.50150692314295E-16,-1.));
#10517=DIRECTION('',(-1.,6.12323399573672E-17,-6.64696333891792E-16));
#10518=DIRECTION('',(-1.,6.12323399573672E-17,-6.64696333891792E-16));
#10519=DIRECTION('',(-6.64696333891792E-16,7.50150692314295E-16,1.));
#10520=DIRECTION('',(6.12323399573677E-17,1.,-7.50150692314295E-16));
#10521=DIRECTION('',(6.64696333891792E-16,-7.50150692314295E-16,-1.));
#10522=DIRECTION('',(-1.,1.22464679914735E-16,-6.64696333891792E-16));
#10523=DIRECTION('',(-6.64696333891792E-16,7.50150692314295E-16,1.));
#10524=DIRECTION('',(6.12323399573677E-17,1.,-7.50150692314295E-16));
#10525=DIRECTION('',(6.64696333891792E-16,-7.50150692314295E-16,-1.));
#10526=DIRECTION('',(1.,-1.22464679914735E-16,6.64696333891792E-16));
#10527=DIRECTION('',(6.64696333891792E-16,-7.50150692314295E-16,-1.));
#10528=DIRECTION('',(-1.,1.22464679914735E-16,-6.64696333891792E-16));
#10529=DIRECTION('',(-6.64696333891792E-16,7.50150692314295E-16,1.));
#10530=DIRECTION('',(-1.,1.22464679914735E-16,-6.64696333891792E-16));
#10531=DIRECTION('',(0.,0.,1.));
#10532=DIRECTION('',(1.,0.,0.));
#10533=DIRECTION('',(1.,3.69627624575466E-16,6.64696333891792E-16));
#10534=DIRECTION('',(-6.64696333891792E-16,-6.2768601239956E-16,1.));
#10535=DIRECTION('',(3.69627624575467E-16,-1.,-6.2768601239956E-16));
#10536=DIRECTION('',(6.64696333891792E-16,6.2768601239956E-16,-1.));
#10537=DIRECTION('',(3.69627624575467E-16,-1.,-6.2768601239956E-16));
#10538=DIRECTION('',(6.64696333891792E-16,6.2768601239956E-16,-1.));
#10539=DIRECTION('',(3.69627624575467E-16,-1.,-6.2768601239956E-16));
#10540=DIRECTION('',(6.64696333891792E-16,6.2768601239956E-16,-1.));
#10541=DIRECTION('',(-1.,-3.69627624575466E-16,-6.64696333891792E-16));
#10542=DIRECTION('',(6.64696333891792E-16,6.2768601239956E-16,-1.));
#10543=DIRECTION('',(-1.,-3.69627624575466E-16,-6.64696333891792E-16));
#10544=DIRECTION('',(1.,3.69627624575466E-16,6.64696333891792E-16));
#10545=DIRECTION('',(-6.64696333891792E-16,-6.2768601239956E-16,1.));
#10546=DIRECTION('',(3.69627624575467E-16,-1.,-6.2768601239956E-16));
#10547=DIRECTION('',(6.64696333891792E-16,6.2768601239956E-16,-1.));
#10548=DIRECTION('',(3.69627624575467E-16,-1.,-6.2768601239956E-16));
#10549=DIRECTION('',(3.69627624575467E-16,-1.,-6.2768601239956E-16));
#10550=DIRECTION('',(6.64696333891792E-16,6.2768601239956E-16,-1.));
#10551=DIRECTION('',(-1.,-3.69627624575466E-16,-6.64696333891792E-16));
#10552=DIRECTION('',(-1.,-3.69627624575466E-16,-6.64696333891792E-16));
#10553=DIRECTION('',(-6.64696333891792E-16,-6.2768601239956E-16,1.));
#10554=DIRECTION('',(3.69627624575467E-16,-1.,-6.2768601239956E-16));
#10555=DIRECTION('',(-6.64696333891792E-16,-6.2768601239956E-16,1.));
#10556=DIRECTION('',(-1.,-4.30859964532835E-16,-6.64696333891792E-16));
#10557=DIRECTION('',(-6.64696333891792E-16,-6.2768601239956E-16,1.));
#10558=DIRECTION('',(3.69627624575467E-16,-1.,-6.2768601239956E-16));
#10559=DIRECTION('',(6.64696333891792E-16,6.2768601239956E-16,-1.));
#10560=DIRECTION('',(1.,4.30859964532835E-16,6.64696333891792E-16));
#10561=DIRECTION('',(-6.64696333891792E-16,-6.2768601239956E-16,1.));
#10562=DIRECTION('',(-1.,-4.30859964532835E-16,-6.64696333891792E-16));
#10563=DIRECTION('',(-6.64696333891792E-16,-6.2768601239956E-16,1.));
#10564=DIRECTION('',(-1.,-4.30859964532834E-16,-6.64696333891792E-16));
#10565=DIRECTION('',(0.,0.,1.));
#10566=DIRECTION('',(1.,0.,0.));
#10567=DIRECTION('',(0.,0.,-1.));
#10568=DIRECTION('',(-1.,0.,0.));
#10569=DIRECTION('',(0.,0.,1.));
#10570=DIRECTION('',(1.,0.,0.));
#10571=DIRECTION('',(0.,0.,-1.));
#10572=DIRECTION('',(0.,0.,1.));
#10573=DIRECTION('',(-0.809016994374948,-0.587785252292473,0.));
#10574=DIRECTION('',(0.,0.,-1.));
#10575=DIRECTION('',(0.,0.,1.));
#10576=DIRECTION('',(1.,0.,0.));
#10577=DIRECTION('',(0.,0.,-1.));
#10578=DIRECTION('',(0.,0.,1.));
#10579=DIRECTION('',(0.309016994374948,-0.951056516295154,0.));
#10580=DIRECTION('',(0.,0.,-1.));
#10581=DIRECTION('',(0.,0.,1.));
#10582=DIRECTION('',(1.,0.,0.));
#10583=DIRECTION('',(0.,0.,-1.));
#10584=DIRECTION('',(0.,0.,1.));
#10585=DIRECTION('',(1.,0.,0.));
#10586=DIRECTION('',(0.,0.,-1.));
#10587=DIRECTION('',(0.,0.,1.));
#10588=DIRECTION('',(1.,0.,0.));
#10589=DIRECTION('',(0.,0.,-1.));
#10590=DIRECTION('',(0.,0.,1.));
#10591=DIRECTION('',(0.309016994374948,0.951056516295154,0.));
#10592=DIRECTION('',(0.,0.,-1.));
#10593=DIRECTION('',(0.,0.,1.));
#10594=DIRECTION('',(1.,0.,0.));
#10595=DIRECTION('',(0.,0.,-1.));
#10596=DIRECTION('',(0.,0.,1.));
#10597=DIRECTION('',(-0.809016994374947,0.587785252292473,0.));
#10598=DIRECTION('',(0.,0.,-1.));
#10599=DIRECTION('',(0.,0.,1.));
#10600=DIRECTION('',(1.,0.,0.));
#10601=DIRECTION('',(0.,0.,1.));
#10602=DIRECTION('',(1.,0.,0.));
#10603=DIRECTION('',(0.857704565039234,-0.514142858659788,0.));
#10604=DIRECTION('',(0.293369986527146,-0.95599898065064,0.));
#10605=DIRECTION('',(0.,0.,1.));
#10606=DIRECTION('',(1.,0.,0.));
#10607=DIRECTION('',(0.,0.,1.));
#10608=DIRECTION('',(1.,0.,0.));
#10609=DIRECTION('',(-0.223933629284914,-0.974604396499055,0.));
#10610=DIRECTION('',(-0.818552748642878,-0.574431368998237,0.));
#10611=DIRECTION('',(0.,0.,1.));
#10612=DIRECTION('',(0.309016994374948,-0.951056516295154,0.));
#10613=DIRECTION('',(-0.99610315916143,-0.0881957839617069,0.));
#10614=DIRECTION('',(-0.799263406773094,0.600980870405597,0.));
#10615=DIRECTION('',(0.,0.,1.));
#10616=DIRECTION('',(-0.809016994374948,-0.587785252292473,0.));
#10617=DIRECTION('',(-0.391691979377996,0.920096404346277,0.));
#10618=DIRECTION('',(0.324580797293073,0.945857973497392,0.));
#10619=DIRECTION('',(0.,0.,1.));
#10620=DIRECTION('',(-0.809016994374947,0.587785252292473,0.));
#10621=DIRECTION('',(0.754024202785105,0.656846634774273,0.));
#10622=DIRECTION('',(0.999865371595753,-0.0164084942541112,0.));
#10623=DIRECTION('',(0.,0.,1.));
#10624=DIRECTION('',(1.,0.,0.));
#10625=DIRECTION('',(1.,0.,0.));
#10626=DIRECTION('',(0.,0.,-1.));
#10627=DIRECTION('',(0.,-1.,0.));
#10628=DIRECTION('',(0.,0.,-1.));
#10629=DIRECTION('',(0.,-1.,0.));
#10630=DIRECTION('',(0.,0.,-1.));
#10631=DIRECTION('',(0.,0.,-1.));
#10632=DIRECTION('',(-1.,0.,0.));
#10633=DIRECTION('',(0.,0.,1.));
#10634=DIRECTION('',(1.,0.,0.));
#10635=DIRECTION('',(0.,0.,-1.));
#10636=DIRECTION('',(0.,0.,1.));
#10637=DIRECTION('',(1.,0.,0.));
#10638=DIRECTION('',(1.,0.,0.));
#10639=DIRECTION('',(0.,0.,-1.));
#10640=DIRECTION('',(0.,-1.,0.));
#10641=DIRECTION('',(0.,0.,-1.));
#10642=DIRECTION('',(0.,-1.,0.));
#10643=DIRECTION('',(0.,0.,-1.));
#10644=DIRECTION('',(-1.,0.,0.));
#10645=DIRECTION('',(0.,0.,1.));
#10646=DIRECTION('',(1.,0.,0.));
#10647=DIRECTION('',(0.,0.,1.));
#10648=DIRECTION('',(1.,0.,0.));
#10649=DIRECTION('',(0.,0.,1.));
#10650=DIRECTION('',(1.,0.,0.));
#10651=DIRECTION('',(0.,0.,1.));
#10652=DIRECTION('',(1.,0.,0.));
#10653=DIRECTION('',(-0.920096404346277,-0.391691979377996,0.));
#10654=DIRECTION('',(0.391691979377996,-0.920096404346277,0.));
#10655=DIRECTION('',(-0.391691979377996,0.920096404346277,0.));
#10656=DIRECTION('',(0.,0.,-1.));
#10657=DIRECTION('',(-0.391691979377996,0.920096404346277,0.));
#10658=DIRECTION('',(-0.600980870405597,-0.799263406773094,0.));
#10659=DIRECTION('',(0.,0.,-1.));
#10660=DIRECTION('',(-0.799263406773094,0.600980870405597,0.));
#10661=DIRECTION('',(0.,0.,-1.));
#10662=DIRECTION('',(-0.799263406773094,0.600980870405597,0.));
#10663=DIRECTION('',(0.,0.,1.));
#10664=DIRECTION('',(-0.809016994374948,-0.587785252292473,0.));
#10665=DIRECTION('',(0.,0.,1.));
#10666=DIRECTION('',(-0.809016994374948,-0.587785252292473,0.));
#10667=DIRECTION('',(-0.799263406773094,0.600980870405597,0.));
#10668=DIRECTION('',(-0.391691979377996,0.920096404346277,0.));
#10669=DIRECTION('',(-0.799263406773093,0.600980870405597,0.));
#10670=DIRECTION('',(-0.600980870405597,-0.799263406773093,0.));
#10671=DIRECTION('',(0.799263406773093,-0.600980870405597,0.));
#10672=DIRECTION('',(0.600980870405597,0.799263406773093,0.));
#10673=DIRECTION('',(-0.391691979377996,0.920096404346277,0.));
#10674=DIRECTION('',(-0.920096404346277,-0.391691979377996,0.));
#10675=DIRECTION('',(0.391691979377996,-0.920096404346277,0.));
#10676=DIRECTION('',(0.920096404346277,0.391691979377996,0.));
#10677=DIRECTION('',(0.,0.,1.));
#10678=DIRECTION('',(1.,0.,0.));
#10679=DIRECTION('',(0.,0.,-1.));
#10680=DIRECTION('',(-1.,0.,0.));
#10681=DIRECTION('',(0.,0.,-1.));
#10682=DIRECTION('',(0.,0.,1.));
#10683=DIRECTION('',(1.,0.,0.));
#10684=DIRECTION('',(0.,0.,1.));
#10685=DIRECTION('',(1.,0.,0.));
#10686=DIRECTION('',(0.,0.,1.));
#10687=DIRECTION('',(1.,0.,0.));
#10688=DIRECTION('',(0.,0.,-1.));
#10689=DIRECTION('',(0.,0.,-1.));
#10690=DIRECTION('',(-1.,0.,0.));
#10691=DIRECTION('',(-0.656846634774273,0.754024202785105,0.));
#10692=DIRECTION('',(-0.754024202785105,-0.656846634774273,0.));
#10693=DIRECTION('',(0.754024202785105,0.656846634774273,0.));
#10694=DIRECTION('',(0.,0.,-1.));
#10695=DIRECTION('',(0.754024202785105,0.656846634774273,0.));
#10696=DIRECTION('',(-0.945857973497392,0.324580797293073,0.));
#10697=DIRECTION('',(0.,0.,-1.));
#10698=DIRECTION('',(0.324580797293073,0.945857973497392,0.));
#10699=DIRECTION('',(0.324580797293073,0.945857973497392,0.));
#10700=DIRECTION('',(0.,0.,1.));
#10701=DIRECTION('',(-0.809016994374947,0.587785252292473,0.));
#10702=DIRECTION('',(0.,0.,1.));
#10703=DIRECTION('',(-0.809016994374947,0.587785252292473,0.));
#10704=DIRECTION('',(0.324580797293073,0.945857973497392,0.));
#10705=DIRECTION('',(0.754024202785105,0.656846634774273,0.));
#10706=DIRECTION('',(0.324580797293073,0.945857973497392,0.));
#10707=DIRECTION('',(-0.945857973497392,0.324580797293073,0.));
#10708=DIRECTION('',(-0.324580797293073,-0.945857973497392,0.));
#10709=DIRECTION('',(0.945857973497392,-0.324580797293073,0.));
#10710=DIRECTION('',(0.754024202785105,0.656846634774273,0.));
#10711=DIRECTION('',(-0.656846634774273,0.754024202785105,0.));
#10712=DIRECTION('',(-0.754024202785105,-0.656846634774273,0.));
#10713=DIRECTION('',(0.656846634774273,-0.754024202785105,0.));
#10714=DIRECTION('',(0.,0.,1.));
#10715=DIRECTION('',(1.,0.,0.));
#10716=DIRECTION('',(0.,0.,1.));
#10717=DIRECTION('',(1.,0.,0.));
#10718=DIRECTION('',(0.,0.,-1.));
#10719=DIRECTION('',(0.,0.,-1.));
#10720=DIRECTION('',(-1.,0.,0.));
#10721=DIRECTION('',(0.0881957839617069,-0.996103159161429,0.));
#10722=DIRECTION('',(0.996103159161429,0.0881957839617069,0.));
#10723=DIRECTION('',(-0.99610315916143,-0.0881957839617069,0.));
#10724=DIRECTION('',(-0.99610315916143,-0.0881957839617069,0.));
#10725=DIRECTION('',(0.574431368998237,-0.818552748642878,0.));
#10726=DIRECTION('',(0.,0.,-1.));
#10727=DIRECTION('',(-0.818552748642878,-0.574431368998237,0.));
#10728=DIRECTION('',(0.,0.,-1.));
#10729=DIRECTION('',(-0.818552748642878,-0.574431368998237,0.));
#10730=DIRECTION('',(0.,0.,1.));
#10731=DIRECTION('',(0.309016994374948,-0.951056516295154,0.));
#10732=DIRECTION('',(-0.99610315916143,-0.0881957839617069,0.));
#10733=DIRECTION('',(0.,0.,1.));
#10734=DIRECTION('',(0.309016994374948,-0.951056516295154,0.));
#10735=DIRECTION('',(-0.818552748642878,-0.574431368998237,0.));
#10736=DIRECTION('',(0.99610315916143,0.0881957839617069,0.));
#10737=DIRECTION('',(-0.0881957839617069,0.996103159161429,0.));
#10738=DIRECTION('',(-0.818552748642878,-0.574431368998237,0.));
#10739=DIRECTION('',(0.574431368998237,-0.818552748642878,0.));
#10740=DIRECTION('',(0.818552748642878,0.574431368998237,0.));
#10741=DIRECTION('',(-0.574431368998237,0.818552748642878,0.));
#10742=DIRECTION('',(-0.99610315916143,-0.0881957839617069,0.));
#10743=DIRECTION('',(0.0881957839617069,-0.996103159161429,0.));
#10744=DIRECTION('',(0.,0.,1.));
#10745=DIRECTION('',(1.,0.,0.));
#10746=DIRECTION('',(0.,0.,-1.));
#10747=DIRECTION('',(-1.,0.,0.));
#10748=DIRECTION('',(0.,0.,-1.));
#10749=DIRECTION('',(0.,0.,1.));
#10750=DIRECTION('',(1.,0.,0.));
#10751=DIRECTION('',(0.974604396499055,-0.223933629284914,0.));
#10752=DIRECTION('',(0.223933629284914,0.974604396499055,0.));
#10753=DIRECTION('',(-0.223933629284914,-0.974604396499055,0.));
#10754=DIRECTION('',(0.,0.,-1.));
#10755=DIRECTION('',(-0.223933629284914,-0.974604396499055,0.));
#10756=DIRECTION('',(0.95599898065064,0.293369986527146,0.));
#10757=DIRECTION('',(0.,0.,-1.));
#10758=DIRECTION('',(0.,0.,-1.));
#10759=DIRECTION('',(0.293369986527146,-0.95599898065064,0.));
#10760=DIRECTION('',(0.293369986527146,-0.95599898065064,0.));
#10761=DIRECTION('',(0.,0.,1.));
#10762=DIRECTION('',(1.,0.,0.));
#10763=DIRECTION('',(0.,0.,1.));
#10764=DIRECTION('',(1.,0.,0.));
#10765=DIRECTION('',(0.293369986527146,-0.95599898065064,0.));
#10766=DIRECTION('',(-0.223933629284914,-0.974604396499055,0.));
#10767=DIRECTION('',(0.,0.,1.));
#10768=DIRECTION('',(1.,0.,0.));
#10769=DIRECTION('',(0.223933629284914,0.974604396499055,0.));
#10770=DIRECTION('',(-0.974604396499055,0.223933629284914,0.));
#10771=DIRECTION('',(0.158344987803077,0.689149377738704,0.707106781186548));
#10772=DIRECTION('',(0.158344987803077,0.689149377738704,-0.707106781186548));
#10773=DIRECTION('',(-0.223933629284914,-0.974604396499055,0.));
#10774=DIRECTION('',(0.974604396499055,-0.223933629284914,0.));
#10775=DIRECTION('',(-0.158344987803077,-0.689149377738704,0.707106781186548));
#10776=DIRECTION('',(-0.158344987803077,-0.689149377738704,-0.707106781186548));
#10777=DIRECTION('',(0.,0.,-1.));
#10778=DIRECTION('',(-1.,0.,0.));
#10779=DIRECTION('',(-0.293369986527146,0.95599898065064,0.));
#10780=DIRECTION('',(-0.95599898065064,-0.293369986527146,0.));
#10781=DIRECTION('',(0.293369986527146,-0.95599898065064,0.));
#10782=DIRECTION('',(0.95599898065064,0.293369986527146,0.));
#10783=DIRECTION('',(0.,0.,1.));
#10784=DIRECTION('',(1.,0.,0.));
#10785=DIRECTION('',(0.,0.,1.));
#10786=DIRECTION('',(1.,0.,0.));
#10787=DIRECTION('',(0.,0.,-1.));
#10788=DIRECTION('',(-1.,0.,0.));
#10789=DIRECTION('',(0.,0.,-1.));
#10790=DIRECTION('',(0.514142858659788,0.857704565039234,0.));
#10791=DIRECTION('',(-0.857704565039234,0.514142858659788,0.));
#10792=DIRECTION('',(0.857704565039234,-0.514142858659788,0.));
#10793=DIRECTION('',(0.857704565039234,-0.514142858659788,0.));
#10794=DIRECTION('',(0.0164084942541112,0.999865371595753,0.));
#10795=DIRECTION('',(0.,0.,-1.));
#10796=DIRECTION('',(0.999865371595753,-0.0164084942541112,0.));
#10797=DIRECTION('',(0.999865371595753,-0.0164084942541112,0.));
#10798=DIRECTION('',(0.,0.,1.));
#10799=DIRECTION('',(0.309016994374948,0.951056516295154,0.));
#10800=DIRECTION('',(0.857704565039234,-0.514142858659788,0.));
#10801=DIRECTION('',(0.,0.,-1.));
#10802=DIRECTION('',(-1.,0.,0.));
#10803=DIRECTION('',(0.999865371595753,-0.0164084942541112,0.));
#10804=DIRECTION('',(-0.857704565039234,0.514142858659788,0.));
#10805=DIRECTION('',(-0.514142858659788,-0.857704565039234,0.));
#10806=DIRECTION('',(0.999865371595753,-0.0164084942541112,0.));
#10807=DIRECTION('',(0.0164084942541112,0.999865371595753,0.));
#10808=DIRECTION('',(-0.999865371595753,0.0164084942541112,0.));
#10809=DIRECTION('',(-0.0164084942541112,-0.999865371595753,0.));
#10810=DIRECTION('',(0.857704565039234,-0.514142858659788,0.));
#10811=DIRECTION('',(0.514142858659788,0.857704565039234,0.));
#10812=DIRECTION('',(0.,0.,1.));
#10813=DIRECTION('',(1.,0.,0.));
#10814=DIRECTION('',(0.,0.,1.));
#10815=DIRECTION('',(1.,0.,0.));
#10816=DIRECTION('',(0.,0.,1.));
#10817=DIRECTION('',(1.,0.,0.));
#10818=DIRECTION('',(0.,0.,1.));
#10819=DIRECTION('',(1.,0.,0.));
#10820=DIRECTION('',(0.,0.,-1.));
#10821=DIRECTION('',(-1.,0.,0.));
#10822=DIRECTION('',(0.,0.,1.));
#10823=DIRECTION('',(1.,0.,0.));
#10824=DIRECTION('',(0.,0.,1.));
#10825=DIRECTION('',(1.,0.,0.));
#10826=DIRECTION('',(0.,0.,1.));
#10827=DIRECTION('',(1.,0.,0.));
#10828=DIRECTION('',(0.,0.,-1.));
#10829=DIRECTION('',(-1.,0.,0.));
#10830=DIRECTION('',(0.,0.,1.));
#10831=DIRECTION('',(1.,0.,0.));
#10832=DIRECTION('',(0.,0.,1.));
#10833=DIRECTION('',(1.,0.,0.));
#10834=DIRECTION('',(0.,0.,1.));
#10835=DIRECTION('',(1.,0.,0.));
#10836=DIRECTION('',(0.,0.,1.));
#10837=DIRECTION('',(1.,0.,0.));
#10838=DIRECTION('',(0.,0.,-1.));
#10839=DIRECTION('',(-1.,0.,0.));
#10840=DIRECTION('',(0.,0.,1.));
#10841=DIRECTION('',(1.,0.,0.));
#10842=DIRECTION('',(0.,0.,-1.));
#10843=DIRECTION('',(-1.,0.,0.));
#10844=DIRECTION('',(0.,0.,1.));
#10845=DIRECTION('',(1.,0.,0.));
#10846=DIRECTION('',(0.,0.,-1.));
#10847=DIRECTION('',(0.,0.,1.));
#10848=DIRECTION('',(-0.809016994374948,-0.587785252292473,0.));
#10849=DIRECTION('',(0.,0.,-1.));
#10850=DIRECTION('',(0.,0.,1.));
#10851=DIRECTION('',(1.,0.,0.));
#10852=DIRECTION('',(0.,0.,-1.));
#10853=DIRECTION('',(0.,0.,1.));
#10854=DIRECTION('',(0.309016994374948,-0.951056516295154,0.));
#10855=DIRECTION('',(0.,0.,-1.));
#10856=DIRECTION('',(0.,0.,1.));
#10857=DIRECTION('',(1.,0.,0.));
#10858=DIRECTION('',(0.,0.,-1.));
#10859=DIRECTION('',(0.,0.,1.));
#10860=DIRECTION('',(1.,0.,0.));
#10861=DIRECTION('',(0.,0.,-1.));
#10862=DIRECTION('',(0.,0.,1.));
#10863=DIRECTION('',(1.,0.,0.));
#10864=DIRECTION('',(0.,0.,-1.));
#10865=DIRECTION('',(0.,0.,1.));
#10866=DIRECTION('',(0.309016994374948,0.951056516295154,0.));
#10867=DIRECTION('',(0.,0.,-1.));
#10868=DIRECTION('',(0.,0.,1.));
#10869=DIRECTION('',(1.,0.,0.));
#10870=DIRECTION('',(0.,0.,-1.));
#10871=DIRECTION('',(0.,0.,1.));
#10872=DIRECTION('',(-0.809016994374947,0.587785252292473,0.));
#10873=DIRECTION('',(0.,0.,-1.));
#10874=DIRECTION('',(0.,0.,1.));
#10875=DIRECTION('',(1.,0.,0.));
#10876=DIRECTION('',(0.,0.,1.));
#10877=DIRECTION('',(1.,0.,0.));
#10878=DIRECTION('',(0.857704565039234,-0.514142858659788,0.));
#10879=DIRECTION('',(0.293369986527146,-0.95599898065064,0.));
#10880=DIRECTION('',(0.,0.,1.));
#10881=DIRECTION('',(1.,0.,0.));
#10882=DIRECTION('',(0.,0.,1.));
#10883=DIRECTION('',(1.,0.,0.));
#10884=DIRECTION('',(-0.223933629284914,-0.974604396499055,0.));
#10885=DIRECTION('',(-0.818552748642878,-0.574431368998237,0.));
#10886=DIRECTION('',(0.,0.,1.));
#10887=DIRECTION('',(0.309016994374948,-0.951056516295154,0.));
#10888=DIRECTION('',(-0.99610315916143,-0.0881957839617069,0.));
#10889=DIRECTION('',(-0.799263406773094,0.600980870405597,0.));
#10890=DIRECTION('',(0.,0.,1.));
#10891=DIRECTION('',(-0.809016994374948,-0.587785252292473,0.));
#10892=DIRECTION('',(-0.391691979377996,0.920096404346277,0.));
#10893=DIRECTION('',(0.324580797293073,0.945857973497392,0.));
#10894=DIRECTION('',(0.,0.,1.));
#10895=DIRECTION('',(-0.809016994374947,0.587785252292473,0.));
#10896=DIRECTION('',(0.754024202785105,0.656846634774273,0.));
#10897=DIRECTION('',(0.999865371595753,-0.0164084942541112,0.));
#10898=DIRECTION('',(0.,0.,1.));
#10899=DIRECTION('',(1.,0.,0.));
#10900=DIRECTION('',(1.,0.,0.));
#10901=DIRECTION('',(0.,0.,-1.));
#10902=DIRECTION('',(0.,-1.,0.));
#10903=DIRECTION('',(0.,0.,-1.));
#10904=DIRECTION('',(0.,-1.,0.));
#10905=DIRECTION('',(0.,0.,-1.));
#10906=DIRECTION('',(0.,0.,-1.));
#10907=DIRECTION('',(-1.,0.,0.));
#10908=DIRECTION('',(0.,0.,1.));
#10909=DIRECTION('',(1.,0.,0.));
#10910=DIRECTION('',(0.,0.,-1.));
#10911=DIRECTION('',(0.,0.,1.));
#10912=DIRECTION('',(1.,0.,0.));
#10913=DIRECTION('',(1.,0.,0.));
#10914=DIRECTION('',(0.,0.,-1.));
#10915=DIRECTION('',(0.,-1.,0.));
#10916=DIRECTION('',(0.,0.,-1.));
#10917=DIRECTION('',(0.,-1.,0.));
#10918=DIRECTION('',(0.,0.,-1.));
#10919=DIRECTION('',(-1.,0.,0.));
#10920=DIRECTION('',(0.,0.,1.));
#10921=DIRECTION('',(1.,0.,0.));
#10922=DIRECTION('',(0.,0.,1.));
#10923=DIRECTION('',(1.,0.,0.));
#10924=DIRECTION('',(0.,0.,1.));
#10925=DIRECTION('',(1.,0.,0.));
#10926=DIRECTION('',(0.,0.,1.));
#10927=DIRECTION('',(1.,0.,0.));
#10928=DIRECTION('',(-0.920096404346277,-0.391691979377996,0.));
#10929=DIRECTION('',(0.391691979377996,-0.920096404346277,0.));
#10930=DIRECTION('',(-0.391691979377996,0.920096404346277,0.));
#10931=DIRECTION('',(0.,0.,-1.));
#10932=DIRECTION('',(-0.391691979377996,0.920096404346277,0.));
#10933=DIRECTION('',(-0.600980870405597,-0.799263406773094,0.));
#10934=DIRECTION('',(0.,0.,-1.));
#10935=DIRECTION('',(-0.799263406773094,0.600980870405597,0.));
#10936=DIRECTION('',(0.,0.,-1.));
#10937=DIRECTION('',(-0.799263406773094,0.600980870405597,0.));
#10938=DIRECTION('',(0.,0.,1.));
#10939=DIRECTION('',(-0.809016994374948,-0.587785252292473,0.));
#10940=DIRECTION('',(0.,0.,1.));
#10941=DIRECTION('',(-0.809016994374948,-0.587785252292473,0.));
#10942=DIRECTION('',(-0.799263406773094,0.600980870405597,0.));
#10943=DIRECTION('',(-0.391691979377996,0.920096404346277,0.));
#10944=DIRECTION('',(-0.799263406773093,0.600980870405597,0.));
#10945=DIRECTION('',(-0.600980870405597,-0.799263406773093,0.));
#10946=DIRECTION('',(0.799263406773093,-0.600980870405597,0.));
#10947=DIRECTION('',(0.600980870405597,0.799263406773093,0.));
#10948=DIRECTION('',(-0.391691979377996,0.920096404346277,0.));
#10949=DIRECTION('',(-0.920096404346277,-0.391691979377996,0.));
#10950=DIRECTION('',(0.391691979377996,-0.920096404346277,0.));
#10951=DIRECTION('',(0.920096404346277,0.391691979377996,0.));
#10952=DIRECTION('',(0.,0.,1.));
#10953=DIRECTION('',(1.,0.,0.));
#10954=DIRECTION('',(0.,0.,-1.));
#10955=DIRECTION('',(-1.,0.,0.));
#10956=DIRECTION('',(0.,0.,-1.));
#10957=DIRECTION('',(0.,0.,1.));
#10958=DIRECTION('',(1.,0.,0.));
#10959=DIRECTION('',(0.,0.,1.));
#10960=DIRECTION('',(1.,0.,0.));
#10961=DIRECTION('',(0.,0.,1.));
#10962=DIRECTION('',(1.,0.,0.));
#10963=DIRECTION('',(0.,0.,-1.));
#10964=DIRECTION('',(0.,0.,-1.));
#10965=DIRECTION('',(-1.,0.,0.));
#10966=DIRECTION('',(-0.656846634774273,0.754024202785105,0.));
#10967=DIRECTION('',(-0.754024202785105,-0.656846634774273,0.));
#10968=DIRECTION('',(0.754024202785105,0.656846634774273,0.));
#10969=DIRECTION('',(0.,0.,-1.));
#10970=DIRECTION('',(0.754024202785105,0.656846634774273,0.));
#10971=DIRECTION('',(-0.945857973497392,0.324580797293073,0.));
#10972=DIRECTION('',(0.,0.,-1.));
#10973=DIRECTION('',(0.324580797293073,0.945857973497392,0.));
#10974=DIRECTION('',(0.324580797293073,0.945857973497392,0.));
#10975=DIRECTION('',(0.,0.,1.));
#10976=DIRECTION('',(-0.809016994374947,0.587785252292473,0.));
#10977=DIRECTION('',(0.,0.,1.));
#10978=DIRECTION('',(-0.809016994374947,0.587785252292473,0.));
#10979=DIRECTION('',(0.324580797293073,0.945857973497392,0.));
#10980=DIRECTION('',(0.754024202785105,0.656846634774273,0.));
#10981=DIRECTION('',(0.324580797293073,0.945857973497392,0.));
#10982=DIRECTION('',(-0.945857973497392,0.324580797293073,0.));
#10983=DIRECTION('',(-0.324580797293073,-0.945857973497392,0.));
#10984=DIRECTION('',(0.945857973497392,-0.324580797293073,0.));
#10985=DIRECTION('',(0.754024202785105,0.656846634774273,0.));
#10986=DIRECTION('',(-0.656846634774273,0.754024202785105,0.));
#10987=DIRECTION('',(-0.754024202785105,-0.656846634774273,0.));
#10988=DIRECTION('',(0.656846634774273,-0.754024202785105,0.));
#10989=DIRECTION('',(0.,0.,1.));
#10990=DIRECTION('',(1.,0.,0.));
#10991=DIRECTION('',(0.,0.,1.));
#10992=DIRECTION('',(1.,0.,0.));
#10993=DIRECTION('',(0.,0.,-1.));
#10994=DIRECTION('',(0.,0.,-1.));
#10995=DIRECTION('',(-1.,0.,0.));
#10996=DIRECTION('',(0.0881957839617069,-0.996103159161429,0.));
#10997=DIRECTION('',(0.996103159161429,0.0881957839617069,0.));
#10998=DIRECTION('',(-0.99610315916143,-0.0881957839617069,0.));
#10999=DIRECTION('',(-0.99610315916143,-0.0881957839617069,0.));
#11000=DIRECTION('',(0.574431368998237,-0.818552748642878,0.));
#11001=DIRECTION('',(0.,0.,-1.));
#11002=DIRECTION('',(-0.818552748642878,-0.574431368998237,0.));
#11003=DIRECTION('',(0.,0.,-1.));
#11004=DIRECTION('',(-0.818552748642878,-0.574431368998237,0.));
#11005=DIRECTION('',(0.,0.,1.));
#11006=DIRECTION('',(0.309016994374948,-0.951056516295154,0.));
#11007=DIRECTION('',(-0.99610315916143,-0.0881957839617069,0.));
#11008=DIRECTION('',(0.,0.,1.));
#11009=DIRECTION('',(0.309016994374948,-0.951056516295154,0.));
#11010=DIRECTION('',(-0.818552748642878,-0.574431368998237,0.));
#11011=DIRECTION('',(0.99610315916143,0.0881957839617069,0.));
#11012=DIRECTION('',(-0.0881957839617069,0.996103159161429,0.));
#11013=DIRECTION('',(-0.818552748642878,-0.574431368998237,0.));
#11014=DIRECTION('',(0.574431368998237,-0.818552748642878,0.));
#11015=DIRECTION('',(0.818552748642878,0.574431368998237,0.));
#11016=DIRECTION('',(-0.574431368998237,0.818552748642878,0.));
#11017=DIRECTION('',(-0.99610315916143,-0.0881957839617069,0.));
#11018=DIRECTION('',(0.0881957839617069,-0.996103159161429,0.));
#11019=DIRECTION('',(0.,0.,1.));
#11020=DIRECTION('',(1.,0.,0.));
#11021=DIRECTION('',(0.,0.,-1.));
#11022=DIRECTION('',(-1.,0.,0.));
#11023=DIRECTION('',(0.,0.,-1.));
#11024=DIRECTION('',(0.,0.,1.));
#11025=DIRECTION('',(1.,0.,0.));
#11026=DIRECTION('',(0.974604396499055,-0.223933629284914,0.));
#11027=DIRECTION('',(0.223933629284914,0.974604396499055,0.));
#11028=DIRECTION('',(-0.223933629284914,-0.974604396499055,0.));
#11029=DIRECTION('',(0.,0.,-1.));
#11030=DIRECTION('',(-0.223933629284914,-0.974604396499055,0.));
#11031=DIRECTION('',(0.95599898065064,0.293369986527146,0.));
#11032=DIRECTION('',(0.,0.,-1.));
#11033=DIRECTION('',(0.,0.,-1.));
#11034=DIRECTION('',(0.293369986527146,-0.95599898065064,0.));
#11035=DIRECTION('',(0.293369986527146,-0.95599898065064,0.));
#11036=DIRECTION('',(0.,0.,1.));
#11037=DIRECTION('',(1.,0.,0.));
#11038=DIRECTION('',(0.,0.,1.));
#11039=DIRECTION('',(1.,0.,0.));
#11040=DIRECTION('',(0.293369986527146,-0.95599898065064,0.));
#11041=DIRECTION('',(-0.223933629284914,-0.974604396499055,0.));
#11042=DIRECTION('',(0.,0.,1.));
#11043=DIRECTION('',(1.,0.,0.));
#11044=DIRECTION('',(0.223933629284914,0.974604396499055,0.));
#11045=DIRECTION('',(-0.974604396499055,0.223933629284914,0.));
#11046=DIRECTION('',(0.158344987803077,0.689149377738704,0.707106781186548));
#11047=DIRECTION('',(0.158344987803077,0.689149377738704,-0.707106781186548));
#11048=DIRECTION('',(-0.223933629284914,-0.974604396499055,0.));
#11049=DIRECTION('',(0.974604396499055,-0.223933629284914,0.));
#11050=DIRECTION('',(-0.158344987803077,-0.689149377738704,0.707106781186548));
#11051=DIRECTION('',(-0.158344987803077,-0.689149377738704,-0.707106781186548));
#11052=DIRECTION('',(0.,0.,-1.));
#11053=DIRECTION('',(-1.,0.,0.));
#11054=DIRECTION('',(-0.293369986527146,0.95599898065064,0.));
#11055=DIRECTION('',(-0.95599898065064,-0.293369986527146,0.));
#11056=DIRECTION('',(0.293369986527146,-0.95599898065064,0.));
#11057=DIRECTION('',(0.95599898065064,0.293369986527146,0.));
#11058=DIRECTION('',(0.,0.,1.));
#11059=DIRECTION('',(1.,0.,0.));
#11060=DIRECTION('',(0.,0.,1.));
#11061=DIRECTION('',(1.,0.,0.));
#11062=DIRECTION('',(0.,0.,-1.));
#11063=DIRECTION('',(-1.,0.,0.));
#11064=DIRECTION('',(0.,0.,-1.));
#11065=DIRECTION('',(0.514142858659788,0.857704565039234,0.));
#11066=DIRECTION('',(-0.857704565039234,0.514142858659788,0.));
#11067=DIRECTION('',(0.857704565039234,-0.514142858659788,0.));
#11068=DIRECTION('',(0.857704565039234,-0.514142858659788,0.));
#11069=DIRECTION('',(0.0164084942541112,0.999865371595753,0.));
#11070=DIRECTION('',(0.,0.,-1.));
#11071=DIRECTION('',(0.999865371595753,-0.0164084942541112,0.));
#11072=DIRECTION('',(0.999865371595753,-0.0164084942541112,0.));
#11073=DIRECTION('',(0.,0.,1.));
#11074=DIRECTION('',(0.309016994374948,0.951056516295154,0.));
#11075=DIRECTION('',(0.857704565039234,-0.514142858659788,0.));
#11076=DIRECTION('',(0.,0.,-1.));
#11077=DIRECTION('',(-1.,0.,0.));
#11078=DIRECTION('',(0.999865371595753,-0.0164084942541112,0.));
#11079=DIRECTION('',(-0.857704565039234,0.514142858659788,0.));
#11080=DIRECTION('',(-0.514142858659788,-0.857704565039234,0.));
#11081=DIRECTION('',(0.999865371595753,-0.0164084942541112,0.));
#11082=DIRECTION('',(0.0164084942541112,0.999865371595753,0.));
#11083=DIRECTION('',(-0.999865371595753,0.0164084942541112,0.));
#11084=DIRECTION('',(-0.0164084942541112,-0.999865371595753,0.));
#11085=DIRECTION('',(0.857704565039234,-0.514142858659788,0.));
#11086=DIRECTION('',(0.514142858659788,0.857704565039234,0.));
#11087=DIRECTION('',(0.,0.,1.));
#11088=DIRECTION('',(1.,0.,0.));
#11089=DIRECTION('',(0.,0.,1.));
#11090=DIRECTION('',(1.,0.,0.));
#11091=DIRECTION('',(0.,0.,1.));
#11092=DIRECTION('',(1.,0.,0.));
#11093=DIRECTION('',(0.,0.,1.));
#11094=DIRECTION('',(1.,0.,0.));
#11095=DIRECTION('',(0.,0.,-1.));
#11096=DIRECTION('',(-1.,0.,0.));
#11097=DIRECTION('',(0.,0.,1.));
#11098=DIRECTION('',(1.,0.,0.));
#11099=DIRECTION('',(0.,0.,-1.));
#11100=DIRECTION('',(-1.,0.,0.));
#11101=DIRECTION('',(0.,0.,1.));
#11102=DIRECTION('',(1.,0.,0.));
#11103=DIRECTION('',(0.,0.,-1.));
#11104=DIRECTION('',(-1.,0.,0.));
#11105=DIRECTION('',(0.,0.,-1.));
#11106=DIRECTION('',(0.,0.,1.));
#11107=DIRECTION('',(-0.809016994374948,-0.587785252292473,0.));
#11108=DIRECTION('',(0.,0.,-1.));
#11109=DIRECTION('',(0.,0.,-1.));
#11110=DIRECTION('',(-1.,0.,0.));
#11111=DIRECTION('',(0.,0.,-1.));
#11112=DIRECTION('',(0.,0.,1.));
#11113=DIRECTION('',(0.309016994374948,-0.951056516295154,0.));
#11114=DIRECTION('',(0.,0.,-1.));
#11115=DIRECTION('',(0.,0.,-1.));
#11116=DIRECTION('',(-1.,0.,0.));
#11117=DIRECTION('',(0.,0.,-1.));
#11118=DIRECTION('',(0.,0.,1.));
#11119=DIRECTION('',(1.,0.,0.));
#11120=DIRECTION('',(0.,0.,-1.));
#11121=DIRECTION('',(0.,0.,-1.));
#11122=DIRECTION('',(-1.,0.,0.));
#11123=DIRECTION('',(0.,0.,-1.));
#11124=DIRECTION('',(0.,0.,1.));
#11125=DIRECTION('',(0.309016994374948,0.951056516295154,0.));
#11126=DIRECTION('',(0.,0.,-1.));
#11127=DIRECTION('',(0.,0.,-1.));
#11128=DIRECTION('',(-1.,0.,0.));
#11129=DIRECTION('',(0.,0.,-1.));
#11130=DIRECTION('',(0.,0.,1.));
#11131=DIRECTION('',(-0.809016994374947,0.587785252292473,0.));
#11132=DIRECTION('',(0.,0.,-1.));
#11133=DIRECTION('',(0.,0.,1.));
#11134=DIRECTION('',(1.,0.,0.));
#11135=DIRECTION('',(0.754024202785105,0.656846634774273,0.));
#11136=DIRECTION('',(0.,0.,1.));
#11137=DIRECTION('',(1.,0.,0.));
#11138=DIRECTION('',(0.324580797293073,0.945857973497392,0.));
#11139=DIRECTION('',(0.,0.,1.));
#11140=DIRECTION('',(-0.809016994374947,0.587785252292473,0.));
#11141=DIRECTION('',(0.,0.,1.));
#11142=DIRECTION('',(1.,0.,0.));
#11143=DIRECTION('',(-0.391691979377996,0.920096404346277,0.));
#11144=DIRECTION('',(0.,0.,1.));
#11145=DIRECTION('',(1.,0.,0.));
#11146=DIRECTION('',(-0.799263406773094,0.600980870405597,0.));
#11147=DIRECTION('',(0.,0.,1.));
#11148=DIRECTION('',(-0.809016994374948,-0.587785252292473,0.));
#11149=DIRECTION('',(0.,0.,1.));
#11150=DIRECTION('',(1.,0.,0.));
#11151=DIRECTION('',(-0.99610315916143,-0.0881957839617069,0.));
#11152=DIRECTION('',(0.,0.,1.));
#11153=DIRECTION('',(1.,0.,0.));
#11154=DIRECTION('',(-0.818552748642878,-0.574431368998237,0.));
#11155=DIRECTION('',(0.,0.,1.));
#11156=DIRECTION('',(0.309016994374948,-0.951056516295154,0.));
#11157=DIRECTION('',(0.,0.,1.));
#11158=DIRECTION('',(1.,0.,0.));
#11159=DIRECTION('',(-0.223933629284914,-0.974604396499055,0.));
#11160=DIRECTION('',(0.,0.,1.));
#11161=DIRECTION('',(1.,0.,0.));
#11162=DIRECTION('',(0.293369986527146,-0.95599898065064,0.));
#11163=DIRECTION('',(0.,0.,1.));
#11164=DIRECTION('',(1.,0.,0.));
#11165=DIRECTION('',(0.,0.,1.));
#11166=DIRECTION('',(1.,0.,0.));
#11167=DIRECTION('',(0.,0.,1.));
#11168=DIRECTION('',(1.,0.,0.));
#11169=DIRECTION('',(0.857704565039234,-0.514142858659788,0.));
#11170=DIRECTION('',(0.,0.,1.));
#11171=DIRECTION('',(1.,0.,0.));
#11172=DIRECTION('',(0.999865371595753,-0.0164084942541112,0.));
#11173=DIRECTION('',(0.,0.,1.));
#11174=DIRECTION('',(1.,0.,0.));
#11175=DIRECTION('',(1.,0.,0.));
#11176=DIRECTION('',(0.,0.,-1.));
#11177=DIRECTION('',(0.,-1.,0.));
#11178=DIRECTION('',(0.,0.,-1.));
#11179=DIRECTION('',(0.,-1.,0.));
#11180=DIRECTION('',(0.,0.,-1.));
#11181=DIRECTION('',(0.,0.,-1.));
#11182=DIRECTION('',(-1.,0.,0.));
#11183=DIRECTION('',(0.,0.,1.));
#11184=DIRECTION('',(1.,0.,0.));
#11185=DIRECTION('',(0.,0.,-1.));
#11186=DIRECTION('',(0.,0.,1.));
#11187=DIRECTION('',(1.,0.,0.));
#11188=DIRECTION('',(1.,0.,0.));
#11189=DIRECTION('',(0.,0.,-1.));
#11190=DIRECTION('',(0.,-1.,0.));
#11191=DIRECTION('',(0.,0.,-1.));
#11192=DIRECTION('',(0.,-1.,0.));
#11193=DIRECTION('',(0.,0.,-1.));
#11194=DIRECTION('',(-1.,0.,0.));
#11195=DIRECTION('',(0.,0.,1.));
#11196=DIRECTION('',(1.,0.,0.));
#11197=DIRECTION('',(0.,0.,1.));
#11198=DIRECTION('',(1.,0.,0.));
#11199=DIRECTION('',(0.,0.,1.));
#11200=DIRECTION('',(1.,0.,0.));
#11201=DIRECTION('',(0.,0.,1.));
#11202=DIRECTION('',(1.,0.,0.));
#11203=DIRECTION('',(-0.920096404346277,-0.391691979377996,0.));
#11204=DIRECTION('',(0.391691979377996,-0.920096404346277,0.));
#11205=DIRECTION('',(-0.391691979377996,0.920096404346277,0.));
#11206=DIRECTION('',(0.,0.,-1.));
#11207=DIRECTION('',(-0.391691979377996,0.920096404346277,0.));
#11208=DIRECTION('',(-0.600980870405597,-0.799263406773094,0.));
#11209=DIRECTION('',(0.,0.,-1.));
#11210=DIRECTION('',(-0.799263406773094,0.600980870405597,0.));
#11211=DIRECTION('',(0.,0.,-1.));
#11212=DIRECTION('',(-0.799263406773094,0.600980870405597,0.));
#11213=DIRECTION('',(0.,0.,1.));
#11214=DIRECTION('',(-0.809016994374948,-0.587785252292473,0.));
#11215=DIRECTION('',(0.,0.,1.));
#11216=DIRECTION('',(-0.809016994374948,-0.587785252292473,0.));
#11217=DIRECTION('',(-0.799263406773094,0.600980870405597,0.));
#11218=DIRECTION('',(-0.391691979377996,0.920096404346277,0.));
#11219=DIRECTION('',(-0.799263406773093,0.600980870405597,0.));
#11220=DIRECTION('',(-0.600980870405597,-0.799263406773093,0.));
#11221=DIRECTION('',(0.799263406773093,-0.600980870405597,0.));
#11222=DIRECTION('',(0.600980870405597,0.799263406773093,0.));
#11223=DIRECTION('',(-0.391691979377996,0.920096404346277,0.));
#11224=DIRECTION('',(-0.920096404346277,-0.391691979377996,0.));
#11225=DIRECTION('',(0.391691979377996,-0.920096404346277,0.));
#11226=DIRECTION('',(0.920096404346277,0.391691979377996,0.));
#11227=DIRECTION('',(0.,0.,1.));
#11228=DIRECTION('',(1.,0.,0.));
#11229=DIRECTION('',(0.,0.,-1.));
#11230=DIRECTION('',(-1.,0.,0.));
#11231=DIRECTION('',(0.,0.,-1.));
#11232=DIRECTION('',(0.,0.,1.));
#11233=DIRECTION('',(1.,0.,0.));
#11234=DIRECTION('',(0.,0.,1.));
#11235=DIRECTION('',(1.,0.,0.));
#11236=DIRECTION('',(0.,0.,1.));
#11237=DIRECTION('',(1.,0.,0.));
#11238=DIRECTION('',(0.,0.,-1.));
#11239=DIRECTION('',(0.,0.,-1.));
#11240=DIRECTION('',(-1.,0.,0.));
#11241=DIRECTION('',(-0.656846634774273,0.754024202785105,0.));
#11242=DIRECTION('',(-0.754024202785105,-0.656846634774273,0.));
#11243=DIRECTION('',(0.754024202785105,0.656846634774273,0.));
#11244=DIRECTION('',(0.,0.,-1.));
#11245=DIRECTION('',(0.754024202785105,0.656846634774273,0.));
#11246=DIRECTION('',(-0.945857973497392,0.324580797293073,0.));
#11247=DIRECTION('',(0.,0.,-1.));
#11248=DIRECTION('',(0.324580797293073,0.945857973497392,0.));
#11249=DIRECTION('',(0.324580797293073,0.945857973497392,0.));
#11250=DIRECTION('',(0.,0.,1.));
#11251=DIRECTION('',(-0.809016994374947,0.587785252292473,0.));
#11252=DIRECTION('',(0.,0.,1.));
#11253=DIRECTION('',(-0.809016994374947,0.587785252292473,0.));
#11254=DIRECTION('',(0.324580797293073,0.945857973497392,0.));
#11255=DIRECTION('',(0.754024202785105,0.656846634774273,0.));
#11256=DIRECTION('',(0.324580797293073,0.945857973497392,0.));
#11257=DIRECTION('',(-0.945857973497392,0.324580797293073,0.));
#11258=DIRECTION('',(-0.324580797293073,-0.945857973497392,0.));
#11259=DIRECTION('',(0.945857973497392,-0.324580797293073,0.));
#11260=DIRECTION('',(0.754024202785105,0.656846634774273,0.));
#11261=DIRECTION('',(-0.656846634774273,0.754024202785105,0.));
#11262=DIRECTION('',(-0.754024202785105,-0.656846634774273,0.));
#11263=DIRECTION('',(0.656846634774273,-0.754024202785105,0.));
#11264=DIRECTION('',(0.,0.,1.));
#11265=DIRECTION('',(1.,0.,0.));
#11266=DIRECTION('',(0.,0.,1.));
#11267=DIRECTION('',(1.,0.,0.));
#11268=DIRECTION('',(0.,0.,-1.));
#11269=DIRECTION('',(0.,0.,-1.));
#11270=DIRECTION('',(-1.,0.,0.));
#11271=DIRECTION('',(0.0881957839617069,-0.996103159161429,0.));
#11272=DIRECTION('',(0.996103159161429,0.0881957839617069,0.));
#11273=DIRECTION('',(-0.99610315916143,-0.0881957839617069,0.));
#11274=DIRECTION('',(-0.99610315916143,-0.0881957839617069,0.));
#11275=DIRECTION('',(0.574431368998237,-0.818552748642878,0.));
#11276=DIRECTION('',(0.,0.,-1.));
#11277=DIRECTION('',(-0.818552748642878,-0.574431368998237,0.));
#11278=DIRECTION('',(0.,0.,-1.));
#11279=DIRECTION('',(-0.818552748642878,-0.574431368998237,0.));
#11280=DIRECTION('',(0.,0.,1.));
#11281=DIRECTION('',(0.309016994374948,-0.951056516295154,0.));
#11282=DIRECTION('',(-0.99610315916143,-0.0881957839617069,0.));
#11283=DIRECTION('',(0.,0.,1.));
#11284=DIRECTION('',(0.309016994374948,-0.951056516295154,0.));
#11285=DIRECTION('',(-0.818552748642878,-0.574431368998237,0.));
#11286=DIRECTION('',(0.99610315916143,0.0881957839617069,0.));
#11287=DIRECTION('',(-0.0881957839617069,0.996103159161429,0.));
#11288=DIRECTION('',(-0.818552748642878,-0.574431368998237,0.));
#11289=DIRECTION('',(0.574431368998237,-0.818552748642878,0.));
#11290=DIRECTION('',(0.818552748642878,0.574431368998237,0.));
#11291=DIRECTION('',(-0.574431368998237,0.818552748642878,0.));
#11292=DIRECTION('',(-0.99610315916143,-0.0881957839617069,0.));
#11293=DIRECTION('',(0.0881957839617069,-0.996103159161429,0.));
#11294=DIRECTION('',(0.,0.,1.));
#11295=DIRECTION('',(1.,0.,0.));
#11296=DIRECTION('',(0.,0.,-1.));
#11297=DIRECTION('',(-1.,0.,0.));
#11298=DIRECTION('',(0.,0.,-1.));
#11299=DIRECTION('',(0.,0.,1.));
#11300=DIRECTION('',(1.,0.,0.));
#11301=DIRECTION('',(0.974604396499055,-0.223933629284914,0.));
#11302=DIRECTION('',(0.223933629284914,0.974604396499055,0.));
#11303=DIRECTION('',(-0.223933629284914,-0.974604396499055,0.));
#11304=DIRECTION('',(0.,0.,-1.));
#11305=DIRECTION('',(-0.223933629284914,-0.974604396499055,0.));
#11306=DIRECTION('',(0.95599898065064,0.293369986527146,0.));
#11307=DIRECTION('',(0.,0.,-1.));
#11308=DIRECTION('',(0.,0.,-1.));
#11309=DIRECTION('',(0.293369986527146,-0.95599898065064,0.));
#11310=DIRECTION('',(0.293369986527146,-0.95599898065064,0.));
#11311=DIRECTION('',(0.,0.,1.));
#11312=DIRECTION('',(1.,0.,0.));
#11313=DIRECTION('',(0.,0.,1.));
#11314=DIRECTION('',(1.,0.,0.));
#11315=DIRECTION('',(0.293369986527146,-0.95599898065064,0.));
#11316=DIRECTION('',(-0.223933629284914,-0.974604396499055,0.));
#11317=DIRECTION('',(0.,0.,1.));
#11318=DIRECTION('',(1.,0.,0.));
#11319=DIRECTION('',(0.223933629284914,0.974604396499055,0.));
#11320=DIRECTION('',(-0.974604396499055,0.223933629284914,0.));
#11321=DIRECTION('',(0.158344987803077,0.689149377738704,0.707106781186548));
#11322=DIRECTION('',(0.158344987803077,0.689149377738704,-0.707106781186548));
#11323=DIRECTION('',(-0.223933629284914,-0.974604396499055,0.));
#11324=DIRECTION('',(0.974604396499055,-0.223933629284914,0.));
#11325=DIRECTION('',(-0.158344987803077,-0.689149377738704,0.707106781186548));
#11326=DIRECTION('',(-0.158344987803077,-0.689149377738704,-0.707106781186548));
#11327=DIRECTION('',(0.,0.,-1.));
#11328=DIRECTION('',(-1.,0.,0.));
#11329=DIRECTION('',(-0.293369986527146,0.95599898065064,0.));
#11330=DIRECTION('',(-0.95599898065064,-0.293369986527146,0.));
#11331=DIRECTION('',(0.293369986527146,-0.95599898065064,0.));
#11332=DIRECTION('',(0.95599898065064,0.293369986527146,0.));
#11333=DIRECTION('',(0.,0.,1.));
#11334=DIRECTION('',(1.,0.,0.));
#11335=DIRECTION('',(0.,0.,1.));
#11336=DIRECTION('',(1.,0.,0.));
#11337=DIRECTION('',(0.,0.,-1.));
#11338=DIRECTION('',(-1.,0.,0.));
#11339=DIRECTION('',(0.,0.,-1.));
#11340=DIRECTION('',(0.514142858659788,0.857704565039234,0.));
#11341=DIRECTION('',(-0.857704565039234,0.514142858659788,0.));
#11342=DIRECTION('',(0.857704565039234,-0.514142858659788,0.));
#11343=DIRECTION('',(0.857704565039234,-0.514142858659788,0.));
#11344=DIRECTION('',(0.0164084942541112,0.999865371595753,0.));
#11345=DIRECTION('',(0.,0.,-1.));
#11346=DIRECTION('',(0.999865371595753,-0.0164084942541112,0.));
#11347=DIRECTION('',(0.999865371595753,-0.0164084942541112,0.));
#11348=DIRECTION('',(0.,0.,1.));
#11349=DIRECTION('',(0.309016994374948,0.951056516295154,0.));
#11350=DIRECTION('',(0.857704565039234,-0.514142858659788,0.));
#11351=DIRECTION('',(0.,0.,-1.));
#11352=DIRECTION('',(-1.,0.,0.));
#11353=DIRECTION('',(0.999865371595753,-0.0164084942541112,0.));
#11354=DIRECTION('',(-0.857704565039234,0.514142858659788,0.));
#11355=DIRECTION('',(-0.514142858659788,-0.857704565039234,0.));
#11356=DIRECTION('',(0.999865371595753,-0.0164084942541112,0.));
#11357=DIRECTION('',(0.0164084942541112,0.999865371595753,0.));
#11358=DIRECTION('',(-0.999865371595753,0.0164084942541112,0.));
#11359=DIRECTION('',(-0.0164084942541112,-0.999865371595753,0.));
#11360=DIRECTION('',(0.857704565039234,-0.514142858659788,0.));
#11361=DIRECTION('',(0.514142858659788,0.857704565039234,0.));
#11362=DIRECTION('',(0.,0.,1.));
#11363=DIRECTION('',(1.,0.,0.));
#11364=DIRECTION('',(0.,0.,1.));
#11365=DIRECTION('',(1.,0.,0.));
#11366=DIRECTION('',(0.,0.,1.));
#11367=DIRECTION('',(1.,0.,0.));
#11368=DIRECTION('',(0.,0.,1.));
#11369=DIRECTION('',(1.,0.,0.));
#11370=DIRECTION('',(0.,0.,-1.));
#11371=DIRECTION('',(-1.,0.,0.));
#11372=DIRECTION('',(0.,0.,-1.));
#11373=DIRECTION('',(-1.,0.,0.));
#11374=DIRECTION('',(0.,0.,-1.));
#11375=DIRECTION('',(-1.,0.,0.));
#11376=DIRECTION('',(0.,0.,-1.));
#11377=DIRECTION('',(-1.,0.,0.));
#11378=DIRECTION('',(0.,0.,-1.));
#11379=DIRECTION('',(-1.,0.,0.));
#11380=DIRECTION('',(0.,0.,-1.));
#11381=DIRECTION('',(-1.,0.,0.));
#11382=DIRECTION('',(0.,0.,-1.));
#11383=DIRECTION('',(-1.,0.,0.));
#11384=DIRECTION('',(0.,0.,-1.));
#11385=DIRECTION('',(-1.,0.,0.));
#11386=DIRECTION('',(0.,0.,-1.));
#11387=DIRECTION('',(-1.,0.,0.));
#11388=DIRECTION('',(0.,0.,-1.));
#11389=DIRECTION('',(-1.,0.,0.));
#11390=DIRECTION('',(0.,0.,-1.));
#11391=DIRECTION('',(-1.,0.,0.));
#11392=DIRECTION('',(0.,0.,-1.));
#11393=DIRECTION('',(1.,0.,0.));
#11394=DIRECTION('',(0.,0.,1.));
#11395=DIRECTION('',(1.,0.,0.));
#11396=DIRECTION('',(0.,0.,1.));
#11397=DIRECTION('',(1.,0.,0.));
#11398=DIRECTION('',(0.,0.,1.));
#11399=DIRECTION('',(1.,0.,0.));
#11400=DIRECTION('',(0.,0.,-1.));
#11401=DIRECTION('',(-1.,0.,0.));
#11402=DIRECTION('',(0.,0.,1.));
#11403=DIRECTION('',(1.,0.,0.));
#11404=DIRECTION('',(0.,0.,1.));
#11405=DIRECTION('',(1.,0.,0.));
#11406=DIRECTION('',(0.,0.,1.));
#11407=DIRECTION('',(1.,0.,0.));
#11408=DIRECTION('',(0.,0.,1.));
#11409=DIRECTION('',(1.,0.,0.));
#11410=DIRECTION('',(0.,0.,-1.));
#11411=DIRECTION('',(-1.,0.,0.));
#11412=DIRECTION('',(0.,0.,1.));
#11413=DIRECTION('',(1.,0.,0.));
#11414=DIRECTION('',(0.,0.,1.));
#11415=DIRECTION('',(1.,0.,0.));
#11416=DIRECTION('',(0.,0.,-1.));
#11417=DIRECTION('',(1.,0.,0.));
#11418=DIRECTION('',(0.,0.,1.));
#11419=DIRECTION('',(-1.,0.,0.));
#11420=DIRECTION('',(0.,0.,1.));
#11421=DIRECTION('',(1.,0.,0.));
#11422=DIRECTION('',(0.,0.,-1.));
#11423=DIRECTION('',(1.,0.,0.));
#11424=DIRECTION('',(0.,0.,-1.));
#11425=DIRECTION('',(1.,0.,0.));
#11426=DIRECTION('',(0.,0.,1.));
#11427=DIRECTION('',(1.,0.,0.));
#11428=DIRECTION('',(0.,0.,-1.));
#11429=DIRECTION('',(-1.,0.,0.));
#11430=DIRECTION('',(0.,0.,1.));
#11431=DIRECTION('',(1.,0.,0.));
#11432=DIRECTION('',(0.,0.,1.));
#11433=DIRECTION('',(1.,0.,0.));
#11434=DIRECTION('',(0.754024202785105,0.656846634774273,0.));
#11435=DIRECTION('',(0.,0.,1.));
#11436=DIRECTION('',(1.,0.,0.));
#11437=DIRECTION('',(0.324580797293073,0.945857973497392,0.));
#11438=DIRECTION('',(0.,0.,1.));
#11439=DIRECTION('',(-0.809016994374947,0.587785252292473,0.));
#11440=DIRECTION('',(0.,0.,1.));
#11441=DIRECTION('',(1.,0.,0.));
#11442=DIRECTION('',(-0.391691979377996,0.920096404346277,0.));
#11443=DIRECTION('',(0.,0.,1.));
#11444=DIRECTION('',(1.,0.,0.));
#11445=DIRECTION('',(-0.799263406773094,0.600980870405597,0.));
#11446=DIRECTION('',(0.,0.,1.));
#11447=DIRECTION('',(-0.809016994374948,-0.587785252292473,0.));
#11448=DIRECTION('',(0.,0.,1.));
#11449=DIRECTION('',(1.,0.,0.));
#11450=DIRECTION('',(-0.99610315916143,-0.0881957839617069,0.));
#11451=DIRECTION('',(0.,0.,1.));
#11452=DIRECTION('',(1.,0.,0.));
#11453=DIRECTION('',(-0.818552748642878,-0.574431368998237,0.));
#11454=DIRECTION('',(0.,0.,1.));
#11455=DIRECTION('',(0.309016994374948,-0.951056516295154,0.));
#11456=DIRECTION('',(0.,0.,1.));
#11457=DIRECTION('',(1.,0.,0.));
#11458=DIRECTION('',(-0.223933629284914,-0.974604396499055,0.));
#11459=DIRECTION('',(0.,0.,1.));
#11460=DIRECTION('',(1.,0.,0.));
#11461=DIRECTION('',(0.293369986527146,-0.95599898065064,0.));
#11462=DIRECTION('',(0.,0.,1.));
#11463=DIRECTION('',(1.,0.,0.));
#11464=DIRECTION('',(0.,0.,1.));
#11465=DIRECTION('',(1.,0.,0.));
#11466=DIRECTION('',(0.,0.,-1.));
#11467=DIRECTION('',(-1.,0.,0.));
#11468=DIRECTION('',(0.,0.,1.));
#11469=DIRECTION('',(1.,0.,0.));
#11470=DIRECTION('',(0.,0.,-1.));
#11471=DIRECTION('',(0.,0.,1.));
#11472=DIRECTION('',(-0.809016994374948,-0.587785252292473,0.));
#11473=DIRECTION('',(0.,0.,-1.));
#11474=DIRECTION('',(0.,0.,1.));
#11475=DIRECTION('',(1.,0.,0.));
#11476=DIRECTION('',(0.,0.,-1.));
#11477=DIRECTION('',(0.,0.,1.));
#11478=DIRECTION('',(0.309016994374948,-0.951056516295154,0.));
#11479=DIRECTION('',(0.,0.,-1.));
#11480=DIRECTION('',(0.,0.,1.));
#11481=DIRECTION('',(1.,0.,0.));
#11482=DIRECTION('',(0.,0.,-1.));
#11483=DIRECTION('',(0.,0.,1.));
#11484=DIRECTION('',(1.,0.,0.));
#11485=DIRECTION('',(0.,0.,-1.));
#11486=DIRECTION('',(0.,0.,1.));
#11487=DIRECTION('',(1.,0.,0.));
#11488=DIRECTION('',(0.,0.,-1.));
#11489=DIRECTION('',(0.,0.,1.));
#11490=DIRECTION('',(0.309016994374948,0.951056516295154,0.));
#11491=DIRECTION('',(0.,0.,-1.));
#11492=DIRECTION('',(0.,0.,1.));
#11493=DIRECTION('',(1.,0.,0.));
#11494=DIRECTION('',(0.,0.,-1.));
#11495=DIRECTION('',(0.,0.,1.));
#11496=DIRECTION('',(-0.809016994374947,0.587785252292473,0.));
#11497=DIRECTION('',(0.,0.,-1.));
#11498=DIRECTION('',(0.,0.,1.));
#11499=DIRECTION('',(1.,0.,0.));
#11500=DIRECTION('',(0.,0.,1.));
#11501=DIRECTION('',(1.,0.,0.));
#11502=DIRECTION('',(0.857704565039234,-0.514142858659788,0.));
#11503=DIRECTION('',(0.,0.,1.));
#11504=DIRECTION('',(1.,0.,0.));
#11505=DIRECTION('',(0.999865371595753,-0.0164084942541112,0.));
#11506=DIRECTION('',(0.,0.,1.));
#11507=DIRECTION('',(1.,0.,0.));
#11508=DIRECTION('',(1.,0.,0.));
#11509=DIRECTION('',(0.,0.,-1.));
#11510=DIRECTION('',(0.,-1.,0.));
#11511=DIRECTION('',(0.,0.,-1.));
#11512=DIRECTION('',(0.,-1.,0.));
#11513=DIRECTION('',(0.,0.,-1.));
#11514=DIRECTION('',(0.,0.,-1.));
#11515=DIRECTION('',(-1.,0.,0.));
#11516=DIRECTION('',(0.,0.,1.));
#11517=DIRECTION('',(1.,0.,0.));
#11518=DIRECTION('',(0.,0.,-1.));
#11519=DIRECTION('',(0.,0.,1.));
#11520=DIRECTION('',(1.,0.,0.));
#11521=DIRECTION('',(1.,0.,0.));
#11522=DIRECTION('',(0.,0.,-1.));
#11523=DIRECTION('',(0.,-1.,0.));
#11524=DIRECTION('',(0.,0.,-1.));
#11525=DIRECTION('',(0.,-1.,0.));
#11526=DIRECTION('',(0.,0.,-1.));
#11527=DIRECTION('',(-1.,0.,0.));
#11528=DIRECTION('',(0.,0.,1.));
#11529=DIRECTION('',(1.,0.,0.));
#11530=DIRECTION('',(0.,0.,1.));
#11531=DIRECTION('',(1.,0.,0.));
#11532=DIRECTION('',(0.,0.,1.));
#11533=DIRECTION('',(1.,0.,0.));
#11534=DIRECTION('',(0.,0.,1.));
#11535=DIRECTION('',(1.,0.,0.));
#11536=DIRECTION('',(-0.920096404346277,-0.391691979377996,0.));
#11537=DIRECTION('',(0.391691979377996,-0.920096404346277,0.));
#11538=DIRECTION('',(-0.391691979377996,0.920096404346277,0.));
#11539=DIRECTION('',(0.,0.,-1.));
#11540=DIRECTION('',(-0.391691979377996,0.920096404346277,0.));
#11541=DIRECTION('',(-0.600980870405597,-0.799263406773094,0.));
#11542=DIRECTION('',(0.,0.,-1.));
#11543=DIRECTION('',(-0.799263406773094,0.600980870405597,0.));
#11544=DIRECTION('',(0.,0.,-1.));
#11545=DIRECTION('',(-0.799263406773094,0.600980870405597,0.));
#11546=DIRECTION('',(0.,0.,1.));
#11547=DIRECTION('',(-0.809016994374948,-0.587785252292473,0.));
#11548=DIRECTION('',(0.,0.,1.));
#11549=DIRECTION('',(-0.809016994374948,-0.587785252292473,0.));
#11550=DIRECTION('',(-0.799263406773094,0.600980870405597,0.));
#11551=DIRECTION('',(-0.391691979377996,0.920096404346277,0.));
#11552=DIRECTION('',(-0.799263406773093,0.600980870405597,0.));
#11553=DIRECTION('',(-0.600980870405597,-0.799263406773093,0.));
#11554=DIRECTION('',(0.799263406773093,-0.600980870405597,0.));
#11555=DIRECTION('',(0.600980870405597,0.799263406773093,0.));
#11556=DIRECTION('',(-0.391691979377996,0.920096404346277,0.));
#11557=DIRECTION('',(-0.920096404346277,-0.391691979377996,0.));
#11558=DIRECTION('',(0.391691979377996,-0.920096404346277,0.));
#11559=DIRECTION('',(0.920096404346277,0.391691979377996,0.));
#11560=DIRECTION('',(0.,0.,1.));
#11561=DIRECTION('',(1.,0.,0.));
#11562=DIRECTION('',(0.,0.,-1.));
#11563=DIRECTION('',(-1.,0.,0.));
#11564=DIRECTION('',(0.,0.,-1.));
#11565=DIRECTION('',(0.,0.,1.));
#11566=DIRECTION('',(1.,0.,0.));
#11567=DIRECTION('',(0.,0.,1.));
#11568=DIRECTION('',(1.,0.,0.));
#11569=DIRECTION('',(0.,0.,1.));
#11570=DIRECTION('',(1.,0.,0.));
#11571=DIRECTION('',(0.,0.,-1.));
#11572=DIRECTION('',(0.,0.,-1.));
#11573=DIRECTION('',(-1.,0.,0.));
#11574=DIRECTION('',(-0.656846634774273,0.754024202785105,0.));
#11575=DIRECTION('',(-0.754024202785105,-0.656846634774273,0.));
#11576=DIRECTION('',(0.754024202785105,0.656846634774273,0.));
#11577=DIRECTION('',(0.,0.,-1.));
#11578=DIRECTION('',(0.754024202785105,0.656846634774273,0.));
#11579=DIRECTION('',(-0.945857973497392,0.324580797293073,0.));
#11580=DIRECTION('',(0.,0.,-1.));
#11581=DIRECTION('',(0.324580797293073,0.945857973497392,0.));
#11582=DIRECTION('',(0.324580797293073,0.945857973497392,0.));
#11583=DIRECTION('',(0.,0.,1.));
#11584=DIRECTION('',(-0.809016994374947,0.587785252292473,0.));
#11585=DIRECTION('',(0.,0.,1.));
#11586=DIRECTION('',(-0.809016994374947,0.587785252292473,0.));
#11587=DIRECTION('',(0.324580797293073,0.945857973497392,0.));
#11588=DIRECTION('',(0.754024202785105,0.656846634774273,0.));
#11589=DIRECTION('',(0.324580797293073,0.945857973497392,0.));
#11590=DIRECTION('',(-0.945857973497392,0.324580797293073,0.));
#11591=DIRECTION('',(-0.324580797293073,-0.945857973497392,0.));
#11592=DIRECTION('',(0.945857973497392,-0.324580797293073,0.));
#11593=DIRECTION('',(0.754024202785105,0.656846634774273,0.));
#11594=DIRECTION('',(-0.656846634774273,0.754024202785105,0.));
#11595=DIRECTION('',(-0.754024202785105,-0.656846634774273,0.));
#11596=DIRECTION('',(0.656846634774273,-0.754024202785105,0.));
#11597=DIRECTION('',(0.,0.,1.));
#11598=DIRECTION('',(1.,0.,0.));
#11599=DIRECTION('',(0.,0.,1.));
#11600=DIRECTION('',(1.,0.,0.));
#11601=DIRECTION('',(0.,0.,-1.));
#11602=DIRECTION('',(0.,0.,-1.));
#11603=DIRECTION('',(-1.,0.,0.));
#11604=DIRECTION('',(0.0881957839617069,-0.996103159161429,0.));
#11605=DIRECTION('',(0.996103159161429,0.0881957839617069,0.));
#11606=DIRECTION('',(-0.99610315916143,-0.0881957839617069,0.));
#11607=DIRECTION('',(-0.99610315916143,-0.0881957839617069,0.));
#11608=DIRECTION('',(0.574431368998237,-0.818552748642878,0.));
#11609=DIRECTION('',(0.,0.,-1.));
#11610=DIRECTION('',(-0.818552748642878,-0.574431368998237,0.));
#11611=DIRECTION('',(0.,0.,-1.));
#11612=DIRECTION('',(-0.818552748642878,-0.574431368998237,0.));
#11613=DIRECTION('',(0.,0.,1.));
#11614=DIRECTION('',(0.309016994374948,-0.951056516295154,0.));
#11615=DIRECTION('',(-0.99610315916143,-0.0881957839617069,0.));
#11616=DIRECTION('',(0.,0.,1.));
#11617=DIRECTION('',(0.309016994374948,-0.951056516295154,0.));
#11618=DIRECTION('',(-0.818552748642878,-0.574431368998237,0.));
#11619=DIRECTION('',(0.99610315916143,0.0881957839617069,0.));
#11620=DIRECTION('',(-0.0881957839617069,0.996103159161429,0.));
#11621=DIRECTION('',(-0.818552748642878,-0.574431368998237,0.));
#11622=DIRECTION('',(0.574431368998237,-0.818552748642878,0.));
#11623=DIRECTION('',(0.818552748642878,0.574431368998237,0.));
#11624=DIRECTION('',(-0.574431368998237,0.818552748642878,0.));
#11625=DIRECTION('',(-0.99610315916143,-0.0881957839617069,0.));
#11626=DIRECTION('',(0.0881957839617069,-0.996103159161429,0.));
#11627=DIRECTION('',(0.,0.,1.));
#11628=DIRECTION('',(1.,0.,0.));
#11629=DIRECTION('',(0.,0.,-1.));
#11630=DIRECTION('',(-1.,0.,0.));
#11631=DIRECTION('',(0.,0.,-1.));
#11632=DIRECTION('',(0.,0.,1.));
#11633=DIRECTION('',(1.,0.,0.));
#11634=DIRECTION('',(0.974604396499055,-0.223933629284914,0.));
#11635=DIRECTION('',(0.223933629284914,0.974604396499055,0.));
#11636=DIRECTION('',(-0.223933629284914,-0.974604396499055,0.));
#11637=DIRECTION('',(0.,0.,-1.));
#11638=DIRECTION('',(-0.223933629284914,-0.974604396499055,0.));
#11639=DIRECTION('',(0.95599898065064,0.293369986527146,0.));
#11640=DIRECTION('',(0.,0.,-1.));
#11641=DIRECTION('',(0.,0.,-1.));
#11642=DIRECTION('',(0.293369986527146,-0.95599898065064,0.));
#11643=DIRECTION('',(0.293369986527146,-0.95599898065064,0.));
#11644=DIRECTION('',(0.,0.,1.));
#11645=DIRECTION('',(1.,0.,0.));
#11646=DIRECTION('',(0.,0.,1.));
#11647=DIRECTION('',(1.,0.,0.));
#11648=DIRECTION('',(0.293369986527146,-0.95599898065064,0.));
#11649=DIRECTION('',(-0.223933629284914,-0.974604396499055,0.));
#11650=DIRECTION('',(0.,0.,1.));
#11651=DIRECTION('',(1.,0.,0.));
#11652=DIRECTION('',(0.223933629284914,0.974604396499055,0.));
#11653=DIRECTION('',(-0.974604396499055,0.223933629284914,0.));
#11654=DIRECTION('',(0.158344987803077,0.689149377738704,0.707106781186548));
#11655=DIRECTION('',(0.158344987803077,0.689149377738704,-0.707106781186548));
#11656=DIRECTION('',(-0.223933629284914,-0.974604396499055,0.));
#11657=DIRECTION('',(0.974604396499055,-0.223933629284914,0.));
#11658=DIRECTION('',(-0.158344987803077,-0.689149377738704,0.707106781186548));
#11659=DIRECTION('',(-0.158344987803077,-0.689149377738704,-0.707106781186548));
#11660=DIRECTION('',(0.,0.,-1.));
#11661=DIRECTION('',(-1.,0.,0.));
#11662=DIRECTION('',(-0.293369986527146,0.95599898065064,0.));
#11663=DIRECTION('',(-0.95599898065064,-0.293369986527146,0.));
#11664=DIRECTION('',(0.293369986527146,-0.95599898065064,0.));
#11665=DIRECTION('',(0.95599898065064,0.293369986527146,0.));
#11666=DIRECTION('',(0.,0.,1.));
#11667=DIRECTION('',(1.,0.,0.));
#11668=DIRECTION('',(0.,0.,1.));
#11669=DIRECTION('',(1.,0.,0.));
#11670=DIRECTION('',(0.,0.,-1.));
#11671=DIRECTION('',(-1.,0.,0.));
#11672=DIRECTION('',(0.,0.,-1.));
#11673=DIRECTION('',(0.514142858659788,0.857704565039234,0.));
#11674=DIRECTION('',(-0.857704565039234,0.514142858659788,0.));
#11675=DIRECTION('',(0.857704565039234,-0.514142858659788,0.));
#11676=DIRECTION('',(0.857704565039234,-0.514142858659788,0.));
#11677=DIRECTION('',(0.0164084942541112,0.999865371595753,0.));
#11678=DIRECTION('',(0.,0.,-1.));
#11679=DIRECTION('',(0.999865371595753,-0.0164084942541112,0.));
#11680=DIRECTION('',(0.999865371595753,-0.0164084942541112,0.));
#11681=DIRECTION('',(0.,0.,1.));
#11682=DIRECTION('',(0.309016994374948,0.951056516295154,0.));
#11683=DIRECTION('',(0.857704565039234,-0.514142858659788,0.));
#11684=DIRECTION('',(0.,0.,-1.));
#11685=DIRECTION('',(-1.,0.,0.));
#11686=DIRECTION('',(0.999865371595753,-0.0164084942541112,0.));
#11687=DIRECTION('',(-0.857704565039234,0.514142858659788,0.));
#11688=DIRECTION('',(-0.514142858659788,-0.857704565039234,0.));
#11689=DIRECTION('',(0.999865371595753,-0.0164084942541112,0.));
#11690=DIRECTION('',(0.0164084942541112,0.999865371595753,0.));
#11691=DIRECTION('',(-0.999865371595753,0.0164084942541112,0.));
#11692=DIRECTION('',(-0.0164084942541112,-0.999865371595753,0.));
#11693=DIRECTION('',(0.857704565039234,-0.514142858659788,0.));
#11694=DIRECTION('',(0.514142858659788,0.857704565039234,0.));
#11695=DIRECTION('',(0.,0.,1.));
#11696=DIRECTION('',(1.,0.,0.));
#11697=DIRECTION('',(0.,0.,1.));
#11698=DIRECTION('',(1.,0.,0.));
#11699=DIRECTION('',(0.,0.,1.));
#11700=DIRECTION('',(1.,0.,0.));
#11701=DIRECTION('',(0.,0.,1.));
#11702=DIRECTION('',(1.,0.,0.));
#11703=DIRECTION('',(0.,0.,-1.));
#11704=DIRECTION('',(-1.,0.,0.));
#11705=DIRECTION('',(0.,0.,-1.));
#11706=DIRECTION('',(-1.,0.,0.));
#11707=DIRECTION('',(0.,0.,1.));
#11708=DIRECTION('',(1.,0.,0.));
#11709=DIRECTION('',(0.,0.,-1.));
#11710=DIRECTION('',(-1.,0.,0.));
#11711=DIRECTION('',(0.,0.,1.));
#11712=DIRECTION('',(1.,0.,0.));
#11713=DIRECTION('',(0.,0.,-1.));
#11714=DIRECTION('',(-1.,0.,0.));
#11715=DIRECTION('',(0.,0.,1.));
#11716=DIRECTION('',(1.,0.,0.));
#11717=DIRECTION('',(0.,0.,-1.));
#11718=DIRECTION('',(-1.,0.,0.));
#11719=DIRECTION('',(0.,0.,1.));
#11720=DIRECTION('',(1.,0.,0.));
#11721=DIRECTION('',(0.,0.,-1.));
#11722=DIRECTION('',(-1.,0.,0.));
#11723=DIRECTION('',(0.,0.,1.));
#11724=DIRECTION('',(1.,0.,0.));
#11725=DIRECTION('',(0.,0.,-1.));
#11726=DIRECTION('',(1.,0.,0.));
#11727=DIRECTION('',(0.,0.,1.));
#11728=DIRECTION('',(1.,0.,0.));
#11729=DIRECTION('',(0.,0.,1.));
#11730=DIRECTION('',(-1.,3.46944695195362E-16,0.));
#11731=DIRECTION('',(0.,0.,1.));
#11732=DIRECTION('',(-1.,3.46944695195362E-16,0.));
#11733=DIRECTION('',(0.,0.,-1.));
#11734=DIRECTION('',(1.,-3.46944695195362E-16,0.));
#11735=DIRECTION('',(0.,0.,1.));
#11736=DIRECTION('',(-1.,3.46944695195362E-16,0.));
#11737=DIRECTION('',(0.,0.,1.));
#11738=DIRECTION('',(-1.,3.46944695195362E-16,0.));
#11739=DIRECTION('',(0.,0.,1.));
#11740=DIRECTION('',(-1.,3.46944695195362E-16,0.));
#11741=DIRECTION('',(0.,0.,1.));
#11742=DIRECTION('',(-1.,3.46944695195362E-16,0.));
#11743=DIRECTION('',(0.,0.,-1.));
#11744=DIRECTION('',(1.,-3.46944695195362E-16,0.));
#11745=DIRECTION('',(0.,0.,1.));
#11746=DIRECTION('',(1.,0.,0.));
#11747=DIRECTION('',(0.,0.,1.));
#11748=DIRECTION('',(1.,0.,0.));
#11749=DIRECTION('',(0.,0.,1.));
#11750=DIRECTION('',(1.,0.,0.));
#11751=DIRECTION('',(0.,0.,-1.));
#11752=DIRECTION('',(-1.,0.,0.));
#11753=DIRECTION('',(0.,0.,1.));
#11754=DIRECTION('',(1.,0.,0.));
#11755=DIRECTION('',(0.,0.,1.));
#11756=DIRECTION('',(1.,0.,0.));
#11757=DIRECTION('',(0.,0.,1.));
#11758=DIRECTION('',(1.,0.,0.));
#11759=DIRECTION('',(0.,0.,1.));
#11760=DIRECTION('',(1.,0.,0.));
#11761=DIRECTION('',(0.,0.,-1.));
#11762=DIRECTION('',(-1.,0.,0.));
#11763=CARTESIAN_POINT('',(0.,0.,0.));
#11764=CARTESIAN_POINT('',(0.0227503276712895,0.0980001975368857,-0.02715));
#11765=CARTESIAN_POINT('',(0.0212503276712895,0.0995001975368857,-0.0264));
#11766=CARTESIAN_POINT('',(0.0212503276712895,0.0995001975368858,-0.017));
#11767=CARTESIAN_POINT('',(0.0212503276712895,0.0995001975368857,-0.0358));
#11768=CARTESIAN_POINT('',(0.0227503276712895,0.0980001975368857,-0.017));
#11769=CARTESIAN_POINT('',(0.0227503276712895,0.0980001975368857,-0.017));
#11770=CARTESIAN_POINT('',(0.0227503276712895,0.0980001975368857,-0.017));
#11771=CARTESIAN_POINT('',(0.0227503276712895,0.0980001975368857,-0.0353));
#11772=CARTESIAN_POINT('',(0.0341503276712894,0.0866001975368858,-0.0239));
#11773=CARTESIAN_POINT('',(0.0207503276712895,0.100000197536886,-0.0373));
#11774=CARTESIAN_POINT('',(0.0207503276712895,0.100000197536886,-0.0373));
#11775=CARTESIAN_POINT('',(0.0207503276712895,0.100000197536886,-0.0358));
#11776=CARTESIAN_POINT('',(0.0227503276712895,0.0980001975368857,-0.0358));
#11777=CARTESIAN_POINT('',(-0.00274967232871052,0.0980001975368857,-0.02715));
#11778=CARTESIAN_POINT('',(-0.00274967232871052,0.0980001975368857,-0.0358));
#11779=CARTESIAN_POINT('',(-0.000749672328710526,0.100000197536886,-0.0358));
#11780=CARTESIAN_POINT('',(-0.00124967232871055,0.0995001975368857,-0.0358));
#11781=CARTESIAN_POINT('',(-0.000749672328710524,0.100000197536886,-0.017));
#11782=CARTESIAN_POINT('',(-0.000749672328710526,0.100000197536886,-0.0373));
#11783=CARTESIAN_POINT('',(-0.00546633899537719,0.095283530870219,-0.0325833333333333));
#11784=CARTESIAN_POINT('',(-0.00274967232871052,0.0980001975368857,-0.0353));
#11785=CARTESIAN_POINT('',(-0.00274967232871052,0.0980001975368857,-0.0373));
#11786=CARTESIAN_POINT('',(-0.00274967232871052,0.0980001975368857,-0.017));
#11787=CARTESIAN_POINT('',(-0.00274967232871053,0.0980001975368857,-0.017));
#11788=CARTESIAN_POINT('',(-0.00124967232871055,0.0995001975368857,-0.017));
#11789=CARTESIAN_POINT('',(-0.00124967232871055,0.0995001975368857,-0.02715));
#11790=CARTESIAN_POINT('',(-0.0517496723287105,0.100000197536886,-0.02715));
#11791=CARTESIAN_POINT('',(-0.0517496723287105,0.100000197536886,-0.0358));
#11792=CARTESIAN_POINT('',(-0.0517496723287105,0.100000197536886,-0.0358));
#11793=CARTESIAN_POINT('',(-0.0522496723287105,0.0995001975368857,-0.0358));
#11794=CARTESIAN_POINT('',(-0.0517496723287105,0.100000197536886,-0.017));
#11795=CARTESIAN_POINT('',(-0.0517496723287105,0.100000197536886,-0.0373));
#11796=CARTESIAN_POINT('',(-0.0638163389953772,0.0879335308702191,-0.0252333333333333));
#11797=CARTESIAN_POINT('',(-0.0537496723287105,0.0980001975368857,-0.0353));
#11798=CARTESIAN_POINT('',(-0.0537496723287105,0.0980001975368857,-0.0373));
#11799=CARTESIAN_POINT('',(-0.0537496723287105,0.0980001975368857,-0.017));
#11800=CARTESIAN_POINT('',(-0.0517496723287105,0.100000197536886,-0.017));
#11801=CARTESIAN_POINT('',(-0.0522496723287105,0.0995001975368857,-0.017));
#11802=CARTESIAN_POINT('',(-0.0522496723287105,0.0995001975368857,-0.0264));
#11803=CARTESIAN_POINT('',(-0.0302496723287106,0.100000197536886,-0.02715));
#11804=CARTESIAN_POINT('',(-0.0297496723287105,0.0995001975368857,-0.02715));
#11805=CARTESIAN_POINT('',(-0.0297496723287105,0.0995001975368857,-0.017));
#11806=CARTESIAN_POINT('',(-0.0297496723287105,0.0995001975368857,-0.0358));
#11807=CARTESIAN_POINT('',(-0.0302496723287106,0.100000197536886,-0.017));
#11808=CARTESIAN_POINT('',(-0.0282496723287106,0.0980001975368857,-0.017));
#11809=CARTESIAN_POINT('',(-0.0282496723287106,0.0980001975368857,-0.017));
#11810=CARTESIAN_POINT('',(-0.0282496723287106,0.0980001975368857,-0.0353));
#11811=CARTESIAN_POINT('',(-0.0268663389953772,0.0966168642035524,-0.0339166666666667));
#11812=CARTESIAN_POINT('',(-0.0302496723287106,0.100000197536886,-0.0373));
#11813=CARTESIAN_POINT('',(-0.0302496723287106,0.100000197536886,-0.0373));
#11814=CARTESIAN_POINT('',(-0.0302496723287106,0.100000197536886,-0.0358));
#11815=CARTESIAN_POINT('',(-0.0302496723287106,0.100000197536886,-0.0358));
#11816=CARTESIAN_POINT('',(-0.0409996723287105,0.100000197536886,-0.02715));
#11817=CARTESIAN_POINT('',(-0.0409996723287105,0.100000197536886,-0.0373));
#11818=CARTESIAN_POINT('',(-0.0459996723287105,0.100000197536886,-0.0373));
#11819=CARTESIAN_POINT('',(-0.0409996723287105,0.100000197536886,-0.0358));
#11820=CARTESIAN_POINT('',(-0.0459996723287105,0.100000197536886,-0.0358));
#11821=CARTESIAN_POINT('',(-0.0459996723287105,0.100000197536886,-0.03655));
#11822=CARTESIAN_POINT('',(-0.0282496723287106,0.0638001975368857,-0.02715));
#11823=CARTESIAN_POINT('',(-0.0282496723287106,0.0638001975368857,-0.0353));
#11824=CARTESIAN_POINT('',(-0.0282496723287106,0.0658001975368857,-0.0353));
#11825=CARTESIAN_POINT('',(-0.0282496723287106,0.0638001975368858,-0.017));
#11826=CARTESIAN_POINT('',(-0.0282496723287106,0.0658001975368857,-0.017));
#11827=CARTESIAN_POINT('',(-0.0282496723287106,0.0658001975368857,-0.0373));
#11828=CARTESIAN_POINT('',(-0.0409996723287105,0.0638001975368857,-0.0373));
#11829=CARTESIAN_POINT('',(-0.0409996723287105,0.100000197536886,-0.0373));
#11830=CARTESIAN_POINT('',(-0.0359996723287105,0.100000197536886,-0.0373));
#11831=CARTESIAN_POINT('',(-0.0302496723287106,0.0638001975368857,-0.0373));
#11832=CARTESIAN_POINT('',(-0.0302496723287106,0.0658001975368857,-0.0373));
#11833=CARTESIAN_POINT('',(-0.0537496723287105,0.0658001975368857,-0.0373));
#11834=CARTESIAN_POINT('',(-0.0517496723287105,0.0658001975368857,-0.0373));
#11835=CARTESIAN_POINT('',(-0.0517496723287105,0.0638001975368857,-0.0373));
#11836=CARTESIAN_POINT('',(-0.0459996723287105,0.133000197536886,-0.0373));
#11837=CARTESIAN_POINT('',(-0.0459996723287105,0.138000197536886,-0.0373));
#11838=CARTESIAN_POINT('',(-0.0409996723287105,0.138000197536886,-0.0373));
#11839=CARTESIAN_POINT('',(-0.0359996723287105,0.138000197536886,-0.0373));
#11840=CARTESIAN_POINT('',(-0.0359996723287105,0.133000197536886,-0.0373));
#11841=CARTESIAN_POINT('',(-0.0537496723287105,0.0638001975368857,-0.02715));
#11842=CARTESIAN_POINT('',(-0.0537496723287105,0.0638001975368857,-0.017));
#11843=CARTESIAN_POINT('',(-0.0537496723287105,0.0658001975368858,-0.017));
#11844=CARTESIAN_POINT('',(-0.0537496723287105,0.0638001975368857,-0.0353));
#11845=CARTESIAN_POINT('',(-0.0537496723287105,0.0658001975368857,-0.0353));
#11846=CARTESIAN_POINT('',(-0.0537496723287105,0.0658001975368858,-0.017));
#11847=CARTESIAN_POINT('',(-0.0409996723287105,0.0638001975368857,-0.02715));
#11848=CARTESIAN_POINT('',(-0.0409996723287105,0.0638001975368858,-0.017));
#11849=CARTESIAN_POINT('',(-0.0302496723287106,0.0638001975368858,-0.017));
#11850=CARTESIAN_POINT('',(-0.0517496723287105,0.0638001975368858,-0.017));
#11851=CARTESIAN_POINT('',(-0.0517496723287105,0.0638001975368857,-0.0373));
#11852=CARTESIAN_POINT('',(-0.0517496723287105,0.0638001975368857,-0.0353));
#11853=CARTESIAN_POINT('',(-0.0282496723287106,0.0638001975368857,-0.0353));
#11854=CARTESIAN_POINT('',(-0.0302496723287106,0.0638001975368857,-0.0353));
#11855=CARTESIAN_POINT('',(-0.0302496723287106,0.0638001975368858,-0.017));
#11856=CARTESIAN_POINT('',(-0.0409996723287105,0.0688001975368857,-0.02715));
#11857=CARTESIAN_POINT('',(-0.0409996723287105,0.0688001975368858,-0.017));
#11858=CARTESIAN_POINT('',(-0.0297496723287105,0.0688001975368858,-0.017));
#11859=CARTESIAN_POINT('',(-0.0522496723287105,0.0688001975368858,-0.017));
#11860=CARTESIAN_POINT('',(-0.0297496723287105,0.0688001975368857,-0.0264));
#11861=CARTESIAN_POINT('',(-0.0297496723287105,0.0688001975368857,-0.0358));
#11862=CARTESIAN_POINT('',(-0.0409996723287105,0.0688001975368857,-0.0358));
#11863=CARTESIAN_POINT('',(-0.0522496723287105,0.0688001975368857,-0.0358));
#11864=CARTESIAN_POINT('',(-0.0522496723287105,0.0688001975368857,-0.0264));
#11865=CARTESIAN_POINT('',(-0.0297496723287105,0.100000197536886,-0.0264));
#11866=CARTESIAN_POINT('',(-0.0297496723287105,0.100000197536886,-0.017));
#11867=CARTESIAN_POINT('',(-0.0297496723287105,0.100000197536886,-0.0358));
#11868=CARTESIAN_POINT('',(-0.0409996723287105,0.100000197536886,-0.0358));
#11869=CARTESIAN_POINT('',(-0.0409996723287105,0.100000197536886,-0.0358));
#11870=CARTESIAN_POINT('',(-0.0359996723287105,0.100000197536886,-0.0358));
#11871=CARTESIAN_POINT('',(-0.0359996723287105,0.133000197536886,-0.0358));
#11872=CARTESIAN_POINT('',(-0.0359996723287105,0.133000197536886,-0.0358));
#11873=CARTESIAN_POINT('',(-0.0409996723287105,0.133000197536886,-0.0358));
#11874=CARTESIAN_POINT('',(-0.0459996723287105,0.133000197536886,-0.0358));
#11875=CARTESIAN_POINT('',(-0.0459996723287105,0.133000197536886,-0.0358));
#11876=CARTESIAN_POINT('',(-0.0522496723287105,0.100000197536886,-0.0358));
#11877=CARTESIAN_POINT('',(-0.0522496723287105,0.100000197536886,-0.0264));
#11878=CARTESIAN_POINT('',(-0.0522496723287105,0.100000197536886,-0.017));
#11879=CARTESIAN_POINT('',(-0.0409996723287105,0.100000197536886,-0.02715));
#11880=CARTESIAN_POINT('',(-0.0359996723287105,0.100000197536886,-0.03655));
#11881=CARTESIAN_POINT('',(-0.0359996723287105,0.133000197536886,-0.03655));
#11882=CARTESIAN_POINT('',(-0.0359996723287105,0.138000197536886,-0.0323));
#11883=CARTESIAN_POINT('',(-0.0359996723287105,0.135000197536886,-0.0323));
#11884=CARTESIAN_POINT('',(-0.0359996723287105,0.133000197536886,-0.0323));
#11885=CARTESIAN_POINT('',(-0.0359996723287105,0.133000197536886,-0.03655));
#11886=CARTESIAN_POINT('',(-0.0359996723287105,0.138000197536886,-0.03655));
#11887=CARTESIAN_POINT('',(-0.0359996723287105,0.138000197536886,-0.0353));
#11888=CARTESIAN_POINT('',(-0.0359996723287105,0.138000197536886,-0.0353));
#11889=CARTESIAN_POINT('',(-0.0459996723287105,0.133000197536886,-0.03655));
#11890=CARTESIAN_POINT('',(-0.0459996723287105,0.138000197536886,-0.03655));
#11891=CARTESIAN_POINT('',(-0.0459996723287105,0.138000197536886,-0.0353));
#11892=CARTESIAN_POINT('',(-0.0459996723287105,0.133000197536886,-0.03655));
#11893=CARTESIAN_POINT('',(-0.0459996723287105,0.133000197536886,-0.0323));
#11894=CARTESIAN_POINT('',(-0.0459996723287105,0.138000197536886,-0.0323));
#11895=CARTESIAN_POINT('',(-0.0459996723287105,0.135000197536886,-0.0323));
#11896=CARTESIAN_POINT('',(-0.0459996723287105,0.136125197536886,-0.033425));
#11897=CARTESIAN_POINT('',(-0.0409996723287105,0.133000197536886,-0.0348));
#11898=CARTESIAN_POINT('',(-0.0409996723287105,0.133000197536886,-0.0323));
#11899=CARTESIAN_POINT('',(-0.0409996723287105,0.138000197536886,-0.0323));
#11900=CARTESIAN_POINT('',(-0.0359996723287105,0.135000197536886,-0.0323));
#11901=CARTESIAN_POINT('',(-0.0409996723287105,0.138000197536886,-0.0348));
#11902=CARTESIAN_POINT('',(-0.0459996723287105,0.138000197536886,-0.0353));
#11903=CARTESIAN_POINT('',(-0.0409996723287105,0.138000197536886,-0.0353));
#11904=CARTESIAN_POINT('',(-0.04,0.08,-0.017));
#11905=CARTESIAN_POINT('',(0.0212503276712895,0.100000197536886,-0.017));
#11906=CARTESIAN_POINT('',(0.0212503276712895,0.0688001975368858,-0.017));
#11907=CARTESIAN_POINT('',(0.0100003276712895,0.0688001975368858,-0.017));
#11908=CARTESIAN_POINT('',(-0.00124967232871055,0.0688001975368858,-0.017));
#11909=CARTESIAN_POINT('',(-0.00124967232871055,0.100000197536886,-0.017));
#11910=CARTESIAN_POINT('',(-0.00274967232871053,0.0638001975368858,-0.017));
#11911=CARTESIAN_POINT('',(-0.00274967232871053,0.0658001975368858,-0.017));
#11912=CARTESIAN_POINT('',(-0.000749672328710523,0.0638001975368857,-0.017));
#11913=CARTESIAN_POINT('',(-0.000749672328710527,0.0638001975368858,-0.017));
#11914=CARTESIAN_POINT('',(0.0100003276712895,0.0638001975368858,-0.017));
#11915=CARTESIAN_POINT('',(0.0207503276712895,0.0638001975368858,-0.017));
#11916=CARTESIAN_POINT('',(0.0207503276712895,0.0638001975368857,-0.017));
#11917=CARTESIAN_POINT('',(0.0227503276712895,0.0658001975368857,-0.017));
#11918=CARTESIAN_POINT('',(0.0227503276712895,0.0638001975368857,-0.017));
#11919=CARTESIAN_POINT('',(-0.0537496723287105,0.0658001975368857,-0.017));
#11920=CARTESIAN_POINT('',(-0.0282496723287106,0.0658001975368857,-0.017));
#11921=CARTESIAN_POINT('',(-0.015,-0.0148,-0.017));
#11922=CARTESIAN_POINT('',(0.0225,-0.0148,-0.017));
#11923=CARTESIAN_POINT('',(-0.0525,-0.0148,-0.017));
#11924=CARTESIAN_POINT('',(0.0275,-0.0098,-0.017));
#11925=CARTESIAN_POINT('',(0.0275,-0.0098,-0.017));
#11926=CARTESIAN_POINT('',(0.0275,0.0162,-0.017));
#11927=CARTESIAN_POINT('',(0.0275,0.0422,-0.017));
#11928=CARTESIAN_POINT('',(0.0225,0.0472,-0.017));
#11929=CARTESIAN_POINT('',(0.0225,0.0472,-0.017));
#11930=CARTESIAN_POINT('',(-0.015,0.0472,-0.017));
#11931=CARTESIAN_POINT('',(-0.0525,0.0472,-0.017));
#11932=CARTESIAN_POINT('',(-0.0575,0.0422,-0.017));
#11933=CARTESIAN_POINT('',(-0.0575,0.0422,-0.017));
#11934=CARTESIAN_POINT('',(-0.0575,0.0162,-0.017));
#11935=CARTESIAN_POINT('',(-0.0575,-0.0098,-0.017));
#11936=CARTESIAN_POINT('',(-0.0525,-0.0148,-0.017));
#11937=CARTESIAN_POINT('',(-0.0409996723287105,0.100000197536886,-0.017));
#11938=CARTESIAN_POINT('',(-0.0522496723287105,0.1,-0.017));
#11939=CARTESIAN_POINT('',(-0.0537496723287105,0.1,-0.017));
#11940=CARTESIAN_POINT('',(-0.04,0.1,-0.017));
#11941=CARTESIAN_POINT('',(0.0212503276712895,0.1,-0.017));
#11942=CARTESIAN_POINT('',(0.0100003276712895,0.100000197536886,-0.017));
#11943=CARTESIAN_POINT('',(0.0227503276712895,0.1,-0.017));
#11944=CARTESIAN_POINT('',(-0.04,0.1,-0.017));
#11945=CARTESIAN_POINT('',(0.03,0.1,-0.017));
#11946=CARTESIAN_POINT('',(0.03,0.08,-0.017));
#11947=CARTESIAN_POINT('',(0.03,-0.015,-0.017));
#11948=CARTESIAN_POINT('',(-0.04,-0.015,-0.017));
#11949=CARTESIAN_POINT('',(-0.06,-0.015,-0.017));
#11950=CARTESIAN_POINT('',(-0.06,0.1,-0.017));
#11951=CARTESIAN_POINT('',(-0.06,0.1,-0.017));
#11952=CARTESIAN_POINT('',(-0.04,0.1,-0.017));
#11953=CARTESIAN_POINT('',(-0.04,0.08,-0.017));
#11954=CARTESIAN_POINT('',(-0.044,0.08,-0.017));
#11955=CARTESIAN_POINT('',(0.01,0.08,-0.017));
#11956=CARTESIAN_POINT('',(0.006,0.08,-0.017));
#11957=CARTESIAN_POINT('',(0.0100003276712895,0.100000197536886,-0.02715));
#11958=CARTESIAN_POINT('',(0.0100003276712894,0.100000197536886,-0.0358));
#11959=CARTESIAN_POINT('',(0.0150003276712895,0.100000197536886,-0.0358));
#11960=CARTESIAN_POINT('',(0.0100003276712895,0.100000197536886,-0.0373));
#11961=CARTESIAN_POINT('',(0.0150003276712895,0.100000197536886,-0.0373));
#11962=CARTESIAN_POINT('',(0.0150003276712895,0.100000197536886,-0.03655));
#11963=CARTESIAN_POINT('',(-0.00274967232871053,0.0638001975368857,-0.02715));
#11964=CARTESIAN_POINT('',(-0.00274967232871053,0.0638001975368857,-0.0353));
#11965=CARTESIAN_POINT('',(-0.00274967232871053,0.0658001975368857,-0.0353));
#11966=CARTESIAN_POINT('',(-0.00274967232871053,0.0658001975368858,-0.017));
#11967=CARTESIAN_POINT('',(0.0100003276712895,0.0638001975368857,-0.0373));
#11968=CARTESIAN_POINT('',(-0.00274967232871053,0.0658001975368857,-0.0373));
#11969=CARTESIAN_POINT('',(0.0207503276712895,0.0658001975368857,-0.0373));
#11970=CARTESIAN_POINT('',(-0.000749672328710527,0.0658001975368857,-0.0373));
#11971=CARTESIAN_POINT('',(-0.000749672328710527,0.0638001975368857,-0.0373));
#11972=CARTESIAN_POINT('',(0.0100003276712895,0.100000197536886,-0.0373));
#11973=CARTESIAN_POINT('',(0.00500032767128947,0.100000197536886,-0.0373));
#11974=CARTESIAN_POINT('',(0.00500032767128948,0.133000197536886,-0.0373));
#11975=CARTESIAN_POINT('',(0.00500032767128948,0.138000197536886,-0.0373));
#11976=CARTESIAN_POINT('',(0.0100003276712895,0.138000197536886,-0.0373));
#11977=CARTESIAN_POINT('',(0.0150003276712895,0.138000197536886,-0.0373));
#11978=CARTESIAN_POINT('',(0.0150003276712895,0.133000197536886,-0.0373));
#11979=CARTESIAN_POINT('',(0.0207503276712895,0.0638001975368857,-0.0373));
#11980=CARTESIAN_POINT('',(0.0227503276712895,0.0638001975368857,-0.02715));
#11981=CARTESIAN_POINT('',(0.0227503276712895,0.0638001975368857,-0.0353));
#11982=CARTESIAN_POINT('',(0.0227503276712895,0.0658001975368857,-0.0353));
#11983=CARTESIAN_POINT('',(0.0227503276712895,0.0658001975368857,-0.0373));
#11984=CARTESIAN_POINT('',(0.0100003276712895,0.0638001975368857,-0.02715));
#11985=CARTESIAN_POINT('',(0.0227503276712895,0.0638001975368857,-0.0353));
#11986=CARTESIAN_POINT('',(-0.000749672328710528,0.0638001975368857,-0.0353));
#11987=CARTESIAN_POINT('',(0.0207503276712895,0.0638001975368857,-0.0353));
#11988=CARTESIAN_POINT('',(0.0207503276712895,0.0638001975368858,-0.017));
#11989=CARTESIAN_POINT('',(-0.000749672328710529,0.0638001975368857,-0.0373));
#11990=CARTESIAN_POINT('',(0.0100003276712895,0.0688001975368857,-0.02715));
#11991=CARTESIAN_POINT('',(0.0212503276712895,0.0688001975368857,-0.0264));
#11992=CARTESIAN_POINT('',(0.0212503276712895,0.0688001975368857,-0.0358));
#11993=CARTESIAN_POINT('',(0.0100003276712894,0.0688001975368857,-0.0358));
#11994=CARTESIAN_POINT('',(-0.00124967232871055,0.0688001975368857,-0.0358));
#11995=CARTESIAN_POINT('',(-0.00124967232871055,0.0688001975368857,-0.0264));
#11996=CARTESIAN_POINT('',(-0.00124967232871055,0.100000197536886,-0.0264));
#11997=CARTESIAN_POINT('',(-0.00124967232871055,0.100000197536886,-0.0358));
#11998=CARTESIAN_POINT('',(0.0100003276712894,0.100000197536886,-0.0358));
#11999=CARTESIAN_POINT('',(0.0100003276712894,0.100000197536886,-0.0358));
#12000=CARTESIAN_POINT('',(0.00500032767128947,0.100000197536886,-0.0358));
#12001=CARTESIAN_POINT('',(0.0212503276712895,0.100000197536886,-0.0358));
#12002=CARTESIAN_POINT('',(0.0150003276712895,0.133000197536886,-0.0358));
#12003=CARTESIAN_POINT('',(0.0150003276712895,0.133000197536886,-0.0358));
#12004=CARTESIAN_POINT('',(0.0100003276712894,0.133000197536886,-0.0358));
#12005=CARTESIAN_POINT('',(0.00500032767128948,0.133000197536886,-0.0358));
#12006=CARTESIAN_POINT('',(0.00500032767128948,0.133000197536886,-0.0358));
#12007=CARTESIAN_POINT('',(0.0212503276712895,0.100000197536886,-0.0264));
#12008=CARTESIAN_POINT('',(0.0100003276712895,0.100000197536886,-0.02715));
#12009=CARTESIAN_POINT('',(0.00500032767128947,0.100000197536886,-0.03655));
#12010=CARTESIAN_POINT('',(0.00500032767128948,0.133000197536886,-0.03655));
#12011=CARTESIAN_POINT('',(0.00500032767128948,0.138000197536886,-0.0323));
#12012=CARTESIAN_POINT('',(0.00500032767128948,0.135000197536886,-0.0323));
#12013=CARTESIAN_POINT('',(0.00500032767128948,0.133000197536886,-0.0323));
#12014=CARTESIAN_POINT('',(0.00500032767128948,0.138000197536886,-0.0353));
#12015=CARTESIAN_POINT('',(0.00500032767128948,0.138000197536886,-0.0353));
#12016=CARTESIAN_POINT('',(0.00500032767128948,0.138000197536886,-0.03655));
#12017=CARTESIAN_POINT('',(0.00500032767128948,0.133000197536886,-0.03655));
#12018=CARTESIAN_POINT('',(0.0150003276712895,0.133000197536886,-0.03655));
#12019=CARTESIAN_POINT('',(0.0150003276712895,0.138000197536886,-0.03655));
#12020=CARTESIAN_POINT('',(0.0150003276712895,0.138000197536886,-0.0353));
#12021=CARTESIAN_POINT('',(0.0150003276712895,0.136125197536886,-0.033425));
#12022=CARTESIAN_POINT('',(0.0150003276712895,0.135000197536886,-0.0323));
#12023=CARTESIAN_POINT('',(0.0150003276712895,0.138000197536886,-0.0323));
#12024=CARTESIAN_POINT('',(0.0150003276712895,0.133000197536886,-0.0323));
#12025=CARTESIAN_POINT('',(0.0150003276712895,0.133000197536886,-0.03655));
#12026=CARTESIAN_POINT('',(0.0100003276712895,0.133000197536886,-0.0348));
#12027=CARTESIAN_POINT('',(0.0100003276712895,0.133000197536886,-0.0323));
#12028=CARTESIAN_POINT('',(0.0100003276712895,0.138000197536886,-0.0323));
#12029=CARTESIAN_POINT('',(0.00500032767128948,0.135000197536886,-0.0323));
#12030=CARTESIAN_POINT('',(0.0100003276712895,0.138000197536886,-0.0348));
#12031=CARTESIAN_POINT('',(0.0150003276712895,0.138000197536886,-0.0353));
#12032=CARTESIAN_POINT('',(0.0100003276712895,0.138000197536886,-0.0353));
#12033=CARTESIAN_POINT('',(-0.015,0.0472,-0.0145));
#12034=CARTESIAN_POINT('',(0.0225,0.0472,-0.0145));
#12035=CARTESIAN_POINT('',(0.0225,0.0472,-0.0345));
#12036=CARTESIAN_POINT('',(-0.0575,0.0472,-0.0345));
#12037=CARTESIAN_POINT('',(-0.0525,0.0472,-0.0345));
#12038=CARTESIAN_POINT('',(-0.0525,0.0472,-0.017));
#12039=CARTESIAN_POINT('',(-0.0575,0.0162,-0.0145));
#12040=CARTESIAN_POINT('',(-0.0575,0.0162,-0.0345));
#12041=CARTESIAN_POINT('',(-0.0575,0.0422,-0.0345));
#12042=CARTESIAN_POINT('',(-0.0575,-0.0098,-0.0345));
#12043=CARTESIAN_POINT('',(-0.0575,-0.0098,-0.0145));
#12044=CARTESIAN_POINT('',(-0.0575,0.0422,-0.0395));
#12045=CARTESIAN_POINT('',(-0.015,-0.0148,-0.0145));
#12046=CARTESIAN_POINT('',(-0.015,-0.0148,-0.0345));
#12047=CARTESIAN_POINT('',(-0.0525,-0.0148,-0.0345));
#12048=CARTESIAN_POINT('',(0.0225,-0.0148,-0.0345));
#12049=CARTESIAN_POINT('',(0.0225,-0.0148,-0.017));
#12050=CARTESIAN_POINT('',(-0.0525,-0.0148,-0.0145));
#12051=CARTESIAN_POINT('',(0.0275,0.0162,-0.0145));
#12052=CARTESIAN_POINT('',(0.0275,-0.0098,-0.0395));
#12053=CARTESIAN_POINT('',(0.0275,-0.0098,-0.0345));
#12054=CARTESIAN_POINT('',(0.0275,0.0472,-0.0345));
#12055=CARTESIAN_POINT('',(0.0275,0.0422,-0.0345));
#12056=CARTESIAN_POINT('',(0.0275,0.0422,-0.0145));
#12057=CARTESIAN_POINT('',(-0.015,0.0422,-0.0145));
#12058=CARTESIAN_POINT('',(-0.015,0.0422,-0.0395));
#12059=CARTESIAN_POINT('',(-0.0525,0.0422,-0.0395));
#12060=CARTESIAN_POINT('',(0.0225,0.0422,-0.0395));
#12061=CARTESIAN_POINT('',(0.0225,0.0422,-0.0145));
#12062=CARTESIAN_POINT('',(0.0225,0.0422,-0.0195));
#12063=CARTESIAN_POINT('',(-0.015,0.0422,-0.0195));
#12064=CARTESIAN_POINT('',(-0.0525,0.0422,-0.0195));
#12065=CARTESIAN_POINT('',(-0.0525,0.0422,-0.0145));
#12066=CARTESIAN_POINT('',(-0.0525,0.0162,-0.0145));
#12067=CARTESIAN_POINT('',(-0.0525,0.0162,-0.0395));
#12068=CARTESIAN_POINT('',(-0.0525,-0.0098,-0.0395));
#12069=CARTESIAN_POINT('',(-0.0525,0.0162,-0.0195));
#12070=CARTESIAN_POINT('',(-0.0525,-0.0098,-0.0195));
#12071=CARTESIAN_POINT('',(-0.0525,-0.0098,-0.0145));
#12072=CARTESIAN_POINT('',(-0.015,-0.0098,-0.0145));
#12073=CARTESIAN_POINT('',(-0.015,-0.0098,-0.0395));
#12074=CARTESIAN_POINT('',(0.0225,-0.0098,-0.0395));
#12075=CARTESIAN_POINT('',(-0.015,-0.0098,-0.0195));
#12076=CARTESIAN_POINT('',(0.0225,-0.0098,-0.0195));
#12077=CARTESIAN_POINT('',(0.0225,-0.0098,-0.0145));
#12078=CARTESIAN_POINT('',(0.0225,0.0162,-0.0145));
#12079=CARTESIAN_POINT('',(0.0225,0.0162,-0.0395));
#12080=CARTESIAN_POINT('',(0.0225,0.0162,-0.0195));
#12081=CARTESIAN_POINT('',(-0.015,0.0162,-0.0195));
#12082=CARTESIAN_POINT('',(-0.0445,0.0202,-0.0195));
#12083=CARTESIAN_POINT('',(-0.0445,0.0178,-0.0195));
#12084=CARTESIAN_POINT('',(0.0145,0.0122,-0.0195));
#12085=CARTESIAN_POINT('',(0.0145,0.0098,-0.0195));
#12086=CARTESIAN_POINT('',(0.0145,0.0202,-0.0195));
#12087=CARTESIAN_POINT('',(0.0145,0.0178,-0.0195));
#12088=CARTESIAN_POINT('',(-0.0445,0.0122,-0.0195));
#12089=CARTESIAN_POINT('',(-0.0445,0.0098,-0.0195));
#12090=CARTESIAN_POINT('',(-0.04,-0.02,-0.017));
#12091=CARTESIAN_POINT('',(-0.065,-0.02,-0.017));
#12092=CARTESIAN_POINT('',(-0.065,-0.02,-0.012));
#12093=CARTESIAN_POINT('',(-0.065,-0.02,0.0065));
#12094=CARTESIAN_POINT('',(-0.04,-0.02,-0.012));
#12095=CARTESIAN_POINT('',(-0.06,-0.02,-0.012));
#12096=CARTESIAN_POINT('',(-0.06,-0.02,-0.017));
#12097=CARTESIAN_POINT('',(-0.06,-0.02,0.0065));
#12098=CARTESIAN_POINT('',(-0.065,-0.02,0.0065));
#12099=CARTESIAN_POINT('',(-0.065,0.06,0.0085));
#12100=CARTESIAN_POINT('',(0.035,0.06,0.0065));
#12101=CARTESIAN_POINT('',(0.035,0.06,0.0065));
#12102=CARTESIAN_POINT('',(0.03,0.06,0.0065));
#12103=CARTESIAN_POINT('',(0.035,0.06,0.0085));
#12104=CARTESIAN_POINT('',(0.035,0.06,0.0085));
#12105=CARTESIAN_POINT('',(0.035,0.06,0.0085));
#12106=CARTESIAN_POINT('',(0.03,0.06,0.0085));
#12107=CARTESIAN_POINT('',(0.03,0.06,0.0085));
#12108=CARTESIAN_POINT('',(-0.06,0.08,0.0085));
#12109=CARTESIAN_POINT('',(-0.06,0.06,0.0085));
#12110=CARTESIAN_POINT('',(-0.06,0.06,0.0085));
#12111=CARTESIAN_POINT('',(-0.06,0.06,0.0065));
#12112=CARTESIAN_POINT('',(-0.06,0.04,0.0065));
#12113=CARTESIAN_POINT('',(-0.06,0.08,-0.012));
#12114=CARTESIAN_POINT('',(-0.06,0.1,-0.012));
#12115=CARTESIAN_POINT('',(-0.06,0.1,0.0085));
#12116=CARTESIAN_POINT('',(-0.06,0.1,0.0085));
#12117=CARTESIAN_POINT('',(-0.06,0.08,0.0085));
#12118=CARTESIAN_POINT('',(-0.065,0.1,0.0085));
#12119=CARTESIAN_POINT('',(0.035,0.1,0.0085));
#12120=CARTESIAN_POINT('',(0.035,0.1,0.0085));
#12121=CARTESIAN_POINT('',(0.035,0.1,-0.012));
#12122=CARTESIAN_POINT('',(-0.00475,0.1,-0.05175));
#12123=CARTESIAN_POINT('',(-0.07525,0.1,-0.00175));
#12124=CARTESIAN_POINT('',(-0.065,0.1,-0.012));
#12125=CARTESIAN_POINT('',(-0.065,0.1,0.0085));
#12126=CARTESIAN_POINT('',(-0.065,0.1,0.0085));
#12127=CARTESIAN_POINT('',(-0.065,0.1,0.0085));
#12128=CARTESIAN_POINT('',(-0.04,0.1,-0.012));
#12129=CARTESIAN_POINT('',(0.03,0.1,-0.012));
#12130=CARTESIAN_POINT('',(0.03,0.1,0.0085));
#12131=CARTESIAN_POINT('',(0.03,0.1,0.0085));
#12132=CARTESIAN_POINT('',(0.035,0.1,0.0085));
#12133=CARTESIAN_POINT('',(-0.065,0.08,0.0085));
#12134=CARTESIAN_POINT('',(-0.065,-0.02,-0.012));
#12135=CARTESIAN_POINT('',(-0.065,0.04,0.0065));
#12136=CARTESIAN_POINT('',(-0.065,0.06,0.0065));
#12137=CARTESIAN_POINT('',(-0.065,0.06,0.0085));
#12138=CARTESIAN_POINT('',(-0.065,0.06,0.0085));
#12139=CARTESIAN_POINT('',(-0.065,0.08,0.0085));
#12140=CARTESIAN_POINT('',(-0.065,0.06,0.0085));
#12141=CARTESIAN_POINT('',(-0.065,0.06,0.0065));
#12142=CARTESIAN_POINT('',(-0.065,0.06,0.0085));
#12143=CARTESIAN_POINT('',(-0.065,0.08,0.0085));
#12144=CARTESIAN_POINT('',(0.03,0.08,0.0085));
#12145=CARTESIAN_POINT('',(0.03,0.08,-0.012));
#12146=CARTESIAN_POINT('',(0.03,-0.02,-0.012));
#12147=CARTESIAN_POINT('',(0.03,-0.02,-0.017));
#12148=CARTESIAN_POINT('',(0.03,-0.02,0.0065));
#12149=CARTESIAN_POINT('',(0.03,0.04,0.0065));
#12150=CARTESIAN_POINT('',(0.03,0.08,0.0085));
#12151=CARTESIAN_POINT('',(0.035,0.08,0.0085));
#12152=CARTESIAN_POINT('',(0.035,-0.02,-0.017));
#12153=CARTESIAN_POINT('',(0.035,-0.02,-0.012));
#12154=CARTESIAN_POINT('',(0.035,-0.02,0.0065));
#12155=CARTESIAN_POINT('',(0.035,0.08,-0.012));
#12156=CARTESIAN_POINT('',(0.035,0.08,0.0085));
#12157=CARTESIAN_POINT('',(0.035,0.04,0.0065));
#12158=CARTESIAN_POINT('',(0.035,0.08,0.0085));
#12159=CARTESIAN_POINT('',(-0.04,0.08,-0.012));
#12160=CARTESIAN_POINT('',(-0.04,0.08,-0.012));
#12161=CARTESIAN_POINT('',(-0.044,0.08,-0.012));
#12162=CARTESIAN_POINT('',(-0.04,-0.02,-0.012));
#12163=CARTESIAN_POINT('',(0.01,0.08,-0.012));
#12164=CARTESIAN_POINT('',(0.006,0.08,-0.012));
#12165=CARTESIAN_POINT('',(-0.04,0.04,-0.012));
#12166=CARTESIAN_POINT('',(-0.036,0.04,-0.012));
#12167=CARTESIAN_POINT('',(0.01,0.04,-0.012));
#12168=CARTESIAN_POINT('',(0.006,0.04,-0.012));
#12169=CARTESIAN_POINT('',(-0.04,-7.56132628206616E-18,-0.012));
#12170=CARTESIAN_POINT('',(-0.036,-7.56132628206616E-18,-0.012));
#12171=CARTESIAN_POINT('',(0.01,1.11229109781787E-18,-0.012));
#12172=CARTESIAN_POINT('',(0.006,-2.75487682963572E-19,-0.012));
#12173=CARTESIAN_POINT('',(-0.04,0.08,-0.026));
#12174=CARTESIAN_POINT('',(0.01,0.08,-0.026));
#12175=CARTESIAN_POINT('',(-0.04,0.04,0.025));
#12176=CARTESIAN_POINT('',(-0.04,0.04,0.032));
#12177=CARTESIAN_POINT('',(-0.036,0.04,0.032));
#12178=CARTESIAN_POINT('',(-0.065,0.04,0.0065));
#12179=CARTESIAN_POINT('',(0.01,0.04,0.025));
#12180=CARTESIAN_POINT('',(0.01,0.04,0.032));
#12181=CARTESIAN_POINT('',(0.014,0.04,0.032));
#12182=CARTESIAN_POINT('',(0.035,0.04,0.0065));
#12183=CARTESIAN_POINT('',(0.035,-0.02,0.0065));
#12184=CARTESIAN_POINT('',(-0.015,0.04,0.032));
#12185=CARTESIAN_POINT('',(-0.015,0.04,0.032));
#12186=CARTESIAN_POINT('',(-0.04,-7.56132628206616E-18,0.025));
#12187=CARTESIAN_POINT('',(-0.04,-7.56132628206616E-18,0.032));
#12188=CARTESIAN_POINT('',(-0.036,-7.56132628206616E-18,0.032));
#12189=CARTESIAN_POINT('',(-0.04,-0.02,-0.017));
#12190=CARTESIAN_POINT('',(-0.04,-0.02,-0.012));
#12191=CARTESIAN_POINT('',(0.01,1.11229109781787E-18,0.025));
#12192=CARTESIAN_POINT('',(0.01,1.35722045764734E-18,0.032));
#12193=CARTESIAN_POINT('',(0.014,1.35722045764734E-18,0.032));
#12194=CARTESIAN_POINT('',(-0.015,-3.46944695195361E-18,0.032));
#12195=CARTESIAN_POINT('',(-0.015,-3.46944695195361E-18,0.032));
#12196=CARTESIAN_POINT('',(-0.06,0.08,-0.017));
#12197=CARTESIAN_POINT('',(-0.0283333333333333,0.0166666666666666,-0.0486666666666667));
#12198=CARTESIAN_POINT('',(-0.04,-0.02,-0.012));
#12199=CARTESIAN_POINT('',(0.01,0.005,-0.037));
#12200=CARTESIAN_POINT('',(0.035,0.08,-0.012));
#12201=CARTESIAN_POINT('',(-0.0575,0.0422,-0.0145));
#12202=CARTESIAN_POINT('',(-0.0575,0.0422,-0.0345));
#12203=CARTESIAN_POINT('',(-0.0575,0.0422,-0.0345));
#12204=CARTESIAN_POINT('',(-0.0575,0.0422,-0.0345));
#12205=CARTESIAN_POINT('',(-0.0525,0.0447,-0.037));
#12206=CARTESIAN_POINT('',(0.0225,0.0472,-0.0145));
#12207=CARTESIAN_POINT('',(0.0225,0.0472,-0.0345));
#12208=CARTESIAN_POINT('',(-0.015,0.0422,-0.0395));
#12209=CARTESIAN_POINT('',(0.0225,0.0472,-0.0345));
#12210=CARTESIAN_POINT('',(-0.0575,0.0162,-0.0345));
#12211=CARTESIAN_POINT('',(-0.055,-0.0098,-0.037));
#12212=CARTESIAN_POINT('',(-0.0525,-0.0148,-0.0145));
#12213=CARTESIAN_POINT('',(-0.0525,-0.0148,-0.0345));
#12214=CARTESIAN_POINT('',(0.0225,0.0472,-0.0345));
#12215=CARTESIAN_POINT('',(0.025,0.0422,-0.037));
#12216=CARTESIAN_POINT('',(-0.0525,-0.0148,-0.0345));
#12217=CARTESIAN_POINT('',(-0.0525,-0.0148,-0.0345));
#12218=CARTESIAN_POINT('',(0.0225,0.0162,-0.0395));
#12219=CARTESIAN_POINT('',(0.0275,-0.0098,-0.0345));
#12220=CARTESIAN_POINT('',(-0.015,-0.0148,-0.0345));
#12221=CARTESIAN_POINT('',(0.0225,-0.0123,-0.037));
#12222=CARTESIAN_POINT('',(0.0275,-0.0098,-0.0345));
#12223=CARTESIAN_POINT('',(0.0275,-0.0098,-0.0345));
#12224=CARTESIAN_POINT('',(0.0275,-0.0098,-0.0145));
#12225=CARTESIAN_POINT('',(-0.0517496723287105,0.0638001975368857,-0.0373));
#12226=CARTESIAN_POINT('',(-0.0537496723287105,0.0658001975368857,-0.0353));
#12227=CARTESIAN_POINT('',(-0.0537496723287105,0.0658001975368857,-0.02715));
#12228=CARTESIAN_POINT('',(-0.0537496723287105,0.0658001975368857,-0.0353));
#12229=CARTESIAN_POINT('',(-0.0537496723287105,0.0658001975368857,-0.0353));
#12230=CARTESIAN_POINT('',(-0.0517496723287105,0.0648001975368857,-0.0363));
#12231=CARTESIAN_POINT('',(-0.0409996723287105,0.0658001975368857,-0.0373));
#12232=CARTESIAN_POINT('',(-0.0302496723287106,0.0658001975368857,-0.0373));
#12233=CARTESIAN_POINT('',(-0.0282496723287106,0.0658001975368857,-0.02715));
#12234=CARTESIAN_POINT('',(-0.0292496723287105,0.0648001975368858,-0.0353));
#12235=CARTESIAN_POINT('',(-0.0302496723287106,0.0658001975368857,-0.0373));
#12236=CARTESIAN_POINT('',(-0.0302496723287106,0.0658001975368857,-0.0373));
#12237=CARTESIAN_POINT('',(-0.0282496723287106,0.0638001975368857,-0.0353));
#12238=CARTESIAN_POINT('',(0.0207503276712895,0.0638001975368857,-0.02715));
#12239=CARTESIAN_POINT('',(0.0217503276712895,0.0648001975368858,-0.0353));
#12240=CARTESIAN_POINT('',(0.0227503276712895,0.0638001975368857,-0.0353));
#12241=CARTESIAN_POINT('',(0.0207503276712895,0.0658001975368857,-0.0373));
#12242=CARTESIAN_POINT('',(0.0207503276712895,0.0658001975368857,-0.0373));
#12243=CARTESIAN_POINT('',(0.0207503276712895,0.0658001975368857,-0.0373));
#12244=CARTESIAN_POINT('',(-0.000749672328710527,0.0638001975368857,-0.02715));
#12245=CARTESIAN_POINT('',(-0.00274967232871053,0.0658001975368857,-0.0353));
#12246=CARTESIAN_POINT('',(0.0100003276712895,0.0638001975368857,-0.0353));
#12247=CARTESIAN_POINT('',(-0.000749672328710525,0.0648001975368857,-0.0363));
#12248=CARTESIAN_POINT('',(-0.00274967232871053,0.0658001975368857,-0.0353));
#12249=CARTESIAN_POINT('',(-0.00274967232871053,0.0658001975368857,-0.0353));
#12250=CARTESIAN_POINT('',(-0.000749672328710527,0.0638001975368857,-0.0373));
#12251=CARTESIAN_POINT('',(-0.0445,0.0122,-0.0212));
#12252=CARTESIAN_POINT('',(-0.0445,0.0122,-0.0212));
#12253=CARTESIAN_POINT('',(-0.0445,0.0146,-0.0212));
#12254=CARTESIAN_POINT('',(-0.015,0.0162,-0.0212));
#12255=CARTESIAN_POINT('',(0.0145,0.0202,-0.0212));
#12256=CARTESIAN_POINT('',(0.0145,0.0202,-0.0212));
#12257=CARTESIAN_POINT('',(0.0145,0.0226,-0.0212));
#12258=CARTESIAN_POINT('',(-0.015,0.0162,-0.0212));
#12259=CARTESIAN_POINT('',(0.0145,0.0122,-0.0212));
#12260=CARTESIAN_POINT('',(0.0145,0.0122,-0.0212));
#12261=CARTESIAN_POINT('',(0.0145,0.0146,-0.0212));
#12262=CARTESIAN_POINT('',(-0.015,0.0162,-0.0212));
#12263=CARTESIAN_POINT('',(-0.0445,0.0202,-0.0212));
#12264=CARTESIAN_POINT('',(-0.0445,0.0202,-0.0212));
#12265=CARTESIAN_POINT('',(-0.0445,0.0226,-0.0212));
#12266=CARTESIAN_POINT('',(-0.015,0.0162,-0.0212));
#12267=CARTESIAN_POINT('',(0.,0.,0.));
#12268=CARTESIAN_POINT('',(-0.00124967232871052,0.100900197536886,-0.017));
#12269=CARTESIAN_POINT('',(-0.00124967232871054,0.100900197536886,-0.0358));
#12270=CARTESIAN_POINT('',(-0.00124967232871054,0.0688001975368858,-0.0358));
#12271=CARTESIAN_POINT('',(-0.00124967232871054,0.133000197536886,-0.0358));
#12272=CARTESIAN_POINT('',(-0.00124967232871053,0.0688001975368858,-0.017));
#12273=CARTESIAN_POINT('',(-0.00124967232871053,0.0688001975368858,-0.017));
#12274=CARTESIAN_POINT('',(-0.00124967232871052,0.100900197536886,-0.017));
#12275=CARTESIAN_POINT('',(-0.00124967232871052,0.133000197536886,-0.017));
#12276=CARTESIAN_POINT('',(-0.00124967232871052,0.133000197536886,-0.017));
#12277=CARTESIAN_POINT('',(0.0100003276712895,0.0688001975368858,-0.017));
#12278=CARTESIAN_POINT('',(0.0100003276712895,0.0688001975368858,-0.0358));
#12279=CARTESIAN_POINT('',(0.0212503276712895,0.0688001975368858,-0.0358));
#12280=CARTESIAN_POINT('',(0.0212503276712895,0.0688001975368858,-0.017));
#12281=CARTESIAN_POINT('',(0.0212503276712895,0.0688001975368858,-0.017));
#12282=CARTESIAN_POINT('',(0.0100003276712895,0.0688001975368858,-0.017));
#12283=CARTESIAN_POINT('',(0.0212503276712895,0.100900197536886,-0.017));
#12284=CARTESIAN_POINT('',(0.0212503276712895,0.100900197536886,-0.0358));
#12285=CARTESIAN_POINT('',(0.0212503276712895,0.133000197536886,-0.0358));
#12286=CARTESIAN_POINT('',(0.0212503276712895,0.133000197536886,-0.017));
#12287=CARTESIAN_POINT('',(0.0212503276712895,0.133000197536886,-0.017));
#12288=CARTESIAN_POINT('',(0.0212503276712895,0.100900197536886,-0.017));
#12289=CARTESIAN_POINT('',(0.0100003276712895,0.133000197536886,-0.017));
#12290=CARTESIAN_POINT('',(0.0100003276712895,0.133000197536886,-0.0358));
#12291=CARTESIAN_POINT('',(0.0100003276712895,0.133000197536886,-0.017));
#12292=CARTESIAN_POINT('',(0.0100003276712895,0.100900197536886,-0.017));
#12293=CARTESIAN_POINT('',(0.0100003276712895,0.0800001975368858,-0.017));
#12294=CARTESIAN_POINT('',(0.0109503276712895,0.0800001975368858,-0.017));
#12295=CARTESIAN_POINT('',(0.0100003276712895,0.100900197536886,-0.0358));
#12296=CARTESIAN_POINT('',(0.0100003276712895,0.0800001975368858,-0.005));
#12297=CARTESIAN_POINT('',(0.0100003276712895,0.0800001975368858,-0.005));
#12298=CARTESIAN_POINT('',(0.0109503276712895,0.0800001975368858,-0.005));
#12299=CARTESIAN_POINT('',(0.0100003276712895,0.100900197536886,-0.005));
#12300=CARTESIAN_POINT('',(0.,0.,0.));
#12301=CARTESIAN_POINT('',(0.0100003276712895,0.0111998024631142,0.04215));
#12302=CARTESIAN_POINT('',(0.0100003276712895,0.0111998024631142,0.0523));
#12303=CARTESIAN_POINT('',(0.000250327671289463,0.0111998024631142,0.0523));
#12304=CARTESIAN_POINT('',(0.0197503276712895,0.0111998024631142,0.0523));
#12305=CARTESIAN_POINT('',(0.000250327671289463,0.0111998024631142,0.0523));
#12306=CARTESIAN_POINT('',(-0.00124967232871056,0.0111998024631142,0.0508));
#12307=CARTESIAN_POINT('',(-0.00124967232871056,0.0111998024631142,0.0429));
#12308=CARTESIAN_POINT('',(-0.00124967232871056,0.0111998024631142,0.0335));
#12309=CARTESIAN_POINT('',(0.0100003276712894,0.0111998024631142,0.0335));
#12310=CARTESIAN_POINT('',(0.0212503276712895,0.0111998024631143,0.0335));
#12311=CARTESIAN_POINT('',(0.0212503276712895,0.0111998024631142,0.0429));
#12312=CARTESIAN_POINT('',(0.0212503276712895,0.0111998024631142,0.0508));
#12313=CARTESIAN_POINT('',(0.0227503276712894,0.0111998024631142,0.0493));
#12314=CARTESIAN_POINT('',(-0.0409996723287105,0.0111998024631142,0.04215));
#12315=CARTESIAN_POINT('',(-0.0409996723287105,0.0111998024631142,0.0523));
#12316=CARTESIAN_POINT('',(-0.0507496723287105,0.0111998024631142,0.0523));
#12317=CARTESIAN_POINT('',(-0.0312496723287106,0.0111998024631142,0.0523));
#12318=CARTESIAN_POINT('',(-0.0507496723287105,0.0111998024631142,0.0523));
#12319=CARTESIAN_POINT('',(-0.0522496723287105,0.0111998024631142,0.0508));
#12320=CARTESIAN_POINT('',(-0.0522496723287105,0.0111998024631142,0.0429));
#12321=CARTESIAN_POINT('',(-0.0522496723287105,0.0111998024631142,0.0335));
#12322=CARTESIAN_POINT('',(-0.0409996723287105,0.0111998024631142,0.0335));
#12323=CARTESIAN_POINT('',(-0.0297496723287105,0.0111998024631142,0.0335));
#12324=CARTESIAN_POINT('',(-0.0297496723287105,0.0111998024631142,0.0429));
#12325=CARTESIAN_POINT('',(-0.0297496723287105,0.0111998024631142,0.0508));
#12326=CARTESIAN_POINT('',(-0.0282496723287106,0.0111998024631142,0.0493));
#12327=CARTESIAN_POINT('',(-0.04,0.08,0.032));
#12328=CARTESIAN_POINT('',(-0.04,0.04,0.032));
#12329=CARTESIAN_POINT('',(-0.04,0.044,0.032));
#12330=CARTESIAN_POINT('',(-0.04,0.05,0.032));
#12331=CARTESIAN_POINT('',(0.01,0.04,0.032));
#12332=CARTESIAN_POINT('',(0.01,0.044,0.032));
#12333=CARTESIAN_POINT('',(0.01,0.05,0.032));
#12334=CARTESIAN_POINT('',(-0.0409996723287105,0.0161998024631142,0.032));
#12335=CARTESIAN_POINT('',(-0.0312496723287106,0.0161998024631142,0.032));
#12336=CARTESIAN_POINT('',(-0.0507496723287105,0.0161998024631142,0.032));
#12337=CARTESIAN_POINT('',(-0.0312496723287106,0.0161998024631142,0.032));
#12338=CARTESIAN_POINT('',(-0.0282496723287106,0.0131998024631142,0.032));
#12339=CARTESIAN_POINT('',(-0.0282496723287106,0.0161998024631142,0.032));
#12340=CARTESIAN_POINT('',(-0.0282496723287106,-0.0170001975368857,0.032));
#12341=CARTESIAN_POINT('',(-0.0282496723287106,-0.0170001975368857,0.032));
#12342=CARTESIAN_POINT('',(-0.0312496723287105,-0.0200000987684428,0.032));
#12343=CARTESIAN_POINT('',(-0.0409996723287105,-0.0200001975368857,0.032));
#12344=CARTESIAN_POINT('',(-0.0282496723287106,-0.02,0.032));
#12345=CARTESIAN_POINT('',(-0.04,-0.02,0.032));
#12346=CARTESIAN_POINT('',(-0.00274967232871052,-0.02,0.032));
#12347=CARTESIAN_POINT('',(0.0100003276712895,-0.0200001975368857,0.032));
#12348=CARTESIAN_POINT('',(0.000250327671289477,-0.0200000987684428,0.032));
#12349=CARTESIAN_POINT('',(0.00025032767128948,-0.0200001975368857,0.032));
#12350=CARTESIAN_POINT('',(-0.00274967232871052,-0.0170001975368857,0.032));
#12351=CARTESIAN_POINT('',(-0.00274967232871054,0.0161998024631142,0.032));
#12352=CARTESIAN_POINT('',(-0.00274967232871053,0.0131998024631142,0.032));
#12353=CARTESIAN_POINT('',(-0.00274967232871054,0.0131998024631142,0.032));
#12354=CARTESIAN_POINT('',(0.000250327671289463,0.0161998024631142,0.032));
#12355=CARTESIAN_POINT('',(0.0100003276712895,0.0161998024631142,0.032));
#12356=CARTESIAN_POINT('',(0.0197503276712895,0.0161998024631142,0.032));
#12357=CARTESIAN_POINT('',(0.0227503276712894,0.0131998024631142,0.032));
#12358=CARTESIAN_POINT('',(0.0227503276712894,0.0131998024631142,0.032));
#12359=CARTESIAN_POINT('',(0.0227503276712894,0.0161998024631142,0.032));
#12360=CARTESIAN_POINT('',(0.0227503276712895,-0.0170001975368857,0.032));
#12361=CARTESIAN_POINT('',(0.0197503276712895,-0.0200001975368857,0.032));
#12362=CARTESIAN_POINT('',(0.0197503276712895,-0.0200000987684428,0.032));
#12363=CARTESIAN_POINT('',(0.0100003276712895,-0.0200001975368857,0.032));
#12364=CARTESIAN_POINT('',(0.0227503276712895,-0.02,0.032));
#12365=CARTESIAN_POINT('',(-0.04,-0.02,0.032));
#12366=CARTESIAN_POINT('',(0.03,-0.02,0.032));
#12367=CARTESIAN_POINT('',(0.03,0.08,0.032));
#12368=CARTESIAN_POINT('',(0.03,0.095,0.032));
#12369=CARTESIAN_POINT('',(-0.04,0.095,0.032));
#12370=CARTESIAN_POINT('',(-0.06,0.095,0.032));
#12371=CARTESIAN_POINT('',(-0.06,-0.02,0.032));
#12372=CARTESIAN_POINT('',(-0.06,-0.02,0.032));
#12373=CARTESIAN_POINT('',(-0.04,-0.02,0.032));
#12374=CARTESIAN_POINT('',(-0.0537496723287105,-0.02,0.032));
#12375=CARTESIAN_POINT('',(-0.0409996723287105,-0.0200001975368857,0.032));
#12376=CARTESIAN_POINT('',(-0.0507496723287105,-0.0200000987684428,0.032));
#12377=CARTESIAN_POINT('',(-0.0537496723287105,-0.0170001975368857,0.032));
#12378=CARTESIAN_POINT('',(-0.0537496723287105,-0.0170001975368857,0.032));
#12379=CARTESIAN_POINT('',(-0.0537496723287105,0.0161998024631142,0.032));
#12380=CARTESIAN_POINT('',(-0.0537496723287105,0.0131998024631142,0.032));
#12381=CARTESIAN_POINT('',(-0.0507496723287105,0.0161998024631142,0.032));
#12382=CARTESIAN_POINT('',(-0.065,0.1,0.0065));
#12383=CARTESIAN_POINT('',(-0.065,0.1,0.0065));
#12384=CARTESIAN_POINT('',(-0.065,0.1,0.0085));
#12385=CARTESIAN_POINT('',(-0.065,0.1,0.027));
#12386=CARTESIAN_POINT('',(-0.065,0.1,0.027));
#12387=CARTESIAN_POINT('',(-0.06,0.1,0.027));
#12388=CARTESIAN_POINT('',(-0.06,0.1,0.0065));
#12389=CARTESIAN_POINT('',(-0.06,0.1,0.0085));
#12390=CARTESIAN_POINT('',(-0.065,0.1,0.0085));
#12391=CARTESIAN_POINT('',(-0.065,0.1,0.0065));
#12392=CARTESIAN_POINT('',(0.03,0.1,0.0065));
#12393=CARTESIAN_POINT('',(0.03,0.1,0.0085));
#12394=CARTESIAN_POINT('',(0.03,0.1,0.027));
#12395=CARTESIAN_POINT('',(-0.065,0.1,0.027));
#12396=CARTESIAN_POINT('',(0.035,0.1,0.027));
#12397=CARTESIAN_POINT('',(0.035,0.1,0.0065));
#12398=CARTESIAN_POINT('',(0.035,0.1,0.0085));
#12399=CARTESIAN_POINT('',(0.035,0.1,0.0085));
#12400=CARTESIAN_POINT('',(-0.06,0.08,0.0065));
#12401=CARTESIAN_POINT('',(-0.06,0.08,0.0085));
#12402=CARTESIAN_POINT('',(-0.06,0.06,0.0085));
#12403=CARTESIAN_POINT('',(-0.06,0.08,0.027));
#12404=CARTESIAN_POINT('',(-0.06,-0.02,0.027));
#12405=CARTESIAN_POINT('',(-0.06,-0.02,0.0065));
#12406=CARTESIAN_POINT('',(-0.06,-0.02,0.0065));
#12407=CARTESIAN_POINT('',(-0.06,0.04,0.0065));
#12408=CARTESIAN_POINT('',(-0.06,0.06,0.0065));
#12409=CARTESIAN_POINT('',(-0.06,0.06,0.0065));
#12410=CARTESIAN_POINT('',(-0.065,0.08,0.0065));
#12411=CARTESIAN_POINT('',(-0.065,-0.02,0.0065));
#12412=CARTESIAN_POINT('',(-0.065,-0.02,0.0065));
#12413=CARTESIAN_POINT('',(-0.065,-0.02,0.027));
#12414=CARTESIAN_POINT('',(-0.065,0.1,0.027));
#12415=CARTESIAN_POINT('',(-0.065,0.08,0.0085));
#12416=CARTESIAN_POINT('',(-0.065,0.06,0.0085));
#12417=CARTESIAN_POINT('',(-0.065,0.06,0.0065));
#12418=CARTESIAN_POINT('',(-0.065,0.06,0.0065));
#12419=CARTESIAN_POINT('',(-0.065,0.04,0.0065));
#12420=CARTESIAN_POINT('',(0.03,0.08,0.0065));
#12421=CARTESIAN_POINT('',(0.03,0.08,0.0085));
#12422=CARTESIAN_POINT('',(0.03,0.06,0.0085));
#12423=CARTESIAN_POINT('',(0.03,0.06,0.0065));
#12424=CARTESIAN_POINT('',(0.03,0.06,0.0065));
#12425=CARTESIAN_POINT('',(0.03,0.04,0.0065));
#12426=CARTESIAN_POINT('',(0.03,-0.02,0.0065));
#12427=CARTESIAN_POINT('',(0.03,-0.02,0.0065));
#12428=CARTESIAN_POINT('',(0.03,-0.02,0.027));
#12429=CARTESIAN_POINT('',(0.03,0.08,0.027));
#12430=CARTESIAN_POINT('',(0.035,0.08,0.0065));
#12431=CARTESIAN_POINT('',(0.035,0.08,0.027));
#12432=CARTESIAN_POINT('',(0.035,-0.02,0.027));
#12433=CARTESIAN_POINT('',(0.035,-0.02,0.0065));
#12434=CARTESIAN_POINT('',(0.035,-0.02,0.0065));
#12435=CARTESIAN_POINT('',(0.035,0.04,0.0065));
#12436=CARTESIAN_POINT('',(0.035,0.06,0.0065));
#12437=CARTESIAN_POINT('',(0.035,0.06,0.0065));
#12438=CARTESIAN_POINT('',(0.035,0.06,0.0085));
#12439=CARTESIAN_POINT('',(0.035,0.08,0.0085));
#12440=CARTESIAN_POINT('',(-0.04,0.08,0.027));
#12441=CARTESIAN_POINT('',(0.01,1.59288398090079E-16,0.027));
#12442=CARTESIAN_POINT('',(0.015,1.59288398090079E-16,0.027));
#12443=CARTESIAN_POINT('',(-0.04,1.52349504186172E-16,0.027));
#12444=CARTESIAN_POINT('',(-0.035,1.52349504186172E-16,0.027));
#12445=CARTESIAN_POINT('',(-0.04,0.04,0.027));
#12446=CARTESIAN_POINT('',(-0.035,0.04,0.027));
#12447=CARTESIAN_POINT('',(0.01,0.04,0.027));
#12448=CARTESIAN_POINT('',(0.015,0.04,0.027));
#12449=CARTESIAN_POINT('',(-0.04,-0.02,0.027));
#12450=CARTESIAN_POINT('',(-0.04,0.1,0.027));
#12451=CARTESIAN_POINT('',(0.035,0.08,0.0085));
#12452=CARTESIAN_POINT('',(0.035,0.06,0.0085));
#12453=CARTESIAN_POINT('',(-0.065,0.08,0.0085));
#12454=CARTESIAN_POINT('',(-0.065,0.06,0.0085));
#12455=CARTESIAN_POINT('',(-0.065,0.06,0.0065));
#12456=CARTESIAN_POINT('',(-0.065,0.06,0.0065));
#12457=CARTESIAN_POINT('',(-0.065,0.06,0.0065));
#12458=CARTESIAN_POINT('',(0.035,0.06,0.0065));
#12459=CARTESIAN_POINT('',(-0.065,0.04,0.0065));
#12460=CARTESIAN_POINT('',(-0.065,-0.02,0.0065));
#12461=CARTESIAN_POINT('',(0.035,0.04,0.0065));
#12462=CARTESIAN_POINT('',(0.035,-0.02,0.0065));
#12463=CARTESIAN_POINT('',(-0.04,0.04,0.041));
#12464=CARTESIAN_POINT('',(-0.04,0.04,0.0095));
#12465=CARTESIAN_POINT('',(-0.044,0.04,0.0095));
#12466=CARTESIAN_POINT('',(0.01,0.04,0.041));
#12467=CARTESIAN_POINT('',(0.01,0.04,0.0095));
#12468=CARTESIAN_POINT('',(0.006,0.04,0.0095));
#12469=CARTESIAN_POINT('',(-0.065,-0.02,0.0065));
#12470=CARTESIAN_POINT('',(0.03,-0.02,0.032));
#12471=CARTESIAN_POINT('',(0.0100003276712895,-0.0200001975368857,0.032));
#12472=CARTESIAN_POINT('',(0.0150003276712895,-0.02,0.032));
#12473=CARTESIAN_POINT('',(-0.04,-0.02,0.032));
#12474=CARTESIAN_POINT('',(0.00500032767128945,-0.02,0.032));
#12475=CARTESIAN_POINT('',(0.0100003276712895,-0.0200001975368857,0.032));
#12476=CARTESIAN_POINT('',(-0.0409996723287105,-0.0200001975368857,0.032));
#12477=CARTESIAN_POINT('',(-0.0359996723287105,-0.02,0.032));
#12478=CARTESIAN_POINT('',(-0.04,-0.02,0.032));
#12479=CARTESIAN_POINT('',(-0.0459996723287105,-0.02,0.032));
#12480=CARTESIAN_POINT('',(-0.0409996723287105,-0.0200001975368857,0.032));
#12481=CARTESIAN_POINT('',(-0.065,-0.02,0.027));
#12482=CARTESIAN_POINT('',(-0.065,0.08,0.027));
#12483=CARTESIAN_POINT('',(-0.0583333333333334,0.0933333333333333,0.0336666666666667));
#12484=CARTESIAN_POINT('',(-0.065,0.1,0.027));
#12485=CARTESIAN_POINT('',(0.00166666666666673,0.0666666666666667,0.0603333333333333));
#12486=CARTESIAN_POINT('',(0.03,0.08,0.032));
#12487=CARTESIAN_POINT('',(0.0100003276712895,-0.0580001975368857,0.034));
#12488=CARTESIAN_POINT('',(0.00500032767128949,-0.0580001975368857,0.034));
#12489=CARTESIAN_POINT('',(0.00500032767128949,-0.0550001975368857,0.037));
#12490=CARTESIAN_POINT('',(0.00500032767128949,-0.0580001975368857,0.034));
#12491=CARTESIAN_POINT('',(0.0150003276712895,-0.0580001975368857,0.034));
#12492=CARTESIAN_POINT('',(0.0150003276712895,-0.0580001975368857,0.034));
#12493=CARTESIAN_POINT('',(0.0150003276712895,-0.0561251975368857,0.035875));
#12494=CARTESIAN_POINT('',(0.0150003276712895,-0.0550001975368857,0.037));
#12495=CARTESIAN_POINT('',(0.00500032767128949,-0.0550001975368857,0.037));
#12496=CARTESIAN_POINT('',(0.0100003276712895,-0.0580001975368857,0.0345));
#12497=CARTESIAN_POINT('',(0.00500032767128949,-0.0580001975368857,0.03275));
#12498=CARTESIAN_POINT('',(0.00500032767128949,-0.0580001975368858,0.032));
#12499=CARTESIAN_POINT('',(0.0100003276712895,-0.0580001975368858,0.032));
#12500=CARTESIAN_POINT('',(0.0150003276712895,-0.0580001975368857,0.032));
#12501=CARTESIAN_POINT('',(0.0150003276712895,-0.0580001975368857,0.03275));
#12502=CARTESIAN_POINT('',(0.0100003276712895,-0.0580001975368857,0.037));
#12503=CARTESIAN_POINT('',(0.0150003276712895,-0.0580001975368857,0.037));
#12504=CARTESIAN_POINT('',(0.0150003276712895,-0.0530001975368857,0.037));
#12505=CARTESIAN_POINT('',(0.0100003276712895,-0.0530001975368857,0.037));
#12506=CARTESIAN_POINT('',(0.00500032767128949,-0.0530001975368857,0.037));
#12507=CARTESIAN_POINT('',(0.00500032767128949,-0.0580001975368857,0.037));
#12508=CARTESIAN_POINT('',(0.0100003276712895,-0.0530001975368857,0.0345));
#12509=CARTESIAN_POINT('',(0.00500032767128949,-0.0530001975368857,0.03275));
#12510=CARTESIAN_POINT('',(0.00500032767128949,-0.0530001975368857,0.0335));
#12511=CARTESIAN_POINT('',(0.0150003276712895,-0.0530001975368857,0.03275));
#12512=CARTESIAN_POINT('',(0.0150003276712895,-0.0530001975368857,0.0335));
#12513=CARTESIAN_POINT('',(0.0100003276712895,-0.0530001975368857,0.0335));
#12514=CARTESIAN_POINT('',(0.0150003276712895,-0.0530001975368857,0.03275));
#12515=CARTESIAN_POINT('',(0.0150003276712895,-0.0530001975368857,0.032));
#12516=CARTESIAN_POINT('',(0.0150003276712895,-0.0200001975368857,0.03275));
#12517=CARTESIAN_POINT('',(0.0150003276712895,-0.0200001975368857,0.0335));
#12518=CARTESIAN_POINT('',(0.0150003276712895,-0.0530001975368857,0.0335));
#12519=CARTESIAN_POINT('',(0.00500032767128949,-0.0530001975368857,0.03275));
#12520=CARTESIAN_POINT('',(0.00500032767128949,-0.0530001975368857,0.0335));
#12521=CARTESIAN_POINT('',(0.00500032767128948,-0.0200001975368857,0.0335));
#12522=CARTESIAN_POINT('',(0.00500032767128948,-0.0200001975368857,0.03275));
#12523=CARTESIAN_POINT('',(0.00500032767128949,-0.0530001975368857,0.032));
#12524=CARTESIAN_POINT('',(0.0100003276712895,-0.0200001975368857,0.04215));
#12525=CARTESIAN_POINT('',(0.0100003276712894,-0.0200001975368857,0.0335));
#12526=CARTESIAN_POINT('',(0.000250327671289477,-0.0200001975368857,0.0335));
#12527=CARTESIAN_POINT('',(0.000250327671289476,-0.0200001975368857,0.032));
#12528=CARTESIAN_POINT('',(0.0212503276712895,-0.0200001975368857,0.0429));
#12529=CARTESIAN_POINT('',(0.0212503276712895,-0.0200001975368857,0.0335));
#12530=CARTESIAN_POINT('',(0.0212503276712895,-0.0185001975368858,0.0335));
#12531=CARTESIAN_POINT('',(0.0212503276712895,-0.0185001975368858,0.0429));
#12532=CARTESIAN_POINT('',(0.0212503276712895,-0.0185001975368858,0.0508));
#12533=CARTESIAN_POINT('',(0.0212503276712895,-0.0200001975368857,0.0508));
#12534=CARTESIAN_POINT('',(0.0100003276712894,-0.0200001975368857,0.0335));
#12535=CARTESIAN_POINT('',(0.0100003276712894,-0.0200001975368857,0.0335));
#12536=CARTESIAN_POINT('',(0.0197503276712895,-0.0200001975368857,0.0335));
#12537=CARTESIAN_POINT('',(0.0197503276712895,-0.0200001975368857,0.0335));
#12538=CARTESIAN_POINT('',(-0.00124967232871055,-0.0200001975368857,0.0335));
#12539=CARTESIAN_POINT('',(-0.00124967232871055,-0.0185001975368857,0.0335));
#12540=CARTESIAN_POINT('',(0.000250327671289477,-0.0200001975368857,0.0335));
#12541=CARTESIAN_POINT('',(-0.00124967232871054,-0.0200001975368857,0.0429));
#12542=CARTESIAN_POINT('',(-0.00124967232871056,0.0161998024631142,0.0508));
#12543=CARTESIAN_POINT('',(-0.00124967232871055,-0.0185001975368858,0.0508));
#12544=CARTESIAN_POINT('',(-0.00124967232871055,-0.0185001975368857,0.04215));
#12545=CARTESIAN_POINT('',(0.0100003276712895,0.0161998024631142,0.04215));
#12546=CARTESIAN_POINT('',(0.000250327671289461,0.0161998024631142,0.0558));
#12547=CARTESIAN_POINT('',(0.000250327671289461,0.0161998024631142,0.0528));
#12548=CARTESIAN_POINT('',(0.000250327671289461,0.0161998024631142,0.0523));
#12549=CARTESIAN_POINT('',(0.0100003276712895,0.0161998024631142,0.0528));
#12550=CARTESIAN_POINT('',(0.0197503276712895,0.0161998024631142,0.0528));
#12551=CARTESIAN_POINT('',(0.0197503276712895,0.0161998024631142,0.0558));
#12552=CARTESIAN_POINT('',(0.0197503276712895,0.0161998024631142,0.0523));
#12553=CARTESIAN_POINT('',(0.0197503276712895,0.0161998024631142,0.032));
#12554=CARTESIAN_POINT('',(0.000250327671289463,0.0161998024631142,0.0523));
#12555=CARTESIAN_POINT('',(0.0227503276712894,0.0161998024631142,0.04215));
#12556=CARTESIAN_POINT('',(0.0227503276712895,-0.0200001975368857,0.0493));
#12557=CARTESIAN_POINT('',(0.0227503276712894,0.0131998024631142,0.0493));
#12558=CARTESIAN_POINT('',(0.0227503276712895,-0.0170001975368857,0.0493));
#12559=CARTESIAN_POINT('',(0.0227503276712895,-0.0170001975368857,0.032));
#12560=CARTESIAN_POINT('',(0.0227503276712894,0.0131998024631142,0.0523));
#12561=CARTESIAN_POINT('',(-0.00274967232871054,0.0161998024631142,0.04215));
#12562=CARTESIAN_POINT('',(-0.00274967232871054,0.0161998024631142,0.0493));
#12563=CARTESIAN_POINT('',(-0.00274967232871052,-0.0170001975368857,0.0493));
#12564=CARTESIAN_POINT('',(-0.00274967232871053,0.0131998024631142,0.0493));
#12565=CARTESIAN_POINT('',(-0.00274967232871053,0.0131998024631142,0.032));
#12566=CARTESIAN_POINT('',(-0.00274967232871052,-0.0170001975368857,0.0523));
#12567=CARTESIAN_POINT('',(0.0100003276712895,-0.0200001975368857,0.04215));
#12568=CARTESIAN_POINT('',(0.0197503276712895,-0.0200001975368857,0.0523));
#12569=CARTESIAN_POINT('',(0.0100003276712895,0.0161998024631142,0.032));
#12570=CARTESIAN_POINT('',(-0.0409996723287105,-0.0580001975368857,0.034));
#12571=CARTESIAN_POINT('',(-0.0359996723287105,-0.0580001975368857,0.034));
#12572=CARTESIAN_POINT('',(-0.0359996723287105,-0.0550001975368857,0.037));
#12573=CARTESIAN_POINT('',(-0.0359996723287105,-0.0580001975368857,0.034));
#12574=CARTESIAN_POINT('',(-0.0359996723287105,-0.0550001975368857,0.037));
#12575=CARTESIAN_POINT('',(-0.0459996723287105,-0.0550001975368857,0.037));
#12576=CARTESIAN_POINT('',(-0.0459996723287105,-0.0561251975368857,0.035875));
#12577=CARTESIAN_POINT('',(-0.0459996723287105,-0.0580001975368858,0.034));
#12578=CARTESIAN_POINT('',(-0.0459996723287105,-0.0580001975368858,0.034));
#12579=CARTESIAN_POINT('',(-0.0409996723287105,-0.0580001975368857,0.0345));
#12580=CARTESIAN_POINT('',(-0.0359996723287105,-0.0580001975368857,0.03275));
#12581=CARTESIAN_POINT('',(-0.0359996723287105,-0.0580001975368858,0.032));
#12582=CARTESIAN_POINT('',(-0.0459996723287105,-0.0580001975368858,0.03275));
#12583=CARTESIAN_POINT('',(-0.0459996723287105,-0.0580001975368858,0.032));
#12584=CARTESIAN_POINT('',(-0.0409996723287105,-0.0580001975368858,0.032));
#12585=CARTESIAN_POINT('',(-0.0409996723287105,-0.0580001975368857,0.037));
#12586=CARTESIAN_POINT('',(-0.0459996723287105,-0.0580001975368858,0.037));
#12587=CARTESIAN_POINT('',(-0.0459996723287105,-0.0530001975368857,0.037));
#12588=CARTESIAN_POINT('',(-0.0359996723287105,-0.0580001975368857,0.037));
#12589=CARTESIAN_POINT('',(-0.0359996723287105,-0.0530001975368857,0.037));
#12590=CARTESIAN_POINT('',(-0.0409996723287105,-0.0530001975368857,0.037));
#12591=CARTESIAN_POINT('',(-0.0409996723287105,-0.0530001975368857,0.0345));
#12592=CARTESIAN_POINT('',(-0.0359996723287105,-0.0530001975368857,0.03275));
#12593=CARTESIAN_POINT('',(-0.0359996723287105,-0.0530001975368857,0.0335));
#12594=CARTESIAN_POINT('',(-0.0409996723287105,-0.0530001975368857,0.0335));
#12595=CARTESIAN_POINT('',(-0.0459996723287105,-0.0530001975368857,0.0335));
#12596=CARTESIAN_POINT('',(-0.0459996723287105,-0.0530001975368857,0.03275));
#12597=CARTESIAN_POINT('',(-0.0459996723287105,-0.0530001975368857,0.03275));
#12598=CARTESIAN_POINT('',(-0.0459996723287105,-0.0530001975368857,0.0335));
#12599=CARTESIAN_POINT('',(-0.0459996723287105,-0.0200001975368857,0.0335));
#12600=CARTESIAN_POINT('',(-0.0459996723287105,-0.0200001975368857,0.03275));
#12601=CARTESIAN_POINT('',(-0.0459996723287105,-0.0530001975368857,0.032));
#12602=CARTESIAN_POINT('',(-0.0359996723287105,-0.0530001975368857,0.03275));
#12603=CARTESIAN_POINT('',(-0.0359996723287105,-0.0530001975368857,0.032));
#12604=CARTESIAN_POINT('',(-0.0359996723287105,-0.0200001975368857,0.03275));
#12605=CARTESIAN_POINT('',(-0.0359996723287105,-0.0200001975368857,0.0335));
#12606=CARTESIAN_POINT('',(-0.0359996723287105,-0.0530001975368857,0.0335));
#12607=CARTESIAN_POINT('',(-0.0409996723287105,-0.0200001975368857,0.04215));
#12608=CARTESIAN_POINT('',(-0.0312496723287105,-0.0200001975368857,0.0523));
#12609=CARTESIAN_POINT('',(-0.0312496723287105,-0.0200001975368857,0.0335));
#12610=CARTESIAN_POINT('',(-0.0409996723287105,-0.0200001975368857,0.0335));
#12611=CARTESIAN_POINT('',(-0.0522496723287105,-0.0200001975368857,0.0429));
#12612=CARTESIAN_POINT('',(-0.0522496723287105,-0.0200001975368857,0.0508));
#12613=CARTESIAN_POINT('',(-0.0522496723287105,-0.0185001975368858,0.0508));
#12614=CARTESIAN_POINT('',(-0.0522496723287105,-0.0185001975368858,0.0429));
#12615=CARTESIAN_POINT('',(-0.0522496723287105,-0.0185001975368858,0.0335));
#12616=CARTESIAN_POINT('',(-0.0522496723287105,-0.0200001975368857,0.0335));
#12617=CARTESIAN_POINT('',(-0.0409996723287105,-0.0200001975368857,0.0335));
#12618=CARTESIAN_POINT('',(-0.0537496723287105,-0.0170001975368857,0.0335));
#12619=CARTESIAN_POINT('',(-0.0507496723287105,-0.0200001975368857,0.0335));
#12620=CARTESIAN_POINT('',(-0.0409996723287105,-0.0200001975368857,0.0335));
#12621=CARTESIAN_POINT('',(-0.0282496723287105,-0.0170001975368857,0.0335));
#12622=CARTESIAN_POINT('',(-0.0297496723287105,-0.0185001975368858,0.0335));
#12623=CARTESIAN_POINT('',(-0.0297496723287105,-0.0200001975368857,0.0335));
#12624=CARTESIAN_POINT('',(-0.0297496723287105,-0.0200001975368857,0.0429));
#12625=CARTESIAN_POINT('',(-0.0297496723287105,-0.0185001975368858,0.04215));
#12626=CARTESIAN_POINT('',(-0.0297496723287105,-0.0185001975368858,0.0508));
#12627=CARTESIAN_POINT('',(-0.0297496723287105,0.0161998024631142,0.0508));
#12628=CARTESIAN_POINT('',(-0.0409996723287105,0.0161998024631142,0.04215));
#12629=CARTESIAN_POINT('',(-0.0507496723287105,0.0161998024631142,0.0558));
#12630=CARTESIAN_POINT('',(-0.0507496723287105,0.0161998024631142,0.0528));
#12631=CARTESIAN_POINT('',(-0.0507496723287105,0.0161998024631142,0.0523));
#12632=CARTESIAN_POINT('',(-0.0409996723287105,0.0161998024631142,0.0528));
#12633=CARTESIAN_POINT('',(-0.0312496723287106,0.0161998024631142,0.0528));
#12634=CARTESIAN_POINT('',(-0.0312496723287106,0.0161998024631142,0.0558));
#12635=CARTESIAN_POINT('',(-0.0312496723287106,0.0161998024631142,0.0523));
#12636=CARTESIAN_POINT('',(-0.0312496723287106,0.0161998024631142,0.032));
#12637=CARTESIAN_POINT('',(-0.0507496723287105,0.0161998024631142,0.0523));
#12638=CARTESIAN_POINT('',(-0.0537496723287105,0.0161998024631142,0.04215));
#12639=CARTESIAN_POINT('',(-0.0537496723287105,-0.0170001975368857,0.0523));
#12640=CARTESIAN_POINT('',(-0.0537496723287105,-0.0170001975368857,0.0493));
#12641=CARTESIAN_POINT('',(-0.0537496723287105,0.0161998024631142,0.0493));
#12642=CARTESIAN_POINT('',(-0.0537496723287105,0.0131998024631142,0.0493));
#12643=CARTESIAN_POINT('',(-0.0537496723287105,0.0131998024631142,0.032));
#12644=CARTESIAN_POINT('',(-0.0282496723287106,0.0161998024631142,0.04215));
#12645=CARTESIAN_POINT('',(-0.0282496723287106,0.0131998024631142,0.0523));
#12646=CARTESIAN_POINT('',(-0.0282496723287106,0.0131998024631142,0.0493));
#12647=CARTESIAN_POINT('',(-0.0282496723287105,-0.0200001975368858,0.0493));
#12648=CARTESIAN_POINT('',(-0.0282496723287105,-0.0170001975368857,0.0493));
#12649=CARTESIAN_POINT('',(-0.0282496723287106,-0.0170001975368857,0.032));
#12650=CARTESIAN_POINT('',(-0.0409996723287105,-0.0200001975368857,0.04215));
#12651=CARTESIAN_POINT('',(-0.0507496723287105,-0.0200001975368857,0.032));
#12652=CARTESIAN_POINT('',(-0.0409996723287105,0.0161998024631142,0.032));
#12653=CARTESIAN_POINT('',(0.01,1.59288398090079E-16,0.0095));
#12654=CARTESIAN_POINT('',(0.01,1.59288398090079E-16,0.0095));
#12655=CARTESIAN_POINT('',(0.005,1.59288398090079E-16,0.0095));
#12656=CARTESIAN_POINT('',(-0.015,0.04,0.0095));
#12657=CARTESIAN_POINT('',(0.01,1.59594559789866E-16,0.0095));
#12658=CARTESIAN_POINT('',(0.006,1.59594559789866E-16,0.0095));
#12659=CARTESIAN_POINT('',(-0.04,1.52349504186172E-16,0.0095));
#12660=CARTESIAN_POINT('',(-0.04,1.52349504186172E-16,0.0095));
#12661=CARTESIAN_POINT('',(-0.045,1.52349504186172E-16,0.0095));
#12662=CARTESIAN_POINT('',(-0.015,0.04,0.0095));
#12663=CARTESIAN_POINT('',(-0.04,1.52655665885959E-16,0.0095));
#12664=CARTESIAN_POINT('',(-0.044,1.52655665885959E-16,0.0095));
#12665=CARTESIAN_POINT('',(0.01,0.04,0.0095));
#12666=CARTESIAN_POINT('',(0.01,0.04,0.0095));
#12667=CARTESIAN_POINT('',(0.005,0.04,0.0095));
#12668=CARTESIAN_POINT('',(-0.015,0.04,0.0095));
#12669=CARTESIAN_POINT('',(-0.04,0.04,0.0095));
#12670=CARTESIAN_POINT('',(-0.04,0.04,0.0095));
#12671=CARTESIAN_POINT('',(-0.045,0.04,0.0095));
#12672=CARTESIAN_POINT('',(-0.015,0.04,0.0095));
#12673=CARTESIAN_POINT('',(0.0100003276712895,0.0161998024631142,0.032));
#12674=CARTESIAN_POINT('',(0.01,1.59594559789866E-16,0.032));
#12675=CARTESIAN_POINT('',(0.006,1.59594559789866E-16,0.032));
#12676=CARTESIAN_POINT('',(0.01,1.59594559789866E-16,0.041));
#12677=CARTESIAN_POINT('',(-0.0409996723287105,0.0161998024631142,0.032));
#12678=CARTESIAN_POINT('',(-0.04,1.52655665885959E-16,0.032));
#12679=CARTESIAN_POINT('',(-0.044,1.52655665885959E-16,0.032));
#12680=CARTESIAN_POINT('',(-0.04,1.52655665885959E-16,0.041));
#12681=CARTESIAN_POINT('',(0.01,0.05,0.057));
#12682=CARTESIAN_POINT('',(0.01,0.05,0.056));
#12683=CARTESIAN_POINT('',(0.016,0.05,0.056));
#12684=CARTESIAN_POINT('',(-0.015,0.0375,0.057));
#12685=CARTESIAN_POINT('',(0.01,0.05,0.057));
#12686=CARTESIAN_POINT('',(0.015,0.05,0.057));
#12687=CARTESIAN_POINT('',(0.01,0.05,0.057));
#12688=CARTESIAN_POINT('',(0.014,0.05,0.057));
#12689=CARTESIAN_POINT('',(-0.04,0.05,0.057));
#12690=CARTESIAN_POINT('',(-0.04,0.05,0.056));
#12691=CARTESIAN_POINT('',(-0.034,0.05,0.056));
#12692=CARTESIAN_POINT('',(-0.015,0.0375,0.057));
#12693=CARTESIAN_POINT('',(-0.04,0.05,0.057));
#12694=CARTESIAN_POINT('',(-0.035,0.05,0.057));
#12695=CARTESIAN_POINT('',(-0.04,0.05,0.057));
#12696=CARTESIAN_POINT('',(-0.036,0.05,0.057));
#12697=CARTESIAN_POINT('',(-0.015,0.0375,0.087));
#12698=CARTESIAN_POINT('',(0.01,0.05,0.087));
#12699=CARTESIAN_POINT('',(0.013,0.05,0.087));
#12700=CARTESIAN_POINT('',(0.01,0.05,0.087));
#12701=CARTESIAN_POINT('',(0.01,0.05,0.086));
#12702=CARTESIAN_POINT('',(0.014,0.05,0.086));
#12703=CARTESIAN_POINT('',(-0.015,0.0375,0.087));
#12704=CARTESIAN_POINT('',(-0.04,0.05,0.087));
#12705=CARTESIAN_POINT('',(-0.037,0.05,0.087));
#12706=CARTESIAN_POINT('',(-0.04,0.05,0.087));
#12707=CARTESIAN_POINT('',(-0.04,0.05,0.086));
#12708=CARTESIAN_POINT('',(-0.036,0.05,0.086));
#12709=CARTESIAN_POINT('',(-0.0507496723287105,0.0161998024631142,0.04215));
#12710=CARTESIAN_POINT('',(-0.0541330056620439,0.0128164691297809,0.0489166666666667));
#12711=CARTESIAN_POINT('',(-0.0507496723287105,0.0161998024631142,0.0523));
#12712=CARTESIAN_POINT('',(-0.0628163389953772,-0.00793353087021911,0.0402333333333334));
#12713=CARTESIAN_POINT('',(-0.0507496723287105,-0.0200001975368858,0.0523));
#12714=CARTESIAN_POINT('',(-0.0537496723287105,-0.0170001975368857,0.04215));
#12715=CARTESIAN_POINT('',(-0.0282496723287105,-0.0170001975368857,0.04215));
#12716=CARTESIAN_POINT('',(-0.0258663389953772,-0.0146168642035524,0.0469166666666667));
#12717=CARTESIAN_POINT('',(-0.0282496723287106,0.0161998024631142,0.0493));
#12718=CARTESIAN_POINT('',(-0.0292496723287106,0.0141998024631142,0.0503));
#12719=CARTESIAN_POINT('',(-0.0312496723287106,0.0161998024631142,0.0523));
#12720=CARTESIAN_POINT('',(-0.0312496723287106,0.0161998024631142,0.04215));
#12721=CARTESIAN_POINT('',(0.0227503276712894,0.0131998024631142,0.04215));
#12722=CARTESIAN_POINT('',(0.0251336610046228,0.0108164691297809,0.0469166666666667));
#12723=CARTESIAN_POINT('',(0.0227503276712894,0.0161998024631142,0.0493));
#12724=CARTESIAN_POINT('',(0.0338169943379562,-0.00593353087021905,0.0382333333333333));
#12725=CARTESIAN_POINT('',(0.0197503276712895,0.0161998024631142,0.0523));
#12726=CARTESIAN_POINT('',(0.0197503276712895,-0.0200001975368857,0.04215));
#12727=CARTESIAN_POINT('',(0.000250327671289477,-0.0200001975368857,0.04215));
#12728=CARTESIAN_POINT('',(-0.00313300566204386,-0.0166168642035524,0.0489166666666667));
#12729=CARTESIAN_POINT('',(0.000250327671289461,0.0161998024631142,0.0523));
#12730=CARTESIAN_POINT('',(0.000250327671289475,-0.0200001975368857,0.0523));
#12731=CARTESIAN_POINT('',(0.000250327671289465,0.0161998024631142,0.0523));
#12732=CARTESIAN_POINT('',(-0.00274967232871053,0.0131998024631142,0.04215));
#12733=CARTESIAN_POINT('',(-0.04,0.05,0.086));
#12734=CARTESIAN_POINT('',(0.01,0.05,0.086));
#12735=CARTESIAN_POINT('',(0.01,0.05,0.056));
#12736=CARTESIAN_POINT('',(-0.04,0.05,0.056));
#12737=CARTESIAN_POINT('',(-0.0507496723287105,-0.0200001975368858,0.0558));
#12738=CARTESIAN_POINT('',(-0.0507496723287105,0.0071998024631142,0.0558));
#12739=CARTESIAN_POINT('',(-0.0507496723287105,0.00719980246311421,0.0528));
#12740=CARTESIAN_POINT('',(-0.0507496723287105,0.00719980246311421,0.0523));
#12741=CARTESIAN_POINT('',(-0.0507496723287105,0.0161998024631142,0.0528));
#12742=CARTESIAN_POINT('',(-0.0507496723287105,0.00719980246311421,0.0523));
#12743=CARTESIAN_POINT('',(-0.0312496723287106,0.0161998024631142,0.0558));
#12744=CARTESIAN_POINT('',(-0.0312496723287106,0.00719980246311421,0.0528));
#12745=CARTESIAN_POINT('',(-0.0312496723287106,0.00719980246311421,0.0528));
#12746=CARTESIAN_POINT('',(-0.0312496723287106,0.00719980246311421,0.0558));
#12747=CARTESIAN_POINT('',(-0.0312496723287106,0.00719980246311421,0.0523));
#12748=CARTESIAN_POINT('',(-0.0312496723287106,0.00719980246311421,0.0523));
#12749=CARTESIAN_POINT('',(-0.0409996723287105,0.0161998024631142,0.0558));
#12750=CARTESIAN_POINT('',(-0.0409996723287105,0.0131998024631142,0.0558));
#12751=CARTESIAN_POINT('',(-0.0342496723287105,0.0131998024631142,0.0558));
#12752=CARTESIAN_POINT('',(-0.0477496723287105,0.0131998024631142,0.0558));
#12753=CARTESIAN_POINT('',(-0.0477496723287105,0.00719980246311421,0.0558));
#12754=CARTESIAN_POINT('',(-0.0477496723287105,0.0071998024631142,0.0558));
#12755=CARTESIAN_POINT('',(-0.0409996723287105,0.00719980246311421,0.0558));
#12756=CARTESIAN_POINT('',(-0.0342496723287105,0.00719980246311421,0.0558));
#12757=CARTESIAN_POINT('',(-0.0342496723287105,0.0161998024631142,0.0558));
#12758=CARTESIAN_POINT('',(0.0197503276712895,0.0161998024631142,0.0558));
#12759=CARTESIAN_POINT('',(0.0197503276712895,0.00719980246311424,0.0528));
#12760=CARTESIAN_POINT('',(0.0197503276712895,0.00719980246311424,0.0528));
#12761=CARTESIAN_POINT('',(0.0197503276712895,0.00719980246311424,0.05405));
#12762=CARTESIAN_POINT('',(0.0197503276712895,0.00719980246311424,0.0523));
#12763=CARTESIAN_POINT('',(0.0197503276712895,0.00719980246311424,0.0523));
#12764=CARTESIAN_POINT('',(0.000250327671289475,-0.0200001975368858,0.0558));
#12765=CARTESIAN_POINT('',(0.000250327671289465,0.00719980246311423,0.05405));
#12766=CARTESIAN_POINT('',(0.000250327671289465,0.00719980246311423,0.0523));
#12767=CARTESIAN_POINT('',(0.000250327671289465,0.00719980246311423,0.0528));
#12768=CARTESIAN_POINT('',(0.000250327671289461,0.0161998024631142,0.0528));
#12769=CARTESIAN_POINT('',(0.000250327671289465,0.00719980246311423,0.0523));
#12770=CARTESIAN_POINT('',(0.0100003276712895,0.0161998024631142,0.0558));
#12771=CARTESIAN_POINT('',(0.0100003276712895,0.00719980246311423,0.0558));
#12772=CARTESIAN_POINT('',(0.00325032767128946,0.00719980246311423,0.0558));
#12773=CARTESIAN_POINT('',(0.0167503276712894,0.00719980246311424,0.0558));
#12774=CARTESIAN_POINT('',(0.0167503276712894,0.0161998024631142,0.0558));
#12775=CARTESIAN_POINT('',(0.0167503276712894,0.0131998024631142,0.0558));
#12776=CARTESIAN_POINT('',(0.0100003276712895,0.0131998024631142,0.0558));
#12777=CARTESIAN_POINT('',(0.00325032767128946,0.0131998024631142,0.0558));
#12778=CARTESIAN_POINT('',(0.00325032767128946,0.00719980246311423,0.0558));
#12779=CARTESIAN_POINT('',(-0.0409996723287105,0.00719980246311422,0.0523));
#12780=CARTESIAN_POINT('',(-0.0409996723287105,0.00719980246311422,0.0523));
#12781=CARTESIAN_POINT('',(-0.0162496723287105,0.00719980246311423,0.04465));
#12782=CARTESIAN_POINT('',(-0.0375746723287105,0.00719980246311421,0.065975));
#12783=CARTESIAN_POINT('',(-0.0196746723287105,0.00719980246311423,0.041225));
#12784=CARTESIAN_POINT('',(0.0100003276712895,0.00719980246311423,0.0523));
#12785=CARTESIAN_POINT('',(0.0100003276712895,0.00719980246311423,0.0523));
#12786=CARTESIAN_POINT('',(-0.0162496723287105,0.00719980246311423,0.04465));
#12787=CARTESIAN_POINT('',(0.00582532767128949,0.00719980246311422,0.066725));
#12788=CARTESIAN_POINT('',(-0.0120746723287105,0.00719980246311423,0.040475));
#12789=CARTESIAN_POINT('',(-0.0342496723287105,0.0161998024631142,0.0558));
#12790=CARTESIAN_POINT('',(-0.0332496723287105,0.0141998024631142,0.0548));
#12791=CARTESIAN_POINT('',(-0.0409996723287105,0.0131998024631142,0.0558));
#12792=CARTESIAN_POINT('',(-0.0454996723287105,0.0109498024631142,0.05805));
#12793=CARTESIAN_POINT('',(-0.0477496723287105,0.0161998024631142,0.0558));
#12794=CARTESIAN_POINT('',(0.00325032767128946,0.0161998024631142,0.0558));
#12795=CARTESIAN_POINT('',(0.00225032767128946,0.0141998024631142,0.0548));
#12796=CARTESIAN_POINT('',(0.0100003276712895,0.0161998024631142,0.0528));
#12797=CARTESIAN_POINT('',(0.0165003276712894,0.0129498024631142,0.05605));
#12798=CARTESIAN_POINT('',(0.0167503276712894,0.0161998024631142,0.0558));
#12799=CARTESIAN_POINT('',(0.,0.,0.));
#12800=CARTESIAN_POINT('',(-0.00124967232871052,-0.0209001975368858,0.0523));
#12801=CARTESIAN_POINT('',(-0.00124967232871054,-0.0209001975368858,0.0335));
#12802=CARTESIAN_POINT('',(-0.00124967232871055,0.0111998024631142,0.0335));
#12803=CARTESIAN_POINT('',(-0.00124967232871053,-0.0530001975368858,0.0335));
#12804=CARTESIAN_POINT('',(-0.00124967232871051,-0.0530001975368858,0.0523));
#12805=CARTESIAN_POINT('',(-0.00124967232871051,-0.0530001975368858,0.0523));
#12806=CARTESIAN_POINT('',(-0.00124967232871052,-0.0209001975368858,0.0523));
#12807=CARTESIAN_POINT('',(-0.00124967232871054,0.0111998024631142,0.0523));
#12808=CARTESIAN_POINT('',(-0.00124967232871054,0.0111998024631142,0.0523));
#12809=CARTESIAN_POINT('',(0.0100003276712895,0.0111998024631142,0.0523));
#12810=CARTESIAN_POINT('',(0.0100003276712894,0.0111998024631142,0.0335));
#12811=CARTESIAN_POINT('',(0.0212503276712895,0.0111998024631142,0.0335));
#12812=CARTESIAN_POINT('',(0.0100003276712895,0.0111998024631142,0.0523));
#12813=CARTESIAN_POINT('',(0.0212503276712895,0.0111998024631142,0.0523));
#12814=CARTESIAN_POINT('',(0.0212503276712895,0.0111998024631142,0.0523));
#12815=CARTESIAN_POINT('',(0.0212503276712895,-0.0209001975368858,0.0523));
#12816=CARTESIAN_POINT('',(0.0212503276712895,-0.0209001975368858,0.0335));
#12817=CARTESIAN_POINT('',(0.0212503276712895,-0.0530001975368858,0.0335));
#12818=CARTESIAN_POINT('',(0.0212503276712895,-0.0209001975368858,0.0523));
#12819=CARTESIAN_POINT('',(0.0212503276712895,-0.0530001975368858,0.0523));
#12820=CARTESIAN_POINT('',(0.0212503276712895,-0.0530001975368858,0.0523));
#12821=CARTESIAN_POINT('',(0.0100003276712895,-0.0530001975368858,0.0523));
#12822=CARTESIAN_POINT('',(0.0100003276712895,-0.0530001975368858,0.0335));
#12823=CARTESIAN_POINT('',(0.0100003276712895,-0.0530001975368858,0.0523));
#12824=CARTESIAN_POINT('',(0.0100003276712895,-0.0209001975368858,0.0523));
#12825=CARTESIAN_POINT('',(0.0100003276712894,-1.97536885779281E-7,0.0523));
#12826=CARTESIAN_POINT('',(0.0109503276712894,-1.97536885778989E-7,0.0523));
#12827=CARTESIAN_POINT('',(0.0100003276712895,-0.0209001975368858,0.0335));
#12828=CARTESIAN_POINT('',(0.0100003276712895,-1.97536885793159E-7,0.0643));
#12829=CARTESIAN_POINT('',(0.0100003276712895,-1.97536885793159E-7,0.0643));
#12830=CARTESIAN_POINT('',(0.0109503276712895,-1.97536885792866E-7,0.0643));
#12831=CARTESIAN_POINT('',(0.0100003276712895,-0.0209001975368858,0.0643));
#12832=CARTESIAN_POINT('',(0.,0.,0.));
#12833=CARTESIAN_POINT('',(0.0099999999999998,-2.37501353931281E-17,-0.001));
#12834=CARTESIAN_POINT('',(0.01,9.59210247924455E-18,-1.99493199737333E-16));
#12835=CARTESIAN_POINT('',(-0.0009999999999998,5.77571083209564E-18,-1.99493199737333E-16));
#12836=CARTESIAN_POINT('',(0.01,9.59210247924455E-18,0.0130000000000002));
#12837=CARTESIAN_POINT('',(0.0209999999999998,1.34084941263935E-17,0.0130000000000002));
#12838=CARTESIAN_POINT('',(0.01,9.59210247924455E-18,-0.001));
#12839=CARTESIAN_POINT('',(0.01,9.59210247924455E-18,0.004));
#12840=CARTESIAN_POINT('',(-0.005,4.38793205131413E-18,0.004));
#12841=CARTESIAN_POINT('',(0.01,9.59210247924455E-18,0.009));
#12842=CARTESIAN_POINT('',(-0.005,4.38793205131413E-18,0.009));
#12843=CARTESIAN_POINT('',(0.01,9.59210247924455E-18,0.004));
#12844=CARTESIAN_POINT('',(0.01,9.59210247924455E-18,0.014));
#12845=CARTESIAN_POINT('',(0.,0.,0.));
#12846=CARTESIAN_POINT('',(-0.0297496723287105,0.100900197536886,-0.017));
#12847=CARTESIAN_POINT('',(-0.0297496723287105,0.100900197536886,-0.0358));
#12848=CARTESIAN_POINT('',(-0.0297496723287105,0.0688001975368858,-0.0358));
#12849=CARTESIAN_POINT('',(-0.0297496723287105,0.133000197536886,-0.0358));
#12850=CARTESIAN_POINT('',(-0.0297496723287105,0.133000197536886,-0.017));
#12851=CARTESIAN_POINT('',(-0.0297496723287105,0.133000197536886,-0.017));
#12852=CARTESIAN_POINT('',(-0.0297496723287105,0.100900197536886,-0.017));
#12853=CARTESIAN_POINT('',(-0.0297496723287105,0.0688001975368858,-0.017));
#12854=CARTESIAN_POINT('',(-0.0297496723287105,0.0688001975368858,-0.017));
#12855=CARTESIAN_POINT('',(-0.0409996723287105,0.0688001975368858,-0.017));
#12856=CARTESIAN_POINT('',(-0.0409996723287105,0.0688001975368858,-0.0358));
#12857=CARTESIAN_POINT('',(-0.0522496723287105,0.0688001975368858,-0.0358));
#12858=CARTESIAN_POINT('',(-0.0409996723287105,0.0688001975368858,-0.017));
#12859=CARTESIAN_POINT('',(-0.0522496723287105,0.0688001975368858,-0.017));
#12860=CARTESIAN_POINT('',(-0.0522496723287105,0.0688001975368858,-0.017));
#12861=CARTESIAN_POINT('',(-0.0522496723287105,0.100900197536886,-0.017));
#12862=CARTESIAN_POINT('',(-0.0522496723287105,0.100900197536886,-0.0358));
#12863=CARTESIAN_POINT('',(-0.0522496723287105,0.133000197536886,-0.0358));
#12864=CARTESIAN_POINT('',(-0.0522496723287105,0.100900197536886,-0.017));
#12865=CARTESIAN_POINT('',(-0.0522496723287105,0.133000197536886,-0.017));
#12866=CARTESIAN_POINT('',(-0.0522496723287105,0.133000197536886,-0.017));
#12867=CARTESIAN_POINT('',(-0.0409996723287105,0.133000197536886,-0.017));
#12868=CARTESIAN_POINT('',(-0.0409996723287105,0.133000197536886,-0.0358));
#12869=CARTESIAN_POINT('',(-0.0409996723287105,0.133000197536886,-0.017));
#12870=CARTESIAN_POINT('',(-0.0409996723287105,0.100900197536886,-0.017));
#12871=CARTESIAN_POINT('',(-0.0409996723287105,0.0800001975368858,-0.017));
#12872=CARTESIAN_POINT('',(-0.0419496723287105,0.0800001975368858,-0.017));
#12873=CARTESIAN_POINT('',(-0.0409996723287105,0.100900197536886,-0.0358));
#12874=CARTESIAN_POINT('',(-0.0409996723287105,0.0800001975368858,-0.005));
#12875=CARTESIAN_POINT('',(-0.0409996723287105,0.0800001975368858,-0.005));
#12876=CARTESIAN_POINT('',(-0.0419496723287105,0.0800001975368858,-0.005));
#12877=CARTESIAN_POINT('',(-0.0409996723287105,0.100900197536886,-0.005));
#12878=CARTESIAN_POINT('',(0.,0.,0.));
#12879=CARTESIAN_POINT('',(-0.0297496723287105,-0.0209001975368858,0.0523));
#12880=CARTESIAN_POINT('',(-0.0297496723287105,-0.0209001975368858,0.0335));
#12881=CARTESIAN_POINT('',(-0.0297496723287105,0.0111998024631142,0.0335));
#12882=CARTESIAN_POINT('',(-0.0297496723287105,-0.0530001975368858,0.0335));
#12883=CARTESIAN_POINT('',(-0.0297496723287105,0.0111998024631142,0.0523));
#12884=CARTESIAN_POINT('',(-0.0297496723287105,0.0111998024631142,0.0523));
#12885=CARTESIAN_POINT('',(-0.0297496723287105,-0.0209001975368858,0.0523));
#12886=CARTESIAN_POINT('',(-0.0297496723287105,-0.0530001975368858,0.0523));
#12887=CARTESIAN_POINT('',(-0.0297496723287105,-0.0530001975368858,0.0523));
#12888=CARTESIAN_POINT('',(-0.0409996723287105,0.0111998024631142,0.0523));
#12889=CARTESIAN_POINT('',(-0.0409996723287105,0.0111998024631142,0.0335));
#12890=CARTESIAN_POINT('',(-0.0522496723287105,0.0111998024631142,0.0335));
#12891=CARTESIAN_POINT('',(-0.0522496723287105,0.0111998024631142,0.0523));
#12892=CARTESIAN_POINT('',(-0.0522496723287105,0.0111998024631142,0.0523));
#12893=CARTESIAN_POINT('',(-0.0409996723287105,0.0111998024631142,0.0523));
#12894=CARTESIAN_POINT('',(-0.0522496723287105,-0.0209001975368858,0.0523));
#12895=CARTESIAN_POINT('',(-0.0522496723287105,-0.0209001975368858,0.0335));
#12896=CARTESIAN_POINT('',(-0.0522496723287105,-0.0530001975368858,0.0335));
#12897=CARTESIAN_POINT('',(-0.0522496723287105,-0.0530001975368859,0.0523));
#12898=CARTESIAN_POINT('',(-0.0522496723287105,-0.0530001975368859,0.0523));
#12899=CARTESIAN_POINT('',(-0.0522496723287105,-0.0209001975368858,0.0523));
#12900=CARTESIAN_POINT('',(-0.0409996723287105,-0.0530001975368858,0.0523));
#12901=CARTESIAN_POINT('',(-0.0409996723287105,-0.0530001975368858,0.0335));
#12902=CARTESIAN_POINT('',(-0.0409996723287105,-0.0530001975368858,0.0523));
#12903=CARTESIAN_POINT('',(-0.0409996723287105,-0.0209001975368858,0.0523));
#12904=CARTESIAN_POINT('',(-0.0409996723287105,-1.97536885793159E-7,0.0523));
#12905=CARTESIAN_POINT('',(-0.0419496723287105,-1.97536885793568E-7,0.0523));
#12906=CARTESIAN_POINT('',(-0.0409996723287105,-0.0209001975368858,0.0335));
#12907=CARTESIAN_POINT('',(-0.0409996723287105,-1.97536885807037E-7,0.0643));
#12908=CARTESIAN_POINT('',(-0.0409996723287105,-1.97536885807037E-7,0.0643));
#12909=CARTESIAN_POINT('',(-0.0419496723287105,-1.97536885807446E-7,0.0643));
#12910=CARTESIAN_POINT('',(-0.0409996723287105,-0.0209001975368858,0.0643));
#12911=CARTESIAN_POINT('',(0.,0.,0.));
#12912=CARTESIAN_POINT('',(0.05,-0.1714,-0.01495));
#12913=CARTESIAN_POINT('',(0.0514334717981812,-0.167665678294011,-0.03945));
#12914=CARTESIAN_POINT('',(0.0514334717981812,-0.167665678294011,-0.0397149607144022));
#12915=CARTESIAN_POINT('',(0.0516568336027028,-0.167749645094832,-0.03995));
#12916=CARTESIAN_POINT('',(0.0518903143964076,-0.167874845892343,-0.03995));
#12917=CARTESIAN_POINT('',(0.0514334717981812,-0.167665678294011,-0.03945));
#12918=CARTESIAN_POINT('',(0.0518903143964076,-0.167874845892343,-0.03995));
#12919=CARTESIAN_POINT('',(0.05,-0.1714,-0.03995));
#12920=CARTESIAN_POINT('',(0.0481116931419221,-0.167873770113885,-0.03995));
#12921=CARTESIAN_POINT('',(0.0481116931419221,-0.167873770113884,-0.03995));
#12922=CARTESIAN_POINT('',(0.0483446527518154,-0.167749019532321,-0.03995));
#12923=CARTESIAN_POINT('',(0.0485665282018188,-0.167665678294011,-0.0397142601455253));
#12924=CARTESIAN_POINT('',(0.0485665282018188,-0.167665678294011,-0.03945));
#12925=CARTESIAN_POINT('',(0.0485665282018188,-0.167665678294011,-0.03945));
#12926=CARTESIAN_POINT('',(0.0485665282018188,-0.167665678294011,-0.02695));
#12927=CARTESIAN_POINT('',(0.0485665282018188,-0.167665678294011,-0.02745));
#12928=CARTESIAN_POINT('',(0.0485665282018188,-0.167665678294011,-0.02745));
#12929=CARTESIAN_POINT('',(0.0485665282018188,-0.167665678294011,-0.0271857293871787));
#12930=CARTESIAN_POINT('',(0.048344668189088,-0.167749011265615,-0.0269500000000001));
#12931=CARTESIAN_POINT('',(0.0481116931419221,-0.167873770113884,-0.02695));
#12932=CARTESIAN_POINT('',(0.0481116931419221,-0.167873770113885,-0.02695));
#12933=CARTESIAN_POINT('',(0.05,-0.1714,-0.02695));
#12934=CARTESIAN_POINT('',(0.0472315184881694,-0.168512871648393,-0.02695));
#12935=CARTESIAN_POINT('',(0.0472315184881694,-0.168512871648393,-0.02695));
#12936=CARTESIAN_POINT('',(0.047040302138312,-0.168696229942473,-0.0269499999999999));
#12937=CARTESIAN_POINT('',(0.0468914161541721,-0.1688827184358,-0.0271850297767353));
#12938=CARTESIAN_POINT('',(0.0468914161541721,-0.1688827184358,-0.02745));
#12939=CARTESIAN_POINT('',(0.0468914161541721,-0.1688827184358,-0.02745));
#12940=CARTESIAN_POINT('',(0.0468914161541721,-0.1688827184358,-0.02695));
#12941=CARTESIAN_POINT('',(0.0468914161541721,-0.1688827184358,-0.03945));
#12942=CARTESIAN_POINT('',(0.0468914161541721,-0.1688827184358,-0.03945));
#12943=CARTESIAN_POINT('',(0.0468914161541721,-0.1688827184358,-0.0397149607144021));
#12944=CARTESIAN_POINT('',(0.047040295920737,-0.168696235904536,-0.0399500000000001));
#12945=CARTESIAN_POINT('',(0.0472315184881694,-0.168512871648393,-0.03995));
#12946=CARTESIAN_POINT('',(0.0472315184881694,-0.168512871648393,-0.03995));
#12947=CARTESIAN_POINT('',(0.05,-0.1714,-0.03995));
#12948=CARTESIAN_POINT('',(0.0460628371791141,-0.172106221581257,-0.03995));
#12949=CARTESIAN_POINT('',(0.0460628371791141,-0.172106221581257,-0.03995));
#12950=CARTESIAN_POINT('',(0.0460161808040673,-0.171846113776473,-0.0399499999999999));
#12951=CARTESIAN_POINT('',(0.0460054818609817,-0.171609343824972,-0.0397142601455252));
#12952=CARTESIAN_POINT('',(0.0460054818609817,-0.171609343824972,-0.03945));
#12953=CARTESIAN_POINT('',(0.0460054818609817,-0.171609343824972,-0.03945));
#12954=CARTESIAN_POINT('',(0.0460054818609817,-0.171609343824972,-0.02695));
#12955=CARTESIAN_POINT('',(0.0460054818609817,-0.171609343824972,-0.02745));
#12956=CARTESIAN_POINT('',(0.0460054818609817,-0.171609343824972,-0.02745));
#12957=CARTESIAN_POINT('',(0.0460054818609817,-0.171609343824972,-0.027185729387179));
#12958=CARTESIAN_POINT('',(0.0460161777123417,-0.171846096540202,-0.02695));
#12959=CARTESIAN_POINT('',(0.0460628371791141,-0.172106221581257,-0.02695));
#12960=CARTESIAN_POINT('',(0.0460628371791141,-0.172106221581257,-0.02695));
#12961=CARTESIAN_POINT('',(0.05,-0.1714,-0.02695));
#12962=CARTESIAN_POINT('',(0.0463986699320553,-0.173140810656481,-0.02695));
#12963=CARTESIAN_POINT('',(0.0463986699320553,-0.173140810656481,-0.02695));
#12964=CARTESIAN_POINT('',(0.0465139649307483,-0.173379329040965,-0.0269500000000001));
#12965=CARTESIAN_POINT('',(0.0466453177282183,-0.17357855614006,-0.0271850297767353));
#12966=CARTESIAN_POINT('',(0.0466453177282183,-0.17357855614006,-0.02745));
#12967=CARTESIAN_POINT('',(0.0466453177282183,-0.17357855614006,-0.02745));
#12968=CARTESIAN_POINT('',(0.0466453177282183,-0.17357855614006,-0.02695));
#12969=CARTESIAN_POINT('',(0.0466453177282183,-0.17357855614006,-0.03945));
#12970=CARTESIAN_POINT('',(0.0466453177282183,-0.17357855614006,-0.03945));
#12971=CARTESIAN_POINT('',(0.0466453177282183,-0.17357855614006,-0.0397149607144021));
#12972=CARTESIAN_POINT('',(0.0465139686796709,-0.173379336796609,-0.0399499999999999));
#12973=CARTESIAN_POINT('',(0.0463986699320553,-0.173140810656481,-0.03995));
#12974=CARTESIAN_POINT('',(0.0463986699320554,-0.173140810656481,-0.03995));
#12975=CARTESIAN_POINT('',(0.05,-0.1714,-0.03995));
#12976=CARTESIAN_POINT('',(0.049455006415528,-0.175362698826921,-0.03995));
#12977=CARTESIAN_POINT('',(0.049455006415528,-0.175362698826921,-0.03995));
#12978=CARTESIAN_POINT('',(0.0491932115800638,-0.175326693944389,-0.0399500000000001));
#12979=CARTESIAN_POINT('',(0.0489647238195899,-0.175263703305156,-0.0397142601455254));
#12980=CARTESIAN_POINT('',(0.0489647238195899,-0.175263703305156,-0.03945));
#12981=CARTESIAN_POINT('',(0.0489647238195899,-0.175263703305156,-0.03945));
#12982=CARTESIAN_POINT('',(0.0489647238195899,-0.175263703305156,-0.02695));
#12983=CARTESIAN_POINT('',(0.0489647238195899,-0.175263703305156,-0.02745));
#12984=CARTESIAN_POINT('',(0.0489647238195899,-0.175263703305157,-0.02745));
#12985=CARTESIAN_POINT('',(0.0489647238195899,-0.175263703305157,-0.0271857293871788));
#12986=CARTESIAN_POINT('',(0.0491931942319998,-0.175326691558494,-0.02695));
#12987=CARTESIAN_POINT('',(0.049455006415528,-0.175362698826922,-0.02695));
#12988=CARTESIAN_POINT('',(0.049455006415528,-0.175362698826921,-0.02695));
#12989=CARTESIAN_POINT('',(0.05,-0.1714,-0.02695));
#12990=CARTESIAN_POINT('',(0.0505427371251339,-0.17536300850529,-0.02695));
#12991=CARTESIAN_POINT('',(0.0505427371251339,-0.17536300850529,-0.02695));
#12992=CARTESIAN_POINT('',(0.0508052097029164,-0.175327062679763,-0.02695));
#12993=CARTESIAN_POINT('',(0.0510352761804101,-0.175263703305157,-0.0271850297767354));
#12994=CARTESIAN_POINT('',(0.0510352761804101,-0.175263703305156,-0.02745));
#12995=CARTESIAN_POINT('',(0.0510352761804101,-0.175263703305156,-0.02745));
#12996=CARTESIAN_POINT('',(0.0510352761804101,-0.175263703305156,-0.02695));
#12997=CARTESIAN_POINT('',(0.0510352761804101,-0.175263703305156,-0.03945));
#12998=CARTESIAN_POINT('',(0.0510352761804101,-0.175263703305156,-0.03945));
#12999=CARTESIAN_POINT('',(0.0510352761804101,-0.175263703305156,-0.0397149607144021));
#13000=CARTESIAN_POINT('',(0.050805218237453,-0.175327061510952,-0.03995));
#13001=CARTESIAN_POINT('',(0.0505427371251339,-0.17536300850529,-0.03995));
#13002=CARTESIAN_POINT('',(0.0505427371251339,-0.17536300850529,-0.03995));
#13003=CARTESIAN_POINT('',(0.05,-0.1714,-0.03995));
#13004=CARTESIAN_POINT('',(0.0536003382620316,-0.173142860980959,-0.03995));
#13005=CARTESIAN_POINT('',(0.0536003382620316,-0.173142860980959,-0.03995));
#13006=CARTESIAN_POINT('',(0.0534851965306824,-0.173380716544577,-0.0399500000000001));
#13007=CARTESIAN_POINT('',(0.0533546822717817,-0.17357855614006,-0.0397142601455253));
#13008=CARTESIAN_POINT('',(0.0533546822717817,-0.17357855614006,-0.03945));
#13009=CARTESIAN_POINT('',(0.0533546822717817,-0.17357855614006,-0.03945));
#13010=CARTESIAN_POINT('',(0.0533546822717817,-0.17357855614006,-0.02695));
#13011=CARTESIAN_POINT('',(0.0533546822717817,-0.17357855614006,-0.02745));
#13012=CARTESIAN_POINT('',(0.0533546822717817,-0.17357855614006,-0.02745));
#13013=CARTESIAN_POINT('',(0.0533546822717817,-0.17357855614006,-0.0271857293871788));
#13014=CARTESIAN_POINT('',(0.0534851889007148,-0.173380732306284,-0.0269500000000001));
#13015=CARTESIAN_POINT('',(0.0536003382620316,-0.173142860980959,-0.02695));
#13016=CARTESIAN_POINT('',(0.0536003382620316,-0.173142860980959,-0.02695));
#13017=CARTESIAN_POINT('',(0.05,-0.1714,-0.02695));
#13018=CARTESIAN_POINT('',(0.0539367600582338,-0.172108463297493,-0.02695));
#13019=CARTESIAN_POINT('',(0.0539367600582338,-0.172108463297493,-0.02695));
#13020=CARTESIAN_POINT('',(0.0539836820337251,-0.17184772917108,-0.02695));
#13021=CARTESIAN_POINT('',(0.0539945181390183,-0.171609343824972,-0.0271850297767355));
#13022=CARTESIAN_POINT('',(0.0539945181390183,-0.171609343824972,-0.02745));
#13023=CARTESIAN_POINT('',(0.0539945181390183,-0.171609343824972,-0.02745));
#13024=CARTESIAN_POINT('',(0.0539945181390183,-0.171609343824972,-0.02695));
#13025=CARTESIAN_POINT('',(0.0539945181390183,-0.171609343824972,-0.03945));
#13026=CARTESIAN_POINT('',(0.0539945181390183,-0.171609343824972,-0.03945));
#13027=CARTESIAN_POINT('',(0.0539945181390183,-0.171609343824972,-0.0397149607144019));
#13028=CARTESIAN_POINT('',(0.0539836835594362,-0.17184772069307,-0.03995));
#13029=CARTESIAN_POINT('',(0.0539367600582338,-0.172108463297493,-0.03995));
#13030=CARTESIAN_POINT('',(0.0539367600582338,-0.172108463297493,-0.03995));
#13031=CARTESIAN_POINT('',(0.05,-0.1714,-0.03995));
#13032=CARTESIAN_POINT('',(0.0527701250014043,-0.168514448496977,-0.03995));
#13033=CARTESIAN_POINT('',(0.0527701250014043,-0.168514448496977,-0.03995));
#13034=CARTESIAN_POINT('',(0.0529607583333712,-0.168697456202239,-0.0399500000000001));
#13035=CARTESIAN_POINT('',(0.0531085838458279,-0.1688827184358,-0.0397142601455253));
#13036=CARTESIAN_POINT('',(0.0531085838458279,-0.1688827184358,-0.03945));
#13037=CARTESIAN_POINT('',(0.0531085838458279,-0.1688827184358,-0.03945));
#13038=CARTESIAN_POINT('',(0.0531085838458279,-0.1688827184358,-0.02695));
#13039=CARTESIAN_POINT('',(0.0531085838458279,-0.1688827184358,-0.02745));
#13040=CARTESIAN_POINT('',(0.0531085838458279,-0.1688827184358,-0.02745));
#13041=CARTESIAN_POINT('',(0.0531085838458279,-0.1688827184358,-0.0271857293871789));
#13042=CARTESIAN_POINT('',(0.0529607709658558,-0.168697468329405,-0.02695));
#13043=CARTESIAN_POINT('',(0.0527701250014043,-0.168514448496977,-0.02695));
#13044=CARTESIAN_POINT('',(0.0527701250014043,-0.168514448496977,-0.02695));
#13045=CARTESIAN_POINT('',(0.05,-0.1714,-0.02695));
#13046=CARTESIAN_POINT('',(0.0518903143964076,-0.167874845892343,-0.02695));
#13047=CARTESIAN_POINT('',(0.0518903143964076,-0.167874845892343,-0.02695));
#13048=CARTESIAN_POINT('',(0.0516568411942981,-0.167749649165719,-0.02695));
#13049=CARTESIAN_POINT('',(0.0514334717981812,-0.167665678294011,-0.0271850297767353));
#13050=CARTESIAN_POINT('',(0.0514334717981812,-0.167665678294011,-0.02745));
#13051=CARTESIAN_POINT('',(0.0514334717981812,-0.167665678294011,-0.02745));
#13052=CARTESIAN_POINT('',(0.0514334717981812,-0.167665678294011,-0.02695));
#13053=CARTESIAN_POINT('',(0.05,-0.1714,-0.00895));
#13054=CARTESIAN_POINT('',(0.054,-0.1714,-0.00895));
#13055=CARTESIAN_POINT('',(0.05,-0.1714,-0.03995));
#13056=CARTESIAN_POINT('',(0.0501831522810148,-0.171094461286629,-0.03995));
#13057=CARTESIAN_POINT('',(0.0596129538548664,-0.176747066315673,-0.03995));
#13058=CARTESIAN_POINT('',(0.0526113491957009,-0.182103953801821,-0.03995));
#13059=CARTESIAN_POINT('',(0.052606093522799,-0.182086827244342,-0.03995));
#13060=CARTESIAN_POINT('',(0.05,-0.1714,-0.03995));
#13061=CARTESIAN_POINT('',(0.0479018623241604,-0.182198046966615,-0.03995));
#13062=CARTESIAN_POINT('',(0.0479972322185167,-0.18170722664995,-0.03995));
#13063=CARTESIAN_POINT('',(0.0478852654038743,-0.1821945288482,-0.03995));
#13064=CARTESIAN_POINT('',(0.0503471817517238,-0.171479771515462,-0.03995));
#13065=CARTESIAN_POINT('',(0.0406268862663743,-0.17719124430066,-0.03995));
#13066=CARTESIAN_POINT('',(0.0406415504982227,-0.177180953461384,-0.03995));
#13067=CARTESIAN_POINT('',(0.05,-0.1714,-0.03995));
#13068=CARTESIAN_POINT('',(0.0390800302418885,-0.172724484987429,-0.03995));
#13069=CARTESIAN_POINT('',(0.0500314178418243,-0.171754840221261,-0.03995));
#13070=CARTESIAN_POINT('',(0.0415957479365001,-0.164275232013141,-0.03995));
#13071=CARTESIAN_POINT('',(0.0416100666031031,-0.164285998482174,-0.03995));
#13072=CARTESIAN_POINT('',(0.05,-0.1714,-0.03995));
#13073=CARTESIAN_POINT('',(0.0453658836886533,-0.161423779973712,-0.03995));
#13074=CARTESIAN_POINT('',(0.0496722355423768,-0.171539531801852,-0.03995));
#13075=CARTESIAN_POINT('',(0.0541790003083612,-0.161205406921503,-0.03995));
#13076=CARTESIAN_POINT('',(0.0541731854991472,-0.161222351804581,-0.03995));
#13077=CARTESIAN_POINT('',(0.05,-0.1714,-0.03995));
#13078=CARTESIAN_POINT('',(0.0580559283698792,-0.163909871957078,-0.03995));
#13079=CARTESIAN_POINT('',(0.0497660125830604,-0.171131395174796,-0.03995));
#13080=CARTESIAN_POINT('',(0.0609870162930635,-0.172224162962874,-0.03995));
#13081=CARTESIAN_POINT('',(0.0609691038767281,-0.172223869007519,-0.03995));
#13082=CARTESIAN_POINT('',(0.05,-0.1714,-0.03995));
#13083=CARTESIAN_POINT('',(0.0518,-0.1714,-0.00895));
#13084=CARTESIAN_POINT('',(0.0518,-0.1714,-0.01495));
#13085=CARTESIAN_POINT('',(0.0518,-0.169455134966122,-0.01495));
#13086=CARTESIAN_POINT('',(0.0518,-0.173344865033877,-0.01495));
#13087=CARTESIAN_POINT('',(0.0518,-0.173344865033877,-0.00895));
#13088=CARTESIAN_POINT('',(0.0518,-0.173344865033877,-0.00895));
#13089=CARTESIAN_POINT('',(0.0518,-0.1714,-0.00895));
#13090=CARTESIAN_POINT('',(0.0518,-0.169455134966122,-0.00895));
#13091=CARTESIAN_POINT('',(0.0518,-0.169455134966122,-0.00895));
#13092=CARTESIAN_POINT('',(0.05,-0.1714,-0.00895));
#13093=CARTESIAN_POINT('',(0.05,-0.1714,-0.01495));
#13094=CARTESIAN_POINT('',(0.0482,-0.173344865033877,-0.01495));
#13095=CARTESIAN_POINT('',(0.0482,-0.173344865033877,-0.00895));
#13096=CARTESIAN_POINT('',(0.0482,-0.173344865033877,-0.00895));
#13097=CARTESIAN_POINT('',(0.05,-0.1714,-0.00895));
#13098=CARTESIAN_POINT('',(0.0482,-0.1714,-0.00895));
#13099=CARTESIAN_POINT('',(0.0482,-0.1714,-0.01495));
#13100=CARTESIAN_POINT('',(0.0482,-0.169455134966122,-0.01495));
#13101=CARTESIAN_POINT('',(0.0482,-0.169455134966122,-0.00895));
#13102=CARTESIAN_POINT('',(0.0482,-0.169455134966122,-0.00895));
#13103=CARTESIAN_POINT('',(0.0482,-0.1714,-0.00895));
#13104=CARTESIAN_POINT('',(0.05,-0.1714,-0.00895));
#13105=CARTESIAN_POINT('',(0.05,-0.1714,-0.01495));
#13106=CARTESIAN_POINT('',(0.05,-0.1714,-0.00895));
#13107=CARTESIAN_POINT('',(0.05,-0.1714,-0.00895));
#13108=CARTESIAN_POINT('',(0.05,-0.1714,-0.01495));
#13109=CARTESIAN_POINT('',(0.0471952841031383,-0.16444458408963,-0.02695));
#13110=CARTESIAN_POINT('',(0.0471952841031383,-0.16444458408963,-0.03945));
#13111=CARTESIAN_POINT('',(0.0458240400044577,-0.161223489885249,-0.03945));
#13112=CARTESIAN_POINT('',(0.0458240400044577,-0.161223489885249,-0.02695));
#13113=CARTESIAN_POINT('',(0.0458240400044578,-0.161223489885249,-0.02745));
#13114=CARTESIAN_POINT('',(0.0485665282018188,-0.167665678294011,-0.02745));
#13115=CARTESIAN_POINT('',(0.0500864039893696,-0.171285088610465,-0.03995));
#13116=CARTESIAN_POINT('',(0.0500864039893696,-0.171285088610465,-0.02745));
#13117=CARTESIAN_POINT('',(0.0412952575012973,-0.164674863716528,-0.02745));
#13118=CARTESIAN_POINT('',(0.0412952575012973,-0.164674863716528,-0.02695));
#13119=CARTESIAN_POINT('',(0.0412952575012973,-0.164674863716528,-0.03945));
#13120=CARTESIAN_POINT('',(0.0468914161541721,-0.1688827184358,-0.03945));
#13121=CARTESIAN_POINT('',(0.05,-0.1714,-0.02695));
#13122=CARTESIAN_POINT('',(0.05,-0.1714,-0.02695));
#13123=CARTESIAN_POINT('',(0.0453658836886533,-0.161423779973712,-0.02695));
#13124=CARTESIAN_POINT('',(0.0416100666031031,-0.164285998482174,-0.02695));
#13125=CARTESIAN_POINT('',(0.0503868944245724,-0.170885456907079,-0.02695));
#13126=CARTESIAN_POINT('',(0.0453639918022846,-0.161419335874938,-0.02695));
#13127=CARTESIAN_POINT('',(0.0503868944245724,-0.170885456907079,-0.02745));
#13128=CARTESIAN_POINT('',(0.0412952575012973,-0.164674863716528,-0.02745));
#13129=CARTESIAN_POINT('',(0.0412952575012973,-0.164674863716528,-0.0271857800922256));
#13130=CARTESIAN_POINT('',(0.0414391908653349,-0.164487521641177,-0.0269500000000001));
#13131=CARTESIAN_POINT('',(0.0416100666031031,-0.164285998482174,-0.02695));
#13132=CARTESIAN_POINT('',(0.0503868944245724,-0.170885456907079,-0.03945));
#13133=CARTESIAN_POINT('',(0.0416100666031031,-0.164285998482174,-0.03995));
#13134=CARTESIAN_POINT('',(0.0414391916093174,-0.164487520763757,-0.0399499999999999));
#13135=CARTESIAN_POINT('',(0.0412952575012973,-0.164674863716528,-0.0397142211646424));
#13136=CARTESIAN_POINT('',(0.0412952575012973,-0.164674863716528,-0.03945));
#13137=CARTESIAN_POINT('',(0.0467352359009651,-0.164640430079319,-0.03945));
#13138=CARTESIAN_POINT('',(0.0458240400044577,-0.161223489885249,-0.03945));
#13139=CARTESIAN_POINT('',(0.0458240400044577,-0.161223489885249,-0.039714129880948));
#13140=CARTESIAN_POINT('',(0.0456054314902245,-0.161312506127337,-0.03995));
#13141=CARTESIAN_POINT('',(0.0453658836886533,-0.161423779973712,-0.03995));
#13142=CARTESIAN_POINT('',(0.0496722355423768,-0.171539531801852,-0.02745));
#13143=CARTESIAN_POINT('',(0.0453658836886533,-0.161423779973712,-0.02695));
#13144=CARTESIAN_POINT('',(0.0456054293357321,-0.161312507128134,-0.02695));
#13145=CARTESIAN_POINT('',(0.0458240400044577,-0.161223489885249,-0.0271858715520768));
#13146=CARTESIAN_POINT('',(0.0458240400044577,-0.161223489885249,-0.02745));
#13147=CARTESIAN_POINT('',(0.05,-0.1714,-0.04095));
#13148=CARTESIAN_POINT('',(0.05,-0.1714,-0.02695));
#13149=CARTESIAN_POINT('',(0.0390800302418883,-0.172724484987429,-0.02695));
#13150=CARTESIAN_POINT('',(0.0390800302418883,-0.172724484987429,-0.02695));
#13151=CARTESIAN_POINT('',(0.0390482271528903,-0.172462278338528,-0.02695));
#13152=CARTESIAN_POINT('',(0.03903112113577,-0.172226859396662,-0.0271858715520771));
#13153=CARTESIAN_POINT('',(0.03903112113577,-0.172226859396662,-0.02745));
#13154=CARTESIAN_POINT('',(0.03903112113577,-0.172226859396662,-0.02745));
#13155=CARTESIAN_POINT('',(0.03903112113577,-0.172226859396662,-0.02695));
#13156=CARTESIAN_POINT('',(0.03903112113577,-0.172226859396662,-0.03945));
#13157=CARTESIAN_POINT('',(0.03903112113577,-0.172226859396662,-0.03945));
#13158=CARTESIAN_POINT('',(0.03903112113577,-0.172226859396662,-0.0397141298809478));
#13159=CARTESIAN_POINT('',(0.0390482268668508,-0.172462275980221,-0.0399499999999999));
#13160=CARTESIAN_POINT('',(0.0390800302418883,-0.172724484987429,-0.03995));
#13161=CARTESIAN_POINT('',(0.05,-0.1714,-0.03995));
#13162=CARTESIAN_POINT('',(0.05,-0.1714,-0.04095));
#13163=CARTESIAN_POINT('',(0.05,-0.1714,-0.03995));
#13164=CARTESIAN_POINT('',(0.0541731854991472,-0.161222351804582,-0.03995));
#13165=CARTESIAN_POINT('',(0.0539287231430755,-0.161122113838024,-0.03995));
#13166=CARTESIAN_POINT('',(0.0537060713216126,-0.161043116522857,-0.0397142211646425));
#13167=CARTESIAN_POINT('',(0.0537060713216126,-0.161043116522857,-0.03945));
#13168=CARTESIAN_POINT('',(0.0537060713216126,-0.161043116522857,-0.03945));
#13169=CARTESIAN_POINT('',(0.0537060713216126,-0.161043116522857,-0.02695));
#13170=CARTESIAN_POINT('',(0.0537060713216126,-0.161043116522857,-0.02745));
#13171=CARTESIAN_POINT('',(0.0537060713216126,-0.161043116522857,-0.02745));
#13172=CARTESIAN_POINT('',(0.0537060713216126,-0.161043116522857,-0.0271857800922255));
#13173=CARTESIAN_POINT('',(0.0539287220786967,-0.161122113401592,-0.02695));
#13174=CARTESIAN_POINT('',(0.0541731854991472,-0.161222351804582,-0.02695));
#13175=CARTESIAN_POINT('',(0.0541731854991472,-0.161222351804581,-0.02695));
#13176=CARTESIAN_POINT('',(0.05,-0.1714,-0.02695));
#13177=CARTESIAN_POINT('',(0.0557482887485764,-0.166583214950683,-0.02695));
#13178=CARTESIAN_POINT('',(0.0557482887485764,-0.166583214950683,-0.03945));
#13179=CARTESIAN_POINT('',(0.058387993651325,-0.164283711465565,-0.03945));
#13180=CARTESIAN_POINT('',(0.058387993651325,-0.164283711465565,-0.02695));
#13181=CARTESIAN_POINT('',(0.058387993651325,-0.164283711465565,-0.02745));
#13182=CARTESIAN_POINT('',(0.0531085838458279,-0.1688827184358,-0.02745));
#13183=CARTESIAN_POINT('',(0.0501359875269108,-0.171446665504911,-0.03995));
#13184=CARTESIAN_POINT('',(0.0501359875269108,-0.171446665504911,-0.02745));
#13185=CARTESIAN_POINT('',(0.0514334717981812,-0.167665678294011,-0.03945));
#13186=CARTESIAN_POINT('',(0.05,-0.1714,-0.02695));
#13187=CARTESIAN_POINT('',(0.05,-0.1714,-0.02695));
#13188=CARTESIAN_POINT('',(0.0580559283698792,-0.163909871957078,-0.02695));
#13189=CARTESIAN_POINT('',(0.0506089165136595,-0.171608955903557,-0.02695));
#13190=CARTESIAN_POINT('',(0.0580595703339379,-0.163906699364173,-0.02695));
#13191=CARTESIAN_POINT('',(0.0506089165136595,-0.171608955903557,-0.02745));
#13192=CARTESIAN_POINT('',(0.0506089165136595,-0.171608955903557,-0.03945));
#13193=CARTESIAN_POINT('',(0.0554198654311893,-0.16620620284929,-0.03945));
#13194=CARTESIAN_POINT('',(0.058387993651325,-0.164283711465565,-0.03945));
#13195=CARTESIAN_POINT('',(0.058387993651325,-0.164283711465565,-0.039714129880948));
#13196=CARTESIAN_POINT('',(0.058235780428218,-0.164103309945167,-0.03995));
#13197=CARTESIAN_POINT('',(0.0580559283698792,-0.163909871957078,-0.03995));
#13198=CARTESIAN_POINT('',(0.0497660125830604,-0.171131395174796,-0.02745));
#13199=CARTESIAN_POINT('',(0.0580559283698792,-0.163909871957078,-0.02695));
#13200=CARTESIAN_POINT('',(0.058235778810629,-0.164103308205386,-0.0269500000000001));
#13201=CARTESIAN_POINT('',(0.058387993651325,-0.164283711465565,-0.0271858715520769));
#13202=CARTESIAN_POINT('',(0.058387993651325,-0.164283711465565,-0.02745));
#13203=CARTESIAN_POINT('',(0.05,-0.1714,-0.04095));
#13204=CARTESIAN_POINT('',(0.05,-0.1714,-0.03995));
#13205=CARTESIAN_POINT('',(0.0609691038767281,-0.172223869007519,-0.03995));
#13206=CARTESIAN_POINT('',(0.0609888928254916,-0.17196039625564,-0.0399500000000001));
#13207=CARTESIAN_POINT('',(0.0609952205401905,-0.171724230277076,-0.0397142211646424));
#13208=CARTESIAN_POINT('',(0.0609952205401905,-0.171724230277076,-0.03945));
#13209=CARTESIAN_POINT('',(0.0609952205401905,-0.171724230277076,-0.03945));
#13210=CARTESIAN_POINT('',(0.0609952205401905,-0.171724230277076,-0.02695));
#13211=CARTESIAN_POINT('',(0.0609952205401905,-0.171724230277076,-0.02745));
#13212=CARTESIAN_POINT('',(0.0609952205401905,-0.171724230277076,-0.02745));
#13213=CARTESIAN_POINT('',(0.0609952205401905,-0.171724230277076,-0.0271857800922256));
#13214=CARTESIAN_POINT('',(0.0609888929116519,-0.17196039510849,-0.0269499999999999));
#13215=CARTESIAN_POINT('',(0.0609691038767281,-0.172223869007519,-0.02695));
#13216=CARTESIAN_POINT('',(0.0609691038767281,-0.172223869007519,-0.02695));
#13217=CARTESIAN_POINT('',(0.05,-0.1714,-0.02695));
#13218=CARTESIAN_POINT('',(0.0425183014983758,-0.171918101610817,-0.02695));
#13219=CARTESIAN_POINT('',(0.0460054818609817,-0.171609343824972,-0.02745));
#13220=CARTESIAN_POINT('',(0.0425183014983758,-0.171918101610817,-0.03945));
#13221=CARTESIAN_POINT('',(0.0499174130752831,-0.171282315350662,-0.03995));
#13222=CARTESIAN_POINT('',(0.0499174130752831,-0.171282315350662,-0.02745));
#13223=CARTESIAN_POINT('',(0.0409141019508735,-0.177600520674982,-0.02745));
#13224=CARTESIAN_POINT('',(0.0409141019508735,-0.177600520674982,-0.02695));
#13225=CARTESIAN_POINT('',(0.0409141019508735,-0.177600520674982,-0.03945));
#13226=CARTESIAN_POINT('',(0.0466453177282183,-0.17357855614006,-0.03945));
#13227=CARTESIAN_POINT('',(0.05,-0.1714,-0.02695));
#13228=CARTESIAN_POINT('',(0.0390752190277509,-0.172724910976243,-0.02695));
#13229=CARTESIAN_POINT('',(0.05,-0.1714,-0.02695));
#13230=CARTESIAN_POINT('',(0.0406415504982227,-0.177180953461384,-0.02695));
#13231=CARTESIAN_POINT('',(0.049630197390784,-0.170873038976341,-0.02695));
#13232=CARTESIAN_POINT('',(0.0500314178418243,-0.171754840221261,-0.02745));
#13233=CARTESIAN_POINT('',(0.049630197390784,-0.170873038976341,-0.02745));
#13234=CARTESIAN_POINT('',(0.0409141019508735,-0.177600520674982,-0.02745));
#13235=CARTESIAN_POINT('',(0.0409141019508735,-0.177600520674982,-0.0271857800922254));
#13236=CARTESIAN_POINT('',(0.0407804069048797,-0.177405740026157,-0.02695));
#13237=CARTESIAN_POINT('',(0.0406415504982227,-0.177180953461384,-0.02695));
#13238=CARTESIAN_POINT('',(0.049630197390784,-0.170873038976341,-0.03945));
#13239=CARTESIAN_POINT('',(0.0406415504982227,-0.177180953461384,-0.03995));
#13240=CARTESIAN_POINT('',(0.0407804063003074,-0.17740573904745,-0.03995));
#13241=CARTESIAN_POINT('',(0.0409141019508735,-0.177600520674982,-0.0397142211646426));
#13242=CARTESIAN_POINT('',(0.0409141019508735,-0.177600520674982,-0.03945));
#13243=CARTESIAN_POINT('',(0.0425623993903567,-0.172416153190397,-0.03945));
#13244=CARTESIAN_POINT('',(0.05,-0.1714,-0.04095));
#13245=CARTESIAN_POINT('',(0.05,-0.1714,-0.02695));
#13246=CARTESIAN_POINT('',(0.0479018623241604,-0.182198046966615,-0.02695));
#13247=CARTESIAN_POINT('',(0.0479018623241604,-0.182198046966615,-0.02695));
#13248=CARTESIAN_POINT('',(0.05,-0.1714,-0.03995));
#13249=CARTESIAN_POINT('',(0.0481807719292789,-0.178675620315481,-0.02695));
#13250=CARTESIAN_POINT('',(0.0481807719292789,-0.178675620315481,-0.03945));
#13251=CARTESIAN_POINT('',(0.0475099300202672,-0.181595259835308,-0.03945));
#13252=CARTESIAN_POINT('',(0.0475099300202672,-0.181595259835308,-0.02695));
#13253=CARTESIAN_POINT('',(0.0475099300202672,-0.181595259835308,-0.02745));
#13254=CARTESIAN_POINT('',(0.0489647238195899,-0.175263703305156,-0.02745));
#13255=CARTESIAN_POINT('',(0.0498625544841291,-0.17144217827629,-0.03995));
#13256=CARTESIAN_POINT('',(0.0530893486860262,-0.181957268808558,-0.02695));
#13257=CARTESIAN_POINT('',(0.0530893486860262,-0.181957268808558,-0.02745));
#13258=CARTESIAN_POINT('',(0.0530893486860262,-0.181957268808558,-0.03945));
#13259=CARTESIAN_POINT('',(0.0510352761804101,-0.175263703305156,-0.03945));
#13260=CARTESIAN_POINT('',(0.0498625544841291,-0.17144217827629,-0.02745));
#13261=CARTESIAN_POINT('',(0.05,-0.1714,-0.02695));
#13262=CARTESIAN_POINT('',(0.05,-0.1714,-0.02695));
#13263=CARTESIAN_POINT('',(0.052606093522799,-0.182086827244342,-0.02695));
#13264=CARTESIAN_POINT('',(0.0493845549938038,-0.171588863269554,-0.02695));
#13265=CARTESIAN_POINT('',(0.0478841222372173,-0.182199504140447,-0.02695));
#13266=CARTESIAN_POINT('',(0.0478852654038743,-0.1821945288482,-0.02695));
#13267=CARTESIAN_POINT('',(0.0479972322185167,-0.18170722664995,-0.02695));
#13268=CARTESIAN_POINT('',(0.0503471817517238,-0.171479771515462,-0.02745));
#13269=CARTESIAN_POINT('',(0.0479972322185167,-0.18170722664995,-0.02745));
#13270=CARTESIAN_POINT('',(0.0486680741275284,-0.178787587130123,-0.03945));
#13271=CARTESIAN_POINT('',(0.0479972322185167,-0.18170722664995,-0.03945));
#13272=CARTESIAN_POINT('',(0.0479972322185167,-0.18170722664995,-0.02695));
#13273=CARTESIAN_POINT('',(0.0493845549938038,-0.171588863269554,-0.03945));
#13274=CARTESIAN_POINT('',(0.052606093522799,-0.182086827244342,-0.03995));
#13275=CARTESIAN_POINT('',(0.0528627861218082,-0.182024230095129,-0.03995));
#13276=CARTESIAN_POINT('',(0.0530893486860262,-0.181957268808558,-0.0397142211646425));
#13277=CARTESIAN_POINT('',(0.0530893486860262,-0.181957268808558,-0.03945));
#13278=CARTESIAN_POINT('',(0.0493845549938038,-0.171588863269554,-0.02745));
#13279=CARTESIAN_POINT('',(0.0530893486860262,-0.181957268808558,-0.02745));
#13280=CARTESIAN_POINT('',(0.0530893486860262,-0.181957268808558,-0.0271857800922255));
#13281=CARTESIAN_POINT('',(0.052862787239437,-0.182024229822584,-0.02695));
#13282=CARTESIAN_POINT('',(0.052606093522799,-0.182086827244343,-0.02695));
#13283=CARTESIAN_POINT('',(0.05,-0.1714,-0.04095));
#13284=CARTESIAN_POINT('',(0.05,-0.1714,-0.03995));
#13285=CARTESIAN_POINT('',(0.05,-0.1714,-0.02695));
#13286=CARTESIAN_POINT('',(0.0596129538548666,-0.176747066315673,-0.02695));
#13287=CARTESIAN_POINT('',(0.0596129538548666,-0.176747066315673,-0.02695));
#13288=CARTESIAN_POINT('',(0.0594845618930628,-0.176977889337362,-0.02695));
#13289=CARTESIAN_POINT('',(0.0593600251694795,-0.177178401926719,-0.0271858715520768));
#13290=CARTESIAN_POINT('',(0.0593600251694795,-0.177178401926719,-0.02745));
#13291=CARTESIAN_POINT('',(0.0593600251694795,-0.177178401926719,-0.02745));
#13292=CARTESIAN_POINT('',(0.0593600251694795,-0.177178401926719,-0.02695));
#13293=CARTESIAN_POINT('',(0.0593600251694795,-0.177178401926719,-0.03945));
#13294=CARTESIAN_POINT('',(0.0593600251694795,-0.177178401926719,-0.03945));
#13295=CARTESIAN_POINT('',(0.0593600251694795,-0.177178401926719,-0.039714129880948));
#13296=CARTESIAN_POINT('',(0.0594845607382954,-0.176977891413402,-0.0399500000000001));
#13297=CARTESIAN_POINT('',(0.0596129538548666,-0.176747066315673,-0.03995));
#13298=CARTESIAN_POINT('',(0.0563573537206306,-0.17537847903339,-0.02695));
#13299=CARTESIAN_POINT('',(0.0533546822717817,-0.17357855614006,-0.02745));
#13300=CARTESIAN_POINT('',(0.0563573537206306,-0.17537847903339,-0.03945));
#13301=CARTESIAN_POINT('',(0.0499976409243074,-0.171543752257672,-0.03995));
#13302=CARTESIAN_POINT('',(0.0499976409243074,-0.171543752257672,-0.02745));
#13303=CARTESIAN_POINT('',(0.0539945181390183,-0.171609343824972,-0.03945));
#13304=CARTESIAN_POINT('',(0.05,-0.1714,-0.02695));
#13305=CARTESIAN_POINT('',(0.0596170965988094,-0.1767495496442,-0.02695));
#13306=CARTESIAN_POINT('',(0.05,-0.1714,-0.02695));
#13307=CARTESIAN_POINT('',(0.0499894366771803,-0.172043684943469,-0.02695));
#13308=CARTESIAN_POINT('',(0.0501831522810148,-0.171094461286629,-0.02745));
#13309=CARTESIAN_POINT('',(0.0499894366771803,-0.172043684943469,-0.02745));
#13310=CARTESIAN_POINT('',(0.0499894366771803,-0.172043684943469,-0.03945));
#13311=CARTESIAN_POINT('',(0.0566144251499605,-0.17494962675087,-0.03945));
#13312=CARTESIAN_POINT('',(0.05,-0.1714,-0.04095));
#13313=CARTESIAN_POINT('',(0.05,-0.1714,-0.03595));
#13314=CARTESIAN_POINT('',(0.065,-0.1714,-0.03595));
#13315=CARTESIAN_POINT('',(0.05,-0.1714,-0.03095));
#13316=CARTESIAN_POINT('',(0.065,-0.1714,-0.03095));
#13317=CARTESIAN_POINT('',(0.05,-0.1714,-0.03595));
#13318=CARTESIAN_POINT('',(0.05,-0.1714,-0.02595));
#13319=CARTESIAN_POINT('',(0.,0.,0.));
#13320=CARTESIAN_POINT('',(2.01227923213309E-16,-0.1117,-0.001));
#13321=CARTESIAN_POINT('',(0.,-0.1117,-1.99493199737333E-16));
#13322=CARTESIAN_POINT('',(0.0109999999999998,-0.1117,-1.99493199737333E-16));
#13323=CARTESIAN_POINT('',(0.,-0.1117,0.0130000000000002));
#13324=CARTESIAN_POINT('',(-0.0109999999999998,-0.1117,0.0130000000000002));
#13325=CARTESIAN_POINT('',(0.,-0.1117,-0.001));
#13326=CARTESIAN_POINT('',(0.,-0.1117,0.004));
#13327=CARTESIAN_POINT('',(0.015,-0.1117,0.004));
#13328=CARTESIAN_POINT('',(0.,-0.1117,0.009));
#13329=CARTESIAN_POINT('',(0.015,-0.1117,0.009));
#13330=CARTESIAN_POINT('',(0.,-0.1117,0.004));
#13331=CARTESIAN_POINT('',(0.,-0.1117,0.014));
#13332=CARTESIAN_POINT('',(0.,0.,0.));
#13333=CARTESIAN_POINT('',(0.09,-0.1714,-0.01495));
#13334=CARTESIAN_POINT('',(0.0914334717981812,-0.167665678294011,-0.03945));
#13335=CARTESIAN_POINT('',(0.0914334717981812,-0.167665678294011,-0.0397149607144022));
#13336=CARTESIAN_POINT('',(0.0916568336027028,-0.167749645094832,-0.03995));
#13337=CARTESIAN_POINT('',(0.0918903143964076,-0.167874845892343,-0.03995));
#13338=CARTESIAN_POINT('',(0.0914334717981812,-0.167665678294011,-0.03945));
#13339=CARTESIAN_POINT('',(0.0918903143964076,-0.167874845892343,-0.03995));
#13340=CARTESIAN_POINT('',(0.09,-0.1714,-0.03995));
#13341=CARTESIAN_POINT('',(0.0881116931419221,-0.167873770113885,-0.03995));
#13342=CARTESIAN_POINT('',(0.0881116931419221,-0.167873770113884,-0.03995));
#13343=CARTESIAN_POINT('',(0.0883446527518154,-0.167749019532321,-0.03995));
#13344=CARTESIAN_POINT('',(0.0885665282018188,-0.167665678294011,-0.0397142601455253));
#13345=CARTESIAN_POINT('',(0.0885665282018188,-0.167665678294011,-0.03945));
#13346=CARTESIAN_POINT('',(0.0885665282018188,-0.167665678294011,-0.03945));
#13347=CARTESIAN_POINT('',(0.0885665282018188,-0.167665678294011,-0.02695));
#13348=CARTESIAN_POINT('',(0.0885665282018188,-0.167665678294011,-0.02745));
#13349=CARTESIAN_POINT('',(0.0885665282018188,-0.167665678294011,-0.02745));
#13350=CARTESIAN_POINT('',(0.0885665282018188,-0.167665678294011,-0.0271857293871787));
#13351=CARTESIAN_POINT('',(0.088344668189088,-0.167749011265615,-0.0269500000000001));
#13352=CARTESIAN_POINT('',(0.0881116931419221,-0.167873770113884,-0.02695));
#13353=CARTESIAN_POINT('',(0.0881116931419221,-0.167873770113885,-0.02695));
#13354=CARTESIAN_POINT('',(0.09,-0.1714,-0.02695));
#13355=CARTESIAN_POINT('',(0.0872315184881694,-0.168512871648393,-0.02695));
#13356=CARTESIAN_POINT('',(0.0872315184881694,-0.168512871648393,-0.02695));
#13357=CARTESIAN_POINT('',(0.087040302138312,-0.168696229942473,-0.0269499999999998));
#13358=CARTESIAN_POINT('',(0.0868914161541721,-0.1688827184358,-0.0271850297767353));
#13359=CARTESIAN_POINT('',(0.0868914161541721,-0.1688827184358,-0.02745));
#13360=CARTESIAN_POINT('',(0.0868914161541721,-0.1688827184358,-0.02745));
#13361=CARTESIAN_POINT('',(0.0868914161541721,-0.1688827184358,-0.02695));
#13362=CARTESIAN_POINT('',(0.0868914161541721,-0.1688827184358,-0.03945));
#13363=CARTESIAN_POINT('',(0.0868914161541721,-0.1688827184358,-0.03945));
#13364=CARTESIAN_POINT('',(0.0868914161541721,-0.1688827184358,-0.0397149607144021));
#13365=CARTESIAN_POINT('',(0.087040295920737,-0.168696235904536,-0.0399500000000002));
#13366=CARTESIAN_POINT('',(0.0872315184881694,-0.168512871648393,-0.03995));
#13367=CARTESIAN_POINT('',(0.0872315184881694,-0.168512871648393,-0.03995));
#13368=CARTESIAN_POINT('',(0.09,-0.1714,-0.03995));
#13369=CARTESIAN_POINT('',(0.0860628371791141,-0.172106221581257,-0.03995));
#13370=CARTESIAN_POINT('',(0.0860628371791141,-0.172106221581257,-0.03995));
#13371=CARTESIAN_POINT('',(0.0860161808040673,-0.171846113776473,-0.0399499999999999));
#13372=CARTESIAN_POINT('',(0.0860054818609817,-0.171609343824972,-0.0397142601455252));
#13373=CARTESIAN_POINT('',(0.0860054818609817,-0.171609343824972,-0.03945));
#13374=CARTESIAN_POINT('',(0.0860054818609817,-0.171609343824972,-0.03945));
#13375=CARTESIAN_POINT('',(0.0860054818609817,-0.171609343824972,-0.02695));
#13376=CARTESIAN_POINT('',(0.0860054818609817,-0.171609343824972,-0.02745));
#13377=CARTESIAN_POINT('',(0.0860054818609817,-0.171609343824972,-0.02745));
#13378=CARTESIAN_POINT('',(0.0860054818609817,-0.171609343824972,-0.027185729387179));
#13379=CARTESIAN_POINT('',(0.0860161777123417,-0.171846096540202,-0.02695));
#13380=CARTESIAN_POINT('',(0.0860628371791141,-0.172106221581257,-0.02695));
#13381=CARTESIAN_POINT('',(0.0860628371791141,-0.172106221581257,-0.02695));
#13382=CARTESIAN_POINT('',(0.09,-0.1714,-0.02695));
#13383=CARTESIAN_POINT('',(0.0863986699320553,-0.173140810656481,-0.02695));
#13384=CARTESIAN_POINT('',(0.0863986699320553,-0.173140810656481,-0.02695));
#13385=CARTESIAN_POINT('',(0.0865139649307483,-0.173379329040965,-0.0269500000000001));
#13386=CARTESIAN_POINT('',(0.0866453177282183,-0.17357855614006,-0.0271850297767353));
#13387=CARTESIAN_POINT('',(0.0866453177282183,-0.17357855614006,-0.02745));
#13388=CARTESIAN_POINT('',(0.0866453177282183,-0.17357855614006,-0.02745));
#13389=CARTESIAN_POINT('',(0.0866453177282183,-0.17357855614006,-0.02695));
#13390=CARTESIAN_POINT('',(0.0866453177282183,-0.17357855614006,-0.03945));
#13391=CARTESIAN_POINT('',(0.0866453177282183,-0.17357855614006,-0.03945));
#13392=CARTESIAN_POINT('',(0.0866453177282183,-0.17357855614006,-0.0397149607144021));
#13393=CARTESIAN_POINT('',(0.0865139686796709,-0.173379336796609,-0.0399499999999999));
#13394=CARTESIAN_POINT('',(0.0863986699320553,-0.173140810656481,-0.03995));
#13395=CARTESIAN_POINT('',(0.0863986699320554,-0.173140810656481,-0.03995));
#13396=CARTESIAN_POINT('',(0.09,-0.1714,-0.03995));
#13397=CARTESIAN_POINT('',(0.089455006415528,-0.175362698826921,-0.03995));
#13398=CARTESIAN_POINT('',(0.089455006415528,-0.175362698826921,-0.03995));
#13399=CARTESIAN_POINT('',(0.0891932115800638,-0.175326693944389,-0.0399500000000001));
#13400=CARTESIAN_POINT('',(0.0889647238195899,-0.175263703305156,-0.0397142601455254));
#13401=CARTESIAN_POINT('',(0.0889647238195899,-0.175263703305156,-0.03945));
#13402=CARTESIAN_POINT('',(0.0889647238195899,-0.175263703305156,-0.03945));
#13403=CARTESIAN_POINT('',(0.0889647238195899,-0.175263703305156,-0.02695));
#13404=CARTESIAN_POINT('',(0.0889647238195899,-0.175263703305156,-0.02745));
#13405=CARTESIAN_POINT('',(0.0889647238195899,-0.175263703305156,-0.02745));
#13406=CARTESIAN_POINT('',(0.0889647238195899,-0.175263703305156,-0.0271857293871788));
#13407=CARTESIAN_POINT('',(0.0891931942319998,-0.175326691558494,-0.02695));
#13408=CARTESIAN_POINT('',(0.089455006415528,-0.175362698826921,-0.02695));
#13409=CARTESIAN_POINT('',(0.089455006415528,-0.175362698826921,-0.02695));
#13410=CARTESIAN_POINT('',(0.09,-0.1714,-0.02695));
#13411=CARTESIAN_POINT('',(0.0905427371251339,-0.17536300850529,-0.02695));
#13412=CARTESIAN_POINT('',(0.0905427371251339,-0.17536300850529,-0.02695));
#13413=CARTESIAN_POINT('',(0.0908052097029164,-0.175327062679763,-0.02695));
#13414=CARTESIAN_POINT('',(0.0910352761804101,-0.175263703305157,-0.0271850297767354));
#13415=CARTESIAN_POINT('',(0.0910352761804101,-0.175263703305157,-0.02745));
#13416=CARTESIAN_POINT('',(0.0910352761804101,-0.175263703305156,-0.02745));
#13417=CARTESIAN_POINT('',(0.0910352761804101,-0.175263703305156,-0.02695));
#13418=CARTESIAN_POINT('',(0.0910352761804101,-0.175263703305156,-0.03945));
#13419=CARTESIAN_POINT('',(0.0910352761804101,-0.175263703305157,-0.03945));
#13420=CARTESIAN_POINT('',(0.0910352761804101,-0.175263703305157,-0.0397149607144021));
#13421=CARTESIAN_POINT('',(0.090805218237453,-0.175327061510952,-0.03995));
#13422=CARTESIAN_POINT('',(0.0905427371251339,-0.17536300850529,-0.03995));
#13423=CARTESIAN_POINT('',(0.0905427371251339,-0.17536300850529,-0.03995));
#13424=CARTESIAN_POINT('',(0.09,-0.1714,-0.03995));
#13425=CARTESIAN_POINT('',(0.0936003382620316,-0.173142860980959,-0.03995));
#13426=CARTESIAN_POINT('',(0.0936003382620316,-0.173142860980959,-0.03995));
#13427=CARTESIAN_POINT('',(0.0934851965306823,-0.173380716544577,-0.0399500000000001));
#13428=CARTESIAN_POINT('',(0.0933546822717817,-0.17357855614006,-0.0397142601455253));
#13429=CARTESIAN_POINT('',(0.0933546822717817,-0.17357855614006,-0.03945));
#13430=CARTESIAN_POINT('',(0.0933546822717817,-0.17357855614006,-0.03945));
#13431=CARTESIAN_POINT('',(0.0933546822717817,-0.17357855614006,-0.02695));
#13432=CARTESIAN_POINT('',(0.0933546822717817,-0.17357855614006,-0.02745));
#13433=CARTESIAN_POINT('',(0.0933546822717817,-0.17357855614006,-0.02745));
#13434=CARTESIAN_POINT('',(0.0933546822717817,-0.17357855614006,-0.0271857293871788));
#13435=CARTESIAN_POINT('',(0.0934851889007148,-0.173380732306284,-0.0269500000000001));
#13436=CARTESIAN_POINT('',(0.0936003382620316,-0.173142860980959,-0.02695));
#13437=CARTESIAN_POINT('',(0.0936003382620316,-0.173142860980959,-0.02695));
#13438=CARTESIAN_POINT('',(0.09,-0.1714,-0.02695));
#13439=CARTESIAN_POINT('',(0.0939367600582338,-0.172108463297493,-0.02695));
#13440=CARTESIAN_POINT('',(0.0939367600582338,-0.172108463297493,-0.02695));
#13441=CARTESIAN_POINT('',(0.0939836820337252,-0.17184772917108,-0.02695));
#13442=CARTESIAN_POINT('',(0.0939945181390183,-0.171609343824972,-0.0271850297767355));
#13443=CARTESIAN_POINT('',(0.0939945181390183,-0.171609343824972,-0.02745));
#13444=CARTESIAN_POINT('',(0.0939945181390183,-0.171609343824972,-0.02745));
#13445=CARTESIAN_POINT('',(0.0939945181390183,-0.171609343824972,-0.02695));
#13446=CARTESIAN_POINT('',(0.0939945181390183,-0.171609343824972,-0.03945));
#13447=CARTESIAN_POINT('',(0.0939945181390183,-0.171609343824972,-0.03945));
#13448=CARTESIAN_POINT('',(0.0939945181390183,-0.171609343824972,-0.0397149607144019));
#13449=CARTESIAN_POINT('',(0.0939836835594362,-0.17184772069307,-0.03995));
#13450=CARTESIAN_POINT('',(0.0939367600582338,-0.172108463297493,-0.03995));
#13451=CARTESIAN_POINT('',(0.0939367600582338,-0.172108463297493,-0.03995));
#13452=CARTESIAN_POINT('',(0.09,-0.1714,-0.03995));
#13453=CARTESIAN_POINT('',(0.0927701250014043,-0.168514448496977,-0.03995));
#13454=CARTESIAN_POINT('',(0.0927701250014043,-0.168514448496977,-0.03995));
#13455=CARTESIAN_POINT('',(0.0929607583333712,-0.168697456202239,-0.0399500000000001));
#13456=CARTESIAN_POINT('',(0.0931085838458279,-0.1688827184358,-0.0397142601455253));
#13457=CARTESIAN_POINT('',(0.0931085838458279,-0.1688827184358,-0.03945));
#13458=CARTESIAN_POINT('',(0.0931085838458279,-0.1688827184358,-0.03945));
#13459=CARTESIAN_POINT('',(0.0931085838458279,-0.1688827184358,-0.02695));
#13460=CARTESIAN_POINT('',(0.0931085838458279,-0.1688827184358,-0.02745));
#13461=CARTESIAN_POINT('',(0.0931085838458279,-0.1688827184358,-0.02745));
#13462=CARTESIAN_POINT('',(0.0931085838458279,-0.1688827184358,-0.0271857293871789));
#13463=CARTESIAN_POINT('',(0.0929607709658558,-0.168697468329405,-0.02695));
#13464=CARTESIAN_POINT('',(0.0927701250014043,-0.168514448496977,-0.02695));
#13465=CARTESIAN_POINT('',(0.0927701250014043,-0.168514448496977,-0.02695));
#13466=CARTESIAN_POINT('',(0.09,-0.1714,-0.02695));
#13467=CARTESIAN_POINT('',(0.0918903143964076,-0.167874845892343,-0.02695));
#13468=CARTESIAN_POINT('',(0.0918903143964076,-0.167874845892343,-0.02695));
#13469=CARTESIAN_POINT('',(0.0916568411942981,-0.167749649165719,-0.02695));
#13470=CARTESIAN_POINT('',(0.0914334717981812,-0.167665678294011,-0.0271850297767353));
#13471=CARTESIAN_POINT('',(0.0914334717981812,-0.167665678294011,-0.02745));
#13472=CARTESIAN_POINT('',(0.0914334717981812,-0.167665678294011,-0.02745));
#13473=CARTESIAN_POINT('',(0.0914334717981812,-0.167665678294011,-0.02695));
#13474=CARTESIAN_POINT('',(0.09,-0.1714,-0.00895));
#13475=CARTESIAN_POINT('',(0.094,-0.1714,-0.00895));
#13476=CARTESIAN_POINT('',(0.09,-0.1714,-0.03995));
#13477=CARTESIAN_POINT('',(0.0901831522810148,-0.171094461286629,-0.03995));
#13478=CARTESIAN_POINT('',(0.0996129538548664,-0.176747066315673,-0.03995));
#13479=CARTESIAN_POINT('',(0.0926113491957009,-0.182103953801821,-0.03995));
#13480=CARTESIAN_POINT('',(0.092606093522799,-0.182086827244342,-0.03995));
#13481=CARTESIAN_POINT('',(0.09,-0.1714,-0.03995));
#13482=CARTESIAN_POINT('',(0.0879018623241604,-0.182198046966615,-0.03995));
#13483=CARTESIAN_POINT('',(0.0879972322185167,-0.18170722664995,-0.03995));
#13484=CARTESIAN_POINT('',(0.0878852654038743,-0.1821945288482,-0.03995));
#13485=CARTESIAN_POINT('',(0.0903471817517238,-0.171479771515462,-0.03995));
#13486=CARTESIAN_POINT('',(0.0806268862663744,-0.17719124430066,-0.03995));
#13487=CARTESIAN_POINT('',(0.0806415504982227,-0.177180953461384,-0.03995));
#13488=CARTESIAN_POINT('',(0.09,-0.1714,-0.03995));
#13489=CARTESIAN_POINT('',(0.0790800302418885,-0.172724484987429,-0.03995));
#13490=CARTESIAN_POINT('',(0.0900314178418243,-0.171754840221261,-0.03995));
#13491=CARTESIAN_POINT('',(0.0815957479365001,-0.164275232013141,-0.03995));
#13492=CARTESIAN_POINT('',(0.0816100666031031,-0.164285998482174,-0.03995));
#13493=CARTESIAN_POINT('',(0.09,-0.1714,-0.03995));
#13494=CARTESIAN_POINT('',(0.0853658836886533,-0.161423779973712,-0.03995));
#13495=CARTESIAN_POINT('',(0.0896722355423767,-0.171539531801852,-0.03995));
#13496=CARTESIAN_POINT('',(0.0941790003083612,-0.161205406921503,-0.03995));
#13497=CARTESIAN_POINT('',(0.0941731854991472,-0.161222351804581,-0.03995));
#13498=CARTESIAN_POINT('',(0.09,-0.1714,-0.03995));
#13499=CARTESIAN_POINT('',(0.0980559283698792,-0.163909871957078,-0.03995));
#13500=CARTESIAN_POINT('',(0.0897660125830604,-0.171131395174796,-0.03995));
#13501=CARTESIAN_POINT('',(0.100987016293063,-0.172224162962874,-0.03995));
#13502=CARTESIAN_POINT('',(0.100969103876728,-0.172223869007519,-0.03995));
#13503=CARTESIAN_POINT('',(0.09,-0.1714,-0.03995));
#13504=CARTESIAN_POINT('',(0.0918,-0.1714,-0.00895));
#13505=CARTESIAN_POINT('',(0.0918,-0.1714,-0.01495));
#13506=CARTESIAN_POINT('',(0.0918,-0.169455134966122,-0.01495));
#13507=CARTESIAN_POINT('',(0.0918,-0.173344865033877,-0.01495));
#13508=CARTESIAN_POINT('',(0.0918,-0.173344865033877,-0.00895));
#13509=CARTESIAN_POINT('',(0.0918,-0.173344865033877,-0.00895));
#13510=CARTESIAN_POINT('',(0.0918,-0.1714,-0.00895));
#13511=CARTESIAN_POINT('',(0.0918,-0.169455134966122,-0.00895));
#13512=CARTESIAN_POINT('',(0.0918,-0.169455134966122,-0.00895));
#13513=CARTESIAN_POINT('',(0.09,-0.1714,-0.00895));
#13514=CARTESIAN_POINT('',(0.09,-0.1714,-0.01495));
#13515=CARTESIAN_POINT('',(0.0882,-0.173344865033877,-0.01495));
#13516=CARTESIAN_POINT('',(0.0882,-0.173344865033877,-0.00895));
#13517=CARTESIAN_POINT('',(0.0882,-0.173344865033877,-0.00895));
#13518=CARTESIAN_POINT('',(0.09,-0.1714,-0.00895));
#13519=CARTESIAN_POINT('',(0.0882,-0.1714,-0.00895));
#13520=CARTESIAN_POINT('',(0.0882,-0.1714,-0.01495));
#13521=CARTESIAN_POINT('',(0.0882,-0.169455134966122,-0.01495));
#13522=CARTESIAN_POINT('',(0.0882,-0.169455134966122,-0.00895));
#13523=CARTESIAN_POINT('',(0.0882,-0.169455134966122,-0.00895));
#13524=CARTESIAN_POINT('',(0.0882,-0.1714,-0.00895));
#13525=CARTESIAN_POINT('',(0.09,-0.1714,-0.00895));
#13526=CARTESIAN_POINT('',(0.09,-0.1714,-0.01495));
#13527=CARTESIAN_POINT('',(0.09,-0.1714,-0.00895));
#13528=CARTESIAN_POINT('',(0.09,-0.1714,-0.00895));
#13529=CARTESIAN_POINT('',(0.09,-0.1714,-0.01495));
#13530=CARTESIAN_POINT('',(0.0871952841031383,-0.16444458408963,-0.02695));
#13531=CARTESIAN_POINT('',(0.0871952841031383,-0.16444458408963,-0.03945));
#13532=CARTESIAN_POINT('',(0.0858240400044577,-0.161223489885249,-0.03945));
#13533=CARTESIAN_POINT('',(0.0858240400044577,-0.161223489885249,-0.02695));
#13534=CARTESIAN_POINT('',(0.0858240400044578,-0.161223489885249,-0.02745));
#13535=CARTESIAN_POINT('',(0.0885665282018188,-0.167665678294011,-0.02745));
#13536=CARTESIAN_POINT('',(0.0900864039893696,-0.171285088610465,-0.03995));
#13537=CARTESIAN_POINT('',(0.0900864039893696,-0.171285088610465,-0.02745));
#13538=CARTESIAN_POINT('',(0.0812952575012973,-0.164674863716528,-0.02745));
#13539=CARTESIAN_POINT('',(0.0812952575012973,-0.164674863716528,-0.02695));
#13540=CARTESIAN_POINT('',(0.0812952575012973,-0.164674863716528,-0.03945));
#13541=CARTESIAN_POINT('',(0.0868914161541721,-0.1688827184358,-0.03945));
#13542=CARTESIAN_POINT('',(0.09,-0.1714,-0.02695));
#13543=CARTESIAN_POINT('',(0.09,-0.1714,-0.02695));
#13544=CARTESIAN_POINT('',(0.0853658836886533,-0.161423779973712,-0.02695));
#13545=CARTESIAN_POINT('',(0.0816100666031031,-0.164285998482174,-0.02695));
#13546=CARTESIAN_POINT('',(0.0903868944245723,-0.170885456907079,-0.02695));
#13547=CARTESIAN_POINT('',(0.0853639918022845,-0.161419335874938,-0.02695));
#13548=CARTESIAN_POINT('',(0.0903868944245723,-0.170885456907079,-0.02745));
#13549=CARTESIAN_POINT('',(0.0812952575012973,-0.164674863716528,-0.02745));
#13550=CARTESIAN_POINT('',(0.0812952575012973,-0.164674863716528,-0.0271857800922256));
#13551=CARTESIAN_POINT('',(0.0814391908653349,-0.164487521641177,-0.02695));
#13552=CARTESIAN_POINT('',(0.0816100666031031,-0.164285998482174,-0.02695));
#13553=CARTESIAN_POINT('',(0.0903868944245723,-0.170885456907079,-0.03945));
#13554=CARTESIAN_POINT('',(0.0816100666031031,-0.164285998482174,-0.03995));
#13555=CARTESIAN_POINT('',(0.0814391916093174,-0.164487520763757,-0.03995));
#13556=CARTESIAN_POINT('',(0.0812952575012973,-0.164674863716528,-0.0397142211646424));
#13557=CARTESIAN_POINT('',(0.0812952575012973,-0.164674863716528,-0.03945));
#13558=CARTESIAN_POINT('',(0.0867352359009651,-0.164640430079319,-0.03945));
#13559=CARTESIAN_POINT('',(0.0858240400044577,-0.161223489885249,-0.03945));
#13560=CARTESIAN_POINT('',(0.0858240400044577,-0.161223489885249,-0.039714129880948));
#13561=CARTESIAN_POINT('',(0.0856054314902245,-0.161312506127337,-0.03995));
#13562=CARTESIAN_POINT('',(0.0853658836886533,-0.161423779973712,-0.03995));
#13563=CARTESIAN_POINT('',(0.0896722355423767,-0.171539531801852,-0.02745));
#13564=CARTESIAN_POINT('',(0.0853658836886533,-0.161423779973712,-0.02695));
#13565=CARTESIAN_POINT('',(0.0856054293357321,-0.161312507128134,-0.0269500000000001));
#13566=CARTESIAN_POINT('',(0.0858240400044577,-0.161223489885249,-0.0271858715520768));
#13567=CARTESIAN_POINT('',(0.0858240400044577,-0.161223489885249,-0.02745));
#13568=CARTESIAN_POINT('',(0.09,-0.1714,-0.04095));
#13569=CARTESIAN_POINT('',(0.09,-0.1714,-0.02695));
#13570=CARTESIAN_POINT('',(0.0790800302418883,-0.172724484987429,-0.02695));
#13571=CARTESIAN_POINT('',(0.0790800302418883,-0.172724484987429,-0.02695));
#13572=CARTESIAN_POINT('',(0.0790482271528903,-0.172462278338528,-0.02695));
#13573=CARTESIAN_POINT('',(0.07903112113577,-0.172226859396662,-0.0271858715520771));
#13574=CARTESIAN_POINT('',(0.07903112113577,-0.172226859396662,-0.02745));
#13575=CARTESIAN_POINT('',(0.07903112113577,-0.172226859396662,-0.02745));
#13576=CARTESIAN_POINT('',(0.07903112113577,-0.172226859396662,-0.02695));
#13577=CARTESIAN_POINT('',(0.07903112113577,-0.172226859396662,-0.03945));
#13578=CARTESIAN_POINT('',(0.07903112113577,-0.172226859396662,-0.03945));
#13579=CARTESIAN_POINT('',(0.07903112113577,-0.172226859396662,-0.0397141298809478));
#13580=CARTESIAN_POINT('',(0.0790482268668508,-0.172462275980221,-0.0399499999999999));
#13581=CARTESIAN_POINT('',(0.0790800302418883,-0.172724484987429,-0.03995));
#13582=CARTESIAN_POINT('',(0.09,-0.1714,-0.03995));
#13583=CARTESIAN_POINT('',(0.09,-0.1714,-0.04095));
#13584=CARTESIAN_POINT('',(0.09,-0.1714,-0.03995));
#13585=CARTESIAN_POINT('',(0.0941731854991472,-0.161222351804581,-0.03995));
#13586=CARTESIAN_POINT('',(0.0939287231430755,-0.161122113838024,-0.03995));
#13587=CARTESIAN_POINT('',(0.0937060713216125,-0.161043116522857,-0.0397142211646425));
#13588=CARTESIAN_POINT('',(0.0937060713216125,-0.161043116522857,-0.03945));
#13589=CARTESIAN_POINT('',(0.0937060713216125,-0.161043116522857,-0.03945));
#13590=CARTESIAN_POINT('',(0.0937060713216125,-0.161043116522857,-0.02695));
#13591=CARTESIAN_POINT('',(0.0937060713216125,-0.161043116522857,-0.02745));
#13592=CARTESIAN_POINT('',(0.0937060713216125,-0.161043116522857,-0.02745));
#13593=CARTESIAN_POINT('',(0.0937060713216125,-0.161043116522857,-0.0271857800922255));
#13594=CARTESIAN_POINT('',(0.0939287220786967,-0.161122113401592,-0.02695));
#13595=CARTESIAN_POINT('',(0.0941731854991472,-0.161222351804581,-0.02695));
#13596=CARTESIAN_POINT('',(0.0941731854991472,-0.161222351804581,-0.02695));
#13597=CARTESIAN_POINT('',(0.09,-0.1714,-0.02695));
#13598=CARTESIAN_POINT('',(0.0957482887485764,-0.166583214950683,-0.02695));
#13599=CARTESIAN_POINT('',(0.0957482887485764,-0.166583214950683,-0.03945));
#13600=CARTESIAN_POINT('',(0.098387993651325,-0.164283711465565,-0.03945));
#13601=CARTESIAN_POINT('',(0.098387993651325,-0.164283711465565,-0.02695));
#13602=CARTESIAN_POINT('',(0.098387993651325,-0.164283711465565,-0.02745));
#13603=CARTESIAN_POINT('',(0.0931085838458279,-0.1688827184358,-0.02745));
#13604=CARTESIAN_POINT('',(0.0901359875269108,-0.171446665504911,-0.03995));
#13605=CARTESIAN_POINT('',(0.0901359875269108,-0.171446665504911,-0.02745));
#13606=CARTESIAN_POINT('',(0.0914334717981812,-0.167665678294011,-0.03945));
#13607=CARTESIAN_POINT('',(0.09,-0.1714,-0.02695));
#13608=CARTESIAN_POINT('',(0.09,-0.1714,-0.02695));
#13609=CARTESIAN_POINT('',(0.0980559283698792,-0.163909871957078,-0.02695));
#13610=CARTESIAN_POINT('',(0.0906089165136595,-0.171608955903557,-0.02695));
#13611=CARTESIAN_POINT('',(0.0980595703339379,-0.163906699364173,-0.02695));
#13612=CARTESIAN_POINT('',(0.0906089165136595,-0.171608955903557,-0.02745));
#13613=CARTESIAN_POINT('',(0.0906089165136595,-0.171608955903557,-0.03945));
#13614=CARTESIAN_POINT('',(0.0954198654311893,-0.16620620284929,-0.03945));
#13615=CARTESIAN_POINT('',(0.098387993651325,-0.164283711465565,-0.03945));
#13616=CARTESIAN_POINT('',(0.098387993651325,-0.164283711465565,-0.039714129880948));
#13617=CARTESIAN_POINT('',(0.098235780428218,-0.164103309945167,-0.03995));
#13618=CARTESIAN_POINT('',(0.0980559283698792,-0.163909871957078,-0.03995));
#13619=CARTESIAN_POINT('',(0.0897660125830604,-0.171131395174796,-0.02745));
#13620=CARTESIAN_POINT('',(0.0980559283698792,-0.163909871957078,-0.02695));
#13621=CARTESIAN_POINT('',(0.098235778810629,-0.164103308205386,-0.0269500000000001));
#13622=CARTESIAN_POINT('',(0.098387993651325,-0.164283711465565,-0.0271858715520769));
#13623=CARTESIAN_POINT('',(0.098387993651325,-0.164283711465565,-0.02745));
#13624=CARTESIAN_POINT('',(0.09,-0.1714,-0.04095));
#13625=CARTESIAN_POINT('',(0.09,-0.1714,-0.03995));
#13626=CARTESIAN_POINT('',(0.100969103876728,-0.172223869007519,-0.03995));
#13627=CARTESIAN_POINT('',(0.100988892825492,-0.17196039625564,-0.0399500000000001));
#13628=CARTESIAN_POINT('',(0.10099522054019,-0.171724230277076,-0.0397142211646424));
#13629=CARTESIAN_POINT('',(0.10099522054019,-0.171724230277076,-0.03945));
#13630=CARTESIAN_POINT('',(0.10099522054019,-0.171724230277076,-0.03945));
#13631=CARTESIAN_POINT('',(0.10099522054019,-0.171724230277076,-0.02695));
#13632=CARTESIAN_POINT('',(0.10099522054019,-0.171724230277076,-0.02745));
#13633=CARTESIAN_POINT('',(0.10099522054019,-0.171724230277076,-0.02745));
#13634=CARTESIAN_POINT('',(0.10099522054019,-0.171724230277076,-0.0271857800922256));
#13635=CARTESIAN_POINT('',(0.100988892911652,-0.17196039510849,-0.0269499999999999));
#13636=CARTESIAN_POINT('',(0.100969103876728,-0.172223869007519,-0.02695));
#13637=CARTESIAN_POINT('',(0.100969103876728,-0.172223869007519,-0.02695));
#13638=CARTESIAN_POINT('',(0.09,-0.1714,-0.02695));
#13639=CARTESIAN_POINT('',(0.0825183014983758,-0.171918101610817,-0.02695));
#13640=CARTESIAN_POINT('',(0.0860054818609817,-0.171609343824972,-0.02745));
#13641=CARTESIAN_POINT('',(0.0825183014983758,-0.171918101610817,-0.03945));
#13642=CARTESIAN_POINT('',(0.0899174130752831,-0.171282315350662,-0.03995));
#13643=CARTESIAN_POINT('',(0.0899174130752831,-0.171282315350662,-0.02745));
#13644=CARTESIAN_POINT('',(0.0809141019508735,-0.177600520674982,-0.02745));
#13645=CARTESIAN_POINT('',(0.0809141019508735,-0.177600520674982,-0.02695));
#13646=CARTESIAN_POINT('',(0.0809141019508735,-0.177600520674982,-0.03945));
#13647=CARTESIAN_POINT('',(0.0866453177282183,-0.17357855614006,-0.03945));
#13648=CARTESIAN_POINT('',(0.09,-0.1714,-0.02695));
#13649=CARTESIAN_POINT('',(0.0790752190277508,-0.172724910976243,-0.02695));
#13650=CARTESIAN_POINT('',(0.09,-0.1714,-0.02695));
#13651=CARTESIAN_POINT('',(0.0806415504982227,-0.177180953461384,-0.02695));
#13652=CARTESIAN_POINT('',(0.089630197390784,-0.170873038976341,-0.02695));
#13653=CARTESIAN_POINT('',(0.0900314178418243,-0.171754840221261,-0.02745));
#13654=CARTESIAN_POINT('',(0.089630197390784,-0.170873038976341,-0.02745));
#13655=CARTESIAN_POINT('',(0.0809141019508735,-0.177600520674982,-0.02745));
#13656=CARTESIAN_POINT('',(0.0809141019508735,-0.177600520674982,-0.0271857800922254));
#13657=CARTESIAN_POINT('',(0.0807804069048797,-0.177405740026157,-0.02695));
#13658=CARTESIAN_POINT('',(0.0806415504982227,-0.177180953461384,-0.02695));
#13659=CARTESIAN_POINT('',(0.089630197390784,-0.170873038976341,-0.03945));
#13660=CARTESIAN_POINT('',(0.0806415504982227,-0.177180953461384,-0.03995));
#13661=CARTESIAN_POINT('',(0.0807804063003074,-0.17740573904745,-0.03995));
#13662=CARTESIAN_POINT('',(0.0809141019508735,-0.177600520674982,-0.0397142211646426));
#13663=CARTESIAN_POINT('',(0.0809141019508735,-0.177600520674982,-0.03945));
#13664=CARTESIAN_POINT('',(0.0825623993903567,-0.172416153190397,-0.03945));
#13665=CARTESIAN_POINT('',(0.09,-0.1714,-0.04095));
#13666=CARTESIAN_POINT('',(0.09,-0.1714,-0.02695));
#13667=CARTESIAN_POINT('',(0.0879018623241604,-0.182198046966615,-0.02695));
#13668=CARTESIAN_POINT('',(0.0879018623241604,-0.182198046966615,-0.02695));
#13669=CARTESIAN_POINT('',(0.09,-0.1714,-0.03995));
#13670=CARTESIAN_POINT('',(0.0881807719292789,-0.178675620315481,-0.02695));
#13671=CARTESIAN_POINT('',(0.0881807719292789,-0.178675620315481,-0.03945));
#13672=CARTESIAN_POINT('',(0.0875099300202672,-0.181595259835308,-0.03945));
#13673=CARTESIAN_POINT('',(0.0875099300202672,-0.181595259835308,-0.02695));
#13674=CARTESIAN_POINT('',(0.0875099300202672,-0.181595259835308,-0.02745));
#13675=CARTESIAN_POINT('',(0.0889647238195899,-0.175263703305156,-0.02745));
#13676=CARTESIAN_POINT('',(0.0898625544841291,-0.17144217827629,-0.03995));
#13677=CARTESIAN_POINT('',(0.0930893486860262,-0.181957268808558,-0.02695));
#13678=CARTESIAN_POINT('',(0.0930893486860262,-0.181957268808558,-0.02745));
#13679=CARTESIAN_POINT('',(0.0930893486860262,-0.181957268808558,-0.03945));
#13680=CARTESIAN_POINT('',(0.0910352761804101,-0.175263703305156,-0.03945));
#13681=CARTESIAN_POINT('',(0.0898625544841291,-0.17144217827629,-0.02745));
#13682=CARTESIAN_POINT('',(0.09,-0.1714,-0.02695));
#13683=CARTESIAN_POINT('',(0.09,-0.1714,-0.02695));
#13684=CARTESIAN_POINT('',(0.0926060935227989,-0.182086827244342,-0.02695));
#13685=CARTESIAN_POINT('',(0.0893845549938038,-0.171588863269554,-0.02695));
#13686=CARTESIAN_POINT('',(0.0878841222372173,-0.182199504140447,-0.02695));
#13687=CARTESIAN_POINT('',(0.0878852654038743,-0.1821945288482,-0.02695));
#13688=CARTESIAN_POINT('',(0.0879972322185167,-0.18170722664995,-0.02695));
#13689=CARTESIAN_POINT('',(0.0903471817517238,-0.171479771515462,-0.02745));
#13690=CARTESIAN_POINT('',(0.0879972322185167,-0.18170722664995,-0.02745));
#13691=CARTESIAN_POINT('',(0.0886680741275284,-0.178787587130123,-0.03945));
#13692=CARTESIAN_POINT('',(0.0879972322185167,-0.18170722664995,-0.03945));
#13693=CARTESIAN_POINT('',(0.0879972322185167,-0.18170722664995,-0.02695));
#13694=CARTESIAN_POINT('',(0.0893845549938038,-0.171588863269554,-0.03945));
#13695=CARTESIAN_POINT('',(0.092606093522799,-0.182086827244342,-0.03995));
#13696=CARTESIAN_POINT('',(0.0928627861218082,-0.182024230095129,-0.03995));
#13697=CARTESIAN_POINT('',(0.0930893486860262,-0.181957268808558,-0.0397142211646425));
#13698=CARTESIAN_POINT('',(0.0930893486860262,-0.181957268808558,-0.03945));
#13699=CARTESIAN_POINT('',(0.0893845549938038,-0.171588863269554,-0.02745));
#13700=CARTESIAN_POINT('',(0.0930893486860262,-0.181957268808558,-0.02745));
#13701=CARTESIAN_POINT('',(0.0930893486860262,-0.181957268808558,-0.0271857800922255));
#13702=CARTESIAN_POINT('',(0.092862787239437,-0.182024229822584,-0.02695));
#13703=CARTESIAN_POINT('',(0.092606093522799,-0.182086827244342,-0.02695));
#13704=CARTESIAN_POINT('',(0.09,-0.1714,-0.04095));
#13705=CARTESIAN_POINT('',(0.09,-0.1714,-0.03995));
#13706=CARTESIAN_POINT('',(0.09,-0.1714,-0.02695));
#13707=CARTESIAN_POINT('',(0.0996129538548665,-0.176747066315673,-0.02695));
#13708=CARTESIAN_POINT('',(0.0996129538548665,-0.176747066315673,-0.02695));
#13709=CARTESIAN_POINT('',(0.0994845618930628,-0.176977889337362,-0.0269500000000001));
#13710=CARTESIAN_POINT('',(0.0993600251694795,-0.177178401926719,-0.0271858715520768));
#13711=CARTESIAN_POINT('',(0.0993600251694795,-0.177178401926719,-0.02745));
#13712=CARTESIAN_POINT('',(0.0993600251694795,-0.177178401926719,-0.02745));
#13713=CARTESIAN_POINT('',(0.0993600251694795,-0.177178401926719,-0.02695));
#13714=CARTESIAN_POINT('',(0.0993600251694795,-0.177178401926719,-0.03945));
#13715=CARTESIAN_POINT('',(0.0993600251694795,-0.177178401926719,-0.03945));
#13716=CARTESIAN_POINT('',(0.0993600251694795,-0.177178401926719,-0.039714129880948));
#13717=CARTESIAN_POINT('',(0.0994845607382953,-0.176977891413402,-0.0399500000000001));
#13718=CARTESIAN_POINT('',(0.0996129538548665,-0.176747066315673,-0.03995));
#13719=CARTESIAN_POINT('',(0.0963573537206306,-0.17537847903339,-0.02695));
#13720=CARTESIAN_POINT('',(0.0933546822717817,-0.17357855614006,-0.02745));
#13721=CARTESIAN_POINT('',(0.0963573537206306,-0.17537847903339,-0.03945));
#13722=CARTESIAN_POINT('',(0.0899976409243074,-0.171543752257672,-0.03995));
#13723=CARTESIAN_POINT('',(0.0899976409243074,-0.171543752257672,-0.02745));
#13724=CARTESIAN_POINT('',(0.0939945181390183,-0.171609343824972,-0.03945));
#13725=CARTESIAN_POINT('',(0.09,-0.1714,-0.02695));
#13726=CARTESIAN_POINT('',(0.0996170965988094,-0.1767495496442,-0.02695));
#13727=CARTESIAN_POINT('',(0.09,-0.1714,-0.02695));
#13728=CARTESIAN_POINT('',(0.0899894366771803,-0.172043684943469,-0.02695));
#13729=CARTESIAN_POINT('',(0.0901831522810148,-0.171094461286629,-0.02745));
#13730=CARTESIAN_POINT('',(0.0899894366771803,-0.172043684943469,-0.02745));
#13731=CARTESIAN_POINT('',(0.0899894366771803,-0.172043684943469,-0.03945));
#13732=CARTESIAN_POINT('',(0.0966144251499605,-0.17494962675087,-0.03945));
#13733=CARTESIAN_POINT('',(0.09,-0.1714,-0.04095));
#13734=CARTESIAN_POINT('',(0.09,-0.1714,-0.03595));
#13735=CARTESIAN_POINT('',(0.105,-0.1714,-0.03595));
#13736=CARTESIAN_POINT('',(0.09,-0.1714,-0.03095));
#13737=CARTESIAN_POINT('',(0.105,-0.1714,-0.03095));
#13738=CARTESIAN_POINT('',(0.09,-0.1714,-0.03595));
#13739=CARTESIAN_POINT('',(0.09,-0.1714,-0.02595));
#13740=CARTESIAN_POINT('',(0.,0.,0.));
#13741=CARTESIAN_POINT('',(0.01,-0.1714,-0.01495));
#13742=CARTESIAN_POINT('',(0.01,-0.1714,-0.00895));
#13743=CARTESIAN_POINT('',(0.014,-0.1714,-0.00895));
#13744=CARTESIAN_POINT('',(0.01,-0.1714,-0.03975));
#13745=CARTESIAN_POINT('',(0.00847359999739549,-0.167702689757127,-0.03975));
#13746=CARTESIAN_POINT('',(0.0115264832601343,-0.167702724130319,-0.03975));
#13747=CARTESIAN_POINT('',(0.00847359999739553,-0.167702689757128,-0.03975));
#13748=CARTESIAN_POINT('',(0.00853290564712815,-0.167678205973523,-0.0396644573110143));
#13749=CARTESIAN_POINT('',(0.0085665282018188,-0.167665678294011,-0.0395580299949774));
#13750=CARTESIAN_POINT('',(0.0085665282018188,-0.167665678294011,-0.03945));
#13751=CARTESIAN_POINT('',(0.0085665282018188,-0.167665678294011,-0.03945));
#13752=CARTESIAN_POINT('',(0.0085665282018188,-0.167665678294011,-0.02695));
#13753=CARTESIAN_POINT('',(0.0085665282018188,-0.167665678294011,-0.02745));
#13754=CARTESIAN_POINT('',(0.0085665282018188,-0.167665678294011,-0.02745));
#13755=CARTESIAN_POINT('',(0.0085665282018188,-0.167665678294011,-0.0271857293871787));
#13756=CARTESIAN_POINT('',(0.00834466818908803,-0.167749011265615,-0.0269500000000001));
#13757=CARTESIAN_POINT('',(0.00811169314192212,-0.167873770113884,-0.02695));
#13758=CARTESIAN_POINT('',(0.00811169314192212,-0.167873770113885,-0.02695));
#13759=CARTESIAN_POINT('',(0.01,-0.1714,-0.02695));
#13760=CARTESIAN_POINT('',(0.00723151848816935,-0.168512871648393,-0.02695));
#13761=CARTESIAN_POINT('',(0.00723151848816935,-0.168512871648393,-0.02695));
#13762=CARTESIAN_POINT('',(0.00704030213831197,-0.168696229942473,-0.0269499999999999));
#13763=CARTESIAN_POINT('',(0.00689141615417212,-0.1688827184358,-0.0271850297767354));
#13764=CARTESIAN_POINT('',(0.00689141615417212,-0.1688827184358,-0.02745));
#13765=CARTESIAN_POINT('',(0.00689141615417211,-0.1688827184358,-0.02745));
#13766=CARTESIAN_POINT('',(0.00689141615417211,-0.1688827184358,-0.02695));
#13767=CARTESIAN_POINT('',(0.00689141615417211,-0.1688827184358,-0.03945));
#13768=CARTESIAN_POINT('',(0.00689141615417211,-0.1688827184358,-0.03945));
#13769=CARTESIAN_POINT('',(0.00689141615417211,-0.1688827184358,-0.0395583335060254));
#13770=CARTESIAN_POINT('',(0.00691338136164627,-0.168855008676634,-0.0396637974213592));
#13771=CARTESIAN_POINT('',(0.00695539096060887,-0.16880570707181,-0.0397500000000001));
#13772=CARTESIAN_POINT('',(0.0069553909606089,-0.16880570707181,-0.03975));
#13773=CARTESIAN_POINT('',(0.01,-0.1714,-0.03975));
#13774=CARTESIAN_POINT('',(0.00601196545973266,-0.171709160970426,-0.03975));
#13775=CARTESIAN_POINT('',(0.00601196545973266,-0.171709160970426,-0.0397500000000001));
#13776=CARTESIAN_POINT('',(0.00600700645142157,-0.171645192040574,-0.0396644573110144));
#13777=CARTESIAN_POINT('',(0.0060054818609817,-0.171609343824972,-0.0395580299949774));
#13778=CARTESIAN_POINT('',(0.0060054818609817,-0.171609343824972,-0.03945));
#13779=CARTESIAN_POINT('',(0.0060054818609817,-0.171609343824972,-0.03945));
#13780=CARTESIAN_POINT('',(0.0060054818609817,-0.171609343824972,-0.02695));
#13781=CARTESIAN_POINT('',(0.0060054818609817,-0.171609343824972,-0.02745));
#13782=CARTESIAN_POINT('',(0.0060054818609817,-0.171609343824972,-0.02745));
#13783=CARTESIAN_POINT('',(0.0060054818609817,-0.171609343824972,-0.0271857293871791));
#13784=CARTESIAN_POINT('',(0.0060161777123417,-0.171846096540202,-0.02695));
#13785=CARTESIAN_POINT('',(0.00606283717911405,-0.172106221581257,-0.02695));
#13786=CARTESIAN_POINT('',(0.00606283717911405,-0.172106221581257,-0.02695));
#13787=CARTESIAN_POINT('',(0.01,-0.1714,-0.02695));
#13788=CARTESIAN_POINT('',(0.00639866993205534,-0.173140810656481,-0.02695));
#13789=CARTESIAN_POINT('',(0.00639866993205534,-0.173140810656481,-0.02695));
#13790=CARTESIAN_POINT('',(0.00651396493074831,-0.173379329040965,-0.0269500000000001));
#13791=CARTESIAN_POINT('',(0.0066453177282183,-0.17357855614006,-0.0271850297767353));
#13792=CARTESIAN_POINT('',(0.0066453177282183,-0.17357855614006,-0.02745));
#13793=CARTESIAN_POINT('',(0.0066453177282183,-0.17357855614006,-0.02745));
#13794=CARTESIAN_POINT('',(0.0066453177282183,-0.17357855614006,-0.02695));
#13795=CARTESIAN_POINT('',(0.0066453177282183,-0.17357855614006,-0.03945));
#13796=CARTESIAN_POINT('',(0.0066453177282183,-0.17357855614006,-0.03945));
#13797=CARTESIAN_POINT('',(0.0066453177282183,-0.17357855614006,-0.0395583335060253));
#13798=CARTESIAN_POINT('',(0.00662575180359185,-0.173549103199867,-0.039663797421359));
#13799=CARTESIAN_POINT('',(0.00659184487106674,-0.173493914663286,-0.0397499999999999));
#13800=CARTESIAN_POINT('',(0.00659184487106681,-0.173493914663286,-0.03975));
#13801=CARTESIAN_POINT('',(0.01,-0.1714,-0.03975));
#13802=CARTESIAN_POINT('',(0.00906165910841074,-0.175288382230591,-0.03975));
#13803=CARTESIAN_POINT('',(0.00906165910841071,-0.17528838223059,-0.03975));
#13804=CARTESIAN_POINT('',(0.00899928862299133,-0.175273331041323,-0.0396644573110144));
#13805=CARTESIAN_POINT('',(0.00896472381958992,-0.175263703305156,-0.0395580299949774));
#13806=CARTESIAN_POINT('',(0.00896472381958992,-0.175263703305156,-0.03945));
#13807=CARTESIAN_POINT('',(0.00896472381958992,-0.175263703305156,-0.03945));
#13808=CARTESIAN_POINT('',(0.00896472381958992,-0.175263703305156,-0.02695));
#13809=CARTESIAN_POINT('',(0.00896472381958992,-0.175263703305156,-0.02745));
#13810=CARTESIAN_POINT('',(0.00896472381958992,-0.175263703305156,-0.02745));
#13811=CARTESIAN_POINT('',(0.00896472381958992,-0.175263703305156,-0.0271857293871789));
#13812=CARTESIAN_POINT('',(0.0091931942319998,-0.175326691558494,-0.02695));
#13813=CARTESIAN_POINT('',(0.00945500641552795,-0.175362698826921,-0.02695));
#13814=CARTESIAN_POINT('',(0.00945500641552795,-0.175362698826921,-0.02695));
#13815=CARTESIAN_POINT('',(0.01,-0.1714,-0.02695));
#13816=CARTESIAN_POINT('',(0.0105427371251339,-0.17536300850529,-0.02695));
#13817=CARTESIAN_POINT('',(0.0105427371251339,-0.17536300850529,-0.02695));
#13818=CARTESIAN_POINT('',(0.0108052097029163,-0.175327062679763,-0.02695));
#13819=CARTESIAN_POINT('',(0.0110352761804101,-0.175263703305156,-0.0271850297767354));
#13820=CARTESIAN_POINT('',(0.0110352761804101,-0.175263703305156,-0.02745));
#13821=CARTESIAN_POINT('',(0.0110352761804101,-0.175263703305156,-0.02745));
#13822=CARTESIAN_POINT('',(0.0110352761804101,-0.175263703305156,-0.02695));
#13823=CARTESIAN_POINT('',(0.0110352761804101,-0.175263703305156,-0.03945));
#13824=CARTESIAN_POINT('',(0.0110352761804101,-0.175263703305156,-0.03945));
#13825=CARTESIAN_POINT('',(0.0110352761804101,-0.175263703305156,-0.0395583335060253));
#13826=CARTESIAN_POINT('',(0.0110012185664955,-0.175273210146216,-0.039663797421359));
#13827=CARTESIAN_POINT('',(0.0109382533307781,-0.175288403359643,-0.03975));
#13828=CARTESIAN_POINT('',(0.0109382533307781,-0.175288403359643,-0.03975));
#13829=CARTESIAN_POINT('',(0.01,-0.1714,-0.03975));
#13830=CARTESIAN_POINT('',(0.0134081079762313,-0.17349399140933,-0.03975));
#13831=CARTESIAN_POINT('',(0.0134081079762313,-0.17349399140933,-0.0397500000000001));
#13832=CARTESIAN_POINT('',(0.0133745199046584,-0.173548658192644,-0.0396644573110145));
#13833=CARTESIAN_POINT('',(0.0133546822717817,-0.17357855614006,-0.0395580299949774));
#13834=CARTESIAN_POINT('',(0.0133546822717817,-0.17357855614006,-0.03945));
#13835=CARTESIAN_POINT('',(0.0133546822717817,-0.17357855614006,-0.03945));
#13836=CARTESIAN_POINT('',(0.0133546822717817,-0.17357855614006,-0.02695));
#13837=CARTESIAN_POINT('',(0.0133546822717817,-0.17357855614006,-0.02745));
#13838=CARTESIAN_POINT('',(0.0133546822717817,-0.17357855614006,-0.02745));
#13839=CARTESIAN_POINT('',(0.0133546822717817,-0.17357855614006,-0.0271857293871788));
#13840=CARTESIAN_POINT('',(0.0134851889007148,-0.173380732306284,-0.02695));
#13841=CARTESIAN_POINT('',(0.0136003382620316,-0.17314286098096,-0.02695));
#13842=CARTESIAN_POINT('',(0.0136003382620316,-0.173142860980959,-0.02695));
#13843=CARTESIAN_POINT('',(0.01,-0.1714,-0.02695));
#13844=CARTESIAN_POINT('',(0.0139367600582338,-0.172108463297493,-0.02695));
#13845=CARTESIAN_POINT('',(0.0139367600582338,-0.172108463297493,-0.02695));
#13846=CARTESIAN_POINT('',(0.0139836820337252,-0.17184772917108,-0.02695));
#13847=CARTESIAN_POINT('',(0.0139945181390183,-0.171609343824972,-0.0271850297767355));
#13848=CARTESIAN_POINT('',(0.0139945181390183,-0.171609343824972,-0.02745));
#13849=CARTESIAN_POINT('',(0.0139945181390183,-0.171609343824972,-0.02745));
#13850=CARTESIAN_POINT('',(0.0139945181390183,-0.171609343824972,-0.02695));
#13851=CARTESIAN_POINT('',(0.0139945181390183,-0.171609343824972,-0.03945));
#13852=CARTESIAN_POINT('',(0.0139945181390183,-0.171609343824972,-0.03945));
#13853=CARTESIAN_POINT('',(0.0139945181390183,-0.171609343824972,-0.0395583335060253));
#13854=CARTESIAN_POINT('',(0.0139930353006697,-0.171644672316065,-0.039663797421359));
#13855=CARTESIAN_POINT('',(0.0139880275774119,-0.171709250774942,-0.03975));
#13856=CARTESIAN_POINT('',(0.0139880275774119,-0.171709250774942,-0.03975));
#13857=CARTESIAN_POINT('',(0.01,-0.1714,-0.03975));
#13858=CARTESIAN_POINT('',(0.0130446674582298,-0.168805775632526,-0.03975));
#13859=CARTESIAN_POINT('',(0.0130446674582299,-0.168805775632526,-0.0397500000000001));
#13860=CARTESIAN_POINT('',(0.0130862793738007,-0.168854612751937,-0.0396644573110144));
#13861=CARTESIAN_POINT('',(0.0131085838458279,-0.1688827184358,-0.0395580299949774));
#13862=CARTESIAN_POINT('',(0.0131085838458279,-0.1688827184358,-0.03945));
#13863=CARTESIAN_POINT('',(0.0131085838458279,-0.1688827184358,-0.03945));
#13864=CARTESIAN_POINT('',(0.0131085838458279,-0.1688827184358,-0.02695));
#13865=CARTESIAN_POINT('',(0.0131085838458279,-0.1688827184358,-0.02745));
#13866=CARTESIAN_POINT('',(0.0131085838458279,-0.1688827184358,-0.02745));
#13867=CARTESIAN_POINT('',(0.0131085838458279,-0.1688827184358,-0.0271857293871789));
#13868=CARTESIAN_POINT('',(0.0129607709658558,-0.168697468329405,-0.02695));
#13869=CARTESIAN_POINT('',(0.0127701250014043,-0.168514448496977,-0.02695));
#13870=CARTESIAN_POINT('',(0.0127701250014043,-0.168514448496977,-0.02695));
#13871=CARTESIAN_POINT('',(0.01,-0.1714,-0.02695));
#13872=CARTESIAN_POINT('',(0.0118903143964076,-0.167874845892343,-0.02695));
#13873=CARTESIAN_POINT('',(0.0118903143964076,-0.167874845892343,-0.02695));
#13874=CARTESIAN_POINT('',(0.0116568411942981,-0.167749649165719,-0.02695));
#13875=CARTESIAN_POINT('',(0.0114334717981812,-0.167665678294011,-0.0271850297767353));
#13876=CARTESIAN_POINT('',(0.0114334717981812,-0.167665678294011,-0.02745));
#13877=CARTESIAN_POINT('',(0.0114334717981812,-0.167665678294011,-0.02745));
#13878=CARTESIAN_POINT('',(0.0114334717981812,-0.167665678294011,-0.02695));
#13879=CARTESIAN_POINT('',(0.0114334717981812,-0.167665678294011,-0.03945));
#13880=CARTESIAN_POINT('',(0.0114334717981812,-0.167665678294011,-0.03945));
#13881=CARTESIAN_POINT('',(0.0114334717981812,-0.167665678294011,-0.0395583335060254));
#13882=CARTESIAN_POINT('',(0.0114666129675966,-0.167678005661219,-0.039663797421359));
#13883=CARTESIAN_POINT('',(0.0115264832601344,-0.167702724130318,-0.03975));
#13884=CARTESIAN_POINT('',(0.01,-0.1714,-0.03995));
#13885=CARTESIAN_POINT('',(0.00976601258306035,-0.171131395174796,-0.03995));
#13886=CARTESIAN_POINT('',(0.0180559283698792,-0.163909871957078,-0.03995));
#13887=CARTESIAN_POINT('',(0.0127701250014043,-0.168514448496977,-0.03995));
#13888=CARTESIAN_POINT('',(0.01,-0.1714,-0.03995));
#13889=CARTESIAN_POINT('',(0.0118903143964076,-0.167874845892343,-0.03995));
#13890=CARTESIAN_POINT('',(0.0141790003083612,-0.161205406921503,-0.03995));
#13891=CARTESIAN_POINT('',(0.0141731854991472,-0.161222351804581,-0.03995));
#13892=CARTESIAN_POINT('',(0.01,-0.1714,-0.03995));
#13893=CARTESIAN_POINT('',(0.01,-0.1714,-0.03995));
#13894=CARTESIAN_POINT('',(0.00967223554237675,-0.171539531801852,-0.03995));
#13895=CARTESIAN_POINT('',(0.00536588368865332,-0.161423779973712,-0.03995));
#13896=CARTESIAN_POINT('',(0.00811169314192212,-0.167873770113885,-0.03995));
#13897=CARTESIAN_POINT('',(0.01,-0.1714,-0.03995));
#13898=CARTESIAN_POINT('',(0.00723151848816935,-0.168512871648393,-0.03995));
#13899=CARTESIAN_POINT('',(0.00159574793650008,-0.164275232013141,-0.03995));
#13900=CARTESIAN_POINT('',(0.00161006660310309,-0.164285998482174,-0.03995));
#13901=CARTESIAN_POINT('',(0.01,-0.1714,-0.03995));
#13902=CARTESIAN_POINT('',(0.01,-0.1714,-0.03995));
#13903=CARTESIAN_POINT('',(0.0100314178418243,-0.171754840221261,-0.03995));
#13904=CARTESIAN_POINT('',(-0.000919969758111524,-0.172724484987429,-0.03995));
#13905=CARTESIAN_POINT('',(0.00606283717911405,-0.172106221581257,-0.03995));
#13906=CARTESIAN_POINT('',(0.01,-0.1714,-0.03995));
#13907=CARTESIAN_POINT('',(0.00639866993205535,-0.173140810656481,-0.03995));
#13908=CARTESIAN_POINT('',(0.000626886266374366,-0.17719124430066,-0.03995));
#13909=CARTESIAN_POINT('',(0.000641550498222679,-0.177180953461384,-0.03995));
#13910=CARTESIAN_POINT('',(0.01,-0.1714,-0.03995));
#13911=CARTESIAN_POINT('',(0.01,-0.1714,-0.03995));
#13912=CARTESIAN_POINT('',(0.0103471817517238,-0.171479771515462,-0.03995));
#13913=CARTESIAN_POINT('',(0.00788526540387425,-0.1821945288482,-0.03995));
#13914=CARTESIAN_POINT('',(0.00945500641552796,-0.175362698826921,-0.03995));
#13915=CARTESIAN_POINT('',(0.01,-0.1714,-0.03995));
#13916=CARTESIAN_POINT('',(0.0105427371251339,-0.17536300850529,-0.03995));
#13917=CARTESIAN_POINT('',(0.0126113491957008,-0.182103953801821,-0.03995));
#13918=CARTESIAN_POINT('',(0.012606093522799,-0.182086827244342,-0.03995));
#13919=CARTESIAN_POINT('',(0.01,-0.1714,-0.03995));
#13920=CARTESIAN_POINT('',(0.00790186232416035,-0.182198046966615,-0.03995));
#13921=CARTESIAN_POINT('',(0.0079972322185167,-0.18170722664995,-0.03995));
#13922=CARTESIAN_POINT('',(0.01,-0.1714,-0.03995));
#13923=CARTESIAN_POINT('',(0.0101831522810147,-0.171094461286629,-0.03995));
#13924=CARTESIAN_POINT('',(0.0196129538548664,-0.176747066315673,-0.03995));
#13925=CARTESIAN_POINT('',(0.0136003382620316,-0.173142860980959,-0.03995));
#13926=CARTESIAN_POINT('',(0.01,-0.1714,-0.03995));
#13927=CARTESIAN_POINT('',(0.0139367600582338,-0.172108463297493,-0.03995));
#13928=CARTESIAN_POINT('',(0.0209870162930634,-0.172224162962874,-0.03995));
#13929=CARTESIAN_POINT('',(0.020969103876728,-0.172223869007519,-0.03995));
#13930=CARTESIAN_POINT('',(0.01,-0.1714,-0.03995));
#13931=CARTESIAN_POINT('',(0.0118,-0.1714,-0.00895));
#13932=CARTESIAN_POINT('',(0.0118,-0.1714,-0.01495));
#13933=CARTESIAN_POINT('',(0.0118,-0.169455134966122,-0.01495));
#13934=CARTESIAN_POINT('',(0.0118,-0.173344865033877,-0.01495));
#13935=CARTESIAN_POINT('',(0.0118,-0.173344865033877,-0.00895));
#13936=CARTESIAN_POINT('',(0.0118,-0.173344865033877,-0.00895));
#13937=CARTESIAN_POINT('',(0.0118,-0.1714,-0.00895));
#13938=CARTESIAN_POINT('',(0.0118,-0.169455134966122,-0.00895));
#13939=CARTESIAN_POINT('',(0.0118,-0.169455134966122,-0.00895));
#13940=CARTESIAN_POINT('',(0.01,-0.1714,-0.00895));
#13941=CARTESIAN_POINT('',(0.01,-0.1714,-0.01495));
#13942=CARTESIAN_POINT('',(0.0082,-0.173344865033877,-0.01495));
#13943=CARTESIAN_POINT('',(0.0082,-0.173344865033877,-0.00895));
#13944=CARTESIAN_POINT('',(0.0082,-0.173344865033877,-0.00895));
#13945=CARTESIAN_POINT('',(0.01,-0.1714,-0.00895));
#13946=CARTESIAN_POINT('',(0.0082,-0.1714,-0.00895));
#13947=CARTESIAN_POINT('',(0.0082,-0.1714,-0.01495));
#13948=CARTESIAN_POINT('',(0.0082,-0.169455134966122,-0.01495));
#13949=CARTESIAN_POINT('',(0.0082,-0.169455134966122,-0.00895));
#13950=CARTESIAN_POINT('',(0.0082,-0.169455134966122,-0.00895));
#13951=CARTESIAN_POINT('',(0.0082,-0.1714,-0.00895));
#13952=CARTESIAN_POINT('',(0.01,-0.1714,-0.00895));
#13953=CARTESIAN_POINT('',(0.01,-0.1714,-0.01495));
#13954=CARTESIAN_POINT('',(0.01,-0.1714,-0.00895));
#13955=CARTESIAN_POINT('',(0.01,-0.1714,-0.00895));
#13956=CARTESIAN_POINT('',(0.01,-0.1714,-0.01495));
#13957=CARTESIAN_POINT('',(0.00719528410313824,-0.16444458408963,-0.02695));
#13958=CARTESIAN_POINT('',(0.00719528410313824,-0.16444458408963,-0.03945));
#13959=CARTESIAN_POINT('',(0.00582404000445768,-0.161223489885249,-0.03945));
#13960=CARTESIAN_POINT('',(0.00582404000445768,-0.161223489885249,-0.02695));
#13961=CARTESIAN_POINT('',(0.00582404000445781,-0.161223489885249,-0.02745));
#13962=CARTESIAN_POINT('',(0.0085665282018188,-0.167665678294011,-0.02745));
#13963=CARTESIAN_POINT('',(0.0100864039893696,-0.171285088610465,-0.03995));
#13964=CARTESIAN_POINT('',(0.0100864039893696,-0.171285088610465,-0.02745));
#13965=CARTESIAN_POINT('',(0.00129525750129728,-0.164674863716528,-0.02745));
#13966=CARTESIAN_POINT('',(0.00129525750129728,-0.164674863716528,-0.02695));
#13967=CARTESIAN_POINT('',(0.00129525750129728,-0.164674863716528,-0.03945));
#13968=CARTESIAN_POINT('',(0.00689141615417212,-0.1688827184358,-0.03945));
#13969=CARTESIAN_POINT('',(0.01,-0.1714,-0.02695));
#13970=CARTESIAN_POINT('',(0.01,-0.1714,-0.02695));
#13971=CARTESIAN_POINT('',(0.00536588368865332,-0.161423779973712,-0.02695));
#13972=CARTESIAN_POINT('',(0.00161006660310309,-0.164285998482174,-0.02695));
#13973=CARTESIAN_POINT('',(0.0103868944245723,-0.170885456907079,-0.02695));
#13974=CARTESIAN_POINT('',(0.00536399180228455,-0.161419335874938,-0.02695));
#13975=CARTESIAN_POINT('',(0.0103868944245723,-0.170885456907079,-0.02745));
#13976=CARTESIAN_POINT('',(0.00129525750129728,-0.164674863716528,-0.02745));
#13977=CARTESIAN_POINT('',(0.00129525750129728,-0.164674863716528,-0.0271857800922256));
#13978=CARTESIAN_POINT('',(0.00143919086533483,-0.164487521641177,-0.02695));
#13979=CARTESIAN_POINT('',(0.00161006660310309,-0.164285998482174,-0.02695));
#13980=CARTESIAN_POINT('',(0.0103868944245723,-0.170885456907079,-0.03945));
#13981=CARTESIAN_POINT('',(0.00161006660310309,-0.164285998482174,-0.03995));
#13982=CARTESIAN_POINT('',(0.00143919160931737,-0.164487520763757,-0.03995));
#13983=CARTESIAN_POINT('',(0.00129525750129728,-0.164674863716528,-0.0397142211646424));
#13984=CARTESIAN_POINT('',(0.00129525750129728,-0.164674863716528,-0.03945));
#13985=CARTESIAN_POINT('',(0.00695539096060887,-0.16880570707181,-0.0397500000000001));
#13986=CARTESIAN_POINT('',(0.00701612790573275,-0.168734427437139,-0.039874630594382));
#13987=CARTESIAN_POINT('',(0.00711848038369733,-0.168621264440209,-0.0399500000000001));
#13988=CARTESIAN_POINT('',(0.00723151848816935,-0.168512871648393,-0.03995));
#13989=CARTESIAN_POINT('',(0.00673523590096511,-0.164640430079319,-0.03945));
#13990=CARTESIAN_POINT('',(0.00811169314192212,-0.167873770113884,-0.03995));
#13991=CARTESIAN_POINT('',(0.00824941846880735,-0.167800017781311,-0.03995));
#13992=CARTESIAN_POINT('',(0.00838783371935391,-0.167738097564,-0.0398737095973326));
#13993=CARTESIAN_POINT('',(0.00847359999739553,-0.167702689757128,-0.03975));
#13994=CARTESIAN_POINT('',(0.00582404000445769,-0.161223489885249,-0.03945));
#13995=CARTESIAN_POINT('',(0.00582404000445769,-0.161223489885249,-0.039714129880948));
#13996=CARTESIAN_POINT('',(0.0056054314902245,-0.161312506127337,-0.03995));
#13997=CARTESIAN_POINT('',(0.00536588368865332,-0.161423779973712,-0.03995));
#13998=CARTESIAN_POINT('',(0.00967223554237675,-0.171539531801852,-0.02745));
#13999=CARTESIAN_POINT('',(0.00536588368865332,-0.161423779973712,-0.02695));
#14000=CARTESIAN_POINT('',(0.00560542933573211,-0.161312507128134,-0.02695));
#14001=CARTESIAN_POINT('',(0.00582404000445769,-0.161223489885249,-0.0271858715520768));
#14002=CARTESIAN_POINT('',(0.00582404000445769,-0.161223489885249,-0.02745));
#14003=CARTESIAN_POINT('',(0.0100000000000002,-0.1714,-0.04095));
#14004=CARTESIAN_POINT('',(0.01,-0.1714,-0.02695));
#14005=CARTESIAN_POINT('',(-0.000919969758111721,-0.172724484987429,-0.02695));
#14006=CARTESIAN_POINT('',(-0.000919969758111725,-0.172724484987429,-0.02695));
#14007=CARTESIAN_POINT('',(-0.00095177284710974,-0.172462278338528,-0.02695));
#14008=CARTESIAN_POINT('',(-0.000968878864230019,-0.172226859396662,-0.0271858715520771));
#14009=CARTESIAN_POINT('',(-0.000968878864230019,-0.172226859396662,-0.02745));
#14010=CARTESIAN_POINT('',(-0.000968878864230023,-0.172226859396662,-0.02745));
#14011=CARTESIAN_POINT('',(-0.000968878864230023,-0.172226859396662,-0.02695));
#14012=CARTESIAN_POINT('',(-0.000968878864230023,-0.172226859396662,-0.03945));
#14013=CARTESIAN_POINT('',(-0.000968878864230023,-0.172226859396662,-0.03945));
#14014=CARTESIAN_POINT('',(-0.000968878864230023,-0.172226859396662,-0.0397141298809479));
#14015=CARTESIAN_POINT('',(-0.000951773133149211,-0.172462275980221,-0.0399499999999999));
#14016=CARTESIAN_POINT('',(-0.000919969758111721,-0.172724484987429,-0.03995));
#14017=CARTESIAN_POINT('',(0.01,-0.1714,-0.03995));
#14018=CARTESIAN_POINT('',(0.0100000000000002,-0.1714,-0.04095));
#14019=CARTESIAN_POINT('',(0.01,-0.1714,-0.03995));
#14020=CARTESIAN_POINT('',(0.0141731854991472,-0.161222351804581,-0.03995));
#14021=CARTESIAN_POINT('',(0.0139287231430755,-0.161122113838024,-0.03995));
#14022=CARTESIAN_POINT('',(0.0137060713216125,-0.161043116522857,-0.0397142211646425));
#14023=CARTESIAN_POINT('',(0.0137060713216125,-0.161043116522857,-0.03945));
#14024=CARTESIAN_POINT('',(0.0137060713216125,-0.161043116522857,-0.03945));
#14025=CARTESIAN_POINT('',(0.0137060713216125,-0.161043116522857,-0.02695));
#14026=CARTESIAN_POINT('',(0.0137060713216125,-0.161043116522857,-0.02745));
#14027=CARTESIAN_POINT('',(0.0137060713216125,-0.161043116522857,-0.02745));
#14028=CARTESIAN_POINT('',(0.0137060713216125,-0.161043116522857,-0.0271857800922255));
#14029=CARTESIAN_POINT('',(0.0139287220786966,-0.161122113401592,-0.02695));
#14030=CARTESIAN_POINT('',(0.0141731854991472,-0.161222351804581,-0.02695));
#14031=CARTESIAN_POINT('',(0.0141731854991472,-0.161222351804581,-0.02695));
#14032=CARTESIAN_POINT('',(0.01,-0.1714,-0.02695));
#14033=CARTESIAN_POINT('',(0.0157482887485765,-0.166583214950683,-0.02695));
#14034=CARTESIAN_POINT('',(0.0157482887485765,-0.166583214950683,-0.03945));
#14035=CARTESIAN_POINT('',(0.018387993651325,-0.164283711465565,-0.03945));
#14036=CARTESIAN_POINT('',(0.018387993651325,-0.164283711465565,-0.02695));
#14037=CARTESIAN_POINT('',(0.018387993651325,-0.164283711465565,-0.02745));
#14038=CARTESIAN_POINT('',(0.0131085838458279,-0.1688827184358,-0.02745));
#14039=CARTESIAN_POINT('',(0.0101359875269108,-0.171446665504911,-0.03995));
#14040=CARTESIAN_POINT('',(0.0101359875269108,-0.171446665504911,-0.02745));
#14041=CARTESIAN_POINT('',(0.0114334717981812,-0.167665678294011,-0.03945));
#14042=CARTESIAN_POINT('',(0.01,-0.1714,-0.02695));
#14043=CARTESIAN_POINT('',(0.01,-0.1714,-0.02695));
#14044=CARTESIAN_POINT('',(0.0180559283698792,-0.163909871957078,-0.02695));
#14045=CARTESIAN_POINT('',(0.0106089165136595,-0.171608955903557,-0.02695));
#14046=CARTESIAN_POINT('',(0.0180595703339379,-0.163906699364173,-0.02695));
#14047=CARTESIAN_POINT('',(0.0106089165136595,-0.171608955903557,-0.02745));
#14048=CARTESIAN_POINT('',(0.0106089165136595,-0.171608955903557,-0.03945));
#14049=CARTESIAN_POINT('',(0.0115264832601344,-0.167702724130318,-0.03975));
#14050=CARTESIAN_POINT('',(0.0116130429693964,-0.167738461779292,-0.0398746305943819));
#14051=CARTESIAN_POINT('',(0.0117522960301374,-0.167800835481234,-0.03995));
#14052=CARTESIAN_POINT('',(0.0118903143964076,-0.167874845892343,-0.03995));
#14053=CARTESIAN_POINT('',(0.0154198654311893,-0.16620620284929,-0.03945));
#14054=CARTESIAN_POINT('',(0.0127701250014043,-0.168514448496977,-0.03995));
#14055=CARTESIAN_POINT('',(0.012882827104453,-0.168622642342431,-0.0399500000000001));
#14056=CARTESIAN_POINT('',(0.0129844893953172,-0.168735148668973,-0.0398737095973327));
#14057=CARTESIAN_POINT('',(0.0130446674582299,-0.168805775632526,-0.0397500000000001));
#14058=CARTESIAN_POINT('',(0.018387993651325,-0.164283711465565,-0.03945));
#14059=CARTESIAN_POINT('',(0.018387993651325,-0.164283711465565,-0.039714129880948));
#14060=CARTESIAN_POINT('',(0.018235780428218,-0.164103309945167,-0.03995));
#14061=CARTESIAN_POINT('',(0.0180559283698792,-0.163909871957078,-0.03995));
#14062=CARTESIAN_POINT('',(0.00976601258306035,-0.171131395174796,-0.02745));
#14063=CARTESIAN_POINT('',(0.0180559283698792,-0.163909871957078,-0.02695));
#14064=CARTESIAN_POINT('',(0.018235778810629,-0.164103308205386,-0.0269500000000001));
#14065=CARTESIAN_POINT('',(0.018387993651325,-0.164283711465565,-0.0271858715520769));
#14066=CARTESIAN_POINT('',(0.018387993651325,-0.164283711465565,-0.02745));
#14067=CARTESIAN_POINT('',(0.0100000000000002,-0.1714,-0.04095));
#14068=CARTESIAN_POINT('',(0.01,-0.1714,-0.03995));
#14069=CARTESIAN_POINT('',(0.020969103876728,-0.172223869007519,-0.03995));
#14070=CARTESIAN_POINT('',(0.0209888928254916,-0.17196039625564,-0.0399500000000001));
#14071=CARTESIAN_POINT('',(0.0209952205401905,-0.171724230277076,-0.0397142211646424));
#14072=CARTESIAN_POINT('',(0.0209952205401905,-0.171724230277076,-0.03945));
#14073=CARTESIAN_POINT('',(0.0209952205401905,-0.171724230277076,-0.03945));
#14074=CARTESIAN_POINT('',(0.0209952205401905,-0.171724230277076,-0.02695));
#14075=CARTESIAN_POINT('',(0.0209952205401905,-0.171724230277076,-0.02745));
#14076=CARTESIAN_POINT('',(0.0209952205401905,-0.171724230277076,-0.02745));
#14077=CARTESIAN_POINT('',(0.0209952205401905,-0.171724230277076,-0.0271857800922256));
#14078=CARTESIAN_POINT('',(0.0209888929116518,-0.17196039510849,-0.0269499999999999));
#14079=CARTESIAN_POINT('',(0.020969103876728,-0.172223869007519,-0.02695));
#14080=CARTESIAN_POINT('',(0.020969103876728,-0.172223869007519,-0.02695));
#14081=CARTESIAN_POINT('',(0.01,-0.1714,-0.02695));
#14082=CARTESIAN_POINT('',(0.00251830149837584,-0.171918101610817,-0.02695));
#14083=CARTESIAN_POINT('',(0.0060054818609817,-0.171609343824972,-0.02745));
#14084=CARTESIAN_POINT('',(0.00251830149837584,-0.171918101610817,-0.03945));
#14085=CARTESIAN_POINT('',(0.00991741307528313,-0.171282315350662,-0.03995));
#14086=CARTESIAN_POINT('',(0.00991741307528313,-0.171282315350662,-0.02745));
#14087=CARTESIAN_POINT('',(0.000914101950873485,-0.177600520674982,-0.02745));
#14088=CARTESIAN_POINT('',(0.000914101950873485,-0.177600520674982,-0.02695));
#14089=CARTESIAN_POINT('',(0.000914101950873485,-0.177600520674982,-0.03945));
#14090=CARTESIAN_POINT('',(0.0066453177282183,-0.17357855614006,-0.03945));
#14091=CARTESIAN_POINT('',(0.01,-0.1714,-0.02695));
#14092=CARTESIAN_POINT('',(-0.000924780972249174,-0.172724910976243,-0.02695));
#14093=CARTESIAN_POINT('',(0.01,-0.1714,-0.02695));
#14094=CARTESIAN_POINT('',(0.000641550498222679,-0.177180953461384,-0.02695));
#14095=CARTESIAN_POINT('',(0.00963019739078402,-0.170873038976341,-0.02695));
#14096=CARTESIAN_POINT('',(0.0100314178418243,-0.171754840221261,-0.02745));
#14097=CARTESIAN_POINT('',(0.00963019739078402,-0.170873038976341,-0.02745));
#14098=CARTESIAN_POINT('',(0.000914101950873485,-0.177600520674982,-0.02745));
#14099=CARTESIAN_POINT('',(0.000914101950873485,-0.177600520674982,-0.0271857800922254));
#14100=CARTESIAN_POINT('',(0.000780406904879698,-0.177405740026157,-0.02695));
#14101=CARTESIAN_POINT('',(0.000641550498222679,-0.177180953461384,-0.02695));
#14102=CARTESIAN_POINT('',(0.00963019739078402,-0.170873038976341,-0.03945));
#14103=CARTESIAN_POINT('',(0.000641550498222675,-0.177180953461384,-0.03995));
#14104=CARTESIAN_POINT('',(0.000780406300307368,-0.17740573904745,-0.03995));
#14105=CARTESIAN_POINT('',(0.000914101950873487,-0.177600520674982,-0.0397142211646426));
#14106=CARTESIAN_POINT('',(0.000914101950873487,-0.177600520674982,-0.03945));
#14107=CARTESIAN_POINT('',(0.00659184487106674,-0.173493914663286,-0.03975));
#14108=CARTESIAN_POINT('',(0.00654282265826413,-0.173414123777381,-0.0398746305943819));
#14109=CARTESIAN_POINT('',(0.00646682690773802,-0.173281811497068,-0.03995));
#14110=CARTESIAN_POINT('',(0.00639866993205534,-0.173140810656481,-0.03995));
#14111=CARTESIAN_POINT('',(0.0025623993903567,-0.172416153190397,-0.03945));
#14112=CARTESIAN_POINT('',(0.00606283717911405,-0.172106221581257,-0.03995));
#14113=CARTESIAN_POINT('',(0.00603525400919226,-0.171952446287524,-0.0399499999999999));
#14114=CARTESIAN_POINT('',(0.00601913704772701,-0.171801671162093,-0.0398737095973327));
#14115=CARTESIAN_POINT('',(0.00601196545973266,-0.171709160970426,-0.0397500000000001));
#14116=CARTESIAN_POINT('',(0.0100000000000002,-0.1714,-0.04095));
#14117=CARTESIAN_POINT('',(0.01,-0.1714,-0.02695));
#14118=CARTESIAN_POINT('',(0.00790186232416035,-0.182198046966615,-0.02695));
#14119=CARTESIAN_POINT('',(0.00790186232416035,-0.182198046966615,-0.02695));
#14120=CARTESIAN_POINT('',(0.01,-0.1714,-0.03995));
#14121=CARTESIAN_POINT('',(0.00818077192927887,-0.178675620315481,-0.02695));
#14122=CARTESIAN_POINT('',(0.00818077192927887,-0.178675620315481,-0.03945));
#14123=CARTESIAN_POINT('',(0.00750993002026717,-0.181595259835308,-0.03945));
#14124=CARTESIAN_POINT('',(0.00750993002026717,-0.181595259835308,-0.02695));
#14125=CARTESIAN_POINT('',(0.00750993002026717,-0.181595259835308,-0.02745));
#14126=CARTESIAN_POINT('',(0.00896472381958992,-0.175263703305156,-0.02745));
#14127=CARTESIAN_POINT('',(0.00986255448412909,-0.17144217827629,-0.03995));
#14128=CARTESIAN_POINT('',(0.0130893486860262,-0.181957268808558,-0.02695));
#14129=CARTESIAN_POINT('',(0.0130893486860262,-0.181957268808558,-0.02745));
#14130=CARTESIAN_POINT('',(0.0130893486860262,-0.181957268808558,-0.03945));
#14131=CARTESIAN_POINT('',(0.0110352761804101,-0.175263703305156,-0.03945));
#14132=CARTESIAN_POINT('',(0.00986255448412909,-0.17144217827629,-0.02745));
#14133=CARTESIAN_POINT('',(0.01,-0.1714,-0.02695));
#14134=CARTESIAN_POINT('',(0.01,-0.1714,-0.02695));
#14135=CARTESIAN_POINT('',(0.0126060935227989,-0.182086827244342,-0.02695));
#14136=CARTESIAN_POINT('',(0.00938455499380377,-0.171588863269554,-0.02695));
#14137=CARTESIAN_POINT('',(0.00788412223721734,-0.182199504140447,-0.02695));
#14138=CARTESIAN_POINT('',(0.00788526540387425,-0.1821945288482,-0.02695));
#14139=CARTESIAN_POINT('',(0.0079972322185167,-0.18170722664995,-0.02695));
#14140=CARTESIAN_POINT('',(0.0103471817517238,-0.171479771515462,-0.02745));
#14141=CARTESIAN_POINT('',(0.0079972322185167,-0.18170722664995,-0.02745));
#14142=CARTESIAN_POINT('',(0.0086680741275284,-0.178787587130123,-0.03945));
#14143=CARTESIAN_POINT('',(0.00945500641552795,-0.175362698826922,-0.03995));
#14144=CARTESIAN_POINT('',(0.0093002337521135,-0.175341412801337,-0.03995));
#14145=CARTESIAN_POINT('',(0.00915185767158622,-0.175310148866474,-0.0398737095973327));
#14146=CARTESIAN_POINT('',(0.00906165910841072,-0.17528838223059,-0.03975));
#14147=CARTESIAN_POINT('',(0.0079972322185167,-0.18170722664995,-0.03945));
#14148=CARTESIAN_POINT('',(0.0079972322185167,-0.18170722664995,-0.02695));
#14149=CARTESIAN_POINT('',(0.00938455499380377,-0.171588863269554,-0.03945));
#14150=CARTESIAN_POINT('',(0.012606093522799,-0.182086827244342,-0.03995));
#14151=CARTESIAN_POINT('',(0.0128627861218082,-0.182024230095129,-0.03995));
#14152=CARTESIAN_POINT('',(0.0130893486860262,-0.181957268808558,-0.0397142211646425));
#14153=CARTESIAN_POINT('',(0.0130893486860262,-0.181957268808558,-0.03945));
#14154=CARTESIAN_POINT('',(0.0109382533307781,-0.175288403359643,-0.03975));
#14155=CARTESIAN_POINT('',(0.0108467510432874,-0.175310482428626,-0.0398752712396513));
#14156=CARTESIAN_POINT('',(0.0106979596525254,-0.175341750658339,-0.03995));
#14157=CARTESIAN_POINT('',(0.0105427371251339,-0.17536300850529,-0.03995));
#14158=CARTESIAN_POINT('',(0.00938455499380377,-0.171588863269554,-0.02745));
#14159=CARTESIAN_POINT('',(0.0130893486860262,-0.181957268808558,-0.02745));
#14160=CARTESIAN_POINT('',(0.0130893486860262,-0.181957268808558,-0.0271857800922255));
#14161=CARTESIAN_POINT('',(0.012862787239437,-0.182024229822584,-0.02695));
#14162=CARTESIAN_POINT('',(0.012606093522799,-0.182086827244343,-0.02695));
#14163=CARTESIAN_POINT('',(0.0100000000000002,-0.1714,-0.04095));
#14164=CARTESIAN_POINT('',(0.01,-0.1714,-0.03995));
#14165=CARTESIAN_POINT('',(0.01,-0.1714,-0.02695));
#14166=CARTESIAN_POINT('',(0.0196129538548666,-0.176747066315673,-0.02695));
#14167=CARTESIAN_POINT('',(0.0196129538548666,-0.176747066315673,-0.02695));
#14168=CARTESIAN_POINT('',(0.0194845618930628,-0.176977889337362,-0.02695));
#14169=CARTESIAN_POINT('',(0.0193600251694795,-0.177178401926719,-0.0271858715520768));
#14170=CARTESIAN_POINT('',(0.0193600251694795,-0.177178401926719,-0.02745));
#14171=CARTESIAN_POINT('',(0.0193600251694795,-0.177178401926719,-0.02745));
#14172=CARTESIAN_POINT('',(0.0193600251694795,-0.177178401926719,-0.02695));
#14173=CARTESIAN_POINT('',(0.0193600251694795,-0.177178401926719,-0.03945));
#14174=CARTESIAN_POINT('',(0.0193600251694795,-0.177178401926719,-0.03945));
#14175=CARTESIAN_POINT('',(0.0193600251694795,-0.177178401926719,-0.039714129880948));
#14176=CARTESIAN_POINT('',(0.0194845607382954,-0.176977891413402,-0.0399500000000001));
#14177=CARTESIAN_POINT('',(0.0196129538548666,-0.176747066315673,-0.03995));
#14178=CARTESIAN_POINT('',(0.0163573537206306,-0.17537847903339,-0.02695));
#14179=CARTESIAN_POINT('',(0.0133546822717817,-0.17357855614006,-0.02745));
#14180=CARTESIAN_POINT('',(0.0163573537206306,-0.17537847903339,-0.03945));
#14181=CARTESIAN_POINT('',(0.00999764092430738,-0.171543752257672,-0.03995));
#14182=CARTESIAN_POINT('',(0.00999764092430738,-0.171543752257672,-0.02745));
#14183=CARTESIAN_POINT('',(0.0139945181390183,-0.171609343824972,-0.03945));
#14184=CARTESIAN_POINT('',(0.01,-0.1714,-0.02695));
#14185=CARTESIAN_POINT('',(0.0196170965988094,-0.1767495496442,-0.02695));
#14186=CARTESIAN_POINT('',(0.01,-0.1714,-0.02695));
#14187=CARTESIAN_POINT('',(0.00998943667718033,-0.172043684943469,-0.02695));
#14188=CARTESIAN_POINT('',(0.0101831522810147,-0.171094461286629,-0.02745));
#14189=CARTESIAN_POINT('',(0.00998943667718033,-0.172043684943469,-0.02745));
#14190=CARTESIAN_POINT('',(0.00998943667718033,-0.172043684943469,-0.03945));
#14191=CARTESIAN_POINT('',(0.0139880275774119,-0.171709250774942,-0.03975));
#14192=CARTESIAN_POINT('',(0.0139807874746683,-0.171802617491356,-0.0398746305943819));
#14193=CARTESIAN_POINT('',(0.013964498121279,-0.17195432955609,-0.03995));
#14194=CARTESIAN_POINT('',(0.0139367600582338,-0.172108463297493,-0.03995));
#14195=CARTESIAN_POINT('',(0.0166144251499605,-0.17494962675087,-0.03945));
#14196=CARTESIAN_POINT('',(0.0136003382620316,-0.17314286098096,-0.03995));
#14197=CARTESIAN_POINT('',(0.0135322666654339,-0.173283480787396,-0.03995));
#14198=CARTESIAN_POINT('',(0.0134566821660158,-0.17341493373846,-0.0398737095973328));
#14199=CARTESIAN_POINT('',(0.0134081079762313,-0.17349399140933,-0.0397500000000001));
#14200=CARTESIAN_POINT('',(0.01,-0.1714,-0.04095));
#14201=CARTESIAN_POINT('',(0.01,-0.1714,-0.03595));
#14202=CARTESIAN_POINT('',(0.025,-0.1714,-0.03595));
#14203=CARTESIAN_POINT('',(0.01,-0.1714,-0.03095));
#14204=CARTESIAN_POINT('',(0.025,-0.1714,-0.03095));
#14205=CARTESIAN_POINT('',(0.01,-0.1714,-0.03595));
#14206=CARTESIAN_POINT('',(0.01,-0.1714,-0.02595));
#14207=CARTESIAN_POINT('',(0.01,-0.1714,-0.03975));
#14208=CARTESIAN_POINT('',(0.01,-0.1714,-0.03975));
#14209=CARTESIAN_POINT('',(0.01,-0.1714,-0.03975));
#14210=CARTESIAN_POINT('',(0.01,-0.1714,-0.03975));
#14211=CARTESIAN_POINT('',(0.01,-0.1714,-0.03975));
#14212=CARTESIAN_POINT('',(0.01,-0.1714,-0.03975));
#14213=CARTESIAN_POINT('',(0.01,-0.1714,-0.03975));
#14214=CARTESIAN_POINT('',(0.01,-0.1714,-0.03975));
#14215=CARTESIAN_POINT('',(0.01,-0.1714,-0.03975));
#14216=CARTESIAN_POINT('',(0.01,-0.1714,-0.03975));
#14217=CARTESIAN_POINT('',(-0.01505,-0.1704,-0.03975));
#14218=CARTESIAN_POINT('',(0.,0.,0.));
#14219=CARTESIAN_POINT('',(-0.04,-0.1117,-0.001));
#14220=CARTESIAN_POINT('',(-0.04,-0.1117,-1.99493199737333E-16));
#14221=CARTESIAN_POINT('',(-0.0290000000000002,-0.1117,-1.99493199737333E-16));
#14222=CARTESIAN_POINT('',(-0.04,-0.1117,0.0130000000000002));
#14223=CARTESIAN_POINT('',(-0.0509999999999998,-0.1117,0.0130000000000002));
#14224=CARTESIAN_POINT('',(-0.04,-0.1117,-0.001));
#14225=CARTESIAN_POINT('',(-0.04,-0.1117,0.004));
#14226=CARTESIAN_POINT('',(-0.025,-0.1117,0.004));
#14227=CARTESIAN_POINT('',(-0.04,-0.1117,0.009));
#14228=CARTESIAN_POINT('',(-0.025,-0.1117,0.009));
#14229=CARTESIAN_POINT('',(-0.04,-0.1117,0.004));
#14230=CARTESIAN_POINT('',(-0.04,-0.1117,0.014));
#14231=CARTESIAN_POINT('',(0.,0.,0.));
#14232=CARTESIAN_POINT('',(-0.04,0.04,-0.001));
#14233=CARTESIAN_POINT('',(-0.04,0.04,-1.99493199737333E-16));
#14234=CARTESIAN_POINT('',(-0.0290000000000002,0.04,-1.99493199737333E-16));
#14235=CARTESIAN_POINT('',(-0.04,0.04,0.0130000000000002));
#14236=CARTESIAN_POINT('',(-0.0509999999999998,0.04,0.0130000000000002));
#14237=CARTESIAN_POINT('',(-0.04,0.04,-0.001));
#14238=CARTESIAN_POINT('',(-0.04,0.04,0.004));
#14239=CARTESIAN_POINT('',(-0.025,0.04,0.004));
#14240=CARTESIAN_POINT('',(-0.04,0.04,0.009));
#14241=CARTESIAN_POINT('',(-0.025,0.04,0.009));
#14242=CARTESIAN_POINT('',(-0.04,0.04,0.004));
#14243=CARTESIAN_POINT('',(-0.04,0.04,0.014));
#14244=CARTESIAN_POINT('',(0.,0.,0.));
#14245=CARTESIAN_POINT('',(-0.0401,-0.1694,-0.03995));
#14246=CARTESIAN_POINT('',(-0.0403339874169397,-0.169131395174796,-0.03995));
#14247=CARTESIAN_POINT('',(-0.0320440716301208,-0.161909871957078,-0.03995));
#14248=CARTESIAN_POINT('',(-0.0373298749985957,-0.166514448496977,-0.03995));
#14249=CARTESIAN_POINT('',(-0.0401,-0.1694,-0.03995));
#14250=CARTESIAN_POINT('',(-0.0382096856035923,-0.165874845892342,-0.03995));
#14251=CARTESIAN_POINT('',(-0.0359209996916388,-0.159205406921504,-0.03995));
#14252=CARTESIAN_POINT('',(-0.0359268145008529,-0.159222351804581,-0.03995));
#14253=CARTESIAN_POINT('',(-0.0401,-0.1694,-0.03995));
#14254=CARTESIAN_POINT('',(-0.0401,-0.1694,-0.03995));
#14255=CARTESIAN_POINT('',(-0.0404277644576233,-0.169539531801852,-0.03995));
#14256=CARTESIAN_POINT('',(-0.0447341163113467,-0.159423779973712,-0.03995));
#14257=CARTESIAN_POINT('',(-0.0419883068580779,-0.165873770113885,-0.03995));
#14258=CARTESIAN_POINT('',(-0.0401,-0.1694,-0.03995));
#14259=CARTESIAN_POINT('',(-0.0428684815118306,-0.166512871648393,-0.03995));
#14260=CARTESIAN_POINT('',(-0.0485042520634999,-0.162275232013141,-0.03995));
#14261=CARTESIAN_POINT('',(-0.0484899333968969,-0.162285998482174,-0.03995));
#14262=CARTESIAN_POINT('',(-0.0401,-0.1694,-0.03995));
#14263=CARTESIAN_POINT('',(-0.0401,-0.1694,-0.03995));
#14264=CARTESIAN_POINT('',(-0.0400685821581757,-0.169754840221261,-0.03995));
#14265=CARTESIAN_POINT('',(-0.0510199697581115,-0.170724484987429,-0.03995));
#14266=CARTESIAN_POINT('',(-0.044037162820886,-0.170106221581257,-0.03995));
#14267=CARTESIAN_POINT('',(-0.0401,-0.1694,-0.03995));
#14268=CARTESIAN_POINT('',(-0.0437013300679446,-0.171140810656481,-0.03995));
#14269=CARTESIAN_POINT('',(-0.0494731137336256,-0.17519124430066,-0.03995));
#14270=CARTESIAN_POINT('',(-0.0494584495017773,-0.175180953461384,-0.03995));
#14271=CARTESIAN_POINT('',(-0.0401,-0.1694,-0.03995));
#14272=CARTESIAN_POINT('',(-0.0401,-0.1694,-0.03995));
#14273=CARTESIAN_POINT('',(-0.0397528182482761,-0.169479771515462,-0.03995));
#14274=CARTESIAN_POINT('',(-0.0422147345961257,-0.1801945288482,-0.03995));
#14275=CARTESIAN_POINT('',(-0.040644993584472,-0.173362698826921,-0.03995));
#14276=CARTESIAN_POINT('',(-0.0401,-0.1694,-0.03995));
#14277=CARTESIAN_POINT('',(-0.0395572628748661,-0.17336300850529,-0.03995));
#14278=CARTESIAN_POINT('',(-0.0374886508042992,-0.180103953801821,-0.03995));
#14279=CARTESIAN_POINT('',(-0.037493906477201,-0.180086827244342,-0.03995));
#14280=CARTESIAN_POINT('',(-0.0401,-0.1694,-0.03995));
#14281=CARTESIAN_POINT('',(-0.0421981376758396,-0.180198046966615,-0.03995));
#14282=CARTESIAN_POINT('',(-0.0421027677814833,-0.17970722664995,-0.03995));
#14283=CARTESIAN_POINT('',(-0.0401,-0.1694,-0.01495));
#14284=CARTESIAN_POINT('',(-0.0386665282018188,-0.165665678294011,-0.03945));
#14285=CARTESIAN_POINT('',(-0.0386665282018188,-0.165665678294011,-0.0395583335060254));
#14286=CARTESIAN_POINT('',(-0.0386333870324033,-0.165678005661219,-0.039663797421359));
#14287=CARTESIAN_POINT('',(-0.0385735167398656,-0.165702724130318,-0.03975));
#14288=CARTESIAN_POINT('',(-0.0386665282018188,-0.165665678294011,-0.03945));
#14289=CARTESIAN_POINT('',(-0.0385735167398657,-0.165702724130319,-0.03975));
#14290=CARTESIAN_POINT('',(-0.0401,-0.1694,-0.03975));
#14291=CARTESIAN_POINT('',(-0.0416264000026045,-0.165702689757127,-0.03975));
#14292=CARTESIAN_POINT('',(-0.0416264000026045,-0.165702689757128,-0.03975));
#14293=CARTESIAN_POINT('',(-0.0415670943528719,-0.165678205973523,-0.0396644573110143));
#14294=CARTESIAN_POINT('',(-0.0415334717981812,-0.165665678294011,-0.0395580299949774));
#14295=CARTESIAN_POINT('',(-0.0415334717981812,-0.165665678294011,-0.03945));
#14296=CARTESIAN_POINT('',(-0.0415334717981812,-0.165665678294011,-0.03945));
#14297=CARTESIAN_POINT('',(-0.0415334717981812,-0.165665678294011,-0.02695));
#14298=CARTESIAN_POINT('',(-0.0415334717981812,-0.165665678294011,-0.02745));
#14299=CARTESIAN_POINT('',(-0.0415334717981812,-0.165665678294011,-0.02745));
#14300=CARTESIAN_POINT('',(-0.0415334717981812,-0.165665678294011,-0.0271857293871787));
#14301=CARTESIAN_POINT('',(-0.041755331810912,-0.165749011265615,-0.0269500000000001));
#14302=CARTESIAN_POINT('',(-0.0419883068580779,-0.165873770113884,-0.02695));
#14303=CARTESIAN_POINT('',(-0.0419883068580779,-0.165873770113885,-0.02695));
#14304=CARTESIAN_POINT('',(-0.0401,-0.1694,-0.02695));
#14305=CARTESIAN_POINT('',(-0.0428684815118306,-0.166512871648393,-0.02695));
#14306=CARTESIAN_POINT('',(-0.0428684815118306,-0.166512871648393,-0.02695));
#14307=CARTESIAN_POINT('',(-0.043059697861688,-0.166696229942473,-0.0269499999999999));
#14308=CARTESIAN_POINT('',(-0.0432085838458279,-0.1668827184358,-0.0271850297767354));
#14309=CARTESIAN_POINT('',(-0.0432085838458279,-0.1668827184358,-0.02745));
#14310=CARTESIAN_POINT('',(-0.0432085838458279,-0.1668827184358,-0.02745));
#14311=CARTESIAN_POINT('',(-0.0432085838458279,-0.1668827184358,-0.02695));
#14312=CARTESIAN_POINT('',(-0.0432085838458279,-0.1668827184358,-0.03945));
#14313=CARTESIAN_POINT('',(-0.0432085838458279,-0.1668827184358,-0.03945));
#14314=CARTESIAN_POINT('',(-0.0432085838458279,-0.1668827184358,-0.0395583335060254));
#14315=CARTESIAN_POINT('',(-0.0431866186383537,-0.166855008676634,-0.0396637974213592));
#14316=CARTESIAN_POINT('',(-0.0431446090393911,-0.16680570707181,-0.0397500000000001));
#14317=CARTESIAN_POINT('',(-0.0431446090393911,-0.16680570707181,-0.03975));
#14318=CARTESIAN_POINT('',(-0.0401,-0.1694,-0.03975));
#14319=CARTESIAN_POINT('',(-0.0440880345402673,-0.169709160970426,-0.03975));
#14320=CARTESIAN_POINT('',(-0.0440880345402673,-0.169709160970426,-0.0397500000000001));
#14321=CARTESIAN_POINT('',(-0.0440929935485784,-0.169645192040574,-0.0396644573110144));
#14322=CARTESIAN_POINT('',(-0.0440945181390183,-0.169609343824972,-0.0395580299949774));
#14323=CARTESIAN_POINT('',(-0.0440945181390183,-0.169609343824972,-0.03945));
#14324=CARTESIAN_POINT('',(-0.0440945181390183,-0.169609343824972,-0.03945));
#14325=CARTESIAN_POINT('',(-0.0440945181390183,-0.169609343824972,-0.02695));
#14326=CARTESIAN_POINT('',(-0.0440945181390183,-0.169609343824972,-0.02745));
#14327=CARTESIAN_POINT('',(-0.0440945181390183,-0.169609343824972,-0.02745));
#14328=CARTESIAN_POINT('',(-0.0440945181390183,-0.169609343824972,-0.0271857293871791));
#14329=CARTESIAN_POINT('',(-0.0440838222876583,-0.169846096540202,-0.02695));
#14330=CARTESIAN_POINT('',(-0.044037162820886,-0.170106221581257,-0.02695));
#14331=CARTESIAN_POINT('',(-0.044037162820886,-0.170106221581257,-0.02695));
#14332=CARTESIAN_POINT('',(-0.0401,-0.1694,-0.02695));
#14333=CARTESIAN_POINT('',(-0.0437013300679446,-0.171140810656481,-0.02695));
#14334=CARTESIAN_POINT('',(-0.0437013300679446,-0.171140810656481,-0.02695));
#14335=CARTESIAN_POINT('',(-0.0435860350692517,-0.171379329040965,-0.0269500000000001));
#14336=CARTESIAN_POINT('',(-0.0434546822717817,-0.17157855614006,-0.0271850297767353));
#14337=CARTESIAN_POINT('',(-0.0434546822717817,-0.17157855614006,-0.02745));
#14338=CARTESIAN_POINT('',(-0.0434546822717817,-0.17157855614006,-0.02745));
#14339=CARTESIAN_POINT('',(-0.0434546822717817,-0.17157855614006,-0.02695));
#14340=CARTESIAN_POINT('',(-0.0434546822717817,-0.17157855614006,-0.03945));
#14341=CARTESIAN_POINT('',(-0.0434546822717817,-0.17157855614006,-0.03945));
#14342=CARTESIAN_POINT('',(-0.0434546822717817,-0.17157855614006,-0.0395583335060253));
#14343=CARTESIAN_POINT('',(-0.0434742481964082,-0.171549103199867,-0.039663797421359));
#14344=CARTESIAN_POINT('',(-0.0435081551289333,-0.171493914663286,-0.0397499999999999));
#14345=CARTESIAN_POINT('',(-0.0435081551289332,-0.171493914663286,-0.03975));
#14346=CARTESIAN_POINT('',(-0.0401,-0.1694,-0.03975));
#14347=CARTESIAN_POINT('',(-0.0410383408915893,-0.173288382230591,-0.03975));
#14348=CARTESIAN_POINT('',(-0.0410383408915893,-0.17328838223059,-0.03975));
#14349=CARTESIAN_POINT('',(-0.0411007113770087,-0.173273331041323,-0.0396644573110144));
#14350=CARTESIAN_POINT('',(-0.0411352761804101,-0.173263703305156,-0.0395580299949774));
#14351=CARTESIAN_POINT('',(-0.0411352761804101,-0.173263703305156,-0.03945));
#14352=CARTESIAN_POINT('',(-0.0411352761804101,-0.173263703305156,-0.03945));
#14353=CARTESIAN_POINT('',(-0.0411352761804101,-0.173263703305156,-0.02695));
#14354=CARTESIAN_POINT('',(-0.0411352761804101,-0.173263703305156,-0.02745));
#14355=CARTESIAN_POINT('',(-0.0411352761804101,-0.173263703305157,-0.02745));
#14356=CARTESIAN_POINT('',(-0.0411352761804101,-0.173263703305157,-0.0271857293871788));
#14357=CARTESIAN_POINT('',(-0.0409068057680002,-0.173326691558494,-0.02695));
#14358=CARTESIAN_POINT('',(-0.0406449935844721,-0.173362698826922,-0.02695));
#14359=CARTESIAN_POINT('',(-0.040644993584472,-0.173362698826921,-0.02695));
#14360=CARTESIAN_POINT('',(-0.0401,-0.1694,-0.02695));
#14361=CARTESIAN_POINT('',(-0.0395572628748661,-0.17336300850529,-0.02695));
#14362=CARTESIAN_POINT('',(-0.0395572628748661,-0.17336300850529,-0.02695));
#14363=CARTESIAN_POINT('',(-0.0392947902970836,-0.173327062679763,-0.02695));
#14364=CARTESIAN_POINT('',(-0.0390647238195899,-0.173263703305157,-0.0271850297767354));
#14365=CARTESIAN_POINT('',(-0.0390647238195899,-0.173263703305157,-0.02745));
#14366=CARTESIAN_POINT('',(-0.0390647238195899,-0.173263703305156,-0.02745));
#14367=CARTESIAN_POINT('',(-0.0390647238195899,-0.173263703305156,-0.02695));
#14368=CARTESIAN_POINT('',(-0.0390647238195899,-0.173263703305156,-0.03945));
#14369=CARTESIAN_POINT('',(-0.0390647238195899,-0.173263703305156,-0.03945));
#14370=CARTESIAN_POINT('',(-0.0390647238195899,-0.173263703305156,-0.0395583335060253));
#14371=CARTESIAN_POINT('',(-0.0390987814335045,-0.173273210146216,-0.039663797421359));
#14372=CARTESIAN_POINT('',(-0.0391617466692219,-0.173288403359643,-0.03975));
#14373=CARTESIAN_POINT('',(-0.0391617466692219,-0.173288403359643,-0.03975));
#14374=CARTESIAN_POINT('',(-0.0401,-0.1694,-0.03975));
#14375=CARTESIAN_POINT('',(-0.0366918920237687,-0.17149399140933,-0.03975));
#14376=CARTESIAN_POINT('',(-0.0366918920237687,-0.17149399140933,-0.0397500000000001));
#14377=CARTESIAN_POINT('',(-0.0367254800953416,-0.171548658192644,-0.0396644573110145));
#14378=CARTESIAN_POINT('',(-0.0367453177282183,-0.17157855614006,-0.0395580299949774));
#14379=CARTESIAN_POINT('',(-0.0367453177282183,-0.17157855614006,-0.03945));
#14380=CARTESIAN_POINT('',(-0.0367453177282183,-0.17157855614006,-0.03945));
#14381=CARTESIAN_POINT('',(-0.0367453177282183,-0.17157855614006,-0.02695));
#14382=CARTESIAN_POINT('',(-0.0367453177282183,-0.17157855614006,-0.02745));
#14383=CARTESIAN_POINT('',(-0.0367453177282183,-0.17157855614006,-0.02745));
#14384=CARTESIAN_POINT('',(-0.0367453177282183,-0.17157855614006,-0.0271857293871788));
#14385=CARTESIAN_POINT('',(-0.0366148110992852,-0.171380732306284,-0.02695));
#14386=CARTESIAN_POINT('',(-0.0364996617379684,-0.171142860980959,-0.02695));
#14387=CARTESIAN_POINT('',(-0.0364996617379684,-0.171142860980959,-0.02695));
#14388=CARTESIAN_POINT('',(-0.0401,-0.1694,-0.02695));
#14389=CARTESIAN_POINT('',(-0.0361632399417662,-0.170108463297493,-0.02695));
#14390=CARTESIAN_POINT('',(-0.0361632399417662,-0.170108463297493,-0.02695));
#14391=CARTESIAN_POINT('',(-0.0361163179662748,-0.16984772917108,-0.02695));
#14392=CARTESIAN_POINT('',(-0.0361054818609817,-0.169609343824972,-0.0271850297767355));
#14393=CARTESIAN_POINT('',(-0.0361054818609817,-0.169609343824972,-0.02745));
#14394=CARTESIAN_POINT('',(-0.0361054818609817,-0.169609343824972,-0.02745));
#14395=CARTESIAN_POINT('',(-0.0361054818609817,-0.169609343824972,-0.02695));
#14396=CARTESIAN_POINT('',(-0.0361054818609817,-0.169609343824972,-0.03945));
#14397=CARTESIAN_POINT('',(-0.0361054818609817,-0.169609343824972,-0.03945));
#14398=CARTESIAN_POINT('',(-0.0361054818609817,-0.169609343824972,-0.0395583335060253));
#14399=CARTESIAN_POINT('',(-0.0361069646993303,-0.169644672316065,-0.039663797421359));
#14400=CARTESIAN_POINT('',(-0.0361119724225881,-0.169709250774942,-0.03975));
#14401=CARTESIAN_POINT('',(-0.0361119724225881,-0.169709250774942,-0.03975));
#14402=CARTESIAN_POINT('',(-0.0401,-0.1694,-0.03975));
#14403=CARTESIAN_POINT('',(-0.0370553325417702,-0.166805775632526,-0.03975));
#14404=CARTESIAN_POINT('',(-0.0370553325417701,-0.166805775632526,-0.03975));
#14405=CARTESIAN_POINT('',(-0.0370137206261993,-0.166854612751937,-0.0396644573110144));
#14406=CARTESIAN_POINT('',(-0.0369914161541721,-0.1668827184358,-0.0395580299949774));
#14407=CARTESIAN_POINT('',(-0.0369914161541721,-0.1668827184358,-0.03945));
#14408=CARTESIAN_POINT('',(-0.0369914161541721,-0.1668827184358,-0.03945));
#14409=CARTESIAN_POINT('',(-0.0369914161541721,-0.1668827184358,-0.02695));
#14410=CARTESIAN_POINT('',(-0.0369914161541721,-0.1668827184358,-0.02745));
#14411=CARTESIAN_POINT('',(-0.0369914161541721,-0.1668827184358,-0.02745));
#14412=CARTESIAN_POINT('',(-0.0369914161541721,-0.1668827184358,-0.0271857293871789));
#14413=CARTESIAN_POINT('',(-0.0371392290341442,-0.166697468329405,-0.02695));
#14414=CARTESIAN_POINT('',(-0.0373298749985957,-0.166514448496977,-0.02695));
#14415=CARTESIAN_POINT('',(-0.0373298749985957,-0.166514448496977,-0.02695));
#14416=CARTESIAN_POINT('',(-0.0401,-0.1694,-0.02695));
#14417=CARTESIAN_POINT('',(-0.0382096856035923,-0.165874845892342,-0.02695));
#14418=CARTESIAN_POINT('',(-0.0382096856035923,-0.165874845892342,-0.02695));
#14419=CARTESIAN_POINT('',(-0.0384431588057018,-0.165749649165719,-0.02695));
#14420=CARTESIAN_POINT('',(-0.0386665282018188,-0.165665678294011,-0.0271850297767353));
#14421=CARTESIAN_POINT('',(-0.0386665282018188,-0.165665678294011,-0.02745));
#14422=CARTESIAN_POINT('',(-0.0386665282018188,-0.165665678294011,-0.02745));
#14423=CARTESIAN_POINT('',(-0.0386665282018188,-0.165665678294011,-0.02695));
#14424=CARTESIAN_POINT('',(-0.0401,-0.1694,-0.00895));
#14425=CARTESIAN_POINT('',(-0.0361,-0.1694,-0.00895));
#14426=CARTESIAN_POINT('',(-0.0401,-0.1694,-0.03995));
#14427=CARTESIAN_POINT('',(-0.0399168477189853,-0.169094461286629,-0.03995));
#14428=CARTESIAN_POINT('',(-0.0304870461451336,-0.174747066315673,-0.03995));
#14429=CARTESIAN_POINT('',(-0.0364996617379684,-0.171142860980959,-0.03995));
#14430=CARTESIAN_POINT('',(-0.0401,-0.1694,-0.03995));
#14431=CARTESIAN_POINT('',(-0.0361632399417662,-0.170108463297493,-0.03995));
#14432=CARTESIAN_POINT('',(-0.0291129837069365,-0.170224162962874,-0.03995));
#14433=CARTESIAN_POINT('',(-0.029130896123272,-0.170223869007519,-0.03995));
#14434=CARTESIAN_POINT('',(-0.0401,-0.1694,-0.03995));
#14435=CARTESIAN_POINT('',(-0.0383,-0.1694,-0.00895));
#14436=CARTESIAN_POINT('',(-0.0383,-0.1694,-0.01495));
#14437=CARTESIAN_POINT('',(-0.0383,-0.167455134966122,-0.01495));
#14438=CARTESIAN_POINT('',(-0.0383,-0.171344865033878,-0.01495));
#14439=CARTESIAN_POINT('',(-0.0383,-0.171344865033878,-0.00895));
#14440=CARTESIAN_POINT('',(-0.0383,-0.171344865033878,-0.00895));
#14441=CARTESIAN_POINT('',(-0.0383,-0.1694,-0.00895));
#14442=CARTESIAN_POINT('',(-0.0383,-0.167455134966122,-0.00895));
#14443=CARTESIAN_POINT('',(-0.0383,-0.167455134966122,-0.00895));
#14444=CARTESIAN_POINT('',(-0.0401,-0.1694,-0.00895));
#14445=CARTESIAN_POINT('',(-0.0401,-0.1694,-0.01495));
#14446=CARTESIAN_POINT('',(-0.0419,-0.171344865033878,-0.01495));
#14447=CARTESIAN_POINT('',(-0.0419,-0.171344865033878,-0.00895));
#14448=CARTESIAN_POINT('',(-0.0419,-0.171344865033878,-0.00895));
#14449=CARTESIAN_POINT('',(-0.0401,-0.1694,-0.00895));
#14450=CARTESIAN_POINT('',(-0.0419,-0.1694,-0.00895));
#14451=CARTESIAN_POINT('',(-0.0419,-0.1694,-0.01495));
#14452=CARTESIAN_POINT('',(-0.0419,-0.167455134966122,-0.01495));
#14453=CARTESIAN_POINT('',(-0.0419,-0.167455134966122,-0.00895));
#14454=CARTESIAN_POINT('',(-0.0419,-0.167455134966122,-0.00895));
#14455=CARTESIAN_POINT('',(-0.0419,-0.1694,-0.00895));
#14456=CARTESIAN_POINT('',(-0.0401,-0.1694,-0.00895));
#14457=CARTESIAN_POINT('',(-0.0401,-0.1694,-0.01495));
#14458=CARTESIAN_POINT('',(-0.0401,-0.1694,-0.00895));
#14459=CARTESIAN_POINT('',(-0.0401,-0.1694,-0.00895));
#14460=CARTESIAN_POINT('',(-0.0401,-0.1694,-0.01495));
#14461=CARTESIAN_POINT('',(-0.0429047158968617,-0.16244458408963,-0.02695));
#14462=CARTESIAN_POINT('',(-0.0429047158968617,-0.16244458408963,-0.03945));
#14463=CARTESIAN_POINT('',(-0.0442759599955423,-0.159223489885249,-0.03945));
#14464=CARTESIAN_POINT('',(-0.0442759599955423,-0.159223489885249,-0.02695));
#14465=CARTESIAN_POINT('',(-0.0442759599955422,-0.159223489885249,-0.02745));
#14466=CARTESIAN_POINT('',(-0.0415334717981812,-0.165665678294011,-0.02745));
#14467=CARTESIAN_POINT('',(-0.0400135960106304,-0.169285088610465,-0.03995));
#14468=CARTESIAN_POINT('',(-0.0400135960106304,-0.169285088610465,-0.02745));
#14469=CARTESIAN_POINT('',(-0.0488047424987027,-0.162674863716528,-0.02745));
#14470=CARTESIAN_POINT('',(-0.0488047424987027,-0.162674863716528,-0.02695));
#14471=CARTESIAN_POINT('',(-0.0488047424987027,-0.162674863716528,-0.03945));
#14472=CARTESIAN_POINT('',(-0.0432085838458279,-0.1668827184358,-0.03945));
#14473=CARTESIAN_POINT('',(-0.0401,-0.1694,-0.02695));
#14474=CARTESIAN_POINT('',(-0.0401,-0.1694,-0.02695));
#14475=CARTESIAN_POINT('',(-0.0447341163113467,-0.159423779973712,-0.02695));
#14476=CARTESIAN_POINT('',(-0.0484899333968969,-0.162285998482174,-0.02695));
#14477=CARTESIAN_POINT('',(-0.0397131055754276,-0.168885456907079,-0.02695));
#14478=CARTESIAN_POINT('',(-0.0447360081977154,-0.159419335874938,-0.02695));
#14479=CARTESIAN_POINT('',(-0.0397131055754276,-0.168885456907079,-0.02745));
#14480=CARTESIAN_POINT('',(-0.0488047424987027,-0.162674863716528,-0.02745));
#14481=CARTESIAN_POINT('',(-0.0488047424987027,-0.162674863716528,-0.0271857800922256));
#14482=CARTESIAN_POINT('',(-0.0486608091346652,-0.162487521641177,-0.02695));
#14483=CARTESIAN_POINT('',(-0.0484899333968969,-0.162285998482174,-0.02695));
#14484=CARTESIAN_POINT('',(-0.0397131055754276,-0.168885456907079,-0.03945));
#14485=CARTESIAN_POINT('',(-0.0484899333968969,-0.162285998482174,-0.03995));
#14486=CARTESIAN_POINT('',(-0.0486608083906826,-0.162487520763757,-0.03995));
#14487=CARTESIAN_POINT('',(-0.0488047424987027,-0.162674863716528,-0.0397142211646424));
#14488=CARTESIAN_POINT('',(-0.0488047424987027,-0.162674863716528,-0.03945));
#14489=CARTESIAN_POINT('',(-0.0431446090393911,-0.16680570707181,-0.0397500000000001));
#14490=CARTESIAN_POINT('',(-0.0430838720942673,-0.166734427437139,-0.039874630594382));
#14491=CARTESIAN_POINT('',(-0.0429815196163027,-0.166621264440209,-0.0399500000000001));
#14492=CARTESIAN_POINT('',(-0.0428684815118307,-0.166512871648393,-0.03995));
#14493=CARTESIAN_POINT('',(-0.0433647640990349,-0.162640430079319,-0.03945));
#14494=CARTESIAN_POINT('',(-0.0419883068580779,-0.165873770113884,-0.03995));
#14495=CARTESIAN_POINT('',(-0.0418505815311927,-0.165800017781311,-0.03995));
#14496=CARTESIAN_POINT('',(-0.0417121662806461,-0.165738097564,-0.0398737095973326));
#14497=CARTESIAN_POINT('',(-0.0416264000026045,-0.165702689757128,-0.03975));
#14498=CARTESIAN_POINT('',(-0.0442759599955423,-0.159223489885249,-0.03945));
#14499=CARTESIAN_POINT('',(-0.0442759599955423,-0.159223489885249,-0.039714129880948));
#14500=CARTESIAN_POINT('',(-0.0444945685097755,-0.159312506127337,-0.03995));
#14501=CARTESIAN_POINT('',(-0.0447341163113467,-0.159423779973712,-0.03995));
#14502=CARTESIAN_POINT('',(-0.0404277644576233,-0.169539531801852,-0.02745));
#14503=CARTESIAN_POINT('',(-0.0447341163113467,-0.159423779973712,-0.02695));
#14504=CARTESIAN_POINT('',(-0.0444945706642679,-0.159312507128134,-0.02695));
#14505=CARTESIAN_POINT('',(-0.0442759599955423,-0.159223489885249,-0.0271858715520768));
#14506=CARTESIAN_POINT('',(-0.0442759599955423,-0.159223489885249,-0.02745));
#14507=CARTESIAN_POINT('',(-0.0401,-0.1694,-0.04095));
#14508=CARTESIAN_POINT('',(-0.0401,-0.1694,-0.02695));
#14509=CARTESIAN_POINT('',(-0.0510199697581117,-0.170724484987429,-0.02695));
#14510=CARTESIAN_POINT('',(-0.0510199697581117,-0.170724484987429,-0.02695));
#14511=CARTESIAN_POINT('',(-0.0510517728471097,-0.170462278338528,-0.02695));
#14512=CARTESIAN_POINT('',(-0.05106887886423,-0.170226859396662,-0.0271858715520771));
#14513=CARTESIAN_POINT('',(-0.05106887886423,-0.170226859396662,-0.02745));
#14514=CARTESIAN_POINT('',(-0.05106887886423,-0.170226859396662,-0.02745));
#14515=CARTESIAN_POINT('',(-0.05106887886423,-0.170226859396662,-0.02695));
#14516=CARTESIAN_POINT('',(-0.05106887886423,-0.170226859396662,-0.03945));
#14517=CARTESIAN_POINT('',(-0.05106887886423,-0.170226859396662,-0.03945));
#14518=CARTESIAN_POINT('',(-0.05106887886423,-0.170226859396662,-0.0397141298809478));
#14519=CARTESIAN_POINT('',(-0.0510517731331492,-0.170462275980221,-0.0399499999999999));
#14520=CARTESIAN_POINT('',(-0.0510199697581117,-0.170724484987429,-0.03995));
#14521=CARTESIAN_POINT('',(-0.0401,-0.1694,-0.03995));
#14522=CARTESIAN_POINT('',(-0.0401,-0.1694,-0.04095));
#14523=CARTESIAN_POINT('',(-0.0401,-0.1694,-0.03995));
#14524=CARTESIAN_POINT('',(-0.0359268145008529,-0.159222351804581,-0.03995));
#14525=CARTESIAN_POINT('',(-0.0361712768569245,-0.159122113838024,-0.03995));
#14526=CARTESIAN_POINT('',(-0.0363939286783874,-0.159043116522857,-0.0397142211646425));
#14527=CARTESIAN_POINT('',(-0.0363939286783874,-0.159043116522857,-0.03945));
#14528=CARTESIAN_POINT('',(-0.0363939286783874,-0.159043116522857,-0.03945));
#14529=CARTESIAN_POINT('',(-0.0363939286783874,-0.159043116522857,-0.02695));
#14530=CARTESIAN_POINT('',(-0.0363939286783874,-0.159043116522857,-0.02745));
#14531=CARTESIAN_POINT('',(-0.0363939286783874,-0.159043116522857,-0.02745));
#14532=CARTESIAN_POINT('',(-0.0363939286783874,-0.159043116522857,-0.0271857800922255));
#14533=CARTESIAN_POINT('',(-0.0361712779213034,-0.159122113401592,-0.02695));
#14534=CARTESIAN_POINT('',(-0.0359268145008529,-0.159222351804581,-0.02695));
#14535=CARTESIAN_POINT('',(-0.0359268145008529,-0.159222351804581,-0.02695));
#14536=CARTESIAN_POINT('',(-0.0401,-0.1694,-0.02695));
#14537=CARTESIAN_POINT('',(-0.0343517112514236,-0.164583214950683,-0.02695));
#14538=CARTESIAN_POINT('',(-0.0343517112514236,-0.164583214950683,-0.03945));
#14539=CARTESIAN_POINT('',(-0.031712006348675,-0.162283711465565,-0.03945));
#14540=CARTESIAN_POINT('',(-0.031712006348675,-0.162283711465565,-0.02695));
#14541=CARTESIAN_POINT('',(-0.031712006348675,-0.162283711465565,-0.02745));
#14542=CARTESIAN_POINT('',(-0.0369914161541721,-0.1668827184358,-0.02745));
#14543=CARTESIAN_POINT('',(-0.0399640124730892,-0.16944666550491,-0.03995));
#14544=CARTESIAN_POINT('',(-0.0399640124730892,-0.16944666550491,-0.02745));
#14545=CARTESIAN_POINT('',(-0.0386665282018188,-0.165665678294011,-0.03945));
#14546=CARTESIAN_POINT('',(-0.0401,-0.1694,-0.02695));
#14547=CARTESIAN_POINT('',(-0.0401,-0.1694,-0.02695));
#14548=CARTESIAN_POINT('',(-0.0320440716301208,-0.161909871957078,-0.02695));
#14549=CARTESIAN_POINT('',(-0.0394910834863405,-0.169608955903557,-0.02695));
#14550=CARTESIAN_POINT('',(-0.0320404296660621,-0.161906699364173,-0.02695));
#14551=CARTESIAN_POINT('',(-0.0394910834863405,-0.169608955903557,-0.02745));
#14552=CARTESIAN_POINT('',(-0.0394910834863405,-0.169608955903557,-0.03945));
#14553=CARTESIAN_POINT('',(-0.0385735167398656,-0.165702724130318,-0.03975));
#14554=CARTESIAN_POINT('',(-0.0384869570306036,-0.165738461779292,-0.0398746305943819));
#14555=CARTESIAN_POINT('',(-0.0383477039698626,-0.165800835481234,-0.03995));
#14556=CARTESIAN_POINT('',(-0.0382096856035923,-0.165874845892342,-0.03995));
#14557=CARTESIAN_POINT('',(-0.0346801345688107,-0.16420620284929,-0.03945));
#14558=CARTESIAN_POINT('',(-0.0373298749985957,-0.166514448496977,-0.03995));
#14559=CARTESIAN_POINT('',(-0.037217172895547,-0.166622642342431,-0.0399500000000001));
#14560=CARTESIAN_POINT('',(-0.0371155106046828,-0.166735148668973,-0.0398737095973327));
#14561=CARTESIAN_POINT('',(-0.0370553325417701,-0.166805775632526,-0.03975));
#14562=CARTESIAN_POINT('',(-0.031712006348675,-0.162283711465565,-0.03945));
#14563=CARTESIAN_POINT('',(-0.031712006348675,-0.162283711465565,-0.039714129880948));
#14564=CARTESIAN_POINT('',(-0.031864219571782,-0.162103309945167,-0.03995));
#14565=CARTESIAN_POINT('',(-0.0320440716301208,-0.161909871957078,-0.03995));
#14566=CARTESIAN_POINT('',(-0.0403339874169397,-0.169131395174796,-0.02745));
#14567=CARTESIAN_POINT('',(-0.0320440716301208,-0.161909871957078,-0.02695));
#14568=CARTESIAN_POINT('',(-0.031864221189371,-0.162103308205386,-0.0269500000000001));
#14569=CARTESIAN_POINT('',(-0.031712006348675,-0.162283711465565,-0.0271858715520769));
#14570=CARTESIAN_POINT('',(-0.031712006348675,-0.162283711465565,-0.02745));
#14571=CARTESIAN_POINT('',(-0.0401,-0.1694,-0.04095));
#14572=CARTESIAN_POINT('',(-0.0401,-0.1694,-0.03995));
#14573=CARTESIAN_POINT('',(-0.029130896123272,-0.170223869007519,-0.03995));
#14574=CARTESIAN_POINT('',(-0.0291111071745084,-0.16996039625564,-0.0399500000000001));
#14575=CARTESIAN_POINT('',(-0.0291047794598095,-0.169724230277076,-0.0397142211646424));
#14576=CARTESIAN_POINT('',(-0.0291047794598095,-0.169724230277076,-0.03945));
#14577=CARTESIAN_POINT('',(-0.0291047794598095,-0.169724230277076,-0.03945));
#14578=CARTESIAN_POINT('',(-0.0291047794598095,-0.169724230277076,-0.02695));
#14579=CARTESIAN_POINT('',(-0.0291047794598095,-0.169724230277076,-0.02745));
#14580=CARTESIAN_POINT('',(-0.0291047794598095,-0.169724230277076,-0.02745));
#14581=CARTESIAN_POINT('',(-0.0291047794598095,-0.169724230277076,-0.0271857800922256));
#14582=CARTESIAN_POINT('',(-0.0291111070883482,-0.16996039510849,-0.0269499999999999));
#14583=CARTESIAN_POINT('',(-0.029130896123272,-0.170223869007519,-0.02695));
#14584=CARTESIAN_POINT('',(-0.029130896123272,-0.170223869007519,-0.02695));
#14585=CARTESIAN_POINT('',(-0.0401,-0.1694,-0.02695));
#14586=CARTESIAN_POINT('',(-0.0475816985016242,-0.169918101610817,-0.02695));
#14587=CARTESIAN_POINT('',(-0.0440945181390183,-0.169609343824972,-0.02745));
#14588=CARTESIAN_POINT('',(-0.0475816985016242,-0.169918101610817,-0.03945));
#14589=CARTESIAN_POINT('',(-0.0401825869247168,-0.169282315350663,-0.03995));
#14590=CARTESIAN_POINT('',(-0.0401825869247168,-0.169282315350663,-0.02745));
#14591=CARTESIAN_POINT('',(-0.0491858980491265,-0.175600520674982,-0.02745));
#14592=CARTESIAN_POINT('',(-0.0491858980491265,-0.175600520674982,-0.02695));
#14593=CARTESIAN_POINT('',(-0.0491858980491265,-0.175600520674982,-0.03945));
#14594=CARTESIAN_POINT('',(-0.0434546822717817,-0.17157855614006,-0.03945));
#14595=CARTESIAN_POINT('',(-0.0401,-0.1694,-0.02695));
#14596=CARTESIAN_POINT('',(-0.0510247809722492,-0.170724910976243,-0.02695));
#14597=CARTESIAN_POINT('',(-0.0401,-0.1694,-0.02695));
#14598=CARTESIAN_POINT('',(-0.0494584495017773,-0.175180953461384,-0.02695));
#14599=CARTESIAN_POINT('',(-0.040469802609216,-0.168873038976341,-0.02695));
#14600=CARTESIAN_POINT('',(-0.0400685821581757,-0.169754840221261,-0.02745));
#14601=CARTESIAN_POINT('',(-0.040469802609216,-0.168873038976341,-0.02745));
#14602=CARTESIAN_POINT('',(-0.0491858980491265,-0.175600520674982,-0.02745));
#14603=CARTESIAN_POINT('',(-0.0491858980491265,-0.175600520674982,-0.0271857800922254));
#14604=CARTESIAN_POINT('',(-0.0493195930951203,-0.175405740026157,-0.02695));
#14605=CARTESIAN_POINT('',(-0.0494584495017773,-0.175180953461384,-0.02695));
#14606=CARTESIAN_POINT('',(-0.040469802609216,-0.168873038976341,-0.03945));
#14607=CARTESIAN_POINT('',(-0.0494584495017773,-0.175180953461384,-0.03995));
#14608=CARTESIAN_POINT('',(-0.0493195936996926,-0.17540573904745,-0.03995));
#14609=CARTESIAN_POINT('',(-0.0491858980491265,-0.175600520674982,-0.0397142211646426));
#14610=CARTESIAN_POINT('',(-0.0491858980491265,-0.175600520674982,-0.03945));
#14611=CARTESIAN_POINT('',(-0.0435081551289333,-0.171493914663286,-0.0397499999999999));
#14612=CARTESIAN_POINT('',(-0.0435571773417359,-0.171414123777381,-0.0398746305943819));
#14613=CARTESIAN_POINT('',(-0.043633173092262,-0.171281811497068,-0.0399499999999999));
#14614=CARTESIAN_POINT('',(-0.0437013300679446,-0.171140810656481,-0.03995));
#14615=CARTESIAN_POINT('',(-0.0475376006096433,-0.170416153190397,-0.03945));
#14616=CARTESIAN_POINT('',(-0.044037162820886,-0.170106221581257,-0.03995));
#14617=CARTESIAN_POINT('',(-0.0440647459908077,-0.169952446287524,-0.0399499999999999));
#14618=CARTESIAN_POINT('',(-0.044080862952273,-0.169801671162093,-0.0398737095973327));
#14619=CARTESIAN_POINT('',(-0.0440880345402673,-0.169709160970426,-0.0397500000000001));
#14620=CARTESIAN_POINT('',(-0.0401,-0.1694,-0.04095));
#14621=CARTESIAN_POINT('',(-0.0401,-0.1694,-0.02695));
#14622=CARTESIAN_POINT('',(-0.0421981376758396,-0.180198046966615,-0.02695));
#14623=CARTESIAN_POINT('',(-0.0421981376758396,-0.180198046966615,-0.02695));
#14624=CARTESIAN_POINT('',(-0.0401,-0.1694,-0.03995));
#14625=CARTESIAN_POINT('',(-0.0419192280707212,-0.176675620315481,-0.02695));
#14626=CARTESIAN_POINT('',(-0.0419192280707212,-0.176675620315481,-0.03945));
#14627=CARTESIAN_POINT('',(-0.0425900699797328,-0.179595259835308,-0.03945));
#14628=CARTESIAN_POINT('',(-0.0425900699797328,-0.179595259835308,-0.02695));
#14629=CARTESIAN_POINT('',(-0.0425900699797328,-0.179595259835308,-0.02745));
#14630=CARTESIAN_POINT('',(-0.0411352761804101,-0.173263703305156,-0.02745));
#14631=CARTESIAN_POINT('',(-0.0402374455158709,-0.16944217827629,-0.03995));
#14632=CARTESIAN_POINT('',(-0.0370106513139739,-0.179957268808558,-0.02695));
#14633=CARTESIAN_POINT('',(-0.0370106513139739,-0.179957268808558,-0.02745));
#14634=CARTESIAN_POINT('',(-0.0370106513139739,-0.179957268808558,-0.03945));
#14635=CARTESIAN_POINT('',(-0.0390647238195899,-0.173263703305156,-0.03945));
#14636=CARTESIAN_POINT('',(-0.0402374455158709,-0.16944217827629,-0.02745));
#14637=CARTESIAN_POINT('',(-0.0401,-0.1694,-0.02695));
#14638=CARTESIAN_POINT('',(-0.0401,-0.1694,-0.02695));
#14639=CARTESIAN_POINT('',(-0.037493906477201,-0.180086827244342,-0.02695));
#14640=CARTESIAN_POINT('',(-0.0407154450061962,-0.169588863269554,-0.02695));
#14641=CARTESIAN_POINT('',(-0.0422158777627826,-0.180199504140447,-0.02695));
#14642=CARTESIAN_POINT('',(-0.0422147345961257,-0.1801945288482,-0.02695));
#14643=CARTESIAN_POINT('',(-0.0421027677814833,-0.17970722664995,-0.02695));
#14644=CARTESIAN_POINT('',(-0.0397528182482761,-0.169479771515462,-0.02745));
#14645=CARTESIAN_POINT('',(-0.0421027677814833,-0.17970722664995,-0.02745));
#14646=CARTESIAN_POINT('',(-0.0414319258724716,-0.176787587130123,-0.03945));
#14647=CARTESIAN_POINT('',(-0.040644993584472,-0.173362698826921,-0.03995));
#14648=CARTESIAN_POINT('',(-0.0407997662478865,-0.173341412801337,-0.03995));
#14649=CARTESIAN_POINT('',(-0.0409481423284138,-0.173310148866474,-0.0398737095973327));
#14650=CARTESIAN_POINT('',(-0.0410383408915893,-0.17328838223059,-0.03975));
#14651=CARTESIAN_POINT('',(-0.0421027677814833,-0.17970722664995,-0.03945));
#14652=CARTESIAN_POINT('',(-0.0421027677814833,-0.17970722664995,-0.02695));
#14653=CARTESIAN_POINT('',(-0.0407154450061962,-0.169588863269554,-0.03945));
#14654=CARTESIAN_POINT('',(-0.037493906477201,-0.180086827244342,-0.03995));
#14655=CARTESIAN_POINT('',(-0.0372372138781918,-0.180024230095129,-0.03995));
#14656=CARTESIAN_POINT('',(-0.0370106513139739,-0.179957268808558,-0.0397142211646424));
#14657=CARTESIAN_POINT('',(-0.0370106513139739,-0.179957268808558,-0.03945));
#14658=CARTESIAN_POINT('',(-0.0395572628748661,-0.17336300850529,-0.03995));
#14659=CARTESIAN_POINT('',(-0.039402040614236,-0.173341750694872,-0.03995));
#14660=CARTESIAN_POINT('',(-0.0392532544108623,-0.173310483744687,-0.0398752787066568));
#14661=CARTESIAN_POINT('',(-0.0391617466692219,-0.173288403359643,-0.03975));
#14662=CARTESIAN_POINT('',(-0.0407154450061962,-0.169588863269554,-0.02745));
#14663=CARTESIAN_POINT('',(-0.0370106513139739,-0.179957268808558,-0.02745));
#14664=CARTESIAN_POINT('',(-0.0370106513139739,-0.179957268808558,-0.0271857800922255));
#14665=CARTESIAN_POINT('',(-0.037237212760563,-0.180024229822584,-0.02695));
#14666=CARTESIAN_POINT('',(-0.037493906477201,-0.180086827244342,-0.02695));
#14667=CARTESIAN_POINT('',(-0.0401,-0.1694,-0.04095));
#14668=CARTESIAN_POINT('',(-0.0401,-0.1694,-0.03995));
#14669=CARTESIAN_POINT('',(-0.0401,-0.1694,-0.02695));
#14670=CARTESIAN_POINT('',(-0.0304870461451335,-0.174747066315673,-0.02695));
#14671=CARTESIAN_POINT('',(-0.0304870461451335,-0.174747066315673,-0.02695));
#14672=CARTESIAN_POINT('',(-0.0306154381069372,-0.174977889337362,-0.02695));
#14673=CARTESIAN_POINT('',(-0.0307399748305205,-0.175178401926719,-0.0271858715520768));
#14674=CARTESIAN_POINT('',(-0.0307399748305205,-0.175178401926719,-0.02745));
#14675=CARTESIAN_POINT('',(-0.0307399748305205,-0.175178401926719,-0.02745));
#14676=CARTESIAN_POINT('',(-0.0307399748305205,-0.175178401926719,-0.02695));
#14677=CARTESIAN_POINT('',(-0.0307399748305205,-0.175178401926719,-0.03945));
#14678=CARTESIAN_POINT('',(-0.0307399748305205,-0.175178401926719,-0.03945));
#14679=CARTESIAN_POINT('',(-0.0307399748305205,-0.175178401926719,-0.039714129880948));
#14680=CARTESIAN_POINT('',(-0.0306154392617046,-0.174977891413403,-0.0399500000000001));
#14681=CARTESIAN_POINT('',(-0.0304870461451335,-0.174747066315673,-0.03995));
#14682=CARTESIAN_POINT('',(-0.0337426462793694,-0.17337847903339,-0.02695));
#14683=CARTESIAN_POINT('',(-0.0367453177282183,-0.17157855614006,-0.02745));
#14684=CARTESIAN_POINT('',(-0.0337426462793694,-0.17337847903339,-0.03945));
#14685=CARTESIAN_POINT('',(-0.0401023590756926,-0.169543752257672,-0.03995));
#14686=CARTESIAN_POINT('',(-0.0401023590756926,-0.169543752257672,-0.02745));
#14687=CARTESIAN_POINT('',(-0.0361054818609817,-0.169609343824972,-0.03945));
#14688=CARTESIAN_POINT('',(-0.0401,-0.1694,-0.02695));
#14689=CARTESIAN_POINT('',(-0.0304829034011906,-0.1747495496442,-0.02695));
#14690=CARTESIAN_POINT('',(-0.0401,-0.1694,-0.02695));
#14691=CARTESIAN_POINT('',(-0.0401105633228196,-0.170043684943469,-0.02695));
#14692=CARTESIAN_POINT('',(-0.0399168477189853,-0.169094461286629,-0.02745));
#14693=CARTESIAN_POINT('',(-0.0401105633228196,-0.170043684943469,-0.02745));
#14694=CARTESIAN_POINT('',(-0.0401105633228196,-0.170043684943469,-0.03945));
#14695=CARTESIAN_POINT('',(-0.0361119724225881,-0.169709250774942,-0.03975));
#14696=CARTESIAN_POINT('',(-0.0361192125253317,-0.169802617491356,-0.0398746305943819));
#14697=CARTESIAN_POINT('',(-0.036135501878721,-0.16995432955609,-0.03995));
#14698=CARTESIAN_POINT('',(-0.0361632399417662,-0.170108463297493,-0.03995));
#14699=CARTESIAN_POINT('',(-0.0334855748500395,-0.17294962675087,-0.03945));
#14700=CARTESIAN_POINT('',(-0.0364996617379684,-0.17114286098096,-0.03995));
#14701=CARTESIAN_POINT('',(-0.0365677333345661,-0.171283480787396,-0.03995));
#14702=CARTESIAN_POINT('',(-0.0366433178339842,-0.17141493373846,-0.0398737095973328));
#14703=CARTESIAN_POINT('',(-0.0366918920237687,-0.17149399140933,-0.0397500000000001));
#14704=CARTESIAN_POINT('',(-0.0401,-0.1694,-0.04095));
#14705=CARTESIAN_POINT('',(-0.0401,-0.1694,-0.03595));
#14706=CARTESIAN_POINT('',(-0.0251,-0.1694,-0.03595));
#14707=CARTESIAN_POINT('',(-0.0401,-0.1694,-0.03095));
#14708=CARTESIAN_POINT('',(-0.0251,-0.1694,-0.03095));
#14709=CARTESIAN_POINT('',(-0.0401,-0.1694,-0.03595));
#14710=CARTESIAN_POINT('',(-0.0401,-0.1694,-0.02595));
#14711=CARTESIAN_POINT('',(-0.0401,-0.1694,-0.03975));
#14712=CARTESIAN_POINT('',(-0.0401,-0.1694,-0.03975));
#14713=CARTESIAN_POINT('',(-0.0401,-0.1694,-0.03975));
#14714=CARTESIAN_POINT('',(-0.0401,-0.1694,-0.03975));
#14715=CARTESIAN_POINT('',(-0.0401,-0.1694,-0.03975));
#14716=CARTESIAN_POINT('',(-0.0401,-0.1694,-0.03975));
#14717=CARTESIAN_POINT('',(-0.0401,-0.1694,-0.03975));
#14718=CARTESIAN_POINT('',(-0.0401,-0.1694,-0.03975));
#14719=CARTESIAN_POINT('',(-0.0401,-0.1694,-0.03975));
#14720=CARTESIAN_POINT('',(-0.0401,-0.1694,-0.03975));
#14721=CARTESIAN_POINT('',(-0.01505,-0.1704,-0.03975));
#14722=CARTESIAN_POINT('',(0.,0.,0.));
#14723=CARTESIAN_POINT('',(0.0099999999999998,0.04,-0.001));
#14724=CARTESIAN_POINT('',(0.01,0.04,-1.99493199737333E-16));
#14725=CARTESIAN_POINT('',(-0.0009999999999998,0.04,-1.99493199737333E-16));
#14726=CARTESIAN_POINT('',(0.01,0.04,0.0130000000000002));
#14727=CARTESIAN_POINT('',(0.0209999999999998,0.04,0.0130000000000002));
#14728=CARTESIAN_POINT('',(0.01,0.04,-0.001));
#14729=CARTESIAN_POINT('',(0.01,0.04,0.004));
#14730=CARTESIAN_POINT('',(-0.005,0.04,0.004));
#14731=CARTESIAN_POINT('',(0.01,0.04,0.009));
#14732=CARTESIAN_POINT('',(-0.005,0.04,0.009));
#14733=CARTESIAN_POINT('',(0.01,0.04,0.004));
#14734=CARTESIAN_POINT('',(0.01,0.04,0.014));
#14735=CARTESIAN_POINT('',(0.,0.,0.));
#14736=CARTESIAN_POINT('',(-0.04,-3.24237527730122E-17,-0.001));
#14737=CARTESIAN_POINT('',(-0.04,9.18485099360515E-19,-1.99493199737333E-16));
#14738=CARTESIAN_POINT('',(-0.0290000000000002,9.18485099360515E-19,-1.99493199737333E-16));
#14739=CARTESIAN_POINT('',(-0.04,9.18485099360515E-19,0.0130000000000002));
#14740=CARTESIAN_POINT('',(-0.0509999999999998,9.18485099360515E-19,0.0130000000000002));
#14741=CARTESIAN_POINT('',(-0.04,9.18485099360515E-19,-0.001));
#14742=CARTESIAN_POINT('',(-0.04,9.18485099360515E-19,0.004));
#14743=CARTESIAN_POINT('',(-0.025,9.18485099360515E-19,0.004));
#14744=CARTESIAN_POINT('',(-0.04,9.18485099360515E-19,0.009));
#14745=CARTESIAN_POINT('',(-0.025,9.18485099360515E-19,0.009));
#14746=CARTESIAN_POINT('',(-0.04,9.18485099360515E-19,0.004));
#14747=CARTESIAN_POINT('',(-0.04,9.18485099360515E-19,0.014));
#14748=MECHANICAL_DESIGN_GEOMETRIC_PRESENTATION_REPRESENTATION('',(#8522),
#14764);
#14749=MECHANICAL_DESIGN_GEOMETRIC_PRESENTATION_REPRESENTATION('',(#8523),
#14765);
#14750=MECHANICAL_DESIGN_GEOMETRIC_PRESENTATION_REPRESENTATION('',(#8524),
#14766);
#14751=MECHANICAL_DESIGN_GEOMETRIC_PRESENTATION_REPRESENTATION('',(#8525),
#14767);
#14752=MECHANICAL_DESIGN_GEOMETRIC_PRESENTATION_REPRESENTATION('',(#8526),
#14768);
#14753=MECHANICAL_DESIGN_GEOMETRIC_PRESENTATION_REPRESENTATION('',(#8527),
#14769);
#14754=MECHANICAL_DESIGN_GEOMETRIC_PRESENTATION_REPRESENTATION('',(#8528),
#14770);
#14755=MECHANICAL_DESIGN_GEOMETRIC_PRESENTATION_REPRESENTATION('',(#8529),
#14771);
#14756=MECHANICAL_DESIGN_GEOMETRIC_PRESENTATION_REPRESENTATION('',(#8530),
#14772);
#14757=MECHANICAL_DESIGN_GEOMETRIC_PRESENTATION_REPRESENTATION('',(#8531),
#14773);
#14758=MECHANICAL_DESIGN_GEOMETRIC_PRESENTATION_REPRESENTATION('',(#8532),
#14774);
#14759=MECHANICAL_DESIGN_GEOMETRIC_PRESENTATION_REPRESENTATION('',(#8533),
#14775);
#14760=MECHANICAL_DESIGN_GEOMETRIC_PRESENTATION_REPRESENTATION('',(#8534),
#14776);
#14761=MECHANICAL_DESIGN_GEOMETRIC_PRESENTATION_REPRESENTATION('',(#8535),
#14777);
#14762=MECHANICAL_DESIGN_GEOMETRIC_PRESENTATION_REPRESENTATION('',(#8536),
#14778);
#14763=MECHANICAL_DESIGN_GEOMETRIC_PRESENTATION_REPRESENTATION('',(#8537),
#14779);
#14764=(
GEOMETRIC_REPRESENTATION_CONTEXT(3)
GLOBAL_UNCERTAINTY_ASSIGNED_CONTEXT((#14780))
GLOBAL_UNIT_ASSIGNED_CONTEXT((#14828,#14812,#14796))
REPRESENTATION_CONTEXT('Large casing (bottom section)',
'TOP_LEVEL_ASSEMBLY_PART')
);
#14765=(
GEOMETRIC_REPRESENTATION_CONTEXT(3)
GLOBAL_UNCERTAINTY_ASSIGNED_CONTEXT((#14781))
GLOBAL_UNIT_ASSIGNED_CONTEXT((#14829,#14813,#14797))
REPRESENTATION_CONTEXT('Motor model#1','TOP_LEVEL_ASSEMBLY_PART')
);
#14766=(
GEOMETRIC_REPRESENTATION_CONTEXT(3)
GLOBAL_UNCERTAINTY_ASSIGNED_CONTEXT((#14782))
GLOBAL_UNIT_ASSIGNED_CONTEXT((#14830,#14814,#14798))
REPRESENTATION_CONTEXT('Large casing(top section)',
'TOP_LEVEL_ASSEMBLY_PART')
);
#14767=(
GEOMETRIC_REPRESENTATION_CONTEXT(3)
GLOBAL_UNCERTAINTY_ASSIGNED_CONTEXT((#14783))
GLOBAL_UNIT_ASSIGNED_CONTEXT((#14831,#14815,#14799))
REPRESENTATION_CONTEXT('Motor model#3','TOP_LEVEL_ASSEMBLY_PART')
);
#14768=(
GEOMETRIC_REPRESENTATION_CONTEXT(3)
GLOBAL_UNCERTAINTY_ASSIGNED_CONTEXT((#14784))
GLOBAL_UNIT_ASSIGNED_CONTEXT((#14832,#14816,#14800))
REPRESENTATION_CONTEXT('Wheel #2','TOP_LEVEL_ASSEMBLY_PART')
);
#14769=(
GEOMETRIC_REPRESENTATION_CONTEXT(3)
GLOBAL_UNCERTAINTY_ASSIGNED_CONTEXT((#14785))
GLOBAL_UNIT_ASSIGNED_CONTEXT((#14833,#14817,#14801))
REPRESENTATION_CONTEXT('Motor model #2','TOP_LEVEL_ASSEMBLY_PART')
);
#14770=(
GEOMETRIC_REPRESENTATION_CONTEXT(3)
GLOBAL_UNCERTAINTY_ASSIGNED_CONTEXT((#14786))
GLOBAL_UNIT_ASSIGNED_CONTEXT((#14834,#14818,#14802))
REPRESENTATION_CONTEXT('Motor model#4','TOP_LEVEL_ASSEMBLY_PART')
);
#14771=(
GEOMETRIC_REPRESENTATION_CONTEXT(3)
GLOBAL_UNCERTAINTY_ASSIGNED_CONTEXT((#14787))
GLOBAL_UNIT_ASSIGNED_CONTEXT((#14835,#14819,#14803))
REPRESENTATION_CONTEXT('x-axis movement wheel mount #1',
'TOP_LEVEL_ASSEMBLY_PART')
);
#14772=(
GEOMETRIC_REPRESENTATION_CONTEXT(3)
GLOBAL_UNCERTAINTY_ASSIGNED_CONTEXT((#14788))
GLOBAL_UNIT_ASSIGNED_CONTEXT((#14836,#14820,#14804))
REPRESENTATION_CONTEXT('Top wheel #2','TOP_LEVEL_ASSEMBLY_PART')
);
#14773=(
GEOMETRIC_REPRESENTATION_CONTEXT(3)
GLOBAL_UNCERTAINTY_ASSIGNED_CONTEXT((#14789))
GLOBAL_UNIT_ASSIGNED_CONTEXT((#14837,#14821,#14805))
REPRESENTATION_CONTEXT('x-axis movement wheel mount #2',
'TOP_LEVEL_ASSEMBLY_PART')
);
#14774=(
GEOMETRIC_REPRESENTATION_CONTEXT(3)
GLOBAL_UNCERTAINTY_ASSIGNED_CONTEXT((#14790))
GLOBAL_UNIT_ASSIGNED_CONTEXT((#14838,#14822,#14806))
REPRESENTATION_CONTEXT('y-axis movement wheel mount#1',
'TOP_LEVEL_ASSEMBLY_PART')
);
#14775=(
GEOMETRIC_REPRESENTATION_CONTEXT(3)
GLOBAL_UNCERTAINTY_ASSIGNED_CONTEXT((#14791))
GLOBAL_UNIT_ASSIGNED_CONTEXT((#14839,#14823,#14807))
REPRESENTATION_CONTEXT('Top wheel #1','TOP_LEVEL_ASSEMBLY_PART')
);
#14776=(
GEOMETRIC_REPRESENTATION_CONTEXT(3)
GLOBAL_UNCERTAINTY_ASSIGNED_CONTEXT((#14792))
GLOBAL_UNIT_ASSIGNED_CONTEXT((#14840,#14824,#14808))
REPRESENTATION_CONTEXT('Wheel#3','TOP_LEVEL_ASSEMBLY_PART')
);
#14777=(
GEOMETRIC_REPRESENTATION_CONTEXT(3)
GLOBAL_UNCERTAINTY_ASSIGNED_CONTEXT((#14793))
GLOBAL_UNIT_ASSIGNED_CONTEXT((#14841,#14825,#14809))
REPRESENTATION_CONTEXT('y-axis movement wheel mount#2',
'TOP_LEVEL_ASSEMBLY_PART')
);
#14778=(
GEOMETRIC_REPRESENTATION_CONTEXT(3)
GLOBAL_UNCERTAINTY_ASSIGNED_CONTEXT((#14794))
GLOBAL_UNIT_ASSIGNED_CONTEXT((#14842,#14826,#14810))
REPRESENTATION_CONTEXT('Wheel#4','TOP_LEVEL_ASSEMBLY_PART')
);
#14779=(
GEOMETRIC_REPRESENTATION_CONTEXT(3)
GLOBAL_UNCERTAINTY_ASSIGNED_CONTEXT((#14795))
GLOBAL_UNIT_ASSIGNED_CONTEXT((#14843,#14827,#14811))
REPRESENTATION_CONTEXT('Wheel#1','TOP_LEVEL_ASSEMBLY_PART')
);
#14780=UNCERTAINTY_MEASURE_WITH_UNIT(LENGTH_MEASURE(2.10000000000354E-5),
#14828,'DISTANCE_ACCURACY_VALUE','Maximum Tolerance applied to model');
#14781=UNCERTAINTY_MEASURE_WITH_UNIT(LENGTH_MEASURE(1.E-8),#14829,
'DISTANCE_ACCURACY_VALUE','Maximum Tolerance applied to model');
#14782=UNCERTAINTY_MEASURE_WITH_UNIT(LENGTH_MEASURE(2.10000000000833E-5),
#14830,'DISTANCE_ACCURACY_VALUE','Maximum Tolerance applied to model');
#14783=UNCERTAINTY_MEASURE_WITH_UNIT(LENGTH_MEASURE(1.E-8),#14831,
'DISTANCE_ACCURACY_VALUE','Maximum Tolerance applied to model');
#14784=UNCERTAINTY_MEASURE_WITH_UNIT(LENGTH_MEASURE(1.E-8),#14832,
'DISTANCE_ACCURACY_VALUE','Maximum Tolerance applied to model');
#14785=UNCERTAINTY_MEASURE_WITH_UNIT(LENGTH_MEASURE(1.E-8),#14833,
'DISTANCE_ACCURACY_VALUE','Maximum Tolerance applied to model');
#14786=UNCERTAINTY_MEASURE_WITH_UNIT(LENGTH_MEASURE(1.E-8),#14834,
'DISTANCE_ACCURACY_VALUE','Maximum Tolerance applied to model');
#14787=UNCERTAINTY_MEASURE_WITH_UNIT(LENGTH_MEASURE(2.E-5),#14835,
'DISTANCE_ACCURACY_VALUE','Maximum Tolerance applied to model');
#14788=UNCERTAINTY_MEASURE_WITH_UNIT(LENGTH_MEASURE(1.E-8),#14836,
'DISTANCE_ACCURACY_VALUE','Maximum Tolerance applied to model');
#14789=UNCERTAINTY_MEASURE_WITH_UNIT(LENGTH_MEASURE(2.E-5),#14837,
'DISTANCE_ACCURACY_VALUE','Maximum Tolerance applied to model');
#14790=UNCERTAINTY_MEASURE_WITH_UNIT(LENGTH_MEASURE(2.E-5),#14838,
'DISTANCE_ACCURACY_VALUE','Maximum Tolerance applied to model');
#14791=UNCERTAINTY_MEASURE_WITH_UNIT(LENGTH_MEASURE(1.E-8),#14839,
'DISTANCE_ACCURACY_VALUE','Maximum Tolerance applied to model');
#14792=UNCERTAINTY_MEASURE_WITH_UNIT(LENGTH_MEASURE(1.E-8),#14840,
'DISTANCE_ACCURACY_VALUE','Maximum Tolerance applied to model');
#14793=UNCERTAINTY_MEASURE_WITH_UNIT(LENGTH_MEASURE(2.E-5),#14841,
'DISTANCE_ACCURACY_VALUE','Maximum Tolerance applied to model');
#14794=UNCERTAINTY_MEASURE_WITH_UNIT(LENGTH_MEASURE(1.E-8),#14842,
'DISTANCE_ACCURACY_VALUE','Maximum Tolerance applied to model');
#14795=UNCERTAINTY_MEASURE_WITH_UNIT(LENGTH_MEASURE(1.E-8),#14843,
'DISTANCE_ACCURACY_VALUE','Maximum Tolerance applied to model');
#14796=(
NAMED_UNIT(*)
SI_UNIT($,.STERADIAN.)
SOLID_ANGLE_UNIT()
);
#14797=(
NAMED_UNIT(*)
SI_UNIT($,.STERADIAN.)
SOLID_ANGLE_UNIT()
);
#14798=(
NAMED_UNIT(*)
SI_UNIT($,.STERADIAN.)
SOLID_ANGLE_UNIT()
);
#14799=(
NAMED_UNIT(*)
SI_UNIT($,.STERADIAN.)
SOLID_ANGLE_UNIT()
);
#14800=(
NAMED_UNIT(*)
SI_UNIT($,.STERADIAN.)
SOLID_ANGLE_UNIT()
);
#14801=(
NAMED_UNIT(*)
SI_UNIT($,.STERADIAN.)
SOLID_ANGLE_UNIT()
);
#14802=(
NAMED_UNIT(*)
SI_UNIT($,.STERADIAN.)
SOLID_ANGLE_UNIT()
);
#14803=(
NAMED_UNIT(*)
SI_UNIT($,.STERADIAN.)
SOLID_ANGLE_UNIT()
);
#14804=(
NAMED_UNIT(*)
SI_UNIT($,.STERADIAN.)
SOLID_ANGLE_UNIT()
);
#14805=(
NAMED_UNIT(*)
SI_UNIT($,.STERADIAN.)
SOLID_ANGLE_UNIT()
);
#14806=(
NAMED_UNIT(*)
SI_UNIT($,.STERADIAN.)
SOLID_ANGLE_UNIT()
);
#14807=(
NAMED_UNIT(*)
SI_UNIT($,.STERADIAN.)
SOLID_ANGLE_UNIT()
);
#14808=(
NAMED_UNIT(*)
SI_UNIT($,.STERADIAN.)
SOLID_ANGLE_UNIT()
);
#14809=(
NAMED_UNIT(*)
SI_UNIT($,.STERADIAN.)
SOLID_ANGLE_UNIT()
);
#14810=(
NAMED_UNIT(*)
SI_UNIT($,.STERADIAN.)
SOLID_ANGLE_UNIT()
);
#14811=(
NAMED_UNIT(*)
SI_UNIT($,.STERADIAN.)
SOLID_ANGLE_UNIT()
);
#14812=(
NAMED_UNIT(*)
PLANE_ANGLE_UNIT()
SI_UNIT($,.RADIAN.)
);
#14813=(
NAMED_UNIT(*)
PLANE_ANGLE_UNIT()
SI_UNIT($,.RADIAN.)
);
#14814=(
NAMED_UNIT(*)
PLANE_ANGLE_UNIT()
SI_UNIT($,.RADIAN.)
);
#14815=(
NAMED_UNIT(*)
PLANE_ANGLE_UNIT()
SI_UNIT($,.RADIAN.)
);
#14816=(
NAMED_UNIT(*)
PLANE_ANGLE_UNIT()
SI_UNIT($,.RADIAN.)
);
#14817=(
NAMED_UNIT(*)
PLANE_ANGLE_UNIT()
SI_UNIT($,.RADIAN.)
);
#14818=(
NAMED_UNIT(*)
PLANE_ANGLE_UNIT()
SI_UNIT($,.RADIAN.)
);
#14819=(
NAMED_UNIT(*)
PLANE_ANGLE_UNIT()
SI_UNIT($,.RADIAN.)
);
#14820=(
NAMED_UNIT(*)
PLANE_ANGLE_UNIT()
SI_UNIT($,.RADIAN.)
);
#14821=(
NAMED_UNIT(*)
PLANE_ANGLE_UNIT()
SI_UNIT($,.RADIAN.)
);
#14822=(
NAMED_UNIT(*)
PLANE_ANGLE_UNIT()
SI_UNIT($,.RADIAN.)
);
#14823=(
NAMED_UNIT(*)
PLANE_ANGLE_UNIT()
SI_UNIT($,.RADIAN.)
);
#14824=(
NAMED_UNIT(*)
PLANE_ANGLE_UNIT()
SI_UNIT($,.RADIAN.)
);
#14825=(
NAMED_UNIT(*)
PLANE_ANGLE_UNIT()
SI_UNIT($,.RADIAN.)
);
#14826=(
NAMED_UNIT(*)
PLANE_ANGLE_UNIT()
SI_UNIT($,.RADIAN.)
);
#14827=(
NAMED_UNIT(*)
PLANE_ANGLE_UNIT()
SI_UNIT($,.RADIAN.)
);
#14828=(
LENGTH_UNIT()
NAMED_UNIT(*)
SI_UNIT($,.METRE.)
);
#14829=(
LENGTH_UNIT()
NAMED_UNIT(*)
SI_UNIT($,.METRE.)
);
#14830=(
LENGTH_UNIT()
NAMED_UNIT(*)
SI_UNIT($,.METRE.)
);
#14831=(
LENGTH_UNIT()
NAMED_UNIT(*)
SI_UNIT($,.METRE.)
);
#14832=(
LENGTH_UNIT()
NAMED_UNIT(*)
SI_UNIT($,.METRE.)
);
#14833=(
LENGTH_UNIT()
NAMED_UNIT(*)
SI_UNIT($,.METRE.)
);
#14834=(
LENGTH_UNIT()
NAMED_UNIT(*)
SI_UNIT($,.METRE.)
);
#14835=(
LENGTH_UNIT()
NAMED_UNIT(*)
SI_UNIT($,.METRE.)
);
#14836=(
LENGTH_UNIT()
NAMED_UNIT(*)
SI_UNIT($,.METRE.)
);
#14837=(
LENGTH_UNIT()
NAMED_UNIT(*)
SI_UNIT($,.METRE.)
);
#14838=(
LENGTH_UNIT()
NAMED_UNIT(*)
SI_UNIT($,.METRE.)
);
#14839=(
LENGTH_UNIT()
NAMED_UNIT(*)
SI_UNIT($,.METRE.)
);
#14840=(
LENGTH_UNIT()
NAMED_UNIT(*)
SI_UNIT($,.METRE.)
);
#14841=(
LENGTH_UNIT()
NAMED_UNIT(*)
SI_UNIT($,.METRE.)
);
#14842=(
LENGTH_UNIT()
NAMED_UNIT(*)
SI_UNIT($,.METRE.)
);
#14843=(
LENGTH_UNIT()
NAMED_UNIT(*)
SI_UNIT($,.METRE.)
);
#14844=PRODUCT_DEFINITION_SHAPE('','',#14860);
#14845=PRODUCT_DEFINITION_SHAPE('','',#14861);
#14846=PRODUCT_DEFINITION_SHAPE('','',#14862);
#14847=PRODUCT_DEFINITION_SHAPE('','',#14863);
#14848=PRODUCT_DEFINITION_SHAPE('','',#14864);
#14849=PRODUCT_DEFINITION_SHAPE('','',#14865);
#14850=PRODUCT_DEFINITION_SHAPE('','',#14866);
#14851=PRODUCT_DEFINITION_SHAPE('','',#14867);
#14852=PRODUCT_DEFINITION_SHAPE('','',#14868);
#14853=PRODUCT_DEFINITION_SHAPE('','',#14869);
#14854=PRODUCT_DEFINITION_SHAPE('','',#14870);
#14855=PRODUCT_DEFINITION_SHAPE('','',#14871);
#14856=PRODUCT_DEFINITION_SHAPE('','',#14872);
#14857=PRODUCT_DEFINITION_SHAPE('','',#14873);
#14858=PRODUCT_DEFINITION_SHAPE('','',#14874);
#14859=PRODUCT_DEFINITION_SHAPE('','',#14875);
#14860=PRODUCT_DEFINITION('','',#14892,#14876);
#14861=PRODUCT_DEFINITION('','',#14893,#14877);
#14862=PRODUCT_DEFINITION('','',#14894,#14878);
#14863=PRODUCT_DEFINITION('','',#14895,#14879);
#14864=PRODUCT_DEFINITION('','',#14896,#14880);
#14865=PRODUCT_DEFINITION('','',#14897,#14881);
#14866=PRODUCT_DEFINITION('','',#14898,#14882);
#14867=PRODUCT_DEFINITION('','',#14899,#14883);
#14868=PRODUCT_DEFINITION('','',#14900,#14884);
#14869=PRODUCT_DEFINITION('','',#14901,#14885);
#14870=PRODUCT_DEFINITION('','',#14902,#14886);
#14871=PRODUCT_DEFINITION('','',#14903,#14887);
#14872=PRODUCT_DEFINITION('','',#14904,#14888);
#14873=PRODUCT_DEFINITION('','',#14905,#14889);
#14874=PRODUCT_DEFINITION('','',#14906,#14890);
#14875=PRODUCT_DEFINITION('','',#14907,#14891);
#14876=PRODUCT_DEFINITION_CONTEXT('',#14988,'design');
#14877=PRODUCT_DEFINITION_CONTEXT('',#14989,'design');
#14878=PRODUCT_DEFINITION_CONTEXT('',#14990,'design');
#14879=PRODUCT_DEFINITION_CONTEXT('',#14991,'design');
#14880=PRODUCT_DEFINITION_CONTEXT('',#14992,'design');
#14881=PRODUCT_DEFINITION_CONTEXT('',#14993,'design');
#14882=PRODUCT_DEFINITION_CONTEXT('',#14994,'design');
#14883=PRODUCT_DEFINITION_CONTEXT('',#14995,'design');
#14884=PRODUCT_DEFINITION_CONTEXT('',#14996,'design');
#14885=PRODUCT_DEFINITION_CONTEXT('',#14997,'design');
#14886=PRODUCT_DEFINITION_CONTEXT('',#14998,'design');
#14887=PRODUCT_DEFINITION_CONTEXT('',#14999,'design');
#14888=PRODUCT_DEFINITION_CONTEXT('',#15000,'design');
#14889=PRODUCT_DEFINITION_CONTEXT('',#15001,'design');
#14890=PRODUCT_DEFINITION_CONTEXT('',#15002,'design');
#14891=PRODUCT_DEFINITION_CONTEXT('',#15003,'design');
#14892=PRODUCT_DEFINITION_FORMATION_WITH_SPECIFIED_SOURCE('','',#14924,
 .NOT_KNOWN.);
#14893=PRODUCT_DEFINITION_FORMATION_WITH_SPECIFIED_SOURCE('','',#14925,
 .NOT_KNOWN.);
#14894=PRODUCT_DEFINITION_FORMATION_WITH_SPECIFIED_SOURCE('','',#14926,
 .NOT_KNOWN.);
#14895=PRODUCT_DEFINITION_FORMATION_WITH_SPECIFIED_SOURCE('','',#14927,
 .NOT_KNOWN.);
#14896=PRODUCT_DEFINITION_FORMATION_WITH_SPECIFIED_SOURCE('','',#14928,
 .NOT_KNOWN.);
#14897=PRODUCT_DEFINITION_FORMATION_WITH_SPECIFIED_SOURCE('','',#14929,
 .NOT_KNOWN.);
#14898=PRODUCT_DEFINITION_FORMATION_WITH_SPECIFIED_SOURCE('','',#14930,
 .NOT_KNOWN.);
#14899=PRODUCT_DEFINITION_FORMATION_WITH_SPECIFIED_SOURCE('','',#14931,
 .NOT_KNOWN.);
#14900=PRODUCT_DEFINITION_FORMATION_WITH_SPECIFIED_SOURCE('','',#14932,
 .NOT_KNOWN.);
#14901=PRODUCT_DEFINITION_FORMATION_WITH_SPECIFIED_SOURCE('','',#14933,
 .NOT_KNOWN.);
#14902=PRODUCT_DEFINITION_FORMATION_WITH_SPECIFIED_SOURCE('','',#14934,
 .NOT_KNOWN.);
#14903=PRODUCT_DEFINITION_FORMATION_WITH_SPECIFIED_SOURCE('','',#14935,
 .NOT_KNOWN.);
#14904=PRODUCT_DEFINITION_FORMATION_WITH_SPECIFIED_SOURCE('','',#14936,
 .NOT_KNOWN.);
#14905=PRODUCT_DEFINITION_FORMATION_WITH_SPECIFIED_SOURCE('','',#14937,
 .NOT_KNOWN.);
#14906=PRODUCT_DEFINITION_FORMATION_WITH_SPECIFIED_SOURCE('','',#14938,
 .NOT_KNOWN.);
#14907=PRODUCT_DEFINITION_FORMATION_WITH_SPECIFIED_SOURCE('','',#14939,
 .NOT_KNOWN.);
#14908=PRODUCT_RELATED_PRODUCT_CATEGORY('','',(#14924));
#14909=PRODUCT_RELATED_PRODUCT_CATEGORY('','',(#14925));
#14910=PRODUCT_RELATED_PRODUCT_CATEGORY('','',(#14926));
#14911=PRODUCT_RELATED_PRODUCT_CATEGORY('','',(#14927));
#14912=PRODUCT_RELATED_PRODUCT_CATEGORY('','',(#14928));
#14913=PRODUCT_RELATED_PRODUCT_CATEGORY('','',(#14929));
#14914=PRODUCT_RELATED_PRODUCT_CATEGORY('','',(#14930));
#14915=PRODUCT_RELATED_PRODUCT_CATEGORY('','',(#14931));
#14916=PRODUCT_RELATED_PRODUCT_CATEGORY('','',(#14932));
#14917=PRODUCT_RELATED_PRODUCT_CATEGORY('','',(#14933));
#14918=PRODUCT_RELATED_PRODUCT_CATEGORY('','',(#14934));
#14919=PRODUCT_RELATED_PRODUCT_CATEGORY('','',(#14935));
#14920=PRODUCT_RELATED_PRODUCT_CATEGORY('','',(#14936));
#14921=PRODUCT_RELATED_PRODUCT_CATEGORY('','',(#14937));
#14922=PRODUCT_RELATED_PRODUCT_CATEGORY('','',(#14938));
#14923=PRODUCT_RELATED_PRODUCT_CATEGORY('','',(#14939));
#14924=PRODUCT('Large casing (bottom section)',
'Large casing (bottom section)','Large casing (bottom section)',(#14956));
#14925=PRODUCT('Motor model#1','Motor model#1','Motor model#1',(#14957));
#14926=PRODUCT('Large casing(top section)','Large casing(top section)',
'Large casing(top section)',(#14958));
#14927=PRODUCT('Motor model#3','Motor model#3','Motor model#3',(#14959));
#14928=PRODUCT('Wheel #2','Wheel #2','Wheel #2',(#14960));
#14929=PRODUCT('Motor model #2','Motor model #2','Motor model #2',(#14961));
#14930=PRODUCT('Motor model#4','Motor model#4','Motor model#4',(#14962));
#14931=PRODUCT('x-axis movement wheel mount #1',
'x-axis movement wheel mount #1','x-axis movement wheel mount #1',(#14963));
#14932=PRODUCT('Top wheel #2','Top wheel #2','Top wheel #2',(#14964));
#14933=PRODUCT('x-axis movement wheel mount #2',
'x-axis movement wheel mount #2','x-axis movement wheel mount #2',(#14965));
#14934=PRODUCT('y-axis movement wheel mount#1',
'y-axis movement wheel mount#1','y-axis movement wheel mount#1',(#14966));
#14935=PRODUCT('Top wheel #1','Top wheel #1','Top wheel #1',(#14967));
#14936=PRODUCT('Wheel#3','Wheel#3','Wheel#3',(#14968));
#14937=PRODUCT('y-axis movement wheel mount#2',
'y-axis movement wheel mount#2','y-axis movement wheel mount#2',(#14969));
#14938=PRODUCT('Wheel#4','Wheel#4','Wheel#4',(#14970));
#14939=PRODUCT('Wheel#1','Wheel#1','Wheel#1',(#14971));
#14940=PRODUCT_CATEGORY('','');
#14941=PRODUCT_CATEGORY('','');
#14942=PRODUCT_CATEGORY('','');
#14943=PRODUCT_CATEGORY('','');
#14944=PRODUCT_CATEGORY('','');
#14945=PRODUCT_CATEGORY('','');
#14946=PRODUCT_CATEGORY('','');
#14947=PRODUCT_CATEGORY('','');
#14948=PRODUCT_CATEGORY('','');
#14949=PRODUCT_CATEGORY('','');
#14950=PRODUCT_CATEGORY('','');
#14951=PRODUCT_CATEGORY('','');
#14952=PRODUCT_CATEGORY('','');
#14953=PRODUCT_CATEGORY('','');
#14954=PRODUCT_CATEGORY('','');
#14955=PRODUCT_CATEGORY('','');
#14956=PRODUCT_CONTEXT('',#14988,'mechanical');
#14957=PRODUCT_CONTEXT('',#14989,'mechanical');
#14958=PRODUCT_CONTEXT('',#14990,'mechanical');
#14959=PRODUCT_CONTEXT('',#14991,'mechanical');
#14960=PRODUCT_CONTEXT('',#14992,'mechanical');
#14961=PRODUCT_CONTEXT('',#14993,'mechanical');
#14962=PRODUCT_CONTEXT('',#14994,'mechanical');
#14963=PRODUCT_CONTEXT('',#14995,'mechanical');
#14964=PRODUCT_CONTEXT('',#14996,'mechanical');
#14965=PRODUCT_CONTEXT('',#14997,'mechanical');
#14966=PRODUCT_CONTEXT('',#14998,'mechanical');
#14967=PRODUCT_CONTEXT('',#14999,'mechanical');
#14968=PRODUCT_CONTEXT('',#15000,'mechanical');
#14969=PRODUCT_CONTEXT('',#15001,'mechanical');
#14970=PRODUCT_CONTEXT('',#15002,'mechanical');
#14971=PRODUCT_CONTEXT('',#15003,'mechanical');
#14972=APPLICATION_PROTOCOL_DEFINITION('international standard',
'ap242_managed_model_based_3d_engineering',2020,#14988);
#14973=APPLICATION_PROTOCOL_DEFINITION('international standard',
'ap242_managed_model_based_3d_engineering',2020,#14989);
#14974=APPLICATION_PROTOCOL_DEFINITION('international standard',
'ap242_managed_model_based_3d_engineering',2020,#14990);
#14975=APPLICATION_PROTOCOL_DEFINITION('international standard',
'ap242_managed_model_based_3d_engineering',2020,#14991);
#14976=APPLICATION_PROTOCOL_DEFINITION('international standard',
'ap242_managed_model_based_3d_engineering',2020,#14992);
#14977=APPLICATION_PROTOCOL_DEFINITION('international standard',
'ap242_managed_model_based_3d_engineering',2020,#14993);
#14978=APPLICATION_PROTOCOL_DEFINITION('international standard',
'ap242_managed_model_based_3d_engineering',2020,#14994);
#14979=APPLICATION_PROTOCOL_DEFINITION('international standard',
'ap242_managed_model_based_3d_engineering',2020,#14995);
#14980=APPLICATION_PROTOCOL_DEFINITION('international standard',
'ap242_managed_model_based_3d_engineering',2020,#14996);
#14981=APPLICATION_PROTOCOL_DEFINITION('international standard',
'ap242_managed_model_based_3d_engineering',2020,#14997);
#14982=APPLICATION_PROTOCOL_DEFINITION('international standard',
'ap242_managed_model_based_3d_engineering',2020,#14998);
#14983=APPLICATION_PROTOCOL_DEFINITION('international standard',
'ap242_managed_model_based_3d_engineering',2020,#14999);
#14984=APPLICATION_PROTOCOL_DEFINITION('international standard',
'ap242_managed_model_based_3d_engineering',2020,#15000);
#14985=APPLICATION_PROTOCOL_DEFINITION('international standard',
'ap242_managed_model_based_3d_engineering',2020,#15001);
#14986=APPLICATION_PROTOCOL_DEFINITION('international standard',
'ap242_managed_model_based_3d_engineering',2020,#15002);
#14987=APPLICATION_PROTOCOL_DEFINITION('international standard',
'ap242_managed_model_based_3d_engineering',2020,#15003);
#14988=APPLICATION_CONTEXT('managed model based 3d engineering');
#14989=APPLICATION_CONTEXT('managed model based 3d engineering');
#14990=APPLICATION_CONTEXT('managed model based 3d engineering');
#14991=APPLICATION_CONTEXT('managed model based 3d engineering');
#14992=APPLICATION_CONTEXT('managed model based 3d engineering');
#14993=APPLICATION_CONTEXT('managed model based 3d engineering');
#14994=APPLICATION_CONTEXT('managed model based 3d engineering');
#14995=APPLICATION_CONTEXT('managed model based 3d engineering');
#14996=APPLICATION_CONTEXT('managed model based 3d engineering');
#14997=APPLICATION_CONTEXT('managed model based 3d engineering');
#14998=APPLICATION_CONTEXT('managed model based 3d engineering');
#14999=APPLICATION_CONTEXT('managed model based 3d engineering');
#15000=APPLICATION_CONTEXT('managed model based 3d engineering');
#15001=APPLICATION_CONTEXT('managed model based 3d engineering');
#15002=APPLICATION_CONTEXT('managed model based 3d engineering');
#15003=APPLICATION_CONTEXT('managed model based 3d engineering');
ENDSEC;
END-ISO-10303-21;
