ISO-10303-21;
HEADER;
/* Generated by software containing ST-Developer
 * from STEP Tools, Inc. (www.steptools.com) 
 */
/* OPTION: using custom renumber hook */

FILE_DESCRIPTION(
/* description */ ('STEP AP242 Edition 2',
'CAx-IF Rec.Pracs.---Representation and Presentation of Product Manufa
cturing Information (PMI)---4.0---2014-10-13',
'CAx-IF Rec.Pracs.---3D Tessellated Geometry---0.4---2014-09-14','2;1',
'CAx-IF Rec.Pracs.---User Defined Attributes---1.5---2016-08-15'),
/* implementation_level */ '2;1');

FILE_NAME(
/* name */ '6a95efe8edeed672aade6308',
/* time_stamp */ '2026-08-31T21:19:37Z',
/* author */ (''),
/* organization */ (''),
/* preprocessor_version */ 'ST-DEVELOPER v20',
/* originating_system */ 'ONSHAPE BY PTC INC, 1.220',
/* authorisation */ '  ');

FILE_SCHEMA (('AP242_MANAGED_MODEL_BASED_3D_ENGINEERING_MIM_LF { 1 0 10303 442 3 1 4 }'));
ENDSEC;

DATA;
#10=TOROIDAL_SURFACE('',#11487,0.003,0.001);
#11=TOROIDAL_SURFACE('',#11488,0.003,0.001);
#12=TOROIDAL_SURFACE('',#11489,0.005,0.001);
#13=TOROIDAL_SURFACE('',#11490,0.005,0.001);
#14=ORIENTED_CLOSED_SHELL('',*,#10417,.F.);
#15=ORIENTED_CLOSED_SHELL('',*,#10419,.F.);
#16=BREP_WITH_VOIDS('Rail connector piece',#10416,(#14));
#17=BREP_WITH_VOIDS('Rail end piece',#10418,(#15));
#18=ELLIPSE('',#10826,0.000707106781186548,0.0005);
#19=ELLIPSE('',#10828,0.000707106781186548,0.0005);
#20=ELLIPSE('',#11121,0.000707106781186548,0.0005);
#21=ELLIPSE('',#11123,0.000707106781186548,0.0005);
#22=ELLIPSE('',#11244,0.000707106781186548,0.0005);
#23=ELLIPSE('',#11246,0.000707106781186548,0.0005);
#24=ELLIPSE('',#11351,0.000707106781186548,0.0005);
#25=ELLIPSE('',#11353,0.000707106781186548,0.0005);
#26=B_SPLINE_CURVE_WITH_KNOTS('',3,(#14848,#14849,#14850,#14851),
 .UNSPECIFIED.,.F.,.F.,(4,4),(0.,0.000783607851989802),.UNSPECIFIED.);
#27=B_SPLINE_CURVE_WITH_KNOTS('',3,(#14856,#14857,#14858,#14859),
 .UNSPECIFIED.,.F.,.F.,(4,4),(2.26446207231011E-16,0.000781562377073732),
 .UNSPECIFIED.);
#28=B_SPLINE_CURVE_WITH_KNOTS('',3,(#14863,#14864,#14865,#14866),
 .UNSPECIFIED.,.F.,.F.,(4,4),(0.,0.000781551389541066),.UNSPECIFIED.);
#29=B_SPLINE_CURVE_WITH_KNOTS('',3,(#14870,#14871,#14872,#14873),
 .UNSPECIFIED.,.F.,.F.,(4,4),(0.,0.000783627061013169),.UNSPECIFIED.);
#30=B_SPLINE_CURVE_WITH_KNOTS('',3,(#14877,#14878,#14879,#14880),
 .UNSPECIFIED.,.F.,.F.,(4,4),(0.,0.000783607851989731),.UNSPECIFIED.);
#31=B_SPLINE_CURVE_WITH_KNOTS('',3,(#14884,#14885,#14886,#14887),
 .UNSPECIFIED.,.F.,.F.,(4,4),(0.,0.000781562377073601),.UNSPECIFIED.);
#32=B_SPLINE_CURVE_WITH_KNOTS('',3,(#14891,#14892,#14893,#14894),
 .UNSPECIFIED.,.F.,.F.,(4,4),(0.,0.000781551389540491),.UNSPECIFIED.);
#33=B_SPLINE_CURVE_WITH_KNOTS('',3,(#14898,#14899,#14900,#14901),
 .UNSPECIFIED.,.F.,.F.,(4,4),(0.,0.000783627061012785),.UNSPECIFIED.);
#34=B_SPLINE_CURVE_WITH_KNOTS('',3,(#14905,#14906,#14907,#14908),
 .UNSPECIFIED.,.F.,.F.,(4,4),(0.,0.000783607851989792),.UNSPECIFIED.);
#35=B_SPLINE_CURVE_WITH_KNOTS('',3,(#14912,#14913,#14914,#14915),
 .UNSPECIFIED.,.F.,.F.,(4,4),(0.,0.000781562377073852),.UNSPECIFIED.);
#36=B_SPLINE_CURVE_WITH_KNOTS('',3,(#14919,#14920,#14921,#14922),
 .UNSPECIFIED.,.F.,.F.,(4,4),(0.,0.000781551389540793),.UNSPECIFIED.);
#37=B_SPLINE_CURVE_WITH_KNOTS('',3,(#14926,#14927,#14928,#14929),
 .UNSPECIFIED.,.F.,.F.,(4,4),(0.,0.000783627061012925),.UNSPECIFIED.);
#38=B_SPLINE_CURVE_WITH_KNOTS('',3,(#14933,#14934,#14935,#14936),
 .UNSPECIFIED.,.F.,.F.,(4,4),(0.,0.000783607851989753),.UNSPECIFIED.);
#39=B_SPLINE_CURVE_WITH_KNOTS('',3,(#14940,#14941,#14942,#14943),
 .UNSPECIFIED.,.F.,.F.,(4,4),(0.,0.000781562377073914),.UNSPECIFIED.);
#40=B_SPLINE_CURVE_WITH_KNOTS('',3,(#14947,#14948,#14949,#14950),
 .UNSPECIFIED.,.F.,.F.,(4,4),(0.,0.000781551389540872),.UNSPECIFIED.);
#41=B_SPLINE_CURVE_WITH_KNOTS('',3,(#14954,#14955,#14956,#14957),
 .UNSPECIFIED.,.F.,.F.,(4,4),(0.,0.000783627061012883),.UNSPECIFIED.);
#42=B_SPLINE_CURVE_WITH_KNOTS('',3,(#14961,#14962,#14963,#14964),
 .UNSPECIFIED.,.F.,.F.,(4,4),(0.,0.000783607851989519),.UNSPECIFIED.);
#43=B_SPLINE_CURVE_WITH_KNOTS('',3,(#14968,#14969,#14970,#14971),
 .UNSPECIFIED.,.F.,.F.,(4,4),(0.,0.000781562377073958),.UNSPECIFIED.);
#44=B_SPLINE_CURVE_WITH_KNOTS('',3,(#14975,#14976,#14977,#14978),
 .UNSPECIFIED.,.F.,.F.,(4,4),(0.,0.000781551389540886),.UNSPECIFIED.);
#45=B_SPLINE_CURVE_WITH_KNOTS('',3,(#14982,#14983,#14984,#14985),
 .UNSPECIFIED.,.F.,.F.,(4,4),(0.,0.000783627061012887),.UNSPECIFIED.);
#46=B_SPLINE_CURVE_WITH_KNOTS('',3,(#15063,#15064,#15065,#15066),
 .UNSPECIFIED.,.F.,.F.,(4,4),(0.,0.000781410122785761),.UNSPECIFIED.);
#47=B_SPLINE_CURVE_WITH_KNOTS('',3,(#15068,#15069,#15070,#15071),
 .UNSPECIFIED.,.F.,.F.,(4,4),(0.,0.000781412866621172),.UNSPECIFIED.);
#48=B_SPLINE_CURVE_WITH_KNOTS('',3,(#15073,#15074,#15075,#15076),
 .UNSPECIFIED.,.F.,.F.,(4,4),(0.,0.000781141826626882),.UNSPECIFIED.);
#49=B_SPLINE_CURVE_WITH_KNOTS('',3,(#15078,#15079,#15080,#15081),
 .UNSPECIFIED.,.F.,.F.,(4,4),(0.,0.000781143139734392),.UNSPECIFIED.);
#50=B_SPLINE_CURVE_WITH_KNOTS('',3,(#15085,#15086,#15087,#15088),
 .UNSPECIFIED.,.F.,.F.,(4,4),(0.,0.00078114313973437),.UNSPECIFIED.);
#51=B_SPLINE_CURVE_WITH_KNOTS('',3,(#15092,#15093,#15094,#15095),
 .UNSPECIFIED.,.F.,.F.,(4,4),(0.,0.000781141826626467),.UNSPECIFIED.);
#52=B_SPLINE_CURVE_WITH_KNOTS('',3,(#15099,#15100,#15101,#15102),
 .UNSPECIFIED.,.F.,.F.,(4,4),(0.,0.000781412866621234),.UNSPECIFIED.);
#53=B_SPLINE_CURVE_WITH_KNOTS('',3,(#15106,#15107,#15108,#15109),
 .UNSPECIFIED.,.F.,.F.,(4,4),(0.,0.00078141012278615),.UNSPECIFIED.);
#54=B_SPLINE_CURVE_WITH_KNOTS('',3,(#15129,#15130,#15131,#15132),
 .UNSPECIFIED.,.F.,.F.,(4,4),(0.,0.000781141826626572),.UNSPECIFIED.);
#55=B_SPLINE_CURVE_WITH_KNOTS('',3,(#15134,#15135,#15136,#15137),
 .UNSPECIFIED.,.F.,.F.,(4,4),(0.,0.00078114313973436),.UNSPECIFIED.);
#56=B_SPLINE_CURVE_WITH_KNOTS('',3,(#15140,#15141,#15142,#15143),
 .UNSPECIFIED.,.F.,.F.,(4,4),(0.,0.000781412866621318),.UNSPECIFIED.);
#57=B_SPLINE_CURVE_WITH_KNOTS('',3,(#15147,#15148,#15149,#15150),
 .UNSPECIFIED.,.F.,.F.,(4,4),(0.,0.000781410122785883),.UNSPECIFIED.);
#58=B_SPLINE_CURVE_WITH_KNOTS('',3,(#15169,#15170,#15171,#15172),
 .UNSPECIFIED.,.F.,.F.,(4,4),(0.,0.000781410122786289),.UNSPECIFIED.);
#59=B_SPLINE_CURVE_WITH_KNOTS('',3,(#15174,#15175,#15176,#15177),
 .UNSPECIFIED.,.F.,.F.,(4,4),(0.,0.000781412866621199),.UNSPECIFIED.);
#60=B_SPLINE_CURVE_WITH_KNOTS('',3,(#15209,#15210,#15211,#15212),
 .UNSPECIFIED.,.F.,.F.,(4,4),(0.,0.000781412866621199),.UNSPECIFIED.);
#61=B_SPLINE_CURVE_WITH_KNOTS('',3,(#15214,#15215,#15216,#15217),
 .UNSPECIFIED.,.F.,.F.,(4,4),(0.,0.000781410122785979),.UNSPECIFIED.);
#62=B_SPLINE_CURVE_WITH_KNOTS('',3,(#15222,#15223,#15224,#15225),
 .UNSPECIFIED.,.F.,.F.,(4,4),(0.,0.000781143139734413),.UNSPECIFIED.);
#63=B_SPLINE_CURVE_WITH_KNOTS('',3,(#15229,#15230,#15231,#15232),
 .UNSPECIFIED.,.F.,.F.,(4,4),(0.,0.000781141826626831),.UNSPECIFIED.);
#64=B_SPLINE_CURVE_WITH_KNOTS('',3,(#15899,#15900,#15901,#15902),
 .UNSPECIFIED.,.F.,.F.,(4,4),(0.000462058353862244,0.000781562377073722),
 .UNSPECIFIED.);
#65=B_SPLINE_CURVE_WITH_KNOTS('',3,(#15906,#15907,#15908,#15909),
 .UNSPECIFIED.,.F.,.F.,(4,4),(0.,0.00078155138954099),.UNSPECIFIED.);
#66=B_SPLINE_CURVE_WITH_KNOTS('',3,(#15913,#15914,#15915,#15916),
 .UNSPECIFIED.,.F.,.F.,(4,4),(0.,0.000783627061013121),.UNSPECIFIED.);
#67=B_SPLINE_CURVE_WITH_KNOTS('',3,(#15920,#15921,#15922,#15923),
 .UNSPECIFIED.,.F.,.F.,(4,4),(0.,0.000320390840380307),.UNSPECIFIED.);
#68=B_SPLINE_CURVE_WITH_KNOTS('',3,(#15927,#15928,#15929,#15930),
 .UNSPECIFIED.,.F.,.F.,(4,4),(0.000462058353862007,0.000781562377073602),
 .UNSPECIFIED.);
#69=B_SPLINE_CURVE_WITH_KNOTS('',3,(#15934,#15935,#15936,#15937),
 .UNSPECIFIED.,.F.,.F.,(4,4),(0.,0.00078155138954049),.UNSPECIFIED.);
#70=B_SPLINE_CURVE_WITH_KNOTS('',3,(#15941,#15942,#15943,#15944),
 .UNSPECIFIED.,.F.,.F.,(4,4),(0.,0.000783627061012772),.UNSPECIFIED.);
#71=B_SPLINE_CURVE_WITH_KNOTS('',3,(#15948,#15949,#15950,#15951),
 .UNSPECIFIED.,.F.,.F.,(4,4),(0.,0.000320390840380255),.UNSPECIFIED.);
#72=B_SPLINE_CURVE_WITH_KNOTS('',3,(#15955,#15956,#15957,#15958),
 .UNSPECIFIED.,.F.,.F.,(4,4),(0.000462058353862287,0.000781562377073814),
 .UNSPECIFIED.);
#73=B_SPLINE_CURVE_WITH_KNOTS('',3,(#15962,#15963,#15964,#15965),
 .UNSPECIFIED.,.F.,.F.,(4,4),(0.,0.000781551389540797),.UNSPECIFIED.);
#74=B_SPLINE_CURVE_WITH_KNOTS('',3,(#15969,#15970,#15971,#15972),
 .UNSPECIFIED.,.F.,.F.,(4,4),(0.,0.00078362706101291),.UNSPECIFIED.);
#75=B_SPLINE_CURVE_WITH_KNOTS('',3,(#15976,#15977,#15978,#15979),
 .UNSPECIFIED.,.F.,.F.,(4,4),(0.,0.000320390840380258),.UNSPECIFIED.);
#76=B_SPLINE_CURVE_WITH_KNOTS('',3,(#15983,#15984,#15985,#15986),
 .UNSPECIFIED.,.F.,.F.,(4,4),(0.000462058353862291,0.000781562377073916),
 .UNSPECIFIED.);
#77=B_SPLINE_CURVE_WITH_KNOTS('',3,(#15990,#15991,#15992,#15993),
 .UNSPECIFIED.,.F.,.F.,(4,4),(0.,0.000781551389540871),.UNSPECIFIED.);
#78=B_SPLINE_CURVE_WITH_KNOTS('',3,(#15997,#15998,#15999,#16000),
 .UNSPECIFIED.,.F.,.F.,(4,4),(0.,0.000783627061012887),.UNSPECIFIED.);
#79=B_SPLINE_CURVE_WITH_KNOTS('',3,(#16004,#16005,#16006,#16007),
 .UNSPECIFIED.,.F.,.F.,(4,4),(0.,0.000320390840380136),.UNSPECIFIED.);
#80=B_SPLINE_CURVE_WITH_KNOTS('',3,(#16011,#16012,#16013,#16014),
 .UNSPECIFIED.,.F.,.F.,(4,4),(0.000462058353862431,0.000781562377073955),
 .UNSPECIFIED.);
#81=B_SPLINE_CURVE_WITH_KNOTS('',3,(#16018,#16019,#16020,#16021),
 .UNSPECIFIED.,.F.,.F.,(4,4),(0.,0.00078155138954091),.UNSPECIFIED.);
#82=B_SPLINE_CURVE_WITH_KNOTS('',3,(#16025,#16026,#16027,#16028),
 .UNSPECIFIED.,.F.,.F.,(4,4),(0.,0.000783627061012887),.UNSPECIFIED.);
#83=B_SPLINE_CURVE_WITH_KNOTS('',3,(#16032,#16033,#16034,#16035),
 .UNSPECIFIED.,.F.,.F.,(4,4),(0.,0.0003203908403803),.UNSPECIFIED.);
#84=B_SPLINE_CURVE_WITH_KNOTS('',3,(#16128,#16129,#16130,#16131),
 .UNSPECIFIED.,.F.,.F.,(4,4),(0.,0.000781410122785753),.UNSPECIFIED.);
#85=B_SPLINE_CURVE_WITH_KNOTS('',3,(#16133,#16134,#16135,#16136),
 .UNSPECIFIED.,.F.,.F.,(4,4),(0.,0.000781412866621151),.UNSPECIFIED.);
#86=B_SPLINE_CURVE_WITH_KNOTS('',3,(#16137,#16138,#16139,#16140),
 .UNSPECIFIED.,.F.,.F.,(4,4),(0.000320390840380307,0.000783607851989715),
 .UNSPECIFIED.);
#87=B_SPLINE_CURVE_WITH_KNOTS('',3,(#16142,#16143,#16144,#16145),
 .UNSPECIFIED.,.F.,.F.,(4,4),(2.27936327765856E-16,0.000462058353862244),
 .UNSPECIFIED.);
#88=B_SPLINE_CURVE_WITH_KNOTS('',3,(#16146,#16147,#16148,#16149),
 .UNSPECIFIED.,.F.,.F.,(4,4),(0.,0.000781141826626842),.UNSPECIFIED.);
#89=B_SPLINE_CURVE_WITH_KNOTS('',3,(#16151,#16152,#16153,#16154),
 .UNSPECIFIED.,.F.,.F.,(4,4),(0.,0.000781143139734411),.UNSPECIFIED.);
#90=B_SPLINE_CURVE_WITH_KNOTS('',3,(#16158,#16159,#16160,#16161),
 .UNSPECIFIED.,.F.,.F.,(4,4),(0.,0.000781143139734371),.UNSPECIFIED.);
#91=B_SPLINE_CURVE_WITH_KNOTS('',3,(#16165,#16166,#16167,#16168),
 .UNSPECIFIED.,.F.,.F.,(4,4),(0.,0.00078114182662647),.UNSPECIFIED.);
#92=B_SPLINE_CURVE_WITH_KNOTS('',3,(#16172,#16173,#16174,#16175),
 .UNSPECIFIED.,.F.,.F.,(4,4),(0.,0.00078141286662119),.UNSPECIFIED.);
#93=B_SPLINE_CURVE_WITH_KNOTS('',3,(#16179,#16180,#16181,#16182),
 .UNSPECIFIED.,.F.,.F.,(4,4),(0.,0.000781410122786097),.UNSPECIFIED.);
#94=B_SPLINE_CURVE_WITH_KNOTS('',3,(#16201,#16202,#16203,#16204),
 .UNSPECIFIED.,.F.,.F.,(4,4),(0.0003203908403803,0.00078360785198986),
 .UNSPECIFIED.);
#95=B_SPLINE_CURVE_WITH_KNOTS('',3,(#16206,#16207,#16208,#16209),
 .UNSPECIFIED.,.F.,.F.,(4,4),(0.,0.000462058353862431),.UNSPECIFIED.);
#96=B_SPLINE_CURVE_WITH_KNOTS('',3,(#16210,#16211,#16212,#16213),
 .UNSPECIFIED.,.F.,.F.,(4,4),(0.,0.000781141826626573),.UNSPECIFIED.);
#97=B_SPLINE_CURVE_WITH_KNOTS('',3,(#16215,#16216,#16217,#16218),
 .UNSPECIFIED.,.F.,.F.,(4,4),(0.,0.000781143139734324),.UNSPECIFIED.);
#98=B_SPLINE_CURVE_WITH_KNOTS('',3,(#16221,#16222,#16223,#16224),
 .UNSPECIFIED.,.F.,.F.,(4,4),(0.,0.000781412866621321),.UNSPECIFIED.);
#99=B_SPLINE_CURVE_WITH_KNOTS('',3,(#16228,#16229,#16230,#16231),
 .UNSPECIFIED.,.F.,.F.,(4,4),(0.,0.000781410122785881),.UNSPECIFIED.);
#100=B_SPLINE_CURVE_WITH_KNOTS('',3,(#16250,#16251,#16252,#16253),
 .UNSPECIFIED.,.F.,.F.,(4,4),(0.,0.00078141012278631),.UNSPECIFIED.);
#101=B_SPLINE_CURVE_WITH_KNOTS('',3,(#16255,#16256,#16257,#16258),
 .UNSPECIFIED.,.F.,.F.,(4,4),(1.0842021724855E-18,0.000781412866621209),
 .UNSPECIFIED.);
#102=B_SPLINE_CURVE_WITH_KNOTS('',3,(#16259,#16260,#16261,#16262),
 .UNSPECIFIED.,.F.,.F.,(4,4),(0.000320390840380255,0.000783607851989802),
 .UNSPECIFIED.);
#103=B_SPLINE_CURVE_WITH_KNOTS('',3,(#16264,#16265,#16266,#16267),
 .UNSPECIFIED.,.F.,.F.,(4,4),(0.,0.000462058353862007),.UNSPECIFIED.);
#104=B_SPLINE_CURVE_WITH_KNOTS('',3,(#16295,#16296,#16297,#16298),
 .UNSPECIFIED.,.F.,.F.,(4,4),(1.04083408558608E-17,0.000462058353862287),
 .UNSPECIFIED.);
#105=B_SPLINE_CURVE_WITH_KNOTS('',3,(#16302,#16303,#16304,#16305),
 .UNSPECIFIED.,.F.,.F.,(4,4),(0.,0.000781412866621181),.UNSPECIFIED.);
#106=B_SPLINE_CURVE_WITH_KNOTS('',3,(#16306,#16307,#16308,#16309),
 .UNSPECIFIED.,.F.,.F.,(4,4),(0.,0.00046340393254142),.UNSPECIFIED.);
#107=B_SPLINE_CURVE_WITH_KNOTS('',3,(#16311,#16312,#16313,#16314),
 .UNSPECIFIED.,.F.,.F.,(4,4),(0.,0.000781410122785926),.UNSPECIFIED.);
#108=B_SPLINE_CURVE_WITH_KNOTS('',3,(#16319,#16320,#16321,#16322),
 .UNSPECIFIED.,.F.,.F.,(4,4),(0.,0.000781143139734461),.UNSPECIFIED.);
#109=B_SPLINE_CURVE_WITH_KNOTS('',3,(#16326,#16327,#16328,#16329),
 .UNSPECIFIED.,.F.,.F.,(4,4),(0.,0.000781141826626836),.UNSPECIFIED.);
#110=B_SPLINE_CURVE_WITH_KNOTS('',3,(#16343,#16344,#16345,#16346),
 .UNSPECIFIED.,.F.,.F.,(4,4),(0.000320390840380136,0.000783607851989515),
 .UNSPECIFIED.);
#111=B_SPLINE_CURVE_WITH_KNOTS('',3,(#16348,#16349,#16350,#16351),
 .UNSPECIFIED.,.F.,.F.,(4,4),(0.,0.000462058353862291),.UNSPECIFIED.);
#112=B_SPLINE_CURVE_WITH_KNOTS('',3,(#16423,#16424,#16425,#16426),
 .UNSPECIFIED.,.F.,.F.,(4,4),(0.,0.000320390840380319),.UNSPECIFIED.);
#113=B_SPLINE_CURVE_WITH_KNOTS('',3,(#16431,#16432,#16433,#16434),
 .UNSPECIFIED.,.F.,.F.,(4,4),(0.000462058353862261,0.00078156237707373),
 .UNSPECIFIED.);
#114=B_SPLINE_CURVE_WITH_KNOTS('',3,(#16438,#16439,#16440,#16441),
 .UNSPECIFIED.,.F.,.F.,(4,4),(0.,0.000781551389541009),.UNSPECIFIED.);
#115=B_SPLINE_CURVE_WITH_KNOTS('',3,(#16445,#16446,#16447,#16448),
 .UNSPECIFIED.,.F.,.F.,(4,4),(0.,0.00078362706101312),.UNSPECIFIED.);
#116=B_SPLINE_CURVE_WITH_KNOTS('',3,(#16452,#16453,#16454,#16455),
 .UNSPECIFIED.,.F.,.F.,(4,4),(0.,0.000320390840380306),.UNSPECIFIED.);
#117=B_SPLINE_CURVE_WITH_KNOTS('',3,(#16459,#16460,#16461,#16462),
 .UNSPECIFIED.,.F.,.F.,(4,4),(0.000462058353861997,0.000781562377073599),
 .UNSPECIFIED.);
#118=B_SPLINE_CURVE_WITH_KNOTS('',3,(#16466,#16467,#16468,#16469),
 .UNSPECIFIED.,.F.,.F.,(4,4),(0.,0.000781551389540487),.UNSPECIFIED.);
#119=B_SPLINE_CURVE_WITH_KNOTS('',3,(#16473,#16474,#16475,#16476),
 .UNSPECIFIED.,.F.,.F.,(4,4),(0.,0.000783627061012757),.UNSPECIFIED.);
#120=B_SPLINE_CURVE_WITH_KNOTS('',3,(#16480,#16481,#16482,#16483),
 .UNSPECIFIED.,.F.,.F.,(4,4),(0.,0.00032039084038026),.UNSPECIFIED.);
#121=B_SPLINE_CURVE_WITH_KNOTS('',3,(#16487,#16488,#16489,#16490),
 .UNSPECIFIED.,.F.,.F.,(4,4),(0.000462058353862285,0.000781562377073817),
 .UNSPECIFIED.);
#122=B_SPLINE_CURVE_WITH_KNOTS('',3,(#16494,#16495,#16496,#16497),
 .UNSPECIFIED.,.F.,.F.,(4,4),(0.,0.000781551389540832),.UNSPECIFIED.);
#123=B_SPLINE_CURVE_WITH_KNOTS('',3,(#16501,#16502,#16503,#16504),
 .UNSPECIFIED.,.F.,.F.,(4,4),(0.,0.000783627061012928),.UNSPECIFIED.);
#124=B_SPLINE_CURVE_WITH_KNOTS('',3,(#16508,#16509,#16510,#16511),
 .UNSPECIFIED.,.F.,.F.,(4,4),(0.,0.000320390840380277),.UNSPECIFIED.);
#125=B_SPLINE_CURVE_WITH_KNOTS('',3,(#16515,#16516,#16517,#16518),
 .UNSPECIFIED.,.F.,.F.,(4,4),(0.000462058353862295,0.000781562377073918),
 .UNSPECIFIED.);
#126=B_SPLINE_CURVE_WITH_KNOTS('',3,(#16522,#16523,#16524,#16525),
 .UNSPECIFIED.,.F.,.F.,(4,4),(0.,0.00078155138954086),.UNSPECIFIED.);
#127=B_SPLINE_CURVE_WITH_KNOTS('',3,(#16529,#16530,#16531,#16532),
 .UNSPECIFIED.,.F.,.F.,(4,4),(0.,0.00078362706101289),.UNSPECIFIED.);
#128=B_SPLINE_CURVE_WITH_KNOTS('',3,(#16536,#16537,#16538,#16539),
 .UNSPECIFIED.,.F.,.F.,(4,4),(0.,0.000320390840380136),.UNSPECIFIED.);
#129=B_SPLINE_CURVE_WITH_KNOTS('',3,(#16543,#16544,#16545,#16546),
 .UNSPECIFIED.,.F.,.F.,(4,4),(0.00046205835386244,0.000781562377073951),
 .UNSPECIFIED.);
#130=B_SPLINE_CURVE_WITH_KNOTS('',3,(#16550,#16551,#16552,#16553),
 .UNSPECIFIED.,.F.,.F.,(4,4),(0.,0.000781551389540923),.UNSPECIFIED.);
#131=B_SPLINE_CURVE_WITH_KNOTS('',3,(#16557,#16558,#16559,#16560),
 .UNSPECIFIED.,.F.,.F.,(4,4),(0.,0.000783627061012891),.UNSPECIFIED.);
#132=B_SPLINE_CURVE_WITH_KNOTS('',3,(#16619,#16620,#16621,#16622),
 .UNSPECIFIED.,.F.,.F.,(4,4),(0.,0.00078141012278577),.UNSPECIFIED.);
#133=B_SPLINE_CURVE_WITH_KNOTS('',3,(#16624,#16625,#16626,#16627),
 .UNSPECIFIED.,.F.,.F.,(4,4),(0.,0.000781412866621158),.UNSPECIFIED.);
#134=B_SPLINE_CURVE_WITH_KNOTS('',3,(#16628,#16629,#16630,#16631),
 .UNSPECIFIED.,.F.,.F.,(4,4),(0.000320390840380306,0.000783607851989722),
 .UNSPECIFIED.);
#135=B_SPLINE_CURVE_WITH_KNOTS('',3,(#16633,#16634,#16635,#16636),
 .UNSPECIFIED.,.F.,.F.,(4,4),(2.26446207231011E-16,0.000462058353862261),
 .UNSPECIFIED.);
#136=B_SPLINE_CURVE_WITH_KNOTS('',3,(#16637,#16638,#16639,#16640),
 .UNSPECIFIED.,.F.,.F.,(4,4),(0.,0.000781141826626883),.UNSPECIFIED.);
#137=B_SPLINE_CURVE_WITH_KNOTS('',3,(#16642,#16643,#16644,#16645),
 .UNSPECIFIED.,.F.,.F.,(4,4),(5.05159101305033E-17,0.000781143139734422),
 .UNSPECIFIED.);
#138=B_SPLINE_CURVE_WITH_KNOTS('',3,(#16649,#16650,#16651,#16652),
 .UNSPECIFIED.,.F.,.F.,(4,4),(0.,0.00078114313973437),.UNSPECIFIED.);
#139=B_SPLINE_CURVE_WITH_KNOTS('',3,(#16656,#16657,#16658,#16659),
 .UNSPECIFIED.,.F.,.F.,(4,4),(0.,0.000781141826626467),.UNSPECIFIED.);
#140=B_SPLINE_CURVE_WITH_KNOTS('',3,(#16663,#16664,#16665,#16666),
 .UNSPECIFIED.,.F.,.F.,(4,4),(0.,0.000781412866621159),.UNSPECIFIED.);
#141=B_SPLINE_CURVE_WITH_KNOTS('',3,(#16670,#16671,#16672,#16673),
 .UNSPECIFIED.,.F.,.F.,(4,4),(0.,0.000781410122786088),.UNSPECIFIED.);
#142=B_SPLINE_CURVE_WITH_KNOTS('',3,(#16692,#16693,#16694,#16695),
 .UNSPECIFIED.,.F.,.F.,(4,4),(0.000320390840380319,0.00078360785198991),
 .UNSPECIFIED.);
#143=B_SPLINE_CURVE_WITH_KNOTS('',3,(#16697,#16698,#16699,#16700),
 .UNSPECIFIED.,.F.,.F.,(4,4),(0.,0.00046205835386244),.UNSPECIFIED.);
#144=B_SPLINE_CURVE_WITH_KNOTS('',3,(#16701,#16702,#16703,#16704),
 .UNSPECIFIED.,.F.,.F.,(4,4),(0.,0.000781141826626602),.UNSPECIFIED.);
#145=B_SPLINE_CURVE_WITH_KNOTS('',3,(#16706,#16707,#16708,#16709),
 .UNSPECIFIED.,.F.,.F.,(4,4),(0.,0.000781143139734326),.UNSPECIFIED.);
#146=B_SPLINE_CURVE_WITH_KNOTS('',3,(#16712,#16713,#16714,#16715),
 .UNSPECIFIED.,.F.,.F.,(4,4),(0.,0.000781412866621321),.UNSPECIFIED.);
#147=B_SPLINE_CURVE_WITH_KNOTS('',3,(#16719,#16720,#16721,#16722),
 .UNSPECIFIED.,.F.,.F.,(4,4),(0.,0.000781410122785881),.UNSPECIFIED.);
#148=B_SPLINE_CURVE_WITH_KNOTS('',3,(#16741,#16742,#16743,#16744),
 .UNSPECIFIED.,.F.,.F.,(4,4),(0.,0.000781410122786335),.UNSPECIFIED.);
#149=B_SPLINE_CURVE_WITH_KNOTS('',3,(#16746,#16747,#16748,#16749),
 .UNSPECIFIED.,.F.,.F.,(4,4),(0.,0.000781412866621189),.UNSPECIFIED.);
#150=B_SPLINE_CURVE_WITH_KNOTS('',3,(#16750,#16751,#16752,#16753),
 .UNSPECIFIED.,.F.,.F.,(4,4),(0.00032039084038026,0.00078360785198981),
 .UNSPECIFIED.);
#151=B_SPLINE_CURVE_WITH_KNOTS('',3,(#16755,#16756,#16757,#16758),
 .UNSPECIFIED.,.F.,.F.,(4,4),(0.,0.000462058353861997),.UNSPECIFIED.);
#152=B_SPLINE_CURVE_WITH_KNOTS('',3,(#16786,#16787,#16788,#16789),
 .UNSPECIFIED.,.F.,.F.,(4,4),(0.,0.000462058353862285),.UNSPECIFIED.);
#153=B_SPLINE_CURVE_WITH_KNOTS('',3,(#16793,#16794,#16795,#16796),
 .UNSPECIFIED.,.F.,.F.,(4,4),(0.,0.000781412866621199),.UNSPECIFIED.);
#154=B_SPLINE_CURVE_WITH_KNOTS('',3,(#16797,#16798,#16799,#16800),
 .UNSPECIFIED.,.F.,.F.,(4,4),(0.,0.000463425036356156),.UNSPECIFIED.);
#155=B_SPLINE_CURVE_WITH_KNOTS('',3,(#16802,#16803,#16804,#16805),
 .UNSPECIFIED.,.F.,.F.,(4,4),(0.,0.000781410122785891),.UNSPECIFIED.);
#156=B_SPLINE_CURVE_WITH_KNOTS('',3,(#16810,#16811,#16812,#16813),
 .UNSPECIFIED.,.F.,.F.,(4,4),(0.,0.000781143139734457),.UNSPECIFIED.);
#157=B_SPLINE_CURVE_WITH_KNOTS('',3,(#16817,#16818,#16819,#16820),
 .UNSPECIFIED.,.F.,.F.,(4,4),(0.,0.000781141826626834),.UNSPECIFIED.);
#158=B_SPLINE_CURVE_WITH_KNOTS('',3,(#16834,#16835,#16836,#16837),
 .UNSPECIFIED.,.F.,.F.,(4,4),(0.000320390840380136,0.000783607851989515),
 .UNSPECIFIED.);
#159=B_SPLINE_CURVE_WITH_KNOTS('',3,(#16839,#16840,#16841,#16842),
 .UNSPECIFIED.,.F.,.F.,(4,4),(0.,0.000462058353862295),.UNSPECIFIED.);
#160=B_SPLINE_CURVE_WITH_KNOTS('',3,(#16865,#16866,#16867,#16868),
 .UNSPECIFIED.,.F.,.F.,(4,4),(0.,0.000783607851989798),.UNSPECIFIED.);
#161=B_SPLINE_CURVE_WITH_KNOTS('',3,(#16873,#16874,#16875,#16876),
 .UNSPECIFIED.,.F.,.F.,(4,4),(2.26446207231011E-16,0.000781562377073738),
 .UNSPECIFIED.);
#162=B_SPLINE_CURVE_WITH_KNOTS('',3,(#16880,#16881,#16882,#16883),
 .UNSPECIFIED.,.F.,.F.,(4,4),(0.,0.000781551389541019),.UNSPECIFIED.);
#163=B_SPLINE_CURVE_WITH_KNOTS('',3,(#16887,#16888,#16889,#16890),
 .UNSPECIFIED.,.F.,.F.,(4,4),(0.,0.000783627061013125),.UNSPECIFIED.);
#164=B_SPLINE_CURVE_WITH_KNOTS('',3,(#16894,#16895,#16896,#16897),
 .UNSPECIFIED.,.F.,.F.,(4,4),(0.,0.000783607851989761),.UNSPECIFIED.);
#165=B_SPLINE_CURVE_WITH_KNOTS('',3,(#16901,#16902,#16903,#16904),
 .UNSPECIFIED.,.F.,.F.,(4,4),(0.,0.0007815623770736),.UNSPECIFIED.);
#166=B_SPLINE_CURVE_WITH_KNOTS('',3,(#16908,#16909,#16910,#16911),
 .UNSPECIFIED.,.F.,.F.,(4,4),(0.,0.000781551389540494),.UNSPECIFIED.);
#167=B_SPLINE_CURVE_WITH_KNOTS('',3,(#16915,#16916,#16917,#16918),
 .UNSPECIFIED.,.F.,.F.,(4,4),(0.,0.000783627061012779),.UNSPECIFIED.);
#168=B_SPLINE_CURVE_WITH_KNOTS('',3,(#16922,#16923,#16924,#16925),
 .UNSPECIFIED.,.F.,.F.,(4,4),(0.,0.000783607851989796),.UNSPECIFIED.);
#169=B_SPLINE_CURVE_WITH_KNOTS('',3,(#16929,#16930,#16931,#16932),
 .UNSPECIFIED.,.F.,.F.,(4,4),(0.,0.000781562377073852),.UNSPECIFIED.);
#170=B_SPLINE_CURVE_WITH_KNOTS('',3,(#16936,#16937,#16938,#16939),
 .UNSPECIFIED.,.F.,.F.,(4,4),(0.,0.000781551389540808),.UNSPECIFIED.);
#171=B_SPLINE_CURVE_WITH_KNOTS('',3,(#16943,#16944,#16945,#16946),
 .UNSPECIFIED.,.F.,.F.,(4,4),(0.,0.00078362706101293),.UNSPECIFIED.);
#172=B_SPLINE_CURVE_WITH_KNOTS('',3,(#16950,#16951,#16952,#16953),
 .UNSPECIFIED.,.F.,.F.,(4,4),(0.,0.000783607851989744),.UNSPECIFIED.);
#173=B_SPLINE_CURVE_WITH_KNOTS('',3,(#16957,#16958,#16959,#16960),
 .UNSPECIFIED.,.F.,.F.,(4,4),(0.,0.000781562377073915),.UNSPECIFIED.);
#174=B_SPLINE_CURVE_WITH_KNOTS('',3,(#16964,#16965,#16966,#16967),
 .UNSPECIFIED.,.F.,.F.,(4,4),(0.,0.000781551389540871),.UNSPECIFIED.);
#175=B_SPLINE_CURVE_WITH_KNOTS('',3,(#16971,#16972,#16973,#16974),
 .UNSPECIFIED.,.F.,.F.,(4,4),(0.,0.00078362706101288),.UNSPECIFIED.);
#176=B_SPLINE_CURVE_WITH_KNOTS('',3,(#16978,#16979,#16980,#16981),
 .UNSPECIFIED.,.F.,.F.,(4,4),(0.,0.000783607851989521),.UNSPECIFIED.);
#177=B_SPLINE_CURVE_WITH_KNOTS('',3,(#16985,#16986,#16987,#16988),
 .UNSPECIFIED.,.F.,.F.,(4,4),(0.,0.000781562377073949),.UNSPECIFIED.);
#178=B_SPLINE_CURVE_WITH_KNOTS('',3,(#16992,#16993,#16994,#16995),
 .UNSPECIFIED.,.F.,.F.,(4,4),(0.,0.000781551389540929),.UNSPECIFIED.);
#179=B_SPLINE_CURVE_WITH_KNOTS('',3,(#16999,#17000,#17001,#17002),
 .UNSPECIFIED.,.F.,.F.,(4,4),(0.,0.000783627061012885),.UNSPECIFIED.);
#180=B_SPLINE_CURVE_WITH_KNOTS('',3,(#17080,#17081,#17082,#17083),
 .UNSPECIFIED.,.F.,.F.,(4,4),(0.,0.000781410122785766),.UNSPECIFIED.);
#181=B_SPLINE_CURVE_WITH_KNOTS('',3,(#17085,#17086,#17087,#17088),
 .UNSPECIFIED.,.F.,.F.,(4,4),(0.,0.000781412866621135),.UNSPECIFIED.);
#182=B_SPLINE_CURVE_WITH_KNOTS('',3,(#17090,#17091,#17092,#17093),
 .UNSPECIFIED.,.F.,.F.,(4,4),(0.,0.000781141826626894),.UNSPECIFIED.);
#183=B_SPLINE_CURVE_WITH_KNOTS('',3,(#17095,#17096,#17097,#17098),
 .UNSPECIFIED.,.F.,.F.,(4,4),(0.,0.00078114313973447),.UNSPECIFIED.);
#184=B_SPLINE_CURVE_WITH_KNOTS('',3,(#17102,#17103,#17104,#17105),
 .UNSPECIFIED.,.F.,.F.,(4,4),(0.,0.000781143139734372),.UNSPECIFIED.);
#185=B_SPLINE_CURVE_WITH_KNOTS('',3,(#17109,#17110,#17111,#17112),
 .UNSPECIFIED.,.F.,.F.,(4,4),(0.,0.000781141826626471),.UNSPECIFIED.);
#186=B_SPLINE_CURVE_WITH_KNOTS('',3,(#17116,#17117,#17118,#17119),
 .UNSPECIFIED.,.F.,.F.,(4,4),(0.,0.000781412866621233),.UNSPECIFIED.);
#187=B_SPLINE_CURVE_WITH_KNOTS('',3,(#17123,#17124,#17125,#17126),
 .UNSPECIFIED.,.F.,.F.,(4,4),(0.,0.000781410122786068),.UNSPECIFIED.);
#188=B_SPLINE_CURVE_WITH_KNOTS('',3,(#17146,#17147,#17148,#17149),
 .UNSPECIFIED.,.F.,.F.,(4,4),(0.,0.000781141826626577),.UNSPECIFIED.);
#189=B_SPLINE_CURVE_WITH_KNOTS('',3,(#17151,#17152,#17153,#17154),
 .UNSPECIFIED.,.F.,.F.,(4,4),(0.,0.000781143139734353),.UNSPECIFIED.);
#190=B_SPLINE_CURVE_WITH_KNOTS('',3,(#17157,#17158,#17159,#17160),
 .UNSPECIFIED.,.F.,.F.,(4,4),(0.,0.000781412866621319),.UNSPECIFIED.);
#191=B_SPLINE_CURVE_WITH_KNOTS('',3,(#17164,#17165,#17166,#17167),
 .UNSPECIFIED.,.F.,.F.,(4,4),(0.,0.000781410122785878),.UNSPECIFIED.);
#192=B_SPLINE_CURVE_WITH_KNOTS('',3,(#17186,#17187,#17188,#17189),
 .UNSPECIFIED.,.F.,.F.,(4,4),(0.,0.000781410122786313),.UNSPECIFIED.);
#193=B_SPLINE_CURVE_WITH_KNOTS('',3,(#17191,#17192,#17193,#17194),
 .UNSPECIFIED.,.F.,.F.,(4,4),(0.,0.000781412866621187),.UNSPECIFIED.);
#194=B_SPLINE_CURVE_WITH_KNOTS('',3,(#17226,#17227,#17228,#17229),
 .UNSPECIFIED.,.F.,.F.,(4,4),(0.,0.000781412866621204),.UNSPECIFIED.);
#195=B_SPLINE_CURVE_WITH_KNOTS('',3,(#17231,#17232,#17233,#17234),
 .UNSPECIFIED.,.F.,.F.,(4,4),(0.,0.00078141012278588),.UNSPECIFIED.);
#196=B_SPLINE_CURVE_WITH_KNOTS('',3,(#17239,#17240,#17241,#17242),
 .UNSPECIFIED.,.F.,.F.,(4,4),(0.,0.000781143139734463),.UNSPECIFIED.);
#197=B_SPLINE_CURVE_WITH_KNOTS('',3,(#17246,#17247,#17248,#17249),
 .UNSPECIFIED.,.F.,.F.,(4,4),(0.,0.000781141826626827),.UNSPECIFIED.);
#198=CONICAL_SURFACE('',#10752,0.015,0.785398163397448);
#199=CONICAL_SURFACE('',#10753,0.01,0.785398163397448);
#200=CONICAL_SURFACE('',#10846,0.015,0.785398163397448);
#201=CONICAL_SURFACE('',#10847,0.01,0.785398163397448);
#202=CONICAL_SURFACE('',#10855,0.015,0.785398163397448);
#203=CONICAL_SURFACE('',#10856,0.01,0.785398163397448);
#204=CONICAL_SURFACE('',#10996,0.015,0.785398163397448);
#205=CONICAL_SURFACE('',#10997,0.01,0.785398163397448);
#206=CONICAL_SURFACE('',#11005,0.015,0.785398163397448);
#207=CONICAL_SURFACE('',#11006,0.01,0.785398163397448);
#208=CONICAL_SURFACE('',#11014,0.015,0.785398163397448);
#209=CONICAL_SURFACE('',#11015,0.01,0.785398163397448);
#210=CONICAL_SURFACE('',#11141,0.015,0.785398163397448);
#211=CONICAL_SURFACE('',#11142,0.01,0.785398163397448);
#212=CONICAL_SURFACE('',#11161,0.015,0.785398163397448);
#213=CONICAL_SURFACE('',#11162,0.01,0.785398163397448);
#214=CONICAL_SURFACE('',#11264,0.015,0.785398163397448);
#215=CONICAL_SURFACE('',#11265,0.01,0.785398163397448);
#216=CONICAL_SURFACE('',#11371,0.015,0.785398163397448);
#217=CONICAL_SURFACE('',#11372,0.01,0.785398163397448);
#218=CONTEXT_DEPENDENT_SHAPE_REPRESENTATION(#266,#17883);
#219=CONTEXT_DEPENDENT_SHAPE_REPRESENTATION(#267,#17885);
#220=CONTEXT_DEPENDENT_SHAPE_REPRESENTATION(#268,#17887);
#221=CONTEXT_DEPENDENT_SHAPE_REPRESENTATION(#269,#17889);
#222=CONTEXT_DEPENDENT_SHAPE_REPRESENTATION(#270,#17891);
#223=CONTEXT_DEPENDENT_SHAPE_REPRESENTATION(#271,#17893);
#224=CONTEXT_DEPENDENT_SHAPE_REPRESENTATION(#272,#17895);
#225=CONTEXT_DEPENDENT_SHAPE_REPRESENTATION(#273,#17897);
#226=CONTEXT_DEPENDENT_SHAPE_REPRESENTATION(#274,#17899);
#227=CONTEXT_DEPENDENT_SHAPE_REPRESENTATION(#275,#17900);
#228=CONTEXT_DEPENDENT_SHAPE_REPRESENTATION(#276,#17902);
#229=CONTEXT_DEPENDENT_SHAPE_REPRESENTATION(#277,#17904);
#230=CONTEXT_DEPENDENT_SHAPE_REPRESENTATION(#278,#17905);
#231=CONTEXT_DEPENDENT_SHAPE_REPRESENTATION(#279,#17907);
#232=CONTEXT_DEPENDENT_SHAPE_REPRESENTATION(#280,#17909);
#233=CONTEXT_DEPENDENT_SHAPE_REPRESENTATION(#281,#17911);
#234=CONTEXT_DEPENDENT_SHAPE_REPRESENTATION(#282,#17912);
#235=CONTEXT_DEPENDENT_SHAPE_REPRESENTATION(#283,#17913);
#236=CONTEXT_DEPENDENT_SHAPE_REPRESENTATION(#284,#17915);
#237=CONTEXT_DEPENDENT_SHAPE_REPRESENTATION(#285,#17916);
#238=CONTEXT_DEPENDENT_SHAPE_REPRESENTATION(#286,#17918);
#239=CONTEXT_DEPENDENT_SHAPE_REPRESENTATION(#287,#17920);
#240=CONTEXT_DEPENDENT_SHAPE_REPRESENTATION(#288,#17921);
#241=CONTEXT_DEPENDENT_SHAPE_REPRESENTATION(#289,#17923);
#242=NEXT_ASSEMBLY_USAGE_OCCURRENCE('NAUO1',
'Large casing (bottom section)','Large casing (bottom section)',#17924,
#17925,'');
#243=NEXT_ASSEMBLY_USAGE_OCCURRENCE('NAUO2','Wheel#4','Wheel#4',#17924,
#17926,'');
#244=NEXT_ASSEMBLY_USAGE_OCCURRENCE('NAUO3',
'x-axis movement wheel mount #2','x-axis movement wheel mount #2',#17924,
#17927,'');
#245=NEXT_ASSEMBLY_USAGE_OCCURRENCE('NAUO4','Top wheel #1',
'Top wheel #1',#17924,#17928,'');
#246=NEXT_ASSEMBLY_USAGE_OCCURRENCE('NAUO5','Rail connector piece',
'Rail connector piece',#17924,#17929,'');
#247=NEXT_ASSEMBLY_USAGE_OCCURRENCE('NAUO6','Rail end piece',
'Rail end piece',#17924,#17930,'');
#248=NEXT_ASSEMBLY_USAGE_OCCURRENCE('NAUO7','Wheel#3','Wheel#3',#17924,
#17931,'');
#249=NEXT_ASSEMBLY_USAGE_OCCURRENCE('NAUO8','Wheel #2','Wheel #2',#17924,
#17932,'');
#250=NEXT_ASSEMBLY_USAGE_OCCURRENCE('NAUO9','Top wheel #2',
'Top wheel #2',#17924,#17933,'');
#251=NEXT_ASSEMBLY_USAGE_OCCURRENCE('NAUO10','Rail end piece',
'Rail end piece',#17924,#17930,'');
#252=NEXT_ASSEMBLY_USAGE_OCCURRENCE('NAUO11','Motor model#4',
'Motor model#4',#17924,#17934,'');
#253=NEXT_ASSEMBLY_USAGE_OCCURRENCE('NAUO12','Motor model#3',
'Motor model#3',#17924,#17935,'');
#254=NEXT_ASSEMBLY_USAGE_OCCURRENCE('NAUO13','Rail connector piece',
'Rail connector piece',#17924,#17929,'');
#255=NEXT_ASSEMBLY_USAGE_OCCURRENCE('NAUO14',
'y-axis movement wheel mount#1','y-axis movement wheel mount#1',#17924,
#17936,'');
#256=NEXT_ASSEMBLY_USAGE_OCCURRENCE('NAUO15','Wheel#1','Wheel#1',#17924,
#17937,'');
#257=NEXT_ASSEMBLY_USAGE_OCCURRENCE('NAUO16',
'y-axis movement wheel mount#2','y-axis movement wheel mount#2',#17924,
#17938,'');
#258=NEXT_ASSEMBLY_USAGE_OCCURRENCE('NAUO17','Rail end piece',
'Rail end piece',#17924,#17930,'');
#259=NEXT_ASSEMBLY_USAGE_OCCURRENCE('NAUO18','Rail end piece',
'Rail end piece',#17924,#17930,'');
#260=NEXT_ASSEMBLY_USAGE_OCCURRENCE('NAUO19',
'x-axis movement wheel mount #1','x-axis movement wheel mount #1',#17924,
#17939,'');
#261=NEXT_ASSEMBLY_USAGE_OCCURRENCE('NAUO20','Rail connector piece',
'Rail connector piece',#17924,#17929,'');
#262=NEXT_ASSEMBLY_USAGE_OCCURRENCE('NAUO21',
'Large casing(top section)','Large casing(top section)',#17924,#17940,
'');
#263=NEXT_ASSEMBLY_USAGE_OCCURRENCE('NAUO22','Motor model#1',
'Motor model#1',#17924,#17941,'');
#264=NEXT_ASSEMBLY_USAGE_OCCURRENCE('NAUO23','Rail connector piece',
'Rail connector piece',#17924,#17929,'');
#265=NEXT_ASSEMBLY_USAGE_OCCURRENCE('NAUO24','Motor model #2',
'Motor model #2',#17924,#17942,'');
#266=(
REPRESENTATION_RELATIONSHIP(' ',' ',#10599,#10598)
REPRESENTATION_RELATIONSHIP_WITH_TRANSFORMATION(#290)
SHAPE_REPRESENTATION_RELATIONSHIP()
);
#267=(
REPRESENTATION_RELATIONSHIP(' ',' ',#10600,#10598)
REPRESENTATION_RELATIONSHIP_WITH_TRANSFORMATION(#291)
SHAPE_REPRESENTATION_RELATIONSHIP()
);
#268=(
REPRESENTATION_RELATIONSHIP(' ',' ',#10601,#10598)
REPRESENTATION_RELATIONSHIP_WITH_TRANSFORMATION(#292)
SHAPE_REPRESENTATION_RELATIONSHIP()
);
#269=(
REPRESENTATION_RELATIONSHIP(' ',' ',#10602,#10598)
REPRESENTATION_RELATIONSHIP_WITH_TRANSFORMATION(#293)
SHAPE_REPRESENTATION_RELATIONSHIP()
);
#270=(
REPRESENTATION_RELATIONSHIP(' ',' ',#10603,#10598)
REPRESENTATION_RELATIONSHIP_WITH_TRANSFORMATION(#294)
SHAPE_REPRESENTATION_RELATIONSHIP()
);
#271=(
REPRESENTATION_RELATIONSHIP(' ',' ',#10604,#10598)
REPRESENTATION_RELATIONSHIP_WITH_TRANSFORMATION(#295)
SHAPE_REPRESENTATION_RELATIONSHIP()
);
#272=(
REPRESENTATION_RELATIONSHIP(' ',' ',#10605,#10598)
REPRESENTATION_RELATIONSHIP_WITH_TRANSFORMATION(#296)
SHAPE_REPRESENTATION_RELATIONSHIP()
);
#273=(
REPRESENTATION_RELATIONSHIP(' ',' ',#10606,#10598)
REPRESENTATION_RELATIONSHIP_WITH_TRANSFORMATION(#297)
SHAPE_REPRESENTATION_RELATIONSHIP()
);
#274=(
REPRESENTATION_RELATIONSHIP(' ',' ',#10607,#10598)
REPRESENTATION_RELATIONSHIP_WITH_TRANSFORMATION(#298)
SHAPE_REPRESENTATION_RELATIONSHIP()
);
#275=(
REPRESENTATION_RELATIONSHIP(' ',' ',#10604,#10598)
REPRESENTATION_RELATIONSHIP_WITH_TRANSFORMATION(#299)
SHAPE_REPRESENTATION_RELATIONSHIP()
);
#276=(
REPRESENTATION_RELATIONSHIP(' ',' ',#10608,#10598)
REPRESENTATION_RELATIONSHIP_WITH_TRANSFORMATION(#300)
SHAPE_REPRESENTATION_RELATIONSHIP()
);
#277=(
REPRESENTATION_RELATIONSHIP(' ',' ',#10609,#10598)
REPRESENTATION_RELATIONSHIP_WITH_TRANSFORMATION(#301)
SHAPE_REPRESENTATION_RELATIONSHIP()
);
#278=(
REPRESENTATION_RELATIONSHIP(' ',' ',#10603,#10598)
REPRESENTATION_RELATIONSHIP_WITH_TRANSFORMATION(#302)
SHAPE_REPRESENTATION_RELATIONSHIP()
);
#279=(
REPRESENTATION_RELATIONSHIP(' ',' ',#10610,#10598)
REPRESENTATION_RELATIONSHIP_WITH_TRANSFORMATION(#303)
SHAPE_REPRESENTATION_RELATIONSHIP()
);
#280=(
REPRESENTATION_RELATIONSHIP(' ',' ',#10611,#10598)
REPRESENTATION_RELATIONSHIP_WITH_TRANSFORMATION(#304)
SHAPE_REPRESENTATION_RELATIONSHIP()
);
#281=(
REPRESENTATION_RELATIONSHIP(' ',' ',#10612,#10598)
REPRESENTATION_RELATIONSHIP_WITH_TRANSFORMATION(#305)
SHAPE_REPRESENTATION_RELATIONSHIP()
);
#282=(
REPRESENTATION_RELATIONSHIP(' ',' ',#10604,#10598)
REPRESENTATION_RELATIONSHIP_WITH_TRANSFORMATION(#306)
SHAPE_REPRESENTATION_RELATIONSHIP()
);
#283=(
REPRESENTATION_RELATIONSHIP(' ',' ',#10604,#10598)
REPRESENTATION_RELATIONSHIP_WITH_TRANSFORMATION(#307)
SHAPE_REPRESENTATION_RELATIONSHIP()
);
#284=(
REPRESENTATION_RELATIONSHIP(' ',' ',#10613,#10598)
REPRESENTATION_RELATIONSHIP_WITH_TRANSFORMATION(#308)
SHAPE_REPRESENTATION_RELATIONSHIP()
);
#285=(
REPRESENTATION_RELATIONSHIP(' ',' ',#10603,#10598)
REPRESENTATION_RELATIONSHIP_WITH_TRANSFORMATION(#309)
SHAPE_REPRESENTATION_RELATIONSHIP()
);
#286=(
REPRESENTATION_RELATIONSHIP(' ',' ',#10614,#10598)
REPRESENTATION_RELATIONSHIP_WITH_TRANSFORMATION(#310)
SHAPE_REPRESENTATION_RELATIONSHIP()
);
#287=(
REPRESENTATION_RELATIONSHIP(' ',' ',#10615,#10598)
REPRESENTATION_RELATIONSHIP_WITH_TRANSFORMATION(#311)
SHAPE_REPRESENTATION_RELATIONSHIP()
);
#288=(
REPRESENTATION_RELATIONSHIP(' ',' ',#10603,#10598)
REPRESENTATION_RELATIONSHIP_WITH_TRANSFORMATION(#312)
SHAPE_REPRESENTATION_RELATIONSHIP()
);
#289=(
REPRESENTATION_RELATIONSHIP(' ',' ',#10616,#10598)
REPRESENTATION_RELATIONSHIP_WITH_TRANSFORMATION(#313)
SHAPE_REPRESENTATION_RELATIONSHIP()
);
#290=ITEM_DEFINED_TRANSFORMATION(' ',' ',#10617,#10745);
#291=ITEM_DEFINED_TRANSFORMATION(' ',' ',#10617,#10754);
#292=ITEM_DEFINED_TRANSFORMATION(' ',' ',#10617,#10848);
#293=ITEM_DEFINED_TRANSFORMATION(' ',' ',#10617,#10857);
#294=ITEM_DEFINED_TRANSFORMATION(' ',' ',#10617,#10930);
#295=ITEM_DEFINED_TRANSFORMATION(' ',' ',#10617,#10989);
#296=ITEM_DEFINED_TRANSFORMATION(' ',' ',#10617,#10998);
#297=ITEM_DEFINED_TRANSFORMATION(' ',' ',#10617,#11007);
#298=ITEM_DEFINED_TRANSFORMATION(' ',' ',#10617,#11016);
#299=ITEM_DEFINED_TRANSFORMATION(' ',' ',#10617,#11017);
#300=ITEM_DEFINED_TRANSFORMATION(' ',' ',#10617,#11028);
#301=ITEM_DEFINED_TRANSFORMATION(' ',' ',#10617,#11039);
#302=ITEM_DEFINED_TRANSFORMATION(' ',' ',#10617,#11040);
#303=ITEM_DEFINED_TRANSFORMATION(' ',' ',#10617,#11154);
#304=ITEM_DEFINED_TRANSFORMATION(' ',' ',#10617,#11163);
#305=ITEM_DEFINED_TRANSFORMATION(' ',' ',#10617,#11277);
#306=ITEM_DEFINED_TRANSFORMATION(' ',' ',#10617,#11278);
#307=ITEM_DEFINED_TRANSFORMATION(' ',' ',#10617,#11279);
#308=ITEM_DEFINED_TRANSFORMATION(' ',' ',#10617,#11373);
#309=ITEM_DEFINED_TRANSFORMATION(' ',' ',#10617,#11374);
#310=ITEM_DEFINED_TRANSFORMATION(' ',' ',#10617,#11507);
#311=ITEM_DEFINED_TRANSFORMATION(' ',' ',#10617,#11518);
#312=ITEM_DEFINED_TRANSFORMATION(' ',' ',#10617,#11519);
#313=ITEM_DEFINED_TRANSFORMATION(' ',' ',#10617,#11530);
#314=SHAPE_REPRESENTATION_RELATIONSHIP('','',#10599,#332);
#315=SHAPE_REPRESENTATION_RELATIONSHIP('','',#10600,#333);
#316=SHAPE_REPRESENTATION_RELATIONSHIP('','',#10601,#334);
#317=SHAPE_REPRESENTATION_RELATIONSHIP('','',#10602,#335);
#318=SHAPE_REPRESENTATION_RELATIONSHIP('','',#10603,#336);
#319=SHAPE_REPRESENTATION_RELATIONSHIP('','',#10604,#337);
#320=SHAPE_REPRESENTATION_RELATIONSHIP('','',#10605,#338);
#321=SHAPE_REPRESENTATION_RELATIONSHIP('','',#10606,#339);
#322=SHAPE_REPRESENTATION_RELATIONSHIP('','',#10607,#340);
#323=SHAPE_REPRESENTATION_RELATIONSHIP('','',#10608,#341);
#324=SHAPE_REPRESENTATION_RELATIONSHIP('','',#10609,#342);
#325=SHAPE_REPRESENTATION_RELATIONSHIP('','',#10610,#343);
#326=SHAPE_REPRESENTATION_RELATIONSHIP('','',#10611,#344);
#327=SHAPE_REPRESENTATION_RELATIONSHIP('','',#10612,#345);
#328=SHAPE_REPRESENTATION_RELATIONSHIP('','',#10613,#346);
#329=SHAPE_REPRESENTATION_RELATIONSHIP('','',#10614,#347);
#330=SHAPE_REPRESENTATION_RELATIONSHIP('','',#10615,#348);
#331=SHAPE_REPRESENTATION_RELATIONSHIP('','',#10616,#349);
#332=ADVANCED_BREP_SHAPE_REPRESENTATION('',(#10563),#17841);
#333=ADVANCED_BREP_SHAPE_REPRESENTATION('',(#10564),#17842);
#334=ADVANCED_BREP_SHAPE_REPRESENTATION('',(#10565),#17843);
#335=ADVANCED_BREP_SHAPE_REPRESENTATION('',(#10566),#17844);
#336=ADVANCED_BREP_SHAPE_REPRESENTATION('',(#16),#17845);
#337=ADVANCED_BREP_SHAPE_REPRESENTATION('',(#17),#17846);
#338=ADVANCED_BREP_SHAPE_REPRESENTATION('',(#10567),#17847);
#339=ADVANCED_BREP_SHAPE_REPRESENTATION('',(#10568),#17848);
#340=ADVANCED_BREP_SHAPE_REPRESENTATION('',(#10569),#17849);
#341=ADVANCED_BREP_SHAPE_REPRESENTATION('',(#10570),#17850);
#342=ADVANCED_BREP_SHAPE_REPRESENTATION('',(#10571),#17851);
#343=ADVANCED_BREP_SHAPE_REPRESENTATION('',(#10572),#17852);
#344=ADVANCED_BREP_SHAPE_REPRESENTATION('',(#10573),#17853);
#345=ADVANCED_BREP_SHAPE_REPRESENTATION('',(#10574),#17854);
#346=ADVANCED_BREP_SHAPE_REPRESENTATION('',(#10575),#17855);
#347=ADVANCED_BREP_SHAPE_REPRESENTATION('',(#10576),#17856);
#348=ADVANCED_BREP_SHAPE_REPRESENTATION('',(#10577),#17857);
#349=ADVANCED_BREP_SHAPE_REPRESENTATION('',(#10578),#17858);
#350=CYLINDRICAL_SURFACE('',#10687,0.004);
#351=CYLINDRICAL_SURFACE('',#10688,0.004);
#352=CYLINDRICAL_SURFACE('',#10689,0.004);
#353=CYLINDRICAL_SURFACE('',#10692,0.004);
#354=CYLINDRICAL_SURFACE('',#10697,0.004);
#355=CYLINDRICAL_SURFACE('',#10700,0.004);
#356=CYLINDRICAL_SURFACE('',#10733,0.0024);
#357=CYLINDRICAL_SURFACE('',#10736,0.0024);
#358=CYLINDRICAL_SURFACE('',#10739,0.0024);
#359=CYLINDRICAL_SURFACE('',#10742,0.0024);
#360=CYLINDRICAL_SURFACE('',#10746,0.0109999999999998);
#361=CYLINDRICAL_SURFACE('',#10749,0.015);
#362=CYLINDRICAL_SURFACE('',#10755,0.004);
#363=CYLINDRICAL_SURFACE('',#10775,0.00265);
#364=CYLINDRICAL_SURFACE('',#10779,0.00265);
#365=CYLINDRICAL_SURFACE('',#10788,0.0005);
#366=CYLINDRICAL_SURFACE('',#10789,0.0005);
#367=CYLINDRICAL_SURFACE('',#10790,0.0005);
#368=CYLINDRICAL_SURFACE('',#10791,0.0005);
#369=CYLINDRICAL_SURFACE('',#10792,0.0109999999999998);
#370=CYLINDRICAL_SURFACE('',#10795,0.0109999999999998);
#371=CYLINDRICAL_SURFACE('',#10802,0.0005);
#372=CYLINDRICAL_SURFACE('',#10803,0.0005);
#373=CYLINDRICAL_SURFACE('',#10804,0.0005);
#374=CYLINDRICAL_SURFACE('',#10805,0.0005);
#375=CYLINDRICAL_SURFACE('',#10806,0.0109999999999998);
#376=CYLINDRICAL_SURFACE('',#10813,0.0005);
#377=CYLINDRICAL_SURFACE('',#10814,0.0005);
#378=CYLINDRICAL_SURFACE('',#10815,0.0005);
#379=CYLINDRICAL_SURFACE('',#10816,0.0005);
#380=CYLINDRICAL_SURFACE('',#10817,0.0109999999999998);
#381=CYLINDRICAL_SURFACE('',#10825,0.0005);
#382=CYLINDRICAL_SURFACE('',#10827,0.0005);
#383=CYLINDRICAL_SURFACE('',#10829,0.0005);
#384=CYLINDRICAL_SURFACE('',#10830,0.0005);
#385=CYLINDRICAL_SURFACE('',#10831,0.0005);
#386=CYLINDRICAL_SURFACE('',#10832,0.0109999999999998);
#387=CYLINDRICAL_SURFACE('',#10839,0.0005);
#388=CYLINDRICAL_SURFACE('',#10840,0.0005);
#389=CYLINDRICAL_SURFACE('',#10841,0.0005);
#390=CYLINDRICAL_SURFACE('',#10842,0.0005);
#391=CYLINDRICAL_SURFACE('',#10843,0.015);
#392=CYLINDRICAL_SURFACE('',#10849,0.0109999999999998);
#393=CYLINDRICAL_SURFACE('',#10852,0.015);
#394=CYLINDRICAL_SURFACE('',#10869,0.005);
#395=CYLINDRICAL_SURFACE('',#10879,0.005);
#396=CYLINDRICAL_SURFACE('',#10886,0.005);
#397=CYLINDRICAL_SURFACE('',#10889,0.005);
#398=CYLINDRICAL_SURFACE('',#10906,0.01);
#399=CYLINDRICAL_SURFACE('',#10908,0.01);
#400=CYLINDRICAL_SURFACE('',#10910,0.01);
#401=CYLINDRICAL_SURFACE('',#10912,0.01);
#402=CYLINDRICAL_SURFACE('',#10921,0.01);
#403=CYLINDRICAL_SURFACE('',#10929,0.01);
#404=CYLINDRICAL_SURFACE('',#10940,0.005);
#405=CYLINDRICAL_SURFACE('',#10948,0.005);
#406=CYLINDRICAL_SURFACE('',#10971,0.01);
#407=CYLINDRICAL_SURFACE('',#10973,0.01);
#408=CYLINDRICAL_SURFACE('',#10981,0.01);
#409=CYLINDRICAL_SURFACE('',#10990,0.0109999999999998);
#410=CYLINDRICAL_SURFACE('',#10993,0.015);
#411=CYLINDRICAL_SURFACE('',#10999,0.0109999999999998);
#412=CYLINDRICAL_SURFACE('',#11002,0.015);
#413=CYLINDRICAL_SURFACE('',#11008,0.0109999999999998);
#414=CYLINDRICAL_SURFACE('',#11011,0.015);
#415=CYLINDRICAL_SURFACE('',#11025,0.00095);
#416=CYLINDRICAL_SURFACE('',#11036,0.00095);
#417=CYLINDRICAL_SURFACE('',#11041,0.004);
#418=CYLINDRICAL_SURFACE('',#11070,0.00265);
#419=CYLINDRICAL_SURFACE('',#11074,0.00265);
#420=CYLINDRICAL_SURFACE('',#11083,0.0005);
#421=CYLINDRICAL_SURFACE('',#11084,0.0005);
#422=CYLINDRICAL_SURFACE('',#11085,0.0005);
#423=CYLINDRICAL_SURFACE('',#11086,0.0005);
#424=CYLINDRICAL_SURFACE('',#11087,0.0109999999999998);
#425=CYLINDRICAL_SURFACE('',#11090,0.0109999999999998);
#426=CYLINDRICAL_SURFACE('',#11097,0.0005);
#427=CYLINDRICAL_SURFACE('',#11098,0.0005);
#428=CYLINDRICAL_SURFACE('',#11099,0.0005);
#429=CYLINDRICAL_SURFACE('',#11100,0.0005);
#430=CYLINDRICAL_SURFACE('',#11101,0.0109999999999998);
#431=CYLINDRICAL_SURFACE('',#11108,0.0005);
#432=CYLINDRICAL_SURFACE('',#11109,0.0005);
#433=CYLINDRICAL_SURFACE('',#11110,0.0005);
#434=CYLINDRICAL_SURFACE('',#11111,0.0005);
#435=CYLINDRICAL_SURFACE('',#11112,0.0109999999999998);
#436=CYLINDRICAL_SURFACE('',#11120,0.0005);
#437=CYLINDRICAL_SURFACE('',#11122,0.0005);
#438=CYLINDRICAL_SURFACE('',#11124,0.0005);
#439=CYLINDRICAL_SURFACE('',#11125,0.0005);
#440=CYLINDRICAL_SURFACE('',#11126,0.0005);
#441=CYLINDRICAL_SURFACE('',#11127,0.0109999999999998);
#442=CYLINDRICAL_SURFACE('',#11134,0.0005);
#443=CYLINDRICAL_SURFACE('',#11135,0.0005);
#444=CYLINDRICAL_SURFACE('',#11136,0.0005);
#445=CYLINDRICAL_SURFACE('',#11137,0.0005);
#446=CYLINDRICAL_SURFACE('',#11138,0.015);
#447=CYLINDRICAL_SURFACE('',#11143,0.004);
#448=CYLINDRICAL_SURFACE('',#11145,0.004);
#449=CYLINDRICAL_SURFACE('',#11147,0.004);
#450=CYLINDRICAL_SURFACE('',#11149,0.004);
#451=CYLINDRICAL_SURFACE('',#11151,0.004);
#452=CYLINDRICAL_SURFACE('',#11155,0.0109999999999998);
#453=CYLINDRICAL_SURFACE('',#11158,0.015);
#454=CYLINDRICAL_SURFACE('',#11177,0.004);
#455=CYLINDRICAL_SURFACE('',#11193,0.00265);
#456=CYLINDRICAL_SURFACE('',#11197,0.00265);
#457=CYLINDRICAL_SURFACE('',#11206,0.0005);
#458=CYLINDRICAL_SURFACE('',#11207,0.0005);
#459=CYLINDRICAL_SURFACE('',#11208,0.0005);
#460=CYLINDRICAL_SURFACE('',#11209,0.0005);
#461=CYLINDRICAL_SURFACE('',#11210,0.0109999999999998);
#462=CYLINDRICAL_SURFACE('',#11213,0.0109999999999998);
#463=CYLINDRICAL_SURFACE('',#11220,0.0005);
#464=CYLINDRICAL_SURFACE('',#11221,0.0005);
#465=CYLINDRICAL_SURFACE('',#11222,0.0005);
#466=CYLINDRICAL_SURFACE('',#11223,0.0005);
#467=CYLINDRICAL_SURFACE('',#11224,0.0109999999999998);
#468=CYLINDRICAL_SURFACE('',#11231,0.0005);
#469=CYLINDRICAL_SURFACE('',#11232,0.0005);
#470=CYLINDRICAL_SURFACE('',#11233,0.0005);
#471=CYLINDRICAL_SURFACE('',#11234,0.0005);
#472=CYLINDRICAL_SURFACE('',#11235,0.0109999999999998);
#473=CYLINDRICAL_SURFACE('',#11243,0.0005);
#474=CYLINDRICAL_SURFACE('',#11245,0.0005);
#475=CYLINDRICAL_SURFACE('',#11247,0.0005);
#476=CYLINDRICAL_SURFACE('',#11248,0.0005);
#477=CYLINDRICAL_SURFACE('',#11249,0.0005);
#478=CYLINDRICAL_SURFACE('',#11250,0.0109999999999998);
#479=CYLINDRICAL_SURFACE('',#11257,0.0005);
#480=CYLINDRICAL_SURFACE('',#11258,0.0005);
#481=CYLINDRICAL_SURFACE('',#11259,0.0005);
#482=CYLINDRICAL_SURFACE('',#11260,0.0005);
#483=CYLINDRICAL_SURFACE('',#11261,0.015);
#484=CYLINDRICAL_SURFACE('',#11266,0.004);
#485=CYLINDRICAL_SURFACE('',#11268,0.004);
#486=CYLINDRICAL_SURFACE('',#11270,0.004);
#487=CYLINDRICAL_SURFACE('',#11272,0.004);
#488=CYLINDRICAL_SURFACE('',#11274,0.004);
#489=CYLINDRICAL_SURFACE('',#11280,0.004);
#490=CYLINDRICAL_SURFACE('',#11300,0.00265);
#491=CYLINDRICAL_SURFACE('',#11304,0.00265);
#492=CYLINDRICAL_SURFACE('',#11313,0.0005);
#493=CYLINDRICAL_SURFACE('',#11314,0.0005);
#494=CYLINDRICAL_SURFACE('',#11315,0.0005);
#495=CYLINDRICAL_SURFACE('',#11316,0.0005);
#496=CYLINDRICAL_SURFACE('',#11317,0.0109999999999998);
#497=CYLINDRICAL_SURFACE('',#11320,0.0109999999999998);
#498=CYLINDRICAL_SURFACE('',#11327,0.0005);
#499=CYLINDRICAL_SURFACE('',#11328,0.0005);
#500=CYLINDRICAL_SURFACE('',#11329,0.0005);
#501=CYLINDRICAL_SURFACE('',#11330,0.0005);
#502=CYLINDRICAL_SURFACE('',#11331,0.0109999999999998);
#503=CYLINDRICAL_SURFACE('',#11338,0.0005);
#504=CYLINDRICAL_SURFACE('',#11339,0.0005);
#505=CYLINDRICAL_SURFACE('',#11340,0.0005);
#506=CYLINDRICAL_SURFACE('',#11341,0.0005);
#507=CYLINDRICAL_SURFACE('',#11342,0.0109999999999998);
#508=CYLINDRICAL_SURFACE('',#11350,0.0005);
#509=CYLINDRICAL_SURFACE('',#11352,0.0005);
#510=CYLINDRICAL_SURFACE('',#11354,0.0005);
#511=CYLINDRICAL_SURFACE('',#11355,0.0005);
#512=CYLINDRICAL_SURFACE('',#11356,0.0005);
#513=CYLINDRICAL_SURFACE('',#11357,0.0109999999999998);
#514=CYLINDRICAL_SURFACE('',#11364,0.0005);
#515=CYLINDRICAL_SURFACE('',#11365,0.0005);
#516=CYLINDRICAL_SURFACE('',#11366,0.0005);
#517=CYLINDRICAL_SURFACE('',#11367,0.0005);
#518=CYLINDRICAL_SURFACE('',#11368,0.015);
#519=CYLINDRICAL_SURFACE('',#11399,0.004);
#520=CYLINDRICAL_SURFACE('',#11401,0.004);
#521=CYLINDRICAL_SURFACE('',#11437,0.005);
#522=CYLINDRICAL_SURFACE('',#11441,0.005);
#523=CYLINDRICAL_SURFACE('',#11445,0.005);
#524=CYLINDRICAL_SURFACE('',#11448,0.005);
#525=CYLINDRICAL_SURFACE('',#11453,0.004);
#526=CYLINDRICAL_SURFACE('',#11456,0.004);
#527=CYLINDRICAL_SURFACE('',#11457,0.006);
#528=CYLINDRICAL_SURFACE('',#11462,0.006);
#529=CYLINDRICAL_SURFACE('',#11469,0.004);
#530=CYLINDRICAL_SURFACE('',#11473,0.004);
#531=CYLINDRICAL_SURFACE('',#11515,0.00095);
#532=CYLINDRICAL_SURFACE('',#11527,0.00095);
#533=CIRCLE('',#10639,0.004);
#534=CIRCLE('',#10640,0.004);
#535=CIRCLE('',#10666,0.0024);
#536=CIRCLE('',#10667,0.0024);
#537=CIRCLE('',#10668,0.0024);
#538=CIRCLE('',#10669,0.0024);
#539=CIRCLE('',#10681,0.004);
#540=CIRCLE('',#10682,0.004);
#541=CIRCLE('',#10683,0.004);
#542=CIRCLE('',#10684,0.004);
#543=CIRCLE('',#10685,0.004);
#544=CIRCLE('',#10686,0.004);
#545=CIRCLE('',#10690,0.004);
#546=CIRCLE('',#10693,0.004);
#547=CIRCLE('',#10698,0.004);
#548=CIRCLE('',#10701,0.004);
#549=CIRCLE('',#10734,0.0024);
#550=CIRCLE('',#10737,0.0024);
#551=CIRCLE('',#10740,0.0024);
#552=CIRCLE('',#10743,0.0024);
#553=CIRCLE('',#10747,0.0109999999999998);
#554=CIRCLE('',#10748,0.0109999999999998);
#555=CIRCLE('',#10750,0.015);
#556=CIRCLE('',#10751,0.015);
#557=CIRCLE('',#10756,0.004);
#558=CIRCLE('',#10757,0.004);
#559=CIRCLE('',#10758,0.004);
#560=CIRCLE('',#10759,0.004);
#561=CIRCLE('',#10760,0.004);
#562=CIRCLE('',#10761,0.004);
#563=CIRCLE('',#10762,0.004);
#564=CIRCLE('',#10763,0.004);
#565=CIRCLE('',#10764,0.004);
#566=CIRCLE('',#10765,0.004);
#567=CIRCLE('',#10766,0.004);
#568=CIRCLE('',#10768,0.011);
#569=CIRCLE('',#10769,0.0005);
#570=CIRCLE('',#10770,0.011);
#571=CIRCLE('',#10771,0.011);
#572=CIRCLE('',#10772,0.011);
#573=CIRCLE('',#10773,0.0109999999999998);
#574=CIRCLE('',#10776,0.00265);
#575=CIRCLE('',#10777,0.00265);
#576=CIRCLE('',#10780,0.00265);
#577=CIRCLE('',#10781,0.00265);
#578=CIRCLE('',#10787,0.011);
#579=CIRCLE('',#10793,0.0109999999999998);
#580=CIRCLE('',#10794,0.0109999999999998);
#581=CIRCLE('',#10796,0.0109999999999998);
#582=CIRCLE('',#10797,0.0109999999999998);
#583=CIRCLE('',#10801,0.011);
#584=CIRCLE('',#10807,0.0109999999999998);
#585=CIRCLE('',#10808,0.0109999999999998);
#586=CIRCLE('',#10812,0.011);
#587=CIRCLE('',#10818,0.0109999999999998);
#588=CIRCLE('',#10819,0.0109999999999998);
#589=CIRCLE('',#10823,0.011);
#590=CIRCLE('',#10824,0.0005);
#591=CIRCLE('',#10833,0.0109999999999998);
#592=CIRCLE('',#10834,0.0109999999999998);
#593=CIRCLE('',#10838,0.0109999999999998);
#594=CIRCLE('',#10844,0.015);
#595=CIRCLE('',#10845,0.015);
#596=CIRCLE('',#10850,0.0109999999999998);
#597=CIRCLE('',#10851,0.0109999999999998);
#598=CIRCLE('',#10853,0.015);
#599=CIRCLE('',#10854,0.015);
#600=CIRCLE('',#10870,0.005);
#601=CIRCLE('',#10871,0.005);
#602=CIRCLE('',#10874,0.005);
#603=CIRCLE('',#10876,0.005);
#604=CIRCLE('',#10877,0.005);
#605=CIRCLE('',#10880,0.005);
#606=CIRCLE('',#10887,0.005);
#607=CIRCLE('',#10890,0.005);
#608=CIRCLE('',#10894,0.01);
#609=CIRCLE('',#10895,0.01);
#610=CIRCLE('',#10896,0.01);
#611=CIRCLE('',#10899,0.01);
#612=CIRCLE('',#10900,0.01);
#613=CIRCLE('',#10901,0.01);
#614=CIRCLE('',#10907,0.01);
#615=CIRCLE('',#10909,0.01);
#616=CIRCLE('',#10911,0.01);
#617=CIRCLE('',#10913,0.01);
#618=CIRCLE('',#10916,0.01);
#619=CIRCLE('',#10918,0.01);
#620=CIRCLE('',#10941,0.005);
#621=CIRCLE('',#10942,0.005);
#622=CIRCLE('',#10945,0.005);
#623=CIRCLE('',#10949,0.005);
#624=CIRCLE('',#10967,0.01);
#625=CIRCLE('',#10968,0.01);
#626=CIRCLE('',#10969,0.01);
#627=CIRCLE('',#10972,0.01);
#628=CIRCLE('',#10974,0.01);
#629=CIRCLE('',#10976,0.01);
#630=CIRCLE('',#10991,0.0109999999999998);
#631=CIRCLE('',#10992,0.0109999999999998);
#632=CIRCLE('',#10994,0.015);
#633=CIRCLE('',#10995,0.015);
#634=CIRCLE('',#11000,0.0109999999999998);
#635=CIRCLE('',#11001,0.0109999999999998);
#636=CIRCLE('',#11003,0.015);
#637=CIRCLE('',#11004,0.015);
#638=CIRCLE('',#11009,0.0109999999999998);
#639=CIRCLE('',#11010,0.0109999999999998);
#640=CIRCLE('',#11012,0.015);
#641=CIRCLE('',#11013,0.015);
#642=CIRCLE('',#11023,0.00095);
#643=CIRCLE('',#11026,0.00095);
#644=CIRCLE('',#11034,0.00095);
#645=CIRCLE('',#11037,0.00095);
#646=CIRCLE('',#11042,0.004);
#647=CIRCLE('',#11043,0.004);
#648=CIRCLE('',#11044,0.004);
#649=CIRCLE('',#11045,0.004);
#650=CIRCLE('',#11046,0.004);
#651=CIRCLE('',#11047,0.004);
#652=CIRCLE('',#11048,0.004);
#653=CIRCLE('',#11049,0.004);
#654=CIRCLE('',#11050,0.004);
#655=CIRCLE('',#11051,0.004);
#656=CIRCLE('',#11052,0.004);
#657=CIRCLE('',#11054,0.004);
#658=CIRCLE('',#11055,0.011);
#659=CIRCLE('',#11057,0.004);
#660=CIRCLE('',#11058,0.011);
#661=CIRCLE('',#11060,0.004);
#662=CIRCLE('',#11061,0.011);
#663=CIRCLE('',#11063,0.004);
#664=CIRCLE('',#11064,0.011);
#665=CIRCLE('',#11065,0.0005);
#666=CIRCLE('',#11067,0.004);
#667=CIRCLE('',#11068,0.0109999999999998);
#668=CIRCLE('',#11071,0.00265);
#669=CIRCLE('',#11072,0.00265);
#670=CIRCLE('',#11075,0.00265);
#671=CIRCLE('',#11076,0.00265);
#672=CIRCLE('',#11082,0.011);
#673=CIRCLE('',#11088,0.0109999999999998);
#674=CIRCLE('',#11089,0.0109999999999998);
#675=CIRCLE('',#11091,0.0109999999999998);
#676=CIRCLE('',#11092,0.0109999999999998);
#677=CIRCLE('',#11096,0.011);
#678=CIRCLE('',#11102,0.0109999999999998);
#679=CIRCLE('',#11103,0.0109999999999998);
#680=CIRCLE('',#11107,0.011);
#681=CIRCLE('',#11113,0.0109999999999998);
#682=CIRCLE('',#11114,0.0109999999999998);
#683=CIRCLE('',#11118,0.011);
#684=CIRCLE('',#11119,0.0005);
#685=CIRCLE('',#11128,0.0109999999999998);
#686=CIRCLE('',#11129,0.0109999999999998);
#687=CIRCLE('',#11133,0.0109999999999998);
#688=CIRCLE('',#11139,0.015);
#689=CIRCLE('',#11140,0.015);
#690=CIRCLE('',#11144,0.004);
#691=CIRCLE('',#11146,0.004);
#692=CIRCLE('',#11148,0.004);
#693=CIRCLE('',#11150,0.004);
#694=CIRCLE('',#11152,0.004);
#695=CIRCLE('',#11156,0.0109999999999998);
#696=CIRCLE('',#11157,0.0109999999999998);
#697=CIRCLE('',#11159,0.015);
#698=CIRCLE('',#11160,0.015);
#699=CIRCLE('',#11165,0.004);
#700=CIRCLE('',#11166,0.011);
#701=CIRCLE('',#11168,0.004);
#702=CIRCLE('',#11169,0.011);
#703=CIRCLE('',#11171,0.004);
#704=CIRCLE('',#11172,0.011);
#705=CIRCLE('',#11174,0.004);
#706=CIRCLE('',#11175,0.011);
#707=CIRCLE('',#11176,0.0005);
#708=CIRCLE('',#11178,0.004);
#709=CIRCLE('',#11179,0.004);
#710=CIRCLE('',#11180,0.004);
#711=CIRCLE('',#11181,0.004);
#712=CIRCLE('',#11182,0.004);
#713=CIRCLE('',#11183,0.004);
#714=CIRCLE('',#11184,0.004);
#715=CIRCLE('',#11185,0.004);
#716=CIRCLE('',#11186,0.004);
#717=CIRCLE('',#11187,0.004);
#718=CIRCLE('',#11188,0.004);
#719=CIRCLE('',#11190,0.004);
#720=CIRCLE('',#11191,0.0109999999999998);
#721=CIRCLE('',#11194,0.00265);
#722=CIRCLE('',#11195,0.00265);
#723=CIRCLE('',#11198,0.00265);
#724=CIRCLE('',#11199,0.00265);
#725=CIRCLE('',#11205,0.011);
#726=CIRCLE('',#11211,0.0109999999999998);
#727=CIRCLE('',#11212,0.0109999999999998);
#728=CIRCLE('',#11214,0.0109999999999998);
#729=CIRCLE('',#11215,0.0109999999999998);
#730=CIRCLE('',#11219,0.011);
#731=CIRCLE('',#11225,0.0109999999999998);
#732=CIRCLE('',#11226,0.0109999999999998);
#733=CIRCLE('',#11230,0.011);
#734=CIRCLE('',#11236,0.0109999999999998);
#735=CIRCLE('',#11237,0.0109999999999998);
#736=CIRCLE('',#11241,0.011);
#737=CIRCLE('',#11242,0.0005);
#738=CIRCLE('',#11251,0.0109999999999998);
#739=CIRCLE('',#11252,0.0109999999999998);
#740=CIRCLE('',#11256,0.0109999999999998);
#741=CIRCLE('',#11262,0.015);
#742=CIRCLE('',#11263,0.015);
#743=CIRCLE('',#11267,0.004);
#744=CIRCLE('',#11269,0.004);
#745=CIRCLE('',#11271,0.004);
#746=CIRCLE('',#11273,0.004);
#747=CIRCLE('',#11275,0.004);
#748=CIRCLE('',#11281,0.004);
#749=CIRCLE('',#11282,0.004);
#750=CIRCLE('',#11283,0.004);
#751=CIRCLE('',#11284,0.004);
#752=CIRCLE('',#11285,0.004);
#753=CIRCLE('',#11286,0.004);
#754=CIRCLE('',#11287,0.004);
#755=CIRCLE('',#11288,0.004);
#756=CIRCLE('',#11289,0.004);
#757=CIRCLE('',#11290,0.004);
#758=CIRCLE('',#11291,0.004);
#759=CIRCLE('',#11293,0.011);
#760=CIRCLE('',#11294,0.0005);
#761=CIRCLE('',#11295,0.011);
#762=CIRCLE('',#11296,0.011);
#763=CIRCLE('',#11297,0.011);
#764=CIRCLE('',#11298,0.0109999999999998);
#765=CIRCLE('',#11301,0.00265);
#766=CIRCLE('',#11302,0.00265);
#767=CIRCLE('',#11305,0.00265);
#768=CIRCLE('',#11306,0.00265);
#769=CIRCLE('',#11312,0.011);
#770=CIRCLE('',#11318,0.0109999999999998);
#771=CIRCLE('',#11319,0.0109999999999998);
#772=CIRCLE('',#11321,0.0109999999999998);
#773=CIRCLE('',#11322,0.0109999999999998);
#774=CIRCLE('',#11326,0.011);
#775=CIRCLE('',#11332,0.0109999999999998);
#776=CIRCLE('',#11333,0.0109999999999998);
#777=CIRCLE('',#11337,0.011);
#778=CIRCLE('',#11343,0.0109999999999998);
#779=CIRCLE('',#11344,0.0109999999999998);
#780=CIRCLE('',#11348,0.011);
#781=CIRCLE('',#11349,0.0005);
#782=CIRCLE('',#11358,0.0109999999999998);
#783=CIRCLE('',#11359,0.0109999999999998);
#784=CIRCLE('',#11363,0.0109999999999998);
#785=CIRCLE('',#11369,0.015);
#786=CIRCLE('',#11370,0.015);
#787=CIRCLE('',#11378,0.004);
#788=CIRCLE('',#11379,0.006);
#789=CIRCLE('',#11380,0.004);
#790=CIRCLE('',#11381,0.006);
#791=CIRCLE('',#11389,0.005);
#792=CIRCLE('',#11390,0.005);
#793=CIRCLE('',#11391,0.005);
#794=CIRCLE('',#11392,0.005);
#795=CIRCLE('',#11400,0.004);
#796=CIRCLE('',#11402,0.004);
#797=CIRCLE('',#11438,0.005);
#798=CIRCLE('',#11440,0.004);
#799=CIRCLE('',#11442,0.005);
#800=CIRCLE('',#11444,0.004);
#801=CIRCLE('',#11446,0.005);
#802=CIRCLE('',#11449,0.005);
#803=CIRCLE('',#11452,0.004);
#804=CIRCLE('',#11455,0.004);
#805=CIRCLE('',#11458,0.006);
#806=CIRCLE('',#11460,0.005);
#807=CIRCLE('',#11461,0.004);
#808=CIRCLE('',#11463,0.006);
#809=CIRCLE('',#11465,0.005);
#810=CIRCLE('',#11466,0.004);
#811=CIRCLE('',#11468,0.003);
#812=CIRCLE('',#11470,0.004);
#813=CIRCLE('',#11472,0.003);
#814=CIRCLE('',#11474,0.004);
#815=CIRCLE('',#11513,0.00095);
#816=CIRCLE('',#11516,0.00095);
#817=CIRCLE('',#11525,0.00095);
#818=CIRCLE('',#11528,0.00095);
#819=ORIENTED_EDGE('',*,*,#3691,.F.);
#820=ORIENTED_EDGE('',*,*,#3692,.F.);
#821=ORIENTED_EDGE('',*,*,#3693,.F.);
#822=ORIENTED_EDGE('',*,*,#3694,.F.);
#823=ORIENTED_EDGE('',*,*,#3695,.F.);
#824=ORIENTED_EDGE('',*,*,#3696,.F.);
#825=ORIENTED_EDGE('',*,*,#3697,.F.);
#826=ORIENTED_EDGE('',*,*,#3698,.F.);
#827=ORIENTED_EDGE('',*,*,#3699,.F.);
#828=ORIENTED_EDGE('',*,*,#3700,.F.);
#829=ORIENTED_EDGE('',*,*,#3701,.F.);
#830=ORIENTED_EDGE('',*,*,#3702,.F.);
#831=ORIENTED_EDGE('',*,*,#3703,.F.);
#832=ORIENTED_EDGE('',*,*,#3704,.F.);
#833=ORIENTED_EDGE('',*,*,#3705,.F.);
#834=ORIENTED_EDGE('',*,*,#3706,.F.);
#835=ORIENTED_EDGE('',*,*,#3707,.F.);
#836=ORIENTED_EDGE('',*,*,#3708,.F.);
#837=ORIENTED_EDGE('',*,*,#3709,.F.);
#838=ORIENTED_EDGE('',*,*,#3710,.F.);
#839=ORIENTED_EDGE('',*,*,#3711,.F.);
#840=ORIENTED_EDGE('',*,*,#3712,.F.);
#841=ORIENTED_EDGE('',*,*,#3713,.F.);
#842=ORIENTED_EDGE('',*,*,#3714,.F.);
#843=ORIENTED_EDGE('',*,*,#3715,.T.);
#844=ORIENTED_EDGE('',*,*,#3704,.T.);
#845=ORIENTED_EDGE('',*,*,#3716,.F.);
#846=ORIENTED_EDGE('',*,*,#3717,.F.);
#847=ORIENTED_EDGE('',*,*,#3718,.T.);
#848=ORIENTED_EDGE('',*,*,#3711,.T.);
#849=ORIENTED_EDGE('',*,*,#3719,.F.);
#850=ORIENTED_EDGE('',*,*,#3720,.T.);
#851=ORIENTED_EDGE('',*,*,#3721,.F.);
#852=ORIENTED_EDGE('',*,*,#3722,.T.);
#853=ORIENTED_EDGE('',*,*,#3723,.T.);
#854=ORIENTED_EDGE('',*,*,#3724,.T.);
#855=ORIENTED_EDGE('',*,*,#3715,.F.);
#856=ORIENTED_EDGE('',*,*,#3725,.F.);
#857=ORIENTED_EDGE('',*,*,#3726,.F.);
#858=ORIENTED_EDGE('',*,*,#3727,.T.);
#859=ORIENTED_EDGE('',*,*,#3728,.T.);
#860=ORIENTED_EDGE('',*,*,#3706,.T.);
#861=ORIENTED_EDGE('',*,*,#3729,.T.);
#862=ORIENTED_EDGE('',*,*,#3730,.T.);
#863=ORIENTED_EDGE('',*,*,#3731,.T.);
#864=ORIENTED_EDGE('',*,*,#3732,.T.);
#865=ORIENTED_EDGE('',*,*,#3733,.T.);
#866=ORIENTED_EDGE('',*,*,#3734,.T.);
#867=ORIENTED_EDGE('',*,*,#3735,.F.);
#868=ORIENTED_EDGE('',*,*,#3736,.T.);
#869=ORIENTED_EDGE('',*,*,#3737,.T.);
#870=ORIENTED_EDGE('',*,*,#3738,.F.);
#871=ORIENTED_EDGE('',*,*,#3739,.F.);
#872=ORIENTED_EDGE('',*,*,#3709,.T.);
#873=ORIENTED_EDGE('',*,*,#3740,.T.);
#874=ORIENTED_EDGE('',*,*,#3736,.F.);
#875=ORIENTED_EDGE('',*,*,#3740,.F.);
#876=ORIENTED_EDGE('',*,*,#3714,.T.);
#877=ORIENTED_EDGE('',*,*,#3741,.T.);
#878=ORIENTED_EDGE('',*,*,#3742,.F.);
#879=ORIENTED_EDGE('',*,*,#3743,.T.);
#880=ORIENTED_EDGE('',*,*,#3744,.T.);
#881=ORIENTED_EDGE('',*,*,#3716,.T.);
#882=ORIENTED_EDGE('',*,*,#3703,.T.);
#883=ORIENTED_EDGE('',*,*,#3745,.T.);
#884=ORIENTED_EDGE('',*,*,#3737,.F.);
#885=ORIENTED_EDGE('',*,*,#3745,.F.);
#886=ORIENTED_EDGE('',*,*,#3708,.T.);
#887=ORIENTED_EDGE('',*,*,#3746,.T.);
#888=ORIENTED_EDGE('',*,*,#3738,.T.);
#889=ORIENTED_EDGE('',*,*,#3741,.F.);
#890=ORIENTED_EDGE('',*,*,#3713,.T.);
#891=ORIENTED_EDGE('',*,*,#3721,.T.);
#892=ORIENTED_EDGE('',*,*,#3747,.T.);
#893=ORIENTED_EDGE('',*,*,#3748,.T.);
#894=ORIENTED_EDGE('',*,*,#3749,.F.);
#895=ORIENTED_EDGE('',*,*,#3742,.T.);
#896=ORIENTED_EDGE('',*,*,#3747,.F.);
#897=ORIENTED_EDGE('',*,*,#3727,.F.);
#898=ORIENTED_EDGE('',*,*,#3750,.T.);
#899=ORIENTED_EDGE('',*,*,#3751,.F.);
#900=ORIENTED_EDGE('',*,*,#3752,.F.);
#901=ORIENTED_EDGE('',*,*,#3725,.T.);
#902=ORIENTED_EDGE('',*,*,#3717,.T.);
#903=ORIENTED_EDGE('',*,*,#3744,.F.);
#904=ORIENTED_EDGE('',*,*,#3753,.T.);
#905=ORIENTED_EDGE('',*,*,#3754,.F.);
#906=ORIENTED_EDGE('',*,*,#3755,.F.);
#907=ORIENTED_EDGE('',*,*,#3749,.T.);
#908=ORIENTED_EDGE('',*,*,#3756,.T.);
#909=ORIENTED_EDGE('',*,*,#3753,.F.);
#910=ORIENTED_EDGE('',*,*,#3743,.F.);
#911=ORIENTED_EDGE('',*,*,#3754,.T.);
#912=ORIENTED_EDGE('',*,*,#3756,.F.);
#913=ORIENTED_EDGE('',*,*,#3748,.F.);
#914=ORIENTED_EDGE('',*,*,#3757,.F.);
#915=ORIENTED_EDGE('',*,*,#3750,.F.);
#916=ORIENTED_EDGE('',*,*,#3726,.T.);
#917=ORIENTED_EDGE('',*,*,#3752,.T.);
#918=ORIENTED_EDGE('',*,*,#3758,.F.);
#919=ORIENTED_EDGE('',*,*,#3751,.T.);
#920=ORIENTED_EDGE('',*,*,#3758,.T.);
#921=ORIENTED_EDGE('',*,*,#3755,.T.);
#922=ORIENTED_EDGE('',*,*,#3757,.T.);
#923=ORIENTED_EDGE('',*,*,#3692,.T.);
#924=ORIENTED_EDGE('',*,*,#3759,.T.);
#925=ORIENTED_EDGE('',*,*,#3760,.F.);
#926=ORIENTED_EDGE('',*,*,#3761,.F.);
#927=ORIENTED_EDGE('',*,*,#3701,.T.);
#928=ORIENTED_EDGE('',*,*,#3762,.F.);
#929=ORIENTED_EDGE('',*,*,#3763,.T.);
#930=ORIENTED_EDGE('',*,*,#3764,.T.);
#931=ORIENTED_EDGE('',*,*,#3765,.T.);
#932=ORIENTED_EDGE('',*,*,#3766,.T.);
#933=ORIENTED_EDGE('',*,*,#3746,.F.);
#934=ORIENTED_EDGE('',*,*,#3707,.T.);
#935=ORIENTED_EDGE('',*,*,#3728,.F.);
#936=ORIENTED_EDGE('',*,*,#3767,.T.);
#937=ORIENTED_EDGE('',*,*,#3731,.F.);
#938=ORIENTED_EDGE('',*,*,#3768,.T.);
#939=ORIENTED_EDGE('',*,*,#3719,.T.);
#940=ORIENTED_EDGE('',*,*,#3710,.T.);
#941=ORIENTED_EDGE('',*,*,#3739,.T.);
#942=ORIENTED_EDGE('',*,*,#3735,.T.);
#943=ORIENTED_EDGE('',*,*,#3769,.F.);
#944=ORIENTED_EDGE('',*,*,#3770,.T.);
#945=ORIENTED_EDGE('',*,*,#3771,.T.);
#946=ORIENTED_EDGE('',*,*,#3772,.T.);
#947=ORIENTED_EDGE('',*,*,#3773,.T.);
#948=ORIENTED_EDGE('',*,*,#3774,.T.);
#949=ORIENTED_EDGE('',*,*,#3775,.F.);
#950=ORIENTED_EDGE('',*,*,#3776,.T.);
#951=ORIENTED_EDGE('',*,*,#3777,.F.);
#952=ORIENTED_EDGE('',*,*,#3778,.T.);
#953=ORIENTED_EDGE('',*,*,#3779,.T.);
#954=ORIENTED_EDGE('',*,*,#3780,.T.);
#955=ORIENTED_EDGE('',*,*,#3781,.T.);
#956=ORIENTED_EDGE('',*,*,#3782,.T.);
#957=ORIENTED_EDGE('',*,*,#3783,.T.);
#958=ORIENTED_EDGE('',*,*,#3784,.T.);
#959=ORIENTED_EDGE('',*,*,#3785,.F.);
#960=ORIENTED_EDGE('',*,*,#3786,.F.);
#961=ORIENTED_EDGE('',*,*,#3787,.T.);
#962=ORIENTED_EDGE('',*,*,#3695,.T.);
#963=ORIENTED_EDGE('',*,*,#3788,.F.);
#964=ORIENTED_EDGE('',*,*,#3789,.T.);
#965=ORIENTED_EDGE('',*,*,#3762,.T.);
#966=ORIENTED_EDGE('',*,*,#3700,.T.);
#967=ORIENTED_EDGE('',*,*,#3790,.T.);
#968=ORIENTED_EDGE('',*,*,#3791,.T.);
#969=ORIENTED_EDGE('',*,*,#3792,.T.);
#970=ORIENTED_EDGE('',*,*,#3793,.T.);
#971=ORIENTED_EDGE('',*,*,#3794,.T.);
#972=ORIENTED_EDGE('',*,*,#3795,.F.);
#973=ORIENTED_EDGE('',*,*,#3796,.T.);
#974=ORIENTED_EDGE('',*,*,#3797,.T.);
#975=ORIENTED_EDGE('',*,*,#3788,.T.);
#976=ORIENTED_EDGE('',*,*,#3798,.T.);
#977=ORIENTED_EDGE('',*,*,#3799,.T.);
#978=ORIENTED_EDGE('',*,*,#3693,.T.);
#979=ORIENTED_EDGE('',*,*,#3766,.F.);
#980=ORIENTED_EDGE('',*,*,#3800,.T.);
#981=ORIENTED_EDGE('',*,*,#3801,.T.);
#982=ORIENTED_EDGE('',*,*,#3802,.T.);
#983=ORIENTED_EDGE('',*,*,#3764,.F.);
#984=ORIENTED_EDGE('',*,*,#3803,.T.);
#985=ORIENTED_EDGE('',*,*,#3760,.T.);
#986=ORIENTED_EDGE('',*,*,#3804,.T.);
#987=ORIENTED_EDGE('',*,*,#3805,.F.);
#988=ORIENTED_EDGE('',*,*,#3806,.F.);
#989=ORIENTED_EDGE('',*,*,#3807,.F.);
#990=ORIENTED_EDGE('',*,*,#3702,.T.);
#991=ORIENTED_EDGE('',*,*,#3761,.T.);
#992=ORIENTED_EDGE('',*,*,#3806,.T.);
#993=ORIENTED_EDGE('',*,*,#3808,.F.);
#994=ORIENTED_EDGE('',*,*,#3697,.T.);
#995=ORIENTED_EDGE('',*,*,#3807,.T.);
#996=ORIENTED_EDGE('',*,*,#3805,.T.);
#997=ORIENTED_EDGE('',*,*,#3809,.F.);
#998=ORIENTED_EDGE('',*,*,#3696,.T.);
#999=ORIENTED_EDGE('',*,*,#3787,.F.);
#1000=ORIENTED_EDGE('',*,*,#3810,.F.);
#1001=ORIENTED_EDGE('',*,*,#3811,.F.);
#1002=ORIENTED_EDGE('',*,*,#3812,.T.);
#1003=ORIENTED_EDGE('',*,*,#3759,.F.);
#1004=ORIENTED_EDGE('',*,*,#3691,.T.);
#1005=ORIENTED_EDGE('',*,*,#3809,.T.);
#1006=ORIENTED_EDGE('',*,*,#3804,.F.);
#1007=ORIENTED_EDGE('',*,*,#3794,.F.);
#1008=ORIENTED_EDGE('',*,*,#3698,.T.);
#1009=ORIENTED_EDGE('',*,*,#3808,.T.);
#1010=ORIENTED_EDGE('',*,*,#3813,.F.);
#1011=ORIENTED_EDGE('',*,*,#3814,.F.);
#1012=ORIENTED_EDGE('',*,*,#3815,.T.);
#1013=ORIENTED_EDGE('',*,*,#3816,.F.);
#1014=ORIENTED_EDGE('',*,*,#3795,.T.);
#1015=ORIENTED_EDGE('',*,*,#3813,.T.);
#1016=ORIENTED_EDGE('',*,*,#3812,.F.);
#1017=ORIENTED_EDGE('',*,*,#3817,.T.);
#1018=ORIENTED_EDGE('',*,*,#3818,.T.);
#1019=ORIENTED_EDGE('',*,*,#3819,.T.);
#1020=ORIENTED_EDGE('',*,*,#3820,.T.);
#1021=ORIENTED_EDGE('',*,*,#3821,.F.);
#1022=ORIENTED_EDGE('',*,*,#3810,.T.);
#1023=ORIENTED_EDGE('',*,*,#3789,.F.);
#1024=ORIENTED_EDGE('',*,*,#3797,.F.);
#1025=ORIENTED_EDGE('',*,*,#3817,.F.);
#1026=ORIENTED_EDGE('',*,*,#3811,.T.);
#1027=ORIENTED_EDGE('',*,*,#3821,.T.);
#1028=ORIENTED_EDGE('',*,*,#3822,.F.);
#1029=ORIENTED_EDGE('',*,*,#3820,.F.);
#1030=ORIENTED_EDGE('',*,*,#3823,.T.);
#1031=ORIENTED_EDGE('',*,*,#3814,.T.);
#1032=ORIENTED_EDGE('',*,*,#3822,.T.);
#1033=ORIENTED_EDGE('',*,*,#3816,.T.);
#1034=ORIENTED_EDGE('',*,*,#3824,.T.);
#1035=ORIENTED_EDGE('',*,*,#3818,.F.);
#1036=ORIENTED_EDGE('',*,*,#3796,.F.);
#1037=ORIENTED_EDGE('',*,*,#3815,.F.);
#1038=ORIENTED_EDGE('',*,*,#3823,.F.);
#1039=ORIENTED_EDGE('',*,*,#3819,.F.);
#1040=ORIENTED_EDGE('',*,*,#3824,.F.);
#1041=ORIENTED_EDGE('',*,*,#3773,.F.);
#1042=ORIENTED_EDGE('',*,*,#3825,.T.);
#1043=ORIENTED_EDGE('',*,*,#3826,.T.);
#1044=ORIENTED_EDGE('',*,*,#3827,.T.);
#1045=ORIENTED_EDGE('',*,*,#3828,.T.);
#1046=ORIENTED_EDGE('',*,*,#3829,.T.);
#1047=ORIENTED_EDGE('',*,*,#3775,.T.);
#1048=ORIENTED_EDGE('',*,*,#3830,.T.);
#1049=ORIENTED_EDGE('',*,*,#3831,.T.);
#1050=ORIENTED_EDGE('',*,*,#3832,.T.);
#1051=ORIENTED_EDGE('',*,*,#3769,.T.);
#1052=ORIENTED_EDGE('',*,*,#3833,.T.);
#1053=ORIENTED_EDGE('',*,*,#3771,.F.);
#1054=ORIENTED_EDGE('',*,*,#3834,.T.);
#1055=ORIENTED_EDGE('',*,*,#3835,.T.);
#1056=ORIENTED_EDGE('',*,*,#3836,.T.);
#1057=ORIENTED_EDGE('',*,*,#3837,.T.);
#1058=ORIENTED_EDGE('',*,*,#3838,.F.);
#1059=ORIENTED_EDGE('',*,*,#3839,.F.);
#1060=ORIENTED_EDGE('',*,*,#3840,.T.);
#1061=ORIENTED_EDGE('',*,*,#3841,.F.);
#1062=ORIENTED_EDGE('',*,*,#3840,.F.);
#1063=ORIENTED_EDGE('',*,*,#3842,.T.);
#1064=ORIENTED_EDGE('',*,*,#3843,.T.);
#1065=ORIENTED_EDGE('',*,*,#3844,.F.);
#1066=ORIENTED_EDGE('',*,*,#3843,.F.);
#1067=ORIENTED_EDGE('',*,*,#3845,.T.);
#1068=ORIENTED_EDGE('',*,*,#3846,.T.);
#1069=ORIENTED_EDGE('',*,*,#3847,.T.);
#1070=ORIENTED_EDGE('',*,*,#3846,.F.);
#1071=ORIENTED_EDGE('',*,*,#3848,.F.);
#1072=ORIENTED_EDGE('',*,*,#3838,.T.);
#1073=ORIENTED_EDGE('',*,*,#3849,.F.);
#1074=ORIENTED_EDGE('',*,*,#3850,.F.);
#1075=ORIENTED_EDGE('',*,*,#3851,.F.);
#1076=ORIENTED_EDGE('',*,*,#3852,.F.);
#1077=ORIENTED_EDGE('',*,*,#3839,.T.);
#1078=ORIENTED_EDGE('',*,*,#3848,.T.);
#1079=ORIENTED_EDGE('',*,*,#3845,.F.);
#1080=ORIENTED_EDGE('',*,*,#3842,.F.);
#1081=ORIENTED_EDGE('',*,*,#3853,.F.);
#1082=ORIENTED_EDGE('',*,*,#3854,.T.);
#1083=ORIENTED_EDGE('',*,*,#3855,.T.);
#1084=ORIENTED_EDGE('',*,*,#3856,.F.);
#1085=ORIENTED_EDGE('',*,*,#3857,.F.);
#1086=ORIENTED_EDGE('',*,*,#3858,.F.);
#1087=ORIENTED_EDGE('',*,*,#3859,.T.);
#1088=ORIENTED_EDGE('',*,*,#3860,.T.);
#1089=ORIENTED_EDGE('',*,*,#3861,.T.);
#1090=ORIENTED_EDGE('',*,*,#3862,.F.);
#1091=ORIENTED_EDGE('',*,*,#3855,.F.);
#1092=ORIENTED_EDGE('',*,*,#3863,.T.);
#1093=ORIENTED_EDGE('',*,*,#3864,.F.);
#1094=ORIENTED_EDGE('',*,*,#3865,.T.);
#1095=ORIENTED_EDGE('',*,*,#3866,.T.);
#1096=ORIENTED_EDGE('',*,*,#3867,.T.);
#1097=ORIENTED_EDGE('',*,*,#3780,.F.);
#1098=ORIENTED_EDGE('',*,*,#3779,.F.);
#1099=ORIENTED_EDGE('',*,*,#3778,.F.);
#1100=ORIENTED_EDGE('',*,*,#3777,.T.);
#1101=ORIENTED_EDGE('',*,*,#3784,.F.);
#1102=ORIENTED_EDGE('',*,*,#3868,.T.);
#1103=ORIENTED_EDGE('',*,*,#3869,.F.);
#1104=ORIENTED_EDGE('',*,*,#3870,.T.);
#1105=ORIENTED_EDGE('',*,*,#3864,.T.);
#1106=ORIENTED_EDGE('',*,*,#3871,.T.);
#1107=ORIENTED_EDGE('',*,*,#3872,.F.);
#1108=ORIENTED_EDGE('',*,*,#3873,.F.);
#1109=ORIENTED_EDGE('',*,*,#3869,.T.);
#1110=ORIENTED_EDGE('',*,*,#3874,.T.);
#1111=ORIENTED_EDGE('',*,*,#3853,.T.);
#1112=ORIENTED_EDGE('',*,*,#3875,.T.);
#1113=ORIENTED_EDGE('',*,*,#3876,.F.);
#1114=ORIENTED_EDGE('',*,*,#3877,.F.);
#1115=ORIENTED_EDGE('',*,*,#3876,.T.);
#1116=ORIENTED_EDGE('',*,*,#3878,.T.);
#1117=ORIENTED_EDGE('',*,*,#3861,.F.);
#1118=ORIENTED_EDGE('',*,*,#3879,.F.);
#1119=ORIENTED_EDGE('',*,*,#3865,.F.);
#1120=ORIENTED_EDGE('',*,*,#3870,.F.);
#1121=ORIENTED_EDGE('',*,*,#3877,.T.);
#1122=ORIENTED_EDGE('',*,*,#3879,.T.);
#1123=ORIENTED_EDGE('',*,*,#3872,.T.);
#1124=ORIENTED_EDGE('',*,*,#3880,.F.);
#1125=ORIENTED_EDGE('',*,*,#3881,.T.);
#1126=ORIENTED_EDGE('',*,*,#3882,.T.);
#1127=ORIENTED_EDGE('',*,*,#3860,.F.);
#1128=ORIENTED_EDGE('',*,*,#3883,.F.);
#1129=ORIENTED_EDGE('',*,*,#3884,.F.);
#1130=ORIENTED_EDGE('',*,*,#3885,.T.);
#1131=ORIENTED_EDGE('',*,*,#3866,.F.);
#1132=ORIENTED_EDGE('',*,*,#3886,.T.);
#1133=ORIENTED_EDGE('',*,*,#3858,.T.);
#1134=ORIENTED_EDGE('',*,*,#3887,.F.);
#1135=ORIENTED_EDGE('',*,*,#3883,.T.);
#1136=ORIENTED_EDGE('',*,*,#3859,.F.);
#1137=ORIENTED_EDGE('',*,*,#3886,.F.);
#1138=ORIENTED_EDGE('',*,*,#3873,.T.);
#1139=ORIENTED_EDGE('',*,*,#3888,.T.);
#1140=ORIENTED_EDGE('',*,*,#3863,.F.);
#1141=ORIENTED_EDGE('',*,*,#3889,.T.);
#1142=ORIENTED_EDGE('',*,*,#3880,.T.);
#1143=ORIENTED_EDGE('',*,*,#3871,.F.);
#1144=ORIENTED_EDGE('',*,*,#3890,.T.);
#1145=ORIENTED_EDGE('',*,*,#3891,.T.);
#1146=ORIENTED_EDGE('',*,*,#3892,.F.);
#1147=ORIENTED_EDGE('',*,*,#3893,.F.);
#1148=ORIENTED_EDGE('',*,*,#3894,.T.);
#1149=ORIENTED_EDGE('',*,*,#3785,.T.);
#1150=ORIENTED_EDGE('',*,*,#3888,.F.);
#1151=ORIENTED_EDGE('',*,*,#3786,.T.);
#1152=ORIENTED_EDGE('',*,*,#3890,.F.);
#1153=ORIENTED_EDGE('',*,*,#3891,.F.);
#1154=ORIENTED_EDGE('',*,*,#3895,.T.);
#1155=ORIENTED_EDGE('',*,*,#3862,.T.);
#1156=ORIENTED_EDGE('',*,*,#3878,.F.);
#1157=ORIENTED_EDGE('',*,*,#3875,.F.);
#1158=ORIENTED_EDGE('',*,*,#3856,.T.);
#1159=ORIENTED_EDGE('',*,*,#3892,.T.);
#1160=ORIENTED_EDGE('',*,*,#3896,.T.);
#1161=ORIENTED_EDGE('',*,*,#3882,.F.);
#1162=ORIENTED_EDGE('',*,*,#3897,.F.);
#1163=ORIENTED_EDGE('',*,*,#3887,.T.);
#1164=ORIENTED_EDGE('',*,*,#3857,.T.);
#1165=ORIENTED_EDGE('',*,*,#3896,.F.);
#1166=ORIENTED_EDGE('',*,*,#3895,.F.);
#1167=ORIENTED_EDGE('',*,*,#3893,.T.);
#1168=ORIENTED_EDGE('',*,*,#3898,.F.);
#1169=ORIENTED_EDGE('',*,*,#3881,.F.);
#1170=ORIENTED_EDGE('',*,*,#3899,.T.);
#1171=ORIENTED_EDGE('',*,*,#3884,.T.);
#1172=ORIENTED_EDGE('',*,*,#3897,.T.);
#1173=ORIENTED_EDGE('',*,*,#3894,.F.);
#1174=ORIENTED_EDGE('',*,*,#3900,.F.);
#1175=ORIENTED_EDGE('',*,*,#3900,.T.);
#1176=ORIENTED_EDGE('',*,*,#3898,.T.);
#1177=ORIENTED_EDGE('',*,*,#3868,.F.);
#1178=ORIENTED_EDGE('',*,*,#3783,.F.);
#1179=ORIENTED_EDGE('',*,*,#3901,.F.);
#1180=ORIENTED_EDGE('',*,*,#3874,.F.);
#1181=ORIENTED_EDGE('',*,*,#3901,.T.);
#1182=ORIENTED_EDGE('',*,*,#3782,.F.);
#1183=ORIENTED_EDGE('',*,*,#3902,.F.);
#1184=ORIENTED_EDGE('',*,*,#3899,.F.);
#1185=ORIENTED_EDGE('',*,*,#3889,.F.);
#1186=ORIENTED_EDGE('',*,*,#3854,.F.);
#1187=ORIENTED_EDGE('',*,*,#3902,.T.);
#1188=ORIENTED_EDGE('',*,*,#3781,.F.);
#1189=ORIENTED_EDGE('',*,*,#3867,.F.);
#1190=ORIENTED_EDGE('',*,*,#3885,.F.);
#1191=ORIENTED_EDGE('',*,*,#3903,.F.);
#1192=ORIENTED_EDGE('',*,*,#3830,.F.);
#1193=ORIENTED_EDGE('',*,*,#3774,.F.);
#1194=ORIENTED_EDGE('',*,*,#3827,.F.);
#1195=ORIENTED_EDGE('',*,*,#3904,.F.);
#1196=ORIENTED_EDGE('',*,*,#3903,.T.);
#1197=ORIENTED_EDGE('',*,*,#3905,.F.);
#1198=ORIENTED_EDGE('',*,*,#3772,.F.);
#1199=ORIENTED_EDGE('',*,*,#3836,.F.);
#1200=ORIENTED_EDGE('',*,*,#3906,.F.);
#1201=ORIENTED_EDGE('',*,*,#3825,.F.);
#1202=ORIENTED_EDGE('',*,*,#3905,.T.);
#1203=ORIENTED_EDGE('',*,*,#3826,.F.);
#1204=ORIENTED_EDGE('',*,*,#3907,.F.);
#1205=ORIENTED_EDGE('',*,*,#3837,.F.);
#1206=ORIENTED_EDGE('',*,*,#3904,.T.);
#1207=ORIENTED_EDGE('',*,*,#3841,.T.);
#1208=ORIENTED_EDGE('',*,*,#3908,.F.);
#1209=ORIENTED_EDGE('',*,*,#3828,.F.);
#1210=ORIENTED_EDGE('',*,*,#3776,.F.);
#1211=ORIENTED_EDGE('',*,*,#3829,.F.);
#1212=ORIENTED_EDGE('',*,*,#3909,.F.);
#1213=ORIENTED_EDGE('',*,*,#3833,.F.);
#1214=ORIENTED_EDGE('',*,*,#3907,.T.);
#1215=ORIENTED_EDGE('',*,*,#3906,.T.);
#1216=ORIENTED_EDGE('',*,*,#3910,.F.);
#1217=ORIENTED_EDGE('',*,*,#3909,.T.);
#1218=ORIENTED_EDGE('',*,*,#3908,.T.);
#1219=ORIENTED_EDGE('',*,*,#3911,.F.);
#1220=ORIENTED_EDGE('',*,*,#3910,.T.);
#1221=ORIENTED_EDGE('',*,*,#3835,.F.);
#1222=ORIENTED_EDGE('',*,*,#3912,.F.);
#1223=ORIENTED_EDGE('',*,*,#3847,.F.);
#1224=ORIENTED_EDGE('',*,*,#3911,.T.);
#1225=ORIENTED_EDGE('',*,*,#3844,.T.);
#1226=ORIENTED_EDGE('',*,*,#3913,.F.);
#1227=ORIENTED_EDGE('',*,*,#3831,.F.);
#1228=ORIENTED_EDGE('',*,*,#3913,.T.);
#1229=ORIENTED_EDGE('',*,*,#3912,.T.);
#1230=ORIENTED_EDGE('',*,*,#3914,.F.);
#1231=ORIENTED_EDGE('',*,*,#3770,.F.);
#1232=ORIENTED_EDGE('',*,*,#3832,.F.);
#1233=ORIENTED_EDGE('',*,*,#3914,.T.);
#1234=ORIENTED_EDGE('',*,*,#3834,.F.);
#1235=ORIENTED_EDGE('',*,*,#3705,.T.);
#1236=ORIENTED_EDGE('',*,*,#3724,.F.);
#1237=ORIENTED_EDGE('',*,*,#3915,.F.);
#1238=ORIENTED_EDGE('',*,*,#3729,.F.);
#1239=ORIENTED_EDGE('',*,*,#3767,.F.);
#1240=ORIENTED_EDGE('',*,*,#3730,.F.);
#1241=ORIENTED_EDGE('',*,*,#3916,.F.);
#1242=ORIENTED_EDGE('',*,*,#3732,.F.);
#1243=ORIENTED_EDGE('',*,*,#3916,.T.);
#1244=ORIENTED_EDGE('',*,*,#3915,.T.);
#1245=ORIENTED_EDGE('',*,*,#3917,.F.);
#1246=ORIENTED_EDGE('',*,*,#3917,.T.);
#1247=ORIENTED_EDGE('',*,*,#3723,.F.);
#1248=ORIENTED_EDGE('',*,*,#3918,.F.);
#1249=ORIENTED_EDGE('',*,*,#3733,.F.);
#1250=ORIENTED_EDGE('',*,*,#3768,.F.);
#1251=ORIENTED_EDGE('',*,*,#3734,.F.);
#1252=ORIENTED_EDGE('',*,*,#3919,.F.);
#1253=ORIENTED_EDGE('',*,*,#3720,.F.);
#1254=ORIENTED_EDGE('',*,*,#3919,.T.);
#1255=ORIENTED_EDGE('',*,*,#3918,.T.);
#1256=ORIENTED_EDGE('',*,*,#3920,.F.);
#1257=ORIENTED_EDGE('',*,*,#3920,.T.);
#1258=ORIENTED_EDGE('',*,*,#3722,.F.);
#1259=ORIENTED_EDGE('',*,*,#3712,.T.);
#1260=ORIENTED_EDGE('',*,*,#3718,.F.);
#1261=ORIENTED_EDGE('',*,*,#3765,.F.);
#1262=ORIENTED_EDGE('',*,*,#3802,.F.);
#1263=ORIENTED_EDGE('',*,*,#3921,.F.);
#1264=ORIENTED_EDGE('',*,*,#3800,.F.);
#1265=ORIENTED_EDGE('',*,*,#3694,.T.);
#1266=ORIENTED_EDGE('',*,*,#3799,.F.);
#1267=ORIENTED_EDGE('',*,*,#3922,.F.);
#1268=ORIENTED_EDGE('',*,*,#3798,.F.);
#1269=ORIENTED_EDGE('',*,*,#3922,.T.);
#1270=ORIENTED_EDGE('',*,*,#3921,.T.);
#1271=ORIENTED_EDGE('',*,*,#3923,.F.);
#1272=ORIENTED_EDGE('',*,*,#3763,.F.);
#1273=ORIENTED_EDGE('',*,*,#3791,.F.);
#1274=ORIENTED_EDGE('',*,*,#3924,.F.);
#1275=ORIENTED_EDGE('',*,*,#3803,.F.);
#1276=ORIENTED_EDGE('',*,*,#3923,.T.);
#1277=ORIENTED_EDGE('',*,*,#3801,.F.);
#1278=ORIENTED_EDGE('',*,*,#3925,.F.);
#1279=ORIENTED_EDGE('',*,*,#3792,.F.);
#1280=ORIENTED_EDGE('',*,*,#3925,.T.);
#1281=ORIENTED_EDGE('',*,*,#3924,.T.);
#1282=ORIENTED_EDGE('',*,*,#3926,.F.);
#1283=ORIENTED_EDGE('',*,*,#3926,.T.);
#1284=ORIENTED_EDGE('',*,*,#3790,.F.);
#1285=ORIENTED_EDGE('',*,*,#3699,.T.);
#1286=ORIENTED_EDGE('',*,*,#3793,.F.);
#1287=ORIENTED_EDGE('',*,*,#3927,.F.);
#1288=ORIENTED_EDGE('',*,*,#3852,.T.);
#1289=ORIENTED_EDGE('',*,*,#3927,.T.);
#1290=ORIENTED_EDGE('',*,*,#3928,.F.);
#1291=ORIENTED_EDGE('',*,*,#3851,.T.);
#1292=ORIENTED_EDGE('',*,*,#3928,.T.);
#1293=ORIENTED_EDGE('',*,*,#3929,.F.);
#1294=ORIENTED_EDGE('',*,*,#3850,.T.);
#1295=ORIENTED_EDGE('',*,*,#3929,.T.);
#1296=ORIENTED_EDGE('',*,*,#3930,.F.);
#1297=ORIENTED_EDGE('',*,*,#3849,.T.);
#1298=ORIENTED_EDGE('',*,*,#3930,.T.);
#1299=ORIENTED_EDGE('',*,*,#3931,.T.);
#1300=ORIENTED_EDGE('',*,*,#3932,.T.);
#1301=ORIENTED_EDGE('',*,*,#3933,.T.);
#1302=ORIENTED_EDGE('',*,*,#3934,.T.);
#1303=ORIENTED_EDGE('',*,*,#3931,.F.);
#1304=ORIENTED_EDGE('',*,*,#3933,.F.);
#1305=ORIENTED_EDGE('',*,*,#3934,.F.);
#1306=ORIENTED_EDGE('',*,*,#3932,.F.);
#1307=ORIENTED_EDGE('',*,*,#3935,.T.);
#1308=ORIENTED_EDGE('',*,*,#3936,.T.);
#1309=ORIENTED_EDGE('',*,*,#3937,.T.);
#1310=ORIENTED_EDGE('',*,*,#3938,.F.);
#1311=ORIENTED_EDGE('',*,*,#3939,.T.);
#1312=ORIENTED_EDGE('',*,*,#3940,.T.);
#1313=ORIENTED_EDGE('',*,*,#3941,.T.);
#1314=ORIENTED_EDGE('',*,*,#3942,.T.);
#1315=ORIENTED_EDGE('',*,*,#3943,.T.);
#1316=ORIENTED_EDGE('',*,*,#3944,.T.);
#1317=ORIENTED_EDGE('',*,*,#3945,.T.);
#1318=ORIENTED_EDGE('',*,*,#3946,.F.);
#1319=ORIENTED_EDGE('',*,*,#3947,.T.);
#1320=ORIENTED_EDGE('',*,*,#3948,.T.);
#1321=ORIENTED_EDGE('',*,*,#3949,.T.);
#1322=ORIENTED_EDGE('',*,*,#3950,.T.);
#1323=ORIENTED_EDGE('',*,*,#3951,.T.);
#1324=ORIENTED_EDGE('',*,*,#3952,.T.);
#1325=ORIENTED_EDGE('',*,*,#3953,.T.);
#1326=ORIENTED_EDGE('',*,*,#3954,.F.);
#1327=ORIENTED_EDGE('',*,*,#3955,.T.);
#1328=ORIENTED_EDGE('',*,*,#3956,.T.);
#1329=ORIENTED_EDGE('',*,*,#3957,.T.);
#1330=ORIENTED_EDGE('',*,*,#3958,.T.);
#1331=ORIENTED_EDGE('',*,*,#3959,.T.);
#1332=ORIENTED_EDGE('',*,*,#3960,.T.);
#1333=ORIENTED_EDGE('',*,*,#3961,.T.);
#1334=ORIENTED_EDGE('',*,*,#3962,.F.);
#1335=ORIENTED_EDGE('',*,*,#3963,.T.);
#1336=ORIENTED_EDGE('',*,*,#3964,.T.);
#1337=ORIENTED_EDGE('',*,*,#3965,.T.);
#1338=ORIENTED_EDGE('',*,*,#3966,.T.);
#1339=ORIENTED_EDGE('',*,*,#3967,.T.);
#1340=ORIENTED_EDGE('',*,*,#3968,.T.);
#1341=ORIENTED_EDGE('',*,*,#3969,.T.);
#1342=ORIENTED_EDGE('',*,*,#3970,.F.);
#1343=ORIENTED_EDGE('',*,*,#3971,.T.);
#1344=ORIENTED_EDGE('',*,*,#3972,.T.);
#1345=ORIENTED_EDGE('',*,*,#3973,.T.);
#1346=ORIENTED_EDGE('',*,*,#3974,.T.);
#1347=ORIENTED_EDGE('',*,*,#3975,.F.);
#1348=ORIENTED_EDGE('',*,*,#3976,.T.);
#1349=ORIENTED_EDGE('',*,*,#3960,.F.);
#1350=ORIENTED_EDGE('',*,*,#3977,.T.);
#1351=ORIENTED_EDGE('',*,*,#3978,.F.);
#1352=ORIENTED_EDGE('',*,*,#3979,.T.);
#1353=ORIENTED_EDGE('',*,*,#3980,.T.);
#1354=ORIENTED_EDGE('',*,*,#3952,.F.);
#1355=ORIENTED_EDGE('',*,*,#3981,.T.);
#1356=ORIENTED_EDGE('',*,*,#3982,.F.);
#1357=ORIENTED_EDGE('',*,*,#3983,.T.);
#1358=ORIENTED_EDGE('',*,*,#3944,.F.);
#1359=ORIENTED_EDGE('',*,*,#3984,.T.);
#1360=ORIENTED_EDGE('',*,*,#3985,.F.);
#1361=ORIENTED_EDGE('',*,*,#3986,.T.);
#1362=ORIENTED_EDGE('',*,*,#3936,.F.);
#1363=ORIENTED_EDGE('',*,*,#3987,.T.);
#1364=ORIENTED_EDGE('',*,*,#3988,.F.);
#1365=ORIENTED_EDGE('',*,*,#3989,.T.);
#1366=ORIENTED_EDGE('',*,*,#3968,.F.);
#1367=ORIENTED_EDGE('',*,*,#3990,.T.);
#1368=ORIENTED_EDGE('',*,*,#3991,.T.);
#1369=ORIENTED_EDGE('',*,*,#3992,.T.);
#1370=ORIENTED_EDGE('',*,*,#3993,.F.);
#1371=ORIENTED_EDGE('',*,*,#3994,.F.);
#1372=ORIENTED_EDGE('',*,*,#3995,.T.);
#1373=ORIENTED_EDGE('',*,*,#3996,.F.);
#1374=ORIENTED_EDGE('',*,*,#3997,.F.);
#1375=ORIENTED_EDGE('',*,*,#3998,.T.);
#1376=ORIENTED_EDGE('',*,*,#3993,.T.);
#1377=ORIENTED_EDGE('',*,*,#3999,.F.);
#1378=ORIENTED_EDGE('',*,*,#4000,.F.);
#1379=ORIENTED_EDGE('',*,*,#4001,.T.);
#1380=ORIENTED_EDGE('',*,*,#3997,.T.);
#1381=ORIENTED_EDGE('',*,*,#4002,.F.);
#1382=ORIENTED_EDGE('',*,*,#3995,.F.);
#1383=ORIENTED_EDGE('',*,*,#4003,.T.);
#1384=ORIENTED_EDGE('',*,*,#4000,.T.);
#1385=ORIENTED_EDGE('',*,*,#3994,.T.);
#1386=ORIENTED_EDGE('',*,*,#3998,.F.);
#1387=ORIENTED_EDGE('',*,*,#4001,.F.);
#1388=ORIENTED_EDGE('',*,*,#4003,.F.);
#1389=ORIENTED_EDGE('',*,*,#3975,.T.);
#1390=ORIENTED_EDGE('',*,*,#3992,.F.);
#1391=ORIENTED_EDGE('',*,*,#4002,.T.);
#1392=ORIENTED_EDGE('',*,*,#3999,.T.);
#1393=ORIENTED_EDGE('',*,*,#3996,.T.);
#1394=ORIENTED_EDGE('',*,*,#3938,.T.);
#1395=ORIENTED_EDGE('',*,*,#4004,.T.);
#1396=ORIENTED_EDGE('',*,*,#4005,.F.);
#1397=ORIENTED_EDGE('',*,*,#4006,.T.);
#1398=ORIENTED_EDGE('',*,*,#3942,.F.);
#1399=ORIENTED_EDGE('',*,*,#4007,.T.);
#1400=ORIENTED_EDGE('',*,*,#4008,.T.);
#1401=ORIENTED_EDGE('',*,*,#4009,.T.);
#1402=ORIENTED_EDGE('',*,*,#4010,.T.);
#1403=ORIENTED_EDGE('',*,*,#4011,.T.);
#1404=ORIENTED_EDGE('',*,*,#3940,.F.);
#1405=ORIENTED_EDGE('',*,*,#4012,.T.);
#1406=ORIENTED_EDGE('',*,*,#3941,.F.);
#1407=ORIENTED_EDGE('',*,*,#4011,.F.);
#1408=ORIENTED_EDGE('',*,*,#4013,.F.);
#1409=ORIENTED_EDGE('',*,*,#4007,.F.);
#1410=ORIENTED_EDGE('',*,*,#3943,.F.);
#1411=ORIENTED_EDGE('',*,*,#4009,.F.);
#1412=ORIENTED_EDGE('',*,*,#4014,.F.);
#1413=ORIENTED_EDGE('',*,*,#3984,.F.);
#1414=ORIENTED_EDGE('',*,*,#3937,.F.);
#1415=ORIENTED_EDGE('',*,*,#3986,.F.);
#1416=ORIENTED_EDGE('',*,*,#4015,.F.);
#1417=ORIENTED_EDGE('',*,*,#4004,.F.);
#1418=ORIENTED_EDGE('',*,*,#3939,.F.);
#1419=ORIENTED_EDGE('',*,*,#4006,.F.);
#1420=ORIENTED_EDGE('',*,*,#4016,.F.);
#1421=ORIENTED_EDGE('',*,*,#4012,.F.);
#1422=ORIENTED_EDGE('',*,*,#4008,.F.);
#1423=ORIENTED_EDGE('',*,*,#4013,.T.);
#1424=ORIENTED_EDGE('',*,*,#4017,.T.);
#1425=ORIENTED_EDGE('',*,*,#4018,.T.);
#1426=ORIENTED_EDGE('',*,*,#4019,.T.);
#1427=ORIENTED_EDGE('',*,*,#4020,.T.);
#1428=ORIENTED_EDGE('',*,*,#4021,.T.);
#1429=ORIENTED_EDGE('',*,*,#4014,.T.);
#1430=ORIENTED_EDGE('',*,*,#4005,.T.);
#1431=ORIENTED_EDGE('',*,*,#4015,.T.);
#1432=ORIENTED_EDGE('',*,*,#4022,.T.);
#1433=ORIENTED_EDGE('',*,*,#4023,.T.);
#1434=ORIENTED_EDGE('',*,*,#4024,.F.);
#1435=ORIENTED_EDGE('',*,*,#4025,.T.);
#1436=ORIENTED_EDGE('',*,*,#4026,.T.);
#1437=ORIENTED_EDGE('',*,*,#4016,.T.);
#1438=ORIENTED_EDGE('',*,*,#3970,.T.);
#1439=ORIENTED_EDGE('',*,*,#4027,.T.);
#1440=ORIENTED_EDGE('',*,*,#4028,.F.);
#1441=ORIENTED_EDGE('',*,*,#4029,.T.);
#1442=ORIENTED_EDGE('',*,*,#3974,.F.);
#1443=ORIENTED_EDGE('',*,*,#4030,.T.);
#1444=ORIENTED_EDGE('',*,*,#4024,.T.);
#1445=ORIENTED_EDGE('',*,*,#4031,.T.);
#1446=ORIENTED_EDGE('',*,*,#4032,.T.);
#1447=ORIENTED_EDGE('',*,*,#4033,.T.);
#1448=ORIENTED_EDGE('',*,*,#3972,.F.);
#1449=ORIENTED_EDGE('',*,*,#4034,.T.);
#1450=ORIENTED_EDGE('',*,*,#3973,.F.);
#1451=ORIENTED_EDGE('',*,*,#4033,.F.);
#1452=ORIENTED_EDGE('',*,*,#4025,.F.);
#1453=ORIENTED_EDGE('',*,*,#4030,.F.);
#1454=ORIENTED_EDGE('',*,*,#3935,.F.);
#1455=ORIENTED_EDGE('',*,*,#4031,.F.);
#1456=ORIENTED_EDGE('',*,*,#4023,.F.);
#1457=ORIENTED_EDGE('',*,*,#3987,.F.);
#1458=ORIENTED_EDGE('',*,*,#3969,.F.);
#1459=ORIENTED_EDGE('',*,*,#3989,.F.);
#1460=ORIENTED_EDGE('',*,*,#4035,.F.);
#1461=ORIENTED_EDGE('',*,*,#4027,.F.);
#1462=ORIENTED_EDGE('',*,*,#3971,.F.);
#1463=ORIENTED_EDGE('',*,*,#4029,.F.);
#1464=ORIENTED_EDGE('',*,*,#4036,.F.);
#1465=ORIENTED_EDGE('',*,*,#4034,.F.);
#1466=ORIENTED_EDGE('',*,*,#4028,.T.);
#1467=ORIENTED_EDGE('',*,*,#4035,.T.);
#1468=ORIENTED_EDGE('',*,*,#4037,.T.);
#1469=ORIENTED_EDGE('',*,*,#4038,.T.);
#1470=ORIENTED_EDGE('',*,*,#4039,.F.);
#1471=ORIENTED_EDGE('',*,*,#4040,.T.);
#1472=ORIENTED_EDGE('',*,*,#4041,.T.);
#1473=ORIENTED_EDGE('',*,*,#4036,.T.);
#1474=ORIENTED_EDGE('',*,*,#4019,.F.);
#1475=ORIENTED_EDGE('',*,*,#4042,.T.);
#1476=ORIENTED_EDGE('',*,*,#3946,.T.);
#1477=ORIENTED_EDGE('',*,*,#4043,.T.);
#1478=ORIENTED_EDGE('',*,*,#3950,.F.);
#1479=ORIENTED_EDGE('',*,*,#4044,.T.);
#1480=ORIENTED_EDGE('',*,*,#4045,.T.);
#1481=ORIENTED_EDGE('',*,*,#4046,.T.);
#1482=ORIENTED_EDGE('',*,*,#3948,.F.);
#1483=ORIENTED_EDGE('',*,*,#4047,.T.);
#1484=ORIENTED_EDGE('',*,*,#4048,.T.);
#1485=ORIENTED_EDGE('',*,*,#4049,.T.);
#1486=ORIENTED_EDGE('',*,*,#3947,.F.);
#1487=ORIENTED_EDGE('',*,*,#4042,.F.);
#1488=ORIENTED_EDGE('',*,*,#4018,.F.);
#1489=ORIENTED_EDGE('',*,*,#4047,.F.);
#1490=ORIENTED_EDGE('',*,*,#3949,.F.);
#1491=ORIENTED_EDGE('',*,*,#4049,.F.);
#1492=ORIENTED_EDGE('',*,*,#4050,.F.);
#1493=ORIENTED_EDGE('',*,*,#4044,.F.);
#1494=ORIENTED_EDGE('',*,*,#3951,.F.);
#1495=ORIENTED_EDGE('',*,*,#4046,.F.);
#1496=ORIENTED_EDGE('',*,*,#4051,.F.);
#1497=ORIENTED_EDGE('',*,*,#3981,.F.);
#1498=ORIENTED_EDGE('',*,*,#3945,.F.);
#1499=ORIENTED_EDGE('',*,*,#3983,.F.);
#1500=ORIENTED_EDGE('',*,*,#4020,.F.);
#1501=ORIENTED_EDGE('',*,*,#4043,.F.);
#1502=ORIENTED_EDGE('',*,*,#4045,.F.);
#1503=ORIENTED_EDGE('',*,*,#4050,.T.);
#1504=ORIENTED_EDGE('',*,*,#4052,.T.);
#1505=ORIENTED_EDGE('',*,*,#4053,.T.);
#1506=ORIENTED_EDGE('',*,*,#4054,.T.);
#1507=ORIENTED_EDGE('',*,*,#4051,.T.);
#1508=ORIENTED_EDGE('',*,*,#3954,.T.);
#1509=ORIENTED_EDGE('',*,*,#4055,.T.);
#1510=ORIENTED_EDGE('',*,*,#4056,.T.);
#1511=ORIENTED_EDGE('',*,*,#4057,.T.);
#1512=ORIENTED_EDGE('',*,*,#4058,.T.);
#1513=ORIENTED_EDGE('',*,*,#4059,.T.);
#1514=ORIENTED_EDGE('',*,*,#3958,.F.);
#1515=ORIENTED_EDGE('',*,*,#4060,.T.);
#1516=ORIENTED_EDGE('',*,*,#4061,.T.);
#1517=ORIENTED_EDGE('',*,*,#4062,.T.);
#1518=ORIENTED_EDGE('',*,*,#3956,.F.);
#1519=ORIENTED_EDGE('',*,*,#4063,.T.);
#1520=ORIENTED_EDGE('',*,*,#4064,.T.);
#1521=ORIENTED_EDGE('',*,*,#3955,.F.);
#1522=ORIENTED_EDGE('',*,*,#4057,.F.);
#1523=ORIENTED_EDGE('',*,*,#4065,.F.);
#1524=ORIENTED_EDGE('',*,*,#4063,.F.);
#1525=ORIENTED_EDGE('',*,*,#3953,.F.);
#1526=ORIENTED_EDGE('',*,*,#3980,.F.);
#1527=ORIENTED_EDGE('',*,*,#4066,.F.);
#1528=ORIENTED_EDGE('',*,*,#4055,.F.);
#1529=ORIENTED_EDGE('',*,*,#4065,.T.);
#1530=ORIENTED_EDGE('',*,*,#4056,.F.);
#1531=ORIENTED_EDGE('',*,*,#4066,.T.);
#1532=ORIENTED_EDGE('',*,*,#3979,.F.);
#1533=ORIENTED_EDGE('',*,*,#4053,.F.);
#1534=ORIENTED_EDGE('',*,*,#4064,.F.);
#1535=ORIENTED_EDGE('',*,*,#3959,.F.);
#1536=ORIENTED_EDGE('',*,*,#4059,.F.);
#1537=ORIENTED_EDGE('',*,*,#4067,.F.);
#1538=ORIENTED_EDGE('',*,*,#3977,.F.);
#1539=ORIENTED_EDGE('',*,*,#3957,.F.);
#1540=ORIENTED_EDGE('',*,*,#4062,.F.);
#1541=ORIENTED_EDGE('',*,*,#4068,.F.);
#1542=ORIENTED_EDGE('',*,*,#4060,.F.);
#1543=ORIENTED_EDGE('',*,*,#4069,.T.);
#1544=ORIENTED_EDGE('',*,*,#4067,.T.);
#1545=ORIENTED_EDGE('',*,*,#4058,.F.);
#1546=ORIENTED_EDGE('',*,*,#4068,.T.);
#1547=ORIENTED_EDGE('',*,*,#4070,.T.);
#1548=ORIENTED_EDGE('',*,*,#4071,.T.);
#1549=ORIENTED_EDGE('',*,*,#4072,.T.);
#1550=ORIENTED_EDGE('',*,*,#4073,.T.);
#1551=ORIENTED_EDGE('',*,*,#4072,.F.);
#1552=ORIENTED_EDGE('',*,*,#4074,.T.);
#1553=ORIENTED_EDGE('',*,*,#3962,.T.);
#1554=ORIENTED_EDGE('',*,*,#4075,.T.);
#1555=ORIENTED_EDGE('',*,*,#3966,.F.);
#1556=ORIENTED_EDGE('',*,*,#4076,.T.);
#1557=ORIENTED_EDGE('',*,*,#4039,.T.);
#1558=ORIENTED_EDGE('',*,*,#4077,.T.);
#1559=ORIENTED_EDGE('',*,*,#3964,.F.);
#1560=ORIENTED_EDGE('',*,*,#4078,.T.);
#1561=ORIENTED_EDGE('',*,*,#4079,.T.);
#1562=ORIENTED_EDGE('',*,*,#4080,.T.);
#1563=ORIENTED_EDGE('',*,*,#3963,.F.);
#1564=ORIENTED_EDGE('',*,*,#4074,.F.);
#1565=ORIENTED_EDGE('',*,*,#4071,.F.);
#1566=ORIENTED_EDGE('',*,*,#4078,.F.);
#1567=ORIENTED_EDGE('',*,*,#3965,.F.);
#1568=ORIENTED_EDGE('',*,*,#4080,.F.);
#1569=ORIENTED_EDGE('',*,*,#4040,.F.);
#1570=ORIENTED_EDGE('',*,*,#4076,.F.);
#1571=ORIENTED_EDGE('',*,*,#3967,.F.);
#1572=ORIENTED_EDGE('',*,*,#4077,.F.);
#1573=ORIENTED_EDGE('',*,*,#4038,.F.);
#1574=ORIENTED_EDGE('',*,*,#3990,.F.);
#1575=ORIENTED_EDGE('',*,*,#3961,.F.);
#1576=ORIENTED_EDGE('',*,*,#3976,.F.);
#1577=ORIENTED_EDGE('',*,*,#4073,.F.);
#1578=ORIENTED_EDGE('',*,*,#4075,.F.);
#1579=ORIENTED_EDGE('',*,*,#4081,.T.);
#1580=ORIENTED_EDGE('',*,*,#4082,.T.);
#1581=ORIENTED_EDGE('',*,*,#3991,.F.);
#1582=ORIENTED_EDGE('',*,*,#4037,.F.);
#1583=ORIENTED_EDGE('',*,*,#3988,.T.);
#1584=ORIENTED_EDGE('',*,*,#4022,.F.);
#1585=ORIENTED_EDGE('',*,*,#3985,.T.);
#1586=ORIENTED_EDGE('',*,*,#4021,.F.);
#1587=ORIENTED_EDGE('',*,*,#3982,.T.);
#1588=ORIENTED_EDGE('',*,*,#4054,.F.);
#1589=ORIENTED_EDGE('',*,*,#3978,.T.);
#1590=ORIENTED_EDGE('',*,*,#4069,.F.);
#1591=ORIENTED_EDGE('',*,*,#4081,.F.);
#1592=ORIENTED_EDGE('',*,*,#4082,.F.);
#1593=ORIENTED_EDGE('',*,*,#4079,.F.);
#1594=ORIENTED_EDGE('',*,*,#4070,.F.);
#1595=ORIENTED_EDGE('',*,*,#4061,.F.);
#1596=ORIENTED_EDGE('',*,*,#4052,.F.);
#1597=ORIENTED_EDGE('',*,*,#4048,.F.);
#1598=ORIENTED_EDGE('',*,*,#4017,.F.);
#1599=ORIENTED_EDGE('',*,*,#4010,.F.);
#1600=ORIENTED_EDGE('',*,*,#4026,.F.);
#1601=ORIENTED_EDGE('',*,*,#4032,.F.);
#1602=ORIENTED_EDGE('',*,*,#4041,.F.);
#1603=ORIENTED_EDGE('',*,*,#4083,.T.);
#1604=ORIENTED_EDGE('',*,*,#4084,.T.);
#1605=ORIENTED_EDGE('',*,*,#4085,.T.);
#1606=ORIENTED_EDGE('',*,*,#4086,.T.);
#1607=ORIENTED_EDGE('',*,*,#4083,.F.);
#1608=ORIENTED_EDGE('',*,*,#4085,.F.);
#1609=ORIENTED_EDGE('',*,*,#4086,.F.);
#1610=ORIENTED_EDGE('',*,*,#4084,.F.);
#1611=ORIENTED_EDGE('',*,*,#4087,.F.);
#1612=ORIENTED_EDGE('',*,*,#4088,.T.);
#1613=ORIENTED_EDGE('',*,*,#4089,.T.);
#1614=ORIENTED_EDGE('',*,*,#4090,.T.);
#1615=ORIENTED_EDGE('',*,*,#4091,.F.);
#1616=ORIENTED_EDGE('',*,*,#4092,.T.);
#1617=ORIENTED_EDGE('',*,*,#4093,.T.);
#1618=ORIENTED_EDGE('',*,*,#4094,.F.);
#1619=ORIENTED_EDGE('',*,*,#4095,.T.);
#1620=ORIENTED_EDGE('',*,*,#4096,.F.);
#1621=ORIENTED_EDGE('',*,*,#4097,.F.);
#1622=ORIENTED_EDGE('',*,*,#4094,.T.);
#1623=ORIENTED_EDGE('',*,*,#4098,.T.);
#1624=ORIENTED_EDGE('',*,*,#4099,.T.);
#1625=ORIENTED_EDGE('',*,*,#4100,.F.);
#1626=ORIENTED_EDGE('',*,*,#4096,.T.);
#1627=ORIENTED_EDGE('',*,*,#4101,.T.);
#1628=ORIENTED_EDGE('',*,*,#4102,.T.);
#1629=ORIENTED_EDGE('',*,*,#4103,.F.);
#1630=ORIENTED_EDGE('',*,*,#4104,.F.);
#1631=ORIENTED_EDGE('',*,*,#4105,.T.);
#1632=ORIENTED_EDGE('',*,*,#4106,.F.);
#1633=ORIENTED_EDGE('',*,*,#4107,.F.);
#1634=ORIENTED_EDGE('',*,*,#4104,.T.);
#1635=ORIENTED_EDGE('',*,*,#4108,.T.);
#1636=ORIENTED_EDGE('',*,*,#4109,.T.);
#1637=ORIENTED_EDGE('',*,*,#4110,.F.);
#1638=ORIENTED_EDGE('',*,*,#4106,.T.);
#1639=ORIENTED_EDGE('',*,*,#4111,.F.);
#1640=ORIENTED_EDGE('',*,*,#4112,.T.);
#1641=ORIENTED_EDGE('',*,*,#4113,.T.);
#1642=ORIENTED_EDGE('',*,*,#4114,.F.);
#1643=ORIENTED_EDGE('',*,*,#4115,.T.);
#1644=ORIENTED_EDGE('',*,*,#4116,.F.);
#1645=ORIENTED_EDGE('',*,*,#4117,.F.);
#1646=ORIENTED_EDGE('',*,*,#4114,.T.);
#1647=ORIENTED_EDGE('',*,*,#4118,.T.);
#1648=ORIENTED_EDGE('',*,*,#4119,.T.);
#1649=ORIENTED_EDGE('',*,*,#4120,.F.);
#1650=ORIENTED_EDGE('',*,*,#4116,.T.);
#1651=ORIENTED_EDGE('',*,*,#4121,.F.);
#1652=ORIENTED_EDGE('',*,*,#4122,.T.);
#1653=ORIENTED_EDGE('',*,*,#4123,.T.);
#1654=ORIENTED_EDGE('',*,*,#4124,.F.);
#1655=ORIENTED_EDGE('',*,*,#4125,.F.);
#1656=ORIENTED_EDGE('',*,*,#4126,.T.);
#1657=ORIENTED_EDGE('',*,*,#4127,.F.);
#1658=ORIENTED_EDGE('',*,*,#4090,.F.);
#1659=ORIENTED_EDGE('',*,*,#4128,.T.);
#1660=ORIENTED_EDGE('',*,*,#4124,.T.);
#1661=ORIENTED_EDGE('',*,*,#4129,.F.);
#1662=ORIENTED_EDGE('',*,*,#4126,.F.);
#1663=ORIENTED_EDGE('',*,*,#4120,.T.);
#1664=ORIENTED_EDGE('',*,*,#4130,.T.);
#1665=ORIENTED_EDGE('',*,*,#4121,.T.);
#1666=ORIENTED_EDGE('',*,*,#4128,.F.);
#1667=ORIENTED_EDGE('',*,*,#4089,.F.);
#1668=ORIENTED_EDGE('',*,*,#4131,.T.);
#1669=ORIENTED_EDGE('',*,*,#4091,.T.);
#1670=ORIENTED_EDGE('',*,*,#4097,.T.);
#1671=ORIENTED_EDGE('',*,*,#4100,.T.);
#1672=ORIENTED_EDGE('',*,*,#4132,.T.);
#1673=ORIENTED_EDGE('',*,*,#4101,.F.);
#1674=ORIENTED_EDGE('',*,*,#4107,.T.);
#1675=ORIENTED_EDGE('',*,*,#4110,.T.);
#1676=ORIENTED_EDGE('',*,*,#4133,.T.);
#1677=ORIENTED_EDGE('',*,*,#4111,.T.);
#1678=ORIENTED_EDGE('',*,*,#4117,.T.);
#1679=ORIENTED_EDGE('',*,*,#4134,.F.);
#1680=ORIENTED_EDGE('',*,*,#4135,.F.);
#1681=ORIENTED_EDGE('',*,*,#4123,.F.);
#1682=ORIENTED_EDGE('',*,*,#4136,.T.);
#1683=ORIENTED_EDGE('',*,*,#4118,.F.);
#1684=ORIENTED_EDGE('',*,*,#4115,.F.);
#1685=ORIENTED_EDGE('',*,*,#4113,.F.);
#1686=ORIENTED_EDGE('',*,*,#4137,.T.);
#1687=ORIENTED_EDGE('',*,*,#4108,.F.);
#1688=ORIENTED_EDGE('',*,*,#4105,.F.);
#1689=ORIENTED_EDGE('',*,*,#4103,.T.);
#1690=ORIENTED_EDGE('',*,*,#4138,.T.);
#1691=ORIENTED_EDGE('',*,*,#4098,.F.);
#1692=ORIENTED_EDGE('',*,*,#4095,.F.);
#1693=ORIENTED_EDGE('',*,*,#4093,.F.);
#1694=ORIENTED_EDGE('',*,*,#4139,.T.);
#1695=ORIENTED_EDGE('',*,*,#4087,.T.);
#1696=ORIENTED_EDGE('',*,*,#4127,.T.);
#1697=ORIENTED_EDGE('',*,*,#4125,.T.);
#1698=ORIENTED_EDGE('',*,*,#4129,.T.);
#1699=ORIENTED_EDGE('',*,*,#4140,.F.);
#1700=ORIENTED_EDGE('',*,*,#4140,.T.);
#1701=ORIENTED_EDGE('',*,*,#4132,.F.);
#1702=ORIENTED_EDGE('',*,*,#4099,.F.);
#1703=ORIENTED_EDGE('',*,*,#4138,.F.);
#1704=ORIENTED_EDGE('',*,*,#4102,.F.);
#1705=ORIENTED_EDGE('',*,*,#4131,.F.);
#1706=ORIENTED_EDGE('',*,*,#4088,.F.);
#1707=ORIENTED_EDGE('',*,*,#4139,.F.);
#1708=ORIENTED_EDGE('',*,*,#4092,.F.);
#1709=ORIENTED_EDGE('',*,*,#4130,.F.);
#1710=ORIENTED_EDGE('',*,*,#4119,.F.);
#1711=ORIENTED_EDGE('',*,*,#4136,.F.);
#1712=ORIENTED_EDGE('',*,*,#4122,.F.);
#1713=ORIENTED_EDGE('',*,*,#4133,.F.);
#1714=ORIENTED_EDGE('',*,*,#4109,.F.);
#1715=ORIENTED_EDGE('',*,*,#4137,.F.);
#1716=ORIENTED_EDGE('',*,*,#4112,.F.);
#1717=ORIENTED_EDGE('',*,*,#4141,.F.);
#1718=ORIENTED_EDGE('',*,*,#4135,.T.);
#1719=ORIENTED_EDGE('',*,*,#4141,.T.);
#1720=ORIENTED_EDGE('',*,*,#4142,.F.);
#1721=ORIENTED_EDGE('',*,*,#4134,.T.);
#1722=ORIENTED_EDGE('',*,*,#4142,.T.);
#1723=ORIENTED_EDGE('',*,*,#4143,.T.);
#1724=ORIENTED_EDGE('',*,*,#4144,.F.);
#1725=ORIENTED_EDGE('',*,*,#4145,.T.);
#1726=ORIENTED_EDGE('',*,*,#4146,.F.);
#1727=ORIENTED_EDGE('',*,*,#4147,.T.);
#1728=ORIENTED_EDGE('',*,*,#4148,.T.);
#1729=ORIENTED_EDGE('',*,*,#4149,.F.);
#1730=ORIENTED_EDGE('',*,*,#4150,.T.);
#1731=ORIENTED_EDGE('',*,*,#4151,.F.);
#1732=ORIENTED_EDGE('',*,*,#4152,.T.);
#1733=ORIENTED_EDGE('',*,*,#4153,.F.);
#1734=ORIENTED_EDGE('',*,*,#4154,.F.);
#1735=ORIENTED_EDGE('',*,*,#4155,.T.);
#1736=ORIENTED_EDGE('',*,*,#4156,.F.);
#1737=ORIENTED_EDGE('',*,*,#4157,.F.);
#1738=ORIENTED_EDGE('',*,*,#4143,.F.);
#1739=ORIENTED_EDGE('',*,*,#4158,.T.);
#1740=ORIENTED_EDGE('',*,*,#4159,.T.);
#1741=ORIENTED_EDGE('',*,*,#4160,.F.);
#1742=ORIENTED_EDGE('',*,*,#4161,.F.);
#1743=ORIENTED_EDGE('',*,*,#4162,.T.);
#1744=ORIENTED_EDGE('',*,*,#4163,.F.);
#1745=ORIENTED_EDGE('',*,*,#4164,.F.);
#1746=ORIENTED_EDGE('',*,*,#4165,.F.);
#1747=ORIENTED_EDGE('',*,*,#4166,.F.);
#1748=ORIENTED_EDGE('',*,*,#4167,.T.);
#1749=ORIENTED_EDGE('',*,*,#4147,.F.);
#1750=ORIENTED_EDGE('',*,*,#4168,.F.);
#1751=ORIENTED_EDGE('',*,*,#4169,.F.);
#1752=ORIENTED_EDGE('',*,*,#4158,.F.);
#1753=ORIENTED_EDGE('',*,*,#4165,.T.);
#1754=ORIENTED_EDGE('',*,*,#4170,.T.);
#1755=ORIENTED_EDGE('',*,*,#4171,.T.);
#1756=ORIENTED_EDGE('',*,*,#4172,.T.);
#1757=ORIENTED_EDGE('',*,*,#4173,.F.);
#1758=ORIENTED_EDGE('',*,*,#4174,.F.);
#1759=ORIENTED_EDGE('',*,*,#4175,.T.);
#1760=ORIENTED_EDGE('',*,*,#4176,.F.);
#1761=ORIENTED_EDGE('',*,*,#4157,.T.);
#1762=ORIENTED_EDGE('',*,*,#4177,.F.);
#1763=ORIENTED_EDGE('',*,*,#4178,.F.);
#1764=ORIENTED_EDGE('',*,*,#4179,.F.);
#1765=ORIENTED_EDGE('',*,*,#4180,.T.);
#1766=ORIENTED_EDGE('',*,*,#4144,.T.);
#1767=ORIENTED_EDGE('',*,*,#4181,.F.);
#1768=ORIENTED_EDGE('',*,*,#4182,.F.);
#1769=ORIENTED_EDGE('',*,*,#4159,.F.);
#1770=ORIENTED_EDGE('',*,*,#4169,.T.);
#1771=ORIENTED_EDGE('',*,*,#4183,.T.);
#1772=ORIENTED_EDGE('',*,*,#4184,.T.);
#1773=ORIENTED_EDGE('',*,*,#4185,.T.);
#1774=ORIENTED_EDGE('',*,*,#4152,.F.);
#1775=ORIENTED_EDGE('',*,*,#4153,.T.);
#1776=ORIENTED_EDGE('',*,*,#4185,.F.);
#1777=ORIENTED_EDGE('',*,*,#4186,.T.);
#1778=ORIENTED_EDGE('',*,*,#4187,.F.);
#1779=ORIENTED_EDGE('',*,*,#4188,.F.);
#1780=ORIENTED_EDGE('',*,*,#4189,.T.);
#1781=ORIENTED_EDGE('',*,*,#4168,.T.);
#1782=ORIENTED_EDGE('',*,*,#4146,.T.);
#1783=ORIENTED_EDGE('',*,*,#4190,.F.);
#1784=ORIENTED_EDGE('',*,*,#4183,.F.);
#1785=ORIENTED_EDGE('',*,*,#4176,.T.);
#1786=ORIENTED_EDGE('',*,*,#4191,.F.);
#1787=ORIENTED_EDGE('',*,*,#4192,.F.);
#1788=ORIENTED_EDGE('',*,*,#4166,.T.);
#1789=ORIENTED_EDGE('',*,*,#4177,.T.);
#1790=ORIENTED_EDGE('',*,*,#4156,.T.);
#1791=ORIENTED_EDGE('',*,*,#4193,.T.);
#1792=ORIENTED_EDGE('',*,*,#4194,.F.);
#1793=ORIENTED_EDGE('',*,*,#4195,.F.);
#1794=ORIENTED_EDGE('',*,*,#4181,.T.);
#1795=ORIENTED_EDGE('',*,*,#4151,.T.);
#1796=ORIENTED_EDGE('',*,*,#4150,.F.);
#1797=ORIENTED_EDGE('',*,*,#4196,.F.);
#1798=ORIENTED_EDGE('',*,*,#4197,.F.);
#1799=ORIENTED_EDGE('',*,*,#4178,.T.);
#1800=ORIENTED_EDGE('',*,*,#4194,.T.);
#1801=ORIENTED_EDGE('',*,*,#4198,.T.);
#1802=ORIENTED_EDGE('',*,*,#4188,.T.);
#1803=ORIENTED_EDGE('',*,*,#4199,.F.);
#1804=ORIENTED_EDGE('',*,*,#4200,.F.);
#1805=ORIENTED_EDGE('',*,*,#4201,.T.);
#1806=ORIENTED_EDGE('',*,*,#4162,.F.);
#1807=ORIENTED_EDGE('',*,*,#4202,.F.);
#1808=ORIENTED_EDGE('',*,*,#4171,.F.);
#1809=ORIENTED_EDGE('',*,*,#4145,.F.);
#1810=ORIENTED_EDGE('',*,*,#4180,.F.);
#1811=ORIENTED_EDGE('',*,*,#4203,.F.);
#1812=ORIENTED_EDGE('',*,*,#4204,.T.);
#1813=ORIENTED_EDGE('',*,*,#4205,.F.);
#1814=ORIENTED_EDGE('',*,*,#4186,.F.);
#1815=ORIENTED_EDGE('',*,*,#4184,.F.);
#1816=ORIENTED_EDGE('',*,*,#4190,.T.);
#1817=ORIENTED_EDGE('',*,*,#4192,.T.);
#1818=ORIENTED_EDGE('',*,*,#4206,.T.);
#1819=ORIENTED_EDGE('',*,*,#4207,.F.);
#1820=ORIENTED_EDGE('',*,*,#4208,.F.);
#1821=ORIENTED_EDGE('',*,*,#4148,.F.);
#1822=ORIENTED_EDGE('',*,*,#4167,.F.);
#1823=ORIENTED_EDGE('',*,*,#4163,.T.);
#1824=ORIENTED_EDGE('',*,*,#4201,.F.);
#1825=ORIENTED_EDGE('',*,*,#4170,.F.);
#1826=ORIENTED_EDGE('',*,*,#4164,.T.);
#1827=ORIENTED_EDGE('',*,*,#4209,.T.);
#1828=ORIENTED_EDGE('',*,*,#4200,.T.);
#1829=ORIENTED_EDGE('',*,*,#4210,.T.);
#1830=ORIENTED_EDGE('',*,*,#4204,.F.);
#1831=ORIENTED_EDGE('',*,*,#4211,.F.);
#1832=ORIENTED_EDGE('',*,*,#4196,.T.);
#1833=ORIENTED_EDGE('',*,*,#4193,.F.);
#1834=ORIENTED_EDGE('',*,*,#4155,.F.);
#1835=ORIENTED_EDGE('',*,*,#4175,.F.);
#1836=ORIENTED_EDGE('',*,*,#4212,.F.);
#1837=ORIENTED_EDGE('',*,*,#4206,.F.);
#1838=ORIENTED_EDGE('',*,*,#4191,.T.);
#1839=ORIENTED_EDGE('',*,*,#4149,.T.);
#1840=ORIENTED_EDGE('',*,*,#4208,.T.);
#1841=ORIENTED_EDGE('',*,*,#4213,.F.);
#1842=ORIENTED_EDGE('',*,*,#4173,.T.);
#1843=ORIENTED_EDGE('',*,*,#4214,.F.);
#1844=ORIENTED_EDGE('',*,*,#4160,.T.);
#1845=ORIENTED_EDGE('',*,*,#4182,.T.);
#1846=ORIENTED_EDGE('',*,*,#4195,.T.);
#1847=ORIENTED_EDGE('',*,*,#4174,.T.);
#1848=ORIENTED_EDGE('',*,*,#4213,.T.);
#1849=ORIENTED_EDGE('',*,*,#4207,.T.);
#1850=ORIENTED_EDGE('',*,*,#4212,.T.);
#1851=ORIENTED_EDGE('',*,*,#4211,.T.);
#1852=ORIENTED_EDGE('',*,*,#4203,.T.);
#1853=ORIENTED_EDGE('',*,*,#4179,.T.);
#1854=ORIENTED_EDGE('',*,*,#4197,.T.);
#1855=ORIENTED_EDGE('',*,*,#4199,.T.);
#1856=ORIENTED_EDGE('',*,*,#4187,.T.);
#1857=ORIENTED_EDGE('',*,*,#4205,.T.);
#1858=ORIENTED_EDGE('',*,*,#4210,.F.);
#1859=ORIENTED_EDGE('',*,*,#4202,.T.);
#1860=ORIENTED_EDGE('',*,*,#4161,.T.);
#1861=ORIENTED_EDGE('',*,*,#4214,.T.);
#1862=ORIENTED_EDGE('',*,*,#4172,.F.);
#1863=ORIENTED_EDGE('',*,*,#4198,.F.);
#1864=ORIENTED_EDGE('',*,*,#4209,.F.);
#1865=ORIENTED_EDGE('',*,*,#4154,.T.);
#1866=ORIENTED_EDGE('',*,*,#4189,.F.);
#1867=ORIENTED_EDGE('',*,*,#4215,.F.);
#1868=ORIENTED_EDGE('',*,*,#4216,.F.);
#1869=ORIENTED_EDGE('',*,*,#4217,.F.);
#1870=ORIENTED_EDGE('',*,*,#4218,.T.);
#1871=ORIENTED_EDGE('',*,*,#4219,.F.);
#1872=ORIENTED_EDGE('',*,*,#4220,.T.);
#1873=ORIENTED_EDGE('',*,*,#4221,.F.);
#1874=ORIENTED_EDGE('',*,*,#4216,.T.);
#1875=ORIENTED_EDGE('',*,*,#4222,.F.);
#1876=ORIENTED_EDGE('',*,*,#4223,.F.);
#1877=ORIENTED_EDGE('',*,*,#4224,.F.);
#1878=ORIENTED_EDGE('',*,*,#4225,.T.);
#1879=ORIENTED_EDGE('',*,*,#4226,.F.);
#1880=ORIENTED_EDGE('',*,*,#4227,.T.);
#1881=ORIENTED_EDGE('',*,*,#4228,.F.);
#1882=ORIENTED_EDGE('',*,*,#4223,.T.);
#1883=ORIENTED_EDGE('',*,*,#4229,.F.);
#1884=ORIENTED_EDGE('',*,*,#4230,.T.);
#1885=ORIENTED_EDGE('',*,*,#4231,.T.);
#1886=ORIENTED_EDGE('',*,*,#4225,.F.);
#1887=ORIENTED_EDGE('',*,*,#4232,.T.);
#1888=ORIENTED_EDGE('',*,*,#4233,.T.);
#1889=ORIENTED_EDGE('',*,*,#4234,.F.);
#1890=ORIENTED_EDGE('',*,*,#4235,.T.);
#1891=ORIENTED_EDGE('',*,*,#4236,.T.);
#1892=ORIENTED_EDGE('',*,*,#4237,.T.);
#1893=ORIENTED_EDGE('',*,*,#4238,.T.);
#1894=ORIENTED_EDGE('',*,*,#4239,.T.);
#1895=ORIENTED_EDGE('',*,*,#4234,.T.);
#1896=ORIENTED_EDGE('',*,*,#4240,.T.);
#1897=ORIENTED_EDGE('',*,*,#4241,.F.);
#1898=ORIENTED_EDGE('',*,*,#4242,.F.);
#1899=ORIENTED_EDGE('',*,*,#4243,.F.);
#1900=ORIENTED_EDGE('',*,*,#4244,.T.);
#1901=ORIENTED_EDGE('',*,*,#4245,.T.);
#1902=ORIENTED_EDGE('',*,*,#4218,.F.);
#1903=ORIENTED_EDGE('',*,*,#4241,.T.);
#1904=ORIENTED_EDGE('',*,*,#4246,.T.);
#1905=ORIENTED_EDGE('',*,*,#4247,.F.);
#1906=ORIENTED_EDGE('',*,*,#4248,.F.);
#1907=ORIENTED_EDGE('',*,*,#4249,.T.);
#1908=ORIENTED_EDGE('',*,*,#4250,.T.);
#1909=ORIENTED_EDGE('',*,*,#4251,.T.);
#1910=ORIENTED_EDGE('',*,*,#4252,.F.);
#1911=ORIENTED_EDGE('',*,*,#4253,.F.);
#1912=ORIENTED_EDGE('',*,*,#4254,.T.);
#1913=ORIENTED_EDGE('',*,*,#4247,.T.);
#1914=ORIENTED_EDGE('',*,*,#4255,.T.);
#1915=ORIENTED_EDGE('',*,*,#4232,.F.);
#1916=ORIENTED_EDGE('',*,*,#4256,.T.);
#1917=ORIENTED_EDGE('',*,*,#4257,.F.);
#1918=ORIENTED_EDGE('',*,*,#4254,.F.);
#1919=ORIENTED_EDGE('',*,*,#4221,.T.);
#1920=ORIENTED_EDGE('',*,*,#4258,.T.);
#1921=ORIENTED_EDGE('',*,*,#4248,.T.);
#1922=ORIENTED_EDGE('',*,*,#4256,.F.);
#1923=ORIENTED_EDGE('',*,*,#4239,.F.);
#1924=ORIENTED_EDGE('',*,*,#4259,.T.);
#1925=ORIENTED_EDGE('',*,*,#4229,.T.);
#1926=ORIENTED_EDGE('',*,*,#4224,.T.);
#1927=ORIENTED_EDGE('',*,*,#4228,.T.);
#1928=ORIENTED_EDGE('',*,*,#4260,.T.);
#1929=ORIENTED_EDGE('',*,*,#4235,.F.);
#1930=ORIENTED_EDGE('',*,*,#4242,.T.);
#1931=ORIENTED_EDGE('',*,*,#4252,.T.);
#1932=ORIENTED_EDGE('',*,*,#4261,.T.);
#1933=ORIENTED_EDGE('',*,*,#4243,.T.);
#1934=ORIENTED_EDGE('',*,*,#4217,.T.);
#1935=ORIENTED_EDGE('',*,*,#4262,.T.);
#1936=ORIENTED_EDGE('',*,*,#4263,.T.);
#1937=ORIENTED_EDGE('',*,*,#4264,.T.);
#1938=ORIENTED_EDGE('',*,*,#4265,.T.);
#1939=ORIENTED_EDGE('',*,*,#4253,.T.);
#1940=ORIENTED_EDGE('',*,*,#4257,.T.);
#1941=ORIENTED_EDGE('',*,*,#4266,.F.);
#1942=ORIENTED_EDGE('',*,*,#4266,.T.);
#1943=ORIENTED_EDGE('',*,*,#4222,.T.);
#1944=ORIENTED_EDGE('',*,*,#4231,.F.);
#1945=ORIENTED_EDGE('',*,*,#4267,.T.);
#1946=ORIENTED_EDGE('',*,*,#4237,.F.);
#1947=ORIENTED_EDGE('',*,*,#4268,.T.);
#1948=ORIENTED_EDGE('',*,*,#4226,.T.);
#1949=ORIENTED_EDGE('',*,*,#4260,.F.);
#1950=ORIENTED_EDGE('',*,*,#4227,.F.);
#1951=ORIENTED_EDGE('',*,*,#4268,.F.);
#1952=ORIENTED_EDGE('',*,*,#4236,.F.);
#1953=ORIENTED_EDGE('',*,*,#4259,.F.);
#1954=ORIENTED_EDGE('',*,*,#4238,.F.);
#1955=ORIENTED_EDGE('',*,*,#4267,.F.);
#1956=ORIENTED_EDGE('',*,*,#4230,.F.);
#1957=ORIENTED_EDGE('',*,*,#4215,.T.);
#1958=ORIENTED_EDGE('',*,*,#4245,.F.);
#1959=ORIENTED_EDGE('',*,*,#4269,.T.);
#1960=ORIENTED_EDGE('',*,*,#4250,.F.);
#1961=ORIENTED_EDGE('',*,*,#4270,.T.);
#1962=ORIENTED_EDGE('',*,*,#4219,.T.);
#1963=ORIENTED_EDGE('',*,*,#4258,.F.);
#1964=ORIENTED_EDGE('',*,*,#4220,.F.);
#1965=ORIENTED_EDGE('',*,*,#4270,.F.);
#1966=ORIENTED_EDGE('',*,*,#4249,.F.);
#1967=ORIENTED_EDGE('',*,*,#4261,.F.);
#1968=ORIENTED_EDGE('',*,*,#4251,.F.);
#1969=ORIENTED_EDGE('',*,*,#4269,.F.);
#1970=ORIENTED_EDGE('',*,*,#4244,.F.);
#1971=ORIENTED_EDGE('',*,*,#4271,.F.);
#1972=ORIENTED_EDGE('',*,*,#4265,.F.);
#1973=ORIENTED_EDGE('',*,*,#4272,.F.);
#1974=ORIENTED_EDGE('',*,*,#4233,.F.);
#1975=ORIENTED_EDGE('',*,*,#4272,.T.);
#1976=ORIENTED_EDGE('',*,*,#4264,.F.);
#1977=ORIENTED_EDGE('',*,*,#4273,.F.);
#1978=ORIENTED_EDGE('',*,*,#4240,.F.);
#1979=ORIENTED_EDGE('',*,*,#4271,.T.);
#1980=ORIENTED_EDGE('',*,*,#4255,.F.);
#1981=ORIENTED_EDGE('',*,*,#4274,.F.);
#1982=ORIENTED_EDGE('',*,*,#4262,.F.);
#1983=ORIENTED_EDGE('',*,*,#4273,.T.);
#1984=ORIENTED_EDGE('',*,*,#4263,.F.);
#1985=ORIENTED_EDGE('',*,*,#4274,.T.);
#1986=ORIENTED_EDGE('',*,*,#4246,.F.);
#1987=ORIENTED_EDGE('',*,*,#4275,.T.);
#1988=ORIENTED_EDGE('',*,*,#4276,.T.);
#1989=ORIENTED_EDGE('',*,*,#4277,.T.);
#1990=ORIENTED_EDGE('',*,*,#4278,.T.);
#1991=ORIENTED_EDGE('',*,*,#4279,.T.);
#1992=ORIENTED_EDGE('',*,*,#4280,.T.);
#1993=ORIENTED_EDGE('',*,*,#4281,.T.);
#1994=ORIENTED_EDGE('',*,*,#4282,.T.);
#1995=ORIENTED_EDGE('',*,*,#4283,.T.);
#1996=ORIENTED_EDGE('',*,*,#4284,.T.);
#1997=ORIENTED_EDGE('',*,*,#4285,.T.);
#1998=ORIENTED_EDGE('',*,*,#4286,.T.);
#1999=ORIENTED_EDGE('',*,*,#4287,.T.);
#2000=ORIENTED_EDGE('',*,*,#4288,.F.);
#2001=ORIENTED_EDGE('',*,*,#4289,.T.);
#2002=ORIENTED_EDGE('',*,*,#4288,.T.);
#2003=ORIENTED_EDGE('',*,*,#4290,.F.);
#2004=ORIENTED_EDGE('',*,*,#4291,.F.);
#2005=ORIENTED_EDGE('',*,*,#4292,.T.);
#2006=ORIENTED_EDGE('',*,*,#4293,.F.);
#2007=ORIENTED_EDGE('',*,*,#4294,.T.);
#2008=ORIENTED_EDGE('',*,*,#4295,.T.);
#2009=ORIENTED_EDGE('',*,*,#4296,.T.);
#2010=ORIENTED_EDGE('',*,*,#4297,.F.);
#2011=ORIENTED_EDGE('',*,*,#4278,.F.);
#2012=ORIENTED_EDGE('',*,*,#4298,.T.);
#2013=ORIENTED_EDGE('',*,*,#4299,.T.);
#2014=ORIENTED_EDGE('',*,*,#4300,.F.);
#2015=ORIENTED_EDGE('',*,*,#4289,.F.);
#2016=ORIENTED_EDGE('',*,*,#4301,.F.);
#2017=ORIENTED_EDGE('',*,*,#4294,.F.);
#2018=ORIENTED_EDGE('',*,*,#4302,.F.);
#2019=ORIENTED_EDGE('',*,*,#4303,.T.);
#2020=ORIENTED_EDGE('',*,*,#4304,.F.);
#2021=ORIENTED_EDGE('',*,*,#4305,.F.);
#2022=ORIENTED_EDGE('',*,*,#4283,.F.);
#2023=ORIENTED_EDGE('',*,*,#4304,.T.);
#2024=ORIENTED_EDGE('',*,*,#4306,.T.);
#2025=ORIENTED_EDGE('',*,*,#4307,.T.);
#2026=ORIENTED_EDGE('',*,*,#4308,.F.);
#2027=ORIENTED_EDGE('',*,*,#4309,.T.);
#2028=ORIENTED_EDGE('',*,*,#4310,.F.);
#2029=ORIENTED_EDGE('',*,*,#4305,.T.);
#2030=ORIENTED_EDGE('',*,*,#4310,.T.);
#2031=ORIENTED_EDGE('',*,*,#4311,.F.);
#2032=ORIENTED_EDGE('',*,*,#4284,.F.);
#2033=ORIENTED_EDGE('',*,*,#4300,.T.);
#2034=ORIENTED_EDGE('',*,*,#4312,.F.);
#2035=ORIENTED_EDGE('',*,*,#4313,.F.);
#2036=ORIENTED_EDGE('',*,*,#4302,.T.);
#2037=ORIENTED_EDGE('',*,*,#4314,.T.);
#2038=ORIENTED_EDGE('',*,*,#4292,.F.);
#2039=ORIENTED_EDGE('',*,*,#4315,.F.);
#2040=ORIENTED_EDGE('',*,*,#4296,.F.);
#2041=ORIENTED_EDGE('',*,*,#4309,.F.);
#2042=ORIENTED_EDGE('',*,*,#4316,.F.);
#2043=ORIENTED_EDGE('',*,*,#4317,.F.);
#2044=ORIENTED_EDGE('',*,*,#4318,.T.);
#2045=ORIENTED_EDGE('',*,*,#4319,.F.);
#2046=ORIENTED_EDGE('',*,*,#4320,.F.);
#2047=ORIENTED_EDGE('',*,*,#4285,.F.);
#2048=ORIENTED_EDGE('',*,*,#4311,.T.);
#2049=ORIENTED_EDGE('',*,*,#4321,.T.);
#2050=ORIENTED_EDGE('',*,*,#4286,.F.);
#2051=ORIENTED_EDGE('',*,*,#4320,.T.);
#2052=ORIENTED_EDGE('',*,*,#4322,.F.);
#2053=ORIENTED_EDGE('',*,*,#4313,.T.);
#2054=ORIENTED_EDGE('',*,*,#4323,.T.);
#2055=ORIENTED_EDGE('',*,*,#4324,.F.);
#2056=ORIENTED_EDGE('',*,*,#4325,.T.);
#2057=ORIENTED_EDGE('',*,*,#4306,.F.);
#2058=ORIENTED_EDGE('',*,*,#4303,.F.);
#2059=ORIENTED_EDGE('',*,*,#4316,.T.);
#2060=ORIENTED_EDGE('',*,*,#4308,.T.);
#2061=ORIENTED_EDGE('',*,*,#4326,.T.);
#2062=ORIENTED_EDGE('',*,*,#4327,.F.);
#2063=ORIENTED_EDGE('',*,*,#4293,.T.);
#2064=ORIENTED_EDGE('',*,*,#4314,.F.);
#2065=ORIENTED_EDGE('',*,*,#4295,.F.);
#2066=ORIENTED_EDGE('',*,*,#4301,.T.);
#2067=ORIENTED_EDGE('',*,*,#4328,.T.);
#2068=ORIENTED_EDGE('',*,*,#4282,.F.);
#2069=ORIENTED_EDGE('',*,*,#4329,.F.);
#2070=ORIENTED_EDGE('',*,*,#4318,.F.);
#2071=ORIENTED_EDGE('',*,*,#4299,.F.);
#2072=ORIENTED_EDGE('',*,*,#4330,.F.);
#2073=ORIENTED_EDGE('',*,*,#4323,.F.);
#2074=ORIENTED_EDGE('',*,*,#4312,.T.);
#2075=ORIENTED_EDGE('',*,*,#4325,.F.);
#2076=ORIENTED_EDGE('',*,*,#4331,.F.);
#2077=ORIENTED_EDGE('',*,*,#4276,.F.);
#2078=ORIENTED_EDGE('',*,*,#4332,.F.);
#2079=ORIENTED_EDGE('',*,*,#4290,.T.);
#2080=ORIENTED_EDGE('',*,*,#4287,.F.);
#2081=ORIENTED_EDGE('',*,*,#4321,.F.);
#2082=ORIENTED_EDGE('',*,*,#4333,.F.);
#2083=ORIENTED_EDGE('',*,*,#4280,.F.);
#2084=ORIENTED_EDGE('',*,*,#4334,.F.);
#2085=ORIENTED_EDGE('',*,*,#4326,.F.);
#2086=ORIENTED_EDGE('',*,*,#4307,.F.);
#2087=ORIENTED_EDGE('',*,*,#4331,.T.);
#2088=ORIENTED_EDGE('',*,*,#4324,.T.);
#2089=ORIENTED_EDGE('',*,*,#4330,.T.);
#2090=ORIENTED_EDGE('',*,*,#4298,.F.);
#2091=ORIENTED_EDGE('',*,*,#4277,.F.);
#2092=ORIENTED_EDGE('',*,*,#4328,.F.);
#2093=ORIENTED_EDGE('',*,*,#4317,.T.);
#2094=ORIENTED_EDGE('',*,*,#4327,.T.);
#2095=ORIENTED_EDGE('',*,*,#4334,.T.);
#2096=ORIENTED_EDGE('',*,*,#4279,.F.);
#2097=ORIENTED_EDGE('',*,*,#4333,.T.);
#2098=ORIENTED_EDGE('',*,*,#4322,.T.);
#2099=ORIENTED_EDGE('',*,*,#4319,.T.);
#2100=ORIENTED_EDGE('',*,*,#4329,.T.);
#2101=ORIENTED_EDGE('',*,*,#4281,.F.);
#2102=ORIENTED_EDGE('',*,*,#4297,.T.);
#2103=ORIENTED_EDGE('',*,*,#4315,.T.);
#2104=ORIENTED_EDGE('',*,*,#4291,.T.);
#2105=ORIENTED_EDGE('',*,*,#4332,.T.);
#2106=ORIENTED_EDGE('',*,*,#4275,.F.);
#2107=ORIENTED_EDGE('',*,*,#4335,.F.);
#2108=ORIENTED_EDGE('',*,*,#4336,.F.);
#2109=ORIENTED_EDGE('',*,*,#4337,.F.);
#2110=ORIENTED_EDGE('',*,*,#4338,.F.);
#2111=ORIENTED_EDGE('',*,*,#4335,.T.);
#2112=ORIENTED_EDGE('',*,*,#4337,.T.);
#2113=ORIENTED_EDGE('',*,*,#4338,.T.);
#2114=ORIENTED_EDGE('',*,*,#4336,.T.);
#2115=ORIENTED_EDGE('',*,*,#4339,.F.);
#2116=ORIENTED_EDGE('',*,*,#4340,.F.);
#2117=ORIENTED_EDGE('',*,*,#4341,.F.);
#2118=ORIENTED_EDGE('',*,*,#4342,.F.);
#2119=ORIENTED_EDGE('',*,*,#4339,.T.);
#2120=ORIENTED_EDGE('',*,*,#4341,.T.);
#2121=ORIENTED_EDGE('',*,*,#4342,.T.);
#2122=ORIENTED_EDGE('',*,*,#4340,.T.);
#2123=ORIENTED_EDGE('',*,*,#4343,.T.);
#2124=ORIENTED_EDGE('',*,*,#4344,.T.);
#2125=ORIENTED_EDGE('',*,*,#4345,.T.);
#2126=ORIENTED_EDGE('',*,*,#4346,.T.);
#2127=ORIENTED_EDGE('',*,*,#4343,.F.);
#2128=ORIENTED_EDGE('',*,*,#4345,.F.);
#2129=ORIENTED_EDGE('',*,*,#4346,.F.);
#2130=ORIENTED_EDGE('',*,*,#4344,.F.);
#2131=ORIENTED_EDGE('',*,*,#4347,.F.);
#2132=ORIENTED_EDGE('',*,*,#4348,.F.);
#2133=ORIENTED_EDGE('',*,*,#4349,.T.);
#2134=ORIENTED_EDGE('',*,*,#4350,.T.);
#2135=ORIENTED_EDGE('',*,*,#4351,.T.);
#2136=ORIENTED_EDGE('',*,*,#4352,.F.);
#2137=ORIENTED_EDGE('',*,*,#4353,.F.);
#2138=ORIENTED_EDGE('',*,*,#4348,.T.);
#2139=ORIENTED_EDGE('',*,*,#4354,.T.);
#2140=ORIENTED_EDGE('',*,*,#4355,.F.);
#2141=ORIENTED_EDGE('',*,*,#4356,.F.);
#2142=ORIENTED_EDGE('',*,*,#4352,.T.);
#2143=ORIENTED_EDGE('',*,*,#4357,.F.);
#2144=ORIENTED_EDGE('',*,*,#4350,.F.);
#2145=ORIENTED_EDGE('',*,*,#4358,.T.);
#2146=ORIENTED_EDGE('',*,*,#4355,.T.);
#2147=ORIENTED_EDGE('',*,*,#4359,.F.);
#2148=ORIENTED_EDGE('',*,*,#4349,.F.);
#2149=ORIENTED_EDGE('',*,*,#4353,.T.);
#2150=ORIENTED_EDGE('',*,*,#4356,.T.);
#2151=ORIENTED_EDGE('',*,*,#4358,.F.);
#2152=ORIENTED_EDGE('',*,*,#4347,.T.);
#2153=ORIENTED_EDGE('',*,*,#4357,.T.);
#2154=ORIENTED_EDGE('',*,*,#4354,.F.);
#2155=ORIENTED_EDGE('',*,*,#4351,.F.);
#2156=ORIENTED_EDGE('',*,*,#4360,.F.);
#2157=ORIENTED_EDGE('',*,*,#4359,.T.);
#2158=ORIENTED_EDGE('',*,*,#4360,.T.);
#2159=ORIENTED_EDGE('',*,*,#4361,.T.);
#2160=ORIENTED_EDGE('',*,*,#4362,.F.);
#2161=ORIENTED_EDGE('',*,*,#4363,.F.);
#2162=ORIENTED_EDGE('',*,*,#4364,.T.);
#2163=ORIENTED_EDGE('',*,*,#4365,.F.);
#2164=ORIENTED_EDGE('',*,*,#4364,.F.);
#2165=ORIENTED_EDGE('',*,*,#4366,.T.);
#2166=ORIENTED_EDGE('',*,*,#4367,.T.);
#2167=ORIENTED_EDGE('',*,*,#4368,.F.);
#2168=ORIENTED_EDGE('',*,*,#4367,.F.);
#2169=ORIENTED_EDGE('',*,*,#4369,.T.);
#2170=ORIENTED_EDGE('',*,*,#4370,.T.);
#2171=ORIENTED_EDGE('',*,*,#4371,.T.);
#2172=ORIENTED_EDGE('',*,*,#4370,.F.);
#2173=ORIENTED_EDGE('',*,*,#4372,.F.);
#2174=ORIENTED_EDGE('',*,*,#4362,.T.);
#2175=ORIENTED_EDGE('',*,*,#4373,.T.);
#2176=ORIENTED_EDGE('',*,*,#4363,.T.);
#2177=ORIENTED_EDGE('',*,*,#4372,.T.);
#2178=ORIENTED_EDGE('',*,*,#4369,.F.);
#2179=ORIENTED_EDGE('',*,*,#4366,.F.);
#2180=ORIENTED_EDGE('',*,*,#4361,.F.);
#2181=ORIENTED_EDGE('',*,*,#4365,.T.);
#2182=ORIENTED_EDGE('',*,*,#4368,.T.);
#2183=ORIENTED_EDGE('',*,*,#4371,.F.);
#2184=ORIENTED_EDGE('',*,*,#4374,.T.);
#2185=ORIENTED_EDGE('',*,*,#4373,.F.);
#2186=ORIENTED_EDGE('',*,*,#4374,.F.);
#2187=ORIENTED_EDGE('',*,*,#4375,.F.);
#2188=ORIENTED_EDGE('',*,*,#4376,.F.);
#2189=ORIENTED_EDGE('',*,*,#4377,.T.);
#2190=ORIENTED_EDGE('',*,*,#4378,.F.);
#2191=ORIENTED_EDGE('',*,*,#4379,.T.);
#2192=ORIENTED_EDGE('',*,*,#4380,.T.);
#2193=ORIENTED_EDGE('',*,*,#4381,.T.);
#2194=ORIENTED_EDGE('',*,*,#4382,.T.);
#2195=ORIENTED_EDGE('',*,*,#4383,.T.);
#2196=ORIENTED_EDGE('',*,*,#4384,.F.);
#2197=ORIENTED_EDGE('',*,*,#4385,.T.);
#2198=ORIENTED_EDGE('',*,*,#4386,.F.);
#2199=ORIENTED_EDGE('',*,*,#4387,.T.);
#2200=ORIENTED_EDGE('',*,*,#4388,.T.);
#2201=ORIENTED_EDGE('',*,*,#4389,.T.);
#2202=ORIENTED_EDGE('',*,*,#4390,.T.);
#2203=ORIENTED_EDGE('',*,*,#4391,.T.);
#2204=ORIENTED_EDGE('',*,*,#4392,.F.);
#2205=ORIENTED_EDGE('',*,*,#4393,.T.);
#2206=ORIENTED_EDGE('',*,*,#4394,.F.);
#2207=ORIENTED_EDGE('',*,*,#4395,.T.);
#2208=ORIENTED_EDGE('',*,*,#4396,.T.);
#2209=ORIENTED_EDGE('',*,*,#4397,.T.);
#2210=ORIENTED_EDGE('',*,*,#4398,.T.);
#2211=ORIENTED_EDGE('',*,*,#4399,.T.);
#2212=ORIENTED_EDGE('',*,*,#4400,.F.);
#2213=ORIENTED_EDGE('',*,*,#4401,.T.);
#2214=ORIENTED_EDGE('',*,*,#4402,.F.);
#2215=ORIENTED_EDGE('',*,*,#4403,.T.);
#2216=ORIENTED_EDGE('',*,*,#4404,.T.);
#2217=ORIENTED_EDGE('',*,*,#4405,.T.);
#2218=ORIENTED_EDGE('',*,*,#4406,.T.);
#2219=ORIENTED_EDGE('',*,*,#4407,.T.);
#2220=ORIENTED_EDGE('',*,*,#4408,.F.);
#2221=ORIENTED_EDGE('',*,*,#4409,.T.);
#2222=ORIENTED_EDGE('',*,*,#4410,.F.);
#2223=ORIENTED_EDGE('',*,*,#4411,.T.);
#2224=ORIENTED_EDGE('',*,*,#4412,.T.);
#2225=ORIENTED_EDGE('',*,*,#4413,.T.);
#2226=ORIENTED_EDGE('',*,*,#4414,.T.);
#2227=ORIENTED_EDGE('',*,*,#4415,.T.);
#2228=ORIENTED_EDGE('',*,*,#4416,.T.);
#2229=ORIENTED_EDGE('',*,*,#4417,.T.);
#2230=ORIENTED_EDGE('',*,*,#4418,.T.);
#2231=ORIENTED_EDGE('',*,*,#4419,.F.);
#2232=ORIENTED_EDGE('',*,*,#4420,.T.);
#2233=ORIENTED_EDGE('',*,*,#4421,.T.);
#2234=ORIENTED_EDGE('',*,*,#4422,.T.);
#2235=ORIENTED_EDGE('',*,*,#4423,.F.);
#2236=ORIENTED_EDGE('',*,*,#4424,.T.);
#2237=ORIENTED_EDGE('',*,*,#4425,.T.);
#2238=ORIENTED_EDGE('',*,*,#4426,.T.);
#2239=ORIENTED_EDGE('',*,*,#4427,.F.);
#2240=ORIENTED_EDGE('',*,*,#4428,.T.);
#2241=ORIENTED_EDGE('',*,*,#4429,.T.);
#2242=ORIENTED_EDGE('',*,*,#4430,.T.);
#2243=ORIENTED_EDGE('',*,*,#4431,.F.);
#2244=ORIENTED_EDGE('',*,*,#4432,.T.);
#2245=ORIENTED_EDGE('',*,*,#4433,.T.);
#2246=ORIENTED_EDGE('',*,*,#4434,.T.);
#2247=ORIENTED_EDGE('',*,*,#4435,.T.);
#2248=ORIENTED_EDGE('',*,*,#4436,.T.);
#2249=ORIENTED_EDGE('',*,*,#4437,.T.);
#2250=ORIENTED_EDGE('',*,*,#4438,.F.);
#2251=ORIENTED_EDGE('',*,*,#4439,.F.);
#2252=ORIENTED_EDGE('',*,*,#4440,.T.);
#2253=ORIENTED_EDGE('',*,*,#4441,.F.);
#2254=ORIENTED_EDGE('',*,*,#4442,.F.);
#2255=ORIENTED_EDGE('',*,*,#4443,.T.);
#2256=ORIENTED_EDGE('',*,*,#4438,.T.);
#2257=ORIENTED_EDGE('',*,*,#4444,.F.);
#2258=ORIENTED_EDGE('',*,*,#4445,.F.);
#2259=ORIENTED_EDGE('',*,*,#4446,.T.);
#2260=ORIENTED_EDGE('',*,*,#4442,.T.);
#2261=ORIENTED_EDGE('',*,*,#4447,.F.);
#2262=ORIENTED_EDGE('',*,*,#4440,.F.);
#2263=ORIENTED_EDGE('',*,*,#4448,.T.);
#2264=ORIENTED_EDGE('',*,*,#4445,.T.);
#2265=ORIENTED_EDGE('',*,*,#4439,.T.);
#2266=ORIENTED_EDGE('',*,*,#4443,.F.);
#2267=ORIENTED_EDGE('',*,*,#4446,.F.);
#2268=ORIENTED_EDGE('',*,*,#4448,.F.);
#2269=ORIENTED_EDGE('',*,*,#4375,.T.);
#2270=ORIENTED_EDGE('',*,*,#4437,.F.);
#2271=ORIENTED_EDGE('',*,*,#4447,.T.);
#2272=ORIENTED_EDGE('',*,*,#4444,.T.);
#2273=ORIENTED_EDGE('',*,*,#4441,.T.);
#2274=ORIENTED_EDGE('',*,*,#4378,.T.);
#2275=ORIENTED_EDGE('',*,*,#4449,.T.);
#2276=ORIENTED_EDGE('',*,*,#4450,.F.);
#2277=ORIENTED_EDGE('',*,*,#4451,.T.);
#2278=ORIENTED_EDGE('',*,*,#4382,.F.);
#2279=ORIENTED_EDGE('',*,*,#4452,.T.);
#2280=ORIENTED_EDGE('',*,*,#4453,.T.);
#2281=ORIENTED_EDGE('',*,*,#4454,.T.);
#2282=ORIENTED_EDGE('',*,*,#4455,.T.);
#2283=ORIENTED_EDGE('',*,*,#4456,.T.);
#2284=ORIENTED_EDGE('',*,*,#4380,.F.);
#2285=ORIENTED_EDGE('',*,*,#4457,.T.);
#2286=ORIENTED_EDGE('',*,*,#4381,.F.);
#2287=ORIENTED_EDGE('',*,*,#4456,.F.);
#2288=ORIENTED_EDGE('',*,*,#4458,.F.);
#2289=ORIENTED_EDGE('',*,*,#4452,.F.);
#2290=ORIENTED_EDGE('',*,*,#4383,.F.);
#2291=ORIENTED_EDGE('',*,*,#4454,.F.);
#2292=ORIENTED_EDGE('',*,*,#4459,.F.);
#2293=ORIENTED_EDGE('',*,*,#4422,.F.);
#2294=ORIENTED_EDGE('',*,*,#4460,.F.);
#2295=ORIENTED_EDGE('',*,*,#4461,.F.);
#2296=ORIENTED_EDGE('',*,*,#4420,.F.);
#2297=ORIENTED_EDGE('',*,*,#4462,.F.);
#2298=ORIENTED_EDGE('',*,*,#4449,.F.);
#2299=ORIENTED_EDGE('',*,*,#4377,.F.);
#2300=ORIENTED_EDGE('',*,*,#4379,.F.);
#2301=ORIENTED_EDGE('',*,*,#4451,.F.);
#2302=ORIENTED_EDGE('',*,*,#4463,.F.);
#2303=ORIENTED_EDGE('',*,*,#4457,.F.);
#2304=ORIENTED_EDGE('',*,*,#4453,.F.);
#2305=ORIENTED_EDGE('',*,*,#4458,.T.);
#2306=ORIENTED_EDGE('',*,*,#4464,.T.);
#2307=ORIENTED_EDGE('',*,*,#4465,.T.);
#2308=ORIENTED_EDGE('',*,*,#4466,.T.);
#2309=ORIENTED_EDGE('',*,*,#4467,.T.);
#2310=ORIENTED_EDGE('',*,*,#4468,.T.);
#2311=ORIENTED_EDGE('',*,*,#4459,.T.);
#2312=ORIENTED_EDGE('',*,*,#4450,.T.);
#2313=ORIENTED_EDGE('',*,*,#4462,.T.);
#2314=ORIENTED_EDGE('',*,*,#4469,.T.);
#2315=ORIENTED_EDGE('',*,*,#4470,.T.);
#2316=ORIENTED_EDGE('',*,*,#4471,.F.);
#2317=ORIENTED_EDGE('',*,*,#4472,.T.);
#2318=ORIENTED_EDGE('',*,*,#4473,.T.);
#2319=ORIENTED_EDGE('',*,*,#4463,.T.);
#2320=ORIENTED_EDGE('',*,*,#4410,.T.);
#2321=ORIENTED_EDGE('',*,*,#4474,.T.);
#2322=ORIENTED_EDGE('',*,*,#4475,.F.);
#2323=ORIENTED_EDGE('',*,*,#4476,.T.);
#2324=ORIENTED_EDGE('',*,*,#4414,.F.);
#2325=ORIENTED_EDGE('',*,*,#4477,.T.);
#2326=ORIENTED_EDGE('',*,*,#4471,.T.);
#2327=ORIENTED_EDGE('',*,*,#4478,.T.);
#2328=ORIENTED_EDGE('',*,*,#4479,.T.);
#2329=ORIENTED_EDGE('',*,*,#4480,.T.);
#2330=ORIENTED_EDGE('',*,*,#4412,.F.);
#2331=ORIENTED_EDGE('',*,*,#4481,.T.);
#2332=ORIENTED_EDGE('',*,*,#4413,.F.);
#2333=ORIENTED_EDGE('',*,*,#4480,.F.);
#2334=ORIENTED_EDGE('',*,*,#4472,.F.);
#2335=ORIENTED_EDGE('',*,*,#4477,.F.);
#2336=ORIENTED_EDGE('',*,*,#4415,.F.);
#2337=ORIENTED_EDGE('',*,*,#4478,.F.);
#2338=ORIENTED_EDGE('',*,*,#4470,.F.);
#2339=ORIENTED_EDGE('',*,*,#4418,.F.);
#2340=ORIENTED_EDGE('',*,*,#4482,.F.);
#2341=ORIENTED_EDGE('',*,*,#4483,.F.);
#2342=ORIENTED_EDGE('',*,*,#4416,.F.);
#2343=ORIENTED_EDGE('',*,*,#4484,.F.);
#2344=ORIENTED_EDGE('',*,*,#4474,.F.);
#2345=ORIENTED_EDGE('',*,*,#4409,.F.);
#2346=ORIENTED_EDGE('',*,*,#4411,.F.);
#2347=ORIENTED_EDGE('',*,*,#4476,.F.);
#2348=ORIENTED_EDGE('',*,*,#4485,.F.);
#2349=ORIENTED_EDGE('',*,*,#4481,.F.);
#2350=ORIENTED_EDGE('',*,*,#4475,.T.);
#2351=ORIENTED_EDGE('',*,*,#4484,.T.);
#2352=ORIENTED_EDGE('',*,*,#4486,.T.);
#2353=ORIENTED_EDGE('',*,*,#4487,.T.);
#2354=ORIENTED_EDGE('',*,*,#4488,.F.);
#2355=ORIENTED_EDGE('',*,*,#4489,.T.);
#2356=ORIENTED_EDGE('',*,*,#4490,.T.);
#2357=ORIENTED_EDGE('',*,*,#4485,.T.);
#2358=ORIENTED_EDGE('',*,*,#4466,.F.);
#2359=ORIENTED_EDGE('',*,*,#4491,.T.);
#2360=ORIENTED_EDGE('',*,*,#4386,.T.);
#2361=ORIENTED_EDGE('',*,*,#4492,.T.);
#2362=ORIENTED_EDGE('',*,*,#4390,.F.);
#2363=ORIENTED_EDGE('',*,*,#4493,.T.);
#2364=ORIENTED_EDGE('',*,*,#4494,.T.);
#2365=ORIENTED_EDGE('',*,*,#4495,.T.);
#2366=ORIENTED_EDGE('',*,*,#4388,.F.);
#2367=ORIENTED_EDGE('',*,*,#4496,.T.);
#2368=ORIENTED_EDGE('',*,*,#4497,.T.);
#2369=ORIENTED_EDGE('',*,*,#4498,.T.);
#2370=ORIENTED_EDGE('',*,*,#4387,.F.);
#2371=ORIENTED_EDGE('',*,*,#4491,.F.);
#2372=ORIENTED_EDGE('',*,*,#4465,.F.);
#2373=ORIENTED_EDGE('',*,*,#4496,.F.);
#2374=ORIENTED_EDGE('',*,*,#4389,.F.);
#2375=ORIENTED_EDGE('',*,*,#4498,.F.);
#2376=ORIENTED_EDGE('',*,*,#4499,.F.);
#2377=ORIENTED_EDGE('',*,*,#4493,.F.);
#2378=ORIENTED_EDGE('',*,*,#4391,.F.);
#2379=ORIENTED_EDGE('',*,*,#4495,.F.);
#2380=ORIENTED_EDGE('',*,*,#4500,.F.);
#2381=ORIENTED_EDGE('',*,*,#4426,.F.);
#2382=ORIENTED_EDGE('',*,*,#4501,.F.);
#2383=ORIENTED_EDGE('',*,*,#4502,.F.);
#2384=ORIENTED_EDGE('',*,*,#4424,.F.);
#2385=ORIENTED_EDGE('',*,*,#4467,.F.);
#2386=ORIENTED_EDGE('',*,*,#4492,.F.);
#2387=ORIENTED_EDGE('',*,*,#4385,.F.);
#2388=ORIENTED_EDGE('',*,*,#4494,.F.);
#2389=ORIENTED_EDGE('',*,*,#4499,.T.);
#2390=ORIENTED_EDGE('',*,*,#4503,.T.);
#2391=ORIENTED_EDGE('',*,*,#4504,.T.);
#2392=ORIENTED_EDGE('',*,*,#4505,.T.);
#2393=ORIENTED_EDGE('',*,*,#4500,.T.);
#2394=ORIENTED_EDGE('',*,*,#4394,.T.);
#2395=ORIENTED_EDGE('',*,*,#4506,.T.);
#2396=ORIENTED_EDGE('',*,*,#4507,.T.);
#2397=ORIENTED_EDGE('',*,*,#4508,.T.);
#2398=ORIENTED_EDGE('',*,*,#4509,.T.);
#2399=ORIENTED_EDGE('',*,*,#4510,.T.);
#2400=ORIENTED_EDGE('',*,*,#4398,.F.);
#2401=ORIENTED_EDGE('',*,*,#4511,.T.);
#2402=ORIENTED_EDGE('',*,*,#4512,.T.);
#2403=ORIENTED_EDGE('',*,*,#4513,.T.);
#2404=ORIENTED_EDGE('',*,*,#4396,.F.);
#2405=ORIENTED_EDGE('',*,*,#4514,.T.);
#2406=ORIENTED_EDGE('',*,*,#4515,.T.);
#2407=ORIENTED_EDGE('',*,*,#4395,.F.);
#2408=ORIENTED_EDGE('',*,*,#4508,.F.);
#2409=ORIENTED_EDGE('',*,*,#4516,.F.);
#2410=ORIENTED_EDGE('',*,*,#4514,.F.);
#2411=ORIENTED_EDGE('',*,*,#4517,.F.);
#2412=ORIENTED_EDGE('',*,*,#4428,.F.);
#2413=ORIENTED_EDGE('',*,*,#4518,.F.);
#2414=ORIENTED_EDGE('',*,*,#4506,.F.);
#2415=ORIENTED_EDGE('',*,*,#4393,.F.);
#2416=ORIENTED_EDGE('',*,*,#4516,.T.);
#2417=ORIENTED_EDGE('',*,*,#4507,.F.);
#2418=ORIENTED_EDGE('',*,*,#4518,.T.);
#2419=ORIENTED_EDGE('',*,*,#4432,.F.);
#2420=ORIENTED_EDGE('',*,*,#4504,.F.);
#2421=ORIENTED_EDGE('',*,*,#4515,.F.);
#2422=ORIENTED_EDGE('',*,*,#4399,.F.);
#2423=ORIENTED_EDGE('',*,*,#4510,.F.);
#2424=ORIENTED_EDGE('',*,*,#4519,.F.);
#2425=ORIENTED_EDGE('',*,*,#4430,.F.);
#2426=ORIENTED_EDGE('',*,*,#4520,.F.);
#2427=ORIENTED_EDGE('',*,*,#4397,.F.);
#2428=ORIENTED_EDGE('',*,*,#4513,.F.);
#2429=ORIENTED_EDGE('',*,*,#4521,.F.);
#2430=ORIENTED_EDGE('',*,*,#4511,.F.);
#2431=ORIENTED_EDGE('',*,*,#4522,.T.);
#2432=ORIENTED_EDGE('',*,*,#4519,.T.);
#2433=ORIENTED_EDGE('',*,*,#4509,.F.);
#2434=ORIENTED_EDGE('',*,*,#4521,.T.);
#2435=ORIENTED_EDGE('',*,*,#4523,.T.);
#2436=ORIENTED_EDGE('',*,*,#4524,.T.);
#2437=ORIENTED_EDGE('',*,*,#4525,.T.);
#2438=ORIENTED_EDGE('',*,*,#4526,.T.);
#2439=ORIENTED_EDGE('',*,*,#4525,.F.);
#2440=ORIENTED_EDGE('',*,*,#4527,.T.);
#2441=ORIENTED_EDGE('',*,*,#4402,.T.);
#2442=ORIENTED_EDGE('',*,*,#4528,.T.);
#2443=ORIENTED_EDGE('',*,*,#4406,.F.);
#2444=ORIENTED_EDGE('',*,*,#4529,.T.);
#2445=ORIENTED_EDGE('',*,*,#4488,.T.);
#2446=ORIENTED_EDGE('',*,*,#4530,.T.);
#2447=ORIENTED_EDGE('',*,*,#4404,.F.);
#2448=ORIENTED_EDGE('',*,*,#4531,.T.);
#2449=ORIENTED_EDGE('',*,*,#4532,.T.);
#2450=ORIENTED_EDGE('',*,*,#4533,.T.);
#2451=ORIENTED_EDGE('',*,*,#4403,.F.);
#2452=ORIENTED_EDGE('',*,*,#4527,.F.);
#2453=ORIENTED_EDGE('',*,*,#4524,.F.);
#2454=ORIENTED_EDGE('',*,*,#4531,.F.);
#2455=ORIENTED_EDGE('',*,*,#4405,.F.);
#2456=ORIENTED_EDGE('',*,*,#4533,.F.);
#2457=ORIENTED_EDGE('',*,*,#4489,.F.);
#2458=ORIENTED_EDGE('',*,*,#4529,.F.);
#2459=ORIENTED_EDGE('',*,*,#4407,.F.);
#2460=ORIENTED_EDGE('',*,*,#4530,.F.);
#2461=ORIENTED_EDGE('',*,*,#4487,.F.);
#2462=ORIENTED_EDGE('',*,*,#4435,.F.);
#2463=ORIENTED_EDGE('',*,*,#4534,.F.);
#2464=ORIENTED_EDGE('',*,*,#4535,.F.);
#2465=ORIENTED_EDGE('',*,*,#4433,.F.);
#2466=ORIENTED_EDGE('',*,*,#4526,.F.);
#2467=ORIENTED_EDGE('',*,*,#4528,.F.);
#2468=ORIENTED_EDGE('',*,*,#4401,.F.);
#2469=ORIENTED_EDGE('',*,*,#4536,.T.);
#2470=ORIENTED_EDGE('',*,*,#4537,.T.);
#2471=ORIENTED_EDGE('',*,*,#4436,.F.);
#2472=ORIENTED_EDGE('',*,*,#4486,.F.);
#2473=ORIENTED_EDGE('',*,*,#4419,.T.);
#2474=ORIENTED_EDGE('',*,*,#4469,.F.);
#2475=ORIENTED_EDGE('',*,*,#4423,.T.);
#2476=ORIENTED_EDGE('',*,*,#4468,.F.);
#2477=ORIENTED_EDGE('',*,*,#4427,.T.);
#2478=ORIENTED_EDGE('',*,*,#4505,.F.);
#2479=ORIENTED_EDGE('',*,*,#4431,.T.);
#2480=ORIENTED_EDGE('',*,*,#4522,.F.);
#2481=ORIENTED_EDGE('',*,*,#4536,.F.);
#2482=ORIENTED_EDGE('',*,*,#4537,.F.);
#2483=ORIENTED_EDGE('',*,*,#4532,.F.);
#2484=ORIENTED_EDGE('',*,*,#4523,.F.);
#2485=ORIENTED_EDGE('',*,*,#4512,.F.);
#2486=ORIENTED_EDGE('',*,*,#4503,.F.);
#2487=ORIENTED_EDGE('',*,*,#4497,.F.);
#2488=ORIENTED_EDGE('',*,*,#4464,.F.);
#2489=ORIENTED_EDGE('',*,*,#4455,.F.);
#2490=ORIENTED_EDGE('',*,*,#4473,.F.);
#2491=ORIENTED_EDGE('',*,*,#4479,.F.);
#2492=ORIENTED_EDGE('',*,*,#4490,.F.);
#2493=ORIENTED_EDGE('',*,*,#4460,.T.);
#2494=ORIENTED_EDGE('',*,*,#4421,.F.);
#2495=ORIENTED_EDGE('',*,*,#4461,.T.);
#2496=ORIENTED_EDGE('',*,*,#4538,.F.);
#2497=ORIENTED_EDGE('',*,*,#4482,.T.);
#2498=ORIENTED_EDGE('',*,*,#4417,.F.);
#2499=ORIENTED_EDGE('',*,*,#4483,.T.);
#2500=ORIENTED_EDGE('',*,*,#4539,.F.);
#2501=ORIENTED_EDGE('',*,*,#4501,.T.);
#2502=ORIENTED_EDGE('',*,*,#4425,.F.);
#2503=ORIENTED_EDGE('',*,*,#4502,.T.);
#2504=ORIENTED_EDGE('',*,*,#4540,.F.);
#2505=ORIENTED_EDGE('',*,*,#4517,.T.);
#2506=ORIENTED_EDGE('',*,*,#4541,.F.);
#2507=ORIENTED_EDGE('',*,*,#4520,.T.);
#2508=ORIENTED_EDGE('',*,*,#4429,.F.);
#2509=ORIENTED_EDGE('',*,*,#4534,.T.);
#2510=ORIENTED_EDGE('',*,*,#4434,.F.);
#2511=ORIENTED_EDGE('',*,*,#4535,.T.);
#2512=ORIENTED_EDGE('',*,*,#4542,.F.);
#2513=ORIENTED_EDGE('',*,*,#4538,.T.);
#2514=ORIENTED_EDGE('',*,*,#4376,.T.);
#2515=ORIENTED_EDGE('',*,*,#4539,.T.);
#2516=ORIENTED_EDGE('',*,*,#4408,.T.);
#2517=ORIENTED_EDGE('',*,*,#4542,.T.);
#2518=ORIENTED_EDGE('',*,*,#4400,.T.);
#2519=ORIENTED_EDGE('',*,*,#4541,.T.);
#2520=ORIENTED_EDGE('',*,*,#4392,.T.);
#2521=ORIENTED_EDGE('',*,*,#4540,.T.);
#2522=ORIENTED_EDGE('',*,*,#4384,.T.);
#2523=ORIENTED_EDGE('',*,*,#4543,.T.);
#2524=ORIENTED_EDGE('',*,*,#4544,.T.);
#2525=ORIENTED_EDGE('',*,*,#4545,.T.);
#2526=ORIENTED_EDGE('',*,*,#4546,.T.);
#2527=ORIENTED_EDGE('',*,*,#4543,.F.);
#2528=ORIENTED_EDGE('',*,*,#4545,.F.);
#2529=ORIENTED_EDGE('',*,*,#4546,.F.);
#2530=ORIENTED_EDGE('',*,*,#4544,.F.);
#2531=ORIENTED_EDGE('',*,*,#4547,.T.);
#2532=ORIENTED_EDGE('',*,*,#4548,.T.);
#2533=ORIENTED_EDGE('',*,*,#4549,.T.);
#2534=ORIENTED_EDGE('',*,*,#4550,.F.);
#2535=ORIENTED_EDGE('',*,*,#4551,.T.);
#2536=ORIENTED_EDGE('',*,*,#4552,.T.);
#2537=ORIENTED_EDGE('',*,*,#4553,.T.);
#2538=ORIENTED_EDGE('',*,*,#4554,.F.);
#2539=ORIENTED_EDGE('',*,*,#4555,.T.);
#2540=ORIENTED_EDGE('',*,*,#4556,.T.);
#2541=ORIENTED_EDGE('',*,*,#4557,.T.);
#2542=ORIENTED_EDGE('',*,*,#4558,.F.);
#2543=ORIENTED_EDGE('',*,*,#4559,.T.);
#2544=ORIENTED_EDGE('',*,*,#4560,.T.);
#2545=ORIENTED_EDGE('',*,*,#4561,.T.);
#2546=ORIENTED_EDGE('',*,*,#4562,.F.);
#2547=ORIENTED_EDGE('',*,*,#4563,.T.);
#2548=ORIENTED_EDGE('',*,*,#4564,.T.);
#2549=ORIENTED_EDGE('',*,*,#4565,.T.);
#2550=ORIENTED_EDGE('',*,*,#4566,.T.);
#2551=ORIENTED_EDGE('',*,*,#4567,.F.);
#2552=ORIENTED_EDGE('',*,*,#4568,.T.);
#2553=ORIENTED_EDGE('',*,*,#4569,.T.);
#2554=ORIENTED_EDGE('',*,*,#4570,.T.);
#2555=ORIENTED_EDGE('',*,*,#4571,.T.);
#2556=ORIENTED_EDGE('',*,*,#4572,.T.);
#2557=ORIENTED_EDGE('',*,*,#4573,.T.);
#2558=ORIENTED_EDGE('',*,*,#4574,.T.);
#2559=ORIENTED_EDGE('',*,*,#4575,.F.);
#2560=ORIENTED_EDGE('',*,*,#4576,.T.);
#2561=ORIENTED_EDGE('',*,*,#4577,.T.);
#2562=ORIENTED_EDGE('',*,*,#4578,.T.);
#2563=ORIENTED_EDGE('',*,*,#4579,.T.);
#2564=ORIENTED_EDGE('',*,*,#4580,.T.);
#2565=ORIENTED_EDGE('',*,*,#4581,.T.);
#2566=ORIENTED_EDGE('',*,*,#4582,.T.);
#2567=ORIENTED_EDGE('',*,*,#4583,.F.);
#2568=ORIENTED_EDGE('',*,*,#4584,.T.);
#2569=ORIENTED_EDGE('',*,*,#4585,.T.);
#2570=ORIENTED_EDGE('',*,*,#4586,.T.);
#2571=ORIENTED_EDGE('',*,*,#4587,.T.);
#2572=ORIENTED_EDGE('',*,*,#4588,.T.);
#2573=ORIENTED_EDGE('',*,*,#4589,.T.);
#2574=ORIENTED_EDGE('',*,*,#4590,.T.);
#2575=ORIENTED_EDGE('',*,*,#4591,.F.);
#2576=ORIENTED_EDGE('',*,*,#4592,.T.);
#2577=ORIENTED_EDGE('',*,*,#4593,.T.);
#2578=ORIENTED_EDGE('',*,*,#4594,.T.);
#2579=ORIENTED_EDGE('',*,*,#4595,.T.);
#2580=ORIENTED_EDGE('',*,*,#4596,.T.);
#2581=ORIENTED_EDGE('',*,*,#4597,.T.);
#2582=ORIENTED_EDGE('',*,*,#4598,.T.);
#2583=ORIENTED_EDGE('',*,*,#4599,.F.);
#2584=ORIENTED_EDGE('',*,*,#4600,.T.);
#2585=ORIENTED_EDGE('',*,*,#4601,.T.);
#2586=ORIENTED_EDGE('',*,*,#4602,.T.);
#2587=ORIENTED_EDGE('',*,*,#4603,.T.);
#2588=ORIENTED_EDGE('',*,*,#4604,.F.);
#2589=ORIENTED_EDGE('',*,*,#4605,.T.);
#2590=ORIENTED_EDGE('',*,*,#4606,.T.);
#2591=ORIENTED_EDGE('',*,*,#4607,.T.);
#2592=ORIENTED_EDGE('',*,*,#4608,.T.);
#2593=ORIENTED_EDGE('',*,*,#4609,.T.);
#2594=ORIENTED_EDGE('',*,*,#4610,.F.);
#2595=ORIENTED_EDGE('',*,*,#4611,.F.);
#2596=ORIENTED_EDGE('',*,*,#4612,.T.);
#2597=ORIENTED_EDGE('',*,*,#4613,.F.);
#2598=ORIENTED_EDGE('',*,*,#4614,.F.);
#2599=ORIENTED_EDGE('',*,*,#4615,.T.);
#2600=ORIENTED_EDGE('',*,*,#4610,.T.);
#2601=ORIENTED_EDGE('',*,*,#4616,.F.);
#2602=ORIENTED_EDGE('',*,*,#4617,.F.);
#2603=ORIENTED_EDGE('',*,*,#4618,.T.);
#2604=ORIENTED_EDGE('',*,*,#4614,.T.);
#2605=ORIENTED_EDGE('',*,*,#4619,.F.);
#2606=ORIENTED_EDGE('',*,*,#4612,.F.);
#2607=ORIENTED_EDGE('',*,*,#4620,.T.);
#2608=ORIENTED_EDGE('',*,*,#4617,.T.);
#2609=ORIENTED_EDGE('',*,*,#4611,.T.);
#2610=ORIENTED_EDGE('',*,*,#4615,.F.);
#2611=ORIENTED_EDGE('',*,*,#4618,.F.);
#2612=ORIENTED_EDGE('',*,*,#4620,.F.);
#2613=ORIENTED_EDGE('',*,*,#4604,.T.);
#2614=ORIENTED_EDGE('',*,*,#4609,.F.);
#2615=ORIENTED_EDGE('',*,*,#4619,.T.);
#2616=ORIENTED_EDGE('',*,*,#4616,.T.);
#2617=ORIENTED_EDGE('',*,*,#4613,.T.);
#2618=ORIENTED_EDGE('',*,*,#4567,.T.);
#2619=ORIENTED_EDGE('',*,*,#4621,.T.);
#2620=ORIENTED_EDGE('',*,*,#4622,.F.);
#2621=ORIENTED_EDGE('',*,*,#4623,.T.);
#2622=ORIENTED_EDGE('',*,*,#4571,.F.);
#2623=ORIENTED_EDGE('',*,*,#4624,.T.);
#2624=ORIENTED_EDGE('',*,*,#4625,.T.);
#2625=ORIENTED_EDGE('',*,*,#4626,.T.);
#2626=ORIENTED_EDGE('',*,*,#4627,.T.);
#2627=ORIENTED_EDGE('',*,*,#4628,.T.);
#2628=ORIENTED_EDGE('',*,*,#4569,.F.);
#2629=ORIENTED_EDGE('',*,*,#4629,.T.);
#2630=ORIENTED_EDGE('',*,*,#4570,.F.);
#2631=ORIENTED_EDGE('',*,*,#4628,.F.);
#2632=ORIENTED_EDGE('',*,*,#4630,.F.);
#2633=ORIENTED_EDGE('',*,*,#4624,.F.);
#2634=ORIENTED_EDGE('',*,*,#4572,.F.);
#2635=ORIENTED_EDGE('',*,*,#4626,.F.);
#2636=ORIENTED_EDGE('',*,*,#4631,.F.);
#2637=ORIENTED_EDGE('',*,*,#4553,.F.);
#2638=ORIENTED_EDGE('',*,*,#4632,.F.);
#2639=ORIENTED_EDGE('',*,*,#4633,.F.);
#2640=ORIENTED_EDGE('',*,*,#4551,.F.);
#2641=ORIENTED_EDGE('',*,*,#4634,.F.);
#2642=ORIENTED_EDGE('',*,*,#4621,.F.);
#2643=ORIENTED_EDGE('',*,*,#4566,.F.);
#2644=ORIENTED_EDGE('',*,*,#4568,.F.);
#2645=ORIENTED_EDGE('',*,*,#4623,.F.);
#2646=ORIENTED_EDGE('',*,*,#4635,.F.);
#2647=ORIENTED_EDGE('',*,*,#4629,.F.);
#2648=ORIENTED_EDGE('',*,*,#4625,.F.);
#2649=ORIENTED_EDGE('',*,*,#4630,.T.);
#2650=ORIENTED_EDGE('',*,*,#4636,.T.);
#2651=ORIENTED_EDGE('',*,*,#4637,.T.);
#2652=ORIENTED_EDGE('',*,*,#4638,.T.);
#2653=ORIENTED_EDGE('',*,*,#4639,.T.);
#2654=ORIENTED_EDGE('',*,*,#4640,.T.);
#2655=ORIENTED_EDGE('',*,*,#4631,.T.);
#2656=ORIENTED_EDGE('',*,*,#4622,.T.);
#2657=ORIENTED_EDGE('',*,*,#4634,.T.);
#2658=ORIENTED_EDGE('',*,*,#4641,.T.);
#2659=ORIENTED_EDGE('',*,*,#4642,.T.);
#2660=ORIENTED_EDGE('',*,*,#4643,.F.);
#2661=ORIENTED_EDGE('',*,*,#4644,.T.);
#2662=ORIENTED_EDGE('',*,*,#4645,.T.);
#2663=ORIENTED_EDGE('',*,*,#4635,.T.);
#2664=ORIENTED_EDGE('',*,*,#4599,.T.);
#2665=ORIENTED_EDGE('',*,*,#4646,.T.);
#2666=ORIENTED_EDGE('',*,*,#4647,.F.);
#2667=ORIENTED_EDGE('',*,*,#4648,.T.);
#2668=ORIENTED_EDGE('',*,*,#4603,.F.);
#2669=ORIENTED_EDGE('',*,*,#4649,.T.);
#2670=ORIENTED_EDGE('',*,*,#4643,.T.);
#2671=ORIENTED_EDGE('',*,*,#4650,.T.);
#2672=ORIENTED_EDGE('',*,*,#4651,.T.);
#2673=ORIENTED_EDGE('',*,*,#4652,.T.);
#2674=ORIENTED_EDGE('',*,*,#4601,.F.);
#2675=ORIENTED_EDGE('',*,*,#4653,.T.);
#2676=ORIENTED_EDGE('',*,*,#4602,.F.);
#2677=ORIENTED_EDGE('',*,*,#4652,.F.);
#2678=ORIENTED_EDGE('',*,*,#4644,.F.);
#2679=ORIENTED_EDGE('',*,*,#4649,.F.);
#2680=ORIENTED_EDGE('',*,*,#4564,.F.);
#2681=ORIENTED_EDGE('',*,*,#4650,.F.);
#2682=ORIENTED_EDGE('',*,*,#4642,.F.);
#2683=ORIENTED_EDGE('',*,*,#4549,.F.);
#2684=ORIENTED_EDGE('',*,*,#4654,.F.);
#2685=ORIENTED_EDGE('',*,*,#4655,.F.);
#2686=ORIENTED_EDGE('',*,*,#4547,.F.);
#2687=ORIENTED_EDGE('',*,*,#4656,.F.);
#2688=ORIENTED_EDGE('',*,*,#4646,.F.);
#2689=ORIENTED_EDGE('',*,*,#4598,.F.);
#2690=ORIENTED_EDGE('',*,*,#4600,.F.);
#2691=ORIENTED_EDGE('',*,*,#4648,.F.);
#2692=ORIENTED_EDGE('',*,*,#4657,.F.);
#2693=ORIENTED_EDGE('',*,*,#4653,.F.);
#2694=ORIENTED_EDGE('',*,*,#4647,.T.);
#2695=ORIENTED_EDGE('',*,*,#4656,.T.);
#2696=ORIENTED_EDGE('',*,*,#4658,.T.);
#2697=ORIENTED_EDGE('',*,*,#4659,.T.);
#2698=ORIENTED_EDGE('',*,*,#4660,.F.);
#2699=ORIENTED_EDGE('',*,*,#4661,.T.);
#2700=ORIENTED_EDGE('',*,*,#4662,.T.);
#2701=ORIENTED_EDGE('',*,*,#4657,.T.);
#2702=ORIENTED_EDGE('',*,*,#4638,.F.);
#2703=ORIENTED_EDGE('',*,*,#4663,.T.);
#2704=ORIENTED_EDGE('',*,*,#4575,.T.);
#2705=ORIENTED_EDGE('',*,*,#4664,.T.);
#2706=ORIENTED_EDGE('',*,*,#4579,.F.);
#2707=ORIENTED_EDGE('',*,*,#4665,.T.);
#2708=ORIENTED_EDGE('',*,*,#4666,.T.);
#2709=ORIENTED_EDGE('',*,*,#4667,.T.);
#2710=ORIENTED_EDGE('',*,*,#4577,.F.);
#2711=ORIENTED_EDGE('',*,*,#4668,.T.);
#2712=ORIENTED_EDGE('',*,*,#4669,.T.);
#2713=ORIENTED_EDGE('',*,*,#4670,.T.);
#2714=ORIENTED_EDGE('',*,*,#4576,.F.);
#2715=ORIENTED_EDGE('',*,*,#4663,.F.);
#2716=ORIENTED_EDGE('',*,*,#4637,.F.);
#2717=ORIENTED_EDGE('',*,*,#4668,.F.);
#2718=ORIENTED_EDGE('',*,*,#4578,.F.);
#2719=ORIENTED_EDGE('',*,*,#4670,.F.);
#2720=ORIENTED_EDGE('',*,*,#4671,.F.);
#2721=ORIENTED_EDGE('',*,*,#4665,.F.);
#2722=ORIENTED_EDGE('',*,*,#4580,.F.);
#2723=ORIENTED_EDGE('',*,*,#4667,.F.);
#2724=ORIENTED_EDGE('',*,*,#4672,.F.);
#2725=ORIENTED_EDGE('',*,*,#4557,.F.);
#2726=ORIENTED_EDGE('',*,*,#4673,.F.);
#2727=ORIENTED_EDGE('',*,*,#4674,.F.);
#2728=ORIENTED_EDGE('',*,*,#4555,.F.);
#2729=ORIENTED_EDGE('',*,*,#4639,.F.);
#2730=ORIENTED_EDGE('',*,*,#4664,.F.);
#2731=ORIENTED_EDGE('',*,*,#4574,.F.);
#2732=ORIENTED_EDGE('',*,*,#4666,.F.);
#2733=ORIENTED_EDGE('',*,*,#4671,.T.);
#2734=ORIENTED_EDGE('',*,*,#4675,.T.);
#2735=ORIENTED_EDGE('',*,*,#4676,.T.);
#2736=ORIENTED_EDGE('',*,*,#4677,.T.);
#2737=ORIENTED_EDGE('',*,*,#4672,.T.);
#2738=ORIENTED_EDGE('',*,*,#4583,.T.);
#2739=ORIENTED_EDGE('',*,*,#4678,.T.);
#2740=ORIENTED_EDGE('',*,*,#4679,.T.);
#2741=ORIENTED_EDGE('',*,*,#4680,.T.);
#2742=ORIENTED_EDGE('',*,*,#4681,.T.);
#2743=ORIENTED_EDGE('',*,*,#4682,.T.);
#2744=ORIENTED_EDGE('',*,*,#4587,.F.);
#2745=ORIENTED_EDGE('',*,*,#4683,.T.);
#2746=ORIENTED_EDGE('',*,*,#4684,.T.);
#2747=ORIENTED_EDGE('',*,*,#4685,.T.);
#2748=ORIENTED_EDGE('',*,*,#4585,.F.);
#2749=ORIENTED_EDGE('',*,*,#4686,.T.);
#2750=ORIENTED_EDGE('',*,*,#4687,.T.);
#2751=ORIENTED_EDGE('',*,*,#4584,.F.);
#2752=ORIENTED_EDGE('',*,*,#4680,.F.);
#2753=ORIENTED_EDGE('',*,*,#4688,.F.);
#2754=ORIENTED_EDGE('',*,*,#4686,.F.);
#2755=ORIENTED_EDGE('',*,*,#4689,.F.);
#2756=ORIENTED_EDGE('',*,*,#4559,.F.);
#2757=ORIENTED_EDGE('',*,*,#4690,.F.);
#2758=ORIENTED_EDGE('',*,*,#4678,.F.);
#2759=ORIENTED_EDGE('',*,*,#4582,.F.);
#2760=ORIENTED_EDGE('',*,*,#4688,.T.);
#2761=ORIENTED_EDGE('',*,*,#4679,.F.);
#2762=ORIENTED_EDGE('',*,*,#4690,.T.);
#2763=ORIENTED_EDGE('',*,*,#4563,.F.);
#2764=ORIENTED_EDGE('',*,*,#4676,.F.);
#2765=ORIENTED_EDGE('',*,*,#4687,.F.);
#2766=ORIENTED_EDGE('',*,*,#4588,.F.);
#2767=ORIENTED_EDGE('',*,*,#4682,.F.);
#2768=ORIENTED_EDGE('',*,*,#4691,.F.);
#2769=ORIENTED_EDGE('',*,*,#4561,.F.);
#2770=ORIENTED_EDGE('',*,*,#4692,.T.);
#2771=ORIENTED_EDGE('',*,*,#4586,.F.);
#2772=ORIENTED_EDGE('',*,*,#4685,.F.);
#2773=ORIENTED_EDGE('',*,*,#4693,.F.);
#2774=ORIENTED_EDGE('',*,*,#4683,.F.);
#2775=ORIENTED_EDGE('',*,*,#4694,.T.);
#2776=ORIENTED_EDGE('',*,*,#4691,.T.);
#2777=ORIENTED_EDGE('',*,*,#4681,.F.);
#2778=ORIENTED_EDGE('',*,*,#4693,.T.);
#2779=ORIENTED_EDGE('',*,*,#4695,.T.);
#2780=ORIENTED_EDGE('',*,*,#4696,.T.);
#2781=ORIENTED_EDGE('',*,*,#4697,.T.);
#2782=ORIENTED_EDGE('',*,*,#4698,.T.);
#2783=ORIENTED_EDGE('',*,*,#4697,.F.);
#2784=ORIENTED_EDGE('',*,*,#4699,.T.);
#2785=ORIENTED_EDGE('',*,*,#4591,.T.);
#2786=ORIENTED_EDGE('',*,*,#4700,.T.);
#2787=ORIENTED_EDGE('',*,*,#4595,.F.);
#2788=ORIENTED_EDGE('',*,*,#4701,.T.);
#2789=ORIENTED_EDGE('',*,*,#4660,.T.);
#2790=ORIENTED_EDGE('',*,*,#4702,.T.);
#2791=ORIENTED_EDGE('',*,*,#4593,.F.);
#2792=ORIENTED_EDGE('',*,*,#4703,.T.);
#2793=ORIENTED_EDGE('',*,*,#4704,.T.);
#2794=ORIENTED_EDGE('',*,*,#4705,.T.);
#2795=ORIENTED_EDGE('',*,*,#4592,.F.);
#2796=ORIENTED_EDGE('',*,*,#4699,.F.);
#2797=ORIENTED_EDGE('',*,*,#4696,.F.);
#2798=ORIENTED_EDGE('',*,*,#4703,.F.);
#2799=ORIENTED_EDGE('',*,*,#4594,.F.);
#2800=ORIENTED_EDGE('',*,*,#4705,.F.);
#2801=ORIENTED_EDGE('',*,*,#4661,.F.);
#2802=ORIENTED_EDGE('',*,*,#4701,.F.);
#2803=ORIENTED_EDGE('',*,*,#4596,.F.);
#2804=ORIENTED_EDGE('',*,*,#4702,.F.);
#2805=ORIENTED_EDGE('',*,*,#4659,.F.);
#2806=ORIENTED_EDGE('',*,*,#4607,.F.);
#2807=ORIENTED_EDGE('',*,*,#4706,.F.);
#2808=ORIENTED_EDGE('',*,*,#4707,.F.);
#2809=ORIENTED_EDGE('',*,*,#4605,.F.);
#2810=ORIENTED_EDGE('',*,*,#4698,.F.);
#2811=ORIENTED_EDGE('',*,*,#4700,.F.);
#2812=ORIENTED_EDGE('',*,*,#4590,.F.);
#2813=ORIENTED_EDGE('',*,*,#4708,.T.);
#2814=ORIENTED_EDGE('',*,*,#4709,.T.);
#2815=ORIENTED_EDGE('',*,*,#4608,.F.);
#2816=ORIENTED_EDGE('',*,*,#4658,.F.);
#2817=ORIENTED_EDGE('',*,*,#4550,.T.);
#2818=ORIENTED_EDGE('',*,*,#4641,.F.);
#2819=ORIENTED_EDGE('',*,*,#4554,.T.);
#2820=ORIENTED_EDGE('',*,*,#4640,.F.);
#2821=ORIENTED_EDGE('',*,*,#4558,.T.);
#2822=ORIENTED_EDGE('',*,*,#4677,.F.);
#2823=ORIENTED_EDGE('',*,*,#4562,.T.);
#2824=ORIENTED_EDGE('',*,*,#4694,.F.);
#2825=ORIENTED_EDGE('',*,*,#4708,.F.);
#2826=ORIENTED_EDGE('',*,*,#4709,.F.);
#2827=ORIENTED_EDGE('',*,*,#4704,.F.);
#2828=ORIENTED_EDGE('',*,*,#4695,.F.);
#2829=ORIENTED_EDGE('',*,*,#4684,.F.);
#2830=ORIENTED_EDGE('',*,*,#4675,.F.);
#2831=ORIENTED_EDGE('',*,*,#4669,.F.);
#2832=ORIENTED_EDGE('',*,*,#4636,.F.);
#2833=ORIENTED_EDGE('',*,*,#4627,.F.);
#2834=ORIENTED_EDGE('',*,*,#4645,.F.);
#2835=ORIENTED_EDGE('',*,*,#4651,.F.);
#2836=ORIENTED_EDGE('',*,*,#4662,.F.);
#2837=ORIENTED_EDGE('',*,*,#4632,.T.);
#2838=ORIENTED_EDGE('',*,*,#4552,.F.);
#2839=ORIENTED_EDGE('',*,*,#4633,.T.);
#2840=ORIENTED_EDGE('',*,*,#4710,.T.);
#2841=ORIENTED_EDGE('',*,*,#4654,.T.);
#2842=ORIENTED_EDGE('',*,*,#4548,.F.);
#2843=ORIENTED_EDGE('',*,*,#4655,.T.);
#2844=ORIENTED_EDGE('',*,*,#4711,.T.);
#2845=ORIENTED_EDGE('',*,*,#4673,.T.);
#2846=ORIENTED_EDGE('',*,*,#4556,.F.);
#2847=ORIENTED_EDGE('',*,*,#4674,.T.);
#2848=ORIENTED_EDGE('',*,*,#4712,.T.);
#2849=ORIENTED_EDGE('',*,*,#4689,.T.);
#2850=ORIENTED_EDGE('',*,*,#4713,.T.);
#2851=ORIENTED_EDGE('',*,*,#4692,.F.);
#2852=ORIENTED_EDGE('',*,*,#4560,.F.);
#2853=ORIENTED_EDGE('',*,*,#4706,.T.);
#2854=ORIENTED_EDGE('',*,*,#4606,.F.);
#2855=ORIENTED_EDGE('',*,*,#4707,.T.);
#2856=ORIENTED_EDGE('',*,*,#4714,.T.);
#2857=ORIENTED_EDGE('',*,*,#4711,.F.);
#2858=ORIENTED_EDGE('',*,*,#4597,.F.);
#2859=ORIENTED_EDGE('',*,*,#4714,.F.);
#2860=ORIENTED_EDGE('',*,*,#4589,.F.);
#2861=ORIENTED_EDGE('',*,*,#4713,.F.);
#2862=ORIENTED_EDGE('',*,*,#4581,.F.);
#2863=ORIENTED_EDGE('',*,*,#4712,.F.);
#2864=ORIENTED_EDGE('',*,*,#4573,.F.);
#2865=ORIENTED_EDGE('',*,*,#4710,.F.);
#2866=ORIENTED_EDGE('',*,*,#4565,.F.);
#2867=ORIENTED_EDGE('',*,*,#4715,.T.);
#2868=ORIENTED_EDGE('',*,*,#4716,.T.);
#2869=ORIENTED_EDGE('',*,*,#4717,.T.);
#2870=ORIENTED_EDGE('',*,*,#4718,.F.);
#2871=ORIENTED_EDGE('',*,*,#4719,.T.);
#2872=ORIENTED_EDGE('',*,*,#4720,.T.);
#2873=ORIENTED_EDGE('',*,*,#4721,.T.);
#2874=ORIENTED_EDGE('',*,*,#4722,.T.);
#2875=ORIENTED_EDGE('',*,*,#4723,.T.);
#2876=ORIENTED_EDGE('',*,*,#4724,.T.);
#2877=ORIENTED_EDGE('',*,*,#4725,.T.);
#2878=ORIENTED_EDGE('',*,*,#4726,.F.);
#2879=ORIENTED_EDGE('',*,*,#4727,.T.);
#2880=ORIENTED_EDGE('',*,*,#4728,.T.);
#2881=ORIENTED_EDGE('',*,*,#4729,.T.);
#2882=ORIENTED_EDGE('',*,*,#4730,.T.);
#2883=ORIENTED_EDGE('',*,*,#4731,.T.);
#2884=ORIENTED_EDGE('',*,*,#4732,.T.);
#2885=ORIENTED_EDGE('',*,*,#4733,.T.);
#2886=ORIENTED_EDGE('',*,*,#4734,.F.);
#2887=ORIENTED_EDGE('',*,*,#4735,.T.);
#2888=ORIENTED_EDGE('',*,*,#4736,.T.);
#2889=ORIENTED_EDGE('',*,*,#4737,.T.);
#2890=ORIENTED_EDGE('',*,*,#4738,.T.);
#2891=ORIENTED_EDGE('',*,*,#4739,.T.);
#2892=ORIENTED_EDGE('',*,*,#4740,.T.);
#2893=ORIENTED_EDGE('',*,*,#4741,.T.);
#2894=ORIENTED_EDGE('',*,*,#4742,.F.);
#2895=ORIENTED_EDGE('',*,*,#4743,.T.);
#2896=ORIENTED_EDGE('',*,*,#4744,.T.);
#2897=ORIENTED_EDGE('',*,*,#4745,.T.);
#2898=ORIENTED_EDGE('',*,*,#4746,.T.);
#2899=ORIENTED_EDGE('',*,*,#4747,.T.);
#2900=ORIENTED_EDGE('',*,*,#4748,.T.);
#2901=ORIENTED_EDGE('',*,*,#4749,.T.);
#2902=ORIENTED_EDGE('',*,*,#4750,.F.);
#2903=ORIENTED_EDGE('',*,*,#4751,.T.);
#2904=ORIENTED_EDGE('',*,*,#4752,.T.);
#2905=ORIENTED_EDGE('',*,*,#4753,.T.);
#2906=ORIENTED_EDGE('',*,*,#4754,.T.);
#2907=ORIENTED_EDGE('',*,*,#4755,.F.);
#2908=ORIENTED_EDGE('',*,*,#4756,.T.);
#2909=ORIENTED_EDGE('',*,*,#4740,.F.);
#2910=ORIENTED_EDGE('',*,*,#4757,.T.);
#2911=ORIENTED_EDGE('',*,*,#4758,.F.);
#2912=ORIENTED_EDGE('',*,*,#4759,.T.);
#2913=ORIENTED_EDGE('',*,*,#4760,.T.);
#2914=ORIENTED_EDGE('',*,*,#4732,.F.);
#2915=ORIENTED_EDGE('',*,*,#4761,.T.);
#2916=ORIENTED_EDGE('',*,*,#4762,.F.);
#2917=ORIENTED_EDGE('',*,*,#4763,.T.);
#2918=ORIENTED_EDGE('',*,*,#4724,.F.);
#2919=ORIENTED_EDGE('',*,*,#4764,.T.);
#2920=ORIENTED_EDGE('',*,*,#4765,.F.);
#2921=ORIENTED_EDGE('',*,*,#4766,.T.);
#2922=ORIENTED_EDGE('',*,*,#4716,.F.);
#2923=ORIENTED_EDGE('',*,*,#4767,.T.);
#2924=ORIENTED_EDGE('',*,*,#4768,.F.);
#2925=ORIENTED_EDGE('',*,*,#4769,.T.);
#2926=ORIENTED_EDGE('',*,*,#4748,.F.);
#2927=ORIENTED_EDGE('',*,*,#4770,.T.);
#2928=ORIENTED_EDGE('',*,*,#4771,.T.);
#2929=ORIENTED_EDGE('',*,*,#4772,.T.);
#2930=ORIENTED_EDGE('',*,*,#4773,.F.);
#2931=ORIENTED_EDGE('',*,*,#4774,.F.);
#2932=ORIENTED_EDGE('',*,*,#4775,.T.);
#2933=ORIENTED_EDGE('',*,*,#4776,.F.);
#2934=ORIENTED_EDGE('',*,*,#4777,.F.);
#2935=ORIENTED_EDGE('',*,*,#4778,.T.);
#2936=ORIENTED_EDGE('',*,*,#4773,.T.);
#2937=ORIENTED_EDGE('',*,*,#4779,.F.);
#2938=ORIENTED_EDGE('',*,*,#4780,.F.);
#2939=ORIENTED_EDGE('',*,*,#4781,.T.);
#2940=ORIENTED_EDGE('',*,*,#4777,.T.);
#2941=ORIENTED_EDGE('',*,*,#4782,.F.);
#2942=ORIENTED_EDGE('',*,*,#4775,.F.);
#2943=ORIENTED_EDGE('',*,*,#4783,.T.);
#2944=ORIENTED_EDGE('',*,*,#4780,.T.);
#2945=ORIENTED_EDGE('',*,*,#4774,.T.);
#2946=ORIENTED_EDGE('',*,*,#4778,.F.);
#2947=ORIENTED_EDGE('',*,*,#4781,.F.);
#2948=ORIENTED_EDGE('',*,*,#4783,.F.);
#2949=ORIENTED_EDGE('',*,*,#4755,.T.);
#2950=ORIENTED_EDGE('',*,*,#4772,.F.);
#2951=ORIENTED_EDGE('',*,*,#4782,.T.);
#2952=ORIENTED_EDGE('',*,*,#4779,.T.);
#2953=ORIENTED_EDGE('',*,*,#4776,.T.);
#2954=ORIENTED_EDGE('',*,*,#4718,.T.);
#2955=ORIENTED_EDGE('',*,*,#4784,.T.);
#2956=ORIENTED_EDGE('',*,*,#4785,.F.);
#2957=ORIENTED_EDGE('',*,*,#4786,.T.);
#2958=ORIENTED_EDGE('',*,*,#4722,.F.);
#2959=ORIENTED_EDGE('',*,*,#4787,.T.);
#2960=ORIENTED_EDGE('',*,*,#4788,.T.);
#2961=ORIENTED_EDGE('',*,*,#4789,.T.);
#2962=ORIENTED_EDGE('',*,*,#4790,.T.);
#2963=ORIENTED_EDGE('',*,*,#4791,.T.);
#2964=ORIENTED_EDGE('',*,*,#4720,.F.);
#2965=ORIENTED_EDGE('',*,*,#4792,.T.);
#2966=ORIENTED_EDGE('',*,*,#4721,.F.);
#2967=ORIENTED_EDGE('',*,*,#4791,.F.);
#2968=ORIENTED_EDGE('',*,*,#4793,.F.);
#2969=ORIENTED_EDGE('',*,*,#4787,.F.);
#2970=ORIENTED_EDGE('',*,*,#4723,.F.);
#2971=ORIENTED_EDGE('',*,*,#4789,.F.);
#2972=ORIENTED_EDGE('',*,*,#4794,.F.);
#2973=ORIENTED_EDGE('',*,*,#4764,.F.);
#2974=ORIENTED_EDGE('',*,*,#4717,.F.);
#2975=ORIENTED_EDGE('',*,*,#4766,.F.);
#2976=ORIENTED_EDGE('',*,*,#4795,.F.);
#2977=ORIENTED_EDGE('',*,*,#4784,.F.);
#2978=ORIENTED_EDGE('',*,*,#4719,.F.);
#2979=ORIENTED_EDGE('',*,*,#4786,.F.);
#2980=ORIENTED_EDGE('',*,*,#4796,.F.);
#2981=ORIENTED_EDGE('',*,*,#4792,.F.);
#2982=ORIENTED_EDGE('',*,*,#4788,.F.);
#2983=ORIENTED_EDGE('',*,*,#4793,.T.);
#2984=ORIENTED_EDGE('',*,*,#4797,.T.);
#2985=ORIENTED_EDGE('',*,*,#4798,.T.);
#2986=ORIENTED_EDGE('',*,*,#4799,.T.);
#2987=ORIENTED_EDGE('',*,*,#4800,.T.);
#2988=ORIENTED_EDGE('',*,*,#4801,.T.);
#2989=ORIENTED_EDGE('',*,*,#4794,.T.);
#2990=ORIENTED_EDGE('',*,*,#4785,.T.);
#2991=ORIENTED_EDGE('',*,*,#4795,.T.);
#2992=ORIENTED_EDGE('',*,*,#4802,.T.);
#2993=ORIENTED_EDGE('',*,*,#4803,.T.);
#2994=ORIENTED_EDGE('',*,*,#4804,.F.);
#2995=ORIENTED_EDGE('',*,*,#4805,.T.);
#2996=ORIENTED_EDGE('',*,*,#4806,.T.);
#2997=ORIENTED_EDGE('',*,*,#4796,.T.);
#2998=ORIENTED_EDGE('',*,*,#4750,.T.);
#2999=ORIENTED_EDGE('',*,*,#4807,.T.);
#3000=ORIENTED_EDGE('',*,*,#4808,.F.);
#3001=ORIENTED_EDGE('',*,*,#4809,.T.);
#3002=ORIENTED_EDGE('',*,*,#4754,.F.);
#3003=ORIENTED_EDGE('',*,*,#4810,.T.);
#3004=ORIENTED_EDGE('',*,*,#4804,.T.);
#3005=ORIENTED_EDGE('',*,*,#4811,.T.);
#3006=ORIENTED_EDGE('',*,*,#4812,.T.);
#3007=ORIENTED_EDGE('',*,*,#4813,.T.);
#3008=ORIENTED_EDGE('',*,*,#4752,.F.);
#3009=ORIENTED_EDGE('',*,*,#4814,.T.);
#3010=ORIENTED_EDGE('',*,*,#4753,.F.);
#3011=ORIENTED_EDGE('',*,*,#4813,.F.);
#3012=ORIENTED_EDGE('',*,*,#4805,.F.);
#3013=ORIENTED_EDGE('',*,*,#4810,.F.);
#3014=ORIENTED_EDGE('',*,*,#4715,.F.);
#3015=ORIENTED_EDGE('',*,*,#4811,.F.);
#3016=ORIENTED_EDGE('',*,*,#4803,.F.);
#3017=ORIENTED_EDGE('',*,*,#4767,.F.);
#3018=ORIENTED_EDGE('',*,*,#4749,.F.);
#3019=ORIENTED_EDGE('',*,*,#4769,.F.);
#3020=ORIENTED_EDGE('',*,*,#4815,.F.);
#3021=ORIENTED_EDGE('',*,*,#4807,.F.);
#3022=ORIENTED_EDGE('',*,*,#4751,.F.);
#3023=ORIENTED_EDGE('',*,*,#4809,.F.);
#3024=ORIENTED_EDGE('',*,*,#4816,.F.);
#3025=ORIENTED_EDGE('',*,*,#4814,.F.);
#3026=ORIENTED_EDGE('',*,*,#4808,.T.);
#3027=ORIENTED_EDGE('',*,*,#4815,.T.);
#3028=ORIENTED_EDGE('',*,*,#4817,.T.);
#3029=ORIENTED_EDGE('',*,*,#4818,.T.);
#3030=ORIENTED_EDGE('',*,*,#4819,.F.);
#3031=ORIENTED_EDGE('',*,*,#4820,.T.);
#3032=ORIENTED_EDGE('',*,*,#4821,.T.);
#3033=ORIENTED_EDGE('',*,*,#4816,.T.);
#3034=ORIENTED_EDGE('',*,*,#4799,.F.);
#3035=ORIENTED_EDGE('',*,*,#4822,.T.);
#3036=ORIENTED_EDGE('',*,*,#4726,.T.);
#3037=ORIENTED_EDGE('',*,*,#4823,.T.);
#3038=ORIENTED_EDGE('',*,*,#4730,.F.);
#3039=ORIENTED_EDGE('',*,*,#4824,.T.);
#3040=ORIENTED_EDGE('',*,*,#4825,.T.);
#3041=ORIENTED_EDGE('',*,*,#4826,.T.);
#3042=ORIENTED_EDGE('',*,*,#4728,.F.);
#3043=ORIENTED_EDGE('',*,*,#4827,.T.);
#3044=ORIENTED_EDGE('',*,*,#4828,.T.);
#3045=ORIENTED_EDGE('',*,*,#4829,.T.);
#3046=ORIENTED_EDGE('',*,*,#4727,.F.);
#3047=ORIENTED_EDGE('',*,*,#4822,.F.);
#3048=ORIENTED_EDGE('',*,*,#4798,.F.);
#3049=ORIENTED_EDGE('',*,*,#4827,.F.);
#3050=ORIENTED_EDGE('',*,*,#4729,.F.);
#3051=ORIENTED_EDGE('',*,*,#4829,.F.);
#3052=ORIENTED_EDGE('',*,*,#4830,.F.);
#3053=ORIENTED_EDGE('',*,*,#4824,.F.);
#3054=ORIENTED_EDGE('',*,*,#4731,.F.);
#3055=ORIENTED_EDGE('',*,*,#4826,.F.);
#3056=ORIENTED_EDGE('',*,*,#4831,.F.);
#3057=ORIENTED_EDGE('',*,*,#4761,.F.);
#3058=ORIENTED_EDGE('',*,*,#4725,.F.);
#3059=ORIENTED_EDGE('',*,*,#4763,.F.);
#3060=ORIENTED_EDGE('',*,*,#4800,.F.);
#3061=ORIENTED_EDGE('',*,*,#4823,.F.);
#3062=ORIENTED_EDGE('',*,*,#4825,.F.);
#3063=ORIENTED_EDGE('',*,*,#4830,.T.);
#3064=ORIENTED_EDGE('',*,*,#4832,.T.);
#3065=ORIENTED_EDGE('',*,*,#4833,.T.);
#3066=ORIENTED_EDGE('',*,*,#4834,.T.);
#3067=ORIENTED_EDGE('',*,*,#4831,.T.);
#3068=ORIENTED_EDGE('',*,*,#4734,.T.);
#3069=ORIENTED_EDGE('',*,*,#4835,.T.);
#3070=ORIENTED_EDGE('',*,*,#4836,.T.);
#3071=ORIENTED_EDGE('',*,*,#4837,.T.);
#3072=ORIENTED_EDGE('',*,*,#4838,.T.);
#3073=ORIENTED_EDGE('',*,*,#4839,.T.);
#3074=ORIENTED_EDGE('',*,*,#4738,.F.);
#3075=ORIENTED_EDGE('',*,*,#4840,.T.);
#3076=ORIENTED_EDGE('',*,*,#4841,.T.);
#3077=ORIENTED_EDGE('',*,*,#4842,.T.);
#3078=ORIENTED_EDGE('',*,*,#4736,.F.);
#3079=ORIENTED_EDGE('',*,*,#4843,.T.);
#3080=ORIENTED_EDGE('',*,*,#4844,.T.);
#3081=ORIENTED_EDGE('',*,*,#4735,.F.);
#3082=ORIENTED_EDGE('',*,*,#4837,.F.);
#3083=ORIENTED_EDGE('',*,*,#4845,.F.);
#3084=ORIENTED_EDGE('',*,*,#4843,.F.);
#3085=ORIENTED_EDGE('',*,*,#4733,.F.);
#3086=ORIENTED_EDGE('',*,*,#4760,.F.);
#3087=ORIENTED_EDGE('',*,*,#4846,.F.);
#3088=ORIENTED_EDGE('',*,*,#4835,.F.);
#3089=ORIENTED_EDGE('',*,*,#4845,.T.);
#3090=ORIENTED_EDGE('',*,*,#4836,.F.);
#3091=ORIENTED_EDGE('',*,*,#4846,.T.);
#3092=ORIENTED_EDGE('',*,*,#4759,.F.);
#3093=ORIENTED_EDGE('',*,*,#4833,.F.);
#3094=ORIENTED_EDGE('',*,*,#4844,.F.);
#3095=ORIENTED_EDGE('',*,*,#4739,.F.);
#3096=ORIENTED_EDGE('',*,*,#4839,.F.);
#3097=ORIENTED_EDGE('',*,*,#4847,.F.);
#3098=ORIENTED_EDGE('',*,*,#4757,.F.);
#3099=ORIENTED_EDGE('',*,*,#4737,.F.);
#3100=ORIENTED_EDGE('',*,*,#4842,.F.);
#3101=ORIENTED_EDGE('',*,*,#4848,.F.);
#3102=ORIENTED_EDGE('',*,*,#4840,.F.);
#3103=ORIENTED_EDGE('',*,*,#4849,.T.);
#3104=ORIENTED_EDGE('',*,*,#4847,.T.);
#3105=ORIENTED_EDGE('',*,*,#4838,.F.);
#3106=ORIENTED_EDGE('',*,*,#4848,.T.);
#3107=ORIENTED_EDGE('',*,*,#4850,.T.);
#3108=ORIENTED_EDGE('',*,*,#4851,.T.);
#3109=ORIENTED_EDGE('',*,*,#4852,.T.);
#3110=ORIENTED_EDGE('',*,*,#4853,.T.);
#3111=ORIENTED_EDGE('',*,*,#4852,.F.);
#3112=ORIENTED_EDGE('',*,*,#4854,.T.);
#3113=ORIENTED_EDGE('',*,*,#4742,.T.);
#3114=ORIENTED_EDGE('',*,*,#4855,.T.);
#3115=ORIENTED_EDGE('',*,*,#4746,.F.);
#3116=ORIENTED_EDGE('',*,*,#4856,.T.);
#3117=ORIENTED_EDGE('',*,*,#4819,.T.);
#3118=ORIENTED_EDGE('',*,*,#4857,.T.);
#3119=ORIENTED_EDGE('',*,*,#4744,.F.);
#3120=ORIENTED_EDGE('',*,*,#4858,.T.);
#3121=ORIENTED_EDGE('',*,*,#4859,.T.);
#3122=ORIENTED_EDGE('',*,*,#4860,.T.);
#3123=ORIENTED_EDGE('',*,*,#4743,.F.);
#3124=ORIENTED_EDGE('',*,*,#4854,.F.);
#3125=ORIENTED_EDGE('',*,*,#4851,.F.);
#3126=ORIENTED_EDGE('',*,*,#4858,.F.);
#3127=ORIENTED_EDGE('',*,*,#4745,.F.);
#3128=ORIENTED_EDGE('',*,*,#4860,.F.);
#3129=ORIENTED_EDGE('',*,*,#4820,.F.);
#3130=ORIENTED_EDGE('',*,*,#4856,.F.);
#3131=ORIENTED_EDGE('',*,*,#4747,.F.);
#3132=ORIENTED_EDGE('',*,*,#4857,.F.);
#3133=ORIENTED_EDGE('',*,*,#4818,.F.);
#3134=ORIENTED_EDGE('',*,*,#4770,.F.);
#3135=ORIENTED_EDGE('',*,*,#4741,.F.);
#3136=ORIENTED_EDGE('',*,*,#4756,.F.);
#3137=ORIENTED_EDGE('',*,*,#4853,.F.);
#3138=ORIENTED_EDGE('',*,*,#4855,.F.);
#3139=ORIENTED_EDGE('',*,*,#4861,.T.);
#3140=ORIENTED_EDGE('',*,*,#4862,.T.);
#3141=ORIENTED_EDGE('',*,*,#4771,.F.);
#3142=ORIENTED_EDGE('',*,*,#4817,.F.);
#3143=ORIENTED_EDGE('',*,*,#4768,.T.);
#3144=ORIENTED_EDGE('',*,*,#4802,.F.);
#3145=ORIENTED_EDGE('',*,*,#4765,.T.);
#3146=ORIENTED_EDGE('',*,*,#4801,.F.);
#3147=ORIENTED_EDGE('',*,*,#4762,.T.);
#3148=ORIENTED_EDGE('',*,*,#4834,.F.);
#3149=ORIENTED_EDGE('',*,*,#4758,.T.);
#3150=ORIENTED_EDGE('',*,*,#4849,.F.);
#3151=ORIENTED_EDGE('',*,*,#4861,.F.);
#3152=ORIENTED_EDGE('',*,*,#4862,.F.);
#3153=ORIENTED_EDGE('',*,*,#4859,.F.);
#3154=ORIENTED_EDGE('',*,*,#4850,.F.);
#3155=ORIENTED_EDGE('',*,*,#4841,.F.);
#3156=ORIENTED_EDGE('',*,*,#4832,.F.);
#3157=ORIENTED_EDGE('',*,*,#4828,.F.);
#3158=ORIENTED_EDGE('',*,*,#4797,.F.);
#3159=ORIENTED_EDGE('',*,*,#4790,.F.);
#3160=ORIENTED_EDGE('',*,*,#4806,.F.);
#3161=ORIENTED_EDGE('',*,*,#4812,.F.);
#3162=ORIENTED_EDGE('',*,*,#4821,.F.);
#3163=ORIENTED_EDGE('',*,*,#4863,.F.);
#3164=ORIENTED_EDGE('',*,*,#4864,.T.);
#3165=ORIENTED_EDGE('',*,*,#4865,.T.);
#3166=ORIENTED_EDGE('',*,*,#4866,.T.);
#3167=ORIENTED_EDGE('',*,*,#4867,.F.);
#3168=ORIENTED_EDGE('',*,*,#4868,.T.);
#3169=ORIENTED_EDGE('',*,*,#4869,.F.);
#3170=ORIENTED_EDGE('',*,*,#4870,.T.);
#3171=ORIENTED_EDGE('',*,*,#4871,.T.);
#3172=ORIENTED_EDGE('',*,*,#4872,.F.);
#3173=ORIENTED_EDGE('',*,*,#4873,.F.);
#3174=ORIENTED_EDGE('',*,*,#4874,.T.);
#3175=ORIENTED_EDGE('',*,*,#4875,.F.);
#3176=ORIENTED_EDGE('',*,*,#4876,.F.);
#3177=ORIENTED_EDGE('',*,*,#4877,.F.);
#3178=ORIENTED_EDGE('',*,*,#4878,.F.);
#3179=ORIENTED_EDGE('',*,*,#4879,.F.);
#3180=ORIENTED_EDGE('',*,*,#4880,.T.);
#3181=ORIENTED_EDGE('',*,*,#4881,.T.);
#3182=ORIENTED_EDGE('',*,*,#4882,.T.);
#3183=ORIENTED_EDGE('',*,*,#4883,.F.);
#3184=ORIENTED_EDGE('',*,*,#4884,.T.);
#3185=ORIENTED_EDGE('',*,*,#4885,.T.);
#3186=ORIENTED_EDGE('',*,*,#4886,.T.);
#3187=ORIENTED_EDGE('',*,*,#4887,.F.);
#3188=ORIENTED_EDGE('',*,*,#4888,.T.);
#3189=ORIENTED_EDGE('',*,*,#4889,.T.);
#3190=ORIENTED_EDGE('',*,*,#4890,.T.);
#3191=ORIENTED_EDGE('',*,*,#4891,.T.);
#3192=ORIENTED_EDGE('',*,*,#4892,.T.);
#3193=ORIENTED_EDGE('',*,*,#4893,.T.);
#3194=ORIENTED_EDGE('',*,*,#4894,.T.);
#3195=ORIENTED_EDGE('',*,*,#4895,.T.);
#3196=ORIENTED_EDGE('',*,*,#4896,.T.);
#3197=ORIENTED_EDGE('',*,*,#4897,.T.);
#3198=ORIENTED_EDGE('',*,*,#4898,.T.);
#3199=ORIENTED_EDGE('',*,*,#4899,.F.);
#3200=ORIENTED_EDGE('',*,*,#4900,.T.);
#3201=ORIENTED_EDGE('',*,*,#4901,.F.);
#3202=ORIENTED_EDGE('',*,*,#4902,.T.);
#3203=ORIENTED_EDGE('',*,*,#4903,.T.);
#3204=ORIENTED_EDGE('',*,*,#4904,.T.);
#3205=ORIENTED_EDGE('',*,*,#4905,.F.);
#3206=ORIENTED_EDGE('',*,*,#4906,.F.);
#3207=ORIENTED_EDGE('',*,*,#4907,.T.);
#3208=ORIENTED_EDGE('',*,*,#4908,.T.);
#3209=ORIENTED_EDGE('',*,*,#4909,.F.);
#3210=ORIENTED_EDGE('',*,*,#4910,.T.);
#3211=ORIENTED_EDGE('',*,*,#4911,.F.);
#3212=ORIENTED_EDGE('',*,*,#4905,.T.);
#3213=ORIENTED_EDGE('',*,*,#4912,.F.);
#3214=ORIENTED_EDGE('',*,*,#4913,.F.);
#3215=ORIENTED_EDGE('',*,*,#4914,.T.);
#3216=ORIENTED_EDGE('',*,*,#4915,.T.);
#3217=ORIENTED_EDGE('',*,*,#4916,.T.);
#3218=ORIENTED_EDGE('',*,*,#4917,.T.);
#3219=ORIENTED_EDGE('',*,*,#4903,.F.);
#3220=ORIENTED_EDGE('',*,*,#4918,.T.);
#3221=ORIENTED_EDGE('',*,*,#4919,.F.);
#3222=ORIENTED_EDGE('',*,*,#4920,.F.);
#3223=ORIENTED_EDGE('',*,*,#4907,.F.);
#3224=ORIENTED_EDGE('',*,*,#4921,.T.);
#3225=ORIENTED_EDGE('',*,*,#4922,.F.);
#3226=ORIENTED_EDGE('',*,*,#4923,.F.);
#3227=ORIENTED_EDGE('',*,*,#4924,.T.);
#3228=ORIENTED_EDGE('',*,*,#4925,.T.);
#3229=ORIENTED_EDGE('',*,*,#4909,.T.);
#3230=ORIENTED_EDGE('',*,*,#4926,.T.);
#3231=ORIENTED_EDGE('',*,*,#4927,.F.);
#3232=ORIENTED_EDGE('',*,*,#4928,.T.);
#3233=ORIENTED_EDGE('',*,*,#4929,.T.);
#3234=ORIENTED_EDGE('',*,*,#4930,.F.);
#3235=ORIENTED_EDGE('',*,*,#4931,.F.);
#3236=ORIENTED_EDGE('',*,*,#4932,.F.);
#3237=ORIENTED_EDGE('',*,*,#4933,.F.);
#3238=ORIENTED_EDGE('',*,*,#4934,.F.);
#3239=ORIENTED_EDGE('',*,*,#4925,.F.);
#3240=ORIENTED_EDGE('',*,*,#4935,.F.);
#3241=ORIENTED_EDGE('',*,*,#4912,.T.);
#3242=ORIENTED_EDGE('',*,*,#4936,.T.);
#3243=ORIENTED_EDGE('',*,*,#4921,.F.);
#3244=ORIENTED_EDGE('',*,*,#4910,.F.);
#3245=ORIENTED_EDGE('',*,*,#4930,.T.);
#3246=ORIENTED_EDGE('',*,*,#4937,.T.);
#3247=ORIENTED_EDGE('',*,*,#4911,.T.);
#3248=ORIENTED_EDGE('',*,*,#4938,.F.);
#3249=ORIENTED_EDGE('',*,*,#4918,.F.);
#3250=ORIENTED_EDGE('',*,*,#4906,.T.);
#3251=ORIENTED_EDGE('',*,*,#4919,.T.);
#3252=ORIENTED_EDGE('',*,*,#4938,.T.);
#3253=ORIENTED_EDGE('',*,*,#4915,.F.);
#3254=ORIENTED_EDGE('',*,*,#4939,.F.);
#3255=ORIENTED_EDGE('',*,*,#4937,.F.);
#3256=ORIENTED_EDGE('',*,*,#4929,.F.);
#3257=ORIENTED_EDGE('',*,*,#4940,.T.);
#3258=ORIENTED_EDGE('',*,*,#4922,.T.);
#3259=ORIENTED_EDGE('',*,*,#4914,.F.);
#3260=ORIENTED_EDGE('',*,*,#4941,.F.);
#3261=ORIENTED_EDGE('',*,*,#4920,.T.);
#3262=ORIENTED_EDGE('',*,*,#4939,.T.);
#3263=ORIENTED_EDGE('',*,*,#4923,.T.);
#3264=ORIENTED_EDGE('',*,*,#4940,.F.);
#3265=ORIENTED_EDGE('',*,*,#4928,.F.);
#3266=ORIENTED_EDGE('',*,*,#4942,.T.);
#3267=ORIENTED_EDGE('',*,*,#4875,.T.);
#3268=ORIENTED_EDGE('',*,*,#4943,.F.);
#3269=ORIENTED_EDGE('',*,*,#4877,.T.);
#3270=ORIENTED_EDGE('',*,*,#4944,.F.);
#3271=ORIENTED_EDGE('',*,*,#4927,.T.);
#3272=ORIENTED_EDGE('',*,*,#4945,.T.);
#3273=ORIENTED_EDGE('',*,*,#4894,.F.);
#3274=ORIENTED_EDGE('',*,*,#4893,.F.);
#3275=ORIENTED_EDGE('',*,*,#4946,.F.);
#3276=ORIENTED_EDGE('',*,*,#4947,.F.);
#3277=ORIENTED_EDGE('',*,*,#4948,.F.);
#3278=ORIENTED_EDGE('',*,*,#4885,.F.);
#3279=ORIENTED_EDGE('',*,*,#4884,.F.);
#3280=ORIENTED_EDGE('',*,*,#4883,.T.);
#3281=ORIENTED_EDGE('',*,*,#4949,.T.);
#3282=ORIENTED_EDGE('',*,*,#4950,.F.);
#3283=ORIENTED_EDGE('',*,*,#4951,.T.);
#3284=ORIENTED_EDGE('',*,*,#4899,.T.);
#3285=ORIENTED_EDGE('',*,*,#4898,.F.);
#3286=ORIENTED_EDGE('',*,*,#4952,.T.);
#3287=ORIENTED_EDGE('',*,*,#4916,.F.);
#3288=ORIENTED_EDGE('',*,*,#4941,.T.);
#3289=ORIENTED_EDGE('',*,*,#4913,.T.);
#3290=ORIENTED_EDGE('',*,*,#4935,.T.);
#3291=ORIENTED_EDGE('',*,*,#4924,.F.);
#3292=ORIENTED_EDGE('',*,*,#4942,.F.);
#3293=ORIENTED_EDGE('',*,*,#4952,.F.);
#3294=ORIENTED_EDGE('',*,*,#4897,.F.);
#3295=ORIENTED_EDGE('',*,*,#4953,.F.);
#3296=ORIENTED_EDGE('',*,*,#4917,.F.);
#3297=ORIENTED_EDGE('',*,*,#4953,.T.);
#3298=ORIENTED_EDGE('',*,*,#4896,.F.);
#3299=ORIENTED_EDGE('',*,*,#4954,.F.);
#3300=ORIENTED_EDGE('',*,*,#4908,.F.);
#3301=ORIENTED_EDGE('',*,*,#4936,.F.);
#3302=ORIENTED_EDGE('',*,*,#4904,.F.);
#3303=ORIENTED_EDGE('',*,*,#4945,.F.);
#3304=ORIENTED_EDGE('',*,*,#4926,.F.);
#3305=ORIENTED_EDGE('',*,*,#4954,.T.);
#3306=ORIENTED_EDGE('',*,*,#4895,.F.);
#3307=ORIENTED_EDGE('',*,*,#4955,.T.);
#3308=ORIENTED_EDGE('',*,*,#4956,.T.);
#3309=ORIENTED_EDGE('',*,*,#4957,.T.);
#3310=ORIENTED_EDGE('',*,*,#4958,.T.);
#3311=ORIENTED_EDGE('',*,*,#4959,.F.);
#3312=ORIENTED_EDGE('',*,*,#4960,.T.);
#3313=ORIENTED_EDGE('',*,*,#4961,.T.);
#3314=ORIENTED_EDGE('',*,*,#4956,.F.);
#3315=ORIENTED_EDGE('',*,*,#4962,.T.);
#3316=ORIENTED_EDGE('',*,*,#4963,.F.);
#3317=ORIENTED_EDGE('',*,*,#4964,.F.);
#3318=ORIENTED_EDGE('',*,*,#4958,.F.);
#3319=ORIENTED_EDGE('',*,*,#4965,.T.);
#3320=ORIENTED_EDGE('',*,*,#4963,.T.);
#3321=ORIENTED_EDGE('',*,*,#4966,.F.);
#3322=ORIENTED_EDGE('',*,*,#4967,.F.);
#3323=ORIENTED_EDGE('',*,*,#4961,.F.);
#3324=ORIENTED_EDGE('',*,*,#4968,.T.);
#3325=ORIENTED_EDGE('',*,*,#4969,.T.);
#3326=ORIENTED_EDGE('',*,*,#4970,.F.);
#3327=ORIENTED_EDGE('',*,*,#4966,.T.);
#3328=ORIENTED_EDGE('',*,*,#4962,.F.);
#3329=ORIENTED_EDGE('',*,*,#4957,.F.);
#3330=ORIENTED_EDGE('',*,*,#4964,.T.);
#3331=ORIENTED_EDGE('',*,*,#4965,.F.);
#3332=ORIENTED_EDGE('',*,*,#4971,.T.);
#3333=ORIENTED_EDGE('',*,*,#4972,.F.);
#3334=ORIENTED_EDGE('',*,*,#4973,.F.);
#3335=ORIENTED_EDGE('',*,*,#4959,.T.);
#3336=ORIENTED_EDGE('',*,*,#4955,.F.);
#3337=ORIENTED_EDGE('',*,*,#4974,.F.);
#3338=ORIENTED_EDGE('',*,*,#4975,.T.);
#3339=ORIENTED_EDGE('',*,*,#4948,.T.);
#3340=ORIENTED_EDGE('',*,*,#4972,.T.);
#3341=ORIENTED_EDGE('',*,*,#4976,.F.);
#3342=ORIENTED_EDGE('',*,*,#4977,.T.);
#3343=ORIENTED_EDGE('',*,*,#4978,.T.);
#3344=ORIENTED_EDGE('',*,*,#4867,.T.);
#3345=ORIENTED_EDGE('',*,*,#4979,.T.);
#3346=ORIENTED_EDGE('',*,*,#4980,.T.);
#3347=ORIENTED_EDGE('',*,*,#4976,.T.);
#3348=ORIENTED_EDGE('',*,*,#4866,.F.);
#3349=ORIENTED_EDGE('',*,*,#4981,.F.);
#3350=ORIENTED_EDGE('',*,*,#4982,.T.);
#3351=ORIENTED_EDGE('',*,*,#4974,.T.);
#3352=ORIENTED_EDGE('',*,*,#4971,.F.);
#3353=ORIENTED_EDGE('',*,*,#4967,.T.);
#3354=ORIENTED_EDGE('',*,*,#4970,.T.);
#3355=ORIENTED_EDGE('',*,*,#4865,.F.);
#3356=ORIENTED_EDGE('',*,*,#4983,.T.);
#3357=ORIENTED_EDGE('',*,*,#4984,.T.);
#3358=ORIENTED_EDGE('',*,*,#4981,.T.);
#3359=ORIENTED_EDGE('',*,*,#4985,.F.);
#3360=ORIENTED_EDGE('',*,*,#4986,.T.);
#3361=ORIENTED_EDGE('',*,*,#4987,.T.);
#3362=ORIENTED_EDGE('',*,*,#4988,.T.);
#3363=ORIENTED_EDGE('',*,*,#4889,.F.);
#3364=ORIENTED_EDGE('',*,*,#4989,.T.);
#3365=ORIENTED_EDGE('',*,*,#4990,.T.);
#3366=ORIENTED_EDGE('',*,*,#4991,.T.);
#3367=ORIENTED_EDGE('',*,*,#4891,.F.);
#3368=ORIENTED_EDGE('',*,*,#4992,.T.);
#3369=ORIENTED_EDGE('',*,*,#4993,.T.);
#3370=ORIENTED_EDGE('',*,*,#4994,.T.);
#3371=ORIENTED_EDGE('',*,*,#4887,.T.);
#3372=ORIENTED_EDGE('',*,*,#4995,.T.);
#3373=ORIENTED_EDGE('',*,*,#4946,.T.);
#3374=ORIENTED_EDGE('',*,*,#4996,.T.);
#3375=ORIENTED_EDGE('',*,*,#4979,.F.);
#3376=ORIENTED_EDGE('',*,*,#4969,.F.);
#3377=ORIENTED_EDGE('',*,*,#4973,.T.);
#3378=ORIENTED_EDGE('',*,*,#4947,.T.);
#3379=ORIENTED_EDGE('',*,*,#4968,.F.);
#3380=ORIENTED_EDGE('',*,*,#4960,.F.);
#3381=ORIENTED_EDGE('',*,*,#4997,.F.);
#3382=ORIENTED_EDGE('',*,*,#4998,.F.);
#3383=ORIENTED_EDGE('',*,*,#4999,.F.);
#3384=ORIENTED_EDGE('',*,*,#5000,.F.);
#3385=ORIENTED_EDGE('',*,*,#5001,.T.);
#3386=ORIENTED_EDGE('',*,*,#5000,.T.);
#3387=ORIENTED_EDGE('',*,*,#5002,.F.);
#3388=ORIENTED_EDGE('',*,*,#5003,.F.);
#3389=ORIENTED_EDGE('',*,*,#5004,.F.);
#3390=ORIENTED_EDGE('',*,*,#4998,.T.);
#3391=ORIENTED_EDGE('',*,*,#5005,.T.);
#3392=ORIENTED_EDGE('',*,*,#5006,.T.);
#3393=ORIENTED_EDGE('',*,*,#5007,.F.);
#3394=ORIENTED_EDGE('',*,*,#5008,.T.);
#3395=ORIENTED_EDGE('',*,*,#5009,.T.);
#3396=ORIENTED_EDGE('',*,*,#5006,.F.);
#3397=ORIENTED_EDGE('',*,*,#5002,.T.);
#3398=ORIENTED_EDGE('',*,*,#4999,.T.);
#3399=ORIENTED_EDGE('',*,*,#5004,.T.);
#3400=ORIENTED_EDGE('',*,*,#5009,.F.);
#3401=ORIENTED_EDGE('',*,*,#5010,.T.);
#3402=ORIENTED_EDGE('',*,*,#5011,.F.);
#3403=ORIENTED_EDGE('',*,*,#5012,.F.);
#3404=ORIENTED_EDGE('',*,*,#5005,.F.);
#3405=ORIENTED_EDGE('',*,*,#4997,.T.);
#3406=ORIENTED_EDGE('',*,*,#5001,.F.);
#3407=ORIENTED_EDGE('',*,*,#5013,.T.);
#3408=ORIENTED_EDGE('',*,*,#5014,.T.);
#3409=ORIENTED_EDGE('',*,*,#5015,.F.);
#3410=ORIENTED_EDGE('',*,*,#5007,.T.);
#3411=ORIENTED_EDGE('',*,*,#4949,.F.);
#3412=ORIENTED_EDGE('',*,*,#5016,.T.);
#3413=ORIENTED_EDGE('',*,*,#5017,.T.);
#3414=ORIENTED_EDGE('',*,*,#5014,.F.);
#3415=ORIENTED_EDGE('',*,*,#5018,.T.);
#3416=ORIENTED_EDGE('',*,*,#5019,.T.);
#3417=ORIENTED_EDGE('',*,*,#5020,.T.);
#3418=ORIENTED_EDGE('',*,*,#4871,.F.);
#3419=ORIENTED_EDGE('',*,*,#5020,.F.);
#3420=ORIENTED_EDGE('',*,*,#5021,.T.);
#3421=ORIENTED_EDGE('',*,*,#5022,.F.);
#3422=ORIENTED_EDGE('',*,*,#5010,.F.);
#3423=ORIENTED_EDGE('',*,*,#5008,.F.);
#3424=ORIENTED_EDGE('',*,*,#5015,.T.);
#3425=ORIENTED_EDGE('',*,*,#5017,.F.);
#3426=ORIENTED_EDGE('',*,*,#5023,.T.);
#3427=ORIENTED_EDGE('',*,*,#5024,.T.);
#3428=ORIENTED_EDGE('',*,*,#4872,.T.);
#3429=ORIENTED_EDGE('',*,*,#5025,.T.);
#3430=ORIENTED_EDGE('',*,*,#5026,.T.);
#3431=ORIENTED_EDGE('',*,*,#4873,.T.);
#3432=ORIENTED_EDGE('',*,*,#5024,.F.);
#3433=ORIENTED_EDGE('',*,*,#5027,.F.);
#3434=ORIENTED_EDGE('',*,*,#5028,.T.);
#3435=ORIENTED_EDGE('',*,*,#5029,.T.);
#3436=ORIENTED_EDGE('',*,*,#5030,.T.);
#3437=ORIENTED_EDGE('',*,*,#4879,.T.);
#3438=ORIENTED_EDGE('',*,*,#5031,.T.);
#3439=ORIENTED_EDGE('',*,*,#4901,.T.);
#3440=ORIENTED_EDGE('',*,*,#5032,.T.);
#3441=ORIENTED_EDGE('',*,*,#5033,.T.);
#3442=ORIENTED_EDGE('',*,*,#5034,.T.);
#3443=ORIENTED_EDGE('',*,*,#4881,.F.);
#3444=ORIENTED_EDGE('',*,*,#5035,.T.);
#3445=ORIENTED_EDGE('',*,*,#5036,.T.);
#3446=ORIENTED_EDGE('',*,*,#5037,.T.);
#3447=ORIENTED_EDGE('',*,*,#5022,.T.);
#3448=ORIENTED_EDGE('',*,*,#5038,.T.);
#3449=ORIENTED_EDGE('',*,*,#4951,.F.);
#3450=ORIENTED_EDGE('',*,*,#5011,.T.);
#3451=ORIENTED_EDGE('',*,*,#5012,.T.);
#3452=ORIENTED_EDGE('',*,*,#4950,.T.);
#3453=ORIENTED_EDGE('',*,*,#5013,.F.);
#3454=ORIENTED_EDGE('',*,*,#5003,.T.);
#3455=ORIENTED_EDGE('',*,*,#5039,.F.);
#3456=ORIENTED_EDGE('',*,*,#4931,.T.);
#3457=ORIENTED_EDGE('',*,*,#5040,.F.);
#3458=ORIENTED_EDGE('',*,*,#5039,.T.);
#3459=ORIENTED_EDGE('',*,*,#5041,.F.);
#3460=ORIENTED_EDGE('',*,*,#4932,.T.);
#3461=ORIENTED_EDGE('',*,*,#5042,.F.);
#3462=ORIENTED_EDGE('',*,*,#5041,.T.);
#3463=ORIENTED_EDGE('',*,*,#5043,.F.);
#3464=ORIENTED_EDGE('',*,*,#4934,.T.);
#3465=ORIENTED_EDGE('',*,*,#4944,.T.);
#3466=ORIENTED_EDGE('',*,*,#5043,.T.);
#3467=ORIENTED_EDGE('',*,*,#5044,.F.);
#3468=ORIENTED_EDGE('',*,*,#4933,.T.);
#3469=ORIENTED_EDGE('',*,*,#4943,.T.);
#3470=ORIENTED_EDGE('',*,*,#5044,.T.);
#3471=ORIENTED_EDGE('',*,*,#5045,.T.);
#3472=ORIENTED_EDGE('',*,*,#5045,.F.);
#3473=ORIENTED_EDGE('',*,*,#5040,.T.);
#3474=ORIENTED_EDGE('',*,*,#5046,.T.);
#3475=ORIENTED_EDGE('',*,*,#5046,.F.);
#3476=ORIENTED_EDGE('',*,*,#5042,.T.);
#3477=ORIENTED_EDGE('',*,*,#5047,.T.);
#3478=ORIENTED_EDGE('',*,*,#4878,.T.);
#3479=ORIENTED_EDGE('',*,*,#5048,.T.);
#3480=ORIENTED_EDGE('',*,*,#5049,.F.);
#3481=ORIENTED_EDGE('',*,*,#5050,.T.);
#3482=ORIENTED_EDGE('',*,*,#4876,.T.);
#3483=ORIENTED_EDGE('',*,*,#5051,.T.);
#3484=ORIENTED_EDGE('',*,*,#5052,.F.);
#3485=ORIENTED_EDGE('',*,*,#5053,.T.);
#3486=ORIENTED_EDGE('',*,*,#5054,.T.);
#3487=ORIENTED_EDGE('',*,*,#5049,.T.);
#3488=ORIENTED_EDGE('',*,*,#5055,.T.);
#3489=ORIENTED_EDGE('',*,*,#5056,.T.);
#3490=ORIENTED_EDGE('',*,*,#5052,.T.);
#3491=ORIENTED_EDGE('',*,*,#4902,.F.);
#3492=ORIENTED_EDGE('',*,*,#5034,.F.);
#3493=ORIENTED_EDGE('',*,*,#5057,.F.);
#3494=ORIENTED_EDGE('',*,*,#5031,.F.);
#3495=ORIENTED_EDGE('',*,*,#5057,.T.);
#3496=ORIENTED_EDGE('',*,*,#5033,.F.);
#3497=ORIENTED_EDGE('',*,*,#5058,.F.);
#3498=ORIENTED_EDGE('',*,*,#5018,.F.);
#3499=ORIENTED_EDGE('',*,*,#4870,.F.);
#3500=ORIENTED_EDGE('',*,*,#5059,.F.);
#3501=ORIENTED_EDGE('',*,*,#4900,.F.);
#3502=ORIENTED_EDGE('',*,*,#5038,.F.);
#3503=ORIENTED_EDGE('',*,*,#5021,.F.);
#3504=ORIENTED_EDGE('',*,*,#5019,.F.);
#3505=ORIENTED_EDGE('',*,*,#5058,.T.);
#3506=ORIENTED_EDGE('',*,*,#5032,.F.);
#3507=ORIENTED_EDGE('',*,*,#4882,.F.);
#3508=ORIENTED_EDGE('',*,*,#5037,.F.);
#3509=ORIENTED_EDGE('',*,*,#5060,.F.);
#3510=ORIENTED_EDGE('',*,*,#5025,.F.);
#3511=ORIENTED_EDGE('',*,*,#5023,.F.);
#3512=ORIENTED_EDGE('',*,*,#5016,.F.);
#3513=ORIENTED_EDGE('',*,*,#5060,.T.);
#3514=ORIENTED_EDGE('',*,*,#5036,.F.);
#3515=ORIENTED_EDGE('',*,*,#5061,.F.);
#3516=ORIENTED_EDGE('',*,*,#5062,.F.);
#3517=ORIENTED_EDGE('',*,*,#4874,.F.);
#3518=ORIENTED_EDGE('',*,*,#5026,.F.);
#3519=ORIENTED_EDGE('',*,*,#5061,.T.);
#3520=ORIENTED_EDGE('',*,*,#5035,.F.);
#3521=ORIENTED_EDGE('',*,*,#4880,.F.);
#3522=ORIENTED_EDGE('',*,*,#5030,.F.);
#3523=ORIENTED_EDGE('',*,*,#4890,.F.);
#3524=ORIENTED_EDGE('',*,*,#4988,.F.);
#3525=ORIENTED_EDGE('',*,*,#5063,.F.);
#3526=ORIENTED_EDGE('',*,*,#4992,.F.);
#3527=ORIENTED_EDGE('',*,*,#4868,.F.);
#3528=ORIENTED_EDGE('',*,*,#4978,.F.);
#3529=ORIENTED_EDGE('',*,*,#5064,.F.);
#3530=ORIENTED_EDGE('',*,*,#4990,.F.);
#3531=ORIENTED_EDGE('',*,*,#5063,.T.);
#3532=ORIENTED_EDGE('',*,*,#5065,.F.);
#3533=ORIENTED_EDGE('',*,*,#4892,.F.);
#3534=ORIENTED_EDGE('',*,*,#4991,.F.);
#3535=ORIENTED_EDGE('',*,*,#5064,.T.);
#3536=ORIENTED_EDGE('',*,*,#4977,.F.);
#3537=ORIENTED_EDGE('',*,*,#4980,.F.);
#3538=ORIENTED_EDGE('',*,*,#4996,.F.);
#3539=ORIENTED_EDGE('',*,*,#4982,.F.);
#3540=ORIENTED_EDGE('',*,*,#4984,.F.);
#3541=ORIENTED_EDGE('',*,*,#5066,.F.);
#3542=ORIENTED_EDGE('',*,*,#4995,.F.);
#3543=ORIENTED_EDGE('',*,*,#4886,.F.);
#3544=ORIENTED_EDGE('',*,*,#4975,.F.);
#3545=ORIENTED_EDGE('',*,*,#4864,.F.);
#3546=ORIENTED_EDGE('',*,*,#5067,.F.);
#3547=ORIENTED_EDGE('',*,*,#5068,.F.);
#3548=ORIENTED_EDGE('',*,*,#4993,.F.);
#3549=ORIENTED_EDGE('',*,*,#5066,.T.);
#3550=ORIENTED_EDGE('',*,*,#4983,.F.);
#3551=ORIENTED_EDGE('',*,*,#5068,.T.);
#3552=ORIENTED_EDGE('',*,*,#4989,.F.);
#3553=ORIENTED_EDGE('',*,*,#4888,.F.);
#3554=ORIENTED_EDGE('',*,*,#4994,.F.);
#3555=ORIENTED_EDGE('',*,*,#5056,.F.);
#3556=ORIENTED_EDGE('',*,*,#5055,.F.);
#3557=ORIENTED_EDGE('',*,*,#5054,.F.);
#3558=ORIENTED_EDGE('',*,*,#5053,.F.);
#3559=ORIENTED_EDGE('',*,*,#5047,.F.);
#3560=ORIENTED_EDGE('',*,*,#5048,.F.);
#3561=ORIENTED_EDGE('',*,*,#5050,.F.);
#3562=ORIENTED_EDGE('',*,*,#5051,.F.);
#3563=ORIENTED_EDGE('',*,*,#5069,.F.);
#3564=ORIENTED_EDGE('',*,*,#5070,.T.);
#3565=ORIENTED_EDGE('',*,*,#5027,.T.);
#3566=ORIENTED_EDGE('',*,*,#5059,.T.);
#3567=ORIENTED_EDGE('',*,*,#5071,.F.);
#3568=ORIENTED_EDGE('',*,*,#5029,.F.);
#3569=ORIENTED_EDGE('',*,*,#5072,.T.);
#3570=ORIENTED_EDGE('',*,*,#5073,.T.);
#3571=ORIENTED_EDGE('',*,*,#5074,.T.);
#3572=ORIENTED_EDGE('',*,*,#5062,.T.);
#3573=ORIENTED_EDGE('',*,*,#5075,.T.);
#3574=ORIENTED_EDGE('',*,*,#5076,.T.);
#3575=ORIENTED_EDGE('',*,*,#5077,.F.);
#3576=ORIENTED_EDGE('',*,*,#5078,.T.);
#3577=ORIENTED_EDGE('',*,*,#4987,.F.);
#3578=ORIENTED_EDGE('',*,*,#5079,.T.);
#3579=ORIENTED_EDGE('',*,*,#5080,.F.);
#3580=ORIENTED_EDGE('',*,*,#5081,.T.);
#3581=ORIENTED_EDGE('',*,*,#5065,.T.);
#3582=ORIENTED_EDGE('',*,*,#5082,.T.);
#3583=ORIENTED_EDGE('',*,*,#5083,.T.);
#3584=ORIENTED_EDGE('',*,*,#4985,.T.);
#3585=ORIENTED_EDGE('',*,*,#5067,.T.);
#3586=ORIENTED_EDGE('',*,*,#5084,.F.);
#3587=ORIENTED_EDGE('',*,*,#5085,.T.);
#3588=ORIENTED_EDGE('',*,*,#5086,.T.);
#3589=ORIENTED_EDGE('',*,*,#5087,.T.);
#3590=ORIENTED_EDGE('',*,*,#5088,.T.);
#3591=ORIENTED_EDGE('',*,*,#4869,.T.);
#3592=ORIENTED_EDGE('',*,*,#5074,.F.);
#3593=ORIENTED_EDGE('',*,*,#5089,.F.);
#3594=ORIENTED_EDGE('',*,*,#5071,.T.);
#3595=ORIENTED_EDGE('',*,*,#5077,.T.);
#3596=ORIENTED_EDGE('',*,*,#5090,.T.);
#3597=ORIENTED_EDGE('',*,*,#5069,.T.);
#3598=ORIENTED_EDGE('',*,*,#5089,.T.);
#3599=ORIENTED_EDGE('',*,*,#5073,.F.);
#3600=ORIENTED_EDGE('',*,*,#5091,.T.);
#3601=ORIENTED_EDGE('',*,*,#4863,.T.);
#3602=ORIENTED_EDGE('',*,*,#5081,.F.);
#3603=ORIENTED_EDGE('',*,*,#5092,.F.);
#3604=ORIENTED_EDGE('',*,*,#5084,.T.);
#3605=ORIENTED_EDGE('',*,*,#5080,.T.);
#3606=ORIENTED_EDGE('',*,*,#5093,.T.);
#3607=ORIENTED_EDGE('',*,*,#5085,.F.);
#3608=ORIENTED_EDGE('',*,*,#5094,.T.);
#3609=ORIENTED_EDGE('',*,*,#5082,.F.);
#3610=ORIENTED_EDGE('',*,*,#5092,.T.);
#3611=ORIENTED_EDGE('',*,*,#5091,.F.);
#3612=ORIENTED_EDGE('',*,*,#5072,.F.);
#3613=ORIENTED_EDGE('',*,*,#5095,.F.);
#3614=ORIENTED_EDGE('',*,*,#5078,.F.);
#3615=ORIENTED_EDGE('',*,*,#5095,.T.);
#3616=ORIENTED_EDGE('',*,*,#5028,.F.);
#3617=ORIENTED_EDGE('',*,*,#5096,.F.);
#3618=ORIENTED_EDGE('',*,*,#5075,.F.);
#3619=ORIENTED_EDGE('',*,*,#5096,.T.);
#3620=ORIENTED_EDGE('',*,*,#5070,.F.);
#3621=ORIENTED_EDGE('',*,*,#5090,.F.);
#3622=ORIENTED_EDGE('',*,*,#5076,.F.);
#3623=ORIENTED_EDGE('',*,*,#5094,.F.);
#3624=ORIENTED_EDGE('',*,*,#5088,.F.);
#3625=ORIENTED_EDGE('',*,*,#5097,.F.);
#3626=ORIENTED_EDGE('',*,*,#5083,.F.);
#3627=ORIENTED_EDGE('',*,*,#5097,.T.);
#3628=ORIENTED_EDGE('',*,*,#5087,.F.);
#3629=ORIENTED_EDGE('',*,*,#5098,.F.);
#3630=ORIENTED_EDGE('',*,*,#4986,.F.);
#3631=ORIENTED_EDGE('',*,*,#5093,.F.);
#3632=ORIENTED_EDGE('',*,*,#5079,.F.);
#3633=ORIENTED_EDGE('',*,*,#5098,.T.);
#3634=ORIENTED_EDGE('',*,*,#5086,.F.);
#3635=ORIENTED_EDGE('',*,*,#5099,.F.);
#3636=ORIENTED_EDGE('',*,*,#5100,.F.);
#3637=ORIENTED_EDGE('',*,*,#5101,.T.);
#3638=ORIENTED_EDGE('',*,*,#5102,.T.);
#3639=ORIENTED_EDGE('',*,*,#5103,.T.);
#3640=ORIENTED_EDGE('',*,*,#5104,.F.);
#3641=ORIENTED_EDGE('',*,*,#5105,.F.);
#3642=ORIENTED_EDGE('',*,*,#5100,.T.);
#3643=ORIENTED_EDGE('',*,*,#5106,.T.);
#3644=ORIENTED_EDGE('',*,*,#5107,.F.);
#3645=ORIENTED_EDGE('',*,*,#5108,.F.);
#3646=ORIENTED_EDGE('',*,*,#5104,.T.);
#3647=ORIENTED_EDGE('',*,*,#5109,.F.);
#3648=ORIENTED_EDGE('',*,*,#5102,.F.);
#3649=ORIENTED_EDGE('',*,*,#5110,.T.);
#3650=ORIENTED_EDGE('',*,*,#5107,.T.);
#3651=ORIENTED_EDGE('',*,*,#5111,.F.);
#3652=ORIENTED_EDGE('',*,*,#5101,.F.);
#3653=ORIENTED_EDGE('',*,*,#5105,.T.);
#3654=ORIENTED_EDGE('',*,*,#5108,.T.);
#3655=ORIENTED_EDGE('',*,*,#5110,.F.);
#3656=ORIENTED_EDGE('',*,*,#5099,.T.);
#3657=ORIENTED_EDGE('',*,*,#5109,.T.);
#3658=ORIENTED_EDGE('',*,*,#5106,.F.);
#3659=ORIENTED_EDGE('',*,*,#5103,.F.);
#3660=ORIENTED_EDGE('',*,*,#5112,.F.);
#3661=ORIENTED_EDGE('',*,*,#5111,.T.);
#3662=ORIENTED_EDGE('',*,*,#5112,.T.);
#3663=ORIENTED_EDGE('',*,*,#5113,.T.);
#3664=ORIENTED_EDGE('',*,*,#5114,.F.);
#3665=ORIENTED_EDGE('',*,*,#5115,.F.);
#3666=ORIENTED_EDGE('',*,*,#5116,.T.);
#3667=ORIENTED_EDGE('',*,*,#5117,.F.);
#3668=ORIENTED_EDGE('',*,*,#5116,.F.);
#3669=ORIENTED_EDGE('',*,*,#5118,.T.);
#3670=ORIENTED_EDGE('',*,*,#5119,.T.);
#3671=ORIENTED_EDGE('',*,*,#5120,.F.);
#3672=ORIENTED_EDGE('',*,*,#5119,.F.);
#3673=ORIENTED_EDGE('',*,*,#5121,.T.);
#3674=ORIENTED_EDGE('',*,*,#5122,.T.);
#3675=ORIENTED_EDGE('',*,*,#5123,.T.);
#3676=ORIENTED_EDGE('',*,*,#5122,.F.);
#3677=ORIENTED_EDGE('',*,*,#5124,.F.);
#3678=ORIENTED_EDGE('',*,*,#5114,.T.);
#3679=ORIENTED_EDGE('',*,*,#5125,.T.);
#3680=ORIENTED_EDGE('',*,*,#5115,.T.);
#3681=ORIENTED_EDGE('',*,*,#5124,.T.);
#3682=ORIENTED_EDGE('',*,*,#5121,.F.);
#3683=ORIENTED_EDGE('',*,*,#5118,.F.);
#3684=ORIENTED_EDGE('',*,*,#5113,.F.);
#3685=ORIENTED_EDGE('',*,*,#5117,.T.);
#3686=ORIENTED_EDGE('',*,*,#5120,.T.);
#3687=ORIENTED_EDGE('',*,*,#5123,.F.);
#3688=ORIENTED_EDGE('',*,*,#5126,.T.);
#3689=ORIENTED_EDGE('',*,*,#5125,.F.);
#3690=ORIENTED_EDGE('',*,*,#5126,.F.);
#3691=EDGE_CURVE('',#5127,#5128,#6065,.T.);
#3692=EDGE_CURVE('',#5129,#5127,#6066,.T.);
#3693=EDGE_CURVE('',#5130,#5129,#6067,.T.);
#3694=EDGE_CURVE('',#5131,#5130,#6068,.F.);
#3695=EDGE_CURVE('',#5132,#5131,#6069,.T.);
#3696=EDGE_CURVE('',#5128,#5132,#6070,.T.);
#3697=EDGE_CURVE('',#5133,#5134,#6071,.T.);
#3698=EDGE_CURVE('',#5135,#5133,#6072,.T.);
#3699=EDGE_CURVE('',#5136,#5135,#6073,.T.);
#3700=EDGE_CURVE('',#5137,#5136,#6074,.T.);
#3701=EDGE_CURVE('',#5138,#5137,#6075,.T.);
#3702=EDGE_CURVE('',#5134,#5138,#6076,.T.);
#3703=EDGE_CURVE('',#5139,#5140,#6077,.T.);
#3704=EDGE_CURVE('',#5141,#5139,#6078,.T.);
#3705=EDGE_CURVE('',#5142,#5141,#6079,.F.);
#3706=EDGE_CURVE('',#5143,#5142,#6080,.T.);
#3707=EDGE_CURVE('',#5144,#5143,#6081,.T.);
#3708=EDGE_CURVE('',#5140,#5144,#6082,.T.);
#3709=EDGE_CURVE('',#5145,#5146,#6083,.T.);
#3710=EDGE_CURVE('',#5147,#5145,#6084,.T.);
#3711=EDGE_CURVE('',#5148,#5147,#6085,.T.);
#3712=EDGE_CURVE('',#5149,#5148,#6086,.T.);
#3713=EDGE_CURVE('',#5150,#5149,#6087,.T.);
#3714=EDGE_CURVE('',#5146,#5150,#6088,.T.);
#3715=EDGE_CURVE('',#5151,#5141,#6089,.T.);
#3716=EDGE_CURVE('',#5152,#5139,#6090,.T.);
#3717=EDGE_CURVE('',#5151,#5152,#6091,.T.);
#3718=EDGE_CURVE('',#5153,#5148,#6092,.T.);
#3719=EDGE_CURVE('',#5154,#5147,#6093,.T.);
#3720=EDGE_CURVE('',#5154,#5153,#6094,.T.);
#3721=EDGE_CURVE('',#5149,#5155,#6095,.T.);
#3722=EDGE_CURVE('',#5149,#5156,#6096,.T.);
#3723=EDGE_CURVE('',#5156,#5157,#6097,.T.);
#3724=EDGE_CURVE('',#5157,#5141,#6098,.T.);
#3725=EDGE_CURVE('',#5158,#5151,#6099,.T.);
#3726=EDGE_CURVE('',#5159,#5158,#6100,.T.);
#3727=EDGE_CURVE('',#5159,#5155,#6101,.T.);
#3728=EDGE_CURVE('',#5160,#5143,#6102,.T.);
#3729=EDGE_CURVE('',#5142,#5161,#6103,.T.);
#3730=EDGE_CURVE('',#5161,#5160,#6104,.T.);
#3731=EDGE_CURVE('',#5162,#5163,#6105,.T.);
#3732=EDGE_CURVE('',#5163,#5164,#6106,.T.);
#3733=EDGE_CURVE('',#5164,#5165,#6107,.T.);
#3734=EDGE_CURVE('',#5165,#5162,#6108,.T.);
#3735=EDGE_CURVE('',#5166,#5167,#6109,.T.);
#3736=EDGE_CURVE('',#5166,#5168,#6110,.T.);
#3737=EDGE_CURVE('',#5168,#5169,#6111,.T.);
#3738=EDGE_CURVE('',#5167,#5169,#6112,.T.);
#3739=EDGE_CURVE('',#5145,#5166,#6113,.T.);
#3740=EDGE_CURVE('',#5146,#5168,#6114,.T.);
#3741=EDGE_CURVE('',#5150,#5170,#6115,.T.);
#3742=EDGE_CURVE('',#5171,#5170,#6116,.T.);
#3743=EDGE_CURVE('',#5171,#5172,#6117,.T.);
#3744=EDGE_CURVE('',#5172,#5152,#6118,.T.);
#3745=EDGE_CURVE('',#5140,#5169,#6119,.T.);
#3746=EDGE_CURVE('',#5144,#5167,#6120,.T.);
#3747=EDGE_CURVE('',#5155,#5170,#6121,.T.);
#3748=EDGE_CURVE('',#5173,#5174,#6122,.T.);
#3749=EDGE_CURVE('',#5171,#5174,#6123,.T.);
#3750=EDGE_CURVE('',#5159,#5175,#6124,.T.);
#3751=EDGE_CURVE('',#5173,#5175,#6125,.T.);
#3752=EDGE_CURVE('',#5158,#5176,#6126,.T.);
#3753=EDGE_CURVE('',#5172,#5177,#6127,.T.);
#3754=EDGE_CURVE('',#5178,#5177,#6128,.T.);
#3755=EDGE_CURVE('',#5176,#5178,#6129,.T.);
#3756=EDGE_CURVE('',#5174,#5177,#6130,.T.);
#3757=EDGE_CURVE('',#5178,#5173,#6131,.T.);
#3758=EDGE_CURVE('',#5175,#5176,#6132,.T.);
#3759=EDGE_CURVE('',#5127,#5179,#6133,.T.);
#3760=EDGE_CURVE('',#5180,#5179,#6134,.T.);
#3761=EDGE_CURVE('',#5138,#5180,#6135,.T.);
#3762=EDGE_CURVE('',#5181,#5137,#6136,.T.);
#3763=EDGE_CURVE('',#5181,#5182,#6137,.T.);
#3764=EDGE_CURVE('',#5182,#5183,#6138,.T.);
#3765=EDGE_CURVE('',#5183,#5184,#6139,.T.);
#3766=EDGE_CURVE('',#5184,#5129,#6140,.T.);
#3767=EDGE_CURVE('',#5160,#5163,#6141,.T.);
#3768=EDGE_CURVE('',#5162,#5154,#6142,.T.);
#3769=EDGE_CURVE('',#5185,#5186,#6143,.T.);
#3770=EDGE_CURVE('',#5185,#5187,#6144,.T.);
#3771=EDGE_CURVE('',#5187,#5188,#6145,.T.);
#3772=EDGE_CURVE('',#5188,#5189,#6146,.F.);
#3773=EDGE_CURVE('',#5189,#5190,#6147,.T.);
#3774=EDGE_CURVE('',#5190,#5191,#6148,.T.);
#3775=EDGE_CURVE('',#5192,#5191,#6149,.T.);
#3776=EDGE_CURVE('',#5192,#5186,#6150,.F.);
#3777=EDGE_CURVE('',#5193,#5194,#6151,.T.);
#3778=EDGE_CURVE('',#5193,#5195,#6152,.T.);
#3779=EDGE_CURVE('',#5195,#5196,#6153,.T.);
#3780=EDGE_CURVE('',#5196,#5197,#6154,.T.);
#3781=EDGE_CURVE('',#5197,#5198,#6155,.T.);
#3782=EDGE_CURVE('',#5198,#5199,#6156,.T.);
#3783=EDGE_CURVE('',#5199,#5200,#6157,.T.);
#3784=EDGE_CURVE('',#5200,#5194,#6158,.T.);
#3785=EDGE_CURVE('',#5201,#5201,#533,.T.);
#3786=EDGE_CURVE('',#5202,#5202,#534,.T.);
#3787=EDGE_CURVE('',#5203,#5132,#6159,.T.);
#3788=EDGE_CURVE('',#5204,#5131,#6160,.T.);
#3789=EDGE_CURVE('',#5204,#5203,#6161,.T.);
#3790=EDGE_CURVE('',#5136,#5205,#6162,.T.);
#3791=EDGE_CURVE('',#5205,#5181,#6163,.T.);
#3792=EDGE_CURVE('',#5206,#5207,#6164,.T.);
#3793=EDGE_CURVE('',#5207,#5135,#6165,.T.);
#3794=EDGE_CURVE('',#5135,#5208,#6166,.T.);
#3795=EDGE_CURVE('',#5209,#5208,#6167,.T.);
#3796=EDGE_CURVE('',#5209,#5210,#6168,.T.);
#3797=EDGE_CURVE('',#5210,#5204,#6169,.T.);
#3798=EDGE_CURVE('',#5131,#5206,#6170,.T.);
#3799=EDGE_CURVE('',#5211,#5130,#6171,.T.);
#3800=EDGE_CURVE('',#5184,#5211,#6172,.T.);
#3801=EDGE_CURVE('',#5212,#5213,#6173,.T.);
#3802=EDGE_CURVE('',#5213,#5183,#6174,.T.);
#3803=EDGE_CURVE('',#5182,#5212,#6175,.T.);
#3804=EDGE_CURVE('',#5179,#5214,#6176,.T.);
#3805=EDGE_CURVE('',#5215,#5214,#6177,.T.);
#3806=EDGE_CURVE('',#5180,#5215,#6178,.T.);
#3807=EDGE_CURVE('',#5134,#5215,#6179,.T.);
#3808=EDGE_CURVE('',#5133,#5216,#6180,.T.);
#3809=EDGE_CURVE('',#5128,#5214,#6181,.T.);
#3810=EDGE_CURVE('',#5217,#5203,#6182,.T.);
#3811=EDGE_CURVE('',#5218,#5217,#6183,.T.);
#3812=EDGE_CURVE('',#5218,#5216,#6184,.T.);
#3813=EDGE_CURVE('',#5208,#5216,#6185,.T.);
#3814=EDGE_CURVE('',#5219,#5220,#6186,.T.);
#3815=EDGE_CURVE('',#5219,#5221,#6187,.T.);
#3816=EDGE_CURVE('',#5209,#5221,#6188,.T.);
#3817=EDGE_CURVE('',#5218,#5220,#6189,.T.);
#3818=EDGE_CURVE('',#5210,#5222,#6190,.T.);
#3819=EDGE_CURVE('',#5222,#5223,#6191,.T.);
#3820=EDGE_CURVE('',#5223,#5224,#6192,.T.);
#3821=EDGE_CURVE('',#5217,#5224,#6193,.T.);
#3822=EDGE_CURVE('',#5220,#5224,#6194,.T.);
#3823=EDGE_CURVE('',#5223,#5219,#6195,.T.);
#3824=EDGE_CURVE('',#5221,#5222,#6196,.T.);
#3825=EDGE_CURVE('',#5189,#5225,#6197,.T.);
#3826=EDGE_CURVE('',#5225,#5226,#6198,.T.);
#3827=EDGE_CURVE('',#5226,#5190,#6199,.T.);
#3828=EDGE_CURVE('',#5227,#5228,#6200,.T.);
#3829=EDGE_CURVE('',#5228,#5192,#6201,.T.);
#3830=EDGE_CURVE('',#5191,#5227,#6202,.T.);
#3831=EDGE_CURVE('',#5229,#5230,#6203,.T.);
#3832=EDGE_CURVE('',#5230,#5185,#6204,.T.);
#3833=EDGE_CURVE('',#5186,#5229,#6205,.T.);
#3834=EDGE_CURVE('',#5187,#5231,#6206,.T.);
#3835=EDGE_CURVE('',#5231,#5232,#6207,.T.);
#3836=EDGE_CURVE('',#5232,#5188,#6208,.T.);
#3837=EDGE_CURVE('',#5233,#5234,#6209,.T.);
#3838=EDGE_CURVE('',#5235,#5234,#6210,.T.);
#3839=EDGE_CURVE('',#5236,#5235,#6211,.T.);
#3840=EDGE_CURVE('',#5236,#5233,#6212,.T.);
#3841=EDGE_CURVE('',#5233,#5237,#6213,.T.);
#3842=EDGE_CURVE('',#5236,#5238,#6214,.T.);
#3843=EDGE_CURVE('',#5238,#5237,#6215,.T.);
#3844=EDGE_CURVE('',#5237,#5239,#6216,.T.);
#3845=EDGE_CURVE('',#5238,#5240,#6217,.T.);
#3846=EDGE_CURVE('',#5240,#5239,#6218,.T.);
#3847=EDGE_CURVE('',#5234,#5239,#6219,.T.);
#3848=EDGE_CURVE('',#5235,#5240,#6220,.T.);
#3849=EDGE_CURVE('',#5241,#5241,#535,.F.);
#3850=EDGE_CURVE('',#5242,#5242,#536,.F.);
#3851=EDGE_CURVE('',#5243,#5243,#537,.F.);
#3852=EDGE_CURVE('',#5244,#5244,#538,.F.);
#3853=EDGE_CURVE('',#5245,#5246,#6221,.T.);
#3854=EDGE_CURVE('',#5245,#5247,#6222,.T.);
#3855=EDGE_CURVE('',#5247,#5248,#6223,.T.);
#3856=EDGE_CURVE('',#5246,#5248,#6224,.T.);
#3857=EDGE_CURVE('',#5249,#5250,#6225,.T.);
#3858=EDGE_CURVE('',#5251,#5249,#6226,.T.);
#3859=EDGE_CURVE('',#5251,#5252,#6227,.T.);
#3860=EDGE_CURVE('',#5252,#5250,#6228,.T.);
#3861=EDGE_CURVE('',#5253,#5254,#6229,.T.);
#3862=EDGE_CURVE('',#5248,#5254,#6230,.T.);
#3863=EDGE_CURVE('',#5247,#5255,#6231,.T.);
#3864=EDGE_CURVE('',#5256,#5255,#6232,.T.);
#3865=EDGE_CURVE('',#5256,#5253,#6233,.T.);
#3866=EDGE_CURVE('',#5257,#5258,#6234,.T.);
#3867=EDGE_CURVE('',#5258,#5197,#6235,.F.);
#3868=EDGE_CURVE('',#5200,#5259,#6236,.T.);
#3869=EDGE_CURVE('',#5260,#5259,#6237,.T.);
#3870=EDGE_CURVE('',#5260,#5256,#6238,.T.);
#3871=EDGE_CURVE('',#5255,#5261,#6239,.T.);
#3872=EDGE_CURVE('',#5262,#5261,#6240,.T.);
#3873=EDGE_CURVE('',#5257,#5262,#6241,.T.);
#3874=EDGE_CURVE('',#5259,#5245,#6242,.T.);
#3875=EDGE_CURVE('',#5246,#5263,#6243,.T.);
#3876=EDGE_CURVE('',#5264,#5263,#6244,.T.);
#3877=EDGE_CURVE('',#5260,#5264,#6245,.T.);
#3878=EDGE_CURVE('',#5263,#5254,#6246,.T.);
#3879=EDGE_CURVE('',#5264,#5253,#6247,.T.);
#3880=EDGE_CURVE('',#5265,#5261,#6248,.T.);
#3881=EDGE_CURVE('',#5265,#5266,#6249,.T.);
#3882=EDGE_CURVE('',#5266,#5250,#6250,.T.);
#3883=EDGE_CURVE('',#5262,#5252,#6251,.T.);
#3884=EDGE_CURVE('',#5267,#5268,#6252,.T.);
#3885=EDGE_CURVE('',#5267,#5258,#6253,.T.);
#3886=EDGE_CURVE('',#5257,#5251,#6254,.T.);
#3887=EDGE_CURVE('',#5268,#5249,#6255,.T.);
#3888=EDGE_CURVE('',#5269,#5269,#539,.T.);
#3889=EDGE_CURVE('',#5247,#5265,#6256,.T.);
#3890=EDGE_CURVE('',#5270,#5270,#540,.T.);
#3891=EDGE_CURVE('',#5271,#5271,#541,.T.);
#3892=EDGE_CURVE('',#5272,#5272,#542,.T.);
#3893=EDGE_CURVE('',#5273,#5273,#543,.T.);
#3894=EDGE_CURVE('',#5274,#5274,#544,.T.);
#3895=EDGE_CURVE('',#5275,#5275,#545,.T.);
#3896=EDGE_CURVE('',#5276,#5276,#546,.T.);
#3897=EDGE_CURVE('',#5268,#5266,#6257,.T.);
#3898=EDGE_CURVE('',#5277,#5277,#547,.T.);
#3899=EDGE_CURVE('',#5265,#5267,#6258,.T.);
#3900=EDGE_CURVE('',#5278,#5278,#548,.T.);
#3901=EDGE_CURVE('',#5245,#5199,#6259,.T.);
#3902=EDGE_CURVE('',#5267,#5198,#6260,.F.);
#3903=EDGE_CURVE('',#5227,#5226,#6261,.T.);
#3904=EDGE_CURVE('',#5227,#5233,#6262,.T.);
#3905=EDGE_CURVE('',#5233,#5226,#6263,.F.);
#3906=EDGE_CURVE('',#5225,#5232,#6264,.F.);
#3907=EDGE_CURVE('',#5234,#5225,#6265,.T.);
#3908=EDGE_CURVE('',#5228,#5237,#6266,.F.);
#3909=EDGE_CURVE('',#5229,#5228,#6267,.F.);
#3910=EDGE_CURVE('',#5234,#5232,#6268,.F.);
#3911=EDGE_CURVE('',#5229,#5237,#6269,.T.);
#3912=EDGE_CURVE('',#5239,#5231,#6270,.T.);
#3913=EDGE_CURVE('',#5230,#5239,#6271,.F.);
#3914=EDGE_CURVE('',#5230,#5231,#6272,.F.);
#3915=EDGE_CURVE('',#5161,#5157,#6273,.F.);
#3916=EDGE_CURVE('',#5164,#5161,#6274,.T.);
#3917=EDGE_CURVE('',#5164,#5157,#6275,.F.);
#3918=EDGE_CURVE('',#5165,#5156,#6276,.T.);
#3919=EDGE_CURVE('',#5153,#5165,#6277,.T.);
#3920=EDGE_CURVE('',#5153,#5156,#6278,.T.);
#3921=EDGE_CURVE('',#5211,#5213,#6279,.T.);
#3922=EDGE_CURVE('',#5206,#5211,#6280,.F.);
#3923=EDGE_CURVE('',#5206,#5213,#6281,.F.);
#3924=EDGE_CURVE('',#5212,#5205,#6282,.T.);
#3925=EDGE_CURVE('',#5207,#5212,#6283,.T.);
#3926=EDGE_CURVE('',#5207,#5205,#6284,.T.);
#3927=EDGE_CURVE('',#5279,#5279,#549,.T.);
#3928=EDGE_CURVE('',#5280,#5280,#550,.T.);
#3929=EDGE_CURVE('',#5281,#5281,#551,.T.);
#3930=EDGE_CURVE('',#5282,#5282,#552,.T.);
#3931=EDGE_CURVE('',#5283,#5283,#553,.F.);
#3932=EDGE_CURVE('',#5284,#5284,#554,.F.);
#3933=EDGE_CURVE('',#5285,#5285,#555,.T.);
#3934=EDGE_CURVE('',#5286,#5286,#556,.F.);
#3935=EDGE_CURVE('',#5287,#5288,#26,.T.);
#3936=EDGE_CURVE('',#5288,#5289,#557,.T.);
#3937=EDGE_CURVE('',#5289,#5290,#27,.T.);
#3938=EDGE_CURVE('',#5291,#5290,#6285,.T.);
#3939=EDGE_CURVE('',#5291,#5292,#28,.T.);
#3940=EDGE_CURVE('',#5292,#5293,#558,.T.);
#3941=EDGE_CURVE('',#5293,#5294,#29,.T.);
#3942=EDGE_CURVE('',#5294,#5295,#6286,.T.);
#3943=EDGE_CURVE('',#5295,#5296,#30,.T.);
#3944=EDGE_CURVE('',#5296,#5297,#559,.T.);
#3945=EDGE_CURVE('',#5297,#5298,#31,.T.);
#3946=EDGE_CURVE('',#5299,#5298,#6287,.T.);
#3947=EDGE_CURVE('',#5299,#5300,#32,.T.);
#3948=EDGE_CURVE('',#5300,#5301,#560,.T.);
#3949=EDGE_CURVE('',#5301,#5302,#33,.T.);
#3950=EDGE_CURVE('',#5302,#5303,#6288,.T.);
#3951=EDGE_CURVE('',#5303,#5304,#34,.T.);
#3952=EDGE_CURVE('',#5304,#5305,#561,.T.);
#3953=EDGE_CURVE('',#5305,#5306,#35,.T.);
#3954=EDGE_CURVE('',#5307,#5306,#6289,.T.);
#3955=EDGE_CURVE('',#5307,#5308,#36,.T.);
#3956=EDGE_CURVE('',#5308,#5309,#562,.T.);
#3957=EDGE_CURVE('',#5309,#5310,#37,.T.);
#3958=EDGE_CURVE('',#5310,#5311,#6290,.T.);
#3959=EDGE_CURVE('',#5311,#5312,#38,.T.);
#3960=EDGE_CURVE('',#5312,#5313,#563,.T.);
#3961=EDGE_CURVE('',#5313,#5314,#39,.T.);
#3962=EDGE_CURVE('',#5315,#5314,#6291,.T.);
#3963=EDGE_CURVE('',#5315,#5316,#40,.T.);
#3964=EDGE_CURVE('',#5316,#5317,#564,.T.);
#3965=EDGE_CURVE('',#5317,#5318,#41,.T.);
#3966=EDGE_CURVE('',#5318,#5319,#6292,.T.);
#3967=EDGE_CURVE('',#5319,#5320,#42,.T.);
#3968=EDGE_CURVE('',#5320,#5321,#565,.T.);
#3969=EDGE_CURVE('',#5321,#5322,#43,.T.);
#3970=EDGE_CURVE('',#5323,#5322,#6293,.T.);
#3971=EDGE_CURVE('',#5323,#5324,#44,.T.);
#3972=EDGE_CURVE('',#5324,#5325,#566,.T.);
#3973=EDGE_CURVE('',#5325,#5326,#45,.T.);
#3974=EDGE_CURVE('',#5326,#5287,#6294,.T.);
#3975=EDGE_CURVE('',#5327,#5327,#567,.T.);
#3976=EDGE_CURVE('',#5328,#5313,#6295,.F.);
#3977=EDGE_CURVE('',#5312,#5329,#6296,.T.);
#3978=EDGE_CURVE('',#5330,#5329,#568,.T.);
#3979=EDGE_CURVE('',#5330,#5331,#569,.F.);
#3980=EDGE_CURVE('',#5331,#5305,#6297,.F.);
#3981=EDGE_CURVE('',#5304,#5332,#6298,.T.);
#3982=EDGE_CURVE('',#5333,#5332,#570,.T.);
#3983=EDGE_CURVE('',#5333,#5297,#6299,.F.);
#3984=EDGE_CURVE('',#5296,#5334,#6300,.T.);
#3985=EDGE_CURVE('',#5335,#5334,#571,.T.);
#3986=EDGE_CURVE('',#5335,#5289,#6301,.F.);
#3987=EDGE_CURVE('',#5288,#5336,#6302,.T.);
#3988=EDGE_CURVE('',#5337,#5336,#572,.T.);
#3989=EDGE_CURVE('',#5337,#5321,#6303,.F.);
#3990=EDGE_CURVE('',#5320,#5338,#6304,.T.);
#3991=EDGE_CURVE('',#5338,#5328,#573,.F.);
#3992=EDGE_CURVE('',#5339,#5340,#6305,.T.);
#3993=EDGE_CURVE('',#5341,#5340,#6306,.T.);
#3994=EDGE_CURVE('',#5342,#5341,#6307,.T.);
#3995=EDGE_CURVE('',#5342,#5339,#6308,.T.);
#3996=EDGE_CURVE('',#5343,#5340,#574,.T.);
#3997=EDGE_CURVE('',#5344,#5343,#6309,.T.);
#3998=EDGE_CURVE('',#5344,#5341,#575,.T.);
#3999=EDGE_CURVE('',#5345,#5343,#6310,.T.);
#4000=EDGE_CURVE('',#5346,#5345,#6311,.T.);
#4001=EDGE_CURVE('',#5346,#5344,#6312,.T.);
#4002=EDGE_CURVE('',#5339,#5345,#576,.T.);
#4003=EDGE_CURVE('',#5342,#5346,#577,.T.);
#4004=EDGE_CURVE('',#5290,#5347,#6313,.T.);
#4005=EDGE_CURVE('',#5348,#5347,#6314,.T.);
#4006=EDGE_CURVE('',#5348,#5291,#6315,.F.);
#4007=EDGE_CURVE('',#5294,#5349,#6316,.T.);
#4008=EDGE_CURVE('',#5349,#5350,#6317,.T.);
#4009=EDGE_CURVE('',#5350,#5295,#6318,.F.);
#4010=EDGE_CURVE('',#5351,#5352,#578,.T.);
#4011=EDGE_CURVE('',#5352,#5293,#6319,.F.);
#4012=EDGE_CURVE('',#5292,#5351,#6320,.T.);
#4013=EDGE_CURVE('',#5349,#5352,#46,.T.);
#4014=EDGE_CURVE('',#5334,#5350,#47,.T.);
#4015=EDGE_CURVE('',#5347,#5335,#48,.T.);
#4016=EDGE_CURVE('',#5351,#5348,#49,.T.);
#4017=EDGE_CURVE('',#5352,#5353,#579,.F.);
#4018=EDGE_CURVE('',#5353,#5354,#50,.T.);
#4019=EDGE_CURVE('',#5354,#5355,#6321,.T.);
#4020=EDGE_CURVE('',#5355,#5333,#51,.T.);
#4021=EDGE_CURVE('',#5333,#5334,#580,.F.);
#4022=EDGE_CURVE('',#5335,#5336,#581,.F.);
#4023=EDGE_CURVE('',#5336,#5356,#52,.T.);
#4024=EDGE_CURVE('',#5357,#5356,#6322,.T.);
#4025=EDGE_CURVE('',#5357,#5358,#53,.T.);
#4026=EDGE_CURVE('',#5358,#5351,#582,.F.);
#4027=EDGE_CURVE('',#5322,#5359,#6323,.T.);
#4028=EDGE_CURVE('',#5360,#5359,#6324,.T.);
#4029=EDGE_CURVE('',#5360,#5323,#6325,.F.);
#4030=EDGE_CURVE('',#5326,#5357,#6326,.T.);
#4031=EDGE_CURVE('',#5356,#5287,#6327,.F.);
#4032=EDGE_CURVE('',#5361,#5358,#583,.T.);
#4033=EDGE_CURVE('',#5358,#5325,#6328,.F.);
#4034=EDGE_CURVE('',#5324,#5361,#6329,.T.);
#4035=EDGE_CURVE('',#5359,#5337,#54,.T.);
#4036=EDGE_CURVE('',#5361,#5360,#55,.T.);
#4037=EDGE_CURVE('',#5337,#5338,#584,.F.);
#4038=EDGE_CURVE('',#5338,#5362,#56,.T.);
#4039=EDGE_CURVE('',#5363,#5362,#6330,.T.);
#4040=EDGE_CURVE('',#5363,#5364,#57,.T.);
#4041=EDGE_CURVE('',#5364,#5361,#585,.F.);
#4042=EDGE_CURVE('',#5354,#5299,#6331,.F.);
#4043=EDGE_CURVE('',#5298,#5355,#6332,.T.);
#4044=EDGE_CURVE('',#5302,#5365,#6333,.T.);
#4045=EDGE_CURVE('',#5365,#5366,#6334,.T.);
#4046=EDGE_CURVE('',#5366,#5303,#6335,.F.);
#4047=EDGE_CURVE('',#5300,#5353,#6336,.T.);
#4048=EDGE_CURVE('',#5353,#5367,#586,.T.);
#4049=EDGE_CURVE('',#5367,#5301,#6337,.F.);
#4050=EDGE_CURVE('',#5365,#5367,#58,.T.);
#4051=EDGE_CURVE('',#5332,#5366,#59,.T.);
#4052=EDGE_CURVE('',#5367,#5368,#587,.F.);
#4053=EDGE_CURVE('',#5368,#5330,#6338,.T.);
#4054=EDGE_CURVE('',#5330,#5332,#588,.F.);
#4055=EDGE_CURVE('',#5306,#5369,#6339,.T.);
#4056=EDGE_CURVE('',#5369,#5370,#6340,.F.);
#4057=EDGE_CURVE('',#5370,#5307,#6341,.F.);
#4058=EDGE_CURVE('',#5371,#5372,#6342,.T.);
#4059=EDGE_CURVE('',#5372,#5311,#6343,.F.);
#4060=EDGE_CURVE('',#5310,#5371,#6344,.T.);
#4061=EDGE_CURVE('',#5368,#5373,#589,.T.);
#4062=EDGE_CURVE('',#5373,#5309,#6345,.F.);
#4063=EDGE_CURVE('',#5308,#5374,#6346,.T.);
#4064=EDGE_CURVE('',#5374,#5368,#590,.T.);
#4065=EDGE_CURVE('',#5374,#5370,#18,.F.);
#4066=EDGE_CURVE('',#5369,#5331,#19,.T.);
#4067=EDGE_CURVE('',#5329,#5372,#60,.T.);
#4068=EDGE_CURVE('',#5371,#5373,#61,.T.);
#4069=EDGE_CURVE('',#5328,#5329,#591,.F.);
#4070=EDGE_CURVE('',#5373,#5375,#592,.F.);
#4071=EDGE_CURVE('',#5375,#5376,#62,.T.);
#4072=EDGE_CURVE('',#5376,#5377,#6347,.T.);
#4073=EDGE_CURVE('',#5377,#5328,#63,.T.);
#4074=EDGE_CURVE('',#5376,#5315,#6348,.F.);
#4075=EDGE_CURVE('',#5314,#5377,#6349,.T.);
#4076=EDGE_CURVE('',#5318,#5363,#6350,.T.);
#4077=EDGE_CURVE('',#5362,#5319,#6351,.F.);
#4078=EDGE_CURVE('',#5316,#5375,#6352,.T.);
#4079=EDGE_CURVE('',#5375,#5364,#593,.F.);
#4080=EDGE_CURVE('',#5364,#5317,#6353,.F.);
#4081=EDGE_CURVE('',#5378,#5378,#594,.T.);
#4082=EDGE_CURVE('',#5379,#5379,#595,.F.);
#4083=EDGE_CURVE('',#5380,#5380,#596,.F.);
#4084=EDGE_CURVE('',#5381,#5381,#597,.F.);
#4085=EDGE_CURVE('',#5382,#5382,#598,.T.);
#4086=EDGE_CURVE('',#5383,#5383,#599,.F.);
#4087=EDGE_CURVE('',#5384,#5385,#6354,.T.);
#4088=EDGE_CURVE('',#5384,#5386,#6355,.T.);
#4089=EDGE_CURVE('',#5386,#5387,#6356,.T.);
#4090=EDGE_CURVE('',#5387,#5385,#6357,.T.);
#4091=EDGE_CURVE('',#5388,#5389,#6358,.T.);
#4092=EDGE_CURVE('',#5388,#5390,#6359,.T.);
#4093=EDGE_CURVE('',#5390,#5391,#6360,.T.);
#4094=EDGE_CURVE('',#5389,#5391,#6361,.T.);
#4095=EDGE_CURVE('',#5391,#5392,#6362,.T.);
#4096=EDGE_CURVE('',#5393,#5392,#6363,.T.);
#4097=EDGE_CURVE('',#5389,#5393,#6364,.T.);
#4098=EDGE_CURVE('',#5392,#5394,#6365,.T.);
#4099=EDGE_CURVE('',#5394,#5395,#6366,.T.);
#4100=EDGE_CURVE('',#5393,#5395,#6367,.T.);
#4101=EDGE_CURVE('',#5396,#5397,#6368,.T.);
#4102=EDGE_CURVE('',#5397,#5398,#6369,.T.);
#4103=EDGE_CURVE('',#5399,#5398,#6370,.T.);
#4104=EDGE_CURVE('',#5396,#5399,#6371,.T.);
#4105=EDGE_CURVE('',#5399,#5400,#6372,.T.);
#4106=EDGE_CURVE('',#5401,#5400,#6373,.T.);
#4107=EDGE_CURVE('',#5396,#5401,#6374,.T.);
#4108=EDGE_CURVE('',#5400,#5402,#6375,.T.);
#4109=EDGE_CURVE('',#5402,#5403,#6376,.T.);
#4110=EDGE_CURVE('',#5401,#5403,#6377,.T.);
#4111=EDGE_CURVE('',#5404,#5405,#6378,.T.);
#4112=EDGE_CURVE('',#5404,#5406,#6379,.T.);
#4113=EDGE_CURVE('',#5406,#5407,#6380,.T.);
#4114=EDGE_CURVE('',#5405,#5407,#6381,.T.);
#4115=EDGE_CURVE('',#5407,#5408,#6382,.T.);
#4116=EDGE_CURVE('',#5409,#5408,#6383,.T.);
#4117=EDGE_CURVE('',#5405,#5409,#6384,.T.);
#4118=EDGE_CURVE('',#5408,#5410,#6385,.T.);
#4119=EDGE_CURVE('',#5410,#5411,#6386,.T.);
#4120=EDGE_CURVE('',#5409,#5411,#6387,.T.);
#4121=EDGE_CURVE('',#5412,#5413,#6388,.T.);
#4122=EDGE_CURVE('',#5412,#5414,#6389,.T.);
#4123=EDGE_CURVE('',#5414,#5415,#6390,.T.);
#4124=EDGE_CURVE('',#5413,#5415,#6391,.T.);
#4125=EDGE_CURVE('',#5416,#5416,#600,.T.);
#4126=EDGE_CURVE('',#5417,#5417,#601,.T.);
#4127=EDGE_CURVE('',#5385,#5415,#6392,.T.);
#4128=EDGE_CURVE('',#5387,#5413,#6393,.T.);
#4129=EDGE_CURVE('',#5418,#5418,#602,.T.);
#4130=EDGE_CURVE('',#5411,#5412,#6394,.F.);
#4131=EDGE_CURVE('',#5386,#5388,#6395,.T.);
#4132=EDGE_CURVE('',#5395,#5397,#6396,.T.);
#4133=EDGE_CURVE('',#5403,#5404,#6397,.F.);
#4134=EDGE_CURVE('',#5419,#5419,#603,.T.);
#4135=EDGE_CURVE('',#5420,#5420,#604,.T.);
#4136=EDGE_CURVE('',#5414,#5410,#6398,.F.);
#4137=EDGE_CURVE('',#5406,#5402,#6399,.F.);
#4138=EDGE_CURVE('',#5398,#5394,#6400,.T.);
#4139=EDGE_CURVE('',#5390,#5384,#6401,.T.);
#4140=EDGE_CURVE('',#5421,#5421,#605,.T.);
#4141=EDGE_CURVE('',#5422,#5422,#606,.T.);
#4142=EDGE_CURVE('',#5423,#5423,#607,.T.);
#4143=EDGE_CURVE('',#5424,#5425,#6402,.T.);
#4144=EDGE_CURVE('',#5426,#5425,#6403,.T.);
#4145=EDGE_CURVE('',#5426,#5427,#6404,.T.);
#4146=EDGE_CURVE('',#5428,#5427,#6405,.F.);
#4147=EDGE_CURVE('',#5428,#5429,#6406,.T.);
#4148=EDGE_CURVE('',#5429,#5430,#6407,.T.);
#4149=EDGE_CURVE('',#5431,#5430,#6408,.T.);
#4150=EDGE_CURVE('',#5431,#5424,#6409,.F.);
#4151=EDGE_CURVE('',#5432,#5424,#608,.T.);
#4152=EDGE_CURVE('',#5432,#5433,#6410,.T.);
#4153=EDGE_CURVE('',#5434,#5433,#6411,.T.);
#4154=EDGE_CURVE('',#5435,#5434,#609,.T.);
#4155=EDGE_CURVE('',#5435,#5436,#6412,.T.);
#4156=EDGE_CURVE('',#5437,#5436,#610,.T.);
#4157=EDGE_CURVE('',#5425,#5437,#6413,.T.);
#4158=EDGE_CURVE('',#5438,#5439,#6414,.T.);
#4159=EDGE_CURVE('',#5439,#5440,#6415,.T.);
#4160=EDGE_CURVE('',#5441,#5440,#6416,.T.);
#4161=EDGE_CURVE('',#5442,#5441,#6417,.F.);
#4162=EDGE_CURVE('',#5442,#5443,#6418,.T.);
#4163=EDGE_CURVE('',#5438,#5443,#6419,.F.);
#4164=EDGE_CURVE('',#5444,#5438,#611,.T.);
#4165=EDGE_CURVE('',#5445,#5444,#6420,.T.);
#4166=EDGE_CURVE('',#5446,#5445,#612,.T.);
#4167=EDGE_CURVE('',#5446,#5429,#6421,.T.);
#4168=EDGE_CURVE('',#5447,#5428,#613,.T.);
#4169=EDGE_CURVE('',#5439,#5447,#6422,.T.);
#4170=EDGE_CURVE('',#5444,#5448,#6423,.F.);
#4171=EDGE_CURVE('',#5448,#5449,#6424,.T.);
#4172=EDGE_CURVE('',#5449,#5450,#6425,.F.);
#4173=EDGE_CURVE('',#5451,#5450,#6426,.T.);
#4174=EDGE_CURVE('',#5452,#5451,#6427,.T.);
#4175=EDGE_CURVE('',#5452,#5453,#6428,.T.);
#4176=EDGE_CURVE('',#5445,#5453,#6429,.F.);
#4177=EDGE_CURVE('',#5454,#5437,#6430,.F.);
#4178=EDGE_CURVE('',#5455,#5454,#6431,.T.);
#4179=EDGE_CURVE('',#5456,#5455,#6432,.T.);
#4180=EDGE_CURVE('',#5456,#5426,#6433,.T.);
#4181=EDGE_CURVE('',#5457,#5432,#6434,.F.);
#4182=EDGE_CURVE('',#5440,#5457,#6435,.T.);
#4183=EDGE_CURVE('',#5447,#5458,#6436,.F.);
#4184=EDGE_CURVE('',#5458,#5459,#6437,.T.);
#4185=EDGE_CURVE('',#5459,#5433,#6438,.T.);
#4186=EDGE_CURVE('',#5459,#5460,#6439,.T.);
#4187=EDGE_CURVE('',#5461,#5460,#6440,.F.);
#4188=EDGE_CURVE('',#5462,#5461,#6441,.T.);
#4189=EDGE_CURVE('',#5462,#5434,#6442,.F.);
#4190=EDGE_CURVE('',#5458,#5427,#614,.T.);
#4191=EDGE_CURVE('',#5463,#5453,#615,.T.);
#4192=EDGE_CURVE('',#5446,#5463,#6443,.F.);
#4193=EDGE_CURVE('',#5436,#5464,#6444,.T.);
#4194=EDGE_CURVE('',#5454,#5464,#616,.F.);
#4195=EDGE_CURVE('',#5457,#5431,#617,.F.);
#4196=EDGE_CURVE('',#5465,#5464,#6445,.T.);
#4197=EDGE_CURVE('',#5455,#5465,#6446,.T.);
#4198=EDGE_CURVE('',#5466,#5462,#618,.F.);
#4199=EDGE_CURVE('',#5467,#5461,#6447,.F.);
#4200=EDGE_CURVE('',#5466,#5467,#6448,.T.);
#4201=EDGE_CURVE('',#5448,#5443,#619,.T.);
#4202=EDGE_CURVE('',#5449,#5442,#6449,.F.);
#4203=EDGE_CURVE('',#5468,#5456,#6450,.T.);
#4204=EDGE_CURVE('',#5468,#5469,#6451,.T.);
#4205=EDGE_CURVE('',#5460,#5469,#6452,.F.);
#4206=EDGE_CURVE('',#5463,#5470,#6453,.T.);
#4207=EDGE_CURVE('',#5471,#5470,#6454,.T.);
#4208=EDGE_CURVE('',#5430,#5471,#6455,.T.);
#4209=EDGE_CURVE('',#5435,#5466,#6456,.T.);
#4210=EDGE_CURVE('',#5467,#5469,#6457,.F.);
#4211=EDGE_CURVE('',#5465,#5468,#6458,.T.);
#4212=EDGE_CURVE('',#5470,#5452,#6459,.T.);
#4213=EDGE_CURVE('',#5451,#5471,#6460,.T.);
#4214=EDGE_CURVE('',#5441,#5450,#6461,.F.);
#4215=EDGE_CURVE('',#5472,#5473,#6462,.T.);
#4216=EDGE_CURVE('',#5474,#5472,#6463,.T.);
#4217=EDGE_CURVE('',#5475,#5474,#6464,.T.);
#4218=EDGE_CURVE('',#5475,#5473,#6465,.T.);
#4219=EDGE_CURVE('',#5476,#5472,#6466,.T.);
#4220=EDGE_CURVE('',#5476,#5477,#6467,.T.);
#4221=EDGE_CURVE('',#5474,#5477,#6468,.T.);
#4222=EDGE_CURVE('',#5478,#5479,#6469,.T.);
#4223=EDGE_CURVE('',#5480,#5478,#6470,.T.);
#4224=EDGE_CURVE('',#5481,#5480,#6471,.T.);
#4225=EDGE_CURVE('',#5481,#5479,#6472,.T.);
#4226=EDGE_CURVE('',#5482,#5478,#6473,.T.);
#4227=EDGE_CURVE('',#5482,#5483,#6474,.T.);
#4228=EDGE_CURVE('',#5480,#5483,#6475,.T.);
#4229=EDGE_CURVE('',#5484,#5481,#6476,.T.);
#4230=EDGE_CURVE('',#5484,#5485,#6477,.T.);
#4231=EDGE_CURVE('',#5485,#5479,#6478,.T.);
#4232=EDGE_CURVE('',#5486,#5487,#6479,.T.);
#4233=EDGE_CURVE('',#5487,#5488,#6480,.T.);
#4234=EDGE_CURVE('',#5489,#5488,#6481,.T.);
#4235=EDGE_CURVE('',#5489,#5490,#6482,.T.);
#4236=EDGE_CURVE('',#5490,#5491,#6483,.T.);
#4237=EDGE_CURVE('',#5491,#5492,#6484,.T.);
#4238=EDGE_CURVE('',#5492,#5493,#6485,.T.);
#4239=EDGE_CURVE('',#5493,#5486,#6486,.T.);
#4240=EDGE_CURVE('',#5488,#5494,#6487,.T.);
#4241=EDGE_CURVE('',#5495,#5494,#6488,.T.);
#4242=EDGE_CURVE('',#5489,#5495,#6489,.T.);
#4243=EDGE_CURVE('',#5496,#5475,#6490,.T.);
#4244=EDGE_CURVE('',#5496,#5497,#6491,.T.);
#4245=EDGE_CURVE('',#5497,#5473,#6492,.T.);
#4246=EDGE_CURVE('',#5494,#5498,#6493,.T.);
#4247=EDGE_CURVE('',#5499,#5498,#6494,.T.);
#4248=EDGE_CURVE('',#5500,#5499,#6495,.T.);
#4249=EDGE_CURVE('',#5500,#5501,#6496,.T.);
#4250=EDGE_CURVE('',#5501,#5502,#6497,.T.);
#4251=EDGE_CURVE('',#5502,#5503,#6498,.T.);
#4252=EDGE_CURVE('',#5495,#5503,#6499,.T.);
#4253=EDGE_CURVE('',#5504,#5504,#620,.T.);
#4254=EDGE_CURVE('',#5505,#5505,#621,.T.);
#4255=EDGE_CURVE('',#5498,#5487,#6500,.T.);
#4256=EDGE_CURVE('',#5486,#5499,#6501,.T.);
#4257=EDGE_CURVE('',#5506,#5506,#622,.T.);
#4258=EDGE_CURVE('',#5477,#5500,#6502,.F.);
#4259=EDGE_CURVE('',#5493,#5484,#6503,.T.);
#4260=EDGE_CURVE('',#5483,#5490,#6504,.T.);
#4261=EDGE_CURVE('',#5503,#5496,#6505,.F.);
#4262=EDGE_CURVE('',#5507,#5508,#6506,.T.);
#4263=EDGE_CURVE('',#5508,#5509,#6507,.T.);
#4264=EDGE_CURVE('',#5509,#5510,#6508,.T.);
#4265=EDGE_CURVE('',#5510,#5507,#6509,.T.);
#4266=EDGE_CURVE('',#5511,#5511,#623,.T.);
#4267=EDGE_CURVE('',#5485,#5492,#6510,.T.);
#4268=EDGE_CURVE('',#5491,#5482,#6511,.T.);
#4269=EDGE_CURVE('',#5497,#5502,#6512,.F.);
#4270=EDGE_CURVE('',#5501,#5476,#6513,.F.);
#4271=EDGE_CURVE('',#5507,#5487,#6514,.T.);
#4272=EDGE_CURVE('',#5488,#5510,#6515,.T.);
#4273=EDGE_CURVE('',#5494,#5509,#6516,.F.);
#4274=EDGE_CURVE('',#5508,#5498,#6517,.T.);
#4275=EDGE_CURVE('',#5512,#5513,#6518,.T.);
#4276=EDGE_CURVE('',#5513,#5514,#6519,.F.);
#4277=EDGE_CURVE('',#5514,#5515,#6520,.F.);
#4278=EDGE_CURVE('',#5515,#5512,#6521,.F.);
#4279=EDGE_CURVE('',#5516,#5517,#6522,.T.);
#4280=EDGE_CURVE('',#5517,#5518,#6523,.T.);
#4281=EDGE_CURVE('',#5518,#5519,#6524,.F.);
#4282=EDGE_CURVE('',#5519,#5516,#6525,.T.);
#4283=EDGE_CURVE('',#5520,#5521,#6526,.T.);
#4284=EDGE_CURVE('',#5521,#5522,#6527,.F.);
#4285=EDGE_CURVE('',#5522,#5523,#6528,.T.);
#4286=EDGE_CURVE('',#5523,#5524,#6529,.T.);
#4287=EDGE_CURVE('',#5524,#5525,#6530,.T.);
#4288=EDGE_CURVE('',#5520,#5525,#6531,.T.);
#4289=EDGE_CURVE('',#5526,#5520,#6532,.T.);
#4290=EDGE_CURVE('',#5527,#5525,#6533,.T.);
#4291=EDGE_CURVE('',#5528,#5527,#6534,.F.);
#4292=EDGE_CURVE('',#5528,#5529,#6535,.T.);
#4293=EDGE_CURVE('',#5526,#5529,#6536,.F.);
#4294=EDGE_CURVE('',#5530,#5531,#6537,.T.);
#4295=EDGE_CURVE('',#5531,#5532,#6538,.F.);
#4296=EDGE_CURVE('',#5532,#5533,#6539,.T.);
#4297=EDGE_CURVE('',#5512,#5533,#6540,.F.);
#4298=EDGE_CURVE('',#5515,#5534,#6541,.T.);
#4299=EDGE_CURVE('',#5534,#5535,#6542,.T.);
#4300=EDGE_CURVE('',#5530,#5535,#6543,.F.);
#4301=EDGE_CURVE('',#5531,#5526,#624,.T.);
#4302=EDGE_CURVE('',#5536,#5530,#625,.T.);
#4303=EDGE_CURVE('',#5536,#5537,#6544,.T.);
#4304=EDGE_CURVE('',#5538,#5537,#6545,.T.);
#4305=EDGE_CURVE('',#5521,#5538,#626,.T.);
#4306=EDGE_CURVE('',#5537,#5539,#6546,.T.);
#4307=EDGE_CURVE('',#5539,#5540,#6547,.T.);
#4308=EDGE_CURVE('',#5541,#5540,#6548,.T.);
#4309=EDGE_CURVE('',#5541,#5542,#6549,.T.);
#4310=EDGE_CURVE('',#5538,#5542,#6550,.F.);
#4311=EDGE_CURVE('',#5522,#5542,#627,.T.);
#4312=EDGE_CURVE('',#5543,#5535,#628,.T.);
#4313=EDGE_CURVE('',#5536,#5543,#6551,.F.);
#4314=EDGE_CURVE('',#5532,#5529,#629,.T.);
#4315=EDGE_CURVE('',#5533,#5528,#6552,.F.);
#4316=EDGE_CURVE('',#5544,#5541,#6553,.T.);
#4317=EDGE_CURVE('',#5545,#5544,#6554,.T.);
#4318=EDGE_CURVE('',#5545,#5546,#6555,.T.);
#4319=EDGE_CURVE('',#5547,#5546,#6556,.F.);
#4320=EDGE_CURVE('',#5523,#5547,#6557,.T.);
#4321=EDGE_CURVE('',#5548,#5524,#6558,.T.);
#4322=EDGE_CURVE('',#5548,#5547,#6559,.F.);
#4323=EDGE_CURVE('',#5543,#5549,#6560,.T.);
#4324=EDGE_CURVE('',#5550,#5549,#6561,.T.);
#4325=EDGE_CURVE('',#5550,#5539,#6562,.T.);
#4326=EDGE_CURVE('',#5540,#5551,#6563,.T.);
#4327=EDGE_CURVE('',#5544,#5551,#6564,.T.);
#4328=EDGE_CURVE('',#5545,#5516,#6565,.T.);
#4329=EDGE_CURVE('',#5546,#5519,#6566,.F.);
#4330=EDGE_CURVE('',#5549,#5534,#6567,.T.);
#4331=EDGE_CURVE('',#5514,#5550,#6568,.T.);
#4332=EDGE_CURVE('',#5527,#5513,#6569,.F.);
#4333=EDGE_CURVE('',#5518,#5548,#6570,.F.);
#4334=EDGE_CURVE('',#5551,#5517,#6571,.T.);
#4335=EDGE_CURVE('',#5552,#5552,#630,.F.);
#4336=EDGE_CURVE('',#5553,#5553,#631,.F.);
#4337=EDGE_CURVE('',#5554,#5554,#632,.T.);
#4338=EDGE_CURVE('',#5555,#5555,#633,.F.);
#4339=EDGE_CURVE('',#5556,#5556,#634,.F.);
#4340=EDGE_CURVE('',#5557,#5557,#635,.F.);
#4341=EDGE_CURVE('',#5558,#5558,#636,.T.);
#4342=EDGE_CURVE('',#5559,#5559,#637,.F.);
#4343=EDGE_CURVE('',#5560,#5560,#638,.F.);
#4344=EDGE_CURVE('',#5561,#5561,#639,.F.);
#4345=EDGE_CURVE('',#5562,#5562,#640,.T.);
#4346=EDGE_CURVE('',#5563,#5563,#641,.F.);
#4347=EDGE_CURVE('',#5564,#5565,#6572,.T.);
#4348=EDGE_CURVE('',#5566,#5564,#6573,.T.);
#4349=EDGE_CURVE('',#5566,#5567,#6574,.T.);
#4350=EDGE_CURVE('',#5567,#5565,#6575,.T.);
#4351=EDGE_CURVE('',#5564,#5568,#6576,.T.);
#4352=EDGE_CURVE('',#5569,#5568,#6577,.T.);
#4353=EDGE_CURVE('',#5566,#5569,#6578,.T.);
#4354=EDGE_CURVE('',#5568,#5570,#6579,.T.);
#4355=EDGE_CURVE('',#5571,#5570,#6580,.T.);
#4356=EDGE_CURVE('',#5569,#5571,#6581,.T.);
#4357=EDGE_CURVE('',#5565,#5570,#6582,.T.);
#4358=EDGE_CURVE('',#5567,#5571,#6583,.T.);
#4359=EDGE_CURVE('',#5572,#5572,#642,.T.);
#4360=EDGE_CURVE('',#5573,#5573,#643,.T.);
#4361=EDGE_CURVE('',#5574,#5575,#6584,.T.);
#4362=EDGE_CURVE('',#5576,#5575,#6585,.T.);
#4363=EDGE_CURVE('',#5577,#5576,#6586,.T.);
#4364=EDGE_CURVE('',#5577,#5574,#6587,.T.);
#4365=EDGE_CURVE('',#5574,#5578,#6588,.T.);
#4366=EDGE_CURVE('',#5577,#5579,#6589,.T.);
#4367=EDGE_CURVE('',#5579,#5578,#6590,.T.);
#4368=EDGE_CURVE('',#5578,#5580,#6591,.T.);
#4369=EDGE_CURVE('',#5579,#5581,#6592,.T.);
#4370=EDGE_CURVE('',#5581,#5580,#6593,.T.);
#4371=EDGE_CURVE('',#5575,#5580,#6594,.T.);
#4372=EDGE_CURVE('',#5576,#5581,#6595,.T.);
#4373=EDGE_CURVE('',#5582,#5582,#644,.T.);
#4374=EDGE_CURVE('',#5583,#5583,#645,.T.);
#4375=EDGE_CURVE('',#5584,#5584,#646,.T.);
#4376=EDGE_CURVE('',#5585,#5586,#647,.T.);
#4377=EDGE_CURVE('',#5585,#5587,#64,.T.);
#4378=EDGE_CURVE('',#5588,#5587,#6596,.T.);
#4379=EDGE_CURVE('',#5588,#5589,#65,.T.);
#4380=EDGE_CURVE('',#5589,#5590,#648,.T.);
#4381=EDGE_CURVE('',#5590,#5591,#66,.T.);
#4382=EDGE_CURVE('',#5591,#5592,#6597,.T.);
#4383=EDGE_CURVE('',#5592,#5593,#67,.T.);
#4384=EDGE_CURVE('',#5594,#5593,#649,.T.);
#4385=EDGE_CURVE('',#5594,#5595,#68,.T.);
#4386=EDGE_CURVE('',#5596,#5595,#6598,.T.);
#4387=EDGE_CURVE('',#5596,#5597,#69,.T.);
#4388=EDGE_CURVE('',#5597,#5598,#650,.T.);
#4389=EDGE_CURVE('',#5598,#5599,#70,.T.);
#4390=EDGE_CURVE('',#5599,#5600,#6599,.T.);
#4391=EDGE_CURVE('',#5600,#5601,#71,.T.);
#4392=EDGE_CURVE('',#5602,#5601,#651,.T.);
#4393=EDGE_CURVE('',#5602,#5603,#72,.T.);
#4394=EDGE_CURVE('',#5604,#5603,#6600,.T.);
#4395=EDGE_CURVE('',#5604,#5605,#73,.T.);
#4396=EDGE_CURVE('',#5605,#5606,#652,.T.);
#4397=EDGE_CURVE('',#5606,#5607,#74,.T.);
#4398=EDGE_CURVE('',#5607,#5608,#6601,.T.);
#4399=EDGE_CURVE('',#5608,#5609,#75,.T.);
#4400=EDGE_CURVE('',#5610,#5609,#653,.T.);
#4401=EDGE_CURVE('',#5610,#5611,#76,.T.);
#4402=EDGE_CURVE('',#5612,#5611,#6602,.T.);
#4403=EDGE_CURVE('',#5612,#5613,#77,.T.);
#4404=EDGE_CURVE('',#5613,#5614,#654,.T.);
#4405=EDGE_CURVE('',#5614,#5615,#78,.T.);
#4406=EDGE_CURVE('',#5615,#5616,#6603,.T.);
#4407=EDGE_CURVE('',#5616,#5617,#79,.T.);
#4408=EDGE_CURVE('',#5618,#5617,#655,.T.);
#4409=EDGE_CURVE('',#5618,#5619,#80,.T.);
#4410=EDGE_CURVE('',#5620,#5619,#6604,.T.);
#4411=EDGE_CURVE('',#5620,#5621,#81,.T.);
#4412=EDGE_CURVE('',#5621,#5622,#656,.T.);
#4413=EDGE_CURVE('',#5622,#5623,#82,.T.);
#4414=EDGE_CURVE('',#5623,#5624,#6605,.T.);
#4415=EDGE_CURVE('',#5624,#5586,#83,.T.);
#4416=EDGE_CURVE('',#5625,#5626,#6606,.F.);
#4417=EDGE_CURVE('',#5626,#5627,#657,.T.);
#4418=EDGE_CURVE('',#5627,#5628,#6607,.T.);
#4419=EDGE_CURVE('',#5625,#5628,#658,.T.);
#4420=EDGE_CURVE('',#5629,#5630,#6608,.F.);
#4421=EDGE_CURVE('',#5630,#5631,#659,.T.);
#4422=EDGE_CURVE('',#5631,#5632,#6609,.T.);
#4423=EDGE_CURVE('',#5629,#5632,#660,.T.);
#4424=EDGE_CURVE('',#5633,#5634,#6610,.F.);
#4425=EDGE_CURVE('',#5634,#5635,#661,.T.);
#4426=EDGE_CURVE('',#5635,#5636,#6611,.T.);
#4427=EDGE_CURVE('',#5633,#5636,#662,.T.);
#4428=EDGE_CURVE('',#5637,#5638,#6612,.F.);
#4429=EDGE_CURVE('',#5638,#5639,#663,.T.);
#4430=EDGE_CURVE('',#5639,#5640,#6613,.T.);
#4431=EDGE_CURVE('',#5641,#5640,#664,.T.);
#4432=EDGE_CURVE('',#5641,#5637,#665,.F.);
#4433=EDGE_CURVE('',#5642,#5643,#6614,.F.);
#4434=EDGE_CURVE('',#5643,#5644,#666,.T.);
#4435=EDGE_CURVE('',#5644,#5645,#6615,.T.);
#4436=EDGE_CURVE('',#5645,#5642,#667,.F.);
#4437=EDGE_CURVE('',#5646,#5647,#6616,.T.);
#4438=EDGE_CURVE('',#5648,#5647,#6617,.T.);
#4439=EDGE_CURVE('',#5649,#5648,#6618,.T.);
#4440=EDGE_CURVE('',#5649,#5646,#6619,.T.);
#4441=EDGE_CURVE('',#5650,#5647,#668,.T.);
#4442=EDGE_CURVE('',#5651,#5650,#6620,.T.);
#4443=EDGE_CURVE('',#5651,#5648,#669,.T.);
#4444=EDGE_CURVE('',#5652,#5650,#6621,.T.);
#4445=EDGE_CURVE('',#5653,#5652,#6622,.T.);
#4446=EDGE_CURVE('',#5653,#5651,#6623,.T.);
#4447=EDGE_CURVE('',#5646,#5652,#670,.T.);
#4448=EDGE_CURVE('',#5649,#5653,#671,.T.);
#4449=EDGE_CURVE('',#5587,#5654,#6624,.T.);
#4450=EDGE_CURVE('',#5655,#5654,#6625,.T.);
#4451=EDGE_CURVE('',#5655,#5588,#6626,.F.);
#4452=EDGE_CURVE('',#5591,#5656,#6627,.T.);
#4453=EDGE_CURVE('',#5656,#5657,#6628,.T.);
#4454=EDGE_CURVE('',#5657,#5592,#6629,.F.);
#4455=EDGE_CURVE('',#5658,#5659,#672,.T.);
#4456=EDGE_CURVE('',#5659,#5590,#6630,.F.);
#4457=EDGE_CURVE('',#5589,#5658,#6631,.T.);
#4458=EDGE_CURVE('',#5656,#5659,#84,.T.);
#4459=EDGE_CURVE('',#5632,#5657,#85,.T.);
#4460=EDGE_CURVE('',#5593,#5631,#86,.T.);
#4461=EDGE_CURVE('',#5630,#5585,#87,.T.);
#4462=EDGE_CURVE('',#5654,#5629,#88,.T.);
#4463=EDGE_CURVE('',#5658,#5655,#89,.T.);
#4464=EDGE_CURVE('',#5659,#5660,#673,.F.);
#4465=EDGE_CURVE('',#5660,#5661,#90,.T.);
#4466=EDGE_CURVE('',#5661,#5662,#6632,.T.);
#4467=EDGE_CURVE('',#5662,#5633,#91,.T.);
#4468=EDGE_CURVE('',#5633,#5632,#674,.F.);
#4469=EDGE_CURVE('',#5629,#5628,#675,.F.);
#4470=EDGE_CURVE('',#5628,#5663,#92,.T.);
#4471=EDGE_CURVE('',#5664,#5663,#6633,.T.);
#4472=EDGE_CURVE('',#5664,#5665,#93,.T.);
#4473=EDGE_CURVE('',#5665,#5658,#676,.F.);
#4474=EDGE_CURVE('',#5619,#5666,#6634,.T.);
#4475=EDGE_CURVE('',#5667,#5666,#6635,.T.);
#4476=EDGE_CURVE('',#5667,#5620,#6636,.F.);
#4477=EDGE_CURVE('',#5623,#5664,#6637,.T.);
#4478=EDGE_CURVE('',#5663,#5624,#6638,.F.);
#4479=EDGE_CURVE('',#5668,#5665,#677,.T.);
#4480=EDGE_CURVE('',#5665,#5622,#6639,.F.);
#4481=EDGE_CURVE('',#5621,#5668,#6640,.T.);
#4482=EDGE_CURVE('',#5586,#5627,#94,.T.);
#4483=EDGE_CURVE('',#5626,#5618,#95,.T.);
#4484=EDGE_CURVE('',#5666,#5625,#96,.T.);
#4485=EDGE_CURVE('',#5668,#5667,#97,.T.);
#4486=EDGE_CURVE('',#5625,#5645,#678,.F.);
#4487=EDGE_CURVE('',#5645,#5669,#98,.T.);
#4488=EDGE_CURVE('',#5670,#5669,#6641,.T.);
#4489=EDGE_CURVE('',#5670,#5671,#99,.T.);
#4490=EDGE_CURVE('',#5671,#5668,#679,.F.);
#4491=EDGE_CURVE('',#5661,#5596,#6642,.F.);
#4492=EDGE_CURVE('',#5595,#5662,#6643,.T.);
#4493=EDGE_CURVE('',#5599,#5672,#6644,.T.);
#4494=EDGE_CURVE('',#5672,#5673,#6645,.T.);
#4495=EDGE_CURVE('',#5673,#5600,#6646,.F.);
#4496=EDGE_CURVE('',#5597,#5660,#6647,.T.);
#4497=EDGE_CURVE('',#5660,#5674,#680,.T.);
#4498=EDGE_CURVE('',#5674,#5598,#6648,.F.);
#4499=EDGE_CURVE('',#5672,#5674,#100,.T.);
#4500=EDGE_CURVE('',#5636,#5673,#101,.T.);
#4501=EDGE_CURVE('',#5601,#5635,#102,.T.);
#4502=EDGE_CURVE('',#5634,#5594,#103,.T.);
#4503=EDGE_CURVE('',#5674,#5675,#681,.F.);
#4504=EDGE_CURVE('',#5675,#5641,#6649,.T.);
#4505=EDGE_CURVE('',#5641,#5636,#682,.F.);
#4506=EDGE_CURVE('',#5603,#5676,#6650,.T.);
#4507=EDGE_CURVE('',#5676,#5677,#6651,.F.);
#4508=EDGE_CURVE('',#5677,#5604,#6652,.F.);
#4509=EDGE_CURVE('',#5678,#5679,#6653,.T.);
#4510=EDGE_CURVE('',#5679,#5608,#6654,.F.);
#4511=EDGE_CURVE('',#5607,#5678,#6655,.T.);
#4512=EDGE_CURVE('',#5675,#5680,#683,.T.);
#4513=EDGE_CURVE('',#5680,#5606,#6656,.F.);
#4514=EDGE_CURVE('',#5605,#5681,#6657,.T.);
#4515=EDGE_CURVE('',#5681,#5675,#684,.T.);
#4516=EDGE_CURVE('',#5681,#5677,#20,.F.);
#4517=EDGE_CURVE('',#5638,#5602,#104,.T.);
#4518=EDGE_CURVE('',#5676,#5637,#21,.T.);
#4519=EDGE_CURVE('',#5640,#5679,#105,.T.);
#4520=EDGE_CURVE('',#5609,#5639,#106,.T.);
#4521=EDGE_CURVE('',#5678,#5680,#107,.T.);
#4522=EDGE_CURVE('',#5642,#5640,#685,.F.);
#4523=EDGE_CURVE('',#5680,#5682,#686,.F.);
#4524=EDGE_CURVE('',#5682,#5683,#108,.T.);
#4525=EDGE_CURVE('',#5683,#5684,#6658,.T.);
#4526=EDGE_CURVE('',#5684,#5642,#109,.T.);
#4527=EDGE_CURVE('',#5683,#5612,#6659,.F.);
#4528=EDGE_CURVE('',#5611,#5684,#6660,.T.);
#4529=EDGE_CURVE('',#5615,#5670,#6661,.T.);
#4530=EDGE_CURVE('',#5669,#5616,#6662,.F.);
#4531=EDGE_CURVE('',#5613,#5682,#6663,.T.);
#4532=EDGE_CURVE('',#5682,#5671,#687,.F.);
#4533=EDGE_CURVE('',#5671,#5614,#6664,.F.);
#4534=EDGE_CURVE('',#5617,#5644,#110,.T.);
#4535=EDGE_CURVE('',#5643,#5610,#111,.T.);
#4536=EDGE_CURVE('',#5685,#5685,#688,.T.);
#4537=EDGE_CURVE('',#5686,#5686,#689,.F.);
#4538=EDGE_CURVE('',#5593,#5585,#690,.T.);
#4539=EDGE_CURVE('',#5586,#5618,#691,.T.);
#4540=EDGE_CURVE('',#5601,#5594,#692,.T.);
#4541=EDGE_CURVE('',#5609,#5602,#693,.T.);
#4542=EDGE_CURVE('',#5617,#5610,#694,.T.);
#4543=EDGE_CURVE('',#5687,#5687,#695,.F.);
#4544=EDGE_CURVE('',#5688,#5688,#696,.F.);
#4545=EDGE_CURVE('',#5689,#5689,#697,.T.);
#4546=EDGE_CURVE('',#5690,#5690,#698,.F.);
#4547=EDGE_CURVE('',#5691,#5692,#6665,.F.);
#4548=EDGE_CURVE('',#5692,#5693,#699,.T.);
#4549=EDGE_CURVE('',#5693,#5694,#6666,.T.);
#4550=EDGE_CURVE('',#5691,#5694,#700,.T.);
#4551=EDGE_CURVE('',#5695,#5696,#6667,.F.);
#4552=EDGE_CURVE('',#5696,#5697,#701,.T.);
#4553=EDGE_CURVE('',#5697,#5698,#6668,.T.);
#4554=EDGE_CURVE('',#5695,#5698,#702,.T.);
#4555=EDGE_CURVE('',#5699,#5700,#6669,.F.);
#4556=EDGE_CURVE('',#5700,#5701,#703,.T.);
#4557=EDGE_CURVE('',#5701,#5702,#6670,.T.);
#4558=EDGE_CURVE('',#5699,#5702,#704,.T.);
#4559=EDGE_CURVE('',#5703,#5704,#6671,.F.);
#4560=EDGE_CURVE('',#5704,#5705,#705,.T.);
#4561=EDGE_CURVE('',#5705,#5706,#6672,.T.);
#4562=EDGE_CURVE('',#5707,#5706,#706,.T.);
#4563=EDGE_CURVE('',#5707,#5703,#707,.F.);
#4564=EDGE_CURVE('',#5708,#5709,#112,.T.);
#4565=EDGE_CURVE('',#5709,#5710,#708,.T.);
#4566=EDGE_CURVE('',#5710,#5711,#113,.T.);
#4567=EDGE_CURVE('',#5712,#5711,#6673,.T.);
#4568=EDGE_CURVE('',#5712,#5713,#114,.T.);
#4569=EDGE_CURVE('',#5713,#5714,#709,.T.);
#4570=EDGE_CURVE('',#5714,#5715,#115,.T.);
#4571=EDGE_CURVE('',#5715,#5716,#6674,.T.);
#4572=EDGE_CURVE('',#5716,#5717,#116,.T.);
#4573=EDGE_CURVE('',#5717,#5718,#710,.T.);
#4574=EDGE_CURVE('',#5718,#5719,#117,.T.);
#4575=EDGE_CURVE('',#5720,#5719,#6675,.T.);
#4576=EDGE_CURVE('',#5720,#5721,#118,.T.);
#4577=EDGE_CURVE('',#5721,#5722,#711,.T.);
#4578=EDGE_CURVE('',#5722,#5723,#119,.T.);
#4579=EDGE_CURVE('',#5723,#5724,#6676,.T.);
#4580=EDGE_CURVE('',#5724,#5725,#120,.T.);
#4581=EDGE_CURVE('',#5725,#5726,#712,.T.);
#4582=EDGE_CURVE('',#5726,#5727,#121,.T.);
#4583=EDGE_CURVE('',#5728,#5727,#6677,.T.);
#4584=EDGE_CURVE('',#5728,#5729,#122,.T.);
#4585=EDGE_CURVE('',#5729,#5730,#713,.T.);
#4586=EDGE_CURVE('',#5730,#5731,#123,.T.);
#4587=EDGE_CURVE('',#5731,#5732,#6678,.T.);
#4588=EDGE_CURVE('',#5732,#5733,#124,.T.);
#4589=EDGE_CURVE('',#5733,#5734,#714,.T.);
#4590=EDGE_CURVE('',#5734,#5735,#125,.T.);
#4591=EDGE_CURVE('',#5736,#5735,#6679,.T.);
#4592=EDGE_CURVE('',#5736,#5737,#126,.T.);
#4593=EDGE_CURVE('',#5737,#5738,#715,.T.);
#4594=EDGE_CURVE('',#5738,#5739,#127,.T.);
#4595=EDGE_CURVE('',#5739,#5740,#6680,.T.);
#4596=EDGE_CURVE('',#5740,#5741,#128,.T.);
#4597=EDGE_CURVE('',#5741,#5742,#716,.T.);
#4598=EDGE_CURVE('',#5742,#5743,#129,.T.);
#4599=EDGE_CURVE('',#5744,#5743,#6681,.T.);
#4600=EDGE_CURVE('',#5744,#5745,#130,.T.);
#4601=EDGE_CURVE('',#5745,#5746,#717,.T.);
#4602=EDGE_CURVE('',#5746,#5747,#131,.T.);
#4603=EDGE_CURVE('',#5747,#5708,#6682,.T.);
#4604=EDGE_CURVE('',#5748,#5748,#718,.T.);
#4605=EDGE_CURVE('',#5749,#5750,#6683,.F.);
#4606=EDGE_CURVE('',#5750,#5751,#719,.T.);
#4607=EDGE_CURVE('',#5751,#5752,#6684,.T.);
#4608=EDGE_CURVE('',#5752,#5749,#720,.F.);
#4609=EDGE_CURVE('',#5753,#5754,#6685,.T.);
#4610=EDGE_CURVE('',#5755,#5754,#6686,.T.);
#4611=EDGE_CURVE('',#5756,#5755,#6687,.T.);
#4612=EDGE_CURVE('',#5756,#5753,#6688,.T.);
#4613=EDGE_CURVE('',#5757,#5754,#721,.T.);
#4614=EDGE_CURVE('',#5758,#5757,#6689,.T.);
#4615=EDGE_CURVE('',#5758,#5755,#722,.T.);
#4616=EDGE_CURVE('',#5759,#5757,#6690,.T.);
#4617=EDGE_CURVE('',#5760,#5759,#6691,.T.);
#4618=EDGE_CURVE('',#5760,#5758,#6692,.T.);
#4619=EDGE_CURVE('',#5753,#5759,#723,.T.);
#4620=EDGE_CURVE('',#5756,#5760,#724,.T.);
#4621=EDGE_CURVE('',#5711,#5761,#6693,.T.);
#4622=EDGE_CURVE('',#5762,#5761,#6694,.T.);
#4623=EDGE_CURVE('',#5762,#5712,#6695,.F.);
#4624=EDGE_CURVE('',#5715,#5763,#6696,.T.);
#4625=EDGE_CURVE('',#5763,#5764,#6697,.T.);
#4626=EDGE_CURVE('',#5764,#5716,#6698,.F.);
#4627=EDGE_CURVE('',#5765,#5766,#725,.T.);
#4628=EDGE_CURVE('',#5766,#5714,#6699,.F.);
#4629=EDGE_CURVE('',#5713,#5765,#6700,.T.);
#4630=EDGE_CURVE('',#5763,#5766,#132,.T.);
#4631=EDGE_CURVE('',#5698,#5764,#133,.T.);
#4632=EDGE_CURVE('',#5717,#5697,#134,.T.);
#4633=EDGE_CURVE('',#5696,#5710,#135,.T.);
#4634=EDGE_CURVE('',#5761,#5695,#136,.T.);
#4635=EDGE_CURVE('',#5765,#5762,#137,.T.);
#4636=EDGE_CURVE('',#5766,#5767,#726,.F.);
#4637=EDGE_CURVE('',#5767,#5768,#138,.T.);
#4638=EDGE_CURVE('',#5768,#5769,#6701,.T.);
#4639=EDGE_CURVE('',#5769,#5699,#139,.T.);
#4640=EDGE_CURVE('',#5699,#5698,#727,.F.);
#4641=EDGE_CURVE('',#5695,#5694,#728,.F.);
#4642=EDGE_CURVE('',#5694,#5770,#140,.T.);
#4643=EDGE_CURVE('',#5771,#5770,#6702,.T.);
#4644=EDGE_CURVE('',#5771,#5772,#141,.T.);
#4645=EDGE_CURVE('',#5772,#5765,#729,.F.);
#4646=EDGE_CURVE('',#5743,#5773,#6703,.T.);
#4647=EDGE_CURVE('',#5774,#5773,#6704,.T.);
#4648=EDGE_CURVE('',#5774,#5744,#6705,.F.);
#4649=EDGE_CURVE('',#5747,#5771,#6706,.T.);
#4650=EDGE_CURVE('',#5770,#5708,#6707,.F.);
#4651=EDGE_CURVE('',#5775,#5772,#730,.T.);
#4652=EDGE_CURVE('',#5772,#5746,#6708,.F.);
#4653=EDGE_CURVE('',#5745,#5775,#6709,.T.);
#4654=EDGE_CURVE('',#5709,#5693,#142,.T.);
#4655=EDGE_CURVE('',#5692,#5742,#143,.T.);
#4656=EDGE_CURVE('',#5773,#5691,#144,.T.);
#4657=EDGE_CURVE('',#5775,#5774,#145,.T.);
#4658=EDGE_CURVE('',#5691,#5752,#731,.F.);
#4659=EDGE_CURVE('',#5752,#5776,#146,.T.);
#4660=EDGE_CURVE('',#5777,#5776,#6710,.T.);
#4661=EDGE_CURVE('',#5777,#5778,#147,.T.);
#4662=EDGE_CURVE('',#5778,#5775,#732,.F.);
#4663=EDGE_CURVE('',#5768,#5720,#6711,.F.);
#4664=EDGE_CURVE('',#5719,#5769,#6712,.T.);
#4665=EDGE_CURVE('',#5723,#5779,#6713,.T.);
#4666=EDGE_CURVE('',#5779,#5780,#6714,.T.);
#4667=EDGE_CURVE('',#5780,#5724,#6715,.F.);
#4668=EDGE_CURVE('',#5721,#5767,#6716,.T.);
#4669=EDGE_CURVE('',#5767,#5781,#733,.T.);
#4670=EDGE_CURVE('',#5781,#5722,#6717,.F.);
#4671=EDGE_CURVE('',#5779,#5781,#148,.T.);
#4672=EDGE_CURVE('',#5702,#5780,#149,.T.);
#4673=EDGE_CURVE('',#5725,#5701,#150,.T.);
#4674=EDGE_CURVE('',#5700,#5718,#151,.T.);
#4675=EDGE_CURVE('',#5781,#5782,#734,.F.);
#4676=EDGE_CURVE('',#5782,#5707,#6718,.T.);
#4677=EDGE_CURVE('',#5707,#5702,#735,.F.);
#4678=EDGE_CURVE('',#5727,#5783,#6719,.T.);
#4679=EDGE_CURVE('',#5783,#5784,#6720,.F.);
#4680=EDGE_CURVE('',#5784,#5728,#6721,.F.);
#4681=EDGE_CURVE('',#5785,#5786,#6722,.T.);
#4682=EDGE_CURVE('',#5786,#5732,#6723,.F.);
#4683=EDGE_CURVE('',#5731,#5785,#6724,.T.);
#4684=EDGE_CURVE('',#5782,#5787,#736,.T.);
#4685=EDGE_CURVE('',#5787,#5730,#6725,.F.);
#4686=EDGE_CURVE('',#5729,#5788,#6726,.T.);
#4687=EDGE_CURVE('',#5788,#5782,#737,.T.);
#4688=EDGE_CURVE('',#5788,#5784,#22,.F.);
#4689=EDGE_CURVE('',#5704,#5726,#152,.T.);
#4690=EDGE_CURVE('',#5783,#5703,#23,.T.);
#4691=EDGE_CURVE('',#5706,#5786,#153,.T.);
#4692=EDGE_CURVE('',#5705,#5733,#154,.T.);
#4693=EDGE_CURVE('',#5785,#5787,#155,.T.);
#4694=EDGE_CURVE('',#5749,#5706,#738,.F.);
#4695=EDGE_CURVE('',#5787,#5789,#739,.F.);
#4696=EDGE_CURVE('',#5789,#5790,#156,.T.);
#4697=EDGE_CURVE('',#5790,#5791,#6727,.T.);
#4698=EDGE_CURVE('',#5791,#5749,#157,.T.);
#4699=EDGE_CURVE('',#5790,#5736,#6728,.F.);
#4700=EDGE_CURVE('',#5735,#5791,#6729,.T.);
#4701=EDGE_CURVE('',#5739,#5777,#6730,.T.);
#4702=EDGE_CURVE('',#5776,#5740,#6731,.F.);
#4703=EDGE_CURVE('',#5737,#5789,#6732,.T.);
#4704=EDGE_CURVE('',#5789,#5778,#740,.F.);
#4705=EDGE_CURVE('',#5778,#5738,#6733,.F.);
#4706=EDGE_CURVE('',#5741,#5751,#158,.T.);
#4707=EDGE_CURVE('',#5750,#5734,#159,.T.);
#4708=EDGE_CURVE('',#5792,#5792,#741,.T.);
#4709=EDGE_CURVE('',#5793,#5793,#742,.F.);
#4710=EDGE_CURVE('',#5710,#5717,#743,.T.);
#4711=EDGE_CURVE('',#5742,#5709,#744,.T.);
#4712=EDGE_CURVE('',#5718,#5725,#745,.T.);
#4713=EDGE_CURVE('',#5726,#5733,#746,.T.);
#4714=EDGE_CURVE('',#5734,#5741,#747,.T.);
#4715=EDGE_CURVE('',#5794,#5795,#160,.T.);
#4716=EDGE_CURVE('',#5795,#5796,#748,.T.);
#4717=EDGE_CURVE('',#5796,#5797,#161,.T.);
#4718=EDGE_CURVE('',#5798,#5797,#6734,.T.);
#4719=EDGE_CURVE('',#5798,#5799,#162,.T.);
#4720=EDGE_CURVE('',#5799,#5800,#749,.T.);
#4721=EDGE_CURVE('',#5800,#5801,#163,.T.);
#4722=EDGE_CURVE('',#5801,#5802,#6735,.T.);
#4723=EDGE_CURVE('',#5802,#5803,#164,.T.);
#4724=EDGE_CURVE('',#5803,#5804,#750,.T.);
#4725=EDGE_CURVE('',#5804,#5805,#165,.T.);
#4726=EDGE_CURVE('',#5806,#5805,#6736,.T.);
#4727=EDGE_CURVE('',#5806,#5807,#166,.T.);
#4728=EDGE_CURVE('',#5807,#5808,#751,.T.);
#4729=EDGE_CURVE('',#5808,#5809,#167,.T.);
#4730=EDGE_CURVE('',#5809,#5810,#6737,.T.);
#4731=EDGE_CURVE('',#5810,#5811,#168,.T.);
#4732=EDGE_CURVE('',#5811,#5812,#752,.T.);
#4733=EDGE_CURVE('',#5812,#5813,#169,.T.);
#4734=EDGE_CURVE('',#5814,#5813,#6738,.T.);
#4735=EDGE_CURVE('',#5814,#5815,#170,.T.);
#4736=EDGE_CURVE('',#5815,#5816,#753,.T.);
#4737=EDGE_CURVE('',#5816,#5817,#171,.T.);
#4738=EDGE_CURVE('',#5817,#5818,#6739,.T.);
#4739=EDGE_CURVE('',#5818,#5819,#172,.T.);
#4740=EDGE_CURVE('',#5819,#5820,#754,.T.);
#4741=EDGE_CURVE('',#5820,#5821,#173,.T.);
#4742=EDGE_CURVE('',#5822,#5821,#6740,.T.);
#4743=EDGE_CURVE('',#5822,#5823,#174,.T.);
#4744=EDGE_CURVE('',#5823,#5824,#755,.T.);
#4745=EDGE_CURVE('',#5824,#5825,#175,.T.);
#4746=EDGE_CURVE('',#5825,#5826,#6741,.T.);
#4747=EDGE_CURVE('',#5826,#5827,#176,.T.);
#4748=EDGE_CURVE('',#5827,#5828,#756,.T.);
#4749=EDGE_CURVE('',#5828,#5829,#177,.T.);
#4750=EDGE_CURVE('',#5830,#5829,#6742,.T.);
#4751=EDGE_CURVE('',#5830,#5831,#178,.T.);
#4752=EDGE_CURVE('',#5831,#5832,#757,.T.);
#4753=EDGE_CURVE('',#5832,#5833,#179,.T.);
#4754=EDGE_CURVE('',#5833,#5794,#6743,.T.);
#4755=EDGE_CURVE('',#5834,#5834,#758,.T.);
#4756=EDGE_CURVE('',#5835,#5820,#6744,.F.);
#4757=EDGE_CURVE('',#5819,#5836,#6745,.T.);
#4758=EDGE_CURVE('',#5837,#5836,#759,.T.);
#4759=EDGE_CURVE('',#5837,#5838,#760,.F.);
#4760=EDGE_CURVE('',#5838,#5812,#6746,.F.);
#4761=EDGE_CURVE('',#5811,#5839,#6747,.T.);
#4762=EDGE_CURVE('',#5840,#5839,#761,.T.);
#4763=EDGE_CURVE('',#5840,#5804,#6748,.F.);
#4764=EDGE_CURVE('',#5803,#5841,#6749,.T.);
#4765=EDGE_CURVE('',#5842,#5841,#762,.T.);
#4766=EDGE_CURVE('',#5842,#5796,#6750,.F.);
#4767=EDGE_CURVE('',#5795,#5843,#6751,.T.);
#4768=EDGE_CURVE('',#5844,#5843,#763,.T.);
#4769=EDGE_CURVE('',#5844,#5828,#6752,.F.);
#4770=EDGE_CURVE('',#5827,#5845,#6753,.T.);
#4771=EDGE_CURVE('',#5845,#5835,#764,.F.);
#4772=EDGE_CURVE('',#5846,#5847,#6754,.T.);
#4773=EDGE_CURVE('',#5848,#5847,#6755,.T.);
#4774=EDGE_CURVE('',#5849,#5848,#6756,.T.);
#4775=EDGE_CURVE('',#5849,#5846,#6757,.T.);
#4776=EDGE_CURVE('',#5850,#5847,#765,.T.);
#4777=EDGE_CURVE('',#5851,#5850,#6758,.T.);
#4778=EDGE_CURVE('',#5851,#5848,#766,.T.);
#4779=EDGE_CURVE('',#5852,#5850,#6759,.T.);
#4780=EDGE_CURVE('',#5853,#5852,#6760,.T.);
#4781=EDGE_CURVE('',#5853,#5851,#6761,.T.);
#4782=EDGE_CURVE('',#5846,#5852,#767,.T.);
#4783=EDGE_CURVE('',#5849,#5853,#768,.T.);
#4784=EDGE_CURVE('',#5797,#5854,#6762,.T.);
#4785=EDGE_CURVE('',#5855,#5854,#6763,.T.);
#4786=EDGE_CURVE('',#5855,#5798,#6764,.F.);
#4787=EDGE_CURVE('',#5801,#5856,#6765,.T.);
#4788=EDGE_CURVE('',#5856,#5857,#6766,.T.);
#4789=EDGE_CURVE('',#5857,#5802,#6767,.F.);
#4790=EDGE_CURVE('',#5858,#5859,#769,.T.);
#4791=EDGE_CURVE('',#5859,#5800,#6768,.F.);
#4792=EDGE_CURVE('',#5799,#5858,#6769,.T.);
#4793=EDGE_CURVE('',#5856,#5859,#180,.T.);
#4794=EDGE_CURVE('',#5841,#5857,#181,.T.);
#4795=EDGE_CURVE('',#5854,#5842,#182,.T.);
#4796=EDGE_CURVE('',#5858,#5855,#183,.T.);
#4797=EDGE_CURVE('',#5859,#5860,#770,.F.);
#4798=EDGE_CURVE('',#5860,#5861,#184,.T.);
#4799=EDGE_CURVE('',#5861,#5862,#6770,.T.);
#4800=EDGE_CURVE('',#5862,#5840,#185,.T.);
#4801=EDGE_CURVE('',#5840,#5841,#771,.F.);
#4802=EDGE_CURVE('',#5842,#5843,#772,.F.);
#4803=EDGE_CURVE('',#5843,#5863,#186,.T.);
#4804=EDGE_CURVE('',#5864,#5863,#6771,.T.);
#4805=EDGE_CURVE('',#5864,#5865,#187,.T.);
#4806=EDGE_CURVE('',#5865,#5858,#773,.F.);
#4807=EDGE_CURVE('',#5829,#5866,#6772,.T.);
#4808=EDGE_CURVE('',#5867,#5866,#6773,.T.);
#4809=EDGE_CURVE('',#5867,#5830,#6774,.F.);
#4810=EDGE_CURVE('',#5833,#5864,#6775,.T.);
#4811=EDGE_CURVE('',#5863,#5794,#6776,.F.);
#4812=EDGE_CURVE('',#5868,#5865,#774,.T.);
#4813=EDGE_CURVE('',#5865,#5832,#6777,.F.);
#4814=EDGE_CURVE('',#5831,#5868,#6778,.T.);
#4815=EDGE_CURVE('',#5866,#5844,#188,.T.);
#4816=EDGE_CURVE('',#5868,#5867,#189,.T.);
#4817=EDGE_CURVE('',#5844,#5845,#775,.F.);
#4818=EDGE_CURVE('',#5845,#5869,#190,.T.);
#4819=EDGE_CURVE('',#5870,#5869,#6779,.T.);
#4820=EDGE_CURVE('',#5870,#5871,#191,.T.);
#4821=EDGE_CURVE('',#5871,#5868,#776,.F.);
#4822=EDGE_CURVE('',#5861,#5806,#6780,.F.);
#4823=EDGE_CURVE('',#5805,#5862,#6781,.T.);
#4824=EDGE_CURVE('',#5809,#5872,#6782,.T.);
#4825=EDGE_CURVE('',#5872,#5873,#6783,.T.);
#4826=EDGE_CURVE('',#5873,#5810,#6784,.F.);
#4827=EDGE_CURVE('',#5807,#5860,#6785,.T.);
#4828=EDGE_CURVE('',#5860,#5874,#777,.T.);
#4829=EDGE_CURVE('',#5874,#5808,#6786,.F.);
#4830=EDGE_CURVE('',#5872,#5874,#192,.T.);
#4831=EDGE_CURVE('',#5839,#5873,#193,.T.);
#4832=EDGE_CURVE('',#5874,#5875,#778,.F.);
#4833=EDGE_CURVE('',#5875,#5837,#6787,.T.);
#4834=EDGE_CURVE('',#5837,#5839,#779,.F.);
#4835=EDGE_CURVE('',#5813,#5876,#6788,.T.);
#4836=EDGE_CURVE('',#5876,#5877,#6789,.F.);
#4837=EDGE_CURVE('',#5877,#5814,#6790,.F.);
#4838=EDGE_CURVE('',#5878,#5879,#6791,.T.);
#4839=EDGE_CURVE('',#5879,#5818,#6792,.F.);
#4840=EDGE_CURVE('',#5817,#5878,#6793,.T.);
#4841=EDGE_CURVE('',#5875,#5880,#780,.T.);
#4842=EDGE_CURVE('',#5880,#5816,#6794,.F.);
#4843=EDGE_CURVE('',#5815,#5881,#6795,.T.);
#4844=EDGE_CURVE('',#5881,#5875,#781,.T.);
#4845=EDGE_CURVE('',#5881,#5877,#24,.F.);
#4846=EDGE_CURVE('',#5876,#5838,#25,.T.);
#4847=EDGE_CURVE('',#5836,#5879,#194,.T.);
#4848=EDGE_CURVE('',#5878,#5880,#195,.T.);
#4849=EDGE_CURVE('',#5835,#5836,#782,.F.);
#4850=EDGE_CURVE('',#5880,#5882,#783,.F.);
#4851=EDGE_CURVE('',#5882,#5883,#196,.T.);
#4852=EDGE_CURVE('',#5883,#5884,#6796,.T.);
#4853=EDGE_CURVE('',#5884,#5835,#197,.T.);
#4854=EDGE_CURVE('',#5883,#5822,#6797,.F.);
#4855=EDGE_CURVE('',#5821,#5884,#6798,.T.);
#4856=EDGE_CURVE('',#5825,#5870,#6799,.T.);
#4857=EDGE_CURVE('',#5869,#5826,#6800,.F.);
#4858=EDGE_CURVE('',#5823,#5882,#6801,.T.);
#4859=EDGE_CURVE('',#5882,#5871,#784,.F.);
#4860=EDGE_CURVE('',#5871,#5824,#6802,.F.);
#4861=EDGE_CURVE('',#5885,#5885,#785,.T.);
#4862=EDGE_CURVE('',#5886,#5886,#786,.F.);
#4863=EDGE_CURVE('',#5887,#5888,#6803,.T.);
#4864=EDGE_CURVE('',#5887,#5889,#6804,.T.);
#4865=EDGE_CURVE('',#5889,#5890,#6805,.T.);
#4866=EDGE_CURVE('',#5890,#5891,#6806,.T.);
#4867=EDGE_CURVE('',#5892,#5891,#6807,.T.);
#4868=EDGE_CURVE('',#5892,#5888,#6808,.T.);
#4869=EDGE_CURVE('',#5893,#5894,#6809,.T.);
#4870=EDGE_CURVE('',#5893,#5895,#6810,.T.);
#4871=EDGE_CURVE('',#5895,#5896,#6811,.T.);
#4872=EDGE_CURVE('',#5897,#5896,#6812,.T.);
#4873=EDGE_CURVE('',#5898,#5897,#6813,.T.);
#4874=EDGE_CURVE('',#5898,#5894,#6814,.T.);
#4875=EDGE_CURVE('',#5899,#5899,#787,.T.);
#4876=EDGE_CURVE('',#5899,#5899,#788,.T.);
#4877=EDGE_CURVE('',#5900,#5900,#789,.T.);
#4878=EDGE_CURVE('',#5900,#5900,#790,.T.);
#4879=EDGE_CURVE('',#5901,#5902,#6815,.T.);
#4880=EDGE_CURVE('',#5901,#5903,#6816,.T.);
#4881=EDGE_CURVE('',#5903,#5904,#6817,.T.);
#4882=EDGE_CURVE('',#5904,#5905,#6818,.T.);
#4883=EDGE_CURVE('',#5906,#5905,#6819,.T.);
#4884=EDGE_CURVE('',#5906,#5907,#6820,.T.);
#4885=EDGE_CURVE('',#5907,#5908,#6821,.T.);
#4886=EDGE_CURVE('',#5908,#5909,#6822,.T.);
#4887=EDGE_CURVE('',#5910,#5909,#6823,.T.);
#4888=EDGE_CURVE('',#5910,#5911,#6824,.T.);
#4889=EDGE_CURVE('',#5911,#5912,#6825,.T.);
#4890=EDGE_CURVE('',#5912,#5913,#6826,.T.);
#4891=EDGE_CURVE('',#5913,#5914,#6827,.T.);
#4892=EDGE_CURVE('',#5914,#5915,#6828,.T.);
#4893=EDGE_CURVE('',#5915,#5916,#6829,.T.);
#4894=EDGE_CURVE('',#5916,#5917,#6830,.T.);
#4895=EDGE_CURVE('',#5917,#5918,#6831,.T.);
#4896=EDGE_CURVE('',#5918,#5919,#6832,.T.);
#4897=EDGE_CURVE('',#5919,#5920,#6833,.T.);
#4898=EDGE_CURVE('',#5920,#5921,#6834,.T.);
#4899=EDGE_CURVE('',#5922,#5921,#6835,.T.);
#4900=EDGE_CURVE('',#5922,#5923,#6836,.T.);
#4901=EDGE_CURVE('',#5924,#5923,#6837,.T.);
#4902=EDGE_CURVE('',#5924,#5902,#6838,.T.);
#4903=EDGE_CURVE('',#5925,#5926,#6839,.T.);
#4904=EDGE_CURVE('',#5926,#5927,#6840,.T.);
#4905=EDGE_CURVE('',#5928,#5927,#6841,.T.);
#4906=EDGE_CURVE('',#5925,#5928,#6842,.T.);
#4907=EDGE_CURVE('',#5929,#5930,#6843,.T.);
#4908=EDGE_CURVE('',#5930,#5931,#6844,.T.);
#4909=EDGE_CURVE('',#5932,#5931,#6845,.T.);
#4910=EDGE_CURVE('',#5932,#5929,#6846,.T.);
#4911=EDGE_CURVE('',#5928,#5933,#6847,.T.);
#4912=EDGE_CURVE('',#5934,#5927,#6848,.T.);
#4913=EDGE_CURVE('',#5935,#5934,#6849,.T.);
#4914=EDGE_CURVE('',#5935,#5936,#6850,.T.);
#4915=EDGE_CURVE('',#5936,#5933,#6851,.T.);
#4916=EDGE_CURVE('',#5937,#5938,#6852,.T.);
#4917=EDGE_CURVE('',#5938,#5926,#6853,.T.);
#4918=EDGE_CURVE('',#5925,#5939,#6854,.T.);
#4919=EDGE_CURVE('',#5940,#5939,#6855,.T.);
#4920=EDGE_CURVE('',#5937,#5940,#6856,.T.);
#4921=EDGE_CURVE('',#5929,#5941,#6857,.T.);
#4922=EDGE_CURVE('',#5942,#5941,#6858,.T.);
#4923=EDGE_CURVE('',#5943,#5942,#6859,.T.);
#4924=EDGE_CURVE('',#5943,#5944,#6860,.T.);
#4925=EDGE_CURVE('',#5944,#5930,#6861,.T.);
#4926=EDGE_CURVE('',#5931,#5945,#6862,.T.);
#4927=EDGE_CURVE('',#5946,#5945,#6863,.T.);
#4928=EDGE_CURVE('',#5946,#5947,#6864,.T.);
#4929=EDGE_CURVE('',#5947,#5948,#6865,.T.);
#4930=EDGE_CURVE('',#5932,#5948,#6866,.T.);
#4931=EDGE_CURVE('',#5949,#5949,#791,.F.);
#4932=EDGE_CURVE('',#5950,#5950,#792,.F.);
#4933=EDGE_CURVE('',#5951,#5951,#793,.F.);
#4934=EDGE_CURVE('',#5952,#5952,#794,.F.);
#4935=EDGE_CURVE('',#5934,#5944,#6867,.T.);
#4936=EDGE_CURVE('',#5927,#5930,#6868,.T.);
#4937=EDGE_CURVE('',#5948,#5941,#6869,.T.);
#4938=EDGE_CURVE('',#5939,#5933,#6870,.T.);
#4939=EDGE_CURVE('',#5940,#5936,#6871,.T.);
#4940=EDGE_CURVE('',#5947,#5942,#6872,.T.);
#4941=EDGE_CURVE('',#5937,#5935,#6873,.T.);
#4942=EDGE_CURVE('',#5946,#5943,#6874,.T.);
#4943=EDGE_CURVE('',#5953,#5953,#795,.T.);
#4944=EDGE_CURVE('',#5954,#5954,#796,.T.);
#4945=EDGE_CURVE('',#5945,#5917,#6875,.F.);
#4946=EDGE_CURVE('',#5955,#5915,#6876,.T.);
#4947=EDGE_CURVE('',#5956,#5955,#6877,.T.);
#4948=EDGE_CURVE('',#5908,#5956,#6878,.T.);
#4949=EDGE_CURVE('',#5905,#5957,#6879,.T.);
#4950=EDGE_CURVE('',#5958,#5957,#6880,.T.);
#4951=EDGE_CURVE('',#5958,#5922,#6881,.T.);
#4952=EDGE_CURVE('',#5920,#5938,#6882,.T.);
#4953=EDGE_CURVE('',#5926,#5919,#6883,.T.);
#4954=EDGE_CURVE('',#5931,#5918,#6884,.F.);
#4955=EDGE_CURVE('',#5959,#5960,#6885,.T.);
#4956=EDGE_CURVE('',#5960,#5961,#6886,.T.);
#4957=EDGE_CURVE('',#5961,#5962,#6887,.T.);
#4958=EDGE_CURVE('',#5962,#5959,#6888,.T.);
#4959=EDGE_CURVE('',#5963,#5960,#6889,.T.);
#4960=EDGE_CURVE('',#5963,#5964,#6890,.T.);
#4961=EDGE_CURVE('',#5964,#5961,#6891,.T.);
#4962=EDGE_CURVE('',#5962,#5965,#6892,.T.);
#4963=EDGE_CURVE('',#5966,#5965,#6893,.T.);
#4964=EDGE_CURVE('',#5959,#5966,#6894,.T.);
#4965=EDGE_CURVE('',#5967,#5966,#6895,.T.);
#4966=EDGE_CURVE('',#5968,#5965,#6896,.T.);
#4967=EDGE_CURVE('',#5967,#5968,#6897,.T.);
#4968=EDGE_CURVE('',#5964,#5955,#6898,.T.);
#4969=EDGE_CURVE('',#5955,#5969,#6899,.T.);
#4970=EDGE_CURVE('',#5968,#5969,#6900,.T.);
#4971=EDGE_CURVE('',#5967,#5970,#6901,.T.);
#4972=EDGE_CURVE('',#5956,#5970,#6902,.T.);
#4973=EDGE_CURVE('',#5963,#5956,#6903,.T.);
#4974=EDGE_CURVE('',#5971,#5970,#6904,.T.);
#4975=EDGE_CURVE('',#5971,#5908,#6905,.T.);
#4976=EDGE_CURVE('',#5972,#5891,#6906,.T.);
#4977=EDGE_CURVE('',#5972,#5973,#6907,.T.);
#4978=EDGE_CURVE('',#5973,#5892,#6908,.T.);
#4979=EDGE_CURVE('',#5969,#5974,#6909,.T.);
#4980=EDGE_CURVE('',#5974,#5972,#6910,.T.);
#4981=EDGE_CURVE('',#5975,#5890,#6911,.T.);
#4982=EDGE_CURVE('',#5975,#5971,#6912,.T.);
#4983=EDGE_CURVE('',#5889,#5976,#6913,.T.);
#4984=EDGE_CURVE('',#5976,#5975,#6914,.T.);
#4985=EDGE_CURVE('',#5977,#5978,#6915,.T.);
#4986=EDGE_CURVE('',#5977,#5979,#6916,.T.);
#4987=EDGE_CURVE('',#5979,#5980,#6917,.T.);
#4988=EDGE_CURVE('',#5980,#5912,#6918,.T.);
#4989=EDGE_CURVE('',#5911,#5978,#6919,.T.);
#4990=EDGE_CURVE('',#5981,#5982,#6920,.T.);
#4991=EDGE_CURVE('',#5982,#5914,#6921,.T.);
#4992=EDGE_CURVE('',#5913,#5981,#6922,.T.);
#4993=EDGE_CURVE('',#5983,#5984,#6923,.T.);
#4994=EDGE_CURVE('',#5984,#5910,#6924,.T.);
#4995=EDGE_CURVE('',#5909,#5983,#6925,.T.);
#4996=EDGE_CURVE('',#5915,#5974,#6926,.T.);
#4997=EDGE_CURVE('',#5985,#5986,#6927,.T.);
#4998=EDGE_CURVE('',#5987,#5985,#6928,.T.);
#4999=EDGE_CURVE('',#5988,#5987,#6929,.T.);
#5000=EDGE_CURVE('',#5986,#5988,#6930,.T.);
#5001=EDGE_CURVE('',#5989,#5986,#6931,.T.);
#5002=EDGE_CURVE('',#5990,#5988,#6932,.T.);
#5003=EDGE_CURVE('',#5989,#5990,#6933,.T.);
#5004=EDGE_CURVE('',#5987,#5991,#6934,.T.);
#5005=EDGE_CURVE('',#5985,#5992,#6935,.T.);
#5006=EDGE_CURVE('',#5992,#5991,#6936,.T.);
#5007=EDGE_CURVE('',#5993,#5992,#6937,.T.);
#5008=EDGE_CURVE('',#5993,#5994,#6938,.T.);
#5009=EDGE_CURVE('',#5994,#5991,#6939,.T.);
#5010=EDGE_CURVE('',#5994,#5995,#6940,.T.);
#5011=EDGE_CURVE('',#5958,#5995,#6941,.T.);
#5012=EDGE_CURVE('',#5990,#5958,#6942,.T.);
#5013=EDGE_CURVE('',#5989,#5957,#6943,.T.);
#5014=EDGE_CURVE('',#5957,#5996,#6944,.T.);
#5015=EDGE_CURVE('',#5993,#5996,#6945,.T.);
#5016=EDGE_CURVE('',#5905,#5997,#6946,.T.);
#5017=EDGE_CURVE('',#5997,#5996,#6947,.T.);
#5018=EDGE_CURVE('',#5895,#5998,#6948,.T.);
#5019=EDGE_CURVE('',#5998,#5999,#6949,.T.);
#5020=EDGE_CURVE('',#5999,#5896,#6950,.T.);
#5021=EDGE_CURVE('',#5999,#6000,#6951,.T.);
#5022=EDGE_CURVE('',#5995,#6000,#6952,.T.);
#5023=EDGE_CURVE('',#5997,#6001,#6953,.T.);
#5024=EDGE_CURVE('',#6001,#5897,#6954,.T.);
#5025=EDGE_CURVE('',#6001,#6002,#6955,.T.);
#5026=EDGE_CURVE('',#6002,#5898,#6956,.T.);
#5027=EDGE_CURVE('',#6003,#6004,#6957,.T.);
#5028=EDGE_CURVE('',#6003,#6005,#6958,.T.);
#5029=EDGE_CURVE('',#6005,#6006,#6959,.T.);
#5030=EDGE_CURVE('',#6006,#5901,#6960,.T.);
#5031=EDGE_CURVE('',#5902,#6004,#6961,.T.);
#5032=EDGE_CURVE('',#5923,#6007,#6962,.T.);
#5033=EDGE_CURVE('',#6007,#6008,#6963,.T.);
#5034=EDGE_CURVE('',#6008,#5924,#6964,.T.);
#5035=EDGE_CURVE('',#5903,#6009,#6965,.T.);
#5036=EDGE_CURVE('',#6009,#6010,#6966,.T.);
#5037=EDGE_CURVE('',#6010,#5904,#6967,.T.);
#5038=EDGE_CURVE('',#6000,#5922,#6968,.T.);
#5039=EDGE_CURVE('',#6011,#6011,#797,.T.);
#5040=EDGE_CURVE('',#6012,#6012,#798,.T.);
#5041=EDGE_CURVE('',#6013,#6013,#799,.T.);
#5042=EDGE_CURVE('',#6014,#6014,#800,.T.);
#5043=EDGE_CURVE('',#6015,#6015,#801,.T.);
#5044=EDGE_CURVE('',#6016,#6016,#802,.T.);
#5045=EDGE_CURVE('',#6017,#6017,#803,.T.);
#5046=EDGE_CURVE('',#6018,#6018,#804,.T.);
#5047=EDGE_CURVE('',#6019,#6019,#805,.F.);
#5048=EDGE_CURVE('',#6020,#6020,#806,.T.);
#5049=EDGE_CURVE('',#6021,#6021,#807,.T.);
#5050=EDGE_CURVE('',#6022,#6022,#808,.F.);
#5051=EDGE_CURVE('',#6023,#6023,#809,.T.);
#5052=EDGE_CURVE('',#6024,#6024,#810,.T.);
#5053=EDGE_CURVE('',#6025,#6025,#811,.T.);
#5054=EDGE_CURVE('',#6026,#6026,#812,.F.);
#5055=EDGE_CURVE('',#6027,#6027,#813,.T.);
#5056=EDGE_CURVE('',#6028,#6028,#814,.F.);
#5057=EDGE_CURVE('',#6004,#6008,#6969,.F.);
#5058=EDGE_CURVE('',#5998,#6007,#6970,.F.);
#5059=EDGE_CURVE('',#6004,#5893,#6971,.T.);
#5060=EDGE_CURVE('',#6002,#6010,#6972,.F.);
#5061=EDGE_CURVE('',#6006,#6009,#6973,.F.);
#5062=EDGE_CURVE('',#5894,#6006,#6974,.T.);
#5063=EDGE_CURVE('',#5981,#5980,#6975,.F.);
#5064=EDGE_CURVE('',#5982,#5973,#6976,.F.);
#5065=EDGE_CURVE('',#5888,#5980,#6977,.T.);
#5066=EDGE_CURVE('',#5983,#5976,#6978,.F.);
#5067=EDGE_CURVE('',#5978,#5887,#6979,.T.);
#5068=EDGE_CURVE('',#5984,#5978,#6980,.F.);
#5069=EDGE_CURVE('',#6029,#6030,#6981,.T.);
#5070=EDGE_CURVE('',#6029,#6003,#6982,.T.);
#5071=EDGE_CURVE('',#6030,#5893,#6983,.T.);
#5072=EDGE_CURVE('',#6005,#6031,#6984,.T.);
#5073=EDGE_CURVE('',#6031,#6032,#6985,.T.);
#5074=EDGE_CURVE('',#6032,#5894,#6986,.T.);
#5075=EDGE_CURVE('',#6033,#6034,#6987,.T.);
#5076=EDGE_CURVE('',#6034,#6035,#6988,.T.);
#5077=EDGE_CURVE('',#6036,#6035,#6989,.T.);
#5078=EDGE_CURVE('',#6036,#6033,#6990,.T.);
#5079=EDGE_CURVE('',#5979,#6037,#6991,.T.);
#5080=EDGE_CURVE('',#6038,#6037,#6992,.T.);
#5081=EDGE_CURVE('',#6038,#5888,#6993,.T.);
#5082=EDGE_CURVE('',#6039,#6040,#6994,.T.);
#5083=EDGE_CURVE('',#6040,#5977,#6995,.T.);
#5084=EDGE_CURVE('',#6039,#5887,#6996,.T.);
#5085=EDGE_CURVE('',#6041,#6042,#6997,.T.);
#5086=EDGE_CURVE('',#6042,#6043,#6998,.T.);
#5087=EDGE_CURVE('',#6043,#6044,#6999,.T.);
#5088=EDGE_CURVE('',#6044,#6041,#7000,.T.);
#5089=EDGE_CURVE('',#6030,#6032,#7001,.T.);
#5090=EDGE_CURVE('',#6035,#6029,#7002,.T.);
#5091=EDGE_CURVE('',#6031,#6036,#7003,.T.);
#5092=EDGE_CURVE('',#6039,#6038,#7004,.T.);
#5093=EDGE_CURVE('',#6037,#6042,#7005,.T.);
#5094=EDGE_CURVE('',#6041,#6040,#7006,.T.);
#5095=EDGE_CURVE('',#6033,#6005,#7007,.T.);
#5096=EDGE_CURVE('',#6034,#6003,#7008,.T.);
#5097=EDGE_CURVE('',#5977,#6044,#7009,.T.);
#5098=EDGE_CURVE('',#5979,#6043,#7010,.T.);
#5099=EDGE_CURVE('',#6045,#6046,#7011,.T.);
#5100=EDGE_CURVE('',#6047,#6045,#7012,.T.);
#5101=EDGE_CURVE('',#6047,#6048,#7013,.T.);
#5102=EDGE_CURVE('',#6048,#6046,#7014,.T.);
#5103=EDGE_CURVE('',#6045,#6049,#7015,.T.);
#5104=EDGE_CURVE('',#6050,#6049,#7016,.T.);
#5105=EDGE_CURVE('',#6047,#6050,#7017,.T.);
#5106=EDGE_CURVE('',#6049,#6051,#7018,.T.);
#5107=EDGE_CURVE('',#6052,#6051,#7019,.T.);
#5108=EDGE_CURVE('',#6050,#6052,#7020,.T.);
#5109=EDGE_CURVE('',#6046,#6051,#7021,.T.);
#5110=EDGE_CURVE('',#6048,#6052,#7022,.T.);
#5111=EDGE_CURVE('',#6053,#6053,#815,.T.);
#5112=EDGE_CURVE('',#6054,#6054,#816,.T.);
#5113=EDGE_CURVE('',#6055,#6056,#7023,.T.);
#5114=EDGE_CURVE('',#6057,#6056,#7024,.T.);
#5115=EDGE_CURVE('',#6058,#6057,#7025,.T.);
#5116=EDGE_CURVE('',#6058,#6055,#7026,.T.);
#5117=EDGE_CURVE('',#6055,#6059,#7027,.T.);
#5118=EDGE_CURVE('',#6058,#6060,#7028,.T.);
#5119=EDGE_CURVE('',#6060,#6059,#7029,.T.);
#5120=EDGE_CURVE('',#6059,#6061,#7030,.T.);
#5121=EDGE_CURVE('',#6060,#6062,#7031,.T.);
#5122=EDGE_CURVE('',#6062,#6061,#7032,.T.);
#5123=EDGE_CURVE('',#6056,#6061,#7033,.T.);
#5124=EDGE_CURVE('',#6057,#6062,#7034,.T.);
#5125=EDGE_CURVE('',#6063,#6063,#817,.T.);
#5126=EDGE_CURVE('',#6064,#6064,#818,.T.);
#5127=VERTEX_POINT('',#14332);
#5128=VERTEX_POINT('',#14333);
#5129=VERTEX_POINT('',#14335);
#5130=VERTEX_POINT('',#14337);
#5131=VERTEX_POINT('',#14339);
#5132=VERTEX_POINT('',#14341);
#5133=VERTEX_POINT('',#14345);
#5134=VERTEX_POINT('',#14346);
#5135=VERTEX_POINT('',#14348);
#5136=VERTEX_POINT('',#14350);
#5137=VERTEX_POINT('',#14352);
#5138=VERTEX_POINT('',#14354);
#5139=VERTEX_POINT('',#14358);
#5140=VERTEX_POINT('',#14359);
#5141=VERTEX_POINT('',#14361);
#5142=VERTEX_POINT('',#14363);
#5143=VERTEX_POINT('',#14365);
#5144=VERTEX_POINT('',#14367);
#5145=VERTEX_POINT('',#14371);
#5146=VERTEX_POINT('',#14372);
#5147=VERTEX_POINT('',#14374);
#5148=VERTEX_POINT('',#14376);
#5149=VERTEX_POINT('',#14378);
#5150=VERTEX_POINT('',#14380);
#5151=VERTEX_POINT('',#14384);
#5152=VERTEX_POINT('',#14386);
#5153=VERTEX_POINT('',#14390);
#5154=VERTEX_POINT('',#14392);
#5155=VERTEX_POINT('',#14396);
#5156=VERTEX_POINT('',#14398);
#5157=VERTEX_POINT('',#14400);
#5158=VERTEX_POINT('',#14403);
#5159=VERTEX_POINT('',#14405);
#5160=VERTEX_POINT('',#14409);
#5161=VERTEX_POINT('',#14411);
#5162=VERTEX_POINT('',#14415);
#5163=VERTEX_POINT('',#14416);
#5164=VERTEX_POINT('',#14418);
#5165=VERTEX_POINT('',#14420);
#5166=VERTEX_POINT('',#14424);
#5167=VERTEX_POINT('',#14425);
#5168=VERTEX_POINT('',#14427);
#5169=VERTEX_POINT('',#14429);
#5170=VERTEX_POINT('',#14436);
#5171=VERTEX_POINT('',#14438);
#5172=VERTEX_POINT('',#14440);
#5173=VERTEX_POINT('',#14449);
#5174=VERTEX_POINT('',#14450);
#5175=VERTEX_POINT('',#14453);
#5176=VERTEX_POINT('',#14457);
#5177=VERTEX_POINT('',#14459);
#5178=VERTEX_POINT('',#14461);
#5179=VERTEX_POINT('',#14472);
#5180=VERTEX_POINT('',#14474);
#5181=VERTEX_POINT('',#14477);
#5182=VERTEX_POINT('',#14479);
#5183=VERTEX_POINT('',#14481);
#5184=VERTEX_POINT('',#14483);
#5185=VERTEX_POINT('',#14488);
#5186=VERTEX_POINT('',#14489);
#5187=VERTEX_POINT('',#14491);
#5188=VERTEX_POINT('',#14493);
#5189=VERTEX_POINT('',#14495);
#5190=VERTEX_POINT('',#14497);
#5191=VERTEX_POINT('',#14499);
#5192=VERTEX_POINT('',#14501);
#5193=VERTEX_POINT('',#14504);
#5194=VERTEX_POINT('',#14505);
#5195=VERTEX_POINT('',#14507);
#5196=VERTEX_POINT('',#14509);
#5197=VERTEX_POINT('',#14511);
#5198=VERTEX_POINT('',#14513);
#5199=VERTEX_POINT('',#14515);
#5200=VERTEX_POINT('',#14517);
#5201=VERTEX_POINT('',#14520);
#5202=VERTEX_POINT('',#14522);
#5203=VERTEX_POINT('',#14525);
#5204=VERTEX_POINT('',#14527);
#5205=VERTEX_POINT('',#14531);
#5206=VERTEX_POINT('',#14535);
#5207=VERTEX_POINT('',#14536);
#5208=VERTEX_POINT('',#14539);
#5209=VERTEX_POINT('',#14541);
#5210=VERTEX_POINT('',#14543);
#5211=VERTEX_POINT('',#14548);
#5212=VERTEX_POINT('',#14552);
#5213=VERTEX_POINT('',#14553);
#5214=VERTEX_POINT('',#14558);
#5215=VERTEX_POINT('',#14560);
#5216=VERTEX_POINT('',#14566);
#5217=VERTEX_POINT('',#14569);
#5218=VERTEX_POINT('',#14571);
#5219=VERTEX_POINT('',#14578);
#5220=VERTEX_POINT('',#14579);
#5221=VERTEX_POINT('',#14581);
#5222=VERTEX_POINT('',#14586);
#5223=VERTEX_POINT('',#14588);
#5224=VERTEX_POINT('',#14590);
#5225=VERTEX_POINT('',#14601);
#5226=VERTEX_POINT('',#14603);
#5227=VERTEX_POINT('',#14607);
#5228=VERTEX_POINT('',#14608);
#5229=VERTEX_POINT('',#14613);
#5230=VERTEX_POINT('',#14614);
#5231=VERTEX_POINT('',#14619);
#5232=VERTEX_POINT('',#14621);
#5233=VERTEX_POINT('',#14625);
#5234=VERTEX_POINT('',#14626);
#5235=VERTEX_POINT('',#14628);
#5236=VERTEX_POINT('',#14630);
#5237=VERTEX_POINT('',#14634);
#5238=VERTEX_POINT('',#14636);
#5239=VERTEX_POINT('',#14640);
#5240=VERTEX_POINT('',#14642);
#5241=VERTEX_POINT('',#14649);
#5242=VERTEX_POINT('',#14651);
#5243=VERTEX_POINT('',#14653);
#5244=VERTEX_POINT('',#14655);
#5245=VERTEX_POINT('',#14658);
#5246=VERTEX_POINT('',#14659);
#5247=VERTEX_POINT('',#14661);
#5248=VERTEX_POINT('',#14663);
#5249=VERTEX_POINT('',#14667);
#5250=VERTEX_POINT('',#14668);
#5251=VERTEX_POINT('',#14670);
#5252=VERTEX_POINT('',#14672);
#5253=VERTEX_POINT('',#14676);
#5254=VERTEX_POINT('',#14677);
#5255=VERTEX_POINT('',#14680);
#5256=VERTEX_POINT('',#14682);
#5257=VERTEX_POINT('',#14686);
#5258=VERTEX_POINT('',#14687);
#5259=VERTEX_POINT('',#14690);
#5260=VERTEX_POINT('',#14692);
#5261=VERTEX_POINT('',#14695);
#5262=VERTEX_POINT('',#14697);
#5263=VERTEX_POINT('',#14702);
#5264=VERTEX_POINT('',#14704);
#5265=VERTEX_POINT('',#14712);
#5266=VERTEX_POINT('',#14714);
#5267=VERTEX_POINT('',#14719);
#5268=VERTEX_POINT('',#14720);
#5269=VERTEX_POINT('',#14727);
#5270=VERTEX_POINT('',#14730);
#5271=VERTEX_POINT('',#14732);
#5272=VERTEX_POINT('',#14734);
#5273=VERTEX_POINT('',#14736);
#5274=VERTEX_POINT('',#14738);
#5275=VERTEX_POINT('',#14743);
#5276=VERTEX_POINT('',#14747);
#5277=VERTEX_POINT('',#14754);
#5278=VERTEX_POINT('',#14759);
#5279=VERTEX_POINT('',#14819);
#5280=VERTEX_POINT('',#14823);
#5281=VERTEX_POINT('',#14827);
#5282=VERTEX_POINT('',#14831);
#5283=VERTEX_POINT('',#14836);
#5284=VERTEX_POINT('',#14838);
#5285=VERTEX_POINT('',#14841);
#5286=VERTEX_POINT('',#14843);
#5287=VERTEX_POINT('',#14852);
#5288=VERTEX_POINT('',#14853);
#5289=VERTEX_POINT('',#14855);
#5290=VERTEX_POINT('',#14860);
#5291=VERTEX_POINT('',#14862);
#5292=VERTEX_POINT('',#14867);
#5293=VERTEX_POINT('',#14869);
#5294=VERTEX_POINT('',#14874);
#5295=VERTEX_POINT('',#14876);
#5296=VERTEX_POINT('',#14881);
#5297=VERTEX_POINT('',#14883);
#5298=VERTEX_POINT('',#14888);
#5299=VERTEX_POINT('',#14890);
#5300=VERTEX_POINT('',#14895);
#5301=VERTEX_POINT('',#14897);
#5302=VERTEX_POINT('',#14902);
#5303=VERTEX_POINT('',#14904);
#5304=VERTEX_POINT('',#14909);
#5305=VERTEX_POINT('',#14911);
#5306=VERTEX_POINT('',#14916);
#5307=VERTEX_POINT('',#14918);
#5308=VERTEX_POINT('',#14923);
#5309=VERTEX_POINT('',#14925);
#5310=VERTEX_POINT('',#14930);
#5311=VERTEX_POINT('',#14932);
#5312=VERTEX_POINT('',#14937);
#5313=VERTEX_POINT('',#14939);
#5314=VERTEX_POINT('',#14944);
#5315=VERTEX_POINT('',#14946);
#5316=VERTEX_POINT('',#14951);
#5317=VERTEX_POINT('',#14953);
#5318=VERTEX_POINT('',#14958);
#5319=VERTEX_POINT('',#14960);
#5320=VERTEX_POINT('',#14965);
#5321=VERTEX_POINT('',#14967);
#5322=VERTEX_POINT('',#14972);
#5323=VERTEX_POINT('',#14974);
#5324=VERTEX_POINT('',#14979);
#5325=VERTEX_POINT('',#14981);
#5326=VERTEX_POINT('',#14986);
#5327=VERTEX_POINT('',#14989);
#5328=VERTEX_POINT('',#14992);
#5329=VERTEX_POINT('',#14994);
#5330=VERTEX_POINT('',#14996);
#5331=VERTEX_POINT('',#14998);
#5332=VERTEX_POINT('',#15001);
#5333=VERTEX_POINT('',#15003);
#5334=VERTEX_POINT('',#15006);
#5335=VERTEX_POINT('',#15008);
#5336=VERTEX_POINT('',#15011);
#5337=VERTEX_POINT('',#15013);
#5338=VERTEX_POINT('',#15016);
#5339=VERTEX_POINT('',#15020);
#5340=VERTEX_POINT('',#15021);
#5341=VERTEX_POINT('',#15023);
#5342=VERTEX_POINT('',#15025);
#5343=VERTEX_POINT('',#15029);
#5344=VERTEX_POINT('',#15031);
#5345=VERTEX_POINT('',#15035);
#5346=VERTEX_POINT('',#15037);
#5347=VERTEX_POINT('',#15046);
#5348=VERTEX_POINT('',#15048);
#5349=VERTEX_POINT('',#15052);
#5350=VERTEX_POINT('',#15054);
#5351=VERTEX_POINT('',#15058);
#5352=VERTEX_POINT('',#15059);
#5353=VERTEX_POINT('',#15084);
#5354=VERTEX_POINT('',#15089);
#5355=VERTEX_POINT('',#15091);
#5356=VERTEX_POINT('',#15103);
#5357=VERTEX_POINT('',#15105);
#5358=VERTEX_POINT('',#15110);
#5359=VERTEX_POINT('',#15114);
#5360=VERTEX_POINT('',#15116);
#5361=VERTEX_POINT('',#15123);
#5362=VERTEX_POINT('',#15144);
#5363=VERTEX_POINT('',#15146);
#5364=VERTEX_POINT('',#15151);
#5365=VERTEX_POINT('',#15158);
#5366=VERTEX_POINT('',#15160);
#5367=VERTEX_POINT('',#15165);
#5368=VERTEX_POINT('',#15181);
#5369=VERTEX_POINT('',#15186);
#5370=VERTEX_POINT('',#15188);
#5371=VERTEX_POINT('',#15192);
#5372=VERTEX_POINT('',#15193);
#5373=VERTEX_POINT('',#15198);
#5374=VERTEX_POINT('',#15201);
#5375=VERTEX_POINT('',#15221);
#5376=VERTEX_POINT('',#15226);
#5377=VERTEX_POINT('',#15228);
#5378=VERTEX_POINT('',#15249);
#5379=VERTEX_POINT('',#15251);
#5380=VERTEX_POINT('',#15257);
#5381=VERTEX_POINT('',#15259);
#5382=VERTEX_POINT('',#15262);
#5383=VERTEX_POINT('',#15264);
#5384=VERTEX_POINT('',#15270);
#5385=VERTEX_POINT('',#15271);
#5386=VERTEX_POINT('',#15273);
#5387=VERTEX_POINT('',#15275);
#5388=VERTEX_POINT('',#15279);
#5389=VERTEX_POINT('',#15280);
#5390=VERTEX_POINT('',#15282);
#5391=VERTEX_POINT('',#15284);
#5392=VERTEX_POINT('',#15288);
#5393=VERTEX_POINT('',#15290);
#5394=VERTEX_POINT('',#15294);
#5395=VERTEX_POINT('',#15296);
#5396=VERTEX_POINT('',#15300);
#5397=VERTEX_POINT('',#15301);
#5398=VERTEX_POINT('',#15303);
#5399=VERTEX_POINT('',#15305);
#5400=VERTEX_POINT('',#15309);
#5401=VERTEX_POINT('',#15311);
#5402=VERTEX_POINT('',#15315);
#5403=VERTEX_POINT('',#15317);
#5404=VERTEX_POINT('',#15321);
#5405=VERTEX_POINT('',#15322);
#5406=VERTEX_POINT('',#15324);
#5407=VERTEX_POINT('',#15326);
#5408=VERTEX_POINT('',#15330);
#5409=VERTEX_POINT('',#15332);
#5410=VERTEX_POINT('',#15336);
#5411=VERTEX_POINT('',#15338);
#5412=VERTEX_POINT('',#15342);
#5413=VERTEX_POINT('',#15343);
#5414=VERTEX_POINT('',#15345);
#5415=VERTEX_POINT('',#15347);
#5416=VERTEX_POINT('',#15351);
#5417=VERTEX_POINT('',#15353);
#5418=VERTEX_POINT('',#15359);
#5419=VERTEX_POINT('',#15366);
#5420=VERTEX_POINT('',#15368);
#5421=VERTEX_POINT('',#15376);
#5422=VERTEX_POINT('',#15384);
#5423=VERTEX_POINT('',#15388);
#5424=VERTEX_POINT('',#15392);
#5425=VERTEX_POINT('',#15393);
#5426=VERTEX_POINT('',#15395);
#5427=VERTEX_POINT('',#15397);
#5428=VERTEX_POINT('',#15399);
#5429=VERTEX_POINT('',#15401);
#5430=VERTEX_POINT('',#15403);
#5431=VERTEX_POINT('',#15405);
#5432=VERTEX_POINT('',#15409);
#5433=VERTEX_POINT('',#15411);
#5434=VERTEX_POINT('',#15413);
#5435=VERTEX_POINT('',#15415);
#5436=VERTEX_POINT('',#15417);
#5437=VERTEX_POINT('',#15419);
#5438=VERTEX_POINT('',#15423);
#5439=VERTEX_POINT('',#15424);
#5440=VERTEX_POINT('',#15426);
#5441=VERTEX_POINT('',#15428);
#5442=VERTEX_POINT('',#15430);
#5443=VERTEX_POINT('',#15432);
#5444=VERTEX_POINT('',#15436);
#5445=VERTEX_POINT('',#15438);
#5446=VERTEX_POINT('',#15440);
#5447=VERTEX_POINT('',#15443);
#5448=VERTEX_POINT('',#15447);
#5449=VERTEX_POINT('',#15449);
#5450=VERTEX_POINT('',#15451);
#5451=VERTEX_POINT('',#15453);
#5452=VERTEX_POINT('',#15455);
#5453=VERTEX_POINT('',#15457);
#5454=VERTEX_POINT('',#15461);
#5455=VERTEX_POINT('',#15463);
#5456=VERTEX_POINT('',#15465);
#5457=VERTEX_POINT('',#15469);
#5458=VERTEX_POINT('',#15472);
#5459=VERTEX_POINT('',#15474);
#5460=VERTEX_POINT('',#15478);
#5461=VERTEX_POINT('',#15480);
#5462=VERTEX_POINT('',#15482);
#5463=VERTEX_POINT('',#15488);
#5464=VERTEX_POINT('',#15492);
#5465=VERTEX_POINT('',#15498);
#5466=VERTEX_POINT('',#15502);
#5467=VERTEX_POINT('',#15504);
#5468=VERTEX_POINT('',#15511);
#5469=VERTEX_POINT('',#15513);
#5470=VERTEX_POINT('',#15517);
#5471=VERTEX_POINT('',#15519);
#5472=VERTEX_POINT('',#15539);
#5473=VERTEX_POINT('',#15540);
#5474=VERTEX_POINT('',#15542);
#5475=VERTEX_POINT('',#15544);
#5476=VERTEX_POINT('',#15548);
#5477=VERTEX_POINT('',#15550);
#5478=VERTEX_POINT('',#15554);
#5479=VERTEX_POINT('',#15555);
#5480=VERTEX_POINT('',#15557);
#5481=VERTEX_POINT('',#15559);
#5482=VERTEX_POINT('',#15563);
#5483=VERTEX_POINT('',#15565);
#5484=VERTEX_POINT('',#15569);
#5485=VERTEX_POINT('',#15571);
#5486=VERTEX_POINT('',#15575);
#5487=VERTEX_POINT('',#15576);
#5488=VERTEX_POINT('',#15578);
#5489=VERTEX_POINT('',#15580);
#5490=VERTEX_POINT('',#15582);
#5491=VERTEX_POINT('',#15584);
#5492=VERTEX_POINT('',#15586);
#5493=VERTEX_POINT('',#15588);
#5494=VERTEX_POINT('',#15592);
#5495=VERTEX_POINT('',#15594);
#5496=VERTEX_POINT('',#15598);
#5497=VERTEX_POINT('',#15600);
#5498=VERTEX_POINT('',#15604);
#5499=VERTEX_POINT('',#15606);
#5500=VERTEX_POINT('',#15608);
#5501=VERTEX_POINT('',#15610);
#5502=VERTEX_POINT('',#15612);
#5503=VERTEX_POINT('',#15614);
#5504=VERTEX_POINT('',#15618);
#5505=VERTEX_POINT('',#15620);
#5506=VERTEX_POINT('',#15626);
#5507=VERTEX_POINT('',#15633);
#5508=VERTEX_POINT('',#15634);
#5509=VERTEX_POINT('',#15636);
#5510=VERTEX_POINT('',#15638);
#5511=VERTEX_POINT('',#15643);
#5512=VERTEX_POINT('',#15665);
#5513=VERTEX_POINT('',#15666);
#5514=VERTEX_POINT('',#15668);
#5515=VERTEX_POINT('',#15670);
#5516=VERTEX_POINT('',#15674);
#5517=VERTEX_POINT('',#15675);
#5518=VERTEX_POINT('',#15677);
#5519=VERTEX_POINT('',#15679);
#5520=VERTEX_POINT('',#15683);
#5521=VERTEX_POINT('',#15684);
#5522=VERTEX_POINT('',#15686);
#5523=VERTEX_POINT('',#15688);
#5524=VERTEX_POINT('',#15690);
#5525=VERTEX_POINT('',#15692);
#5526=VERTEX_POINT('',#15696);
#5527=VERTEX_POINT('',#15698);
#5528=VERTEX_POINT('',#15700);
#5529=VERTEX_POINT('',#15702);
#5530=VERTEX_POINT('',#15706);
#5531=VERTEX_POINT('',#15707);
#5532=VERTEX_POINT('',#15709);
#5533=VERTEX_POINT('',#15711);
#5534=VERTEX_POINT('',#15714);
#5535=VERTEX_POINT('',#15716);
#5536=VERTEX_POINT('',#15721);
#5537=VERTEX_POINT('',#15723);
#5538=VERTEX_POINT('',#15725);
#5539=VERTEX_POINT('',#15729);
#5540=VERTEX_POINT('',#15731);
#5541=VERTEX_POINT('',#15733);
#5542=VERTEX_POINT('',#15735);
#5543=VERTEX_POINT('',#15741);
#5544=VERTEX_POINT('',#15748);
#5545=VERTEX_POINT('',#15750);
#5546=VERTEX_POINT('',#15752);
#5547=VERTEX_POINT('',#15754);
#5548=VERTEX_POINT('',#15758);
#5549=VERTEX_POINT('',#15762);
#5550=VERTEX_POINT('',#15764);
#5551=VERTEX_POINT('',#15768);
#5552=VERTEX_POINT('',#15788);
#5553=VERTEX_POINT('',#15790);
#5554=VERTEX_POINT('',#15793);
#5555=VERTEX_POINT('',#15795);
#5556=VERTEX_POINT('',#15801);
#5557=VERTEX_POINT('',#15803);
#5558=VERTEX_POINT('',#15806);
#5559=VERTEX_POINT('',#15808);
#5560=VERTEX_POINT('',#15814);
#5561=VERTEX_POINT('',#15816);
#5562=VERTEX_POINT('',#15819);
#5563=VERTEX_POINT('',#15821);
#5564=VERTEX_POINT('',#15828);
#5565=VERTEX_POINT('',#15829);
#5566=VERTEX_POINT('',#15831);
#5567=VERTEX_POINT('',#15833);
#5568=VERTEX_POINT('',#15837);
#5569=VERTEX_POINT('',#15839);
#5570=VERTEX_POINT('',#15843);
#5571=VERTEX_POINT('',#15845);
#5572=VERTEX_POINT('',#15852);
#5573=VERTEX_POINT('',#15856);
#5574=VERTEX_POINT('',#15861);
#5575=VERTEX_POINT('',#15862);
#5576=VERTEX_POINT('',#15864);
#5577=VERTEX_POINT('',#15866);
#5578=VERTEX_POINT('',#15870);
#5579=VERTEX_POINT('',#15872);
#5580=VERTEX_POINT('',#15876);
#5581=VERTEX_POINT('',#15878);
#5582=VERTEX_POINT('',#15885);
#5583=VERTEX_POINT('',#15889);
#5584=VERTEX_POINT('',#15895);
#5585=VERTEX_POINT('',#15897);
#5586=VERTEX_POINT('',#15898);
#5587=VERTEX_POINT('',#15903);
#5588=VERTEX_POINT('',#15905);
#5589=VERTEX_POINT('',#15910);
#5590=VERTEX_POINT('',#15912);
#5591=VERTEX_POINT('',#15917);
#5592=VERTEX_POINT('',#15919);
#5593=VERTEX_POINT('',#15924);
#5594=VERTEX_POINT('',#15926);
#5595=VERTEX_POINT('',#15931);
#5596=VERTEX_POINT('',#15933);
#5597=VERTEX_POINT('',#15938);
#5598=VERTEX_POINT('',#15940);
#5599=VERTEX_POINT('',#15945);
#5600=VERTEX_POINT('',#15947);
#5601=VERTEX_POINT('',#15952);
#5602=VERTEX_POINT('',#15954);
#5603=VERTEX_POINT('',#15959);
#5604=VERTEX_POINT('',#15961);
#5605=VERTEX_POINT('',#15966);
#5606=VERTEX_POINT('',#15968);
#5607=VERTEX_POINT('',#15973);
#5608=VERTEX_POINT('',#15975);
#5609=VERTEX_POINT('',#15980);
#5610=VERTEX_POINT('',#15982);
#5611=VERTEX_POINT('',#15987);
#5612=VERTEX_POINT('',#15989);
#5613=VERTEX_POINT('',#15994);
#5614=VERTEX_POINT('',#15996);
#5615=VERTEX_POINT('',#16001);
#5616=VERTEX_POINT('',#16003);
#5617=VERTEX_POINT('',#16008);
#5618=VERTEX_POINT('',#16010);
#5619=VERTEX_POINT('',#16015);
#5620=VERTEX_POINT('',#16017);
#5621=VERTEX_POINT('',#16022);
#5622=VERTEX_POINT('',#16024);
#5623=VERTEX_POINT('',#16029);
#5624=VERTEX_POINT('',#16031);
#5625=VERTEX_POINT('',#16038);
#5626=VERTEX_POINT('',#16039);
#5627=VERTEX_POINT('',#16041);
#5628=VERTEX_POINT('',#16043);
#5629=VERTEX_POINT('',#16047);
#5630=VERTEX_POINT('',#16048);
#5631=VERTEX_POINT('',#16050);
#5632=VERTEX_POINT('',#16052);
#5633=VERTEX_POINT('',#16056);
#5634=VERTEX_POINT('',#16057);
#5635=VERTEX_POINT('',#16059);
#5636=VERTEX_POINT('',#16061);
#5637=VERTEX_POINT('',#16065);
#5638=VERTEX_POINT('',#16066);
#5639=VERTEX_POINT('',#16068);
#5640=VERTEX_POINT('',#16070);
#5641=VERTEX_POINT('',#16072);
#5642=VERTEX_POINT('',#16076);
#5643=VERTEX_POINT('',#16077);
#5644=VERTEX_POINT('',#16079);
#5645=VERTEX_POINT('',#16081);
#5646=VERTEX_POINT('',#16085);
#5647=VERTEX_POINT('',#16086);
#5648=VERTEX_POINT('',#16088);
#5649=VERTEX_POINT('',#16090);
#5650=VERTEX_POINT('',#16094);
#5651=VERTEX_POINT('',#16096);
#5652=VERTEX_POINT('',#16100);
#5653=VERTEX_POINT('',#16102);
#5654=VERTEX_POINT('',#16111);
#5655=VERTEX_POINT('',#16113);
#5656=VERTEX_POINT('',#16117);
#5657=VERTEX_POINT('',#16119);
#5658=VERTEX_POINT('',#16123);
#5659=VERTEX_POINT('',#16124);
#5660=VERTEX_POINT('',#16157);
#5661=VERTEX_POINT('',#16162);
#5662=VERTEX_POINT('',#16164);
#5663=VERTEX_POINT('',#16176);
#5664=VERTEX_POINT('',#16178);
#5665=VERTEX_POINT('',#16183);
#5666=VERTEX_POINT('',#16187);
#5667=VERTEX_POINT('',#16189);
#5668=VERTEX_POINT('',#16196);
#5669=VERTEX_POINT('',#16225);
#5670=VERTEX_POINT('',#16227);
#5671=VERTEX_POINT('',#16232);
#5672=VERTEX_POINT('',#16239);
#5673=VERTEX_POINT('',#16241);
#5674=VERTEX_POINT('',#16246);
#5675=VERTEX_POINT('',#16270);
#5676=VERTEX_POINT('',#16275);
#5677=VERTEX_POINT('',#16277);
#5678=VERTEX_POINT('',#16281);
#5679=VERTEX_POINT('',#16282);
#5680=VERTEX_POINT('',#16287);
#5681=VERTEX_POINT('',#16290);
#5682=VERTEX_POINT('',#16318);
#5683=VERTEX_POINT('',#16323);
#5684=VERTEX_POINT('',#16325);
#5685=VERTEX_POINT('',#16354);
#5686=VERTEX_POINT('',#16356);
#5687=VERTEX_POINT('',#16373);
#5688=VERTEX_POINT('',#16375);
#5689=VERTEX_POINT('',#16378);
#5690=VERTEX_POINT('',#16380);
#5691=VERTEX_POINT('',#16386);
#5692=VERTEX_POINT('',#16387);
#5693=VERTEX_POINT('',#16389);
#5694=VERTEX_POINT('',#16391);
#5695=VERTEX_POINT('',#16395);
#5696=VERTEX_POINT('',#16396);
#5697=VERTEX_POINT('',#16398);
#5698=VERTEX_POINT('',#16400);
#5699=VERTEX_POINT('',#16404);
#5700=VERTEX_POINT('',#16405);
#5701=VERTEX_POINT('',#16407);
#5702=VERTEX_POINT('',#16409);
#5703=VERTEX_POINT('',#16413);
#5704=VERTEX_POINT('',#16414);
#5705=VERTEX_POINT('',#16416);
#5706=VERTEX_POINT('',#16418);
#5707=VERTEX_POINT('',#16420);
#5708=VERTEX_POINT('',#16427);
#5709=VERTEX_POINT('',#16428);
#5710=VERTEX_POINT('',#16430);
#5711=VERTEX_POINT('',#16435);
#5712=VERTEX_POINT('',#16437);
#5713=VERTEX_POINT('',#16442);
#5714=VERTEX_POINT('',#16444);
#5715=VERTEX_POINT('',#16449);
#5716=VERTEX_POINT('',#16451);
#5717=VERTEX_POINT('',#16456);
#5718=VERTEX_POINT('',#16458);
#5719=VERTEX_POINT('',#16463);
#5720=VERTEX_POINT('',#16465);
#5721=VERTEX_POINT('',#16470);
#5722=VERTEX_POINT('',#16472);
#5723=VERTEX_POINT('',#16477);
#5724=VERTEX_POINT('',#16479);
#5725=VERTEX_POINT('',#16484);
#5726=VERTEX_POINT('',#16486);
#5727=VERTEX_POINT('',#16491);
#5728=VERTEX_POINT('',#16493);
#5729=VERTEX_POINT('',#16498);
#5730=VERTEX_POINT('',#16500);
#5731=VERTEX_POINT('',#16505);
#5732=VERTEX_POINT('',#16507);
#5733=VERTEX_POINT('',#16512);
#5734=VERTEX_POINT('',#16514);
#5735=VERTEX_POINT('',#16519);
#5736=VERTEX_POINT('',#16521);
#5737=VERTEX_POINT('',#16526);
#5738=VERTEX_POINT('',#16528);
#5739=VERTEX_POINT('',#16533);
#5740=VERTEX_POINT('',#16535);
#5741=VERTEX_POINT('',#16540);
#5742=VERTEX_POINT('',#16542);
#5743=VERTEX_POINT('',#16547);
#5744=VERTEX_POINT('',#16549);
#5745=VERTEX_POINT('',#16554);
#5746=VERTEX_POINT('',#16556);
#5747=VERTEX_POINT('',#16561);
#5748=VERTEX_POINT('',#16564);
#5749=VERTEX_POINT('',#16567);
#5750=VERTEX_POINT('',#16568);
#5751=VERTEX_POINT('',#16570);
#5752=VERTEX_POINT('',#16572);
#5753=VERTEX_POINT('',#16576);
#5754=VERTEX_POINT('',#16577);
#5755=VERTEX_POINT('',#16579);
#5756=VERTEX_POINT('',#16581);
#5757=VERTEX_POINT('',#16585);
#5758=VERTEX_POINT('',#16587);
#5759=VERTEX_POINT('',#16591);
#5760=VERTEX_POINT('',#16593);
#5761=VERTEX_POINT('',#16602);
#5762=VERTEX_POINT('',#16604);
#5763=VERTEX_POINT('',#16608);
#5764=VERTEX_POINT('',#16610);
#5765=VERTEX_POINT('',#16614);
#5766=VERTEX_POINT('',#16615);
#5767=VERTEX_POINT('',#16648);
#5768=VERTEX_POINT('',#16653);
#5769=VERTEX_POINT('',#16655);
#5770=VERTEX_POINT('',#16667);
#5771=VERTEX_POINT('',#16669);
#5772=VERTEX_POINT('',#16674);
#5773=VERTEX_POINT('',#16678);
#5774=VERTEX_POINT('',#16680);
#5775=VERTEX_POINT('',#16687);
#5776=VERTEX_POINT('',#16716);
#5777=VERTEX_POINT('',#16718);
#5778=VERTEX_POINT('',#16723);
#5779=VERTEX_POINT('',#16730);
#5780=VERTEX_POINT('',#16732);
#5781=VERTEX_POINT('',#16737);
#5782=VERTEX_POINT('',#16761);
#5783=VERTEX_POINT('',#16766);
#5784=VERTEX_POINT('',#16768);
#5785=VERTEX_POINT('',#16772);
#5786=VERTEX_POINT('',#16773);
#5787=VERTEX_POINT('',#16778);
#5788=VERTEX_POINT('',#16781);
#5789=VERTEX_POINT('',#16809);
#5790=VERTEX_POINT('',#16814);
#5791=VERTEX_POINT('',#16816);
#5792=VERTEX_POINT('',#16845);
#5793=VERTEX_POINT('',#16847);
#5794=VERTEX_POINT('',#16869);
#5795=VERTEX_POINT('',#16870);
#5796=VERTEX_POINT('',#16872);
#5797=VERTEX_POINT('',#16877);
#5798=VERTEX_POINT('',#16879);
#5799=VERTEX_POINT('',#16884);
#5800=VERTEX_POINT('',#16886);
#5801=VERTEX_POINT('',#16891);
#5802=VERTEX_POINT('',#16893);
#5803=VERTEX_POINT('',#16898);
#5804=VERTEX_POINT('',#16900);
#5805=VERTEX_POINT('',#16905);
#5806=VERTEX_POINT('',#16907);
#5807=VERTEX_POINT('',#16912);
#5808=VERTEX_POINT('',#16914);
#5809=VERTEX_POINT('',#16919);
#5810=VERTEX_POINT('',#16921);
#5811=VERTEX_POINT('',#16926);
#5812=VERTEX_POINT('',#16928);
#5813=VERTEX_POINT('',#16933);
#5814=VERTEX_POINT('',#16935);
#5815=VERTEX_POINT('',#16940);
#5816=VERTEX_POINT('',#16942);
#5817=VERTEX_POINT('',#16947);
#5818=VERTEX_POINT('',#16949);
#5819=VERTEX_POINT('',#16954);
#5820=VERTEX_POINT('',#16956);
#5821=VERTEX_POINT('',#16961);
#5822=VERTEX_POINT('',#16963);
#5823=VERTEX_POINT('',#16968);
#5824=VERTEX_POINT('',#16970);
#5825=VERTEX_POINT('',#16975);
#5826=VERTEX_POINT('',#16977);
#5827=VERTEX_POINT('',#16982);
#5828=VERTEX_POINT('',#16984);
#5829=VERTEX_POINT('',#16989);
#5830=VERTEX_POINT('',#16991);
#5831=VERTEX_POINT('',#16996);
#5832=VERTEX_POINT('',#16998);
#5833=VERTEX_POINT('',#17003);
#5834=VERTEX_POINT('',#17006);
#5835=VERTEX_POINT('',#17009);
#5836=VERTEX_POINT('',#17011);
#5837=VERTEX_POINT('',#17013);
#5838=VERTEX_POINT('',#17015);
#5839=VERTEX_POINT('',#17018);
#5840=VERTEX_POINT('',#17020);
#5841=VERTEX_POINT('',#17023);
#5842=VERTEX_POINT('',#17025);
#5843=VERTEX_POINT('',#17028);
#5844=VERTEX_POINT('',#17030);
#5845=VERTEX_POINT('',#17033);
#5846=VERTEX_POINT('',#17037);
#5847=VERTEX_POINT('',#17038);
#5848=VERTEX_POINT('',#17040);
#5849=VERTEX_POINT('',#17042);
#5850=VERTEX_POINT('',#17046);
#5851=VERTEX_POINT('',#17048);
#5852=VERTEX_POINT('',#17052);
#5853=VERTEX_POINT('',#17054);
#5854=VERTEX_POINT('',#17063);
#5855=VERTEX_POINT('',#17065);
#5856=VERTEX_POINT('',#17069);
#5857=VERTEX_POINT('',#17071);
#5858=VERTEX_POINT('',#17075);
#5859=VERTEX_POINT('',#17076);
#5860=VERTEX_POINT('',#17101);
#5861=VERTEX_POINT('',#17106);
#5862=VERTEX_POINT('',#17108);
#5863=VERTEX_POINT('',#17120);
#5864=VERTEX_POINT('',#17122);
#5865=VERTEX_POINT('',#17127);
#5866=VERTEX_POINT('',#17131);
#5867=VERTEX_POINT('',#17133);
#5868=VERTEX_POINT('',#17140);
#5869=VERTEX_POINT('',#17161);
#5870=VERTEX_POINT('',#17163);
#5871=VERTEX_POINT('',#17168);
#5872=VERTEX_POINT('',#17175);
#5873=VERTEX_POINT('',#17177);
#5874=VERTEX_POINT('',#17182);
#5875=VERTEX_POINT('',#17198);
#5876=VERTEX_POINT('',#17203);
#5877=VERTEX_POINT('',#17205);
#5878=VERTEX_POINT('',#17209);
#5879=VERTEX_POINT('',#17210);
#5880=VERTEX_POINT('',#17215);
#5881=VERTEX_POINT('',#17218);
#5882=VERTEX_POINT('',#17238);
#5883=VERTEX_POINT('',#17243);
#5884=VERTEX_POINT('',#17245);
#5885=VERTEX_POINT('',#17266);
#5886=VERTEX_POINT('',#17268);
#5887=VERTEX_POINT('',#17275);
#5888=VERTEX_POINT('',#17276);
#5889=VERTEX_POINT('',#17278);
#5890=VERTEX_POINT('',#17280);
#5891=VERTEX_POINT('',#17282);
#5892=VERTEX_POINT('',#17284);
#5893=VERTEX_POINT('',#17288);
#5894=VERTEX_POINT('',#17289);
#5895=VERTEX_POINT('',#17291);
#5896=VERTEX_POINT('',#17293);
#5897=VERTEX_POINT('',#17295);
#5898=VERTEX_POINT('',#17297);
#5899=VERTEX_POINT('',#17301);
#5900=VERTEX_POINT('',#17304);
#5901=VERTEX_POINT('',#17307);
#5902=VERTEX_POINT('',#17308);
#5903=VERTEX_POINT('',#17310);
#5904=VERTEX_POINT('',#17312);
#5905=VERTEX_POINT('',#17314);
#5906=VERTEX_POINT('',#17316);
#5907=VERTEX_POINT('',#17318);
#5908=VERTEX_POINT('',#17320);
#5909=VERTEX_POINT('',#17322);
#5910=VERTEX_POINT('',#17324);
#5911=VERTEX_POINT('',#17326);
#5912=VERTEX_POINT('',#17328);
#5913=VERTEX_POINT('',#17330);
#5914=VERTEX_POINT('',#17332);
#5915=VERTEX_POINT('',#17334);
#5916=VERTEX_POINT('',#17336);
#5917=VERTEX_POINT('',#17338);
#5918=VERTEX_POINT('',#17340);
#5919=VERTEX_POINT('',#17342);
#5920=VERTEX_POINT('',#17344);
#5921=VERTEX_POINT('',#17346);
#5922=VERTEX_POINT('',#17348);
#5923=VERTEX_POINT('',#17350);
#5924=VERTEX_POINT('',#17352);
#5925=VERTEX_POINT('',#17356);
#5926=VERTEX_POINT('',#17357);
#5927=VERTEX_POINT('',#17359);
#5928=VERTEX_POINT('',#17361);
#5929=VERTEX_POINT('',#17365);
#5930=VERTEX_POINT('',#17366);
#5931=VERTEX_POINT('',#17368);
#5932=VERTEX_POINT('',#17370);
#5933=VERTEX_POINT('',#17374);
#5934=VERTEX_POINT('',#17376);
#5935=VERTEX_POINT('',#17378);
#5936=VERTEX_POINT('',#17380);
#5937=VERTEX_POINT('',#17384);
#5938=VERTEX_POINT('',#17385);
#5939=VERTEX_POINT('',#17388);
#5940=VERTEX_POINT('',#17390);
#5941=VERTEX_POINT('',#17394);
#5942=VERTEX_POINT('',#17396);
#5943=VERTEX_POINT('',#17398);
#5944=VERTEX_POINT('',#17400);
#5945=VERTEX_POINT('',#17404);
#5946=VERTEX_POINT('',#17406);
#5947=VERTEX_POINT('',#17408);
#5948=VERTEX_POINT('',#17410);
#5949=VERTEX_POINT('',#17414);
#5950=VERTEX_POINT('',#17416);
#5951=VERTEX_POINT('',#17418);
#5952=VERTEX_POINT('',#17420);
#5953=VERTEX_POINT('',#17437);
#5954=VERTEX_POINT('',#17440);
#5955=VERTEX_POINT('',#17444);
#5956=VERTEX_POINT('',#17446);
#5957=VERTEX_POINT('',#17449);
#5958=VERTEX_POINT('',#17451);
#5959=VERTEX_POINT('',#17461);
#5960=VERTEX_POINT('',#17462);
#5961=VERTEX_POINT('',#17464);
#5962=VERTEX_POINT('',#17466);
#5963=VERTEX_POINT('',#17470);
#5964=VERTEX_POINT('',#17472);
#5965=VERTEX_POINT('',#17476);
#5966=VERTEX_POINT('',#17478);
#5967=VERTEX_POINT('',#17482);
#5968=VERTEX_POINT('',#17484);
#5969=VERTEX_POINT('',#17489);
#5970=VERTEX_POINT('',#17493);
#5971=VERTEX_POINT('',#17498);
#5972=VERTEX_POINT('',#17502);
#5973=VERTEX_POINT('',#17504);
#5974=VERTEX_POINT('',#17508);
#5975=VERTEX_POINT('',#17511);
#5976=VERTEX_POINT('',#17515);
#5977=VERTEX_POINT('',#17519);
#5978=VERTEX_POINT('',#17520);
#5979=VERTEX_POINT('',#17522);
#5980=VERTEX_POINT('',#17524);
#5981=VERTEX_POINT('',#17529);
#5982=VERTEX_POINT('',#17530);
#5983=VERTEX_POINT('',#17535);
#5984=VERTEX_POINT('',#17536);
#5985=VERTEX_POINT('',#17544);
#5986=VERTEX_POINT('',#17545);
#5987=VERTEX_POINT('',#17547);
#5988=VERTEX_POINT('',#17549);
#5989=VERTEX_POINT('',#17553);
#5990=VERTEX_POINT('',#17555);
#5991=VERTEX_POINT('',#17559);
#5992=VERTEX_POINT('',#17561);
#5993=VERTEX_POINT('',#17565);
#5994=VERTEX_POINT('',#17567);
#5995=VERTEX_POINT('',#17571);
#5996=VERTEX_POINT('',#17577);
#5997=VERTEX_POINT('',#17581);
#5998=VERTEX_POINT('',#17585);
#5999=VERTEX_POINT('',#17587);
#6000=VERTEX_POINT('',#17591);
#6001=VERTEX_POINT('',#17594);
#6002=VERTEX_POINT('',#17598);
#6003=VERTEX_POINT('',#17602);
#6004=VERTEX_POINT('',#17603);
#6005=VERTEX_POINT('',#17605);
#6006=VERTEX_POINT('',#17607);
#6007=VERTEX_POINT('',#17612);
#6008=VERTEX_POINT('',#17614);
#6009=VERTEX_POINT('',#17618);
#6010=VERTEX_POINT('',#17620);
#6011=VERTEX_POINT('',#17627);
#6012=VERTEX_POINT('',#17630);
#6013=VERTEX_POINT('',#17633);
#6014=VERTEX_POINT('',#17636);
#6015=VERTEX_POINT('',#17639);
#6016=VERTEX_POINT('',#17643);
#6017=VERTEX_POINT('',#17647);
#6018=VERTEX_POINT('',#17651);
#6019=VERTEX_POINT('',#17655);
#6020=VERTEX_POINT('',#17658);
#6021=VERTEX_POINT('',#17660);
#6022=VERTEX_POINT('',#17663);
#6023=VERTEX_POINT('',#17666);
#6024=VERTEX_POINT('',#17668);
#6025=VERTEX_POINT('',#17671);
#6026=VERTEX_POINT('',#17674);
#6027=VERTEX_POINT('',#17677);
#6028=VERTEX_POINT('',#17680);
#6029=VERTEX_POINT('',#17711);
#6030=VERTEX_POINT('',#17712);
#6031=VERTEX_POINT('',#17717);
#6032=VERTEX_POINT('',#17719);
#6033=VERTEX_POINT('',#17723);
#6034=VERTEX_POINT('',#17724);
#6035=VERTEX_POINT('',#17726);
#6036=VERTEX_POINT('',#17728);
#6037=VERTEX_POINT('',#17732);
#6038=VERTEX_POINT('',#17734);
#6039=VERTEX_POINT('',#17738);
#6040=VERTEX_POINT('',#17739);
#6041=VERTEX_POINT('',#17744);
#6042=VERTEX_POINT('',#17745);
#6043=VERTEX_POINT('',#17747);
#6044=VERTEX_POINT('',#17749);
#6045=VERTEX_POINT('',#17774);
#6046=VERTEX_POINT('',#17775);
#6047=VERTEX_POINT('',#17777);
#6048=VERTEX_POINT('',#17779);
#6049=VERTEX_POINT('',#17783);
#6050=VERTEX_POINT('',#17785);
#6051=VERTEX_POINT('',#17789);
#6052=VERTEX_POINT('',#17791);
#6053=VERTEX_POINT('',#17798);
#6054=VERTEX_POINT('',#17802);
#6055=VERTEX_POINT('',#17808);
#6056=VERTEX_POINT('',#17809);
#6057=VERTEX_POINT('',#17811);
#6058=VERTEX_POINT('',#17813);
#6059=VERTEX_POINT('',#17817);
#6060=VERTEX_POINT('',#17819);
#6061=VERTEX_POINT('',#17823);
#6062=VERTEX_POINT('',#17825);
#6063=VERTEX_POINT('',#17832);
#6064=VERTEX_POINT('',#17836);
#6065=LINE('',#14331,#7035);
#6066=LINE('',#14334,#7036);
#6067=LINE('',#14336,#7037);
#6068=LINE('',#14338,#7038);
#6069=LINE('',#14340,#7039);
#6070=LINE('',#14342,#7040);
#6071=LINE('',#14344,#7041);
#6072=LINE('',#14347,#7042);
#6073=LINE('',#14349,#7043);
#6074=LINE('',#14351,#7044);
#6075=LINE('',#14353,#7045);
#6076=LINE('',#14355,#7046);
#6077=LINE('',#14357,#7047);
#6078=LINE('',#14360,#7048);
#6079=LINE('',#14362,#7049);
#6080=LINE('',#14364,#7050);
#6081=LINE('',#14366,#7051);
#6082=LINE('',#14368,#7052);
#6083=LINE('',#14370,#7053);
#6084=LINE('',#14373,#7054);
#6085=LINE('',#14375,#7055);
#6086=LINE('',#14377,#7056);
#6087=LINE('',#14379,#7057);
#6088=LINE('',#14381,#7058);
#6089=LINE('',#14383,#7059);
#6090=LINE('',#14385,#7060);
#6091=LINE('',#14387,#7061);
#6092=LINE('',#14389,#7062);
#6093=LINE('',#14391,#7063);
#6094=LINE('',#14393,#7064);
#6095=LINE('',#14395,#7065);
#6096=LINE('',#14397,#7066);
#6097=LINE('',#14399,#7067);
#6098=LINE('',#14401,#7068);
#6099=LINE('',#14402,#7069);
#6100=LINE('',#14404,#7070);
#6101=LINE('',#14406,#7071);
#6102=LINE('',#14408,#7072);
#6103=LINE('',#14410,#7073);
#6104=LINE('',#14412,#7074);
#6105=LINE('',#14414,#7075);
#6106=LINE('',#14417,#7076);
#6107=LINE('',#14419,#7077);
#6108=LINE('',#14421,#7078);
#6109=LINE('',#14423,#7079);
#6110=LINE('',#14426,#7080);
#6111=LINE('',#14428,#7081);
#6112=LINE('',#14430,#7082);
#6113=LINE('',#14432,#7083);
#6114=LINE('',#14433,#7084);
#6115=LINE('',#14435,#7085);
#6116=LINE('',#14437,#7086);
#6117=LINE('',#14439,#7087);
#6118=LINE('',#14441,#7088);
#6119=LINE('',#14442,#7089);
#6120=LINE('',#14444,#7090);
#6121=LINE('',#14446,#7091);
#6122=LINE('',#14448,#7092);
#6123=LINE('',#14451,#7093);
#6124=LINE('',#14452,#7094);
#6125=LINE('',#14454,#7095);
#6126=LINE('',#14456,#7096);
#6127=LINE('',#14458,#7097);
#6128=LINE('',#14460,#7098);
#6129=LINE('',#14462,#7099);
#6130=LINE('',#14464,#7100);
#6131=LINE('',#14466,#7101);
#6132=LINE('',#14468,#7102);
#6133=LINE('',#14471,#7103);
#6134=LINE('',#14473,#7104);
#6135=LINE('',#14475,#7105);
#6136=LINE('',#14476,#7106);
#6137=LINE('',#14478,#7107);
#6138=LINE('',#14480,#7108);
#6139=LINE('',#14482,#7109);
#6140=LINE('',#14484,#7110);
#6141=LINE('',#14485,#7111);
#6142=LINE('',#14486,#7112);
#6143=LINE('',#14487,#7113);
#6144=LINE('',#14490,#7114);
#6145=LINE('',#14492,#7115);
#6146=LINE('',#14494,#7116);
#6147=LINE('',#14496,#7117);
#6148=LINE('',#14498,#7118);
#6149=LINE('',#14500,#7119);
#6150=LINE('',#14502,#7120);
#6151=LINE('',#14503,#7121);
#6152=LINE('',#14506,#7122);
#6153=LINE('',#14508,#7123);
#6154=LINE('',#14510,#7124);
#6155=LINE('',#14512,#7125);
#6156=LINE('',#14514,#7126);
#6157=LINE('',#14516,#7127);
#6158=LINE('',#14518,#7128);
#6159=LINE('',#14524,#7129);
#6160=LINE('',#14526,#7130);
#6161=LINE('',#14528,#7131);
#6162=LINE('',#14530,#7132);
#6163=LINE('',#14532,#7133);
#6164=LINE('',#14534,#7134);
#6165=LINE('',#14537,#7135);
#6166=LINE('',#14538,#7136);
#6167=LINE('',#14540,#7137);
#6168=LINE('',#14542,#7138);
#6169=LINE('',#14544,#7139);
#6170=LINE('',#14545,#7140);
#6171=LINE('',#14547,#7141);
#6172=LINE('',#14549,#7142);
#6173=LINE('',#14551,#7143);
#6174=LINE('',#14554,#7144);
#6175=LINE('',#14555,#7145);
#6176=LINE('',#14557,#7146);
#6177=LINE('',#14559,#7147);
#6178=LINE('',#14561,#7148);
#6179=LINE('',#14563,#7149);
#6180=LINE('',#14565,#7150);
#6181=LINE('',#14567,#7151);
#6182=LINE('',#14568,#7152);
#6183=LINE('',#14570,#7153);
#6184=LINE('',#14572,#7154);
#6185=LINE('',#14575,#7155);
#6186=LINE('',#14577,#7156);
#6187=LINE('',#14580,#7157);
#6188=LINE('',#14582,#7158);
#6189=LINE('',#14583,#7159);
#6190=LINE('',#14585,#7160);
#6191=LINE('',#14587,#7161);
#6192=LINE('',#14589,#7162);
#6193=LINE('',#14591,#7163);
#6194=LINE('',#14593,#7164);
#6195=LINE('',#14595,#7165);
#6196=LINE('',#14597,#7166);
#6197=LINE('',#14600,#7167);
#6198=LINE('',#14602,#7168);
#6199=LINE('',#14604,#7169);
#6200=LINE('',#14606,#7170);
#6201=LINE('',#14609,#7171);
#6202=LINE('',#14610,#7172);
#6203=LINE('',#14612,#7173);
#6204=LINE('',#14615,#7174);
#6205=LINE('',#14616,#7175);
#6206=LINE('',#14618,#7176);
#6207=LINE('',#14620,#7177);
#6208=LINE('',#14622,#7178);
#6209=LINE('',#14624,#7179);
#6210=LINE('',#14627,#7180);
#6211=LINE('',#14629,#7181);
#6212=LINE('',#14631,#7182);
#6213=LINE('',#14633,#7183);
#6214=LINE('',#14635,#7184);
#6215=LINE('',#14637,#7185);
#6216=LINE('',#14639,#7186);
#6217=LINE('',#14641,#7187);
#6218=LINE('',#14643,#7188);
#6219=LINE('',#14645,#7189);
#6220=LINE('',#14646,#7190);
#6221=LINE('',#14657,#7191);
#6222=LINE('',#14660,#7192);
#6223=LINE('',#14662,#7193);
#6224=LINE('',#14664,#7194);
#6225=LINE('',#14666,#7195);
#6226=LINE('',#14669,#7196);
#6227=LINE('',#14671,#7197);
#6228=LINE('',#14673,#7198);
#6229=LINE('',#14675,#7199);
#6230=LINE('',#14678,#7200);
#6231=LINE('',#14679,#7201);
#6232=LINE('',#14681,#7202);
#6233=LINE('',#14683,#7203);
#6234=LINE('',#14685,#7204);
#6235=LINE('',#14688,#7205);
#6236=LINE('',#14689,#7206);
#6237=LINE('',#14691,#7207);
#6238=LINE('',#14693,#7208);
#6239=LINE('',#14694,#7209);
#6240=LINE('',#14696,#7210);
#6241=LINE('',#14698,#7211);
#6242=LINE('',#14700,#7212);
#6243=LINE('',#14701,#7213);
#6244=LINE('',#14703,#7214);
#6245=LINE('',#14705,#7215);
#6246=LINE('',#14707,#7216);
#6247=LINE('',#14708,#7217);
#6248=LINE('',#14711,#7218);
#6249=LINE('',#14713,#7219);
#6250=LINE('',#14715,#7220);
#6251=LINE('',#14716,#7221);
#6252=LINE('',#14718,#7222);
#6253=LINE('',#14721,#7223);
#6254=LINE('',#14722,#7224);
#6255=LINE('',#14723,#7225);
#6256=LINE('',#14728,#7226);
#6257=LINE('',#14749,#7227);
#6258=LINE('',#14756,#7228);
#6259=LINE('',#14763,#7229);
#6260=LINE('',#14765,#7230);
#6261=LINE('',#14768,#7231);
#6262=LINE('',#14770,#7232);
#6263=LINE('',#14771,#7233);
#6264=LINE('',#14773,#7234);
#6265=LINE('',#14775,#7235);
#6266=LINE('',#14777,#7236);
#6267=LINE('',#14779,#7237);
#6268=LINE('',#14781,#7238);
#6269=LINE('',#14783,#7239);
#6270=LINE('',#14785,#7240);
#6271=LINE('',#14787,#7241);
#6272=LINE('',#14789,#7242);
#6273=LINE('',#14792,#7243);
#6274=LINE('',#14794,#7244);
#6275=LINE('',#14796,#7245);
#6276=LINE('',#14798,#7246);
#6277=LINE('',#14800,#7247);
#6278=LINE('',#14802,#7248);
#6279=LINE('',#14805,#7249);
#6280=LINE('',#14807,#7250);
#6281=LINE('',#14809,#7251);
#6282=LINE('',#14811,#7252);
#6283=LINE('',#14813,#7253);
#6284=LINE('',#14815,#7254);
#6285=LINE('',#14861,#7255);
#6286=LINE('',#14875,#7256);
#6287=LINE('',#14889,#7257);
#6288=LINE('',#14903,#7258);
#6289=LINE('',#14917,#7259);
#6290=LINE('',#14931,#7260);
#6291=LINE('',#14945,#7261);
#6292=LINE('',#14959,#7262);
#6293=LINE('',#14973,#7263);
#6294=LINE('',#14987,#7264);
#6295=LINE('',#14991,#7265);
#6296=LINE('',#14993,#7266);
#6297=LINE('',#14999,#7267);
#6298=LINE('',#15000,#7268);
#6299=LINE('',#15004,#7269);
#6300=LINE('',#15005,#7270);
#6301=LINE('',#15009,#7271);
#6302=LINE('',#15010,#7272);
#6303=LINE('',#15014,#7273);
#6304=LINE('',#15015,#7274);
#6305=LINE('',#15019,#7275);
#6306=LINE('',#15022,#7276);
#6307=LINE('',#15024,#7277);
#6308=LINE('',#15026,#7278);
#6309=LINE('',#15030,#7279);
#6310=LINE('',#15034,#7280);
#6311=LINE('',#15036,#7281);
#6312=LINE('',#15038,#7282);
#6313=LINE('',#15045,#7283);
#6314=LINE('',#15047,#7284);
#6315=LINE('',#15049,#7285);
#6316=LINE('',#15051,#7286);
#6317=LINE('',#15053,#7287);
#6318=LINE('',#15055,#7288);
#6319=LINE('',#15060,#7289);
#6320=LINE('',#15061,#7290);
#6321=LINE('',#15090,#7291);
#6322=LINE('',#15104,#7292);
#6323=LINE('',#15113,#7293);
#6324=LINE('',#15115,#7294);
#6325=LINE('',#15117,#7295);
#6326=LINE('',#15119,#7296);
#6327=LINE('',#15120,#7297);
#6328=LINE('',#15124,#7298);
#6329=LINE('',#15125,#7299);
#6330=LINE('',#15145,#7300);
#6331=LINE('',#15154,#7301);
#6332=LINE('',#15155,#7302);
#6333=LINE('',#15157,#7303);
#6334=LINE('',#15159,#7304);
#6335=LINE('',#15161,#7305);
#6336=LINE('',#15163,#7306);
#6337=LINE('',#15166,#7307);
#6338=LINE('',#15182,#7308);
#6339=LINE('',#15185,#7309);
#6340=LINE('',#15187,#7310);
#6341=LINE('',#15189,#7311);
#6342=LINE('',#15191,#7312);
#6343=LINE('',#15194,#7313);
#6344=LINE('',#15195,#7314);
#6345=LINE('',#15199,#7315);
#6346=LINE('',#15200,#7316);
#6347=LINE('',#15227,#7317);
#6348=LINE('',#15234,#7318);
#6349=LINE('',#15235,#7319);
#6350=LINE('',#15237,#7320);
#6351=LINE('',#15238,#7321);
#6352=LINE('',#15240,#7322);
#6353=LINE('',#15242,#7323);
#6354=LINE('',#15269,#7324);
#6355=LINE('',#15272,#7325);
#6356=LINE('',#15274,#7326);
#6357=LINE('',#15276,#7327);
#6358=LINE('',#15278,#7328);
#6359=LINE('',#15281,#7329);
#6360=LINE('',#15283,#7330);
#6361=LINE('',#15285,#7331);
#6362=LINE('',#15287,#7332);
#6363=LINE('',#15289,#7333);
#6364=LINE('',#15291,#7334);
#6365=LINE('',#15293,#7335);
#6366=LINE('',#15295,#7336);
#6367=LINE('',#15297,#7337);
#6368=LINE('',#15299,#7338);
#6369=LINE('',#15302,#7339);
#6370=LINE('',#15304,#7340);
#6371=LINE('',#15306,#7341);
#6372=LINE('',#15308,#7342);
#6373=LINE('',#15310,#7343);
#6374=LINE('',#15312,#7344);
#6375=LINE('',#15314,#7345);
#6376=LINE('',#15316,#7346);
#6377=LINE('',#15318,#7347);
#6378=LINE('',#15320,#7348);
#6379=LINE('',#15323,#7349);
#6380=LINE('',#15325,#7350);
#6381=LINE('',#15327,#7351);
#6382=LINE('',#15329,#7352);
#6383=LINE('',#15331,#7353);
#6384=LINE('',#15333,#7354);
#6385=LINE('',#15335,#7355);
#6386=LINE('',#15337,#7356);
#6387=LINE('',#15339,#7357);
#6388=LINE('',#15341,#7358);
#6389=LINE('',#15344,#7359);
#6390=LINE('',#15346,#7360);
#6391=LINE('',#15348,#7361);
#6392=LINE('',#15355,#7362);
#6393=LINE('',#15356,#7363);
#6394=LINE('',#15360,#7364);
#6395=LINE('',#15361,#7365);
#6396=LINE('',#15362,#7366);
#6397=LINE('',#15363,#7367);
#6398=LINE('',#15369,#7368);
#6399=LINE('',#15370,#7369);
#6400=LINE('',#15371,#7370);
#6401=LINE('',#15372,#7371);
#6402=LINE('',#15391,#7372);
#6403=LINE('',#15394,#7373);
#6404=LINE('',#15396,#7374);
#6405=LINE('',#15398,#7375);
#6406=LINE('',#15400,#7376);
#6407=LINE('',#15402,#7377);
#6408=LINE('',#15404,#7378);
#6409=LINE('',#15406,#7379);
#6410=LINE('',#15410,#7380);
#6411=LINE('',#15412,#7381);
#6412=LINE('',#15416,#7382);
#6413=LINE('',#15420,#7383);
#6414=LINE('',#15422,#7384);
#6415=LINE('',#15425,#7385);
#6416=LINE('',#15427,#7386);
#6417=LINE('',#15429,#7387);
#6418=LINE('',#15431,#7388);
#6419=LINE('',#15433,#7389);
#6420=LINE('',#15437,#7390);
#6421=LINE('',#15441,#7391);
#6422=LINE('',#15444,#7392);
#6423=LINE('',#15446,#7393);
#6424=LINE('',#15448,#7394);
#6425=LINE('',#15450,#7395);
#6426=LINE('',#15452,#7396);
#6427=LINE('',#15454,#7397);
#6428=LINE('',#15456,#7398);
#6429=LINE('',#15458,#7399);
#6430=LINE('',#15460,#7400);
#6431=LINE('',#15462,#7401);
#6432=LINE('',#15464,#7402);
#6433=LINE('',#15466,#7403);
#6434=LINE('',#15468,#7404);
#6435=LINE('',#15470,#7405);
#6436=LINE('',#15471,#7406);
#6437=LINE('',#15473,#7407);
#6438=LINE('',#15475,#7408);
#6439=LINE('',#15477,#7409);
#6440=LINE('',#15479,#7410);
#6441=LINE('',#15481,#7411);
#6442=LINE('',#15483,#7412);
#6443=LINE('',#15489,#7413);
#6444=LINE('',#15491,#7414);
#6445=LINE('',#15497,#7415);
#6446=LINE('',#15499,#7416);
#6447=LINE('',#15503,#7417);
#6448=LINE('',#15505,#7418);
#6449=LINE('',#15508,#7419);
#6450=LINE('',#15510,#7420);
#6451=LINE('',#15512,#7421);
#6452=LINE('',#15514,#7422);
#6453=LINE('',#15516,#7423);
#6454=LINE('',#15518,#7424);
#6455=LINE('',#15520,#7425);
#6456=LINE('',#15523,#7426);
#6457=LINE('',#15524,#7427);
#6458=LINE('',#15525,#7428);
#6459=LINE('',#15527,#7429);
#6460=LINE('',#15529,#7430);
#6461=LINE('',#15530,#7431);
#6462=LINE('',#15538,#7432);
#6463=LINE('',#15541,#7433);
#6464=LINE('',#15543,#7434);
#6465=LINE('',#15545,#7435);
#6466=LINE('',#15547,#7436);
#6467=LINE('',#15549,#7437);
#6468=LINE('',#15551,#7438);
#6469=LINE('',#15553,#7439);
#6470=LINE('',#15556,#7440);
#6471=LINE('',#15558,#7441);
#6472=LINE('',#15560,#7442);
#6473=LINE('',#15562,#7443);
#6474=LINE('',#15564,#7444);
#6475=LINE('',#15566,#7445);
#6476=LINE('',#15568,#7446);
#6477=LINE('',#15570,#7447);
#6478=LINE('',#15572,#7448);
#6479=LINE('',#15574,#7449);
#6480=LINE('',#15577,#7450);
#6481=LINE('',#15579,#7451);
#6482=LINE('',#15581,#7452);
#6483=LINE('',#15583,#7453);
#6484=LINE('',#15585,#7454);
#6485=LINE('',#15587,#7455);
#6486=LINE('',#15589,#7456);
#6487=LINE('',#15591,#7457);
#6488=LINE('',#15593,#7458);
#6489=LINE('',#15595,#7459);
#6490=LINE('',#15597,#7460);
#6491=LINE('',#15599,#7461);
#6492=LINE('',#15601,#7462);
#6493=LINE('',#15603,#7463);
#6494=LINE('',#15605,#7464);
#6495=LINE('',#15607,#7465);
#6496=LINE('',#15609,#7466);
#6497=LINE('',#15611,#7467);
#6498=LINE('',#15613,#7468);
#6499=LINE('',#15615,#7469);
#6500=LINE('',#15622,#7470);
#6501=LINE('',#15623,#7471);
#6502=LINE('',#15627,#7472);
#6503=LINE('',#15628,#7473);
#6504=LINE('',#15629,#7474);
#6505=LINE('',#15630,#7475);
#6506=LINE('',#15632,#7476);
#6507=LINE('',#15635,#7477);
#6508=LINE('',#15637,#7478);
#6509=LINE('',#15639,#7479);
#6510=LINE('',#15646,#7480);
#6511=LINE('',#15647,#7481);
#6512=LINE('',#15651,#7482);
#6513=LINE('',#15652,#7483);
#6514=LINE('',#15656,#7484);
#6515=LINE('',#15657,#7485);
#6516=LINE('',#15659,#7486);
#6517=LINE('',#15661,#7487);
#6518=LINE('',#15664,#7488);
#6519=LINE('',#15667,#7489);
#6520=LINE('',#15669,#7490);
#6521=LINE('',#15671,#7491);
#6522=LINE('',#15673,#7492);
#6523=LINE('',#15676,#7493);
#6524=LINE('',#15678,#7494);
#6525=LINE('',#15680,#7495);
#6526=LINE('',#15682,#7496);
#6527=LINE('',#15685,#7497);
#6528=LINE('',#15687,#7498);
#6529=LINE('',#15689,#7499);
#6530=LINE('',#15691,#7500);
#6531=LINE('',#15693,#7501);
#6532=LINE('',#15695,#7502);
#6533=LINE('',#15697,#7503);
#6534=LINE('',#15699,#7504);
#6535=LINE('',#15701,#7505);
#6536=LINE('',#15703,#7506);
#6537=LINE('',#15705,#7507);
#6538=LINE('',#15708,#7508);
#6539=LINE('',#15710,#7509);
#6540=LINE('',#15712,#7510);
#6541=LINE('',#15713,#7511);
#6542=LINE('',#15715,#7512);
#6543=LINE('',#15717,#7513);
#6544=LINE('',#15722,#7514);
#6545=LINE('',#15724,#7515);
#6546=LINE('',#15728,#7516);
#6547=LINE('',#15730,#7517);
#6548=LINE('',#15732,#7518);
#6549=LINE('',#15734,#7519);
#6550=LINE('',#15736,#7520);
#6551=LINE('',#15742,#7521);
#6552=LINE('',#15745,#7522);
#6553=LINE('',#15747,#7523);
#6554=LINE('',#15749,#7524);
#6555=LINE('',#15751,#7525);
#6556=LINE('',#15753,#7526);
#6557=LINE('',#15755,#7527);
#6558=LINE('',#15757,#7528);
#6559=LINE('',#15759,#7529);
#6560=LINE('',#15761,#7530);
#6561=LINE('',#15763,#7531);
#6562=LINE('',#15765,#7532);
#6563=LINE('',#15767,#7533);
#6564=LINE('',#15769,#7534);
#6565=LINE('',#15772,#7535);
#6566=LINE('',#15773,#7536);
#6567=LINE('',#15775,#7537);
#6568=LINE('',#15777,#7538);
#6569=LINE('',#15778,#7539);
#6570=LINE('',#15779,#7540);
#6571=LINE('',#15780,#7541);
#6572=LINE('',#15827,#7542);
#6573=LINE('',#15830,#7543);
#6574=LINE('',#15832,#7544);
#6575=LINE('',#15834,#7545);
#6576=LINE('',#15836,#7546);
#6577=LINE('',#15838,#7547);
#6578=LINE('',#15840,#7548);
#6579=LINE('',#15842,#7549);
#6580=LINE('',#15844,#7550);
#6581=LINE('',#15846,#7551);
#6582=LINE('',#15848,#7552);
#6583=LINE('',#15849,#7553);
#6584=LINE('',#15860,#7554);
#6585=LINE('',#15863,#7555);
#6586=LINE('',#15865,#7556);
#6587=LINE('',#15867,#7557);
#6588=LINE('',#15869,#7558);
#6589=LINE('',#15871,#7559);
#6590=LINE('',#15873,#7560);
#6591=LINE('',#15875,#7561);
#6592=LINE('',#15877,#7562);
#6593=LINE('',#15879,#7563);
#6594=LINE('',#15881,#7564);
#6595=LINE('',#15882,#7565);
#6596=LINE('',#15904,#7566);
#6597=LINE('',#15918,#7567);
#6598=LINE('',#15932,#7568);
#6599=LINE('',#15946,#7569);
#6600=LINE('',#15960,#7570);
#6601=LINE('',#15974,#7571);
#6602=LINE('',#15988,#7572);
#6603=LINE('',#16002,#7573);
#6604=LINE('',#16016,#7574);
#6605=LINE('',#16030,#7575);
#6606=LINE('',#16037,#7576);
#6607=LINE('',#16042,#7577);
#6608=LINE('',#16046,#7578);
#6609=LINE('',#16051,#7579);
#6610=LINE('',#16055,#7580);
#6611=LINE('',#16060,#7581);
#6612=LINE('',#16064,#7582);
#6613=LINE('',#16069,#7583);
#6614=LINE('',#16075,#7584);
#6615=LINE('',#16080,#7585);
#6616=LINE('',#16084,#7586);
#6617=LINE('',#16087,#7587);
#6618=LINE('',#16089,#7588);
#6619=LINE('',#16091,#7589);
#6620=LINE('',#16095,#7590);
#6621=LINE('',#16099,#7591);
#6622=LINE('',#16101,#7592);
#6623=LINE('',#16103,#7593);
#6624=LINE('',#16110,#7594);
#6625=LINE('',#16112,#7595);
#6626=LINE('',#16114,#7596);
#6627=LINE('',#16116,#7597);
#6628=LINE('',#16118,#7598);
#6629=LINE('',#16120,#7599);
#6630=LINE('',#16125,#7600);
#6631=LINE('',#16126,#7601);
#6632=LINE('',#16163,#7602);
#6633=LINE('',#16177,#7603);
#6634=LINE('',#16186,#7604);
#6635=LINE('',#16188,#7605);
#6636=LINE('',#16190,#7606);
#6637=LINE('',#16192,#7607);
#6638=LINE('',#16193,#7608);
#6639=LINE('',#16197,#7609);
#6640=LINE('',#16198,#7610);
#6641=LINE('',#16226,#7611);
#6642=LINE('',#16235,#7612);
#6643=LINE('',#16236,#7613);
#6644=LINE('',#16238,#7614);
#6645=LINE('',#16240,#7615);
#6646=LINE('',#16242,#7616);
#6647=LINE('',#16244,#7617);
#6648=LINE('',#16247,#7618);
#6649=LINE('',#16271,#7619);
#6650=LINE('',#16274,#7620);
#6651=LINE('',#16276,#7621);
#6652=LINE('',#16278,#7622);
#6653=LINE('',#16280,#7623);
#6654=LINE('',#16283,#7624);
#6655=LINE('',#16284,#7625);
#6656=LINE('',#16288,#7626);
#6657=LINE('',#16289,#7627);
#6658=LINE('',#16324,#7628);
#6659=LINE('',#16331,#7629);
#6660=LINE('',#16332,#7630);
#6661=LINE('',#16334,#7631);
#6662=LINE('',#16335,#7632);
#6663=LINE('',#16337,#7633);
#6664=LINE('',#16339,#7634);
#6665=LINE('',#16385,#7635);
#6666=LINE('',#16390,#7636);
#6667=LINE('',#16394,#7637);
#6668=LINE('',#16399,#7638);
#6669=LINE('',#16403,#7639);
#6670=LINE('',#16408,#7640);
#6671=LINE('',#16412,#7641);
#6672=LINE('',#16417,#7642);
#6673=LINE('',#16436,#7643);
#6674=LINE('',#16450,#7644);
#6675=LINE('',#16464,#7645);
#6676=LINE('',#16478,#7646);
#6677=LINE('',#16492,#7647);
#6678=LINE('',#16506,#7648);
#6679=LINE('',#16520,#7649);
#6680=LINE('',#16534,#7650);
#6681=LINE('',#16548,#7651);
#6682=LINE('',#16562,#7652);
#6683=LINE('',#16566,#7653);
#6684=LINE('',#16571,#7654);
#6685=LINE('',#16575,#7655);
#6686=LINE('',#16578,#7656);
#6687=LINE('',#16580,#7657);
#6688=LINE('',#16582,#7658);
#6689=LINE('',#16586,#7659);
#6690=LINE('',#16590,#7660);
#6691=LINE('',#16592,#7661);
#6692=LINE('',#16594,#7662);
#6693=LINE('',#16601,#7663);
#6694=LINE('',#16603,#7664);
#6695=LINE('',#16605,#7665);
#6696=LINE('',#16607,#7666);
#6697=LINE('',#16609,#7667);
#6698=LINE('',#16611,#7668);
#6699=LINE('',#16616,#7669);
#6700=LINE('',#16617,#7670);
#6701=LINE('',#16654,#7671);
#6702=LINE('',#16668,#7672);
#6703=LINE('',#16677,#7673);
#6704=LINE('',#16679,#7674);
#6705=LINE('',#16681,#7675);
#6706=LINE('',#16683,#7676);
#6707=LINE('',#16684,#7677);
#6708=LINE('',#16688,#7678);
#6709=LINE('',#16689,#7679);
#6710=LINE('',#16717,#7680);
#6711=LINE('',#16726,#7681);
#6712=LINE('',#16727,#7682);
#6713=LINE('',#16729,#7683);
#6714=LINE('',#16731,#7684);
#6715=LINE('',#16733,#7685);
#6716=LINE('',#16735,#7686);
#6717=LINE('',#16738,#7687);
#6718=LINE('',#16762,#7688);
#6719=LINE('',#16765,#7689);
#6720=LINE('',#16767,#7690);
#6721=LINE('',#16769,#7691);
#6722=LINE('',#16771,#7692);
#6723=LINE('',#16774,#7693);
#6724=LINE('',#16775,#7694);
#6725=LINE('',#16779,#7695);
#6726=LINE('',#16780,#7696);
#6727=LINE('',#16815,#7697);
#6728=LINE('',#16822,#7698);
#6729=LINE('',#16823,#7699);
#6730=LINE('',#16825,#7700);
#6731=LINE('',#16826,#7701);
#6732=LINE('',#16828,#7702);
#6733=LINE('',#16830,#7703);
#6734=LINE('',#16878,#7704);
#6735=LINE('',#16892,#7705);
#6736=LINE('',#16906,#7706);
#6737=LINE('',#16920,#7707);
#6738=LINE('',#16934,#7708);
#6739=LINE('',#16948,#7709);
#6740=LINE('',#16962,#7710);
#6741=LINE('',#16976,#7711);
#6742=LINE('',#16990,#7712);
#6743=LINE('',#17004,#7713);
#6744=LINE('',#17008,#7714);
#6745=LINE('',#17010,#7715);
#6746=LINE('',#17016,#7716);
#6747=LINE('',#17017,#7717);
#6748=LINE('',#17021,#7718);
#6749=LINE('',#17022,#7719);
#6750=LINE('',#17026,#7720);
#6751=LINE('',#17027,#7721);
#6752=LINE('',#17031,#7722);
#6753=LINE('',#17032,#7723);
#6754=LINE('',#17036,#7724);
#6755=LINE('',#17039,#7725);
#6756=LINE('',#17041,#7726);
#6757=LINE('',#17043,#7727);
#6758=LINE('',#17047,#7728);
#6759=LINE('',#17051,#7729);
#6760=LINE('',#17053,#7730);
#6761=LINE('',#17055,#7731);
#6762=LINE('',#17062,#7732);
#6763=LINE('',#17064,#7733);
#6764=LINE('',#17066,#7734);
#6765=LINE('',#17068,#7735);
#6766=LINE('',#17070,#7736);
#6767=LINE('',#17072,#7737);
#6768=LINE('',#17077,#7738);
#6769=LINE('',#17078,#7739);
#6770=LINE('',#17107,#7740);
#6771=LINE('',#17121,#7741);
#6772=LINE('',#17130,#7742);
#6773=LINE('',#17132,#7743);
#6774=LINE('',#17134,#7744);
#6775=LINE('',#17136,#7745);
#6776=LINE('',#17137,#7746);
#6777=LINE('',#17141,#7747);
#6778=LINE('',#17142,#7748);
#6779=LINE('',#17162,#7749);
#6780=LINE('',#17171,#7750);
#6781=LINE('',#17172,#7751);
#6782=LINE('',#17174,#7752);
#6783=LINE('',#17176,#7753);
#6784=LINE('',#17178,#7754);
#6785=LINE('',#17180,#7755);
#6786=LINE('',#17183,#7756);
#6787=LINE('',#17199,#7757);
#6788=LINE('',#17202,#7758);
#6789=LINE('',#17204,#7759);
#6790=LINE('',#17206,#7760);
#6791=LINE('',#17208,#7761);
#6792=LINE('',#17211,#7762);
#6793=LINE('',#17212,#7763);
#6794=LINE('',#17216,#7764);
#6795=LINE('',#17217,#7765);
#6796=LINE('',#17244,#7766);
#6797=LINE('',#17251,#7767);
#6798=LINE('',#17252,#7768);
#6799=LINE('',#17254,#7769);
#6800=LINE('',#17255,#7770);
#6801=LINE('',#17257,#7771);
#6802=LINE('',#17259,#7772);
#6803=LINE('',#17274,#7773);
#6804=LINE('',#17277,#7774);
#6805=LINE('',#17279,#7775);
#6806=LINE('',#17281,#7776);
#6807=LINE('',#17283,#7777);
#6808=LINE('',#17285,#7778);
#6809=LINE('',#17287,#7779);
#6810=LINE('',#17290,#7780);
#6811=LINE('',#17292,#7781);
#6812=LINE('',#17294,#7782);
#6813=LINE('',#17296,#7783);
#6814=LINE('',#17298,#7784);
#6815=LINE('',#17306,#7785);
#6816=LINE('',#17309,#7786);
#6817=LINE('',#17311,#7787);
#6818=LINE('',#17313,#7788);
#6819=LINE('',#17315,#7789);
#6820=LINE('',#17317,#7790);
#6821=LINE('',#17319,#7791);
#6822=LINE('',#17321,#7792);
#6823=LINE('',#17323,#7793);
#6824=LINE('',#17325,#7794);
#6825=LINE('',#17327,#7795);
#6826=LINE('',#17329,#7796);
#6827=LINE('',#17331,#7797);
#6828=LINE('',#17333,#7798);
#6829=LINE('',#17335,#7799);
#6830=LINE('',#17337,#7800);
#6831=LINE('',#17339,#7801);
#6832=LINE('',#17341,#7802);
#6833=LINE('',#17343,#7803);
#6834=LINE('',#17345,#7804);
#6835=LINE('',#17347,#7805);
#6836=LINE('',#17349,#7806);
#6837=LINE('',#17351,#7807);
#6838=LINE('',#17353,#7808);
#6839=LINE('',#17355,#7809);
#6840=LINE('',#17358,#7810);
#6841=LINE('',#17360,#7811);
#6842=LINE('',#17362,#7812);
#6843=LINE('',#17364,#7813);
#6844=LINE('',#17367,#7814);
#6845=LINE('',#17369,#7815);
#6846=LINE('',#17371,#7816);
#6847=LINE('',#17373,#7817);
#6848=LINE('',#17375,#7818);
#6849=LINE('',#17377,#7819);
#6850=LINE('',#17379,#7820);
#6851=LINE('',#17381,#7821);
#6852=LINE('',#17383,#7822);
#6853=LINE('',#17386,#7823);
#6854=LINE('',#17387,#7824);
#6855=LINE('',#17389,#7825);
#6856=LINE('',#17391,#7826);
#6857=LINE('',#17393,#7827);
#6858=LINE('',#17395,#7828);
#6859=LINE('',#17397,#7829);
#6860=LINE('',#17399,#7830);
#6861=LINE('',#17401,#7831);
#6862=LINE('',#17403,#7832);
#6863=LINE('',#17405,#7833);
#6864=LINE('',#17407,#7834);
#6865=LINE('',#17409,#7835);
#6866=LINE('',#17411,#7836);
#6867=LINE('',#17421,#7837);
#6868=LINE('',#17422,#7838);
#6869=LINE('',#17424,#7839);
#6870=LINE('',#17426,#7840);
#6871=LINE('',#17428,#7841);
#6872=LINE('',#17430,#7842);
#6873=LINE('',#17432,#7843);
#6874=LINE('',#17434,#7844);
#6875=LINE('',#17442,#7845);
#6876=LINE('',#17443,#7846);
#6877=LINE('',#17445,#7847);
#6878=LINE('',#17447,#7848);
#6879=LINE('',#17448,#7849);
#6880=LINE('',#17450,#7850);
#6881=LINE('',#17452,#7851);
#6882=LINE('',#17453,#7852);
#6883=LINE('',#17455,#7853);
#6884=LINE('',#17457,#7854);
#6885=LINE('',#17460,#7855);
#6886=LINE('',#17463,#7856);
#6887=LINE('',#17465,#7857);
#6888=LINE('',#17467,#7858);
#6889=LINE('',#17469,#7859);
#6890=LINE('',#17471,#7860);
#6891=LINE('',#17473,#7861);
#6892=LINE('',#17475,#7862);
#6893=LINE('',#17477,#7863);
#6894=LINE('',#17479,#7864);
#6895=LINE('',#17481,#7865);
#6896=LINE('',#17483,#7866);
#6897=LINE('',#17485,#7867);
#6898=LINE('',#17487,#7868);
#6899=LINE('',#17488,#7869);
#6900=LINE('',#17490,#7870);
#6901=LINE('',#17492,#7871);
#6902=LINE('',#17494,#7872);
#6903=LINE('',#17495,#7873);
#6904=LINE('',#17497,#7874);
#6905=LINE('',#17499,#7875);
#6906=LINE('',#17501,#7876);
#6907=LINE('',#17503,#7877);
#6908=LINE('',#17505,#7878);
#6909=LINE('',#17507,#7879);
#6910=LINE('',#17509,#7880);
#6911=LINE('',#17510,#7881);
#6912=LINE('',#17512,#7882);
#6913=LINE('',#17514,#7883);
#6914=LINE('',#17516,#7884);
#6915=LINE('',#17518,#7885);
#6916=LINE('',#17521,#7886);
#6917=LINE('',#17523,#7887);
#6918=LINE('',#17525,#7888);
#6919=LINE('',#17526,#7889);
#6920=LINE('',#17528,#7890);
#6921=LINE('',#17531,#7891);
#6922=LINE('',#17532,#7892);
#6923=LINE('',#17534,#7893);
#6924=LINE('',#17537,#7894);
#6925=LINE('',#17538,#7895);
#6926=LINE('',#17540,#7896);
#6927=LINE('',#17543,#7897);
#6928=LINE('',#17546,#7898);
#6929=LINE('',#17548,#7899);
#6930=LINE('',#17550,#7900);
#6931=LINE('',#17552,#7901);
#6932=LINE('',#17554,#7902);
#6933=LINE('',#17556,#7903);
#6934=LINE('',#17558,#7904);
#6935=LINE('',#17560,#7905);
#6936=LINE('',#17562,#7906);
#6937=LINE('',#17564,#7907);
#6938=LINE('',#17566,#7908);
#6939=LINE('',#17568,#7909);
#6940=LINE('',#17570,#7910);
#6941=LINE('',#17572,#7911);
#6942=LINE('',#17573,#7912);
#6943=LINE('',#17575,#7913);
#6944=LINE('',#17576,#7914);
#6945=LINE('',#17578,#7915);
#6946=LINE('',#17580,#7916);
#6947=LINE('',#17582,#7917);
#6948=LINE('',#17584,#7918);
#6949=LINE('',#17586,#7919);
#6950=LINE('',#17588,#7920);
#6951=LINE('',#17590,#7921);
#6952=LINE('',#17592,#7922);
#6953=LINE('',#17593,#7923);
#6954=LINE('',#17595,#7924);
#6955=LINE('',#17597,#7925);
#6956=LINE('',#17599,#7926);
#6957=LINE('',#17601,#7927);
#6958=LINE('',#17604,#7928);
#6959=LINE('',#17606,#7929);
#6960=LINE('',#17608,#7930);
#6961=LINE('',#17609,#7931);
#6962=LINE('',#17611,#7932);
#6963=LINE('',#17613,#7933);
#6964=LINE('',#17615,#7934);
#6965=LINE('',#17617,#7935);
#6966=LINE('',#17619,#7936);
#6967=LINE('',#17621,#7937);
#6968=LINE('',#17623,#7938);
#6969=LINE('',#17682,#7939);
#6970=LINE('',#17684,#7940);
#6971=LINE('',#17685,#7941);
#6972=LINE('',#17688,#7942);
#6973=LINE('',#17690,#7943);
#6974=LINE('',#17691,#7944);
#6975=LINE('',#17694,#7945);
#6976=LINE('',#17696,#7946);
#6977=LINE('',#17697,#7947);
#6978=LINE('',#17700,#7948);
#6979=LINE('',#17702,#7949);
#6980=LINE('',#17703,#7950);
#6981=LINE('',#17710,#7951);
#6982=LINE('',#17713,#7952);
#6983=LINE('',#17714,#7953);
#6984=LINE('',#17716,#7954);
#6985=LINE('',#17718,#7955);
#6986=LINE('',#17720,#7956);
#6987=LINE('',#17722,#7957);
#6988=LINE('',#17725,#7958);
#6989=LINE('',#17727,#7959);
#6990=LINE('',#17729,#7960);
#6991=LINE('',#17731,#7961);
#6992=LINE('',#17733,#7962);
#6993=LINE('',#17735,#7963);
#6994=LINE('',#17737,#7964);
#6995=LINE('',#17740,#7965);
#6996=LINE('',#17741,#7966);
#6997=LINE('',#17743,#7967);
#6998=LINE('',#17746,#7968);
#6999=LINE('',#17748,#7969);
#7000=LINE('',#17750,#7970);
#7001=LINE('',#17752,#7971);
#7002=LINE('',#17754,#7972);
#7003=LINE('',#17755,#7973);
#7004=LINE('',#17757,#7974);
#7005=LINE('',#17759,#7975);
#7006=LINE('',#17760,#7976);
#7007=LINE('',#17762,#7977);
#7008=LINE('',#17764,#7978);
#7009=LINE('',#17767,#7979);
#7010=LINE('',#17769,#7980);
#7011=LINE('',#17773,#7981);
#7012=LINE('',#17776,#7982);
#7013=LINE('',#17778,#7983);
#7014=LINE('',#17780,#7984);
#7015=LINE('',#17782,#7985);
#7016=LINE('',#17784,#7986);
#7017=LINE('',#17786,#7987);
#7018=LINE('',#17788,#7988);
#7019=LINE('',#17790,#7989);
#7020=LINE('',#17792,#7990);
#7021=LINE('',#17794,#7991);
#7022=LINE('',#17795,#7992);
#7023=LINE('',#17807,#7993);
#7024=LINE('',#17810,#7994);
#7025=LINE('',#17812,#7995);
#7026=LINE('',#17814,#7996);
#7027=LINE('',#17816,#7997);
#7028=LINE('',#17818,#7998);
#7029=LINE('',#17820,#7999);
#7030=LINE('',#17822,#8000);
#7031=LINE('',#17824,#8001);
#7032=LINE('',#17826,#8002);
#7033=LINE('',#17828,#8003);
#7034=LINE('',#17829,#8004);
#7035=VECTOR('',#11535,1.);
#7036=VECTOR('',#11536,1.);
#7037=VECTOR('',#11537,1.);
#7038=VECTOR('',#11538,1.);
#7039=VECTOR('',#11539,1.);
#7040=VECTOR('',#11540,1.);
#7041=VECTOR('',#11543,1.);
#7042=VECTOR('',#11544,1.);
#7043=VECTOR('',#11545,1.);
#7044=VECTOR('',#11546,1.);
#7045=VECTOR('',#11547,1.);
#7046=VECTOR('',#11548,1.);
#7047=VECTOR('',#11551,1.);
#7048=VECTOR('',#11552,1.);
#7049=VECTOR('',#11553,1.);
#7050=VECTOR('',#11554,1.);
#7051=VECTOR('',#11555,1.);
#7052=VECTOR('',#11556,1.);
#7053=VECTOR('',#11559,1.);
#7054=VECTOR('',#11560,1.);
#7055=VECTOR('',#11561,1.);
#7056=VECTOR('',#11562,1.);
#7057=VECTOR('',#11563,1.);
#7058=VECTOR('',#11564,1.);
#7059=VECTOR('',#11567,1.);
#7060=VECTOR('',#11568,1.);
#7061=VECTOR('',#11569,1.);
#7062=VECTOR('',#11572,1.);
#7063=VECTOR('',#11573,1.);
#7064=VECTOR('',#11574,1.);
#7065=VECTOR('',#11577,1.);
#7066=VECTOR('',#11578,1.);
#7067=VECTOR('',#11579,1.);
#7068=VECTOR('',#11580,1.);
#7069=VECTOR('',#11581,1.);
#7070=VECTOR('',#11582,1.);
#7071=VECTOR('',#11583,1.);
#7072=VECTOR('',#11586,1.);
#7073=VECTOR('',#11587,1.);
#7074=VECTOR('',#11588,1.);
#7075=VECTOR('',#11591,1.);
#7076=VECTOR('',#11592,1.);
#7077=VECTOR('',#11593,1.);
#7078=VECTOR('',#11594,1.);
#7079=VECTOR('',#11597,1.);
#7080=VECTOR('',#11598,1.);
#7081=VECTOR('',#11599,1.);
#7082=VECTOR('',#11600,1.);
#7083=VECTOR('',#11603,1.);
#7084=VECTOR('',#11604,1.);
#7085=VECTOR('',#11607,1.);
#7086=VECTOR('',#11608,1.);
#7087=VECTOR('',#11609,1.);
#7088=VECTOR('',#11610,1.);
#7089=VECTOR('',#11611,1.);
#7090=VECTOR('',#11614,1.);
#7091=VECTOR('',#11617,1.);
#7092=VECTOR('',#11620,1.);
#7093=VECTOR('',#11621,1.);
#7094=VECTOR('',#11622,1.);
#7095=VECTOR('',#11623,1.);
#7096=VECTOR('',#11626,1.);
#7097=VECTOR('',#11627,1.);
#7098=VECTOR('',#11628,1.);
#7099=VECTOR('',#11629,1.);
#7100=VECTOR('',#11632,1.);
#7101=VECTOR('',#11635,1.);
#7102=VECTOR('',#11638,1.);
#7103=VECTOR('',#11643,1.);
#7104=VECTOR('',#11644,1.);
#7105=VECTOR('',#11645,1.);
#7106=VECTOR('',#11646,1.);
#7107=VECTOR('',#11647,1.);
#7108=VECTOR('',#11648,1.);
#7109=VECTOR('',#11649,1.);
#7110=VECTOR('',#11650,1.);
#7111=VECTOR('',#11651,1.);
#7112=VECTOR('',#11652,1.);
#7113=VECTOR('',#11653,1.);
#7114=VECTOR('',#11654,1.);
#7115=VECTOR('',#11655,1.);
#7116=VECTOR('',#11656,1.);
#7117=VECTOR('',#11657,1.);
#7118=VECTOR('',#11658,1.);
#7119=VECTOR('',#11659,1.);
#7120=VECTOR('',#11660,1.);
#7121=VECTOR('',#11661,1.);
#7122=VECTOR('',#11662,1.);
#7123=VECTOR('',#11663,1.);
#7124=VECTOR('',#11664,1.);
#7125=VECTOR('',#11665,1.);
#7126=VECTOR('',#11666,1.);
#7127=VECTOR('',#11667,1.);
#7128=VECTOR('',#11668,1.);
#7129=VECTOR('',#11675,1.);
#7130=VECTOR('',#11676,1.);
#7131=VECTOR('',#11677,1.);
#7132=VECTOR('',#11680,1.);
#7133=VECTOR('',#11681,1.);
#7134=VECTOR('',#11684,1.);
#7135=VECTOR('',#11685,1.);
#7136=VECTOR('',#11686,1.);
#7137=VECTOR('',#11687,1.);
#7138=VECTOR('',#11688,1.);
#7139=VECTOR('',#11689,1.);
#7140=VECTOR('',#11690,1.);
#7141=VECTOR('',#11693,1.);
#7142=VECTOR('',#11694,1.);
#7143=VECTOR('',#11697,1.);
#7144=VECTOR('',#11698,1.);
#7145=VECTOR('',#11699,1.);
#7146=VECTOR('',#11702,1.);
#7147=VECTOR('',#11703,1.);
#7148=VECTOR('',#11704,1.);
#7149=VECTOR('',#11707,1.);
#7150=VECTOR('',#11710,1.);
#7151=VECTOR('',#11711,1.);
#7152=VECTOR('',#11712,1.);
#7153=VECTOR('',#11713,1.);
#7154=VECTOR('',#11714,1.);
#7155=VECTOR('',#11719,1.);
#7156=VECTOR('',#11722,1.);
#7157=VECTOR('',#11723,1.);
#7158=VECTOR('',#11724,1.);
#7159=VECTOR('',#11725,1.);
#7160=VECTOR('',#11728,1.);
#7161=VECTOR('',#11729,1.);
#7162=VECTOR('',#11730,1.);
#7163=VECTOR('',#11731,1.);
#7164=VECTOR('',#11734,1.);
#7165=VECTOR('',#11737,1.);
#7166=VECTOR('',#11740,1.);
#7167=VECTOR('',#11745,1.);
#7168=VECTOR('',#11746,1.);
#7169=VECTOR('',#11747,1.);
#7170=VECTOR('',#11750,1.);
#7171=VECTOR('',#11751,1.);
#7172=VECTOR('',#11752,1.);
#7173=VECTOR('',#11755,1.);
#7174=VECTOR('',#11756,1.);
#7175=VECTOR('',#11757,1.);
#7176=VECTOR('',#11760,1.);
#7177=VECTOR('',#11761,1.);
#7178=VECTOR('',#11762,1.);
#7179=VECTOR('',#11765,1.);
#7180=VECTOR('',#11766,1.);
#7181=VECTOR('',#11767,1.);
#7182=VECTOR('',#11768,1.);
#7183=VECTOR('',#11771,1.);
#7184=VECTOR('',#11772,1.);
#7185=VECTOR('',#11773,1.);
#7186=VECTOR('',#11776,1.);
#7187=VECTOR('',#11777,1.);
#7188=VECTOR('',#11778,1.);
#7189=VECTOR('',#11781,1.);
#7190=VECTOR('',#11782,1.);
#7191=VECTOR('',#11795,1.);
#7192=VECTOR('',#11796,1.);
#7193=VECTOR('',#11797,1.);
#7194=VECTOR('',#11798,1.);
#7195=VECTOR('',#11801,1.);
#7196=VECTOR('',#11802,1.);
#7197=VECTOR('',#11803,1.);
#7198=VECTOR('',#11804,1.);
#7199=VECTOR('',#11807,1.);
#7200=VECTOR('',#11808,1.);
#7201=VECTOR('',#11809,1.);
#7202=VECTOR('',#11810,1.);
#7203=VECTOR('',#11811,1.);
#7204=VECTOR('',#11814,1.);
#7205=VECTOR('',#11815,1.);
#7206=VECTOR('',#11816,1.);
#7207=VECTOR('',#11817,1.);
#7208=VECTOR('',#11818,1.);
#7209=VECTOR('',#11819,1.);
#7210=VECTOR('',#11820,1.);
#7211=VECTOR('',#11821,1.);
#7212=VECTOR('',#11824,1.);
#7213=VECTOR('',#11825,1.);
#7214=VECTOR('',#11826,1.);
#7215=VECTOR('',#11827,1.);
#7216=VECTOR('',#11830,1.);
#7217=VECTOR('',#11831,1.);
#7218=VECTOR('',#11836,1.);
#7219=VECTOR('',#11837,1.);
#7220=VECTOR('',#11838,1.);
#7221=VECTOR('',#11839,1.);
#7222=VECTOR('',#11842,1.);
#7223=VECTOR('',#11843,1.);
#7224=VECTOR('',#11844,1.);
#7225=VECTOR('',#11845,1.);
#7226=VECTOR('',#11852,1.);
#7227=VECTOR('',#11879,1.);
#7228=VECTOR('',#11890,1.);
#7229=VECTOR('',#11901,1.);
#7230=VECTOR('',#11904,1.);
#7231=VECTOR('',#11909,1.);
#7232=VECTOR('',#11912,1.);
#7233=VECTOR('',#11913,1.);
#7234=VECTOR('',#11916,1.);
#7235=VECTOR('',#11919,1.);
#7236=VECTOR('',#11922,1.);
#7237=VECTOR('',#11925,1.);
#7238=VECTOR('',#11928,1.);
#7239=VECTOR('',#11931,1.);
#7240=VECTOR('',#11934,1.);
#7241=VECTOR('',#11937,1.);
#7242=VECTOR('',#11940,1.);
#7243=VECTOR('',#11945,1.);
#7244=VECTOR('',#11948,1.);
#7245=VECTOR('',#11951,1.);
#7246=VECTOR('',#11954,1.);
#7247=VECTOR('',#11957,1.);
#7248=VECTOR('',#11960,1.);
#7249=VECTOR('',#11965,1.);
#7250=VECTOR('',#11968,1.);
#7251=VECTOR('',#11971,1.);
#7252=VECTOR('',#11974,1.);
#7253=VECTOR('',#11977,1.);
#7254=VECTOR('',#11980,1.);
#7255=VECTOR('',#12031,1.);
#7256=VECTOR('',#12034,1.);
#7257=VECTOR('',#12037,1.);
#7258=VECTOR('',#12040,1.);
#7259=VECTOR('',#12043,1.);
#7260=VECTOR('',#12046,1.);
#7261=VECTOR('',#12049,1.);
#7262=VECTOR('',#12052,1.);
#7263=VECTOR('',#12055,1.);
#7264=VECTOR('',#12058,1.);
#7265=VECTOR('',#12063,1.);
#7266=VECTOR('',#12064,1.);
#7267=VECTOR('',#12069,1.);
#7268=VECTOR('',#12070,1.);
#7269=VECTOR('',#12073,1.);
#7270=VECTOR('',#12074,1.);
#7271=VECTOR('',#12077,1.);
#7272=VECTOR('',#12078,1.);
#7273=VECTOR('',#12081,1.);
#7274=VECTOR('',#12082,1.);
#7275=VECTOR('',#12087,1.);
#7276=VECTOR('',#12088,1.);
#7277=VECTOR('',#12089,1.);
#7278=VECTOR('',#12090,1.);
#7279=VECTOR('',#12095,1.);
#7280=VECTOR('',#12100,1.);
#7281=VECTOR('',#12101,1.);
#7282=VECTOR('',#12102,1.);
#7283=VECTOR('',#12115,1.);
#7284=VECTOR('',#12116,1.);
#7285=VECTOR('',#12117,1.);
#7286=VECTOR('',#12120,1.);
#7287=VECTOR('',#12121,1.);
#7288=VECTOR('',#12122,1.);
#7289=VECTOR('',#12127,1.);
#7290=VECTOR('',#12128,1.);
#7291=VECTOR('',#12141,1.);
#7292=VECTOR('',#12148,1.);
#7293=VECTOR('',#12153,1.);
#7294=VECTOR('',#12154,1.);
#7295=VECTOR('',#12155,1.);
#7296=VECTOR('',#12158,1.);
#7297=VECTOR('',#12159,1.);
#7298=VECTOR('',#12164,1.);
#7299=VECTOR('',#12165,1.);
#7300=VECTOR('',#12178,1.);
#7301=VECTOR('',#12183,1.);
#7302=VECTOR('',#12184,1.);
#7303=VECTOR('',#12187,1.);
#7304=VECTOR('',#12188,1.);
#7305=VECTOR('',#12189,1.);
#7306=VECTOR('',#12192,1.);
#7307=VECTOR('',#12195,1.);
#7308=VECTOR('',#12208,1.);
#7309=VECTOR('',#12213,1.);
#7310=VECTOR('',#12214,1.);
#7311=VECTOR('',#12215,1.);
#7312=VECTOR('',#12218,1.);
#7313=VECTOR('',#12219,1.);
#7314=VECTOR('',#12220,1.);
#7315=VECTOR('',#12225,1.);
#7316=VECTOR('',#12226,1.);
#7317=VECTOR('',#12249,1.);
#7318=VECTOR('',#12252,1.);
#7319=VECTOR('',#12253,1.);
#7320=VECTOR('',#12256,1.);
#7321=VECTOR('',#12257,1.);
#7322=VECTOR('',#12260,1.);
#7323=VECTOR('',#12263,1.);
#7324=VECTOR('',#12304,1.);
#7325=VECTOR('',#12305,1.);
#7326=VECTOR('',#12306,1.);
#7327=VECTOR('',#12307,1.);
#7328=VECTOR('',#12310,1.);
#7329=VECTOR('',#12311,1.);
#7330=VECTOR('',#12312,1.);
#7331=VECTOR('',#12313,1.);
#7332=VECTOR('',#12316,1.);
#7333=VECTOR('',#12317,1.);
#7334=VECTOR('',#12318,1.);
#7335=VECTOR('',#12321,1.);
#7336=VECTOR('',#12322,1.);
#7337=VECTOR('',#12323,1.);
#7338=VECTOR('',#12326,1.);
#7339=VECTOR('',#12327,1.);
#7340=VECTOR('',#12328,1.);
#7341=VECTOR('',#12329,1.);
#7342=VECTOR('',#12332,1.);
#7343=VECTOR('',#12333,1.);
#7344=VECTOR('',#12334,1.);
#7345=VECTOR('',#12337,1.);
#7346=VECTOR('',#12338,1.);
#7347=VECTOR('',#12339,1.);
#7348=VECTOR('',#12342,1.);
#7349=VECTOR('',#12343,1.);
#7350=VECTOR('',#12344,1.);
#7351=VECTOR('',#12345,1.);
#7352=VECTOR('',#12348,1.);
#7353=VECTOR('',#12349,1.);
#7354=VECTOR('',#12350,1.);
#7355=VECTOR('',#12353,1.);
#7356=VECTOR('',#12354,1.);
#7357=VECTOR('',#12355,1.);
#7358=VECTOR('',#12358,1.);
#7359=VECTOR('',#12359,1.);
#7360=VECTOR('',#12360,1.);
#7361=VECTOR('',#12361,1.);
#7362=VECTOR('',#12370,1.);
#7363=VECTOR('',#12371,1.);
#7364=VECTOR('',#12376,1.);
#7365=VECTOR('',#12377,1.);
#7366=VECTOR('',#12378,1.);
#7367=VECTOR('',#12379,1.);
#7368=VECTOR('',#12386,1.);
#7369=VECTOR('',#12387,1.);
#7370=VECTOR('',#12388,1.);
#7371=VECTOR('',#12389,1.);
#7372=VECTOR('',#12420,1.);
#7373=VECTOR('',#12421,1.);
#7374=VECTOR('',#12422,1.);
#7375=VECTOR('',#12423,1.);
#7376=VECTOR('',#12424,1.);
#7377=VECTOR('',#12425,1.);
#7378=VECTOR('',#12426,1.);
#7379=VECTOR('',#12427,1.);
#7380=VECTOR('',#12432,1.);
#7381=VECTOR('',#12433,1.);
#7382=VECTOR('',#12436,1.);
#7383=VECTOR('',#12439,1.);
#7384=VECTOR('',#12442,1.);
#7385=VECTOR('',#12443,1.);
#7386=VECTOR('',#12444,1.);
#7387=VECTOR('',#12445,1.);
#7388=VECTOR('',#12446,1.);
#7389=VECTOR('',#12447,1.);
#7390=VECTOR('',#12452,1.);
#7391=VECTOR('',#12455,1.);
#7392=VECTOR('',#12458,1.);
#7393=VECTOR('',#12461,1.);
#7394=VECTOR('',#12462,1.);
#7395=VECTOR('',#12463,1.);
#7396=VECTOR('',#12464,1.);
#7397=VECTOR('',#12465,1.);
#7398=VECTOR('',#12466,1.);
#7399=VECTOR('',#12467,1.);
#7400=VECTOR('',#12470,1.);
#7401=VECTOR('',#12471,1.);
#7402=VECTOR('',#12472,1.);
#7403=VECTOR('',#12473,1.);
#7404=VECTOR('',#12476,1.);
#7405=VECTOR('',#12477,1.);
#7406=VECTOR('',#12478,1.);
#7407=VECTOR('',#12479,1.);
#7408=VECTOR('',#12480,1.);
#7409=VECTOR('',#12483,1.);
#7410=VECTOR('',#12484,1.);
#7411=VECTOR('',#12485,1.);
#7412=VECTOR('',#12486,1.);
#7413=VECTOR('',#12495,1.);
#7414=VECTOR('',#12498,1.);
#7415=VECTOR('',#12507,1.);
#7416=VECTOR('',#12508,1.);
#7417=VECTOR('',#12513,1.);
#7418=VECTOR('',#12514,1.);
#7419=VECTOR('',#12519,1.);
#7420=VECTOR('',#12522,1.);
#7421=VECTOR('',#12523,1.);
#7422=VECTOR('',#12524,1.);
#7423=VECTOR('',#12527,1.);
#7424=VECTOR('',#12528,1.);
#7425=VECTOR('',#12529,1.);
#7426=VECTOR('',#12534,1.);
#7427=VECTOR('',#12535,1.);
#7428=VECTOR('',#12536,1.);
#7429=VECTOR('',#12539,1.);
#7430=VECTOR('',#12542,1.);
#7431=VECTOR('',#12543,1.);
#7432=VECTOR('',#12558,1.);
#7433=VECTOR('',#12559,1.);
#7434=VECTOR('',#12560,1.);
#7435=VECTOR('',#12561,1.);
#7436=VECTOR('',#12564,1.);
#7437=VECTOR('',#12565,1.);
#7438=VECTOR('',#12566,1.);
#7439=VECTOR('',#12569,1.);
#7440=VECTOR('',#12570,1.);
#7441=VECTOR('',#12571,1.);
#7442=VECTOR('',#12572,1.);
#7443=VECTOR('',#12575,1.);
#7444=VECTOR('',#12576,1.);
#7445=VECTOR('',#12577,1.);
#7446=VECTOR('',#12580,1.);
#7447=VECTOR('',#12581,1.);
#7448=VECTOR('',#12582,1.);
#7449=VECTOR('',#12585,1.);
#7450=VECTOR('',#12586,1.);
#7451=VECTOR('',#12587,1.);
#7452=VECTOR('',#12588,1.);
#7453=VECTOR('',#12589,1.);
#7454=VECTOR('',#12590,1.);
#7455=VECTOR('',#12591,1.);
#7456=VECTOR('',#12592,1.);
#7457=VECTOR('',#12595,1.);
#7458=VECTOR('',#12596,1.);
#7459=VECTOR('',#12597,1.);
#7460=VECTOR('',#12600,1.);
#7461=VECTOR('',#12601,1.);
#7462=VECTOR('',#12602,1.);
#7463=VECTOR('',#12605,1.);
#7464=VECTOR('',#12606,1.);
#7465=VECTOR('',#12607,1.);
#7466=VECTOR('',#12608,1.);
#7467=VECTOR('',#12609,1.);
#7468=VECTOR('',#12610,1.);
#7469=VECTOR('',#12611,1.);
#7470=VECTOR('',#12620,1.);
#7471=VECTOR('',#12621,1.);
#7472=VECTOR('',#12626,1.);
#7473=VECTOR('',#12627,1.);
#7474=VECTOR('',#12628,1.);
#7475=VECTOR('',#12629,1.);
#7476=VECTOR('',#12632,1.);
#7477=VECTOR('',#12633,1.);
#7478=VECTOR('',#12634,1.);
#7479=VECTOR('',#12635,1.);
#7480=VECTOR('',#12646,1.);
#7481=VECTOR('',#12647,1.);
#7482=VECTOR('',#12654,1.);
#7483=VECTOR('',#12655,1.);
#7484=VECTOR('',#12662,1.);
#7485=VECTOR('',#12663,1.);
#7486=VECTOR('',#12666,1.);
#7487=VECTOR('',#12669,1.);
#7488=VECTOR('',#12674,1.);
#7489=VECTOR('',#12675,1.);
#7490=VECTOR('',#12676,1.);
#7491=VECTOR('',#12677,1.);
#7492=VECTOR('',#12680,1.);
#7493=VECTOR('',#12681,1.);
#7494=VECTOR('',#12682,1.);
#7495=VECTOR('',#12683,1.);
#7496=VECTOR('',#12686,1.);
#7497=VECTOR('',#12687,1.);
#7498=VECTOR('',#12688,1.);
#7499=VECTOR('',#12689,1.);
#7500=VECTOR('',#12690,1.);
#7501=VECTOR('',#12691,1.);
#7502=VECTOR('',#12694,1.);
#7503=VECTOR('',#12695,1.);
#7504=VECTOR('',#12696,1.);
#7505=VECTOR('',#12697,1.);
#7506=VECTOR('',#12698,1.);
#7507=VECTOR('',#12701,1.);
#7508=VECTOR('',#12702,1.);
#7509=VECTOR('',#12703,1.);
#7510=VECTOR('',#12704,1.);
#7511=VECTOR('',#12705,1.);
#7512=VECTOR('',#12706,1.);
#7513=VECTOR('',#12707,1.);
#7514=VECTOR('',#12714,1.);
#7515=VECTOR('',#12715,1.);
#7516=VECTOR('',#12720,1.);
#7517=VECTOR('',#12721,1.);
#7518=VECTOR('',#12722,1.);
#7519=VECTOR('',#12723,1.);
#7520=VECTOR('',#12724,1.);
#7521=VECTOR('',#12733,1.);
#7522=VECTOR('',#12738,1.);
#7523=VECTOR('',#12741,1.);
#7524=VECTOR('',#12742,1.);
#7525=VECTOR('',#12743,1.);
#7526=VECTOR('',#12744,1.);
#7527=VECTOR('',#12745,1.);
#7528=VECTOR('',#12748,1.);
#7529=VECTOR('',#12749,1.);
#7530=VECTOR('',#12752,1.);
#7531=VECTOR('',#12753,1.);
#7532=VECTOR('',#12754,1.);
#7533=VECTOR('',#12757,1.);
#7534=VECTOR('',#12758,1.);
#7535=VECTOR('',#12763,1.);
#7536=VECTOR('',#12764,1.);
#7537=VECTOR('',#12767,1.);
#7538=VECTOR('',#12770,1.);
#7539=VECTOR('',#12771,1.);
#7540=VECTOR('',#12772,1.);
#7541=VECTOR('',#12773,1.);
#7542=VECTOR('',#12842,1.);
#7543=VECTOR('',#12843,1.);
#7544=VECTOR('',#12844,1.);
#7545=VECTOR('',#12845,1.);
#7546=VECTOR('',#12848,1.);
#7547=VECTOR('',#12849,1.);
#7548=VECTOR('',#12850,1.);
#7549=VECTOR('',#12853,1.);
#7550=VECTOR('',#12854,1.);
#7551=VECTOR('',#12855,1.);
#7552=VECTOR('',#12858,1.);
#7553=VECTOR('',#12859,1.);
#7554=VECTOR('',#12876,1.);
#7555=VECTOR('',#12877,1.);
#7556=VECTOR('',#12878,1.);
#7557=VECTOR('',#12879,1.);
#7558=VECTOR('',#12882,1.);
#7559=VECTOR('',#12883,1.);
#7560=VECTOR('',#12884,1.);
#7561=VECTOR('',#12887,1.);
#7562=VECTOR('',#12888,1.);
#7563=VECTOR('',#12889,1.);
#7564=VECTOR('',#12892,1.);
#7565=VECTOR('',#12893,1.);
#7566=VECTOR('',#12916,1.);
#7567=VECTOR('',#12919,1.);
#7568=VECTOR('',#12922,1.);
#7569=VECTOR('',#12925,1.);
#7570=VECTOR('',#12928,1.);
#7571=VECTOR('',#12931,1.);
#7572=VECTOR('',#12934,1.);
#7573=VECTOR('',#12937,1.);
#7574=VECTOR('',#12940,1.);
#7575=VECTOR('',#12943,1.);
#7576=VECTOR('',#12946,1.);
#7577=VECTOR('',#12949,1.);
#7578=VECTOR('',#12954,1.);
#7579=VECTOR('',#12957,1.);
#7580=VECTOR('',#12962,1.);
#7581=VECTOR('',#12965,1.);
#7582=VECTOR('',#12970,1.);
#7583=VECTOR('',#12973,1.);
#7584=VECTOR('',#12980,1.);
#7585=VECTOR('',#12983,1.);
#7586=VECTOR('',#12988,1.);
#7587=VECTOR('',#12989,1.);
#7588=VECTOR('',#12990,1.);
#7589=VECTOR('',#12991,1.);
#7590=VECTOR('',#12996,1.);
#7591=VECTOR('',#13001,1.);
#7592=VECTOR('',#13002,1.);
#7593=VECTOR('',#13003,1.);
#7594=VECTOR('',#13016,1.);
#7595=VECTOR('',#13017,1.);
#7596=VECTOR('',#13018,1.);
#7597=VECTOR('',#13021,1.);
#7598=VECTOR('',#13022,1.);
#7599=VECTOR('',#13023,1.);
#7600=VECTOR('',#13028,1.);
#7601=VECTOR('',#13029,1.);
#7602=VECTOR('',#13042,1.);
#7603=VECTOR('',#13049,1.);
#7604=VECTOR('',#13054,1.);
#7605=VECTOR('',#13055,1.);
#7606=VECTOR('',#13056,1.);
#7607=VECTOR('',#13059,1.);
#7608=VECTOR('',#13060,1.);
#7609=VECTOR('',#13065,1.);
#7610=VECTOR('',#13066,1.);
#7611=VECTOR('',#13079,1.);
#7612=VECTOR('',#13084,1.);
#7613=VECTOR('',#13085,1.);
#7614=VECTOR('',#13088,1.);
#7615=VECTOR('',#13089,1.);
#7616=VECTOR('',#13090,1.);
#7617=VECTOR('',#13093,1.);
#7618=VECTOR('',#13096,1.);
#7619=VECTOR('',#13109,1.);
#7620=VECTOR('',#13114,1.);
#7621=VECTOR('',#13115,1.);
#7622=VECTOR('',#13116,1.);
#7623=VECTOR('',#13119,1.);
#7624=VECTOR('',#13120,1.);
#7625=VECTOR('',#13121,1.);
#7626=VECTOR('',#13126,1.);
#7627=VECTOR('',#13127,1.);
#7628=VECTOR('',#13150,1.);
#7629=VECTOR('',#13153,1.);
#7630=VECTOR('',#13154,1.);
#7631=VECTOR('',#13157,1.);
#7632=VECTOR('',#13158,1.);
#7633=VECTOR('',#13161,1.);
#7634=VECTOR('',#13164,1.);
#7635=VECTOR('',#13227,1.);
#7636=VECTOR('',#13230,1.);
#7637=VECTOR('',#13235,1.);
#7638=VECTOR('',#13238,1.);
#7639=VECTOR('',#13243,1.);
#7640=VECTOR('',#13246,1.);
#7641=VECTOR('',#13251,1.);
#7642=VECTOR('',#13254,1.);
#7643=VECTOR('',#13263,1.);
#7644=VECTOR('',#13266,1.);
#7645=VECTOR('',#13269,1.);
#7646=VECTOR('',#13272,1.);
#7647=VECTOR('',#13275,1.);
#7648=VECTOR('',#13278,1.);
#7649=VECTOR('',#13281,1.);
#7650=VECTOR('',#13284,1.);
#7651=VECTOR('',#13287,1.);
#7652=VECTOR('',#13290,1.);
#7653=VECTOR('',#13295,1.);
#7654=VECTOR('',#13298,1.);
#7655=VECTOR('',#13303,1.);
#7656=VECTOR('',#13304,1.);
#7657=VECTOR('',#13305,1.);
#7658=VECTOR('',#13306,1.);
#7659=VECTOR('',#13311,1.);
#7660=VECTOR('',#13316,1.);
#7661=VECTOR('',#13317,1.);
#7662=VECTOR('',#13318,1.);
#7663=VECTOR('',#13331,1.);
#7664=VECTOR('',#13332,1.);
#7665=VECTOR('',#13333,1.);
#7666=VECTOR('',#13336,1.);
#7667=VECTOR('',#13337,1.);
#7668=VECTOR('',#13338,1.);
#7669=VECTOR('',#13343,1.);
#7670=VECTOR('',#13344,1.);
#7671=VECTOR('',#13357,1.);
#7672=VECTOR('',#13364,1.);
#7673=VECTOR('',#13369,1.);
#7674=VECTOR('',#13370,1.);
#7675=VECTOR('',#13371,1.);
#7676=VECTOR('',#13374,1.);
#7677=VECTOR('',#13375,1.);
#7678=VECTOR('',#13380,1.);
#7679=VECTOR('',#13381,1.);
#7680=VECTOR('',#13394,1.);
#7681=VECTOR('',#13399,1.);
#7682=VECTOR('',#13400,1.);
#7683=VECTOR('',#13403,1.);
#7684=VECTOR('',#13404,1.);
#7685=VECTOR('',#13405,1.);
#7686=VECTOR('',#13408,1.);
#7687=VECTOR('',#13411,1.);
#7688=VECTOR('',#13424,1.);
#7689=VECTOR('',#13429,1.);
#7690=VECTOR('',#13430,1.);
#7691=VECTOR('',#13431,1.);
#7692=VECTOR('',#13434,1.);
#7693=VECTOR('',#13435,1.);
#7694=VECTOR('',#13436,1.);
#7695=VECTOR('',#13441,1.);
#7696=VECTOR('',#13442,1.);
#7697=VECTOR('',#13465,1.);
#7698=VECTOR('',#13468,1.);
#7699=VECTOR('',#13469,1.);
#7700=VECTOR('',#13472,1.);
#7701=VECTOR('',#13473,1.);
#7702=VECTOR('',#13476,1.);
#7703=VECTOR('',#13479,1.);
#7704=VECTOR('',#13530,1.);
#7705=VECTOR('',#13533,1.);
#7706=VECTOR('',#13536,1.);
#7707=VECTOR('',#13539,1.);
#7708=VECTOR('',#13542,1.);
#7709=VECTOR('',#13545,1.);
#7710=VECTOR('',#13548,1.);
#7711=VECTOR('',#13551,1.);
#7712=VECTOR('',#13554,1.);
#7713=VECTOR('',#13557,1.);
#7714=VECTOR('',#13562,1.);
#7715=VECTOR('',#13563,1.);
#7716=VECTOR('',#13568,1.);
#7717=VECTOR('',#13569,1.);
#7718=VECTOR('',#13572,1.);
#7719=VECTOR('',#13573,1.);
#7720=VECTOR('',#13576,1.);
#7721=VECTOR('',#13577,1.);
#7722=VECTOR('',#13580,1.);
#7723=VECTOR('',#13581,1.);
#7724=VECTOR('',#13586,1.);
#7725=VECTOR('',#13587,1.);
#7726=VECTOR('',#13588,1.);
#7727=VECTOR('',#13589,1.);
#7728=VECTOR('',#13594,1.);
#7729=VECTOR('',#13599,1.);
#7730=VECTOR('',#13600,1.);
#7731=VECTOR('',#13601,1.);
#7732=VECTOR('',#13614,1.);
#7733=VECTOR('',#13615,1.);
#7734=VECTOR('',#13616,1.);
#7735=VECTOR('',#13619,1.);
#7736=VECTOR('',#13620,1.);
#7737=VECTOR('',#13621,1.);
#7738=VECTOR('',#13626,1.);
#7739=VECTOR('',#13627,1.);
#7740=VECTOR('',#13640,1.);
#7741=VECTOR('',#13647,1.);
#7742=VECTOR('',#13652,1.);
#7743=VECTOR('',#13653,1.);
#7744=VECTOR('',#13654,1.);
#7745=VECTOR('',#13657,1.);
#7746=VECTOR('',#13658,1.);
#7747=VECTOR('',#13663,1.);
#7748=VECTOR('',#13664,1.);
#7749=VECTOR('',#13677,1.);
#7750=VECTOR('',#13682,1.);
#7751=VECTOR('',#13683,1.);
#7752=VECTOR('',#13686,1.);
#7753=VECTOR('',#13687,1.);
#7754=VECTOR('',#13688,1.);
#7755=VECTOR('',#13691,1.);
#7756=VECTOR('',#13694,1.);
#7757=VECTOR('',#13707,1.);
#7758=VECTOR('',#13712,1.);
#7759=VECTOR('',#13713,1.);
#7760=VECTOR('',#13714,1.);
#7761=VECTOR('',#13717,1.);
#7762=VECTOR('',#13718,1.);
#7763=VECTOR('',#13719,1.);
#7764=VECTOR('',#13724,1.);
#7765=VECTOR('',#13725,1.);
#7766=VECTOR('',#13748,1.);
#7767=VECTOR('',#13751,1.);
#7768=VECTOR('',#13752,1.);
#7769=VECTOR('',#13755,1.);
#7770=VECTOR('',#13756,1.);
#7771=VECTOR('',#13759,1.);
#7772=VECTOR('',#13762,1.);
#7773=VECTOR('',#13787,1.);
#7774=VECTOR('',#13788,1.);
#7775=VECTOR('',#13789,1.);
#7776=VECTOR('',#13790,1.);
#7777=VECTOR('',#13791,1.);
#7778=VECTOR('',#13792,1.);
#7779=VECTOR('',#13795,1.);
#7780=VECTOR('',#13796,1.);
#7781=VECTOR('',#13797,1.);
#7782=VECTOR('',#13798,1.);
#7783=VECTOR('',#13799,1.);
#7784=VECTOR('',#13800,1.);
#7785=VECTOR('',#13811,1.);
#7786=VECTOR('',#13812,1.);
#7787=VECTOR('',#13813,1.);
#7788=VECTOR('',#13814,1.);
#7789=VECTOR('',#13815,1.);
#7790=VECTOR('',#13816,1.);
#7791=VECTOR('',#13817,1.);
#7792=VECTOR('',#13818,1.);
#7793=VECTOR('',#13819,1.);
#7794=VECTOR('',#13820,1.);
#7795=VECTOR('',#13821,1.);
#7796=VECTOR('',#13822,1.);
#7797=VECTOR('',#13823,1.);
#7798=VECTOR('',#13824,1.);
#7799=VECTOR('',#13825,1.);
#7800=VECTOR('',#13826,1.);
#7801=VECTOR('',#13827,1.);
#7802=VECTOR('',#13828,1.);
#7803=VECTOR('',#13829,1.);
#7804=VECTOR('',#13830,1.);
#7805=VECTOR('',#13831,1.);
#7806=VECTOR('',#13832,1.);
#7807=VECTOR('',#13833,1.);
#7808=VECTOR('',#13834,1.);
#7809=VECTOR('',#13837,1.);
#7810=VECTOR('',#13838,1.);
#7811=VECTOR('',#13839,1.);
#7812=VECTOR('',#13840,1.);
#7813=VECTOR('',#13843,1.);
#7814=VECTOR('',#13844,1.);
#7815=VECTOR('',#13845,1.);
#7816=VECTOR('',#13846,1.);
#7817=VECTOR('',#13849,1.);
#7818=VECTOR('',#13850,1.);
#7819=VECTOR('',#13851,1.);
#7820=VECTOR('',#13852,1.);
#7821=VECTOR('',#13853,1.);
#7822=VECTOR('',#13856,1.);
#7823=VECTOR('',#13857,1.);
#7824=VECTOR('',#13858,1.);
#7825=VECTOR('',#13859,1.);
#7826=VECTOR('',#13860,1.);
#7827=VECTOR('',#13863,1.);
#7828=VECTOR('',#13864,1.);
#7829=VECTOR('',#13865,1.);
#7830=VECTOR('',#13866,1.);
#7831=VECTOR('',#13867,1.);
#7832=VECTOR('',#13870,1.);
#7833=VECTOR('',#13871,1.);
#7834=VECTOR('',#13872,1.);
#7835=VECTOR('',#13873,1.);
#7836=VECTOR('',#13874,1.);
#7837=VECTOR('',#13885,1.);
#7838=VECTOR('',#13886,1.);
#7839=VECTOR('',#13889,1.);
#7840=VECTOR('',#13892,1.);
#7841=VECTOR('',#13895,1.);
#7842=VECTOR('',#13898,1.);
#7843=VECTOR('',#13901,1.);
#7844=VECTOR('',#13904,1.);
#7845=VECTOR('',#13915,1.);
#7846=VECTOR('',#13916,1.);
#7847=VECTOR('',#13917,1.);
#7848=VECTOR('',#13918,1.);
#7849=VECTOR('',#13919,1.);
#7850=VECTOR('',#13920,1.);
#7851=VECTOR('',#13921,1.);
#7852=VECTOR('',#13922,1.);
#7853=VECTOR('',#13925,1.);
#7854=VECTOR('',#13928,1.);
#7855=VECTOR('',#13933,1.);
#7856=VECTOR('',#13934,1.);
#7857=VECTOR('',#13935,1.);
#7858=VECTOR('',#13936,1.);
#7859=VECTOR('',#13939,1.);
#7860=VECTOR('',#13940,1.);
#7861=VECTOR('',#13941,1.);
#7862=VECTOR('',#13944,1.);
#7863=VECTOR('',#13945,1.);
#7864=VECTOR('',#13946,1.);
#7865=VECTOR('',#13949,1.);
#7866=VECTOR('',#13950,1.);
#7867=VECTOR('',#13951,1.);
#7868=VECTOR('',#13954,1.);
#7869=VECTOR('',#13955,1.);
#7870=VECTOR('',#13956,1.);
#7871=VECTOR('',#13959,1.);
#7872=VECTOR('',#13960,1.);
#7873=VECTOR('',#13961,1.);
#7874=VECTOR('',#13964,1.);
#7875=VECTOR('',#13965,1.);
#7876=VECTOR('',#13968,1.);
#7877=VECTOR('',#13969,1.);
#7878=VECTOR('',#13970,1.);
#7879=VECTOR('',#13973,1.);
#7880=VECTOR('',#13974,1.);
#7881=VECTOR('',#13975,1.);
#7882=VECTOR('',#13976,1.);
#7883=VECTOR('',#13979,1.);
#7884=VECTOR('',#13980,1.);
#7885=VECTOR('',#13983,1.);
#7886=VECTOR('',#13984,1.);
#7887=VECTOR('',#13985,1.);
#7888=VECTOR('',#13986,1.);
#7889=VECTOR('',#13987,1.);
#7890=VECTOR('',#13990,1.);
#7891=VECTOR('',#13991,1.);
#7892=VECTOR('',#13992,1.);
#7893=VECTOR('',#13995,1.);
#7894=VECTOR('',#13996,1.);
#7895=VECTOR('',#13997,1.);
#7896=VECTOR('',#14000,1.);
#7897=VECTOR('',#14005,1.);
#7898=VECTOR('',#14006,1.);
#7899=VECTOR('',#14007,1.);
#7900=VECTOR('',#14008,1.);
#7901=VECTOR('',#14011,1.);
#7902=VECTOR('',#14012,1.);
#7903=VECTOR('',#14013,1.);
#7904=VECTOR('',#14016,1.);
#7905=VECTOR('',#14017,1.);
#7906=VECTOR('',#14018,1.);
#7907=VECTOR('',#14021,1.);
#7908=VECTOR('',#14022,1.);
#7909=VECTOR('',#14023,1.);
#7910=VECTOR('',#14026,1.);
#7911=VECTOR('',#14027,1.);
#7912=VECTOR('',#14028,1.);
#7913=VECTOR('',#14031,1.);
#7914=VECTOR('',#14032,1.);
#7915=VECTOR('',#14033,1.);
#7916=VECTOR('',#14036,1.);
#7917=VECTOR('',#14037,1.);
#7918=VECTOR('',#14040,1.);
#7919=VECTOR('',#14041,1.);
#7920=VECTOR('',#14042,1.);
#7921=VECTOR('',#14045,1.);
#7922=VECTOR('',#14046,1.);
#7923=VECTOR('',#14047,1.);
#7924=VECTOR('',#14048,1.);
#7925=VECTOR('',#14051,1.);
#7926=VECTOR('',#14052,1.);
#7927=VECTOR('',#14055,1.);
#7928=VECTOR('',#14056,1.);
#7929=VECTOR('',#14057,1.);
#7930=VECTOR('',#14058,1.);
#7931=VECTOR('',#14059,1.);
#7932=VECTOR('',#14062,1.);
#7933=VECTOR('',#14063,1.);
#7934=VECTOR('',#14064,1.);
#7935=VECTOR('',#14067,1.);
#7936=VECTOR('',#14068,1.);
#7937=VECTOR('',#14069,1.);
#7938=VECTOR('',#14072,1.);
#7939=VECTOR('',#14153,1.);
#7940=VECTOR('',#14156,1.);
#7941=VECTOR('',#14157,1.);
#7942=VECTOR('',#14162,1.);
#7943=VECTOR('',#14165,1.);
#7944=VECTOR('',#14166,1.);
#7945=VECTOR('',#14171,1.);
#7946=VECTOR('',#14174,1.);
#7947=VECTOR('',#14175,1.);
#7948=VECTOR('',#14180,1.);
#7949=VECTOR('',#14183,1.);
#7950=VECTOR('',#14184,1.);
#7951=VECTOR('',#14197,1.);
#7952=VECTOR('',#14198,1.);
#7953=VECTOR('',#14199,1.);
#7954=VECTOR('',#14202,1.);
#7955=VECTOR('',#14203,1.);
#7956=VECTOR('',#14204,1.);
#7957=VECTOR('',#14207,1.);
#7958=VECTOR('',#14208,1.);
#7959=VECTOR('',#14209,1.);
#7960=VECTOR('',#14210,1.);
#7961=VECTOR('',#14213,1.);
#7962=VECTOR('',#14214,1.);
#7963=VECTOR('',#14215,1.);
#7964=VECTOR('',#14218,1.);
#7965=VECTOR('',#14219,1.);
#7966=VECTOR('',#14220,1.);
#7967=VECTOR('',#14223,1.);
#7968=VECTOR('',#14224,1.);
#7969=VECTOR('',#14225,1.);
#7970=VECTOR('',#14226,1.);
#7971=VECTOR('',#14229,1.);
#7972=VECTOR('',#14232,1.);
#7973=VECTOR('',#14233,1.);
#7974=VECTOR('',#14236,1.);
#7975=VECTOR('',#14239,1.);
#7976=VECTOR('',#14240,1.);
#7977=VECTOR('',#14243,1.);
#7978=VECTOR('',#14246,1.);
#7979=VECTOR('',#14251,1.);
#7980=VECTOR('',#14254,1.);
#7981=VECTOR('',#14261,1.);
#7982=VECTOR('',#14262,1.);
#7983=VECTOR('',#14263,1.);
#7984=VECTOR('',#14264,1.);
#7985=VECTOR('',#14267,1.);
#7986=VECTOR('',#14268,1.);
#7987=VECTOR('',#14269,1.);
#7988=VECTOR('',#14272,1.);
#7989=VECTOR('',#14273,1.);
#7990=VECTOR('',#14274,1.);
#7991=VECTOR('',#14277,1.);
#7992=VECTOR('',#14278,1.);
#7993=VECTOR('',#14297,1.);
#7994=VECTOR('',#14298,1.);
#7995=VECTOR('',#14299,1.);
#7996=VECTOR('',#14300,1.);
#7997=VECTOR('',#14303,1.);
#7998=VECTOR('',#14304,1.);
#7999=VECTOR('',#14305,1.);
#8000=VECTOR('',#14308,1.);
#8001=VECTOR('',#14309,1.);
#8002=VECTOR('',#14310,1.);
#8003=VECTOR('',#14313,1.);
#8004=VECTOR('',#14314,1.);
#8005=EDGE_LOOP('',(#819,#820,#821,#822,#823,#824));
#8006=EDGE_LOOP('',(#825,#826,#827,#828,#829,#830));
#8007=EDGE_LOOP('',(#831,#832,#833,#834,#835,#836));
#8008=EDGE_LOOP('',(#837,#838,#839,#840,#841,#842));
#8009=EDGE_LOOP('',(#843,#844,#845,#846));
#8010=EDGE_LOOP('',(#847,#848,#849,#850));
#8011=EDGE_LOOP('',(#851,#852,#853,#854,#855,#856,#857,#858));
#8012=EDGE_LOOP('',(#859,#860,#861,#862));
#8013=EDGE_LOOP('',(#863,#864,#865,#866));
#8014=EDGE_LOOP('',(#867,#868,#869,#870));
#8015=EDGE_LOOP('',(#871,#872,#873,#874));
#8016=EDGE_LOOP('',(#875,#876,#877,#878,#879,#880,#881,#882,#883,#884));
#8017=EDGE_LOOP('',(#885,#886,#887,#888));
#8018=EDGE_LOOP('',(#889,#890,#891,#892));
#8019=EDGE_LOOP('',(#893,#894,#895,#896,#897,#898,#899));
#8020=EDGE_LOOP('',(#900,#901,#902,#903,#904,#905,#906));
#8021=EDGE_LOOP('',(#907,#908,#909,#910));
#8022=EDGE_LOOP('',(#911,#912,#913,#914));
#8023=EDGE_LOOP('',(#915,#916,#917,#918));
#8024=EDGE_LOOP('',(#919,#920,#921,#922));
#8025=EDGE_LOOP('',(#923,#924,#925,#926,#927,#928,#929,#930,#931,#932));
#8026=EDGE_LOOP('',(#933,#934,#935,#936,#937,#938,#939,#940,#941,#942));
#8027=EDGE_LOOP('',(#943,#944,#945,#946,#947,#948,#949,#950));
#8028=EDGE_LOOP('',(#951,#952,#953,#954,#955,#956,#957,#958));
#8029=EDGE_LOOP('',(#959));
#8030=EDGE_LOOP('',(#960));
#8031=EDGE_LOOP('',(#961,#962,#963,#964));
#8032=EDGE_LOOP('',(#965,#966,#967,#968));
#8033=EDGE_LOOP('',(#969,#970,#971,#972,#973,#974,#975,#976));
#8034=EDGE_LOOP('',(#977,#978,#979,#980));
#8035=EDGE_LOOP('',(#981,#982,#983,#984));
#8036=EDGE_LOOP('',(#985,#986,#987,#988));
#8037=EDGE_LOOP('',(#989,#990,#991,#992));
#8038=EDGE_LOOP('',(#993,#994,#995,#996,#997,#998,#999,#1000,#1001,#1002));
#8039=EDGE_LOOP('',(#1003,#1004,#1005,#1006));
#8040=EDGE_LOOP('',(#1007,#1008,#1009,#1010));
#8041=EDGE_LOOP('',(#1011,#1012,#1013,#1014,#1015,#1016,#1017));
#8042=EDGE_LOOP('',(#1018,#1019,#1020,#1021,#1022,#1023,#1024));
#8043=EDGE_LOOP('',(#1025,#1026,#1027,#1028));
#8044=EDGE_LOOP('',(#1029,#1030,#1031,#1032));
#8045=EDGE_LOOP('',(#1033,#1034,#1035,#1036));
#8046=EDGE_LOOP('',(#1037,#1038,#1039,#1040));
#8047=EDGE_LOOP('',(#1041,#1042,#1043,#1044));
#8048=EDGE_LOOP('',(#1045,#1046,#1047,#1048));
#8049=EDGE_LOOP('',(#1049,#1050,#1051,#1052));
#8050=EDGE_LOOP('',(#1053,#1054,#1055,#1056));
#8051=EDGE_LOOP('',(#1057,#1058,#1059,#1060));
#8052=EDGE_LOOP('',(#1061,#1062,#1063,#1064));
#8053=EDGE_LOOP('',(#1065,#1066,#1067,#1068));
#8054=EDGE_LOOP('',(#1069,#1070,#1071,#1072));
#8055=EDGE_LOOP('',(#1073));
#8056=EDGE_LOOP('',(#1074));
#8057=EDGE_LOOP('',(#1075));
#8058=EDGE_LOOP('',(#1076));
#8059=EDGE_LOOP('',(#1077,#1078,#1079,#1080));
#8060=EDGE_LOOP('',(#1081,#1082,#1083,#1084));
#8061=EDGE_LOOP('',(#1085,#1086,#1087,#1088));
#8062=EDGE_LOOP('',(#1089,#1090,#1091,#1092,#1093,#1094));
#8063=EDGE_LOOP('',(#1095,#1096,#1097,#1098,#1099,#1100,#1101,#1102,#1103,
#1104,#1105,#1106,#1107,#1108));
#8064=EDGE_LOOP('',(#1109,#1110,#1111,#1112,#1113,#1114));
#8065=EDGE_LOOP('',(#1115,#1116,#1117,#1118));
#8066=EDGE_LOOP('',(#1119,#1120,#1121,#1122));
#8067=EDGE_LOOP('',(#1123,#1124,#1125,#1126,#1127,#1128));
#8068=EDGE_LOOP('',(#1129,#1130,#1131,#1132,#1133,#1134));
#8069=EDGE_LOOP('',(#1135,#1136,#1137,#1138));
#8070=EDGE_LOOP('',(#1139));
#8071=EDGE_LOOP('',(#1140,#1141,#1142,#1143));
#8072=EDGE_LOOP('',(#1144));
#8073=EDGE_LOOP('',(#1145));
#8074=EDGE_LOOP('',(#1146));
#8075=EDGE_LOOP('',(#1147));
#8076=EDGE_LOOP('',(#1148));
#8077=EDGE_LOOP('',(#1149));
#8078=EDGE_LOOP('',(#1150));
#8079=EDGE_LOOP('',(#1151));
#8080=EDGE_LOOP('',(#1152));
#8081=EDGE_LOOP('',(#1153));
#8082=EDGE_LOOP('',(#1154));
#8083=EDGE_LOOP('',(#1155,#1156,#1157,#1158));
#8084=EDGE_LOOP('',(#1159));
#8085=EDGE_LOOP('',(#1160));
#8086=EDGE_LOOP('',(#1161,#1162,#1163,#1164));
#8087=EDGE_LOOP('',(#1165));
#8088=EDGE_LOOP('',(#1166));
#8089=EDGE_LOOP('',(#1167));
#8090=EDGE_LOOP('',(#1168));
#8091=EDGE_LOOP('',(#1169,#1170,#1171,#1172));
#8092=EDGE_LOOP('',(#1173));
#8093=EDGE_LOOP('',(#1174));
#8094=EDGE_LOOP('',(#1175));
#8095=EDGE_LOOP('',(#1176));
#8096=EDGE_LOOP('',(#1177,#1178,#1179,#1180));
#8097=EDGE_LOOP('',(#1181,#1182,#1183,#1184,#1185,#1186));
#8098=EDGE_LOOP('',(#1187,#1188,#1189,#1190));
#8099=EDGE_LOOP('',(#1191,#1192,#1193,#1194));
#8100=EDGE_LOOP('',(#1195,#1196,#1197));
#8101=EDGE_LOOP('',(#1198,#1199,#1200,#1201));
#8102=EDGE_LOOP('',(#1202,#1203,#1204,#1205));
#8103=EDGE_LOOP('',(#1206,#1207,#1208,#1209));
#8104=EDGE_LOOP('',(#1210,#1211,#1212,#1213));
#8105=EDGE_LOOP('',(#1214,#1215,#1216));
#8106=EDGE_LOOP('',(#1217,#1218,#1219));
#8107=EDGE_LOOP('',(#1220,#1221,#1222,#1223));
#8108=EDGE_LOOP('',(#1224,#1225,#1226,#1227));
#8109=EDGE_LOOP('',(#1228,#1229,#1230));
#8110=EDGE_LOOP('',(#1231,#1232,#1233,#1234));
#8111=EDGE_LOOP('',(#1235,#1236,#1237,#1238));
#8112=EDGE_LOOP('',(#1239,#1240,#1241,#1242));
#8113=EDGE_LOOP('',(#1243,#1244,#1245));
#8114=EDGE_LOOP('',(#1246,#1247,#1248,#1249));
#8115=EDGE_LOOP('',(#1250,#1251,#1252,#1253));
#8116=EDGE_LOOP('',(#1254,#1255,#1256));
#8117=EDGE_LOOP('',(#1257,#1258,#1259,#1260));
#8118=EDGE_LOOP('',(#1261,#1262,#1263,#1264));
#8119=EDGE_LOOP('',(#1265,#1266,#1267,#1268));
#8120=EDGE_LOOP('',(#1269,#1270,#1271));
#8121=EDGE_LOOP('',(#1272,#1273,#1274,#1275));
#8122=EDGE_LOOP('',(#1276,#1277,#1278,#1279));
#8123=EDGE_LOOP('',(#1280,#1281,#1282));
#8124=EDGE_LOOP('',(#1283,#1284,#1285,#1286));
#8125=EDGE_LOOP('',(#1287));
#8126=EDGE_LOOP('',(#1288));
#8127=EDGE_LOOP('',(#1289));
#8128=EDGE_LOOP('',(#1290));
#8129=EDGE_LOOP('',(#1291));
#8130=EDGE_LOOP('',(#1292));
#8131=EDGE_LOOP('',(#1293));
#8132=EDGE_LOOP('',(#1294));
#8133=EDGE_LOOP('',(#1295));
#8134=EDGE_LOOP('',(#1296));
#8135=EDGE_LOOP('',(#1297));
#8136=EDGE_LOOP('',(#1298));
#8137=EDGE_LOOP('',(#1299));
#8138=EDGE_LOOP('',(#1300));
#8139=EDGE_LOOP('',(#1301));
#8140=EDGE_LOOP('',(#1302));
#8141=EDGE_LOOP('',(#1303));
#8142=EDGE_LOOP('',(#1304));
#8143=EDGE_LOOP('',(#1305));
#8144=EDGE_LOOP('',(#1306));
#8145=EDGE_LOOP('',(#1307,#1308,#1309,#1310,#1311,#1312,#1313,#1314,#1315,
#1316,#1317,#1318,#1319,#1320,#1321,#1322,#1323,#1324,#1325,#1326,#1327,
#1328,#1329,#1330,#1331,#1332,#1333,#1334,#1335,#1336,#1337,#1338,#1339,
#1340,#1341,#1342,#1343,#1344,#1345,#1346));
#8146=EDGE_LOOP('',(#1347));
#8147=EDGE_LOOP('',(#1348,#1349,#1350,#1351,#1352,#1353,#1354,#1355,#1356,
#1357,#1358,#1359,#1360,#1361,#1362,#1363,#1364,#1365,#1366,#1367,#1368));
#8148=EDGE_LOOP('',(#1369,#1370,#1371,#1372));
#8149=EDGE_LOOP('',(#1373,#1374,#1375,#1376));
#8150=EDGE_LOOP('',(#1377,#1378,#1379,#1380));
#8151=EDGE_LOOP('',(#1381,#1382,#1383,#1384));
#8152=EDGE_LOOP('',(#1385,#1386,#1387,#1388));
#8153=EDGE_LOOP('',(#1389));
#8154=EDGE_LOOP('',(#1390,#1391,#1392,#1393));
#8155=EDGE_LOOP('',(#1394,#1395,#1396,#1397));
#8156=EDGE_LOOP('',(#1398,#1399,#1400,#1401));
#8157=EDGE_LOOP('',(#1402,#1403,#1404,#1405));
#8158=EDGE_LOOP('',(#1406,#1407,#1408,#1409));
#8159=EDGE_LOOP('',(#1410,#1411,#1412,#1413));
#8160=EDGE_LOOP('',(#1414,#1415,#1416,#1417));
#8161=EDGE_LOOP('',(#1418,#1419,#1420,#1421));
#8162=EDGE_LOOP('',(#1422,#1423,#1424,#1425,#1426,#1427,#1428,#1429));
#8163=EDGE_LOOP('',(#1430,#1431,#1432,#1433,#1434,#1435,#1436,#1437));
#8164=EDGE_LOOP('',(#1438,#1439,#1440,#1441));
#8165=EDGE_LOOP('',(#1442,#1443,#1444,#1445));
#8166=EDGE_LOOP('',(#1446,#1447,#1448,#1449));
#8167=EDGE_LOOP('',(#1450,#1451,#1452,#1453));
#8168=EDGE_LOOP('',(#1454,#1455,#1456,#1457));
#8169=EDGE_LOOP('',(#1458,#1459,#1460,#1461));
#8170=EDGE_LOOP('',(#1462,#1463,#1464,#1465));
#8171=EDGE_LOOP('',(#1466,#1467,#1468,#1469,#1470,#1471,#1472,#1473));
#8172=EDGE_LOOP('',(#1474,#1475,#1476,#1477));
#8173=EDGE_LOOP('',(#1478,#1479,#1480,#1481));
#8174=EDGE_LOOP('',(#1482,#1483,#1484,#1485));
#8175=EDGE_LOOP('',(#1486,#1487,#1488,#1489));
#8176=EDGE_LOOP('',(#1490,#1491,#1492,#1493));
#8177=EDGE_LOOP('',(#1494,#1495,#1496,#1497));
#8178=EDGE_LOOP('',(#1498,#1499,#1500,#1501));
#8179=EDGE_LOOP('',(#1502,#1503,#1504,#1505,#1506,#1507));
#8180=EDGE_LOOP('',(#1508,#1509,#1510,#1511));
#8181=EDGE_LOOP('',(#1512,#1513,#1514,#1515));
#8182=EDGE_LOOP('',(#1516,#1517,#1518,#1519,#1520));
#8183=EDGE_LOOP('',(#1521,#1522,#1523,#1524));
#8184=EDGE_LOOP('',(#1525,#1526,#1527,#1528));
#8185=EDGE_LOOP('',(#1529,#1530,#1531,#1532,#1533,#1534));
#8186=EDGE_LOOP('',(#1535,#1536,#1537,#1538));
#8187=EDGE_LOOP('',(#1539,#1540,#1541,#1542));
#8188=EDGE_LOOP('',(#1543,#1544,#1545,#1546,#1547,#1548,#1549,#1550));
#8189=EDGE_LOOP('',(#1551,#1552,#1553,#1554));
#8190=EDGE_LOOP('',(#1555,#1556,#1557,#1558));
#8191=EDGE_LOOP('',(#1559,#1560,#1561,#1562));
#8192=EDGE_LOOP('',(#1563,#1564,#1565,#1566));
#8193=EDGE_LOOP('',(#1567,#1568,#1569,#1570));
#8194=EDGE_LOOP('',(#1571,#1572,#1573,#1574));
#8195=EDGE_LOOP('',(#1575,#1576,#1577,#1578));
#8196=EDGE_LOOP('',(#1579));
#8197=EDGE_LOOP('',(#1580));
#8198=EDGE_LOOP('',(#1581,#1582,#1583,#1584,#1585,#1586,#1587,#1588,#1589,
#1590));
#8199=EDGE_LOOP('',(#1591));
#8200=EDGE_LOOP('',(#1592));
#8201=EDGE_LOOP('',(#1593,#1594,#1595,#1596,#1597,#1598,#1599,#1600,#1601,
#1602));
#8202=EDGE_LOOP('',(#1603));
#8203=EDGE_LOOP('',(#1604));
#8204=EDGE_LOOP('',(#1605));
#8205=EDGE_LOOP('',(#1606));
#8206=EDGE_LOOP('',(#1607));
#8207=EDGE_LOOP('',(#1608));
#8208=EDGE_LOOP('',(#1609));
#8209=EDGE_LOOP('',(#1610));
#8210=EDGE_LOOP('',(#1611,#1612,#1613,#1614));
#8211=EDGE_LOOP('',(#1615,#1616,#1617,#1618));
#8212=EDGE_LOOP('',(#1619,#1620,#1621,#1622));
#8213=EDGE_LOOP('',(#1623,#1624,#1625,#1626));
#8214=EDGE_LOOP('',(#1627,#1628,#1629,#1630));
#8215=EDGE_LOOP('',(#1631,#1632,#1633,#1634));
#8216=EDGE_LOOP('',(#1635,#1636,#1637,#1638));
#8217=EDGE_LOOP('',(#1639,#1640,#1641,#1642));
#8218=EDGE_LOOP('',(#1643,#1644,#1645,#1646));
#8219=EDGE_LOOP('',(#1647,#1648,#1649,#1650));
#8220=EDGE_LOOP('',(#1651,#1652,#1653,#1654));
#8221=EDGE_LOOP('',(#1655));
#8222=EDGE_LOOP('',(#1656));
#8223=EDGE_LOOP('',(#1657,#1658,#1659,#1660));
#8224=EDGE_LOOP('',(#1661));
#8225=EDGE_LOOP('',(#1662));
#8226=EDGE_LOOP('',(#1663,#1664,#1665,#1666,#1667,#1668,#1669,#1670,#1671,
#1672,#1673,#1674,#1675,#1676,#1677,#1678));
#8227=EDGE_LOOP('',(#1679));
#8228=EDGE_LOOP('',(#1680));
#8229=EDGE_LOOP('',(#1681,#1682,#1683,#1684,#1685,#1686,#1687,#1688,#1689,
#1690,#1691,#1692,#1693,#1694,#1695,#1696));
#8230=EDGE_LOOP('',(#1697));
#8231=EDGE_LOOP('',(#1698));
#8232=EDGE_LOOP('',(#1699));
#8233=EDGE_LOOP('',(#1700));
#8234=EDGE_LOOP('',(#1701,#1702,#1703,#1704));
#8235=EDGE_LOOP('',(#1705,#1706,#1707,#1708));
#8236=EDGE_LOOP('',(#1709,#1710,#1711,#1712));
#8237=EDGE_LOOP('',(#1713,#1714,#1715,#1716));
#8238=EDGE_LOOP('',(#1717));
#8239=EDGE_LOOP('',(#1718));
#8240=EDGE_LOOP('',(#1719));
#8241=EDGE_LOOP('',(#1720));
#8242=EDGE_LOOP('',(#1721));
#8243=EDGE_LOOP('',(#1722));
#8244=EDGE_LOOP('',(#1723,#1724,#1725,#1726,#1727,#1728,#1729,#1730));
#8245=EDGE_LOOP('',(#1731,#1732,#1733,#1734,#1735,#1736,#1737,#1738));
#8246=EDGE_LOOP('',(#1739,#1740,#1741,#1742,#1743,#1744));
#8247=EDGE_LOOP('',(#1745,#1746,#1747,#1748,#1749,#1750,#1751,#1752));
#8248=EDGE_LOOP('',(#1753,#1754,#1755,#1756,#1757,#1758,#1759,#1760));
#8249=EDGE_LOOP('',(#1761,#1762,#1763,#1764,#1765,#1766));
#8250=EDGE_LOOP('',(#1767,#1768,#1769,#1770,#1771,#1772,#1773,#1774));
#8251=EDGE_LOOP('',(#1775,#1776,#1777,#1778,#1779,#1780));
#8252=EDGE_LOOP('',(#1781,#1782,#1783,#1784));
#8253=EDGE_LOOP('',(#1785,#1786,#1787,#1788));
#8254=EDGE_LOOP('',(#1789,#1790,#1791,#1792));
#8255=EDGE_LOOP('',(#1793,#1794,#1795,#1796));
#8256=EDGE_LOOP('',(#1797,#1798,#1799,#1800));
#8257=EDGE_LOOP('',(#1801,#1802,#1803,#1804));
#8258=EDGE_LOOP('',(#1805,#1806,#1807,#1808));
#8259=EDGE_LOOP('',(#1809,#1810,#1811,#1812,#1813,#1814,#1815,#1816));
#8260=EDGE_LOOP('',(#1817,#1818,#1819,#1820,#1821,#1822));
#8261=EDGE_LOOP('',(#1823,#1824,#1825,#1826));
#8262=EDGE_LOOP('',(#1827,#1828,#1829,#1830,#1831,#1832,#1833,#1834));
#8263=EDGE_LOOP('',(#1835,#1836,#1837,#1838));
#8264=EDGE_LOOP('',(#1839,#1840,#1841,#1842,#1843,#1844,#1845,#1846));
#8265=EDGE_LOOP('',(#1847,#1848,#1849,#1850));
#8266=EDGE_LOOP('',(#1851,#1852,#1853,#1854));
#8267=EDGE_LOOP('',(#1855,#1856,#1857,#1858));
#8268=EDGE_LOOP('',(#1859,#1860,#1861,#1862));
#8269=EDGE_LOOP('',(#1863,#1864,#1865,#1866));
#8270=EDGE_LOOP('',(#1867,#1868,#1869,#1870));
#8271=EDGE_LOOP('',(#1871,#1872,#1873,#1874));
#8272=EDGE_LOOP('',(#1875,#1876,#1877,#1878));
#8273=EDGE_LOOP('',(#1879,#1880,#1881,#1882));
#8274=EDGE_LOOP('',(#1883,#1884,#1885,#1886));
#8275=EDGE_LOOP('',(#1887,#1888,#1889,#1890,#1891,#1892,#1893,#1894));
#8276=EDGE_LOOP('',(#1895,#1896,#1897,#1898));
#8277=EDGE_LOOP('',(#1899,#1900,#1901,#1902));
#8278=EDGE_LOOP('',(#1903,#1904,#1905,#1906,#1907,#1908,#1909,#1910));
#8279=EDGE_LOOP('',(#1911));
#8280=EDGE_LOOP('',(#1912));
#8281=EDGE_LOOP('',(#1913,#1914,#1915,#1916));
#8282=EDGE_LOOP('',(#1917));
#8283=EDGE_LOOP('',(#1918));
#8284=EDGE_LOOP('',(#1919,#1920,#1921,#1922,#1923,#1924,#1925,#1926,#1927,
#1928,#1929,#1930,#1931,#1932,#1933,#1934));
#8285=EDGE_LOOP('',(#1935,#1936,#1937,#1938));
#8286=EDGE_LOOP('',(#1939));
#8287=EDGE_LOOP('',(#1940));
#8288=EDGE_LOOP('',(#1941));
#8289=EDGE_LOOP('',(#1942));
#8290=EDGE_LOOP('',(#1943,#1944,#1945,#1946,#1947,#1948));
#8291=EDGE_LOOP('',(#1949,#1950,#1951,#1952));
#8292=EDGE_LOOP('',(#1953,#1954,#1955,#1956));
#8293=EDGE_LOOP('',(#1957,#1958,#1959,#1960,#1961,#1962));
#8294=EDGE_LOOP('',(#1963,#1964,#1965,#1966));
#8295=EDGE_LOOP('',(#1967,#1968,#1969,#1970));
#8296=EDGE_LOOP('',(#1971,#1972,#1973,#1974));
#8297=EDGE_LOOP('',(#1975,#1976,#1977,#1978));
#8298=EDGE_LOOP('',(#1979,#1980,#1981,#1982));
#8299=EDGE_LOOP('',(#1983,#1984,#1985,#1986));
#8300=EDGE_LOOP('',(#1987,#1988,#1989,#1990));
#8301=EDGE_LOOP('',(#1991,#1992,#1993,#1994));
#8302=EDGE_LOOP('',(#1995,#1996,#1997,#1998,#1999,#2000));
#8303=EDGE_LOOP('',(#2001,#2002,#2003,#2004,#2005,#2006));
#8304=EDGE_LOOP('',(#2007,#2008,#2009,#2010,#2011,#2012,#2013,#2014));
#8305=EDGE_LOOP('',(#2015,#2016,#2017,#2018,#2019,#2020,#2021,#2022));
#8306=EDGE_LOOP('',(#2023,#2024,#2025,#2026,#2027,#2028));
#8307=EDGE_LOOP('',(#2029,#2030,#2031,#2032));
#8308=EDGE_LOOP('',(#2033,#2034,#2035,#2036));
#8309=EDGE_LOOP('',(#2037,#2038,#2039,#2040));
#8310=EDGE_LOOP('',(#2041,#2042,#2043,#2044,#2045,#2046,#2047,#2048));
#8311=EDGE_LOOP('',(#2049,#2050,#2051,#2052));
#8312=EDGE_LOOP('',(#2053,#2054,#2055,#2056,#2057,#2058));
#8313=EDGE_LOOP('',(#2059,#2060,#2061,#2062));
#8314=EDGE_LOOP('',(#2063,#2064,#2065,#2066));
#8315=EDGE_LOOP('',(#2067,#2068,#2069,#2070));
#8316=EDGE_LOOP('',(#2071,#2072,#2073,#2074));
#8317=EDGE_LOOP('',(#2075,#2076,#2077,#2078,#2079,#2080,#2081,#2082,#2083,
#2084,#2085,#2086));
#8318=EDGE_LOOP('',(#2087,#2088,#2089,#2090,#2091));
#8319=EDGE_LOOP('',(#2092,#2093,#2094,#2095,#2096));
#8320=EDGE_LOOP('',(#2097,#2098,#2099,#2100,#2101));
#8321=EDGE_LOOP('',(#2102,#2103,#2104,#2105,#2106));
#8322=EDGE_LOOP('',(#2107));
#8323=EDGE_LOOP('',(#2108));
#8324=EDGE_LOOP('',(#2109));
#8325=EDGE_LOOP('',(#2110));
#8326=EDGE_LOOP('',(#2111));
#8327=EDGE_LOOP('',(#2112));
#8328=EDGE_LOOP('',(#2113));
#8329=EDGE_LOOP('',(#2114));
#8330=EDGE_LOOP('',(#2115));
#8331=EDGE_LOOP('',(#2116));
#8332=EDGE_LOOP('',(#2117));
#8333=EDGE_LOOP('',(#2118));
#8334=EDGE_LOOP('',(#2119));
#8335=EDGE_LOOP('',(#2120));
#8336=EDGE_LOOP('',(#2121));
#8337=EDGE_LOOP('',(#2122));
#8338=EDGE_LOOP('',(#2123));
#8339=EDGE_LOOP('',(#2124));
#8340=EDGE_LOOP('',(#2125));
#8341=EDGE_LOOP('',(#2126));
#8342=EDGE_LOOP('',(#2127));
#8343=EDGE_LOOP('',(#2128));
#8344=EDGE_LOOP('',(#2129));
#8345=EDGE_LOOP('',(#2130));
#8346=EDGE_LOOP('',(#2131,#2132,#2133,#2134));
#8347=EDGE_LOOP('',(#2135,#2136,#2137,#2138));
#8348=EDGE_LOOP('',(#2139,#2140,#2141,#2142));
#8349=EDGE_LOOP('',(#2143,#2144,#2145,#2146));
#8350=EDGE_LOOP('',(#2147));
#8351=EDGE_LOOP('',(#2148,#2149,#2150,#2151));
#8352=EDGE_LOOP('',(#2152,#2153,#2154,#2155));
#8353=EDGE_LOOP('',(#2156));
#8354=EDGE_LOOP('',(#2157));
#8355=EDGE_LOOP('',(#2158));
#8356=EDGE_LOOP('',(#2159,#2160,#2161,#2162));
#8357=EDGE_LOOP('',(#2163,#2164,#2165,#2166));
#8358=EDGE_LOOP('',(#2167,#2168,#2169,#2170));
#8359=EDGE_LOOP('',(#2171,#2172,#2173,#2174));
#8360=EDGE_LOOP('',(#2175));
#8361=EDGE_LOOP('',(#2176,#2177,#2178,#2179));
#8362=EDGE_LOOP('',(#2180,#2181,#2182,#2183));
#8363=EDGE_LOOP('',(#2184));
#8364=EDGE_LOOP('',(#2185));
#8365=EDGE_LOOP('',(#2186));
#8366=EDGE_LOOP('',(#2187));
#8367=EDGE_LOOP('',(#2188,#2189,#2190,#2191,#2192,#2193,#2194,#2195,#2196,
#2197,#2198,#2199,#2200,#2201,#2202,#2203,#2204,#2205,#2206,#2207,#2208,
#2209,#2210,#2211,#2212,#2213,#2214,#2215,#2216,#2217,#2218,#2219,#2220,
#2221,#2222,#2223,#2224,#2225,#2226,#2227));
#8368=EDGE_LOOP('',(#2228,#2229,#2230,#2231));
#8369=EDGE_LOOP('',(#2232,#2233,#2234,#2235));
#8370=EDGE_LOOP('',(#2236,#2237,#2238,#2239));
#8371=EDGE_LOOP('',(#2240,#2241,#2242,#2243,#2244));
#8372=EDGE_LOOP('',(#2245,#2246,#2247,#2248));
#8373=EDGE_LOOP('',(#2249,#2250,#2251,#2252));
#8374=EDGE_LOOP('',(#2253,#2254,#2255,#2256));
#8375=EDGE_LOOP('',(#2257,#2258,#2259,#2260));
#8376=EDGE_LOOP('',(#2261,#2262,#2263,#2264));
#8377=EDGE_LOOP('',(#2265,#2266,#2267,#2268));
#8378=EDGE_LOOP('',(#2269));
#8379=EDGE_LOOP('',(#2270,#2271,#2272,#2273));
#8380=EDGE_LOOP('',(#2274,#2275,#2276,#2277));
#8381=EDGE_LOOP('',(#2278,#2279,#2280,#2281));
#8382=EDGE_LOOP('',(#2282,#2283,#2284,#2285));
#8383=EDGE_LOOP('',(#2286,#2287,#2288,#2289));
#8384=EDGE_LOOP('',(#2290,#2291,#2292,#2293,#2294));
#8385=EDGE_LOOP('',(#2295,#2296,#2297,#2298,#2299));
#8386=EDGE_LOOP('',(#2300,#2301,#2302,#2303));
#8387=EDGE_LOOP('',(#2304,#2305,#2306,#2307,#2308,#2309,#2310,#2311));
#8388=EDGE_LOOP('',(#2312,#2313,#2314,#2315,#2316,#2317,#2318,#2319));
#8389=EDGE_LOOP('',(#2320,#2321,#2322,#2323));
#8390=EDGE_LOOP('',(#2324,#2325,#2326,#2327));
#8391=EDGE_LOOP('',(#2328,#2329,#2330,#2331));
#8392=EDGE_LOOP('',(#2332,#2333,#2334,#2335));
#8393=EDGE_LOOP('',(#2336,#2337,#2338,#2339,#2340));
#8394=EDGE_LOOP('',(#2341,#2342,#2343,#2344,#2345));
#8395=EDGE_LOOP('',(#2346,#2347,#2348,#2349));
#8396=EDGE_LOOP('',(#2350,#2351,#2352,#2353,#2354,#2355,#2356,#2357));
#8397=EDGE_LOOP('',(#2358,#2359,#2360,#2361));
#8398=EDGE_LOOP('',(#2362,#2363,#2364,#2365));
#8399=EDGE_LOOP('',(#2366,#2367,#2368,#2369));
#8400=EDGE_LOOP('',(#2370,#2371,#2372,#2373));
#8401=EDGE_LOOP('',(#2374,#2375,#2376,#2377));
#8402=EDGE_LOOP('',(#2378,#2379,#2380,#2381,#2382));
#8403=EDGE_LOOP('',(#2383,#2384,#2385,#2386,#2387));
#8404=EDGE_LOOP('',(#2388,#2389,#2390,#2391,#2392,#2393));
#8405=EDGE_LOOP('',(#2394,#2395,#2396,#2397));
#8406=EDGE_LOOP('',(#2398,#2399,#2400,#2401));
#8407=EDGE_LOOP('',(#2402,#2403,#2404,#2405,#2406));
#8408=EDGE_LOOP('',(#2407,#2408,#2409,#2410));
#8409=EDGE_LOOP('',(#2411,#2412,#2413,#2414,#2415));
#8410=EDGE_LOOP('',(#2416,#2417,#2418,#2419,#2420,#2421));
#8411=EDGE_LOOP('',(#2422,#2423,#2424,#2425,#2426));
#8412=EDGE_LOOP('',(#2427,#2428,#2429,#2430));
#8413=EDGE_LOOP('',(#2431,#2432,#2433,#2434,#2435,#2436,#2437,#2438));
#8414=EDGE_LOOP('',(#2439,#2440,#2441,#2442));
#8415=EDGE_LOOP('',(#2443,#2444,#2445,#2446));
#8416=EDGE_LOOP('',(#2447,#2448,#2449,#2450));
#8417=EDGE_LOOP('',(#2451,#2452,#2453,#2454));
#8418=EDGE_LOOP('',(#2455,#2456,#2457,#2458));
#8419=EDGE_LOOP('',(#2459,#2460,#2461,#2462,#2463));
#8420=EDGE_LOOP('',(#2464,#2465,#2466,#2467,#2468));
#8421=EDGE_LOOP('',(#2469));
#8422=EDGE_LOOP('',(#2470));
#8423=EDGE_LOOP('',(#2471,#2472,#2473,#2474,#2475,#2476,#2477,#2478,#2479,
#2480));
#8424=EDGE_LOOP('',(#2481));
#8425=EDGE_LOOP('',(#2482));
#8426=EDGE_LOOP('',(#2483,#2484,#2485,#2486,#2487,#2488,#2489,#2490,#2491,
#2492));
#8427=EDGE_LOOP('',(#2493,#2494,#2495,#2496));
#8428=EDGE_LOOP('',(#2497,#2498,#2499,#2500));
#8429=EDGE_LOOP('',(#2501,#2502,#2503,#2504));
#8430=EDGE_LOOP('',(#2505,#2506,#2507,#2508));
#8431=EDGE_LOOP('',(#2509,#2510,#2511,#2512));
#8432=EDGE_LOOP('',(#2513,#2514,#2515,#2516,#2517,#2518,#2519,#2520,#2521,
#2522));
#8433=EDGE_LOOP('',(#2523));
#8434=EDGE_LOOP('',(#2524));
#8435=EDGE_LOOP('',(#2525));
#8436=EDGE_LOOP('',(#2526));
#8437=EDGE_LOOP('',(#2527));
#8438=EDGE_LOOP('',(#2528));
#8439=EDGE_LOOP('',(#2529));
#8440=EDGE_LOOP('',(#2530));
#8441=EDGE_LOOP('',(#2531,#2532,#2533,#2534));
#8442=EDGE_LOOP('',(#2535,#2536,#2537,#2538));
#8443=EDGE_LOOP('',(#2539,#2540,#2541,#2542));
#8444=EDGE_LOOP('',(#2543,#2544,#2545,#2546,#2547));
#8445=EDGE_LOOP('',(#2548,#2549,#2550,#2551,#2552,#2553,#2554,#2555,#2556,
#2557,#2558,#2559,#2560,#2561,#2562,#2563,#2564,#2565,#2566,#2567,#2568,
#2569,#2570,#2571,#2572,#2573,#2574,#2575,#2576,#2577,#2578,#2579,#2580,
#2581,#2582,#2583,#2584,#2585,#2586,#2587));
#8446=EDGE_LOOP('',(#2588));
#8447=EDGE_LOOP('',(#2589,#2590,#2591,#2592));
#8448=EDGE_LOOP('',(#2593,#2594,#2595,#2596));
#8449=EDGE_LOOP('',(#2597,#2598,#2599,#2600));
#8450=EDGE_LOOP('',(#2601,#2602,#2603,#2604));
#8451=EDGE_LOOP('',(#2605,#2606,#2607,#2608));
#8452=EDGE_LOOP('',(#2609,#2610,#2611,#2612));
#8453=EDGE_LOOP('',(#2613));
#8454=EDGE_LOOP('',(#2614,#2615,#2616,#2617));
#8455=EDGE_LOOP('',(#2618,#2619,#2620,#2621));
#8456=EDGE_LOOP('',(#2622,#2623,#2624,#2625));
#8457=EDGE_LOOP('',(#2626,#2627,#2628,#2629));
#8458=EDGE_LOOP('',(#2630,#2631,#2632,#2633));
#8459=EDGE_LOOP('',(#2634,#2635,#2636,#2637,#2638));
#8460=EDGE_LOOP('',(#2639,#2640,#2641,#2642,#2643));
#8461=EDGE_LOOP('',(#2644,#2645,#2646,#2647));
#8462=EDGE_LOOP('',(#2648,#2649,#2650,#2651,#2652,#2653,#2654,#2655));
#8463=EDGE_LOOP('',(#2656,#2657,#2658,#2659,#2660,#2661,#2662,#2663));
#8464=EDGE_LOOP('',(#2664,#2665,#2666,#2667));
#8465=EDGE_LOOP('',(#2668,#2669,#2670,#2671));
#8466=EDGE_LOOP('',(#2672,#2673,#2674,#2675));
#8467=EDGE_LOOP('',(#2676,#2677,#2678,#2679));
#8468=EDGE_LOOP('',(#2680,#2681,#2682,#2683,#2684));
#8469=EDGE_LOOP('',(#2685,#2686,#2687,#2688,#2689));
#8470=EDGE_LOOP('',(#2690,#2691,#2692,#2693));
#8471=EDGE_LOOP('',(#2694,#2695,#2696,#2697,#2698,#2699,#2700,#2701));
#8472=EDGE_LOOP('',(#2702,#2703,#2704,#2705));
#8473=EDGE_LOOP('',(#2706,#2707,#2708,#2709));
#8474=EDGE_LOOP('',(#2710,#2711,#2712,#2713));
#8475=EDGE_LOOP('',(#2714,#2715,#2716,#2717));
#8476=EDGE_LOOP('',(#2718,#2719,#2720,#2721));
#8477=EDGE_LOOP('',(#2722,#2723,#2724,#2725,#2726));
#8478=EDGE_LOOP('',(#2727,#2728,#2729,#2730,#2731));
#8479=EDGE_LOOP('',(#2732,#2733,#2734,#2735,#2736,#2737));
#8480=EDGE_LOOP('',(#2738,#2739,#2740,#2741));
#8481=EDGE_LOOP('',(#2742,#2743,#2744,#2745));
#8482=EDGE_LOOP('',(#2746,#2747,#2748,#2749,#2750));
#8483=EDGE_LOOP('',(#2751,#2752,#2753,#2754));
#8484=EDGE_LOOP('',(#2755,#2756,#2757,#2758,#2759));
#8485=EDGE_LOOP('',(#2760,#2761,#2762,#2763,#2764,#2765));
#8486=EDGE_LOOP('',(#2766,#2767,#2768,#2769,#2770));
#8487=EDGE_LOOP('',(#2771,#2772,#2773,#2774));
#8488=EDGE_LOOP('',(#2775,#2776,#2777,#2778,#2779,#2780,#2781,#2782));
#8489=EDGE_LOOP('',(#2783,#2784,#2785,#2786));
#8490=EDGE_LOOP('',(#2787,#2788,#2789,#2790));
#8491=EDGE_LOOP('',(#2791,#2792,#2793,#2794));
#8492=EDGE_LOOP('',(#2795,#2796,#2797,#2798));
#8493=EDGE_LOOP('',(#2799,#2800,#2801,#2802));
#8494=EDGE_LOOP('',(#2803,#2804,#2805,#2806,#2807));
#8495=EDGE_LOOP('',(#2808,#2809,#2810,#2811,#2812));
#8496=EDGE_LOOP('',(#2813));
#8497=EDGE_LOOP('',(#2814));
#8498=EDGE_LOOP('',(#2815,#2816,#2817,#2818,#2819,#2820,#2821,#2822,#2823,
#2824));
#8499=EDGE_LOOP('',(#2825));
#8500=EDGE_LOOP('',(#2826));
#8501=EDGE_LOOP('',(#2827,#2828,#2829,#2830,#2831,#2832,#2833,#2834,#2835,
#2836));
#8502=EDGE_LOOP('',(#2837,#2838,#2839,#2840));
#8503=EDGE_LOOP('',(#2841,#2842,#2843,#2844));
#8504=EDGE_LOOP('',(#2845,#2846,#2847,#2848));
#8505=EDGE_LOOP('',(#2849,#2850,#2851,#2852));
#8506=EDGE_LOOP('',(#2853,#2854,#2855,#2856));
#8507=EDGE_LOOP('',(#2857,#2858,#2859,#2860,#2861,#2862,#2863,#2864,#2865,
#2866));
#8508=EDGE_LOOP('',(#2867,#2868,#2869,#2870,#2871,#2872,#2873,#2874,#2875,
#2876,#2877,#2878,#2879,#2880,#2881,#2882,#2883,#2884,#2885,#2886,#2887,
#2888,#2889,#2890,#2891,#2892,#2893,#2894,#2895,#2896,#2897,#2898,#2899,
#2900,#2901,#2902,#2903,#2904,#2905,#2906));
#8509=EDGE_LOOP('',(#2907));
#8510=EDGE_LOOP('',(#2908,#2909,#2910,#2911,#2912,#2913,#2914,#2915,#2916,
#2917,#2918,#2919,#2920,#2921,#2922,#2923,#2924,#2925,#2926,#2927,#2928));
#8511=EDGE_LOOP('',(#2929,#2930,#2931,#2932));
#8512=EDGE_LOOP('',(#2933,#2934,#2935,#2936));
#8513=EDGE_LOOP('',(#2937,#2938,#2939,#2940));
#8514=EDGE_LOOP('',(#2941,#2942,#2943,#2944));
#8515=EDGE_LOOP('',(#2945,#2946,#2947,#2948));
#8516=EDGE_LOOP('',(#2949));
#8517=EDGE_LOOP('',(#2950,#2951,#2952,#2953));
#8518=EDGE_LOOP('',(#2954,#2955,#2956,#2957));
#8519=EDGE_LOOP('',(#2958,#2959,#2960,#2961));
#8520=EDGE_LOOP('',(#2962,#2963,#2964,#2965));
#8521=EDGE_LOOP('',(#2966,#2967,#2968,#2969));
#8522=EDGE_LOOP('',(#2970,#2971,#2972,#2973));
#8523=EDGE_LOOP('',(#2974,#2975,#2976,#2977));
#8524=EDGE_LOOP('',(#2978,#2979,#2980,#2981));
#8525=EDGE_LOOP('',(#2982,#2983,#2984,#2985,#2986,#2987,#2988,#2989));
#8526=EDGE_LOOP('',(#2990,#2991,#2992,#2993,#2994,#2995,#2996,#2997));
#8527=EDGE_LOOP('',(#2998,#2999,#3000,#3001));
#8528=EDGE_LOOP('',(#3002,#3003,#3004,#3005));
#8529=EDGE_LOOP('',(#3006,#3007,#3008,#3009));
#8530=EDGE_LOOP('',(#3010,#3011,#3012,#3013));
#8531=EDGE_LOOP('',(#3014,#3015,#3016,#3017));
#8532=EDGE_LOOP('',(#3018,#3019,#3020,#3021));
#8533=EDGE_LOOP('',(#3022,#3023,#3024,#3025));
#8534=EDGE_LOOP('',(#3026,#3027,#3028,#3029,#3030,#3031,#3032,#3033));
#8535=EDGE_LOOP('',(#3034,#3035,#3036,#3037));
#8536=EDGE_LOOP('',(#3038,#3039,#3040,#3041));
#8537=EDGE_LOOP('',(#3042,#3043,#3044,#3045));
#8538=EDGE_LOOP('',(#3046,#3047,#3048,#3049));
#8539=EDGE_LOOP('',(#3050,#3051,#3052,#3053));
#8540=EDGE_LOOP('',(#3054,#3055,#3056,#3057));
#8541=EDGE_LOOP('',(#3058,#3059,#3060,#3061));
#8542=EDGE_LOOP('',(#3062,#3063,#3064,#3065,#3066,#3067));
#8543=EDGE_LOOP('',(#3068,#3069,#3070,#3071));
#8544=EDGE_LOOP('',(#3072,#3073,#3074,#3075));
#8545=EDGE_LOOP('',(#3076,#3077,#3078,#3079,#3080));
#8546=EDGE_LOOP('',(#3081,#3082,#3083,#3084));
#8547=EDGE_LOOP('',(#3085,#3086,#3087,#3088));
#8548=EDGE_LOOP('',(#3089,#3090,#3091,#3092,#3093,#3094));
#8549=EDGE_LOOP('',(#3095,#3096,#3097,#3098));
#8550=EDGE_LOOP('',(#3099,#3100,#3101,#3102));
#8551=EDGE_LOOP('',(#3103,#3104,#3105,#3106,#3107,#3108,#3109,#3110));
#8552=EDGE_LOOP('',(#3111,#3112,#3113,#3114));
#8553=EDGE_LOOP('',(#3115,#3116,#3117,#3118));
#8554=EDGE_LOOP('',(#3119,#3120,#3121,#3122));
#8555=EDGE_LOOP('',(#3123,#3124,#3125,#3126));
#8556=EDGE_LOOP('',(#3127,#3128,#3129,#3130));
#8557=EDGE_LOOP('',(#3131,#3132,#3133,#3134));
#8558=EDGE_LOOP('',(#3135,#3136,#3137,#3138));
#8559=EDGE_LOOP('',(#3139));
#8560=EDGE_LOOP('',(#3140));
#8561=EDGE_LOOP('',(#3141,#3142,#3143,#3144,#3145,#3146,#3147,#3148,#3149,
#3150));
#8562=EDGE_LOOP('',(#3151));
#8563=EDGE_LOOP('',(#3152));
#8564=EDGE_LOOP('',(#3153,#3154,#3155,#3156,#3157,#3158,#3159,#3160,#3161,
#3162));
#8565=EDGE_LOOP('',(#3163,#3164,#3165,#3166,#3167,#3168));
#8566=EDGE_LOOP('',(#3169,#3170,#3171,#3172,#3173,#3174));
#8567=EDGE_LOOP('',(#3175,#3176));
#8568=EDGE_LOOP('',(#3177,#3178));
#8569=EDGE_LOOP('',(#3179,#3180,#3181,#3182,#3183,#3184,#3185,#3186,#3187,
#3188,#3189,#3190,#3191,#3192,#3193,#3194,#3195,#3196,#3197,#3198,#3199,
#3200,#3201,#3202));
#8570=EDGE_LOOP('',(#3203,#3204,#3205,#3206));
#8571=EDGE_LOOP('',(#3207,#3208,#3209,#3210));
#8572=EDGE_LOOP('',(#3211,#3212,#3213,#3214,#3215,#3216));
#8573=EDGE_LOOP('',(#3217,#3218,#3219,#3220,#3221,#3222));
#8574=EDGE_LOOP('',(#3223,#3224,#3225,#3226,#3227,#3228));
#8575=EDGE_LOOP('',(#3229,#3230,#3231,#3232,#3233,#3234));
#8576=EDGE_LOOP('',(#3235));
#8577=EDGE_LOOP('',(#3236));
#8578=EDGE_LOOP('',(#3237));
#8579=EDGE_LOOP('',(#3238));
#8580=EDGE_LOOP('',(#3239,#3240,#3241,#3242));
#8581=EDGE_LOOP('',(#3243,#3244,#3245,#3246));
#8582=EDGE_LOOP('',(#3247,#3248,#3249,#3250));
#8583=EDGE_LOOP('',(#3251,#3252,#3253,#3254));
#8584=EDGE_LOOP('',(#3255,#3256,#3257,#3258));
#8585=EDGE_LOOP('',(#3259,#3260,#3261,#3262));
#8586=EDGE_LOOP('',(#3263,#3264,#3265,#3266));
#8587=EDGE_LOOP('',(#3267));
#8588=EDGE_LOOP('',(#3268));
#8589=EDGE_LOOP('',(#3269));
#8590=EDGE_LOOP('',(#3270));
#8591=EDGE_LOOP('',(#3271,#3272,#3273,#3274,#3275,#3276,#3277,#3278,#3279,
#3280,#3281,#3282,#3283,#3284,#3285,#3286,#3287,#3288,#3289,#3290,#3291,
#3292));
#8592=EDGE_LOOP('',(#3293,#3294,#3295,#3296));
#8593=EDGE_LOOP('',(#3297,#3298,#3299,#3300,#3301,#3302));
#8594=EDGE_LOOP('',(#3303,#3304,#3305,#3306));
#8595=EDGE_LOOP('',(#3307,#3308,#3309,#3310));
#8596=EDGE_LOOP('',(#3311,#3312,#3313,#3314));
#8597=EDGE_LOOP('',(#3315,#3316,#3317,#3318));
#8598=EDGE_LOOP('',(#3319,#3320,#3321,#3322));
#8599=EDGE_LOOP('',(#3323,#3324,#3325,#3326,#3327,#3328,#3329));
#8600=EDGE_LOOP('',(#3330,#3331,#3332,#3333,#3334,#3335,#3336));
#8601=EDGE_LOOP('',(#3337,#3338,#3339,#3340));
#8602=EDGE_LOOP('',(#3341,#3342,#3343,#3344));
#8603=EDGE_LOOP('',(#3345,#3346,#3347,#3348,#3349,#3350,#3351,#3352,#3353,
#3354));
#8604=EDGE_LOOP('',(#3355,#3356,#3357,#3358));
#8605=EDGE_LOOP('',(#3359,#3360,#3361,#3362,#3363,#3364));
#8606=EDGE_LOOP('',(#3365,#3366,#3367,#3368));
#8607=EDGE_LOOP('',(#3369,#3370,#3371,#3372));
#8608=EDGE_LOOP('',(#3373,#3374,#3375,#3376));
#8609=EDGE_LOOP('',(#3377,#3378,#3379,#3380));
#8610=EDGE_LOOP('',(#3381,#3382,#3383,#3384));
#8611=EDGE_LOOP('',(#3385,#3386,#3387,#3388));
#8612=EDGE_LOOP('',(#3389,#3390,#3391,#3392));
#8613=EDGE_LOOP('',(#3393,#3394,#3395,#3396));
#8614=EDGE_LOOP('',(#3397,#3398,#3399,#3400,#3401,#3402,#3403));
#8615=EDGE_LOOP('',(#3404,#3405,#3406,#3407,#3408,#3409,#3410));
#8616=EDGE_LOOP('',(#3411,#3412,#3413,#3414));
#8617=EDGE_LOOP('',(#3415,#3416,#3417,#3418));
#8618=EDGE_LOOP('',(#3419,#3420,#3421,#3422,#3423,#3424,#3425,#3426,#3427,
#3428));
#8619=EDGE_LOOP('',(#3429,#3430,#3431,#3432));
#8620=EDGE_LOOP('',(#3433,#3434,#3435,#3436,#3437,#3438));
#8621=EDGE_LOOP('',(#3439,#3440,#3441,#3442));
#8622=EDGE_LOOP('',(#3443,#3444,#3445,#3446));
#8623=EDGE_LOOP('',(#3447,#3448,#3449,#3450));
#8624=EDGE_LOOP('',(#3451,#3452,#3453,#3454));
#8625=EDGE_LOOP('',(#3455));
#8626=EDGE_LOOP('',(#3456));
#8627=EDGE_LOOP('',(#3457));
#8628=EDGE_LOOP('',(#3458));
#8629=EDGE_LOOP('',(#3459));
#8630=EDGE_LOOP('',(#3460));
#8631=EDGE_LOOP('',(#3461));
#8632=EDGE_LOOP('',(#3462));
#8633=EDGE_LOOP('',(#3463));
#8634=EDGE_LOOP('',(#3464));
#8635=EDGE_LOOP('',(#3465));
#8636=EDGE_LOOP('',(#3466));
#8637=EDGE_LOOP('',(#3467));
#8638=EDGE_LOOP('',(#3468));
#8639=EDGE_LOOP('',(#3469));
#8640=EDGE_LOOP('',(#3470));
#8641=EDGE_LOOP('',(#3471));
#8642=EDGE_LOOP('',(#3472));
#8643=EDGE_LOOP('',(#3473));
#8644=EDGE_LOOP('',(#3474));
#8645=EDGE_LOOP('',(#3475));
#8646=EDGE_LOOP('',(#3476));
#8647=EDGE_LOOP('',(#3477));
#8648=EDGE_LOOP('',(#3478));
#8649=EDGE_LOOP('',(#3479));
#8650=EDGE_LOOP('',(#3480));
#8651=EDGE_LOOP('',(#3481));
#8652=EDGE_LOOP('',(#3482));
#8653=EDGE_LOOP('',(#3483));
#8654=EDGE_LOOP('',(#3484));
#8655=EDGE_LOOP('',(#3485));
#8656=EDGE_LOOP('',(#3486));
#8657=EDGE_LOOP('',(#3487));
#8658=EDGE_LOOP('',(#3488));
#8659=EDGE_LOOP('',(#3489));
#8660=EDGE_LOOP('',(#3490));
#8661=EDGE_LOOP('',(#3491,#3492,#3493,#3494));
#8662=EDGE_LOOP('',(#3495,#3496,#3497,#3498,#3499,#3500));
#8663=EDGE_LOOP('',(#3501,#3502,#3503,#3504,#3505,#3506));
#8664=EDGE_LOOP('',(#3507,#3508,#3509,#3510,#3511,#3512));
#8665=EDGE_LOOP('',(#3513,#3514,#3515,#3516,#3517,#3518));
#8666=EDGE_LOOP('',(#3519,#3520,#3521,#3522));
#8667=EDGE_LOOP('',(#3523,#3524,#3525,#3526));
#8668=EDGE_LOOP('',(#3527,#3528,#3529,#3530,#3531,#3532));
#8669=EDGE_LOOP('',(#3533,#3534,#3535,#3536,#3537,#3538));
#8670=EDGE_LOOP('',(#3539,#3540,#3541,#3542,#3543,#3544));
#8671=EDGE_LOOP('',(#3545,#3546,#3547,#3548,#3549,#3550));
#8672=EDGE_LOOP('',(#3551,#3552,#3553,#3554));
#8673=EDGE_LOOP('',(#3555));
#8674=EDGE_LOOP('',(#3556));
#8675=EDGE_LOOP('',(#3557));
#8676=EDGE_LOOP('',(#3558));
#8677=EDGE_LOOP('',(#3559));
#8678=EDGE_LOOP('',(#3560));
#8679=EDGE_LOOP('',(#3561));
#8680=EDGE_LOOP('',(#3562));
#8681=EDGE_LOOP('',(#3563,#3564,#3565,#3566,#3567));
#8682=EDGE_LOOP('',(#3568,#3569,#3570,#3571,#3572));
#8683=EDGE_LOOP('',(#3573,#3574,#3575,#3576));
#8684=EDGE_LOOP('',(#3577,#3578,#3579,#3580,#3581));
#8685=EDGE_LOOP('',(#3582,#3583,#3584,#3585,#3586));
#8686=EDGE_LOOP('',(#3587,#3588,#3589,#3590));
#8687=EDGE_LOOP('',(#3591,#3592,#3593,#3594));
#8688=EDGE_LOOP('',(#3595,#3596,#3597,#3598,#3599,#3600));
#8689=EDGE_LOOP('',(#3601,#3602,#3603,#3604));
#8690=EDGE_LOOP('',(#3605,#3606,#3607,#3608,#3609,#3610));
#8691=EDGE_LOOP('',(#3611,#3612,#3613,#3614));
#8692=EDGE_LOOP('',(#3615,#3616,#3617,#3618));
#8693=EDGE_LOOP('',(#3619,#3620,#3621,#3622));
#8694=EDGE_LOOP('',(#3623,#3624,#3625,#3626));
#8695=EDGE_LOOP('',(#3627,#3628,#3629,#3630));
#8696=EDGE_LOOP('',(#3631,#3632,#3633,#3634));
#8697=EDGE_LOOP('',(#3635,#3636,#3637,#3638));
#8698=EDGE_LOOP('',(#3639,#3640,#3641,#3642));
#8699=EDGE_LOOP('',(#3643,#3644,#3645,#3646));
#8700=EDGE_LOOP('',(#3647,#3648,#3649,#3650));
#8701=EDGE_LOOP('',(#3651));
#8702=EDGE_LOOP('',(#3652,#3653,#3654,#3655));
#8703=EDGE_LOOP('',(#3656,#3657,#3658,#3659));
#8704=EDGE_LOOP('',(#3660));
#8705=EDGE_LOOP('',(#3661));
#8706=EDGE_LOOP('',(#3662));
#8707=EDGE_LOOP('',(#3663,#3664,#3665,#3666));
#8708=EDGE_LOOP('',(#3667,#3668,#3669,#3670));
#8709=EDGE_LOOP('',(#3671,#3672,#3673,#3674));
#8710=EDGE_LOOP('',(#3675,#3676,#3677,#3678));
#8711=EDGE_LOOP('',(#3679));
#8712=EDGE_LOOP('',(#3680,#3681,#3682,#3683));
#8713=EDGE_LOOP('',(#3684,#3685,#3686,#3687));
#8714=EDGE_LOOP('',(#3688));
#8715=EDGE_LOOP('',(#3689));
#8716=EDGE_LOOP('',(#3690));
#8717=FACE_BOUND('',#8005,.T.);
#8718=FACE_BOUND('',#8006,.T.);
#8719=FACE_BOUND('',#8007,.T.);
#8720=FACE_BOUND('',#8008,.T.);
#8721=FACE_BOUND('',#8009,.T.);
#8722=FACE_BOUND('',#8010,.T.);
#8723=FACE_BOUND('',#8011,.T.);
#8724=FACE_BOUND('',#8012,.T.);
#8725=FACE_BOUND('',#8013,.T.);
#8726=FACE_BOUND('',#8014,.T.);
#8727=FACE_BOUND('',#8015,.T.);
#8728=FACE_BOUND('',#8016,.T.);
#8729=FACE_BOUND('',#8017,.T.);
#8730=FACE_BOUND('',#8018,.T.);
#8731=FACE_BOUND('',#8019,.T.);
#8732=FACE_BOUND('',#8020,.T.);
#8733=FACE_BOUND('',#8021,.T.);
#8734=FACE_BOUND('',#8022,.T.);
#8735=FACE_BOUND('',#8023,.T.);
#8736=FACE_BOUND('',#8024,.T.);
#8737=FACE_BOUND('',#8025,.T.);
#8738=FACE_BOUND('',#8026,.T.);
#8739=FACE_BOUND('',#8027,.T.);
#8740=FACE_BOUND('',#8028,.T.);
#8741=FACE_BOUND('',#8029,.T.);
#8742=FACE_BOUND('',#8030,.T.);
#8743=FACE_BOUND('',#8031,.T.);
#8744=FACE_BOUND('',#8032,.T.);
#8745=FACE_BOUND('',#8033,.T.);
#8746=FACE_BOUND('',#8034,.T.);
#8747=FACE_BOUND('',#8035,.T.);
#8748=FACE_BOUND('',#8036,.T.);
#8749=FACE_BOUND('',#8037,.T.);
#8750=FACE_BOUND('',#8038,.T.);
#8751=FACE_BOUND('',#8039,.T.);
#8752=FACE_BOUND('',#8040,.T.);
#8753=FACE_BOUND('',#8041,.T.);
#8754=FACE_BOUND('',#8042,.T.);
#8755=FACE_BOUND('',#8043,.T.);
#8756=FACE_BOUND('',#8044,.T.);
#8757=FACE_BOUND('',#8045,.T.);
#8758=FACE_BOUND('',#8046,.T.);
#8759=FACE_BOUND('',#8047,.T.);
#8760=FACE_BOUND('',#8048,.T.);
#8761=FACE_BOUND('',#8049,.T.);
#8762=FACE_BOUND('',#8050,.T.);
#8763=FACE_BOUND('',#8051,.T.);
#8764=FACE_BOUND('',#8052,.T.);
#8765=FACE_BOUND('',#8053,.T.);
#8766=FACE_BOUND('',#8054,.T.);
#8767=FACE_BOUND('',#8055,.T.);
#8768=FACE_BOUND('',#8056,.T.);
#8769=FACE_BOUND('',#8057,.T.);
#8770=FACE_BOUND('',#8058,.T.);
#8771=FACE_BOUND('',#8059,.T.);
#8772=FACE_BOUND('',#8060,.T.);
#8773=FACE_BOUND('',#8061,.T.);
#8774=FACE_BOUND('',#8062,.T.);
#8775=FACE_BOUND('',#8063,.T.);
#8776=FACE_BOUND('',#8064,.T.);
#8777=FACE_BOUND('',#8065,.T.);
#8778=FACE_BOUND('',#8066,.T.);
#8779=FACE_BOUND('',#8067,.T.);
#8780=FACE_BOUND('',#8068,.T.);
#8781=FACE_BOUND('',#8069,.T.);
#8782=FACE_BOUND('',#8070,.T.);
#8783=FACE_BOUND('',#8071,.T.);
#8784=FACE_BOUND('',#8072,.T.);
#8785=FACE_BOUND('',#8073,.T.);
#8786=FACE_BOUND('',#8074,.T.);
#8787=FACE_BOUND('',#8075,.T.);
#8788=FACE_BOUND('',#8076,.T.);
#8789=FACE_BOUND('',#8077,.T.);
#8790=FACE_BOUND('',#8078,.T.);
#8791=FACE_BOUND('',#8079,.T.);
#8792=FACE_BOUND('',#8080,.T.);
#8793=FACE_BOUND('',#8081,.T.);
#8794=FACE_BOUND('',#8082,.T.);
#8795=FACE_BOUND('',#8083,.T.);
#8796=FACE_BOUND('',#8084,.T.);
#8797=FACE_BOUND('',#8085,.T.);
#8798=FACE_BOUND('',#8086,.T.);
#8799=FACE_BOUND('',#8087,.T.);
#8800=FACE_BOUND('',#8088,.T.);
#8801=FACE_BOUND('',#8089,.T.);
#8802=FACE_BOUND('',#8090,.T.);
#8803=FACE_BOUND('',#8091,.T.);
#8804=FACE_BOUND('',#8092,.T.);
#8805=FACE_BOUND('',#8093,.T.);
#8806=FACE_BOUND('',#8094,.T.);
#8807=FACE_BOUND('',#8095,.T.);
#8808=FACE_BOUND('',#8096,.T.);
#8809=FACE_BOUND('',#8097,.T.);
#8810=FACE_BOUND('',#8098,.T.);
#8811=FACE_BOUND('',#8099,.T.);
#8812=FACE_BOUND('',#8100,.T.);
#8813=FACE_BOUND('',#8101,.T.);
#8814=FACE_BOUND('',#8102,.T.);
#8815=FACE_BOUND('',#8103,.T.);
#8816=FACE_BOUND('',#8104,.T.);
#8817=FACE_BOUND('',#8105,.T.);
#8818=FACE_BOUND('',#8106,.T.);
#8819=FACE_BOUND('',#8107,.T.);
#8820=FACE_BOUND('',#8108,.T.);
#8821=FACE_BOUND('',#8109,.T.);
#8822=FACE_BOUND('',#8110,.T.);
#8823=FACE_BOUND('',#8111,.T.);
#8824=FACE_BOUND('',#8112,.T.);
#8825=FACE_BOUND('',#8113,.T.);
#8826=FACE_BOUND('',#8114,.T.);
#8827=FACE_BOUND('',#8115,.T.);
#8828=FACE_BOUND('',#8116,.T.);
#8829=FACE_BOUND('',#8117,.T.);
#8830=FACE_BOUND('',#8118,.T.);
#8831=FACE_BOUND('',#8119,.T.);
#8832=FACE_BOUND('',#8120,.T.);
#8833=FACE_BOUND('',#8121,.T.);
#8834=FACE_BOUND('',#8122,.T.);
#8835=FACE_BOUND('',#8123,.T.);
#8836=FACE_BOUND('',#8124,.T.);
#8837=FACE_BOUND('',#8125,.T.);
#8838=FACE_BOUND('',#8126,.T.);
#8839=FACE_BOUND('',#8127,.T.);
#8840=FACE_BOUND('',#8128,.T.);
#8841=FACE_BOUND('',#8129,.T.);
#8842=FACE_BOUND('',#8130,.T.);
#8843=FACE_BOUND('',#8131,.T.);
#8844=FACE_BOUND('',#8132,.T.);
#8845=FACE_BOUND('',#8133,.T.);
#8846=FACE_BOUND('',#8134,.T.);
#8847=FACE_BOUND('',#8135,.T.);
#8848=FACE_BOUND('',#8136,.T.);
#8849=FACE_BOUND('',#8137,.T.);
#8850=FACE_BOUND('',#8138,.T.);
#8851=FACE_BOUND('',#8139,.T.);
#8852=FACE_BOUND('',#8140,.T.);
#8853=FACE_BOUND('',#8141,.T.);
#8854=FACE_BOUND('',#8142,.T.);
#8855=FACE_BOUND('',#8143,.T.);
#8856=FACE_BOUND('',#8144,.T.);
#8857=FACE_BOUND('',#8145,.T.);
#8858=FACE_BOUND('',#8146,.T.);
#8859=FACE_BOUND('',#8147,.T.);
#8860=FACE_BOUND('',#8148,.T.);
#8861=FACE_BOUND('',#8149,.T.);
#8862=FACE_BOUND('',#8150,.T.);
#8863=FACE_BOUND('',#8151,.T.);
#8864=FACE_BOUND('',#8152,.T.);
#8865=FACE_BOUND('',#8153,.T.);
#8866=FACE_BOUND('',#8154,.T.);
#8867=FACE_BOUND('',#8155,.T.);
#8868=FACE_BOUND('',#8156,.T.);
#8869=FACE_BOUND('',#8157,.T.);
#8870=FACE_BOUND('',#8158,.T.);
#8871=FACE_BOUND('',#8159,.T.);
#8872=FACE_BOUND('',#8160,.T.);
#8873=FACE_BOUND('',#8161,.T.);
#8874=FACE_BOUND('',#8162,.T.);
#8875=FACE_BOUND('',#8163,.T.);
#8876=FACE_BOUND('',#8164,.T.);
#8877=FACE_BOUND('',#8165,.T.);
#8878=FACE_BOUND('',#8166,.T.);
#8879=FACE_BOUND('',#8167,.T.);
#8880=FACE_BOUND('',#8168,.T.);
#8881=FACE_BOUND('',#8169,.T.);
#8882=FACE_BOUND('',#8170,.T.);
#8883=FACE_BOUND('',#8171,.T.);
#8884=FACE_BOUND('',#8172,.T.);
#8885=FACE_BOUND('',#8173,.T.);
#8886=FACE_BOUND('',#8174,.T.);
#8887=FACE_BOUND('',#8175,.T.);
#8888=FACE_BOUND('',#8176,.T.);
#8889=FACE_BOUND('',#8177,.T.);
#8890=FACE_BOUND('',#8178,.T.);
#8891=FACE_BOUND('',#8179,.T.);
#8892=FACE_BOUND('',#8180,.T.);
#8893=FACE_BOUND('',#8181,.T.);
#8894=FACE_BOUND('',#8182,.T.);
#8895=FACE_BOUND('',#8183,.T.);
#8896=FACE_BOUND('',#8184,.T.);
#8897=FACE_BOUND('',#8185,.T.);
#8898=FACE_BOUND('',#8186,.T.);
#8899=FACE_BOUND('',#8187,.T.);
#8900=FACE_BOUND('',#8188,.T.);
#8901=FACE_BOUND('',#8189,.T.);
#8902=FACE_BOUND('',#8190,.T.);
#8903=FACE_BOUND('',#8191,.T.);
#8904=FACE_BOUND('',#8192,.T.);
#8905=FACE_BOUND('',#8193,.T.);
#8906=FACE_BOUND('',#8194,.T.);
#8907=FACE_BOUND('',#8195,.T.);
#8908=FACE_BOUND('',#8196,.T.);
#8909=FACE_BOUND('',#8197,.T.);
#8910=FACE_BOUND('',#8198,.T.);
#8911=FACE_BOUND('',#8199,.T.);
#8912=FACE_BOUND('',#8200,.T.);
#8913=FACE_BOUND('',#8201,.T.);
#8914=FACE_BOUND('',#8202,.T.);
#8915=FACE_BOUND('',#8203,.T.);
#8916=FACE_BOUND('',#8204,.T.);
#8917=FACE_BOUND('',#8205,.T.);
#8918=FACE_BOUND('',#8206,.T.);
#8919=FACE_BOUND('',#8207,.T.);
#8920=FACE_BOUND('',#8208,.T.);
#8921=FACE_BOUND('',#8209,.T.);
#8922=FACE_BOUND('',#8210,.T.);
#8923=FACE_BOUND('',#8211,.T.);
#8924=FACE_BOUND('',#8212,.T.);
#8925=FACE_BOUND('',#8213,.T.);
#8926=FACE_BOUND('',#8214,.T.);
#8927=FACE_BOUND('',#8215,.T.);
#8928=FACE_BOUND('',#8216,.T.);
#8929=FACE_BOUND('',#8217,.T.);
#8930=FACE_BOUND('',#8218,.T.);
#8931=FACE_BOUND('',#8219,.T.);
#8932=FACE_BOUND('',#8220,.T.);
#8933=FACE_BOUND('',#8221,.T.);
#8934=FACE_BOUND('',#8222,.T.);
#8935=FACE_BOUND('',#8223,.T.);
#8936=FACE_BOUND('',#8224,.T.);
#8937=FACE_BOUND('',#8225,.T.);
#8938=FACE_BOUND('',#8226,.T.);
#8939=FACE_BOUND('',#8227,.T.);
#8940=FACE_BOUND('',#8228,.T.);
#8941=FACE_BOUND('',#8229,.T.);
#8942=FACE_BOUND('',#8230,.T.);
#8943=FACE_BOUND('',#8231,.T.);
#8944=FACE_BOUND('',#8232,.T.);
#8945=FACE_BOUND('',#8233,.T.);
#8946=FACE_BOUND('',#8234,.T.);
#8947=FACE_BOUND('',#8235,.T.);
#8948=FACE_BOUND('',#8236,.T.);
#8949=FACE_BOUND('',#8237,.T.);
#8950=FACE_BOUND('',#8238,.T.);
#8951=FACE_BOUND('',#8239,.T.);
#8952=FACE_BOUND('',#8240,.T.);
#8953=FACE_BOUND('',#8241,.T.);
#8954=FACE_BOUND('',#8242,.T.);
#8955=FACE_BOUND('',#8243,.T.);
#8956=FACE_BOUND('',#8244,.T.);
#8957=FACE_BOUND('',#8245,.T.);
#8958=FACE_BOUND('',#8246,.T.);
#8959=FACE_BOUND('',#8247,.T.);
#8960=FACE_BOUND('',#8248,.T.);
#8961=FACE_BOUND('',#8249,.T.);
#8962=FACE_BOUND('',#8250,.T.);
#8963=FACE_BOUND('',#8251,.T.);
#8964=FACE_BOUND('',#8252,.T.);
#8965=FACE_BOUND('',#8253,.T.);
#8966=FACE_BOUND('',#8254,.T.);
#8967=FACE_BOUND('',#8255,.T.);
#8968=FACE_BOUND('',#8256,.T.);
#8969=FACE_BOUND('',#8257,.T.);
#8970=FACE_BOUND('',#8258,.T.);
#8971=FACE_BOUND('',#8259,.T.);
#8972=FACE_BOUND('',#8260,.T.);
#8973=FACE_BOUND('',#8261,.T.);
#8974=FACE_BOUND('',#8262,.T.);
#8975=FACE_BOUND('',#8263,.T.);
#8976=FACE_BOUND('',#8264,.T.);
#8977=FACE_BOUND('',#8265,.T.);
#8978=FACE_BOUND('',#8266,.T.);
#8979=FACE_BOUND('',#8267,.T.);
#8980=FACE_BOUND('',#8268,.T.);
#8981=FACE_BOUND('',#8269,.T.);
#8982=FACE_BOUND('',#8270,.T.);
#8983=FACE_BOUND('',#8271,.T.);
#8984=FACE_BOUND('',#8272,.T.);
#8985=FACE_BOUND('',#8273,.T.);
#8986=FACE_BOUND('',#8274,.T.);
#8987=FACE_BOUND('',#8275,.T.);
#8988=FACE_BOUND('',#8276,.T.);
#8989=FACE_BOUND('',#8277,.T.);
#8990=FACE_BOUND('',#8278,.T.);
#8991=FACE_BOUND('',#8279,.T.);
#8992=FACE_BOUND('',#8280,.T.);
#8993=FACE_BOUND('',#8281,.T.);
#8994=FACE_BOUND('',#8282,.T.);
#8995=FACE_BOUND('',#8283,.T.);
#8996=FACE_BOUND('',#8284,.T.);
#8997=FACE_BOUND('',#8285,.T.);
#8998=FACE_BOUND('',#8286,.T.);
#8999=FACE_BOUND('',#8287,.T.);
#9000=FACE_BOUND('',#8288,.T.);
#9001=FACE_BOUND('',#8289,.T.);
#9002=FACE_BOUND('',#8290,.T.);
#9003=FACE_BOUND('',#8291,.T.);
#9004=FACE_BOUND('',#8292,.T.);
#9005=FACE_BOUND('',#8293,.T.);
#9006=FACE_BOUND('',#8294,.T.);
#9007=FACE_BOUND('',#8295,.T.);
#9008=FACE_BOUND('',#8296,.T.);
#9009=FACE_BOUND('',#8297,.T.);
#9010=FACE_BOUND('',#8298,.T.);
#9011=FACE_BOUND('',#8299,.T.);
#9012=FACE_BOUND('',#8300,.T.);
#9013=FACE_BOUND('',#8301,.T.);
#9014=FACE_BOUND('',#8302,.T.);
#9015=FACE_BOUND('',#8303,.T.);
#9016=FACE_BOUND('',#8304,.T.);
#9017=FACE_BOUND('',#8305,.T.);
#9018=FACE_BOUND('',#8306,.T.);
#9019=FACE_BOUND('',#8307,.T.);
#9020=FACE_BOUND('',#8308,.T.);
#9021=FACE_BOUND('',#8309,.T.);
#9022=FACE_BOUND('',#8310,.T.);
#9023=FACE_BOUND('',#8311,.T.);
#9024=FACE_BOUND('',#8312,.T.);
#9025=FACE_BOUND('',#8313,.T.);
#9026=FACE_BOUND('',#8314,.T.);
#9027=FACE_BOUND('',#8315,.T.);
#9028=FACE_BOUND('',#8316,.T.);
#9029=FACE_BOUND('',#8317,.T.);
#9030=FACE_BOUND('',#8318,.T.);
#9031=FACE_BOUND('',#8319,.T.);
#9032=FACE_BOUND('',#8320,.T.);
#9033=FACE_BOUND('',#8321,.T.);
#9034=FACE_BOUND('',#8322,.T.);
#9035=FACE_BOUND('',#8323,.T.);
#9036=FACE_BOUND('',#8324,.T.);
#9037=FACE_BOUND('',#8325,.T.);
#9038=FACE_BOUND('',#8326,.T.);
#9039=FACE_BOUND('',#8327,.T.);
#9040=FACE_BOUND('',#8328,.T.);
#9041=FACE_BOUND('',#8329,.T.);
#9042=FACE_BOUND('',#8330,.T.);
#9043=FACE_BOUND('',#8331,.T.);
#9044=FACE_BOUND('',#8332,.T.);
#9045=FACE_BOUND('',#8333,.T.);
#9046=FACE_BOUND('',#8334,.T.);
#9047=FACE_BOUND('',#8335,.T.);
#9048=FACE_BOUND('',#8336,.T.);
#9049=FACE_BOUND('',#8337,.T.);
#9050=FACE_BOUND('',#8338,.T.);
#9051=FACE_BOUND('',#8339,.T.);
#9052=FACE_BOUND('',#8340,.T.);
#9053=FACE_BOUND('',#8341,.T.);
#9054=FACE_BOUND('',#8342,.T.);
#9055=FACE_BOUND('',#8343,.T.);
#9056=FACE_BOUND('',#8344,.T.);
#9057=FACE_BOUND('',#8345,.T.);
#9058=FACE_BOUND('',#8346,.T.);
#9059=FACE_BOUND('',#8347,.T.);
#9060=FACE_BOUND('',#8348,.T.);
#9061=FACE_BOUND('',#8349,.T.);
#9062=FACE_BOUND('',#8350,.T.);
#9063=FACE_BOUND('',#8351,.T.);
#9064=FACE_BOUND('',#8352,.T.);
#9065=FACE_BOUND('',#8353,.T.);
#9066=FACE_BOUND('',#8354,.T.);
#9067=FACE_BOUND('',#8355,.T.);
#9068=FACE_BOUND('',#8356,.T.);
#9069=FACE_BOUND('',#8357,.T.);
#9070=FACE_BOUND('',#8358,.T.);
#9071=FACE_BOUND('',#8359,.T.);
#9072=FACE_BOUND('',#8360,.T.);
#9073=FACE_BOUND('',#8361,.T.);
#9074=FACE_BOUND('',#8362,.T.);
#9075=FACE_BOUND('',#8363,.T.);
#9076=FACE_BOUND('',#8364,.T.);
#9077=FACE_BOUND('',#8365,.T.);
#9078=FACE_BOUND('',#8366,.T.);
#9079=FACE_BOUND('',#8367,.T.);
#9080=FACE_BOUND('',#8368,.T.);
#9081=FACE_BOUND('',#8369,.T.);
#9082=FACE_BOUND('',#8370,.T.);
#9083=FACE_BOUND('',#8371,.T.);
#9084=FACE_BOUND('',#8372,.T.);
#9085=FACE_BOUND('',#8373,.T.);
#9086=FACE_BOUND('',#8374,.T.);
#9087=FACE_BOUND('',#8375,.T.);
#9088=FACE_BOUND('',#8376,.T.);
#9089=FACE_BOUND('',#8377,.T.);
#9090=FACE_BOUND('',#8378,.T.);
#9091=FACE_BOUND('',#8379,.T.);
#9092=FACE_BOUND('',#8380,.T.);
#9093=FACE_BOUND('',#8381,.T.);
#9094=FACE_BOUND('',#8382,.T.);
#9095=FACE_BOUND('',#8383,.T.);
#9096=FACE_BOUND('',#8384,.T.);
#9097=FACE_BOUND('',#8385,.T.);
#9098=FACE_BOUND('',#8386,.T.);
#9099=FACE_BOUND('',#8387,.T.);
#9100=FACE_BOUND('',#8388,.T.);
#9101=FACE_BOUND('',#8389,.T.);
#9102=FACE_BOUND('',#8390,.T.);
#9103=FACE_BOUND('',#8391,.T.);
#9104=FACE_BOUND('',#8392,.T.);
#9105=FACE_BOUND('',#8393,.T.);
#9106=FACE_BOUND('',#8394,.T.);
#9107=FACE_BOUND('',#8395,.T.);
#9108=FACE_BOUND('',#8396,.T.);
#9109=FACE_BOUND('',#8397,.T.);
#9110=FACE_BOUND('',#8398,.T.);
#9111=FACE_BOUND('',#8399,.T.);
#9112=FACE_BOUND('',#8400,.T.);
#9113=FACE_BOUND('',#8401,.T.);
#9114=FACE_BOUND('',#8402,.T.);
#9115=FACE_BOUND('',#8403,.T.);
#9116=FACE_BOUND('',#8404,.T.);
#9117=FACE_BOUND('',#8405,.T.);
#9118=FACE_BOUND('',#8406,.T.);
#9119=FACE_BOUND('',#8407,.T.);
#9120=FACE_BOUND('',#8408,.T.);
#9121=FACE_BOUND('',#8409,.T.);
#9122=FACE_BOUND('',#8410,.T.);
#9123=FACE_BOUND('',#8411,.T.);
#9124=FACE_BOUND('',#8412,.T.);
#9125=FACE_BOUND('',#8413,.T.);
#9126=FACE_BOUND('',#8414,.T.);
#9127=FACE_BOUND('',#8415,.T.);
#9128=FACE_BOUND('',#8416,.T.);
#9129=FACE_BOUND('',#8417,.T.);
#9130=FACE_BOUND('',#8418,.T.);
#9131=FACE_BOUND('',#8419,.T.);
#9132=FACE_BOUND('',#8420,.T.);
#9133=FACE_BOUND('',#8421,.T.);
#9134=FACE_BOUND('',#8422,.T.);
#9135=FACE_BOUND('',#8423,.T.);
#9136=FACE_BOUND('',#8424,.T.);
#9137=FACE_BOUND('',#8425,.T.);
#9138=FACE_BOUND('',#8426,.T.);
#9139=FACE_BOUND('',#8427,.T.);
#9140=FACE_BOUND('',#8428,.T.);
#9141=FACE_BOUND('',#8429,.T.);
#9142=FACE_BOUND('',#8430,.T.);
#9143=FACE_BOUND('',#8431,.T.);
#9144=FACE_BOUND('',#8432,.T.);
#9145=FACE_BOUND('',#8433,.T.);
#9146=FACE_BOUND('',#8434,.T.);
#9147=FACE_BOUND('',#8435,.T.);
#9148=FACE_BOUND('',#8436,.T.);
#9149=FACE_BOUND('',#8437,.T.);
#9150=FACE_BOUND('',#8438,.T.);
#9151=FACE_BOUND('',#8439,.T.);
#9152=FACE_BOUND('',#8440,.T.);
#9153=FACE_BOUND('',#8441,.T.);
#9154=FACE_BOUND('',#8442,.T.);
#9155=FACE_BOUND('',#8443,.T.);
#9156=FACE_BOUND('',#8444,.T.);
#9157=FACE_BOUND('',#8445,.T.);
#9158=FACE_BOUND('',#8446,.T.);
#9159=FACE_BOUND('',#8447,.T.);
#9160=FACE_BOUND('',#8448,.T.);
#9161=FACE_BOUND('',#8449,.T.);
#9162=FACE_BOUND('',#8450,.T.);
#9163=FACE_BOUND('',#8451,.T.);
#9164=FACE_BOUND('',#8452,.T.);
#9165=FACE_BOUND('',#8453,.T.);
#9166=FACE_BOUND('',#8454,.T.);
#9167=FACE_BOUND('',#8455,.T.);
#9168=FACE_BOUND('',#8456,.T.);
#9169=FACE_BOUND('',#8457,.T.);
#9170=FACE_BOUND('',#8458,.T.);
#9171=FACE_BOUND('',#8459,.T.);
#9172=FACE_BOUND('',#8460,.T.);
#9173=FACE_BOUND('',#8461,.T.);
#9174=FACE_BOUND('',#8462,.T.);
#9175=FACE_BOUND('',#8463,.T.);
#9176=FACE_BOUND('',#8464,.T.);
#9177=FACE_BOUND('',#8465,.T.);
#9178=FACE_BOUND('',#8466,.T.);
#9179=FACE_BOUND('',#8467,.T.);
#9180=FACE_BOUND('',#8468,.T.);
#9181=FACE_BOUND('',#8469,.T.);
#9182=FACE_BOUND('',#8470,.T.);
#9183=FACE_BOUND('',#8471,.T.);
#9184=FACE_BOUND('',#8472,.T.);
#9185=FACE_BOUND('',#8473,.T.);
#9186=FACE_BOUND('',#8474,.T.);
#9187=FACE_BOUND('',#8475,.T.);
#9188=FACE_BOUND('',#8476,.T.);
#9189=FACE_BOUND('',#8477,.T.);
#9190=FACE_BOUND('',#8478,.T.);
#9191=FACE_BOUND('',#8479,.T.);
#9192=FACE_BOUND('',#8480,.T.);
#9193=FACE_BOUND('',#8481,.T.);
#9194=FACE_BOUND('',#8482,.T.);
#9195=FACE_BOUND('',#8483,.T.);
#9196=FACE_BOUND('',#8484,.T.);
#9197=FACE_BOUND('',#8485,.T.);
#9198=FACE_BOUND('',#8486,.T.);
#9199=FACE_BOUND('',#8487,.T.);
#9200=FACE_BOUND('',#8488,.T.);
#9201=FACE_BOUND('',#8489,.T.);
#9202=FACE_BOUND('',#8490,.T.);
#9203=FACE_BOUND('',#8491,.T.);
#9204=FACE_BOUND('',#8492,.T.);
#9205=FACE_BOUND('',#8493,.T.);
#9206=FACE_BOUND('',#8494,.T.);
#9207=FACE_BOUND('',#8495,.T.);
#9208=FACE_BOUND('',#8496,.T.);
#9209=FACE_BOUND('',#8497,.T.);
#9210=FACE_BOUND('',#8498,.T.);
#9211=FACE_BOUND('',#8499,.T.);
#9212=FACE_BOUND('',#8500,.T.);
#9213=FACE_BOUND('',#8501,.T.);
#9214=FACE_BOUND('',#8502,.T.);
#9215=FACE_BOUND('',#8503,.T.);
#9216=FACE_BOUND('',#8504,.T.);
#9217=FACE_BOUND('',#8505,.T.);
#9218=FACE_BOUND('',#8506,.T.);
#9219=FACE_BOUND('',#8507,.T.);
#9220=FACE_BOUND('',#8508,.T.);
#9221=FACE_BOUND('',#8509,.T.);
#9222=FACE_BOUND('',#8510,.T.);
#9223=FACE_BOUND('',#8511,.T.);
#9224=FACE_BOUND('',#8512,.T.);
#9225=FACE_BOUND('',#8513,.T.);
#9226=FACE_BOUND('',#8514,.T.);
#9227=FACE_BOUND('',#8515,.T.);
#9228=FACE_BOUND('',#8516,.T.);
#9229=FACE_BOUND('',#8517,.T.);
#9230=FACE_BOUND('',#8518,.T.);
#9231=FACE_BOUND('',#8519,.T.);
#9232=FACE_BOUND('',#8520,.T.);
#9233=FACE_BOUND('',#8521,.T.);
#9234=FACE_BOUND('',#8522,.T.);
#9235=FACE_BOUND('',#8523,.T.);
#9236=FACE_BOUND('',#8524,.T.);
#9237=FACE_BOUND('',#8525,.T.);
#9238=FACE_BOUND('',#8526,.T.);
#9239=FACE_BOUND('',#8527,.T.);
#9240=FACE_BOUND('',#8528,.T.);
#9241=FACE_BOUND('',#8529,.T.);
#9242=FACE_BOUND('',#8530,.T.);
#9243=FACE_BOUND('',#8531,.T.);
#9244=FACE_BOUND('',#8532,.T.);
#9245=FACE_BOUND('',#8533,.T.);
#9246=FACE_BOUND('',#8534,.T.);
#9247=FACE_BOUND('',#8535,.T.);
#9248=FACE_BOUND('',#8536,.T.);
#9249=FACE_BOUND('',#8537,.T.);
#9250=FACE_BOUND('',#8538,.T.);
#9251=FACE_BOUND('',#8539,.T.);
#9252=FACE_BOUND('',#8540,.T.);
#9253=FACE_BOUND('',#8541,.T.);
#9254=FACE_BOUND('',#8542,.T.);
#9255=FACE_BOUND('',#8543,.T.);
#9256=FACE_BOUND('',#8544,.T.);
#9257=FACE_BOUND('',#8545,.T.);
#9258=FACE_BOUND('',#8546,.T.);
#9259=FACE_BOUND('',#8547,.T.);
#9260=FACE_BOUND('',#8548,.T.);
#9261=FACE_BOUND('',#8549,.T.);
#9262=FACE_BOUND('',#8550,.T.);
#9263=FACE_BOUND('',#8551,.T.);
#9264=FACE_BOUND('',#8552,.T.);
#9265=FACE_BOUND('',#8553,.T.);
#9266=FACE_BOUND('',#8554,.T.);
#9267=FACE_BOUND('',#8555,.T.);
#9268=FACE_BOUND('',#8556,.T.);
#9269=FACE_BOUND('',#8557,.T.);
#9270=FACE_BOUND('',#8558,.T.);
#9271=FACE_BOUND('',#8559,.T.);
#9272=FACE_BOUND('',#8560,.T.);
#9273=FACE_BOUND('',#8561,.T.);
#9274=FACE_BOUND('',#8562,.T.);
#9275=FACE_BOUND('',#8563,.T.);
#9276=FACE_BOUND('',#8564,.T.);
#9277=FACE_BOUND('',#8565,.T.);
#9278=FACE_BOUND('',#8566,.T.);
#9279=FACE_BOUND('',#8567,.T.);
#9280=FACE_BOUND('',#8568,.T.);
#9281=FACE_BOUND('',#8569,.T.);
#9282=FACE_BOUND('',#8570,.T.);
#9283=FACE_BOUND('',#8571,.T.);
#9284=FACE_BOUND('',#8572,.T.);
#9285=FACE_BOUND('',#8573,.T.);
#9286=FACE_BOUND('',#8574,.T.);
#9287=FACE_BOUND('',#8575,.T.);
#9288=FACE_BOUND('',#8576,.T.);
#9289=FACE_BOUND('',#8577,.T.);
#9290=FACE_BOUND('',#8578,.T.);
#9291=FACE_BOUND('',#8579,.T.);
#9292=FACE_BOUND('',#8580,.T.);
#9293=FACE_BOUND('',#8581,.T.);
#9294=FACE_BOUND('',#8582,.T.);
#9295=FACE_BOUND('',#8583,.T.);
#9296=FACE_BOUND('',#8584,.T.);
#9297=FACE_BOUND('',#8585,.T.);
#9298=FACE_BOUND('',#8586,.T.);
#9299=FACE_BOUND('',#8587,.T.);
#9300=FACE_BOUND('',#8588,.T.);
#9301=FACE_BOUND('',#8589,.T.);
#9302=FACE_BOUND('',#8590,.T.);
#9303=FACE_BOUND('',#8591,.T.);
#9304=FACE_BOUND('',#8592,.T.);
#9305=FACE_BOUND('',#8593,.T.);
#9306=FACE_BOUND('',#8594,.T.);
#9307=FACE_BOUND('',#8595,.T.);
#9308=FACE_BOUND('',#8596,.T.);
#9309=FACE_BOUND('',#8597,.T.);
#9310=FACE_BOUND('',#8598,.T.);
#9311=FACE_BOUND('',#8599,.T.);
#9312=FACE_BOUND('',#8600,.T.);
#9313=FACE_BOUND('',#8601,.T.);
#9314=FACE_BOUND('',#8602,.T.);
#9315=FACE_BOUND('',#8603,.T.);
#9316=FACE_BOUND('',#8604,.T.);
#9317=FACE_BOUND('',#8605,.T.);
#9318=FACE_BOUND('',#8606,.T.);
#9319=FACE_BOUND('',#8607,.T.);
#9320=FACE_BOUND('',#8608,.T.);
#9321=FACE_BOUND('',#8609,.T.);
#9322=FACE_BOUND('',#8610,.T.);
#9323=FACE_BOUND('',#8611,.T.);
#9324=FACE_BOUND('',#8612,.T.);
#9325=FACE_BOUND('',#8613,.T.);
#9326=FACE_BOUND('',#8614,.T.);
#9327=FACE_BOUND('',#8615,.T.);
#9328=FACE_BOUND('',#8616,.T.);
#9329=FACE_BOUND('',#8617,.T.);
#9330=FACE_BOUND('',#8618,.T.);
#9331=FACE_BOUND('',#8619,.T.);
#9332=FACE_BOUND('',#8620,.T.);
#9333=FACE_BOUND('',#8621,.T.);
#9334=FACE_BOUND('',#8622,.T.);
#9335=FACE_BOUND('',#8623,.T.);
#9336=FACE_BOUND('',#8624,.T.);
#9337=FACE_BOUND('',#8625,.T.);
#9338=FACE_BOUND('',#8626,.T.);
#9339=FACE_BOUND('',#8627,.T.);
#9340=FACE_BOUND('',#8628,.T.);
#9341=FACE_BOUND('',#8629,.T.);
#9342=FACE_BOUND('',#8630,.T.);
#9343=FACE_BOUND('',#8631,.T.);
#9344=FACE_BOUND('',#8632,.T.);
#9345=FACE_BOUND('',#8633,.T.);
#9346=FACE_BOUND('',#8634,.T.);
#9347=FACE_BOUND('',#8635,.T.);
#9348=FACE_BOUND('',#8636,.T.);
#9349=FACE_BOUND('',#8637,.T.);
#9350=FACE_BOUND('',#8638,.T.);
#9351=FACE_BOUND('',#8639,.T.);
#9352=FACE_BOUND('',#8640,.T.);
#9353=FACE_BOUND('',#8641,.T.);
#9354=FACE_BOUND('',#8642,.T.);
#9355=FACE_BOUND('',#8643,.T.);
#9356=FACE_BOUND('',#8644,.T.);
#9357=FACE_BOUND('',#8645,.T.);
#9358=FACE_BOUND('',#8646,.T.);
#9359=FACE_BOUND('',#8647,.T.);
#9360=FACE_BOUND('',#8648,.T.);
#9361=FACE_BOUND('',#8649,.T.);
#9362=FACE_BOUND('',#8650,.T.);
#9363=FACE_BOUND('',#8651,.T.);
#9364=FACE_BOUND('',#8652,.T.);
#9365=FACE_BOUND('',#8653,.T.);
#9366=FACE_BOUND('',#8654,.T.);
#9367=FACE_BOUND('',#8655,.T.);
#9368=FACE_BOUND('',#8656,.T.);
#9369=FACE_BOUND('',#8657,.T.);
#9370=FACE_BOUND('',#8658,.T.);
#9371=FACE_BOUND('',#8659,.T.);
#9372=FACE_BOUND('',#8660,.T.);
#9373=FACE_BOUND('',#8661,.T.);
#9374=FACE_BOUND('',#8662,.T.);
#9375=FACE_BOUND('',#8663,.T.);
#9376=FACE_BOUND('',#8664,.T.);
#9377=FACE_BOUND('',#8665,.T.);
#9378=FACE_BOUND('',#8666,.T.);
#9379=FACE_BOUND('',#8667,.T.);
#9380=FACE_BOUND('',#8668,.T.);
#9381=FACE_BOUND('',#8669,.T.);
#9382=FACE_BOUND('',#8670,.T.);
#9383=FACE_BOUND('',#8671,.T.);
#9384=FACE_BOUND('',#8672,.T.);
#9385=FACE_BOUND('',#8673,.T.);
#9386=FACE_BOUND('',#8674,.T.);
#9387=FACE_BOUND('',#8675,.T.);
#9388=FACE_BOUND('',#8676,.T.);
#9389=FACE_BOUND('',#8677,.T.);
#9390=FACE_BOUND('',#8678,.T.);
#9391=FACE_BOUND('',#8679,.T.);
#9392=FACE_BOUND('',#8680,.T.);
#9393=FACE_BOUND('',#8681,.T.);
#9394=FACE_BOUND('',#8682,.T.);
#9395=FACE_BOUND('',#8683,.T.);
#9396=FACE_BOUND('',#8684,.T.);
#9397=FACE_BOUND('',#8685,.T.);
#9398=FACE_BOUND('',#8686,.T.);
#9399=FACE_BOUND('',#8687,.T.);
#9400=FACE_BOUND('',#8688,.T.);
#9401=FACE_BOUND('',#8689,.T.);
#9402=FACE_BOUND('',#8690,.T.);
#9403=FACE_BOUND('',#8691,.T.);
#9404=FACE_BOUND('',#8692,.T.);
#9405=FACE_BOUND('',#8693,.T.);
#9406=FACE_BOUND('',#8694,.T.);
#9407=FACE_BOUND('',#8695,.T.);
#9408=FACE_BOUND('',#8696,.T.);
#9409=FACE_BOUND('',#8697,.T.);
#9410=FACE_BOUND('',#8698,.T.);
#9411=FACE_BOUND('',#8699,.T.);
#9412=FACE_BOUND('',#8700,.T.);
#9413=FACE_BOUND('',#8701,.T.);
#9414=FACE_BOUND('',#8702,.T.);
#9415=FACE_BOUND('',#8703,.T.);
#9416=FACE_BOUND('',#8704,.T.);
#9417=FACE_BOUND('',#8705,.T.);
#9418=FACE_BOUND('',#8706,.T.);
#9419=FACE_BOUND('',#8707,.T.);
#9420=FACE_BOUND('',#8708,.T.);
#9421=FACE_BOUND('',#8709,.T.);
#9422=FACE_BOUND('',#8710,.T.);
#9423=FACE_BOUND('',#8711,.T.);
#9424=FACE_BOUND('',#8712,.T.);
#9425=FACE_BOUND('',#8713,.T.);
#9426=FACE_BOUND('',#8714,.T.);
#9427=FACE_BOUND('',#8715,.T.);
#9428=FACE_BOUND('',#8716,.T.);
#9429=PLANE('',#10618);
#9430=PLANE('',#10619);
#9431=PLANE('',#10620);
#9432=PLANE('',#10621);
#9433=PLANE('',#10622);
#9434=PLANE('',#10623);
#9435=PLANE('',#10624);
#9436=PLANE('',#10625);
#9437=PLANE('',#10626);
#9438=PLANE('',#10627);
#9439=PLANE('',#10628);
#9440=PLANE('',#10629);
#9441=PLANE('',#10630);
#9442=PLANE('',#10631);
#9443=PLANE('',#10632);
#9444=PLANE('',#10633);
#9445=PLANE('',#10634);
#9446=PLANE('',#10635);
#9447=PLANE('',#10636);
#9448=PLANE('',#10637);
#9449=PLANE('',#10638);
#9450=PLANE('',#10641);
#9451=PLANE('',#10642);
#9452=PLANE('',#10643);
#9453=PLANE('',#10644);
#9454=PLANE('',#10645);
#9455=PLANE('',#10646);
#9456=PLANE('',#10647);
#9457=PLANE('',#10648);
#9458=PLANE('',#10649);
#9459=PLANE('',#10650);
#9460=PLANE('',#10651);
#9461=PLANE('',#10652);
#9462=PLANE('',#10653);
#9463=PLANE('',#10654);
#9464=PLANE('',#10655);
#9465=PLANE('',#10656);
#9466=PLANE('',#10657);
#9467=PLANE('',#10658);
#9468=PLANE('',#10659);
#9469=PLANE('',#10660);
#9470=PLANE('',#10661);
#9471=PLANE('',#10662);
#9472=PLANE('',#10663);
#9473=PLANE('',#10664);
#9474=PLANE('',#10665);
#9475=PLANE('',#10670);
#9476=PLANE('',#10671);
#9477=PLANE('',#10672);
#9478=PLANE('',#10673);
#9479=PLANE('',#10674);
#9480=PLANE('',#10675);
#9481=PLANE('',#10676);
#9482=PLANE('',#10677);
#9483=PLANE('',#10678);
#9484=PLANE('',#10679);
#9485=PLANE('',#10680);
#9486=PLANE('',#10691);
#9487=PLANE('',#10694);
#9488=PLANE('',#10695);
#9489=PLANE('',#10696);
#9490=PLANE('',#10699);
#9491=PLANE('',#10702);
#9492=PLANE('',#10703);
#9493=PLANE('',#10704);
#9494=PLANE('',#10705);
#9495=PLANE('',#10706);
#9496=PLANE('',#10707);
#9497=PLANE('',#10708);
#9498=PLANE('',#10709);
#9499=PLANE('',#10710);
#9500=PLANE('',#10711);
#9501=PLANE('',#10712);
#9502=PLANE('',#10713);
#9503=PLANE('',#10714);
#9504=PLANE('',#10715);
#9505=PLANE('',#10716);
#9506=PLANE('',#10717);
#9507=PLANE('',#10718);
#9508=PLANE('',#10719);
#9509=PLANE('',#10720);
#9510=PLANE('',#10721);
#9511=PLANE('',#10722);
#9512=PLANE('',#10723);
#9513=PLANE('',#10724);
#9514=PLANE('',#10725);
#9515=PLANE('',#10726);
#9516=PLANE('',#10727);
#9517=PLANE('',#10728);
#9518=PLANE('',#10729);
#9519=PLANE('',#10730);
#9520=PLANE('',#10731);
#9521=PLANE('',#10732);
#9522=PLANE('',#10735);
#9523=PLANE('',#10738);
#9524=PLANE('',#10741);
#9525=PLANE('',#10744);
#9526=PLANE('',#10767);
#9527=PLANE('',#10774);
#9528=PLANE('',#10778);
#9529=PLANE('',#10782);
#9530=PLANE('',#10783);
#9531=PLANE('',#10784);
#9532=PLANE('',#10785);
#9533=PLANE('',#10786);
#9534=PLANE('',#10798);
#9535=PLANE('',#10799);
#9536=PLANE('',#10800);
#9537=PLANE('',#10809);
#9538=PLANE('',#10810);
#9539=PLANE('',#10811);
#9540=PLANE('',#10820);
#9541=PLANE('',#10821);
#9542=PLANE('',#10822);
#9543=PLANE('',#10835);
#9544=PLANE('',#10836);
#9545=PLANE('',#10837);
#9546=PLANE('',#10858);
#9547=PLANE('',#10859);
#9548=PLANE('',#10860);
#9549=PLANE('',#10861);
#9550=PLANE('',#10862);
#9551=PLANE('',#10863);
#9552=PLANE('',#10864);
#9553=PLANE('',#10865);
#9554=PLANE('',#10866);
#9555=PLANE('',#10867);
#9556=PLANE('',#10868);
#9557=PLANE('',#10872);
#9558=PLANE('',#10873);
#9559=PLANE('',#10875);
#9560=PLANE('',#10878);
#9561=PLANE('',#10881);
#9562=PLANE('',#10882);
#9563=PLANE('',#10883);
#9564=PLANE('',#10884);
#9565=PLANE('',#10885);
#9566=PLANE('',#10888);
#9567=PLANE('',#10891);
#9568=PLANE('',#10892);
#9569=PLANE('',#10893);
#9570=PLANE('',#10897);
#9571=PLANE('',#10898);
#9572=PLANE('',#10902);
#9573=PLANE('',#10903);
#9574=PLANE('',#10904);
#9575=PLANE('',#10905);
#9576=PLANE('',#10914);
#9577=PLANE('',#10915);
#9578=PLANE('',#10917);
#9579=PLANE('',#10919);
#9580=PLANE('',#10920);
#9581=PLANE('',#10922);
#9582=PLANE('',#10923);
#9583=PLANE('',#10924);
#9584=PLANE('',#10925);
#9585=PLANE('',#10926);
#9586=PLANE('',#10927);
#9587=PLANE('',#10928);
#9588=PLANE('',#10931);
#9589=PLANE('',#10932);
#9590=PLANE('',#10933);
#9591=PLANE('',#10934);
#9592=PLANE('',#10935);
#9593=PLANE('',#10936);
#9594=PLANE('',#10937);
#9595=PLANE('',#10938);
#9596=PLANE('',#10939);
#9597=PLANE('',#10943);
#9598=PLANE('',#10944);
#9599=PLANE('',#10946);
#9600=PLANE('',#10947);
#9601=PLANE('',#10950);
#9602=PLANE('',#10951);
#9603=PLANE('',#10952);
#9604=PLANE('',#10953);
#9605=PLANE('',#10954);
#9606=PLANE('',#10955);
#9607=PLANE('',#10956);
#9608=PLANE('',#10957);
#9609=PLANE('',#10958);
#9610=PLANE('',#10959);
#9611=PLANE('',#10960);
#9612=PLANE('',#10961);
#9613=PLANE('',#10962);
#9614=PLANE('',#10963);
#9615=PLANE('',#10964);
#9616=PLANE('',#10965);
#9617=PLANE('',#10966);
#9618=PLANE('',#10970);
#9619=PLANE('',#10975);
#9620=PLANE('',#10977);
#9621=PLANE('',#10978);
#9622=PLANE('',#10979);
#9623=PLANE('',#10980);
#9624=PLANE('',#10982);
#9625=PLANE('',#10983);
#9626=PLANE('',#10984);
#9627=PLANE('',#10985);
#9628=PLANE('',#10986);
#9629=PLANE('',#10987);
#9630=PLANE('',#10988);
#9631=PLANE('',#11018);
#9632=PLANE('',#11019);
#9633=PLANE('',#11020);
#9634=PLANE('',#11021);
#9635=PLANE('',#11022);
#9636=PLANE('',#11024);
#9637=PLANE('',#11027);
#9638=PLANE('',#11029);
#9639=PLANE('',#11030);
#9640=PLANE('',#11031);
#9641=PLANE('',#11032);
#9642=PLANE('',#11033);
#9643=PLANE('',#11035);
#9644=PLANE('',#11038);
#9645=PLANE('',#11053);
#9646=PLANE('',#11056);
#9647=PLANE('',#11059);
#9648=PLANE('',#11062);
#9649=PLANE('',#11066);
#9650=PLANE('',#11069);
#9651=PLANE('',#11073);
#9652=PLANE('',#11077);
#9653=PLANE('',#11078);
#9654=PLANE('',#11079);
#9655=PLANE('',#11080);
#9656=PLANE('',#11081);
#9657=PLANE('',#11093);
#9658=PLANE('',#11094);
#9659=PLANE('',#11095);
#9660=PLANE('',#11104);
#9661=PLANE('',#11105);
#9662=PLANE('',#11106);
#9663=PLANE('',#11115);
#9664=PLANE('',#11116);
#9665=PLANE('',#11117);
#9666=PLANE('',#11130);
#9667=PLANE('',#11131);
#9668=PLANE('',#11132);
#9669=PLANE('',#11153);
#9670=PLANE('',#11164);
#9671=PLANE('',#11167);
#9672=PLANE('',#11170);
#9673=PLANE('',#11173);
#9674=PLANE('',#11189);
#9675=PLANE('',#11192);
#9676=PLANE('',#11196);
#9677=PLANE('',#11200);
#9678=PLANE('',#11201);
#9679=PLANE('',#11202);
#9680=PLANE('',#11203);
#9681=PLANE('',#11204);
#9682=PLANE('',#11216);
#9683=PLANE('',#11217);
#9684=PLANE('',#11218);
#9685=PLANE('',#11227);
#9686=PLANE('',#11228);
#9687=PLANE('',#11229);
#9688=PLANE('',#11238);
#9689=PLANE('',#11239);
#9690=PLANE('',#11240);
#9691=PLANE('',#11253);
#9692=PLANE('',#11254);
#9693=PLANE('',#11255);
#9694=PLANE('',#11276);
#9695=PLANE('',#11292);
#9696=PLANE('',#11299);
#9697=PLANE('',#11303);
#9698=PLANE('',#11307);
#9699=PLANE('',#11308);
#9700=PLANE('',#11309);
#9701=PLANE('',#11310);
#9702=PLANE('',#11311);
#9703=PLANE('',#11323);
#9704=PLANE('',#11324);
#9705=PLANE('',#11325);
#9706=PLANE('',#11334);
#9707=PLANE('',#11335);
#9708=PLANE('',#11336);
#9709=PLANE('',#11345);
#9710=PLANE('',#11346);
#9711=PLANE('',#11347);
#9712=PLANE('',#11360);
#9713=PLANE('',#11361);
#9714=PLANE('',#11362);
#9715=PLANE('',#11375);
#9716=PLANE('',#11376);
#9717=PLANE('',#11377);
#9718=PLANE('',#11382);
#9719=PLANE('',#11383);
#9720=PLANE('',#11384);
#9721=PLANE('',#11385);
#9722=PLANE('',#11386);
#9723=PLANE('',#11387);
#9724=PLANE('',#11388);
#9725=PLANE('',#11393);
#9726=PLANE('',#11394);
#9727=PLANE('',#11395);
#9728=PLANE('',#11396);
#9729=PLANE('',#11397);
#9730=PLANE('',#11398);
#9731=PLANE('',#11403);
#9732=PLANE('',#11404);
#9733=PLANE('',#11405);
#9734=PLANE('',#11406);
#9735=PLANE('',#11407);
#9736=PLANE('',#11408);
#9737=PLANE('',#11409);
#9738=PLANE('',#11410);
#9739=PLANE('',#11411);
#9740=PLANE('',#11412);
#9741=PLANE('',#11413);
#9742=PLANE('',#11414);
#9743=PLANE('',#11415);
#9744=PLANE('',#11416);
#9745=PLANE('',#11417);
#9746=PLANE('',#11418);
#9747=PLANE('',#11419);
#9748=PLANE('',#11420);
#9749=PLANE('',#11421);
#9750=PLANE('',#11422);
#9751=PLANE('',#11423);
#9752=PLANE('',#11424);
#9753=PLANE('',#11425);
#9754=PLANE('',#11426);
#9755=PLANE('',#11427);
#9756=PLANE('',#11428);
#9757=PLANE('',#11429);
#9758=PLANE('',#11430);
#9759=PLANE('',#11431);
#9760=PLANE('',#11432);
#9761=PLANE('',#11433);
#9762=PLANE('',#11434);
#9763=PLANE('',#11435);
#9764=PLANE('',#11436);
#9765=PLANE('',#11439);
#9766=PLANE('',#11443);
#9767=PLANE('',#11447);
#9768=PLANE('',#11450);
#9769=PLANE('',#11451);
#9770=PLANE('',#11454);
#9771=PLANE('',#11459);
#9772=PLANE('',#11464);
#9773=PLANE('',#11467);
#9774=PLANE('',#11471);
#9775=PLANE('',#11475);
#9776=PLANE('',#11476);
#9777=PLANE('',#11477);
#9778=PLANE('',#11478);
#9779=PLANE('',#11479);
#9780=PLANE('',#11480);
#9781=PLANE('',#11481);
#9782=PLANE('',#11482);
#9783=PLANE('',#11483);
#9784=PLANE('',#11484);
#9785=PLANE('',#11485);
#9786=PLANE('',#11486);
#9787=PLANE('',#11491);
#9788=PLANE('',#11492);
#9789=PLANE('',#11493);
#9790=PLANE('',#11494);
#9791=PLANE('',#11495);
#9792=PLANE('',#11496);
#9793=PLANE('',#11497);
#9794=PLANE('',#11498);
#9795=PLANE('',#11499);
#9796=PLANE('',#11500);
#9797=PLANE('',#11501);
#9798=PLANE('',#11502);
#9799=PLANE('',#11503);
#9800=PLANE('',#11504);
#9801=PLANE('',#11505);
#9802=PLANE('',#11506);
#9803=PLANE('',#11508);
#9804=PLANE('',#11509);
#9805=PLANE('',#11510);
#9806=PLANE('',#11511);
#9807=PLANE('',#11512);
#9808=PLANE('',#11514);
#9809=PLANE('',#11517);
#9810=PLANE('',#11520);
#9811=PLANE('',#11521);
#9812=PLANE('',#11522);
#9813=PLANE('',#11523);
#9814=PLANE('',#11524);
#9815=PLANE('',#11526);
#9816=PLANE('',#11529);
#9817=ADVANCED_FACE('',(#8717),#9429,.T.);
#9818=ADVANCED_FACE('',(#8718),#9430,.T.);
#9819=ADVANCED_FACE('',(#8719),#9431,.T.);
#9820=ADVANCED_FACE('',(#8720),#9432,.T.);
#9821=ADVANCED_FACE('',(#8721),#9433,.T.);
#9822=ADVANCED_FACE('',(#8722),#9434,.F.);
#9823=ADVANCED_FACE('',(#8723),#9435,.F.);
#9824=ADVANCED_FACE('',(#8724),#9436,.F.);
#9825=ADVANCED_FACE('',(#8725),#9437,.T.);
#9826=ADVANCED_FACE('',(#8726),#9438,.F.);
#9827=ADVANCED_FACE('',(#8727),#9439,.F.);
#9828=ADVANCED_FACE('',(#8728),#9440,.F.);
#9829=ADVANCED_FACE('',(#8729),#9441,.T.);
#9830=ADVANCED_FACE('',(#8730),#9442,.T.);
#9831=ADVANCED_FACE('',(#8731),#9443,.F.);
#9832=ADVANCED_FACE('',(#8732),#9444,.T.);
#9833=ADVANCED_FACE('',(#8733),#9445,.F.);
#9834=ADVANCED_FACE('',(#8734),#9446,.F.);
#9835=ADVANCED_FACE('',(#8735),#9447,.T.);
#9836=ADVANCED_FACE('',(#8736),#9448,.T.);
#9837=ADVANCED_FACE('',(#8737,#8738,#8739,#8740,#8741,#8742),#9449,.T.);
#9838=ADVANCED_FACE('',(#8743),#9450,.T.);
#9839=ADVANCED_FACE('',(#8744),#9451,.F.);
#9840=ADVANCED_FACE('',(#8745),#9452,.F.);
#9841=ADVANCED_FACE('',(#8746),#9453,.F.);
#9842=ADVANCED_FACE('',(#8747),#9454,.T.);
#9843=ADVANCED_FACE('',(#8748),#9455,.F.);
#9844=ADVANCED_FACE('',(#8749),#9456,.F.);
#9845=ADVANCED_FACE('',(#8750),#9457,.F.);
#9846=ADVANCED_FACE('',(#8751),#9458,.T.);
#9847=ADVANCED_FACE('',(#8752),#9459,.T.);
#9848=ADVANCED_FACE('',(#8753),#9460,.F.);
#9849=ADVANCED_FACE('',(#8754),#9461,.T.);
#9850=ADVANCED_FACE('',(#8755),#9462,.F.);
#9851=ADVANCED_FACE('',(#8756),#9463,.F.);
#9852=ADVANCED_FACE('',(#8757),#9464,.T.);
#9853=ADVANCED_FACE('',(#8758),#9465,.T.);
#9854=ADVANCED_FACE('',(#8759),#9466,.T.);
#9855=ADVANCED_FACE('',(#8760),#9467,.F.);
#9856=ADVANCED_FACE('',(#8761),#9468,.F.);
#9857=ADVANCED_FACE('',(#8762),#9469,.T.);
#9858=ADVANCED_FACE('',(#8763),#9470,.F.);
#9859=ADVANCED_FACE('',(#8764),#9471,.T.);
#9860=ADVANCED_FACE('',(#8765),#9472,.T.);
#9861=ADVANCED_FACE('',(#8766),#9473,.F.);
#9862=ADVANCED_FACE('',(#8767,#8768,#8769,#8770,#8771),#9474,.F.);
#9863=ADVANCED_FACE('',(#8772),#9475,.T.);
#9864=ADVANCED_FACE('',(#8773),#9476,.F.);
#9865=ADVANCED_FACE('',(#8774),#9477,.T.);
#9866=ADVANCED_FACE('',(#8775),#9478,.T.);
#9867=ADVANCED_FACE('',(#8776),#9479,.F.);
#9868=ADVANCED_FACE('',(#8777),#9480,.F.);
#9869=ADVANCED_FACE('',(#8778),#9481,.T.);
#9870=ADVANCED_FACE('',(#8779),#9482,.F.);
#9871=ADVANCED_FACE('',(#8780),#9483,.T.);
#9872=ADVANCED_FACE('',(#8781),#9484,.T.);
#9873=ADVANCED_FACE('',(#8782,#8783,#8784,#8785,#8786,#8787,#8788),#9485,
 .F.);
#9874=ADVANCED_FACE('',(#8789,#8790),#350,.F.);
#9875=ADVANCED_FACE('',(#8791,#8792),#351,.F.);
#9876=ADVANCED_FACE('',(#8793,#8794),#352,.T.);
#9877=ADVANCED_FACE('',(#8795),#9486,.T.);
#9878=ADVANCED_FACE('',(#8796,#8797),#353,.T.);
#9879=ADVANCED_FACE('',(#8798),#9487,.T.);
#9880=ADVANCED_FACE('',(#8799),#9488,.T.);
#9881=ADVANCED_FACE('',(#8800),#9489,.T.);
#9882=ADVANCED_FACE('',(#8801,#8802),#354,.T.);
#9883=ADVANCED_FACE('',(#8803),#9490,.T.);
#9884=ADVANCED_FACE('',(#8804,#8805),#355,.T.);
#9885=ADVANCED_FACE('',(#8806),#9491,.T.);
#9886=ADVANCED_FACE('',(#8807),#9492,.T.);
#9887=ADVANCED_FACE('',(#8808),#9493,.T.);
#9888=ADVANCED_FACE('',(#8809),#9494,.F.);
#9889=ADVANCED_FACE('',(#8810),#9495,.F.);
#9890=ADVANCED_FACE('',(#8811),#9496,.T.);
#9891=ADVANCED_FACE('',(#8812),#9497,.T.);
#9892=ADVANCED_FACE('',(#8813),#9498,.F.);
#9893=ADVANCED_FACE('',(#8814),#9499,.T.);
#9894=ADVANCED_FACE('',(#8815),#9500,.F.);
#9895=ADVANCED_FACE('',(#8816),#9501,.F.);
#9896=ADVANCED_FACE('',(#8817),#9502,.T.);
#9897=ADVANCED_FACE('',(#8818),#9503,.T.);
#9898=ADVANCED_FACE('',(#8819),#9504,.T.);
#9899=ADVANCED_FACE('',(#8820),#9505,.F.);
#9900=ADVANCED_FACE('',(#8821),#9506,.T.);
#9901=ADVANCED_FACE('',(#8822),#9507,.T.);
#9902=ADVANCED_FACE('',(#8823),#9508,.F.);
#9903=ADVANCED_FACE('',(#8824),#9509,.T.);
#9904=ADVANCED_FACE('',(#8825),#9510,.T.);
#9905=ADVANCED_FACE('',(#8826),#9511,.T.);
#9906=ADVANCED_FACE('',(#8827),#9512,.T.);
#9907=ADVANCED_FACE('',(#8828),#9513,.T.);
#9908=ADVANCED_FACE('',(#8829),#9514,.F.);
#9909=ADVANCED_FACE('',(#8830),#9515,.T.);
#9910=ADVANCED_FACE('',(#8831),#9516,.F.);
#9911=ADVANCED_FACE('',(#8832),#9517,.T.);
#9912=ADVANCED_FACE('',(#8833),#9518,.T.);
#9913=ADVANCED_FACE('',(#8834),#9519,.T.);
#9914=ADVANCED_FACE('',(#8835),#9520,.T.);
#9915=ADVANCED_FACE('',(#8836),#9521,.F.);
#9916=ADVANCED_FACE('',(#8837,#8838),#356,.T.);
#9917=ADVANCED_FACE('',(#8839),#9522,.T.);
#9918=ADVANCED_FACE('',(#8840,#8841),#357,.T.);
#9919=ADVANCED_FACE('',(#8842),#9523,.T.);
#9920=ADVANCED_FACE('',(#8843,#8844),#358,.T.);
#9921=ADVANCED_FACE('',(#8845),#9524,.T.);
#9922=ADVANCED_FACE('',(#8846,#8847),#359,.T.);
#9923=ADVANCED_FACE('',(#8848),#9525,.T.);
#9924=ADVANCED_FACE('',(#8849,#8850),#360,.F.);
#9925=ADVANCED_FACE('',(#8851,#8852),#361,.T.);
#9926=ADVANCED_FACE('',(#8853,#8854),#198,.T.);
#9927=ADVANCED_FACE('',(#8855,#8856),#199,.T.);
#9928=ADVANCED_FACE('',(#8857,#8858),#362,.T.);
#9929=ADVANCED_FACE('',(#8859),#9526,.F.);
#9930=ADVANCED_FACE('',(#8860),#9527,.F.);
#9931=ADVANCED_FACE('',(#8861),#363,.F.);
#9932=ADVANCED_FACE('',(#8862),#9528,.T.);
#9933=ADVANCED_FACE('',(#8863),#364,.F.);
#9934=ADVANCED_FACE('',(#8864,#8865),#9529,.T.);
#9935=ADVANCED_FACE('',(#8866),#9530,.T.);
#9936=ADVANCED_FACE('',(#8867),#9531,.F.);
#9937=ADVANCED_FACE('',(#8868),#9532,.T.);
#9938=ADVANCED_FACE('',(#8869),#9533,.T.);
#9939=ADVANCED_FACE('',(#8870),#365,.T.);
#9940=ADVANCED_FACE('',(#8871),#366,.T.);
#9941=ADVANCED_FACE('',(#8872),#367,.T.);
#9942=ADVANCED_FACE('',(#8873),#368,.T.);
#9943=ADVANCED_FACE('',(#8874),#369,.F.);
#9944=ADVANCED_FACE('',(#8875),#370,.F.);
#9945=ADVANCED_FACE('',(#8876),#9534,.F.);
#9946=ADVANCED_FACE('',(#8877),#9535,.T.);
#9947=ADVANCED_FACE('',(#8878),#9536,.T.);
#9948=ADVANCED_FACE('',(#8879),#371,.T.);
#9949=ADVANCED_FACE('',(#8880),#372,.T.);
#9950=ADVANCED_FACE('',(#8881),#373,.T.);
#9951=ADVANCED_FACE('',(#8882),#374,.T.);
#9952=ADVANCED_FACE('',(#8883),#375,.F.);
#9953=ADVANCED_FACE('',(#8884),#9537,.F.);
#9954=ADVANCED_FACE('',(#8885),#9538,.T.);
#9955=ADVANCED_FACE('',(#8886),#9539,.T.);
#9956=ADVANCED_FACE('',(#8887),#376,.T.);
#9957=ADVANCED_FACE('',(#8888),#377,.T.);
#9958=ADVANCED_FACE('',(#8889),#378,.T.);
#9959=ADVANCED_FACE('',(#8890),#379,.T.);
#9960=ADVANCED_FACE('',(#8891),#380,.F.);
#9961=ADVANCED_FACE('',(#8892),#9540,.F.);
#9962=ADVANCED_FACE('',(#8893),#9541,.T.);
#9963=ADVANCED_FACE('',(#8894),#9542,.T.);
#9964=ADVANCED_FACE('',(#8895),#381,.T.);
#9965=ADVANCED_FACE('',(#8896),#382,.T.);
#9966=ADVANCED_FACE('',(#8897),#383,.T.);
#9967=ADVANCED_FACE('',(#8898),#384,.T.);
#9968=ADVANCED_FACE('',(#8899),#385,.T.);
#9969=ADVANCED_FACE('',(#8900),#386,.F.);
#9970=ADVANCED_FACE('',(#8901),#9543,.F.);
#9971=ADVANCED_FACE('',(#8902),#9544,.T.);
#9972=ADVANCED_FACE('',(#8903),#9545,.T.);
#9973=ADVANCED_FACE('',(#8904),#387,.T.);
#9974=ADVANCED_FACE('',(#8905),#388,.T.);
#9975=ADVANCED_FACE('',(#8906),#389,.T.);
#9976=ADVANCED_FACE('',(#8907),#390,.T.);
#9977=ADVANCED_FACE('',(#8908,#8909),#391,.T.);
#9978=ADVANCED_FACE('',(#8910,#8911),#200,.T.);
#9979=ADVANCED_FACE('',(#8912,#8913),#201,.T.);
#9980=ADVANCED_FACE('',(#8914,#8915),#392,.F.);
#9981=ADVANCED_FACE('',(#8916,#8917),#393,.T.);
#9982=ADVANCED_FACE('',(#8918,#8919),#202,.T.);
#9983=ADVANCED_FACE('',(#8920,#8921),#203,.T.);
#9984=ADVANCED_FACE('',(#8922),#9546,.T.);
#9985=ADVANCED_FACE('',(#8923),#9547,.F.);
#9986=ADVANCED_FACE('',(#8924),#9548,.F.);
#9987=ADVANCED_FACE('',(#8925),#9549,.F.);
#9988=ADVANCED_FACE('',(#8926),#9550,.T.);
#9989=ADVANCED_FACE('',(#8927),#9551,.F.);
#9990=ADVANCED_FACE('',(#8928),#9552,.F.);
#9991=ADVANCED_FACE('',(#8929),#9553,.F.);
#9992=ADVANCED_FACE('',(#8930),#9554,.F.);
#9993=ADVANCED_FACE('',(#8931),#9555,.F.);
#9994=ADVANCED_FACE('',(#8932),#9556,.F.);
#9995=ADVANCED_FACE('',(#8933,#8934),#394,.F.);
#9996=ADVANCED_FACE('',(#8935),#9557,.T.);
#9997=ADVANCED_FACE('',(#8936,#8937,#8938),#9558,.T.);
#9998=ADVANCED_FACE('',(#8939,#8940,#8941),#9559,.F.);
#9999=ADVANCED_FACE('',(#8942),#9560,.T.);
#10000=ADVANCED_FACE('',(#8943,#8944),#395,.T.);
#10001=ADVANCED_FACE('',(#8945),#9561,.T.);
#10002=ADVANCED_FACE('',(#8946),#9562,.T.);
#10003=ADVANCED_FACE('',(#8947),#9563,.T.);
#10004=ADVANCED_FACE('',(#8948),#9564,.F.);
#10005=ADVANCED_FACE('',(#8949),#9565,.F.);
#10006=ADVANCED_FACE('',(#8950,#8951),#396,.F.);
#10007=ADVANCED_FACE('',(#8952),#9566,.T.);
#10008=ADVANCED_FACE('',(#8953,#8954),#397,.T.);
#10009=ADVANCED_FACE('',(#8955),#9567,.T.);
#10010=ADVANCED_FACE('',(#8956),#9568,.T.);
#10011=ADVANCED_FACE('',(#8957),#9569,.F.);
#10012=ADVANCED_FACE('',(#8958),#9570,.T.);
#10013=ADVANCED_FACE('',(#8959),#9571,.F.);
#10014=ADVANCED_FACE('',(#8960),#9572,.T.);
#10015=ADVANCED_FACE('',(#8961),#9573,.T.);
#10016=ADVANCED_FACE('',(#8962),#9574,.T.);
#10017=ADVANCED_FACE('',(#8963),#9575,.T.);
#10018=ADVANCED_FACE('',(#8964),#398,.T.);
#10019=ADVANCED_FACE('',(#8965),#399,.T.);
#10020=ADVANCED_FACE('',(#8966),#400,.T.);
#10021=ADVANCED_FACE('',(#8967),#401,.T.);
#10022=ADVANCED_FACE('',(#8968),#9576,.T.);
#10023=ADVANCED_FACE('',(#8969),#9577,.T.);
#10024=ADVANCED_FACE('',(#8970),#9578,.F.);
#10025=ADVANCED_FACE('',(#8971),#9579,.F.);
#10026=ADVANCED_FACE('',(#8972),#9580,.T.);
#10027=ADVANCED_FACE('',(#8973),#402,.T.);
#10028=ADVANCED_FACE('',(#8974),#9581,.F.);
#10029=ADVANCED_FACE('',(#8975),#9582,.F.);
#10030=ADVANCED_FACE('',(#8976),#9583,.T.);
#10031=ADVANCED_FACE('',(#8977),#9584,.F.);
#10032=ADVANCED_FACE('',(#8978),#9585,.F.);
#10033=ADVANCED_FACE('',(#8979),#9586,.T.);
#10034=ADVANCED_FACE('',(#8980),#9587,.T.);
#10035=ADVANCED_FACE('',(#8981),#403,.T.);
#10036=ADVANCED_FACE('',(#8982),#9588,.F.);
#10037=ADVANCED_FACE('',(#8983),#9589,.F.);
#10038=ADVANCED_FACE('',(#8984),#9590,.F.);
#10039=ADVANCED_FACE('',(#8985),#9591,.F.);
#10040=ADVANCED_FACE('',(#8986),#9592,.F.);
#10041=ADVANCED_FACE('',(#8987),#9593,.T.);
#10042=ADVANCED_FACE('',(#8988),#9594,.F.);
#10043=ADVANCED_FACE('',(#8989),#9595,.F.);
#10044=ADVANCED_FACE('',(#8990),#9596,.F.);
#10045=ADVANCED_FACE('',(#8991,#8992),#404,.F.);
#10046=ADVANCED_FACE('',(#8993),#9597,.T.);
#10047=ADVANCED_FACE('',(#8994,#8995,#8996),#9598,.T.);
#10048=ADVANCED_FACE('',(#8997),#9599,.F.);
#10049=ADVANCED_FACE('',(#8998),#9600,.T.);
#10050=ADVANCED_FACE('',(#8999,#9000),#405,.T.);
#10051=ADVANCED_FACE('',(#9001),#9601,.T.);
#10052=ADVANCED_FACE('',(#9002),#9602,.F.);
#10053=ADVANCED_FACE('',(#9003),#9603,.T.);
#10054=ADVANCED_FACE('',(#9004),#9604,.T.);
#10055=ADVANCED_FACE('',(#9005),#9605,.F.);
#10056=ADVANCED_FACE('',(#9006),#9606,.F.);
#10057=ADVANCED_FACE('',(#9007),#9607,.F.);
#10058=ADVANCED_FACE('',(#9008),#9608,.T.);
#10059=ADVANCED_FACE('',(#9009),#9609,.F.);
#10060=ADVANCED_FACE('',(#9010),#9610,.T.);
#10061=ADVANCED_FACE('',(#9011),#9611,.F.);
#10062=ADVANCED_FACE('',(#9012),#9612,.T.);
#10063=ADVANCED_FACE('',(#9013),#9613,.F.);
#10064=ADVANCED_FACE('',(#9014),#9614,.T.);
#10065=ADVANCED_FACE('',(#9015),#9615,.T.);
#10066=ADVANCED_FACE('',(#9016),#9616,.T.);
#10067=ADVANCED_FACE('',(#9017),#9617,.F.);
#10068=ADVANCED_FACE('',(#9018),#9618,.T.);
#10069=ADVANCED_FACE('',(#9019),#406,.T.);
#10070=ADVANCED_FACE('',(#9020),#407,.T.);
#10071=ADVANCED_FACE('',(#9021),#9619,.F.);
#10072=ADVANCED_FACE('',(#9022),#9620,.F.);
#10073=ADVANCED_FACE('',(#9023),#9621,.T.);
#10074=ADVANCED_FACE('',(#9024),#9622,.T.);
#10075=ADVANCED_FACE('',(#9025),#9623,.T.);
#10076=ADVANCED_FACE('',(#9026),#408,.T.);
#10077=ADVANCED_FACE('',(#9027),#9624,.F.);
#10078=ADVANCED_FACE('',(#9028),#9625,.F.);
#10079=ADVANCED_FACE('',(#9029),#9626,.T.);
#10080=ADVANCED_FACE('',(#9030),#9627,.F.);
#10081=ADVANCED_FACE('',(#9031),#9628,.F.);
#10082=ADVANCED_FACE('',(#9032),#9629,.T.);
#10083=ADVANCED_FACE('',(#9033),#9630,.T.);
#10084=ADVANCED_FACE('',(#9034,#9035),#409,.F.);
#10085=ADVANCED_FACE('',(#9036,#9037),#410,.T.);
#10086=ADVANCED_FACE('',(#9038,#9039),#204,.T.);
#10087=ADVANCED_FACE('',(#9040,#9041),#205,.T.);
#10088=ADVANCED_FACE('',(#9042,#9043),#411,.F.);
#10089=ADVANCED_FACE('',(#9044,#9045),#412,.T.);
#10090=ADVANCED_FACE('',(#9046,#9047),#206,.T.);
#10091=ADVANCED_FACE('',(#9048,#9049),#207,.T.);
#10092=ADVANCED_FACE('',(#9050,#9051),#413,.F.);
#10093=ADVANCED_FACE('',(#9052,#9053),#414,.T.);
#10094=ADVANCED_FACE('',(#9054,#9055),#208,.T.);
#10095=ADVANCED_FACE('',(#9056,#9057),#209,.T.);
#10096=ADVANCED_FACE('',(#9058),#9631,.T.);
#10097=ADVANCED_FACE('',(#9059),#9632,.F.);
#10098=ADVANCED_FACE('',(#9060),#9633,.F.);
#10099=ADVANCED_FACE('',(#9061),#9634,.T.);
#10100=ADVANCED_FACE('',(#9062,#9063),#9635,.T.);
#10101=ADVANCED_FACE('',(#9064),#9636,.F.);
#10102=ADVANCED_FACE('',(#9065,#9066),#415,.T.);
#10103=ADVANCED_FACE('',(#9067),#9637,.T.);
#10104=ADVANCED_FACE('',(#9068),#9638,.T.);
#10105=ADVANCED_FACE('',(#9069),#9639,.F.);
#10106=ADVANCED_FACE('',(#9070),#9640,.F.);
#10107=ADVANCED_FACE('',(#9071),#9641,.T.);
#10108=ADVANCED_FACE('',(#9072,#9073),#9642,.T.);
#10109=ADVANCED_FACE('',(#9074),#9643,.F.);
#10110=ADVANCED_FACE('',(#9075,#9076),#416,.T.);
#10111=ADVANCED_FACE('',(#9077),#9644,.T.);
#10112=ADVANCED_FACE('',(#9078,#9079),#417,.T.);
#10113=ADVANCED_FACE('',(#9080),#9645,.F.);
#10114=ADVANCED_FACE('',(#9081),#9646,.F.);
#10115=ADVANCED_FACE('',(#9082),#9647,.F.);
#10116=ADVANCED_FACE('',(#9083),#9648,.F.);
#10117=ADVANCED_FACE('',(#9084),#9649,.F.);
#10118=ADVANCED_FACE('',(#9085),#9650,.F.);
#10119=ADVANCED_FACE('',(#9086),#418,.F.);
#10120=ADVANCED_FACE('',(#9087),#9651,.T.);
#10121=ADVANCED_FACE('',(#9088),#419,.F.);
#10122=ADVANCED_FACE('',(#9089,#9090),#9652,.T.);
#10123=ADVANCED_FACE('',(#9091),#9653,.T.);
#10124=ADVANCED_FACE('',(#9092),#9654,.F.);
#10125=ADVANCED_FACE('',(#9093),#9655,.T.);
#10126=ADVANCED_FACE('',(#9094),#9656,.T.);
#10127=ADVANCED_FACE('',(#9095),#420,.T.);
#10128=ADVANCED_FACE('',(#9096),#421,.T.);
#10129=ADVANCED_FACE('',(#9097),#422,.T.);
#10130=ADVANCED_FACE('',(#9098),#423,.T.);
#10131=ADVANCED_FACE('',(#9099),#424,.F.);
#10132=ADVANCED_FACE('',(#9100),#425,.F.);
#10133=ADVANCED_FACE('',(#9101),#9657,.F.);
#10134=ADVANCED_FACE('',(#9102),#9658,.T.);
#10135=ADVANCED_FACE('',(#9103),#9659,.T.);
#10136=ADVANCED_FACE('',(#9104),#426,.T.);
#10137=ADVANCED_FACE('',(#9105),#427,.T.);
#10138=ADVANCED_FACE('',(#9106),#428,.T.);
#10139=ADVANCED_FACE('',(#9107),#429,.T.);
#10140=ADVANCED_FACE('',(#9108),#430,.F.);
#10141=ADVANCED_FACE('',(#9109),#9660,.F.);
#10142=ADVANCED_FACE('',(#9110),#9661,.T.);
#10143=ADVANCED_FACE('',(#9111),#9662,.T.);
#10144=ADVANCED_FACE('',(#9112),#431,.T.);
#10145=ADVANCED_FACE('',(#9113),#432,.T.);
#10146=ADVANCED_FACE('',(#9114),#433,.T.);
#10147=ADVANCED_FACE('',(#9115),#434,.T.);
#10148=ADVANCED_FACE('',(#9116),#435,.F.);
#10149=ADVANCED_FACE('',(#9117),#9663,.F.);
#10150=ADVANCED_FACE('',(#9118),#9664,.T.);
#10151=ADVANCED_FACE('',(#9119),#9665,.T.);
#10152=ADVANCED_FACE('',(#9120),#436,.T.);
#10153=ADVANCED_FACE('',(#9121),#437,.T.);
#10154=ADVANCED_FACE('',(#9122),#438,.T.);
#10155=ADVANCED_FACE('',(#9123),#439,.T.);
#10156=ADVANCED_FACE('',(#9124),#440,.T.);
#10157=ADVANCED_FACE('',(#9125),#441,.F.);
#10158=ADVANCED_FACE('',(#9126),#9666,.F.);
#10159=ADVANCED_FACE('',(#9127),#9667,.T.);
#10160=ADVANCED_FACE('',(#9128),#9668,.T.);
#10161=ADVANCED_FACE('',(#9129),#442,.T.);
#10162=ADVANCED_FACE('',(#9130),#443,.T.);
#10163=ADVANCED_FACE('',(#9131),#444,.T.);
#10164=ADVANCED_FACE('',(#9132),#445,.T.);
#10165=ADVANCED_FACE('',(#9133,#9134),#446,.T.);
#10166=ADVANCED_FACE('',(#9135,#9136),#210,.T.);
#10167=ADVANCED_FACE('',(#9137,#9138),#211,.T.);
#10168=ADVANCED_FACE('',(#9139),#447,.F.);
#10169=ADVANCED_FACE('',(#9140),#448,.F.);
#10170=ADVANCED_FACE('',(#9141),#449,.F.);
#10171=ADVANCED_FACE('',(#9142),#450,.F.);
#10172=ADVANCED_FACE('',(#9143),#451,.F.);
#10173=ADVANCED_FACE('',(#9144),#9669,.T.);
#10174=ADVANCED_FACE('',(#9145,#9146),#452,.F.);
#10175=ADVANCED_FACE('',(#9147,#9148),#453,.T.);
#10176=ADVANCED_FACE('',(#9149,#9150),#212,.T.);
#10177=ADVANCED_FACE('',(#9151,#9152),#213,.T.);
#10178=ADVANCED_FACE('',(#9153),#9670,.F.);
#10179=ADVANCED_FACE('',(#9154),#9671,.F.);
#10180=ADVANCED_FACE('',(#9155),#9672,.F.);
#10181=ADVANCED_FACE('',(#9156),#9673,.F.);
#10182=ADVANCED_FACE('',(#9157,#9158),#454,.T.);
#10183=ADVANCED_FACE('',(#9159),#9674,.F.);
#10184=ADVANCED_FACE('',(#9160),#9675,.F.);
#10185=ADVANCED_FACE('',(#9161),#455,.F.);
#10186=ADVANCED_FACE('',(#9162),#9676,.T.);
#10187=ADVANCED_FACE('',(#9163),#456,.F.);
#10188=ADVANCED_FACE('',(#9164,#9165),#9677,.T.);
#10189=ADVANCED_FACE('',(#9166),#9678,.T.);
#10190=ADVANCED_FACE('',(#9167),#9679,.F.);
#10191=ADVANCED_FACE('',(#9168),#9680,.T.);
#10192=ADVANCED_FACE('',(#9169),#9681,.T.);
#10193=ADVANCED_FACE('',(#9170),#457,.T.);
#10194=ADVANCED_FACE('',(#9171),#458,.T.);
#10195=ADVANCED_FACE('',(#9172),#459,.T.);
#10196=ADVANCED_FACE('',(#9173),#460,.T.);
#10197=ADVANCED_FACE('',(#9174),#461,.F.);
#10198=ADVANCED_FACE('',(#9175),#462,.F.);
#10199=ADVANCED_FACE('',(#9176),#9682,.F.);
#10200=ADVANCED_FACE('',(#9177),#9683,.T.);
#10201=ADVANCED_FACE('',(#9178),#9684,.T.);
#10202=ADVANCED_FACE('',(#9179),#463,.T.);
#10203=ADVANCED_FACE('',(#9180),#464,.T.);
#10204=ADVANCED_FACE('',(#9181),#465,.T.);
#10205=ADVANCED_FACE('',(#9182),#466,.T.);
#10206=ADVANCED_FACE('',(#9183),#467,.F.);
#10207=ADVANCED_FACE('',(#9184),#9685,.F.);
#10208=ADVANCED_FACE('',(#9185),#9686,.T.);
#10209=ADVANCED_FACE('',(#9186),#9687,.T.);
#10210=ADVANCED_FACE('',(#9187),#468,.T.);
#10211=ADVANCED_FACE('',(#9188),#469,.T.);
#10212=ADVANCED_FACE('',(#9189),#470,.T.);
#10213=ADVANCED_FACE('',(#9190),#471,.T.);
#10214=ADVANCED_FACE('',(#9191),#472,.F.);
#10215=ADVANCED_FACE('',(#9192),#9688,.F.);
#10216=ADVANCED_FACE('',(#9193),#9689,.T.);
#10217=ADVANCED_FACE('',(#9194),#9690,.T.);
#10218=ADVANCED_FACE('',(#9195),#473,.T.);
#10219=ADVANCED_FACE('',(#9196),#474,.T.);
#10220=ADVANCED_FACE('',(#9197),#475,.T.);
#10221=ADVANCED_FACE('',(#9198),#476,.T.);
#10222=ADVANCED_FACE('',(#9199),#477,.T.);
#10223=ADVANCED_FACE('',(#9200),#478,.F.);
#10224=ADVANCED_FACE('',(#9201),#9691,.F.);
#10225=ADVANCED_FACE('',(#9202),#9692,.T.);
#10226=ADVANCED_FACE('',(#9203),#9693,.T.);
#10227=ADVANCED_FACE('',(#9204),#479,.T.);
#10228=ADVANCED_FACE('',(#9205),#480,.T.);
#10229=ADVANCED_FACE('',(#9206),#481,.T.);
#10230=ADVANCED_FACE('',(#9207),#482,.T.);
#10231=ADVANCED_FACE('',(#9208,#9209),#483,.T.);
#10232=ADVANCED_FACE('',(#9210,#9211),#214,.T.);
#10233=ADVANCED_FACE('',(#9212,#9213),#215,.T.);
#10234=ADVANCED_FACE('',(#9214),#484,.F.);
#10235=ADVANCED_FACE('',(#9215),#485,.F.);
#10236=ADVANCED_FACE('',(#9216),#486,.F.);
#10237=ADVANCED_FACE('',(#9217),#487,.F.);
#10238=ADVANCED_FACE('',(#9218),#488,.F.);
#10239=ADVANCED_FACE('',(#9219),#9694,.T.);
#10240=ADVANCED_FACE('',(#9220,#9221),#489,.T.);
#10241=ADVANCED_FACE('',(#9222),#9695,.F.);
#10242=ADVANCED_FACE('',(#9223),#9696,.F.);
#10243=ADVANCED_FACE('',(#9224),#490,.F.);
#10244=ADVANCED_FACE('',(#9225),#9697,.T.);
#10245=ADVANCED_FACE('',(#9226),#491,.F.);
#10246=ADVANCED_FACE('',(#9227,#9228),#9698,.T.);
#10247=ADVANCED_FACE('',(#9229),#9699,.T.);
#10248=ADVANCED_FACE('',(#9230),#9700,.F.);
#10249=ADVANCED_FACE('',(#9231),#9701,.T.);
#10250=ADVANCED_FACE('',(#9232),#9702,.T.);
#10251=ADVANCED_FACE('',(#9233),#492,.T.);
#10252=ADVANCED_FACE('',(#9234),#493,.T.);
#10253=ADVANCED_FACE('',(#9235),#494,.T.);
#10254=ADVANCED_FACE('',(#9236),#495,.T.);
#10255=ADVANCED_FACE('',(#9237),#496,.F.);
#10256=ADVANCED_FACE('',(#9238),#497,.F.);
#10257=ADVANCED_FACE('',(#9239),#9703,.F.);
#10258=ADVANCED_FACE('',(#9240),#9704,.T.);
#10259=ADVANCED_FACE('',(#9241),#9705,.T.);
#10260=ADVANCED_FACE('',(#9242),#498,.T.);
#10261=ADVANCED_FACE('',(#9243),#499,.T.);
#10262=ADVANCED_FACE('',(#9244),#500,.T.);
#10263=ADVANCED_FACE('',(#9245),#501,.T.);
#10264=ADVANCED_FACE('',(#9246),#502,.F.);
#10265=ADVANCED_FACE('',(#9247),#9706,.F.);
#10266=ADVANCED_FACE('',(#9248),#9707,.T.);
#10267=ADVANCED_FACE('',(#9249),#9708,.T.);
#10268=ADVANCED_FACE('',(#9250),#503,.T.);
#10269=ADVANCED_FACE('',(#9251),#504,.T.);
#10270=ADVANCED_FACE('',(#9252),#505,.T.);
#10271=ADVANCED_FACE('',(#9253),#506,.T.);
#10272=ADVANCED_FACE('',(#9254),#507,.F.);
#10273=ADVANCED_FACE('',(#9255),#9709,.F.);
#10274=ADVANCED_FACE('',(#9256),#9710,.T.);
#10275=ADVANCED_FACE('',(#9257),#9711,.T.);
#10276=ADVANCED_FACE('',(#9258),#508,.T.);
#10277=ADVANCED_FACE('',(#9259),#509,.T.);
#10278=ADVANCED_FACE('',(#9260),#510,.T.);
#10279=ADVANCED_FACE('',(#9261),#511,.T.);
#10280=ADVANCED_FACE('',(#9262),#512,.T.);
#10281=ADVANCED_FACE('',(#9263),#513,.F.);
#10282=ADVANCED_FACE('',(#9264),#9712,.F.);
#10283=ADVANCED_FACE('',(#9265),#9713,.T.);
#10284=ADVANCED_FACE('',(#9266),#9714,.T.);
#10285=ADVANCED_FACE('',(#9267),#514,.T.);
#10286=ADVANCED_FACE('',(#9268),#515,.T.);
#10287=ADVANCED_FACE('',(#9269),#516,.T.);
#10288=ADVANCED_FACE('',(#9270),#517,.T.);
#10289=ADVANCED_FACE('',(#9271,#9272),#518,.T.);
#10290=ADVANCED_FACE('',(#9273,#9274),#216,.T.);
#10291=ADVANCED_FACE('',(#9275,#9276),#217,.T.);
#10292=ADVANCED_FACE('',(#9277),#9715,.F.);
#10293=ADVANCED_FACE('',(#9278),#9716,.F.);
#10294=ADVANCED_FACE('',(#9279,#9280,#9281),#9717,.T.);
#10295=ADVANCED_FACE('',(#9282),#9718,.T.);
#10296=ADVANCED_FACE('',(#9283),#9719,.T.);
#10297=ADVANCED_FACE('',(#9284),#9720,.T.);
#10298=ADVANCED_FACE('',(#9285),#9721,.F.);
#10299=ADVANCED_FACE('',(#9286),#9722,.F.);
#10300=ADVANCED_FACE('',(#9287),#9723,.T.);
#10301=ADVANCED_FACE('',(#9288,#9289,#9290,#9291,#9292),#9724,.F.);
#10302=ADVANCED_FACE('',(#9293),#9725,.T.);
#10303=ADVANCED_FACE('',(#9294),#9726,.T.);
#10304=ADVANCED_FACE('',(#9295),#9727,.F.);
#10305=ADVANCED_FACE('',(#9296),#9728,.F.);
#10306=ADVANCED_FACE('',(#9297),#9729,.T.);
#10307=ADVANCED_FACE('',(#9298),#9730,.T.);
#10308=ADVANCED_FACE('',(#9299,#9300),#519,.F.);
#10309=ADVANCED_FACE('',(#9301,#9302),#520,.F.);
#10310=ADVANCED_FACE('',(#9303),#9731,.F.);
#10311=ADVANCED_FACE('',(#9304),#9732,.T.);
#10312=ADVANCED_FACE('',(#9305),#9733,.F.);
#10313=ADVANCED_FACE('',(#9306),#9734,.F.);
#10314=ADVANCED_FACE('',(#9307),#9735,.T.);
#10315=ADVANCED_FACE('',(#9308),#9736,.T.);
#10316=ADVANCED_FACE('',(#9309),#9737,.F.);
#10317=ADVANCED_FACE('',(#9310),#9738,.F.);
#10318=ADVANCED_FACE('',(#9311),#9739,.T.);
#10319=ADVANCED_FACE('',(#9312),#9740,.F.);
#10320=ADVANCED_FACE('',(#9313),#9741,.T.);
#10321=ADVANCED_FACE('',(#9314),#9742,.T.);
#10322=ADVANCED_FACE('',(#9315),#9743,.F.);
#10323=ADVANCED_FACE('',(#9316),#9744,.F.);
#10324=ADVANCED_FACE('',(#9317),#9745,.T.);
#10325=ADVANCED_FACE('',(#9318),#9746,.F.);
#10326=ADVANCED_FACE('',(#9319),#9747,.F.);
#10327=ADVANCED_FACE('',(#9320),#9748,.T.);
#10328=ADVANCED_FACE('',(#9321),#9749,.F.);
#10329=ADVANCED_FACE('',(#9322),#9750,.T.);
#10330=ADVANCED_FACE('',(#9323),#9751,.T.);
#10331=ADVANCED_FACE('',(#9324),#9752,.F.);
#10332=ADVANCED_FACE('',(#9325),#9753,.F.);
#10333=ADVANCED_FACE('',(#9326),#9754,.T.);
#10334=ADVANCED_FACE('',(#9327),#9755,.F.);
#10335=ADVANCED_FACE('',(#9328),#9756,.T.);
#10336=ADVANCED_FACE('',(#9329),#9757,.T.);
#10337=ADVANCED_FACE('',(#9330),#9758,.F.);
#10338=ADVANCED_FACE('',(#9331),#9759,.F.);
#10339=ADVANCED_FACE('',(#9332),#9760,.T.);
#10340=ADVANCED_FACE('',(#9333),#9761,.F.);
#10341=ADVANCED_FACE('',(#9334),#9762,.F.);
#10342=ADVANCED_FACE('',(#9335),#9763,.T.);
#10343=ADVANCED_FACE('',(#9336),#9764,.F.);
#10344=ADVANCED_FACE('',(#9337,#9338),#521,.T.);
#10345=ADVANCED_FACE('',(#9339,#9340),#9765,.T.);
#10346=ADVANCED_FACE('',(#9341,#9342),#522,.T.);
#10347=ADVANCED_FACE('',(#9343,#9344),#9766,.T.);
#10348=ADVANCED_FACE('',(#9345,#9346),#523,.T.);
#10349=ADVANCED_FACE('',(#9347,#9348),#9767,.T.);
#10350=ADVANCED_FACE('',(#9349,#9350),#524,.T.);
#10351=ADVANCED_FACE('',(#9351,#9352),#9768,.T.);
#10352=ADVANCED_FACE('',(#9353),#9769,.F.);
#10353=ADVANCED_FACE('',(#9354,#9355),#525,.F.);
#10354=ADVANCED_FACE('',(#9356),#9770,.F.);
#10355=ADVANCED_FACE('',(#9357,#9358),#526,.F.);
#10356=ADVANCED_FACE('',(#9359,#9360),#527,.T.);
#10357=ADVANCED_FACE('',(#9361,#9362),#9771,.T.);
#10358=ADVANCED_FACE('',(#9363,#9364),#528,.T.);
#10359=ADVANCED_FACE('',(#9365,#9366),#9772,.T.);
#10360=ADVANCED_FACE('',(#9367),#9773,.T.);
#10361=ADVANCED_FACE('',(#9368,#9369),#529,.T.);
#10362=ADVANCED_FACE('',(#9370),#9774,.T.);
#10363=ADVANCED_FACE('',(#9371,#9372),#530,.T.);
#10364=ADVANCED_FACE('',(#9373),#9775,.T.);
#10365=ADVANCED_FACE('',(#9374),#9776,.T.);
#10366=ADVANCED_FACE('',(#9375),#9777,.T.);
#10367=ADVANCED_FACE('',(#9376),#9778,.T.);
#10368=ADVANCED_FACE('',(#9377),#9779,.T.);
#10369=ADVANCED_FACE('',(#9378),#9780,.T.);
#10370=ADVANCED_FACE('',(#9379),#9781,.T.);
#10371=ADVANCED_FACE('',(#9380),#9782,.T.);
#10372=ADVANCED_FACE('',(#9381),#9783,.T.);
#10373=ADVANCED_FACE('',(#9382),#9784,.T.);
#10374=ADVANCED_FACE('',(#9383),#9785,.T.);
#10375=ADVANCED_FACE('',(#9384),#9786,.T.);
#10376=ADVANCED_FACE('',(#9385,#9386),#10,.T.);
#10377=ADVANCED_FACE('',(#9387,#9388),#11,.T.);
#10378=ADVANCED_FACE('',(#9389,#9390),#12,.T.);
#10379=ADVANCED_FACE('',(#9391,#9392),#13,.T.);
#10380=ADVANCED_FACE('',(#9393),#9787,.F.);
#10381=ADVANCED_FACE('',(#9394),#9788,.F.);
#10382=ADVANCED_FACE('',(#9395),#9789,.T.);
#10383=ADVANCED_FACE('',(#9396),#9790,.F.);
#10384=ADVANCED_FACE('',(#9397),#9791,.F.);
#10385=ADVANCED_FACE('',(#9398),#9792,.T.);
#10386=ADVANCED_FACE('',(#9399),#9793,.F.);
#10387=ADVANCED_FACE('',(#9400),#9794,.T.);
#10388=ADVANCED_FACE('',(#9401),#9795,.F.);
#10389=ADVANCED_FACE('',(#9402),#9796,.T.);
#10390=ADVANCED_FACE('',(#9403),#9797,.T.);
#10391=ADVANCED_FACE('',(#9404),#9798,.F.);
#10392=ADVANCED_FACE('',(#9405),#9799,.T.);
#10393=ADVANCED_FACE('',(#9406),#9800,.T.);
#10394=ADVANCED_FACE('',(#9407),#9801,.F.);
#10395=ADVANCED_FACE('',(#9408),#9802,.T.);
#10396=ADVANCED_FACE('',(#9409),#9803,.T.);
#10397=ADVANCED_FACE('',(#9410),#9804,.F.);
#10398=ADVANCED_FACE('',(#9411),#9805,.F.);
#10399=ADVANCED_FACE('',(#9412),#9806,.T.);
#10400=ADVANCED_FACE('',(#9413,#9414),#9807,.T.);
#10401=ADVANCED_FACE('',(#9415),#9808,.F.);
#10402=ADVANCED_FACE('',(#9416,#9417),#531,.T.);
#10403=ADVANCED_FACE('',(#9418),#9809,.T.);
#10404=ADVANCED_FACE('',(#9419),#9810,.T.);
#10405=ADVANCED_FACE('',(#9420),#9811,.F.);
#10406=ADVANCED_FACE('',(#9421),#9812,.F.);
#10407=ADVANCED_FACE('',(#9422),#9813,.T.);
#10408=ADVANCED_FACE('',(#9423,#9424),#9814,.T.);
#10409=ADVANCED_FACE('',(#9425),#9815,.F.);
#10410=ADVANCED_FACE('',(#9426,#9427),#532,.T.);
#10411=ADVANCED_FACE('',(#9428),#9816,.T.);
#10412=CLOSED_SHELL('',(#9817,#9818,#9819,#9820,#9821,#9822,#9823,#9824,
#9825,#9826,#9827,#9828,#9829,#9830,#9831,#9832,#9833,#9834,#9835,#9836,
#9837,#9838,#9839,#9840,#9841,#9842,#9843,#9844,#9845,#9846,#9847,#9848,
#9849,#9850,#9851,#9852,#9853,#9854,#9855,#9856,#9857,#9858,#9859,#9860,
#9861,#9862,#9863,#9864,#9865,#9866,#9867,#9868,#9869,#9870,#9871,#9872,
#9873,#9874,#9875,#9876,#9877,#9878,#9879,#9880,#9881,#9882,#9883,#9884,
#9885,#9886,#9887,#9888,#9889,#9890,#9891,#9892,#9893,#9894,#9895,#9896,
#9897,#9898,#9899,#9900,#9901,#9902,#9903,#9904,#9905,#9906,#9907,#9908,
#9909,#9910,#9911,#9912,#9913,#9914,#9915,#9916,#9917,#9918,#9919,#9920,
#9921,#9922,#9923));
#10413=CLOSED_SHELL('',(#9924,#9925,#9926,#9927));
#10414=CLOSED_SHELL('',(#9928,#9929,#9930,#9931,#9932,#9933,#9934,#9935,
#9936,#9937,#9938,#9939,#9940,#9941,#9942,#9943,#9944,#9945,#9946,#9947,
#9948,#9949,#9950,#9951,#9952,#9953,#9954,#9955,#9956,#9957,#9958,#9959,
#9960,#9961,#9962,#9963,#9964,#9965,#9966,#9967,#9968,#9969,#9970,#9971,
#9972,#9973,#9974,#9975,#9976,#9977,#9978,#9979));
#10415=CLOSED_SHELL('',(#9980,#9981,#9982,#9983));
#10416=CLOSED_SHELL('',(#9984,#9985,#9986,#9987,#9988,#9989,#9990,#9991,
#9992,#9993,#9994,#9995,#9996,#9997,#9998,#9999,#10000,#10001,#10002,#10003,
#10004,#10005,#10006,#10007,#10008,#10009));
#10417=CLOSED_SHELL('',(#10010,#10011,#10012,#10013,#10014,#10015,#10016,
#10017,#10018,#10019,#10020,#10021,#10022,#10023,#10024,#10025,#10026,#10027,
#10028,#10029,#10030,#10031,#10032,#10033,#10034,#10035));
#10418=CLOSED_SHELL('',(#10036,#10037,#10038,#10039,#10040,#10041,#10042,
#10043,#10044,#10045,#10046,#10047,#10048,#10049,#10050,#10051,#10052,#10053,
#10054,#10055,#10056,#10057,#10058,#10059,#10060,#10061));
#10419=CLOSED_SHELL('',(#10062,#10063,#10064,#10065,#10066,#10067,#10068,
#10069,#10070,#10071,#10072,#10073,#10074,#10075,#10076,#10077,#10078,#10079,
#10080,#10081,#10082,#10083));
#10420=CLOSED_SHELL('',(#10084,#10085,#10086,#10087));
#10421=CLOSED_SHELL('',(#10088,#10089,#10090,#10091));
#10422=CLOSED_SHELL('',(#10092,#10093,#10094,#10095));
#10423=CLOSED_SHELL('',(#10096,#10097,#10098,#10099,#10100,#10101,#10102,
#10103));
#10424=CLOSED_SHELL('',(#10104,#10105,#10106,#10107,#10108,#10109,#10110,
#10111));
#10425=CLOSED_SHELL('',(#10112,#10113,#10114,#10115,#10116,#10117,#10118,
#10119,#10120,#10121,#10122,#10123,#10124,#10125,#10126,#10127,#10128,#10129,
#10130,#10131,#10132,#10133,#10134,#10135,#10136,#10137,#10138,#10139,#10140,
#10141,#10142,#10143,#10144,#10145,#10146,#10147,#10148,#10149,#10150,#10151,
#10152,#10153,#10154,#10155,#10156,#10157,#10158,#10159,#10160,#10161,#10162,
#10163,#10164,#10165,#10166,#10167,#10168,#10169,#10170,#10171,#10172,#10173));
#10426=CLOSED_SHELL('',(#10174,#10175,#10176,#10177));
#10427=CLOSED_SHELL('',(#10178,#10179,#10180,#10181,#10182,#10183,#10184,
#10185,#10186,#10187,#10188,#10189,#10190,#10191,#10192,#10193,#10194,#10195,
#10196,#10197,#10198,#10199,#10200,#10201,#10202,#10203,#10204,#10205,#10206,
#10207,#10208,#10209,#10210,#10211,#10212,#10213,#10214,#10215,#10216,#10217,
#10218,#10219,#10220,#10221,#10222,#10223,#10224,#10225,#10226,#10227,#10228,
#10229,#10230,#10231,#10232,#10233,#10234,#10235,#10236,#10237,#10238,#10239));
#10428=CLOSED_SHELL('',(#10240,#10241,#10242,#10243,#10244,#10245,#10246,
#10247,#10248,#10249,#10250,#10251,#10252,#10253,#10254,#10255,#10256,#10257,
#10258,#10259,#10260,#10261,#10262,#10263,#10264,#10265,#10266,#10267,#10268,
#10269,#10270,#10271,#10272,#10273,#10274,#10275,#10276,#10277,#10278,#10279,
#10280,#10281,#10282,#10283,#10284,#10285,#10286,#10287,#10288,#10289,#10290,
#10291));
#10429=CLOSED_SHELL('',(#10292,#10293,#10294,#10295,#10296,#10297,#10298,
#10299,#10300,#10301,#10302,#10303,#10304,#10305,#10306,#10307,#10308,#10309,
#10310,#10311,#10312,#10313,#10314,#10315,#10316,#10317,#10318,#10319,#10320,
#10321,#10322,#10323,#10324,#10325,#10326,#10327,#10328,#10329,#10330,#10331,
#10332,#10333,#10334,#10335,#10336,#10337,#10338,#10339,#10340,#10341,#10342,
#10343,#10344,#10345,#10346,#10347,#10348,#10349,#10350,#10351,#10352,#10353,
#10354,#10355,#10356,#10357,#10358,#10359,#10360,#10361,#10362,#10363,#10364,
#10365,#10366,#10367,#10368,#10369,#10370,#10371,#10372,#10373,#10374,#10375,
#10376,#10377,#10378,#10379,#10380,#10381,#10382,#10383,#10384,#10385,#10386,
#10387,#10388,#10389,#10390,#10391,#10392,#10393,#10394,#10395));
#10430=CLOSED_SHELL('',(#10396,#10397,#10398,#10399,#10400,#10401,#10402,
#10403));
#10431=CLOSED_SHELL('',(#10404,#10405,#10406,#10407,#10408,#10409,#10410,
#10411));
#10432=STYLED_ITEM('',(#10450),#10563);
#10433=STYLED_ITEM('',(#10451),#10564);
#10434=STYLED_ITEM('',(#10452),#10565);
#10435=STYLED_ITEM('',(#10453),#10566);
#10436=STYLED_ITEM('',(#10454),#16);
#10437=STYLED_ITEM('',(#10455),#17);
#10438=STYLED_ITEM('',(#10456),#10567);
#10439=STYLED_ITEM('',(#10457),#10568);
#10440=STYLED_ITEM('',(#10458),#10569);
#10441=STYLED_ITEM('',(#10459),#10570);
#10442=STYLED_ITEM('',(#10460),#10571);
#10443=STYLED_ITEM('',(#10461),#10572);
#10444=STYLED_ITEM('',(#10462),#10573);
#10445=STYLED_ITEM('',(#10463),#10574);
#10446=STYLED_ITEM('',(#10464),#10575);
#10447=STYLED_ITEM('',(#10465),#10576);
#10448=STYLED_ITEM('',(#10466),#10577);
#10449=STYLED_ITEM('',(#10467),#10578);
#10450=PRESENTATION_STYLE_ASSIGNMENT((#10468));
#10451=PRESENTATION_STYLE_ASSIGNMENT((#10469));
#10452=PRESENTATION_STYLE_ASSIGNMENT((#10470));
#10453=PRESENTATION_STYLE_ASSIGNMENT((#10471));
#10454=PRESENTATION_STYLE_ASSIGNMENT((#10472));
#10455=PRESENTATION_STYLE_ASSIGNMENT((#10473));
#10456=PRESENTATION_STYLE_ASSIGNMENT((#10474));
#10457=PRESENTATION_STYLE_ASSIGNMENT((#10475));
#10458=PRESENTATION_STYLE_ASSIGNMENT((#10476));
#10459=PRESENTATION_STYLE_ASSIGNMENT((#10477));
#10460=PRESENTATION_STYLE_ASSIGNMENT((#10478));
#10461=PRESENTATION_STYLE_ASSIGNMENT((#10479));
#10462=PRESENTATION_STYLE_ASSIGNMENT((#10480));
#10463=PRESENTATION_STYLE_ASSIGNMENT((#10481));
#10464=PRESENTATION_STYLE_ASSIGNMENT((#10482));
#10465=PRESENTATION_STYLE_ASSIGNMENT((#10483));
#10466=PRESENTATION_STYLE_ASSIGNMENT((#10484));
#10467=PRESENTATION_STYLE_ASSIGNMENT((#10485));
#10468=SURFACE_STYLE_USAGE(.BOTH.,#10486);
#10469=SURFACE_STYLE_USAGE(.BOTH.,#10487);
#10470=SURFACE_STYLE_USAGE(.BOTH.,#10488);
#10471=SURFACE_STYLE_USAGE(.BOTH.,#10489);
#10472=SURFACE_STYLE_USAGE(.BOTH.,#10490);
#10473=SURFACE_STYLE_USAGE(.BOTH.,#10491);
#10474=SURFACE_STYLE_USAGE(.BOTH.,#10492);
#10475=SURFACE_STYLE_USAGE(.BOTH.,#10493);
#10476=SURFACE_STYLE_USAGE(.BOTH.,#10494);
#10477=SURFACE_STYLE_USAGE(.BOTH.,#10495);
#10478=SURFACE_STYLE_USAGE(.BOTH.,#10496);
#10479=SURFACE_STYLE_USAGE(.BOTH.,#10497);
#10480=SURFACE_STYLE_USAGE(.BOTH.,#10498);
#10481=SURFACE_STYLE_USAGE(.BOTH.,#10499);
#10482=SURFACE_STYLE_USAGE(.BOTH.,#10500);
#10483=SURFACE_STYLE_USAGE(.BOTH.,#10501);
#10484=SURFACE_STYLE_USAGE(.BOTH.,#10502);
#10485=SURFACE_STYLE_USAGE(.BOTH.,#10503);
#10486=SURFACE_SIDE_STYLE('',(#10504));
#10487=SURFACE_SIDE_STYLE('',(#10505));
#10488=SURFACE_SIDE_STYLE('',(#10506));
#10489=SURFACE_SIDE_STYLE('',(#10507));
#10490=SURFACE_SIDE_STYLE('',(#10508));
#10491=SURFACE_SIDE_STYLE('',(#10509));
#10492=SURFACE_SIDE_STYLE('',(#10510));
#10493=SURFACE_SIDE_STYLE('',(#10511));
#10494=SURFACE_SIDE_STYLE('',(#10512));
#10495=SURFACE_SIDE_STYLE('',(#10513));
#10496=SURFACE_SIDE_STYLE('',(#10514));
#10497=SURFACE_SIDE_STYLE('',(#10515));
#10498=SURFACE_SIDE_STYLE('',(#10516));
#10499=SURFACE_SIDE_STYLE('',(#10517));
#10500=SURFACE_SIDE_STYLE('',(#10518));
#10501=SURFACE_SIDE_STYLE('',(#10519));
#10502=SURFACE_SIDE_STYLE('',(#10520));
#10503=SURFACE_SIDE_STYLE('',(#10521));
#10504=SURFACE_STYLE_FILL_AREA(#10522);
#10505=SURFACE_STYLE_FILL_AREA(#10523);
#10506=SURFACE_STYLE_FILL_AREA(#10524);
#10507=SURFACE_STYLE_FILL_AREA(#10525);
#10508=SURFACE_STYLE_FILL_AREA(#10526);
#10509=SURFACE_STYLE_FILL_AREA(#10527);
#10510=SURFACE_STYLE_FILL_AREA(#10528);
#10511=SURFACE_STYLE_FILL_AREA(#10529);
#10512=SURFACE_STYLE_FILL_AREA(#10530);
#10513=SURFACE_STYLE_FILL_AREA(#10531);
#10514=SURFACE_STYLE_FILL_AREA(#10532);
#10515=SURFACE_STYLE_FILL_AREA(#10533);
#10516=SURFACE_STYLE_FILL_AREA(#10534);
#10517=SURFACE_STYLE_FILL_AREA(#10535);
#10518=SURFACE_STYLE_FILL_AREA(#10536);
#10519=SURFACE_STYLE_FILL_AREA(#10537);
#10520=SURFACE_STYLE_FILL_AREA(#10538);
#10521=SURFACE_STYLE_FILL_AREA(#10539);
#10522=FILL_AREA_STYLE('',(#10540));
#10523=FILL_AREA_STYLE('',(#10541));
#10524=FILL_AREA_STYLE('',(#10542));
#10525=FILL_AREA_STYLE('',(#10543));
#10526=FILL_AREA_STYLE('',(#10544));
#10527=FILL_AREA_STYLE('',(#10545));
#10528=FILL_AREA_STYLE('',(#10546));
#10529=FILL_AREA_STYLE('',(#10547));
#10530=FILL_AREA_STYLE('',(#10548));
#10531=FILL_AREA_STYLE('',(#10549));
#10532=FILL_AREA_STYLE('',(#10550));
#10533=FILL_AREA_STYLE('',(#10551));
#10534=FILL_AREA_STYLE('',(#10552));
#10535=FILL_AREA_STYLE('',(#10553));
#10536=FILL_AREA_STYLE('',(#10554));
#10537=FILL_AREA_STYLE('',(#10555));
#10538=FILL_AREA_STYLE('',(#10556));
#10539=FILL_AREA_STYLE('',(#10557));
#10540=FILL_AREA_STYLE_COLOUR('',#10558);
#10541=FILL_AREA_STYLE_COLOUR('',#10559);
#10542=FILL_AREA_STYLE_COLOUR('',#10559);
#10543=FILL_AREA_STYLE_COLOUR('',#10559);
#10544=FILL_AREA_STYLE_COLOUR('',#10560);
#10545=FILL_AREA_STYLE_COLOUR('',#10560);
#10546=FILL_AREA_STYLE_COLOUR('',#10559);
#10547=FILL_AREA_STYLE_COLOUR('',#10559);
#10548=FILL_AREA_STYLE_COLOUR('',#10559);
#10549=FILL_AREA_STYLE_COLOUR('',#10561);
#10550=FILL_AREA_STYLE_COLOUR('',#10561);
#10551=FILL_AREA_STYLE_COLOUR('',#10559);
#10552=FILL_AREA_STYLE_COLOUR('',#10559);
#10553=FILL_AREA_STYLE_COLOUR('',#10559);
#10554=FILL_AREA_STYLE_COLOUR('',#10559);
#10555=FILL_AREA_STYLE_COLOUR('',#10562);
#10556=FILL_AREA_STYLE_COLOUR('',#10561);
#10557=FILL_AREA_STYLE_COLOUR('',#10561);
#10558=COLOUR_RGB('',0.768627450980392,0.886274509803922,0.952941176470588);
#10559=COLOUR_RGB('',0.647058823529412,0.647058823529412,0.647058823529412);
#10560=COLOUR_RGB('',0.615686274509804,0.811764705882353,0.929411764705882);
#10561=COLOUR_RGB('',0.917647058823529,0.917647058823529,0.917647058823529);
#10562=COLOUR_RGB('',0.231372549019608,0.380392156862745,0.705882352941177);
#10563=MANIFOLD_SOLID_BREP('Large casing (bottom section)',#10412);
#10564=MANIFOLD_SOLID_BREP('Wheel#4',#10413);
#10565=MANIFOLD_SOLID_BREP('x-axis movement wheel mount #2',#10414);
#10566=MANIFOLD_SOLID_BREP('Top wheel #1',#10415);
#10567=MANIFOLD_SOLID_BREP('Wheel#3',#10420);
#10568=MANIFOLD_SOLID_BREP('Wheel #2',#10421);
#10569=MANIFOLD_SOLID_BREP('Top wheel #2',#10422);
#10570=MANIFOLD_SOLID_BREP('Motor model#4',#10423);
#10571=MANIFOLD_SOLID_BREP('Motor model#3',#10424);
#10572=MANIFOLD_SOLID_BREP('y-axis movement wheel mount#1',#10425);
#10573=MANIFOLD_SOLID_BREP('Wheel#1',#10426);
#10574=MANIFOLD_SOLID_BREP('y-axis movement wheel mount#2',#10427);
#10575=MANIFOLD_SOLID_BREP('x-axis movement wheel mount #1',#10428);
#10576=MANIFOLD_SOLID_BREP('Large casing(top section)',#10429);
#10577=MANIFOLD_SOLID_BREP('Motor model#1',#10430);
#10578=MANIFOLD_SOLID_BREP('Motor model #2',#10431);
#10579=SHAPE_DEFINITION_REPRESENTATION(#17881,#10598);
#10580=SHAPE_DEFINITION_REPRESENTATION(#17882,#10599);
#10581=SHAPE_DEFINITION_REPRESENTATION(#17884,#10600);
#10582=SHAPE_DEFINITION_REPRESENTATION(#17886,#10601);
#10583=SHAPE_DEFINITION_REPRESENTATION(#17888,#10602);
#10584=SHAPE_DEFINITION_REPRESENTATION(#17890,#10603);
#10585=SHAPE_DEFINITION_REPRESENTATION(#17892,#10604);
#10586=SHAPE_DEFINITION_REPRESENTATION(#17894,#10605);
#10587=SHAPE_DEFINITION_REPRESENTATION(#17896,#10606);
#10588=SHAPE_DEFINITION_REPRESENTATION(#17898,#10607);
#10589=SHAPE_DEFINITION_REPRESENTATION(#17901,#10608);
#10590=SHAPE_DEFINITION_REPRESENTATION(#17903,#10609);
#10591=SHAPE_DEFINITION_REPRESENTATION(#17906,#10610);
#10592=SHAPE_DEFINITION_REPRESENTATION(#17908,#10611);
#10593=SHAPE_DEFINITION_REPRESENTATION(#17910,#10612);
#10594=SHAPE_DEFINITION_REPRESENTATION(#17914,#10613);
#10595=SHAPE_DEFINITION_REPRESENTATION(#17917,#10614);
#10596=SHAPE_DEFINITION_REPRESENTATION(#17919,#10615);
#10597=SHAPE_DEFINITION_REPRESENTATION(#17922,#10616);
#10598=SHAPE_REPRESENTATION('Concept',(#10617,#10745,#10754,#10848,#10857,
#10930,#10989,#10998,#11007,#11016,#11017,#11028,#11039,#11040,#11154,#11163,
#11277,#11278,#11279,#11373,#11374,#11507,#11518,#11519,#11530),#17840);
#10599=SHAPE_REPRESENTATION('Large casing (bottom section)',(#10617),#17841);
#10600=SHAPE_REPRESENTATION('Wheel#4',(#10617),#17842);
#10601=SHAPE_REPRESENTATION('x-axis movement wheel mount #2',(#10617),#17843);
#10602=SHAPE_REPRESENTATION('Top wheel #1',(#10617),#17844);
#10603=SHAPE_REPRESENTATION('Rail connector piece',(#10617),#17845);
#10604=SHAPE_REPRESENTATION('Rail end piece',(#10617),#17846);
#10605=SHAPE_REPRESENTATION('Wheel#3',(#10617),#17847);
#10606=SHAPE_REPRESENTATION('Wheel #2',(#10617),#17848);
#10607=SHAPE_REPRESENTATION('Top wheel #2',(#10617),#17849);
#10608=SHAPE_REPRESENTATION('Motor model#4',(#10617),#17850);
#10609=SHAPE_REPRESENTATION('Motor model#3',(#10617),#17851);
#10610=SHAPE_REPRESENTATION('y-axis movement wheel mount#1',(#10617),#17852);
#10611=SHAPE_REPRESENTATION('Wheel#1',(#10617),#17853);
#10612=SHAPE_REPRESENTATION('y-axis movement wheel mount#2',(#10617),#17854);
#10613=SHAPE_REPRESENTATION('x-axis movement wheel mount #1',(#10617),#17855);
#10614=SHAPE_REPRESENTATION('Large casing(top section)',(#10617),#17856);
#10615=SHAPE_REPRESENTATION('Motor model#1',(#10617),#17857);
#10616=SHAPE_REPRESENTATION('Motor model #2',(#10617),#17858);
#10617=AXIS2_PLACEMENT_3D('',#14329,#11531,#11532);
#10618=AXIS2_PLACEMENT_3D('',#14330,#11533,#11534);
#10619=AXIS2_PLACEMENT_3D('',#14343,#11541,#11542);
#10620=AXIS2_PLACEMENT_3D('',#14356,#11549,#11550);
#10621=AXIS2_PLACEMENT_3D('',#14369,#11557,#11558);
#10622=AXIS2_PLACEMENT_3D('',#14382,#11565,#11566);
#10623=AXIS2_PLACEMENT_3D('',#14388,#11570,#11571);
#10624=AXIS2_PLACEMENT_3D('',#14394,#11575,#11576);
#10625=AXIS2_PLACEMENT_3D('',#14407,#11584,#11585);
#10626=AXIS2_PLACEMENT_3D('',#14413,#11589,#11590);
#10627=AXIS2_PLACEMENT_3D('',#14422,#11595,#11596);
#10628=AXIS2_PLACEMENT_3D('',#14431,#11601,#11602);
#10629=AXIS2_PLACEMENT_3D('',#14434,#11605,#11606);
#10630=AXIS2_PLACEMENT_3D('',#14443,#11612,#11613);
#10631=AXIS2_PLACEMENT_3D('',#14445,#11615,#11616);
#10632=AXIS2_PLACEMENT_3D('',#14447,#11618,#11619);
#10633=AXIS2_PLACEMENT_3D('',#14455,#11624,#11625);
#10634=AXIS2_PLACEMENT_3D('',#14463,#11630,#11631);
#10635=AXIS2_PLACEMENT_3D('',#14465,#11633,#11634);
#10636=AXIS2_PLACEMENT_3D('',#14467,#11636,#11637);
#10637=AXIS2_PLACEMENT_3D('',#14469,#11639,#11640);
#10638=AXIS2_PLACEMENT_3D('',#14470,#11641,#11642);
#10639=AXIS2_PLACEMENT_3D('',#14519,#11669,#11670);
#10640=AXIS2_PLACEMENT_3D('',#14521,#11671,#11672);
#10641=AXIS2_PLACEMENT_3D('',#14523,#11673,#11674);
#10642=AXIS2_PLACEMENT_3D('',#14529,#11678,#11679);
#10643=AXIS2_PLACEMENT_3D('',#14533,#11682,#11683);
#10644=AXIS2_PLACEMENT_3D('',#14546,#11691,#11692);
#10645=AXIS2_PLACEMENT_3D('',#14550,#11695,#11696);
#10646=AXIS2_PLACEMENT_3D('',#14556,#11700,#11701);
#10647=AXIS2_PLACEMENT_3D('',#14562,#11705,#11706);
#10648=AXIS2_PLACEMENT_3D('',#14564,#11708,#11709);
#10649=AXIS2_PLACEMENT_3D('',#14573,#11715,#11716);
#10650=AXIS2_PLACEMENT_3D('',#14574,#11717,#11718);
#10651=AXIS2_PLACEMENT_3D('',#14576,#11720,#11721);
#10652=AXIS2_PLACEMENT_3D('',#14584,#11726,#11727);
#10653=AXIS2_PLACEMENT_3D('',#14592,#11732,#11733);
#10654=AXIS2_PLACEMENT_3D('',#14594,#11735,#11736);
#10655=AXIS2_PLACEMENT_3D('',#14596,#11738,#11739);
#10656=AXIS2_PLACEMENT_3D('',#14598,#11741,#11742);
#10657=AXIS2_PLACEMENT_3D('',#14599,#11743,#11744);
#10658=AXIS2_PLACEMENT_3D('',#14605,#11748,#11749);
#10659=AXIS2_PLACEMENT_3D('',#14611,#11753,#11754);
#10660=AXIS2_PLACEMENT_3D('',#14617,#11758,#11759);
#10661=AXIS2_PLACEMENT_3D('',#14623,#11763,#11764);
#10662=AXIS2_PLACEMENT_3D('',#14632,#11769,#11770);
#10663=AXIS2_PLACEMENT_3D('',#14638,#11774,#11775);
#10664=AXIS2_PLACEMENT_3D('',#14644,#11779,#11780);
#10665=AXIS2_PLACEMENT_3D('',#14647,#11783,#11784);
#10666=AXIS2_PLACEMENT_3D('',#14648,#11785,#11786);
#10667=AXIS2_PLACEMENT_3D('',#14650,#11787,#11788);
#10668=AXIS2_PLACEMENT_3D('',#14652,#11789,#11790);
#10669=AXIS2_PLACEMENT_3D('',#14654,#11791,#11792);
#10670=AXIS2_PLACEMENT_3D('',#14656,#11793,#11794);
#10671=AXIS2_PLACEMENT_3D('',#14665,#11799,#11800);
#10672=AXIS2_PLACEMENT_3D('',#14674,#11805,#11806);
#10673=AXIS2_PLACEMENT_3D('',#14684,#11812,#11813);
#10674=AXIS2_PLACEMENT_3D('',#14699,#11822,#11823);
#10675=AXIS2_PLACEMENT_3D('',#14706,#11828,#11829);
#10676=AXIS2_PLACEMENT_3D('',#14709,#11832,#11833);
#10677=AXIS2_PLACEMENT_3D('',#14710,#11834,#11835);
#10678=AXIS2_PLACEMENT_3D('',#14717,#11840,#11841);
#10679=AXIS2_PLACEMENT_3D('',#14724,#11846,#11847);
#10680=AXIS2_PLACEMENT_3D('',#14725,#11848,#11849);
#10681=AXIS2_PLACEMENT_3D('',#14726,#11850,#11851);
#10682=AXIS2_PLACEMENT_3D('',#14729,#11853,#11854);
#10683=AXIS2_PLACEMENT_3D('',#14731,#11855,#11856);
#10684=AXIS2_PLACEMENT_3D('',#14733,#11857,#11858);
#10685=AXIS2_PLACEMENT_3D('',#14735,#11859,#11860);
#10686=AXIS2_PLACEMENT_3D('',#14737,#11861,#11862);
#10687=AXIS2_PLACEMENT_3D('',#14739,#11863,#11864);
#10688=AXIS2_PLACEMENT_3D('',#14740,#11865,#11866);
#10689=AXIS2_PLACEMENT_3D('',#14741,#11867,#11868);
#10690=AXIS2_PLACEMENT_3D('',#14742,#11869,#11870);
#10691=AXIS2_PLACEMENT_3D('',#14744,#11871,#11872);
#10692=AXIS2_PLACEMENT_3D('',#14745,#11873,#11874);
#10693=AXIS2_PLACEMENT_3D('',#14746,#11875,#11876);
#10694=AXIS2_PLACEMENT_3D('',#14748,#11877,#11878);
#10695=AXIS2_PLACEMENT_3D('',#14750,#11880,#11881);
#10696=AXIS2_PLACEMENT_3D('',#14751,#11882,#11883);
#10697=AXIS2_PLACEMENT_3D('',#14752,#11884,#11885);
#10698=AXIS2_PLACEMENT_3D('',#14753,#11886,#11887);
#10699=AXIS2_PLACEMENT_3D('',#14755,#11888,#11889);
#10700=AXIS2_PLACEMENT_3D('',#14757,#11891,#11892);
#10701=AXIS2_PLACEMENT_3D('',#14758,#11893,#11894);
#10702=AXIS2_PLACEMENT_3D('',#14760,#11895,#11896);
#10703=AXIS2_PLACEMENT_3D('',#14761,#11897,#11898);
#10704=AXIS2_PLACEMENT_3D('',#14762,#11899,#11900);
#10705=AXIS2_PLACEMENT_3D('',#14764,#11902,#11903);
#10706=AXIS2_PLACEMENT_3D('',#14766,#11905,#11906);
#10707=AXIS2_PLACEMENT_3D('',#14767,#11907,#11908);
#10708=AXIS2_PLACEMENT_3D('',#14769,#11910,#11911);
#10709=AXIS2_PLACEMENT_3D('',#14772,#11914,#11915);
#10710=AXIS2_PLACEMENT_3D('',#14774,#11917,#11918);
#10711=AXIS2_PLACEMENT_3D('',#14776,#11920,#11921);
#10712=AXIS2_PLACEMENT_3D('',#14778,#11923,#11924);
#10713=AXIS2_PLACEMENT_3D('',#14780,#11926,#11927);
#10714=AXIS2_PLACEMENT_3D('',#14782,#11929,#11930);
#10715=AXIS2_PLACEMENT_3D('',#14784,#11932,#11933);
#10716=AXIS2_PLACEMENT_3D('',#14786,#11935,#11936);
#10717=AXIS2_PLACEMENT_3D('',#14788,#11938,#11939);
#10718=AXIS2_PLACEMENT_3D('',#14790,#11941,#11942);
#10719=AXIS2_PLACEMENT_3D('',#14791,#11943,#11944);
#10720=AXIS2_PLACEMENT_3D('',#14793,#11946,#11947);
#10721=AXIS2_PLACEMENT_3D('',#14795,#11949,#11950);
#10722=AXIS2_PLACEMENT_3D('',#14797,#11952,#11953);
#10723=AXIS2_PLACEMENT_3D('',#14799,#11955,#11956);
#10724=AXIS2_PLACEMENT_3D('',#14801,#11958,#11959);
#10725=AXIS2_PLACEMENT_3D('',#14803,#11961,#11962);
#10726=AXIS2_PLACEMENT_3D('',#14804,#11963,#11964);
#10727=AXIS2_PLACEMENT_3D('',#14806,#11966,#11967);
#10728=AXIS2_PLACEMENT_3D('',#14808,#11969,#11970);
#10729=AXIS2_PLACEMENT_3D('',#14810,#11972,#11973);
#10730=AXIS2_PLACEMENT_3D('',#14812,#11975,#11976);
#10731=AXIS2_PLACEMENT_3D('',#14814,#11978,#11979);
#10732=AXIS2_PLACEMENT_3D('',#14816,#11981,#11982);
#10733=AXIS2_PLACEMENT_3D('',#14817,#11983,#11984);
#10734=AXIS2_PLACEMENT_3D('',#14818,#11985,#11986);
#10735=AXIS2_PLACEMENT_3D('',#14820,#11987,#11988);
#10736=AXIS2_PLACEMENT_3D('',#14821,#11989,#11990);
#10737=AXIS2_PLACEMENT_3D('',#14822,#11991,#11992);
#10738=AXIS2_PLACEMENT_3D('',#14824,#11993,#11994);
#10739=AXIS2_PLACEMENT_3D('',#14825,#11995,#11996);
#10740=AXIS2_PLACEMENT_3D('',#14826,#11997,#11998);
#10741=AXIS2_PLACEMENT_3D('',#14828,#11999,#12000);
#10742=AXIS2_PLACEMENT_3D('',#14829,#12001,#12002);
#10743=AXIS2_PLACEMENT_3D('',#14830,#12003,#12004);
#10744=AXIS2_PLACEMENT_3D('',#14832,#12005,#12006);
#10745=AXIS2_PLACEMENT_3D('',#14833,#12007,#12008);
#10746=AXIS2_PLACEMENT_3D('',#14834,#12009,#12010);
#10747=AXIS2_PLACEMENT_3D('',#14835,#12011,#12012);
#10748=AXIS2_PLACEMENT_3D('',#14837,#12013,#12014);
#10749=AXIS2_PLACEMENT_3D('',#14839,#12015,#12016);
#10750=AXIS2_PLACEMENT_3D('',#14840,#12017,#12018);
#10751=AXIS2_PLACEMENT_3D('',#14842,#12019,#12020);
#10752=AXIS2_PLACEMENT_3D('',#14844,#12021,#12022);
#10753=AXIS2_PLACEMENT_3D('',#14845,#12023,#12024);
#10754=AXIS2_PLACEMENT_3D('',#14846,#12025,#12026);
#10755=AXIS2_PLACEMENT_3D('',#14847,#12027,#12028);
#10756=AXIS2_PLACEMENT_3D('',#14854,#12029,#12030);
#10757=AXIS2_PLACEMENT_3D('',#14868,#12032,#12033);
#10758=AXIS2_PLACEMENT_3D('',#14882,#12035,#12036);
#10759=AXIS2_PLACEMENT_3D('',#14896,#12038,#12039);
#10760=AXIS2_PLACEMENT_3D('',#14910,#12041,#12042);
#10761=AXIS2_PLACEMENT_3D('',#14924,#12044,#12045);
#10762=AXIS2_PLACEMENT_3D('',#14938,#12047,#12048);
#10763=AXIS2_PLACEMENT_3D('',#14952,#12050,#12051);
#10764=AXIS2_PLACEMENT_3D('',#14966,#12053,#12054);
#10765=AXIS2_PLACEMENT_3D('',#14980,#12056,#12057);
#10766=AXIS2_PLACEMENT_3D('',#14988,#12059,#12060);
#10767=AXIS2_PLACEMENT_3D('',#14990,#12061,#12062);
#10768=AXIS2_PLACEMENT_3D('',#14995,#12065,#12066);
#10769=AXIS2_PLACEMENT_3D('',#14997,#12067,#12068);
#10770=AXIS2_PLACEMENT_3D('',#15002,#12071,#12072);
#10771=AXIS2_PLACEMENT_3D('',#15007,#12075,#12076);
#10772=AXIS2_PLACEMENT_3D('',#15012,#12079,#12080);
#10773=AXIS2_PLACEMENT_3D('',#15017,#12083,#12084);
#10774=AXIS2_PLACEMENT_3D('',#15018,#12085,#12086);
#10775=AXIS2_PLACEMENT_3D('',#15027,#12091,#12092);
#10776=AXIS2_PLACEMENT_3D('',#15028,#12093,#12094);
#10777=AXIS2_PLACEMENT_3D('',#15032,#12096,#12097);
#10778=AXIS2_PLACEMENT_3D('',#15033,#12098,#12099);
#10779=AXIS2_PLACEMENT_3D('',#15039,#12103,#12104);
#10780=AXIS2_PLACEMENT_3D('',#15040,#12105,#12106);
#10781=AXIS2_PLACEMENT_3D('',#15041,#12107,#12108);
#10782=AXIS2_PLACEMENT_3D('',#15042,#12109,#12110);
#10783=AXIS2_PLACEMENT_3D('',#15043,#12111,#12112);
#10784=AXIS2_PLACEMENT_3D('',#15044,#12113,#12114);
#10785=AXIS2_PLACEMENT_3D('',#15050,#12118,#12119);
#10786=AXIS2_PLACEMENT_3D('',#15056,#12123,#12124);
#10787=AXIS2_PLACEMENT_3D('',#15057,#12125,#12126);
#10788=AXIS2_PLACEMENT_3D('',#15062,#12129,#12130);
#10789=AXIS2_PLACEMENT_3D('',#15067,#12131,#12132);
#10790=AXIS2_PLACEMENT_3D('',#15072,#12133,#12134);
#10791=AXIS2_PLACEMENT_3D('',#15077,#12135,#12136);
#10792=AXIS2_PLACEMENT_3D('',#15082,#12137,#12138);
#10793=AXIS2_PLACEMENT_3D('',#15083,#12139,#12140);
#10794=AXIS2_PLACEMENT_3D('',#15096,#12142,#12143);
#10795=AXIS2_PLACEMENT_3D('',#15097,#12144,#12145);
#10796=AXIS2_PLACEMENT_3D('',#15098,#12146,#12147);
#10797=AXIS2_PLACEMENT_3D('',#15111,#12149,#12150);
#10798=AXIS2_PLACEMENT_3D('',#15112,#12151,#12152);
#10799=AXIS2_PLACEMENT_3D('',#15118,#12156,#12157);
#10800=AXIS2_PLACEMENT_3D('',#15121,#12160,#12161);
#10801=AXIS2_PLACEMENT_3D('',#15122,#12162,#12163);
#10802=AXIS2_PLACEMENT_3D('',#15126,#12166,#12167);
#10803=AXIS2_PLACEMENT_3D('',#15127,#12168,#12169);
#10804=AXIS2_PLACEMENT_3D('',#15128,#12170,#12171);
#10805=AXIS2_PLACEMENT_3D('',#15133,#12172,#12173);
#10806=AXIS2_PLACEMENT_3D('',#15138,#12174,#12175);
#10807=AXIS2_PLACEMENT_3D('',#15139,#12176,#12177);
#10808=AXIS2_PLACEMENT_3D('',#15152,#12179,#12180);
#10809=AXIS2_PLACEMENT_3D('',#15153,#12181,#12182);
#10810=AXIS2_PLACEMENT_3D('',#15156,#12185,#12186);
#10811=AXIS2_PLACEMENT_3D('',#15162,#12190,#12191);
#10812=AXIS2_PLACEMENT_3D('',#15164,#12193,#12194);
#10813=AXIS2_PLACEMENT_3D('',#15167,#12196,#12197);
#10814=AXIS2_PLACEMENT_3D('',#15168,#12198,#12199);
#10815=AXIS2_PLACEMENT_3D('',#15173,#12200,#12201);
#10816=AXIS2_PLACEMENT_3D('',#15178,#12202,#12203);
#10817=AXIS2_PLACEMENT_3D('',#15179,#12204,#12205);
#10818=AXIS2_PLACEMENT_3D('',#15180,#12206,#12207);
#10819=AXIS2_PLACEMENT_3D('',#15183,#12209,#12210);
#10820=AXIS2_PLACEMENT_3D('',#15184,#12211,#12212);
#10821=AXIS2_PLACEMENT_3D('',#15190,#12216,#12217);
#10822=AXIS2_PLACEMENT_3D('',#15196,#12221,#12222);
#10823=AXIS2_PLACEMENT_3D('',#15197,#12223,#12224);
#10824=AXIS2_PLACEMENT_3D('',#15202,#12227,#12228);
#10825=AXIS2_PLACEMENT_3D('',#15203,#12229,#12230);
#10826=AXIS2_PLACEMENT_3D('',#15204,#12231,#12232);
#10827=AXIS2_PLACEMENT_3D('',#15205,#12233,#12234);
#10828=AXIS2_PLACEMENT_3D('',#15206,#12235,#12236);
#10829=AXIS2_PLACEMENT_3D('',#15207,#12237,#12238);
#10830=AXIS2_PLACEMENT_3D('',#15208,#12239,#12240);
#10831=AXIS2_PLACEMENT_3D('',#15213,#12241,#12242);
#10832=AXIS2_PLACEMENT_3D('',#15218,#12243,#12244);
#10833=AXIS2_PLACEMENT_3D('',#15219,#12245,#12246);
#10834=AXIS2_PLACEMENT_3D('',#15220,#12247,#12248);
#10835=AXIS2_PLACEMENT_3D('',#15233,#12250,#12251);
#10836=AXIS2_PLACEMENT_3D('',#15236,#12254,#12255);
#10837=AXIS2_PLACEMENT_3D('',#15239,#12258,#12259);
#10838=AXIS2_PLACEMENT_3D('',#15241,#12261,#12262);
#10839=AXIS2_PLACEMENT_3D('',#15243,#12264,#12265);
#10840=AXIS2_PLACEMENT_3D('',#15244,#12266,#12267);
#10841=AXIS2_PLACEMENT_3D('',#15245,#12268,#12269);
#10842=AXIS2_PLACEMENT_3D('',#15246,#12270,#12271);
#10843=AXIS2_PLACEMENT_3D('',#15247,#12272,#12273);
#10844=AXIS2_PLACEMENT_3D('',#15248,#12274,#12275);
#10845=AXIS2_PLACEMENT_3D('',#15250,#12276,#12277);
#10846=AXIS2_PLACEMENT_3D('',#15252,#12278,#12279);
#10847=AXIS2_PLACEMENT_3D('',#15253,#12280,#12281);
#10848=AXIS2_PLACEMENT_3D('',#15254,#12282,#12283);
#10849=AXIS2_PLACEMENT_3D('',#15255,#12284,#12285);
#10850=AXIS2_PLACEMENT_3D('',#15256,#12286,#12287);
#10851=AXIS2_PLACEMENT_3D('',#15258,#12288,#12289);
#10852=AXIS2_PLACEMENT_3D('',#15260,#12290,#12291);
#10853=AXIS2_PLACEMENT_3D('',#15261,#12292,#12293);
#10854=AXIS2_PLACEMENT_3D('',#15263,#12294,#12295);
#10855=AXIS2_PLACEMENT_3D('',#15265,#12296,#12297);
#10856=AXIS2_PLACEMENT_3D('',#15266,#12298,#12299);
#10857=AXIS2_PLACEMENT_3D('',#15267,#12300,#12301);
#10858=AXIS2_PLACEMENT_3D('',#15268,#12302,#12303);
#10859=AXIS2_PLACEMENT_3D('',#15277,#12308,#12309);
#10860=AXIS2_PLACEMENT_3D('',#15286,#12314,#12315);
#10861=AXIS2_PLACEMENT_3D('',#15292,#12319,#12320);
#10862=AXIS2_PLACEMENT_3D('',#15298,#12324,#12325);
#10863=AXIS2_PLACEMENT_3D('',#15307,#12330,#12331);
#10864=AXIS2_PLACEMENT_3D('',#15313,#12335,#12336);
#10865=AXIS2_PLACEMENT_3D('',#15319,#12340,#12341);
#10866=AXIS2_PLACEMENT_3D('',#15328,#12346,#12347);
#10867=AXIS2_PLACEMENT_3D('',#15334,#12351,#12352);
#10868=AXIS2_PLACEMENT_3D('',#15340,#12356,#12357);
#10869=AXIS2_PLACEMENT_3D('',#15349,#12362,#12363);
#10870=AXIS2_PLACEMENT_3D('',#15350,#12364,#12365);
#10871=AXIS2_PLACEMENT_3D('',#15352,#12366,#12367);
#10872=AXIS2_PLACEMENT_3D('',#15354,#12368,#12369);
#10873=AXIS2_PLACEMENT_3D('',#15357,#12372,#12373);
#10874=AXIS2_PLACEMENT_3D('',#15358,#12374,#12375);
#10875=AXIS2_PLACEMENT_3D('',#15364,#12380,#12381);
#10876=AXIS2_PLACEMENT_3D('',#15365,#12382,#12383);
#10877=AXIS2_PLACEMENT_3D('',#15367,#12384,#12385);
#10878=AXIS2_PLACEMENT_3D('',#15373,#12390,#12391);
#10879=AXIS2_PLACEMENT_3D('',#15374,#12392,#12393);
#10880=AXIS2_PLACEMENT_3D('',#15375,#12394,#12395);
#10881=AXIS2_PLACEMENT_3D('',#15377,#12396,#12397);
#10882=AXIS2_PLACEMENT_3D('',#15378,#12398,#12399);
#10883=AXIS2_PLACEMENT_3D('',#15379,#12400,#12401);
#10884=AXIS2_PLACEMENT_3D('',#15380,#12402,#12403);
#10885=AXIS2_PLACEMENT_3D('',#15381,#12404,#12405);
#10886=AXIS2_PLACEMENT_3D('',#15382,#12406,#12407);
#10887=AXIS2_PLACEMENT_3D('',#15383,#12408,#12409);
#10888=AXIS2_PLACEMENT_3D('',#15385,#12410,#12411);
#10889=AXIS2_PLACEMENT_3D('',#15386,#12412,#12413);
#10890=AXIS2_PLACEMENT_3D('',#15387,#12414,#12415);
#10891=AXIS2_PLACEMENT_3D('',#15389,#12416,#12417);
#10892=AXIS2_PLACEMENT_3D('',#15390,#12418,#12419);
#10893=AXIS2_PLACEMENT_3D('',#15407,#12428,#12429);
#10894=AXIS2_PLACEMENT_3D('',#15408,#12430,#12431);
#10895=AXIS2_PLACEMENT_3D('',#15414,#12434,#12435);
#10896=AXIS2_PLACEMENT_3D('',#15418,#12437,#12438);
#10897=AXIS2_PLACEMENT_3D('',#15421,#12440,#12441);
#10898=AXIS2_PLACEMENT_3D('',#15434,#12448,#12449);
#10899=AXIS2_PLACEMENT_3D('',#15435,#12450,#12451);
#10900=AXIS2_PLACEMENT_3D('',#15439,#12453,#12454);
#10901=AXIS2_PLACEMENT_3D('',#15442,#12456,#12457);
#10902=AXIS2_PLACEMENT_3D('',#15445,#12459,#12460);
#10903=AXIS2_PLACEMENT_3D('',#15459,#12468,#12469);
#10904=AXIS2_PLACEMENT_3D('',#15467,#12474,#12475);
#10905=AXIS2_PLACEMENT_3D('',#15476,#12481,#12482);
#10906=AXIS2_PLACEMENT_3D('',#15484,#12487,#12488);
#10907=AXIS2_PLACEMENT_3D('',#15485,#12489,#12490);
#10908=AXIS2_PLACEMENT_3D('',#15486,#12491,#12492);
#10909=AXIS2_PLACEMENT_3D('',#15487,#12493,#12494);
#10910=AXIS2_PLACEMENT_3D('',#15490,#12496,#12497);
#10911=AXIS2_PLACEMENT_3D('',#15493,#12499,#12500);
#10912=AXIS2_PLACEMENT_3D('',#15494,#12501,#12502);
#10913=AXIS2_PLACEMENT_3D('',#15495,#12503,#12504);
#10914=AXIS2_PLACEMENT_3D('',#15496,#12505,#12506);
#10915=AXIS2_PLACEMENT_3D('',#15500,#12509,#12510);
#10916=AXIS2_PLACEMENT_3D('',#15501,#12511,#12512);
#10917=AXIS2_PLACEMENT_3D('',#15506,#12515,#12516);
#10918=AXIS2_PLACEMENT_3D('',#15507,#12517,#12518);
#10919=AXIS2_PLACEMENT_3D('',#15509,#12520,#12521);
#10920=AXIS2_PLACEMENT_3D('',#15515,#12525,#12526);
#10921=AXIS2_PLACEMENT_3D('',#15521,#12530,#12531);
#10922=AXIS2_PLACEMENT_3D('',#15522,#12532,#12533);
#10923=AXIS2_PLACEMENT_3D('',#15526,#12537,#12538);
#10924=AXIS2_PLACEMENT_3D('',#15528,#12540,#12541);
#10925=AXIS2_PLACEMENT_3D('',#15531,#12544,#12545);
#10926=AXIS2_PLACEMENT_3D('',#15532,#12546,#12547);
#10927=AXIS2_PLACEMENT_3D('',#15533,#12548,#12549);
#10928=AXIS2_PLACEMENT_3D('',#15534,#12550,#12551);
#10929=AXIS2_PLACEMENT_3D('',#15535,#12552,#12553);
#10930=AXIS2_PLACEMENT_3D('',#15536,#12554,#12555);
#10931=AXIS2_PLACEMENT_3D('',#15537,#12556,#12557);
#10932=AXIS2_PLACEMENT_3D('',#15546,#12562,#12563);
#10933=AXIS2_PLACEMENT_3D('',#15552,#12567,#12568);
#10934=AXIS2_PLACEMENT_3D('',#15561,#12573,#12574);
#10935=AXIS2_PLACEMENT_3D('',#15567,#12578,#12579);
#10936=AXIS2_PLACEMENT_3D('',#15573,#12583,#12584);
#10937=AXIS2_PLACEMENT_3D('',#15590,#12593,#12594);
#10938=AXIS2_PLACEMENT_3D('',#15596,#12598,#12599);
#10939=AXIS2_PLACEMENT_3D('',#15602,#12603,#12604);
#10940=AXIS2_PLACEMENT_3D('',#15616,#12612,#12613);
#10941=AXIS2_PLACEMENT_3D('',#15617,#12614,#12615);
#10942=AXIS2_PLACEMENT_3D('',#15619,#12616,#12617);
#10943=AXIS2_PLACEMENT_3D('',#15621,#12618,#12619);
#10944=AXIS2_PLACEMENT_3D('',#15624,#12622,#12623);
#10945=AXIS2_PLACEMENT_3D('',#15625,#12624,#12625);
#10946=AXIS2_PLACEMENT_3D('',#15631,#12630,#12631);
#10947=AXIS2_PLACEMENT_3D('',#15640,#12636,#12637);
#10948=AXIS2_PLACEMENT_3D('',#15641,#12638,#12639);
#10949=AXIS2_PLACEMENT_3D('',#15642,#12640,#12641);
#10950=AXIS2_PLACEMENT_3D('',#15644,#12642,#12643);
#10951=AXIS2_PLACEMENT_3D('',#15645,#12644,#12645);
#10952=AXIS2_PLACEMENT_3D('',#15648,#12648,#12649);
#10953=AXIS2_PLACEMENT_3D('',#15649,#12650,#12651);
#10954=AXIS2_PLACEMENT_3D('',#15650,#12652,#12653);
#10955=AXIS2_PLACEMENT_3D('',#15653,#12656,#12657);
#10956=AXIS2_PLACEMENT_3D('',#15654,#12658,#12659);
#10957=AXIS2_PLACEMENT_3D('',#15655,#12660,#12661);
#10958=AXIS2_PLACEMENT_3D('',#15658,#12664,#12665);
#10959=AXIS2_PLACEMENT_3D('',#15660,#12667,#12668);
#10960=AXIS2_PLACEMENT_3D('',#15662,#12670,#12671);
#10961=AXIS2_PLACEMENT_3D('',#15663,#12672,#12673);
#10962=AXIS2_PLACEMENT_3D('',#15672,#12678,#12679);
#10963=AXIS2_PLACEMENT_3D('',#15681,#12684,#12685);
#10964=AXIS2_PLACEMENT_3D('',#15694,#12692,#12693);
#10965=AXIS2_PLACEMENT_3D('',#15704,#12699,#12700);
#10966=AXIS2_PLACEMENT_3D('',#15718,#12708,#12709);
#10967=AXIS2_PLACEMENT_3D('',#15719,#12710,#12711);
#10968=AXIS2_PLACEMENT_3D('',#15720,#12712,#12713);
#10969=AXIS2_PLACEMENT_3D('',#15726,#12716,#12717);
#10970=AXIS2_PLACEMENT_3D('',#15727,#12718,#12719);
#10971=AXIS2_PLACEMENT_3D('',#15737,#12725,#12726);
#10972=AXIS2_PLACEMENT_3D('',#15738,#12727,#12728);
#10973=AXIS2_PLACEMENT_3D('',#15739,#12729,#12730);
#10974=AXIS2_PLACEMENT_3D('',#15740,#12731,#12732);
#10975=AXIS2_PLACEMENT_3D('',#15743,#12734,#12735);
#10976=AXIS2_PLACEMENT_3D('',#15744,#12736,#12737);
#10977=AXIS2_PLACEMENT_3D('',#15746,#12739,#12740);
#10978=AXIS2_PLACEMENT_3D('',#15756,#12746,#12747);
#10979=AXIS2_PLACEMENT_3D('',#15760,#12750,#12751);
#10980=AXIS2_PLACEMENT_3D('',#15766,#12755,#12756);
#10981=AXIS2_PLACEMENT_3D('',#15770,#12759,#12760);
#10982=AXIS2_PLACEMENT_3D('',#15771,#12761,#12762);
#10983=AXIS2_PLACEMENT_3D('',#15774,#12765,#12766);
#10984=AXIS2_PLACEMENT_3D('',#15776,#12768,#12769);
#10985=AXIS2_PLACEMENT_3D('',#15781,#12774,#12775);
#10986=AXIS2_PLACEMENT_3D('',#15782,#12776,#12777);
#10987=AXIS2_PLACEMENT_3D('',#15783,#12778,#12779);
#10988=AXIS2_PLACEMENT_3D('',#15784,#12780,#12781);
#10989=AXIS2_PLACEMENT_3D('',#15785,#12782,#12783);
#10990=AXIS2_PLACEMENT_3D('',#15786,#12784,#12785);
#10991=AXIS2_PLACEMENT_3D('',#15787,#12786,#12787);
#10992=AXIS2_PLACEMENT_3D('',#15789,#12788,#12789);
#10993=AXIS2_PLACEMENT_3D('',#15791,#12790,#12791);
#10994=AXIS2_PLACEMENT_3D('',#15792,#12792,#12793);
#10995=AXIS2_PLACEMENT_3D('',#15794,#12794,#12795);
#10996=AXIS2_PLACEMENT_3D('',#15796,#12796,#12797);
#10997=AXIS2_PLACEMENT_3D('',#15797,#12798,#12799);
#10998=AXIS2_PLACEMENT_3D('',#15798,#12800,#12801);
#10999=AXIS2_PLACEMENT_3D('',#15799,#12802,#12803);
#11000=AXIS2_PLACEMENT_3D('',#15800,#12804,#12805);
#11001=AXIS2_PLACEMENT_3D('',#15802,#12806,#12807);
#11002=AXIS2_PLACEMENT_3D('',#15804,#12808,#12809);
#11003=AXIS2_PLACEMENT_3D('',#15805,#12810,#12811);
#11004=AXIS2_PLACEMENT_3D('',#15807,#12812,#12813);
#11005=AXIS2_PLACEMENT_3D('',#15809,#12814,#12815);
#11006=AXIS2_PLACEMENT_3D('',#15810,#12816,#12817);
#11007=AXIS2_PLACEMENT_3D('',#15811,#12818,#12819);
#11008=AXIS2_PLACEMENT_3D('',#15812,#12820,#12821);
#11009=AXIS2_PLACEMENT_3D('',#15813,#12822,#12823);
#11010=AXIS2_PLACEMENT_3D('',#15815,#12824,#12825);
#11011=AXIS2_PLACEMENT_3D('',#15817,#12826,#12827);
#11012=AXIS2_PLACEMENT_3D('',#15818,#12828,#12829);
#11013=AXIS2_PLACEMENT_3D('',#15820,#12830,#12831);
#11014=AXIS2_PLACEMENT_3D('',#15822,#12832,#12833);
#11015=AXIS2_PLACEMENT_3D('',#15823,#12834,#12835);
#11016=AXIS2_PLACEMENT_3D('',#15824,#12836,#12837);
#11017=AXIS2_PLACEMENT_3D('',#15825,#12838,#12839);
#11018=AXIS2_PLACEMENT_3D('',#15826,#12840,#12841);
#11019=AXIS2_PLACEMENT_3D('',#15835,#12846,#12847);
#11020=AXIS2_PLACEMENT_3D('',#15841,#12851,#12852);
#11021=AXIS2_PLACEMENT_3D('',#15847,#12856,#12857);
#11022=AXIS2_PLACEMENT_3D('',#15850,#12860,#12861);
#11023=AXIS2_PLACEMENT_3D('',#15851,#12862,#12863);
#11024=AXIS2_PLACEMENT_3D('',#15853,#12864,#12865);
#11025=AXIS2_PLACEMENT_3D('',#15854,#12866,#12867);
#11026=AXIS2_PLACEMENT_3D('',#15855,#12868,#12869);
#11027=AXIS2_PLACEMENT_3D('',#15857,#12870,#12871);
#11028=AXIS2_PLACEMENT_3D('',#15858,#12872,#12873);
#11029=AXIS2_PLACEMENT_3D('',#15859,#12874,#12875);
#11030=AXIS2_PLACEMENT_3D('',#15868,#12880,#12881);
#11031=AXIS2_PLACEMENT_3D('',#15874,#12885,#12886);
#11032=AXIS2_PLACEMENT_3D('',#15880,#12890,#12891);
#11033=AXIS2_PLACEMENT_3D('',#15883,#12894,#12895);
#11034=AXIS2_PLACEMENT_3D('',#15884,#12896,#12897);
#11035=AXIS2_PLACEMENT_3D('',#15886,#12898,#12899);
#11036=AXIS2_PLACEMENT_3D('',#15887,#12900,#12901);
#11037=AXIS2_PLACEMENT_3D('',#15888,#12902,#12903);
#11038=AXIS2_PLACEMENT_3D('',#15890,#12904,#12905);
#11039=AXIS2_PLACEMENT_3D('',#15891,#12906,#12907);
#11040=AXIS2_PLACEMENT_3D('',#15892,#12908,#12909);
#11041=AXIS2_PLACEMENT_3D('',#15893,#12910,#12911);
#11042=AXIS2_PLACEMENT_3D('',#15894,#12912,#12913);
#11043=AXIS2_PLACEMENT_3D('',#15896,#12914,#12915);
#11044=AXIS2_PLACEMENT_3D('',#15911,#12917,#12918);
#11045=AXIS2_PLACEMENT_3D('',#15925,#12920,#12921);
#11046=AXIS2_PLACEMENT_3D('',#15939,#12923,#12924);
#11047=AXIS2_PLACEMENT_3D('',#15953,#12926,#12927);
#11048=AXIS2_PLACEMENT_3D('',#15967,#12929,#12930);
#11049=AXIS2_PLACEMENT_3D('',#15981,#12932,#12933);
#11050=AXIS2_PLACEMENT_3D('',#15995,#12935,#12936);
#11051=AXIS2_PLACEMENT_3D('',#16009,#12938,#12939);
#11052=AXIS2_PLACEMENT_3D('',#16023,#12941,#12942);
#11053=AXIS2_PLACEMENT_3D('',#16036,#12944,#12945);
#11054=AXIS2_PLACEMENT_3D('',#16040,#12947,#12948);
#11055=AXIS2_PLACEMENT_3D('',#16044,#12950,#12951);
#11056=AXIS2_PLACEMENT_3D('',#16045,#12952,#12953);
#11057=AXIS2_PLACEMENT_3D('',#16049,#12955,#12956);
#11058=AXIS2_PLACEMENT_3D('',#16053,#12958,#12959);
#11059=AXIS2_PLACEMENT_3D('',#16054,#12960,#12961);
#11060=AXIS2_PLACEMENT_3D('',#16058,#12963,#12964);
#11061=AXIS2_PLACEMENT_3D('',#16062,#12966,#12967);
#11062=AXIS2_PLACEMENT_3D('',#16063,#12968,#12969);
#11063=AXIS2_PLACEMENT_3D('',#16067,#12971,#12972);
#11064=AXIS2_PLACEMENT_3D('',#16071,#12974,#12975);
#11065=AXIS2_PLACEMENT_3D('',#16073,#12976,#12977);
#11066=AXIS2_PLACEMENT_3D('',#16074,#12978,#12979);
#11067=AXIS2_PLACEMENT_3D('',#16078,#12981,#12982);
#11068=AXIS2_PLACEMENT_3D('',#16082,#12984,#12985);
#11069=AXIS2_PLACEMENT_3D('',#16083,#12986,#12987);
#11070=AXIS2_PLACEMENT_3D('',#16092,#12992,#12993);
#11071=AXIS2_PLACEMENT_3D('',#16093,#12994,#12995);
#11072=AXIS2_PLACEMENT_3D('',#16097,#12997,#12998);
#11073=AXIS2_PLACEMENT_3D('',#16098,#12999,#13000);
#11074=AXIS2_PLACEMENT_3D('',#16104,#13004,#13005);
#11075=AXIS2_PLACEMENT_3D('',#16105,#13006,#13007);
#11076=AXIS2_PLACEMENT_3D('',#16106,#13008,#13009);
#11077=AXIS2_PLACEMENT_3D('',#16107,#13010,#13011);
#11078=AXIS2_PLACEMENT_3D('',#16108,#13012,#13013);
#11079=AXIS2_PLACEMENT_3D('',#16109,#13014,#13015);
#11080=AXIS2_PLACEMENT_3D('',#16115,#13019,#13020);
#11081=AXIS2_PLACEMENT_3D('',#16121,#13024,#13025);
#11082=AXIS2_PLACEMENT_3D('',#16122,#13026,#13027);
#11083=AXIS2_PLACEMENT_3D('',#16127,#13030,#13031);
#11084=AXIS2_PLACEMENT_3D('',#16132,#13032,#13033);
#11085=AXIS2_PLACEMENT_3D('',#16141,#13034,#13035);
#11086=AXIS2_PLACEMENT_3D('',#16150,#13036,#13037);
#11087=AXIS2_PLACEMENT_3D('',#16155,#13038,#13039);
#11088=AXIS2_PLACEMENT_3D('',#16156,#13040,#13041);
#11089=AXIS2_PLACEMENT_3D('',#16169,#13043,#13044);
#11090=AXIS2_PLACEMENT_3D('',#16170,#13045,#13046);
#11091=AXIS2_PLACEMENT_3D('',#16171,#13047,#13048);
#11092=AXIS2_PLACEMENT_3D('',#16184,#13050,#13051);
#11093=AXIS2_PLACEMENT_3D('',#16185,#13052,#13053);
#11094=AXIS2_PLACEMENT_3D('',#16191,#13057,#13058);
#11095=AXIS2_PLACEMENT_3D('',#16194,#13061,#13062);
#11096=AXIS2_PLACEMENT_3D('',#16195,#13063,#13064);
#11097=AXIS2_PLACEMENT_3D('',#16199,#13067,#13068);
#11098=AXIS2_PLACEMENT_3D('',#16200,#13069,#13070);
#11099=AXIS2_PLACEMENT_3D('',#16205,#13071,#13072);
#11100=AXIS2_PLACEMENT_3D('',#16214,#13073,#13074);
#11101=AXIS2_PLACEMENT_3D('',#16219,#13075,#13076);
#11102=AXIS2_PLACEMENT_3D('',#16220,#13077,#13078);
#11103=AXIS2_PLACEMENT_3D('',#16233,#13080,#13081);
#11104=AXIS2_PLACEMENT_3D('',#16234,#13082,#13083);
#11105=AXIS2_PLACEMENT_3D('',#16237,#13086,#13087);
#11106=AXIS2_PLACEMENT_3D('',#16243,#13091,#13092);
#11107=AXIS2_PLACEMENT_3D('',#16245,#13094,#13095);
#11108=AXIS2_PLACEMENT_3D('',#16248,#13097,#13098);
#11109=AXIS2_PLACEMENT_3D('',#16249,#13099,#13100);
#11110=AXIS2_PLACEMENT_3D('',#16254,#13101,#13102);
#11111=AXIS2_PLACEMENT_3D('',#16263,#13103,#13104);
#11112=AXIS2_PLACEMENT_3D('',#16268,#13105,#13106);
#11113=AXIS2_PLACEMENT_3D('',#16269,#13107,#13108);
#11114=AXIS2_PLACEMENT_3D('',#16272,#13110,#13111);
#11115=AXIS2_PLACEMENT_3D('',#16273,#13112,#13113);
#11116=AXIS2_PLACEMENT_3D('',#16279,#13117,#13118);
#11117=AXIS2_PLACEMENT_3D('',#16285,#13122,#13123);
#11118=AXIS2_PLACEMENT_3D('',#16286,#13124,#13125);
#11119=AXIS2_PLACEMENT_3D('',#16291,#13128,#13129);
#11120=AXIS2_PLACEMENT_3D('',#16292,#13130,#13131);
#11121=AXIS2_PLACEMENT_3D('',#16293,#13132,#13133);
#11122=AXIS2_PLACEMENT_3D('',#16294,#13134,#13135);
#11123=AXIS2_PLACEMENT_3D('',#16299,#13136,#13137);
#11124=AXIS2_PLACEMENT_3D('',#16300,#13138,#13139);
#11125=AXIS2_PLACEMENT_3D('',#16301,#13140,#13141);
#11126=AXIS2_PLACEMENT_3D('',#16310,#13142,#13143);
#11127=AXIS2_PLACEMENT_3D('',#16315,#13144,#13145);
#11128=AXIS2_PLACEMENT_3D('',#16316,#13146,#13147);
#11129=AXIS2_PLACEMENT_3D('',#16317,#13148,#13149);
#11130=AXIS2_PLACEMENT_3D('',#16330,#13151,#13152);
#11131=AXIS2_PLACEMENT_3D('',#16333,#13155,#13156);
#11132=AXIS2_PLACEMENT_3D('',#16336,#13159,#13160);
#11133=AXIS2_PLACEMENT_3D('',#16338,#13162,#13163);
#11134=AXIS2_PLACEMENT_3D('',#16340,#13165,#13166);
#11135=AXIS2_PLACEMENT_3D('',#16341,#13167,#13168);
#11136=AXIS2_PLACEMENT_3D('',#16342,#13169,#13170);
#11137=AXIS2_PLACEMENT_3D('',#16347,#13171,#13172);
#11138=AXIS2_PLACEMENT_3D('',#16352,#13173,#13174);
#11139=AXIS2_PLACEMENT_3D('',#16353,#13175,#13176);
#11140=AXIS2_PLACEMENT_3D('',#16355,#13177,#13178);
#11141=AXIS2_PLACEMENT_3D('',#16357,#13179,#13180);
#11142=AXIS2_PLACEMENT_3D('',#16358,#13181,#13182);
#11143=AXIS2_PLACEMENT_3D('',#16359,#13183,#13184);
#11144=AXIS2_PLACEMENT_3D('',#16360,#13185,#13186);
#11145=AXIS2_PLACEMENT_3D('',#16361,#13187,#13188);
#11146=AXIS2_PLACEMENT_3D('',#16362,#13189,#13190);
#11147=AXIS2_PLACEMENT_3D('',#16363,#13191,#13192);
#11148=AXIS2_PLACEMENT_3D('',#16364,#13193,#13194);
#11149=AXIS2_PLACEMENT_3D('',#16365,#13195,#13196);
#11150=AXIS2_PLACEMENT_3D('',#16366,#13197,#13198);
#11151=AXIS2_PLACEMENT_3D('',#16367,#13199,#13200);
#11152=AXIS2_PLACEMENT_3D('',#16368,#13201,#13202);
#11153=AXIS2_PLACEMENT_3D('',#16369,#13203,#13204);
#11154=AXIS2_PLACEMENT_3D('',#16370,#13205,#13206);
#11155=AXIS2_PLACEMENT_3D('',#16371,#13207,#13208);
#11156=AXIS2_PLACEMENT_3D('',#16372,#13209,#13210);
#11157=AXIS2_PLACEMENT_3D('',#16374,#13211,#13212);
#11158=AXIS2_PLACEMENT_3D('',#16376,#13213,#13214);
#11159=AXIS2_PLACEMENT_3D('',#16377,#13215,#13216);
#11160=AXIS2_PLACEMENT_3D('',#16379,#13217,#13218);
#11161=AXIS2_PLACEMENT_3D('',#16381,#13219,#13220);
#11162=AXIS2_PLACEMENT_3D('',#16382,#13221,#13222);
#11163=AXIS2_PLACEMENT_3D('',#16383,#13223,#13224);
#11164=AXIS2_PLACEMENT_3D('',#16384,#13225,#13226);
#11165=AXIS2_PLACEMENT_3D('',#16388,#13228,#13229);
#11166=AXIS2_PLACEMENT_3D('',#16392,#13231,#13232);
#11167=AXIS2_PLACEMENT_3D('',#16393,#13233,#13234);
#11168=AXIS2_PLACEMENT_3D('',#16397,#13236,#13237);
#11169=AXIS2_PLACEMENT_3D('',#16401,#13239,#13240);
#11170=AXIS2_PLACEMENT_3D('',#16402,#13241,#13242);
#11171=AXIS2_PLACEMENT_3D('',#16406,#13244,#13245);
#11172=AXIS2_PLACEMENT_3D('',#16410,#13247,#13248);
#11173=AXIS2_PLACEMENT_3D('',#16411,#13249,#13250);
#11174=AXIS2_PLACEMENT_3D('',#16415,#13252,#13253);
#11175=AXIS2_PLACEMENT_3D('',#16419,#13255,#13256);
#11176=AXIS2_PLACEMENT_3D('',#16421,#13257,#13258);
#11177=AXIS2_PLACEMENT_3D('',#16422,#13259,#13260);
#11178=AXIS2_PLACEMENT_3D('',#16429,#13261,#13262);
#11179=AXIS2_PLACEMENT_3D('',#16443,#13264,#13265);
#11180=AXIS2_PLACEMENT_3D('',#16457,#13267,#13268);
#11181=AXIS2_PLACEMENT_3D('',#16471,#13270,#13271);
#11182=AXIS2_PLACEMENT_3D('',#16485,#13273,#13274);
#11183=AXIS2_PLACEMENT_3D('',#16499,#13276,#13277);
#11184=AXIS2_PLACEMENT_3D('',#16513,#13279,#13280);
#11185=AXIS2_PLACEMENT_3D('',#16527,#13282,#13283);
#11186=AXIS2_PLACEMENT_3D('',#16541,#13285,#13286);
#11187=AXIS2_PLACEMENT_3D('',#16555,#13288,#13289);
#11188=AXIS2_PLACEMENT_3D('',#16563,#13291,#13292);
#11189=AXIS2_PLACEMENT_3D('',#16565,#13293,#13294);
#11190=AXIS2_PLACEMENT_3D('',#16569,#13296,#13297);
#11191=AXIS2_PLACEMENT_3D('',#16573,#13299,#13300);
#11192=AXIS2_PLACEMENT_3D('',#16574,#13301,#13302);
#11193=AXIS2_PLACEMENT_3D('',#16583,#13307,#13308);
#11194=AXIS2_PLACEMENT_3D('',#16584,#13309,#13310);
#11195=AXIS2_PLACEMENT_3D('',#16588,#13312,#13313);
#11196=AXIS2_PLACEMENT_3D('',#16589,#13314,#13315);
#11197=AXIS2_PLACEMENT_3D('',#16595,#13319,#13320);
#11198=AXIS2_PLACEMENT_3D('',#16596,#13321,#13322);
#11199=AXIS2_PLACEMENT_3D('',#16597,#13323,#13324);
#11200=AXIS2_PLACEMENT_3D('',#16598,#13325,#13326);
#11201=AXIS2_PLACEMENT_3D('',#16599,#13327,#13328);
#11202=AXIS2_PLACEMENT_3D('',#16600,#13329,#13330);
#11203=AXIS2_PLACEMENT_3D('',#16606,#13334,#13335);
#11204=AXIS2_PLACEMENT_3D('',#16612,#13339,#13340);
#11205=AXIS2_PLACEMENT_3D('',#16613,#13341,#13342);
#11206=AXIS2_PLACEMENT_3D('',#16618,#13345,#13346);
#11207=AXIS2_PLACEMENT_3D('',#16623,#13347,#13348);
#11208=AXIS2_PLACEMENT_3D('',#16632,#13349,#13350);
#11209=AXIS2_PLACEMENT_3D('',#16641,#13351,#13352);
#11210=AXIS2_PLACEMENT_3D('',#16646,#13353,#13354);
#11211=AXIS2_PLACEMENT_3D('',#16647,#13355,#13356);
#11212=AXIS2_PLACEMENT_3D('',#16660,#13358,#13359);
#11213=AXIS2_PLACEMENT_3D('',#16661,#13360,#13361);
#11214=AXIS2_PLACEMENT_3D('',#16662,#13362,#13363);
#11215=AXIS2_PLACEMENT_3D('',#16675,#13365,#13366);
#11216=AXIS2_PLACEMENT_3D('',#16676,#13367,#13368);
#11217=AXIS2_PLACEMENT_3D('',#16682,#13372,#13373);
#11218=AXIS2_PLACEMENT_3D('',#16685,#13376,#13377);
#11219=AXIS2_PLACEMENT_3D('',#16686,#13378,#13379);
#11220=AXIS2_PLACEMENT_3D('',#16690,#13382,#13383);
#11221=AXIS2_PLACEMENT_3D('',#16691,#13384,#13385);
#11222=AXIS2_PLACEMENT_3D('',#16696,#13386,#13387);
#11223=AXIS2_PLACEMENT_3D('',#16705,#13388,#13389);
#11224=AXIS2_PLACEMENT_3D('',#16710,#13390,#13391);
#11225=AXIS2_PLACEMENT_3D('',#16711,#13392,#13393);
#11226=AXIS2_PLACEMENT_3D('',#16724,#13395,#13396);
#11227=AXIS2_PLACEMENT_3D('',#16725,#13397,#13398);
#11228=AXIS2_PLACEMENT_3D('',#16728,#13401,#13402);
#11229=AXIS2_PLACEMENT_3D('',#16734,#13406,#13407);
#11230=AXIS2_PLACEMENT_3D('',#16736,#13409,#13410);
#11231=AXIS2_PLACEMENT_3D('',#16739,#13412,#13413);
#11232=AXIS2_PLACEMENT_3D('',#16740,#13414,#13415);
#11233=AXIS2_PLACEMENT_3D('',#16745,#13416,#13417);
#11234=AXIS2_PLACEMENT_3D('',#16754,#13418,#13419);
#11235=AXIS2_PLACEMENT_3D('',#16759,#13420,#13421);
#11236=AXIS2_PLACEMENT_3D('',#16760,#13422,#13423);
#11237=AXIS2_PLACEMENT_3D('',#16763,#13425,#13426);
#11238=AXIS2_PLACEMENT_3D('',#16764,#13427,#13428);
#11239=AXIS2_PLACEMENT_3D('',#16770,#13432,#13433);
#11240=AXIS2_PLACEMENT_3D('',#16776,#13437,#13438);
#11241=AXIS2_PLACEMENT_3D('',#16777,#13439,#13440);
#11242=AXIS2_PLACEMENT_3D('',#16782,#13443,#13444);
#11243=AXIS2_PLACEMENT_3D('',#16783,#13445,#13446);
#11244=AXIS2_PLACEMENT_3D('',#16784,#13447,#13448);
#11245=AXIS2_PLACEMENT_3D('',#16785,#13449,#13450);
#11246=AXIS2_PLACEMENT_3D('',#16790,#13451,#13452);
#11247=AXIS2_PLACEMENT_3D('',#16791,#13453,#13454);
#11248=AXIS2_PLACEMENT_3D('',#16792,#13455,#13456);
#11249=AXIS2_PLACEMENT_3D('',#16801,#13457,#13458);
#11250=AXIS2_PLACEMENT_3D('',#16806,#13459,#13460);
#11251=AXIS2_PLACEMENT_3D('',#16807,#13461,#13462);
#11252=AXIS2_PLACEMENT_3D('',#16808,#13463,#13464);
#11253=AXIS2_PLACEMENT_3D('',#16821,#13466,#13467);
#11254=AXIS2_PLACEMENT_3D('',#16824,#13470,#13471);
#11255=AXIS2_PLACEMENT_3D('',#16827,#13474,#13475);
#11256=AXIS2_PLACEMENT_3D('',#16829,#13477,#13478);
#11257=AXIS2_PLACEMENT_3D('',#16831,#13480,#13481);
#11258=AXIS2_PLACEMENT_3D('',#16832,#13482,#13483);
#11259=AXIS2_PLACEMENT_3D('',#16833,#13484,#13485);
#11260=AXIS2_PLACEMENT_3D('',#16838,#13486,#13487);
#11261=AXIS2_PLACEMENT_3D('',#16843,#13488,#13489);
#11262=AXIS2_PLACEMENT_3D('',#16844,#13490,#13491);
#11263=AXIS2_PLACEMENT_3D('',#16846,#13492,#13493);
#11264=AXIS2_PLACEMENT_3D('',#16848,#13494,#13495);
#11265=AXIS2_PLACEMENT_3D('',#16849,#13496,#13497);
#11266=AXIS2_PLACEMENT_3D('',#16850,#13498,#13499);
#11267=AXIS2_PLACEMENT_3D('',#16851,#13500,#13501);
#11268=AXIS2_PLACEMENT_3D('',#16852,#13502,#13503);
#11269=AXIS2_PLACEMENT_3D('',#16853,#13504,#13505);
#11270=AXIS2_PLACEMENT_3D('',#16854,#13506,#13507);
#11271=AXIS2_PLACEMENT_3D('',#16855,#13508,#13509);
#11272=AXIS2_PLACEMENT_3D('',#16856,#13510,#13511);
#11273=AXIS2_PLACEMENT_3D('',#16857,#13512,#13513);
#11274=AXIS2_PLACEMENT_3D('',#16858,#13514,#13515);
#11275=AXIS2_PLACEMENT_3D('',#16859,#13516,#13517);
#11276=AXIS2_PLACEMENT_3D('',#16860,#13518,#13519);
#11277=AXIS2_PLACEMENT_3D('',#16861,#13520,#13521);
#11278=AXIS2_PLACEMENT_3D('',#16862,#13522,#13523);
#11279=AXIS2_PLACEMENT_3D('',#16863,#13524,#13525);
#11280=AXIS2_PLACEMENT_3D('',#16864,#13526,#13527);
#11281=AXIS2_PLACEMENT_3D('',#16871,#13528,#13529);
#11282=AXIS2_PLACEMENT_3D('',#16885,#13531,#13532);
#11283=AXIS2_PLACEMENT_3D('',#16899,#13534,#13535);
#11284=AXIS2_PLACEMENT_3D('',#16913,#13537,#13538);
#11285=AXIS2_PLACEMENT_3D('',#16927,#13540,#13541);
#11286=AXIS2_PLACEMENT_3D('',#16941,#13543,#13544);
#11287=AXIS2_PLACEMENT_3D('',#16955,#13546,#13547);
#11288=AXIS2_PLACEMENT_3D('',#16969,#13549,#13550);
#11289=AXIS2_PLACEMENT_3D('',#16983,#13552,#13553);
#11290=AXIS2_PLACEMENT_3D('',#16997,#13555,#13556);
#11291=AXIS2_PLACEMENT_3D('',#17005,#13558,#13559);
#11292=AXIS2_PLACEMENT_3D('',#17007,#13560,#13561);
#11293=AXIS2_PLACEMENT_3D('',#17012,#13564,#13565);
#11294=AXIS2_PLACEMENT_3D('',#17014,#13566,#13567);
#11295=AXIS2_PLACEMENT_3D('',#17019,#13570,#13571);
#11296=AXIS2_PLACEMENT_3D('',#17024,#13574,#13575);
#11297=AXIS2_PLACEMENT_3D('',#17029,#13578,#13579);
#11298=AXIS2_PLACEMENT_3D('',#17034,#13582,#13583);
#11299=AXIS2_PLACEMENT_3D('',#17035,#13584,#13585);
#11300=AXIS2_PLACEMENT_3D('',#17044,#13590,#13591);
#11301=AXIS2_PLACEMENT_3D('',#17045,#13592,#13593);
#11302=AXIS2_PLACEMENT_3D('',#17049,#13595,#13596);
#11303=AXIS2_PLACEMENT_3D('',#17050,#13597,#13598);
#11304=AXIS2_PLACEMENT_3D('',#17056,#13602,#13603);
#11305=AXIS2_PLACEMENT_3D('',#17057,#13604,#13605);
#11306=AXIS2_PLACEMENT_3D('',#17058,#13606,#13607);
#11307=AXIS2_PLACEMENT_3D('',#17059,#13608,#13609);
#11308=AXIS2_PLACEMENT_3D('',#17060,#13610,#13611);
#11309=AXIS2_PLACEMENT_3D('',#17061,#13612,#13613);
#11310=AXIS2_PLACEMENT_3D('',#17067,#13617,#13618);
#11311=AXIS2_PLACEMENT_3D('',#17073,#13622,#13623);
#11312=AXIS2_PLACEMENT_3D('',#17074,#13624,#13625);
#11313=AXIS2_PLACEMENT_3D('',#17079,#13628,#13629);
#11314=AXIS2_PLACEMENT_3D('',#17084,#13630,#13631);
#11315=AXIS2_PLACEMENT_3D('',#17089,#13632,#13633);
#11316=AXIS2_PLACEMENT_3D('',#17094,#13634,#13635);
#11317=AXIS2_PLACEMENT_3D('',#17099,#13636,#13637);
#11318=AXIS2_PLACEMENT_3D('',#17100,#13638,#13639);
#11319=AXIS2_PLACEMENT_3D('',#17113,#13641,#13642);
#11320=AXIS2_PLACEMENT_3D('',#17114,#13643,#13644);
#11321=AXIS2_PLACEMENT_3D('',#17115,#13645,#13646);
#11322=AXIS2_PLACEMENT_3D('',#17128,#13648,#13649);
#11323=AXIS2_PLACEMENT_3D('',#17129,#13650,#13651);
#11324=AXIS2_PLACEMENT_3D('',#17135,#13655,#13656);
#11325=AXIS2_PLACEMENT_3D('',#17138,#13659,#13660);
#11326=AXIS2_PLACEMENT_3D('',#17139,#13661,#13662);
#11327=AXIS2_PLACEMENT_3D('',#17143,#13665,#13666);
#11328=AXIS2_PLACEMENT_3D('',#17144,#13667,#13668);
#11329=AXIS2_PLACEMENT_3D('',#17145,#13669,#13670);
#11330=AXIS2_PLACEMENT_3D('',#17150,#13671,#13672);
#11331=AXIS2_PLACEMENT_3D('',#17155,#13673,#13674);
#11332=AXIS2_PLACEMENT_3D('',#17156,#13675,#13676);
#11333=AXIS2_PLACEMENT_3D('',#17169,#13678,#13679);
#11334=AXIS2_PLACEMENT_3D('',#17170,#13680,#13681);
#11335=AXIS2_PLACEMENT_3D('',#17173,#13684,#13685);
#11336=AXIS2_PLACEMENT_3D('',#17179,#13689,#13690);
#11337=AXIS2_PLACEMENT_3D('',#17181,#13692,#13693);
#11338=AXIS2_PLACEMENT_3D('',#17184,#13695,#13696);
#11339=AXIS2_PLACEMENT_3D('',#17185,#13697,#13698);
#11340=AXIS2_PLACEMENT_3D('',#17190,#13699,#13700);
#11341=AXIS2_PLACEMENT_3D('',#17195,#13701,#13702);
#11342=AXIS2_PLACEMENT_3D('',#17196,#13703,#13704);
#11343=AXIS2_PLACEMENT_3D('',#17197,#13705,#13706);
#11344=AXIS2_PLACEMENT_3D('',#17200,#13708,#13709);
#11345=AXIS2_PLACEMENT_3D('',#17201,#13710,#13711);
#11346=AXIS2_PLACEMENT_3D('',#17207,#13715,#13716);
#11347=AXIS2_PLACEMENT_3D('',#17213,#13720,#13721);
#11348=AXIS2_PLACEMENT_3D('',#17214,#13722,#13723);
#11349=AXIS2_PLACEMENT_3D('',#17219,#13726,#13727);
#11350=AXIS2_PLACEMENT_3D('',#17220,#13728,#13729);
#11351=AXIS2_PLACEMENT_3D('',#17221,#13730,#13731);
#11352=AXIS2_PLACEMENT_3D('',#17222,#13732,#13733);
#11353=AXIS2_PLACEMENT_3D('',#17223,#13734,#13735);
#11354=AXIS2_PLACEMENT_3D('',#17224,#13736,#13737);
#11355=AXIS2_PLACEMENT_3D('',#17225,#13738,#13739);
#11356=AXIS2_PLACEMENT_3D('',#17230,#13740,#13741);
#11357=AXIS2_PLACEMENT_3D('',#17235,#13742,#13743);
#11358=AXIS2_PLACEMENT_3D('',#17236,#13744,#13745);
#11359=AXIS2_PLACEMENT_3D('',#17237,#13746,#13747);
#11360=AXIS2_PLACEMENT_3D('',#17250,#13749,#13750);
#11361=AXIS2_PLACEMENT_3D('',#17253,#13753,#13754);
#11362=AXIS2_PLACEMENT_3D('',#17256,#13757,#13758);
#11363=AXIS2_PLACEMENT_3D('',#17258,#13760,#13761);
#11364=AXIS2_PLACEMENT_3D('',#17260,#13763,#13764);
#11365=AXIS2_PLACEMENT_3D('',#17261,#13765,#13766);
#11366=AXIS2_PLACEMENT_3D('',#17262,#13767,#13768);
#11367=AXIS2_PLACEMENT_3D('',#17263,#13769,#13770);
#11368=AXIS2_PLACEMENT_3D('',#17264,#13771,#13772);
#11369=AXIS2_PLACEMENT_3D('',#17265,#13773,#13774);
#11370=AXIS2_PLACEMENT_3D('',#17267,#13775,#13776);
#11371=AXIS2_PLACEMENT_3D('',#17269,#13777,#13778);
#11372=AXIS2_PLACEMENT_3D('',#17270,#13779,#13780);
#11373=AXIS2_PLACEMENT_3D('',#17271,#13781,#13782);
#11374=AXIS2_PLACEMENT_3D('',#17272,#13783,#13784);
#11375=AXIS2_PLACEMENT_3D('',#17273,#13785,#13786);
#11376=AXIS2_PLACEMENT_3D('',#17286,#13793,#13794);
#11377=AXIS2_PLACEMENT_3D('',#17299,#13801,#13802);
#11378=AXIS2_PLACEMENT_3D('',#17300,#13803,#13804);
#11379=AXIS2_PLACEMENT_3D('',#17302,#13805,#13806);
#11380=AXIS2_PLACEMENT_3D('',#17303,#13807,#13808);
#11381=AXIS2_PLACEMENT_3D('',#17305,#13809,#13810);
#11382=AXIS2_PLACEMENT_3D('',#17354,#13835,#13836);
#11383=AXIS2_PLACEMENT_3D('',#17363,#13841,#13842);
#11384=AXIS2_PLACEMENT_3D('',#17372,#13847,#13848);
#11385=AXIS2_PLACEMENT_3D('',#17382,#13854,#13855);
#11386=AXIS2_PLACEMENT_3D('',#17392,#13861,#13862);
#11387=AXIS2_PLACEMENT_3D('',#17402,#13868,#13869);
#11388=AXIS2_PLACEMENT_3D('',#17412,#13875,#13876);
#11389=AXIS2_PLACEMENT_3D('',#17413,#13877,#13878);
#11390=AXIS2_PLACEMENT_3D('',#17415,#13879,#13880);
#11391=AXIS2_PLACEMENT_3D('',#17417,#13881,#13882);
#11392=AXIS2_PLACEMENT_3D('',#17419,#13883,#13884);
#11393=AXIS2_PLACEMENT_3D('',#17423,#13887,#13888);
#11394=AXIS2_PLACEMENT_3D('',#17425,#13890,#13891);
#11395=AXIS2_PLACEMENT_3D('',#17427,#13893,#13894);
#11396=AXIS2_PLACEMENT_3D('',#17429,#13896,#13897);
#11397=AXIS2_PLACEMENT_3D('',#17431,#13899,#13900);
#11398=AXIS2_PLACEMENT_3D('',#17433,#13902,#13903);
#11399=AXIS2_PLACEMENT_3D('',#17435,#13905,#13906);
#11400=AXIS2_PLACEMENT_3D('',#17436,#13907,#13908);
#11401=AXIS2_PLACEMENT_3D('',#17438,#13909,#13910);
#11402=AXIS2_PLACEMENT_3D('',#17439,#13911,#13912);
#11403=AXIS2_PLACEMENT_3D('',#17441,#13913,#13914);
#11404=AXIS2_PLACEMENT_3D('',#17454,#13923,#13924);
#11405=AXIS2_PLACEMENT_3D('',#17456,#13926,#13927);
#11406=AXIS2_PLACEMENT_3D('',#17458,#13929,#13930);
#11407=AXIS2_PLACEMENT_3D('',#17459,#13931,#13932);
#11408=AXIS2_PLACEMENT_3D('',#17468,#13937,#13938);
#11409=AXIS2_PLACEMENT_3D('',#17474,#13942,#13943);
#11410=AXIS2_PLACEMENT_3D('',#17480,#13947,#13948);
#11411=AXIS2_PLACEMENT_3D('',#17486,#13952,#13953);
#11412=AXIS2_PLACEMENT_3D('',#17491,#13957,#13958);
#11413=AXIS2_PLACEMENT_3D('',#17496,#13962,#13963);
#11414=AXIS2_PLACEMENT_3D('',#17500,#13966,#13967);
#11415=AXIS2_PLACEMENT_3D('',#17506,#13971,#13972);
#11416=AXIS2_PLACEMENT_3D('',#17513,#13977,#13978);
#11417=AXIS2_PLACEMENT_3D('',#17517,#13981,#13982);
#11418=AXIS2_PLACEMENT_3D('',#17527,#13988,#13989);
#11419=AXIS2_PLACEMENT_3D('',#17533,#13993,#13994);
#11420=AXIS2_PLACEMENT_3D('',#17539,#13998,#13999);
#11421=AXIS2_PLACEMENT_3D('',#17541,#14001,#14002);
#11422=AXIS2_PLACEMENT_3D('',#17542,#14003,#14004);
#11423=AXIS2_PLACEMENT_3D('',#17551,#14009,#14010);
#11424=AXIS2_PLACEMENT_3D('',#17557,#14014,#14015);
#11425=AXIS2_PLACEMENT_3D('',#17563,#14019,#14020);
#11426=AXIS2_PLACEMENT_3D('',#17569,#14024,#14025);
#11427=AXIS2_PLACEMENT_3D('',#17574,#14029,#14030);
#11428=AXIS2_PLACEMENT_3D('',#17579,#14034,#14035);
#11429=AXIS2_PLACEMENT_3D('',#17583,#14038,#14039);
#11430=AXIS2_PLACEMENT_3D('',#17589,#14043,#14044);
#11431=AXIS2_PLACEMENT_3D('',#17596,#14049,#14050);
#11432=AXIS2_PLACEMENT_3D('',#17600,#14053,#14054);
#11433=AXIS2_PLACEMENT_3D('',#17610,#14060,#14061);
#11434=AXIS2_PLACEMENT_3D('',#17616,#14065,#14066);
#11435=AXIS2_PLACEMENT_3D('',#17622,#14070,#14071);
#11436=AXIS2_PLACEMENT_3D('',#17624,#14073,#14074);
#11437=AXIS2_PLACEMENT_3D('',#17625,#14075,#14076);
#11438=AXIS2_PLACEMENT_3D('',#17626,#14077,#14078);
#11439=AXIS2_PLACEMENT_3D('',#17628,#14079,#14080);
#11440=AXIS2_PLACEMENT_3D('',#17629,#14081,#14082);
#11441=AXIS2_PLACEMENT_3D('',#17631,#14083,#14084);
#11442=AXIS2_PLACEMENT_3D('',#17632,#14085,#14086);
#11443=AXIS2_PLACEMENT_3D('',#17634,#14087,#14088);
#11444=AXIS2_PLACEMENT_3D('',#17635,#14089,#14090);
#11445=AXIS2_PLACEMENT_3D('',#17637,#14091,#14092);
#11446=AXIS2_PLACEMENT_3D('',#17638,#14093,#14094);
#11447=AXIS2_PLACEMENT_3D('',#17640,#14095,#14096);
#11448=AXIS2_PLACEMENT_3D('',#17641,#14097,#14098);
#11449=AXIS2_PLACEMENT_3D('',#17642,#14099,#14100);
#11450=AXIS2_PLACEMENT_3D('',#17644,#14101,#14102);
#11451=AXIS2_PLACEMENT_3D('',#17645,#14103,#14104);
#11452=AXIS2_PLACEMENT_3D('',#17646,#14105,#14106);
#11453=AXIS2_PLACEMENT_3D('',#17648,#14107,#14108);
#11454=AXIS2_PLACEMENT_3D('',#17649,#14109,#14110);
#11455=AXIS2_PLACEMENT_3D('',#17650,#14111,#14112);
#11456=AXIS2_PLACEMENT_3D('',#17652,#14113,#14114);
#11457=AXIS2_PLACEMENT_3D('',#17653,#14115,#14116);
#11458=AXIS2_PLACEMENT_3D('',#17654,#14117,#14118);
#11459=AXIS2_PLACEMENT_3D('',#17656,#14119,#14120);
#11460=AXIS2_PLACEMENT_3D('',#17657,#14121,#14122);
#11461=AXIS2_PLACEMENT_3D('',#17659,#14123,#14124);
#11462=AXIS2_PLACEMENT_3D('',#17661,#14125,#14126);
#11463=AXIS2_PLACEMENT_3D('',#17662,#14127,#14128);
#11464=AXIS2_PLACEMENT_3D('',#17664,#14129,#14130);
#11465=AXIS2_PLACEMENT_3D('',#17665,#14131,#14132);
#11466=AXIS2_PLACEMENT_3D('',#17667,#14133,#14134);
#11467=AXIS2_PLACEMENT_3D('',#17669,#14135,#14136);
#11468=AXIS2_PLACEMENT_3D('',#17670,#14137,#14138);
#11469=AXIS2_PLACEMENT_3D('',#17672,#14139,#14140);
#11470=AXIS2_PLACEMENT_3D('',#17673,#14141,#14142);
#11471=AXIS2_PLACEMENT_3D('',#17675,#14143,#14144);
#11472=AXIS2_PLACEMENT_3D('',#17676,#14145,#14146);
#11473=AXIS2_PLACEMENT_3D('',#17678,#14147,#14148);
#11474=AXIS2_PLACEMENT_3D('',#17679,#14149,#14150);
#11475=AXIS2_PLACEMENT_3D('',#17681,#14151,#14152);
#11476=AXIS2_PLACEMENT_3D('',#17683,#14154,#14155);
#11477=AXIS2_PLACEMENT_3D('',#17686,#14158,#14159);
#11478=AXIS2_PLACEMENT_3D('',#17687,#14160,#14161);
#11479=AXIS2_PLACEMENT_3D('',#17689,#14163,#14164);
#11480=AXIS2_PLACEMENT_3D('',#17692,#14167,#14168);
#11481=AXIS2_PLACEMENT_3D('',#17693,#14169,#14170);
#11482=AXIS2_PLACEMENT_3D('',#17695,#14172,#14173);
#11483=AXIS2_PLACEMENT_3D('',#17698,#14176,#14177);
#11484=AXIS2_PLACEMENT_3D('',#17699,#14178,#14179);
#11485=AXIS2_PLACEMENT_3D('',#17701,#14181,#14182);
#11486=AXIS2_PLACEMENT_3D('',#17704,#14185,#14186);
#11487=AXIS2_PLACEMENT_3D('',#17705,#14187,#14188);
#11488=AXIS2_PLACEMENT_3D('',#17706,#14189,#14190);
#11489=AXIS2_PLACEMENT_3D('',#17707,#14191,#14192);
#11490=AXIS2_PLACEMENT_3D('',#17708,#14193,#14194);
#11491=AXIS2_PLACEMENT_3D('',#17709,#14195,#14196);
#11492=AXIS2_PLACEMENT_3D('',#17715,#14200,#14201);
#11493=AXIS2_PLACEMENT_3D('',#17721,#14205,#14206);
#11494=AXIS2_PLACEMENT_3D('',#17730,#14211,#14212);
#11495=AXIS2_PLACEMENT_3D('',#17736,#14216,#14217);
#11496=AXIS2_PLACEMENT_3D('',#17742,#14221,#14222);
#11497=AXIS2_PLACEMENT_3D('',#17751,#14227,#14228);
#11498=AXIS2_PLACEMENT_3D('',#17753,#14230,#14231);
#11499=AXIS2_PLACEMENT_3D('',#17756,#14234,#14235);
#11500=AXIS2_PLACEMENT_3D('',#17758,#14237,#14238);
#11501=AXIS2_PLACEMENT_3D('',#17761,#14241,#14242);
#11502=AXIS2_PLACEMENT_3D('',#17763,#14244,#14245);
#11503=AXIS2_PLACEMENT_3D('',#17765,#14247,#14248);
#11504=AXIS2_PLACEMENT_3D('',#17766,#14249,#14250);
#11505=AXIS2_PLACEMENT_3D('',#17768,#14252,#14253);
#11506=AXIS2_PLACEMENT_3D('',#17770,#14255,#14256);
#11507=AXIS2_PLACEMENT_3D('',#17771,#14257,#14258);
#11508=AXIS2_PLACEMENT_3D('',#17772,#14259,#14260);
#11509=AXIS2_PLACEMENT_3D('',#17781,#14265,#14266);
#11510=AXIS2_PLACEMENT_3D('',#17787,#14270,#14271);
#11511=AXIS2_PLACEMENT_3D('',#17793,#14275,#14276);
#11512=AXIS2_PLACEMENT_3D('',#17796,#14279,#14280);
#11513=AXIS2_PLACEMENT_3D('',#17797,#14281,#14282);
#11514=AXIS2_PLACEMENT_3D('',#17799,#14283,#14284);
#11515=AXIS2_PLACEMENT_3D('',#17800,#14285,#14286);
#11516=AXIS2_PLACEMENT_3D('',#17801,#14287,#14288);
#11517=AXIS2_PLACEMENT_3D('',#17803,#14289,#14290);
#11518=AXIS2_PLACEMENT_3D('',#17804,#14291,#14292);
#11519=AXIS2_PLACEMENT_3D('',#17805,#14293,#14294);
#11520=AXIS2_PLACEMENT_3D('',#17806,#14295,#14296);
#11521=AXIS2_PLACEMENT_3D('',#17815,#14301,#14302);
#11522=AXIS2_PLACEMENT_3D('',#17821,#14306,#14307);
#11523=AXIS2_PLACEMENT_3D('',#17827,#14311,#14312);
#11524=AXIS2_PLACEMENT_3D('',#17830,#14315,#14316);
#11525=AXIS2_PLACEMENT_3D('',#17831,#14317,#14318);
#11526=AXIS2_PLACEMENT_3D('',#17833,#14319,#14320);
#11527=AXIS2_PLACEMENT_3D('',#17834,#14321,#14322);
#11528=AXIS2_PLACEMENT_3D('',#17835,#14323,#14324);
#11529=AXIS2_PLACEMENT_3D('',#17837,#14325,#14326);
#11530=AXIS2_PLACEMENT_3D('',#17838,#14327,#14328);
#11531=DIRECTION('',(0.,0.,1.));
#11532=DIRECTION('',(1.,0.,0.));
#11533=DIRECTION('',(0.707106781186548,0.707106781186548,-5.30436641447221E-16));
#11534=DIRECTION('',(3.77876430012033E-32,-7.50150692314295E-16,-1.));
#11535=DIRECTION('',(-7.32981099112321E-34,-7.50150692314295E-16,-1.));
#11536=DIRECTION('',(-0.707106781186548,0.707106781186548,0.));
#11537=DIRECTION('',(-3.77876430012033E-32,7.50150692314295E-16,1.));
#11538=DIRECTION('',(-0.577350269189625,0.577350269189625,-0.577350269189627));
#11539=DIRECTION('',(3.77876430012033E-32,-7.50150692314295E-16,-1.));
#11540=DIRECTION('',(-0.707106781186548,0.707106781186548,-5.30436641447221E-16));
#11541=DIRECTION('',(-0.707106781186548,0.707106781186547,-5.00223963285972E-16));
#11542=DIRECTION('',(4.27271792112513E-17,7.50150692314295E-16,1.));
#11543=DIRECTION('',(-0.707106781186547,-0.707106781186548,5.30436641447222E-16));
#11544=DIRECTION('',(4.27271792112513E-17,7.50150692314295E-16,1.));
#11545=DIRECTION('',(0.577350269189626,0.577350269189626,-0.577350269189626));
#11546=DIRECTION('',(-4.27271792112513E-17,-7.50150692314295E-16,-1.));
#11547=DIRECTION('',(-0.707106781186547,-0.707106781186548,0.));
#11548=DIRECTION('',(-1.8833040637704E-33,7.07423513103044E-16,1.));
#11549=DIRECTION('',(-0.707106781186548,0.707106781186548,-4.70011285124724E-16));
#11550=DIRECTION('',(-8.54543584225028E-17,-7.50150692314295E-16,-1.));
#11551=DIRECTION('',(-0.707106781186548,-0.707106781186548,5.90861997769719E-16));
#11552=DIRECTION('',(8.54543584225028E-17,7.50150692314295E-16,1.));
#11553=DIRECTION('',(-0.577350269189626,-0.577350269189625,0.577350269189626));
#11554=DIRECTION('',(-8.54543584225028E-17,-7.50150692314295E-16,-1.));
#11555=DIRECTION('',(-0.707106781186548,-0.707106781186548,0.));
#11556=DIRECTION('',(8.54543584225027E-17,7.50150692314295E-16,1.));
#11557=DIRECTION('',(0.707106781186547,0.707106781186548,-5.6064931960847E-16));
#11558=DIRECTION('',(4.27271792112513E-17,7.50150692314295E-16,1.));
#11559=DIRECTION('',(-8.54543584225027E-17,-7.07423513103044E-16,-1.));
#11560=DIRECTION('',(-0.707106781186548,0.707106781186547,0.));
#11561=DIRECTION('',(4.27271792112513E-17,7.50150692314295E-16,1.));
#11562=DIRECTION('',(0.577350269189626,-0.577350269189625,0.577350269189627));
#11563=DIRECTION('',(-4.27271792112513E-17,-7.50150692314295E-16,-1.));
#11564=DIRECTION('',(-0.707106781186548,0.707106781186547,-4.70011285124723E-16));
#11565=DIRECTION('',(6.12323399573677E-17,1.,-7.50150692314295E-16));
#11566=DIRECTION('',(1.,-6.12323399573677E-17,-8.54543584225027E-17));
#11567=DIRECTION('',(-1.,6.12323399573677E-17,8.54543584225027E-17));
#11568=DIRECTION('',(-1.,6.12323399573677E-17,8.54543584225027E-17));
#11569=DIRECTION('',(8.54543584225027E-17,7.50150692314295E-16,1.));
#11570=DIRECTION('',(-1.,6.12323399573677E-17,4.27271792112513E-17));
#11571=DIRECTION('',(6.12323399573677E-17,1.,0.));
#11572=DIRECTION('',(6.12323399573677E-17,1.,-7.50150692314295E-16));
#11573=DIRECTION('',(6.12323399573677E-17,1.,-7.50150692314295E-16));
#11574=DIRECTION('',(-4.27271792112513E-17,-7.50150692314295E-16,-1.));
#11575=DIRECTION('',(8.54543584225027E-17,7.50150692314295E-16,1.));
#11576=DIRECTION('',(-1.22464679914735E-16,-1.,7.50150692314295E-16));
#11577=DIRECTION('',(-1.,6.12323399573677E-17,8.54543584225027E-17));
#11578=DIRECTION('',(-6.12323399573677E-17,-1.,7.50150692314295E-16));
#11579=DIRECTION('',(-1.,6.12323399573677E-17,8.54543584225027E-17));
#11580=DIRECTION('',(6.12323399573677E-17,1.,-7.50150692314295E-16));
#11581=DIRECTION('',(-6.12323399573677E-17,-1.,7.50150692314295E-16));
#11582=DIRECTION('',(-1.,6.12323399573677E-17,8.54543584225027E-17));
#11583=DIRECTION('',(-6.12323399573677E-17,-1.,7.50150692314295E-16));
#11584=DIRECTION('',(1.,-6.12323399573677E-17,-8.54543584225027E-17));
#11585=DIRECTION('',(-6.12323399573677E-17,-1.,2.0526832973508E-48));
#11586=DIRECTION('',(6.12323399573677E-17,1.,-7.50150692314295E-16));
#11587=DIRECTION('',(-6.12323399573677E-17,-1.,7.50150692314295E-16));
#11588=DIRECTION('',(8.54543584225028E-17,7.50150692314295E-16,1.));
#11589=DIRECTION('',(-6.12323399573677E-17,-1.,7.50150692314295E-16));
#11590=DIRECTION('',(-1.,6.12323399573677E-17,8.54543584225027E-17));
#11591=DIRECTION('',(-1.,6.12323399573677E-17,8.54543584225027E-17));
#11592=DIRECTION('',(-8.54543584225028E-17,-7.50150692314295E-16,-1.));
#11593=DIRECTION('',(1.,-6.12323399573677E-17,-8.54543584225027E-17));
#11594=DIRECTION('',(4.27271792112513E-17,7.50150692314295E-16,1.));
#11595=DIRECTION('',(-6.12323399573677E-17,-1.,7.50150692314295E-16));
#11596=DIRECTION('',(-1.,6.12323399573677E-17,8.54543584225027E-17));
#11597=DIRECTION('',(-1.,6.12323399573677E-17,8.54543584225027E-17));
#11598=DIRECTION('',(-8.54543584225027E-17,-7.50150692314295E-16,-1.));
#11599=DIRECTION('',(-1.,6.12323399573677E-17,8.54543584225027E-17));
#11600=DIRECTION('',(-8.54543584225027E-17,-7.50150692314295E-16,-1.));
#11601=DIRECTION('',(1.,-6.12323399573677E-17,-8.54543584225027E-17));
#11602=DIRECTION('',(-6.12323399573677E-17,-1.,3.42113882891801E-48));
#11603=DIRECTION('',(-6.12323399573677E-17,-1.,7.50150692314295E-16));
#11604=DIRECTION('',(-6.12323399573677E-17,-1.,7.50150692314295E-16));
#11605=DIRECTION('',(-8.54543584225027E-17,-7.50150692314295E-16,-1.));
#11606=DIRECTION('',(1.22464679914735E-16,1.,-7.50150692314295E-16));
#11607=DIRECTION('',(-1.,6.12323399573677E-17,8.54543584225027E-17));
#11608=DIRECTION('',(-6.12323399573677E-17,-1.,7.50150692314295E-16));
#11609=DIRECTION('',(-1.,6.12323399573677E-17,8.54543584225027E-17));
#11610=DIRECTION('',(-6.12323399573677E-17,-1.,7.50150692314295E-16));
#11611=DIRECTION('',(-6.12323399573677E-17,-1.,7.50150692314295E-16));
#11612=DIRECTION('',(1.,-6.12323399573677E-17,-8.54543584225027E-17));
#11613=DIRECTION('',(-6.12323399573677E-17,-1.,3.42113882891801E-48));
#11614=DIRECTION('',(-6.12323399573677E-17,-1.,7.50150692314295E-16));
#11615=DIRECTION('',(6.12323399573677E-17,1.,-7.50150692314295E-16));
#11616=DIRECTION('',(1.,-6.12323399573677E-17,-8.54543584225027E-17));
#11617=DIRECTION('',(8.54543584225027E-17,7.50150692314295E-16,1.));
#11618=DIRECTION('',(-1.,6.12323399573677E-17,8.54543584225026E-17));
#11619=DIRECTION('',(6.12323399573677E-17,1.,-2.0526832973508E-48));
#11620=DIRECTION('',(-6.12323399573677E-17,-1.,7.50150692314295E-16));
#11621=DIRECTION('',(8.54543584225027E-17,7.50150692314295E-16,1.));
#11622=DIRECTION('',(8.54543584225027E-17,7.50150692314295E-16,1.));
#11623=DIRECTION('',(-1.71275535107227E-17,0.707106781186548,-0.707106781186548));
#11624=DIRECTION('',(-1.,6.12323399573677E-17,8.54543584225026E-17));
#11625=DIRECTION('',(6.12323399573677E-17,1.,-2.0526832973508E-48));
#11626=DIRECTION('',(8.54543584225027E-17,7.50150692314295E-16,1.));
#11627=DIRECTION('',(8.54543584225027E-17,7.50150692314295E-16,1.));
#11628=DIRECTION('',(-6.12323399573677E-17,-1.,7.50150692314295E-16));
#11629=DIRECTION('',(1.71275535107227E-17,-0.707106781186548,0.707106781186548));
#11630=DIRECTION('',(6.12323399573677E-17,1.,-7.50150692314295E-16));
#11631=DIRECTION('',(1.,-6.12323399573677E-17,-8.54543584225027E-17));
#11632=DIRECTION('',(-1.,6.12323399573677E-17,8.54543584225027E-17));
#11633=DIRECTION('',(-8.54543584225027E-17,-7.50150692314295E-16,-1.));
#11634=DIRECTION('',(1.22464679914735E-16,1.,-7.50150692314295E-16));
#11635=DIRECTION('',(1.,-6.12323399573677E-17,-8.54543584225027E-17));
#11636=DIRECTION('',(6.12323399573677E-17,1.,-7.50150692314295E-16));
#11637=DIRECTION('',(1.,-6.12323399573677E-17,-8.54543584225027E-17));
#11638=DIRECTION('',(-1.,6.12323399573677E-17,8.54543584225027E-17));
#11639=DIRECTION('',(1.03723159134272E-16,0.707106781186548,0.707106781186548));
#11640=DIRECTION('',(1.,-6.12323399573677E-17,-8.54543584225027E-17));
#11641=DIRECTION('',(0.,0.,-1.));
#11642=DIRECTION('',(1.,0.,0.));
#11643=DIRECTION('',(-6.12323399573677E-17,-1.,7.50150692314295E-16));
#11644=DIRECTION('',(1.,-6.12323399573677E-17,4.59334822110436E-32));
#11645=DIRECTION('',(-6.12323399573677E-17,-1.,7.50150692314295E-16));
#11646=DIRECTION('',(6.12323399573677E-17,1.,-7.50150692314295E-16));
#11647=DIRECTION('',(0.707106781186547,-0.707106781186548,0.));
#11648=DIRECTION('',(1.,-6.12323399573677E-17,4.59334822110436E-32));
#11649=DIRECTION('',(0.707106781186547,0.707106781186548,0.));
#11650=DIRECTION('',(6.12323399573677E-17,1.,-7.50150692314295E-16));
#11651=DIRECTION('',(0.707106781186548,-0.707106781186548,0.));
#11652=DIRECTION('',(0.707106781186548,0.707106781186548,0.));
#11653=DIRECTION('',(-1.,0.,0.));
#11654=DIRECTION('',(0.707106781186548,0.707106781186547,0.));
#11655=DIRECTION('',(2.23835287222814E-16,1.,0.));
#11656=DIRECTION('',(0.707106781186548,-0.707106781186547,0.));
#11657=DIRECTION('',(-1.,0.,0.));
#11658=DIRECTION('',(-0.707106781186548,-0.707106781186548,0.));
#11659=DIRECTION('',(2.23835287222814E-16,1.,0.));
#11660=DIRECTION('',(-0.707106781186547,0.707106781186548,0.));
#11661=DIRECTION('',(-1.,6.12323399573677E-17,8.54543584225027E-17));
#11662=DIRECTION('',(1.,0.,0.));
#11663=DIRECTION('',(1.,-6.12323399573677E-17,4.59334822110436E-32));
#11664=DIRECTION('',(1.,0.,0.));
#11665=DIRECTION('',(1.7347234759768E-16,-1.,0.));
#11666=DIRECTION('',(-1.,0.,0.));
#11667=DIRECTION('',(-1.7347234759768E-16,1.,0.));
#11668=DIRECTION('',(1.,0.,0.));
#11669=DIRECTION('',(0.,0.,-1.));
#11670=DIRECTION('',(-1.,0.,0.));
#11671=DIRECTION('',(0.,0.,-1.));
#11672=DIRECTION('',(-1.,0.,0.));
#11673=DIRECTION('',(6.12323399573677E-17,1.,-7.50150692314295E-16));
#11674=DIRECTION('',(-1.,6.12323399573677E-17,-4.59334822110436E-32));
#11675=DIRECTION('',(1.,-6.12323399573677E-17,4.59334822110436E-32));
#11676=DIRECTION('',(1.,-6.12323399573677E-17,4.59334822110436E-32));
#11677=DIRECTION('',(4.59334822110436E-32,7.50150692314295E-16,1.));
#11678=DIRECTION('',(1.,-6.12323399573677E-17,-4.27271792112513E-17));
#11679=DIRECTION('',(6.12323399573677E-17,1.,0.));
#11680=DIRECTION('',(-6.12323399573677E-17,-1.,7.50150692314295E-16));
#11681=DIRECTION('',(4.27271792112513E-17,7.50150692314295E-16,1.));
#11682=DIRECTION('',(0.,7.50150692314295E-16,1.));
#11683=DIRECTION('',(0.,-1.,7.50150692314295E-16));
#11684=DIRECTION('',(-1.,6.12323399573677E-17,-4.59334822110436E-32));
#11685=DIRECTION('',(6.12323399573677E-17,1.,-7.50150692314295E-16));
#11686=DIRECTION('',(1.,-6.12323399573677E-17,4.59334822110436E-32));
#11687=DIRECTION('',(-6.12323399573677E-17,-1.,7.50150692314295E-16));
#11688=DIRECTION('',(1.,-6.12323399573677E-17,4.59334822110436E-32));
#11689=DIRECTION('',(-6.12323399573677E-17,-1.,7.50150692314295E-16));
#11690=DIRECTION('',(-6.12323399573677E-17,-1.,7.50150692314295E-16));
#11691=DIRECTION('',(-1.,6.12323399573677E-17,-8.3721125212247E-32));
#11692=DIRECTION('',(-6.12323399573677E-17,-1.,0.));
#11693=DIRECTION('',(6.12323399573677E-17,1.,-7.50150692314295E-16));
#11694=DIRECTION('',(3.77876430012033E-32,-7.50150692314295E-16,-1.));
#11695=DIRECTION('',(-6.12323399573677E-17,-1.,7.50150692314295E-16));
#11696=DIRECTION('',(1.,-6.12323399573677E-17,4.59334822110436E-32));
#11697=DIRECTION('',(1.,-6.12323399573677E-17,4.59334822110436E-32));
#11698=DIRECTION('',(-3.77876430012033E-32,7.50150692314295E-16,1.));
#11699=DIRECTION('',(-4.27271792112513E-17,-7.50150692314295E-16,-1.));
#11700=DIRECTION('',(-6.12323399573677E-17,-1.,7.50150692314295E-16));
#11701=DIRECTION('',(1.,-6.12323399573677E-17,4.59334822110436E-32));
#11702=DIRECTION('',(-7.32981099112324E-34,-7.50150692314295E-16,-1.));
#11703=DIRECTION('',(1.,-6.12323399573677E-17,4.59334822110436E-32));
#11704=DIRECTION('',(-7.32981099112324E-34,-7.50150692314295E-16,-1.));
#11705=DIRECTION('',(-1.,6.12323399573677E-17,-4.52005011119313E-32));
#11706=DIRECTION('',(-6.12323399573677E-17,-1.,0.));
#11707=DIRECTION('',(-6.12323399573677E-17,-1.,7.50150692314295E-16));
#11708=DIRECTION('',(-5.4825942771122E-48,-7.50150692314295E-16,-1.));
#11709=DIRECTION('',(0.,1.,-7.50150692314295E-16));
#11710=DIRECTION('',(1.,-6.12323399573677E-17,4.59334822110436E-32));
#11711=DIRECTION('',(-6.12323399573677E-17,-1.,7.50150692314295E-16));
#11712=DIRECTION('',(-6.12323399573677E-17,-1.,7.50150692314295E-16));
#11713=DIRECTION('',(1.,-6.12323399573677E-17,4.59334822110436E-32));
#11714=DIRECTION('',(-6.12323399573677E-17,-1.,7.50150692314295E-16));
#11715=DIRECTION('',(-1.,6.12323399573677E-17,-4.52005011119313E-32));
#11716=DIRECTION('',(-6.12323399573677E-17,-1.,0.));
#11717=DIRECTION('',(6.12323399573677E-17,1.,-7.50150692314295E-16));
#11718=DIRECTION('',(-1.,6.12323399573677E-17,-4.59334822110436E-32));
#11719=DIRECTION('',(4.59334822110436E-32,7.50150692314295E-16,1.));
#11720=DIRECTION('',(1.,-6.12323399573677E-17,5.1835436801788E-48));
#11721=DIRECTION('',(6.12323399573677E-17,1.,0.));
#11722=DIRECTION('',(-6.12323399573677E-17,-1.,7.50150692314295E-16));
#11723=DIRECTION('',(4.32978028117747E-17,0.707106781186548,-0.707106781186548));
#11724=DIRECTION('',(4.59334822110436E-32,7.50150692314295E-16,1.));
#11725=DIRECTION('',(4.59334822110436E-32,7.50150692314295E-16,1.));
#11726=DIRECTION('',(1.,-6.12323399573677E-17,5.1835436801788E-48));
#11727=DIRECTION('',(6.12323399573677E-17,1.,0.));
#11728=DIRECTION('',(4.59334822110436E-32,7.50150692314295E-16,1.));
#11729=DIRECTION('',(-4.32978028117747E-17,-0.707106781186548,0.707106781186548));
#11730=DIRECTION('',(-6.12323399573677E-17,-1.,7.50150692314295E-16));
#11731=DIRECTION('',(4.59334822110436E-32,7.50150692314295E-16,1.));
#11732=DIRECTION('',(6.12323399573677E-17,1.,-7.50150692314295E-16));
#11733=DIRECTION('',(-1.,6.12323399573677E-17,-4.59334822110436E-32));
#11734=DIRECTION('',(1.,-6.12323399573677E-17,4.59334822110436E-32));
#11735=DIRECTION('',(0.,-7.50150692314295E-16,-1.));
#11736=DIRECTION('',(0.,1.,-7.50150692314295E-16));
#11737=DIRECTION('',(-1.,6.12323399573677E-17,-4.59334822110436E-32));
#11738=DIRECTION('',(6.12323399573677E-17,1.,-7.50150692314295E-16));
#11739=DIRECTION('',(-1.,6.12323399573677E-17,-4.59334822110436E-32));
#11740=DIRECTION('',(1.,-6.12323399573677E-17,4.59334822110436E-32));
#11741=DIRECTION('',(4.32978028117746E-17,0.707106781186548,0.707106781186548));
#11742=DIRECTION('',(-1.,6.12323399573677E-17,-4.59334822110436E-32));
#11743=DIRECTION('',(0.,1.,6.12323399573677E-17));
#11744=DIRECTION('',(1.,0.,0.));
#11745=DIRECTION('',(0.,6.12323399573677E-17,-1.));
#11746=DIRECTION('',(-1.,0.,0.));
#11747=DIRECTION('',(0.,-6.12323399573677E-17,1.));
#11748=DIRECTION('',(1.,-2.23835287222814E-16,-1.37059584016824E-32));
#11749=DIRECTION('',(-2.23835287222814E-16,-1.,-6.12323399573677E-17));
#11750=DIRECTION('',(-2.23835287222814E-16,-1.,-6.12323399573677E-17));
#11751=DIRECTION('',(0.,-6.12323399573677E-17,1.));
#11752=DIRECTION('',(0.,6.12323399573677E-17,-1.));
#11753=DIRECTION('',(0.,1.,6.12323399573677E-17));
#11754=DIRECTION('',(1.,0.,0.));
#11755=DIRECTION('',(1.,0.,0.));
#11756=DIRECTION('',(0.,-6.12323399573677E-17,1.));
#11757=DIRECTION('',(0.,6.12323399573677E-17,-1.));
#11758=DIRECTION('',(1.,-2.23835287222814E-16,-1.37059584016824E-32));
#11759=DIRECTION('',(-2.23835287222814E-16,-1.,-6.12323399573677E-17));
#11760=DIRECTION('',(0.,6.12323399573677E-17,-1.));
#11761=DIRECTION('',(2.23835287222814E-16,1.,6.12323399573677E-17));
#11762=DIRECTION('',(0.,-6.12323399573677E-17,1.));
#11763=DIRECTION('',(0.,1.,6.12323399573677E-17));
#11764=DIRECTION('',(1.,0.,0.));
#11765=DIRECTION('',(1.,0.,0.));
#11766=DIRECTION('',(0.,6.12323399573677E-17,-1.));
#11767=DIRECTION('',(1.,0.,0.));
#11768=DIRECTION('',(0.,6.12323399573677E-17,-1.));
#11769=DIRECTION('',(1.,-2.23835287222814E-16,-1.37059584016824E-32));
#11770=DIRECTION('',(-2.23835287222814E-16,-1.,-6.12323399573677E-17));
#11771=DIRECTION('',(-2.23835287222814E-16,-1.,-6.12323399573677E-17));
#11772=DIRECTION('',(-2.23835287222814E-16,-1.,-6.12323399573677E-17));
#11773=DIRECTION('',(0.,6.12323399573677E-17,-1.));
#11774=DIRECTION('',(0.,1.,6.12323399573677E-17));
#11775=DIRECTION('',(1.,0.,0.));
#11776=DIRECTION('',(1.,0.,0.));
#11777=DIRECTION('',(1.,0.,0.));
#11778=DIRECTION('',(0.,6.12323399573677E-17,-1.));
#11779=DIRECTION('',(1.,-2.23835287222814E-16,-1.37059584016824E-32));
#11780=DIRECTION('',(-2.23835287222814E-16,-1.,-6.12323399573677E-17));
#11781=DIRECTION('',(-2.23835287222814E-16,-1.,-6.12323399573677E-17));
#11782=DIRECTION('',(-2.23835287222814E-16,-1.,-6.12323399573677E-17));
#11783=DIRECTION('',(0.,-6.12323399573677E-17,1.));
#11784=DIRECTION('',(1.,0.,0.));
#11785=DIRECTION('',(0.,-6.12323399573677E-17,1.));
#11786=DIRECTION('',(0.,-1.,-6.12323399573677E-17));
#11787=DIRECTION('',(0.,-6.12323399573677E-17,1.));
#11788=DIRECTION('',(0.,-1.,-6.12323399573677E-17));
#11789=DIRECTION('',(0.,-6.12323399573677E-17,1.));
#11790=DIRECTION('',(0.,-1.,-6.12323399573677E-17));
#11791=DIRECTION('',(0.,-6.12323399573677E-17,1.));
#11792=DIRECTION('',(0.,-1.,-6.12323399573677E-17));
#11793=DIRECTION('',(0.,-1.,0.));
#11794=DIRECTION('',(0.,0.,-1.));
#11795=DIRECTION('',(0.,0.,1.));
#11796=DIRECTION('',(1.,0.,0.));
#11797=DIRECTION('',(0.,0.,1.));
#11798=DIRECTION('',(1.,1.7347234759768E-16,0.));
#11799=DIRECTION('',(-1.7347234759768E-16,1.,0.));
#11800=DIRECTION('',(-1.,-1.7347234759768E-16,0.));
#11801=DIRECTION('',(-1.,1.7347234759768E-16,0.));
#11802=DIRECTION('',(0.,0.,-1.));
#11803=DIRECTION('',(-1.,-1.7347234759768E-16,0.));
#11804=DIRECTION('',(0.,0.,-1.));
#11805=DIRECTION('',(1.,1.7347234759768E-16,0.));
#11806=DIRECTION('',(-1.7347234759768E-16,1.,0.));
#11807=DIRECTION('',(0.,0.,-1.));
#11808=DIRECTION('',(1.7347234759768E-16,1.,0.));
#11809=DIRECTION('',(-1.7347234759768E-16,1.,0.));
#11810=DIRECTION('',(0.,0.,-1.));
#11811=DIRECTION('',(1.7347234759768E-16,-1.,0.));
#11812=DIRECTION('',(-1.7347234759768E-16,1.,0.));
#11813=DIRECTION('',(-1.,-1.7347234759768E-16,0.));
#11814=DIRECTION('',(0.,0.,-1.));
#11815=DIRECTION('',(0.707106781186547,1.2266347333467E-16,0.707106781186548));
#11816=DIRECTION('',(-0.707106781186547,-1.2266347333467E-16,0.707106781186548));
#11817=DIRECTION('',(0.,0.,-1.));
#11818=DIRECTION('',(1.,1.7347234759768E-16,0.));
#11819=DIRECTION('',(1.,0.,0.));
#11820=DIRECTION('',(0.,0.,-1.));
#11821=DIRECTION('',(-1.,-1.7347234759768E-16,0.));
#11822=DIRECTION('',(1.,1.7347234759768E-16,0.));
#11823=DIRECTION('',(-1.7347234759768E-16,1.,0.));
#11824=DIRECTION('',(1.7347234759768E-16,-1.,0.));
#11825=DIRECTION('',(1.7347234759768E-16,1.,0.));
#11826=DIRECTION('',(0.,0.,-1.));
#11827=DIRECTION('',(1.7347234759768E-16,-1.,0.));
#11828=DIRECTION('',(-1.7347234759768E-16,1.,0.));
#11829=DIRECTION('',(-1.,-1.7347234759768E-16,0.));
#11830=DIRECTION('',(1.,-1.7347234759768E-16,0.));
#11831=DIRECTION('',(1.,1.7347234759768E-16,0.));
#11832=DIRECTION('',(0.,0.,1.));
#11833=DIRECTION('',(1.,0.,0.));
#11834=DIRECTION('',(1.,1.7347234759768E-16,0.));
#11835=DIRECTION('',(-1.7347234759768E-16,1.,0.));
#11836=DIRECTION('',(-1.7347234759768E-16,1.,0.));
#11837=DIRECTION('',(0.,0.,1.));
#11838=DIRECTION('',(1.7347234759768E-16,1.,0.));
#11839=DIRECTION('',(1.7347234759768E-16,-1.,0.));
#11840=DIRECTION('',(1.,1.7347234759768E-16,0.));
#11841=DIRECTION('',(-1.7347234759768E-16,1.,0.));
#11842=DIRECTION('',(0.,0.,1.));
#11843=DIRECTION('',(-1.7347234759768E-16,1.,0.));
#11844=DIRECTION('',(1.7347234759768E-16,-1.,0.));
#11845=DIRECTION('',(1.7347234759768E-16,1.,0.));
#11846=DIRECTION('',(0.,0.,1.));
#11847=DIRECTION('',(-1.,-3.46944695195362E-16,0.));
#11848=DIRECTION('',(0.,0.,-1.));
#11849=DIRECTION('',(1.,0.,0.));
#11850=DIRECTION('',(0.,0.,-1.));
#11851=DIRECTION('',(-1.,0.,0.));
#11852=DIRECTION('',(1.,0.,0.));
#11853=DIRECTION('',(0.,0.,-1.));
#11854=DIRECTION('',(-1.,0.,0.));
#11855=DIRECTION('',(0.,0.,-1.));
#11856=DIRECTION('',(1.,0.,0.));
#11857=DIRECTION('',(0.,0.,1.));
#11858=DIRECTION('',(-1.,3.46944695195362E-16,0.));
#11859=DIRECTION('',(0.,0.,1.));
#11860=DIRECTION('',(1.,0.,0.));
#11861=DIRECTION('',(0.,0.,-1.));
#11862=DIRECTION('',(-1.,-3.46944695195362E-16,0.));
#11863=DIRECTION('',(0.,0.,1.));
#11864=DIRECTION('',(1.,0.,0.));
#11865=DIRECTION('',(0.,0.,1.));
#11866=DIRECTION('',(1.,0.,0.));
#11867=DIRECTION('',(0.,0.,-1.));
#11868=DIRECTION('',(-1.,0.,0.));
#11869=DIRECTION('',(0.,0.,-1.));
#11870=DIRECTION('',(1.,0.,0.));
#11871=DIRECTION('',(0.,0.,1.));
#11872=DIRECTION('',(1.,0.,0.));
#11873=DIRECTION('',(0.,0.,-1.));
#11874=DIRECTION('',(1.,-3.46944695195362E-16,0.));
#11875=DIRECTION('',(0.,0.,-1.));
#11876=DIRECTION('',(1.,0.,0.));
#11877=DIRECTION('',(0.,0.,1.));
#11878=DIRECTION('',(-1.,3.46944695195362E-16,0.));
#11879=DIRECTION('',(-1.,-1.7347234759768E-16,0.));
#11880=DIRECTION('',(0.,0.,1.));
#11881=DIRECTION('',(1.,0.,0.));
#11882=DIRECTION('',(0.,0.,1.));
#11883=DIRECTION('',(1.,0.,0.));
#11884=DIRECTION('',(0.,0.,-1.));
#11885=DIRECTION('',(-1.,0.,0.));
#11886=DIRECTION('',(0.,0.,1.));
#11887=DIRECTION('',(1.,0.,0.));
#11888=DIRECTION('',(0.,-1.,0.));
#11889=DIRECTION('',(0.,0.,-1.));
#11890=DIRECTION('',(1.,0.,0.));
#11891=DIRECTION('',(0.,0.,-1.));
#11892=DIRECTION('',(1.,3.46944695195362E-16,0.));
#11893=DIRECTION('',(0.,0.,1.));
#11894=DIRECTION('',(1.,0.,0.));
#11895=DIRECTION('',(0.,0.,1.));
#11896=DIRECTION('',(1.,0.,0.));
#11897=DIRECTION('',(0.,0.,1.));
#11898=DIRECTION('',(1.,0.,0.));
#11899=DIRECTION('',(-0.707106781186548,-1.2266347333467E-16,-0.707106781186547));
#11900=DIRECTION('',(1.7347234759768E-16,-1.,0.));
#11901=DIRECTION('',(0.577350269189626,0.577350269189625,-0.577350269189626));
#11902=DIRECTION('',(0.,0.707106781186548,0.707106781186547));
#11903=DIRECTION('',(1.,0.,0.));
#11904=DIRECTION('',(0.577350269189626,-0.577350269189625,0.577350269189626));
#11905=DIRECTION('',(-0.707106781186548,-1.2266347333467E-16,0.707106781186547));
#11906=DIRECTION('',(-1.7347234759768E-16,1.,0.));
#11907=DIRECTION('',(-0.707106781186548,0.707106781186548,4.32978028117746E-17));
#11908=DIRECTION('',(0.,-6.12323399573677E-17,1.));
#11909=DIRECTION('',(0.707106781186548,0.707106781186548,0.));
#11910=DIRECTION('',(-0.577350269189626,0.577350269189626,-0.577350269189625));
#11911=DIRECTION('',(-0.707106781186548,-0.707106781186548,0.));
#11912=DIRECTION('',(0.707106781186548,1.05762947751096E-15,-0.707106781186548));
#11913=DIRECTION('',(-9.61481343191781E-17,-0.707106781186547,-0.707106781186548));
#11914=DIRECTION('',(-0.707106781186547,-0.707106781186548,-4.32978028117747E-17));
#11915=DIRECTION('',(0.,6.12323399573677E-17,-1.));
#11916=DIRECTION('',(-0.707106781186548,0.707106781186547,8.82200137686988E-16));
#11917=DIRECTION('',(0.,0.707106781186548,-0.707106781186547));
#11918=DIRECTION('',(-1.,0.,0.));
#11919=DIRECTION('',(-8.93088784488234E-16,0.707106781186547,0.707106781186548));
#11920=DIRECTION('',(0.707106781186548,-2.01573252275865E-16,0.707106781186548));
#11921=DIRECTION('',(-2.23835287222814E-16,-1.,-6.12323399573677E-17));
#11922=DIRECTION('',(-0.707106781186548,2.88444402957535E-16,0.707106781186548));
#11923=DIRECTION('',(0.707106781186548,0.707106781186547,4.32978028117746E-17));
#11924=DIRECTION('',(0.,6.12323399573677E-17,-1.));
#11925=DIRECTION('',(0.707106781186547,-0.707106781186548,-7.90345805858573E-16));
#11926=DIRECTION('',(0.577350269189625,0.577350269189627,-0.577350269189625));
#11927=DIRECTION('',(0.,0.707106781186547,0.707106781186548));
#11928=DIRECTION('',(-0.707106781186548,0.,-0.707106781186548));
#11929=DIRECTION('',(-0.577350269189626,-0.577350269189625,-0.577350269189626));
#11930=DIRECTION('',(-0.707106781186547,0.,0.707106781186548));
#11931=DIRECTION('',(2.88444402957534E-16,0.707106781186548,-0.707106781186547));
#11932=DIRECTION('',(0.707106781186548,-1.14977646652315E-16,-0.707106781186548));
#11933=DIRECTION('',(2.23835287222814E-16,1.,6.12323399573677E-17));
#11934=DIRECTION('',(0.707106781186548,-6.73036940234247E-16,0.707106781186548));
#11935=DIRECTION('',(0.,0.707106781186547,0.707106781186548));
#11936=DIRECTION('',(1.,0.,0.));
#11937=DIRECTION('',(-6.73036940234248E-16,-0.707106781186548,0.707106781186547));
#11938=DIRECTION('',(0.577350269189625,-0.577350269189626,-0.577350269189626));
#11939=DIRECTION('',(0.,0.707106781186548,-0.707106781186548));
#11940=DIRECTION('',(-0.707106781186548,-0.707106781186547,-3.31074146716501E-16));
#11941=DIRECTION('',(0.707106781186547,-0.707106781186548,-4.32978028117747E-17));
#11942=DIRECTION('',(0.,-6.12323399573677E-17,1.));
#11943=DIRECTION('',(0.707106781186548,4.87138838635447E-16,0.707106781186548));
#11944=DIRECTION('',(6.12323399573677E-17,1.,-7.50150692314295E-16));
#11945=DIRECTION('',(-0.707106781186548,0.,0.707106781186548));
#11946=DIRECTION('',(-0.707106781186548,-0.707106781186548,5.90861997769719E-16));
#11947=DIRECTION('',(-8.54543584225028E-17,-7.50150692314295E-16,-1.));
#11948=DIRECTION('',(-0.707106781186548,0.707106781186548,-2.31552626634447E-15));
#11949=DIRECTION('',(-0.577350269189625,-0.577350269189627,-0.577350269189625));
#11950=DIRECTION('',(0.,0.707106781186546,-0.707106781186549));
#11951=DIRECTION('',(2.30755522366028E-15,-0.707106781186548,0.707106781186548));
#11952=DIRECTION('',(-1.03723159134272E-16,-0.707106781186548,-0.707106781186548));
#11953=DIRECTION('',(1.,-6.12323399573677E-17,-8.54543584225027E-17));
#11954=DIRECTION('',(2.30755522366029E-15,0.707106781186548,-0.707106781186548));
#11955=DIRECTION('',(0.707106781186548,-0.707106781186548,5.00223963285973E-16));
#11956=DIRECTION('',(4.27271792112513E-17,7.50150692314295E-16,1.));
#11957=DIRECTION('',(-0.707106781186548,-0.707106781186548,7.37809488255981E-15));
#11958=DIRECTION('',(0.577350269189622,-0.577350269189628,-0.577350269189627));
#11959=DIRECTION('',(0.,0.707106781186547,-0.707106781186549));
#11960=DIRECTION('',(-0.707106781186548,5.0680955433008E-15,-0.707106781186548));
#11961=DIRECTION('',(-0.707106781186548,5.73734444258996E-16,0.707106781186548));
#11962=DIRECTION('',(6.12323399573677E-17,1.,-7.50150692314295E-16));
#11963=DIRECTION('',(0.707106781186548,-0.707106781186547,5.30436641447221E-16));
#11964=DIRECTION('',(3.77876430012033E-32,-7.50150692314295E-16,-1.));
#11965=DIRECTION('',(-0.707106781186547,-0.707106781186548,7.31399612634703E-15));
#11966=DIRECTION('',(-0.707106781186548,5.73734444258996E-16,0.707106781186547));
#11967=DIRECTION('',(6.12323399573677E-17,1.,-7.50150692314295E-16));
#11968=DIRECTION('',(-0.707106781186547,4.75189556472764E-15,-0.707106781186548));
#11969=DIRECTION('',(0.577350269189623,-0.577350269189628,-0.577350269189626));
#11970=DIRECTION('',(0.,0.707106781186546,-0.707106781186549));
#11971=DIRECTION('',(2.59599962661783E-15,0.707106781186548,-0.707106781186548));
#11972=DIRECTION('',(-0.707106781186548,-0.707106781186547,5.6064931960847E-16));
#11973=DIRECTION('',(4.27271792112513E-17,7.50150692314295E-16,1.));
#11974=DIRECTION('',(-0.707106781186547,0.707106781186548,-2.40738059817288E-15));
#11975=DIRECTION('',(-4.32978028117746E-17,-0.707106781186548,-0.707106781186548));
#11976=DIRECTION('',(-1.,6.12323399573677E-17,-4.59334822110436E-32));
#11977=DIRECTION('',(2.18365151372547E-15,-0.707106781186548,0.707106781186548));
#11978=DIRECTION('',(-0.577350269189625,-0.577350269189627,-0.577350269189625));
#11979=DIRECTION('',(0.707106781186548,-0.707106781186547,0.));
#11980=DIRECTION('',(-0.707106781186547,2.7755575615629E-17,0.707106781186548));
#11981=DIRECTION('',(0.707106781186548,4.87138838635446E-16,0.707106781186547));
#11982=DIRECTION('',(6.12323399573677E-17,1.,-7.50150692314295E-16));
#11983=DIRECTION('',(0.,-6.12323399573677E-17,1.));
#11984=DIRECTION('',(0.,-1.,-6.12323399573677E-17));
#11985=DIRECTION('',(0.,6.12323399573677E-17,-1.));
#11986=DIRECTION('',(0.,1.,6.12323399573677E-17));
#11987=DIRECTION('',(0.,6.12323399573677E-17,-1.));
#11988=DIRECTION('',(1.,0.,0.));
#11989=DIRECTION('',(0.,-6.12323399573677E-17,1.));
#11990=DIRECTION('',(0.,-1.,-6.12323399573677E-17));
#11991=DIRECTION('',(0.,6.12323399573677E-17,-1.));
#11992=DIRECTION('',(0.,1.,6.12323399573677E-17));
#11993=DIRECTION('',(0.,6.12323399573677E-17,-1.));
#11994=DIRECTION('',(1.,0.,0.));
#11995=DIRECTION('',(0.,-6.12323399573677E-17,1.));
#11996=DIRECTION('',(0.,-1.,-6.12323399573677E-17));
#11997=DIRECTION('',(0.,6.12323399573677E-17,-1.));
#11998=DIRECTION('',(0.,1.,6.12323399573677E-17));
#11999=DIRECTION('',(0.,6.12323399573677E-17,-1.));
#12000=DIRECTION('',(1.,0.,0.));
#12001=DIRECTION('',(0.,-6.12323399573677E-17,1.));
#12002=DIRECTION('',(0.,-1.,-6.12323399573677E-17));
#12003=DIRECTION('',(0.,6.12323399573677E-17,-1.));
#12004=DIRECTION('',(0.,1.,6.12323399573677E-17));
#12005=DIRECTION('',(0.,6.12323399573677E-17,-1.));
#12006=DIRECTION('',(1.,0.,0.));
#12007=DIRECTION('',(0.,0.,1.));
#12008=DIRECTION('',(1.,0.,0.));
#12009=DIRECTION('',(0.,0.,1.));
#12010=DIRECTION('',(-1.,3.46944695195362E-16,0.));
#12011=DIRECTION('',(0.,0.,1.));
#12012=DIRECTION('',(-1.,3.46944695195362E-16,0.));
#12013=DIRECTION('',(0.,0.,-1.));
#12014=DIRECTION('',(1.,-3.46944695195362E-16,0.));
#12015=DIRECTION('',(0.,0.,1.));
#12016=DIRECTION('',(-1.,3.46944695195362E-16,0.));
#12017=DIRECTION('',(0.,0.,1.));
#12018=DIRECTION('',(-1.,3.46944695195362E-16,0.));
#12019=DIRECTION('',(0.,0.,1.));
#12020=DIRECTION('',(-1.,3.46944695195362E-16,0.));
#12021=DIRECTION('',(0.,0.,1.));
#12022=DIRECTION('',(-1.,3.46944695195362E-16,0.));
#12023=DIRECTION('',(0.,0.,-1.));
#12024=DIRECTION('',(1.,-3.46944695195362E-16,0.));
#12025=DIRECTION('',(0.,0.,1.));
#12026=DIRECTION('',(1.,0.,0.));
#12027=DIRECTION('',(0.,0.,-1.));
#12028=DIRECTION('',(-1.,0.,0.));
#12029=DIRECTION('',(0.,0.,1.));
#12030=DIRECTION('',(1.,0.,0.));
#12031=DIRECTION('',(0.,0.,-1.));
#12032=DIRECTION('',(0.,0.,1.));
#12033=DIRECTION('',(-0.809016994374948,-0.587785252292473,0.));
#12034=DIRECTION('',(0.,0.,-1.));
#12035=DIRECTION('',(0.,0.,1.));
#12036=DIRECTION('',(1.,0.,0.));
#12037=DIRECTION('',(0.,0.,-1.));
#12038=DIRECTION('',(0.,0.,1.));
#12039=DIRECTION('',(0.309016994374948,-0.951056516295154,0.));
#12040=DIRECTION('',(0.,0.,-1.));
#12041=DIRECTION('',(0.,0.,1.));
#12042=DIRECTION('',(1.,0.,0.));
#12043=DIRECTION('',(0.,0.,-1.));
#12044=DIRECTION('',(0.,0.,1.));
#12045=DIRECTION('',(1.,0.,0.));
#12046=DIRECTION('',(0.,0.,-1.));
#12047=DIRECTION('',(0.,0.,1.));
#12048=DIRECTION('',(1.,0.,0.));
#12049=DIRECTION('',(0.,0.,-1.));
#12050=DIRECTION('',(0.,0.,1.));
#12051=DIRECTION('',(0.309016994374948,0.951056516295154,0.));
#12052=DIRECTION('',(0.,0.,-1.));
#12053=DIRECTION('',(0.,0.,1.));
#12054=DIRECTION('',(1.,0.,0.));
#12055=DIRECTION('',(0.,0.,-1.));
#12056=DIRECTION('',(0.,0.,1.));
#12057=DIRECTION('',(-0.809016994374947,0.587785252292473,0.));
#12058=DIRECTION('',(0.,0.,-1.));
#12059=DIRECTION('',(0.,0.,1.));
#12060=DIRECTION('',(1.,0.,0.));
#12061=DIRECTION('',(0.,0.,1.));
#12062=DIRECTION('',(1.,0.,0.));
#12063=DIRECTION('',(0.857704565039234,-0.514142858659788,0.));
#12064=DIRECTION('',(0.293369986527146,-0.95599898065064,0.));
#12065=DIRECTION('',(0.,0.,1.));
#12066=DIRECTION('',(1.,0.,0.));
#12067=DIRECTION('',(0.,0.,1.));
#12068=DIRECTION('',(1.,0.,0.));
#12069=DIRECTION('',(-0.223933629284914,-0.974604396499055,0.));
#12070=DIRECTION('',(-0.818552748642878,-0.574431368998237,0.));
#12071=DIRECTION('',(0.,0.,1.));
#12072=DIRECTION('',(0.309016994374948,-0.951056516295154,0.));
#12073=DIRECTION('',(-0.99610315916143,-0.0881957839617069,0.));
#12074=DIRECTION('',(-0.799263406773094,0.600980870405597,0.));
#12075=DIRECTION('',(0.,0.,1.));
#12076=DIRECTION('',(-0.809016994374948,-0.587785252292473,0.));
#12077=DIRECTION('',(-0.391691979377996,0.920096404346277,0.));
#12078=DIRECTION('',(0.324580797293073,0.945857973497392,0.));
#12079=DIRECTION('',(0.,0.,1.));
#12080=DIRECTION('',(-0.809016994374947,0.587785252292473,0.));
#12081=DIRECTION('',(0.754024202785105,0.656846634774273,0.));
#12082=DIRECTION('',(0.999865371595753,-0.0164084942541112,0.));
#12083=DIRECTION('',(0.,0.,1.));
#12084=DIRECTION('',(1.,0.,0.));
#12085=DIRECTION('',(1.,0.,0.));
#12086=DIRECTION('',(0.,0.,-1.));
#12087=DIRECTION('',(0.,-1.,0.));
#12088=DIRECTION('',(0.,0.,-1.));
#12089=DIRECTION('',(0.,-1.,0.));
#12090=DIRECTION('',(0.,0.,-1.));
#12091=DIRECTION('',(0.,0.,-1.));
#12092=DIRECTION('',(-1.,0.,0.));
#12093=DIRECTION('',(0.,0.,1.));
#12094=DIRECTION('',(1.,0.,0.));
#12095=DIRECTION('',(0.,0.,-1.));
#12096=DIRECTION('',(0.,0.,1.));
#12097=DIRECTION('',(1.,0.,0.));
#12098=DIRECTION('',(1.,0.,0.));
#12099=DIRECTION('',(0.,0.,-1.));
#12100=DIRECTION('',(0.,-1.,0.));
#12101=DIRECTION('',(0.,0.,-1.));
#12102=DIRECTION('',(0.,-1.,0.));
#12103=DIRECTION('',(0.,0.,-1.));
#12104=DIRECTION('',(-1.,0.,0.));
#12105=DIRECTION('',(0.,0.,1.));
#12106=DIRECTION('',(1.,0.,0.));
#12107=DIRECTION('',(0.,0.,1.));
#12108=DIRECTION('',(1.,0.,0.));
#12109=DIRECTION('',(0.,0.,1.));
#12110=DIRECTION('',(1.,0.,0.));
#12111=DIRECTION('',(0.,0.,1.));
#12112=DIRECTION('',(1.,0.,0.));
#12113=DIRECTION('',(-0.920096404346277,-0.391691979377996,0.));
#12114=DIRECTION('',(0.391691979377996,-0.920096404346277,0.));
#12115=DIRECTION('',(-0.391691979377996,0.920096404346277,0.));
#12116=DIRECTION('',(0.,0.,-1.));
#12117=DIRECTION('',(-0.391691979377996,0.920096404346277,0.));
#12118=DIRECTION('',(-0.600980870405597,-0.799263406773094,0.));
#12119=DIRECTION('',(0.,0.,-1.));
#12120=DIRECTION('',(-0.799263406773094,0.600980870405597,0.));
#12121=DIRECTION('',(0.,0.,-1.));
#12122=DIRECTION('',(-0.799263406773094,0.600980870405597,0.));
#12123=DIRECTION('',(0.,0.,1.));
#12124=DIRECTION('',(-0.809016994374948,-0.587785252292473,0.));
#12125=DIRECTION('',(0.,0.,1.));
#12126=DIRECTION('',(-0.809016994374948,-0.587785252292473,0.));
#12127=DIRECTION('',(-0.799263406773094,0.600980870405597,0.));
#12128=DIRECTION('',(-0.391691979377996,0.920096404346277,0.));
#12129=DIRECTION('',(-0.799263406773093,0.600980870405597,0.));
#12130=DIRECTION('',(-0.600980870405597,-0.799263406773093,0.));
#12131=DIRECTION('',(0.799263406773093,-0.600980870405597,0.));
#12132=DIRECTION('',(0.600980870405597,0.799263406773093,0.));
#12133=DIRECTION('',(-0.391691979377996,0.920096404346277,0.));
#12134=DIRECTION('',(-0.920096404346277,-0.391691979377996,0.));
#12135=DIRECTION('',(0.391691979377996,-0.920096404346277,0.));
#12136=DIRECTION('',(0.920096404346277,0.391691979377996,0.));
#12137=DIRECTION('',(0.,0.,1.));
#12138=DIRECTION('',(1.,0.,0.));
#12139=DIRECTION('',(0.,0.,-1.));
#12140=DIRECTION('',(-1.,0.,0.));
#12141=DIRECTION('',(0.,0.,-1.));
#12142=DIRECTION('',(0.,0.,1.));
#12143=DIRECTION('',(1.,0.,0.));
#12144=DIRECTION('',(0.,0.,1.));
#12145=DIRECTION('',(1.,0.,0.));
#12146=DIRECTION('',(0.,0.,1.));
#12147=DIRECTION('',(1.,0.,0.));
#12148=DIRECTION('',(0.,0.,-1.));
#12149=DIRECTION('',(0.,0.,-1.));
#12150=DIRECTION('',(-1.,0.,0.));
#12151=DIRECTION('',(-0.656846634774273,0.754024202785105,0.));
#12152=DIRECTION('',(-0.754024202785105,-0.656846634774273,0.));
#12153=DIRECTION('',(0.754024202785105,0.656846634774273,0.));
#12154=DIRECTION('',(0.,0.,-1.));
#12155=DIRECTION('',(0.754024202785105,0.656846634774273,0.));
#12156=DIRECTION('',(-0.945857973497392,0.324580797293073,0.));
#12157=DIRECTION('',(0.,0.,-1.));
#12158=DIRECTION('',(0.324580797293073,0.945857973497392,0.));
#12159=DIRECTION('',(0.324580797293073,0.945857973497392,0.));
#12160=DIRECTION('',(0.,0.,1.));
#12161=DIRECTION('',(-0.809016994374947,0.587785252292473,0.));
#12162=DIRECTION('',(0.,0.,1.));
#12163=DIRECTION('',(-0.809016994374947,0.587785252292473,0.));
#12164=DIRECTION('',(0.324580797293073,0.945857973497392,0.));
#12165=DIRECTION('',(0.754024202785105,0.656846634774273,0.));
#12166=DIRECTION('',(0.324580797293073,0.945857973497392,0.));
#12167=DIRECTION('',(-0.945857973497392,0.324580797293073,0.));
#12168=DIRECTION('',(-0.324580797293073,-0.945857973497392,0.));
#12169=DIRECTION('',(0.945857973497392,-0.324580797293073,0.));
#12170=DIRECTION('',(0.754024202785105,0.656846634774273,0.));
#12171=DIRECTION('',(-0.656846634774273,0.754024202785105,0.));
#12172=DIRECTION('',(-0.754024202785105,-0.656846634774273,0.));
#12173=DIRECTION('',(0.656846634774273,-0.754024202785105,0.));
#12174=DIRECTION('',(0.,0.,1.));
#12175=DIRECTION('',(1.,0.,0.));
#12176=DIRECTION('',(0.,0.,1.));
#12177=DIRECTION('',(1.,0.,0.));
#12178=DIRECTION('',(0.,0.,-1.));
#12179=DIRECTION('',(0.,0.,-1.));
#12180=DIRECTION('',(-1.,0.,0.));
#12181=DIRECTION('',(0.0881957839617069,-0.996103159161429,0.));
#12182=DIRECTION('',(0.996103159161429,0.0881957839617069,0.));
#12183=DIRECTION('',(-0.99610315916143,-0.0881957839617069,0.));
#12184=DIRECTION('',(-0.99610315916143,-0.0881957839617069,0.));
#12185=DIRECTION('',(0.574431368998237,-0.818552748642878,0.));
#12186=DIRECTION('',(0.,0.,-1.));
#12187=DIRECTION('',(-0.818552748642878,-0.574431368998237,0.));
#12188=DIRECTION('',(0.,0.,-1.));
#12189=DIRECTION('',(-0.818552748642878,-0.574431368998237,0.));
#12190=DIRECTION('',(0.,0.,1.));
#12191=DIRECTION('',(0.309016994374948,-0.951056516295154,0.));
#12192=DIRECTION('',(-0.99610315916143,-0.0881957839617069,0.));
#12193=DIRECTION('',(0.,0.,1.));
#12194=DIRECTION('',(0.309016994374948,-0.951056516295154,0.));
#12195=DIRECTION('',(-0.818552748642878,-0.574431368998237,0.));
#12196=DIRECTION('',(0.99610315916143,0.0881957839617069,0.));
#12197=DIRECTION('',(-0.0881957839617069,0.996103159161429,0.));
#12198=DIRECTION('',(-0.818552748642878,-0.574431368998237,0.));
#12199=DIRECTION('',(0.574431368998237,-0.818552748642878,0.));
#12200=DIRECTION('',(0.818552748642878,0.574431368998237,0.));
#12201=DIRECTION('',(-0.574431368998237,0.818552748642878,0.));
#12202=DIRECTION('',(-0.99610315916143,-0.0881957839617069,0.));
#12203=DIRECTION('',(0.0881957839617069,-0.996103159161429,0.));
#12204=DIRECTION('',(0.,0.,1.));
#12205=DIRECTION('',(1.,0.,0.));
#12206=DIRECTION('',(0.,0.,-1.));
#12207=DIRECTION('',(-1.,0.,0.));
#12208=DIRECTION('',(0.,0.,-1.));
#12209=DIRECTION('',(0.,0.,1.));
#12210=DIRECTION('',(1.,0.,0.));
#12211=DIRECTION('',(0.974604396499055,-0.223933629284914,0.));
#12212=DIRECTION('',(0.223933629284914,0.974604396499055,0.));
#12213=DIRECTION('',(-0.223933629284914,-0.974604396499055,0.));
#12214=DIRECTION('',(0.,0.,-1.));
#12215=DIRECTION('',(-0.223933629284914,-0.974604396499055,0.));
#12216=DIRECTION('',(0.95599898065064,0.293369986527146,0.));
#12217=DIRECTION('',(0.,0.,-1.));
#12218=DIRECTION('',(0.,0.,-1.));
#12219=DIRECTION('',(0.293369986527146,-0.95599898065064,0.));
#12220=DIRECTION('',(0.293369986527146,-0.95599898065064,0.));
#12221=DIRECTION('',(0.,0.,1.));
#12222=DIRECTION('',(1.,0.,0.));
#12223=DIRECTION('',(0.,0.,1.));
#12224=DIRECTION('',(1.,0.,0.));
#12225=DIRECTION('',(0.293369986527146,-0.95599898065064,0.));
#12226=DIRECTION('',(-0.223933629284914,-0.974604396499055,0.));
#12227=DIRECTION('',(0.,0.,1.));
#12228=DIRECTION('',(1.,0.,0.));
#12229=DIRECTION('',(0.223933629284914,0.974604396499055,0.));
#12230=DIRECTION('',(-0.974604396499055,0.223933629284914,0.));
#12231=DIRECTION('',(0.158344987803077,0.689149377738704,0.707106781186548));
#12232=DIRECTION('',(0.158344987803077,0.689149377738704,-0.707106781186548));
#12233=DIRECTION('',(-0.223933629284914,-0.974604396499055,0.));
#12234=DIRECTION('',(0.974604396499055,-0.223933629284914,0.));
#12235=DIRECTION('',(-0.158344987803077,-0.689149377738704,0.707106781186548));
#12236=DIRECTION('',(-0.158344987803077,-0.689149377738704,-0.707106781186548));
#12237=DIRECTION('',(0.,0.,-1.));
#12238=DIRECTION('',(-1.,0.,0.));
#12239=DIRECTION('',(-0.293369986527146,0.95599898065064,0.));
#12240=DIRECTION('',(-0.95599898065064,-0.293369986527146,0.));
#12241=DIRECTION('',(0.293369986527146,-0.95599898065064,0.));
#12242=DIRECTION('',(0.95599898065064,0.293369986527146,0.));
#12243=DIRECTION('',(0.,0.,1.));
#12244=DIRECTION('',(1.,0.,0.));
#12245=DIRECTION('',(0.,0.,1.));
#12246=DIRECTION('',(1.,0.,0.));
#12247=DIRECTION('',(0.,0.,-1.));
#12248=DIRECTION('',(-1.,0.,0.));
#12249=DIRECTION('',(0.,0.,-1.));
#12250=DIRECTION('',(0.514142858659788,0.857704565039234,0.));
#12251=DIRECTION('',(-0.857704565039234,0.514142858659788,0.));
#12252=DIRECTION('',(0.857704565039234,-0.514142858659788,0.));
#12253=DIRECTION('',(0.857704565039234,-0.514142858659788,0.));
#12254=DIRECTION('',(0.0164084942541112,0.999865371595753,0.));
#12255=DIRECTION('',(0.,0.,-1.));
#12256=DIRECTION('',(0.999865371595753,-0.0164084942541112,0.));
#12257=DIRECTION('',(0.999865371595753,-0.0164084942541112,0.));
#12258=DIRECTION('',(0.,0.,1.));
#12259=DIRECTION('',(0.309016994374948,0.951056516295154,0.));
#12260=DIRECTION('',(0.857704565039234,-0.514142858659788,0.));
#12261=DIRECTION('',(0.,0.,-1.));
#12262=DIRECTION('',(-1.,0.,0.));
#12263=DIRECTION('',(0.999865371595753,-0.0164084942541112,0.));
#12264=DIRECTION('',(-0.857704565039234,0.514142858659788,0.));
#12265=DIRECTION('',(-0.514142858659788,-0.857704565039234,0.));
#12266=DIRECTION('',(0.999865371595753,-0.0164084942541112,0.));
#12267=DIRECTION('',(0.0164084942541112,0.999865371595753,0.));
#12268=DIRECTION('',(-0.999865371595753,0.0164084942541112,0.));
#12269=DIRECTION('',(-0.0164084942541112,-0.999865371595753,0.));
#12270=DIRECTION('',(0.857704565039234,-0.514142858659788,0.));
#12271=DIRECTION('',(0.514142858659788,0.857704565039234,0.));
#12272=DIRECTION('',(0.,0.,1.));
#12273=DIRECTION('',(1.,0.,0.));
#12274=DIRECTION('',(0.,0.,1.));
#12275=DIRECTION('',(1.,0.,0.));
#12276=DIRECTION('',(0.,0.,1.));
#12277=DIRECTION('',(1.,0.,0.));
#12278=DIRECTION('',(0.,0.,1.));
#12279=DIRECTION('',(1.,0.,0.));
#12280=DIRECTION('',(0.,0.,-1.));
#12281=DIRECTION('',(-1.,0.,0.));
#12282=DIRECTION('',(-2.77555756156289E-16,0.,-1.));
#12283=DIRECTION('',(-1.,0.,2.77555756156289E-16));
#12284=DIRECTION('',(0.,0.,1.));
#12285=DIRECTION('',(1.,0.,0.));
#12286=DIRECTION('',(0.,0.,1.));
#12287=DIRECTION('',(1.,0.,0.));
#12288=DIRECTION('',(0.,0.,-1.));
#12289=DIRECTION('',(-1.,0.,0.));
#12290=DIRECTION('',(0.,0.,1.));
#12291=DIRECTION('',(1.,0.,0.));
#12292=DIRECTION('',(0.,0.,1.));
#12293=DIRECTION('',(1.,0.,0.));
#12294=DIRECTION('',(0.,0.,1.));
#12295=DIRECTION('',(1.,0.,0.));
#12296=DIRECTION('',(0.,0.,1.));
#12297=DIRECTION('',(1.,0.,0.));
#12298=DIRECTION('',(0.,0.,-1.));
#12299=DIRECTION('',(-1.,0.,0.));
#12300=DIRECTION('',(0.,0.,1.));
#12301=DIRECTION('',(1.,0.,0.));
#12302=DIRECTION('',(0.,1.,0.));
#12303=DIRECTION('',(0.,0.,1.));
#12304=DIRECTION('',(1.,0.,0.));
#12305=DIRECTION('',(0.,0.,1.));
#12306=DIRECTION('',(1.,0.,0.));
#12307=DIRECTION('',(0.,0.,-1.));
#12308=DIRECTION('',(1.,0.,0.));
#12309=DIRECTION('',(0.,0.,-1.));
#12310=DIRECTION('',(0.,-1.,0.));
#12311=DIRECTION('',(0.,0.,-1.));
#12312=DIRECTION('',(0.,-1.,0.));
#12313=DIRECTION('',(0.,0.,-1.));
#12314=DIRECTION('',(0.,-1.,0.));
#12315=DIRECTION('',(0.,0.,-1.));
#12316=DIRECTION('',(-1.,0.,0.));
#12317=DIRECTION('',(0.,0.,-1.));
#12318=DIRECTION('',(-1.,0.,0.));
#12319=DIRECTION('',(-1.,3.46944695195362E-16,0.));
#12320=DIRECTION('',(-3.46944695195362E-16,-1.,0.));
#12321=DIRECTION('',(3.46944695195362E-16,1.,0.));
#12322=DIRECTION('',(0.,0.,1.));
#12323=DIRECTION('',(3.46944695195362E-16,1.,0.));
#12324=DIRECTION('',(0.,1.,0.));
#12325=DIRECTION('',(0.,0.,1.));
#12326=DIRECTION('',(1.,0.,0.));
#12327=DIRECTION('',(0.,0.,-1.));
#12328=DIRECTION('',(1.,0.,0.));
#12329=DIRECTION('',(0.,0.,-1.));
#12330=DIRECTION('',(1.,1.7347234759768E-16,0.));
#12331=DIRECTION('',(-1.7347234759768E-16,1.,0.));
#12332=DIRECTION('',(1.7347234759768E-16,-1.,0.));
#12333=DIRECTION('',(0.,0.,-1.));
#12334=DIRECTION('',(1.7347234759768E-16,-1.,0.));
#12335=DIRECTION('',(0.,1.,0.));
#12336=DIRECTION('',(0.,0.,1.));
#12337=DIRECTION('',(1.,0.,0.));
#12338=DIRECTION('',(0.,0.,1.));
#12339=DIRECTION('',(1.,0.,0.));
#12340=DIRECTION('',(-1.,0.,0.));
#12341=DIRECTION('',(0.,0.,1.));
#12342=DIRECTION('',(0.,1.,0.));
#12343=DIRECTION('',(0.,0.,-1.));
#12344=DIRECTION('',(0.,1.,0.));
#12345=DIRECTION('',(0.,0.,-1.));
#12346=DIRECTION('',(0.,1.,0.));
#12347=DIRECTION('',(0.,0.,1.));
#12348=DIRECTION('',(1.,0.,0.));
#12349=DIRECTION('',(0.,0.,-1.));
#12350=DIRECTION('',(1.,0.,0.));
#12351=DIRECTION('',(1.,0.,0.));
#12352=DIRECTION('',(0.,0.,-1.));
#12353=DIRECTION('',(0.,-1.,0.));
#12354=DIRECTION('',(0.,0.,1.));
#12355=DIRECTION('',(0.,-1.,0.));
#12356=DIRECTION('',(0.,1.,0.));
#12357=DIRECTION('',(0.,0.,1.));
#12358=DIRECTION('',(1.,0.,0.));
#12359=DIRECTION('',(0.,0.,-1.));
#12360=DIRECTION('',(1.,0.,0.));
#12361=DIRECTION('',(0.,0.,-1.));
#12362=DIRECTION('',(0.,0.,-1.));
#12363=DIRECTION('',(-1.,0.,0.));
#12364=DIRECTION('',(0.,0.,1.));
#12365=DIRECTION('',(1.,0.,0.));
#12366=DIRECTION('',(0.,0.,1.));
#12367=DIRECTION('',(1.,0.,0.));
#12368=DIRECTION('',(1.,4.33680868994202E-16,0.));
#12369=DIRECTION('',(-4.33680868994202E-16,1.,0.));
#12370=DIRECTION('',(4.33680868994202E-16,-1.,0.));
#12371=DIRECTION('',(4.33680868994202E-16,-1.,0.));
#12372=DIRECTION('',(0.,0.,1.));
#12373=DIRECTION('',(1.,0.,0.));
#12374=DIRECTION('',(0.,0.,1.));
#12375=DIRECTION('',(1.,0.,0.));
#12376=DIRECTION('',(-0.707106781186548,0.707106781186548,0.));
#12377=DIRECTION('',(-0.707106781186548,-0.707106781186548,0.));
#12378=DIRECTION('',(-0.707106781186548,0.707106781186548,0.));
#12379=DIRECTION('',(-0.707106781186548,-0.707106781186548,0.));
#12380=DIRECTION('',(0.,0.,1.));
#12381=DIRECTION('',(1.,0.,0.));
#12382=DIRECTION('',(0.,0.,-1.));
#12383=DIRECTION('',(-1.,0.,0.));
#12384=DIRECTION('',(0.,0.,-1.));
#12385=DIRECTION('',(-1.,0.,0.));
#12386=DIRECTION('',(0.707106781186548,-0.707106781186548,0.));
#12387=DIRECTION('',(0.707106781186548,0.707106781186548,0.));
#12388=DIRECTION('',(0.707106781186548,-0.707106781186548,0.));
#12389=DIRECTION('',(0.707106781186548,0.707106781186548,0.));
#12390=DIRECTION('',(0.,0.,1.));
#12391=DIRECTION('',(1.,0.,0.));
#12392=DIRECTION('',(0.,0.,-1.));
#12393=DIRECTION('',(-1.,0.,0.));
#12394=DIRECTION('',(0.,0.,1.));
#12395=DIRECTION('',(1.,0.,0.));
#12396=DIRECTION('',(0.,0.,1.));
#12397=DIRECTION('',(1.,0.,0.));
#12398=DIRECTION('',(0.707106781186548,0.707106781186548,0.));
#12399=DIRECTION('',(0.,0.,1.));
#12400=DIRECTION('',(-0.707106781186548,0.707106781186548,0.));
#12401=DIRECTION('',(0.,0.,1.));
#12402=DIRECTION('',(0.707106781186548,0.707106781186548,0.));
#12403=DIRECTION('',(0.,0.,-1.));
#12404=DIRECTION('',(-0.707106781186548,0.707106781186548,0.));
#12405=DIRECTION('',(0.,0.,-1.));
#12406=DIRECTION('',(0.,0.,-1.));
#12407=DIRECTION('',(-1.,0.,0.));
#12408=DIRECTION('',(0.,0.,-1.));
#12409=DIRECTION('',(-1.,0.,0.));
#12410=DIRECTION('',(0.,0.,-1.));
#12411=DIRECTION('',(1.,0.,0.));
#12412=DIRECTION('',(0.,0.,1.));
#12413=DIRECTION('',(1.,0.,0.));
#12414=DIRECTION('',(0.,0.,-1.));
#12415=DIRECTION('',(-1.,0.,0.));
#12416=DIRECTION('',(0.,0.,-1.));
#12417=DIRECTION('',(1.,0.,0.));
#12418=DIRECTION('',(0.,-1.,0.));
#12419=DIRECTION('',(0.,0.,-1.));
#12420=DIRECTION('',(1.,0.,0.));
#12421=DIRECTION('',(0.,0.,-1.));
#12422=DIRECTION('',(-1.,0.,0.));
#12423=DIRECTION('',(0.,0.,-1.));
#12424=DIRECTION('',(-1.,0.,0.));
#12425=DIRECTION('',(0.,0.,-1.));
#12426=DIRECTION('',(-1.,0.,0.));
#12427=DIRECTION('',(0.,0.,-1.));
#12428=DIRECTION('',(0.,0.,-1.));
#12429=DIRECTION('',(1.,0.,0.));
#12430=DIRECTION('',(0.,0.,-1.));
#12431=DIRECTION('',(-1.,0.,0.));
#12432=DIRECTION('',(1.,0.,0.));
#12433=DIRECTION('',(0.,1.,0.));
#12434=DIRECTION('',(0.,0.,-1.));
#12435=DIRECTION('',(-1.,0.,0.));
#12436=DIRECTION('',(-4.33680868994202E-16,1.,0.));
#12437=DIRECTION('',(0.,0.,-1.));
#12438=DIRECTION('',(-1.,0.,0.));
#12439=DIRECTION('',(0.,1.,0.));
#12440=DIRECTION('',(-1.,0.,0.));
#12441=DIRECTION('',(0.,0.,1.));
#12442=DIRECTION('',(0.,1.,0.));
#12443=DIRECTION('',(0.,0.,-1.));
#12444=DIRECTION('',(0.,1.,0.));
#12445=DIRECTION('',(0.,0.,1.));
#12446=DIRECTION('',(0.,1.,0.));
#12447=DIRECTION('',(0.,0.,-1.));
#12448=DIRECTION('',(0.,0.,1.));
#12449=DIRECTION('',(1.,0.,0.));
#12450=DIRECTION('',(0.,0.,1.));
#12451=DIRECTION('',(1.,0.,0.));
#12452=DIRECTION('',(1.7347234759768E-16,-1.,0.));
#12453=DIRECTION('',(0.,0.,1.));
#12454=DIRECTION('',(1.,0.,0.));
#12455=DIRECTION('',(-3.46944695195362E-16,-1.,0.));
#12456=DIRECTION('',(0.,0.,1.));
#12457=DIRECTION('',(1.,0.,0.));
#12458=DIRECTION('',(1.,0.,0.));
#12459=DIRECTION('',(1.,1.7347234759768E-16,0.));
#12460=DIRECTION('',(-1.7347234759768E-16,1.,0.));
#12461=DIRECTION('',(0.,0.,-1.));
#12462=DIRECTION('',(1.7347234759768E-16,-1.,0.));
#12463=DIRECTION('',(0.,0.,1.));
#12464=DIRECTION('',(1.7347234759768E-16,-1.,0.));
#12465=DIRECTION('',(0.,0.,-1.));
#12466=DIRECTION('',(1.7347234759768E-16,-1.,0.));
#12467=DIRECTION('',(0.,0.,-1.));
#12468=DIRECTION('',(1.,0.,0.));
#12469=DIRECTION('',(0.,0.,-1.));
#12470=DIRECTION('',(0.,0.,-1.));
#12471=DIRECTION('',(0.,-1.,0.));
#12472=DIRECTION('',(0.,0.,-1.));
#12473=DIRECTION('',(0.,-1.,0.));
#12474=DIRECTION('',(0.,1.,0.));
#12475=DIRECTION('',(0.,0.,1.));
#12476=DIRECTION('',(0.,0.,-1.));
#12477=DIRECTION('',(1.,0.,0.));
#12478=DIRECTION('',(0.,0.,-1.));
#12479=DIRECTION('',(1.,0.,0.));
#12480=DIRECTION('',(0.,0.,-1.));
#12481=DIRECTION('',(1.,0.,0.));
#12482=DIRECTION('',(0.,0.,-1.));
#12483=DIRECTION('',(0.,-1.,0.));
#12484=DIRECTION('',(0.,0.,-1.));
#12485=DIRECTION('',(0.,-1.,0.));
#12486=DIRECTION('',(0.,0.,-1.));
#12487=DIRECTION('',(0.,0.,-1.));
#12488=DIRECTION('',(-1.,0.,0.));
#12489=DIRECTION('',(0.,0.,1.));
#12490=DIRECTION('',(1.,0.,0.));
#12491=DIRECTION('',(0.,0.,-1.));
#12492=DIRECTION('',(-1.,0.,0.));
#12493=DIRECTION('',(0.,0.,1.));
#12494=DIRECTION('',(1.,0.,0.));
#12495=DIRECTION('',(0.,0.,-1.));
#12496=DIRECTION('',(0.,0.,-1.));
#12497=DIRECTION('',(-1.,0.,0.));
#12498=DIRECTION('',(0.,0.,-1.));
#12499=DIRECTION('',(0.,0.,1.));
#12500=DIRECTION('',(1.,0.,0.));
#12501=DIRECTION('',(0.,0.,-1.));
#12502=DIRECTION('',(-1.,0.,0.));
#12503=DIRECTION('',(0.,0.,1.));
#12504=DIRECTION('',(1.,0.,0.));
#12505=DIRECTION('',(0.,0.,1.));
#12506=DIRECTION('',(1.,0.,0.));
#12507=DIRECTION('',(4.33680868994202E-16,-1.,0.));
#12508=DIRECTION('',(0.707106781186548,0.707106781186548,0.));
#12509=DIRECTION('',(0.,0.,1.));
#12510=DIRECTION('',(1.,0.,0.));
#12511=DIRECTION('',(0.,0.,1.));
#12512=DIRECTION('',(1.,0.,0.));
#12513=DIRECTION('',(0.707106781186548,-0.707106781186548,0.));
#12514=DIRECTION('',(4.33680868994202E-16,-1.,0.));
#12515=DIRECTION('',(0.,0.,1.));
#12516=DIRECTION('',(1.,0.,0.));
#12517=DIRECTION('',(0.,0.,1.));
#12518=DIRECTION('',(1.,0.,0.));
#12519=DIRECTION('',(-0.707106781186548,-0.707106781186548,0.));
#12520=DIRECTION('',(0.,0.,1.));
#12521=DIRECTION('',(1.,0.,0.));
#12522=DIRECTION('',(-0.707106781186548,-0.707106781186548,0.));
#12523=DIRECTION('',(4.33680868994202E-16,-1.,0.));
#12524=DIRECTION('',(-0.707106781186548,0.707106781186548,0.));
#12525=DIRECTION('',(-1.,3.46944695195362E-16,0.));
#12526=DIRECTION('',(-3.46944695195362E-16,-1.,0.));
#12527=DIRECTION('',(3.46944695195362E-16,1.,0.));
#12528=DIRECTION('',(0.,0.,1.));
#12529=DIRECTION('',(3.46944695195362E-16,1.,0.));
#12530=DIRECTION('',(0.,0.,-1.));
#12531=DIRECTION('',(-1.,0.,0.));
#12532=DIRECTION('',(1.,4.33680868994202E-16,0.));
#12533=DIRECTION('',(-4.33680868994202E-16,1.,0.));
#12534=DIRECTION('',(0.,0.,-1.));
#12535=DIRECTION('',(0.,0.,-1.));
#12536=DIRECTION('',(0.,0.,1.));
#12537=DIRECTION('',(0.,0.,1.));
#12538=DIRECTION('',(1.,0.,0.));
#12539=DIRECTION('',(-0.707106781186548,0.707106781186548,0.));
#12540=DIRECTION('',(0.,0.,1.));
#12541=DIRECTION('',(1.,0.,0.));
#12542=DIRECTION('',(0.707106781186548,-0.707106781186548,0.));
#12543=DIRECTION('',(0.707106781186548,0.707106781186548,0.));
#12544=DIRECTION('',(0.707106781186548,0.707106781186548,0.));
#12545=DIRECTION('',(0.,0.,1.));
#12546=DIRECTION('',(-0.707106781186548,0.707106781186548,0.));
#12547=DIRECTION('',(0.,0.,1.));
#12548=DIRECTION('',(0.707106781186548,0.707106781186548,0.));
#12549=DIRECTION('',(0.,0.,-1.));
#12550=DIRECTION('',(-0.707106781186548,0.707106781186548,0.));
#12551=DIRECTION('',(0.,0.,-1.));
#12552=DIRECTION('',(0.,0.,-1.));
#12553=DIRECTION('',(-1.,0.,0.));
#12554=DIRECTION('',(-1.,2.77333911991762E-32,6.10622663543836E-16));
#12555=DIRECTION('',(6.10622663543836E-16,6.10622663543836E-16,1.));
#12556=DIRECTION('',(0.,1.,0.));
#12557=DIRECTION('',(0.,0.,1.));
#12558=DIRECTION('',(-1.,0.,0.));
#12559=DIRECTION('',(0.,0.,-1.));
#12560=DIRECTION('',(1.,0.,0.));
#12561=DIRECTION('',(0.,0.,-1.));
#12562=DIRECTION('',(1.,0.,0.));
#12563=DIRECTION('',(0.,0.,-1.));
#12564=DIRECTION('',(0.,1.,0.));
#12565=DIRECTION('',(0.,0.,1.));
#12566=DIRECTION('',(0.,-1.,0.));
#12567=DIRECTION('',(0.,-1.,0.));
#12568=DIRECTION('',(0.,0.,-1.));
#12569=DIRECTION('',(1.,0.,0.));
#12570=DIRECTION('',(0.,0.,-1.));
#12571=DIRECTION('',(-1.,0.,0.));
#12572=DIRECTION('',(0.,0.,-1.));
#12573=DIRECTION('',(-1.,3.46944695195362E-16,0.));
#12574=DIRECTION('',(-3.46944695195362E-16,-1.,0.));
#12575=DIRECTION('',(0.,-1.,0.));
#12576=DIRECTION('',(0.,0.,1.));
#12577=DIRECTION('',(3.46944695195362E-16,1.,0.));
#12578=DIRECTION('',(1.,0.,0.));
#12579=DIRECTION('',(0.,0.,-1.));
#12580=DIRECTION('',(0.,-1.,0.));
#12581=DIRECTION('',(0.,0.,-1.));
#12582=DIRECTION('',(0.,-1.,0.));
#12583=DIRECTION('',(0.,1.,0.));
#12584=DIRECTION('',(0.,0.,1.));
#12585=DIRECTION('',(0.,0.,-1.));
#12586=DIRECTION('',(-1.,0.,0.));
#12587=DIRECTION('',(0.,0.,-1.));
#12588=DIRECTION('',(1.,0.,0.));
#12589=DIRECTION('',(0.,0.,-1.));
#12590=DIRECTION('',(1.,0.,0.));
#12591=DIRECTION('',(0.,0.,1.));
#12592=DIRECTION('',(1.,0.,0.));
#12593=DIRECTION('',(1.,1.7347234759768E-16,0.));
#12594=DIRECTION('',(-1.7347234759768E-16,1.,0.));
#12595=DIRECTION('',(1.7347234759768E-16,-1.,0.));
#12596=DIRECTION('',(0.,0.,-1.));
#12597=DIRECTION('',(1.7347234759768E-16,-1.,0.));
#12598=DIRECTION('',(-1.,0.,0.));
#12599=DIRECTION('',(0.,0.,1.));
#12600=DIRECTION('',(0.,1.,0.));
#12601=DIRECTION('',(0.,0.,-1.));
#12602=DIRECTION('',(0.,1.,0.));
#12603=DIRECTION('',(0.,1.,0.));
#12604=DIRECTION('',(0.,0.,1.));
#12605=DIRECTION('',(1.,0.,0.));
#12606=DIRECTION('',(0.,0.,-1.));
#12607=DIRECTION('',(1.,0.,0.));
#12608=DIRECTION('',(0.,0.,-1.));
#12609=DIRECTION('',(-1.,0.,0.));
#12610=DIRECTION('',(0.,0.,1.));
#12611=DIRECTION('',(1.,0.,0.));
#12612=DIRECTION('',(0.,0.,-1.));
#12613=DIRECTION('',(-1.,0.,0.));
#12614=DIRECTION('',(0.,0.,1.));
#12615=DIRECTION('',(1.,0.,0.));
#12616=DIRECTION('',(0.,0.,1.));
#12617=DIRECTION('',(1.,0.,0.));
#12618=DIRECTION('',(1.,4.33680868994202E-16,0.));
#12619=DIRECTION('',(-4.33680868994202E-16,1.,0.));
#12620=DIRECTION('',(-4.33680868994202E-16,1.,0.));
#12621=DIRECTION('',(4.33680868994202E-16,-1.,0.));
#12622=DIRECTION('',(0.,0.,1.));
#12623=DIRECTION('',(1.,0.,0.));
#12624=DIRECTION('',(0.,0.,1.));
#12625=DIRECTION('',(1.,0.,0.));
#12626=DIRECTION('',(-0.707106781186547,0.707106781186548,0.));
#12627=DIRECTION('',(-0.707106781186548,-0.707106781186548,0.));
#12628=DIRECTION('',(-0.707106781186547,0.707106781186548,0.));
#12629=DIRECTION('',(-0.707106781186548,-0.707106781186548,0.));
#12630=DIRECTION('',(0.,0.,1.));
#12631=DIRECTION('',(1.,0.,0.));
#12632=DIRECTION('',(4.33680868994202E-16,-1.,0.));
#12633=DIRECTION('',(-1.,0.,0.));
#12634=DIRECTION('',(-1.7347234759768E-16,1.,0.));
#12635=DIRECTION('',(1.,0.,0.));
#12636=DIRECTION('',(0.,0.,1.));
#12637=DIRECTION('',(1.,0.,0.));
#12638=DIRECTION('',(0.,0.,-1.));
#12639=DIRECTION('',(-1.,0.,0.));
#12640=DIRECTION('',(0.,0.,1.));
#12641=DIRECTION('',(1.,0.,0.));
#12642=DIRECTION('',(0.,0.,1.));
#12643=DIRECTION('',(1.,0.,0.));
#12644=DIRECTION('',(0.,0.,-1.));
#12645=DIRECTION('',(-1.,0.,0.));
#12646=DIRECTION('',(0.707106781186548,0.707106781186548,0.));
#12647=DIRECTION('',(0.707106781186547,-0.707106781186548,0.));
#12648=DIRECTION('',(0.707106781186548,0.707106781186547,0.));
#12649=DIRECTION('',(0.,0.,1.));
#12650=DIRECTION('',(-0.707106781186548,0.707106781186548,0.));
#12651=DIRECTION('',(0.,0.,1.));
#12652=DIRECTION('',(0.,0.,-1.));
#12653=DIRECTION('',(-1.,0.,0.));
#12654=DIRECTION('',(0.707106781186548,0.707106781186548,0.));
#12655=DIRECTION('',(0.707106781186547,-0.707106781186548,0.));
#12656=DIRECTION('',(0.707106781186548,0.707106781186547,0.));
#12657=DIRECTION('',(0.,0.,-1.));
#12658=DIRECTION('',(-0.707106781186548,0.707106781186548,0.));
#12659=DIRECTION('',(0.,0.,-1.));
#12660=DIRECTION('',(0.,0.707106781186548,-0.707106781186547));
#12661=DIRECTION('',(-1.,0.,0.));
#12662=DIRECTION('',(0.577350269189626,0.577350269189626,0.577350269189626));
#12663=DIRECTION('',(0.577350269189626,-0.577350269189626,-0.577350269189626));
#12664=DIRECTION('',(0.707106781186548,1.2266347333467E-16,0.707106781186548));
#12665=DIRECTION('',(1.7347234759768E-16,-1.,0.));
#12666=DIRECTION('',(-0.577350269189626,-0.577350269189626,0.577350269189626));
#12667=DIRECTION('',(0.707106781186548,3.06658683336675E-16,-0.707106781186548));
#12668=DIRECTION('',(-4.33680868994202E-16,1.,0.));
#12669=DIRECTION('',(0.577350269189626,-0.577350269189625,0.577350269189626));
#12670=DIRECTION('',(0.,0.707106781186548,0.707106781186547));
#12671=DIRECTION('',(1.,0.,0.));
#12672=DIRECTION('',(0.707106781186548,1.2266347333467E-16,0.707106781186548));
#12673=DIRECTION('',(1.7347234759768E-16,-1.,0.));
#12674=DIRECTION('',(0.577350269189626,0.577350269189626,-0.577350269189626));
#12675=DIRECTION('',(1.7347234759768E-16,-1.,0.));
#12676=DIRECTION('',(0.577350269189626,-0.577350269189626,-0.577350269189626));
#12677=DIRECTION('',(-1.7347234759768E-16,1.,0.));
#12678=DIRECTION('',(0.707106781186548,3.06658683336675E-16,-0.707106781186548));
#12679=DIRECTION('',(-4.33680868994202E-16,1.,0.));
#12680=DIRECTION('',(-0.577350269189626,-0.577350269189626,-0.577350269189626));
#12681=DIRECTION('',(4.33680868994202E-16,-1.,0.));
#12682=DIRECTION('',(-0.577350269189626,0.577350269189626,-0.577350269189625));
#12683=DIRECTION('',(-4.33680868994202E-16,1.,0.));
#12684=DIRECTION('',(0.,1.,0.));
#12685=DIRECTION('',(0.,0.,1.));
#12686=DIRECTION('',(1.,0.,0.));
#12687=DIRECTION('',(0.,0.,-1.));
#12688=DIRECTION('',(1.,0.,0.));
#12689=DIRECTION('',(0.,0.,-1.));
#12690=DIRECTION('',(-1.,0.,0.));
#12691=DIRECTION('',(0.,0.,-1.));
#12692=DIRECTION('',(-1.,0.,0.));
#12693=DIRECTION('',(0.,0.,1.));
#12694=DIRECTION('',(0.,1.,0.));
#12695=DIRECTION('',(0.,1.,0.));
#12696=DIRECTION('',(0.,0.,1.));
#12697=DIRECTION('',(0.,1.,0.));
#12698=DIRECTION('',(0.,0.,-1.));
#12699=DIRECTION('',(1.,1.7347234759768E-16,0.));
#12700=DIRECTION('',(-1.7347234759768E-16,1.,0.));
#12701=DIRECTION('',(1.7347234759768E-16,-1.,0.));
#12702=DIRECTION('',(0.,0.,-1.));
#12703=DIRECTION('',(1.7347234759768E-16,-1.,0.));
#12704=DIRECTION('',(0.,0.,-1.));
#12705=DIRECTION('',(0.,0.,1.));
#12706=DIRECTION('',(1.7347234759768E-16,-1.,0.));
#12707=DIRECTION('',(0.,0.,-1.));
#12708=DIRECTION('',(0.,0.,1.));
#12709=DIRECTION('',(1.,0.,0.));
#12710=DIRECTION('',(0.,0.,1.));
#12711=DIRECTION('',(1.,0.,0.));
#12712=DIRECTION('',(0.,0.,1.));
#12713=DIRECTION('',(1.,0.,0.));
#12714=DIRECTION('',(-3.46944695195362E-16,-1.,0.));
#12715=DIRECTION('',(-1.,0.,0.));
#12716=DIRECTION('',(0.,0.,1.));
#12717=DIRECTION('',(1.,0.,0.));
#12718=DIRECTION('',(0.,-1.,0.));
#12719=DIRECTION('',(0.,0.,-1.));
#12720=DIRECTION('',(0.,0.,-1.));
#12721=DIRECTION('',(1.,0.,0.));
#12722=DIRECTION('',(0.,0.,-1.));
#12723=DIRECTION('',(-1.,0.,0.));
#12724=DIRECTION('',(0.,0.,-1.));
#12725=DIRECTION('',(0.,0.,-1.));
#12726=DIRECTION('',(-1.,0.,0.));
#12727=DIRECTION('',(0.,0.,1.));
#12728=DIRECTION('',(1.,0.,0.));
#12729=DIRECTION('',(0.,0.,-1.));
#12730=DIRECTION('',(-1.,0.,0.));
#12731=DIRECTION('',(0.,0.,1.));
#12732=DIRECTION('',(1.,0.,0.));
#12733=DIRECTION('',(0.,0.,-1.));
#12734=DIRECTION('',(0.,0.,1.));
#12735=DIRECTION('',(1.,0.,0.));
#12736=DIRECTION('',(0.,0.,1.));
#12737=DIRECTION('',(1.,0.,0.));
#12738=DIRECTION('',(-0.707106781186548,-0.707106781186548,0.));
#12739=DIRECTION('',(0.,0.,1.));
#12740=DIRECTION('',(1.,0.,0.));
#12741=DIRECTION('',(0.,-1.,0.));
#12742=DIRECTION('',(-0.707106781186548,-0.707106781186548,0.));
#12743=DIRECTION('',(4.33680868994202E-16,-1.,0.));
#12744=DIRECTION('',(-0.707106781186547,0.707106781186548,0.));
#12745=DIRECTION('',(0.,-1.,0.));
#12746=DIRECTION('',(1.,0.,0.));
#12747=DIRECTION('',(0.,0.,-1.));
#12748=DIRECTION('',(0.,1.,0.));
#12749=DIRECTION('',(0.,0.,-1.));
#12750=DIRECTION('',(-1.,3.46944695195362E-16,0.));
#12751=DIRECTION('',(-3.46944695195362E-16,-1.,0.));
#12752=DIRECTION('',(3.46944695195362E-16,1.,0.));
#12753=DIRECTION('',(0.,0.,1.));
#12754=DIRECTION('',(-3.46944695195362E-16,-1.,0.));
#12755=DIRECTION('',(1.,0.,0.));
#12756=DIRECTION('',(0.,0.,-1.));
#12757=DIRECTION('',(0.,1.,0.));
#12758=DIRECTION('',(0.,0.,-1.));
#12759=DIRECTION('',(0.,0.,-1.));
#12760=DIRECTION('',(-1.,0.,0.));
#12761=DIRECTION('',(1.,4.33680868994202E-16,0.));
#12762=DIRECTION('',(-4.33680868994202E-16,1.,0.));
#12763=DIRECTION('',(0.,0.,-1.));
#12764=DIRECTION('',(0.,0.,1.));
#12765=DIRECTION('',(0.,0.,1.));
#12766=DIRECTION('',(1.,0.,0.));
#12767=DIRECTION('',(-0.707106781186547,0.707106781186548,0.));
#12768=DIRECTION('',(0.,0.,1.));
#12769=DIRECTION('',(1.,0.,0.));
#12770=DIRECTION('',(0.707106781186547,-0.707106781186548,0.));
#12771=DIRECTION('',(0.707106781186548,0.707106781186548,0.));
#12772=DIRECTION('',(0.707106781186547,-0.707106781186548,0.));
#12773=DIRECTION('',(0.707106781186548,0.707106781186548,0.));
#12774=DIRECTION('',(0.707106781186548,0.707106781186547,0.));
#12775=DIRECTION('',(0.,0.,1.));
#12776=DIRECTION('',(-0.707106781186548,0.707106781186548,0.));
#12777=DIRECTION('',(0.,0.,1.));
#12778=DIRECTION('',(0.707106781186548,0.707106781186547,0.));
#12779=DIRECTION('',(0.,0.,-1.));
#12780=DIRECTION('',(-0.707106781186548,0.707106781186548,0.));
#12781=DIRECTION('',(0.,0.,-1.));
#12782=DIRECTION('',(-1.,0.,-1.11022302462516E-16));
#12783=DIRECTION('',(-1.11022302462516E-16,0.,1.));
#12784=DIRECTION('',(0.,0.,1.));
#12785=DIRECTION('',(1.,0.,0.));
#12786=DIRECTION('',(0.,0.,-1.));
#12787=DIRECTION('',(1.,0.,0.));
#12788=DIRECTION('',(0.,0.,1.));
#12789=DIRECTION('',(-1.,0.,0.));
#12790=DIRECTION('',(0.,0.,1.));
#12791=DIRECTION('',(1.,0.,0.));
#12792=DIRECTION('',(0.,0.,-1.));
#12793=DIRECTION('',(1.,0.,0.));
#12794=DIRECTION('',(0.,0.,-1.));
#12795=DIRECTION('',(1.,0.,0.));
#12796=DIRECTION('',(0.,0.,1.));
#12797=DIRECTION('',(1.,0.,0.));
#12798=DIRECTION('',(0.,0.,-1.));
#12799=DIRECTION('',(-1.,0.,0.));
#12800=DIRECTION('',(0.,0.,1.));
#12801=DIRECTION('',(1.,0.,0.));
#12802=DIRECTION('',(0.,0.,1.));
#12803=DIRECTION('',(-1.,-3.46944695195362E-16,0.));
#12804=DIRECTION('',(0.,0.,-1.));
#12805=DIRECTION('',(-1.,-3.46944695195362E-16,0.));
#12806=DIRECTION('',(0.,0.,1.));
#12807=DIRECTION('',(1.,3.46944695195362E-16,0.));
#12808=DIRECTION('',(0.,0.,1.));
#12809=DIRECTION('',(-1.,-3.46944695195362E-16,0.));
#12810=DIRECTION('',(0.,0.,-1.));
#12811=DIRECTION('',(-1.,-3.46944695195362E-16,0.));
#12812=DIRECTION('',(0.,0.,-1.));
#12813=DIRECTION('',(-1.,-3.46944695195362E-16,0.));
#12814=DIRECTION('',(0.,0.,1.));
#12815=DIRECTION('',(-1.,-3.46944695195362E-16,0.));
#12816=DIRECTION('',(0.,0.,-1.));
#12817=DIRECTION('',(1.,3.46944695195362E-16,0.));
#12818=DIRECTION('',(0.,0.,1.));
#12819=DIRECTION('',(1.,0.,0.));
#12820=DIRECTION('',(0.,0.,1.));
#12821=DIRECTION('',(1.,0.,0.));
#12822=DIRECTION('',(0.,0.,1.));
#12823=DIRECTION('',(1.,0.,0.));
#12824=DIRECTION('',(0.,0.,-1.));
#12825=DIRECTION('',(-1.,0.,0.));
#12826=DIRECTION('',(0.,0.,1.));
#12827=DIRECTION('',(1.,0.,0.));
#12828=DIRECTION('',(0.,0.,1.));
#12829=DIRECTION('',(1.,0.,0.));
#12830=DIRECTION('',(0.,0.,1.));
#12831=DIRECTION('',(1.,0.,0.));
#12832=DIRECTION('',(0.,0.,1.));
#12833=DIRECTION('',(1.,0.,0.));
#12834=DIRECTION('',(0.,0.,-1.));
#12835=DIRECTION('',(-1.,0.,0.));
#12836=DIRECTION('',(0.,0.,1.));
#12837=DIRECTION('',(1.,0.,0.));
#12838=DIRECTION('',(-5.55111512312578E-17,1.,-1.84889274661175E-32));
#12839=DIRECTION('',(-3.33066907387547E-16,0.,1.));
#12840=DIRECTION('',(1.,3.69627624575466E-16,6.64696333891792E-16));
#12841=DIRECTION('',(-6.64696333891792E-16,-6.2768601239956E-16,1.));
#12842=DIRECTION('',(3.69627624575467E-16,-1.,-6.2768601239956E-16));
#12843=DIRECTION('',(6.64696333891792E-16,6.2768601239956E-16,-1.));
#12844=DIRECTION('',(3.69627624575467E-16,-1.,-6.2768601239956E-16));
#12845=DIRECTION('',(6.64696333891792E-16,6.2768601239956E-16,-1.));
#12846=DIRECTION('',(3.69627624575467E-16,-1.,-6.2768601239956E-16));
#12847=DIRECTION('',(6.64696333891792E-16,6.2768601239956E-16,-1.));
#12848=DIRECTION('',(-1.,-3.69627624575466E-16,-6.64696333891792E-16));
#12849=DIRECTION('',(6.64696333891792E-16,6.2768601239956E-16,-1.));
#12850=DIRECTION('',(-1.,-3.69627624575466E-16,-6.64696333891792E-16));
#12851=DIRECTION('',(1.,3.69627624575466E-16,6.64696333891792E-16));
#12852=DIRECTION('',(-6.64696333891792E-16,-6.2768601239956E-16,1.));
#12853=DIRECTION('',(3.69627624575467E-16,-1.,-6.2768601239956E-16));
#12854=DIRECTION('',(6.64696333891792E-16,6.2768601239956E-16,-1.));
#12855=DIRECTION('',(3.69627624575467E-16,-1.,-6.2768601239956E-16));
#12856=DIRECTION('',(3.69627624575467E-16,-1.,-6.2768601239956E-16));
#12857=DIRECTION('',(6.64696333891792E-16,6.2768601239956E-16,-1.));
#12858=DIRECTION('',(-1.,-3.69627624575466E-16,-6.64696333891792E-16));
#12859=DIRECTION('',(-1.,-3.69627624575466E-16,-6.64696333891792E-16));
#12860=DIRECTION('',(-6.64696333891792E-16,-6.2768601239956E-16,1.));
#12861=DIRECTION('',(3.69627624575467E-16,-1.,-6.2768601239956E-16));
#12862=DIRECTION('',(-6.64696333891792E-16,-6.2768601239956E-16,1.));
#12863=DIRECTION('',(-1.,-4.30859964532835E-16,-6.64696333891792E-16));
#12864=DIRECTION('',(-6.64696333891792E-16,-6.2768601239956E-16,1.));
#12865=DIRECTION('',(3.69627624575467E-16,-1.,-6.2768601239956E-16));
#12866=DIRECTION('',(6.64696333891792E-16,6.2768601239956E-16,-1.));
#12867=DIRECTION('',(1.,4.30859964532835E-16,6.64696333891792E-16));
#12868=DIRECTION('',(-6.64696333891792E-16,-6.2768601239956E-16,1.));
#12869=DIRECTION('',(-1.,-4.30859964532835E-16,-6.64696333891792E-16));
#12870=DIRECTION('',(-6.64696333891792E-16,-6.2768601239956E-16,1.));
#12871=DIRECTION('',(-1.,-4.30859964532834E-16,-6.64696333891792E-16));
#12872=DIRECTION('',(0.,0.,1.));
#12873=DIRECTION('',(1.,0.,0.));
#12874=DIRECTION('',(-1.,-3.69627624575467E-16,7.50150692314295E-16));
#12875=DIRECTION('',(7.50150692314295E-16,-6.27686012399559E-16,1.));
#12876=DIRECTION('',(3.69627624575467E-16,-1.,-6.2768601239956E-16));
#12877=DIRECTION('',(-7.50150692314295E-16,6.27686012399559E-16,-1.));
#12878=DIRECTION('',(3.69627624575467E-16,-1.,-6.2768601239956E-16));
#12879=DIRECTION('',(-7.50150692314295E-16,6.27686012399559E-16,-1.));
#12880=DIRECTION('',(3.69627624575467E-16,-1.,-6.2768601239956E-16));
#12881=DIRECTION('',(-7.50150692314295E-16,6.27686012399559E-16,-1.));
#12882=DIRECTION('',(1.,3.69627624575467E-16,-7.50150692314295E-16));
#12883=DIRECTION('',(1.,3.69627624575467E-16,-7.50150692314295E-16));
#12884=DIRECTION('',(-7.50150692314295E-16,6.27686012399559E-16,-1.));
#12885=DIRECTION('',(-1.,-3.69627624575467E-16,7.50150692314295E-16));
#12886=DIRECTION('',(7.50150692314295E-16,-6.27686012399559E-16,1.));
#12887=DIRECTION('',(3.69627624575467E-16,-1.,-6.2768601239956E-16));
#12888=DIRECTION('',(3.69627624575467E-16,-1.,-6.2768601239956E-16));
#12889=DIRECTION('',(-7.50150692314295E-16,6.27686012399559E-16,-1.));
#12890=DIRECTION('',(3.69627624575467E-16,-1.,-6.2768601239956E-16));
#12891=DIRECTION('',(-7.50150692314295E-16,6.27686012399559E-16,-1.));
#12892=DIRECTION('',(1.,3.69627624575467E-16,-7.50150692314295E-16));
#12893=DIRECTION('',(1.,3.69627624575467E-16,-7.50150692314295E-16));
#12894=DIRECTION('',(7.50150692314295E-16,-6.27686012399559E-16,1.));
#12895=DIRECTION('',(3.69627624575467E-16,-1.,-6.2768601239956E-16));
#12896=DIRECTION('',(-7.50150692314295E-16,6.27686012399559E-16,-1.));
#12897=DIRECTION('',(1.,3.08395284618099E-16,-7.50150692314295E-16));
#12898=DIRECTION('',(7.50150692314295E-16,-6.27686012399559E-16,1.));
#12899=DIRECTION('',(3.69627624575467E-16,-1.,-6.2768601239956E-16));
#12900=DIRECTION('',(-7.50150692314295E-16,6.27686012399559E-16,-1.));
#12901=DIRECTION('',(-1.,-3.08395284618099E-16,7.50150692314295E-16));
#12902=DIRECTION('',(-7.50150692314295E-16,6.27686012399559E-16,-1.));
#12903=DIRECTION('',(1.,3.08395284618099E-16,-7.50150692314295E-16));
#12904=DIRECTION('',(7.50150692314295E-16,-6.27686012399559E-16,1.));
#12905=DIRECTION('',(1.,3.08395284618099E-16,-7.50150692314295E-16));
#12906=DIRECTION('',(0.,0.,1.));
#12907=DIRECTION('',(1.,0.,0.));
#12908=DIRECTION('',(1.11022302462516E-16,-1.,-7.21644966006352E-16));
#12909=DIRECTION('',(9.43689570931383E-16,7.21644966006352E-16,-1.));
#12910=DIRECTION('',(0.,0.,-1.));
#12911=DIRECTION('',(-1.,0.,0.));
#12912=DIRECTION('',(0.,0.,1.));
#12913=DIRECTION('',(1.,0.,0.));
#12914=DIRECTION('',(0.,0.,-1.));
#12915=DIRECTION('',(-1.,0.,0.));
#12916=DIRECTION('',(0.,0.,-1.));
#12917=DIRECTION('',(0.,0.,1.));
#12918=DIRECTION('',(-0.809016994374948,-0.587785252292473,0.));
#12919=DIRECTION('',(0.,0.,-1.));
#12920=DIRECTION('',(0.,0.,-1.));
#12921=DIRECTION('',(-1.,0.,0.));
#12922=DIRECTION('',(0.,0.,-1.));
#12923=DIRECTION('',(0.,0.,1.));
#12924=DIRECTION('',(0.309016994374948,-0.951056516295154,0.));
#12925=DIRECTION('',(0.,0.,-1.));
#12926=DIRECTION('',(0.,0.,-1.));
#12927=DIRECTION('',(-1.,0.,0.));
#12928=DIRECTION('',(0.,0.,-1.));
#12929=DIRECTION('',(0.,0.,1.));
#12930=DIRECTION('',(1.,0.,0.));
#12931=DIRECTION('',(0.,0.,-1.));
#12932=DIRECTION('',(0.,0.,-1.));
#12933=DIRECTION('',(-1.,0.,0.));
#12934=DIRECTION('',(0.,0.,-1.));
#12935=DIRECTION('',(0.,0.,1.));
#12936=DIRECTION('',(0.309016994374948,0.951056516295154,0.));
#12937=DIRECTION('',(0.,0.,-1.));
#12938=DIRECTION('',(0.,0.,-1.));
#12939=DIRECTION('',(-1.,0.,0.));
#12940=DIRECTION('',(0.,0.,-1.));
#12941=DIRECTION('',(0.,0.,1.));
#12942=DIRECTION('',(-0.809016994374947,0.587785252292473,0.));
#12943=DIRECTION('',(0.,0.,-1.));
#12944=DIRECTION('',(0.,0.,1.));
#12945=DIRECTION('',(1.,0.,0.));
#12946=DIRECTION('',(0.754024202785105,0.656846634774273,0.));
#12947=DIRECTION('',(0.,0.,1.));
#12948=DIRECTION('',(1.,0.,0.));
#12949=DIRECTION('',(0.324580797293073,0.945857973497392,0.));
#12950=DIRECTION('',(0.,0.,1.));
#12951=DIRECTION('',(-0.809016994374947,0.587785252292473,0.));
#12952=DIRECTION('',(0.,0.,1.));
#12953=DIRECTION('',(1.,0.,0.));
#12954=DIRECTION('',(-0.391691979377996,0.920096404346277,0.));
#12955=DIRECTION('',(0.,0.,1.));
#12956=DIRECTION('',(1.,0.,0.));
#12957=DIRECTION('',(-0.799263406773094,0.600980870405597,0.));
#12958=DIRECTION('',(0.,0.,1.));
#12959=DIRECTION('',(-0.809016994374948,-0.587785252292473,0.));
#12960=DIRECTION('',(0.,0.,1.));
#12961=DIRECTION('',(1.,0.,0.));
#12962=DIRECTION('',(-0.99610315916143,-0.0881957839617069,0.));
#12963=DIRECTION('',(0.,0.,1.));
#12964=DIRECTION('',(1.,0.,0.));
#12965=DIRECTION('',(-0.818552748642878,-0.574431368998237,0.));
#12966=DIRECTION('',(0.,0.,1.));
#12967=DIRECTION('',(0.309016994374948,-0.951056516295154,0.));
#12968=DIRECTION('',(0.,0.,1.));
#12969=DIRECTION('',(1.,0.,0.));
#12970=DIRECTION('',(-0.223933629284914,-0.974604396499055,0.));
#12971=DIRECTION('',(0.,0.,1.));
#12972=DIRECTION('',(1.,0.,0.));
#12973=DIRECTION('',(0.293369986527146,-0.95599898065064,0.));
#12974=DIRECTION('',(0.,0.,1.));
#12975=DIRECTION('',(1.,0.,0.));
#12976=DIRECTION('',(0.,0.,1.));
#12977=DIRECTION('',(1.,0.,0.));
#12978=DIRECTION('',(0.,0.,1.));
#12979=DIRECTION('',(1.,0.,0.));
#12980=DIRECTION('',(0.857704565039234,-0.514142858659788,0.));
#12981=DIRECTION('',(0.,0.,1.));
#12982=DIRECTION('',(1.,0.,0.));
#12983=DIRECTION('',(0.999865371595753,-0.0164084942541112,0.));
#12984=DIRECTION('',(0.,0.,1.));
#12985=DIRECTION('',(1.,0.,0.));
#12986=DIRECTION('',(1.,0.,0.));
#12987=DIRECTION('',(0.,0.,-1.));
#12988=DIRECTION('',(0.,-1.,0.));
#12989=DIRECTION('',(0.,0.,-1.));
#12990=DIRECTION('',(0.,-1.,0.));
#12991=DIRECTION('',(0.,0.,-1.));
#12992=DIRECTION('',(0.,0.,-1.));
#12993=DIRECTION('',(-1.,0.,0.));
#12994=DIRECTION('',(0.,0.,1.));
#12995=DIRECTION('',(1.,0.,0.));
#12996=DIRECTION('',(0.,0.,-1.));
#12997=DIRECTION('',(0.,0.,1.));
#12998=DIRECTION('',(1.,0.,0.));
#12999=DIRECTION('',(1.,0.,0.));
#13000=DIRECTION('',(0.,0.,-1.));
#13001=DIRECTION('',(0.,-1.,0.));
#13002=DIRECTION('',(0.,0.,-1.));
#13003=DIRECTION('',(0.,-1.,0.));
#13004=DIRECTION('',(0.,0.,-1.));
#13005=DIRECTION('',(-1.,0.,0.));
#13006=DIRECTION('',(0.,0.,1.));
#13007=DIRECTION('',(1.,0.,0.));
#13008=DIRECTION('',(0.,0.,1.));
#13009=DIRECTION('',(1.,0.,0.));
#13010=DIRECTION('',(0.,0.,1.));
#13011=DIRECTION('',(1.,0.,0.));
#13012=DIRECTION('',(0.,0.,1.));
#13013=DIRECTION('',(1.,0.,0.));
#13014=DIRECTION('',(-0.920096404346277,-0.391691979377996,0.));
#13015=DIRECTION('',(0.391691979377996,-0.920096404346277,0.));
#13016=DIRECTION('',(-0.391691979377996,0.920096404346277,0.));
#13017=DIRECTION('',(0.,0.,-1.));
#13018=DIRECTION('',(-0.391691979377996,0.920096404346277,0.));
#13019=DIRECTION('',(-0.600980870405597,-0.799263406773094,0.));
#13020=DIRECTION('',(0.,0.,-1.));
#13021=DIRECTION('',(-0.799263406773094,0.600980870405597,0.));
#13022=DIRECTION('',(0.,0.,-1.));
#13023=DIRECTION('',(-0.799263406773094,0.600980870405597,0.));
#13024=DIRECTION('',(0.,0.,1.));
#13025=DIRECTION('',(-0.809016994374948,-0.587785252292473,0.));
#13026=DIRECTION('',(0.,0.,1.));
#13027=DIRECTION('',(-0.809016994374948,-0.587785252292473,0.));
#13028=DIRECTION('',(-0.799263406773094,0.600980870405597,0.));
#13029=DIRECTION('',(-0.391691979377996,0.920096404346277,0.));
#13030=DIRECTION('',(-0.799263406773093,0.600980870405597,0.));
#13031=DIRECTION('',(-0.600980870405597,-0.799263406773093,0.));
#13032=DIRECTION('',(0.799263406773093,-0.600980870405597,0.));
#13033=DIRECTION('',(0.600980870405597,0.799263406773093,0.));
#13034=DIRECTION('',(-0.391691979377996,0.920096404346277,0.));
#13035=DIRECTION('',(-0.920096404346277,-0.391691979377996,0.));
#13036=DIRECTION('',(0.391691979377996,-0.920096404346277,0.));
#13037=DIRECTION('',(0.920096404346277,0.391691979377996,0.));
#13038=DIRECTION('',(0.,0.,1.));
#13039=DIRECTION('',(1.,0.,0.));
#13040=DIRECTION('',(0.,0.,-1.));
#13041=DIRECTION('',(-1.,0.,0.));
#13042=DIRECTION('',(0.,0.,-1.));
#13043=DIRECTION('',(0.,0.,1.));
#13044=DIRECTION('',(1.,0.,0.));
#13045=DIRECTION('',(0.,0.,1.));
#13046=DIRECTION('',(1.,0.,0.));
#13047=DIRECTION('',(0.,0.,1.));
#13048=DIRECTION('',(1.,0.,0.));
#13049=DIRECTION('',(0.,0.,-1.));
#13050=DIRECTION('',(0.,0.,-1.));
#13051=DIRECTION('',(-1.,0.,0.));
#13052=DIRECTION('',(-0.656846634774273,0.754024202785105,0.));
#13053=DIRECTION('',(-0.754024202785105,-0.656846634774273,0.));
#13054=DIRECTION('',(0.754024202785105,0.656846634774273,0.));
#13055=DIRECTION('',(0.,0.,-1.));
#13056=DIRECTION('',(0.754024202785105,0.656846634774273,0.));
#13057=DIRECTION('',(-0.945857973497392,0.324580797293073,0.));
#13058=DIRECTION('',(0.,0.,-1.));
#13059=DIRECTION('',(0.324580797293073,0.945857973497392,0.));
#13060=DIRECTION('',(0.324580797293073,0.945857973497392,0.));
#13061=DIRECTION('',(0.,0.,1.));
#13062=DIRECTION('',(-0.809016994374947,0.587785252292473,0.));
#13063=DIRECTION('',(0.,0.,1.));
#13064=DIRECTION('',(-0.809016994374947,0.587785252292473,0.));
#13065=DIRECTION('',(0.324580797293073,0.945857973497392,0.));
#13066=DIRECTION('',(0.754024202785105,0.656846634774273,0.));
#13067=DIRECTION('',(0.324580797293073,0.945857973497392,0.));
#13068=DIRECTION('',(-0.945857973497392,0.324580797293073,0.));
#13069=DIRECTION('',(-0.324580797293073,-0.945857973497392,0.));
#13070=DIRECTION('',(0.945857973497392,-0.324580797293073,0.));
#13071=DIRECTION('',(0.754024202785105,0.656846634774273,0.));
#13072=DIRECTION('',(-0.656846634774273,0.754024202785105,0.));
#13073=DIRECTION('',(-0.754024202785105,-0.656846634774273,0.));
#13074=DIRECTION('',(0.656846634774273,-0.754024202785105,0.));
#13075=DIRECTION('',(0.,0.,1.));
#13076=DIRECTION('',(1.,0.,0.));
#13077=DIRECTION('',(0.,0.,1.));
#13078=DIRECTION('',(1.,0.,0.));
#13079=DIRECTION('',(0.,0.,-1.));
#13080=DIRECTION('',(0.,0.,-1.));
#13081=DIRECTION('',(-1.,0.,0.));
#13082=DIRECTION('',(0.0881957839617069,-0.996103159161429,0.));
#13083=DIRECTION('',(0.996103159161429,0.0881957839617069,0.));
#13084=DIRECTION('',(-0.99610315916143,-0.0881957839617069,0.));
#13085=DIRECTION('',(-0.99610315916143,-0.0881957839617069,0.));
#13086=DIRECTION('',(0.574431368998237,-0.818552748642878,0.));
#13087=DIRECTION('',(0.,0.,-1.));
#13088=DIRECTION('',(-0.818552748642878,-0.574431368998237,0.));
#13089=DIRECTION('',(0.,0.,-1.));
#13090=DIRECTION('',(-0.818552748642878,-0.574431368998237,0.));
#13091=DIRECTION('',(0.,0.,1.));
#13092=DIRECTION('',(0.309016994374948,-0.951056516295154,0.));
#13093=DIRECTION('',(-0.99610315916143,-0.0881957839617069,0.));
#13094=DIRECTION('',(0.,0.,1.));
#13095=DIRECTION('',(0.309016994374948,-0.951056516295154,0.));
#13096=DIRECTION('',(-0.818552748642878,-0.574431368998237,0.));
#13097=DIRECTION('',(0.99610315916143,0.0881957839617069,0.));
#13098=DIRECTION('',(-0.0881957839617069,0.996103159161429,0.));
#13099=DIRECTION('',(-0.818552748642878,-0.574431368998237,0.));
#13100=DIRECTION('',(0.574431368998237,-0.818552748642878,0.));
#13101=DIRECTION('',(0.818552748642878,0.574431368998237,0.));
#13102=DIRECTION('',(-0.574431368998237,0.818552748642878,0.));
#13103=DIRECTION('',(-0.99610315916143,-0.0881957839617069,0.));
#13104=DIRECTION('',(0.0881957839617069,-0.996103159161429,0.));
#13105=DIRECTION('',(0.,0.,1.));
#13106=DIRECTION('',(1.,0.,0.));
#13107=DIRECTION('',(0.,0.,-1.));
#13108=DIRECTION('',(-1.,0.,0.));
#13109=DIRECTION('',(0.,0.,-1.));
#13110=DIRECTION('',(0.,0.,1.));
#13111=DIRECTION('',(1.,0.,0.));
#13112=DIRECTION('',(0.974604396499055,-0.223933629284914,0.));
#13113=DIRECTION('',(0.223933629284914,0.974604396499055,0.));
#13114=DIRECTION('',(-0.223933629284914,-0.974604396499055,0.));
#13115=DIRECTION('',(0.,0.,-1.));
#13116=DIRECTION('',(-0.223933629284914,-0.974604396499055,0.));
#13117=DIRECTION('',(0.95599898065064,0.293369986527146,0.));
#13118=DIRECTION('',(0.,0.,-1.));
#13119=DIRECTION('',(0.,0.,-1.));
#13120=DIRECTION('',(0.293369986527146,-0.95599898065064,0.));
#13121=DIRECTION('',(0.293369986527146,-0.95599898065064,0.));
#13122=DIRECTION('',(0.,0.,1.));
#13123=DIRECTION('',(1.,0.,0.));
#13124=DIRECTION('',(0.,0.,1.));
#13125=DIRECTION('',(1.,0.,0.));
#13126=DIRECTION('',(0.293369986527146,-0.95599898065064,0.));
#13127=DIRECTION('',(-0.223933629284914,-0.974604396499055,0.));
#13128=DIRECTION('',(0.,0.,1.));
#13129=DIRECTION('',(1.,0.,0.));
#13130=DIRECTION('',(0.223933629284914,0.974604396499055,0.));
#13131=DIRECTION('',(-0.974604396499055,0.223933629284914,0.));
#13132=DIRECTION('',(0.158344987803077,0.689149377738704,0.707106781186548));
#13133=DIRECTION('',(0.158344987803077,0.689149377738704,-0.707106781186548));
#13134=DIRECTION('',(-0.223933629284914,-0.974604396499055,0.));
#13135=DIRECTION('',(0.974604396499055,-0.223933629284914,0.));
#13136=DIRECTION('',(-0.158344987803077,-0.689149377738704,0.707106781186548));
#13137=DIRECTION('',(-0.158344987803077,-0.689149377738704,-0.707106781186548));
#13138=DIRECTION('',(0.,0.,-1.));
#13139=DIRECTION('',(-1.,0.,0.));
#13140=DIRECTION('',(-0.293369986527146,0.95599898065064,0.));
#13141=DIRECTION('',(-0.95599898065064,-0.293369986527146,0.));
#13142=DIRECTION('',(0.293369986527146,-0.95599898065064,0.));
#13143=DIRECTION('',(0.95599898065064,0.293369986527146,0.));
#13144=DIRECTION('',(0.,0.,1.));
#13145=DIRECTION('',(1.,0.,0.));
#13146=DIRECTION('',(0.,0.,1.));
#13147=DIRECTION('',(1.,0.,0.));
#13148=DIRECTION('',(0.,0.,-1.));
#13149=DIRECTION('',(-1.,0.,0.));
#13150=DIRECTION('',(0.,0.,-1.));
#13151=DIRECTION('',(0.514142858659788,0.857704565039234,0.));
#13152=DIRECTION('',(-0.857704565039234,0.514142858659788,0.));
#13153=DIRECTION('',(0.857704565039234,-0.514142858659788,0.));
#13154=DIRECTION('',(0.857704565039234,-0.514142858659788,0.));
#13155=DIRECTION('',(0.0164084942541112,0.999865371595753,0.));
#13156=DIRECTION('',(0.,0.,-1.));
#13157=DIRECTION('',(0.999865371595753,-0.0164084942541112,0.));
#13158=DIRECTION('',(0.999865371595753,-0.0164084942541112,0.));
#13159=DIRECTION('',(0.,0.,1.));
#13160=DIRECTION('',(0.309016994374948,0.951056516295154,0.));
#13161=DIRECTION('',(0.857704565039234,-0.514142858659788,0.));
#13162=DIRECTION('',(0.,0.,-1.));
#13163=DIRECTION('',(-1.,0.,0.));
#13164=DIRECTION('',(0.999865371595753,-0.0164084942541112,0.));
#13165=DIRECTION('',(-0.857704565039234,0.514142858659788,0.));
#13166=DIRECTION('',(-0.514142858659788,-0.857704565039234,0.));
#13167=DIRECTION('',(0.999865371595753,-0.0164084942541112,0.));
#13168=DIRECTION('',(0.0164084942541112,0.999865371595753,0.));
#13169=DIRECTION('',(-0.999865371595753,0.0164084942541112,0.));
#13170=DIRECTION('',(-0.0164084942541112,-0.999865371595753,0.));
#13171=DIRECTION('',(0.857704565039234,-0.514142858659788,0.));
#13172=DIRECTION('',(0.514142858659788,0.857704565039234,0.));
#13173=DIRECTION('',(0.,0.,1.));
#13174=DIRECTION('',(1.,0.,0.));
#13175=DIRECTION('',(0.,0.,1.));
#13176=DIRECTION('',(1.,0.,0.));
#13177=DIRECTION('',(0.,0.,1.));
#13178=DIRECTION('',(1.,0.,0.));
#13179=DIRECTION('',(0.,0.,1.));
#13180=DIRECTION('',(1.,0.,0.));
#13181=DIRECTION('',(0.,0.,-1.));
#13182=DIRECTION('',(-1.,0.,0.));
#13183=DIRECTION('',(0.,0.,-1.));
#13184=DIRECTION('',(-1.,0.,0.));
#13185=DIRECTION('',(0.,0.,-1.));
#13186=DIRECTION('',(-1.,0.,0.));
#13187=DIRECTION('',(0.,0.,-1.));
#13188=DIRECTION('',(-1.,0.,0.));
#13189=DIRECTION('',(0.,0.,-1.));
#13190=DIRECTION('',(-1.,0.,0.));
#13191=DIRECTION('',(0.,0.,-1.));
#13192=DIRECTION('',(-1.,0.,0.));
#13193=DIRECTION('',(0.,0.,-1.));
#13194=DIRECTION('',(-1.,0.,0.));
#13195=DIRECTION('',(0.,0.,-1.));
#13196=DIRECTION('',(-1.,0.,0.));
#13197=DIRECTION('',(0.,0.,-1.));
#13198=DIRECTION('',(-1.,0.,0.));
#13199=DIRECTION('',(0.,0.,-1.));
#13200=DIRECTION('',(-1.,0.,0.));
#13201=DIRECTION('',(0.,0.,-1.));
#13202=DIRECTION('',(-1.,0.,0.));
#13203=DIRECTION('',(0.,0.,-1.));
#13204=DIRECTION('',(1.,0.,0.));
#13205=DIRECTION('',(1.94289029309402E-16,0.,-1.));
#13206=DIRECTION('',(-1.,0.,-1.94289029309402E-16));
#13207=DIRECTION('',(0.,0.,1.));
#13208=DIRECTION('',(1.,0.,0.));
#13209=DIRECTION('',(0.,0.,1.));
#13210=DIRECTION('',(1.,0.,0.));
#13211=DIRECTION('',(0.,0.,-1.));
#13212=DIRECTION('',(-1.,0.,0.));
#13213=DIRECTION('',(0.,0.,1.));
#13214=DIRECTION('',(1.,0.,0.));
#13215=DIRECTION('',(0.,0.,1.));
#13216=DIRECTION('',(1.,0.,0.));
#13217=DIRECTION('',(0.,0.,1.));
#13218=DIRECTION('',(1.,0.,0.));
#13219=DIRECTION('',(0.,0.,1.));
#13220=DIRECTION('',(1.,0.,0.));
#13221=DIRECTION('',(0.,0.,-1.));
#13222=DIRECTION('',(-1.,0.,0.));
#13223=DIRECTION('',(0.,0.,1.));
#13224=DIRECTION('',(1.,0.,0.));
#13225=DIRECTION('',(0.,0.,1.));
#13226=DIRECTION('',(1.,0.,0.));
#13227=DIRECTION('',(0.754024202785105,0.656846634774273,0.));
#13228=DIRECTION('',(0.,0.,1.));
#13229=DIRECTION('',(1.,0.,0.));
#13230=DIRECTION('',(0.324580797293073,0.945857973497392,0.));
#13231=DIRECTION('',(0.,0.,1.));
#13232=DIRECTION('',(-0.809016994374947,0.587785252292473,0.));
#13233=DIRECTION('',(0.,0.,1.));
#13234=DIRECTION('',(1.,0.,0.));
#13235=DIRECTION('',(-0.391691979377996,0.920096404346277,0.));
#13236=DIRECTION('',(0.,0.,1.));
#13237=DIRECTION('',(1.,0.,0.));
#13238=DIRECTION('',(-0.799263406773094,0.600980870405597,0.));
#13239=DIRECTION('',(0.,0.,1.));
#13240=DIRECTION('',(-0.809016994374948,-0.587785252292473,0.));
#13241=DIRECTION('',(0.,0.,1.));
#13242=DIRECTION('',(1.,0.,0.));
#13243=DIRECTION('',(-0.99610315916143,-0.0881957839617069,0.));
#13244=DIRECTION('',(0.,0.,1.));
#13245=DIRECTION('',(1.,0.,0.));
#13246=DIRECTION('',(-0.818552748642878,-0.574431368998237,0.));
#13247=DIRECTION('',(0.,0.,1.));
#13248=DIRECTION('',(0.309016994374948,-0.951056516295154,0.));
#13249=DIRECTION('',(0.,0.,1.));
#13250=DIRECTION('',(1.,0.,0.));
#13251=DIRECTION('',(-0.223933629284914,-0.974604396499055,0.));
#13252=DIRECTION('',(0.,0.,1.));
#13253=DIRECTION('',(1.,0.,0.));
#13254=DIRECTION('',(0.293369986527146,-0.95599898065064,0.));
#13255=DIRECTION('',(0.,0.,1.));
#13256=DIRECTION('',(1.,0.,0.));
#13257=DIRECTION('',(0.,0.,1.));
#13258=DIRECTION('',(1.,0.,0.));
#13259=DIRECTION('',(0.,0.,-1.));
#13260=DIRECTION('',(-1.,0.,0.));
#13261=DIRECTION('',(0.,0.,1.));
#13262=DIRECTION('',(1.,0.,0.));
#13263=DIRECTION('',(0.,0.,-1.));
#13264=DIRECTION('',(0.,0.,1.));
#13265=DIRECTION('',(-0.809016994374948,-0.587785252292473,0.));
#13266=DIRECTION('',(0.,0.,-1.));
#13267=DIRECTION('',(0.,0.,1.));
#13268=DIRECTION('',(1.,0.,0.));
#13269=DIRECTION('',(0.,0.,-1.));
#13270=DIRECTION('',(0.,0.,1.));
#13271=DIRECTION('',(0.309016994374948,-0.951056516295154,0.));
#13272=DIRECTION('',(0.,0.,-1.));
#13273=DIRECTION('',(0.,0.,1.));
#13274=DIRECTION('',(1.,0.,0.));
#13275=DIRECTION('',(0.,0.,-1.));
#13276=DIRECTION('',(0.,0.,1.));
#13277=DIRECTION('',(1.,0.,0.));
#13278=DIRECTION('',(0.,0.,-1.));
#13279=DIRECTION('',(0.,0.,1.));
#13280=DIRECTION('',(1.,0.,0.));
#13281=DIRECTION('',(0.,0.,-1.));
#13282=DIRECTION('',(0.,0.,1.));
#13283=DIRECTION('',(0.309016994374948,0.951056516295154,0.));
#13284=DIRECTION('',(0.,0.,-1.));
#13285=DIRECTION('',(0.,0.,1.));
#13286=DIRECTION('',(1.,0.,0.));
#13287=DIRECTION('',(0.,0.,-1.));
#13288=DIRECTION('',(0.,0.,1.));
#13289=DIRECTION('',(-0.809016994374947,0.587785252292473,0.));
#13290=DIRECTION('',(0.,0.,-1.));
#13291=DIRECTION('',(0.,0.,1.));
#13292=DIRECTION('',(1.,0.,0.));
#13293=DIRECTION('',(0.,0.,1.));
#13294=DIRECTION('',(1.,0.,0.));
#13295=DIRECTION('',(0.857704565039234,-0.514142858659788,0.));
#13296=DIRECTION('',(0.,0.,1.));
#13297=DIRECTION('',(1.,0.,0.));
#13298=DIRECTION('',(0.999865371595753,-0.0164084942541112,0.));
#13299=DIRECTION('',(0.,0.,1.));
#13300=DIRECTION('',(1.,0.,0.));
#13301=DIRECTION('',(1.,0.,0.));
#13302=DIRECTION('',(0.,0.,-1.));
#13303=DIRECTION('',(0.,-1.,0.));
#13304=DIRECTION('',(0.,0.,-1.));
#13305=DIRECTION('',(0.,-1.,0.));
#13306=DIRECTION('',(0.,0.,-1.));
#13307=DIRECTION('',(0.,0.,-1.));
#13308=DIRECTION('',(-1.,0.,0.));
#13309=DIRECTION('',(0.,0.,1.));
#13310=DIRECTION('',(1.,0.,0.));
#13311=DIRECTION('',(0.,0.,-1.));
#13312=DIRECTION('',(0.,0.,1.));
#13313=DIRECTION('',(1.,0.,0.));
#13314=DIRECTION('',(1.,0.,0.));
#13315=DIRECTION('',(0.,0.,-1.));
#13316=DIRECTION('',(0.,-1.,0.));
#13317=DIRECTION('',(0.,0.,-1.));
#13318=DIRECTION('',(0.,-1.,0.));
#13319=DIRECTION('',(0.,0.,-1.));
#13320=DIRECTION('',(-1.,0.,0.));
#13321=DIRECTION('',(0.,0.,1.));
#13322=DIRECTION('',(1.,0.,0.));
#13323=DIRECTION('',(0.,0.,1.));
#13324=DIRECTION('',(1.,0.,0.));
#13325=DIRECTION('',(0.,0.,1.));
#13326=DIRECTION('',(1.,0.,0.));
#13327=DIRECTION('',(0.,0.,1.));
#13328=DIRECTION('',(1.,0.,0.));
#13329=DIRECTION('',(-0.920096404346277,-0.391691979377996,0.));
#13330=DIRECTION('',(0.391691979377996,-0.920096404346277,0.));
#13331=DIRECTION('',(-0.391691979377996,0.920096404346277,0.));
#13332=DIRECTION('',(0.,0.,-1.));
#13333=DIRECTION('',(-0.391691979377996,0.920096404346277,0.));
#13334=DIRECTION('',(-0.600980870405597,-0.799263406773094,0.));
#13335=DIRECTION('',(0.,0.,-1.));
#13336=DIRECTION('',(-0.799263406773094,0.600980870405597,0.));
#13337=DIRECTION('',(0.,0.,-1.));
#13338=DIRECTION('',(-0.799263406773094,0.600980870405597,0.));
#13339=DIRECTION('',(0.,0.,1.));
#13340=DIRECTION('',(-0.809016994374948,-0.587785252292473,0.));
#13341=DIRECTION('',(0.,0.,1.));
#13342=DIRECTION('',(-0.809016994374948,-0.587785252292473,0.));
#13343=DIRECTION('',(-0.799263406773094,0.600980870405597,0.));
#13344=DIRECTION('',(-0.391691979377996,0.920096404346277,0.));
#13345=DIRECTION('',(-0.799263406773093,0.600980870405597,0.));
#13346=DIRECTION('',(-0.600980870405597,-0.799263406773093,0.));
#13347=DIRECTION('',(0.799263406773093,-0.600980870405597,0.));
#13348=DIRECTION('',(0.600980870405597,0.799263406773093,0.));
#13349=DIRECTION('',(-0.391691979377996,0.920096404346277,0.));
#13350=DIRECTION('',(-0.920096404346277,-0.391691979377996,0.));
#13351=DIRECTION('',(0.391691979377996,-0.920096404346277,0.));
#13352=DIRECTION('',(0.920096404346277,0.391691979377996,0.));
#13353=DIRECTION('',(0.,0.,1.));
#13354=DIRECTION('',(1.,0.,0.));
#13355=DIRECTION('',(0.,0.,-1.));
#13356=DIRECTION('',(-1.,0.,0.));
#13357=DIRECTION('',(0.,0.,-1.));
#13358=DIRECTION('',(0.,0.,1.));
#13359=DIRECTION('',(1.,0.,0.));
#13360=DIRECTION('',(0.,0.,1.));
#13361=DIRECTION('',(1.,0.,0.));
#13362=DIRECTION('',(0.,0.,1.));
#13363=DIRECTION('',(1.,0.,0.));
#13364=DIRECTION('',(0.,0.,-1.));
#13365=DIRECTION('',(0.,0.,-1.));
#13366=DIRECTION('',(-1.,0.,0.));
#13367=DIRECTION('',(-0.656846634774273,0.754024202785105,0.));
#13368=DIRECTION('',(-0.754024202785105,-0.656846634774273,0.));
#13369=DIRECTION('',(0.754024202785105,0.656846634774273,0.));
#13370=DIRECTION('',(0.,0.,-1.));
#13371=DIRECTION('',(0.754024202785105,0.656846634774273,0.));
#13372=DIRECTION('',(-0.945857973497392,0.324580797293073,0.));
#13373=DIRECTION('',(0.,0.,-1.));
#13374=DIRECTION('',(0.324580797293073,0.945857973497392,0.));
#13375=DIRECTION('',(0.324580797293073,0.945857973497392,0.));
#13376=DIRECTION('',(0.,0.,1.));
#13377=DIRECTION('',(-0.809016994374947,0.587785252292473,0.));
#13378=DIRECTION('',(0.,0.,1.));
#13379=DIRECTION('',(-0.809016994374947,0.587785252292473,0.));
#13380=DIRECTION('',(0.324580797293073,0.945857973497392,0.));
#13381=DIRECTION('',(0.754024202785105,0.656846634774273,0.));
#13382=DIRECTION('',(0.324580797293073,0.945857973497392,0.));
#13383=DIRECTION('',(-0.945857973497392,0.324580797293073,0.));
#13384=DIRECTION('',(-0.324580797293073,-0.945857973497392,0.));
#13385=DIRECTION('',(0.945857973497392,-0.324580797293073,0.));
#13386=DIRECTION('',(0.754024202785105,0.656846634774273,0.));
#13387=DIRECTION('',(-0.656846634774273,0.754024202785105,0.));
#13388=DIRECTION('',(-0.754024202785105,-0.656846634774273,0.));
#13389=DIRECTION('',(0.656846634774273,-0.754024202785105,0.));
#13390=DIRECTION('',(0.,0.,1.));
#13391=DIRECTION('',(1.,0.,0.));
#13392=DIRECTION('',(0.,0.,1.));
#13393=DIRECTION('',(1.,0.,0.));
#13394=DIRECTION('',(0.,0.,-1.));
#13395=DIRECTION('',(0.,0.,-1.));
#13396=DIRECTION('',(-1.,0.,0.));
#13397=DIRECTION('',(0.0881957839617069,-0.996103159161429,0.));
#13398=DIRECTION('',(0.996103159161429,0.0881957839617069,0.));
#13399=DIRECTION('',(-0.99610315916143,-0.0881957839617069,0.));
#13400=DIRECTION('',(-0.99610315916143,-0.0881957839617069,0.));
#13401=DIRECTION('',(0.574431368998237,-0.818552748642878,0.));
#13402=DIRECTION('',(0.,0.,-1.));
#13403=DIRECTION('',(-0.818552748642878,-0.574431368998237,0.));
#13404=DIRECTION('',(0.,0.,-1.));
#13405=DIRECTION('',(-0.818552748642878,-0.574431368998237,0.));
#13406=DIRECTION('',(0.,0.,1.));
#13407=DIRECTION('',(0.309016994374948,-0.951056516295154,0.));
#13408=DIRECTION('',(-0.99610315916143,-0.0881957839617069,0.));
#13409=DIRECTION('',(0.,0.,1.));
#13410=DIRECTION('',(0.309016994374948,-0.951056516295154,0.));
#13411=DIRECTION('',(-0.818552748642878,-0.574431368998237,0.));
#13412=DIRECTION('',(0.99610315916143,0.0881957839617069,0.));
#13413=DIRECTION('',(-0.0881957839617069,0.996103159161429,0.));
#13414=DIRECTION('',(-0.818552748642878,-0.574431368998237,0.));
#13415=DIRECTION('',(0.574431368998237,-0.818552748642878,0.));
#13416=DIRECTION('',(0.818552748642878,0.574431368998237,0.));
#13417=DIRECTION('',(-0.574431368998237,0.818552748642878,0.));
#13418=DIRECTION('',(-0.99610315916143,-0.0881957839617069,0.));
#13419=DIRECTION('',(0.0881957839617069,-0.996103159161429,0.));
#13420=DIRECTION('',(0.,0.,1.));
#13421=DIRECTION('',(1.,0.,0.));
#13422=DIRECTION('',(0.,0.,-1.));
#13423=DIRECTION('',(-1.,0.,0.));
#13424=DIRECTION('',(0.,0.,-1.));
#13425=DIRECTION('',(0.,0.,1.));
#13426=DIRECTION('',(1.,0.,0.));
#13427=DIRECTION('',(0.974604396499055,-0.223933629284914,0.));
#13428=DIRECTION('',(0.223933629284914,0.974604396499055,0.));
#13429=DIRECTION('',(-0.223933629284914,-0.974604396499055,0.));
#13430=DIRECTION('',(0.,0.,-1.));
#13431=DIRECTION('',(-0.223933629284914,-0.974604396499055,0.));
#13432=DIRECTION('',(0.95599898065064,0.293369986527146,0.));
#13433=DIRECTION('',(0.,0.,-1.));
#13434=DIRECTION('',(0.,0.,-1.));
#13435=DIRECTION('',(0.293369986527146,-0.95599898065064,0.));
#13436=DIRECTION('',(0.293369986527146,-0.95599898065064,0.));
#13437=DIRECTION('',(0.,0.,1.));
#13438=DIRECTION('',(1.,0.,0.));
#13439=DIRECTION('',(0.,0.,1.));
#13440=DIRECTION('',(1.,0.,0.));
#13441=DIRECTION('',(0.293369986527146,-0.95599898065064,0.));
#13442=DIRECTION('',(-0.223933629284914,-0.974604396499055,0.));
#13443=DIRECTION('',(0.,0.,1.));
#13444=DIRECTION('',(1.,0.,0.));
#13445=DIRECTION('',(0.223933629284914,0.974604396499055,0.));
#13446=DIRECTION('',(-0.974604396499055,0.223933629284914,0.));
#13447=DIRECTION('',(0.158344987803077,0.689149377738704,0.707106781186548));
#13448=DIRECTION('',(0.158344987803077,0.689149377738704,-0.707106781186548));
#13449=DIRECTION('',(-0.223933629284914,-0.974604396499055,0.));
#13450=DIRECTION('',(0.974604396499055,-0.223933629284914,0.));
#13451=DIRECTION('',(-0.158344987803077,-0.689149377738704,0.707106781186548));
#13452=DIRECTION('',(-0.158344987803077,-0.689149377738704,-0.707106781186548));
#13453=DIRECTION('',(0.,0.,-1.));
#13454=DIRECTION('',(-1.,0.,0.));
#13455=DIRECTION('',(-0.293369986527146,0.95599898065064,0.));
#13456=DIRECTION('',(-0.95599898065064,-0.293369986527146,0.));
#13457=DIRECTION('',(0.293369986527146,-0.95599898065064,0.));
#13458=DIRECTION('',(0.95599898065064,0.293369986527146,0.));
#13459=DIRECTION('',(0.,0.,1.));
#13460=DIRECTION('',(1.,0.,0.));
#13461=DIRECTION('',(0.,0.,1.));
#13462=DIRECTION('',(1.,0.,0.));
#13463=DIRECTION('',(0.,0.,-1.));
#13464=DIRECTION('',(-1.,0.,0.));
#13465=DIRECTION('',(0.,0.,-1.));
#13466=DIRECTION('',(0.514142858659788,0.857704565039234,0.));
#13467=DIRECTION('',(-0.857704565039234,0.514142858659788,0.));
#13468=DIRECTION('',(0.857704565039234,-0.514142858659788,0.));
#13469=DIRECTION('',(0.857704565039234,-0.514142858659788,0.));
#13470=DIRECTION('',(0.0164084942541112,0.999865371595753,0.));
#13471=DIRECTION('',(0.,0.,-1.));
#13472=DIRECTION('',(0.999865371595753,-0.0164084942541112,0.));
#13473=DIRECTION('',(0.999865371595753,-0.0164084942541112,0.));
#13474=DIRECTION('',(0.,0.,1.));
#13475=DIRECTION('',(0.309016994374948,0.951056516295154,0.));
#13476=DIRECTION('',(0.857704565039234,-0.514142858659788,0.));
#13477=DIRECTION('',(0.,0.,-1.));
#13478=DIRECTION('',(-1.,0.,0.));
#13479=DIRECTION('',(0.999865371595753,-0.0164084942541112,0.));
#13480=DIRECTION('',(-0.857704565039234,0.514142858659788,0.));
#13481=DIRECTION('',(-0.514142858659788,-0.857704565039234,0.));
#13482=DIRECTION('',(0.999865371595753,-0.0164084942541112,0.));
#13483=DIRECTION('',(0.0164084942541112,0.999865371595753,0.));
#13484=DIRECTION('',(-0.999865371595753,0.0164084942541112,0.));
#13485=DIRECTION('',(-0.0164084942541112,-0.999865371595753,0.));
#13486=DIRECTION('',(0.857704565039234,-0.514142858659788,0.));
#13487=DIRECTION('',(0.514142858659788,0.857704565039234,0.));
#13488=DIRECTION('',(0.,0.,1.));
#13489=DIRECTION('',(1.,0.,0.));
#13490=DIRECTION('',(0.,0.,1.));
#13491=DIRECTION('',(1.,0.,0.));
#13492=DIRECTION('',(0.,0.,1.));
#13493=DIRECTION('',(1.,0.,0.));
#13494=DIRECTION('',(0.,0.,1.));
#13495=DIRECTION('',(1.,0.,0.));
#13496=DIRECTION('',(0.,0.,-1.));
#13497=DIRECTION('',(-1.,0.,0.));
#13498=DIRECTION('',(0.,0.,-1.));
#13499=DIRECTION('',(-1.,0.,0.));
#13500=DIRECTION('',(0.,0.,1.));
#13501=DIRECTION('',(1.,0.,0.));
#13502=DIRECTION('',(0.,0.,-1.));
#13503=DIRECTION('',(-1.,0.,0.));
#13504=DIRECTION('',(0.,0.,1.));
#13505=DIRECTION('',(1.,0.,0.));
#13506=DIRECTION('',(0.,0.,-1.));
#13507=DIRECTION('',(-1.,0.,0.));
#13508=DIRECTION('',(0.,0.,1.));
#13509=DIRECTION('',(1.,0.,0.));
#13510=DIRECTION('',(0.,0.,-1.));
#13511=DIRECTION('',(-1.,0.,0.));
#13512=DIRECTION('',(0.,0.,1.));
#13513=DIRECTION('',(1.,0.,0.));
#13514=DIRECTION('',(0.,0.,-1.));
#13515=DIRECTION('',(-1.,0.,0.));
#13516=DIRECTION('',(0.,0.,1.));
#13517=DIRECTION('',(1.,0.,0.));
#13518=DIRECTION('',(0.,0.,-1.));
#13519=DIRECTION('',(1.,0.,0.));
#13520=DIRECTION('',(1.94289029309402E-16,0.,-1.));
#13521=DIRECTION('',(-1.,0.,-1.94289029309402E-16));
#13522=DIRECTION('',(1.,0.,1.11022302462516E-16));
#13523=DIRECTION('',(1.11022302462516E-16,0.,-1.));
#13524=DIRECTION('',(1.11022302462516E-16,-1.,3.69778549322349E-32));
#13525=DIRECTION('',(3.33066907387547E-16,0.,-1.));
#13526=DIRECTION('',(0.,0.,-1.));
#13527=DIRECTION('',(-1.,0.,0.));
#13528=DIRECTION('',(0.,0.,1.));
#13529=DIRECTION('',(1.,0.,0.));
#13530=DIRECTION('',(0.,0.,-1.));
#13531=DIRECTION('',(0.,0.,1.));
#13532=DIRECTION('',(-0.809016994374948,-0.587785252292473,0.));
#13533=DIRECTION('',(0.,0.,-1.));
#13534=DIRECTION('',(0.,0.,1.));
#13535=DIRECTION('',(1.,0.,0.));
#13536=DIRECTION('',(0.,0.,-1.));
#13537=DIRECTION('',(0.,0.,1.));
#13538=DIRECTION('',(0.309016994374948,-0.951056516295154,0.));
#13539=DIRECTION('',(0.,0.,-1.));
#13540=DIRECTION('',(0.,0.,1.));
#13541=DIRECTION('',(1.,0.,0.));
#13542=DIRECTION('',(0.,0.,-1.));
#13543=DIRECTION('',(0.,0.,1.));
#13544=DIRECTION('',(1.,0.,0.));
#13545=DIRECTION('',(0.,0.,-1.));
#13546=DIRECTION('',(0.,0.,1.));
#13547=DIRECTION('',(1.,0.,0.));
#13548=DIRECTION('',(0.,0.,-1.));
#13549=DIRECTION('',(0.,0.,1.));
#13550=DIRECTION('',(0.309016994374948,0.951056516295154,0.));
#13551=DIRECTION('',(0.,0.,-1.));
#13552=DIRECTION('',(0.,0.,1.));
#13553=DIRECTION('',(1.,0.,0.));
#13554=DIRECTION('',(0.,0.,-1.));
#13555=DIRECTION('',(0.,0.,1.));
#13556=DIRECTION('',(-0.809016994374947,0.587785252292473,0.));
#13557=DIRECTION('',(0.,0.,-1.));
#13558=DIRECTION('',(0.,0.,1.));
#13559=DIRECTION('',(1.,0.,0.));
#13560=DIRECTION('',(0.,0.,1.));
#13561=DIRECTION('',(1.,0.,0.));
#13562=DIRECTION('',(0.857704565039234,-0.514142858659788,0.));
#13563=DIRECTION('',(0.293369986527146,-0.95599898065064,0.));
#13564=DIRECTION('',(0.,0.,1.));
#13565=DIRECTION('',(1.,0.,0.));
#13566=DIRECTION('',(0.,0.,1.));
#13567=DIRECTION('',(1.,0.,0.));
#13568=DIRECTION('',(-0.223933629284914,-0.974604396499055,0.));
#13569=DIRECTION('',(-0.818552748642878,-0.574431368998237,0.));
#13570=DIRECTION('',(0.,0.,1.));
#13571=DIRECTION('',(0.309016994374948,-0.951056516295154,0.));
#13572=DIRECTION('',(-0.99610315916143,-0.0881957839617069,0.));
#13573=DIRECTION('',(-0.799263406773094,0.600980870405597,0.));
#13574=DIRECTION('',(0.,0.,1.));
#13575=DIRECTION('',(-0.809016994374948,-0.587785252292473,0.));
#13576=DIRECTION('',(-0.391691979377996,0.920096404346277,0.));
#13577=DIRECTION('',(0.324580797293073,0.945857973497392,0.));
#13578=DIRECTION('',(0.,0.,1.));
#13579=DIRECTION('',(-0.809016994374947,0.587785252292473,0.));
#13580=DIRECTION('',(0.754024202785105,0.656846634774273,0.));
#13581=DIRECTION('',(0.999865371595753,-0.0164084942541112,0.));
#13582=DIRECTION('',(0.,0.,1.));
#13583=DIRECTION('',(1.,0.,0.));
#13584=DIRECTION('',(1.,0.,0.));
#13585=DIRECTION('',(0.,0.,-1.));
#13586=DIRECTION('',(0.,-1.,0.));
#13587=DIRECTION('',(0.,0.,-1.));
#13588=DIRECTION('',(0.,-1.,0.));
#13589=DIRECTION('',(0.,0.,-1.));
#13590=DIRECTION('',(0.,0.,-1.));
#13591=DIRECTION('',(-1.,0.,0.));
#13592=DIRECTION('',(0.,0.,1.));
#13593=DIRECTION('',(1.,0.,0.));
#13594=DIRECTION('',(0.,0.,-1.));
#13595=DIRECTION('',(0.,0.,1.));
#13596=DIRECTION('',(1.,0.,0.));
#13597=DIRECTION('',(1.,0.,0.));
#13598=DIRECTION('',(0.,0.,-1.));
#13599=DIRECTION('',(0.,-1.,0.));
#13600=DIRECTION('',(0.,0.,-1.));
#13601=DIRECTION('',(0.,-1.,0.));
#13602=DIRECTION('',(0.,0.,-1.));
#13603=DIRECTION('',(-1.,0.,0.));
#13604=DIRECTION('',(0.,0.,1.));
#13605=DIRECTION('',(1.,0.,0.));
#13606=DIRECTION('',(0.,0.,1.));
#13607=DIRECTION('',(1.,0.,0.));
#13608=DIRECTION('',(0.,0.,1.));
#13609=DIRECTION('',(1.,0.,0.));
#13610=DIRECTION('',(0.,0.,1.));
#13611=DIRECTION('',(1.,0.,0.));
#13612=DIRECTION('',(-0.920096404346277,-0.391691979377996,0.));
#13613=DIRECTION('',(0.391691979377996,-0.920096404346277,0.));
#13614=DIRECTION('',(-0.391691979377996,0.920096404346277,0.));
#13615=DIRECTION('',(0.,0.,-1.));
#13616=DIRECTION('',(-0.391691979377996,0.920096404346277,0.));
#13617=DIRECTION('',(-0.600980870405597,-0.799263406773094,0.));
#13618=DIRECTION('',(0.,0.,-1.));
#13619=DIRECTION('',(-0.799263406773094,0.600980870405597,0.));
#13620=DIRECTION('',(0.,0.,-1.));
#13621=DIRECTION('',(-0.799263406773094,0.600980870405597,0.));
#13622=DIRECTION('',(0.,0.,1.));
#13623=DIRECTION('',(-0.809016994374948,-0.587785252292473,0.));
#13624=DIRECTION('',(0.,0.,1.));
#13625=DIRECTION('',(-0.809016994374948,-0.587785252292473,0.));
#13626=DIRECTION('',(-0.799263406773094,0.600980870405597,0.));
#13627=DIRECTION('',(-0.391691979377996,0.920096404346277,0.));
#13628=DIRECTION('',(-0.799263406773093,0.600980870405597,0.));
#13629=DIRECTION('',(-0.600980870405597,-0.799263406773093,0.));
#13630=DIRECTION('',(0.799263406773093,-0.600980870405597,0.));
#13631=DIRECTION('',(0.600980870405597,0.799263406773093,0.));
#13632=DIRECTION('',(-0.391691979377996,0.920096404346277,0.));
#13633=DIRECTION('',(-0.920096404346277,-0.391691979377996,0.));
#13634=DIRECTION('',(0.391691979377996,-0.920096404346277,0.));
#13635=DIRECTION('',(0.920096404346277,0.391691979377996,0.));
#13636=DIRECTION('',(0.,0.,1.));
#13637=DIRECTION('',(1.,0.,0.));
#13638=DIRECTION('',(0.,0.,-1.));
#13639=DIRECTION('',(-1.,0.,0.));
#13640=DIRECTION('',(0.,0.,-1.));
#13641=DIRECTION('',(0.,0.,1.));
#13642=DIRECTION('',(1.,0.,0.));
#13643=DIRECTION('',(0.,0.,1.));
#13644=DIRECTION('',(1.,0.,0.));
#13645=DIRECTION('',(0.,0.,1.));
#13646=DIRECTION('',(1.,0.,0.));
#13647=DIRECTION('',(0.,0.,-1.));
#13648=DIRECTION('',(0.,0.,-1.));
#13649=DIRECTION('',(-1.,0.,0.));
#13650=DIRECTION('',(-0.656846634774273,0.754024202785105,0.));
#13651=DIRECTION('',(-0.754024202785105,-0.656846634774273,0.));
#13652=DIRECTION('',(0.754024202785105,0.656846634774273,0.));
#13653=DIRECTION('',(0.,0.,-1.));
#13654=DIRECTION('',(0.754024202785105,0.656846634774273,0.));
#13655=DIRECTION('',(-0.945857973497392,0.324580797293073,0.));
#13656=DIRECTION('',(0.,0.,-1.));
#13657=DIRECTION('',(0.324580797293073,0.945857973497392,0.));
#13658=DIRECTION('',(0.324580797293073,0.945857973497392,0.));
#13659=DIRECTION('',(0.,0.,1.));
#13660=DIRECTION('',(-0.809016994374947,0.587785252292473,0.));
#13661=DIRECTION('',(0.,0.,1.));
#13662=DIRECTION('',(-0.809016994374947,0.587785252292473,0.));
#13663=DIRECTION('',(0.324580797293073,0.945857973497392,0.));
#13664=DIRECTION('',(0.754024202785105,0.656846634774273,0.));
#13665=DIRECTION('',(0.324580797293073,0.945857973497392,0.));
#13666=DIRECTION('',(-0.945857973497392,0.324580797293073,0.));
#13667=DIRECTION('',(-0.324580797293073,-0.945857973497392,0.));
#13668=DIRECTION('',(0.945857973497392,-0.324580797293073,0.));
#13669=DIRECTION('',(0.754024202785105,0.656846634774273,0.));
#13670=DIRECTION('',(-0.656846634774273,0.754024202785105,0.));
#13671=DIRECTION('',(-0.754024202785105,-0.656846634774273,0.));
#13672=DIRECTION('',(0.656846634774273,-0.754024202785105,0.));
#13673=DIRECTION('',(0.,0.,1.));
#13674=DIRECTION('',(1.,0.,0.));
#13675=DIRECTION('',(0.,0.,1.));
#13676=DIRECTION('',(1.,0.,0.));
#13677=DIRECTION('',(0.,0.,-1.));
#13678=DIRECTION('',(0.,0.,-1.));
#13679=DIRECTION('',(-1.,0.,0.));
#13680=DIRECTION('',(0.0881957839617069,-0.996103159161429,0.));
#13681=DIRECTION('',(0.996103159161429,0.0881957839617069,0.));
#13682=DIRECTION('',(-0.99610315916143,-0.0881957839617069,0.));
#13683=DIRECTION('',(-0.99610315916143,-0.0881957839617069,0.));
#13684=DIRECTION('',(0.574431368998237,-0.818552748642878,0.));
#13685=DIRECTION('',(0.,0.,-1.));
#13686=DIRECTION('',(-0.818552748642878,-0.574431368998237,0.));
#13687=DIRECTION('',(0.,0.,-1.));
#13688=DIRECTION('',(-0.818552748642878,-0.574431368998237,0.));
#13689=DIRECTION('',(0.,0.,1.));
#13690=DIRECTION('',(0.309016994374948,-0.951056516295154,0.));
#13691=DIRECTION('',(-0.99610315916143,-0.0881957839617069,0.));
#13692=DIRECTION('',(0.,0.,1.));
#13693=DIRECTION('',(0.309016994374948,-0.951056516295154,0.));
#13694=DIRECTION('',(-0.818552748642878,-0.574431368998237,0.));
#13695=DIRECTION('',(0.99610315916143,0.0881957839617069,0.));
#13696=DIRECTION('',(-0.0881957839617069,0.996103159161429,0.));
#13697=DIRECTION('',(-0.818552748642878,-0.574431368998237,0.));
#13698=DIRECTION('',(0.574431368998237,-0.818552748642878,0.));
#13699=DIRECTION('',(0.818552748642878,0.574431368998237,0.));
#13700=DIRECTION('',(-0.574431368998237,0.818552748642878,0.));
#13701=DIRECTION('',(-0.99610315916143,-0.0881957839617069,0.));
#13702=DIRECTION('',(0.0881957839617069,-0.996103159161429,0.));
#13703=DIRECTION('',(0.,0.,1.));
#13704=DIRECTION('',(1.,0.,0.));
#13705=DIRECTION('',(0.,0.,-1.));
#13706=DIRECTION('',(-1.,0.,0.));
#13707=DIRECTION('',(0.,0.,-1.));
#13708=DIRECTION('',(0.,0.,1.));
#13709=DIRECTION('',(1.,0.,0.));
#13710=DIRECTION('',(0.974604396499055,-0.223933629284914,0.));
#13711=DIRECTION('',(0.223933629284914,0.974604396499055,0.));
#13712=DIRECTION('',(-0.223933629284914,-0.974604396499055,0.));
#13713=DIRECTION('',(0.,0.,-1.));
#13714=DIRECTION('',(-0.223933629284914,-0.974604396499055,0.));
#13715=DIRECTION('',(0.95599898065064,0.293369986527146,0.));
#13716=DIRECTION('',(0.,0.,-1.));
#13717=DIRECTION('',(0.,0.,-1.));
#13718=DIRECTION('',(0.293369986527146,-0.95599898065064,0.));
#13719=DIRECTION('',(0.293369986527146,-0.95599898065064,0.));
#13720=DIRECTION('',(0.,0.,1.));
#13721=DIRECTION('',(1.,0.,0.));
#13722=DIRECTION('',(0.,0.,1.));
#13723=DIRECTION('',(1.,0.,0.));
#13724=DIRECTION('',(0.293369986527146,-0.95599898065064,0.));
#13725=DIRECTION('',(-0.223933629284914,-0.974604396499055,0.));
#13726=DIRECTION('',(0.,0.,1.));
#13727=DIRECTION('',(1.,0.,0.));
#13728=DIRECTION('',(0.223933629284914,0.974604396499055,0.));
#13729=DIRECTION('',(-0.974604396499055,0.223933629284914,0.));
#13730=DIRECTION('',(0.158344987803077,0.689149377738704,0.707106781186548));
#13731=DIRECTION('',(0.158344987803077,0.689149377738704,-0.707106781186548));
#13732=DIRECTION('',(-0.223933629284914,-0.974604396499055,0.));
#13733=DIRECTION('',(0.974604396499055,-0.223933629284914,0.));
#13734=DIRECTION('',(-0.158344987803077,-0.689149377738704,0.707106781186548));
#13735=DIRECTION('',(-0.158344987803077,-0.689149377738704,-0.707106781186548));
#13736=DIRECTION('',(0.,0.,-1.));
#13737=DIRECTION('',(-1.,0.,0.));
#13738=DIRECTION('',(-0.293369986527146,0.95599898065064,0.));
#13739=DIRECTION('',(-0.95599898065064,-0.293369986527146,0.));
#13740=DIRECTION('',(0.293369986527146,-0.95599898065064,0.));
#13741=DIRECTION('',(0.95599898065064,0.293369986527146,0.));
#13742=DIRECTION('',(0.,0.,1.));
#13743=DIRECTION('',(1.,0.,0.));
#13744=DIRECTION('',(0.,0.,1.));
#13745=DIRECTION('',(1.,0.,0.));
#13746=DIRECTION('',(0.,0.,-1.));
#13747=DIRECTION('',(-1.,0.,0.));
#13748=DIRECTION('',(0.,0.,-1.));
#13749=DIRECTION('',(0.514142858659788,0.857704565039234,0.));
#13750=DIRECTION('',(-0.857704565039234,0.514142858659788,0.));
#13751=DIRECTION('',(0.857704565039234,-0.514142858659788,0.));
#13752=DIRECTION('',(0.857704565039234,-0.514142858659788,0.));
#13753=DIRECTION('',(0.0164084942541112,0.999865371595753,0.));
#13754=DIRECTION('',(0.,0.,-1.));
#13755=DIRECTION('',(0.999865371595753,-0.0164084942541112,0.));
#13756=DIRECTION('',(0.999865371595753,-0.0164084942541112,0.));
#13757=DIRECTION('',(0.,0.,1.));
#13758=DIRECTION('',(0.309016994374948,0.951056516295154,0.));
#13759=DIRECTION('',(0.857704565039234,-0.514142858659788,0.));
#13760=DIRECTION('',(0.,0.,-1.));
#13761=DIRECTION('',(-1.,0.,0.));
#13762=DIRECTION('',(0.999865371595753,-0.0164084942541112,0.));
#13763=DIRECTION('',(-0.857704565039234,0.514142858659788,0.));
#13764=DIRECTION('',(-0.514142858659788,-0.857704565039234,0.));
#13765=DIRECTION('',(0.999865371595753,-0.0164084942541112,0.));
#13766=DIRECTION('',(0.0164084942541112,0.999865371595753,0.));
#13767=DIRECTION('',(-0.999865371595753,0.0164084942541112,0.));
#13768=DIRECTION('',(-0.0164084942541112,-0.999865371595753,0.));
#13769=DIRECTION('',(0.857704565039234,-0.514142858659788,0.));
#13770=DIRECTION('',(0.514142858659788,0.857704565039234,0.));
#13771=DIRECTION('',(0.,0.,1.));
#13772=DIRECTION('',(1.,0.,0.));
#13773=DIRECTION('',(0.,0.,1.));
#13774=DIRECTION('',(1.,0.,0.));
#13775=DIRECTION('',(0.,0.,1.));
#13776=DIRECTION('',(1.,0.,0.));
#13777=DIRECTION('',(0.,0.,1.));
#13778=DIRECTION('',(1.,0.,0.));
#13779=DIRECTION('',(0.,0.,-1.));
#13780=DIRECTION('',(-1.,0.,0.));
#13781=DIRECTION('',(-2.77555756156289E-16,0.,-1.));
#13782=DIRECTION('',(-1.,0.,2.77555756156289E-16));
#13783=DIRECTION('',(1.,2.77333911991762E-32,-6.10622663543836E-16));
#13784=DIRECTION('',(-6.10622663543836E-16,6.10622663543836E-16,-1.));
#13785=DIRECTION('',(-3.69627624575467E-16,1.,6.2768601239956E-16));
#13786=DIRECTION('',(1.,3.69627624575467E-16,1.95509183887497E-32));
#13787=DIRECTION('',(1.,3.69627624575467E-16,8.65385153700173E-33));
#13788=DIRECTION('',(-0.707106781186547,1.82474835972485E-16,-0.707106781186548));
#13789=DIRECTION('',(-2.13192152452859E-31,6.2768601239956E-16,-1.));
#13790=DIRECTION('',(1.,3.69627624575467E-16,1.95509183887497E-32));
#13791=DIRECTION('',(-2.13192152452859E-31,6.2768601239956E-16,-1.));
#13792=DIRECTION('',(-0.707106781186547,-7.0520723567486E-16,0.707106781186548));
#13793=DIRECTION('',(-3.69627624575467E-16,1.,6.2768601239956E-16));
#13794=DIRECTION('',(-1.,-3.69627624575467E-16,8.54543584225027E-17));
#13795=DIRECTION('',(1.,3.69627624575467E-16,8.65385153700173E-33));
#13796=DIRECTION('',(-0.707106781186546,1.82474835972486E-16,-0.707106781186549));
#13797=DIRECTION('',(-8.54543584225029E-17,6.2768601239956E-16,-1.));
#13798=DIRECTION('',(-1.,-3.69627624575467E-16,8.54543584225027E-17));
#13799=DIRECTION('',(-8.54543584225029E-17,6.2768601239956E-16,-1.));
#13800=DIRECTION('',(-0.707106781186547,-7.0520723567486E-16,0.707106781186548));
#13801=DIRECTION('',(0.,0.,1.));
#13802=DIRECTION('',(1.,0.,0.));
#13803=DIRECTION('',(0.,0.,1.));
#13804=DIRECTION('',(-1.,-3.46944695195362E-16,0.));
#13805=DIRECTION('',(0.,0.,1.));
#13806=DIRECTION('',(1.,0.,0.));
#13807=DIRECTION('',(0.,0.,1.));
#13808=DIRECTION('',(-1.,-3.46944695195362E-16,0.));
#13809=DIRECTION('',(0.,0.,1.));
#13810=DIRECTION('',(1.,0.,0.));
#13811=DIRECTION('',(-1.,-3.69627624575467E-16,8.54543584225027E-17));
#13812=DIRECTION('',(0.707106781186547,-0.707106781186548,0.));
#13813=DIRECTION('',(3.69627624575467E-16,-1.,-6.2768601239956E-16));
#13814=DIRECTION('',(-0.707106781186547,-0.707106781186548,0.));
#13815=DIRECTION('',(-1.,-3.69627624575467E-16,8.54543584225027E-17));
#13816=DIRECTION('',(1.,0.,0.));
#13817=DIRECTION('',(1.,3.69627624575467E-16,1.95509183887497E-32));
#13818=DIRECTION('',(-0.707106781186548,0.707106781186547,0.));
#13819=DIRECTION('',(3.69627624575467E-16,-1.,-6.2768601239956E-16));
#13820=DIRECTION('',(0.707106781186547,0.707106781186548,0.));
#13821=DIRECTION('',(1.,3.69627624575467E-16,1.95509183887497E-32));
#13822=DIRECTION('',(0.707106781186547,-0.707106781186548,0.));
#13823=DIRECTION('',(3.69627624575467E-16,-1.,-6.2768601239956E-16));
#13824=DIRECTION('',(-0.707106781186547,-0.707106781186548,0.));
#13825=DIRECTION('',(1.,3.69627624575467E-16,1.95509183887497E-32));
#13826=DIRECTION('',(1.,0.,0.));
#13827=DIRECTION('',(-1.7347234759768E-16,1.,0.));
#13828=DIRECTION('',(-1.,-1.7347234759768E-16,0.));
#13829=DIRECTION('',(1.7347234759768E-16,-1.,0.));
#13830=DIRECTION('',(1.,0.,0.));
#13831=DIRECTION('',(-1.,-3.69627624575467E-16,8.54543584225027E-17));
#13832=DIRECTION('',(-0.707106781186547,0.707106781186548,0.));
#13833=DIRECTION('',(3.69627624575467E-16,-1.,-6.2768601239956E-16));
#13834=DIRECTION('',(0.707106781186547,0.707106781186549,0.));
#13835=DIRECTION('',(-1.7347234759768E-16,1.,0.));
#13836=DIRECTION('',(-1.,-1.7347234759768E-16,0.));
#13837=DIRECTION('',(0.,0.,1.));
#13838=DIRECTION('',(1.,1.7347234759768E-16,0.));
#13839=DIRECTION('',(0.,0.,1.));
#13840=DIRECTION('',(1.,1.7347234759768E-16,0.));
#13841=DIRECTION('',(-1.7347234759768E-16,1.,0.));
#13842=DIRECTION('',(-1.,-1.7347234759768E-16,0.));
#13843=DIRECTION('',(0.,0.,1.));
#13844=DIRECTION('',(1.,1.7347234759768E-16,0.));
#13845=DIRECTION('',(0.,0.,1.));
#13846=DIRECTION('',(-1.,-1.7347234759768E-16,0.));
#13847=DIRECTION('',(1.,1.7347234759768E-16,0.));
#13848=DIRECTION('',(-1.7347234759768E-16,1.,0.));
#13849=DIRECTION('',(1.7347234759768E-16,-1.,0.));
#13850=DIRECTION('',(-1.7347234759768E-16,1.,0.));
#13851=DIRECTION('',(0.,0.,1.));
#13852=DIRECTION('',(-1.7347234759768E-16,1.,0.));
#13853=DIRECTION('',(0.,0.,1.));
#13854=DIRECTION('',(1.,1.7347234759768E-16,0.));
#13855=DIRECTION('',(-1.7347234759768E-16,1.,0.));
#13856=DIRECTION('',(0.,0.,1.));
#13857=DIRECTION('',(-1.7347234759768E-16,1.,0.));
#13858=DIRECTION('',(1.7347234759768E-16,-1.,0.));
#13859=DIRECTION('',(0.,0.,1.));
#13860=DIRECTION('',(-1.7347234759768E-16,1.,0.));
#13861=DIRECTION('',(1.,1.7347234759768E-16,0.));
#13862=DIRECTION('',(-1.7347234759768E-16,1.,0.));
#13863=DIRECTION('',(1.7347234759768E-16,-1.,0.));
#13864=DIRECTION('',(0.,0.,1.));
#13865=DIRECTION('',(-1.7347234759768E-16,1.,0.));
#13866=DIRECTION('',(0.,0.,1.));
#13867=DIRECTION('',(-1.7347234759768E-16,1.,0.));
#13868=DIRECTION('',(1.,1.7347234759768E-16,0.));
#13869=DIRECTION('',(-1.7347234759768E-16,1.,0.));
#13870=DIRECTION('',(1.7347234759768E-16,-1.,0.));
#13871=DIRECTION('',(0.,0.,1.));
#13872=DIRECTION('',(-1.7347234759768E-16,1.,0.));
#13873=DIRECTION('',(0.,0.,1.));
#13874=DIRECTION('',(1.7347234759768E-16,-1.,0.));
#13875=DIRECTION('',(0.,0.,1.));
#13876=DIRECTION('',(1.,0.,0.));
#13877=DIRECTION('',(0.,0.,1.));
#13878=DIRECTION('',(1.,0.,0.));
#13879=DIRECTION('',(0.,0.,1.));
#13880=DIRECTION('',(1.,0.,0.));
#13881=DIRECTION('',(0.,0.,1.));
#13882=DIRECTION('',(1.,0.,0.));
#13883=DIRECTION('',(0.,0.,1.));
#13884=DIRECTION('',(1.,0.,0.));
#13885=DIRECTION('',(1.,0.,0.));
#13886=DIRECTION('',(1.,0.,0.));
#13887=DIRECTION('',(0.,0.,-1.));
#13888=DIRECTION('',(-1.,-3.46944695195362E-16,0.));
#13889=DIRECTION('',(-1.,-1.7347234759768E-16,0.));
#13890=DIRECTION('',(0.,0.,-1.));
#13891=DIRECTION('',(1.,0.,0.));
#13892=DIRECTION('',(1.,1.7347234759768E-16,0.));
#13893=DIRECTION('',(1.7347234759768E-16,-1.,0.));
#13894=DIRECTION('',(-1.,-1.7347234759768E-16,0.));
#13895=DIRECTION('',(1.,1.7347234759768E-16,0.));
#13896=DIRECTION('',(1.7347234759768E-16,-1.,0.));
#13897=DIRECTION('',(-1.,-1.7347234759768E-16,0.));
#13898=DIRECTION('',(-1.,-1.7347234759768E-16,0.));
#13899=DIRECTION('',(0.,0.,-1.));
#13900=DIRECTION('',(1.,3.46944695195362E-16,0.));
#13901=DIRECTION('',(1.,1.7347234759768E-16,0.));
#13902=DIRECTION('',(0.,0.,-1.));
#13903=DIRECTION('',(-1.,4.93038065763132E-32,0.));
#13904=DIRECTION('',(-1.,-1.7347234759768E-16,0.));
#13905=DIRECTION('',(0.,0.,-1.));
#13906=DIRECTION('',(1.,3.46944695195362E-16,0.));
#13907=DIRECTION('',(0.,0.,1.));
#13908=DIRECTION('',(-1.,-3.46944695195362E-16,0.));
#13909=DIRECTION('',(0.,0.,-1.));
#13910=DIRECTION('',(1.,3.46944695195362E-16,0.));
#13911=DIRECTION('',(0.,0.,1.));
#13912=DIRECTION('',(-1.,-3.46944695195362E-16,0.));
#13913=DIRECTION('',(-1.7347234759768E-16,1.,0.));
#13914=DIRECTION('',(-1.,-1.7347234759768E-16,0.));
#13915=DIRECTION('',(0.707106781186547,1.2266347333467E-16,-0.707106781186548));
#13916=DIRECTION('',(1.,3.69627624575467E-16,1.95509183887497E-32));
#13917=DIRECTION('',(1.,0.,0.));
#13918=DIRECTION('',(1.,3.69627624575467E-16,1.95509183887497E-32));
#13919=DIRECTION('',(-1.,-3.69627624575467E-16,8.54543584225027E-17));
#13920=DIRECTION('',(1.,0.,0.));
#13921=DIRECTION('',(-1.,-3.69627624575467E-16,8.54543584225027E-17));
#13922=DIRECTION('',(-0.707106781186547,-1.2266347333467E-16,-0.707106781186548));
#13923=DIRECTION('',(-0.707106781186548,-1.2266347333467E-16,0.707106781186547));
#13924=DIRECTION('',(1.7347234759768E-16,-1.,0.));
#13925=DIRECTION('',(0.577350269189625,-0.577350269189627,0.577350269189626));
#13926=DIRECTION('',(1.2266347333467E-16,-0.707106781186547,-0.707106781186548));
#13927=DIRECTION('',(1.,1.7347234759768E-16,0.));
#13928=DIRECTION('',(0.577350269189625,0.577350269189627,-0.577350269189626));
#13929=DIRECTION('',(-0.707106781186548,-1.2266347333467E-16,-0.707106781186547));
#13930=DIRECTION('',(-1.7347234759768E-16,1.,0.));
#13931=DIRECTION('',(2.61366199851188E-16,-0.707106781186547,0.707106781186548));
#13932=DIRECTION('',(-1.,-3.69627624575467E-16,-1.95509183887497E-32));
#13933=DIRECTION('',(2.61366199851188E-16,-0.707106781186548,-0.707106781186548));
#13934=DIRECTION('',(1.,3.69627624575467E-16,1.95509183887497E-32));
#13935=DIRECTION('',(-2.61366199851188E-16,0.707106781186548,0.707106781186548));
#13936=DIRECTION('',(-1.,-3.69627624575467E-16,-1.95509183887497E-32));
#13937=DIRECTION('',(3.69627624575467E-16,-1.,-6.2768601239956E-16));
#13938=DIRECTION('',(-1.,-3.69627624575467E-16,-1.95509183887497E-32));
#13939=DIRECTION('',(2.5839265356479E-31,-6.2768601239956E-16,1.));
#13940=DIRECTION('',(1.,3.69627624575467E-16,1.95509183887497E-32));
#13941=DIRECTION('',(2.5839265356479E-31,-6.2768601239956E-16,1.));
#13942=DIRECTION('',(-2.12459171353747E-31,6.2768601239956E-16,-1.));
#13943=DIRECTION('',(3.08395284618099E-16,-1.,-6.2768601239956E-16));
#13944=DIRECTION('',(-3.69627624575467E-16,1.,6.2768601239956E-16));
#13945=DIRECTION('',(1.,3.69627624575467E-16,1.95509183887497E-32));
#13946=DIRECTION('',(-3.69627624575467E-16,1.,6.2768601239956E-16));
#13947=DIRECTION('',(3.69627624575467E-16,-1.,-6.2768601239956E-16));
#13948=DIRECTION('',(-1.,-3.69627624575467E-16,-1.95509183887497E-32));
#13949=DIRECTION('',(2.5839265356479E-31,-6.2768601239956E-16,1.));
#13950=DIRECTION('',(2.5839265356479E-31,-6.2768601239956E-16,1.));
#13951=DIRECTION('',(1.,3.69627624575467E-16,1.95509183887497E-32));
#13952=DIRECTION('',(1.,3.69627624575467E-16,-2.63825638222939E-32));
#13953=DIRECTION('',(3.69627624575467E-16,-1.,1.22464679914735E-16));
#13954=DIRECTION('',(-3.69627624575467E-16,1.,6.2768601239956E-16));
#13955=DIRECTION('',(2.5839265356479E-31,-6.2768601239956E-16,1.));
#13956=DIRECTION('',(-3.69627624575467E-16,1.,6.2768601239956E-16));
#13957=DIRECTION('',(1.,3.69627624575467E-16,-2.63825638222939E-32));
#13958=DIRECTION('',(3.69627624575467E-16,-1.,1.22464679914735E-16));
#13959=DIRECTION('',(-3.69627624575467E-16,1.,6.2768601239956E-16));
#13960=DIRECTION('',(2.5839265356479E-31,-6.2768601239956E-16,1.));
#13961=DIRECTION('',(-3.69627624575467E-16,1.,6.2768601239956E-16));
#13962=DIRECTION('',(3.69627624575467E-16,-1.,-6.2768601239956E-16));
#13963=DIRECTION('',(-1.,-3.69627624575467E-16,-1.95509183887497E-32));
#13964=DIRECTION('',(1.,3.69627624575467E-16,1.95509183887497E-32));
#13965=DIRECTION('',(-4.27271792112516E-17,6.2768601239956E-16,-1.));
#13966=DIRECTION('',(-1.,-3.69627624575467E-16,-1.88179372896374E-32));
#13967=DIRECTION('',(-3.69627624575467E-16,1.,-1.22464679914735E-16));
#13968=DIRECTION('',(-3.69627624575467E-16,1.,6.2768601239956E-16));
#13969=DIRECTION('',(2.13192152452859E-31,-6.2768601239956E-16,1.));
#13970=DIRECTION('',(-3.69627624575467E-16,1.,6.27686012399559E-16));
#13971=DIRECTION('',(-2.12459171353747E-31,6.2768601239956E-16,-1.));
#13972=DIRECTION('',(3.08395284618099E-16,-1.,-6.2768601239956E-16));
#13973=DIRECTION('',(1.,3.69627624575467E-16,1.95509183887497E-32));
#13974=DIRECTION('',(0.707106781186547,0.707106781186548,4.43841035823672E-16));
#13975=DIRECTION('',(-3.69627624575467E-16,1.,6.2768601239956E-16));
#13976=DIRECTION('',(0.707106781186548,-0.707106781186547,-4.43841035823672E-16));
#13977=DIRECTION('',(-1.,-3.69627624575467E-16,-1.88179372896374E-32));
#13978=DIRECTION('',(-3.69627624575467E-16,1.,-1.22464679914735E-16));
#13979=DIRECTION('',(3.69627624575467E-16,-1.,-6.2768601239956E-16));
#13980=DIRECTION('',(-1.97399006696194E-31,5.84958833188308E-16,-1.));
#13981=DIRECTION('',(-3.69627624575467E-16,1.,6.2768601239956E-16));
#13982=DIRECTION('',(1.,3.69627624575467E-16,1.95509183887497E-32));
#13983=DIRECTION('',(-8.54543584225029E-17,6.2768601239956E-16,-1.));
#13984=DIRECTION('',(1.,3.69627624575467E-16,1.95509183887497E-32));
#13985=DIRECTION('',(-8.54543584225029E-17,6.2768601239956E-16,-1.));
#13986=DIRECTION('',(-1.74671528352543E-31,6.2768601239956E-16,-1.));
#13987=DIRECTION('',(4.27271792112516E-17,-6.2768601239956E-16,1.));
#13988=DIRECTION('',(-1.,-3.69627624575467E-16,-5.73385613899531E-32));
#13989=DIRECTION('',(-3.69627624575467E-16,1.,-1.22464679914735E-16));
#13990=DIRECTION('',(3.69627624575467E-16,-1.,-6.2768601239956E-16));
#13991=DIRECTION('',(-1.74671528352543E-31,6.2768601239956E-16,-1.));
#13992=DIRECTION('',(1.74671528352543E-31,-6.2768601239956E-16,1.));
#13993=DIRECTION('',(1.,3.69627624575467E-16,-4.27271792112513E-17));
#13994=DIRECTION('',(3.69627624575467E-16,-1.,1.22464679914735E-16));
#13995=DIRECTION('',(-3.69627624575467E-16,1.,6.2768601239956E-16));
#13996=DIRECTION('',(-4.27271792112516E-17,6.2768601239956E-16,-1.));
#13997=DIRECTION('',(4.27271792112516E-17,-6.2768601239956E-16,1.));
#13998=DIRECTION('',(3.69627624575467E-16,-1.,-6.2768601239956E-16));
#13999=DIRECTION('',(-1.,-3.69627624575467E-16,-1.95509183887497E-32));
#14000=DIRECTION('',(1.74671528352543E-31,-6.2768601239956E-16,1.));
#14001=DIRECTION('',(2.12459171353747E-31,-6.2768601239956E-16,1.));
#14002=DIRECTION('',(-3.08395284618099E-16,1.,6.2768601239956E-16));
#14003=DIRECTION('',(3.21791556173685E-16,-0.707106781186547,0.707106781186548));
#14004=DIRECTION('',(1.,3.69627624575467E-16,-8.54543584225027E-17));
#14005=DIRECTION('',(2.0094084352869E-16,-0.707106781186548,-0.707106781186548));
#14006=DIRECTION('',(1.,3.69627624575467E-16,-8.54543584225027E-17));
#14007=DIRECTION('',(-2.0094084352869E-16,0.707106781186548,0.707106781186548));
#14008=DIRECTION('',(-1.,-3.69627624575467E-16,8.54543584225027E-17));
#14009=DIRECTION('',(3.69627624575467E-16,-1.,-6.2768601239956E-16));
#14010=DIRECTION('',(1.,3.69627624575467E-16,-8.54543584225027E-17));
#14011=DIRECTION('',(8.54543584225029E-17,-6.2768601239956E-16,1.));
#14012=DIRECTION('',(8.54543584225029E-17,-6.2768601239956E-16,1.));
#14013=DIRECTION('',(-1.,-3.69627624575467E-16,8.54543584225027E-17));
#14014=DIRECTION('',(-8.54543584225029E-17,6.2768601239956E-16,-1.));
#14015=DIRECTION('',(4.30859964532835E-16,-1.,-6.2768601239956E-16));
#14016=DIRECTION('',(-3.69627624575467E-16,1.,6.2768601239956E-16));
#14017=DIRECTION('',(-3.69627624575467E-16,1.,6.2768601239956E-16));
#14018=DIRECTION('',(-1.,-3.69627624575467E-16,8.54543584225027E-17));
#14019=DIRECTION('',(3.69627624575467E-16,-1.,-6.2768601239956E-16));
#14020=DIRECTION('',(1.,3.69627624575467E-16,-8.54543584225027E-17));
#14021=DIRECTION('',(8.54543584225029E-17,-6.2768601239956E-16,1.));
#14022=DIRECTION('',(-1.,-3.69627624575467E-16,8.54543584225027E-17));
#14023=DIRECTION('',(8.54543584225029E-17,-6.2768601239956E-16,1.));
#14024=DIRECTION('',(-1.,-3.69627624575467E-16,8.54543584225027E-17));
#14025=DIRECTION('',(3.69627624575467E-16,-1.,1.22464679914735E-16));
#14026=DIRECTION('',(-3.69627624575467E-16,1.,6.2768601239956E-16));
#14027=DIRECTION('',(8.54543584225029E-17,-6.2768601239956E-16,1.));
#14028=DIRECTION('',(-3.69627624575467E-16,1.,6.2768601239956E-16));
#14029=DIRECTION('',(-1.,-3.69627624575467E-16,8.54543584225027E-17));
#14030=DIRECTION('',(3.69627624575467E-16,-1.,1.22464679914735E-16));
#14031=DIRECTION('',(-3.69627624575467E-16,1.,6.2768601239956E-16));
#14032=DIRECTION('',(8.54543584225029E-17,-6.2768601239956E-16,1.));
#14033=DIRECTION('',(-3.69627624575467E-16,1.,6.2768601239956E-16));
#14034=DIRECTION('',(3.69627624575467E-16,-1.,-6.2768601239956E-16));
#14035=DIRECTION('',(1.,3.69627624575467E-16,-8.54543584225027E-17));
#14036=DIRECTION('',(4.27271792112516E-17,-6.2768601239956E-16,1.));
#14037=DIRECTION('',(-1.,-3.69627624575467E-16,8.54543584225027E-17));
#14038=DIRECTION('',(1.,3.69627624575467E-16,-8.54543584225027E-17));
#14039=DIRECTION('',(-3.69627624575467E-16,1.,-1.22464679914735E-16));
#14040=DIRECTION('',(3.69627624575467E-16,-1.,-6.2768601239956E-16));
#14041=DIRECTION('',(-8.54543584225029E-17,6.2768601239956E-16,-1.));
#14042=DIRECTION('',(-3.69627624575467E-16,1.,6.2768601239956E-16));
#14043=DIRECTION('',(-8.54543584225029E-17,6.2768601239956E-16,-1.));
#14044=DIRECTION('',(4.30859964532835E-16,-1.,-6.2768601239956E-16));
#14045=DIRECTION('',(0.707106781186547,-0.707106781186548,-5.0426639214617E-16));
#14046=DIRECTION('',(-1.,-3.69627624575467E-16,8.54543584225027E-17));
#14047=DIRECTION('',(0.707106781186547,0.707106781186548,3.83415679501175E-16));
#14048=DIRECTION('',(-3.69627624575467E-16,1.,6.2768601239956E-16));
#14049=DIRECTION('',(1.,3.69627624575467E-16,-8.54543584225027E-17));
#14050=DIRECTION('',(-3.69627624575467E-16,1.,-1.22464679914735E-16));
#14051=DIRECTION('',(8.54543584225029E-17,-5.84958833188308E-16,1.));
#14052=DIRECTION('',(-3.69627624575467E-16,1.,6.2768601239956E-16));
#14053=DIRECTION('',(-3.69627624575467E-16,1.,6.2768601239956E-16));
#14054=DIRECTION('',(-1.,-3.69627624575467E-16,8.54543584225027E-17));
#14055=DIRECTION('',(-8.54543584225029E-17,6.2768601239956E-16,-1.));
#14056=DIRECTION('',(1.,3.69627624575467E-16,-8.54543584225027E-17));
#14057=DIRECTION('',(-8.54543584225029E-17,6.2768601239956E-16,-1.));
#14058=DIRECTION('',(-4.27271792112516E-17,6.2768601239956E-16,-1.));
#14059=DIRECTION('',(8.5454358422503E-17,-6.2768601239956E-16,1.));
#14060=DIRECTION('',(1.,3.69627624575467E-16,-8.54543584225027E-17));
#14061=DIRECTION('',(-3.69627624575467E-16,1.,-1.22464679914735E-16));
#14062=DIRECTION('',(8.5454358422503E-17,-6.2768601239956E-16,1.));
#14063=DIRECTION('',(-3.69627624575467E-16,1.,6.2768601239956E-16));
#14064=DIRECTION('',(-8.5454358422503E-17,6.2768601239956E-16,-1.));
#14065=DIRECTION('',(-1.,-3.69627624575467E-16,4.27271792112513E-17));
#14066=DIRECTION('',(3.69627624575467E-16,-1.,1.22464679914735E-16));
#14067=DIRECTION('',(4.27271792112516E-17,-6.2768601239956E-16,1.));
#14068=DIRECTION('',(3.69627624575467E-16,-1.,-6.2768601239956E-16));
#14069=DIRECTION('',(-4.27271792112516E-17,6.2768601239956E-16,-1.));
#14070=DIRECTION('',(3.69627624575467E-16,-1.,-6.2768601239956E-16));
#14071=DIRECTION('',(1.,3.69627624575467E-16,-8.54543584225027E-17));
#14072=DIRECTION('',(-8.5454358422503E-17,6.2768601239956E-16,-1.));
#14073=DIRECTION('',(8.54543584225029E-17,-6.2768601239956E-16,1.));
#14074=DIRECTION('',(-4.30859964532835E-16,1.,6.2768601239956E-16));
#14075=DIRECTION('',(0.,0.,1.));
#14076=DIRECTION('',(1.,0.,0.));
#14077=DIRECTION('',(0.,0.,-1.));
#14078=DIRECTION('',(-1.,0.,0.));
#14079=DIRECTION('',(0.,0.,-1.));
#14080=DIRECTION('',(1.,0.,0.));
#14081=DIRECTION('',(0.,0.,-1.));
#14082=DIRECTION('',(-1.,0.,0.));
#14083=DIRECTION('',(0.,0.,1.));
#14084=DIRECTION('',(1.,0.,0.));
#14085=DIRECTION('',(0.,0.,-1.));
#14086=DIRECTION('',(-1.,0.,0.));
#14087=DIRECTION('',(0.,0.,-1.));
#14088=DIRECTION('',(1.,0.,0.));
#14089=DIRECTION('',(0.,0.,-1.));
#14090=DIRECTION('',(-1.,0.,0.));
#14091=DIRECTION('',(0.,0.,1.));
#14092=DIRECTION('',(1.,0.,0.));
#14093=DIRECTION('',(0.,0.,-1.));
#14094=DIRECTION('',(-1.,0.,0.));
#14095=DIRECTION('',(0.,0.,-1.));
#14096=DIRECTION('',(1.,0.,0.));
#14097=DIRECTION('',(0.,0.,1.));
#14098=DIRECTION('',(1.,0.,0.));
#14099=DIRECTION('',(0.,0.,-1.));
#14100=DIRECTION('',(-1.,0.,0.));
#14101=DIRECTION('',(0.,0.,-1.));
#14102=DIRECTION('',(1.,0.,0.));
#14103=DIRECTION('',(2.12459171353747E-31,-6.2768601239956E-16,1.));
#14104=DIRECTION('',(-3.08395284618099E-16,1.,6.2768601239956E-16));
#14105=DIRECTION('',(0.,0.,-1.));
#14106=DIRECTION('',(-1.,0.,0.));
#14107=DIRECTION('',(0.,0.,-1.));
#14108=DIRECTION('',(1.,0.,0.));
#14109=DIRECTION('',(8.54543584225029E-17,-6.2768601239956E-16,1.));
#14110=DIRECTION('',(-4.30859964532835E-16,1.,6.2768601239956E-16));
#14111=DIRECTION('',(0.,0.,-1.));
#14112=DIRECTION('',(-1.,0.,0.));
#14113=DIRECTION('',(0.,0.,-1.));
#14114=DIRECTION('',(1.,0.,0.));
#14115=DIRECTION('',(0.,0.,-1.));
#14116=DIRECTION('',(-1.,0.,0.));
#14117=DIRECTION('',(0.,0.,1.));
#14118=DIRECTION('',(1.,0.,0.));
#14119=DIRECTION('',(0.,0.,1.));
#14120=DIRECTION('',(1.,0.,0.));
#14121=DIRECTION('',(0.,0.,1.));
#14122=DIRECTION('',(1.,0.,0.));
#14123=DIRECTION('',(0.,0.,1.));
#14124=DIRECTION('',(1.,0.,0.));
#14125=DIRECTION('',(0.,0.,-1.));
#14126=DIRECTION('',(-1.,0.,0.));
#14127=DIRECTION('',(0.,0.,1.));
#14128=DIRECTION('',(1.,0.,0.));
#14129=DIRECTION('',(0.,0.,1.));
#14130=DIRECTION('',(1.,0.,0.));
#14131=DIRECTION('',(0.,0.,1.));
#14132=DIRECTION('',(1.,0.,0.));
#14133=DIRECTION('',(0.,0.,1.));
#14134=DIRECTION('',(1.,0.,0.));
#14135=DIRECTION('',(0.,0.,1.));
#14136=DIRECTION('',(1.,0.,0.));
#14137=DIRECTION('',(0.,0.,1.));
#14138=DIRECTION('',(1.,0.,0.));
#14139=DIRECTION('',(0.,0.,-1.));
#14140=DIRECTION('',(-1.,0.,0.));
#14141=DIRECTION('',(0.,0.,1.));
#14142=DIRECTION('',(1.,0.,0.));
#14143=DIRECTION('',(0.,0.,1.));
#14144=DIRECTION('',(1.,0.,0.));
#14145=DIRECTION('',(0.,0.,1.));
#14146=DIRECTION('',(1.,0.,0.));
#14147=DIRECTION('',(0.,0.,-1.));
#14148=DIRECTION('',(-1.,0.,0.));
#14149=DIRECTION('',(0.,0.,1.));
#14150=DIRECTION('',(1.,0.,0.));
#14151=DIRECTION('',(-0.707106781186549,0.707106781186547,5.04266392146169E-16));
#14152=DIRECTION('',(-8.5454358422503E-17,6.2768601239956E-16,-1.));
#14153=DIRECTION('',(0.577350269189624,0.577350269189626,0.577350269189627));
#14154=DIRECTION('',(-0.707106781186549,-7.05207235674859E-16,0.707106781186546));
#14155=DIRECTION('',(-3.69627624575467E-16,1.,6.2768601239956E-16));
#14156=DIRECTION('',(0.577350269189625,-0.577350269189626,0.577350269189627));
#14157=DIRECTION('',(3.69627624575467E-16,-1.,-6.2768601239956E-16));
#14158=DIRECTION('',(-0.707106781186548,-0.707106781186547,-3.83415679501174E-16));
#14159=DIRECTION('',(-8.5454358422503E-17,6.2768601239956E-16,-1.));
#14160=DIRECTION('',(0.707106781186548,-0.707106781186547,-4.7405371398492E-16));
#14161=DIRECTION('',(4.27271792112516E-17,-6.2768601239956E-16,1.));
#14162=DIRECTION('',(-0.577350269189625,-0.577350269189627,0.577350269189626));
#14163=DIRECTION('',(0.707106781186548,-1.82474835972483E-16,0.707106781186547));
#14164=DIRECTION('',(-3.69627624575467E-16,1.,6.2768601239956E-16));
#14165=DIRECTION('',(-0.577350269189626,0.577350269189626,0.577350269189626));
#14166=DIRECTION('',(-3.69627624575467E-16,1.,6.2768601239956E-16));
#14167=DIRECTION('',(0.707106781186548,0.707106781186547,4.13628357662423E-16));
#14168=DIRECTION('',(4.27271792112516E-17,-6.2768601239956E-16,1.));
#14169=DIRECTION('',(0.707106781186548,0.707106781186547,4.43841035823672E-16));
#14170=DIRECTION('',(-1.74671528352543E-31,6.2768601239956E-16,-1.));
#14171=DIRECTION('',(0.577350269189626,-0.577350269189626,-0.577350269189626));
#14172=DIRECTION('',(0.707106781186548,-1.82474835972483E-16,0.707106781186547));
#14173=DIRECTION('',(-3.69627624575467E-16,1.,6.2768601239956E-16));
#14174=DIRECTION('',(0.577350269189625,0.577350269189627,-0.577350269189626));
#14175=DIRECTION('',(-3.69627624575467E-16,1.,6.2768601239956E-16));
#14176=DIRECTION('',(0.707106781186548,-0.707106781186547,-4.43841035823672E-16));
#14177=DIRECTION('',(-1.74671528352543E-31,6.2768601239956E-16,-1.));
#14178=DIRECTION('',(-0.707106781186547,-0.707106781186548,-4.13628357662424E-16));
#14179=DIRECTION('',(4.27271792112516E-17,-6.2768601239956E-16,1.));
#14180=DIRECTION('',(-0.577350269189626,0.577350269189626,-0.577350269189626));
#14181=DIRECTION('',(-0.707106781186548,-7.0520723567486E-16,0.707106781186547));
#14182=DIRECTION('',(-3.69627624575467E-16,1.,6.2768601239956E-16));
#14183=DIRECTION('',(3.69627624575467E-16,-1.,-6.2768601239956E-16));
#14184=DIRECTION('',(-0.577350269189625,-0.577350269189626,-0.577350269189627));
#14185=DIRECTION('',(-0.707106781186548,0.707106781186547,4.74053713984921E-16));
#14186=DIRECTION('',(4.27271792112516E-17,-6.2768601239956E-16,1.));
#14187=DIRECTION('',(0.,0.,1.));
#14188=DIRECTION('',(1.,0.,0.));
#14189=DIRECTION('',(0.,0.,1.));
#14190=DIRECTION('',(1.,0.,0.));
#14191=DIRECTION('',(0.,0.,1.));
#14192=DIRECTION('',(1.,0.,0.));
#14193=DIRECTION('',(0.,0.,1.));
#14194=DIRECTION('',(1.,0.,0.));
#14195=DIRECTION('',(1.,3.69627624575467E-16,-8.54543584225027E-17));
#14196=DIRECTION('',(-3.69627624575467E-16,1.,0.));
#14197=DIRECTION('',(-8.54543584225029E-17,6.2768601239956E-16,-1.));
#14198=DIRECTION('',(-3.69627624575467E-16,1.,6.2768601239956E-16));
#14199=DIRECTION('',(-3.69627624575467E-16,1.,6.2768601239956E-16));
#14200=DIRECTION('',(-1.,-3.69627624575467E-16,8.54543584225027E-17));
#14201=DIRECTION('',(3.69627624575467E-16,-1.,0.));
#14202=DIRECTION('',(3.69627624575467E-16,-1.,-6.2768601239956E-16));
#14203=DIRECTION('',(-8.54543584225029E-17,6.2768601239956E-16,-1.));
#14204=DIRECTION('',(-3.69627624575467E-16,1.,6.2768601239956E-16));
#14205=DIRECTION('',(8.54543584225029E-17,-6.2768601239956E-16,1.));
#14206=DIRECTION('',(-4.30859964532835E-16,1.,6.2768601239956E-16));
#14207=DIRECTION('',(-1.,-3.69627624575467E-16,8.54543584225027E-17));
#14208=DIRECTION('',(3.69627624575467E-16,-1.,-6.2768601239956E-16));
#14209=DIRECTION('',(-1.,-3.69627624575467E-16,8.54543584225027E-17));
#14210=DIRECTION('',(-3.69627624575467E-16,1.,6.2768601239956E-16));
#14211=DIRECTION('',(-1.,-3.69627624575467E-16,8.54543584225027E-17));
#14212=DIRECTION('',(3.69627624575467E-16,-1.,0.));
#14213=DIRECTION('',(3.69627624575467E-16,-1.,-6.2768601239956E-16));
#14214=DIRECTION('',(-1.34390891812134E-31,-6.2768601239956E-16,1.));
#14215=DIRECTION('',(-3.69627624575467E-16,1.,6.2768601239956E-16));
#14216=DIRECTION('',(1.,3.69627624575467E-16,-8.54543584225027E-17));
#14217=DIRECTION('',(-3.69627624575467E-16,1.,0.));
#14218=DIRECTION('',(-1.34390891812134E-31,-6.2768601239956E-16,1.));
#14219=DIRECTION('',(-3.69627624575467E-16,1.,6.2768601239956E-16));
#14220=DIRECTION('',(-3.69627624575467E-16,1.,6.2768601239956E-16));
#14221=DIRECTION('',(2.12459171353747E-31,-6.2768601239956E-16,1.));
#14222=DIRECTION('',(-3.08395284618099E-16,1.,6.2768601239956E-16));
#14223=DIRECTION('',(1.,3.69627624575467E-16,8.65385153700173E-33));
#14224=DIRECTION('',(-3.69627624575467E-16,1.,6.2768601239956E-16));
#14225=DIRECTION('',(-1.,-3.69627624575467E-16,-1.95509183887497E-32));
#14226=DIRECTION('',(3.69627624575467E-16,-1.,-6.2768601239956E-16));
#14227=DIRECTION('',(2.23356238205495E-31,-6.2768601239956E-16,1.));
#14228=DIRECTION('',(0.,-1.,-6.2768601239956E-16));
#14229=DIRECTION('',(1.,3.69627624575467E-16,8.65385153700173E-33));
#14230=DIRECTION('',(3.69627624575467E-16,-1.,-6.2768601239956E-16));
#14231=DIRECTION('',(1.,3.69627624575467E-16,2.32010089742496E-31));
#14232=DIRECTION('',(-0.707106781186548,1.82474835972484E-16,-0.707106781186547));
#14233=DIRECTION('',(-0.707106781186547,-7.0520723567486E-16,0.707106781186548));
#14234=DIRECTION('',(2.23356238205495E-31,-6.2768601239956E-16,1.));
#14235=DIRECTION('',(0.,-1.,-6.2768601239956E-16));
#14236=DIRECTION('',(1.,3.69627624575467E-16,8.65385153700173E-33));
#14237=DIRECTION('',(3.69627624575467E-16,-1.,-6.2768601239956E-16));
#14238=DIRECTION('',(1.,3.69627624575467E-16,2.32010089742496E-31));
#14239=DIRECTION('',(-0.707106781186547,-7.0520723567486E-16,0.707106781186548));
#14240=DIRECTION('',(-0.707106781186547,1.82474835972485E-16,-0.707106781186548));
#14241=DIRECTION('',(0.707106781186548,-1.82474835972483E-16,0.707106781186547));
#14242=DIRECTION('',(3.69627624575467E-16,-1.,-6.2768601239956E-16));
#14243=DIRECTION('',(0.577350269189625,0.577350269189626,-0.577350269189626));
#14244=DIRECTION('',(2.0094084352869E-16,-0.707106781186547,-0.707106781186548));
#14245=DIRECTION('',(-1.,-3.69627624575467E-16,8.54543584225027E-17));
#14246=DIRECTION('',(-0.577350269189626,0.577350269189626,-0.577350269189626));
#14247=DIRECTION('',(-0.707106781186547,-7.0520723567486E-16,0.707106781186548));
#14248=DIRECTION('',(-3.69627624575467E-16,1.,6.2768601239956E-16));
#14249=DIRECTION('',(-0.707106781186548,-7.0520723567486E-16,0.707106781186547));
#14250=DIRECTION('',(-3.69627624575467E-16,1.,6.2768601239956E-16));
#14251=DIRECTION('',(0.577350269189626,-0.577350269189625,0.577350269189626));
#14252=DIRECTION('',(2.61366199851188E-16,-0.707106781186548,-0.707106781186547));
#14253=DIRECTION('',(1.,3.69627624575467E-16,1.95509183887497E-32));
#14254=DIRECTION('',(-0.577350269189626,-0.577350269189626,0.577350269189626));
#14255=DIRECTION('',(0.707106781186548,-1.82474835972483E-16,0.707106781186547));
#14256=DIRECTION('',(3.69627624575467E-16,-1.,-6.2768601239956E-16));
#14257=DIRECTION('',(0.,0.,1.));
#14258=DIRECTION('',(1.,0.,0.));
#14259=DIRECTION('',(-1.,6.12323399573682E-17,7.50150692314295E-16));
#14260=DIRECTION('',(7.50150692314295E-16,7.50150692314295E-16,1.));
#14261=DIRECTION('',(6.12323399573677E-17,1.,-7.50150692314295E-16));
#14262=DIRECTION('',(-7.50150692314295E-16,-7.50150692314295E-16,-1.));
#14263=DIRECTION('',(6.12323399573677E-17,1.,-7.50150692314295E-16));
#14264=DIRECTION('',(-7.50150692314295E-16,-7.50150692314295E-16,-1.));
#14265=DIRECTION('',(6.12323399573677E-17,1.,-7.50150692314295E-16));
#14266=DIRECTION('',(-7.50150692314295E-16,-7.50150692314295E-16,-1.));
#14267=DIRECTION('',(1.,-6.12323399573682E-17,-7.50150692314295E-16));
#14268=DIRECTION('',(-7.50150692314295E-16,-7.50150692314295E-16,-1.));
#14269=DIRECTION('',(1.,-6.12323399573682E-17,-7.50150692314295E-16));
#14270=DIRECTION('',(-1.,6.12323399573682E-17,7.50150692314295E-16));
#14271=DIRECTION('',(7.50150692314295E-16,7.50150692314295E-16,1.));
#14272=DIRECTION('',(6.12323399573677E-17,1.,-7.50150692314295E-16));
#14273=DIRECTION('',(-7.50150692314295E-16,-7.50150692314295E-16,-1.));
#14274=DIRECTION('',(6.12323399573677E-17,1.,-7.50150692314295E-16));
#14275=DIRECTION('',(6.12323399573677E-17,1.,-7.50150692314295E-16));
#14276=DIRECTION('',(-7.50150692314295E-16,-7.50150692314295E-16,-1.));
#14277=DIRECTION('',(1.,-6.12323399573682E-17,-7.50150692314295E-16));
#14278=DIRECTION('',(1.,-6.12323399573682E-17,-7.50150692314295E-16));
#14279=DIRECTION('',(7.50150692314295E-16,7.50150692314295E-16,1.));
#14280=DIRECTION('',(6.12323399573677E-17,1.,-7.50150692314295E-16));
#14281=DIRECTION('',(7.50150692314295E-16,7.50150692314295E-16,1.));
#14282=DIRECTION('',(1.,0.,-7.50150692314295E-16));
#14283=DIRECTION('',(7.50150692314295E-16,7.50150692314295E-16,1.));
#14284=DIRECTION('',(6.12323399573677E-17,1.,-7.50150692314295E-16));
#14285=DIRECTION('',(-7.50150692314295E-16,-7.50150692314295E-16,-1.));
#14286=DIRECTION('',(-1.,0.,7.50150692314295E-16));
#14287=DIRECTION('',(7.50150692314295E-16,7.50150692314295E-16,1.));
#14288=DIRECTION('',(1.,0.,-7.50150692314295E-16));
#14289=DIRECTION('',(7.50150692314295E-16,7.50150692314295E-16,1.));
#14290=DIRECTION('',(1.,-5.62726061179616E-31,-7.50150692314295E-16));
#14291=DIRECTION('',(0.,0.,1.));
#14292=DIRECTION('',(1.,0.,0.));
#14293=DIRECTION('',(-1.11022302462515E-16,1.,7.21644966006352E-16));
#14294=DIRECTION('',(2.77555756156289E-16,-7.21644966006352E-16,1.));
#14295=DIRECTION('',(1.,-6.12323399573672E-17,6.64696333891792E-16));
#14296=DIRECTION('',(-6.64696333891792E-16,7.50150692314295E-16,1.));
#14297=DIRECTION('',(6.12323399573677E-17,1.,-7.50150692314295E-16));
#14298=DIRECTION('',(6.64696333891792E-16,-7.50150692314295E-16,-1.));
#14299=DIRECTION('',(6.12323399573677E-17,1.,-7.50150692314295E-16));
#14300=DIRECTION('',(6.64696333891792E-16,-7.50150692314295E-16,-1.));
#14301=DIRECTION('',(6.12323399573677E-17,1.,-7.50150692314295E-16));
#14302=DIRECTION('',(6.64696333891792E-16,-7.50150692314295E-16,-1.));
#14303=DIRECTION('',(-1.,6.12323399573672E-17,-6.64696333891792E-16));
#14304=DIRECTION('',(-1.,6.12323399573672E-17,-6.64696333891792E-16));
#14305=DIRECTION('',(6.64696333891792E-16,-7.50150692314295E-16,-1.));
#14306=DIRECTION('',(1.,-6.12323399573672E-17,6.64696333891792E-16));
#14307=DIRECTION('',(-6.64696333891792E-16,7.50150692314295E-16,1.));
#14308=DIRECTION('',(6.12323399573677E-17,1.,-7.50150692314295E-16));
#14309=DIRECTION('',(6.12323399573677E-17,1.,-7.50150692314295E-16));
#14310=DIRECTION('',(6.64696333891792E-16,-7.50150692314295E-16,-1.));
#14311=DIRECTION('',(6.12323399573677E-17,1.,-7.50150692314295E-16));
#14312=DIRECTION('',(6.64696333891792E-16,-7.50150692314295E-16,-1.));
#14313=DIRECTION('',(-1.,6.12323399573672E-17,-6.64696333891792E-16));
#14314=DIRECTION('',(-1.,6.12323399573672E-17,-6.64696333891792E-16));
#14315=DIRECTION('',(-6.64696333891792E-16,7.50150692314295E-16,1.));
#14316=DIRECTION('',(6.12323399573677E-17,1.,-7.50150692314295E-16));
#14317=DIRECTION('',(6.64696333891792E-16,-7.50150692314295E-16,-1.));
#14318=DIRECTION('',(-1.,1.22464679914735E-16,-6.64696333891792E-16));
#14319=DIRECTION('',(-6.64696333891792E-16,7.50150692314295E-16,1.));
#14320=DIRECTION('',(6.12323399573677E-17,1.,-7.50150692314295E-16));
#14321=DIRECTION('',(6.64696333891792E-16,-7.50150692314295E-16,-1.));
#14322=DIRECTION('',(1.,-1.22464679914735E-16,6.64696333891792E-16));
#14323=DIRECTION('',(6.64696333891792E-16,-7.50150692314295E-16,-1.));
#14324=DIRECTION('',(-1.,1.22464679914735E-16,-6.64696333891792E-16));
#14325=DIRECTION('',(-6.64696333891792E-16,7.50150692314295E-16,1.));
#14326=DIRECTION('',(-1.,1.22464679914735E-16,-6.64696333891792E-16));
#14327=DIRECTION('',(0.,0.,1.));
#14328=DIRECTION('',(1.,0.,0.));
#14329=CARTESIAN_POINT('',(0.,0.,0.));
#14330=CARTESIAN_POINT('',(0.0227503276712895,0.0980001975368857,-0.02715));
#14331=CARTESIAN_POINT('',(0.0212503276712895,0.0995001975368857,-0.0264));
#14332=CARTESIAN_POINT('',(0.0212503276712895,0.0995001975368858,-0.017));
#14333=CARTESIAN_POINT('',(0.0212503276712895,0.0995001975368857,-0.0358));
#14334=CARTESIAN_POINT('',(0.0227503276712895,0.0980001975368857,-0.017));
#14335=CARTESIAN_POINT('',(0.0227503276712895,0.0980001975368857,-0.017));
#14336=CARTESIAN_POINT('',(0.0227503276712895,0.0980001975368857,-0.017));
#14337=CARTESIAN_POINT('',(0.0227503276712895,0.0980001975368857,-0.0353));
#14338=CARTESIAN_POINT('',(0.0341503276712894,0.0866001975368858,-0.0239));
#14339=CARTESIAN_POINT('',(0.0207503276712895,0.100000197536886,-0.0373));
#14340=CARTESIAN_POINT('',(0.0207503276712895,0.100000197536886,-0.0373));
#14341=CARTESIAN_POINT('',(0.0207503276712895,0.100000197536886,-0.0358));
#14342=CARTESIAN_POINT('',(0.0227503276712895,0.0980001975368857,-0.0358));
#14343=CARTESIAN_POINT('',(-0.00274967232871052,0.0980001975368857,-0.02715));
#14344=CARTESIAN_POINT('',(-0.00274967232871052,0.0980001975368857,-0.0358));
#14345=CARTESIAN_POINT('',(-0.000749672328710526,0.100000197536886,-0.0358));
#14346=CARTESIAN_POINT('',(-0.00124967232871055,0.0995001975368857,-0.0358));
#14347=CARTESIAN_POINT('',(-0.000749672328710524,0.100000197536886,-0.017));
#14348=CARTESIAN_POINT('',(-0.000749672328710526,0.100000197536886,-0.0373));
#14349=CARTESIAN_POINT('',(-0.00546633899537719,0.095283530870219,-0.0325833333333333));
#14350=CARTESIAN_POINT('',(-0.00274967232871052,0.0980001975368857,-0.0353));
#14351=CARTESIAN_POINT('',(-0.00274967232871052,0.0980001975368857,-0.0373));
#14352=CARTESIAN_POINT('',(-0.00274967232871052,0.0980001975368857,-0.017));
#14353=CARTESIAN_POINT('',(-0.00274967232871053,0.0980001975368857,-0.017));
#14354=CARTESIAN_POINT('',(-0.00124967232871055,0.0995001975368857,-0.017));
#14355=CARTESIAN_POINT('',(-0.00124967232871055,0.0995001975368857,-0.02715));
#14356=CARTESIAN_POINT('',(-0.0517496723287105,0.100000197536886,-0.02715));
#14357=CARTESIAN_POINT('',(-0.0517496723287105,0.100000197536886,-0.0358));
#14358=CARTESIAN_POINT('',(-0.0517496723287105,0.100000197536886,-0.0358));
#14359=CARTESIAN_POINT('',(-0.0522496723287105,0.0995001975368857,-0.0358));
#14360=CARTESIAN_POINT('',(-0.0517496723287105,0.100000197536886,-0.017));
#14361=CARTESIAN_POINT('',(-0.0517496723287105,0.100000197536886,-0.0373));
#14362=CARTESIAN_POINT('',(-0.0638163389953772,0.0879335308702191,-0.0252333333333333));
#14363=CARTESIAN_POINT('',(-0.0537496723287105,0.0980001975368857,-0.0353));
#14364=CARTESIAN_POINT('',(-0.0537496723287105,0.0980001975368857,-0.0373));
#14365=CARTESIAN_POINT('',(-0.0537496723287105,0.0980001975368857,-0.017));
#14366=CARTESIAN_POINT('',(-0.0517496723287105,0.100000197536886,-0.017));
#14367=CARTESIAN_POINT('',(-0.0522496723287105,0.0995001975368857,-0.017));
#14368=CARTESIAN_POINT('',(-0.0522496723287105,0.0995001975368857,-0.0264));
#14369=CARTESIAN_POINT('',(-0.0302496723287106,0.100000197536886,-0.02715));
#14370=CARTESIAN_POINT('',(-0.0297496723287105,0.0995001975368857,-0.02715));
#14371=CARTESIAN_POINT('',(-0.0297496723287105,0.0995001975368857,-0.017));
#14372=CARTESIAN_POINT('',(-0.0297496723287105,0.0995001975368857,-0.0358));
#14373=CARTESIAN_POINT('',(-0.0302496723287106,0.100000197536886,-0.017));
#14374=CARTESIAN_POINT('',(-0.0282496723287106,0.0980001975368857,-0.017));
#14375=CARTESIAN_POINT('',(-0.0282496723287106,0.0980001975368857,-0.017));
#14376=CARTESIAN_POINT('',(-0.0282496723287106,0.0980001975368857,-0.0353));
#14377=CARTESIAN_POINT('',(-0.0268663389953772,0.0966168642035524,-0.0339166666666667));
#14378=CARTESIAN_POINT('',(-0.0302496723287106,0.100000197536886,-0.0373));
#14379=CARTESIAN_POINT('',(-0.0302496723287106,0.100000197536886,-0.0373));
#14380=CARTESIAN_POINT('',(-0.0302496723287106,0.100000197536886,-0.0358));
#14381=CARTESIAN_POINT('',(-0.0302496723287106,0.100000197536886,-0.0358));
#14382=CARTESIAN_POINT('',(-0.0409996723287105,0.100000197536886,-0.02715));
#14383=CARTESIAN_POINT('',(-0.0409996723287105,0.100000197536886,-0.0373));
#14384=CARTESIAN_POINT('',(-0.0459996723287105,0.100000197536886,-0.0373));
#14385=CARTESIAN_POINT('',(-0.0409996723287105,0.100000197536886,-0.0358));
#14386=CARTESIAN_POINT('',(-0.0459996723287105,0.100000197536886,-0.0358));
#14387=CARTESIAN_POINT('',(-0.0459996723287105,0.100000197536886,-0.03655));
#14388=CARTESIAN_POINT('',(-0.0282496723287106,0.0638001975368857,-0.02715));
#14389=CARTESIAN_POINT('',(-0.0282496723287106,0.0638001975368857,-0.0353));
#14390=CARTESIAN_POINT('',(-0.0282496723287106,0.0658001975368857,-0.0353));
#14391=CARTESIAN_POINT('',(-0.0282496723287106,0.0638001975368858,-0.017));
#14392=CARTESIAN_POINT('',(-0.0282496723287106,0.0658001975368857,-0.017));
#14393=CARTESIAN_POINT('',(-0.0282496723287106,0.0658001975368857,-0.0373));
#14394=CARTESIAN_POINT('',(-0.0409996723287105,0.0638001975368857,-0.0373));
#14395=CARTESIAN_POINT('',(-0.0409996723287105,0.100000197536886,-0.0373));
#14396=CARTESIAN_POINT('',(-0.0359996723287105,0.100000197536886,-0.0373));
#14397=CARTESIAN_POINT('',(-0.0302496723287106,0.0638001975368857,-0.0373));
#14398=CARTESIAN_POINT('',(-0.0302496723287106,0.0658001975368857,-0.0373));
#14399=CARTESIAN_POINT('',(-0.0537496723287105,0.0658001975368857,-0.0373));
#14400=CARTESIAN_POINT('',(-0.0517496723287105,0.0658001975368857,-0.0373));
#14401=CARTESIAN_POINT('',(-0.0517496723287105,0.0638001975368857,-0.0373));
#14402=CARTESIAN_POINT('',(-0.0459996723287105,0.133000197536886,-0.0373));
#14403=CARTESIAN_POINT('',(-0.0459996723287105,0.138000197536886,-0.0373));
#14404=CARTESIAN_POINT('',(-0.0409996723287105,0.138000197536886,-0.0373));
#14405=CARTESIAN_POINT('',(-0.0359996723287105,0.138000197536886,-0.0373));
#14406=CARTESIAN_POINT('',(-0.0359996723287105,0.133000197536886,-0.0373));
#14407=CARTESIAN_POINT('',(-0.0537496723287105,0.0638001975368857,-0.02715));
#14408=CARTESIAN_POINT('',(-0.0537496723287105,0.0638001975368857,-0.017));
#14409=CARTESIAN_POINT('',(-0.0537496723287105,0.0658001975368858,-0.017));
#14410=CARTESIAN_POINT('',(-0.0537496723287105,0.0638001975368857,-0.0353));
#14411=CARTESIAN_POINT('',(-0.0537496723287105,0.0658001975368857,-0.0353));
#14412=CARTESIAN_POINT('',(-0.0537496723287105,0.0658001975368858,-0.017));
#14413=CARTESIAN_POINT('',(-0.0409996723287105,0.0638001975368857,-0.02715));
#14414=CARTESIAN_POINT('',(-0.0409996723287105,0.0638001975368858,-0.017));
#14415=CARTESIAN_POINT('',(-0.0302496723287106,0.0638001975368858,-0.017));
#14416=CARTESIAN_POINT('',(-0.0517496723287105,0.0638001975368858,-0.017));
#14417=CARTESIAN_POINT('',(-0.0517496723287105,0.0638001975368857,-0.0373));
#14418=CARTESIAN_POINT('',(-0.0517496723287105,0.0638001975368857,-0.0353));
#14419=CARTESIAN_POINT('',(-0.0282496723287106,0.0638001975368857,-0.0353));
#14420=CARTESIAN_POINT('',(-0.0302496723287106,0.0638001975368857,-0.0353));
#14421=CARTESIAN_POINT('',(-0.0302496723287106,0.0638001975368858,-0.017));
#14422=CARTESIAN_POINT('',(-0.0409996723287105,0.0688001975368857,-0.02715));
#14423=CARTESIAN_POINT('',(-0.0409996723287105,0.0688001975368858,-0.017));
#14424=CARTESIAN_POINT('',(-0.0297496723287105,0.0688001975368858,-0.017));
#14425=CARTESIAN_POINT('',(-0.0522496723287105,0.0688001975368858,-0.017));
#14426=CARTESIAN_POINT('',(-0.0297496723287105,0.0688001975368857,-0.0264));
#14427=CARTESIAN_POINT('',(-0.0297496723287105,0.0688001975368857,-0.0358));
#14428=CARTESIAN_POINT('',(-0.0409996723287105,0.0688001975368857,-0.0358));
#14429=CARTESIAN_POINT('',(-0.0522496723287105,0.0688001975368857,-0.0358));
#14430=CARTESIAN_POINT('',(-0.0522496723287105,0.0688001975368857,-0.0264));
#14431=CARTESIAN_POINT('',(-0.0297496723287105,0.100000197536886,-0.0264));
#14432=CARTESIAN_POINT('',(-0.0297496723287105,0.100000197536886,-0.017));
#14433=CARTESIAN_POINT('',(-0.0297496723287105,0.100000197536886,-0.0358));
#14434=CARTESIAN_POINT('',(-0.0409996723287105,0.100000197536886,-0.0358));
#14435=CARTESIAN_POINT('',(-0.0409996723287105,0.100000197536886,-0.0358));
#14436=CARTESIAN_POINT('',(-0.0359996723287105,0.100000197536886,-0.0358));
#14437=CARTESIAN_POINT('',(-0.0359996723287105,0.133000197536886,-0.0358));
#14438=CARTESIAN_POINT('',(-0.0359996723287105,0.133000197536886,-0.0358));
#14439=CARTESIAN_POINT('',(-0.0409996723287105,0.133000197536886,-0.0358));
#14440=CARTESIAN_POINT('',(-0.0459996723287105,0.133000197536886,-0.0358));
#14441=CARTESIAN_POINT('',(-0.0459996723287105,0.133000197536886,-0.0358));
#14442=CARTESIAN_POINT('',(-0.0522496723287105,0.100000197536886,-0.0358));
#14443=CARTESIAN_POINT('',(-0.0522496723287105,0.100000197536886,-0.0264));
#14444=CARTESIAN_POINT('',(-0.0522496723287105,0.100000197536886,-0.017));
#14445=CARTESIAN_POINT('',(-0.0409996723287105,0.100000197536886,-0.02715));
#14446=CARTESIAN_POINT('',(-0.0359996723287105,0.100000197536886,-0.03655));
#14447=CARTESIAN_POINT('',(-0.0359996723287105,0.133000197536886,-0.03655));
#14448=CARTESIAN_POINT('',(-0.0359996723287105,0.138000197536886,-0.0323));
#14449=CARTESIAN_POINT('',(-0.0359996723287105,0.135000197536886,-0.0323));
#14450=CARTESIAN_POINT('',(-0.0359996723287105,0.133000197536886,-0.0323));
#14451=CARTESIAN_POINT('',(-0.0359996723287105,0.133000197536886,-0.03655));
#14452=CARTESIAN_POINT('',(-0.0359996723287105,0.138000197536886,-0.03655));
#14453=CARTESIAN_POINT('',(-0.0359996723287105,0.138000197536886,-0.0353));
#14454=CARTESIAN_POINT('',(-0.0359996723287105,0.138000197536886,-0.0353));
#14455=CARTESIAN_POINT('',(-0.0459996723287105,0.133000197536886,-0.03655));
#14456=CARTESIAN_POINT('',(-0.0459996723287105,0.138000197536886,-0.03655));
#14457=CARTESIAN_POINT('',(-0.0459996723287105,0.138000197536886,-0.0353));
#14458=CARTESIAN_POINT('',(-0.0459996723287105,0.133000197536886,-0.03655));
#14459=CARTESIAN_POINT('',(-0.0459996723287105,0.133000197536886,-0.0323));
#14460=CARTESIAN_POINT('',(-0.0459996723287105,0.138000197536886,-0.0323));
#14461=CARTESIAN_POINT('',(-0.0459996723287105,0.135000197536886,-0.0323));
#14462=CARTESIAN_POINT('',(-0.0459996723287105,0.136125197536886,-0.033425));
#14463=CARTESIAN_POINT('',(-0.0409996723287105,0.133000197536886,-0.0348));
#14464=CARTESIAN_POINT('',(-0.0409996723287105,0.133000197536886,-0.0323));
#14465=CARTESIAN_POINT('',(-0.0409996723287105,0.138000197536886,-0.0323));
#14466=CARTESIAN_POINT('',(-0.0359996723287105,0.135000197536886,-0.0323));
#14467=CARTESIAN_POINT('',(-0.0409996723287105,0.138000197536886,-0.0348));
#14468=CARTESIAN_POINT('',(-0.0459996723287105,0.138000197536886,-0.0353));
#14469=CARTESIAN_POINT('',(-0.0409996723287105,0.138000197536886,-0.0353));
#14470=CARTESIAN_POINT('',(-0.04,0.08,-0.017));
#14471=CARTESIAN_POINT('',(0.0212503276712895,0.100000197536886,-0.017));
#14472=CARTESIAN_POINT('',(0.0212503276712895,0.0688001975368858,-0.017));
#14473=CARTESIAN_POINT('',(0.0100003276712895,0.0688001975368858,-0.017));
#14474=CARTESIAN_POINT('',(-0.00124967232871055,0.0688001975368858,-0.017));
#14475=CARTESIAN_POINT('',(-0.00124967232871055,0.100000197536886,-0.017));
#14476=CARTESIAN_POINT('',(-0.00274967232871053,0.0638001975368858,-0.017));
#14477=CARTESIAN_POINT('',(-0.00274967232871053,0.0658001975368858,-0.017));
#14478=CARTESIAN_POINT('',(-0.000749672328710523,0.0638001975368857,-0.017));
#14479=CARTESIAN_POINT('',(-0.000749672328710527,0.0638001975368858,-0.017));
#14480=CARTESIAN_POINT('',(0.0100003276712895,0.0638001975368858,-0.017));
#14481=CARTESIAN_POINT('',(0.0207503276712895,0.0638001975368858,-0.017));
#14482=CARTESIAN_POINT('',(0.0207503276712895,0.0638001975368857,-0.017));
#14483=CARTESIAN_POINT('',(0.0227503276712895,0.0658001975368857,-0.017));
#14484=CARTESIAN_POINT('',(0.0227503276712895,0.0638001975368857,-0.017));
#14485=CARTESIAN_POINT('',(-0.0537496723287105,0.0658001975368857,-0.017));
#14486=CARTESIAN_POINT('',(-0.0282496723287106,0.0658001975368857,-0.017));
#14487=CARTESIAN_POINT('',(-0.015,-0.0148,-0.017));
#14488=CARTESIAN_POINT('',(0.0225,-0.0148,-0.017));
#14489=CARTESIAN_POINT('',(-0.0525,-0.0148,-0.017));
#14490=CARTESIAN_POINT('',(0.0275,-0.0098,-0.017));
#14491=CARTESIAN_POINT('',(0.0275,-0.0098,-0.017));
#14492=CARTESIAN_POINT('',(0.0275,0.0162,-0.017));
#14493=CARTESIAN_POINT('',(0.0275,0.0422,-0.017));
#14494=CARTESIAN_POINT('',(0.0225,0.0472,-0.017));
#14495=CARTESIAN_POINT('',(0.0225,0.0472,-0.017));
#14496=CARTESIAN_POINT('',(-0.015,0.0472,-0.017));
#14497=CARTESIAN_POINT('',(-0.0525,0.0472,-0.017));
#14498=CARTESIAN_POINT('',(-0.0575,0.0422,-0.017));
#14499=CARTESIAN_POINT('',(-0.0575,0.0422,-0.017));
#14500=CARTESIAN_POINT('',(-0.0575,0.0162,-0.017));
#14501=CARTESIAN_POINT('',(-0.0575,-0.0098,-0.017));
#14502=CARTESIAN_POINT('',(-0.0525,-0.0148,-0.017));
#14503=CARTESIAN_POINT('',(-0.0409996723287105,0.100000197536886,-0.017));
#14504=CARTESIAN_POINT('',(-0.0522496723287105,0.1,-0.017));
#14505=CARTESIAN_POINT('',(-0.0537496723287105,0.1,-0.017));
#14506=CARTESIAN_POINT('',(-0.04,0.1,-0.017));
#14507=CARTESIAN_POINT('',(0.0212503276712895,0.1,-0.017));
#14508=CARTESIAN_POINT('',(0.0100003276712895,0.100000197536886,-0.017));
#14509=CARTESIAN_POINT('',(0.0227503276712895,0.1,-0.017));
#14510=CARTESIAN_POINT('',(-0.04,0.1,-0.017));
#14511=CARTESIAN_POINT('',(0.03,0.1,-0.017));
#14512=CARTESIAN_POINT('',(0.03,0.08,-0.017));
#14513=CARTESIAN_POINT('',(0.03,-0.015,-0.017));
#14514=CARTESIAN_POINT('',(-0.04,-0.015,-0.017));
#14515=CARTESIAN_POINT('',(-0.06,-0.015,-0.017));
#14516=CARTESIAN_POINT('',(-0.06,0.1,-0.017));
#14517=CARTESIAN_POINT('',(-0.06,0.1,-0.017));
#14518=CARTESIAN_POINT('',(-0.04,0.1,-0.017));
#14519=CARTESIAN_POINT('',(-0.04,0.08,-0.017));
#14520=CARTESIAN_POINT('',(-0.044,0.08,-0.017));
#14521=CARTESIAN_POINT('',(0.01,0.08,-0.017));
#14522=CARTESIAN_POINT('',(0.006,0.08,-0.017));
#14523=CARTESIAN_POINT('',(0.0100003276712895,0.100000197536886,-0.02715));
#14524=CARTESIAN_POINT('',(0.0100003276712894,0.100000197536886,-0.0358));
#14525=CARTESIAN_POINT('',(0.0150003276712895,0.100000197536886,-0.0358));
#14526=CARTESIAN_POINT('',(0.0100003276712895,0.100000197536886,-0.0373));
#14527=CARTESIAN_POINT('',(0.0150003276712895,0.100000197536886,-0.0373));
#14528=CARTESIAN_POINT('',(0.0150003276712895,0.100000197536886,-0.03655));
#14529=CARTESIAN_POINT('',(-0.00274967232871053,0.0638001975368857,-0.02715));
#14530=CARTESIAN_POINT('',(-0.00274967232871053,0.0638001975368857,-0.0353));
#14531=CARTESIAN_POINT('',(-0.00274967232871053,0.0658001975368857,-0.0353));
#14532=CARTESIAN_POINT('',(-0.00274967232871053,0.0658001975368858,-0.017));
#14533=CARTESIAN_POINT('',(0.0100003276712895,0.0638001975368857,-0.0373));
#14534=CARTESIAN_POINT('',(-0.00274967232871053,0.0658001975368857,-0.0373));
#14535=CARTESIAN_POINT('',(0.0207503276712895,0.0658001975368857,-0.0373));
#14536=CARTESIAN_POINT('',(-0.000749672328710527,0.0658001975368857,-0.0373));
#14537=CARTESIAN_POINT('',(-0.000749672328710527,0.0638001975368857,-0.0373));
#14538=CARTESIAN_POINT('',(0.0100003276712895,0.100000197536886,-0.0373));
#14539=CARTESIAN_POINT('',(0.00500032767128947,0.100000197536886,-0.0373));
#14540=CARTESIAN_POINT('',(0.00500032767128948,0.133000197536886,-0.0373));
#14541=CARTESIAN_POINT('',(0.00500032767128948,0.138000197536886,-0.0373));
#14542=CARTESIAN_POINT('',(0.0100003276712895,0.138000197536886,-0.0373));
#14543=CARTESIAN_POINT('',(0.0150003276712895,0.138000197536886,-0.0373));
#14544=CARTESIAN_POINT('',(0.0150003276712895,0.133000197536886,-0.0373));
#14545=CARTESIAN_POINT('',(0.0207503276712895,0.0638001975368857,-0.0373));
#14546=CARTESIAN_POINT('',(0.0227503276712895,0.0638001975368857,-0.02715));
#14547=CARTESIAN_POINT('',(0.0227503276712895,0.0638001975368857,-0.0353));
#14548=CARTESIAN_POINT('',(0.0227503276712895,0.0658001975368857,-0.0353));
#14549=CARTESIAN_POINT('',(0.0227503276712895,0.0658001975368857,-0.0373));
#14550=CARTESIAN_POINT('',(0.0100003276712895,0.0638001975368857,-0.02715));
#14551=CARTESIAN_POINT('',(0.0227503276712895,0.0638001975368857,-0.0353));
#14552=CARTESIAN_POINT('',(-0.000749672328710528,0.0638001975368857,-0.0353));
#14553=CARTESIAN_POINT('',(0.0207503276712895,0.0638001975368857,-0.0353));
#14554=CARTESIAN_POINT('',(0.0207503276712895,0.0638001975368858,-0.017));
#14555=CARTESIAN_POINT('',(-0.000749672328710529,0.0638001975368857,-0.0373));
#14556=CARTESIAN_POINT('',(0.0100003276712895,0.0688001975368857,-0.02715));
#14557=CARTESIAN_POINT('',(0.0212503276712895,0.0688001975368857,-0.0264));
#14558=CARTESIAN_POINT('',(0.0212503276712895,0.0688001975368857,-0.0358));
#14559=CARTESIAN_POINT('',(0.0100003276712894,0.0688001975368857,-0.0358));
#14560=CARTESIAN_POINT('',(-0.00124967232871055,0.0688001975368857,-0.0358));
#14561=CARTESIAN_POINT('',(-0.00124967232871055,0.0688001975368857,-0.0264));
#14562=CARTESIAN_POINT('',(-0.00124967232871055,0.100000197536886,-0.0264));
#14563=CARTESIAN_POINT('',(-0.00124967232871055,0.100000197536886,-0.0358));
#14564=CARTESIAN_POINT('',(0.0100003276712894,0.100000197536886,-0.0358));
#14565=CARTESIAN_POINT('',(0.0100003276712894,0.100000197536886,-0.0358));
#14566=CARTESIAN_POINT('',(0.00500032767128947,0.100000197536886,-0.0358));
#14567=CARTESIAN_POINT('',(0.0212503276712895,0.100000197536886,-0.0358));
#14568=CARTESIAN_POINT('',(0.0150003276712895,0.133000197536886,-0.0358));
#14569=CARTESIAN_POINT('',(0.0150003276712895,0.133000197536886,-0.0358));
#14570=CARTESIAN_POINT('',(0.0100003276712894,0.133000197536886,-0.0358));
#14571=CARTESIAN_POINT('',(0.00500032767128948,0.133000197536886,-0.0358));
#14572=CARTESIAN_POINT('',(0.00500032767128948,0.133000197536886,-0.0358));
#14573=CARTESIAN_POINT('',(0.0212503276712895,0.100000197536886,-0.0264));
#14574=CARTESIAN_POINT('',(0.0100003276712895,0.100000197536886,-0.02715));
#14575=CARTESIAN_POINT('',(0.00500032767128947,0.100000197536886,-0.03655));
#14576=CARTESIAN_POINT('',(0.00500032767128948,0.133000197536886,-0.03655));
#14577=CARTESIAN_POINT('',(0.00500032767128948,0.138000197536886,-0.0323));
#14578=CARTESIAN_POINT('',(0.00500032767128948,0.135000197536886,-0.0323));
#14579=CARTESIAN_POINT('',(0.00500032767128948,0.133000197536886,-0.0323));
#14580=CARTESIAN_POINT('',(0.00500032767128948,0.138000197536886,-0.0353));
#14581=CARTESIAN_POINT('',(0.00500032767128948,0.138000197536886,-0.0353));
#14582=CARTESIAN_POINT('',(0.00500032767128948,0.138000197536886,-0.03655));
#14583=CARTESIAN_POINT('',(0.00500032767128948,0.133000197536886,-0.03655));
#14584=CARTESIAN_POINT('',(0.0150003276712895,0.133000197536886,-0.03655));
#14585=CARTESIAN_POINT('',(0.0150003276712895,0.138000197536886,-0.03655));
#14586=CARTESIAN_POINT('',(0.0150003276712895,0.138000197536886,-0.0353));
#14587=CARTESIAN_POINT('',(0.0150003276712895,0.136125197536886,-0.033425));
#14588=CARTESIAN_POINT('',(0.0150003276712895,0.135000197536886,-0.0323));
#14589=CARTESIAN_POINT('',(0.0150003276712895,0.138000197536886,-0.0323));
#14590=CARTESIAN_POINT('',(0.0150003276712895,0.133000197536886,-0.0323));
#14591=CARTESIAN_POINT('',(0.0150003276712895,0.133000197536886,-0.03655));
#14592=CARTESIAN_POINT('',(0.0100003276712895,0.133000197536886,-0.0348));
#14593=CARTESIAN_POINT('',(0.0100003276712895,0.133000197536886,-0.0323));
#14594=CARTESIAN_POINT('',(0.0100003276712895,0.138000197536886,-0.0323));
#14595=CARTESIAN_POINT('',(0.00500032767128948,0.135000197536886,-0.0323));
#14596=CARTESIAN_POINT('',(0.0100003276712895,0.138000197536886,-0.0348));
#14597=CARTESIAN_POINT('',(0.0150003276712895,0.138000197536886,-0.0353));
#14598=CARTESIAN_POINT('',(0.0100003276712895,0.138000197536886,-0.0353));
#14599=CARTESIAN_POINT('',(-0.015,0.0472,-0.0145));
#14600=CARTESIAN_POINT('',(0.0225,0.0472,-0.0145));
#14601=CARTESIAN_POINT('',(0.0225,0.0472,-0.0345));
#14602=CARTESIAN_POINT('',(-0.0575,0.0472,-0.0345));
#14603=CARTESIAN_POINT('',(-0.0525,0.0472,-0.0345));
#14604=CARTESIAN_POINT('',(-0.0525,0.0472,-0.017));
#14605=CARTESIAN_POINT('',(-0.0575,0.0162,-0.0145));
#14606=CARTESIAN_POINT('',(-0.0575,0.0162,-0.0345));
#14607=CARTESIAN_POINT('',(-0.0575,0.0422,-0.0345));
#14608=CARTESIAN_POINT('',(-0.0575,-0.0098,-0.0345));
#14609=CARTESIAN_POINT('',(-0.0575,-0.0098,-0.0145));
#14610=CARTESIAN_POINT('',(-0.0575,0.0422,-0.0395));
#14611=CARTESIAN_POINT('',(-0.015,-0.0148,-0.0145));
#14612=CARTESIAN_POINT('',(-0.015,-0.0148,-0.0345));
#14613=CARTESIAN_POINT('',(-0.0525,-0.0148,-0.0345));
#14614=CARTESIAN_POINT('',(0.0225,-0.0148,-0.0345));
#14615=CARTESIAN_POINT('',(0.0225,-0.0148,-0.017));
#14616=CARTESIAN_POINT('',(-0.0525,-0.0148,-0.0145));
#14617=CARTESIAN_POINT('',(0.0275,0.0162,-0.0145));
#14618=CARTESIAN_POINT('',(0.0275,-0.0098,-0.0395));
#14619=CARTESIAN_POINT('',(0.0275,-0.0098,-0.0345));
#14620=CARTESIAN_POINT('',(0.0275,0.0472,-0.0345));
#14621=CARTESIAN_POINT('',(0.0275,0.0422,-0.0345));
#14622=CARTESIAN_POINT('',(0.0275,0.0422,-0.0145));
#14623=CARTESIAN_POINT('',(-0.015,0.0422,-0.0145));
#14624=CARTESIAN_POINT('',(-0.015,0.0422,-0.0395));
#14625=CARTESIAN_POINT('',(-0.0525,0.0422,-0.0395));
#14626=CARTESIAN_POINT('',(0.0225,0.0422,-0.0395));
#14627=CARTESIAN_POINT('',(0.0225,0.0422,-0.0145));
#14628=CARTESIAN_POINT('',(0.0225,0.0422,-0.0195));
#14629=CARTESIAN_POINT('',(-0.015,0.0422,-0.0195));
#14630=CARTESIAN_POINT('',(-0.0525,0.0422,-0.0195));
#14631=CARTESIAN_POINT('',(-0.0525,0.0422,-0.0145));
#14632=CARTESIAN_POINT('',(-0.0525,0.0162,-0.0145));
#14633=CARTESIAN_POINT('',(-0.0525,0.0162,-0.0395));
#14634=CARTESIAN_POINT('',(-0.0525,-0.0098,-0.0395));
#14635=CARTESIAN_POINT('',(-0.0525,0.0162,-0.0195));
#14636=CARTESIAN_POINT('',(-0.0525,-0.0098,-0.0195));
#14637=CARTESIAN_POINT('',(-0.0525,-0.0098,-0.0145));
#14638=CARTESIAN_POINT('',(-0.015,-0.0098,-0.0145));
#14639=CARTESIAN_POINT('',(-0.015,-0.0098,-0.0395));
#14640=CARTESIAN_POINT('',(0.0225,-0.0098,-0.0395));
#14641=CARTESIAN_POINT('',(-0.015,-0.0098,-0.0195));
#14642=CARTESIAN_POINT('',(0.0225,-0.0098,-0.0195));
#14643=CARTESIAN_POINT('',(0.0225,-0.0098,-0.0145));
#14644=CARTESIAN_POINT('',(0.0225,0.0162,-0.0145));
#14645=CARTESIAN_POINT('',(0.0225,0.0162,-0.0395));
#14646=CARTESIAN_POINT('',(0.0225,0.0162,-0.0195));
#14647=CARTESIAN_POINT('',(-0.015,0.0162,-0.0195));
#14648=CARTESIAN_POINT('',(-0.0445,0.0202,-0.0195));
#14649=CARTESIAN_POINT('',(-0.0445,0.0178,-0.0195));
#14650=CARTESIAN_POINT('',(0.0145,0.0122,-0.0195));
#14651=CARTESIAN_POINT('',(0.0145,0.0098,-0.0195));
#14652=CARTESIAN_POINT('',(0.0145,0.0202,-0.0195));
#14653=CARTESIAN_POINT('',(0.0145,0.0178,-0.0195));
#14654=CARTESIAN_POINT('',(-0.0445,0.0122,-0.0195));
#14655=CARTESIAN_POINT('',(-0.0445,0.0098,-0.0195));
#14656=CARTESIAN_POINT('',(-0.04,-0.02,-0.017));
#14657=CARTESIAN_POINT('',(-0.065,-0.02,-0.017));
#14658=CARTESIAN_POINT('',(-0.065,-0.02,-0.012));
#14659=CARTESIAN_POINT('',(-0.065,-0.02,0.0065));
#14660=CARTESIAN_POINT('',(-0.04,-0.02,-0.012));
#14661=CARTESIAN_POINT('',(-0.06,-0.02,-0.012));
#14662=CARTESIAN_POINT('',(-0.06,-0.02,-0.017));
#14663=CARTESIAN_POINT('',(-0.06,-0.02,0.0065));
#14664=CARTESIAN_POINT('',(-0.065,-0.02,0.0065));
#14665=CARTESIAN_POINT('',(-0.065,0.06,0.0085));
#14666=CARTESIAN_POINT('',(0.035,0.06,0.0065));
#14667=CARTESIAN_POINT('',(0.035,0.06,0.0065));
#14668=CARTESIAN_POINT('',(0.03,0.06,0.0065));
#14669=CARTESIAN_POINT('',(0.035,0.06,0.0085));
#14670=CARTESIAN_POINT('',(0.035,0.06,0.0085));
#14671=CARTESIAN_POINT('',(0.035,0.06,0.0085));
#14672=CARTESIAN_POINT('',(0.03,0.06,0.0085));
#14673=CARTESIAN_POINT('',(0.03,0.06,0.0085));
#14674=CARTESIAN_POINT('',(-0.06,0.08,0.0085));
#14675=CARTESIAN_POINT('',(-0.06,0.06,0.0085));
#14676=CARTESIAN_POINT('',(-0.06,0.06,0.0085));
#14677=CARTESIAN_POINT('',(-0.06,0.06,0.0065));
#14678=CARTESIAN_POINT('',(-0.06,0.04,0.0065));
#14679=CARTESIAN_POINT('',(-0.06,0.08,-0.012));
#14680=CARTESIAN_POINT('',(-0.06,0.1,-0.012));
#14681=CARTESIAN_POINT('',(-0.06,0.1,0.0085));
#14682=CARTESIAN_POINT('',(-0.06,0.1,0.0085));
#14683=CARTESIAN_POINT('',(-0.06,0.08,0.0085));
#14684=CARTESIAN_POINT('',(-0.065,0.1,0.0085));
#14685=CARTESIAN_POINT('',(0.035,0.1,0.0085));
#14686=CARTESIAN_POINT('',(0.035,0.1,0.0085));
#14687=CARTESIAN_POINT('',(0.035,0.1,-0.012));
#14688=CARTESIAN_POINT('',(-0.00475,0.1,-0.05175));
#14689=CARTESIAN_POINT('',(-0.07525,0.1,-0.00175));
#14690=CARTESIAN_POINT('',(-0.065,0.1,-0.012));
#14691=CARTESIAN_POINT('',(-0.065,0.1,0.0085));
#14692=CARTESIAN_POINT('',(-0.065,0.1,0.0085));
#14693=CARTESIAN_POINT('',(-0.065,0.1,0.0085));
#14694=CARTESIAN_POINT('',(-0.04,0.1,-0.012));
#14695=CARTESIAN_POINT('',(0.03,0.1,-0.012));
#14696=CARTESIAN_POINT('',(0.03,0.1,0.0085));
#14697=CARTESIAN_POINT('',(0.03,0.1,0.0085));
#14698=CARTESIAN_POINT('',(0.035,0.1,0.0085));
#14699=CARTESIAN_POINT('',(-0.065,0.08,0.0085));
#14700=CARTESIAN_POINT('',(-0.065,-0.02,-0.012));
#14701=CARTESIAN_POINT('',(-0.065,0.04,0.0065));
#14702=CARTESIAN_POINT('',(-0.065,0.06,0.0065));
#14703=CARTESIAN_POINT('',(-0.065,0.06,0.0085));
#14704=CARTESIAN_POINT('',(-0.065,0.06,0.0085));
#14705=CARTESIAN_POINT('',(-0.065,0.08,0.0085));
#14706=CARTESIAN_POINT('',(-0.065,0.06,0.0085));
#14707=CARTESIAN_POINT('',(-0.065,0.06,0.0065));
#14708=CARTESIAN_POINT('',(-0.065,0.06,0.0085));
#14709=CARTESIAN_POINT('',(-0.065,0.08,0.0085));
#14710=CARTESIAN_POINT('',(0.03,0.08,0.0085));
#14711=CARTESIAN_POINT('',(0.03,0.08,-0.012));
#14712=CARTESIAN_POINT('',(0.03,-0.02,-0.012));
#14713=CARTESIAN_POINT('',(0.03,-0.02,-0.017));
#14714=CARTESIAN_POINT('',(0.03,-0.02,0.0065));
#14715=CARTESIAN_POINT('',(0.03,0.04,0.0065));
#14716=CARTESIAN_POINT('',(0.03,0.08,0.0085));
#14717=CARTESIAN_POINT('',(0.035,0.08,0.0085));
#14718=CARTESIAN_POINT('',(0.035,-0.02,-0.017));
#14719=CARTESIAN_POINT('',(0.035,-0.02,-0.012));
#14720=CARTESIAN_POINT('',(0.035,-0.02,0.0065));
#14721=CARTESIAN_POINT('',(0.035,0.08,-0.012));
#14722=CARTESIAN_POINT('',(0.035,0.08,0.0085));
#14723=CARTESIAN_POINT('',(0.035,0.04,0.0065));
#14724=CARTESIAN_POINT('',(0.035,0.08,0.0085));
#14725=CARTESIAN_POINT('',(-0.04,0.08,-0.012));
#14726=CARTESIAN_POINT('',(-0.04,0.08,-0.012));
#14727=CARTESIAN_POINT('',(-0.044,0.08,-0.012));
#14728=CARTESIAN_POINT('',(-0.04,-0.02,-0.012));
#14729=CARTESIAN_POINT('',(0.01,0.08,-0.012));
#14730=CARTESIAN_POINT('',(0.006,0.08,-0.012));
#14731=CARTESIAN_POINT('',(-0.04,0.04,-0.012));
#14732=CARTESIAN_POINT('',(-0.036,0.04,-0.012));
#14733=CARTESIAN_POINT('',(0.01,0.04,-0.012));
#14734=CARTESIAN_POINT('',(0.006,0.04,-0.012));
#14735=CARTESIAN_POINT('',(-0.04,-7.56132628206616E-18,-0.012));
#14736=CARTESIAN_POINT('',(-0.036,-7.56132628206616E-18,-0.012));
#14737=CARTESIAN_POINT('',(0.01,1.11229109781787E-18,-0.012));
#14738=CARTESIAN_POINT('',(0.006,-2.75487682963572E-19,-0.012));
#14739=CARTESIAN_POINT('',(-0.04,0.08,-0.026));
#14740=CARTESIAN_POINT('',(0.01,0.08,-0.026));
#14741=CARTESIAN_POINT('',(-0.04,0.04,0.025));
#14742=CARTESIAN_POINT('',(-0.04,0.04,0.032));
#14743=CARTESIAN_POINT('',(-0.036,0.04,0.032));
#14744=CARTESIAN_POINT('',(-0.065,0.04,0.0065));
#14745=CARTESIAN_POINT('',(0.01,0.04,0.025));
#14746=CARTESIAN_POINT('',(0.01,0.04,0.032));
#14747=CARTESIAN_POINT('',(0.014,0.04,0.032));
#14748=CARTESIAN_POINT('',(0.035,0.04,0.0065));
#14749=CARTESIAN_POINT('',(0.035,-0.02,0.0065));
#14750=CARTESIAN_POINT('',(-0.015,0.04,0.032));
#14751=CARTESIAN_POINT('',(-0.015,0.04,0.032));
#14752=CARTESIAN_POINT('',(-0.04,-7.56132628206616E-18,0.025));
#14753=CARTESIAN_POINT('',(-0.04,-7.56132628206616E-18,0.032));
#14754=CARTESIAN_POINT('',(-0.036,-7.56132628206616E-18,0.032));
#14755=CARTESIAN_POINT('',(-0.04,-0.02,-0.017));
#14756=CARTESIAN_POINT('',(-0.04,-0.02,-0.012));
#14757=CARTESIAN_POINT('',(0.01,1.11229109781787E-18,0.025));
#14758=CARTESIAN_POINT('',(0.01,1.35722045764734E-18,0.032));
#14759=CARTESIAN_POINT('',(0.014,1.35722045764734E-18,0.032));
#14760=CARTESIAN_POINT('',(-0.015,-3.46944695195361E-18,0.032));
#14761=CARTESIAN_POINT('',(-0.015,-3.46944695195361E-18,0.032));
#14762=CARTESIAN_POINT('',(-0.06,0.08,-0.017));
#14763=CARTESIAN_POINT('',(-0.0283333333333333,0.0166666666666666,-0.0486666666666667));
#14764=CARTESIAN_POINT('',(-0.04,-0.02,-0.012));
#14765=CARTESIAN_POINT('',(0.01,0.005,-0.037));
#14766=CARTESIAN_POINT('',(0.035,0.08,-0.012));
#14767=CARTESIAN_POINT('',(-0.0575,0.0422,-0.0145));
#14768=CARTESIAN_POINT('',(-0.0575,0.0422,-0.0345));
#14769=CARTESIAN_POINT('',(-0.0575,0.0422,-0.0345));
#14770=CARTESIAN_POINT('',(-0.0575,0.0422,-0.0345));
#14771=CARTESIAN_POINT('',(-0.0525,0.0447,-0.037));
#14772=CARTESIAN_POINT('',(0.0225,0.0472,-0.0145));
#14773=CARTESIAN_POINT('',(0.0225,0.0472,-0.0345));
#14774=CARTESIAN_POINT('',(-0.015,0.0422,-0.0395));
#14775=CARTESIAN_POINT('',(0.0225,0.0472,-0.0345));
#14776=CARTESIAN_POINT('',(-0.0575,0.0162,-0.0345));
#14777=CARTESIAN_POINT('',(-0.055,-0.0098,-0.037));
#14778=CARTESIAN_POINT('',(-0.0525,-0.0148,-0.0145));
#14779=CARTESIAN_POINT('',(-0.0525,-0.0148,-0.0345));
#14780=CARTESIAN_POINT('',(0.0225,0.0472,-0.0345));
#14781=CARTESIAN_POINT('',(0.025,0.0422,-0.037));
#14782=CARTESIAN_POINT('',(-0.0525,-0.0148,-0.0345));
#14783=CARTESIAN_POINT('',(-0.0525,-0.0148,-0.0345));
#14784=CARTESIAN_POINT('',(0.0225,0.0162,-0.0395));
#14785=CARTESIAN_POINT('',(0.0275,-0.0098,-0.0345));
#14786=CARTESIAN_POINT('',(-0.015,-0.0148,-0.0345));
#14787=CARTESIAN_POINT('',(0.0225,-0.0123,-0.037));
#14788=CARTESIAN_POINT('',(0.0275,-0.0098,-0.0345));
#14789=CARTESIAN_POINT('',(0.0275,-0.0098,-0.0345));
#14790=CARTESIAN_POINT('',(0.0275,-0.0098,-0.0145));
#14791=CARTESIAN_POINT('',(-0.0517496723287105,0.0638001975368857,-0.0373));
#14792=CARTESIAN_POINT('',(-0.0537496723287105,0.0658001975368857,-0.0353));
#14793=CARTESIAN_POINT('',(-0.0537496723287105,0.0658001975368857,-0.02715));
#14794=CARTESIAN_POINT('',(-0.0537496723287105,0.0658001975368857,-0.0353));
#14795=CARTESIAN_POINT('',(-0.0537496723287105,0.0658001975368857,-0.0353));
#14796=CARTESIAN_POINT('',(-0.0517496723287105,0.0648001975368857,-0.0363));
#14797=CARTESIAN_POINT('',(-0.0409996723287105,0.0658001975368857,-0.0373));
#14798=CARTESIAN_POINT('',(-0.0302496723287106,0.0658001975368857,-0.0373));
#14799=CARTESIAN_POINT('',(-0.0282496723287106,0.0658001975368857,-0.02715));
#14800=CARTESIAN_POINT('',(-0.0292496723287105,0.0648001975368858,-0.0353));
#14801=CARTESIAN_POINT('',(-0.0302496723287106,0.0658001975368857,-0.0373));
#14802=CARTESIAN_POINT('',(-0.0302496723287106,0.0658001975368857,-0.0373));
#14803=CARTESIAN_POINT('',(-0.0282496723287106,0.0638001975368857,-0.0353));
#14804=CARTESIAN_POINT('',(0.0207503276712895,0.0638001975368857,-0.02715));
#14805=CARTESIAN_POINT('',(0.0217503276712895,0.0648001975368858,-0.0353));
#14806=CARTESIAN_POINT('',(0.0227503276712895,0.0638001975368857,-0.0353));
#14807=CARTESIAN_POINT('',(0.0207503276712895,0.0658001975368857,-0.0373));
#14808=CARTESIAN_POINT('',(0.0207503276712895,0.0658001975368857,-0.0373));
#14809=CARTESIAN_POINT('',(0.0207503276712895,0.0658001975368857,-0.0373));
#14810=CARTESIAN_POINT('',(-0.000749672328710527,0.0638001975368857,-0.02715));
#14811=CARTESIAN_POINT('',(-0.00274967232871053,0.0658001975368857,-0.0353));
#14812=CARTESIAN_POINT('',(0.0100003276712895,0.0638001975368857,-0.0353));
#14813=CARTESIAN_POINT('',(-0.000749672328710525,0.0648001975368857,-0.0363));
#14814=CARTESIAN_POINT('',(-0.00274967232871053,0.0658001975368857,-0.0353));
#14815=CARTESIAN_POINT('',(-0.00274967232871053,0.0658001975368857,-0.0353));
#14816=CARTESIAN_POINT('',(-0.000749672328710527,0.0638001975368857,-0.0373));
#14817=CARTESIAN_POINT('',(-0.0445,0.0122,-0.0212));
#14818=CARTESIAN_POINT('',(-0.0445,0.0122,-0.0212));
#14819=CARTESIAN_POINT('',(-0.0445,0.0146,-0.0212));
#14820=CARTESIAN_POINT('',(-0.015,0.0162,-0.0212));
#14821=CARTESIAN_POINT('',(0.0145,0.0202,-0.0212));
#14822=CARTESIAN_POINT('',(0.0145,0.0202,-0.0212));
#14823=CARTESIAN_POINT('',(0.0145,0.0226,-0.0212));
#14824=CARTESIAN_POINT('',(-0.015,0.0162,-0.0212));
#14825=CARTESIAN_POINT('',(0.0145,0.0122,-0.0212));
#14826=CARTESIAN_POINT('',(0.0145,0.0122,-0.0212));
#14827=CARTESIAN_POINT('',(0.0145,0.0146,-0.0212));
#14828=CARTESIAN_POINT('',(-0.015,0.0162,-0.0212));
#14829=CARTESIAN_POINT('',(-0.0445,0.0202,-0.0212));
#14830=CARTESIAN_POINT('',(-0.0445,0.0202,-0.0212));
#14831=CARTESIAN_POINT('',(-0.0445,0.0226,-0.0212));
#14832=CARTESIAN_POINT('',(-0.015,0.0162,-0.0212));
#14833=CARTESIAN_POINT('',(-0.0694665490260601,0.0942070019328892,0.06926377389431));
#14834=CARTESIAN_POINT('',(0.0099999999999998,0.04,-0.001));
#14835=CARTESIAN_POINT('',(0.01,0.04,-1.99493199737333E-16));
#14836=CARTESIAN_POINT('',(-0.0009999999999998,0.04,-1.99493199737333E-16));
#14837=CARTESIAN_POINT('',(0.01,0.04,0.0130000000000002));
#14838=CARTESIAN_POINT('',(0.0209999999999998,0.04,0.0130000000000002));
#14839=CARTESIAN_POINT('',(0.01,0.04,-0.001));
#14840=CARTESIAN_POINT('',(0.01,0.04,0.004));
#14841=CARTESIAN_POINT('',(-0.005,0.04,0.004));
#14842=CARTESIAN_POINT('',(0.01,0.04,0.009));
#14843=CARTESIAN_POINT('',(-0.005,0.04,0.009));
#14844=CARTESIAN_POINT('',(0.01,0.04,0.004));
#14845=CARTESIAN_POINT('',(0.01,0.04,0.014));
#14846=CARTESIAN_POINT('',(-0.0694665490260601,0.0942070019328892,0.06926377389431));
#14847=CARTESIAN_POINT('',(0.09,-0.1714,-0.01495));
#14848=CARTESIAN_POINT('',(0.0914334717981812,-0.167665678294011,-0.03945));
#14849=CARTESIAN_POINT('',(0.0914334717981812,-0.167665678294011,-0.0397149607144022));
#14850=CARTESIAN_POINT('',(0.0916568336027028,-0.167749645094832,-0.03995));
#14851=CARTESIAN_POINT('',(0.0918903143964076,-0.167874845892343,-0.03995));
#14852=CARTESIAN_POINT('',(0.0914334717981812,-0.167665678294011,-0.03945));
#14853=CARTESIAN_POINT('',(0.0918903143964076,-0.167874845892343,-0.03995));
#14854=CARTESIAN_POINT('',(0.09,-0.1714,-0.03995));
#14855=CARTESIAN_POINT('',(0.0881116931419221,-0.167873770113885,-0.03995));
#14856=CARTESIAN_POINT('',(0.0881116931419221,-0.167873770113884,-0.03995));
#14857=CARTESIAN_POINT('',(0.0883446527518154,-0.167749019532321,-0.03995));
#14858=CARTESIAN_POINT('',(0.0885665282018188,-0.167665678294011,-0.0397142601455253));
#14859=CARTESIAN_POINT('',(0.0885665282018188,-0.167665678294011,-0.03945));
#14860=CARTESIAN_POINT('',(0.0885665282018188,-0.167665678294011,-0.03945));
#14861=CARTESIAN_POINT('',(0.0885665282018188,-0.167665678294011,-0.02695));
#14862=CARTESIAN_POINT('',(0.0885665282018188,-0.167665678294011,-0.02745));
#14863=CARTESIAN_POINT('',(0.0885665282018188,-0.167665678294011,-0.02745));
#14864=CARTESIAN_POINT('',(0.0885665282018188,-0.167665678294011,-0.0271857293871787));
#14865=CARTESIAN_POINT('',(0.088344668189088,-0.167749011265615,-0.0269500000000001));
#14866=CARTESIAN_POINT('',(0.0881116931419221,-0.167873770113884,-0.02695));
#14867=CARTESIAN_POINT('',(0.0881116931419221,-0.167873770113885,-0.02695));
#14868=CARTESIAN_POINT('',(0.09,-0.1714,-0.02695));
#14869=CARTESIAN_POINT('',(0.0872315184881694,-0.168512871648393,-0.02695));
#14870=CARTESIAN_POINT('',(0.0872315184881694,-0.168512871648393,-0.02695));
#14871=CARTESIAN_POINT('',(0.087040302138312,-0.168696229942473,-0.0269499999999998));
#14872=CARTESIAN_POINT('',(0.0868914161541721,-0.1688827184358,-0.0271850297767353));
#14873=CARTESIAN_POINT('',(0.0868914161541721,-0.1688827184358,-0.02745));
#14874=CARTESIAN_POINT('',(0.0868914161541721,-0.1688827184358,-0.02745));
#14875=CARTESIAN_POINT('',(0.0868914161541721,-0.1688827184358,-0.02695));
#14876=CARTESIAN_POINT('',(0.0868914161541721,-0.1688827184358,-0.03945));
#14877=CARTESIAN_POINT('',(0.0868914161541721,-0.1688827184358,-0.03945));
#14878=CARTESIAN_POINT('',(0.0868914161541721,-0.1688827184358,-0.0397149607144021));
#14879=CARTESIAN_POINT('',(0.087040295920737,-0.168696235904536,-0.0399500000000002));
#14880=CARTESIAN_POINT('',(0.0872315184881694,-0.168512871648393,-0.03995));
#14881=CARTESIAN_POINT('',(0.0872315184881694,-0.168512871648393,-0.03995));
#14882=CARTESIAN_POINT('',(0.09,-0.1714,-0.03995));
#14883=CARTESIAN_POINT('',(0.0860628371791141,-0.172106221581257,-0.03995));
#14884=CARTESIAN_POINT('',(0.0860628371791141,-0.172106221581257,-0.03995));
#14885=CARTESIAN_POINT('',(0.0860161808040673,-0.171846113776473,-0.0399499999999999));
#14886=CARTESIAN_POINT('',(0.0860054818609817,-0.171609343824972,-0.0397142601455252));
#14887=CARTESIAN_POINT('',(0.0860054818609817,-0.171609343824972,-0.03945));
#14888=CARTESIAN_POINT('',(0.0860054818609817,-0.171609343824972,-0.03945));
#14889=CARTESIAN_POINT('',(0.0860054818609817,-0.171609343824972,-0.02695));
#14890=CARTESIAN_POINT('',(0.0860054818609817,-0.171609343824972,-0.02745));
#14891=CARTESIAN_POINT('',(0.0860054818609817,-0.171609343824972,-0.02745));
#14892=CARTESIAN_POINT('',(0.0860054818609817,-0.171609343824972,-0.027185729387179));
#14893=CARTESIAN_POINT('',(0.0860161777123417,-0.171846096540202,-0.02695));
#14894=CARTESIAN_POINT('',(0.0860628371791141,-0.172106221581257,-0.02695));
#14895=CARTESIAN_POINT('',(0.0860628371791141,-0.172106221581257,-0.02695));
#14896=CARTESIAN_POINT('',(0.09,-0.1714,-0.02695));
#14897=CARTESIAN_POINT('',(0.0863986699320553,-0.173140810656481,-0.02695));
#14898=CARTESIAN_POINT('',(0.0863986699320553,-0.173140810656481,-0.02695));
#14899=CARTESIAN_POINT('',(0.0865139649307483,-0.173379329040965,-0.0269500000000001));
#14900=CARTESIAN_POINT('',(0.0866453177282183,-0.17357855614006,-0.0271850297767353));
#14901=CARTESIAN_POINT('',(0.0866453177282183,-0.17357855614006,-0.02745));
#14902=CARTESIAN_POINT('',(0.0866453177282183,-0.17357855614006,-0.02745));
#14903=CARTESIAN_POINT('',(0.0866453177282183,-0.17357855614006,-0.02695));
#14904=CARTESIAN_POINT('',(0.0866453177282183,-0.17357855614006,-0.03945));
#14905=CARTESIAN_POINT('',(0.0866453177282183,-0.17357855614006,-0.03945));
#14906=CARTESIAN_POINT('',(0.0866453177282183,-0.17357855614006,-0.0397149607144021));
#14907=CARTESIAN_POINT('',(0.0865139686796709,-0.173379336796609,-0.0399499999999999));
#14908=CARTESIAN_POINT('',(0.0863986699320553,-0.173140810656481,-0.03995));
#14909=CARTESIAN_POINT('',(0.0863986699320554,-0.173140810656481,-0.03995));
#14910=CARTESIAN_POINT('',(0.09,-0.1714,-0.03995));
#14911=CARTESIAN_POINT('',(0.089455006415528,-0.175362698826921,-0.03995));
#14912=CARTESIAN_POINT('',(0.089455006415528,-0.175362698826921,-0.03995));
#14913=CARTESIAN_POINT('',(0.0891932115800638,-0.175326693944389,-0.0399500000000001));
#14914=CARTESIAN_POINT('',(0.0889647238195899,-0.175263703305156,-0.0397142601455254));
#14915=CARTESIAN_POINT('',(0.0889647238195899,-0.175263703305156,-0.03945));
#14916=CARTESIAN_POINT('',(0.0889647238195899,-0.175263703305156,-0.03945));
#14917=CARTESIAN_POINT('',(0.0889647238195899,-0.175263703305156,-0.02695));
#14918=CARTESIAN_POINT('',(0.0889647238195899,-0.175263703305156,-0.02745));
#14919=CARTESIAN_POINT('',(0.0889647238195899,-0.175263703305156,-0.02745));
#14920=CARTESIAN_POINT('',(0.0889647238195899,-0.175263703305156,-0.0271857293871788));
#14921=CARTESIAN_POINT('',(0.0891931942319998,-0.175326691558494,-0.02695));
#14922=CARTESIAN_POINT('',(0.089455006415528,-0.175362698826921,-0.02695));
#14923=CARTESIAN_POINT('',(0.089455006415528,-0.175362698826921,-0.02695));
#14924=CARTESIAN_POINT('',(0.09,-0.1714,-0.02695));
#14925=CARTESIAN_POINT('',(0.0905427371251339,-0.17536300850529,-0.02695));
#14926=CARTESIAN_POINT('',(0.0905427371251339,-0.17536300850529,-0.02695));
#14927=CARTESIAN_POINT('',(0.0908052097029164,-0.175327062679763,-0.02695));
#14928=CARTESIAN_POINT('',(0.0910352761804101,-0.175263703305157,-0.0271850297767354));
#14929=CARTESIAN_POINT('',(0.0910352761804101,-0.175263703305157,-0.02745));
#14930=CARTESIAN_POINT('',(0.0910352761804101,-0.175263703305156,-0.02745));
#14931=CARTESIAN_POINT('',(0.0910352761804101,-0.175263703305156,-0.02695));
#14932=CARTESIAN_POINT('',(0.0910352761804101,-0.175263703305156,-0.03945));
#14933=CARTESIAN_POINT('',(0.0910352761804101,-0.175263703305157,-0.03945));
#14934=CARTESIAN_POINT('',(0.0910352761804101,-0.175263703305157,-0.0397149607144021));
#14935=CARTESIAN_POINT('',(0.090805218237453,-0.175327061510952,-0.03995));
#14936=CARTESIAN_POINT('',(0.0905427371251339,-0.17536300850529,-0.03995));
#14937=CARTESIAN_POINT('',(0.0905427371251339,-0.17536300850529,-0.03995));
#14938=CARTESIAN_POINT('',(0.09,-0.1714,-0.03995));
#14939=CARTESIAN_POINT('',(0.0936003382620316,-0.173142860980959,-0.03995));
#14940=CARTESIAN_POINT('',(0.0936003382620316,-0.173142860980959,-0.03995));
#14941=CARTESIAN_POINT('',(0.0934851965306823,-0.173380716544577,-0.0399500000000001));
#14942=CARTESIAN_POINT('',(0.0933546822717817,-0.17357855614006,-0.0397142601455253));
#14943=CARTESIAN_POINT('',(0.0933546822717817,-0.17357855614006,-0.03945));
#14944=CARTESIAN_POINT('',(0.0933546822717817,-0.17357855614006,-0.03945));
#14945=CARTESIAN_POINT('',(0.0933546822717817,-0.17357855614006,-0.02695));
#14946=CARTESIAN_POINT('',(0.0933546822717817,-0.17357855614006,-0.02745));
#14947=CARTESIAN_POINT('',(0.0933546822717817,-0.17357855614006,-0.02745));
#14948=CARTESIAN_POINT('',(0.0933546822717817,-0.17357855614006,-0.0271857293871788));
#14949=CARTESIAN_POINT('',(0.0934851889007148,-0.173380732306284,-0.0269500000000001));
#14950=CARTESIAN_POINT('',(0.0936003382620316,-0.173142860980959,-0.02695));
#14951=CARTESIAN_POINT('',(0.0936003382620316,-0.173142860980959,-0.02695));
#14952=CARTESIAN_POINT('',(0.09,-0.1714,-0.02695));
#14953=CARTESIAN_POINT('',(0.0939367600582338,-0.172108463297493,-0.02695));
#14954=CARTESIAN_POINT('',(0.0939367600582338,-0.172108463297493,-0.02695));
#14955=CARTESIAN_POINT('',(0.0939836820337252,-0.17184772917108,-0.02695));
#14956=CARTESIAN_POINT('',(0.0939945181390183,-0.171609343824972,-0.0271850297767355));
#14957=CARTESIAN_POINT('',(0.0939945181390183,-0.171609343824972,-0.02745));
#14958=CARTESIAN_POINT('',(0.0939945181390183,-0.171609343824972,-0.02745));
#14959=CARTESIAN_POINT('',(0.0939945181390183,-0.171609343824972,-0.02695));
#14960=CARTESIAN_POINT('',(0.0939945181390183,-0.171609343824972,-0.03945));
#14961=CARTESIAN_POINT('',(0.0939945181390183,-0.171609343824972,-0.03945));
#14962=CARTESIAN_POINT('',(0.0939945181390183,-0.171609343824972,-0.0397149607144019));
#14963=CARTESIAN_POINT('',(0.0939836835594362,-0.17184772069307,-0.03995));
#14964=CARTESIAN_POINT('',(0.0939367600582338,-0.172108463297493,-0.03995));
#14965=CARTESIAN_POINT('',(0.0939367600582338,-0.172108463297493,-0.03995));
#14966=CARTESIAN_POINT('',(0.09,-0.1714,-0.03995));
#14967=CARTESIAN_POINT('',(0.0927701250014043,-0.168514448496977,-0.03995));
#14968=CARTESIAN_POINT('',(0.0927701250014043,-0.168514448496977,-0.03995));
#14969=CARTESIAN_POINT('',(0.0929607583333712,-0.168697456202239,-0.0399500000000001));
#14970=CARTESIAN_POINT('',(0.0931085838458279,-0.1688827184358,-0.0397142601455253));
#14971=CARTESIAN_POINT('',(0.0931085838458279,-0.1688827184358,-0.03945));
#14972=CARTESIAN_POINT('',(0.0931085838458279,-0.1688827184358,-0.03945));
#14973=CARTESIAN_POINT('',(0.0931085838458279,-0.1688827184358,-0.02695));
#14974=CARTESIAN_POINT('',(0.0931085838458279,-0.1688827184358,-0.02745));
#14975=CARTESIAN_POINT('',(0.0931085838458279,-0.1688827184358,-0.02745));
#14976=CARTESIAN_POINT('',(0.0931085838458279,-0.1688827184358,-0.0271857293871789));
#14977=CARTESIAN_POINT('',(0.0929607709658558,-0.168697468329405,-0.02695));
#14978=CARTESIAN_POINT('',(0.0927701250014043,-0.168514448496977,-0.02695));
#14979=CARTESIAN_POINT('',(0.0927701250014043,-0.168514448496977,-0.02695));
#14980=CARTESIAN_POINT('',(0.09,-0.1714,-0.02695));
#14981=CARTESIAN_POINT('',(0.0918903143964076,-0.167874845892343,-0.02695));
#14982=CARTESIAN_POINT('',(0.0918903143964076,-0.167874845892343,-0.02695));
#14983=CARTESIAN_POINT('',(0.0916568411942981,-0.167749649165719,-0.02695));
#14984=CARTESIAN_POINT('',(0.0914334717981812,-0.167665678294011,-0.0271850297767353));
#14985=CARTESIAN_POINT('',(0.0914334717981812,-0.167665678294011,-0.02745));
#14986=CARTESIAN_POINT('',(0.0914334717981812,-0.167665678294011,-0.02745));
#14987=CARTESIAN_POINT('',(0.0914334717981812,-0.167665678294011,-0.02695));
#14988=CARTESIAN_POINT('',(0.09,-0.1714,-0.00895));
#14989=CARTESIAN_POINT('',(0.094,-0.1714,-0.00895));
#14990=CARTESIAN_POINT('',(0.09,-0.1714,-0.03995));
#14991=CARTESIAN_POINT('',(0.0901831522810148,-0.171094461286629,-0.03995));
#14992=CARTESIAN_POINT('',(0.0996129538548664,-0.176747066315673,-0.03995));
#14993=CARTESIAN_POINT('',(0.0926113491957009,-0.182103953801821,-0.03995));
#14994=CARTESIAN_POINT('',(0.092606093522799,-0.182086827244342,-0.03995));
#14995=CARTESIAN_POINT('',(0.09,-0.1714,-0.03995));
#14996=CARTESIAN_POINT('',(0.0879018623241604,-0.182198046966615,-0.03995));
#14997=CARTESIAN_POINT('',(0.0879972322185167,-0.18170722664995,-0.03995));
#14998=CARTESIAN_POINT('',(0.0878852654038743,-0.1821945288482,-0.03995));
#14999=CARTESIAN_POINT('',(0.0903471817517238,-0.171479771515462,-0.03995));
#15000=CARTESIAN_POINT('',(0.0806268862663744,-0.17719124430066,-0.03995));
#15001=CARTESIAN_POINT('',(0.0806415504982227,-0.177180953461384,-0.03995));
#15002=CARTESIAN_POINT('',(0.09,-0.1714,-0.03995));
#15003=CARTESIAN_POINT('',(0.0790800302418885,-0.172724484987429,-0.03995));
#15004=CARTESIAN_POINT('',(0.0900314178418243,-0.171754840221261,-0.03995));
#15005=CARTESIAN_POINT('',(0.0815957479365001,-0.164275232013141,-0.03995));
#15006=CARTESIAN_POINT('',(0.0816100666031031,-0.164285998482174,-0.03995));
#15007=CARTESIAN_POINT('',(0.09,-0.1714,-0.03995));
#15008=CARTESIAN_POINT('',(0.0853658836886533,-0.161423779973712,-0.03995));
#15009=CARTESIAN_POINT('',(0.0896722355423767,-0.171539531801852,-0.03995));
#15010=CARTESIAN_POINT('',(0.0941790003083612,-0.161205406921503,-0.03995));
#15011=CARTESIAN_POINT('',(0.0941731854991472,-0.161222351804581,-0.03995));
#15012=CARTESIAN_POINT('',(0.09,-0.1714,-0.03995));
#15013=CARTESIAN_POINT('',(0.0980559283698792,-0.163909871957078,-0.03995));
#15014=CARTESIAN_POINT('',(0.0897660125830604,-0.171131395174796,-0.03995));
#15015=CARTESIAN_POINT('',(0.100987016293063,-0.172224162962874,-0.03995));
#15016=CARTESIAN_POINT('',(0.100969103876728,-0.172223869007519,-0.03995));
#15017=CARTESIAN_POINT('',(0.09,-0.1714,-0.03995));
#15018=CARTESIAN_POINT('',(0.0918,-0.1714,-0.00895));
#15019=CARTESIAN_POINT('',(0.0918,-0.1714,-0.01495));
#15020=CARTESIAN_POINT('',(0.0918,-0.169455134966122,-0.01495));
#15021=CARTESIAN_POINT('',(0.0918,-0.173344865033877,-0.01495));
#15022=CARTESIAN_POINT('',(0.0918,-0.173344865033877,-0.00895));
#15023=CARTESIAN_POINT('',(0.0918,-0.173344865033877,-0.00895));
#15024=CARTESIAN_POINT('',(0.0918,-0.1714,-0.00895));
#15025=CARTESIAN_POINT('',(0.0918,-0.169455134966122,-0.00895));
#15026=CARTESIAN_POINT('',(0.0918,-0.169455134966122,-0.00895));
#15027=CARTESIAN_POINT('',(0.09,-0.1714,-0.00895));
#15028=CARTESIAN_POINT('',(0.09,-0.1714,-0.01495));
#15029=CARTESIAN_POINT('',(0.0882,-0.173344865033877,-0.01495));
#15030=CARTESIAN_POINT('',(0.0882,-0.173344865033877,-0.00895));
#15031=CARTESIAN_POINT('',(0.0882,-0.173344865033877,-0.00895));
#15032=CARTESIAN_POINT('',(0.09,-0.1714,-0.00895));
#15033=CARTESIAN_POINT('',(0.0882,-0.1714,-0.00895));
#15034=CARTESIAN_POINT('',(0.0882,-0.1714,-0.01495));
#15035=CARTESIAN_POINT('',(0.0882,-0.169455134966122,-0.01495));
#15036=CARTESIAN_POINT('',(0.0882,-0.169455134966122,-0.00895));
#15037=CARTESIAN_POINT('',(0.0882,-0.169455134966122,-0.00895));
#15038=CARTESIAN_POINT('',(0.0882,-0.1714,-0.00895));
#15039=CARTESIAN_POINT('',(0.09,-0.1714,-0.00895));
#15040=CARTESIAN_POINT('',(0.09,-0.1714,-0.01495));
#15041=CARTESIAN_POINT('',(0.09,-0.1714,-0.00895));
#15042=CARTESIAN_POINT('',(0.09,-0.1714,-0.00895));
#15043=CARTESIAN_POINT('',(0.09,-0.1714,-0.01495));
#15044=CARTESIAN_POINT('',(0.0871952841031383,-0.16444458408963,-0.02695));
#15045=CARTESIAN_POINT('',(0.0871952841031383,-0.16444458408963,-0.03945));
#15046=CARTESIAN_POINT('',(0.0858240400044577,-0.161223489885249,-0.03945));
#15047=CARTESIAN_POINT('',(0.0858240400044577,-0.161223489885249,-0.02695));
#15048=CARTESIAN_POINT('',(0.0858240400044578,-0.161223489885249,-0.02745));
#15049=CARTESIAN_POINT('',(0.0885665282018188,-0.167665678294011,-0.02745));
#15050=CARTESIAN_POINT('',(0.0900864039893696,-0.171285088610465,-0.03995));
#15051=CARTESIAN_POINT('',(0.0900864039893696,-0.171285088610465,-0.02745));
#15052=CARTESIAN_POINT('',(0.0812952575012973,-0.164674863716528,-0.02745));
#15053=CARTESIAN_POINT('',(0.0812952575012973,-0.164674863716528,-0.02695));
#15054=CARTESIAN_POINT('',(0.0812952575012973,-0.164674863716528,-0.03945));
#15055=CARTESIAN_POINT('',(0.0868914161541721,-0.1688827184358,-0.03945));
#15056=CARTESIAN_POINT('',(0.09,-0.1714,-0.02695));
#15057=CARTESIAN_POINT('',(0.09,-0.1714,-0.02695));
#15058=CARTESIAN_POINT('',(0.0853658836886533,-0.161423779973712,-0.02695));
#15059=CARTESIAN_POINT('',(0.0816100666031031,-0.164285998482174,-0.02695));
#15060=CARTESIAN_POINT('',(0.0903868944245723,-0.170885456907079,-0.02695));
#15061=CARTESIAN_POINT('',(0.0853639918022845,-0.161419335874938,-0.02695));
#15062=CARTESIAN_POINT('',(0.0903868944245723,-0.170885456907079,-0.02745));
#15063=CARTESIAN_POINT('',(0.0812952575012973,-0.164674863716528,-0.02745));
#15064=CARTESIAN_POINT('',(0.0812952575012973,-0.164674863716528,-0.0271857800922256));
#15065=CARTESIAN_POINT('',(0.0814391908653349,-0.164487521641177,-0.02695));
#15066=CARTESIAN_POINT('',(0.0816100666031031,-0.164285998482174,-0.02695));
#15067=CARTESIAN_POINT('',(0.0903868944245723,-0.170885456907079,-0.03945));
#15068=CARTESIAN_POINT('',(0.0816100666031031,-0.164285998482174,-0.03995));
#15069=CARTESIAN_POINT('',(0.0814391916093174,-0.164487520763757,-0.03995));
#15070=CARTESIAN_POINT('',(0.0812952575012973,-0.164674863716528,-0.0397142211646424));
#15071=CARTESIAN_POINT('',(0.0812952575012973,-0.164674863716528,-0.03945));
#15072=CARTESIAN_POINT('',(0.0867352359009651,-0.164640430079319,-0.03945));
#15073=CARTESIAN_POINT('',(0.0858240400044577,-0.161223489885249,-0.03945));
#15074=CARTESIAN_POINT('',(0.0858240400044577,-0.161223489885249,-0.039714129880948));
#15075=CARTESIAN_POINT('',(0.0856054314902245,-0.161312506127337,-0.03995));
#15076=CARTESIAN_POINT('',(0.0853658836886533,-0.161423779973712,-0.03995));
#15077=CARTESIAN_POINT('',(0.0896722355423767,-0.171539531801852,-0.02745));
#15078=CARTESIAN_POINT('',(0.0853658836886533,-0.161423779973712,-0.02695));
#15079=CARTESIAN_POINT('',(0.0856054293357321,-0.161312507128134,-0.0269500000000001));
#15080=CARTESIAN_POINT('',(0.0858240400044577,-0.161223489885249,-0.0271858715520768));
#15081=CARTESIAN_POINT('',(0.0858240400044577,-0.161223489885249,-0.02745));
#15082=CARTESIAN_POINT('',(0.09,-0.1714,-0.04095));
#15083=CARTESIAN_POINT('',(0.09,-0.1714,-0.02695));
#15084=CARTESIAN_POINT('',(0.0790800302418883,-0.172724484987429,-0.02695));
#15085=CARTESIAN_POINT('',(0.0790800302418883,-0.172724484987429,-0.02695));
#15086=CARTESIAN_POINT('',(0.0790482271528903,-0.172462278338528,-0.02695));
#15087=CARTESIAN_POINT('',(0.07903112113577,-0.172226859396662,-0.0271858715520771));
#15088=CARTESIAN_POINT('',(0.07903112113577,-0.172226859396662,-0.02745));
#15089=CARTESIAN_POINT('',(0.07903112113577,-0.172226859396662,-0.02745));
#15090=CARTESIAN_POINT('',(0.07903112113577,-0.172226859396662,-0.02695));
#15091=CARTESIAN_POINT('',(0.07903112113577,-0.172226859396662,-0.03945));
#15092=CARTESIAN_POINT('',(0.07903112113577,-0.172226859396662,-0.03945));
#15093=CARTESIAN_POINT('',(0.07903112113577,-0.172226859396662,-0.0397141298809478));
#15094=CARTESIAN_POINT('',(0.0790482268668508,-0.172462275980221,-0.0399499999999999));
#15095=CARTESIAN_POINT('',(0.0790800302418883,-0.172724484987429,-0.03995));
#15096=CARTESIAN_POINT('',(0.09,-0.1714,-0.03995));
#15097=CARTESIAN_POINT('',(0.09,-0.1714,-0.04095));
#15098=CARTESIAN_POINT('',(0.09,-0.1714,-0.03995));
#15099=CARTESIAN_POINT('',(0.0941731854991472,-0.161222351804581,-0.03995));
#15100=CARTESIAN_POINT('',(0.0939287231430755,-0.161122113838024,-0.03995));
#15101=CARTESIAN_POINT('',(0.0937060713216125,-0.161043116522857,-0.0397142211646425));
#15102=CARTESIAN_POINT('',(0.0937060713216125,-0.161043116522857,-0.03945));
#15103=CARTESIAN_POINT('',(0.0937060713216125,-0.161043116522857,-0.03945));
#15104=CARTESIAN_POINT('',(0.0937060713216125,-0.161043116522857,-0.02695));
#15105=CARTESIAN_POINT('',(0.0937060713216125,-0.161043116522857,-0.02745));
#15106=CARTESIAN_POINT('',(0.0937060713216125,-0.161043116522857,-0.02745));
#15107=CARTESIAN_POINT('',(0.0937060713216125,-0.161043116522857,-0.0271857800922255));
#15108=CARTESIAN_POINT('',(0.0939287220786967,-0.161122113401592,-0.02695));
#15109=CARTESIAN_POINT('',(0.0941731854991472,-0.161222351804581,-0.02695));
#15110=CARTESIAN_POINT('',(0.0941731854991472,-0.161222351804581,-0.02695));
#15111=CARTESIAN_POINT('',(0.09,-0.1714,-0.02695));
#15112=CARTESIAN_POINT('',(0.0957482887485764,-0.166583214950683,-0.02695));
#15113=CARTESIAN_POINT('',(0.0957482887485764,-0.166583214950683,-0.03945));
#15114=CARTESIAN_POINT('',(0.098387993651325,-0.164283711465565,-0.03945));
#15115=CARTESIAN_POINT('',(0.098387993651325,-0.164283711465565,-0.02695));
#15116=CARTESIAN_POINT('',(0.098387993651325,-0.164283711465565,-0.02745));
#15117=CARTESIAN_POINT('',(0.0931085838458279,-0.1688827184358,-0.02745));
#15118=CARTESIAN_POINT('',(0.0901359875269108,-0.171446665504911,-0.03995));
#15119=CARTESIAN_POINT('',(0.0901359875269108,-0.171446665504911,-0.02745));
#15120=CARTESIAN_POINT('',(0.0914334717981812,-0.167665678294011,-0.03945));
#15121=CARTESIAN_POINT('',(0.09,-0.1714,-0.02695));
#15122=CARTESIAN_POINT('',(0.09,-0.1714,-0.02695));
#15123=CARTESIAN_POINT('',(0.0980559283698792,-0.163909871957078,-0.02695));
#15124=CARTESIAN_POINT('',(0.0906089165136595,-0.171608955903557,-0.02695));
#15125=CARTESIAN_POINT('',(0.0980595703339379,-0.163906699364173,-0.02695));
#15126=CARTESIAN_POINT('',(0.0906089165136595,-0.171608955903557,-0.02745));
#15127=CARTESIAN_POINT('',(0.0906089165136595,-0.171608955903557,-0.03945));
#15128=CARTESIAN_POINT('',(0.0954198654311893,-0.16620620284929,-0.03945));
#15129=CARTESIAN_POINT('',(0.098387993651325,-0.164283711465565,-0.03945));
#15130=CARTESIAN_POINT('',(0.098387993651325,-0.164283711465565,-0.039714129880948));
#15131=CARTESIAN_POINT('',(0.098235780428218,-0.164103309945167,-0.03995));
#15132=CARTESIAN_POINT('',(0.0980559283698792,-0.163909871957078,-0.03995));
#15133=CARTESIAN_POINT('',(0.0897660125830604,-0.171131395174796,-0.02745));
#15134=CARTESIAN_POINT('',(0.0980559283698792,-0.163909871957078,-0.02695));
#15135=CARTESIAN_POINT('',(0.098235778810629,-0.164103308205386,-0.0269500000000001));
#15136=CARTESIAN_POINT('',(0.098387993651325,-0.164283711465565,-0.0271858715520769));
#15137=CARTESIAN_POINT('',(0.098387993651325,-0.164283711465565,-0.02745));
#15138=CARTESIAN_POINT('',(0.09,-0.1714,-0.04095));
#15139=CARTESIAN_POINT('',(0.09,-0.1714,-0.03995));
#15140=CARTESIAN_POINT('',(0.100969103876728,-0.172223869007519,-0.03995));
#15141=CARTESIAN_POINT('',(0.100988892825492,-0.17196039625564,-0.0399500000000001));
#15142=CARTESIAN_POINT('',(0.10099522054019,-0.171724230277076,-0.0397142211646424));
#15143=CARTESIAN_POINT('',(0.10099522054019,-0.171724230277076,-0.03945));
#15144=CARTESIAN_POINT('',(0.10099522054019,-0.171724230277076,-0.03945));
#15145=CARTESIAN_POINT('',(0.10099522054019,-0.171724230277076,-0.02695));
#15146=CARTESIAN_POINT('',(0.10099522054019,-0.171724230277076,-0.02745));
#15147=CARTESIAN_POINT('',(0.10099522054019,-0.171724230277076,-0.02745));
#15148=CARTESIAN_POINT('',(0.10099522054019,-0.171724230277076,-0.0271857800922256));
#15149=CARTESIAN_POINT('',(0.100988892911652,-0.17196039510849,-0.0269499999999999));
#15150=CARTESIAN_POINT('',(0.100969103876728,-0.172223869007519,-0.02695));
#15151=CARTESIAN_POINT('',(0.100969103876728,-0.172223869007519,-0.02695));
#15152=CARTESIAN_POINT('',(0.09,-0.1714,-0.02695));
#15153=CARTESIAN_POINT('',(0.0825183014983758,-0.171918101610817,-0.02695));
#15154=CARTESIAN_POINT('',(0.0860054818609817,-0.171609343824972,-0.02745));
#15155=CARTESIAN_POINT('',(0.0825183014983758,-0.171918101610817,-0.03945));
#15156=CARTESIAN_POINT('',(0.0899174130752831,-0.171282315350662,-0.03995));
#15157=CARTESIAN_POINT('',(0.0899174130752831,-0.171282315350662,-0.02745));
#15158=CARTESIAN_POINT('',(0.0809141019508735,-0.177600520674982,-0.02745));
#15159=CARTESIAN_POINT('',(0.0809141019508735,-0.177600520674982,-0.02695));
#15160=CARTESIAN_POINT('',(0.0809141019508735,-0.177600520674982,-0.03945));
#15161=CARTESIAN_POINT('',(0.0866453177282183,-0.17357855614006,-0.03945));
#15162=CARTESIAN_POINT('',(0.09,-0.1714,-0.02695));
#15163=CARTESIAN_POINT('',(0.0790752190277508,-0.172724910976243,-0.02695));
#15164=CARTESIAN_POINT('',(0.09,-0.1714,-0.02695));
#15165=CARTESIAN_POINT('',(0.0806415504982227,-0.177180953461384,-0.02695));
#15166=CARTESIAN_POINT('',(0.089630197390784,-0.170873038976341,-0.02695));
#15167=CARTESIAN_POINT('',(0.0900314178418243,-0.171754840221261,-0.02745));
#15168=CARTESIAN_POINT('',(0.089630197390784,-0.170873038976341,-0.02745));
#15169=CARTESIAN_POINT('',(0.0809141019508735,-0.177600520674982,-0.02745));
#15170=CARTESIAN_POINT('',(0.0809141019508735,-0.177600520674982,-0.0271857800922254));
#15171=CARTESIAN_POINT('',(0.0807804069048797,-0.177405740026157,-0.02695));
#15172=CARTESIAN_POINT('',(0.0806415504982227,-0.177180953461384,-0.02695));
#15173=CARTESIAN_POINT('',(0.089630197390784,-0.170873038976341,-0.03945));
#15174=CARTESIAN_POINT('',(0.0806415504982227,-0.177180953461384,-0.03995));
#15175=CARTESIAN_POINT('',(0.0807804063003074,-0.17740573904745,-0.03995));
#15176=CARTESIAN_POINT('',(0.0809141019508735,-0.177600520674982,-0.0397142211646426));
#15177=CARTESIAN_POINT('',(0.0809141019508735,-0.177600520674982,-0.03945));
#15178=CARTESIAN_POINT('',(0.0825623993903567,-0.172416153190397,-0.03945));
#15179=CARTESIAN_POINT('',(0.09,-0.1714,-0.04095));
#15180=CARTESIAN_POINT('',(0.09,-0.1714,-0.02695));
#15181=CARTESIAN_POINT('',(0.0879018623241604,-0.182198046966615,-0.02695));
#15182=CARTESIAN_POINT('',(0.0879018623241604,-0.182198046966615,-0.02695));
#15183=CARTESIAN_POINT('',(0.09,-0.1714,-0.03995));
#15184=CARTESIAN_POINT('',(0.0881807719292789,-0.178675620315481,-0.02695));
#15185=CARTESIAN_POINT('',(0.0881807719292789,-0.178675620315481,-0.03945));
#15186=CARTESIAN_POINT('',(0.0875099300202672,-0.181595259835308,-0.03945));
#15187=CARTESIAN_POINT('',(0.0875099300202672,-0.181595259835308,-0.02695));
#15188=CARTESIAN_POINT('',(0.0875099300202672,-0.181595259835308,-0.02745));
#15189=CARTESIAN_POINT('',(0.0889647238195899,-0.175263703305156,-0.02745));
#15190=CARTESIAN_POINT('',(0.0898625544841291,-0.17144217827629,-0.03995));
#15191=CARTESIAN_POINT('',(0.0930893486860262,-0.181957268808558,-0.02695));
#15192=CARTESIAN_POINT('',(0.0930893486860262,-0.181957268808558,-0.02745));
#15193=CARTESIAN_POINT('',(0.0930893486860262,-0.181957268808558,-0.03945));
#15194=CARTESIAN_POINT('',(0.0910352761804101,-0.175263703305156,-0.03945));
#15195=CARTESIAN_POINT('',(0.0898625544841291,-0.17144217827629,-0.02745));
#15196=CARTESIAN_POINT('',(0.09,-0.1714,-0.02695));
#15197=CARTESIAN_POINT('',(0.09,-0.1714,-0.02695));
#15198=CARTESIAN_POINT('',(0.0926060935227989,-0.182086827244342,-0.02695));
#15199=CARTESIAN_POINT('',(0.0893845549938038,-0.171588863269554,-0.02695));
#15200=CARTESIAN_POINT('',(0.0878841222372173,-0.182199504140447,-0.02695));
#15201=CARTESIAN_POINT('',(0.0878852654038743,-0.1821945288482,-0.02695));
#15202=CARTESIAN_POINT('',(0.0879972322185167,-0.18170722664995,-0.02695));
#15203=CARTESIAN_POINT('',(0.0903471817517238,-0.171479771515462,-0.02745));
#15204=CARTESIAN_POINT('',(0.0879972322185167,-0.18170722664995,-0.02745));
#15205=CARTESIAN_POINT('',(0.0886680741275284,-0.178787587130123,-0.03945));
#15206=CARTESIAN_POINT('',(0.0879972322185167,-0.18170722664995,-0.03945));
#15207=CARTESIAN_POINT('',(0.0879972322185167,-0.18170722664995,-0.02695));
#15208=CARTESIAN_POINT('',(0.0893845549938038,-0.171588863269554,-0.03945));
#15209=CARTESIAN_POINT('',(0.092606093522799,-0.182086827244342,-0.03995));
#15210=CARTESIAN_POINT('',(0.0928627861218082,-0.182024230095129,-0.03995));
#15211=CARTESIAN_POINT('',(0.0930893486860262,-0.181957268808558,-0.0397142211646425));
#15212=CARTESIAN_POINT('',(0.0930893486860262,-0.181957268808558,-0.03945));
#15213=CARTESIAN_POINT('',(0.0893845549938038,-0.171588863269554,-0.02745));
#15214=CARTESIAN_POINT('',(0.0930893486860262,-0.181957268808558,-0.02745));
#15215=CARTESIAN_POINT('',(0.0930893486860262,-0.181957268808558,-0.0271857800922255));
#15216=CARTESIAN_POINT('',(0.092862787239437,-0.182024229822584,-0.02695));
#15217=CARTESIAN_POINT('',(0.092606093522799,-0.182086827244342,-0.02695));
#15218=CARTESIAN_POINT('',(0.09,-0.1714,-0.04095));
#15219=CARTESIAN_POINT('',(0.09,-0.1714,-0.03995));
#15220=CARTESIAN_POINT('',(0.09,-0.1714,-0.02695));
#15221=CARTESIAN_POINT('',(0.0996129538548665,-0.176747066315673,-0.02695));
#15222=CARTESIAN_POINT('',(0.0996129538548665,-0.176747066315673,-0.02695));
#15223=CARTESIAN_POINT('',(0.0994845618930628,-0.176977889337362,-0.0269500000000001));
#15224=CARTESIAN_POINT('',(0.0993600251694795,-0.177178401926719,-0.0271858715520768));
#15225=CARTESIAN_POINT('',(0.0993600251694795,-0.177178401926719,-0.02745));
#15226=CARTESIAN_POINT('',(0.0993600251694795,-0.177178401926719,-0.02745));
#15227=CARTESIAN_POINT('',(0.0993600251694795,-0.177178401926719,-0.02695));
#15228=CARTESIAN_POINT('',(0.0993600251694795,-0.177178401926719,-0.03945));
#15229=CARTESIAN_POINT('',(0.0993600251694795,-0.177178401926719,-0.03945));
#15230=CARTESIAN_POINT('',(0.0993600251694795,-0.177178401926719,-0.039714129880948));
#15231=CARTESIAN_POINT('',(0.0994845607382953,-0.176977891413402,-0.0399500000000001));
#15232=CARTESIAN_POINT('',(0.0996129538548665,-0.176747066315673,-0.03995));
#15233=CARTESIAN_POINT('',(0.0963573537206306,-0.17537847903339,-0.02695));
#15234=CARTESIAN_POINT('',(0.0933546822717817,-0.17357855614006,-0.02745));
#15235=CARTESIAN_POINT('',(0.0963573537206306,-0.17537847903339,-0.03945));
#15236=CARTESIAN_POINT('',(0.0899976409243074,-0.171543752257672,-0.03995));
#15237=CARTESIAN_POINT('',(0.0899976409243074,-0.171543752257672,-0.02745));
#15238=CARTESIAN_POINT('',(0.0939945181390183,-0.171609343824972,-0.03945));
#15239=CARTESIAN_POINT('',(0.09,-0.1714,-0.02695));
#15240=CARTESIAN_POINT('',(0.0996170965988094,-0.1767495496442,-0.02695));
#15241=CARTESIAN_POINT('',(0.09,-0.1714,-0.02695));
#15242=CARTESIAN_POINT('',(0.0899894366771803,-0.172043684943469,-0.02695));
#15243=CARTESIAN_POINT('',(0.0901831522810148,-0.171094461286629,-0.02745));
#15244=CARTESIAN_POINT('',(0.0899894366771803,-0.172043684943469,-0.02745));
#15245=CARTESIAN_POINT('',(0.0899894366771803,-0.172043684943469,-0.03945));
#15246=CARTESIAN_POINT('',(0.0966144251499605,-0.17494962675087,-0.03945));
#15247=CARTESIAN_POINT('',(0.09,-0.1714,-0.04095));
#15248=CARTESIAN_POINT('',(0.09,-0.1714,-0.03595));
#15249=CARTESIAN_POINT('',(0.105,-0.1714,-0.03595));
#15250=CARTESIAN_POINT('',(0.09,-0.1714,-0.03095));
#15251=CARTESIAN_POINT('',(0.105,-0.1714,-0.03095));
#15252=CARTESIAN_POINT('',(0.09,-0.1714,-0.03595));
#15253=CARTESIAN_POINT('',(0.09,-0.1714,-0.02595));
#15254=CARTESIAN_POINT('',(-0.0204216575152684,0.265713126103949,0.112858155277964));
#15255=CARTESIAN_POINT('',(-0.04,-0.1117,-0.001));
#15256=CARTESIAN_POINT('',(-0.04,-0.1117,-1.99493199737333E-16));
#15257=CARTESIAN_POINT('',(-0.0290000000000002,-0.1117,-1.99493199737333E-16));
#15258=CARTESIAN_POINT('',(-0.04,-0.1117,0.0130000000000002));
#15259=CARTESIAN_POINT('',(-0.0509999999999998,-0.1117,0.0130000000000002));
#15260=CARTESIAN_POINT('',(-0.04,-0.1117,-0.001));
#15261=CARTESIAN_POINT('',(-0.04,-0.1117,0.004));
#15262=CARTESIAN_POINT('',(-0.025,-0.1117,0.004));
#15263=CARTESIAN_POINT('',(-0.04,-0.1117,0.009));
#15264=CARTESIAN_POINT('',(-0.025,-0.1117,0.009));
#15265=CARTESIAN_POINT('',(-0.04,-0.1117,0.004));
#15266=CARTESIAN_POINT('',(-0.04,-0.1117,0.014));
#15267=CARTESIAN_POINT('',(-0.0689665490260601,0.255507001932889,0.13996377389431));
#15268=CARTESIAN_POINT('',(0.01125,0.02,0.1));
#15269=CARTESIAN_POINT('',(0.01125,0.02,0.));
#15270=CARTESIAN_POINT('',(0.013,0.02,0.));
#15271=CARTESIAN_POINT('',(0.0175,0.02,0.));
#15272=CARTESIAN_POINT('',(0.013,0.02,0.1));
#15273=CARTESIAN_POINT('',(0.013,0.02,0.1));
#15274=CARTESIAN_POINT('',(0.01125,0.02,0.1));
#15275=CARTESIAN_POINT('',(0.0175,0.02,0.1));
#15276=CARTESIAN_POINT('',(0.0175,0.02,0.1));
#15277=CARTESIAN_POINT('',(0.005,0.0175,0.1));
#15278=CARTESIAN_POINT('',(0.005,0.0175,0.1));
#15279=CARTESIAN_POINT('',(0.005,0.012,0.1));
#15280=CARTESIAN_POINT('',(0.005,0.01,0.1));
#15281=CARTESIAN_POINT('',(0.005,0.012,0.));
#15282=CARTESIAN_POINT('',(0.005,0.012,0.));
#15283=CARTESIAN_POINT('',(0.005,0.0175,0.));
#15284=CARTESIAN_POINT('',(0.005,0.01,0.));
#15285=CARTESIAN_POINT('',(0.005,0.01,0.1));
#15286=CARTESIAN_POINT('',(-1.7347234759768E-18,0.01,0.1));
#15287=CARTESIAN_POINT('',(-1.7347234759768E-18,0.01,0.));
#15288=CARTESIAN_POINT('',(-0.005,0.01,0.));
#15289=CARTESIAN_POINT('',(-0.005,0.01,0.1));
#15290=CARTESIAN_POINT('',(-0.005,0.01,0.1));
#15291=CARTESIAN_POINT('',(-1.7347234759768E-18,0.01,0.1));
#15292=CARTESIAN_POINT('',(-0.005,0.0125,0.1));
#15293=CARTESIAN_POINT('',(-0.005,0.0125,0.));
#15294=CARTESIAN_POINT('',(-0.005,0.012,0.));
#15295=CARTESIAN_POINT('',(-0.005,0.012,0.1));
#15296=CARTESIAN_POINT('',(-0.005,0.012,0.1));
#15297=CARTESIAN_POINT('',(-0.005,0.0125,0.1));
#15298=CARTESIAN_POINT('',(-0.01125,0.02,0.1));
#15299=CARTESIAN_POINT('',(-0.01125,0.02,0.1));
#15300=CARTESIAN_POINT('',(-0.0175,0.02,0.1));
#15301=CARTESIAN_POINT('',(-0.013,0.02,0.1));
#15302=CARTESIAN_POINT('',(-0.013,0.02,0.));
#15303=CARTESIAN_POINT('',(-0.013,0.02,0.));
#15304=CARTESIAN_POINT('',(-0.01125,0.02,0.));
#15305=CARTESIAN_POINT('',(-0.0175,0.02,0.));
#15306=CARTESIAN_POINT('',(-0.0175,0.02,0.1));
#15307=CARTESIAN_POINT('',(-0.0175,0.,0.1));
#15308=CARTESIAN_POINT('',(-0.0175,0.,0.));
#15309=CARTESIAN_POINT('',(-0.0175,-0.02,0.));
#15310=CARTESIAN_POINT('',(-0.0175,-0.02,0.1));
#15311=CARTESIAN_POINT('',(-0.0175,-0.02,0.1));
#15312=CARTESIAN_POINT('',(-0.0175,0.,0.1));
#15313=CARTESIAN_POINT('',(-0.01125,-0.02,0.1));
#15314=CARTESIAN_POINT('',(-0.01125,-0.02,0.));
#15315=CARTESIAN_POINT('',(-0.013,-0.02,0.));
#15316=CARTESIAN_POINT('',(-0.013,-0.02,0.1));
#15317=CARTESIAN_POINT('',(-0.013,-0.02,0.1));
#15318=CARTESIAN_POINT('',(-0.01125,-0.02,0.1));
#15319=CARTESIAN_POINT('',(-0.005,-0.015,0.1));
#15320=CARTESIAN_POINT('',(-0.005,-0.015,0.1));
#15321=CARTESIAN_POINT('',(-0.005,-0.012,0.1));
#15322=CARTESIAN_POINT('',(-0.005,-0.01,0.1));
#15323=CARTESIAN_POINT('',(-0.005,-0.012,0.1));
#15324=CARTESIAN_POINT('',(-0.005,-0.012,0.));
#15325=CARTESIAN_POINT('',(-0.005,-0.015,0.));
#15326=CARTESIAN_POINT('',(-0.005,-0.01,0.));
#15327=CARTESIAN_POINT('',(-0.005,-0.01,0.1));
#15328=CARTESIAN_POINT('',(5.20417042793042E-18,-0.01,0.1));
#15329=CARTESIAN_POINT('',(5.20417042793042E-18,-0.01,0.));
#15330=CARTESIAN_POINT('',(0.005,-0.01,0.));
#15331=CARTESIAN_POINT('',(0.005,-0.01,0.1));
#15332=CARTESIAN_POINT('',(0.005,-0.01,0.1));
#15333=CARTESIAN_POINT('',(5.20417042793042E-18,-0.01,0.1));
#15334=CARTESIAN_POINT('',(0.005,-0.015,0.1));
#15335=CARTESIAN_POINT('',(0.005,-0.015,0.));
#15336=CARTESIAN_POINT('',(0.005,-0.012,0.));
#15337=CARTESIAN_POINT('',(0.005,-0.012,0.1));
#15338=CARTESIAN_POINT('',(0.005,-0.012,0.1));
#15339=CARTESIAN_POINT('',(0.005,-0.015,0.1));
#15340=CARTESIAN_POINT('',(0.01125,-0.02,0.1));
#15341=CARTESIAN_POINT('',(0.01125,-0.02,0.1));
#15342=CARTESIAN_POINT('',(0.013,-0.02,0.1));
#15343=CARTESIAN_POINT('',(0.0175,-0.02,0.1));
#15344=CARTESIAN_POINT('',(0.013,-0.02,0.1));
#15345=CARTESIAN_POINT('',(0.013,-0.02,0.));
#15346=CARTESIAN_POINT('',(0.01125,-0.02,0.));
#15347=CARTESIAN_POINT('',(0.0175,-0.02,0.));
#15348=CARTESIAN_POINT('',(0.0175,-0.02,0.1));
#15349=CARTESIAN_POINT('',(-0.0075,3.06161699786838E-19,0.1));
#15350=CARTESIAN_POINT('',(-0.0075,3.06161699786838E-19,0.085));
#15351=CARTESIAN_POINT('',(-0.0025,3.06161699786838E-19,0.085));
#15352=CARTESIAN_POINT('',(-0.0075,3.06161699786838E-19,0.1));
#15353=CARTESIAN_POINT('',(-0.0025,3.06161699786838E-19,0.1));
#15354=CARTESIAN_POINT('',(0.0175,6.93889390390723E-18,0.1));
#15355=CARTESIAN_POINT('',(0.0175,6.93889390390723E-18,0.));
#15356=CARTESIAN_POINT('',(0.0175,6.93889390390723E-18,0.1));
#15357=CARTESIAN_POINT('',(3.46944695195361E-18,3.46944695195361E-18,0.1));
#15358=CARTESIAN_POINT('',(0.0075,3.06161699786838E-19,0.1));
#15359=CARTESIAN_POINT('',(0.0125,3.06161699786838E-19,0.1));
#15360=CARTESIAN_POINT('',(-0.0035,-0.0035,0.1));
#15361=CARTESIAN_POINT('',(-0.0035,0.0035,0.1));
#15362=CARTESIAN_POINT('',(0.0035,0.0035,0.1));
#15363=CARTESIAN_POINT('',(0.0035,-0.0035,0.1));
#15364=CARTESIAN_POINT('',(3.46944695195361E-18,3.46944695195361E-18,0.));
#15365=CARTESIAN_POINT('',(-0.0075,-3.06161699786838E-19,0.));
#15366=CARTESIAN_POINT('',(-0.0125,-3.06161699786838E-19,0.));
#15367=CARTESIAN_POINT('',(0.0075,-3.06161699786838E-19,0.));
#15368=CARTESIAN_POINT('',(0.0025,-3.06161699786838E-19,0.));
#15369=CARTESIAN_POINT('',(0.013,-0.02,0.));
#15370=CARTESIAN_POINT('',(-0.005,-0.012,0.));
#15371=CARTESIAN_POINT('',(-0.013,0.02,0.));
#15372=CARTESIAN_POINT('',(0.005,0.012,0.));
#15373=CARTESIAN_POINT('',(3.46944695195361E-18,3.46944695195361E-18,0.085));
#15374=CARTESIAN_POINT('',(0.0075,3.06161699786838E-19,0.115));
#15375=CARTESIAN_POINT('',(0.0075,3.06161699786838E-19,0.115));
#15376=CARTESIAN_POINT('',(0.0125,3.06161699786838E-19,0.115));
#15377=CARTESIAN_POINT('',(3.46944695195361E-18,3.46944695195361E-18,0.115));
#15378=CARTESIAN_POINT('',(-0.013,0.02,0.1));
#15379=CARTESIAN_POINT('',(0.005,0.012,0.1));
#15380=CARTESIAN_POINT('',(0.013,-0.02,0.1));
#15381=CARTESIAN_POINT('',(-0.005,-0.012,0.1));
#15382=CARTESIAN_POINT('',(0.0075,-3.06161699786838E-19,0.015));
#15383=CARTESIAN_POINT('',(0.0075,-3.06161699786838E-19,0.015));
#15384=CARTESIAN_POINT('',(0.0025,-3.06161699786838E-19,0.015));
#15385=CARTESIAN_POINT('',(3.46944695195361E-18,0.,0.015));
#15386=CARTESIAN_POINT('',(-0.0075,-3.06161699786838E-19,-0.015));
#15387=CARTESIAN_POINT('',(-0.0075,-3.06161699786838E-19,-0.015));
#15388=CARTESIAN_POINT('',(-0.0125,-3.06161699786838E-19,-0.015));
#15389=CARTESIAN_POINT('',(3.46944695195361E-18,0.,-0.015));
#15390=CARTESIAN_POINT('',(-1.7347234759768E-18,0.005,0.1));
#15391=CARTESIAN_POINT('',(-1.7347234759768E-18,0.005,0.02));
#15392=CARTESIAN_POINT('',(-0.00116025403784439,0.005,0.02));
#15393=CARTESIAN_POINT('',(0.01,0.005,0.02));
#15394=CARTESIAN_POINT('',(0.01,0.005,0.1));
#15395=CARTESIAN_POINT('',(0.01,0.005,0.095));
#15396=CARTESIAN_POINT('',(-1.7347234759768E-18,0.005,0.095));
#15397=CARTESIAN_POINT('',(0.00116025403784439,0.005,0.095));
#15398=CARTESIAN_POINT('',(0.00116025403784439,0.005,0.1));
#15399=CARTESIAN_POINT('',(0.00116025403784439,0.005,0.08));
#15400=CARTESIAN_POINT('',(-1.7347234759768E-18,0.005,0.08));
#15401=CARTESIAN_POINT('',(-0.01,0.005,0.08));
#15402=CARTESIAN_POINT('',(-0.01,0.005,0.1));
#15403=CARTESIAN_POINT('',(-0.01,0.005,0.005));
#15404=CARTESIAN_POINT('',(-1.7347234759768E-18,0.005,0.005));
#15405=CARTESIAN_POINT('',(-0.00116025403784439,0.005,0.005));
#15406=CARTESIAN_POINT('',(-0.00116025403784439,0.005,0.015));
#15407=CARTESIAN_POINT('',(3.46944695195361E-18,0.,0.02));
#15408=CARTESIAN_POINT('',(0.0075,-3.06161699786838E-19,0.02));
#15409=CARTESIAN_POINT('',(-0.00116025403784439,-0.005,0.02));
#15410=CARTESIAN_POINT('',(3.46944695195361E-18,-0.005,0.02));
#15411=CARTESIAN_POINT('',(0.01,-0.005,0.02));
#15412=CARTESIAN_POINT('',(0.01,-0.015,0.02));
#15413=CARTESIAN_POINT('',(0.01,-0.00968245836551854,0.02));
#15414=CARTESIAN_POINT('',(0.0075,-3.06161699786838E-19,0.02));
#15415=CARTESIAN_POINT('',(0.0125,-0.00866025403784439,0.02));
#15416=CARTESIAN_POINT('',(0.0125,4.77048955893622E-18,0.02));
#15417=CARTESIAN_POINT('',(0.0125,0.00866025403784439,0.02));
#15418=CARTESIAN_POINT('',(0.0075,-3.06161699786838E-19,0.02));
#15419=CARTESIAN_POINT('',(0.01,0.00968245836551855,0.02));
#15420=CARTESIAN_POINT('',(0.01,0.0175,0.02));
#15421=CARTESIAN_POINT('',(-0.01,-0.015,0.1));
#15422=CARTESIAN_POINT('',(-0.01,-0.015,0.08));
#15423=CARTESIAN_POINT('',(-0.01,-0.00968245836551855,0.08));
#15424=CARTESIAN_POINT('',(-0.01,-0.005,0.08));
#15425=CARTESIAN_POINT('',(-0.01,-0.005,0.1));
#15426=CARTESIAN_POINT('',(-0.01,-0.005,0.005));
#15427=CARTESIAN_POINT('',(-0.01,-0.015,0.005));
#15428=CARTESIAN_POINT('',(-0.01,-0.00992893218813452,0.005));
#15429=CARTESIAN_POINT('',(-0.01,-0.00992893218813452,0.1));
#15430=CARTESIAN_POINT('',(-0.01,-0.00992893218813452,0.095));
#15431=CARTESIAN_POINT('',(-0.01,-0.015,0.095));
#15432=CARTESIAN_POINT('',(-0.01,-0.00968245836551855,0.095));
#15433=CARTESIAN_POINT('',(-0.01,-0.00968245836551855,0.1));
#15434=CARTESIAN_POINT('',(3.46944695195361E-18,3.46944695195361E-18,0.08));
#15435=CARTESIAN_POINT('',(-0.0075,3.06161699786838E-19,0.08));
#15436=CARTESIAN_POINT('',(-0.0125,-0.00866025403784439,0.08));
#15437=CARTESIAN_POINT('',(-0.0125,8.67361737988404E-19,0.08));
#15438=CARTESIAN_POINT('',(-0.0125,0.00866025403784439,0.08));
#15439=CARTESIAN_POINT('',(-0.0075,3.06161699786838E-19,0.08));
#15440=CARTESIAN_POINT('',(-0.01,0.00968245836551854,0.08));
#15441=CARTESIAN_POINT('',(-0.01,6.93889390390723E-18,0.08));
#15442=CARTESIAN_POINT('',(-0.0075,3.06161699786838E-19,0.08));
#15443=CARTESIAN_POINT('',(0.00116025403784439,-0.005,0.08));
#15444=CARTESIAN_POINT('',(5.20417042793042E-18,-0.005,0.08));
#15445=CARTESIAN_POINT('',(-0.0125,8.67361737988404E-19,0.1));
#15446=CARTESIAN_POINT('',(-0.0125,-0.00866025403784439,0.1));
#15447=CARTESIAN_POINT('',(-0.0125,-0.00866025403784439,0.095));
#15448=CARTESIAN_POINT('',(-0.0125,8.67361737988404E-19,0.095));
#15449=CARTESIAN_POINT('',(-0.0125,-0.0124289321881345,0.095));
#15450=CARTESIAN_POINT('',(-0.0125,-0.0124289321881345,0.1));
#15451=CARTESIAN_POINT('',(-0.0125,-0.0124289321881345,0.005));
#15452=CARTESIAN_POINT('',(-0.0125,8.67361737988404E-19,0.005));
#15453=CARTESIAN_POINT('',(-0.0125,0.0124289321881345,0.005));
#15454=CARTESIAN_POINT('',(-0.0125,0.0124289321881345,0.1));
#15455=CARTESIAN_POINT('',(-0.0125,0.0124289321881345,0.095));
#15456=CARTESIAN_POINT('',(-0.0125,8.67361737988404E-19,0.095));
#15457=CARTESIAN_POINT('',(-0.0125,0.00866025403784439,0.095));
#15458=CARTESIAN_POINT('',(-0.0125,0.00866025403784439,0.1));
#15459=CARTESIAN_POINT('',(0.01,0.0175,0.1));
#15460=CARTESIAN_POINT('',(0.01,0.00968245836551855,0.015));
#15461=CARTESIAN_POINT('',(0.01,0.00968245836551855,0.005));
#15462=CARTESIAN_POINT('',(0.01,0.0175,0.005));
#15463=CARTESIAN_POINT('',(0.01,0.00992893218813452,0.005));
#15464=CARTESIAN_POINT('',(0.01,0.00992893218813452,0.1));
#15465=CARTESIAN_POINT('',(0.01,0.00992893218813452,0.095));
#15466=CARTESIAN_POINT('',(0.01,0.0175,0.095));
#15467=CARTESIAN_POINT('',(5.20417042793042E-18,-0.005,0.1));
#15468=CARTESIAN_POINT('',(-0.00116025403784439,-0.005,0.015));
#15469=CARTESIAN_POINT('',(-0.00116025403784439,-0.005,0.005));
#15470=CARTESIAN_POINT('',(5.20417042793042E-18,-0.005,0.005));
#15471=CARTESIAN_POINT('',(0.00116025403784439,-0.005,0.1));
#15472=CARTESIAN_POINT('',(0.00116025403784439,-0.005,0.095));
#15473=CARTESIAN_POINT('',(5.20417042793042E-18,-0.005,0.095));
#15474=CARTESIAN_POINT('',(0.01,-0.005,0.095));
#15475=CARTESIAN_POINT('',(0.01,-0.005,0.1));
#15476=CARTESIAN_POINT('',(0.01,-0.015,0.1));
#15477=CARTESIAN_POINT('',(0.01,-0.015,0.095));
#15478=CARTESIAN_POINT('',(0.01,-0.00992893218813452,0.095));
#15479=CARTESIAN_POINT('',(0.01,-0.00992893218813452,0.1));
#15480=CARTESIAN_POINT('',(0.01,-0.00992893218813452,0.005));
#15481=CARTESIAN_POINT('',(0.01,-0.015,0.005));
#15482=CARTESIAN_POINT('',(0.01,-0.00968245836551854,0.005));
#15483=CARTESIAN_POINT('',(0.01,-0.00968245836551854,0.015));
#15484=CARTESIAN_POINT('',(-0.0075,3.06161699786838E-19,0.1));
#15485=CARTESIAN_POINT('',(-0.0075,3.06161699786838E-19,0.095));
#15486=CARTESIAN_POINT('',(-0.0075,3.06161699786838E-19,0.1));
#15487=CARTESIAN_POINT('',(-0.0075,3.06161699786838E-19,0.095));
#15488=CARTESIAN_POINT('',(-0.01,0.00968245836551854,0.095));
#15489=CARTESIAN_POINT('',(-0.01,0.00968245836551854,0.1));
#15490=CARTESIAN_POINT('',(0.0075,-3.06161699786838E-19,0.015));
#15491=CARTESIAN_POINT('',(0.0125,0.00866025403784439,0.015));
#15492=CARTESIAN_POINT('',(0.0125,0.00866025403784439,0.005));
#15493=CARTESIAN_POINT('',(0.0075,-3.06161699786838E-19,0.005));
#15494=CARTESIAN_POINT('',(0.0075,-3.06161699786838E-19,0.015));
#15495=CARTESIAN_POINT('',(0.0075,-3.06161699786838E-19,0.005));
#15496=CARTESIAN_POINT('',(3.46944695195361E-18,3.46944695195361E-18,0.005));
#15497=CARTESIAN_POINT('',(0.0125,4.77048955893622E-18,0.005));
#15498=CARTESIAN_POINT('',(0.0125,0.0124289321881345,0.005));
#15499=CARTESIAN_POINT('',(0.00853553390593274,0.00846446609406726,0.005));
#15500=CARTESIAN_POINT('',(3.46944695195361E-18,3.46944695195361E-18,0.005));
#15501=CARTESIAN_POINT('',(0.0075,-3.06161699786838E-19,0.005));
#15502=CARTESIAN_POINT('',(0.0125,-0.00866025403784439,0.005));
#15503=CARTESIAN_POINT('',(0.0165355339059328,-0.0164644660940673,0.005));
#15504=CARTESIAN_POINT('',(0.0125,-0.0124289321881345,0.005));
#15505=CARTESIAN_POINT('',(0.0125,4.77048955893622E-18,0.005));
#15506=CARTESIAN_POINT('',(3.46944695195361E-18,3.46944695195361E-18,0.095));
#15507=CARTESIAN_POINT('',(-0.0075,3.06161699786838E-19,0.095));
#15508=CARTESIAN_POINT('',(-3.55339059327319E-5,3.55339059327388E-5,0.095));
#15509=CARTESIAN_POINT('',(3.46944695195361E-18,3.46944695195361E-18,0.095));
#15510=CARTESIAN_POINT('',(3.55339059327413E-5,-3.55339059327343E-5,0.095));
#15511=CARTESIAN_POINT('',(0.0125,0.0124289321881345,0.095));
#15512=CARTESIAN_POINT('',(0.0125,4.77048955893622E-18,0.095));
#15513=CARTESIAN_POINT('',(0.0125,-0.0124289321881345,0.095));
#15514=CARTESIAN_POINT('',(3.55339059327407E-5,3.55339059327407E-5,0.095));
#15515=CARTESIAN_POINT('',(-0.01,0.0125,0.1));
#15516=CARTESIAN_POINT('',(-0.01,0.0125,0.095));
#15517=CARTESIAN_POINT('',(-0.01,0.00992893218813453,0.095));
#15518=CARTESIAN_POINT('',(-0.01,0.00992893218813452,0.1));
#15519=CARTESIAN_POINT('',(-0.01,0.00992893218813453,0.005));
#15520=CARTESIAN_POINT('',(-0.01,0.0125,0.005));
#15521=CARTESIAN_POINT('',(-0.0075,3.06161699786838E-19,0.1));
#15522=CARTESIAN_POINT('',(0.0125,4.77048955893622E-18,0.1));
#15523=CARTESIAN_POINT('',(0.0125,-0.00866025403784439,0.015));
#15524=CARTESIAN_POINT('',(0.0125,-0.0124289321881345,0.1));
#15525=CARTESIAN_POINT('',(0.0125,0.0124289321881345,0.1));
#15526=CARTESIAN_POINT('',(3.46944695195361E-18,3.46944695195361E-18,0.095));
#15527=CARTESIAN_POINT('',(-3.55339059327387E-5,-3.55339059327387E-5,0.095));
#15528=CARTESIAN_POINT('',(3.46944695195361E-18,3.46944695195361E-18,0.005));
#15529=CARTESIAN_POINT('',(-0.0165355339059328,0.0164644660940673,0.005));
#15530=CARTESIAN_POINT('',(-0.00853553390593273,-0.00846446609406726,0.005));
#15531=CARTESIAN_POINT('',(-0.0165355339059328,0.0164644660940673,0.1));
#15532=CARTESIAN_POINT('',(0.00853553390593274,0.00846446609406726,0.1));
#15533=CARTESIAN_POINT('',(0.0165355339059328,-0.0164644660940673,0.1));
#15534=CARTESIAN_POINT('',(-0.00853553390593273,-0.00846446609406726,0.1));
#15535=CARTESIAN_POINT('',(0.0075,-3.06161699786838E-19,0.015));
#15536=CARTESIAN_POINT('',(0.163263843775088,0.120154353813151,0.146198791065922));
#15537=CARTESIAN_POINT('',(0.0523,-0.01,0.1));
#15538=CARTESIAN_POINT('',(0.0523,-0.01,0.01));
#15539=CARTESIAN_POINT('',(0.0573,-0.01,0.01));
#15540=CARTESIAN_POINT('',(0.0473,-0.01,0.01));
#15541=CARTESIAN_POINT('',(0.0573,-0.01,0.1));
#15542=CARTESIAN_POINT('',(0.0573,-0.01,0.1));
#15543=CARTESIAN_POINT('',(0.0523,-0.01,0.1));
#15544=CARTESIAN_POINT('',(0.0473,-0.01,0.1));
#15545=CARTESIAN_POINT('',(0.0473,-0.01,0.1));
#15546=CARTESIAN_POINT('',(0.0573,-0.015,0.1));
#15547=CARTESIAN_POINT('',(0.0573,-0.02,0.01));
#15548=CARTESIAN_POINT('',(0.0573,-0.012,0.01));
#15549=CARTESIAN_POINT('',(0.0573,-0.012,0.1));
#15550=CARTESIAN_POINT('',(0.0573,-0.012,0.1));
#15551=CARTESIAN_POINT('',(0.0573,-0.015,0.1));
#15552=CARTESIAN_POINT('',(0.0523,0.01,0.1));
#15553=CARTESIAN_POINT('',(0.0523,0.01,0.01));
#15554=CARTESIAN_POINT('',(0.0473,0.01,0.01));
#15555=CARTESIAN_POINT('',(0.0573,0.01,0.01));
#15556=CARTESIAN_POINT('',(0.0473,0.01,0.1));
#15557=CARTESIAN_POINT('',(0.0473,0.01,0.1));
#15558=CARTESIAN_POINT('',(0.0523,0.01,0.1));
#15559=CARTESIAN_POINT('',(0.0573,0.01,0.1));
#15560=CARTESIAN_POINT('',(0.0573,0.01,0.1));
#15561=CARTESIAN_POINT('',(0.0473,0.0125,0.1));
#15562=CARTESIAN_POINT('',(0.0473,0.02,0.01));
#15563=CARTESIAN_POINT('',(0.0473,0.012,0.01));
#15564=CARTESIAN_POINT('',(0.0473,0.012,0.1));
#15565=CARTESIAN_POINT('',(0.0473,0.012,0.1));
#15566=CARTESIAN_POINT('',(0.0473,0.0125,0.1));
#15567=CARTESIAN_POINT('',(0.0573,0.0175,0.1));
#15568=CARTESIAN_POINT('',(0.0573,0.0175,0.1));
#15569=CARTESIAN_POINT('',(0.0573,0.012,0.1));
#15570=CARTESIAN_POINT('',(0.0573,0.012,0.01));
#15571=CARTESIAN_POINT('',(0.0573,0.012,0.01));
#15572=CARTESIAN_POINT('',(0.0573,0.02,0.01));
#15573=CARTESIAN_POINT('',(0.04105,0.02,0.1));
#15574=CARTESIAN_POINT('',(0.0698,0.02,0.1));
#15575=CARTESIAN_POINT('',(0.0698,0.02,0.1));
#15576=CARTESIAN_POINT('',(0.0698,0.02,0.005));
#15577=CARTESIAN_POINT('',(0.0348,0.02,0.005));
#15578=CARTESIAN_POINT('',(0.0348,0.02,0.005));
#15579=CARTESIAN_POINT('',(0.0348,0.02,0.1));
#15580=CARTESIAN_POINT('',(0.0348,0.02,0.1));
#15581=CARTESIAN_POINT('',(0.04105,0.02,0.1));
#15582=CARTESIAN_POINT('',(0.0393,0.02,0.1));
#15583=CARTESIAN_POINT('',(0.0393,0.02,0.01));
#15584=CARTESIAN_POINT('',(0.0393,0.02,0.01));
#15585=CARTESIAN_POINT('',(0.0523,0.02,0.01));
#15586=CARTESIAN_POINT('',(0.0653,0.02,0.01));
#15587=CARTESIAN_POINT('',(0.0653,0.02,0.1));
#15588=CARTESIAN_POINT('',(0.0653,0.02,0.1));
#15589=CARTESIAN_POINT('',(0.06355,0.02,0.1));
#15590=CARTESIAN_POINT('',(0.0348,0.,0.1));
#15591=CARTESIAN_POINT('',(0.0348,0.,0.005));
#15592=CARTESIAN_POINT('',(0.0348,-0.02,0.005));
#15593=CARTESIAN_POINT('',(0.0348,-0.02,0.1));
#15594=CARTESIAN_POINT('',(0.0348,-0.02,0.1));
#15595=CARTESIAN_POINT('',(0.0348,0.,0.1));
#15596=CARTESIAN_POINT('',(0.0473,-0.015,0.1));
#15597=CARTESIAN_POINT('',(0.0473,-0.015,0.1));
#15598=CARTESIAN_POINT('',(0.0473,-0.012,0.1));
#15599=CARTESIAN_POINT('',(0.0473,-0.012,0.1));
#15600=CARTESIAN_POINT('',(0.0473,-0.012,0.01));
#15601=CARTESIAN_POINT('',(0.0473,-0.02,0.01));
#15602=CARTESIAN_POINT('',(0.06355,-0.02,0.1));
#15603=CARTESIAN_POINT('',(0.06355,-0.02,0.005));
#15604=CARTESIAN_POINT('',(0.0698,-0.02,0.005));
#15605=CARTESIAN_POINT('',(0.0698,-0.02,0.1));
#15606=CARTESIAN_POINT('',(0.0698,-0.02,0.1));
#15607=CARTESIAN_POINT('',(0.06355,-0.02,0.1));
#15608=CARTESIAN_POINT('',(0.0653,-0.02,0.1));
#15609=CARTESIAN_POINT('',(0.0653,-0.02,0.1));
#15610=CARTESIAN_POINT('',(0.0653,-0.02,0.01));
#15611=CARTESIAN_POINT('',(0.0523,-0.02,0.01));
#15612=CARTESIAN_POINT('',(0.0393,-0.02,0.01));
#15613=CARTESIAN_POINT('',(0.0393,-0.02,0.1));
#15614=CARTESIAN_POINT('',(0.0393,-0.02,0.1));
#15615=CARTESIAN_POINT('',(0.04105,-0.02,0.1));
#15616=CARTESIAN_POINT('',(0.0448,3.06161699786838E-19,0.1));
#15617=CARTESIAN_POINT('',(0.0448,3.06161699786838E-19,0.085));
#15618=CARTESIAN_POINT('',(0.0498,3.06161699786838E-19,0.085));
#15619=CARTESIAN_POINT('',(0.0448,3.06161699786838E-19,0.1));
#15620=CARTESIAN_POINT('',(0.0498,3.06161699786838E-19,0.1));
#15621=CARTESIAN_POINT('',(0.0698,6.93889390390723E-18,0.1));
#15622=CARTESIAN_POINT('',(0.0698,0.02,0.005));
#15623=CARTESIAN_POINT('',(0.0698,6.93889390390723E-18,0.1));
#15624=CARTESIAN_POINT('',(0.0523,3.46944695195361E-18,0.1));
#15625=CARTESIAN_POINT('',(0.0598,3.06161699786838E-19,0.1));
#15626=CARTESIAN_POINT('',(0.0648,3.06161699786838E-19,0.1));
#15627=CARTESIAN_POINT('',(0.0488,-0.0035,0.1));
#15628=CARTESIAN_POINT('',(0.0488,0.0035,0.1));
#15629=CARTESIAN_POINT('',(0.0558,0.0035,0.1));
#15630=CARTESIAN_POINT('',(0.0558,-0.0035,0.1));
#15631=CARTESIAN_POINT('',(0.0523,3.46944695195361E-18,0.));
#15632=CARTESIAN_POINT('',(0.0648,-0.02,0.));
#15633=CARTESIAN_POINT('',(0.0648,0.015,0.));
#15634=CARTESIAN_POINT('',(0.0648,-0.015,0.));
#15635=CARTESIAN_POINT('',(0.0523,-0.015,0.));
#15636=CARTESIAN_POINT('',(0.0398,-0.015,0.));
#15637=CARTESIAN_POINT('',(0.0398,1.3010426069826E-18,0.));
#15638=CARTESIAN_POINT('',(0.0398,0.015,0.));
#15639=CARTESIAN_POINT('',(0.0698,0.015,0.));
#15640=CARTESIAN_POINT('',(0.0523,3.46944695195361E-18,0.085));
#15641=CARTESIAN_POINT('',(0.0598,3.06161699786838E-19,0.115));
#15642=CARTESIAN_POINT('',(0.0598,3.06161699786838E-19,0.115));
#15643=CARTESIAN_POINT('',(0.0648,3.06161699786838E-19,0.115));
#15644=CARTESIAN_POINT('',(0.0523,3.46944695195361E-18,0.115));
#15645=CARTESIAN_POINT('',(0.0523,0.02,0.01));
#15646=CARTESIAN_POINT('',(0.0588,0.0135,0.01));
#15647=CARTESIAN_POINT('',(0.0458,0.0135,0.01));
#15648=CARTESIAN_POINT('',(0.0393,0.02,0.1));
#15649=CARTESIAN_POINT('',(0.0573,0.012,0.1));
#15650=CARTESIAN_POINT('',(0.0523,-0.02,0.01));
#15651=CARTESIAN_POINT('',(0.0458,-0.0135,0.01));
#15652=CARTESIAN_POINT('',(0.0588,-0.0135,0.01));
#15653=CARTESIAN_POINT('',(0.0653,-0.02,0.1));
#15654=CARTESIAN_POINT('',(0.0473,-0.012,0.1));
#15655=CARTESIAN_POINT('',(0.0523,0.015,0.));
#15656=CARTESIAN_POINT('',(0.0598,0.01,-0.005));
#15657=CARTESIAN_POINT('',(0.0439666666666667,0.0108333333333333,-0.00416666666666667));
#15658=CARTESIAN_POINT('',(0.0348,0.,0.005));
#15659=CARTESIAN_POINT('',(0.0414666666666667,-0.0133333333333333,-0.00166666666666666));
#15660=CARTESIAN_POINT('',(0.0648,8.89045781438113E-18,0.));
#15661=CARTESIAN_POINT('',(0.0598,-0.01,-0.005));
#15662=CARTESIAN_POINT('',(0.06355,-0.02,0.005));
#15663=CARTESIAN_POINT('',(0.0383355339059328,6.1331736667335E-19,0.00853553390593274));
#15664=CARTESIAN_POINT('',(0.0114666666666667,-0.0407622655214678,0.0354044011451988));
#15665=CARTESIAN_POINT('',(0.0398,-0.0124289321881345,0.00707106781186549));
#15666=CARTESIAN_POINT('',(0.0418710678118655,-0.010357864376269,0.005));
#15667=CARTESIAN_POINT('',(0.0418710678118655,1.2266347333467E-18,0.005));
#15668=CARTESIAN_POINT('',(0.0418710678118655,0.010357864376269,0.005));
#15669=CARTESIAN_POINT('',(0.00613333333333335,0.0460955988548012,0.0407377344785321));
#15670=CARTESIAN_POINT('',(0.0398,0.0124289321881345,0.00707106781186548));
#15671=CARTESIAN_POINT('',(0.0398,8.67361737988403E-19,0.00707106781186548));
#15672=CARTESIAN_POINT('',(0.0612644660940673,7.35716439769776E-18,0.00353553390593274));
#15673=CARTESIAN_POINT('',(0.0931333333333333,0.0407622655214678,0.0354044011451989));
#15674=CARTESIAN_POINT('',(0.0648,0.0124289321881345,0.00707106781186548));
#15675=CARTESIAN_POINT('',(0.0627289321881346,0.0103578643762691,0.005));
#15676=CARTESIAN_POINT('',(0.0627289321881345,7.9922753259854E-18,0.005));
#15677=CARTESIAN_POINT('',(0.0627289321881345,-0.010357864376269,0.005));
#15678=CARTESIAN_POINT('',(0.0984666666666666,-0.0460955988548012,0.0407377344785321));
#15679=CARTESIAN_POINT('',(0.0648,-0.0124289321881345,0.00707106781186548));
#15680=CARTESIAN_POINT('',(0.0648,4.77048955893622E-18,0.00707106781186548));
#15681=CARTESIAN_POINT('',(0.0523,-0.005,0.1));
#15682=CARTESIAN_POINT('',(0.0523,-0.005,0.08));
#15683=CARTESIAN_POINT('',(0.0423,-0.005,0.08));
#15684=CARTESIAN_POINT('',(0.0534602540378444,-0.005,0.08));
#15685=CARTESIAN_POINT('',(0.0534602540378444,-0.005,0.1));
#15686=CARTESIAN_POINT('',(0.0534602540378444,-0.005,0.095));
#15687=CARTESIAN_POINT('',(0.0523,-0.005,0.095));
#15688=CARTESIAN_POINT('',(0.0623,-0.005,0.095));
#15689=CARTESIAN_POINT('',(0.0623,-0.005,0.1));
#15690=CARTESIAN_POINT('',(0.0623,-0.005,0.005));
#15691=CARTESIAN_POINT('',(0.0523,-0.005,0.005));
#15692=CARTESIAN_POINT('',(0.0423,-0.005,0.005));
#15693=CARTESIAN_POINT('',(0.0423,-0.005,0.1));
#15694=CARTESIAN_POINT('',(0.0423,-0.015,0.1));
#15695=CARTESIAN_POINT('',(0.0423,-0.015,0.08));
#15696=CARTESIAN_POINT('',(0.0423,-0.00968245836551855,0.08));
#15697=CARTESIAN_POINT('',(0.0423,-0.02,0.005));
#15698=CARTESIAN_POINT('',(0.0423,-0.00992893218813452,0.005));
#15699=CARTESIAN_POINT('',(0.0423,-0.00992893218813452,0.1));
#15700=CARTESIAN_POINT('',(0.0423,-0.00992893218813452,0.095));
#15701=CARTESIAN_POINT('',(0.0423,-0.015,0.095));
#15702=CARTESIAN_POINT('',(0.0423,-0.00968245836551855,0.095));
#15703=CARTESIAN_POINT('',(0.0423,-0.00968245836551855,0.1));
#15704=CARTESIAN_POINT('',(0.0398,8.67361737988404E-19,0.1));
#15705=CARTESIAN_POINT('',(0.0398,8.67361737988404E-19,0.08));
#15706=CARTESIAN_POINT('',(0.0398,0.00866025403784439,0.08));
#15707=CARTESIAN_POINT('',(0.0398,-0.00866025403784439,0.08));
#15708=CARTESIAN_POINT('',(0.0398,-0.00866025403784439,0.1));
#15709=CARTESIAN_POINT('',(0.0398,-0.00866025403784439,0.095));
#15710=CARTESIAN_POINT('',(0.0398,8.67361737988404E-19,0.095));
#15711=CARTESIAN_POINT('',(0.0398,-0.0124289321881345,0.095));
#15712=CARTESIAN_POINT('',(0.0398,-0.0124289321881345,0.1));
#15713=CARTESIAN_POINT('',(0.0398,0.0124289321881345,0.1));
#15714=CARTESIAN_POINT('',(0.0398,0.0124289321881345,0.095));
#15715=CARTESIAN_POINT('',(0.0398,8.67361737988404E-19,0.095));
#15716=CARTESIAN_POINT('',(0.0398,0.00866025403784439,0.095));
#15717=CARTESIAN_POINT('',(0.0398,0.00866025403784439,0.1));
#15718=CARTESIAN_POINT('',(0.0523,3.46944695195361E-18,0.08));
#15719=CARTESIAN_POINT('',(0.0448,3.06161699786838E-19,0.08));
#15720=CARTESIAN_POINT('',(0.0448,3.06161699786838E-19,0.08));
#15721=CARTESIAN_POINT('',(0.0423,0.00968245836551854,0.08));
#15722=CARTESIAN_POINT('',(0.0423,6.93889390390723E-18,0.08));
#15723=CARTESIAN_POINT('',(0.0423,0.005,0.08));
#15724=CARTESIAN_POINT('',(0.0523,0.005,0.08));
#15725=CARTESIAN_POINT('',(0.0534602540378444,0.005,0.08));
#15726=CARTESIAN_POINT('',(0.0448,3.06161699786838E-19,0.08));
#15727=CARTESIAN_POINT('',(0.0523,0.005,0.1));
#15728=CARTESIAN_POINT('',(0.0423,0.005,0.1));
#15729=CARTESIAN_POINT('',(0.0423,0.005,0.005));
#15730=CARTESIAN_POINT('',(0.0523,0.005,0.005));
#15731=CARTESIAN_POINT('',(0.0623,0.005,0.005));
#15732=CARTESIAN_POINT('',(0.0623,0.005,0.1));
#15733=CARTESIAN_POINT('',(0.0623,0.005,0.095));
#15734=CARTESIAN_POINT('',(0.0523,0.005,0.095));
#15735=CARTESIAN_POINT('',(0.0534602540378444,0.005,0.095));
#15736=CARTESIAN_POINT('',(0.0534602540378444,0.005,0.1));
#15737=CARTESIAN_POINT('',(0.0448,3.06161699786838E-19,0.1));
#15738=CARTESIAN_POINT('',(0.0448,3.06161699786838E-19,0.095));
#15739=CARTESIAN_POINT('',(0.0448,3.06161699786838E-19,0.1));
#15740=CARTESIAN_POINT('',(0.0448,3.06161699786838E-19,0.095));
#15741=CARTESIAN_POINT('',(0.0423,0.00968245836551854,0.095));
#15742=CARTESIAN_POINT('',(0.0423,0.00968245836551854,0.1));
#15743=CARTESIAN_POINT('',(0.0523,3.46944695195361E-18,0.095));
#15744=CARTESIAN_POINT('',(0.0448,3.06161699786838E-19,0.095));
#15745=CARTESIAN_POINT('',(0.0522644660940673,3.55339059327388E-5,0.095));
#15746=CARTESIAN_POINT('',(0.0523,3.46944695195361E-18,0.095));
#15747=CARTESIAN_POINT('',(0.0623,0.0175,0.095));
#15748=CARTESIAN_POINT('',(0.0623,0.00992893218813452,0.095));
#15749=CARTESIAN_POINT('',(0.0523355339059327,-3.55339059327356E-5,0.095));
#15750=CARTESIAN_POINT('',(0.0648,0.0124289321881345,0.095));
#15751=CARTESIAN_POINT('',(0.0648,4.77048955893622E-18,0.095));
#15752=CARTESIAN_POINT('',(0.0648,-0.0124289321881345,0.095));
#15753=CARTESIAN_POINT('',(0.0523355339059327,3.55339059327455E-5,0.095));
#15754=CARTESIAN_POINT('',(0.0623,-0.00992893218813452,0.095));
#15755=CARTESIAN_POINT('',(0.0623,-0.015,0.095));
#15756=CARTESIAN_POINT('',(0.0623,-0.015,0.1));
#15757=CARTESIAN_POINT('',(0.0623,3.46944695195361E-18,0.005));
#15758=CARTESIAN_POINT('',(0.0623,-0.00992893218813452,0.005));
#15759=CARTESIAN_POINT('',(0.0623,-0.00992893218813452,0.1));
#15760=CARTESIAN_POINT('',(0.0423,0.0125,0.1));
#15761=CARTESIAN_POINT('',(0.0423,0.0125,0.095));
#15762=CARTESIAN_POINT('',(0.0423,0.00992893218813452,0.095));
#15763=CARTESIAN_POINT('',(0.0423,0.00992893218813452,0.1));
#15764=CARTESIAN_POINT('',(0.0423,0.00992893218813452,0.005));
#15765=CARTESIAN_POINT('',(0.0423,0.0125,0.005));
#15766=CARTESIAN_POINT('',(0.0623,0.0175,0.1));
#15767=CARTESIAN_POINT('',(0.0623,3.46944695195361E-18,0.005));
#15768=CARTESIAN_POINT('',(0.0623,0.00992893218813452,0.005));
#15769=CARTESIAN_POINT('',(0.0623,0.00992893218813452,0.1));
#15770=CARTESIAN_POINT('',(0.0448,3.06161699786838E-19,0.1));
#15771=CARTESIAN_POINT('',(0.0648,4.77048955893622E-18,0.1));
#15772=CARTESIAN_POINT('',(0.0648,0.0124289321881345,0.1));
#15773=CARTESIAN_POINT('',(0.0648,-0.0124289321881345,0.1));
#15774=CARTESIAN_POINT('',(0.0523,3.46944695195361E-18,0.095));
#15775=CARTESIAN_POINT('',(0.0522644660940673,-3.55339059327423E-5,0.095));
#15776=CARTESIAN_POINT('',(0.0523,3.46944695195361E-18,0.005));
#15777=CARTESIAN_POINT('',(0.0422644660940672,0.00996446609406726,0.005));
#15778=CARTESIAN_POINT('',(0.0422644660940672,-0.00996446609406726,0.005));
#15779=CARTESIAN_POINT('',(0.0623355339059327,-0.00996446609406727,0.005));
#15780=CARTESIAN_POINT('',(0.0623355339059327,0.00996446609406726,0.005));
#15781=CARTESIAN_POINT('',(0.0357644660940672,0.0164644660940673,0.1));
#15782=CARTESIAN_POINT('',(0.0608355339059327,0.00846446609406726,0.1));
#15783=CARTESIAN_POINT('',(0.0688355339059327,-0.0164644660940673,0.1));
#15784=CARTESIAN_POINT('',(0.0437644660940672,-0.00846446609406726,0.1));
#15785=CARTESIAN_POINT('',(0.263314072847074,0.119734216900846,0.0943009007542231));
#15786=CARTESIAN_POINT('',(-0.04,0.04,-0.001));
#15787=CARTESIAN_POINT('',(-0.04,0.04,-1.99493199737333E-16));
#15788=CARTESIAN_POINT('',(-0.0290000000000002,0.04,-1.99493199737333E-16));
#15789=CARTESIAN_POINT('',(-0.04,0.04,0.0130000000000002));
#15790=CARTESIAN_POINT('',(-0.0509999999999998,0.04,0.0130000000000002));
#15791=CARTESIAN_POINT('',(-0.04,0.04,-0.001));
#15792=CARTESIAN_POINT('',(-0.04,0.04,0.004));
#15793=CARTESIAN_POINT('',(-0.025,0.04,0.004));
#15794=CARTESIAN_POINT('',(-0.04,0.04,0.009));
#15795=CARTESIAN_POINT('',(-0.025,0.04,0.009));
#15796=CARTESIAN_POINT('',(-0.04,0.04,0.004));
#15797=CARTESIAN_POINT('',(-0.04,0.04,0.014));
#15798=CARTESIAN_POINT('',(-0.0694665490260601,0.0942070019328892,0.06926377389431));
#15799=CARTESIAN_POINT('',(0.0099999999999998,-2.37501353931281E-17,-0.001));
#15800=CARTESIAN_POINT('',(0.01,9.59210247924455E-18,-1.99493199737333E-16));
#15801=CARTESIAN_POINT('',(-0.0009999999999998,5.77571083209564E-18,-1.99493199737333E-16));
#15802=CARTESIAN_POINT('',(0.01,9.59210247924455E-18,0.0130000000000002));
#15803=CARTESIAN_POINT('',(0.0209999999999998,1.34084941263935E-17,0.0130000000000002));
#15804=CARTESIAN_POINT('',(0.01,9.59210247924455E-18,-0.001));
#15805=CARTESIAN_POINT('',(0.01,9.59210247924455E-18,0.004));
#15806=CARTESIAN_POINT('',(-0.005,4.38793205131413E-18,0.004));
#15807=CARTESIAN_POINT('',(0.01,9.59210247924455E-18,0.009));
#15808=CARTESIAN_POINT('',(-0.005,4.38793205131413E-18,0.009));
#15809=CARTESIAN_POINT('',(0.01,9.59210247924455E-18,0.004));
#15810=CARTESIAN_POINT('',(0.01,9.59210247924455E-18,0.014));
#15811=CARTESIAN_POINT('',(-0.0694665490260601,0.0942070019328892,0.06926377389431));
#15812=CARTESIAN_POINT('',(2.01227923213309E-16,-0.1117,-0.001));
#15813=CARTESIAN_POINT('',(0.,-0.1117,-1.99493199737333E-16));
#15814=CARTESIAN_POINT('',(0.0109999999999998,-0.1117,-1.99493199737333E-16));
#15815=CARTESIAN_POINT('',(0.,-0.1117,0.0130000000000002));
#15816=CARTESIAN_POINT('',(-0.0109999999999998,-0.1117,0.0130000000000002));
#15817=CARTESIAN_POINT('',(0.,-0.1117,-0.001));
#15818=CARTESIAN_POINT('',(0.,-0.1117,0.004));
#15819=CARTESIAN_POINT('',(0.015,-0.1117,0.004));
#15820=CARTESIAN_POINT('',(0.,-0.1117,0.009));
#15821=CARTESIAN_POINT('',(0.015,-0.1117,0.009));
#15822=CARTESIAN_POINT('',(0.,-0.1117,0.004));
#15823=CARTESIAN_POINT('',(0.,-0.1117,0.014));
#15824=CARTESIAN_POINT('',(-0.0594665490260601,0.255507001932889,0.13996377389431));
#15825=CARTESIAN_POINT('',(-0.0768105280456239,0.0273743580789835,0.0245012006842119));
#15826=CARTESIAN_POINT('',(-0.0297496723287105,-0.0209001975368858,0.0523));
#15827=CARTESIAN_POINT('',(-0.0297496723287105,-0.0209001975368858,0.0335));
#15828=CARTESIAN_POINT('',(-0.0297496723287105,0.0111998024631142,0.0335));
#15829=CARTESIAN_POINT('',(-0.0297496723287105,-0.0530001975368858,0.0335));
#15830=CARTESIAN_POINT('',(-0.0297496723287105,0.0111998024631142,0.0523));
#15831=CARTESIAN_POINT('',(-0.0297496723287105,0.0111998024631142,0.0523));
#15832=CARTESIAN_POINT('',(-0.0297496723287105,-0.0209001975368858,0.0523));
#15833=CARTESIAN_POINT('',(-0.0297496723287105,-0.0530001975368858,0.0523));
#15834=CARTESIAN_POINT('',(-0.0297496723287105,-0.0530001975368858,0.0523));
#15835=CARTESIAN_POINT('',(-0.0409996723287105,0.0111998024631142,0.0523));
#15836=CARTESIAN_POINT('',(-0.0409996723287105,0.0111998024631142,0.0335));
#15837=CARTESIAN_POINT('',(-0.0522496723287105,0.0111998024631142,0.0335));
#15838=CARTESIAN_POINT('',(-0.0522496723287105,0.0111998024631142,0.0523));
#15839=CARTESIAN_POINT('',(-0.0522496723287105,0.0111998024631142,0.0523));
#15840=CARTESIAN_POINT('',(-0.0409996723287105,0.0111998024631142,0.0523));
#15841=CARTESIAN_POINT('',(-0.0522496723287105,-0.0209001975368858,0.0523));
#15842=CARTESIAN_POINT('',(-0.0522496723287105,-0.0209001975368858,0.0335));
#15843=CARTESIAN_POINT('',(-0.0522496723287105,-0.0530001975368858,0.0335));
#15844=CARTESIAN_POINT('',(-0.0522496723287105,-0.0530001975368859,0.0523));
#15845=CARTESIAN_POINT('',(-0.0522496723287105,-0.0530001975368859,0.0523));
#15846=CARTESIAN_POINT('',(-0.0522496723287105,-0.0209001975368858,0.0523));
#15847=CARTESIAN_POINT('',(-0.0409996723287105,-0.0530001975368858,0.0523));
#15848=CARTESIAN_POINT('',(-0.0409996723287105,-0.0530001975368858,0.0335));
#15849=CARTESIAN_POINT('',(-0.0409996723287105,-0.0530001975368858,0.0523));
#15850=CARTESIAN_POINT('',(-0.0409996723287105,-0.0209001975368858,0.0523));
#15851=CARTESIAN_POINT('',(-0.0409996723287105,-1.97536885793159E-7,0.0523));
#15852=CARTESIAN_POINT('',(-0.0419496723287105,-1.97536885793568E-7,0.0523));
#15853=CARTESIAN_POINT('',(-0.0409996723287105,-0.0209001975368858,0.0335));
#15854=CARTESIAN_POINT('',(-0.0409996723287105,-1.97536885807037E-7,0.0643));
#15855=CARTESIAN_POINT('',(-0.0409996723287105,-1.97536885807037E-7,0.0643));
#15856=CARTESIAN_POINT('',(-0.0419496723287105,-1.97536885807446E-7,0.0643));
#15857=CARTESIAN_POINT('',(-0.0409996723287105,-0.0209001975368858,0.0643));
#15858=CARTESIAN_POINT('',(-0.0694665490260601,0.0942070019328892,0.06926377389431));
#15859=CARTESIAN_POINT('',(-0.00124967232871052,-0.0209001975368858,0.0523));
#15860=CARTESIAN_POINT('',(-0.00124967232871054,-0.0209001975368858,0.0335));
#15861=CARTESIAN_POINT('',(-0.00124967232871055,0.0111998024631142,0.0335));
#15862=CARTESIAN_POINT('',(-0.00124967232871053,-0.0530001975368858,0.0335));
#15863=CARTESIAN_POINT('',(-0.00124967232871051,-0.0530001975368858,0.0523));
#15864=CARTESIAN_POINT('',(-0.00124967232871051,-0.0530001975368858,0.0523));
#15865=CARTESIAN_POINT('',(-0.00124967232871052,-0.0209001975368858,0.0523));
#15866=CARTESIAN_POINT('',(-0.00124967232871054,0.0111998024631142,0.0523));
#15867=CARTESIAN_POINT('',(-0.00124967232871054,0.0111998024631142,0.0523));
#15868=CARTESIAN_POINT('',(0.0100003276712895,0.0111998024631142,0.0523));
#15869=CARTESIAN_POINT('',(0.0100003276712894,0.0111998024631142,0.0335));
#15870=CARTESIAN_POINT('',(0.0212503276712895,0.0111998024631142,0.0335));
#15871=CARTESIAN_POINT('',(0.0100003276712895,0.0111998024631142,0.0523));
#15872=CARTESIAN_POINT('',(0.0212503276712895,0.0111998024631142,0.0523));
#15873=CARTESIAN_POINT('',(0.0212503276712895,0.0111998024631142,0.0523));
#15874=CARTESIAN_POINT('',(0.0212503276712895,-0.0209001975368858,0.0523));
#15875=CARTESIAN_POINT('',(0.0212503276712895,-0.0209001975368858,0.0335));
#15876=CARTESIAN_POINT('',(0.0212503276712895,-0.0530001975368858,0.0335));
#15877=CARTESIAN_POINT('',(0.0212503276712895,-0.0209001975368858,0.0523));
#15878=CARTESIAN_POINT('',(0.0212503276712895,-0.0530001975368858,0.0523));
#15879=CARTESIAN_POINT('',(0.0212503276712895,-0.0530001975368858,0.0523));
#15880=CARTESIAN_POINT('',(0.0100003276712895,-0.0530001975368858,0.0523));
#15881=CARTESIAN_POINT('',(0.0100003276712895,-0.0530001975368858,0.0335));
#15882=CARTESIAN_POINT('',(0.0100003276712895,-0.0530001975368858,0.0523));
#15883=CARTESIAN_POINT('',(0.0100003276712895,-0.0209001975368858,0.0523));
#15884=CARTESIAN_POINT('',(0.0100003276712894,-1.97536885779281E-7,0.0523));
#15885=CARTESIAN_POINT('',(0.0109503276712894,-1.97536885778989E-7,0.0523));
#15886=CARTESIAN_POINT('',(0.0100003276712895,-0.0209001975368858,0.0335));
#15887=CARTESIAN_POINT('',(0.0100003276712895,-1.97536885793159E-7,0.0643));
#15888=CARTESIAN_POINT('',(0.0100003276712895,-1.97536885793159E-7,0.0643));
#15889=CARTESIAN_POINT('',(0.0109503276712895,-1.97536885792866E-7,0.0643));
#15890=CARTESIAN_POINT('',(0.0100003276712895,-0.0209001975368858,0.0643));
#15891=CARTESIAN_POINT('',(-0.0694665490260601,0.0942070019328892,0.06926377389431));
#15892=CARTESIAN_POINT('',(-0.0767517335357974,0.327359629872881,0.0766009075872025));
#15893=CARTESIAN_POINT('',(0.01,-0.1714,-0.01495));
#15894=CARTESIAN_POINT('',(0.01,-0.1714,-0.00895));
#15895=CARTESIAN_POINT('',(0.014,-0.1714,-0.00895));
#15896=CARTESIAN_POINT('',(0.01,-0.1714,-0.03975));
#15897=CARTESIAN_POINT('',(0.00847359999739549,-0.167702689757127,-0.03975));
#15898=CARTESIAN_POINT('',(0.0115264832601343,-0.167702724130319,-0.03975));
#15899=CARTESIAN_POINT('',(0.00847359999739553,-0.167702689757128,-0.03975));
#15900=CARTESIAN_POINT('',(0.00853290564712815,-0.167678205973523,-0.0396644573110143));
#15901=CARTESIAN_POINT('',(0.0085665282018188,-0.167665678294011,-0.0395580299949774));
#15902=CARTESIAN_POINT('',(0.0085665282018188,-0.167665678294011,-0.03945));
#15903=CARTESIAN_POINT('',(0.0085665282018188,-0.167665678294011,-0.03945));
#15904=CARTESIAN_POINT('',(0.0085665282018188,-0.167665678294011,-0.02695));
#15905=CARTESIAN_POINT('',(0.0085665282018188,-0.167665678294011,-0.02745));
#15906=CARTESIAN_POINT('',(0.0085665282018188,-0.167665678294011,-0.02745));
#15907=CARTESIAN_POINT('',(0.0085665282018188,-0.167665678294011,-0.0271857293871787));
#15908=CARTESIAN_POINT('',(0.00834466818908803,-0.167749011265615,-0.0269500000000001));
#15909=CARTESIAN_POINT('',(0.00811169314192212,-0.167873770113884,-0.02695));
#15910=CARTESIAN_POINT('',(0.00811169314192212,-0.167873770113885,-0.02695));
#15911=CARTESIAN_POINT('',(0.01,-0.1714,-0.02695));
#15912=CARTESIAN_POINT('',(0.00723151848816935,-0.168512871648393,-0.02695));
#15913=CARTESIAN_POINT('',(0.00723151848816935,-0.168512871648393,-0.02695));
#15914=CARTESIAN_POINT('',(0.00704030213831197,-0.168696229942473,-0.0269499999999999));
#15915=CARTESIAN_POINT('',(0.00689141615417212,-0.1688827184358,-0.0271850297767354));
#15916=CARTESIAN_POINT('',(0.00689141615417212,-0.1688827184358,-0.02745));
#15917=CARTESIAN_POINT('',(0.00689141615417211,-0.1688827184358,-0.02745));
#15918=CARTESIAN_POINT('',(0.00689141615417211,-0.1688827184358,-0.02695));
#15919=CARTESIAN_POINT('',(0.00689141615417211,-0.1688827184358,-0.03945));
#15920=CARTESIAN_POINT('',(0.00689141615417211,-0.1688827184358,-0.03945));
#15921=CARTESIAN_POINT('',(0.00689141615417211,-0.1688827184358,-0.0395583335060254));
#15922=CARTESIAN_POINT('',(0.00691338136164627,-0.168855008676634,-0.0396637974213592));
#15923=CARTESIAN_POINT('',(0.00695539096060887,-0.16880570707181,-0.0397500000000001));
#15924=CARTESIAN_POINT('',(0.0069553909606089,-0.16880570707181,-0.03975));
#15925=CARTESIAN_POINT('',(0.01,-0.1714,-0.03975));
#15926=CARTESIAN_POINT('',(0.00601196545973266,-0.171709160970426,-0.03975));
#15927=CARTESIAN_POINT('',(0.00601196545973266,-0.171709160970426,-0.0397500000000001));
#15928=CARTESIAN_POINT('',(0.00600700645142157,-0.171645192040574,-0.0396644573110144));
#15929=CARTESIAN_POINT('',(0.0060054818609817,-0.171609343824972,-0.0395580299949774));
#15930=CARTESIAN_POINT('',(0.0060054818609817,-0.171609343824972,-0.03945));
#15931=CARTESIAN_POINT('',(0.0060054818609817,-0.171609343824972,-0.03945));
#15932=CARTESIAN_POINT('',(0.0060054818609817,-0.171609343824972,-0.02695));
#15933=CARTESIAN_POINT('',(0.0060054818609817,-0.171609343824972,-0.02745));
#15934=CARTESIAN_POINT('',(0.0060054818609817,-0.171609343824972,-0.02745));
#15935=CARTESIAN_POINT('',(0.0060054818609817,-0.171609343824972,-0.0271857293871791));
#15936=CARTESIAN_POINT('',(0.0060161777123417,-0.171846096540202,-0.02695));
#15937=CARTESIAN_POINT('',(0.00606283717911405,-0.172106221581257,-0.02695));
#15938=CARTESIAN_POINT('',(0.00606283717911405,-0.172106221581257,-0.02695));
#15939=CARTESIAN_POINT('',(0.01,-0.1714,-0.02695));
#15940=CARTESIAN_POINT('',(0.00639866993205534,-0.173140810656481,-0.02695));
#15941=CARTESIAN_POINT('',(0.00639866993205534,-0.173140810656481,-0.02695));
#15942=CARTESIAN_POINT('',(0.00651396493074831,-0.173379329040965,-0.0269500000000001));
#15943=CARTESIAN_POINT('',(0.0066453177282183,-0.17357855614006,-0.0271850297767353));
#15944=CARTESIAN_POINT('',(0.0066453177282183,-0.17357855614006,-0.02745));
#15945=CARTESIAN_POINT('',(0.0066453177282183,-0.17357855614006,-0.02745));
#15946=CARTESIAN_POINT('',(0.0066453177282183,-0.17357855614006,-0.02695));
#15947=CARTESIAN_POINT('',(0.0066453177282183,-0.17357855614006,-0.03945));
#15948=CARTESIAN_POINT('',(0.0066453177282183,-0.17357855614006,-0.03945));
#15949=CARTESIAN_POINT('',(0.0066453177282183,-0.17357855614006,-0.0395583335060253));
#15950=CARTESIAN_POINT('',(0.00662575180359185,-0.173549103199867,-0.039663797421359));
#15951=CARTESIAN_POINT('',(0.00659184487106674,-0.173493914663286,-0.0397499999999999));
#15952=CARTESIAN_POINT('',(0.00659184487106681,-0.173493914663286,-0.03975));
#15953=CARTESIAN_POINT('',(0.01,-0.1714,-0.03975));
#15954=CARTESIAN_POINT('',(0.00906165910841074,-0.175288382230591,-0.03975));
#15955=CARTESIAN_POINT('',(0.00906165910841071,-0.17528838223059,-0.03975));
#15956=CARTESIAN_POINT('',(0.00899928862299133,-0.175273331041323,-0.0396644573110144));
#15957=CARTESIAN_POINT('',(0.00896472381958992,-0.175263703305156,-0.0395580299949774));
#15958=CARTESIAN_POINT('',(0.00896472381958992,-0.175263703305156,-0.03945));
#15959=CARTESIAN_POINT('',(0.00896472381958992,-0.175263703305156,-0.03945));
#15960=CARTESIAN_POINT('',(0.00896472381958992,-0.175263703305156,-0.02695));
#15961=CARTESIAN_POINT('',(0.00896472381958992,-0.175263703305156,-0.02745));
#15962=CARTESIAN_POINT('',(0.00896472381958992,-0.175263703305156,-0.02745));
#15963=CARTESIAN_POINT('',(0.00896472381958992,-0.175263703305156,-0.0271857293871789));
#15964=CARTESIAN_POINT('',(0.0091931942319998,-0.175326691558494,-0.02695));
#15965=CARTESIAN_POINT('',(0.00945500641552795,-0.175362698826921,-0.02695));
#15966=CARTESIAN_POINT('',(0.00945500641552795,-0.175362698826921,-0.02695));
#15967=CARTESIAN_POINT('',(0.01,-0.1714,-0.02695));
#15968=CARTESIAN_POINT('',(0.0105427371251339,-0.17536300850529,-0.02695));
#15969=CARTESIAN_POINT('',(0.0105427371251339,-0.17536300850529,-0.02695));
#15970=CARTESIAN_POINT('',(0.0108052097029163,-0.175327062679763,-0.02695));
#15971=CARTESIAN_POINT('',(0.0110352761804101,-0.175263703305156,-0.0271850297767354));
#15972=CARTESIAN_POINT('',(0.0110352761804101,-0.175263703305156,-0.02745));
#15973=CARTESIAN_POINT('',(0.0110352761804101,-0.175263703305156,-0.02745));
#15974=CARTESIAN_POINT('',(0.0110352761804101,-0.175263703305156,-0.02695));
#15975=CARTESIAN_POINT('',(0.0110352761804101,-0.175263703305156,-0.03945));
#15976=CARTESIAN_POINT('',(0.0110352761804101,-0.175263703305156,-0.03945));
#15977=CARTESIAN_POINT('',(0.0110352761804101,-0.175263703305156,-0.0395583335060253));
#15978=CARTESIAN_POINT('',(0.0110012185664955,-0.175273210146216,-0.039663797421359));
#15979=CARTESIAN_POINT('',(0.0109382533307781,-0.175288403359643,-0.03975));
#15980=CARTESIAN_POINT('',(0.0109382533307781,-0.175288403359643,-0.03975));
#15981=CARTESIAN_POINT('',(0.01,-0.1714,-0.03975));
#15982=CARTESIAN_POINT('',(0.0134081079762313,-0.17349399140933,-0.03975));
#15983=CARTESIAN_POINT('',(0.0134081079762313,-0.17349399140933,-0.0397500000000001));
#15984=CARTESIAN_POINT('',(0.0133745199046584,-0.173548658192644,-0.0396644573110145));
#15985=CARTESIAN_POINT('',(0.0133546822717817,-0.17357855614006,-0.0395580299949774));
#15986=CARTESIAN_POINT('',(0.0133546822717817,-0.17357855614006,-0.03945));
#15987=CARTESIAN_POINT('',(0.0133546822717817,-0.17357855614006,-0.03945));
#15988=CARTESIAN_POINT('',(0.0133546822717817,-0.17357855614006,-0.02695));
#15989=CARTESIAN_POINT('',(0.0133546822717817,-0.17357855614006,-0.02745));
#15990=CARTESIAN_POINT('',(0.0133546822717817,-0.17357855614006,-0.02745));
#15991=CARTESIAN_POINT('',(0.0133546822717817,-0.17357855614006,-0.0271857293871788));
#15992=CARTESIAN_POINT('',(0.0134851889007148,-0.173380732306284,-0.02695));
#15993=CARTESIAN_POINT('',(0.0136003382620316,-0.17314286098096,-0.02695));
#15994=CARTESIAN_POINT('',(0.0136003382620316,-0.173142860980959,-0.02695));
#15995=CARTESIAN_POINT('',(0.01,-0.1714,-0.02695));
#15996=CARTESIAN_POINT('',(0.0139367600582338,-0.172108463297493,-0.02695));
#15997=CARTESIAN_POINT('',(0.0139367600582338,-0.172108463297493,-0.02695));
#15998=CARTESIAN_POINT('',(0.0139836820337252,-0.17184772917108,-0.02695));
#15999=CARTESIAN_POINT('',(0.0139945181390183,-0.171609343824972,-0.0271850297767355));
#16000=CARTESIAN_POINT('',(0.0139945181390183,-0.171609343824972,-0.02745));
#16001=CARTESIAN_POINT('',(0.0139945181390183,-0.171609343824972,-0.02745));
#16002=CARTESIAN_POINT('',(0.0139945181390183,-0.171609343824972,-0.02695));
#16003=CARTESIAN_POINT('',(0.0139945181390183,-0.171609343824972,-0.03945));
#16004=CARTESIAN_POINT('',(0.0139945181390183,-0.171609343824972,-0.03945));
#16005=CARTESIAN_POINT('',(0.0139945181390183,-0.171609343824972,-0.0395583335060253));
#16006=CARTESIAN_POINT('',(0.0139930353006697,-0.171644672316065,-0.039663797421359));
#16007=CARTESIAN_POINT('',(0.0139880275774119,-0.171709250774942,-0.03975));
#16008=CARTESIAN_POINT('',(0.0139880275774119,-0.171709250774942,-0.03975));
#16009=CARTESIAN_POINT('',(0.01,-0.1714,-0.03975));
#16010=CARTESIAN_POINT('',(0.0130446674582298,-0.168805775632526,-0.03975));
#16011=CARTESIAN_POINT('',(0.0130446674582299,-0.168805775632526,-0.0397500000000001));
#16012=CARTESIAN_POINT('',(0.0130862793738007,-0.168854612751937,-0.0396644573110144));
#16013=CARTESIAN_POINT('',(0.0131085838458279,-0.1688827184358,-0.0395580299949774));
#16014=CARTESIAN_POINT('',(0.0131085838458279,-0.1688827184358,-0.03945));
#16015=CARTESIAN_POINT('',(0.0131085838458279,-0.1688827184358,-0.03945));
#16016=CARTESIAN_POINT('',(0.0131085838458279,-0.1688827184358,-0.02695));
#16017=CARTESIAN_POINT('',(0.0131085838458279,-0.1688827184358,-0.02745));
#16018=CARTESIAN_POINT('',(0.0131085838458279,-0.1688827184358,-0.02745));
#16019=CARTESIAN_POINT('',(0.0131085838458279,-0.1688827184358,-0.0271857293871789));
#16020=CARTESIAN_POINT('',(0.0129607709658558,-0.168697468329405,-0.02695));
#16021=CARTESIAN_POINT('',(0.0127701250014043,-0.168514448496977,-0.02695));
#16022=CARTESIAN_POINT('',(0.0127701250014043,-0.168514448496977,-0.02695));
#16023=CARTESIAN_POINT('',(0.01,-0.1714,-0.02695));
#16024=CARTESIAN_POINT('',(0.0118903143964076,-0.167874845892343,-0.02695));
#16025=CARTESIAN_POINT('',(0.0118903143964076,-0.167874845892343,-0.02695));
#16026=CARTESIAN_POINT('',(0.0116568411942981,-0.167749649165719,-0.02695));
#16027=CARTESIAN_POINT('',(0.0114334717981812,-0.167665678294011,-0.0271850297767353));
#16028=CARTESIAN_POINT('',(0.0114334717981812,-0.167665678294011,-0.02745));
#16029=CARTESIAN_POINT('',(0.0114334717981812,-0.167665678294011,-0.02745));
#16030=CARTESIAN_POINT('',(0.0114334717981812,-0.167665678294011,-0.02695));
#16031=CARTESIAN_POINT('',(0.0114334717981812,-0.167665678294011,-0.03945));
#16032=CARTESIAN_POINT('',(0.0114334717981812,-0.167665678294011,-0.03945));
#16033=CARTESIAN_POINT('',(0.0114334717981812,-0.167665678294011,-0.0395583335060254));
#16034=CARTESIAN_POINT('',(0.0114666129675966,-0.167678005661219,-0.039663797421359));
#16035=CARTESIAN_POINT('',(0.0115264832601344,-0.167702724130318,-0.03975));
#16036=CARTESIAN_POINT('',(0.01,-0.1714,-0.03995));
#16037=CARTESIAN_POINT('',(0.00976601258306035,-0.171131395174796,-0.03995));
#16038=CARTESIAN_POINT('',(0.0180559283698792,-0.163909871957078,-0.03995));
#16039=CARTESIAN_POINT('',(0.0127701250014043,-0.168514448496977,-0.03995));
#16040=CARTESIAN_POINT('',(0.01,-0.1714,-0.03995));
#16041=CARTESIAN_POINT('',(0.0118903143964076,-0.167874845892343,-0.03995));
#16042=CARTESIAN_POINT('',(0.0141790003083612,-0.161205406921503,-0.03995));
#16043=CARTESIAN_POINT('',(0.0141731854991472,-0.161222351804581,-0.03995));
#16044=CARTESIAN_POINT('',(0.01,-0.1714,-0.03995));
#16045=CARTESIAN_POINT('',(0.01,-0.1714,-0.03995));
#16046=CARTESIAN_POINT('',(0.00967223554237675,-0.171539531801852,-0.03995));
#16047=CARTESIAN_POINT('',(0.00536588368865332,-0.161423779973712,-0.03995));
#16048=CARTESIAN_POINT('',(0.00811169314192212,-0.167873770113885,-0.03995));
#16049=CARTESIAN_POINT('',(0.01,-0.1714,-0.03995));
#16050=CARTESIAN_POINT('',(0.00723151848816935,-0.168512871648393,-0.03995));
#16051=CARTESIAN_POINT('',(0.00159574793650008,-0.164275232013141,-0.03995));
#16052=CARTESIAN_POINT('',(0.00161006660310309,-0.164285998482174,-0.03995));
#16053=CARTESIAN_POINT('',(0.01,-0.1714,-0.03995));
#16054=CARTESIAN_POINT('',(0.01,-0.1714,-0.03995));
#16055=CARTESIAN_POINT('',(0.0100314178418243,-0.171754840221261,-0.03995));
#16056=CARTESIAN_POINT('',(-0.000919969758111524,-0.172724484987429,-0.03995));
#16057=CARTESIAN_POINT('',(0.00606283717911405,-0.172106221581257,-0.03995));
#16058=CARTESIAN_POINT('',(0.01,-0.1714,-0.03995));
#16059=CARTESIAN_POINT('',(0.00639866993205535,-0.173140810656481,-0.03995));
#16060=CARTESIAN_POINT('',(0.000626886266374366,-0.17719124430066,-0.03995));
#16061=CARTESIAN_POINT('',(0.000641550498222679,-0.177180953461384,-0.03995));
#16062=CARTESIAN_POINT('',(0.01,-0.1714,-0.03995));
#16063=CARTESIAN_POINT('',(0.01,-0.1714,-0.03995));
#16064=CARTESIAN_POINT('',(0.0103471817517238,-0.171479771515462,-0.03995));
#16065=CARTESIAN_POINT('',(0.00788526540387425,-0.1821945288482,-0.03995));
#16066=CARTESIAN_POINT('',(0.00945500641552796,-0.175362698826921,-0.03995));
#16067=CARTESIAN_POINT('',(0.01,-0.1714,-0.03995));
#16068=CARTESIAN_POINT('',(0.0105427371251339,-0.17536300850529,-0.03995));
#16069=CARTESIAN_POINT('',(0.0126113491957008,-0.182103953801821,-0.03995));
#16070=CARTESIAN_POINT('',(0.012606093522799,-0.182086827244342,-0.03995));
#16071=CARTESIAN_POINT('',(0.01,-0.1714,-0.03995));
#16072=CARTESIAN_POINT('',(0.00790186232416035,-0.182198046966615,-0.03995));
#16073=CARTESIAN_POINT('',(0.0079972322185167,-0.18170722664995,-0.03995));
#16074=CARTESIAN_POINT('',(0.01,-0.1714,-0.03995));
#16075=CARTESIAN_POINT('',(0.0101831522810147,-0.171094461286629,-0.03995));
#16076=CARTESIAN_POINT('',(0.0196129538548664,-0.176747066315673,-0.03995));
#16077=CARTESIAN_POINT('',(0.0136003382620316,-0.173142860980959,-0.03995));
#16078=CARTESIAN_POINT('',(0.01,-0.1714,-0.03995));
#16079=CARTESIAN_POINT('',(0.0139367600582338,-0.172108463297493,-0.03995));
#16080=CARTESIAN_POINT('',(0.0209870162930634,-0.172224162962874,-0.03995));
#16081=CARTESIAN_POINT('',(0.020969103876728,-0.172223869007519,-0.03995));
#16082=CARTESIAN_POINT('',(0.01,-0.1714,-0.03995));
#16083=CARTESIAN_POINT('',(0.0118,-0.1714,-0.00895));
#16084=CARTESIAN_POINT('',(0.0118,-0.1714,-0.01495));
#16085=CARTESIAN_POINT('',(0.0118,-0.169455134966122,-0.01495));
#16086=CARTESIAN_POINT('',(0.0118,-0.173344865033877,-0.01495));
#16087=CARTESIAN_POINT('',(0.0118,-0.173344865033877,-0.00895));
#16088=CARTESIAN_POINT('',(0.0118,-0.173344865033877,-0.00895));
#16089=CARTESIAN_POINT('',(0.0118,-0.1714,-0.00895));
#16090=CARTESIAN_POINT('',(0.0118,-0.169455134966122,-0.00895));
#16091=CARTESIAN_POINT('',(0.0118,-0.169455134966122,-0.00895));
#16092=CARTESIAN_POINT('',(0.01,-0.1714,-0.00895));
#16093=CARTESIAN_POINT('',(0.01,-0.1714,-0.01495));
#16094=CARTESIAN_POINT('',(0.0082,-0.173344865033877,-0.01495));
#16095=CARTESIAN_POINT('',(0.0082,-0.173344865033877,-0.00895));
#16096=CARTESIAN_POINT('',(0.0082,-0.173344865033877,-0.00895));
#16097=CARTESIAN_POINT('',(0.01,-0.1714,-0.00895));
#16098=CARTESIAN_POINT('',(0.0082,-0.1714,-0.00895));
#16099=CARTESIAN_POINT('',(0.0082,-0.1714,-0.01495));
#16100=CARTESIAN_POINT('',(0.0082,-0.169455134966122,-0.01495));
#16101=CARTESIAN_POINT('',(0.0082,-0.169455134966122,-0.00895));
#16102=CARTESIAN_POINT('',(0.0082,-0.169455134966122,-0.00895));
#16103=CARTESIAN_POINT('',(0.0082,-0.1714,-0.00895));
#16104=CARTESIAN_POINT('',(0.01,-0.1714,-0.00895));
#16105=CARTESIAN_POINT('',(0.01,-0.1714,-0.01495));
#16106=CARTESIAN_POINT('',(0.01,-0.1714,-0.00895));
#16107=CARTESIAN_POINT('',(0.01,-0.1714,-0.00895));
#16108=CARTESIAN_POINT('',(0.01,-0.1714,-0.01495));
#16109=CARTESIAN_POINT('',(0.00719528410313824,-0.16444458408963,-0.02695));
#16110=CARTESIAN_POINT('',(0.00719528410313824,-0.16444458408963,-0.03945));
#16111=CARTESIAN_POINT('',(0.00582404000445768,-0.161223489885249,-0.03945));
#16112=CARTESIAN_POINT('',(0.00582404000445768,-0.161223489885249,-0.02695));
#16113=CARTESIAN_POINT('',(0.00582404000445781,-0.161223489885249,-0.02745));
#16114=CARTESIAN_POINT('',(0.0085665282018188,-0.167665678294011,-0.02745));
#16115=CARTESIAN_POINT('',(0.0100864039893696,-0.171285088610465,-0.03995));
#16116=CARTESIAN_POINT('',(0.0100864039893696,-0.171285088610465,-0.02745));
#16117=CARTESIAN_POINT('',(0.00129525750129728,-0.164674863716528,-0.02745));
#16118=CARTESIAN_POINT('',(0.00129525750129728,-0.164674863716528,-0.02695));
#16119=CARTESIAN_POINT('',(0.00129525750129728,-0.164674863716528,-0.03945));
#16120=CARTESIAN_POINT('',(0.00689141615417212,-0.1688827184358,-0.03945));
#16121=CARTESIAN_POINT('',(0.01,-0.1714,-0.02695));
#16122=CARTESIAN_POINT('',(0.01,-0.1714,-0.02695));
#16123=CARTESIAN_POINT('',(0.00536588368865332,-0.161423779973712,-0.02695));
#16124=CARTESIAN_POINT('',(0.00161006660310309,-0.164285998482174,-0.02695));
#16125=CARTESIAN_POINT('',(0.0103868944245723,-0.170885456907079,-0.02695));
#16126=CARTESIAN_POINT('',(0.00536399180228455,-0.161419335874938,-0.02695));
#16127=CARTESIAN_POINT('',(0.0103868944245723,-0.170885456907079,-0.02745));
#16128=CARTESIAN_POINT('',(0.00129525750129728,-0.164674863716528,-0.02745));
#16129=CARTESIAN_POINT('',(0.00129525750129728,-0.164674863716528,-0.0271857800922256));
#16130=CARTESIAN_POINT('',(0.00143919086533483,-0.164487521641177,-0.02695));
#16131=CARTESIAN_POINT('',(0.00161006660310309,-0.164285998482174,-0.02695));
#16132=CARTESIAN_POINT('',(0.0103868944245723,-0.170885456907079,-0.03945));
#16133=CARTESIAN_POINT('',(0.00161006660310309,-0.164285998482174,-0.03995));
#16134=CARTESIAN_POINT('',(0.00143919160931737,-0.164487520763757,-0.03995));
#16135=CARTESIAN_POINT('',(0.00129525750129728,-0.164674863716528,-0.0397142211646424));
#16136=CARTESIAN_POINT('',(0.00129525750129728,-0.164674863716528,-0.03945));
#16137=CARTESIAN_POINT('',(0.00695539096060887,-0.16880570707181,-0.0397500000000001));
#16138=CARTESIAN_POINT('',(0.00701612790573275,-0.168734427437139,-0.039874630594382));
#16139=CARTESIAN_POINT('',(0.00711848038369733,-0.168621264440209,-0.0399500000000001));
#16140=CARTESIAN_POINT('',(0.00723151848816935,-0.168512871648393,-0.03995));
#16141=CARTESIAN_POINT('',(0.00673523590096511,-0.164640430079319,-0.03945));
#16142=CARTESIAN_POINT('',(0.00811169314192212,-0.167873770113884,-0.03995));
#16143=CARTESIAN_POINT('',(0.00824941846880735,-0.167800017781311,-0.03995));
#16144=CARTESIAN_POINT('',(0.00838783371935391,-0.167738097564,-0.0398737095973326));
#16145=CARTESIAN_POINT('',(0.00847359999739553,-0.167702689757128,-0.03975));
#16146=CARTESIAN_POINT('',(0.00582404000445769,-0.161223489885249,-0.03945));
#16147=CARTESIAN_POINT('',(0.00582404000445769,-0.161223489885249,-0.039714129880948));
#16148=CARTESIAN_POINT('',(0.0056054314902245,-0.161312506127337,-0.03995));
#16149=CARTESIAN_POINT('',(0.00536588368865332,-0.161423779973712,-0.03995));
#16150=CARTESIAN_POINT('',(0.00967223554237675,-0.171539531801852,-0.02745));
#16151=CARTESIAN_POINT('',(0.00536588368865332,-0.161423779973712,-0.02695));
#16152=CARTESIAN_POINT('',(0.00560542933573211,-0.161312507128134,-0.02695));
#16153=CARTESIAN_POINT('',(0.00582404000445769,-0.161223489885249,-0.0271858715520768));
#16154=CARTESIAN_POINT('',(0.00582404000445769,-0.161223489885249,-0.02745));
#16155=CARTESIAN_POINT('',(0.0100000000000002,-0.1714,-0.04095));
#16156=CARTESIAN_POINT('',(0.01,-0.1714,-0.02695));
#16157=CARTESIAN_POINT('',(-0.000919969758111721,-0.172724484987429,-0.02695));
#16158=CARTESIAN_POINT('',(-0.000919969758111725,-0.172724484987429,-0.02695));
#16159=CARTESIAN_POINT('',(-0.00095177284710974,-0.172462278338528,-0.02695));
#16160=CARTESIAN_POINT('',(-0.000968878864230019,-0.172226859396662,-0.0271858715520771));
#16161=CARTESIAN_POINT('',(-0.000968878864230019,-0.172226859396662,-0.02745));
#16162=CARTESIAN_POINT('',(-0.000968878864230023,-0.172226859396662,-0.02745));
#16163=CARTESIAN_POINT('',(-0.000968878864230023,-0.172226859396662,-0.02695));
#16164=CARTESIAN_POINT('',(-0.000968878864230023,-0.172226859396662,-0.03945));
#16165=CARTESIAN_POINT('',(-0.000968878864230023,-0.172226859396662,-0.03945));
#16166=CARTESIAN_POINT('',(-0.000968878864230023,-0.172226859396662,-0.0397141298809479));
#16167=CARTESIAN_POINT('',(-0.000951773133149211,-0.172462275980221,-0.0399499999999999));
#16168=CARTESIAN_POINT('',(-0.000919969758111721,-0.172724484987429,-0.03995));
#16169=CARTESIAN_POINT('',(0.01,-0.1714,-0.03995));
#16170=CARTESIAN_POINT('',(0.0100000000000002,-0.1714,-0.04095));
#16171=CARTESIAN_POINT('',(0.01,-0.1714,-0.03995));
#16172=CARTESIAN_POINT('',(0.0141731854991472,-0.161222351804581,-0.03995));
#16173=CARTESIAN_POINT('',(0.0139287231430755,-0.161122113838024,-0.03995));
#16174=CARTESIAN_POINT('',(0.0137060713216125,-0.161043116522857,-0.0397142211646425));
#16175=CARTESIAN_POINT('',(0.0137060713216125,-0.161043116522857,-0.03945));
#16176=CARTESIAN_POINT('',(0.0137060713216125,-0.161043116522857,-0.03945));
#16177=CARTESIAN_POINT('',(0.0137060713216125,-0.161043116522857,-0.02695));
#16178=CARTESIAN_POINT('',(0.0137060713216125,-0.161043116522857,-0.02745));
#16179=CARTESIAN_POINT('',(0.0137060713216125,-0.161043116522857,-0.02745));
#16180=CARTESIAN_POINT('',(0.0137060713216125,-0.161043116522857,-0.0271857800922255));
#16181=CARTESIAN_POINT('',(0.0139287220786966,-0.161122113401592,-0.02695));
#16182=CARTESIAN_POINT('',(0.0141731854991472,-0.161222351804581,-0.02695));
#16183=CARTESIAN_POINT('',(0.0141731854991472,-0.161222351804581,-0.02695));
#16184=CARTESIAN_POINT('',(0.01,-0.1714,-0.02695));
#16185=CARTESIAN_POINT('',(0.0157482887485765,-0.166583214950683,-0.02695));
#16186=CARTESIAN_POINT('',(0.0157482887485765,-0.166583214950683,-0.03945));
#16187=CARTESIAN_POINT('',(0.018387993651325,-0.164283711465565,-0.03945));
#16188=CARTESIAN_POINT('',(0.018387993651325,-0.164283711465565,-0.02695));
#16189=CARTESIAN_POINT('',(0.018387993651325,-0.164283711465565,-0.02745));
#16190=CARTESIAN_POINT('',(0.0131085838458279,-0.1688827184358,-0.02745));
#16191=CARTESIAN_POINT('',(0.0101359875269108,-0.171446665504911,-0.03995));
#16192=CARTESIAN_POINT('',(0.0101359875269108,-0.171446665504911,-0.02745));
#16193=CARTESIAN_POINT('',(0.0114334717981812,-0.167665678294011,-0.03945));
#16194=CARTESIAN_POINT('',(0.01,-0.1714,-0.02695));
#16195=CARTESIAN_POINT('',(0.01,-0.1714,-0.02695));
#16196=CARTESIAN_POINT('',(0.0180559283698792,-0.163909871957078,-0.02695));
#16197=CARTESIAN_POINT('',(0.0106089165136595,-0.171608955903557,-0.02695));
#16198=CARTESIAN_POINT('',(0.0180595703339379,-0.163906699364173,-0.02695));
#16199=CARTESIAN_POINT('',(0.0106089165136595,-0.171608955903557,-0.02745));
#16200=CARTESIAN_POINT('',(0.0106089165136595,-0.171608955903557,-0.03945));
#16201=CARTESIAN_POINT('',(0.0115264832601344,-0.167702724130318,-0.03975));
#16202=CARTESIAN_POINT('',(0.0116130429693964,-0.167738461779292,-0.0398746305943819));
#16203=CARTESIAN_POINT('',(0.0117522960301374,-0.167800835481234,-0.03995));
#16204=CARTESIAN_POINT('',(0.0118903143964076,-0.167874845892343,-0.03995));
#16205=CARTESIAN_POINT('',(0.0154198654311893,-0.16620620284929,-0.03945));
#16206=CARTESIAN_POINT('',(0.0127701250014043,-0.168514448496977,-0.03995));
#16207=CARTESIAN_POINT('',(0.012882827104453,-0.168622642342431,-0.0399500000000001));
#16208=CARTESIAN_POINT('',(0.0129844893953172,-0.168735148668973,-0.0398737095973327));
#16209=CARTESIAN_POINT('',(0.0130446674582299,-0.168805775632526,-0.0397500000000001));
#16210=CARTESIAN_POINT('',(0.018387993651325,-0.164283711465565,-0.03945));
#16211=CARTESIAN_POINT('',(0.018387993651325,-0.164283711465565,-0.039714129880948));
#16212=CARTESIAN_POINT('',(0.018235780428218,-0.164103309945167,-0.03995));
#16213=CARTESIAN_POINT('',(0.0180559283698792,-0.163909871957078,-0.03995));
#16214=CARTESIAN_POINT('',(0.00976601258306035,-0.171131395174796,-0.02745));
#16215=CARTESIAN_POINT('',(0.0180559283698792,-0.163909871957078,-0.02695));
#16216=CARTESIAN_POINT('',(0.018235778810629,-0.164103308205386,-0.0269500000000001));
#16217=CARTESIAN_POINT('',(0.018387993651325,-0.164283711465565,-0.0271858715520769));
#16218=CARTESIAN_POINT('',(0.018387993651325,-0.164283711465565,-0.02745));
#16219=CARTESIAN_POINT('',(0.0100000000000002,-0.1714,-0.04095));
#16220=CARTESIAN_POINT('',(0.01,-0.1714,-0.03995));
#16221=CARTESIAN_POINT('',(0.020969103876728,-0.172223869007519,-0.03995));
#16222=CARTESIAN_POINT('',(0.0209888928254916,-0.17196039625564,-0.0399500000000001));
#16223=CARTESIAN_POINT('',(0.0209952205401905,-0.171724230277076,-0.0397142211646424));
#16224=CARTESIAN_POINT('',(0.0209952205401905,-0.171724230277076,-0.03945));
#16225=CARTESIAN_POINT('',(0.0209952205401905,-0.171724230277076,-0.03945));
#16226=CARTESIAN_POINT('',(0.0209952205401905,-0.171724230277076,-0.02695));
#16227=CARTESIAN_POINT('',(0.0209952205401905,-0.171724230277076,-0.02745));
#16228=CARTESIAN_POINT('',(0.0209952205401905,-0.171724230277076,-0.02745));
#16229=CARTESIAN_POINT('',(0.0209952205401905,-0.171724230277076,-0.0271857800922256));
#16230=CARTESIAN_POINT('',(0.0209888929116518,-0.17196039510849,-0.0269499999999999));
#16231=CARTESIAN_POINT('',(0.020969103876728,-0.172223869007519,-0.02695));
#16232=CARTESIAN_POINT('',(0.020969103876728,-0.172223869007519,-0.02695));
#16233=CARTESIAN_POINT('',(0.01,-0.1714,-0.02695));
#16234=CARTESIAN_POINT('',(0.00251830149837584,-0.171918101610817,-0.02695));
#16235=CARTESIAN_POINT('',(0.0060054818609817,-0.171609343824972,-0.02745));
#16236=CARTESIAN_POINT('',(0.00251830149837584,-0.171918101610817,-0.03945));
#16237=CARTESIAN_POINT('',(0.00991741307528313,-0.171282315350662,-0.03995));
#16238=CARTESIAN_POINT('',(0.00991741307528313,-0.171282315350662,-0.02745));
#16239=CARTESIAN_POINT('',(0.000914101950873485,-0.177600520674982,-0.02745));
#16240=CARTESIAN_POINT('',(0.000914101950873485,-0.177600520674982,-0.02695));
#16241=CARTESIAN_POINT('',(0.000914101950873485,-0.177600520674982,-0.03945));
#16242=CARTESIAN_POINT('',(0.0066453177282183,-0.17357855614006,-0.03945));
#16243=CARTESIAN_POINT('',(0.01,-0.1714,-0.02695));
#16244=CARTESIAN_POINT('',(-0.000924780972249174,-0.172724910976243,-0.02695));
#16245=CARTESIAN_POINT('',(0.01,-0.1714,-0.02695));
#16246=CARTESIAN_POINT('',(0.000641550498222679,-0.177180953461384,-0.02695));
#16247=CARTESIAN_POINT('',(0.00963019739078402,-0.170873038976341,-0.02695));
#16248=CARTESIAN_POINT('',(0.0100314178418243,-0.171754840221261,-0.02745));
#16249=CARTESIAN_POINT('',(0.00963019739078402,-0.170873038976341,-0.02745));
#16250=CARTESIAN_POINT('',(0.000914101950873485,-0.177600520674982,-0.02745));
#16251=CARTESIAN_POINT('',(0.000914101950873485,-0.177600520674982,-0.0271857800922254));
#16252=CARTESIAN_POINT('',(0.000780406904879698,-0.177405740026157,-0.02695));
#16253=CARTESIAN_POINT('',(0.000641550498222679,-0.177180953461384,-0.02695));
#16254=CARTESIAN_POINT('',(0.00963019739078402,-0.170873038976341,-0.03945));
#16255=CARTESIAN_POINT('',(0.000641550498222675,-0.177180953461384,-0.03995));
#16256=CARTESIAN_POINT('',(0.000780406300307368,-0.17740573904745,-0.03995));
#16257=CARTESIAN_POINT('',(0.000914101950873487,-0.177600520674982,-0.0397142211646426));
#16258=CARTESIAN_POINT('',(0.000914101950873487,-0.177600520674982,-0.03945));
#16259=CARTESIAN_POINT('',(0.00659184487106674,-0.173493914663286,-0.03975));
#16260=CARTESIAN_POINT('',(0.00654282265826413,-0.173414123777381,-0.0398746305943819));
#16261=CARTESIAN_POINT('',(0.00646682690773802,-0.173281811497068,-0.03995));
#16262=CARTESIAN_POINT('',(0.00639866993205534,-0.173140810656481,-0.03995));
#16263=CARTESIAN_POINT('',(0.0025623993903567,-0.172416153190397,-0.03945));
#16264=CARTESIAN_POINT('',(0.00606283717911405,-0.172106221581257,-0.03995));
#16265=CARTESIAN_POINT('',(0.00603525400919226,-0.171952446287524,-0.0399499999999999));
#16266=CARTESIAN_POINT('',(0.00601913704772701,-0.171801671162093,-0.0398737095973327));
#16267=CARTESIAN_POINT('',(0.00601196545973266,-0.171709160970426,-0.0397500000000001));
#16268=CARTESIAN_POINT('',(0.0100000000000002,-0.1714,-0.04095));
#16269=CARTESIAN_POINT('',(0.01,-0.1714,-0.02695));
#16270=CARTESIAN_POINT('',(0.00790186232416035,-0.182198046966615,-0.02695));
#16271=CARTESIAN_POINT('',(0.00790186232416035,-0.182198046966615,-0.02695));
#16272=CARTESIAN_POINT('',(0.01,-0.1714,-0.03995));
#16273=CARTESIAN_POINT('',(0.00818077192927887,-0.178675620315481,-0.02695));
#16274=CARTESIAN_POINT('',(0.00818077192927887,-0.178675620315481,-0.03945));
#16275=CARTESIAN_POINT('',(0.00750993002026717,-0.181595259835308,-0.03945));
#16276=CARTESIAN_POINT('',(0.00750993002026717,-0.181595259835308,-0.02695));
#16277=CARTESIAN_POINT('',(0.00750993002026717,-0.181595259835308,-0.02745));
#16278=CARTESIAN_POINT('',(0.00896472381958992,-0.175263703305156,-0.02745));
#16279=CARTESIAN_POINT('',(0.00986255448412909,-0.17144217827629,-0.03995));
#16280=CARTESIAN_POINT('',(0.0130893486860262,-0.181957268808558,-0.02695));
#16281=CARTESIAN_POINT('',(0.0130893486860262,-0.181957268808558,-0.02745));
#16282=CARTESIAN_POINT('',(0.0130893486860262,-0.181957268808558,-0.03945));
#16283=CARTESIAN_POINT('',(0.0110352761804101,-0.175263703305156,-0.03945));
#16284=CARTESIAN_POINT('',(0.00986255448412909,-0.17144217827629,-0.02745));
#16285=CARTESIAN_POINT('',(0.01,-0.1714,-0.02695));
#16286=CARTESIAN_POINT('',(0.01,-0.1714,-0.02695));
#16287=CARTESIAN_POINT('',(0.0126060935227989,-0.182086827244342,-0.02695));
#16288=CARTESIAN_POINT('',(0.00938455499380377,-0.171588863269554,-0.02695));
#16289=CARTESIAN_POINT('',(0.00788412223721734,-0.182199504140447,-0.02695));
#16290=CARTESIAN_POINT('',(0.00788526540387425,-0.1821945288482,-0.02695));
#16291=CARTESIAN_POINT('',(0.0079972322185167,-0.18170722664995,-0.02695));
#16292=CARTESIAN_POINT('',(0.0103471817517238,-0.171479771515462,-0.02745));
#16293=CARTESIAN_POINT('',(0.0079972322185167,-0.18170722664995,-0.02745));
#16294=CARTESIAN_POINT('',(0.0086680741275284,-0.178787587130123,-0.03945));
#16295=CARTESIAN_POINT('',(0.00945500641552795,-0.175362698826922,-0.03995));
#16296=CARTESIAN_POINT('',(0.0093002337521135,-0.175341412801337,-0.03995));
#16297=CARTESIAN_POINT('',(0.00915185767158622,-0.175310148866474,-0.0398737095973327));
#16298=CARTESIAN_POINT('',(0.00906165910841072,-0.17528838223059,-0.03975));
#16299=CARTESIAN_POINT('',(0.0079972322185167,-0.18170722664995,-0.03945));
#16300=CARTESIAN_POINT('',(0.0079972322185167,-0.18170722664995,-0.02695));
#16301=CARTESIAN_POINT('',(0.00938455499380377,-0.171588863269554,-0.03945));
#16302=CARTESIAN_POINT('',(0.012606093522799,-0.182086827244342,-0.03995));
#16303=CARTESIAN_POINT('',(0.0128627861218082,-0.182024230095129,-0.03995));
#16304=CARTESIAN_POINT('',(0.0130893486860262,-0.181957268808558,-0.0397142211646425));
#16305=CARTESIAN_POINT('',(0.0130893486860262,-0.181957268808558,-0.03945));
#16306=CARTESIAN_POINT('',(0.0109382533307781,-0.175288403359643,-0.03975));
#16307=CARTESIAN_POINT('',(0.0108467510432874,-0.175310482428626,-0.0398752712396513));
#16308=CARTESIAN_POINT('',(0.0106979596525254,-0.175341750658339,-0.03995));
#16309=CARTESIAN_POINT('',(0.0105427371251339,-0.17536300850529,-0.03995));
#16310=CARTESIAN_POINT('',(0.00938455499380377,-0.171588863269554,-0.02745));
#16311=CARTESIAN_POINT('',(0.0130893486860262,-0.181957268808558,-0.02745));
#16312=CARTESIAN_POINT('',(0.0130893486860262,-0.181957268808558,-0.0271857800922255));
#16313=CARTESIAN_POINT('',(0.012862787239437,-0.182024229822584,-0.02695));
#16314=CARTESIAN_POINT('',(0.012606093522799,-0.182086827244343,-0.02695));
#16315=CARTESIAN_POINT('',(0.0100000000000002,-0.1714,-0.04095));
#16316=CARTESIAN_POINT('',(0.01,-0.1714,-0.03995));
#16317=CARTESIAN_POINT('',(0.01,-0.1714,-0.02695));
#16318=CARTESIAN_POINT('',(0.0196129538548666,-0.176747066315673,-0.02695));
#16319=CARTESIAN_POINT('',(0.0196129538548666,-0.176747066315673,-0.02695));
#16320=CARTESIAN_POINT('',(0.0194845618930628,-0.176977889337362,-0.02695));
#16321=CARTESIAN_POINT('',(0.0193600251694795,-0.177178401926719,-0.0271858715520768));
#16322=CARTESIAN_POINT('',(0.0193600251694795,-0.177178401926719,-0.02745));
#16323=CARTESIAN_POINT('',(0.0193600251694795,-0.177178401926719,-0.02745));
#16324=CARTESIAN_POINT('',(0.0193600251694795,-0.177178401926719,-0.02695));
#16325=CARTESIAN_POINT('',(0.0193600251694795,-0.177178401926719,-0.03945));
#16326=CARTESIAN_POINT('',(0.0193600251694795,-0.177178401926719,-0.03945));
#16327=CARTESIAN_POINT('',(0.0193600251694795,-0.177178401926719,-0.039714129880948));
#16328=CARTESIAN_POINT('',(0.0194845607382954,-0.176977891413402,-0.0399500000000001));
#16329=CARTESIAN_POINT('',(0.0196129538548666,-0.176747066315673,-0.03995));
#16330=CARTESIAN_POINT('',(0.0163573537206306,-0.17537847903339,-0.02695));
#16331=CARTESIAN_POINT('',(0.0133546822717817,-0.17357855614006,-0.02745));
#16332=CARTESIAN_POINT('',(0.0163573537206306,-0.17537847903339,-0.03945));
#16333=CARTESIAN_POINT('',(0.00999764092430738,-0.171543752257672,-0.03995));
#16334=CARTESIAN_POINT('',(0.00999764092430738,-0.171543752257672,-0.02745));
#16335=CARTESIAN_POINT('',(0.0139945181390183,-0.171609343824972,-0.03945));
#16336=CARTESIAN_POINT('',(0.01,-0.1714,-0.02695));
#16337=CARTESIAN_POINT('',(0.0196170965988094,-0.1767495496442,-0.02695));
#16338=CARTESIAN_POINT('',(0.01,-0.1714,-0.02695));
#16339=CARTESIAN_POINT('',(0.00998943667718033,-0.172043684943469,-0.02695));
#16340=CARTESIAN_POINT('',(0.0101831522810147,-0.171094461286629,-0.02745));
#16341=CARTESIAN_POINT('',(0.00998943667718033,-0.172043684943469,-0.02745));
#16342=CARTESIAN_POINT('',(0.00998943667718033,-0.172043684943469,-0.03945));
#16343=CARTESIAN_POINT('',(0.0139880275774119,-0.171709250774942,-0.03975));
#16344=CARTESIAN_POINT('',(0.0139807874746683,-0.171802617491356,-0.0398746305943819));
#16345=CARTESIAN_POINT('',(0.013964498121279,-0.17195432955609,-0.03995));
#16346=CARTESIAN_POINT('',(0.0139367600582338,-0.172108463297493,-0.03995));
#16347=CARTESIAN_POINT('',(0.0166144251499605,-0.17494962675087,-0.03945));
#16348=CARTESIAN_POINT('',(0.0136003382620316,-0.17314286098096,-0.03995));
#16349=CARTESIAN_POINT('',(0.0135322666654339,-0.173283480787396,-0.03995));
#16350=CARTESIAN_POINT('',(0.0134566821660158,-0.17341493373846,-0.0398737095973328));
#16351=CARTESIAN_POINT('',(0.0134081079762313,-0.17349399140933,-0.0397500000000001));
#16352=CARTESIAN_POINT('',(0.01,-0.1714,-0.04095));
#16353=CARTESIAN_POINT('',(0.01,-0.1714,-0.03595));
#16354=CARTESIAN_POINT('',(0.025,-0.1714,-0.03595));
#16355=CARTESIAN_POINT('',(0.01,-0.1714,-0.03095));
#16356=CARTESIAN_POINT('',(0.025,-0.1714,-0.03095));
#16357=CARTESIAN_POINT('',(0.01,-0.1714,-0.03595));
#16358=CARTESIAN_POINT('',(0.01,-0.1714,-0.02595));
#16359=CARTESIAN_POINT('',(0.01,-0.1714,-0.03975));
#16360=CARTESIAN_POINT('',(0.01,-0.1714,-0.03975));
#16361=CARTESIAN_POINT('',(0.01,-0.1714,-0.03975));
#16362=CARTESIAN_POINT('',(0.01,-0.1714,-0.03975));
#16363=CARTESIAN_POINT('',(0.01,-0.1714,-0.03975));
#16364=CARTESIAN_POINT('',(0.01,-0.1714,-0.03975));
#16365=CARTESIAN_POINT('',(0.01,-0.1714,-0.03975));
#16366=CARTESIAN_POINT('',(0.01,-0.1714,-0.03975));
#16367=CARTESIAN_POINT('',(0.01,-0.1714,-0.03975));
#16368=CARTESIAN_POINT('',(0.01,-0.1714,-0.03975));
#16369=CARTESIAN_POINT('',(-0.01505,-0.1704,-0.03975));
#16370=CARTESIAN_POINT('',(-0.0995621596226218,0.34540700193289,0.0455293037652969));
#16371=CARTESIAN_POINT('',(-0.04,-3.24237527730122E-17,-0.001));
#16372=CARTESIAN_POINT('',(-0.04,9.18485099360515E-19,-1.99493199737333E-16));
#16373=CARTESIAN_POINT('',(-0.0290000000000002,9.18485099360515E-19,-1.99493199737333E-16));
#16374=CARTESIAN_POINT('',(-0.04,9.18485099360515E-19,0.0130000000000002));
#16375=CARTESIAN_POINT('',(-0.0509999999999998,9.18485099360515E-19,0.0130000000000002));
#16376=CARTESIAN_POINT('',(-0.04,9.18485099360515E-19,-0.001));
#16377=CARTESIAN_POINT('',(-0.04,9.18485099360515E-19,0.004));
#16378=CARTESIAN_POINT('',(-0.025,9.18485099360515E-19,0.004));
#16379=CARTESIAN_POINT('',(-0.04,9.18485099360515E-19,0.009));
#16380=CARTESIAN_POINT('',(-0.025,9.18485099360515E-19,0.009));
#16381=CARTESIAN_POINT('',(-0.04,9.18485099360515E-19,0.004));
#16382=CARTESIAN_POINT('',(-0.04,9.18485099360515E-19,0.014));
#16383=CARTESIAN_POINT('',(-0.0694665490260601,0.0942070019328892,0.06926377389431));
#16384=CARTESIAN_POINT('',(-0.0401,-0.1694,-0.03995));
#16385=CARTESIAN_POINT('',(-0.0403339874169397,-0.169131395174796,-0.03995));
#16386=CARTESIAN_POINT('',(-0.0320440716301208,-0.161909871957078,-0.03995));
#16387=CARTESIAN_POINT('',(-0.0373298749985957,-0.166514448496977,-0.03995));
#16388=CARTESIAN_POINT('',(-0.0401,-0.1694,-0.03995));
#16389=CARTESIAN_POINT('',(-0.0382096856035923,-0.165874845892342,-0.03995));
#16390=CARTESIAN_POINT('',(-0.0359209996916388,-0.159205406921504,-0.03995));
#16391=CARTESIAN_POINT('',(-0.0359268145008529,-0.159222351804581,-0.03995));
#16392=CARTESIAN_POINT('',(-0.0401,-0.1694,-0.03995));
#16393=CARTESIAN_POINT('',(-0.0401,-0.1694,-0.03995));
#16394=CARTESIAN_POINT('',(-0.0404277644576233,-0.169539531801852,-0.03995));
#16395=CARTESIAN_POINT('',(-0.0447341163113467,-0.159423779973712,-0.03995));
#16396=CARTESIAN_POINT('',(-0.0419883068580779,-0.165873770113885,-0.03995));
#16397=CARTESIAN_POINT('',(-0.0401,-0.1694,-0.03995));
#16398=CARTESIAN_POINT('',(-0.0428684815118306,-0.166512871648393,-0.03995));
#16399=CARTESIAN_POINT('',(-0.0485042520634999,-0.162275232013141,-0.03995));
#16400=CARTESIAN_POINT('',(-0.0484899333968969,-0.162285998482174,-0.03995));
#16401=CARTESIAN_POINT('',(-0.0401,-0.1694,-0.03995));
#16402=CARTESIAN_POINT('',(-0.0401,-0.1694,-0.03995));
#16403=CARTESIAN_POINT('',(-0.0400685821581757,-0.169754840221261,-0.03995));
#16404=CARTESIAN_POINT('',(-0.0510199697581115,-0.170724484987429,-0.03995));
#16405=CARTESIAN_POINT('',(-0.044037162820886,-0.170106221581257,-0.03995));
#16406=CARTESIAN_POINT('',(-0.0401,-0.1694,-0.03995));
#16407=CARTESIAN_POINT('',(-0.0437013300679446,-0.171140810656481,-0.03995));
#16408=CARTESIAN_POINT('',(-0.0494731137336256,-0.17519124430066,-0.03995));
#16409=CARTESIAN_POINT('',(-0.0494584495017773,-0.175180953461384,-0.03995));
#16410=CARTESIAN_POINT('',(-0.0401,-0.1694,-0.03995));
#16411=CARTESIAN_POINT('',(-0.0401,-0.1694,-0.03995));
#16412=CARTESIAN_POINT('',(-0.0397528182482761,-0.169479771515462,-0.03995));
#16413=CARTESIAN_POINT('',(-0.0422147345961257,-0.1801945288482,-0.03995));
#16414=CARTESIAN_POINT('',(-0.040644993584472,-0.173362698826921,-0.03995));
#16415=CARTESIAN_POINT('',(-0.0401,-0.1694,-0.03995));
#16416=CARTESIAN_POINT('',(-0.0395572628748661,-0.17336300850529,-0.03995));
#16417=CARTESIAN_POINT('',(-0.0374886508042992,-0.180103953801821,-0.03995));
#16418=CARTESIAN_POINT('',(-0.037493906477201,-0.180086827244342,-0.03995));
#16419=CARTESIAN_POINT('',(-0.0401,-0.1694,-0.03995));
#16420=CARTESIAN_POINT('',(-0.0421981376758396,-0.180198046966615,-0.03995));
#16421=CARTESIAN_POINT('',(-0.0421027677814833,-0.17970722664995,-0.03995));
#16422=CARTESIAN_POINT('',(-0.0401,-0.1694,-0.01495));
#16423=CARTESIAN_POINT('',(-0.0386665282018188,-0.165665678294011,-0.03945));
#16424=CARTESIAN_POINT('',(-0.0386665282018188,-0.165665678294011,-0.0395583335060254));
#16425=CARTESIAN_POINT('',(-0.0386333870324033,-0.165678005661219,-0.039663797421359));
#16426=CARTESIAN_POINT('',(-0.0385735167398656,-0.165702724130318,-0.03975));
#16427=CARTESIAN_POINT('',(-0.0386665282018188,-0.165665678294011,-0.03945));
#16428=CARTESIAN_POINT('',(-0.0385735167398657,-0.165702724130319,-0.03975));
#16429=CARTESIAN_POINT('',(-0.0401,-0.1694,-0.03975));
#16430=CARTESIAN_POINT('',(-0.0416264000026045,-0.165702689757127,-0.03975));
#16431=CARTESIAN_POINT('',(-0.0416264000026045,-0.165702689757128,-0.03975));
#16432=CARTESIAN_POINT('',(-0.0415670943528719,-0.165678205973523,-0.0396644573110143));
#16433=CARTESIAN_POINT('',(-0.0415334717981812,-0.165665678294011,-0.0395580299949774));
#16434=CARTESIAN_POINT('',(-0.0415334717981812,-0.165665678294011,-0.03945));
#16435=CARTESIAN_POINT('',(-0.0415334717981812,-0.165665678294011,-0.03945));
#16436=CARTESIAN_POINT('',(-0.0415334717981812,-0.165665678294011,-0.02695));
#16437=CARTESIAN_POINT('',(-0.0415334717981812,-0.165665678294011,-0.02745));
#16438=CARTESIAN_POINT('',(-0.0415334717981812,-0.165665678294011,-0.02745));
#16439=CARTESIAN_POINT('',(-0.0415334717981812,-0.165665678294011,-0.0271857293871787));
#16440=CARTESIAN_POINT('',(-0.041755331810912,-0.165749011265615,-0.0269500000000001));
#16441=CARTESIAN_POINT('',(-0.0419883068580779,-0.165873770113884,-0.02695));
#16442=CARTESIAN_POINT('',(-0.0419883068580779,-0.165873770113885,-0.02695));
#16443=CARTESIAN_POINT('',(-0.0401,-0.1694,-0.02695));
#16444=CARTESIAN_POINT('',(-0.0428684815118306,-0.166512871648393,-0.02695));
#16445=CARTESIAN_POINT('',(-0.0428684815118306,-0.166512871648393,-0.02695));
#16446=CARTESIAN_POINT('',(-0.043059697861688,-0.166696229942473,-0.0269499999999999));
#16447=CARTESIAN_POINT('',(-0.0432085838458279,-0.1668827184358,-0.0271850297767354));
#16448=CARTESIAN_POINT('',(-0.0432085838458279,-0.1668827184358,-0.02745));
#16449=CARTESIAN_POINT('',(-0.0432085838458279,-0.1668827184358,-0.02745));
#16450=CARTESIAN_POINT('',(-0.0432085838458279,-0.1668827184358,-0.02695));
#16451=CARTESIAN_POINT('',(-0.0432085838458279,-0.1668827184358,-0.03945));
#16452=CARTESIAN_POINT('',(-0.0432085838458279,-0.1668827184358,-0.03945));
#16453=CARTESIAN_POINT('',(-0.0432085838458279,-0.1668827184358,-0.0395583335060254));
#16454=CARTESIAN_POINT('',(-0.0431866186383537,-0.166855008676634,-0.0396637974213592));
#16455=CARTESIAN_POINT('',(-0.0431446090393911,-0.16680570707181,-0.0397500000000001));
#16456=CARTESIAN_POINT('',(-0.0431446090393911,-0.16680570707181,-0.03975));
#16457=CARTESIAN_POINT('',(-0.0401,-0.1694,-0.03975));
#16458=CARTESIAN_POINT('',(-0.0440880345402673,-0.169709160970426,-0.03975));
#16459=CARTESIAN_POINT('',(-0.0440880345402673,-0.169709160970426,-0.0397500000000001));
#16460=CARTESIAN_POINT('',(-0.0440929935485784,-0.169645192040574,-0.0396644573110144));
#16461=CARTESIAN_POINT('',(-0.0440945181390183,-0.169609343824972,-0.0395580299949774));
#16462=CARTESIAN_POINT('',(-0.0440945181390183,-0.169609343824972,-0.03945));
#16463=CARTESIAN_POINT('',(-0.0440945181390183,-0.169609343824972,-0.03945));
#16464=CARTESIAN_POINT('',(-0.0440945181390183,-0.169609343824972,-0.02695));
#16465=CARTESIAN_POINT('',(-0.0440945181390183,-0.169609343824972,-0.02745));
#16466=CARTESIAN_POINT('',(-0.0440945181390183,-0.169609343824972,-0.02745));
#16467=CARTESIAN_POINT('',(-0.0440945181390183,-0.169609343824972,-0.0271857293871791));
#16468=CARTESIAN_POINT('',(-0.0440838222876583,-0.169846096540202,-0.02695));
#16469=CARTESIAN_POINT('',(-0.044037162820886,-0.170106221581257,-0.02695));
#16470=CARTESIAN_POINT('',(-0.044037162820886,-0.170106221581257,-0.02695));
#16471=CARTESIAN_POINT('',(-0.0401,-0.1694,-0.02695));
#16472=CARTESIAN_POINT('',(-0.0437013300679446,-0.171140810656481,-0.02695));
#16473=CARTESIAN_POINT('',(-0.0437013300679446,-0.171140810656481,-0.02695));
#16474=CARTESIAN_POINT('',(-0.0435860350692517,-0.171379329040965,-0.0269500000000001));
#16475=CARTESIAN_POINT('',(-0.0434546822717817,-0.17157855614006,-0.0271850297767353));
#16476=CARTESIAN_POINT('',(-0.0434546822717817,-0.17157855614006,-0.02745));
#16477=CARTESIAN_POINT('',(-0.0434546822717817,-0.17157855614006,-0.02745));
#16478=CARTESIAN_POINT('',(-0.0434546822717817,-0.17157855614006,-0.02695));
#16479=CARTESIAN_POINT('',(-0.0434546822717817,-0.17157855614006,-0.03945));
#16480=CARTESIAN_POINT('',(-0.0434546822717817,-0.17157855614006,-0.03945));
#16481=CARTESIAN_POINT('',(-0.0434546822717817,-0.17157855614006,-0.0395583335060253));
#16482=CARTESIAN_POINT('',(-0.0434742481964082,-0.171549103199867,-0.039663797421359));
#16483=CARTESIAN_POINT('',(-0.0435081551289333,-0.171493914663286,-0.0397499999999999));
#16484=CARTESIAN_POINT('',(-0.0435081551289332,-0.171493914663286,-0.03975));
#16485=CARTESIAN_POINT('',(-0.0401,-0.1694,-0.03975));
#16486=CARTESIAN_POINT('',(-0.0410383408915893,-0.173288382230591,-0.03975));
#16487=CARTESIAN_POINT('',(-0.0410383408915893,-0.17328838223059,-0.03975));
#16488=CARTESIAN_POINT('',(-0.0411007113770087,-0.173273331041323,-0.0396644573110144));
#16489=CARTESIAN_POINT('',(-0.0411352761804101,-0.173263703305156,-0.0395580299949774));
#16490=CARTESIAN_POINT('',(-0.0411352761804101,-0.173263703305156,-0.03945));
#16491=CARTESIAN_POINT('',(-0.0411352761804101,-0.173263703305156,-0.03945));
#16492=CARTESIAN_POINT('',(-0.0411352761804101,-0.173263703305156,-0.02695));
#16493=CARTESIAN_POINT('',(-0.0411352761804101,-0.173263703305156,-0.02745));
#16494=CARTESIAN_POINT('',(-0.0411352761804101,-0.173263703305157,-0.02745));
#16495=CARTESIAN_POINT('',(-0.0411352761804101,-0.173263703305157,-0.0271857293871788));
#16496=CARTESIAN_POINT('',(-0.0409068057680002,-0.173326691558494,-0.02695));
#16497=CARTESIAN_POINT('',(-0.0406449935844721,-0.173362698826922,-0.02695));
#16498=CARTESIAN_POINT('',(-0.040644993584472,-0.173362698826921,-0.02695));
#16499=CARTESIAN_POINT('',(-0.0401,-0.1694,-0.02695));
#16500=CARTESIAN_POINT('',(-0.0395572628748661,-0.17336300850529,-0.02695));
#16501=CARTESIAN_POINT('',(-0.0395572628748661,-0.17336300850529,-0.02695));
#16502=CARTESIAN_POINT('',(-0.0392947902970836,-0.173327062679763,-0.02695));
#16503=CARTESIAN_POINT('',(-0.0390647238195899,-0.173263703305157,-0.0271850297767354));
#16504=CARTESIAN_POINT('',(-0.0390647238195899,-0.173263703305157,-0.02745));
#16505=CARTESIAN_POINT('',(-0.0390647238195899,-0.173263703305156,-0.02745));
#16506=CARTESIAN_POINT('',(-0.0390647238195899,-0.173263703305156,-0.02695));
#16507=CARTESIAN_POINT('',(-0.0390647238195899,-0.173263703305156,-0.03945));
#16508=CARTESIAN_POINT('',(-0.0390647238195899,-0.173263703305156,-0.03945));
#16509=CARTESIAN_POINT('',(-0.0390647238195899,-0.173263703305156,-0.0395583335060253));
#16510=CARTESIAN_POINT('',(-0.0390987814335045,-0.173273210146216,-0.039663797421359));
#16511=CARTESIAN_POINT('',(-0.0391617466692219,-0.173288403359643,-0.03975));
#16512=CARTESIAN_POINT('',(-0.0391617466692219,-0.173288403359643,-0.03975));
#16513=CARTESIAN_POINT('',(-0.0401,-0.1694,-0.03975));
#16514=CARTESIAN_POINT('',(-0.0366918920237687,-0.17149399140933,-0.03975));
#16515=CARTESIAN_POINT('',(-0.0366918920237687,-0.17149399140933,-0.0397500000000001));
#16516=CARTESIAN_POINT('',(-0.0367254800953416,-0.171548658192644,-0.0396644573110145));
#16517=CARTESIAN_POINT('',(-0.0367453177282183,-0.17157855614006,-0.0395580299949774));
#16518=CARTESIAN_POINT('',(-0.0367453177282183,-0.17157855614006,-0.03945));
#16519=CARTESIAN_POINT('',(-0.0367453177282183,-0.17157855614006,-0.03945));
#16520=CARTESIAN_POINT('',(-0.0367453177282183,-0.17157855614006,-0.02695));
#16521=CARTESIAN_POINT('',(-0.0367453177282183,-0.17157855614006,-0.02745));
#16522=CARTESIAN_POINT('',(-0.0367453177282183,-0.17157855614006,-0.02745));
#16523=CARTESIAN_POINT('',(-0.0367453177282183,-0.17157855614006,-0.0271857293871788));
#16524=CARTESIAN_POINT('',(-0.0366148110992852,-0.171380732306284,-0.02695));
#16525=CARTESIAN_POINT('',(-0.0364996617379684,-0.171142860980959,-0.02695));
#16526=CARTESIAN_POINT('',(-0.0364996617379684,-0.171142860980959,-0.02695));
#16527=CARTESIAN_POINT('',(-0.0401,-0.1694,-0.02695));
#16528=CARTESIAN_POINT('',(-0.0361632399417662,-0.170108463297493,-0.02695));
#16529=CARTESIAN_POINT('',(-0.0361632399417662,-0.170108463297493,-0.02695));
#16530=CARTESIAN_POINT('',(-0.0361163179662748,-0.16984772917108,-0.02695));
#16531=CARTESIAN_POINT('',(-0.0361054818609817,-0.169609343824972,-0.0271850297767355));
#16532=CARTESIAN_POINT('',(-0.0361054818609817,-0.169609343824972,-0.02745));
#16533=CARTESIAN_POINT('',(-0.0361054818609817,-0.169609343824972,-0.02745));
#16534=CARTESIAN_POINT('',(-0.0361054818609817,-0.169609343824972,-0.02695));
#16535=CARTESIAN_POINT('',(-0.0361054818609817,-0.169609343824972,-0.03945));
#16536=CARTESIAN_POINT('',(-0.0361054818609817,-0.169609343824972,-0.03945));
#16537=CARTESIAN_POINT('',(-0.0361054818609817,-0.169609343824972,-0.0395583335060253));
#16538=CARTESIAN_POINT('',(-0.0361069646993303,-0.169644672316065,-0.039663797421359));
#16539=CARTESIAN_POINT('',(-0.0361119724225881,-0.169709250774942,-0.03975));
#16540=CARTESIAN_POINT('',(-0.0361119724225881,-0.169709250774942,-0.03975));
#16541=CARTESIAN_POINT('',(-0.0401,-0.1694,-0.03975));
#16542=CARTESIAN_POINT('',(-0.0370553325417702,-0.166805775632526,-0.03975));
#16543=CARTESIAN_POINT('',(-0.0370553325417701,-0.166805775632526,-0.03975));
#16544=CARTESIAN_POINT('',(-0.0370137206261993,-0.166854612751937,-0.0396644573110144));
#16545=CARTESIAN_POINT('',(-0.0369914161541721,-0.1668827184358,-0.0395580299949774));
#16546=CARTESIAN_POINT('',(-0.0369914161541721,-0.1668827184358,-0.03945));
#16547=CARTESIAN_POINT('',(-0.0369914161541721,-0.1668827184358,-0.03945));
#16548=CARTESIAN_POINT('',(-0.0369914161541721,-0.1668827184358,-0.02695));
#16549=CARTESIAN_POINT('',(-0.0369914161541721,-0.1668827184358,-0.02745));
#16550=CARTESIAN_POINT('',(-0.0369914161541721,-0.1668827184358,-0.02745));
#16551=CARTESIAN_POINT('',(-0.0369914161541721,-0.1668827184358,-0.0271857293871789));
#16552=CARTESIAN_POINT('',(-0.0371392290341442,-0.166697468329405,-0.02695));
#16553=CARTESIAN_POINT('',(-0.0373298749985957,-0.166514448496977,-0.02695));
#16554=CARTESIAN_POINT('',(-0.0373298749985957,-0.166514448496977,-0.02695));
#16555=CARTESIAN_POINT('',(-0.0401,-0.1694,-0.02695));
#16556=CARTESIAN_POINT('',(-0.0382096856035923,-0.165874845892342,-0.02695));
#16557=CARTESIAN_POINT('',(-0.0382096856035923,-0.165874845892342,-0.02695));
#16558=CARTESIAN_POINT('',(-0.0384431588057018,-0.165749649165719,-0.02695));
#16559=CARTESIAN_POINT('',(-0.0386665282018188,-0.165665678294011,-0.0271850297767353));
#16560=CARTESIAN_POINT('',(-0.0386665282018188,-0.165665678294011,-0.02745));
#16561=CARTESIAN_POINT('',(-0.0386665282018188,-0.165665678294011,-0.02745));
#16562=CARTESIAN_POINT('',(-0.0386665282018188,-0.165665678294011,-0.02695));
#16563=CARTESIAN_POINT('',(-0.0401,-0.1694,-0.00895));
#16564=CARTESIAN_POINT('',(-0.0361,-0.1694,-0.00895));
#16565=CARTESIAN_POINT('',(-0.0401,-0.1694,-0.03995));
#16566=CARTESIAN_POINT('',(-0.0399168477189853,-0.169094461286629,-0.03995));
#16567=CARTESIAN_POINT('',(-0.0304870461451336,-0.174747066315673,-0.03995));
#16568=CARTESIAN_POINT('',(-0.0364996617379684,-0.171142860980959,-0.03995));
#16569=CARTESIAN_POINT('',(-0.0401,-0.1694,-0.03995));
#16570=CARTESIAN_POINT('',(-0.0361632399417662,-0.170108463297493,-0.03995));
#16571=CARTESIAN_POINT('',(-0.0291129837069365,-0.170224162962874,-0.03995));
#16572=CARTESIAN_POINT('',(-0.029130896123272,-0.170223869007519,-0.03995));
#16573=CARTESIAN_POINT('',(-0.0401,-0.1694,-0.03995));
#16574=CARTESIAN_POINT('',(-0.0383,-0.1694,-0.00895));
#16575=CARTESIAN_POINT('',(-0.0383,-0.1694,-0.01495));
#16576=CARTESIAN_POINT('',(-0.0383,-0.167455134966122,-0.01495));
#16577=CARTESIAN_POINT('',(-0.0383,-0.171344865033878,-0.01495));
#16578=CARTESIAN_POINT('',(-0.0383,-0.171344865033878,-0.00895));
#16579=CARTESIAN_POINT('',(-0.0383,-0.171344865033878,-0.00895));
#16580=CARTESIAN_POINT('',(-0.0383,-0.1694,-0.00895));
#16581=CARTESIAN_POINT('',(-0.0383,-0.167455134966122,-0.00895));
#16582=CARTESIAN_POINT('',(-0.0383,-0.167455134966122,-0.00895));
#16583=CARTESIAN_POINT('',(-0.0401,-0.1694,-0.00895));
#16584=CARTESIAN_POINT('',(-0.0401,-0.1694,-0.01495));
#16585=CARTESIAN_POINT('',(-0.0419,-0.171344865033878,-0.01495));
#16586=CARTESIAN_POINT('',(-0.0419,-0.171344865033878,-0.00895));
#16587=CARTESIAN_POINT('',(-0.0419,-0.171344865033878,-0.00895));
#16588=CARTESIAN_POINT('',(-0.0401,-0.1694,-0.00895));
#16589=CARTESIAN_POINT('',(-0.0419,-0.1694,-0.00895));
#16590=CARTESIAN_POINT('',(-0.0419,-0.1694,-0.01495));
#16591=CARTESIAN_POINT('',(-0.0419,-0.167455134966122,-0.01495));
#16592=CARTESIAN_POINT('',(-0.0419,-0.167455134966122,-0.00895));
#16593=CARTESIAN_POINT('',(-0.0419,-0.167455134966122,-0.00895));
#16594=CARTESIAN_POINT('',(-0.0419,-0.1694,-0.00895));
#16595=CARTESIAN_POINT('',(-0.0401,-0.1694,-0.00895));
#16596=CARTESIAN_POINT('',(-0.0401,-0.1694,-0.01495));
#16597=CARTESIAN_POINT('',(-0.0401,-0.1694,-0.00895));
#16598=CARTESIAN_POINT('',(-0.0401,-0.1694,-0.00895));
#16599=CARTESIAN_POINT('',(-0.0401,-0.1694,-0.01495));
#16600=CARTESIAN_POINT('',(-0.0429047158968617,-0.16244458408963,-0.02695));
#16601=CARTESIAN_POINT('',(-0.0429047158968617,-0.16244458408963,-0.03945));
#16602=CARTESIAN_POINT('',(-0.0442759599955423,-0.159223489885249,-0.03945));
#16603=CARTESIAN_POINT('',(-0.0442759599955423,-0.159223489885249,-0.02695));
#16604=CARTESIAN_POINT('',(-0.0442759599955422,-0.159223489885249,-0.02745));
#16605=CARTESIAN_POINT('',(-0.0415334717981812,-0.165665678294011,-0.02745));
#16606=CARTESIAN_POINT('',(-0.0400135960106304,-0.169285088610465,-0.03995));
#16607=CARTESIAN_POINT('',(-0.0400135960106304,-0.169285088610465,-0.02745));
#16608=CARTESIAN_POINT('',(-0.0488047424987027,-0.162674863716528,-0.02745));
#16609=CARTESIAN_POINT('',(-0.0488047424987027,-0.162674863716528,-0.02695));
#16610=CARTESIAN_POINT('',(-0.0488047424987027,-0.162674863716528,-0.03945));
#16611=CARTESIAN_POINT('',(-0.0432085838458279,-0.1668827184358,-0.03945));
#16612=CARTESIAN_POINT('',(-0.0401,-0.1694,-0.02695));
#16613=CARTESIAN_POINT('',(-0.0401,-0.1694,-0.02695));
#16614=CARTESIAN_POINT('',(-0.0447341163113467,-0.159423779973712,-0.02695));
#16615=CARTESIAN_POINT('',(-0.0484899333968969,-0.162285998482174,-0.02695));
#16616=CARTESIAN_POINT('',(-0.0397131055754276,-0.168885456907079,-0.02695));
#16617=CARTESIAN_POINT('',(-0.0447360081977154,-0.159419335874938,-0.02695));
#16618=CARTESIAN_POINT('',(-0.0397131055754276,-0.168885456907079,-0.02745));
#16619=CARTESIAN_POINT('',(-0.0488047424987027,-0.162674863716528,-0.02745));
#16620=CARTESIAN_POINT('',(-0.0488047424987027,-0.162674863716528,-0.0271857800922256));
#16621=CARTESIAN_POINT('',(-0.0486608091346652,-0.162487521641177,-0.02695));
#16622=CARTESIAN_POINT('',(-0.0484899333968969,-0.162285998482174,-0.02695));
#16623=CARTESIAN_POINT('',(-0.0397131055754276,-0.168885456907079,-0.03945));
#16624=CARTESIAN_POINT('',(-0.0484899333968969,-0.162285998482174,-0.03995));
#16625=CARTESIAN_POINT('',(-0.0486608083906826,-0.162487520763757,-0.03995));
#16626=CARTESIAN_POINT('',(-0.0488047424987027,-0.162674863716528,-0.0397142211646424));
#16627=CARTESIAN_POINT('',(-0.0488047424987027,-0.162674863716528,-0.03945));
#16628=CARTESIAN_POINT('',(-0.0431446090393911,-0.16680570707181,-0.0397500000000001));
#16629=CARTESIAN_POINT('',(-0.0430838720942673,-0.166734427437139,-0.039874630594382));
#16630=CARTESIAN_POINT('',(-0.0429815196163027,-0.166621264440209,-0.0399500000000001));
#16631=CARTESIAN_POINT('',(-0.0428684815118307,-0.166512871648393,-0.03995));
#16632=CARTESIAN_POINT('',(-0.0433647640990349,-0.162640430079319,-0.03945));
#16633=CARTESIAN_POINT('',(-0.0419883068580779,-0.165873770113884,-0.03995));
#16634=CARTESIAN_POINT('',(-0.0418505815311927,-0.165800017781311,-0.03995));
#16635=CARTESIAN_POINT('',(-0.0417121662806461,-0.165738097564,-0.0398737095973326));
#16636=CARTESIAN_POINT('',(-0.0416264000026045,-0.165702689757128,-0.03975));
#16637=CARTESIAN_POINT('',(-0.0442759599955423,-0.159223489885249,-0.03945));
#16638=CARTESIAN_POINT('',(-0.0442759599955423,-0.159223489885249,-0.039714129880948));
#16639=CARTESIAN_POINT('',(-0.0444945685097755,-0.159312506127337,-0.03995));
#16640=CARTESIAN_POINT('',(-0.0447341163113467,-0.159423779973712,-0.03995));
#16641=CARTESIAN_POINT('',(-0.0404277644576233,-0.169539531801852,-0.02745));
#16642=CARTESIAN_POINT('',(-0.0447341163113467,-0.159423779973712,-0.02695));
#16643=CARTESIAN_POINT('',(-0.0444945706642679,-0.159312507128134,-0.02695));
#16644=CARTESIAN_POINT('',(-0.0442759599955423,-0.159223489885249,-0.0271858715520768));
#16645=CARTESIAN_POINT('',(-0.0442759599955423,-0.159223489885249,-0.02745));
#16646=CARTESIAN_POINT('',(-0.0401,-0.1694,-0.04095));
#16647=CARTESIAN_POINT('',(-0.0401,-0.1694,-0.02695));
#16648=CARTESIAN_POINT('',(-0.0510199697581117,-0.170724484987429,-0.02695));
#16649=CARTESIAN_POINT('',(-0.0510199697581117,-0.170724484987429,-0.02695));
#16650=CARTESIAN_POINT('',(-0.0510517728471097,-0.170462278338528,-0.02695));
#16651=CARTESIAN_POINT('',(-0.05106887886423,-0.170226859396662,-0.0271858715520771));
#16652=CARTESIAN_POINT('',(-0.05106887886423,-0.170226859396662,-0.02745));
#16653=CARTESIAN_POINT('',(-0.05106887886423,-0.170226859396662,-0.02745));
#16654=CARTESIAN_POINT('',(-0.05106887886423,-0.170226859396662,-0.02695));
#16655=CARTESIAN_POINT('',(-0.05106887886423,-0.170226859396662,-0.03945));
#16656=CARTESIAN_POINT('',(-0.05106887886423,-0.170226859396662,-0.03945));
#16657=CARTESIAN_POINT('',(-0.05106887886423,-0.170226859396662,-0.0397141298809478));
#16658=CARTESIAN_POINT('',(-0.0510517731331492,-0.170462275980221,-0.0399499999999999));
#16659=CARTESIAN_POINT('',(-0.0510199697581117,-0.170724484987429,-0.03995));
#16660=CARTESIAN_POINT('',(-0.0401,-0.1694,-0.03995));
#16661=CARTESIAN_POINT('',(-0.0401,-0.1694,-0.04095));
#16662=CARTESIAN_POINT('',(-0.0401,-0.1694,-0.03995));
#16663=CARTESIAN_POINT('',(-0.0359268145008529,-0.159222351804581,-0.03995));
#16664=CARTESIAN_POINT('',(-0.0361712768569245,-0.159122113838024,-0.03995));
#16665=CARTESIAN_POINT('',(-0.0363939286783874,-0.159043116522857,-0.0397142211646425));
#16666=CARTESIAN_POINT('',(-0.0363939286783874,-0.159043116522857,-0.03945));
#16667=CARTESIAN_POINT('',(-0.0363939286783874,-0.159043116522857,-0.03945));
#16668=CARTESIAN_POINT('',(-0.0363939286783874,-0.159043116522857,-0.02695));
#16669=CARTESIAN_POINT('',(-0.0363939286783874,-0.159043116522857,-0.02745));
#16670=CARTESIAN_POINT('',(-0.0363939286783874,-0.159043116522857,-0.02745));
#16671=CARTESIAN_POINT('',(-0.0363939286783874,-0.159043116522857,-0.0271857800922255));
#16672=CARTESIAN_POINT('',(-0.0361712779213034,-0.159122113401592,-0.02695));
#16673=CARTESIAN_POINT('',(-0.0359268145008529,-0.159222351804581,-0.02695));
#16674=CARTESIAN_POINT('',(-0.0359268145008529,-0.159222351804581,-0.02695));
#16675=CARTESIAN_POINT('',(-0.0401,-0.1694,-0.02695));
#16676=CARTESIAN_POINT('',(-0.0343517112514236,-0.164583214950683,-0.02695));
#16677=CARTESIAN_POINT('',(-0.0343517112514236,-0.164583214950683,-0.03945));
#16678=CARTESIAN_POINT('',(-0.031712006348675,-0.162283711465565,-0.03945));
#16679=CARTESIAN_POINT('',(-0.031712006348675,-0.162283711465565,-0.02695));
#16680=CARTESIAN_POINT('',(-0.031712006348675,-0.162283711465565,-0.02745));
#16681=CARTESIAN_POINT('',(-0.0369914161541721,-0.1668827184358,-0.02745));
#16682=CARTESIAN_POINT('',(-0.0399640124730892,-0.16944666550491,-0.03995));
#16683=CARTESIAN_POINT('',(-0.0399640124730892,-0.16944666550491,-0.02745));
#16684=CARTESIAN_POINT('',(-0.0386665282018188,-0.165665678294011,-0.03945));
#16685=CARTESIAN_POINT('',(-0.0401,-0.1694,-0.02695));
#16686=CARTESIAN_POINT('',(-0.0401,-0.1694,-0.02695));
#16687=CARTESIAN_POINT('',(-0.0320440716301208,-0.161909871957078,-0.02695));
#16688=CARTESIAN_POINT('',(-0.0394910834863405,-0.169608955903557,-0.02695));
#16689=CARTESIAN_POINT('',(-0.0320404296660621,-0.161906699364173,-0.02695));
#16690=CARTESIAN_POINT('',(-0.0394910834863405,-0.169608955903557,-0.02745));
#16691=CARTESIAN_POINT('',(-0.0394910834863405,-0.169608955903557,-0.03945));
#16692=CARTESIAN_POINT('',(-0.0385735167398656,-0.165702724130318,-0.03975));
#16693=CARTESIAN_POINT('',(-0.0384869570306036,-0.165738461779292,-0.0398746305943819));
#16694=CARTESIAN_POINT('',(-0.0383477039698626,-0.165800835481234,-0.03995));
#16695=CARTESIAN_POINT('',(-0.0382096856035923,-0.165874845892342,-0.03995));
#16696=CARTESIAN_POINT('',(-0.0346801345688107,-0.16420620284929,-0.03945));
#16697=CARTESIAN_POINT('',(-0.0373298749985957,-0.166514448496977,-0.03995));
#16698=CARTESIAN_POINT('',(-0.037217172895547,-0.166622642342431,-0.0399500000000001));
#16699=CARTESIAN_POINT('',(-0.0371155106046828,-0.166735148668973,-0.0398737095973327));
#16700=CARTESIAN_POINT('',(-0.0370553325417701,-0.166805775632526,-0.03975));
#16701=CARTESIAN_POINT('',(-0.031712006348675,-0.162283711465565,-0.03945));
#16702=CARTESIAN_POINT('',(-0.031712006348675,-0.162283711465565,-0.039714129880948));
#16703=CARTESIAN_POINT('',(-0.031864219571782,-0.162103309945167,-0.03995));
#16704=CARTESIAN_POINT('',(-0.0320440716301208,-0.161909871957078,-0.03995));
#16705=CARTESIAN_POINT('',(-0.0403339874169397,-0.169131395174796,-0.02745));
#16706=CARTESIAN_POINT('',(-0.0320440716301208,-0.161909871957078,-0.02695));
#16707=CARTESIAN_POINT('',(-0.031864221189371,-0.162103308205386,-0.0269500000000001));
#16708=CARTESIAN_POINT('',(-0.031712006348675,-0.162283711465565,-0.0271858715520769));
#16709=CARTESIAN_POINT('',(-0.031712006348675,-0.162283711465565,-0.02745));
#16710=CARTESIAN_POINT('',(-0.0401,-0.1694,-0.04095));
#16711=CARTESIAN_POINT('',(-0.0401,-0.1694,-0.03995));
#16712=CARTESIAN_POINT('',(-0.029130896123272,-0.170223869007519,-0.03995));
#16713=CARTESIAN_POINT('',(-0.0291111071745084,-0.16996039625564,-0.0399500000000001));
#16714=CARTESIAN_POINT('',(-0.0291047794598095,-0.169724230277076,-0.0397142211646424));
#16715=CARTESIAN_POINT('',(-0.0291047794598095,-0.169724230277076,-0.03945));
#16716=CARTESIAN_POINT('',(-0.0291047794598095,-0.169724230277076,-0.03945));
#16717=CARTESIAN_POINT('',(-0.0291047794598095,-0.169724230277076,-0.02695));
#16718=CARTESIAN_POINT('',(-0.0291047794598095,-0.169724230277076,-0.02745));
#16719=CARTESIAN_POINT('',(-0.0291047794598095,-0.169724230277076,-0.02745));
#16720=CARTESIAN_POINT('',(-0.0291047794598095,-0.169724230277076,-0.0271857800922256));
#16721=CARTESIAN_POINT('',(-0.0291111070883482,-0.16996039510849,-0.0269499999999999));
#16722=CARTESIAN_POINT('',(-0.029130896123272,-0.170223869007519,-0.02695));
#16723=CARTESIAN_POINT('',(-0.029130896123272,-0.170223869007519,-0.02695));
#16724=CARTESIAN_POINT('',(-0.0401,-0.1694,-0.02695));
#16725=CARTESIAN_POINT('',(-0.0475816985016242,-0.169918101610817,-0.02695));
#16726=CARTESIAN_POINT('',(-0.0440945181390183,-0.169609343824972,-0.02745));
#16727=CARTESIAN_POINT('',(-0.0475816985016242,-0.169918101610817,-0.03945));
#16728=CARTESIAN_POINT('',(-0.0401825869247168,-0.169282315350663,-0.03995));
#16729=CARTESIAN_POINT('',(-0.0401825869247168,-0.169282315350663,-0.02745));
#16730=CARTESIAN_POINT('',(-0.0491858980491265,-0.175600520674982,-0.02745));
#16731=CARTESIAN_POINT('',(-0.0491858980491265,-0.175600520674982,-0.02695));
#16732=CARTESIAN_POINT('',(-0.0491858980491265,-0.175600520674982,-0.03945));
#16733=CARTESIAN_POINT('',(-0.0434546822717817,-0.17157855614006,-0.03945));
#16734=CARTESIAN_POINT('',(-0.0401,-0.1694,-0.02695));
#16735=CARTESIAN_POINT('',(-0.0510247809722492,-0.170724910976243,-0.02695));
#16736=CARTESIAN_POINT('',(-0.0401,-0.1694,-0.02695));
#16737=CARTESIAN_POINT('',(-0.0494584495017773,-0.175180953461384,-0.02695));
#16738=CARTESIAN_POINT('',(-0.040469802609216,-0.168873038976341,-0.02695));
#16739=CARTESIAN_POINT('',(-0.0400685821581757,-0.169754840221261,-0.02745));
#16740=CARTESIAN_POINT('',(-0.040469802609216,-0.168873038976341,-0.02745));
#16741=CARTESIAN_POINT('',(-0.0491858980491265,-0.175600520674982,-0.02745));
#16742=CARTESIAN_POINT('',(-0.0491858980491265,-0.175600520674982,-0.0271857800922254));
#16743=CARTESIAN_POINT('',(-0.0493195930951203,-0.175405740026157,-0.02695));
#16744=CARTESIAN_POINT('',(-0.0494584495017773,-0.175180953461384,-0.02695));
#16745=CARTESIAN_POINT('',(-0.040469802609216,-0.168873038976341,-0.03945));
#16746=CARTESIAN_POINT('',(-0.0494584495017773,-0.175180953461384,-0.03995));
#16747=CARTESIAN_POINT('',(-0.0493195936996926,-0.17540573904745,-0.03995));
#16748=CARTESIAN_POINT('',(-0.0491858980491265,-0.175600520674982,-0.0397142211646426));
#16749=CARTESIAN_POINT('',(-0.0491858980491265,-0.175600520674982,-0.03945));
#16750=CARTESIAN_POINT('',(-0.0435081551289333,-0.171493914663286,-0.0397499999999999));
#16751=CARTESIAN_POINT('',(-0.0435571773417359,-0.171414123777381,-0.0398746305943819));
#16752=CARTESIAN_POINT('',(-0.043633173092262,-0.171281811497068,-0.0399499999999999));
#16753=CARTESIAN_POINT('',(-0.0437013300679446,-0.171140810656481,-0.03995));
#16754=CARTESIAN_POINT('',(-0.0475376006096433,-0.170416153190397,-0.03945));
#16755=CARTESIAN_POINT('',(-0.044037162820886,-0.170106221581257,-0.03995));
#16756=CARTESIAN_POINT('',(-0.0440647459908077,-0.169952446287524,-0.0399499999999999));
#16757=CARTESIAN_POINT('',(-0.044080862952273,-0.169801671162093,-0.0398737095973327));
#16758=CARTESIAN_POINT('',(-0.0440880345402673,-0.169709160970426,-0.0397500000000001));
#16759=CARTESIAN_POINT('',(-0.0401,-0.1694,-0.04095));
#16760=CARTESIAN_POINT('',(-0.0401,-0.1694,-0.02695));
#16761=CARTESIAN_POINT('',(-0.0421981376758396,-0.180198046966615,-0.02695));
#16762=CARTESIAN_POINT('',(-0.0421981376758396,-0.180198046966615,-0.02695));
#16763=CARTESIAN_POINT('',(-0.0401,-0.1694,-0.03995));
#16764=CARTESIAN_POINT('',(-0.0419192280707212,-0.176675620315481,-0.02695));
#16765=CARTESIAN_POINT('',(-0.0419192280707212,-0.176675620315481,-0.03945));
#16766=CARTESIAN_POINT('',(-0.0425900699797328,-0.179595259835308,-0.03945));
#16767=CARTESIAN_POINT('',(-0.0425900699797328,-0.179595259835308,-0.02695));
#16768=CARTESIAN_POINT('',(-0.0425900699797328,-0.179595259835308,-0.02745));
#16769=CARTESIAN_POINT('',(-0.0411352761804101,-0.173263703305156,-0.02745));
#16770=CARTESIAN_POINT('',(-0.0402374455158709,-0.16944217827629,-0.03995));
#16771=CARTESIAN_POINT('',(-0.0370106513139739,-0.179957268808558,-0.02695));
#16772=CARTESIAN_POINT('',(-0.0370106513139739,-0.179957268808558,-0.02745));
#16773=CARTESIAN_POINT('',(-0.0370106513139739,-0.179957268808558,-0.03945));
#16774=CARTESIAN_POINT('',(-0.0390647238195899,-0.173263703305156,-0.03945));
#16775=CARTESIAN_POINT('',(-0.0402374455158709,-0.16944217827629,-0.02745));
#16776=CARTESIAN_POINT('',(-0.0401,-0.1694,-0.02695));
#16777=CARTESIAN_POINT('',(-0.0401,-0.1694,-0.02695));
#16778=CARTESIAN_POINT('',(-0.037493906477201,-0.180086827244342,-0.02695));
#16779=CARTESIAN_POINT('',(-0.0407154450061962,-0.169588863269554,-0.02695));
#16780=CARTESIAN_POINT('',(-0.0422158777627826,-0.180199504140447,-0.02695));
#16781=CARTESIAN_POINT('',(-0.0422147345961257,-0.1801945288482,-0.02695));
#16782=CARTESIAN_POINT('',(-0.0421027677814833,-0.17970722664995,-0.02695));
#16783=CARTESIAN_POINT('',(-0.0397528182482761,-0.169479771515462,-0.02745));
#16784=CARTESIAN_POINT('',(-0.0421027677814833,-0.17970722664995,-0.02745));
#16785=CARTESIAN_POINT('',(-0.0414319258724716,-0.176787587130123,-0.03945));
#16786=CARTESIAN_POINT('',(-0.040644993584472,-0.173362698826921,-0.03995));
#16787=CARTESIAN_POINT('',(-0.0407997662478865,-0.173341412801337,-0.03995));
#16788=CARTESIAN_POINT('',(-0.0409481423284138,-0.173310148866474,-0.0398737095973327));
#16789=CARTESIAN_POINT('',(-0.0410383408915893,-0.17328838223059,-0.03975));
#16790=CARTESIAN_POINT('',(-0.0421027677814833,-0.17970722664995,-0.03945));
#16791=CARTESIAN_POINT('',(-0.0421027677814833,-0.17970722664995,-0.02695));
#16792=CARTESIAN_POINT('',(-0.0407154450061962,-0.169588863269554,-0.03945));
#16793=CARTESIAN_POINT('',(-0.037493906477201,-0.180086827244342,-0.03995));
#16794=CARTESIAN_POINT('',(-0.0372372138781918,-0.180024230095129,-0.03995));
#16795=CARTESIAN_POINT('',(-0.0370106513139739,-0.179957268808558,-0.0397142211646424));
#16796=CARTESIAN_POINT('',(-0.0370106513139739,-0.179957268808558,-0.03945));
#16797=CARTESIAN_POINT('',(-0.0395572628748661,-0.17336300850529,-0.03995));
#16798=CARTESIAN_POINT('',(-0.039402040614236,-0.173341750694872,-0.03995));
#16799=CARTESIAN_POINT('',(-0.0392532544108623,-0.173310483744687,-0.0398752787066568));
#16800=CARTESIAN_POINT('',(-0.0391617466692219,-0.173288403359643,-0.03975));
#16801=CARTESIAN_POINT('',(-0.0407154450061962,-0.169588863269554,-0.02745));
#16802=CARTESIAN_POINT('',(-0.0370106513139739,-0.179957268808558,-0.02745));
#16803=CARTESIAN_POINT('',(-0.0370106513139739,-0.179957268808558,-0.0271857800922255));
#16804=CARTESIAN_POINT('',(-0.037237212760563,-0.180024229822584,-0.02695));
#16805=CARTESIAN_POINT('',(-0.037493906477201,-0.180086827244342,-0.02695));
#16806=CARTESIAN_POINT('',(-0.0401,-0.1694,-0.04095));
#16807=CARTESIAN_POINT('',(-0.0401,-0.1694,-0.03995));
#16808=CARTESIAN_POINT('',(-0.0401,-0.1694,-0.02695));
#16809=CARTESIAN_POINT('',(-0.0304870461451335,-0.174747066315673,-0.02695));
#16810=CARTESIAN_POINT('',(-0.0304870461451335,-0.174747066315673,-0.02695));
#16811=CARTESIAN_POINT('',(-0.0306154381069372,-0.174977889337362,-0.02695));
#16812=CARTESIAN_POINT('',(-0.0307399748305205,-0.175178401926719,-0.0271858715520768));
#16813=CARTESIAN_POINT('',(-0.0307399748305205,-0.175178401926719,-0.02745));
#16814=CARTESIAN_POINT('',(-0.0307399748305205,-0.175178401926719,-0.02745));
#16815=CARTESIAN_POINT('',(-0.0307399748305205,-0.175178401926719,-0.02695));
#16816=CARTESIAN_POINT('',(-0.0307399748305205,-0.175178401926719,-0.03945));
#16817=CARTESIAN_POINT('',(-0.0307399748305205,-0.175178401926719,-0.03945));
#16818=CARTESIAN_POINT('',(-0.0307399748305205,-0.175178401926719,-0.039714129880948));
#16819=CARTESIAN_POINT('',(-0.0306154392617046,-0.174977891413403,-0.0399500000000001));
#16820=CARTESIAN_POINT('',(-0.0304870461451335,-0.174747066315673,-0.03995));
#16821=CARTESIAN_POINT('',(-0.0337426462793694,-0.17337847903339,-0.02695));
#16822=CARTESIAN_POINT('',(-0.0367453177282183,-0.17157855614006,-0.02745));
#16823=CARTESIAN_POINT('',(-0.0337426462793694,-0.17337847903339,-0.03945));
#16824=CARTESIAN_POINT('',(-0.0401023590756926,-0.169543752257672,-0.03995));
#16825=CARTESIAN_POINT('',(-0.0401023590756926,-0.169543752257672,-0.02745));
#16826=CARTESIAN_POINT('',(-0.0361054818609817,-0.169609343824972,-0.03945));
#16827=CARTESIAN_POINT('',(-0.0401,-0.1694,-0.02695));
#16828=CARTESIAN_POINT('',(-0.0304829034011906,-0.1747495496442,-0.02695));
#16829=CARTESIAN_POINT('',(-0.0401,-0.1694,-0.02695));
#16830=CARTESIAN_POINT('',(-0.0401105633228196,-0.170043684943469,-0.02695));
#16831=CARTESIAN_POINT('',(-0.0399168477189853,-0.169094461286629,-0.02745));
#16832=CARTESIAN_POINT('',(-0.0401105633228196,-0.170043684943469,-0.02745));
#16833=CARTESIAN_POINT('',(-0.0401105633228196,-0.170043684943469,-0.03945));
#16834=CARTESIAN_POINT('',(-0.0361119724225881,-0.169709250774942,-0.03975));
#16835=CARTESIAN_POINT('',(-0.0361192125253317,-0.169802617491356,-0.0398746305943819));
#16836=CARTESIAN_POINT('',(-0.036135501878721,-0.16995432955609,-0.03995));
#16837=CARTESIAN_POINT('',(-0.0361632399417662,-0.170108463297493,-0.03995));
#16838=CARTESIAN_POINT('',(-0.0334855748500395,-0.17294962675087,-0.03945));
#16839=CARTESIAN_POINT('',(-0.0364996617379684,-0.17114286098096,-0.03995));
#16840=CARTESIAN_POINT('',(-0.0365677333345661,-0.171283480787396,-0.03995));
#16841=CARTESIAN_POINT('',(-0.0366433178339842,-0.17141493373846,-0.0398737095973328));
#16842=CARTESIAN_POINT('',(-0.0366918920237687,-0.17149399140933,-0.0397500000000001));
#16843=CARTESIAN_POINT('',(-0.0401,-0.1694,-0.04095));
#16844=CARTESIAN_POINT('',(-0.0401,-0.1694,-0.03595));
#16845=CARTESIAN_POINT('',(-0.0251,-0.1694,-0.03595));
#16846=CARTESIAN_POINT('',(-0.0401,-0.1694,-0.03095));
#16847=CARTESIAN_POINT('',(-0.0251,-0.1694,-0.03095));
#16848=CARTESIAN_POINT('',(-0.0401,-0.1694,-0.03595));
#16849=CARTESIAN_POINT('',(-0.0401,-0.1694,-0.02595));
#16850=CARTESIAN_POINT('',(-0.0401,-0.1694,-0.03975));
#16851=CARTESIAN_POINT('',(-0.0401,-0.1694,-0.03975));
#16852=CARTESIAN_POINT('',(-0.0401,-0.1694,-0.03975));
#16853=CARTESIAN_POINT('',(-0.0401,-0.1694,-0.03975));
#16854=CARTESIAN_POINT('',(-0.0401,-0.1694,-0.03975));
#16855=CARTESIAN_POINT('',(-0.0401,-0.1694,-0.03975));
#16856=CARTESIAN_POINT('',(-0.0401,-0.1694,-0.03975));
#16857=CARTESIAN_POINT('',(-0.0401,-0.1694,-0.03975));
#16858=CARTESIAN_POINT('',(-0.0401,-0.1694,-0.03975));
#16859=CARTESIAN_POINT('',(-0.0401,-0.1694,-0.03975));
#16860=CARTESIAN_POINT('',(-0.01505,-0.1704,-0.03975));
#16861=CARTESIAN_POINT('',(-0.0994621596226218,0.34320700193289,0.0465293037652969));
#16862=CARTESIAN_POINT('',(-0.136721428018808,0.119372874498367,0.198298497968912));
#16863=CARTESIAN_POINT('',(-0.0771718704481025,0.427409858944866,0.128498797898901));
#16864=CARTESIAN_POINT('',(0.05,-0.1714,-0.01495));
#16865=CARTESIAN_POINT('',(0.0514334717981812,-0.167665678294011,-0.03945));
#16866=CARTESIAN_POINT('',(0.0514334717981812,-0.167665678294011,-0.0397149607144022));
#16867=CARTESIAN_POINT('',(0.0516568336027028,-0.167749645094832,-0.03995));
#16868=CARTESIAN_POINT('',(0.0518903143964076,-0.167874845892343,-0.03995));
#16869=CARTESIAN_POINT('',(0.0514334717981812,-0.167665678294011,-0.03945));
#16870=CARTESIAN_POINT('',(0.0518903143964076,-0.167874845892343,-0.03995));
#16871=CARTESIAN_POINT('',(0.05,-0.1714,-0.03995));
#16872=CARTESIAN_POINT('',(0.0481116931419221,-0.167873770113885,-0.03995));
#16873=CARTESIAN_POINT('',(0.0481116931419221,-0.167873770113884,-0.03995));
#16874=CARTESIAN_POINT('',(0.0483446527518154,-0.167749019532321,-0.03995));
#16875=CARTESIAN_POINT('',(0.0485665282018188,-0.167665678294011,-0.0397142601455253));
#16876=CARTESIAN_POINT('',(0.0485665282018188,-0.167665678294011,-0.03945));
#16877=CARTESIAN_POINT('',(0.0485665282018188,-0.167665678294011,-0.03945));
#16878=CARTESIAN_POINT('',(0.0485665282018188,-0.167665678294011,-0.02695));
#16879=CARTESIAN_POINT('',(0.0485665282018188,-0.167665678294011,-0.02745));
#16880=CARTESIAN_POINT('',(0.0485665282018188,-0.167665678294011,-0.02745));
#16881=CARTESIAN_POINT('',(0.0485665282018188,-0.167665678294011,-0.0271857293871787));
#16882=CARTESIAN_POINT('',(0.048344668189088,-0.167749011265615,-0.0269500000000001));
#16883=CARTESIAN_POINT('',(0.0481116931419221,-0.167873770113884,-0.02695));
#16884=CARTESIAN_POINT('',(0.0481116931419221,-0.167873770113885,-0.02695));
#16885=CARTESIAN_POINT('',(0.05,-0.1714,-0.02695));
#16886=CARTESIAN_POINT('',(0.0472315184881694,-0.168512871648393,-0.02695));
#16887=CARTESIAN_POINT('',(0.0472315184881694,-0.168512871648393,-0.02695));
#16888=CARTESIAN_POINT('',(0.047040302138312,-0.168696229942473,-0.0269499999999999));
#16889=CARTESIAN_POINT('',(0.0468914161541721,-0.1688827184358,-0.0271850297767353));
#16890=CARTESIAN_POINT('',(0.0468914161541721,-0.1688827184358,-0.02745));
#16891=CARTESIAN_POINT('',(0.0468914161541721,-0.1688827184358,-0.02745));
#16892=CARTESIAN_POINT('',(0.0468914161541721,-0.1688827184358,-0.02695));
#16893=CARTESIAN_POINT('',(0.0468914161541721,-0.1688827184358,-0.03945));
#16894=CARTESIAN_POINT('',(0.0468914161541721,-0.1688827184358,-0.03945));
#16895=CARTESIAN_POINT('',(0.0468914161541721,-0.1688827184358,-0.0397149607144021));
#16896=CARTESIAN_POINT('',(0.047040295920737,-0.168696235904536,-0.0399500000000001));
#16897=CARTESIAN_POINT('',(0.0472315184881694,-0.168512871648393,-0.03995));
#16898=CARTESIAN_POINT('',(0.0472315184881694,-0.168512871648393,-0.03995));
#16899=CARTESIAN_POINT('',(0.05,-0.1714,-0.03995));
#16900=CARTESIAN_POINT('',(0.0460628371791141,-0.172106221581257,-0.03995));
#16901=CARTESIAN_POINT('',(0.0460628371791141,-0.172106221581257,-0.03995));
#16902=CARTESIAN_POINT('',(0.0460161808040673,-0.171846113776473,-0.0399499999999999));
#16903=CARTESIAN_POINT('',(0.0460054818609817,-0.171609343824972,-0.0397142601455252));
#16904=CARTESIAN_POINT('',(0.0460054818609817,-0.171609343824972,-0.03945));
#16905=CARTESIAN_POINT('',(0.0460054818609817,-0.171609343824972,-0.03945));
#16906=CARTESIAN_POINT('',(0.0460054818609817,-0.171609343824972,-0.02695));
#16907=CARTESIAN_POINT('',(0.0460054818609817,-0.171609343824972,-0.02745));
#16908=CARTESIAN_POINT('',(0.0460054818609817,-0.171609343824972,-0.02745));
#16909=CARTESIAN_POINT('',(0.0460054818609817,-0.171609343824972,-0.027185729387179));
#16910=CARTESIAN_POINT('',(0.0460161777123417,-0.171846096540202,-0.02695));
#16911=CARTESIAN_POINT('',(0.0460628371791141,-0.172106221581257,-0.02695));
#16912=CARTESIAN_POINT('',(0.0460628371791141,-0.172106221581257,-0.02695));
#16913=CARTESIAN_POINT('',(0.05,-0.1714,-0.02695));
#16914=CARTESIAN_POINT('',(0.0463986699320553,-0.173140810656481,-0.02695));
#16915=CARTESIAN_POINT('',(0.0463986699320553,-0.173140810656481,-0.02695));
#16916=CARTESIAN_POINT('',(0.0465139649307483,-0.173379329040965,-0.0269500000000001));
#16917=CARTESIAN_POINT('',(0.0466453177282183,-0.17357855614006,-0.0271850297767353));
#16918=CARTESIAN_POINT('',(0.0466453177282183,-0.17357855614006,-0.02745));
#16919=CARTESIAN_POINT('',(0.0466453177282183,-0.17357855614006,-0.02745));
#16920=CARTESIAN_POINT('',(0.0466453177282183,-0.17357855614006,-0.02695));
#16921=CARTESIAN_POINT('',(0.0466453177282183,-0.17357855614006,-0.03945));
#16922=CARTESIAN_POINT('',(0.0466453177282183,-0.17357855614006,-0.03945));
#16923=CARTESIAN_POINT('',(0.0466453177282183,-0.17357855614006,-0.0397149607144021));
#16924=CARTESIAN_POINT('',(0.0465139686796709,-0.173379336796609,-0.0399499999999999));
#16925=CARTESIAN_POINT('',(0.0463986699320553,-0.173140810656481,-0.03995));
#16926=CARTESIAN_POINT('',(0.0463986699320554,-0.173140810656481,-0.03995));
#16927=CARTESIAN_POINT('',(0.05,-0.1714,-0.03995));
#16928=CARTESIAN_POINT('',(0.049455006415528,-0.175362698826921,-0.03995));
#16929=CARTESIAN_POINT('',(0.049455006415528,-0.175362698826921,-0.03995));
#16930=CARTESIAN_POINT('',(0.0491932115800638,-0.175326693944389,-0.0399500000000001));
#16931=CARTESIAN_POINT('',(0.0489647238195899,-0.175263703305156,-0.0397142601455254));
#16932=CARTESIAN_POINT('',(0.0489647238195899,-0.175263703305156,-0.03945));
#16933=CARTESIAN_POINT('',(0.0489647238195899,-0.175263703305156,-0.03945));
#16934=CARTESIAN_POINT('',(0.0489647238195899,-0.175263703305156,-0.02695));
#16935=CARTESIAN_POINT('',(0.0489647238195899,-0.175263703305156,-0.02745));
#16936=CARTESIAN_POINT('',(0.0489647238195899,-0.175263703305157,-0.02745));
#16937=CARTESIAN_POINT('',(0.0489647238195899,-0.175263703305157,-0.0271857293871788));
#16938=CARTESIAN_POINT('',(0.0491931942319998,-0.175326691558494,-0.02695));
#16939=CARTESIAN_POINT('',(0.049455006415528,-0.175362698826922,-0.02695));
#16940=CARTESIAN_POINT('',(0.049455006415528,-0.175362698826921,-0.02695));
#16941=CARTESIAN_POINT('',(0.05,-0.1714,-0.02695));
#16942=CARTESIAN_POINT('',(0.0505427371251339,-0.17536300850529,-0.02695));
#16943=CARTESIAN_POINT('',(0.0505427371251339,-0.17536300850529,-0.02695));
#16944=CARTESIAN_POINT('',(0.0508052097029164,-0.175327062679763,-0.02695));
#16945=CARTESIAN_POINT('',(0.0510352761804101,-0.175263703305157,-0.0271850297767354));
#16946=CARTESIAN_POINT('',(0.0510352761804101,-0.175263703305156,-0.02745));
#16947=CARTESIAN_POINT('',(0.0510352761804101,-0.175263703305156,-0.02745));
#16948=CARTESIAN_POINT('',(0.0510352761804101,-0.175263703305156,-0.02695));
#16949=CARTESIAN_POINT('',(0.0510352761804101,-0.175263703305156,-0.03945));
#16950=CARTESIAN_POINT('',(0.0510352761804101,-0.175263703305156,-0.03945));
#16951=CARTESIAN_POINT('',(0.0510352761804101,-0.175263703305156,-0.0397149607144021));
#16952=CARTESIAN_POINT('',(0.050805218237453,-0.175327061510952,-0.03995));
#16953=CARTESIAN_POINT('',(0.0505427371251339,-0.17536300850529,-0.03995));
#16954=CARTESIAN_POINT('',(0.0505427371251339,-0.17536300850529,-0.03995));
#16955=CARTESIAN_POINT('',(0.05,-0.1714,-0.03995));
#16956=CARTESIAN_POINT('',(0.0536003382620316,-0.173142860980959,-0.03995));
#16957=CARTESIAN_POINT('',(0.0536003382620316,-0.173142860980959,-0.03995));
#16958=CARTESIAN_POINT('',(0.0534851965306824,-0.173380716544577,-0.0399500000000001));
#16959=CARTESIAN_POINT('',(0.0533546822717817,-0.17357855614006,-0.0397142601455253));
#16960=CARTESIAN_POINT('',(0.0533546822717817,-0.17357855614006,-0.03945));
#16961=CARTESIAN_POINT('',(0.0533546822717817,-0.17357855614006,-0.03945));
#16962=CARTESIAN_POINT('',(0.0533546822717817,-0.17357855614006,-0.02695));
#16963=CARTESIAN_POINT('',(0.0533546822717817,-0.17357855614006,-0.02745));
#16964=CARTESIAN_POINT('',(0.0533546822717817,-0.17357855614006,-0.02745));
#16965=CARTESIAN_POINT('',(0.0533546822717817,-0.17357855614006,-0.0271857293871788));
#16966=CARTESIAN_POINT('',(0.0534851889007148,-0.173380732306284,-0.0269500000000001));
#16967=CARTESIAN_POINT('',(0.0536003382620316,-0.173142860980959,-0.02695));
#16968=CARTESIAN_POINT('',(0.0536003382620316,-0.173142860980959,-0.02695));
#16969=CARTESIAN_POINT('',(0.05,-0.1714,-0.02695));
#16970=CARTESIAN_POINT('',(0.0539367600582338,-0.172108463297493,-0.02695));
#16971=CARTESIAN_POINT('',(0.0539367600582338,-0.172108463297493,-0.02695));
#16972=CARTESIAN_POINT('',(0.0539836820337251,-0.17184772917108,-0.02695));
#16973=CARTESIAN_POINT('',(0.0539945181390183,-0.171609343824972,-0.0271850297767355));
#16974=CARTESIAN_POINT('',(0.0539945181390183,-0.171609343824972,-0.02745));
#16975=CARTESIAN_POINT('',(0.0539945181390183,-0.171609343824972,-0.02745));
#16976=CARTESIAN_POINT('',(0.0539945181390183,-0.171609343824972,-0.02695));
#16977=CARTESIAN_POINT('',(0.0539945181390183,-0.171609343824972,-0.03945));
#16978=CARTESIAN_POINT('',(0.0539945181390183,-0.171609343824972,-0.03945));
#16979=CARTESIAN_POINT('',(0.0539945181390183,-0.171609343824972,-0.0397149607144019));
#16980=CARTESIAN_POINT('',(0.0539836835594362,-0.17184772069307,-0.03995));
#16981=CARTESIAN_POINT('',(0.0539367600582338,-0.172108463297493,-0.03995));
#16982=CARTESIAN_POINT('',(0.0539367600582338,-0.172108463297493,-0.03995));
#16983=CARTESIAN_POINT('',(0.05,-0.1714,-0.03995));
#16984=CARTESIAN_POINT('',(0.0527701250014043,-0.168514448496977,-0.03995));
#16985=CARTESIAN_POINT('',(0.0527701250014043,-0.168514448496977,-0.03995));
#16986=CARTESIAN_POINT('',(0.0529607583333712,-0.168697456202239,-0.0399500000000001));
#16987=CARTESIAN_POINT('',(0.0531085838458279,-0.1688827184358,-0.0397142601455253));
#16988=CARTESIAN_POINT('',(0.0531085838458279,-0.1688827184358,-0.03945));
#16989=CARTESIAN_POINT('',(0.0531085838458279,-0.1688827184358,-0.03945));
#16990=CARTESIAN_POINT('',(0.0531085838458279,-0.1688827184358,-0.02695));
#16991=CARTESIAN_POINT('',(0.0531085838458279,-0.1688827184358,-0.02745));
#16992=CARTESIAN_POINT('',(0.0531085838458279,-0.1688827184358,-0.02745));
#16993=CARTESIAN_POINT('',(0.0531085838458279,-0.1688827184358,-0.0271857293871789));
#16994=CARTESIAN_POINT('',(0.0529607709658558,-0.168697468329405,-0.02695));
#16995=CARTESIAN_POINT('',(0.0527701250014043,-0.168514448496977,-0.02695));
#16996=CARTESIAN_POINT('',(0.0527701250014043,-0.168514448496977,-0.02695));
#16997=CARTESIAN_POINT('',(0.05,-0.1714,-0.02695));
#16998=CARTESIAN_POINT('',(0.0518903143964076,-0.167874845892343,-0.02695));
#16999=CARTESIAN_POINT('',(0.0518903143964076,-0.167874845892343,-0.02695));
#17000=CARTESIAN_POINT('',(0.0516568411942981,-0.167749649165719,-0.02695));
#17001=CARTESIAN_POINT('',(0.0514334717981812,-0.167665678294011,-0.0271850297767353));
#17002=CARTESIAN_POINT('',(0.0514334717981812,-0.167665678294011,-0.02745));
#17003=CARTESIAN_POINT('',(0.0514334717981812,-0.167665678294011,-0.02745));
#17004=CARTESIAN_POINT('',(0.0514334717981812,-0.167665678294011,-0.02695));
#17005=CARTESIAN_POINT('',(0.05,-0.1714,-0.00895));
#17006=CARTESIAN_POINT('',(0.054,-0.1714,-0.00895));
#17007=CARTESIAN_POINT('',(0.05,-0.1714,-0.03995));
#17008=CARTESIAN_POINT('',(0.0501831522810148,-0.171094461286629,-0.03995));
#17009=CARTESIAN_POINT('',(0.0596129538548664,-0.176747066315673,-0.03995));
#17010=CARTESIAN_POINT('',(0.0526113491957009,-0.182103953801821,-0.03995));
#17011=CARTESIAN_POINT('',(0.052606093522799,-0.182086827244342,-0.03995));
#17012=CARTESIAN_POINT('',(0.05,-0.1714,-0.03995));
#17013=CARTESIAN_POINT('',(0.0479018623241604,-0.182198046966615,-0.03995));
#17014=CARTESIAN_POINT('',(0.0479972322185167,-0.18170722664995,-0.03995));
#17015=CARTESIAN_POINT('',(0.0478852654038743,-0.1821945288482,-0.03995));
#17016=CARTESIAN_POINT('',(0.0503471817517238,-0.171479771515462,-0.03995));
#17017=CARTESIAN_POINT('',(0.0406268862663743,-0.17719124430066,-0.03995));
#17018=CARTESIAN_POINT('',(0.0406415504982227,-0.177180953461384,-0.03995));
#17019=CARTESIAN_POINT('',(0.05,-0.1714,-0.03995));
#17020=CARTESIAN_POINT('',(0.0390800302418885,-0.172724484987429,-0.03995));
#17021=CARTESIAN_POINT('',(0.0500314178418243,-0.171754840221261,-0.03995));
#17022=CARTESIAN_POINT('',(0.0415957479365001,-0.164275232013141,-0.03995));
#17023=CARTESIAN_POINT('',(0.0416100666031031,-0.164285998482174,-0.03995));
#17024=CARTESIAN_POINT('',(0.05,-0.1714,-0.03995));
#17025=CARTESIAN_POINT('',(0.0453658836886533,-0.161423779973712,-0.03995));
#17026=CARTESIAN_POINT('',(0.0496722355423768,-0.171539531801852,-0.03995));
#17027=CARTESIAN_POINT('',(0.0541790003083612,-0.161205406921503,-0.03995));
#17028=CARTESIAN_POINT('',(0.0541731854991472,-0.161222351804581,-0.03995));
#17029=CARTESIAN_POINT('',(0.05,-0.1714,-0.03995));
#17030=CARTESIAN_POINT('',(0.0580559283698792,-0.163909871957078,-0.03995));
#17031=CARTESIAN_POINT('',(0.0497660125830604,-0.171131395174796,-0.03995));
#17032=CARTESIAN_POINT('',(0.0609870162930635,-0.172224162962874,-0.03995));
#17033=CARTESIAN_POINT('',(0.0609691038767281,-0.172223869007519,-0.03995));
#17034=CARTESIAN_POINT('',(0.05,-0.1714,-0.03995));
#17035=CARTESIAN_POINT('',(0.0518,-0.1714,-0.00895));
#17036=CARTESIAN_POINT('',(0.0518,-0.1714,-0.01495));
#17037=CARTESIAN_POINT('',(0.0518,-0.169455134966122,-0.01495));
#17038=CARTESIAN_POINT('',(0.0518,-0.173344865033877,-0.01495));
#17039=CARTESIAN_POINT('',(0.0518,-0.173344865033877,-0.00895));
#17040=CARTESIAN_POINT('',(0.0518,-0.173344865033877,-0.00895));
#17041=CARTESIAN_POINT('',(0.0518,-0.1714,-0.00895));
#17042=CARTESIAN_POINT('',(0.0518,-0.169455134966122,-0.00895));
#17043=CARTESIAN_POINT('',(0.0518,-0.169455134966122,-0.00895));
#17044=CARTESIAN_POINT('',(0.05,-0.1714,-0.00895));
#17045=CARTESIAN_POINT('',(0.05,-0.1714,-0.01495));
#17046=CARTESIAN_POINT('',(0.0482,-0.173344865033877,-0.01495));
#17047=CARTESIAN_POINT('',(0.0482,-0.173344865033877,-0.00895));
#17048=CARTESIAN_POINT('',(0.0482,-0.173344865033877,-0.00895));
#17049=CARTESIAN_POINT('',(0.05,-0.1714,-0.00895));
#17050=CARTESIAN_POINT('',(0.0482,-0.1714,-0.00895));
#17051=CARTESIAN_POINT('',(0.0482,-0.1714,-0.01495));
#17052=CARTESIAN_POINT('',(0.0482,-0.169455134966122,-0.01495));
#17053=CARTESIAN_POINT('',(0.0482,-0.169455134966122,-0.00895));
#17054=CARTESIAN_POINT('',(0.0482,-0.169455134966122,-0.00895));
#17055=CARTESIAN_POINT('',(0.0482,-0.1714,-0.00895));
#17056=CARTESIAN_POINT('',(0.05,-0.1714,-0.00895));
#17057=CARTESIAN_POINT('',(0.05,-0.1714,-0.01495));
#17058=CARTESIAN_POINT('',(0.05,-0.1714,-0.00895));
#17059=CARTESIAN_POINT('',(0.05,-0.1714,-0.00895));
#17060=CARTESIAN_POINT('',(0.05,-0.1714,-0.01495));
#17061=CARTESIAN_POINT('',(0.0471952841031383,-0.16444458408963,-0.02695));
#17062=CARTESIAN_POINT('',(0.0471952841031383,-0.16444458408963,-0.03945));
#17063=CARTESIAN_POINT('',(0.0458240400044577,-0.161223489885249,-0.03945));
#17064=CARTESIAN_POINT('',(0.0458240400044577,-0.161223489885249,-0.02695));
#17065=CARTESIAN_POINT('',(0.0458240400044578,-0.161223489885249,-0.02745));
#17066=CARTESIAN_POINT('',(0.0485665282018188,-0.167665678294011,-0.02745));
#17067=CARTESIAN_POINT('',(0.0500864039893696,-0.171285088610465,-0.03995));
#17068=CARTESIAN_POINT('',(0.0500864039893696,-0.171285088610465,-0.02745));
#17069=CARTESIAN_POINT('',(0.0412952575012973,-0.164674863716528,-0.02745));
#17070=CARTESIAN_POINT('',(0.0412952575012973,-0.164674863716528,-0.02695));
#17071=CARTESIAN_POINT('',(0.0412952575012973,-0.164674863716528,-0.03945));
#17072=CARTESIAN_POINT('',(0.0468914161541721,-0.1688827184358,-0.03945));
#17073=CARTESIAN_POINT('',(0.05,-0.1714,-0.02695));
#17074=CARTESIAN_POINT('',(0.05,-0.1714,-0.02695));
#17075=CARTESIAN_POINT('',(0.0453658836886533,-0.161423779973712,-0.02695));
#17076=CARTESIAN_POINT('',(0.0416100666031031,-0.164285998482174,-0.02695));
#17077=CARTESIAN_POINT('',(0.0503868944245724,-0.170885456907079,-0.02695));
#17078=CARTESIAN_POINT('',(0.0453639918022846,-0.161419335874938,-0.02695));
#17079=CARTESIAN_POINT('',(0.0503868944245724,-0.170885456907079,-0.02745));
#17080=CARTESIAN_POINT('',(0.0412952575012973,-0.164674863716528,-0.02745));
#17081=CARTESIAN_POINT('',(0.0412952575012973,-0.164674863716528,-0.0271857800922256));
#17082=CARTESIAN_POINT('',(0.0414391908653349,-0.164487521641177,-0.0269500000000001));
#17083=CARTESIAN_POINT('',(0.0416100666031031,-0.164285998482174,-0.02695));
#17084=CARTESIAN_POINT('',(0.0503868944245724,-0.170885456907079,-0.03945));
#17085=CARTESIAN_POINT('',(0.0416100666031031,-0.164285998482174,-0.03995));
#17086=CARTESIAN_POINT('',(0.0414391916093174,-0.164487520763757,-0.0399499999999999));
#17087=CARTESIAN_POINT('',(0.0412952575012973,-0.164674863716528,-0.0397142211646424));
#17088=CARTESIAN_POINT('',(0.0412952575012973,-0.164674863716528,-0.03945));
#17089=CARTESIAN_POINT('',(0.0467352359009651,-0.164640430079319,-0.03945));
#17090=CARTESIAN_POINT('',(0.0458240400044577,-0.161223489885249,-0.03945));
#17091=CARTESIAN_POINT('',(0.0458240400044577,-0.161223489885249,-0.039714129880948));
#17092=CARTESIAN_POINT('',(0.0456054314902245,-0.161312506127337,-0.03995));
#17093=CARTESIAN_POINT('',(0.0453658836886533,-0.161423779973712,-0.03995));
#17094=CARTESIAN_POINT('',(0.0496722355423768,-0.171539531801852,-0.02745));
#17095=CARTESIAN_POINT('',(0.0453658836886533,-0.161423779973712,-0.02695));
#17096=CARTESIAN_POINT('',(0.0456054293357321,-0.161312507128134,-0.02695));
#17097=CARTESIAN_POINT('',(0.0458240400044577,-0.161223489885249,-0.0271858715520768));
#17098=CARTESIAN_POINT('',(0.0458240400044577,-0.161223489885249,-0.02745));
#17099=CARTESIAN_POINT('',(0.05,-0.1714,-0.04095));
#17100=CARTESIAN_POINT('',(0.05,-0.1714,-0.02695));
#17101=CARTESIAN_POINT('',(0.0390800302418883,-0.172724484987429,-0.02695));
#17102=CARTESIAN_POINT('',(0.0390800302418883,-0.172724484987429,-0.02695));
#17103=CARTESIAN_POINT('',(0.0390482271528903,-0.172462278338528,-0.02695));
#17104=CARTESIAN_POINT('',(0.03903112113577,-0.172226859396662,-0.0271858715520771));
#17105=CARTESIAN_POINT('',(0.03903112113577,-0.172226859396662,-0.02745));
#17106=CARTESIAN_POINT('',(0.03903112113577,-0.172226859396662,-0.02745));
#17107=CARTESIAN_POINT('',(0.03903112113577,-0.172226859396662,-0.02695));
#17108=CARTESIAN_POINT('',(0.03903112113577,-0.172226859396662,-0.03945));
#17109=CARTESIAN_POINT('',(0.03903112113577,-0.172226859396662,-0.03945));
#17110=CARTESIAN_POINT('',(0.03903112113577,-0.172226859396662,-0.0397141298809478));
#17111=CARTESIAN_POINT('',(0.0390482268668508,-0.172462275980221,-0.0399499999999999));
#17112=CARTESIAN_POINT('',(0.0390800302418883,-0.172724484987429,-0.03995));
#17113=CARTESIAN_POINT('',(0.05,-0.1714,-0.03995));
#17114=CARTESIAN_POINT('',(0.05,-0.1714,-0.04095));
#17115=CARTESIAN_POINT('',(0.05,-0.1714,-0.03995));
#17116=CARTESIAN_POINT('',(0.0541731854991472,-0.161222351804582,-0.03995));
#17117=CARTESIAN_POINT('',(0.0539287231430755,-0.161122113838024,-0.03995));
#17118=CARTESIAN_POINT('',(0.0537060713216126,-0.161043116522857,-0.0397142211646425));
#17119=CARTESIAN_POINT('',(0.0537060713216126,-0.161043116522857,-0.03945));
#17120=CARTESIAN_POINT('',(0.0537060713216126,-0.161043116522857,-0.03945));
#17121=CARTESIAN_POINT('',(0.0537060713216126,-0.161043116522857,-0.02695));
#17122=CARTESIAN_POINT('',(0.0537060713216126,-0.161043116522857,-0.02745));
#17123=CARTESIAN_POINT('',(0.0537060713216126,-0.161043116522857,-0.02745));
#17124=CARTESIAN_POINT('',(0.0537060713216126,-0.161043116522857,-0.0271857800922255));
#17125=CARTESIAN_POINT('',(0.0539287220786967,-0.161122113401592,-0.02695));
#17126=CARTESIAN_POINT('',(0.0541731854991472,-0.161222351804582,-0.02695));
#17127=CARTESIAN_POINT('',(0.0541731854991472,-0.161222351804581,-0.02695));
#17128=CARTESIAN_POINT('',(0.05,-0.1714,-0.02695));
#17129=CARTESIAN_POINT('',(0.0557482887485764,-0.166583214950683,-0.02695));
#17130=CARTESIAN_POINT('',(0.0557482887485764,-0.166583214950683,-0.03945));
#17131=CARTESIAN_POINT('',(0.058387993651325,-0.164283711465565,-0.03945));
#17132=CARTESIAN_POINT('',(0.058387993651325,-0.164283711465565,-0.02695));
#17133=CARTESIAN_POINT('',(0.058387993651325,-0.164283711465565,-0.02745));
#17134=CARTESIAN_POINT('',(0.0531085838458279,-0.1688827184358,-0.02745));
#17135=CARTESIAN_POINT('',(0.0501359875269108,-0.171446665504911,-0.03995));
#17136=CARTESIAN_POINT('',(0.0501359875269108,-0.171446665504911,-0.02745));
#17137=CARTESIAN_POINT('',(0.0514334717981812,-0.167665678294011,-0.03945));
#17138=CARTESIAN_POINT('',(0.05,-0.1714,-0.02695));
#17139=CARTESIAN_POINT('',(0.05,-0.1714,-0.02695));
#17140=CARTESIAN_POINT('',(0.0580559283698792,-0.163909871957078,-0.02695));
#17141=CARTESIAN_POINT('',(0.0506089165136595,-0.171608955903557,-0.02695));
#17142=CARTESIAN_POINT('',(0.0580595703339379,-0.163906699364173,-0.02695));
#17143=CARTESIAN_POINT('',(0.0506089165136595,-0.171608955903557,-0.02745));
#17144=CARTESIAN_POINT('',(0.0506089165136595,-0.171608955903557,-0.03945));
#17145=CARTESIAN_POINT('',(0.0554198654311893,-0.16620620284929,-0.03945));
#17146=CARTESIAN_POINT('',(0.058387993651325,-0.164283711465565,-0.03945));
#17147=CARTESIAN_POINT('',(0.058387993651325,-0.164283711465565,-0.039714129880948));
#17148=CARTESIAN_POINT('',(0.058235780428218,-0.164103309945167,-0.03995));
#17149=CARTESIAN_POINT('',(0.0580559283698792,-0.163909871957078,-0.03995));
#17150=CARTESIAN_POINT('',(0.0497660125830604,-0.171131395174796,-0.02745));
#17151=CARTESIAN_POINT('',(0.0580559283698792,-0.163909871957078,-0.02695));
#17152=CARTESIAN_POINT('',(0.058235778810629,-0.164103308205386,-0.0269500000000001));
#17153=CARTESIAN_POINT('',(0.058387993651325,-0.164283711465565,-0.0271858715520769));
#17154=CARTESIAN_POINT('',(0.058387993651325,-0.164283711465565,-0.02745));
#17155=CARTESIAN_POINT('',(0.05,-0.1714,-0.04095));
#17156=CARTESIAN_POINT('',(0.05,-0.1714,-0.03995));
#17157=CARTESIAN_POINT('',(0.0609691038767281,-0.172223869007519,-0.03995));
#17158=CARTESIAN_POINT('',(0.0609888928254916,-0.17196039625564,-0.0399500000000001));
#17159=CARTESIAN_POINT('',(0.0609952205401905,-0.171724230277076,-0.0397142211646424));
#17160=CARTESIAN_POINT('',(0.0609952205401905,-0.171724230277076,-0.03945));
#17161=CARTESIAN_POINT('',(0.0609952205401905,-0.171724230277076,-0.03945));
#17162=CARTESIAN_POINT('',(0.0609952205401905,-0.171724230277076,-0.02695));
#17163=CARTESIAN_POINT('',(0.0609952205401905,-0.171724230277076,-0.02745));
#17164=CARTESIAN_POINT('',(0.0609952205401905,-0.171724230277076,-0.02745));
#17165=CARTESIAN_POINT('',(0.0609952205401905,-0.171724230277076,-0.0271857800922256));
#17166=CARTESIAN_POINT('',(0.0609888929116519,-0.17196039510849,-0.0269499999999999));
#17167=CARTESIAN_POINT('',(0.0609691038767281,-0.172223869007519,-0.02695));
#17168=CARTESIAN_POINT('',(0.0609691038767281,-0.172223869007519,-0.02695));
#17169=CARTESIAN_POINT('',(0.05,-0.1714,-0.02695));
#17170=CARTESIAN_POINT('',(0.0425183014983758,-0.171918101610817,-0.02695));
#17171=CARTESIAN_POINT('',(0.0460054818609817,-0.171609343824972,-0.02745));
#17172=CARTESIAN_POINT('',(0.0425183014983758,-0.171918101610817,-0.03945));
#17173=CARTESIAN_POINT('',(0.0499174130752831,-0.171282315350662,-0.03995));
#17174=CARTESIAN_POINT('',(0.0499174130752831,-0.171282315350662,-0.02745));
#17175=CARTESIAN_POINT('',(0.0409141019508735,-0.177600520674982,-0.02745));
#17176=CARTESIAN_POINT('',(0.0409141019508735,-0.177600520674982,-0.02695));
#17177=CARTESIAN_POINT('',(0.0409141019508735,-0.177600520674982,-0.03945));
#17178=CARTESIAN_POINT('',(0.0466453177282183,-0.17357855614006,-0.03945));
#17179=CARTESIAN_POINT('',(0.05,-0.1714,-0.02695));
#17180=CARTESIAN_POINT('',(0.0390752190277509,-0.172724910976243,-0.02695));
#17181=CARTESIAN_POINT('',(0.05,-0.1714,-0.02695));
#17182=CARTESIAN_POINT('',(0.0406415504982227,-0.177180953461384,-0.02695));
#17183=CARTESIAN_POINT('',(0.049630197390784,-0.170873038976341,-0.02695));
#17184=CARTESIAN_POINT('',(0.0500314178418243,-0.171754840221261,-0.02745));
#17185=CARTESIAN_POINT('',(0.049630197390784,-0.170873038976341,-0.02745));
#17186=CARTESIAN_POINT('',(0.0409141019508735,-0.177600520674982,-0.02745));
#17187=CARTESIAN_POINT('',(0.0409141019508735,-0.177600520674982,-0.0271857800922254));
#17188=CARTESIAN_POINT('',(0.0407804069048797,-0.177405740026157,-0.02695));
#17189=CARTESIAN_POINT('',(0.0406415504982227,-0.177180953461384,-0.02695));
#17190=CARTESIAN_POINT('',(0.049630197390784,-0.170873038976341,-0.03945));
#17191=CARTESIAN_POINT('',(0.0406415504982227,-0.177180953461384,-0.03995));
#17192=CARTESIAN_POINT('',(0.0407804063003074,-0.17740573904745,-0.03995));
#17193=CARTESIAN_POINT('',(0.0409141019508735,-0.177600520674982,-0.0397142211646426));
#17194=CARTESIAN_POINT('',(0.0409141019508735,-0.177600520674982,-0.03945));
#17195=CARTESIAN_POINT('',(0.0425623993903567,-0.172416153190397,-0.03945));
#17196=CARTESIAN_POINT('',(0.05,-0.1714,-0.04095));
#17197=CARTESIAN_POINT('',(0.05,-0.1714,-0.02695));
#17198=CARTESIAN_POINT('',(0.0479018623241604,-0.182198046966615,-0.02695));
#17199=CARTESIAN_POINT('',(0.0479018623241604,-0.182198046966615,-0.02695));
#17200=CARTESIAN_POINT('',(0.05,-0.1714,-0.03995));
#17201=CARTESIAN_POINT('',(0.0481807719292789,-0.178675620315481,-0.02695));
#17202=CARTESIAN_POINT('',(0.0481807719292789,-0.178675620315481,-0.03945));
#17203=CARTESIAN_POINT('',(0.0475099300202672,-0.181595259835308,-0.03945));
#17204=CARTESIAN_POINT('',(0.0475099300202672,-0.181595259835308,-0.02695));
#17205=CARTESIAN_POINT('',(0.0475099300202672,-0.181595259835308,-0.02745));
#17206=CARTESIAN_POINT('',(0.0489647238195899,-0.175263703305156,-0.02745));
#17207=CARTESIAN_POINT('',(0.0498625544841291,-0.17144217827629,-0.03995));
#17208=CARTESIAN_POINT('',(0.0530893486860262,-0.181957268808558,-0.02695));
#17209=CARTESIAN_POINT('',(0.0530893486860262,-0.181957268808558,-0.02745));
#17210=CARTESIAN_POINT('',(0.0530893486860262,-0.181957268808558,-0.03945));
#17211=CARTESIAN_POINT('',(0.0510352761804101,-0.175263703305156,-0.03945));
#17212=CARTESIAN_POINT('',(0.0498625544841291,-0.17144217827629,-0.02745));
#17213=CARTESIAN_POINT('',(0.05,-0.1714,-0.02695));
#17214=CARTESIAN_POINT('',(0.05,-0.1714,-0.02695));
#17215=CARTESIAN_POINT('',(0.052606093522799,-0.182086827244342,-0.02695));
#17216=CARTESIAN_POINT('',(0.0493845549938038,-0.171588863269554,-0.02695));
#17217=CARTESIAN_POINT('',(0.0478841222372173,-0.182199504140447,-0.02695));
#17218=CARTESIAN_POINT('',(0.0478852654038743,-0.1821945288482,-0.02695));
#17219=CARTESIAN_POINT('',(0.0479972322185167,-0.18170722664995,-0.02695));
#17220=CARTESIAN_POINT('',(0.0503471817517238,-0.171479771515462,-0.02745));
#17221=CARTESIAN_POINT('',(0.0479972322185167,-0.18170722664995,-0.02745));
#17222=CARTESIAN_POINT('',(0.0486680741275284,-0.178787587130123,-0.03945));
#17223=CARTESIAN_POINT('',(0.0479972322185167,-0.18170722664995,-0.03945));
#17224=CARTESIAN_POINT('',(0.0479972322185167,-0.18170722664995,-0.02695));
#17225=CARTESIAN_POINT('',(0.0493845549938038,-0.171588863269554,-0.03945));
#17226=CARTESIAN_POINT('',(0.052606093522799,-0.182086827244342,-0.03995));
#17227=CARTESIAN_POINT('',(0.0528627861218082,-0.182024230095129,-0.03995));
#17228=CARTESIAN_POINT('',(0.0530893486860262,-0.181957268808558,-0.0397142211646425));
#17229=CARTESIAN_POINT('',(0.0530893486860262,-0.181957268808558,-0.03945));
#17230=CARTESIAN_POINT('',(0.0493845549938038,-0.171588863269554,-0.02745));
#17231=CARTESIAN_POINT('',(0.0530893486860262,-0.181957268808558,-0.02745));
#17232=CARTESIAN_POINT('',(0.0530893486860262,-0.181957268808558,-0.0271857800922255));
#17233=CARTESIAN_POINT('',(0.052862787239437,-0.182024229822584,-0.02695));
#17234=CARTESIAN_POINT('',(0.052606093522799,-0.182086827244343,-0.02695));
#17235=CARTESIAN_POINT('',(0.05,-0.1714,-0.04095));
#17236=CARTESIAN_POINT('',(0.05,-0.1714,-0.03995));
#17237=CARTESIAN_POINT('',(0.05,-0.1714,-0.02695));
#17238=CARTESIAN_POINT('',(0.0596129538548666,-0.176747066315673,-0.02695));
#17239=CARTESIAN_POINT('',(0.0596129538548666,-0.176747066315673,-0.02695));
#17240=CARTESIAN_POINT('',(0.0594845618930628,-0.176977889337362,-0.02695));
#17241=CARTESIAN_POINT('',(0.0593600251694795,-0.177178401926719,-0.0271858715520768));
#17242=CARTESIAN_POINT('',(0.0593600251694795,-0.177178401926719,-0.02745));
#17243=CARTESIAN_POINT('',(0.0593600251694795,-0.177178401926719,-0.02745));
#17244=CARTESIAN_POINT('',(0.0593600251694795,-0.177178401926719,-0.02695));
#17245=CARTESIAN_POINT('',(0.0593600251694795,-0.177178401926719,-0.03945));
#17246=CARTESIAN_POINT('',(0.0593600251694795,-0.177178401926719,-0.03945));
#17247=CARTESIAN_POINT('',(0.0593600251694795,-0.177178401926719,-0.039714129880948));
#17248=CARTESIAN_POINT('',(0.0594845607382954,-0.176977891413402,-0.0399500000000001));
#17249=CARTESIAN_POINT('',(0.0596129538548666,-0.176747066315673,-0.03995));
#17250=CARTESIAN_POINT('',(0.0563573537206306,-0.17537847903339,-0.02695));
#17251=CARTESIAN_POINT('',(0.0533546822717817,-0.17357855614006,-0.02745));
#17252=CARTESIAN_POINT('',(0.0563573537206306,-0.17537847903339,-0.03945));
#17253=CARTESIAN_POINT('',(0.0499976409243074,-0.171543752257672,-0.03995));
#17254=CARTESIAN_POINT('',(0.0499976409243074,-0.171543752257672,-0.02745));
#17255=CARTESIAN_POINT('',(0.0539945181390183,-0.171609343824972,-0.03945));
#17256=CARTESIAN_POINT('',(0.05,-0.1714,-0.02695));
#17257=CARTESIAN_POINT('',(0.0596170965988094,-0.1767495496442,-0.02695));
#17258=CARTESIAN_POINT('',(0.05,-0.1714,-0.02695));
#17259=CARTESIAN_POINT('',(0.0499894366771803,-0.172043684943469,-0.02695));
#17260=CARTESIAN_POINT('',(0.0501831522810148,-0.171094461286629,-0.02745));
#17261=CARTESIAN_POINT('',(0.0499894366771803,-0.172043684943469,-0.02745));
#17262=CARTESIAN_POINT('',(0.0499894366771803,-0.172043684943469,-0.03945));
#17263=CARTESIAN_POINT('',(0.0566144251499605,-0.17494962675087,-0.03945));
#17264=CARTESIAN_POINT('',(0.05,-0.1714,-0.04095));
#17265=CARTESIAN_POINT('',(0.05,-0.1714,-0.03595));
#17266=CARTESIAN_POINT('',(0.065,-0.1714,-0.03595));
#17267=CARTESIAN_POINT('',(0.05,-0.1714,-0.03095));
#17268=CARTESIAN_POINT('',(0.065,-0.1714,-0.03095));
#17269=CARTESIAN_POINT('',(0.05,-0.1714,-0.03595));
#17270=CARTESIAN_POINT('',(0.05,-0.1714,-0.02595));
#17271=CARTESIAN_POINT('',(-0.00962166068814264,0.265713124805511,0.112458155890192));
#17272=CARTESIAN_POINT('',(-0.0366711989468228,0.119793011410672,0.146400607657214));
#17273=CARTESIAN_POINT('',(0.0100003276712895,0.0111998024631142,0.04215));
#17274=CARTESIAN_POINT('',(0.0100003276712895,0.0111998024631142,0.0523));
#17275=CARTESIAN_POINT('',(0.000250327671289463,0.0111998024631142,0.0523));
#17276=CARTESIAN_POINT('',(0.0197503276712895,0.0111998024631142,0.0523));
#17277=CARTESIAN_POINT('',(0.000250327671289463,0.0111998024631142,0.0523));
#17278=CARTESIAN_POINT('',(-0.00124967232871056,0.0111998024631142,0.0508));
#17279=CARTESIAN_POINT('',(-0.00124967232871056,0.0111998024631142,0.0429));
#17280=CARTESIAN_POINT('',(-0.00124967232871056,0.0111998024631142,0.0335));
#17281=CARTESIAN_POINT('',(0.0100003276712894,0.0111998024631142,0.0335));
#17282=CARTESIAN_POINT('',(0.0212503276712895,0.0111998024631143,0.0335));
#17283=CARTESIAN_POINT('',(0.0212503276712895,0.0111998024631142,0.0429));
#17284=CARTESIAN_POINT('',(0.0212503276712895,0.0111998024631142,0.0508));
#17285=CARTESIAN_POINT('',(0.0227503276712894,0.0111998024631142,0.0493));
#17286=CARTESIAN_POINT('',(-0.0409996723287105,0.0111998024631142,0.04215));
#17287=CARTESIAN_POINT('',(-0.0409996723287105,0.0111998024631142,0.0523));
#17288=CARTESIAN_POINT('',(-0.0507496723287105,0.0111998024631142,0.0523));
#17289=CARTESIAN_POINT('',(-0.0312496723287106,0.0111998024631142,0.0523));
#17290=CARTESIAN_POINT('',(-0.0507496723287105,0.0111998024631142,0.0523));
#17291=CARTESIAN_POINT('',(-0.0522496723287105,0.0111998024631142,0.0508));
#17292=CARTESIAN_POINT('',(-0.0522496723287105,0.0111998024631142,0.0429));
#17293=CARTESIAN_POINT('',(-0.0522496723287105,0.0111998024631142,0.0335));
#17294=CARTESIAN_POINT('',(-0.0409996723287105,0.0111998024631142,0.0335));
#17295=CARTESIAN_POINT('',(-0.0297496723287105,0.0111998024631142,0.0335));
#17296=CARTESIAN_POINT('',(-0.0297496723287105,0.0111998024631142,0.0429));
#17297=CARTESIAN_POINT('',(-0.0297496723287105,0.0111998024631142,0.0508));
#17298=CARTESIAN_POINT('',(-0.0282496723287106,0.0111998024631142,0.0493));
#17299=CARTESIAN_POINT('',(-0.04,0.08,0.032));
#17300=CARTESIAN_POINT('',(-0.04,0.04,0.032));
#17301=CARTESIAN_POINT('',(-0.04,0.044,0.032));
#17302=CARTESIAN_POINT('',(-0.04,0.05,0.032));
#17303=CARTESIAN_POINT('',(0.01,0.04,0.032));
#17304=CARTESIAN_POINT('',(0.01,0.044,0.032));
#17305=CARTESIAN_POINT('',(0.01,0.05,0.032));
#17306=CARTESIAN_POINT('',(-0.0409996723287105,0.0161998024631142,0.032));
#17307=CARTESIAN_POINT('',(-0.0312496723287106,0.0161998024631142,0.032));
#17308=CARTESIAN_POINT('',(-0.0507496723287105,0.0161998024631142,0.032));
#17309=CARTESIAN_POINT('',(-0.0312496723287106,0.0161998024631142,0.032));
#17310=CARTESIAN_POINT('',(-0.0282496723287106,0.0131998024631142,0.032));
#17311=CARTESIAN_POINT('',(-0.0282496723287106,0.0161998024631142,0.032));
#17312=CARTESIAN_POINT('',(-0.0282496723287106,-0.0170001975368857,0.032));
#17313=CARTESIAN_POINT('',(-0.0282496723287106,-0.0170001975368857,0.032));
#17314=CARTESIAN_POINT('',(-0.0312496723287105,-0.0200000987684428,0.032));
#17315=CARTESIAN_POINT('',(-0.0409996723287105,-0.0200001975368857,0.032));
#17316=CARTESIAN_POINT('',(-0.0282496723287106,-0.02,0.032));
#17317=CARTESIAN_POINT('',(-0.04,-0.02,0.032));
#17318=CARTESIAN_POINT('',(-0.00274967232871052,-0.02,0.032));
#17319=CARTESIAN_POINT('',(0.0100003276712895,-0.0200001975368857,0.032));
#17320=CARTESIAN_POINT('',(0.000250327671289477,-0.0200000987684428,0.032));
#17321=CARTESIAN_POINT('',(0.00025032767128948,-0.0200001975368857,0.032));
#17322=CARTESIAN_POINT('',(-0.00274967232871052,-0.0170001975368857,0.032));
#17323=CARTESIAN_POINT('',(-0.00274967232871054,0.0161998024631142,0.032));
#17324=CARTESIAN_POINT('',(-0.00274967232871053,0.0131998024631142,0.032));
#17325=CARTESIAN_POINT('',(-0.00274967232871054,0.0131998024631142,0.032));
#17326=CARTESIAN_POINT('',(0.000250327671289463,0.0161998024631142,0.032));
#17327=CARTESIAN_POINT('',(0.0100003276712895,0.0161998024631142,0.032));
#17328=CARTESIAN_POINT('',(0.0197503276712895,0.0161998024631142,0.032));
#17329=CARTESIAN_POINT('',(0.0227503276712894,0.0131998024631142,0.032));
#17330=CARTESIAN_POINT('',(0.0227503276712894,0.0131998024631142,0.032));
#17331=CARTESIAN_POINT('',(0.0227503276712894,0.0161998024631142,0.032));
#17332=CARTESIAN_POINT('',(0.0227503276712895,-0.0170001975368857,0.032));
#17333=CARTESIAN_POINT('',(0.0197503276712895,-0.0200001975368857,0.032));
#17334=CARTESIAN_POINT('',(0.0197503276712895,-0.0200000987684428,0.032));
#17335=CARTESIAN_POINT('',(0.0100003276712895,-0.0200001975368857,0.032));
#17336=CARTESIAN_POINT('',(0.0227503276712895,-0.02,0.032));
#17337=CARTESIAN_POINT('',(-0.04,-0.02,0.032));
#17338=CARTESIAN_POINT('',(0.03,-0.02,0.032));
#17339=CARTESIAN_POINT('',(0.03,0.08,0.032));
#17340=CARTESIAN_POINT('',(0.03,0.095,0.032));
#17341=CARTESIAN_POINT('',(-0.04,0.095,0.032));
#17342=CARTESIAN_POINT('',(-0.06,0.095,0.032));
#17343=CARTESIAN_POINT('',(-0.06,-0.02,0.032));
#17344=CARTESIAN_POINT('',(-0.06,-0.02,0.032));
#17345=CARTESIAN_POINT('',(-0.04,-0.02,0.032));
#17346=CARTESIAN_POINT('',(-0.0537496723287105,-0.02,0.032));
#17347=CARTESIAN_POINT('',(-0.0409996723287105,-0.0200001975368857,0.032));
#17348=CARTESIAN_POINT('',(-0.0507496723287105,-0.0200000987684428,0.032));
#17349=CARTESIAN_POINT('',(-0.0537496723287105,-0.0170001975368857,0.032));
#17350=CARTESIAN_POINT('',(-0.0537496723287105,-0.0170001975368857,0.032));
#17351=CARTESIAN_POINT('',(-0.0537496723287105,0.0161998024631142,0.032));
#17352=CARTESIAN_POINT('',(-0.0537496723287105,0.0131998024631142,0.032));
#17353=CARTESIAN_POINT('',(-0.0507496723287105,0.0161998024631142,0.032));
#17354=CARTESIAN_POINT('',(-0.065,0.1,0.0065));
#17355=CARTESIAN_POINT('',(-0.065,0.1,0.0065));
#17356=CARTESIAN_POINT('',(-0.065,0.1,0.0085));
#17357=CARTESIAN_POINT('',(-0.065,0.1,0.027));
#17358=CARTESIAN_POINT('',(-0.065,0.1,0.027));
#17359=CARTESIAN_POINT('',(-0.06,0.1,0.027));
#17360=CARTESIAN_POINT('',(-0.06,0.1,0.0065));
#17361=CARTESIAN_POINT('',(-0.06,0.1,0.0085));
#17362=CARTESIAN_POINT('',(-0.065,0.1,0.0085));
#17363=CARTESIAN_POINT('',(-0.065,0.1,0.0065));
#17364=CARTESIAN_POINT('',(0.03,0.1,0.0065));
#17365=CARTESIAN_POINT('',(0.03,0.1,0.0085));
#17366=CARTESIAN_POINT('',(0.03,0.1,0.027));
#17367=CARTESIAN_POINT('',(-0.065,0.1,0.027));
#17368=CARTESIAN_POINT('',(0.035,0.1,0.027));
#17369=CARTESIAN_POINT('',(0.035,0.1,0.0065));
#17370=CARTESIAN_POINT('',(0.035,0.1,0.0085));
#17371=CARTESIAN_POINT('',(0.035,0.1,0.0085));
#17372=CARTESIAN_POINT('',(-0.06,0.08,0.0065));
#17373=CARTESIAN_POINT('',(-0.06,0.08,0.0085));
#17374=CARTESIAN_POINT('',(-0.06,0.06,0.0085));
#17375=CARTESIAN_POINT('',(-0.06,0.08,0.027));
#17376=CARTESIAN_POINT('',(-0.06,-0.02,0.027));
#17377=CARTESIAN_POINT('',(-0.06,-0.02,0.0065));
#17378=CARTESIAN_POINT('',(-0.06,-0.02,0.0065));
#17379=CARTESIAN_POINT('',(-0.06,0.04,0.0065));
#17380=CARTESIAN_POINT('',(-0.06,0.06,0.0065));
#17381=CARTESIAN_POINT('',(-0.06,0.06,0.0065));
#17382=CARTESIAN_POINT('',(-0.065,0.08,0.0065));
#17383=CARTESIAN_POINT('',(-0.065,-0.02,0.0065));
#17384=CARTESIAN_POINT('',(-0.065,-0.02,0.0065));
#17385=CARTESIAN_POINT('',(-0.065,-0.02,0.027));
#17386=CARTESIAN_POINT('',(-0.065,0.1,0.027));
#17387=CARTESIAN_POINT('',(-0.065,0.08,0.0085));
#17388=CARTESIAN_POINT('',(-0.065,0.06,0.0085));
#17389=CARTESIAN_POINT('',(-0.065,0.06,0.0065));
#17390=CARTESIAN_POINT('',(-0.065,0.06,0.0065));
#17391=CARTESIAN_POINT('',(-0.065,0.04,0.0065));
#17392=CARTESIAN_POINT('',(0.03,0.08,0.0065));
#17393=CARTESIAN_POINT('',(0.03,0.08,0.0085));
#17394=CARTESIAN_POINT('',(0.03,0.06,0.0085));
#17395=CARTESIAN_POINT('',(0.03,0.06,0.0065));
#17396=CARTESIAN_POINT('',(0.03,0.06,0.0065));
#17397=CARTESIAN_POINT('',(0.03,0.04,0.0065));
#17398=CARTESIAN_POINT('',(0.03,-0.02,0.0065));
#17399=CARTESIAN_POINT('',(0.03,-0.02,0.0065));
#17400=CARTESIAN_POINT('',(0.03,-0.02,0.027));
#17401=CARTESIAN_POINT('',(0.03,0.08,0.027));
#17402=CARTESIAN_POINT('',(0.035,0.08,0.0065));
#17403=CARTESIAN_POINT('',(0.035,0.08,0.027));
#17404=CARTESIAN_POINT('',(0.035,-0.02,0.027));
#17405=CARTESIAN_POINT('',(0.035,-0.02,0.0065));
#17406=CARTESIAN_POINT('',(0.035,-0.02,0.0065));
#17407=CARTESIAN_POINT('',(0.035,0.04,0.0065));
#17408=CARTESIAN_POINT('',(0.035,0.06,0.0065));
#17409=CARTESIAN_POINT('',(0.035,0.06,0.0065));
#17410=CARTESIAN_POINT('',(0.035,0.06,0.0085));
#17411=CARTESIAN_POINT('',(0.035,0.08,0.0085));
#17412=CARTESIAN_POINT('',(-0.04,0.08,0.027));
#17413=CARTESIAN_POINT('',(0.01,1.59288398090079E-16,0.027));
#17414=CARTESIAN_POINT('',(0.015,1.59288398090079E-16,0.027));
#17415=CARTESIAN_POINT('',(-0.04,1.52349504186172E-16,0.027));
#17416=CARTESIAN_POINT('',(-0.035,1.52349504186172E-16,0.027));
#17417=CARTESIAN_POINT('',(-0.04,0.04,0.027));
#17418=CARTESIAN_POINT('',(-0.035,0.04,0.027));
#17419=CARTESIAN_POINT('',(0.01,0.04,0.027));
#17420=CARTESIAN_POINT('',(0.015,0.04,0.027));
#17421=CARTESIAN_POINT('',(-0.04,-0.02,0.027));
#17422=CARTESIAN_POINT('',(-0.04,0.1,0.027));
#17423=CARTESIAN_POINT('',(0.035,0.08,0.0085));
#17424=CARTESIAN_POINT('',(0.035,0.06,0.0085));
#17425=CARTESIAN_POINT('',(-0.065,0.08,0.0085));
#17426=CARTESIAN_POINT('',(-0.065,0.06,0.0085));
#17427=CARTESIAN_POINT('',(-0.065,0.06,0.0065));
#17428=CARTESIAN_POINT('',(-0.065,0.06,0.0065));
#17429=CARTESIAN_POINT('',(-0.065,0.06,0.0065));
#17430=CARTESIAN_POINT('',(0.035,0.06,0.0065));
#17431=CARTESIAN_POINT('',(-0.065,0.04,0.0065));
#17432=CARTESIAN_POINT('',(-0.065,-0.02,0.0065));
#17433=CARTESIAN_POINT('',(0.035,0.04,0.0065));
#17434=CARTESIAN_POINT('',(0.035,-0.02,0.0065));
#17435=CARTESIAN_POINT('',(-0.04,0.04,0.041));
#17436=CARTESIAN_POINT('',(-0.04,0.04,0.0095));
#17437=CARTESIAN_POINT('',(-0.044,0.04,0.0095));
#17438=CARTESIAN_POINT('',(0.01,0.04,0.041));
#17439=CARTESIAN_POINT('',(0.01,0.04,0.0095));
#17440=CARTESIAN_POINT('',(0.006,0.04,0.0095));
#17441=CARTESIAN_POINT('',(-0.065,-0.02,0.0065));
#17442=CARTESIAN_POINT('',(0.03,-0.02,0.032));
#17443=CARTESIAN_POINT('',(0.0100003276712895,-0.0200001975368857,0.032));
#17444=CARTESIAN_POINT('',(0.0150003276712895,-0.02,0.032));
#17445=CARTESIAN_POINT('',(-0.04,-0.02,0.032));
#17446=CARTESIAN_POINT('',(0.00500032767128945,-0.02,0.032));
#17447=CARTESIAN_POINT('',(0.0100003276712895,-0.0200001975368857,0.032));
#17448=CARTESIAN_POINT('',(-0.0409996723287105,-0.0200001975368857,0.032));
#17449=CARTESIAN_POINT('',(-0.0359996723287105,-0.02,0.032));
#17450=CARTESIAN_POINT('',(-0.04,-0.02,0.032));
#17451=CARTESIAN_POINT('',(-0.0459996723287105,-0.02,0.032));
#17452=CARTESIAN_POINT('',(-0.0409996723287105,-0.0200001975368857,0.032));
#17453=CARTESIAN_POINT('',(-0.065,-0.02,0.027));
#17454=CARTESIAN_POINT('',(-0.065,0.08,0.027));
#17455=CARTESIAN_POINT('',(-0.0583333333333334,0.0933333333333333,0.0336666666666667));
#17456=CARTESIAN_POINT('',(-0.065,0.1,0.027));
#17457=CARTESIAN_POINT('',(0.00166666666666673,0.0666666666666667,0.0603333333333333));
#17458=CARTESIAN_POINT('',(0.03,0.08,0.032));
#17459=CARTESIAN_POINT('',(0.0100003276712895,-0.0580001975368857,0.034));
#17460=CARTESIAN_POINT('',(0.00500032767128949,-0.0580001975368857,0.034));
#17461=CARTESIAN_POINT('',(0.00500032767128949,-0.0550001975368857,0.037));
#17462=CARTESIAN_POINT('',(0.00500032767128949,-0.0580001975368857,0.034));
#17463=CARTESIAN_POINT('',(0.0150003276712895,-0.0580001975368857,0.034));
#17464=CARTESIAN_POINT('',(0.0150003276712895,-0.0580001975368857,0.034));
#17465=CARTESIAN_POINT('',(0.0150003276712895,-0.0561251975368857,0.035875));
#17466=CARTESIAN_POINT('',(0.0150003276712895,-0.0550001975368857,0.037));
#17467=CARTESIAN_POINT('',(0.00500032767128949,-0.0550001975368857,0.037));
#17468=CARTESIAN_POINT('',(0.0100003276712895,-0.0580001975368857,0.0345));
#17469=CARTESIAN_POINT('',(0.00500032767128949,-0.0580001975368857,0.03275));
#17470=CARTESIAN_POINT('',(0.00500032767128949,-0.0580001975368858,0.032));
#17471=CARTESIAN_POINT('',(0.0100003276712895,-0.0580001975368858,0.032));
#17472=CARTESIAN_POINT('',(0.0150003276712895,-0.0580001975368857,0.032));
#17473=CARTESIAN_POINT('',(0.0150003276712895,-0.0580001975368857,0.03275));
#17474=CARTESIAN_POINT('',(0.0100003276712895,-0.0580001975368857,0.037));
#17475=CARTESIAN_POINT('',(0.0150003276712895,-0.0580001975368857,0.037));
#17476=CARTESIAN_POINT('',(0.0150003276712895,-0.0530001975368857,0.037));
#17477=CARTESIAN_POINT('',(0.0100003276712895,-0.0530001975368857,0.037));
#17478=CARTESIAN_POINT('',(0.00500032767128949,-0.0530001975368857,0.037));
#17479=CARTESIAN_POINT('',(0.00500032767128949,-0.0580001975368857,0.037));
#17480=CARTESIAN_POINT('',(0.0100003276712895,-0.0530001975368857,0.0345));
#17481=CARTESIAN_POINT('',(0.00500032767128949,-0.0530001975368857,0.03275));
#17482=CARTESIAN_POINT('',(0.00500032767128949,-0.0530001975368857,0.0335));
#17483=CARTESIAN_POINT('',(0.0150003276712895,-0.0530001975368857,0.03275));
#17484=CARTESIAN_POINT('',(0.0150003276712895,-0.0530001975368857,0.0335));
#17485=CARTESIAN_POINT('',(0.0100003276712895,-0.0530001975368857,0.0335));
#17486=CARTESIAN_POINT('',(0.0150003276712895,-0.0530001975368857,0.03275));
#17487=CARTESIAN_POINT('',(0.0150003276712895,-0.0530001975368857,0.032));
#17488=CARTESIAN_POINT('',(0.0150003276712895,-0.0200001975368857,0.03275));
#17489=CARTESIAN_POINT('',(0.0150003276712895,-0.0200001975368857,0.0335));
#17490=CARTESIAN_POINT('',(0.0150003276712895,-0.0530001975368857,0.0335));
#17491=CARTESIAN_POINT('',(0.00500032767128949,-0.0530001975368857,0.03275));
#17492=CARTESIAN_POINT('',(0.00500032767128949,-0.0530001975368857,0.0335));
#17493=CARTESIAN_POINT('',(0.00500032767128948,-0.0200001975368857,0.0335));
#17494=CARTESIAN_POINT('',(0.00500032767128948,-0.0200001975368857,0.03275));
#17495=CARTESIAN_POINT('',(0.00500032767128949,-0.0530001975368857,0.032));
#17496=CARTESIAN_POINT('',(0.0100003276712895,-0.0200001975368857,0.04215));
#17497=CARTESIAN_POINT('',(0.0100003276712894,-0.0200001975368857,0.0335));
#17498=CARTESIAN_POINT('',(0.000250327671289477,-0.0200001975368857,0.0335));
#17499=CARTESIAN_POINT('',(0.000250327671289476,-0.0200001975368857,0.032));
#17500=CARTESIAN_POINT('',(0.0212503276712895,-0.0200001975368857,0.0429));
#17501=CARTESIAN_POINT('',(0.0212503276712895,-0.0200001975368857,0.0335));
#17502=CARTESIAN_POINT('',(0.0212503276712895,-0.0185001975368858,0.0335));
#17503=CARTESIAN_POINT('',(0.0212503276712895,-0.0185001975368858,0.0429));
#17504=CARTESIAN_POINT('',(0.0212503276712895,-0.0185001975368858,0.0508));
#17505=CARTESIAN_POINT('',(0.0212503276712895,-0.0200001975368857,0.0508));
#17506=CARTESIAN_POINT('',(0.0100003276712894,-0.0200001975368857,0.0335));
#17507=CARTESIAN_POINT('',(0.0100003276712894,-0.0200001975368857,0.0335));
#17508=CARTESIAN_POINT('',(0.0197503276712895,-0.0200001975368857,0.0335));
#17509=CARTESIAN_POINT('',(0.0197503276712895,-0.0200001975368857,0.0335));
#17510=CARTESIAN_POINT('',(-0.00124967232871055,-0.0200001975368857,0.0335));
#17511=CARTESIAN_POINT('',(-0.00124967232871055,-0.0185001975368857,0.0335));
#17512=CARTESIAN_POINT('',(0.000250327671289477,-0.0200001975368857,0.0335));
#17513=CARTESIAN_POINT('',(-0.00124967232871054,-0.0200001975368857,0.0429));
#17514=CARTESIAN_POINT('',(-0.00124967232871056,0.0161998024631142,0.0508));
#17515=CARTESIAN_POINT('',(-0.00124967232871055,-0.0185001975368858,0.0508));
#17516=CARTESIAN_POINT('',(-0.00124967232871055,-0.0185001975368857,0.04215));
#17517=CARTESIAN_POINT('',(0.0100003276712895,0.0161998024631142,0.04215));
#17518=CARTESIAN_POINT('',(0.000250327671289461,0.0161998024631142,0.0558));
#17519=CARTESIAN_POINT('',(0.000250327671289461,0.0161998024631142,0.0528));
#17520=CARTESIAN_POINT('',(0.000250327671289461,0.0161998024631142,0.0523));
#17521=CARTESIAN_POINT('',(0.0100003276712895,0.0161998024631142,0.0528));
#17522=CARTESIAN_POINT('',(0.0197503276712895,0.0161998024631142,0.0528));
#17523=CARTESIAN_POINT('',(0.0197503276712895,0.0161998024631142,0.0558));
#17524=CARTESIAN_POINT('',(0.0197503276712895,0.0161998024631142,0.0523));
#17525=CARTESIAN_POINT('',(0.0197503276712895,0.0161998024631142,0.032));
#17526=CARTESIAN_POINT('',(0.000250327671289463,0.0161998024631142,0.0523));
#17527=CARTESIAN_POINT('',(0.0227503276712894,0.0161998024631142,0.04215));
#17528=CARTESIAN_POINT('',(0.0227503276712895,-0.0200001975368857,0.0493));
#17529=CARTESIAN_POINT('',(0.0227503276712894,0.0131998024631142,0.0493));
#17530=CARTESIAN_POINT('',(0.0227503276712895,-0.0170001975368857,0.0493));
#17531=CARTESIAN_POINT('',(0.0227503276712895,-0.0170001975368857,0.032));
#17532=CARTESIAN_POINT('',(0.0227503276712894,0.0131998024631142,0.0523));
#17533=CARTESIAN_POINT('',(-0.00274967232871054,0.0161998024631142,0.04215));
#17534=CARTESIAN_POINT('',(-0.00274967232871054,0.0161998024631142,0.0493));
#17535=CARTESIAN_POINT('',(-0.00274967232871052,-0.0170001975368857,0.0493));
#17536=CARTESIAN_POINT('',(-0.00274967232871053,0.0131998024631142,0.0493));
#17537=CARTESIAN_POINT('',(-0.00274967232871053,0.0131998024631142,0.032));
#17538=CARTESIAN_POINT('',(-0.00274967232871052,-0.0170001975368857,0.0523));
#17539=CARTESIAN_POINT('',(0.0100003276712895,-0.0200001975368857,0.04215));
#17540=CARTESIAN_POINT('',(0.0197503276712895,-0.0200001975368857,0.0523));
#17541=CARTESIAN_POINT('',(0.0100003276712895,0.0161998024631142,0.032));
#17542=CARTESIAN_POINT('',(-0.0409996723287105,-0.0580001975368857,0.034));
#17543=CARTESIAN_POINT('',(-0.0359996723287105,-0.0580001975368857,0.034));
#17544=CARTESIAN_POINT('',(-0.0359996723287105,-0.0550001975368857,0.037));
#17545=CARTESIAN_POINT('',(-0.0359996723287105,-0.0580001975368857,0.034));
#17546=CARTESIAN_POINT('',(-0.0359996723287105,-0.0550001975368857,0.037));
#17547=CARTESIAN_POINT('',(-0.0459996723287105,-0.0550001975368857,0.037));
#17548=CARTESIAN_POINT('',(-0.0459996723287105,-0.0561251975368857,0.035875));
#17549=CARTESIAN_POINT('',(-0.0459996723287105,-0.0580001975368858,0.034));
#17550=CARTESIAN_POINT('',(-0.0459996723287105,-0.0580001975368858,0.034));
#17551=CARTESIAN_POINT('',(-0.0409996723287105,-0.0580001975368857,0.0345));
#17552=CARTESIAN_POINT('',(-0.0359996723287105,-0.0580001975368857,0.03275));
#17553=CARTESIAN_POINT('',(-0.0359996723287105,-0.0580001975368858,0.032));
#17554=CARTESIAN_POINT('',(-0.0459996723287105,-0.0580001975368858,0.03275));
#17555=CARTESIAN_POINT('',(-0.0459996723287105,-0.0580001975368858,0.032));
#17556=CARTESIAN_POINT('',(-0.0409996723287105,-0.0580001975368858,0.032));
#17557=CARTESIAN_POINT('',(-0.0409996723287105,-0.0580001975368857,0.037));
#17558=CARTESIAN_POINT('',(-0.0459996723287105,-0.0580001975368858,0.037));
#17559=CARTESIAN_POINT('',(-0.0459996723287105,-0.0530001975368857,0.037));
#17560=CARTESIAN_POINT('',(-0.0359996723287105,-0.0580001975368857,0.037));
#17561=CARTESIAN_POINT('',(-0.0359996723287105,-0.0530001975368857,0.037));
#17562=CARTESIAN_POINT('',(-0.0409996723287105,-0.0530001975368857,0.037));
#17563=CARTESIAN_POINT('',(-0.0409996723287105,-0.0530001975368857,0.0345));
#17564=CARTESIAN_POINT('',(-0.0359996723287105,-0.0530001975368857,0.03275));
#17565=CARTESIAN_POINT('',(-0.0359996723287105,-0.0530001975368857,0.0335));
#17566=CARTESIAN_POINT('',(-0.0409996723287105,-0.0530001975368857,0.0335));
#17567=CARTESIAN_POINT('',(-0.0459996723287105,-0.0530001975368857,0.0335));
#17568=CARTESIAN_POINT('',(-0.0459996723287105,-0.0530001975368857,0.03275));
#17569=CARTESIAN_POINT('',(-0.0459996723287105,-0.0530001975368857,0.03275));
#17570=CARTESIAN_POINT('',(-0.0459996723287105,-0.0530001975368857,0.0335));
#17571=CARTESIAN_POINT('',(-0.0459996723287105,-0.0200001975368857,0.0335));
#17572=CARTESIAN_POINT('',(-0.0459996723287105,-0.0200001975368857,0.03275));
#17573=CARTESIAN_POINT('',(-0.0459996723287105,-0.0530001975368857,0.032));
#17574=CARTESIAN_POINT('',(-0.0359996723287105,-0.0530001975368857,0.03275));
#17575=CARTESIAN_POINT('',(-0.0359996723287105,-0.0530001975368857,0.032));
#17576=CARTESIAN_POINT('',(-0.0359996723287105,-0.0200001975368857,0.03275));
#17577=CARTESIAN_POINT('',(-0.0359996723287105,-0.0200001975368857,0.0335));
#17578=CARTESIAN_POINT('',(-0.0359996723287105,-0.0530001975368857,0.0335));
#17579=CARTESIAN_POINT('',(-0.0409996723287105,-0.0200001975368857,0.04215));
#17580=CARTESIAN_POINT('',(-0.0312496723287105,-0.0200001975368857,0.0523));
#17581=CARTESIAN_POINT('',(-0.0312496723287105,-0.0200001975368857,0.0335));
#17582=CARTESIAN_POINT('',(-0.0409996723287105,-0.0200001975368857,0.0335));
#17583=CARTESIAN_POINT('',(-0.0522496723287105,-0.0200001975368857,0.0429));
#17584=CARTESIAN_POINT('',(-0.0522496723287105,-0.0200001975368857,0.0508));
#17585=CARTESIAN_POINT('',(-0.0522496723287105,-0.0185001975368858,0.0508));
#17586=CARTESIAN_POINT('',(-0.0522496723287105,-0.0185001975368858,0.0429));
#17587=CARTESIAN_POINT('',(-0.0522496723287105,-0.0185001975368858,0.0335));
#17588=CARTESIAN_POINT('',(-0.0522496723287105,-0.0200001975368857,0.0335));
#17589=CARTESIAN_POINT('',(-0.0409996723287105,-0.0200001975368857,0.0335));
#17590=CARTESIAN_POINT('',(-0.0537496723287105,-0.0170001975368857,0.0335));
#17591=CARTESIAN_POINT('',(-0.0507496723287105,-0.0200001975368857,0.0335));
#17592=CARTESIAN_POINT('',(-0.0409996723287105,-0.0200001975368857,0.0335));
#17593=CARTESIAN_POINT('',(-0.0282496723287105,-0.0170001975368857,0.0335));
#17594=CARTESIAN_POINT('',(-0.0297496723287105,-0.0185001975368858,0.0335));
#17595=CARTESIAN_POINT('',(-0.0297496723287105,-0.0200001975368857,0.0335));
#17596=CARTESIAN_POINT('',(-0.0297496723287105,-0.0200001975368857,0.0429));
#17597=CARTESIAN_POINT('',(-0.0297496723287105,-0.0185001975368858,0.04215));
#17598=CARTESIAN_POINT('',(-0.0297496723287105,-0.0185001975368858,0.0508));
#17599=CARTESIAN_POINT('',(-0.0297496723287105,0.0161998024631142,0.0508));
#17600=CARTESIAN_POINT('',(-0.0409996723287105,0.0161998024631142,0.04215));
#17601=CARTESIAN_POINT('',(-0.0507496723287105,0.0161998024631142,0.0558));
#17602=CARTESIAN_POINT('',(-0.0507496723287105,0.0161998024631142,0.0528));
#17603=CARTESIAN_POINT('',(-0.0507496723287105,0.0161998024631142,0.0523));
#17604=CARTESIAN_POINT('',(-0.0409996723287105,0.0161998024631142,0.0528));
#17605=CARTESIAN_POINT('',(-0.0312496723287106,0.0161998024631142,0.0528));
#17606=CARTESIAN_POINT('',(-0.0312496723287106,0.0161998024631142,0.0558));
#17607=CARTESIAN_POINT('',(-0.0312496723287106,0.0161998024631142,0.0523));
#17608=CARTESIAN_POINT('',(-0.0312496723287106,0.0161998024631142,0.032));
#17609=CARTESIAN_POINT('',(-0.0507496723287105,0.0161998024631142,0.0523));
#17610=CARTESIAN_POINT('',(-0.0537496723287105,0.0161998024631142,0.04215));
#17611=CARTESIAN_POINT('',(-0.0537496723287105,-0.0170001975368857,0.0523));
#17612=CARTESIAN_POINT('',(-0.0537496723287105,-0.0170001975368857,0.0493));
#17613=CARTESIAN_POINT('',(-0.0537496723287105,0.0161998024631142,0.0493));
#17614=CARTESIAN_POINT('',(-0.0537496723287105,0.0131998024631142,0.0493));
#17615=CARTESIAN_POINT('',(-0.0537496723287105,0.0131998024631142,0.032));
#17616=CARTESIAN_POINT('',(-0.0282496723287106,0.0161998024631142,0.04215));
#17617=CARTESIAN_POINT('',(-0.0282496723287106,0.0131998024631142,0.0523));
#17618=CARTESIAN_POINT('',(-0.0282496723287106,0.0131998024631142,0.0493));
#17619=CARTESIAN_POINT('',(-0.0282496723287105,-0.0200001975368858,0.0493));
#17620=CARTESIAN_POINT('',(-0.0282496723287105,-0.0170001975368857,0.0493));
#17621=CARTESIAN_POINT('',(-0.0282496723287106,-0.0170001975368857,0.032));
#17622=CARTESIAN_POINT('',(-0.0409996723287105,-0.0200001975368857,0.04215));
#17623=CARTESIAN_POINT('',(-0.0507496723287105,-0.0200001975368857,0.032));
#17624=CARTESIAN_POINT('',(-0.0409996723287105,0.0161998024631142,0.032));
#17625=CARTESIAN_POINT('',(0.01,1.59288398090079E-16,0.0095));
#17626=CARTESIAN_POINT('',(0.01,1.59288398090079E-16,0.0095));
#17627=CARTESIAN_POINT('',(0.005,1.59288398090079E-16,0.0095));
#17628=CARTESIAN_POINT('',(-0.015,0.04,0.0095));
#17629=CARTESIAN_POINT('',(0.01,1.59594559789866E-16,0.0095));
#17630=CARTESIAN_POINT('',(0.006,1.59594559789866E-16,0.0095));
#17631=CARTESIAN_POINT('',(-0.04,1.52349504186172E-16,0.0095));
#17632=CARTESIAN_POINT('',(-0.04,1.52349504186172E-16,0.0095));
#17633=CARTESIAN_POINT('',(-0.045,1.52349504186172E-16,0.0095));
#17634=CARTESIAN_POINT('',(-0.015,0.04,0.0095));
#17635=CARTESIAN_POINT('',(-0.04,1.52655665885959E-16,0.0095));
#17636=CARTESIAN_POINT('',(-0.044,1.52655665885959E-16,0.0095));
#17637=CARTESIAN_POINT('',(0.01,0.04,0.0095));
#17638=CARTESIAN_POINT('',(0.01,0.04,0.0095));
#17639=CARTESIAN_POINT('',(0.005,0.04,0.0095));
#17640=CARTESIAN_POINT('',(-0.015,0.04,0.0095));
#17641=CARTESIAN_POINT('',(-0.04,0.04,0.0095));
#17642=CARTESIAN_POINT('',(-0.04,0.04,0.0095));
#17643=CARTESIAN_POINT('',(-0.045,0.04,0.0095));
#17644=CARTESIAN_POINT('',(-0.015,0.04,0.0095));
#17645=CARTESIAN_POINT('',(0.0100003276712895,0.0161998024631142,0.032));
#17646=CARTESIAN_POINT('',(0.01,1.59594559789866E-16,0.032));
#17647=CARTESIAN_POINT('',(0.006,1.59594559789866E-16,0.032));
#17648=CARTESIAN_POINT('',(0.01,1.59594559789866E-16,0.041));
#17649=CARTESIAN_POINT('',(-0.0409996723287105,0.0161998024631142,0.032));
#17650=CARTESIAN_POINT('',(-0.04,1.52655665885959E-16,0.032));
#17651=CARTESIAN_POINT('',(-0.044,1.52655665885959E-16,0.032));
#17652=CARTESIAN_POINT('',(-0.04,1.52655665885959E-16,0.041));
#17653=CARTESIAN_POINT('',(0.01,0.05,0.057));
#17654=CARTESIAN_POINT('',(0.01,0.05,0.056));
#17655=CARTESIAN_POINT('',(0.016,0.05,0.056));
#17656=CARTESIAN_POINT('',(-0.015,0.0375,0.057));
#17657=CARTESIAN_POINT('',(0.01,0.05,0.057));
#17658=CARTESIAN_POINT('',(0.015,0.05,0.057));
#17659=CARTESIAN_POINT('',(0.01,0.05,0.057));
#17660=CARTESIAN_POINT('',(0.014,0.05,0.057));
#17661=CARTESIAN_POINT('',(-0.04,0.05,0.057));
#17662=CARTESIAN_POINT('',(-0.04,0.05,0.056));
#17663=CARTESIAN_POINT('',(-0.034,0.05,0.056));
#17664=CARTESIAN_POINT('',(-0.015,0.0375,0.057));
#17665=CARTESIAN_POINT('',(-0.04,0.05,0.057));
#17666=CARTESIAN_POINT('',(-0.035,0.05,0.057));
#17667=CARTESIAN_POINT('',(-0.04,0.05,0.057));
#17668=CARTESIAN_POINT('',(-0.036,0.05,0.057));
#17669=CARTESIAN_POINT('',(-0.015,0.0375,0.087));
#17670=CARTESIAN_POINT('',(0.01,0.05,0.087));
#17671=CARTESIAN_POINT('',(0.013,0.05,0.087));
#17672=CARTESIAN_POINT('',(0.01,0.05,0.087));
#17673=CARTESIAN_POINT('',(0.01,0.05,0.086));
#17674=CARTESIAN_POINT('',(0.014,0.05,0.086));
#17675=CARTESIAN_POINT('',(-0.015,0.0375,0.087));
#17676=CARTESIAN_POINT('',(-0.04,0.05,0.087));
#17677=CARTESIAN_POINT('',(-0.037,0.05,0.087));
#17678=CARTESIAN_POINT('',(-0.04,0.05,0.087));
#17679=CARTESIAN_POINT('',(-0.04,0.05,0.086));
#17680=CARTESIAN_POINT('',(-0.036,0.05,0.086));
#17681=CARTESIAN_POINT('',(-0.0507496723287105,0.0161998024631142,0.04215));
#17682=CARTESIAN_POINT('',(-0.0541330056620439,0.0128164691297809,0.0489166666666667));
#17683=CARTESIAN_POINT('',(-0.0507496723287105,0.0161998024631142,0.0523));
#17684=CARTESIAN_POINT('',(-0.0628163389953772,-0.00793353087021911,0.0402333333333334));
#17685=CARTESIAN_POINT('',(-0.0507496723287105,-0.0200001975368858,0.0523));
#17686=CARTESIAN_POINT('',(-0.0537496723287105,-0.0170001975368857,0.04215));
#17687=CARTESIAN_POINT('',(-0.0282496723287105,-0.0170001975368857,0.04215));
#17688=CARTESIAN_POINT('',(-0.0258663389953772,-0.0146168642035524,0.0469166666666667));
#17689=CARTESIAN_POINT('',(-0.0282496723287106,0.0161998024631142,0.0493));
#17690=CARTESIAN_POINT('',(-0.0292496723287106,0.0141998024631142,0.0503));
#17691=CARTESIAN_POINT('',(-0.0312496723287106,0.0161998024631142,0.0523));
#17692=CARTESIAN_POINT('',(-0.0312496723287106,0.0161998024631142,0.04215));
#17693=CARTESIAN_POINT('',(0.0227503276712894,0.0131998024631142,0.04215));
#17694=CARTESIAN_POINT('',(0.0251336610046228,0.0108164691297809,0.0469166666666667));
#17695=CARTESIAN_POINT('',(0.0227503276712894,0.0161998024631142,0.0493));
#17696=CARTESIAN_POINT('',(0.0338169943379562,-0.00593353087021905,0.0382333333333333));
#17697=CARTESIAN_POINT('',(0.0197503276712895,0.0161998024631142,0.0523));
#17698=CARTESIAN_POINT('',(0.0197503276712895,-0.0200001975368857,0.04215));
#17699=CARTESIAN_POINT('',(0.000250327671289477,-0.0200001975368857,0.04215));
#17700=CARTESIAN_POINT('',(-0.00313300566204386,-0.0166168642035524,0.0489166666666667));
#17701=CARTESIAN_POINT('',(0.000250327671289461,0.0161998024631142,0.0523));
#17702=CARTESIAN_POINT('',(0.000250327671289475,-0.0200001975368857,0.0523));
#17703=CARTESIAN_POINT('',(0.000250327671289465,0.0161998024631142,0.0523));
#17704=CARTESIAN_POINT('',(-0.00274967232871053,0.0131998024631142,0.04215));
#17705=CARTESIAN_POINT('',(-0.04,0.05,0.086));
#17706=CARTESIAN_POINT('',(0.01,0.05,0.086));
#17707=CARTESIAN_POINT('',(0.01,0.05,0.056));
#17708=CARTESIAN_POINT('',(-0.04,0.05,0.056));
#17709=CARTESIAN_POINT('',(-0.0507496723287105,-0.0200001975368858,0.0558));
#17710=CARTESIAN_POINT('',(-0.0507496723287105,0.0071998024631142,0.0558));
#17711=CARTESIAN_POINT('',(-0.0507496723287105,0.00719980246311421,0.0528));
#17712=CARTESIAN_POINT('',(-0.0507496723287105,0.00719980246311421,0.0523));
#17713=CARTESIAN_POINT('',(-0.0507496723287105,0.0161998024631142,0.0528));
#17714=CARTESIAN_POINT('',(-0.0507496723287105,0.00719980246311421,0.0523));
#17715=CARTESIAN_POINT('',(-0.0312496723287106,0.0161998024631142,0.0558));
#17716=CARTESIAN_POINT('',(-0.0312496723287106,0.00719980246311421,0.0528));
#17717=CARTESIAN_POINT('',(-0.0312496723287106,0.00719980246311421,0.0528));
#17718=CARTESIAN_POINT('',(-0.0312496723287106,0.00719980246311421,0.0558));
#17719=CARTESIAN_POINT('',(-0.0312496723287106,0.00719980246311421,0.0523));
#17720=CARTESIAN_POINT('',(-0.0312496723287106,0.00719980246311421,0.0523));
#17721=CARTESIAN_POINT('',(-0.0409996723287105,0.0161998024631142,0.0558));
#17722=CARTESIAN_POINT('',(-0.0409996723287105,0.0131998024631142,0.0558));
#17723=CARTESIAN_POINT('',(-0.0342496723287105,0.0131998024631142,0.0558));
#17724=CARTESIAN_POINT('',(-0.0477496723287105,0.0131998024631142,0.0558));
#17725=CARTESIAN_POINT('',(-0.0477496723287105,0.00719980246311421,0.0558));
#17726=CARTESIAN_POINT('',(-0.0477496723287105,0.0071998024631142,0.0558));
#17727=CARTESIAN_POINT('',(-0.0409996723287105,0.00719980246311421,0.0558));
#17728=CARTESIAN_POINT('',(-0.0342496723287105,0.00719980246311421,0.0558));
#17729=CARTESIAN_POINT('',(-0.0342496723287105,0.0161998024631142,0.0558));
#17730=CARTESIAN_POINT('',(0.0197503276712895,0.0161998024631142,0.0558));
#17731=CARTESIAN_POINT('',(0.0197503276712895,0.00719980246311424,0.0528));
#17732=CARTESIAN_POINT('',(0.0197503276712895,0.00719980246311424,0.0528));
#17733=CARTESIAN_POINT('',(0.0197503276712895,0.00719980246311424,0.05405));
#17734=CARTESIAN_POINT('',(0.0197503276712895,0.00719980246311424,0.0523));
#17735=CARTESIAN_POINT('',(0.0197503276712895,0.00719980246311424,0.0523));
#17736=CARTESIAN_POINT('',(0.000250327671289475,-0.0200001975368858,0.0558));
#17737=CARTESIAN_POINT('',(0.000250327671289465,0.00719980246311423,0.05405));
#17738=CARTESIAN_POINT('',(0.000250327671289465,0.00719980246311423,0.0523));
#17739=CARTESIAN_POINT('',(0.000250327671289465,0.00719980246311423,0.0528));
#17740=CARTESIAN_POINT('',(0.000250327671289461,0.0161998024631142,0.0528));
#17741=CARTESIAN_POINT('',(0.000250327671289465,0.00719980246311423,0.0523));
#17742=CARTESIAN_POINT('',(0.0100003276712895,0.0161998024631142,0.0558));
#17743=CARTESIAN_POINT('',(0.0100003276712895,0.00719980246311423,0.0558));
#17744=CARTESIAN_POINT('',(0.00325032767128946,0.00719980246311423,0.0558));
#17745=CARTESIAN_POINT('',(0.0167503276712894,0.00719980246311424,0.0558));
#17746=CARTESIAN_POINT('',(0.0167503276712894,0.0161998024631142,0.0558));
#17747=CARTESIAN_POINT('',(0.0167503276712894,0.0131998024631142,0.0558));
#17748=CARTESIAN_POINT('',(0.0100003276712895,0.0131998024631142,0.0558));
#17749=CARTESIAN_POINT('',(0.00325032767128946,0.0131998024631142,0.0558));
#17750=CARTESIAN_POINT('',(0.00325032767128946,0.00719980246311423,0.0558));
#17751=CARTESIAN_POINT('',(-0.0409996723287105,0.00719980246311422,0.0523));
#17752=CARTESIAN_POINT('',(-0.0409996723287105,0.00719980246311422,0.0523));
#17753=CARTESIAN_POINT('',(-0.0162496723287105,0.00719980246311423,0.04465));
#17754=CARTESIAN_POINT('',(-0.0375746723287105,0.00719980246311421,0.065975));
#17755=CARTESIAN_POINT('',(-0.0196746723287105,0.00719980246311423,0.041225));
#17756=CARTESIAN_POINT('',(0.0100003276712895,0.00719980246311423,0.0523));
#17757=CARTESIAN_POINT('',(0.0100003276712895,0.00719980246311423,0.0523));
#17758=CARTESIAN_POINT('',(-0.0162496723287105,0.00719980246311423,0.04465));
#17759=CARTESIAN_POINT('',(0.00582532767128949,0.00719980246311422,0.066725));
#17760=CARTESIAN_POINT('',(-0.0120746723287105,0.00719980246311423,0.040475));
#17761=CARTESIAN_POINT('',(-0.0342496723287105,0.0161998024631142,0.0558));
#17762=CARTESIAN_POINT('',(-0.0332496723287105,0.0141998024631142,0.0548));
#17763=CARTESIAN_POINT('',(-0.0409996723287105,0.0131998024631142,0.0558));
#17764=CARTESIAN_POINT('',(-0.0454996723287105,0.0109498024631142,0.05805));
#17765=CARTESIAN_POINT('',(-0.0477496723287105,0.0161998024631142,0.0558));
#17766=CARTESIAN_POINT('',(0.00325032767128946,0.0161998024631142,0.0558));
#17767=CARTESIAN_POINT('',(0.00225032767128946,0.0141998024631142,0.0548));
#17768=CARTESIAN_POINT('',(0.0100003276712895,0.0161998024631142,0.0528));
#17769=CARTESIAN_POINT('',(0.0165003276712894,0.0129498024631142,0.05605));
#17770=CARTESIAN_POINT('',(0.0167503276712894,0.0161998024631142,0.0558));
#17771=CARTESIAN_POINT('',(-0.0694665490260601,0.0942070019328892,0.06926377389431));
#17772=CARTESIAN_POINT('',(-0.00124967232871052,0.100900197536886,-0.017));
#17773=CARTESIAN_POINT('',(-0.00124967232871054,0.100900197536886,-0.0358));
#17774=CARTESIAN_POINT('',(-0.00124967232871054,0.0688001975368858,-0.0358));
#17775=CARTESIAN_POINT('',(-0.00124967232871054,0.133000197536886,-0.0358));
#17776=CARTESIAN_POINT('',(-0.00124967232871053,0.0688001975368858,-0.017));
#17777=CARTESIAN_POINT('',(-0.00124967232871053,0.0688001975368858,-0.017));
#17778=CARTESIAN_POINT('',(-0.00124967232871052,0.100900197536886,-0.017));
#17779=CARTESIAN_POINT('',(-0.00124967232871052,0.133000197536886,-0.017));
#17780=CARTESIAN_POINT('',(-0.00124967232871052,0.133000197536886,-0.017));
#17781=CARTESIAN_POINT('',(0.0100003276712895,0.0688001975368858,-0.017));
#17782=CARTESIAN_POINT('',(0.0100003276712895,0.0688001975368858,-0.0358));
#17783=CARTESIAN_POINT('',(0.0212503276712895,0.0688001975368858,-0.0358));
#17784=CARTESIAN_POINT('',(0.0212503276712895,0.0688001975368858,-0.017));
#17785=CARTESIAN_POINT('',(0.0212503276712895,0.0688001975368858,-0.017));
#17786=CARTESIAN_POINT('',(0.0100003276712895,0.0688001975368858,-0.017));
#17787=CARTESIAN_POINT('',(0.0212503276712895,0.100900197536886,-0.017));
#17788=CARTESIAN_POINT('',(0.0212503276712895,0.100900197536886,-0.0358));
#17789=CARTESIAN_POINT('',(0.0212503276712895,0.133000197536886,-0.0358));
#17790=CARTESIAN_POINT('',(0.0212503276712895,0.133000197536886,-0.017));
#17791=CARTESIAN_POINT('',(0.0212503276712895,0.133000197536886,-0.017));
#17792=CARTESIAN_POINT('',(0.0212503276712895,0.100900197536886,-0.017));
#17793=CARTESIAN_POINT('',(0.0100003276712895,0.133000197536886,-0.017));
#17794=CARTESIAN_POINT('',(0.0100003276712895,0.133000197536886,-0.0358));
#17795=CARTESIAN_POINT('',(0.0100003276712895,0.133000197536886,-0.017));
#17796=CARTESIAN_POINT('',(0.0100003276712895,0.100900197536886,-0.017));
#17797=CARTESIAN_POINT('',(0.0100003276712895,0.0800001975368858,-0.017));
#17798=CARTESIAN_POINT('',(0.0109503276712895,0.0800001975368858,-0.017));
#17799=CARTESIAN_POINT('',(0.0100003276712895,0.100900197536886,-0.0358));
#17800=CARTESIAN_POINT('',(0.0100003276712895,0.0800001975368858,-0.005));
#17801=CARTESIAN_POINT('',(0.0100003276712895,0.0800001975368858,-0.005));
#17802=CARTESIAN_POINT('',(0.0109503276712895,0.0800001975368858,-0.005));
#17803=CARTESIAN_POINT('',(0.0100003276712895,0.100900197536886,-0.005));
#17804=CARTESIAN_POINT('',(-0.0694665490260601,0.0942070019328892,0.06926377389431));
#17805=CARTESIAN_POINT('',(-0.0763903911333188,0.127424587150969,0.0763990909959104));
#17806=CARTESIAN_POINT('',(-0.0297496723287105,0.100900197536886,-0.017));
#17807=CARTESIAN_POINT('',(-0.0297496723287105,0.100900197536886,-0.0358));
#17808=CARTESIAN_POINT('',(-0.0297496723287105,0.0688001975368858,-0.0358));
#17809=CARTESIAN_POINT('',(-0.0297496723287105,0.133000197536886,-0.0358));
#17810=CARTESIAN_POINT('',(-0.0297496723287105,0.133000197536886,-0.017));
#17811=CARTESIAN_POINT('',(-0.0297496723287105,0.133000197536886,-0.017));
#17812=CARTESIAN_POINT('',(-0.0297496723287105,0.100900197536886,-0.017));
#17813=CARTESIAN_POINT('',(-0.0297496723287105,0.0688001975368858,-0.017));
#17814=CARTESIAN_POINT('',(-0.0297496723287105,0.0688001975368858,-0.017));
#17815=CARTESIAN_POINT('',(-0.0409996723287105,0.0688001975368858,-0.017));
#17816=CARTESIAN_POINT('',(-0.0409996723287105,0.0688001975368858,-0.0358));
#17817=CARTESIAN_POINT('',(-0.0522496723287105,0.0688001975368858,-0.0358));
#17818=CARTESIAN_POINT('',(-0.0409996723287105,0.0688001975368858,-0.017));
#17819=CARTESIAN_POINT('',(-0.0522496723287105,0.0688001975368858,-0.017));
#17820=CARTESIAN_POINT('',(-0.0522496723287105,0.0688001975368858,-0.017));
#17821=CARTESIAN_POINT('',(-0.0522496723287105,0.100900197536886,-0.017));
#17822=CARTESIAN_POINT('',(-0.0522496723287105,0.100900197536886,-0.0358));
#17823=CARTESIAN_POINT('',(-0.0522496723287105,0.133000197536886,-0.0358));
#17824=CARTESIAN_POINT('',(-0.0522496723287105,0.100900197536886,-0.017));
#17825=CARTESIAN_POINT('',(-0.0522496723287105,0.133000197536886,-0.017));
#17826=CARTESIAN_POINT('',(-0.0522496723287105,0.133000197536886,-0.017));
#17827=CARTESIAN_POINT('',(-0.0409996723287105,0.133000197536886,-0.017));
#17828=CARTESIAN_POINT('',(-0.0409996723287105,0.133000197536886,-0.0358));
#17829=CARTESIAN_POINT('',(-0.0409996723287105,0.133000197536886,-0.017));
#17830=CARTESIAN_POINT('',(-0.0409996723287105,0.100900197536886,-0.017));
#17831=CARTESIAN_POINT('',(-0.0409996723287105,0.0800001975368858,-0.017));
#17832=CARTESIAN_POINT('',(-0.0419496723287105,0.0800001975368858,-0.017));
#17833=CARTESIAN_POINT('',(-0.0409996723287105,0.100900197536886,-0.0358));
#17834=CARTESIAN_POINT('',(-0.0409996723287105,0.0800001975368858,-0.005));
#17835=CARTESIAN_POINT('',(-0.0409996723287105,0.0800001975368858,-0.005));
#17836=CARTESIAN_POINT('',(-0.0419496723287105,0.0800001975368858,-0.005));
#17837=CARTESIAN_POINT('',(-0.0409996723287105,0.100900197536886,-0.005));
#17838=CARTESIAN_POINT('',(-0.0694665490260601,0.0942070019328892,0.06926377389431));
#17839=MECHANICAL_DESIGN_GEOMETRIC_PRESENTATION_REPRESENTATION('',(#10432,
#10433,#10434,#10435,#10436,#10437,#10438,#10439,#10440,#10441,#10442,#10443,
#10444,#10445,#10446,#10447,#10448,#10449),#17840);
#17840=(
GEOMETRIC_REPRESENTATION_CONTEXT(3)
GLOBAL_UNCERTAINTY_ASSIGNED_CONTEXT((#17859))
GLOBAL_UNIT_ASSIGNED_CONTEXT((#17880,#17879,#17878))
REPRESENTATION_CONTEXT('Concept','TOP_LEVEL_ASSEMBLY_PART')
);
#17841=(
GEOMETRIC_REPRESENTATION_CONTEXT(3)
GLOBAL_UNCERTAINTY_ASSIGNED_CONTEXT((#17860))
GLOBAL_UNIT_ASSIGNED_CONTEXT((#17880,#17879,#17878))
REPRESENTATION_CONTEXT('Large casing (bottom section)','COMPONENT_PART')
);
#17842=(
GEOMETRIC_REPRESENTATION_CONTEXT(3)
GLOBAL_UNCERTAINTY_ASSIGNED_CONTEXT((#17861))
GLOBAL_UNIT_ASSIGNED_CONTEXT((#17880,#17879,#17878))
REPRESENTATION_CONTEXT('Wheel#4','COMPONENT_PART')
);
#17843=(
GEOMETRIC_REPRESENTATION_CONTEXT(3)
GLOBAL_UNCERTAINTY_ASSIGNED_CONTEXT((#17862))
GLOBAL_UNIT_ASSIGNED_CONTEXT((#17880,#17879,#17878))
REPRESENTATION_CONTEXT('x-axis movement wheel mount #2',
'COMPONENT_PART')
);
#17844=(
GEOMETRIC_REPRESENTATION_CONTEXT(3)
GLOBAL_UNCERTAINTY_ASSIGNED_CONTEXT((#17863))
GLOBAL_UNIT_ASSIGNED_CONTEXT((#17880,#17879,#17878))
REPRESENTATION_CONTEXT('Top wheel #1','COMPONENT_PART')
);
#17845=(
GEOMETRIC_REPRESENTATION_CONTEXT(3)
GLOBAL_UNCERTAINTY_ASSIGNED_CONTEXT((#17864))
GLOBAL_UNIT_ASSIGNED_CONTEXT((#17880,#17879,#17878))
REPRESENTATION_CONTEXT('Rail connector piece','COMPONENT_PART')
);
#17846=(
GEOMETRIC_REPRESENTATION_CONTEXT(3)
GLOBAL_UNCERTAINTY_ASSIGNED_CONTEXT((#17865))
GLOBAL_UNIT_ASSIGNED_CONTEXT((#17880,#17879,#17878))
REPRESENTATION_CONTEXT('Rail end piece','COMPONENT_PART')
);
#17847=(
GEOMETRIC_REPRESENTATION_CONTEXT(3)
GLOBAL_UNCERTAINTY_ASSIGNED_CONTEXT((#17866))
GLOBAL_UNIT_ASSIGNED_CONTEXT((#17880,#17879,#17878))
REPRESENTATION_CONTEXT('Wheel#3','COMPONENT_PART')
);
#17848=(
GEOMETRIC_REPRESENTATION_CONTEXT(3)
GLOBAL_UNCERTAINTY_ASSIGNED_CONTEXT((#17867))
GLOBAL_UNIT_ASSIGNED_CONTEXT((#17880,#17879,#17878))
REPRESENTATION_CONTEXT('Wheel #2','COMPONENT_PART')
);
#17849=(
GEOMETRIC_REPRESENTATION_CONTEXT(3)
GLOBAL_UNCERTAINTY_ASSIGNED_CONTEXT((#17868))
GLOBAL_UNIT_ASSIGNED_CONTEXT((#17880,#17879,#17878))
REPRESENTATION_CONTEXT('Top wheel #2','COMPONENT_PART')
);
#17850=(
GEOMETRIC_REPRESENTATION_CONTEXT(3)
GLOBAL_UNCERTAINTY_ASSIGNED_CONTEXT((#17869))
GLOBAL_UNIT_ASSIGNED_CONTEXT((#17880,#17879,#17878))
REPRESENTATION_CONTEXT('Motor model#4','COMPONENT_PART')
);
#17851=(
GEOMETRIC_REPRESENTATION_CONTEXT(3)
GLOBAL_UNCERTAINTY_ASSIGNED_CONTEXT((#17870))
GLOBAL_UNIT_ASSIGNED_CONTEXT((#17880,#17879,#17878))
REPRESENTATION_CONTEXT('Motor model#3','COMPONENT_PART')
);
#17852=(
GEOMETRIC_REPRESENTATION_CONTEXT(3)
GLOBAL_UNCERTAINTY_ASSIGNED_CONTEXT((#17871))
GLOBAL_UNIT_ASSIGNED_CONTEXT((#17880,#17879,#17878))
REPRESENTATION_CONTEXT('y-axis movement wheel mount#1','COMPONENT_PART')
);
#17853=(
GEOMETRIC_REPRESENTATION_CONTEXT(3)
GLOBAL_UNCERTAINTY_ASSIGNED_CONTEXT((#17872))
GLOBAL_UNIT_ASSIGNED_CONTEXT((#17880,#17879,#17878))
REPRESENTATION_CONTEXT('Wheel#1','COMPONENT_PART')
);
#17854=(
GEOMETRIC_REPRESENTATION_CONTEXT(3)
GLOBAL_UNCERTAINTY_ASSIGNED_CONTEXT((#17873))
GLOBAL_UNIT_ASSIGNED_CONTEXT((#17880,#17879,#17878))
REPRESENTATION_CONTEXT('y-axis movement wheel mount#2','COMPONENT_PART')
);
#17855=(
GEOMETRIC_REPRESENTATION_CONTEXT(3)
GLOBAL_UNCERTAINTY_ASSIGNED_CONTEXT((#17874))
GLOBAL_UNIT_ASSIGNED_CONTEXT((#17880,#17879,#17878))
REPRESENTATION_CONTEXT('x-axis movement wheel mount #1',
'COMPONENT_PART')
);
#17856=(
GEOMETRIC_REPRESENTATION_CONTEXT(3)
GLOBAL_UNCERTAINTY_ASSIGNED_CONTEXT((#17875))
GLOBAL_UNIT_ASSIGNED_CONTEXT((#17880,#17879,#17878))
REPRESENTATION_CONTEXT('Large casing(top section)','COMPONENT_PART')
);
#17857=(
GEOMETRIC_REPRESENTATION_CONTEXT(3)
GLOBAL_UNCERTAINTY_ASSIGNED_CONTEXT((#17876))
GLOBAL_UNIT_ASSIGNED_CONTEXT((#17880,#17879,#17878))
REPRESENTATION_CONTEXT('Motor model#1','COMPONENT_PART')
);
#17858=(
GEOMETRIC_REPRESENTATION_CONTEXT(3)
GLOBAL_UNCERTAINTY_ASSIGNED_CONTEXT((#17877))
GLOBAL_UNIT_ASSIGNED_CONTEXT((#17880,#17879,#17878))
REPRESENTATION_CONTEXT('Motor model #2','COMPONENT_PART')
);
#17859=UNCERTAINTY_MEASURE_WITH_UNIT(LENGTH_MEASURE(1.E-8),#17880,
'DISTANCE_ACCURACY_VALUE','Maximum Tolerance applied to model');
#17860=UNCERTAINTY_MEASURE_WITH_UNIT(LENGTH_MEASURE(2.10000000000354E-5),
#17880,'DISTANCE_ACCURACY_VALUE','Maximum Tolerance applied to model');
#17861=UNCERTAINTY_MEASURE_WITH_UNIT(LENGTH_MEASURE(1.E-8),#17880,
'DISTANCE_ACCURACY_VALUE','Maximum Tolerance applied to model');
#17862=UNCERTAINTY_MEASURE_WITH_UNIT(LENGTH_MEASURE(2.E-5),#17880,
'DISTANCE_ACCURACY_VALUE','Maximum Tolerance applied to model');
#17863=UNCERTAINTY_MEASURE_WITH_UNIT(LENGTH_MEASURE(1.E-8),#17880,
'DISTANCE_ACCURACY_VALUE','Maximum Tolerance applied to model');
#17864=UNCERTAINTY_MEASURE_WITH_UNIT(LENGTH_MEASURE(1.E-8),#17880,
'DISTANCE_ACCURACY_VALUE','Maximum Tolerance applied to model');
#17865=UNCERTAINTY_MEASURE_WITH_UNIT(LENGTH_MEASURE(1.E-8),#17880,
'DISTANCE_ACCURACY_VALUE','Maximum Tolerance applied to model');
#17866=UNCERTAINTY_MEASURE_WITH_UNIT(LENGTH_MEASURE(1.E-8),#17880,
'DISTANCE_ACCURACY_VALUE','Maximum Tolerance applied to model');
#17867=UNCERTAINTY_MEASURE_WITH_UNIT(LENGTH_MEASURE(1.E-8),#17880,
'DISTANCE_ACCURACY_VALUE','Maximum Tolerance applied to model');
#17868=UNCERTAINTY_MEASURE_WITH_UNIT(LENGTH_MEASURE(1.E-8),#17880,
'DISTANCE_ACCURACY_VALUE','Maximum Tolerance applied to model');
#17869=UNCERTAINTY_MEASURE_WITH_UNIT(LENGTH_MEASURE(1.E-8),#17880,
'DISTANCE_ACCURACY_VALUE','Maximum Tolerance applied to model');
#17870=UNCERTAINTY_MEASURE_WITH_UNIT(LENGTH_MEASURE(1.E-8),#17880,
'DISTANCE_ACCURACY_VALUE','Maximum Tolerance applied to model');
#17871=UNCERTAINTY_MEASURE_WITH_UNIT(LENGTH_MEASURE(2.E-5),#17880,
'DISTANCE_ACCURACY_VALUE','Maximum Tolerance applied to model');
#17872=UNCERTAINTY_MEASURE_WITH_UNIT(LENGTH_MEASURE(1.E-8),#17880,
'DISTANCE_ACCURACY_VALUE','Maximum Tolerance applied to model');
#17873=UNCERTAINTY_MEASURE_WITH_UNIT(LENGTH_MEASURE(2.E-5),#17880,
'DISTANCE_ACCURACY_VALUE','Maximum Tolerance applied to model');
#17874=UNCERTAINTY_MEASURE_WITH_UNIT(LENGTH_MEASURE(2.E-5),#17880,
'DISTANCE_ACCURACY_VALUE','Maximum Tolerance applied to model');
#17875=UNCERTAINTY_MEASURE_WITH_UNIT(LENGTH_MEASURE(2.10000000000833E-5),
#17880,'DISTANCE_ACCURACY_VALUE','Maximum Tolerance applied to model');
#17876=UNCERTAINTY_MEASURE_WITH_UNIT(LENGTH_MEASURE(1.E-8),#17880,
'DISTANCE_ACCURACY_VALUE','Maximum Tolerance applied to model');
#17877=UNCERTAINTY_MEASURE_WITH_UNIT(LENGTH_MEASURE(1.E-8),#17880,
'DISTANCE_ACCURACY_VALUE','Maximum Tolerance applied to model');
#17878=(
NAMED_UNIT(*)
SI_UNIT($,.STERADIAN.)
SOLID_ANGLE_UNIT()
);
#17879=(
NAMED_UNIT(*)
PLANE_ANGLE_UNIT()
SI_UNIT($,.RADIAN.)
);
#17880=(
LENGTH_UNIT()
NAMED_UNIT(*)
SI_UNIT($,.METRE.)
);
#17881=PRODUCT_DEFINITION_SHAPE('','',#17924);
#17882=PRODUCT_DEFINITION_SHAPE('','',#17925);
#17883=PRODUCT_DEFINITION_SHAPE(' ','NAUO PRDDFN',#242);
#17884=PRODUCT_DEFINITION_SHAPE('','',#17926);
#17885=PRODUCT_DEFINITION_SHAPE(' ','NAUO PRDDFN',#243);
#17886=PRODUCT_DEFINITION_SHAPE('','',#17927);
#17887=PRODUCT_DEFINITION_SHAPE(' ','NAUO PRDDFN',#244);
#17888=PRODUCT_DEFINITION_SHAPE('','',#17928);
#17889=PRODUCT_DEFINITION_SHAPE(' ','NAUO PRDDFN',#245);
#17890=PRODUCT_DEFINITION_SHAPE('','',#17929);
#17891=PRODUCT_DEFINITION_SHAPE(' ','NAUO PRDDFN',#246);
#17892=PRODUCT_DEFINITION_SHAPE('','',#17930);
#17893=PRODUCT_DEFINITION_SHAPE(' ','NAUO PRDDFN',#247);
#17894=PRODUCT_DEFINITION_SHAPE('','',#17931);
#17895=PRODUCT_DEFINITION_SHAPE(' ','NAUO PRDDFN',#248);
#17896=PRODUCT_DEFINITION_SHAPE('','',#17932);
#17897=PRODUCT_DEFINITION_SHAPE(' ','NAUO PRDDFN',#249);
#17898=PRODUCT_DEFINITION_SHAPE('','',#17933);
#17899=PRODUCT_DEFINITION_SHAPE(' ','NAUO PRDDFN',#250);
#17900=PRODUCT_DEFINITION_SHAPE(' ','NAUO PRDDFN',#251);
#17901=PRODUCT_DEFINITION_SHAPE('','',#17934);
#17902=PRODUCT_DEFINITION_SHAPE(' ','NAUO PRDDFN',#252);
#17903=PRODUCT_DEFINITION_SHAPE('','',#17935);
#17904=PRODUCT_DEFINITION_SHAPE(' ','NAUO PRDDFN',#253);
#17905=PRODUCT_DEFINITION_SHAPE(' ','NAUO PRDDFN',#254);
#17906=PRODUCT_DEFINITION_SHAPE('','',#17936);
#17907=PRODUCT_DEFINITION_SHAPE(' ','NAUO PRDDFN',#255);
#17908=PRODUCT_DEFINITION_SHAPE('','',#17937);
#17909=PRODUCT_DEFINITION_SHAPE(' ','NAUO PRDDFN',#256);
#17910=PRODUCT_DEFINITION_SHAPE('','',#17938);
#17911=PRODUCT_DEFINITION_SHAPE(' ','NAUO PRDDFN',#257);
#17912=PRODUCT_DEFINITION_SHAPE(' ','NAUO PRDDFN',#258);
#17913=PRODUCT_DEFINITION_SHAPE(' ','NAUO PRDDFN',#259);
#17914=PRODUCT_DEFINITION_SHAPE('','',#17939);
#17915=PRODUCT_DEFINITION_SHAPE(' ','NAUO PRDDFN',#260);
#17916=PRODUCT_DEFINITION_SHAPE(' ','NAUO PRDDFN',#261);
#17917=PRODUCT_DEFINITION_SHAPE('','',#17940);
#17918=PRODUCT_DEFINITION_SHAPE(' ','NAUO PRDDFN',#262);
#17919=PRODUCT_DEFINITION_SHAPE('','',#17941);
#17920=PRODUCT_DEFINITION_SHAPE(' ','NAUO PRDDFN',#263);
#17921=PRODUCT_DEFINITION_SHAPE(' ','NAUO PRDDFN',#264);
#17922=PRODUCT_DEFINITION_SHAPE('','',#17942);
#17923=PRODUCT_DEFINITION_SHAPE(' ','NAUO PRDDFN',#265);
#17924=PRODUCT_DEFINITION('','',#17962,#17943);
#17925=PRODUCT_DEFINITION('','',#17963,#17944);
#17926=PRODUCT_DEFINITION('','',#17964,#17945);
#17927=PRODUCT_DEFINITION('','',#17965,#17946);
#17928=PRODUCT_DEFINITION('','',#17966,#17947);
#17929=PRODUCT_DEFINITION('','',#17967,#17948);
#17930=PRODUCT_DEFINITION('','',#17968,#17949);
#17931=PRODUCT_DEFINITION('','',#17969,#17950);
#17932=PRODUCT_DEFINITION('','',#17970,#17951);
#17933=PRODUCT_DEFINITION('','',#17971,#17952);
#17934=PRODUCT_DEFINITION('','',#17972,#17953);
#17935=PRODUCT_DEFINITION('','',#17973,#17954);
#17936=PRODUCT_DEFINITION('','',#17974,#17955);
#17937=PRODUCT_DEFINITION('','',#17975,#17956);
#17938=PRODUCT_DEFINITION('','',#17976,#17957);
#17939=PRODUCT_DEFINITION('','',#17977,#17958);
#17940=PRODUCT_DEFINITION('','',#17978,#17959);
#17941=PRODUCT_DEFINITION('','',#17979,#17960);
#17942=PRODUCT_DEFINITION('','',#17980,#17961);
#17943=PRODUCT_DEFINITION_CONTEXT('',#18058,'design');
#17944=PRODUCT_DEFINITION_CONTEXT('',#18058,'design');
#17945=PRODUCT_DEFINITION_CONTEXT('',#18058,'design');
#17946=PRODUCT_DEFINITION_CONTEXT('',#18058,'design');
#17947=PRODUCT_DEFINITION_CONTEXT('',#18058,'design');
#17948=PRODUCT_DEFINITION_CONTEXT('',#18058,'design');
#17949=PRODUCT_DEFINITION_CONTEXT('',#18058,'design');
#17950=PRODUCT_DEFINITION_CONTEXT('',#18058,'design');
#17951=PRODUCT_DEFINITION_CONTEXT('',#18058,'design');
#17952=PRODUCT_DEFINITION_CONTEXT('',#18058,'design');
#17953=PRODUCT_DEFINITION_CONTEXT('',#18058,'design');
#17954=PRODUCT_DEFINITION_CONTEXT('',#18058,'design');
#17955=PRODUCT_DEFINITION_CONTEXT('',#18058,'design');
#17956=PRODUCT_DEFINITION_CONTEXT('',#18058,'design');
#17957=PRODUCT_DEFINITION_CONTEXT('',#18058,'design');
#17958=PRODUCT_DEFINITION_CONTEXT('',#18058,'design');
#17959=PRODUCT_DEFINITION_CONTEXT('',#18058,'design');
#17960=PRODUCT_DEFINITION_CONTEXT('',#18058,'design');
#17961=PRODUCT_DEFINITION_CONTEXT('',#18058,'design');
#17962=PRODUCT_DEFINITION_FORMATION_WITH_SPECIFIED_SOURCE('','',#18000,
 .NOT_KNOWN.);
#17963=PRODUCT_DEFINITION_FORMATION_WITH_SPECIFIED_SOURCE('','',#18001,
 .NOT_KNOWN.);
#17964=PRODUCT_DEFINITION_FORMATION_WITH_SPECIFIED_SOURCE('','',#18002,
 .NOT_KNOWN.);
#17965=PRODUCT_DEFINITION_FORMATION_WITH_SPECIFIED_SOURCE('','',#18003,
 .NOT_KNOWN.);
#17966=PRODUCT_DEFINITION_FORMATION_WITH_SPECIFIED_SOURCE('','',#18004,
 .NOT_KNOWN.);
#17967=PRODUCT_DEFINITION_FORMATION_WITH_SPECIFIED_SOURCE('','',#18005,
 .NOT_KNOWN.);
#17968=PRODUCT_DEFINITION_FORMATION_WITH_SPECIFIED_SOURCE('','',#18006,
 .NOT_KNOWN.);
#17969=PRODUCT_DEFINITION_FORMATION_WITH_SPECIFIED_SOURCE('','',#18007,
 .NOT_KNOWN.);
#17970=PRODUCT_DEFINITION_FORMATION_WITH_SPECIFIED_SOURCE('','',#18008,
 .NOT_KNOWN.);
#17971=PRODUCT_DEFINITION_FORMATION_WITH_SPECIFIED_SOURCE('','',#18009,
 .NOT_KNOWN.);
#17972=PRODUCT_DEFINITION_FORMATION_WITH_SPECIFIED_SOURCE('','',#18010,
 .NOT_KNOWN.);
#17973=PRODUCT_DEFINITION_FORMATION_WITH_SPECIFIED_SOURCE('','',#18011,
 .NOT_KNOWN.);
#17974=PRODUCT_DEFINITION_FORMATION_WITH_SPECIFIED_SOURCE('','',#18012,
 .NOT_KNOWN.);
#17975=PRODUCT_DEFINITION_FORMATION_WITH_SPECIFIED_SOURCE('','',#18013,
 .NOT_KNOWN.);
#17976=PRODUCT_DEFINITION_FORMATION_WITH_SPECIFIED_SOURCE('','',#18014,
 .NOT_KNOWN.);
#17977=PRODUCT_DEFINITION_FORMATION_WITH_SPECIFIED_SOURCE('','',#18015,
 .NOT_KNOWN.);
#17978=PRODUCT_DEFINITION_FORMATION_WITH_SPECIFIED_SOURCE('','',#18016,
 .NOT_KNOWN.);
#17979=PRODUCT_DEFINITION_FORMATION_WITH_SPECIFIED_SOURCE('','',#18017,
 .NOT_KNOWN.);
#17980=PRODUCT_DEFINITION_FORMATION_WITH_SPECIFIED_SOURCE('','',#18018,
 .NOT_KNOWN.);
#17981=PRODUCT_RELATED_PRODUCT_CATEGORY('','',(#18000));
#17982=PRODUCT_RELATED_PRODUCT_CATEGORY('','',(#18001));
#17983=PRODUCT_RELATED_PRODUCT_CATEGORY('','',(#18002));
#17984=PRODUCT_RELATED_PRODUCT_CATEGORY('','',(#18003));
#17985=PRODUCT_RELATED_PRODUCT_CATEGORY('','',(#18004));
#17986=PRODUCT_RELATED_PRODUCT_CATEGORY('','',(#18005));
#17987=PRODUCT_RELATED_PRODUCT_CATEGORY('','',(#18006));
#17988=PRODUCT_RELATED_PRODUCT_CATEGORY('','',(#18007));
#17989=PRODUCT_RELATED_PRODUCT_CATEGORY('','',(#18008));
#17990=PRODUCT_RELATED_PRODUCT_CATEGORY('','',(#18009));
#17991=PRODUCT_RELATED_PRODUCT_CATEGORY('','',(#18010));
#17992=PRODUCT_RELATED_PRODUCT_CATEGORY('','',(#18011));
#17993=PRODUCT_RELATED_PRODUCT_CATEGORY('','',(#18012));
#17994=PRODUCT_RELATED_PRODUCT_CATEGORY('','',(#18013));
#17995=PRODUCT_RELATED_PRODUCT_CATEGORY('','',(#18014));
#17996=PRODUCT_RELATED_PRODUCT_CATEGORY('','',(#18015));
#17997=PRODUCT_RELATED_PRODUCT_CATEGORY('','',(#18016));
#17998=PRODUCT_RELATED_PRODUCT_CATEGORY('','',(#18017));
#17999=PRODUCT_RELATED_PRODUCT_CATEGORY('','',(#18018));
#18000=PRODUCT('Concept','Concept','Concept',(#18038));
#18001=PRODUCT('Large casing (bottom section)',
'Large casing (bottom section)','Large casing (bottom section)',(#18039));
#18002=PRODUCT('Wheel#4','Wheel#4','Wheel#4',(#18040));
#18003=PRODUCT('x-axis movement wheel mount #2',
'x-axis movement wheel mount #2','x-axis movement wheel mount #2',(#18041));
#18004=PRODUCT('Top wheel #1','Top wheel #1','Top wheel #1',(#18042));
#18005=PRODUCT('Rail connector piece','Rail connector piece',
'Rail connector piece',(#18043));
#18006=PRODUCT('Rail end piece','Rail end piece','Rail end piece',(#18044));
#18007=PRODUCT('Wheel#3','Wheel#3','Wheel#3',(#18045));
#18008=PRODUCT('Wheel #2','Wheel #2','Wheel #2',(#18046));
#18009=PRODUCT('Top wheel #2','Top wheel #2','Top wheel #2',(#18047));
#18010=PRODUCT('Motor model#4','Motor model#4','Motor model#4',(#18048));
#18011=PRODUCT('Motor model#3','Motor model#3','Motor model#3',(#18049));
#18012=PRODUCT('y-axis movement wheel mount#1',
'y-axis movement wheel mount#1','y-axis movement wheel mount#1',(#18050));
#18013=PRODUCT('Wheel#1','Wheel#1','Wheel#1',(#18051));
#18014=PRODUCT('y-axis movement wheel mount#2',
'y-axis movement wheel mount#2','y-axis movement wheel mount#2',(#18052));
#18015=PRODUCT('x-axis movement wheel mount #1',
'x-axis movement wheel mount #1','x-axis movement wheel mount #1',(#18053));
#18016=PRODUCT('Large casing(top section)','Large casing(top section)',
'Large casing(top section)',(#18054));
#18017=PRODUCT('Motor model#1','Motor model#1','Motor model#1',(#18055));
#18018=PRODUCT('Motor model #2','Motor model #2','Motor model #2',(#18056));
#18019=PRODUCT_CATEGORY('','');
#18020=PRODUCT_CATEGORY('','');
#18021=PRODUCT_CATEGORY('','');
#18022=PRODUCT_CATEGORY('','');
#18023=PRODUCT_CATEGORY('','');
#18024=PRODUCT_CATEGORY('','');
#18025=PRODUCT_CATEGORY('','');
#18026=PRODUCT_CATEGORY('','');
#18027=PRODUCT_CATEGORY('','');
#18028=PRODUCT_CATEGORY('','');
#18029=PRODUCT_CATEGORY('','');
#18030=PRODUCT_CATEGORY('','');
#18031=PRODUCT_CATEGORY('','');
#18032=PRODUCT_CATEGORY('','');
#18033=PRODUCT_CATEGORY('','');
#18034=PRODUCT_CATEGORY('','');
#18035=PRODUCT_CATEGORY('','');
#18036=PRODUCT_CATEGORY('','');
#18037=PRODUCT_CATEGORY('','');
#18038=PRODUCT_CONTEXT('',#18058,'mechanical');
#18039=PRODUCT_CONTEXT('',#18058,'mechanical');
#18040=PRODUCT_CONTEXT('',#18058,'mechanical');
#18041=PRODUCT_CONTEXT('',#18058,'mechanical');
#18042=PRODUCT_CONTEXT('',#18058,'mechanical');
#18043=PRODUCT_CONTEXT('',#18058,'mechanical');
#18044=PRODUCT_CONTEXT('',#18058,'mechanical');
#18045=PRODUCT_CONTEXT('',#18058,'mechanical');
#18046=PRODUCT_CONTEXT('',#18058,'mechanical');
#18047=PRODUCT_CONTEXT('',#18058,'mechanical');
#18048=PRODUCT_CONTEXT('',#18058,'mechanical');
#18049=PRODUCT_CONTEXT('',#18058,'mechanical');
#18050=PRODUCT_CONTEXT('',#18058,'mechanical');
#18051=PRODUCT_CONTEXT('',#18058,'mechanical');
#18052=PRODUCT_CONTEXT('',#18058,'mechanical');
#18053=PRODUCT_CONTEXT('',#18058,'mechanical');
#18054=PRODUCT_CONTEXT('',#18058,'mechanical');
#18055=PRODUCT_CONTEXT('',#18058,'mechanical');
#18056=PRODUCT_CONTEXT('',#18058,'mechanical');
#18057=APPLICATION_PROTOCOL_DEFINITION('international standard',
'ap242_managed_model_based_3d_engineering',2020,#18058);
#18058=APPLICATION_CONTEXT('managed model based 3d engineering');
ENDSEC;
END-ISO-10303-21;
