ISO-10303-21;
HEADER;
/* Generated by software containing ST-Developer
 * from STEP Tools, Inc. (www.steptools.com) 
 */
/* OPTION: using custom renumber hook */

FILE_DESCRIPTION(
/* description */ ('STEP AP242 Edition 2',
'CAx-IF Rec.Pracs.---Representation and Presentation of Product Manufa
cturing Information (PMI)---4.0---2014-10-13',
'CAx-IF Rec.Pracs.---3D Tessellated Geometry---0.4---2014-09-14','2;1',
'CAx-IF Rec.Pracs.---User Defined Attributes---1.5---2016-08-15'),
/* implementation_level */ '2;1');

FILE_NAME(
/* name */ 'ToolKit Car Part Studio',
/* time_stamp */ '2026-09-30T01:46:06Z',
/* author */ (''),
/* organization */ (''),
/* preprocessor_version */ 'ST-DEVELOPER v20',
/* originating_system */ 'ONSHAPE BY PTC INC, 1.221',
/* authorisation */ '  ');

FILE_SCHEMA (('AP242_MANAGED_MODEL_BASED_3D_ENGINEERING_MIM_LF { 1 0 10303 442 3 1 4 }'));
ENDSEC;

DATA;
#10=ORIENTED_CLOSED_SHELL('',*,#9447,.F.);
#11=ORIENTED_CLOSED_SHELL('',*,#9448,.F.);
#12=ORIENTED_CLOSED_SHELL('',*,#9449,.F.);
#13=ORIENTED_CLOSED_SHELL('',*,#9450,.F.);
#14=BREP_WITH_VOIDS('Large casing (bottom section)',#9446,(#10,#11,#12,
#13));
#15=TOROIDAL_SURFACE('',#9834,0.003,0.001);
#16=TOROIDAL_SURFACE('',#9835,0.003,0.001);
#17=TOROIDAL_SURFACE('',#9836,0.005,0.001);
#18=TOROIDAL_SURFACE('',#9837,0.005,0.001);
#19=SHAPE_REPRESENTATION_RELATIONSHIP('','',#9611,#35);
#20=SHAPE_REPRESENTATION_RELATIONSHIP('','',#9612,#36);
#21=SHAPE_REPRESENTATION_RELATIONSHIP('','',#9613,#37);
#22=SHAPE_REPRESENTATION_RELATIONSHIP('','',#9614,#38);
#23=SHAPE_REPRESENTATION_RELATIONSHIP('','',#9615,#39);
#24=SHAPE_REPRESENTATION_RELATIONSHIP('','',#9616,#40);
#25=SHAPE_REPRESENTATION_RELATIONSHIP('','',#9617,#41);
#26=SHAPE_REPRESENTATION_RELATIONSHIP('','',#9618,#42);
#27=SHAPE_REPRESENTATION_RELATIONSHIP('','',#9619,#43);
#28=SHAPE_REPRESENTATION_RELATIONSHIP('','',#9620,#44);
#29=SHAPE_REPRESENTATION_RELATIONSHIP('','',#9621,#45);
#30=SHAPE_REPRESENTATION_RELATIONSHIP('','',#9622,#46);
#31=SHAPE_REPRESENTATION_RELATIONSHIP('','',#9623,#47);
#32=SHAPE_REPRESENTATION_RELATIONSHIP('','',#9624,#48);
#33=SHAPE_REPRESENTATION_RELATIONSHIP('','',#9625,#49);
#34=SHAPE_REPRESENTATION_RELATIONSHIP('','',#9626,#50);
#35=ADVANCED_BREP_SHAPE_REPRESENTATION('',(#9580),#16253);
#36=ADVANCED_BREP_SHAPE_REPRESENTATION('',(#9581),#16254);
#37=ADVANCED_BREP_SHAPE_REPRESENTATION('',(#14),#16255);
#38=ADVANCED_BREP_SHAPE_REPRESENTATION('',(#9582),#16256);
#39=ADVANCED_BREP_SHAPE_REPRESENTATION('',(#9583),#16257);
#40=ADVANCED_BREP_SHAPE_REPRESENTATION('',(#9584),#16258);
#41=ADVANCED_BREP_SHAPE_REPRESENTATION('',(#9585),#16259);
#42=ADVANCED_BREP_SHAPE_REPRESENTATION('',(#9586),#16260);
#43=ADVANCED_BREP_SHAPE_REPRESENTATION('',(#9587),#16261);
#44=ADVANCED_BREP_SHAPE_REPRESENTATION('',(#9588),#16262);
#45=ADVANCED_BREP_SHAPE_REPRESENTATION('',(#9589),#16263);
#46=ADVANCED_BREP_SHAPE_REPRESENTATION('',(#9590),#16264);
#47=ADVANCED_BREP_SHAPE_REPRESENTATION('',(#9591),#16265);
#48=ADVANCED_BREP_SHAPE_REPRESENTATION('',(#9592),#16266);
#49=ADVANCED_BREP_SHAPE_REPRESENTATION('',(#9593),#16267);
#50=ADVANCED_BREP_SHAPE_REPRESENTATION('',(#9594),#16268);
#51=CONICAL_SURFACE('',#9719,0.015,0.785398163397448);
#52=CONICAL_SURFACE('',#9720,0.01,0.785398163397448);
#53=CONICAL_SURFACE('',#10042,0.015,0.785398163397448);
#54=CONICAL_SURFACE('',#10043,0.01,0.785398163397448);
#55=CONICAL_SURFACE('',#10178,0.015,0.785398163397448);
#56=CONICAL_SURFACE('',#10179,0.01,0.785398163397448);
#57=CONICAL_SURFACE('',#10198,0.015,0.785398163397448);
#58=CONICAL_SURFACE('',#10199,0.01,0.785398163397448);
#59=CONICAL_SURFACE('',#10301,0.015,0.785398163397448);
#60=CONICAL_SURFACE('',#10302,0.01,0.785398163397448);
#61=CONICAL_SURFACE('',#10406,0.015,0.785398163397448);
#62=CONICAL_SURFACE('',#10407,0.01,0.785398163397448);
#63=CONICAL_SURFACE('',#10415,0.015,0.785398163397448);
#64=CONICAL_SURFACE('',#10416,0.01,0.785398163397448);
#65=CONICAL_SURFACE('',#10424,0.015,0.785398163397448);
#66=CONICAL_SURFACE('',#10425,0.01,0.785398163397448);
#67=CONICAL_SURFACE('',#10444,0.015,0.785398163397448);
#68=CONICAL_SURFACE('',#10445,0.01,0.785398163397448);
#69=CONICAL_SURFACE('',#10453,0.015,0.785398163397448);
#70=CONICAL_SURFACE('',#10454,0.01,0.785398163397448);
#71=ELLIPSE('',#9699,0.000707106781186548,0.0005);
#72=ELLIPSE('',#9701,0.000707106781186548,0.0005);
#73=ELLIPSE('',#10158,0.000707106781186548,0.0005);
#74=ELLIPSE('',#10160,0.000707106781186548,0.0005);
#75=ELLIPSE('',#10281,0.000707106781186548,0.0005);
#76=ELLIPSE('',#10283,0.000707106781186548,0.0005);
#77=ELLIPSE('',#10386,0.000707106781186548,0.0005);
#78=ELLIPSE('',#10388,0.000707106781186548,0.0005);
#79=PLANE('',#9640);
#80=PLANE('',#9647);
#81=PLANE('',#9651);
#82=PLANE('',#9655);
#83=PLANE('',#9656);
#84=PLANE('',#9657);
#85=PLANE('',#9658);
#86=PLANE('',#9659);
#87=PLANE('',#9671);
#88=PLANE('',#9672);
#89=PLANE('',#9673);
#90=PLANE('',#9682);
#91=PLANE('',#9683);
#92=PLANE('',#9684);
#93=PLANE('',#9693);
#94=PLANE('',#9694);
#95=PLANE('',#9695);
#96=PLANE('',#9708);
#97=PLANE('',#9709);
#98=PLANE('',#9710);
#99=PLANE('',#9722);
#100=PLANE('',#9723);
#101=PLANE('',#9724);
#102=PLANE('',#9729);
#103=PLANE('',#9730);
#104=PLANE('',#9731);
#105=PLANE('',#9732);
#106=PLANE('',#9733);
#107=PLANE('',#9734);
#108=PLANE('',#9735);
#109=PLANE('',#9740);
#110=PLANE('',#9741);
#111=PLANE('',#9742);
#112=PLANE('',#9743);
#113=PLANE('',#9744);
#114=PLANE('',#9745);
#115=PLANE('',#9750);
#116=PLANE('',#9751);
#117=PLANE('',#9752);
#118=PLANE('',#9753);
#119=PLANE('',#9754);
#120=PLANE('',#9755);
#121=PLANE('',#9756);
#122=PLANE('',#9757);
#123=PLANE('',#9758);
#124=PLANE('',#9759);
#125=PLANE('',#9760);
#126=PLANE('',#9761);
#127=PLANE('',#9762);
#128=PLANE('',#9763);
#129=PLANE('',#9764);
#130=PLANE('',#9765);
#131=PLANE('',#9766);
#132=PLANE('',#9767);
#133=PLANE('',#9768);
#134=PLANE('',#9769);
#135=PLANE('',#9770);
#136=PLANE('',#9771);
#137=PLANE('',#9772);
#138=PLANE('',#9773);
#139=PLANE('',#9774);
#140=PLANE('',#9775);
#141=PLANE('',#9776);
#142=PLANE('',#9777);
#143=PLANE('',#9778);
#144=PLANE('',#9779);
#145=PLANE('',#9780);
#146=PLANE('',#9781);
#147=PLANE('',#9782);
#148=PLANE('',#9783);
#149=PLANE('',#9786);
#150=PLANE('',#9790);
#151=PLANE('',#9794);
#152=PLANE('',#9797);
#153=PLANE('',#9798);
#154=PLANE('',#9801);
#155=PLANE('',#9806);
#156=PLANE('',#9811);
#157=PLANE('',#9814);
#158=PLANE('',#9818);
#159=PLANE('',#9822);
#160=PLANE('',#9823);
#161=PLANE('',#9824);
#162=PLANE('',#9825);
#163=PLANE('',#9826);
#164=PLANE('',#9827);
#165=PLANE('',#9828);
#166=PLANE('',#9829);
#167=PLANE('',#9830);
#168=PLANE('',#9831);
#169=PLANE('',#9832);
#170=PLANE('',#9833);
#171=PLANE('',#9838);
#172=PLANE('',#9839);
#173=PLANE('',#9840);
#174=PLANE('',#9841);
#175=PLANE('',#9842);
#176=PLANE('',#9843);
#177=PLANE('',#9844);
#178=PLANE('',#9845);
#179=PLANE('',#9846);
#180=PLANE('',#9847);
#181=PLANE('',#9848);
#182=PLANE('',#9849);
#183=PLANE('',#9850);
#184=PLANE('',#9851);
#185=PLANE('',#9852);
#186=PLANE('',#9853);
#187=PLANE('',#9855);
#188=PLANE('',#9856);
#189=PLANE('',#9857);
#190=PLANE('',#9858);
#191=PLANE('',#9859);
#192=PLANE('',#9860);
#193=PLANE('',#9861);
#194=PLANE('',#9862);
#195=PLANE('',#9863);
#196=PLANE('',#9864);
#197=PLANE('',#9865);
#198=PLANE('',#9866);
#199=PLANE('',#9867);
#200=PLANE('',#9868);
#201=PLANE('',#9869);
#202=PLANE('',#9870);
#203=PLANE('',#9871);
#204=PLANE('',#9872);
#205=PLANE('',#9873);
#206=PLANE('',#9874);
#207=PLANE('',#9875);
#208=PLANE('',#9876);
#209=PLANE('',#9877);
#210=PLANE('',#9880);
#211=PLANE('',#9881);
#212=PLANE('',#9882);
#213=PLANE('',#9883);
#214=PLANE('',#9884);
#215=PLANE('',#9885);
#216=PLANE('',#9886);
#217=PLANE('',#9887);
#218=PLANE('',#9888);
#219=PLANE('',#9889);
#220=PLANE('',#9890);
#221=PLANE('',#9891);
#222=PLANE('',#9892);
#223=PLANE('',#9893);
#224=PLANE('',#9894);
#225=PLANE('',#9895);
#226=PLANE('',#9896);
#227=PLANE('',#9897);
#228=PLANE('',#9898);
#229=PLANE('',#9899);
#230=PLANE('',#9900);
#231=PLANE('',#9901);
#232=PLANE('',#9902);
#233=PLANE('',#9903);
#234=PLANE('',#9904);
#235=PLANE('',#9905);
#236=PLANE('',#9906);
#237=PLANE('',#9917);
#238=PLANE('',#9920);
#239=PLANE('',#9921);
#240=PLANE('',#9922);
#241=PLANE('',#9925);
#242=PLANE('',#9928);
#243=PLANE('',#9929);
#244=PLANE('',#9930);
#245=PLANE('',#9931);
#246=PLANE('',#9932);
#247=PLANE('',#9933);
#248=PLANE('',#9934);
#249=PLANE('',#9935);
#250=PLANE('',#9936);
#251=PLANE('',#9937);
#252=PLANE('',#9938);
#253=PLANE('',#9939);
#254=PLANE('',#9940);
#255=PLANE('',#9941);
#256=PLANE('',#9942);
#257=PLANE('',#9943);
#258=PLANE('',#9944);
#259=PLANE('',#9945);
#260=PLANE('',#9946);
#261=PLANE('',#9947);
#262=PLANE('',#9948);
#263=PLANE('',#9949);
#264=PLANE('',#9950);
#265=PLANE('',#9951);
#266=PLANE('',#9952);
#267=PLANE('',#9953);
#268=PLANE('',#9954);
#269=PLANE('',#9955);
#270=PLANE('',#9956);
#271=PLANE('',#9957);
#272=PLANE('',#9958);
#273=PLANE('',#9959);
#274=PLANE('',#9960);
#275=PLANE('',#9961);
#276=PLANE('',#9962);
#277=PLANE('',#9963);
#278=PLANE('',#9964);
#279=PLANE('',#9965);
#280=PLANE('',#9966);
#281=PLANE('',#9967);
#282=PLANE('',#9969);
#283=PLANE('',#9975);
#284=PLANE('',#9977);
#285=PLANE('',#9989);
#286=PLANE('',#9990);
#287=PLANE('',#9991);
#288=PLANE('',#9992);
#289=PLANE('',#9993);
#290=PLANE('',#9994);
#291=PLANE('',#9995);
#292=PLANE('',#9996);
#293=PLANE('',#9997);
#294=PLANE('',#9998);
#295=PLANE('',#9999);
#296=PLANE('',#10000);
#297=PLANE('',#10001);
#298=PLANE('',#10002);
#299=PLANE('',#10003);
#300=PLANE('',#10004);
#301=PLANE('',#10005);
#302=PLANE('',#10006);
#303=PLANE('',#10007);
#304=PLANE('',#10008);
#305=PLANE('',#10009);
#306=PLANE('',#10010);
#307=PLANE('',#10011);
#308=PLANE('',#10012);
#309=PLANE('',#10013);
#310=PLANE('',#10014);
#311=PLANE('',#10015);
#312=PLANE('',#10016);
#313=PLANE('',#10017);
#314=PLANE('',#10018);
#315=PLANE('',#10019);
#316=PLANE('',#10020);
#317=PLANE('',#10021);
#318=PLANE('',#10022);
#319=PLANE('',#10023);
#320=PLANE('',#10024);
#321=PLANE('',#10025);
#322=PLANE('',#10026);
#323=PLANE('',#10027);
#324=PLANE('',#10028);
#325=PLANE('',#10029);
#326=PLANE('',#10030);
#327=PLANE('',#10031);
#328=PLANE('',#10032);
#329=PLANE('',#10033);
#330=PLANE('',#10034);
#331=PLANE('',#10045);
#332=PLANE('',#10046);
#333=PLANE('',#10047);
#334=PLANE('',#10048);
#335=PLANE('',#10049);
#336=PLANE('',#10051);
#337=PLANE('',#10054);
#338=PLANE('',#10056);
#339=PLANE('',#10057);
#340=PLANE('',#10058);
#341=PLANE('',#10059);
#342=PLANE('',#10060);
#343=PLANE('',#10062);
#344=PLANE('',#10065);
#345=PLANE('',#10067);
#346=PLANE('',#10068);
#347=PLANE('',#10069);
#348=PLANE('',#10070);
#349=PLANE('',#10071);
#350=PLANE('',#10073);
#351=PLANE('',#10076);
#352=PLANE('',#10090);
#353=PLANE('',#10093);
#354=PLANE('',#10096);
#355=PLANE('',#10099);
#356=PLANE('',#10103);
#357=PLANE('',#10106);
#358=PLANE('',#10110);
#359=PLANE('',#10114);
#360=PLANE('',#10115);
#361=PLANE('',#10116);
#362=PLANE('',#10117);
#363=PLANE('',#10118);
#364=PLANE('',#10130);
#365=PLANE('',#10131);
#366=PLANE('',#10132);
#367=PLANE('',#10141);
#368=PLANE('',#10142);
#369=PLANE('',#10143);
#370=PLANE('',#10152);
#371=PLANE('',#10153);
#372=PLANE('',#10154);
#373=PLANE('',#10167);
#374=PLANE('',#10168);
#375=PLANE('',#10169);
#376=PLANE('',#10190);
#377=PLANE('',#10201);
#378=PLANE('',#10204);
#379=PLANE('',#10207);
#380=PLANE('',#10210);
#381=PLANE('',#10226);
#382=PLANE('',#10229);
#383=PLANE('',#10233);
#384=PLANE('',#10237);
#385=PLANE('',#10238);
#386=PLANE('',#10239);
#387=PLANE('',#10240);
#388=PLANE('',#10241);
#389=PLANE('',#10253);
#390=PLANE('',#10254);
#391=PLANE('',#10255);
#392=PLANE('',#10264);
#393=PLANE('',#10265);
#394=PLANE('',#10266);
#395=PLANE('',#10275);
#396=PLANE('',#10276);
#397=PLANE('',#10277);
#398=PLANE('',#10290);
#399=PLANE('',#10291);
#400=PLANE('',#10292);
#401=PLANE('',#10313);
#402=PLANE('',#10327);
#403=PLANE('',#10334);
#404=PLANE('',#10338);
#405=PLANE('',#10342);
#406=PLANE('',#10343);
#407=PLANE('',#10344);
#408=PLANE('',#10345);
#409=PLANE('',#10346);
#410=PLANE('',#10358);
#411=PLANE('',#10359);
#412=PLANE('',#10360);
#413=PLANE('',#10369);
#414=PLANE('',#10370);
#415=PLANE('',#10371);
#416=PLANE('',#10380);
#417=PLANE('',#10381);
#418=PLANE('',#10382);
#419=PLANE('',#10395);
#420=PLANE('',#10396);
#421=PLANE('',#10397);
#422=PLANE('',#10427);
#423=PLANE('',#10428);
#424=PLANE('',#10429);
#425=PLANE('',#10430);
#426=PLANE('',#10431);
#427=PLANE('',#10433);
#428=PLANE('',#10436);
#429=LINE('',#13001,#1304);
#430=LINE('',#13015,#1305);
#431=LINE('',#13029,#1306);
#432=LINE('',#13043,#1307);
#433=LINE('',#13057,#1308);
#434=LINE('',#13071,#1309);
#435=LINE('',#13085,#1310);
#436=LINE('',#13099,#1311);
#437=LINE('',#13113,#1312);
#438=LINE('',#13127,#1313);
#439=LINE('',#13131,#1314);
#440=LINE('',#13133,#1315);
#441=LINE('',#13139,#1316);
#442=LINE('',#13140,#1317);
#443=LINE('',#13144,#1318);
#444=LINE('',#13145,#1319);
#445=LINE('',#13149,#1320);
#446=LINE('',#13150,#1321);
#447=LINE('',#13154,#1322);
#448=LINE('',#13155,#1323);
#449=LINE('',#13159,#1324);
#450=LINE('',#13162,#1325);
#451=LINE('',#13164,#1326);
#452=LINE('',#13166,#1327);
#453=LINE('',#13170,#1328);
#454=LINE('',#13174,#1329);
#455=LINE('',#13176,#1330);
#456=LINE('',#13178,#1331);
#457=LINE('',#13185,#1332);
#458=LINE('',#13187,#1333);
#459=LINE('',#13189,#1334);
#460=LINE('',#13191,#1335);
#461=LINE('',#13193,#1336);
#462=LINE('',#13195,#1337);
#463=LINE('',#13200,#1338);
#464=LINE('',#13201,#1339);
#465=LINE('',#13230,#1340);
#466=LINE('',#13244,#1341);
#467=LINE('',#13253,#1342);
#468=LINE('',#13255,#1343);
#469=LINE('',#13257,#1344);
#470=LINE('',#13259,#1345);
#471=LINE('',#13260,#1346);
#472=LINE('',#13264,#1347);
#473=LINE('',#13265,#1348);
#474=LINE('',#13285,#1349);
#475=LINE('',#13294,#1350);
#476=LINE('',#13295,#1351);
#477=LINE('',#13297,#1352);
#478=LINE('',#13299,#1353);
#479=LINE('',#13301,#1354);
#480=LINE('',#13303,#1355);
#481=LINE('',#13306,#1356);
#482=LINE('',#13322,#1357);
#483=LINE('',#13325,#1358);
#484=LINE('',#13327,#1359);
#485=LINE('',#13329,#1360);
#486=LINE('',#13331,#1361);
#487=LINE('',#13334,#1362);
#488=LINE('',#13335,#1363);
#489=LINE('',#13339,#1364);
#490=LINE('',#13340,#1365);
#491=LINE('',#13367,#1366);
#492=LINE('',#13374,#1367);
#493=LINE('',#13375,#1368);
#494=LINE('',#13377,#1369);
#495=LINE('',#13378,#1370);
#496=LINE('',#13380,#1371);
#497=LINE('',#13382,#1372);
#498=LINE('',#13396,#1373);
#499=LINE('',#13399,#1374);
#500=LINE('',#13401,#1375);
#501=LINE('',#13403,#1376);
#502=LINE('',#13405,#1377);
#503=LINE('',#13407,#1378);
#504=LINE('',#13409,#1379);
#505=LINE('',#13412,#1380);
#506=LINE('',#13414,#1381);
#507=LINE('',#13416,#1382);
#508=LINE('',#13418,#1383);
#509=LINE('',#13420,#1384);
#510=LINE('',#13428,#1385);
#511=LINE('',#13431,#1386);
#512=LINE('',#13433,#1387);
#513=LINE('',#13435,#1388);
#514=LINE('',#13437,#1389);
#515=LINE('',#13439,#1390);
#516=LINE('',#13441,#1391);
#517=LINE('',#13443,#1392);
#518=LINE('',#13445,#1393);
#519=LINE('',#13447,#1394);
#520=LINE('',#13449,#1395);
#521=LINE('',#13451,#1396);
#522=LINE('',#13453,#1397);
#523=LINE('',#13455,#1398);
#524=LINE('',#13457,#1399);
#525=LINE('',#13459,#1400);
#526=LINE('',#13461,#1401);
#527=LINE('',#13463,#1402);
#528=LINE('',#13465,#1403);
#529=LINE('',#13467,#1404);
#530=LINE('',#13469,#1405);
#531=LINE('',#13471,#1406);
#532=LINE('',#13473,#1407);
#533=LINE('',#13475,#1408);
#534=LINE('',#13477,#1409);
#535=LINE('',#13480,#1410);
#536=LINE('',#13482,#1411);
#537=LINE('',#13484,#1412);
#538=LINE('',#13486,#1413);
#539=LINE('',#13489,#1414);
#540=LINE('',#13491,#1415);
#541=LINE('',#13493,#1416);
#542=LINE('',#13495,#1417);
#543=LINE('',#13497,#1418);
#544=LINE('',#13499,#1419);
#545=LINE('',#13501,#1420);
#546=LINE('',#13503,#1421);
#547=LINE('',#13505,#1422);
#548=LINE('',#13508,#1423);
#549=LINE('',#13509,#1424);
#550=LINE('',#13511,#1425);
#551=LINE('',#13513,#1426);
#552=LINE('',#13515,#1427);
#553=LINE('',#13517,#1428);
#554=LINE('',#13519,#1429);
#555=LINE('',#13521,#1430);
#556=LINE('',#13523,#1431);
#557=LINE('',#13525,#1432);
#558=LINE('',#13527,#1433);
#559=LINE('',#13529,#1434);
#560=LINE('',#13531,#1435);
#561=LINE('',#13533,#1436);
#562=LINE('',#13543,#1437);
#563=LINE('',#13544,#1438);
#564=LINE('',#13546,#1439);
#565=LINE('',#13548,#1440);
#566=LINE('',#13550,#1441);
#567=LINE('',#13552,#1442);
#568=LINE('',#13554,#1443);
#569=LINE('',#13556,#1444);
#570=LINE('',#13564,#1445);
#571=LINE('',#13565,#1446);
#572=LINE('',#13567,#1447);
#573=LINE('',#13569,#1448);
#574=LINE('',#13570,#1449);
#575=LINE('',#13572,#1450);
#576=LINE('',#13574,#1451);
#577=LINE('',#13575,#1452);
#578=LINE('',#13577,#1453);
#579=LINE('',#13579,#1454);
#580=LINE('',#13582,#1455);
#581=LINE('',#13585,#1456);
#582=LINE('',#13587,#1457);
#583=LINE('',#13589,#1458);
#584=LINE('',#13591,#1459);
#585=LINE('',#13593,#1460);
#586=LINE('',#13595,#1461);
#587=LINE('',#13597,#1462);
#588=LINE('',#13599,#1463);
#589=LINE('',#13601,#1464);
#590=LINE('',#13603,#1465);
#591=LINE('',#13605,#1466);
#592=LINE('',#13607,#1467);
#593=LINE('',#13609,#1468);
#594=LINE('',#13610,#1469);
#595=LINE('',#13612,#1470);
#596=LINE('',#13614,#1471);
#597=LINE('',#13616,#1472);
#598=LINE('',#13617,#1473);
#599=LINE('',#13619,#1474);
#600=LINE('',#13621,#1475);
#601=LINE('',#13623,#1476);
#602=LINE('',#13625,#1477);
#603=LINE('',#13627,#1478);
#604=LINE('',#13629,#1479);
#605=LINE('',#13631,#1480);
#606=LINE('',#13632,#1481);
#607=LINE('',#13634,#1482);
#608=LINE('',#13636,#1483);
#609=LINE('',#13638,#1484);
#610=LINE('',#13640,#1485);
#611=LINE('',#13643,#1486);
#612=LINE('',#13645,#1487);
#613=LINE('',#13647,#1488);
#614=LINE('',#13648,#1489);
#615=LINE('',#13650,#1490);
#616=LINE('',#13653,#1491);
#617=LINE('',#13654,#1492);
#618=LINE('',#13656,#1493);
#619=LINE('',#13659,#1494);
#620=LINE('',#13660,#1495);
#621=LINE('',#13662,#1496);
#622=LINE('',#13665,#1497);
#623=LINE('',#13668,#1498);
#624=LINE('',#13670,#1499);
#625=LINE('',#13672,#1500);
#626=LINE('',#13674,#1501);
#627=LINE('',#13676,#1502);
#628=LINE('',#13678,#1503);
#629=LINE('',#13680,#1504);
#630=LINE('',#13682,#1505);
#631=LINE('',#13684,#1506);
#632=LINE('',#13686,#1507);
#633=LINE('',#13688,#1508);
#634=LINE('',#13690,#1509);
#635=LINE('',#13692,#1510);
#636=LINE('',#13694,#1511);
#637=LINE('',#13695,#1512);
#638=LINE('',#13697,#1513);
#639=LINE('',#13698,#1514);
#640=LINE('',#13700,#1515);
#641=LINE('',#13702,#1516);
#642=LINE('',#13704,#1517);
#643=LINE('',#13706,#1518);
#644=LINE('',#13708,#1519);
#645=LINE('',#13710,#1520);
#646=LINE('',#13712,#1521);
#647=LINE('',#13714,#1522);
#648=LINE('',#13715,#1523);
#649=LINE('',#13717,#1524);
#650=LINE('',#13719,#1525);
#651=LINE('',#13721,#1526);
#652=LINE('',#13723,#1527);
#653=LINE('',#13726,#1528);
#654=LINE('',#13728,#1529);
#655=LINE('',#13730,#1530);
#656=LINE('',#13731,#1531);
#657=LINE('',#13733,#1532);
#658=LINE('',#13735,#1533);
#659=LINE('',#13737,#1534);
#660=LINE('',#13739,#1535);
#661=LINE('',#13741,#1536);
#662=LINE('',#13743,#1537);
#663=LINE('',#13745,#1538);
#664=LINE('',#13804,#1539);
#665=LINE('',#13806,#1540);
#666=LINE('',#13807,#1541);
#667=LINE('',#13810,#1542);
#668=LINE('',#13812,#1543);
#669=LINE('',#13813,#1544);
#670=LINE('',#13816,#1545);
#671=LINE('',#13818,#1546);
#672=LINE('',#13819,#1547);
#673=LINE('',#13822,#1548);
#674=LINE('',#13824,#1549);
#675=LINE('',#13825,#1550);
#676=LINE('',#13832,#1551);
#677=LINE('',#13835,#1552);
#678=LINE('',#13836,#1553);
#679=LINE('',#13838,#1554);
#680=LINE('',#13840,#1555);
#681=LINE('',#13842,#1556);
#682=LINE('',#13844,#1557);
#683=LINE('',#13847,#1558);
#684=LINE('',#13849,#1559);
#685=LINE('',#13851,#1560);
#686=LINE('',#13853,#1561);
#687=LINE('',#13855,#1562);
#688=LINE('',#13857,#1563);
#689=LINE('',#13859,#1564);
#690=LINE('',#13862,#1565);
#691=LINE('',#13863,#1566);
#692=LINE('',#13865,#1567);
#693=LINE('',#13868,#1568);
#694=LINE('',#13870,#1569);
#695=LINE('',#13872,#1570);
#696=LINE('',#13874,#1571);
#697=LINE('',#13876,#1572);
#698=LINE('',#13877,#1573);
#699=LINE('',#13879,#1574);
#700=LINE('',#13881,#1575);
#701=LINE('',#13882,#1576);
#702=LINE('',#13884,#1577);
#703=LINE('',#13886,#1578);
#704=LINE('',#13889,#1579);
#705=LINE('',#13891,#1580);
#706=LINE('',#13895,#1581);
#707=LINE('',#13898,#1582);
#708=LINE('',#13900,#1583);
#709=LINE('',#13902,#1584);
#710=LINE('',#13904,#1585);
#711=LINE('',#13907,#1586);
#712=LINE('',#13909,#1587);
#713=LINE('',#13911,#1588);
#714=LINE('',#13913,#1589);
#715=LINE('',#13915,#1590);
#716=LINE('',#13917,#1591);
#717=LINE('',#13919,#1592);
#718=LINE('',#13922,#1593);
#719=LINE('',#13924,#1594);
#720=LINE('',#13926,#1595);
#721=LINE('',#13928,#1596);
#722=LINE('',#13930,#1597);
#723=LINE('',#13932,#1598);
#724=LINE('',#13935,#1599);
#725=LINE('',#13937,#1600);
#726=LINE('',#13939,#1601);
#727=LINE('',#13941,#1602);
#728=LINE('',#13943,#1603);
#729=LINE('',#13945,#1604);
#730=LINE('',#13948,#1605);
#731=LINE('',#13950,#1606);
#732=LINE('',#13952,#1607);
#733=LINE('',#13954,#1608);
#734=LINE('',#13956,#1609);
#735=LINE('',#13958,#1610);
#736=LINE('',#13961,#1611);
#737=LINE('',#13963,#1612);
#738=LINE('',#13965,#1613);
#739=LINE('',#13967,#1614);
#740=LINE('',#13969,#1615);
#741=LINE('',#13971,#1616);
#742=LINE('',#13973,#1617);
#743=LINE('',#13975,#1618);
#744=LINE('',#13977,#1619);
#745=LINE('',#13979,#1620);
#746=LINE('',#13981,#1621);
#747=LINE('',#13983,#1622);
#748=LINE('',#13985,#1623);
#749=LINE('',#13987,#1624);
#750=LINE('',#13989,#1625);
#751=LINE('',#13990,#1626);
#752=LINE('',#13992,#1627);
#753=LINE('',#13994,#1628);
#754=LINE('',#13996,#1629);
#755=LINE('',#13998,#1630);
#756=LINE('',#14000,#1631);
#757=LINE('',#14002,#1632);
#758=LINE('',#14005,#1633);
#759=LINE('',#14007,#1634);
#760=LINE('',#14009,#1635);
#761=LINE('',#14011,#1636);
#762=LINE('',#14014,#1637);
#763=LINE('',#14016,#1638);
#764=LINE('',#14018,#1639);
#765=LINE('',#14020,#1640);
#766=LINE('',#14021,#1641);
#767=LINE('',#14023,#1642);
#768=LINE('',#14025,#1643);
#769=LINE('',#14027,#1644);
#770=LINE('',#14029,#1645);
#771=LINE('',#14030,#1646);
#772=LINE('',#14032,#1647);
#773=LINE('',#14034,#1648);
#774=LINE('',#14036,#1649);
#775=LINE('',#14039,#1650);
#776=LINE('',#14040,#1651);
#777=LINE('',#14042,#1652);
#778=LINE('',#14044,#1653);
#779=LINE('',#14046,#1654);
#780=LINE('',#14048,#1655);
#781=LINE('',#14050,#1656);
#782=LINE('',#14052,#1657);
#783=LINE('',#14054,#1658);
#784=LINE('',#14056,#1659);
#785=LINE('',#14059,#1660);
#786=LINE('',#14062,#1661);
#787=LINE('',#14064,#1662);
#788=LINE('',#14066,#1663);
#789=LINE('',#14068,#1664);
#790=LINE('',#14070,#1665);
#791=LINE('',#14072,#1666);
#792=LINE('',#14074,#1667);
#793=LINE('',#14075,#1668);
#794=LINE('',#14077,#1669);
#795=LINE('',#14079,#1670);
#796=LINE('',#14080,#1671);
#797=LINE('',#14082,#1672);
#798=LINE('',#14084,#1673);
#799=LINE('',#14086,#1674);
#800=LINE('',#14088,#1675);
#801=LINE('',#14089,#1676);
#802=LINE('',#14090,#1677);
#803=LINE('',#14096,#1678);
#804=LINE('',#14098,#1679);
#805=LINE('',#14100,#1680);
#806=LINE('',#14102,#1681);
#807=LINE('',#14104,#1682);
#808=LINE('',#14106,#1683);
#809=LINE('',#14109,#1684);
#810=LINE('',#14110,#1685);
#811=LINE('',#14112,#1686);
#812=LINE('',#14114,#1687);
#813=LINE('',#14116,#1688);
#814=LINE('',#14117,#1689);
#815=LINE('',#14119,#1690);
#816=LINE('',#14121,#1691);
#817=LINE('',#14123,#1692);
#818=LINE('',#14126,#1693);
#819=LINE('',#14127,#1694);
#820=LINE('',#14129,#1695);
#821=LINE('',#14131,#1696);
#822=LINE('',#14133,#1697);
#823=LINE('',#14135,#1698);
#824=LINE('',#14137,#1699);
#825=LINE('',#14139,#1700);
#826=LINE('',#14140,#1701);
#827=LINE('',#14142,#1702);
#828=LINE('',#14144,#1703);
#829=LINE('',#14147,#1704);
#830=LINE('',#14149,#1705);
#831=LINE('',#14152,#1706);
#832=LINE('',#14154,#1707);
#833=LINE('',#14155,#1708);
#834=LINE('',#14157,#1709);
#835=LINE('',#14159,#1710);
#836=LINE('',#14161,#1711);
#837=LINE('',#14163,#1712);
#838=LINE('',#14165,#1713);
#839=LINE('',#14167,#1714);
#840=LINE('',#14169,#1715);
#841=LINE('',#14172,#1716);
#842=LINE('',#14175,#1717);
#843=LINE('',#14177,#1718);
#844=LINE('',#14179,#1719);
#845=LINE('',#14181,#1720);
#846=LINE('',#14184,#1721);
#847=LINE('',#14186,#1722);
#848=LINE('',#14188,#1723);
#849=LINE('',#14190,#1724);
#850=LINE('',#14193,#1725);
#851=LINE('',#14194,#1726);
#852=LINE('',#14196,#1727);
#853=LINE('',#14198,#1728);
#854=LINE('',#14200,#1729);
#855=LINE('',#14203,#1730);
#856=LINE('',#14204,#1731);
#857=LINE('',#14206,#1732);
#858=LINE('',#14208,#1733);
#859=LINE('',#14209,#1734);
#860=LINE('',#14211,#1735);
#861=LINE('',#14213,#1736);
#862=LINE('',#14215,#1737);
#863=LINE('',#14216,#1738);
#864=LINE('',#14218,#1739);
#865=LINE('',#14220,#1740);
#866=LINE('',#14222,#1741);
#867=LINE('',#14223,#1742);
#868=LINE('',#14226,#1743);
#869=LINE('',#14228,#1744);
#870=LINE('',#14230,#1745);
#871=LINE('',#14231,#1746);
#872=LINE('',#14233,#1747);
#873=LINE('',#14236,#1748);
#874=LINE('',#14237,#1749);
#875=LINE('',#14238,#1750);
#876=LINE('',#14243,#1751);
#877=LINE('',#14264,#1752);
#878=LINE('',#14271,#1753);
#879=LINE('',#14278,#1754);
#880=LINE('',#14280,#1755);
#881=LINE('',#14282,#1756);
#882=LINE('',#14284,#1757);
#883=LINE('',#14286,#1758);
#884=LINE('',#14288,#1759);
#885=LINE('',#14290,#1760);
#886=LINE('',#14292,#1761);
#887=LINE('',#14294,#1762);
#888=LINE('',#14296,#1763);
#889=LINE('',#14298,#1764);
#890=LINE('',#14301,#1765);
#891=LINE('',#14303,#1766);
#892=LINE('',#14305,#1767);
#893=LINE('',#14307,#1768);
#894=LINE('',#14309,#1769);
#895=LINE('',#14311,#1770);
#896=LINE('',#14314,#1771);
#897=LINE('',#14316,#1772);
#898=LINE('',#14318,#1773);
#899=LINE('',#14320,#1774);
#900=LINE('',#14322,#1775);
#901=LINE('',#14324,#1776);
#902=LINE('',#14326,#1777);
#903=LINE('',#14328,#1778);
#904=LINE('',#14330,#1779);
#905=LINE('',#14333,#1780);
#906=LINE('',#14334,#1781);
#907=LINE('',#14336,#1782);
#908=LINE('',#14337,#1783);
#909=LINE('',#14339,#1784);
#910=LINE('',#14342,#1785);
#911=LINE('',#14344,#1786);
#912=LINE('',#14346,#1787);
#913=LINE('',#14348,#1788);
#914=LINE('',#14350,#1789);
#915=LINE('',#14352,#1790);
#916=LINE('',#14354,#1791);
#917=LINE('',#14356,#1792);
#918=LINE('',#14359,#1793);
#919=LINE('',#14361,#1794);
#920=LINE('',#14362,#1795);
#921=LINE('',#14364,#1796);
#922=LINE('',#14366,#1797);
#923=LINE('',#14368,#1798);
#924=LINE('',#14371,#1799);
#925=LINE('',#14372,#1800);
#926=LINE('',#14374,#1801);
#927=LINE('',#14376,#1802);
#928=LINE('',#14378,#1803);
#929=LINE('',#14380,#1804);
#930=LINE('',#14382,#1805);
#931=LINE('',#14384,#1806);
#932=LINE('',#14386,#1807);
#933=LINE('',#14389,#1808);
#934=LINE('',#14390,#1809);
#935=LINE('',#14392,#1810);
#936=LINE('',#14395,#1811);
#937=LINE('',#14397,#1812);
#938=LINE('',#14399,#1813);
#939=LINE('',#14401,#1814);
#940=LINE('',#14403,#1815);
#941=LINE('',#14405,#1816);
#942=LINE('',#14407,#1817);
#943=LINE('',#14409,#1818);
#944=LINE('',#14412,#1819);
#945=LINE('',#14413,#1820);
#946=LINE('',#14415,#1821);
#947=LINE('',#14417,#1822);
#948=LINE('',#14420,#1823);
#949=LINE('',#14422,#1824);
#950=LINE('',#14423,#1825);
#951=LINE('',#14425,#1826);
#952=LINE('',#14427,#1827);
#953=LINE('',#14429,#1828);
#954=LINE('',#14431,#1829);
#955=LINE('',#14434,#1830);
#956=LINE('',#14435,#1831);
#957=LINE('',#14437,#1832);
#958=LINE('',#14439,#1833);
#959=LINE('',#14441,#1834);
#960=LINE('',#14443,#1835);
#961=LINE('',#14479,#1836);
#962=LINE('',#14482,#1837);
#963=LINE('',#14483,#1838);
#964=LINE('',#14485,#1839);
#965=LINE('',#14487,#1840);
#966=LINE('',#14490,#1841);
#967=LINE('',#14491,#1842);
#968=LINE('',#14492,#1843);
#969=LINE('',#14493,#1844);
#970=LINE('',#14496,#1845);
#971=LINE('',#14497,#1846);
#972=LINE('',#14498,#1847);
#973=LINE('',#14500,#1848);
#974=LINE('',#14502,#1849);
#975=LINE('',#14504,#1850);
#976=LINE('',#14506,#1851);
#977=LINE('',#14508,#1852);
#978=LINE('',#14510,#1853);
#979=LINE('',#14513,#1854);
#980=LINE('',#14515,#1855);
#981=LINE('',#14517,#1856);
#982=LINE('',#14519,#1857);
#983=LINE('',#14520,#1858);
#984=LINE('',#14522,#1859);
#985=LINE('',#14524,#1860);
#986=LINE('',#14526,#1861);
#987=LINE('',#14528,#1862);
#988=LINE('',#14530,#1863);
#989=LINE('',#14532,#1864);
#990=LINE('',#14537,#1865);
#991=LINE('',#14540,#1866);
#992=LINE('',#14543,#1867);
#993=LINE('',#14545,#1868);
#994=LINE('',#14547,#1869);
#995=LINE('',#14549,#1870);
#996=LINE('',#14551,#1871);
#997=LINE('',#14553,#1872);
#998=LINE('',#14555,#1873);
#999=LINE('',#14557,#1874);
#1000=LINE('',#14560,#1875);
#1001=LINE('',#14563,#1876);
#1002=LINE('',#14565,#1877);
#1003=LINE('',#14567,#1878);
#1004=LINE('',#14570,#1879);
#1005=LINE('',#14572,#1880);
#1006=LINE('',#14574,#1881);
#1007=LINE('',#14576,#1882);
#1008=LINE('',#14579,#1883);
#1009=LINE('',#14581,#1884);
#1010=LINE('',#14583,#1885);
#1011=LINE('',#14585,#1886);
#1012=LINE('',#14586,#1887);
#1013=LINE('',#14588,#1888);
#1014=LINE('',#14590,#1889);
#1015=LINE('',#14591,#1890);
#1016=LINE('',#14593,#1891);
#1017=LINE('',#14594,#1892);
#1018=LINE('',#14596,#1893);
#1019=LINE('',#14599,#1894);
#1020=LINE('',#14602,#1895);
#1021=LINE('',#14605,#1896);
#1022=LINE('',#14607,#1897);
#1023=LINE('',#14609,#1898);
#1024=LINE('',#14611,#1899);
#1025=LINE('',#14614,#1900);
#1026=LINE('',#14616,#1901);
#1027=LINE('',#14617,#1902);
#1028=LINE('',#14619,#1903);
#1029=LINE('',#14621,#1904);
#1030=LINE('',#14623,#1905);
#1031=LINE('',#14625,#1906);
#1032=LINE('',#14628,#1907);
#1033=LINE('',#14630,#1908);
#1034=LINE('',#14632,#1909);
#1035=LINE('',#14634,#1910);
#1036=LINE('',#14635,#1911);
#1037=LINE('',#14637,#1912);
#1038=LINE('',#14638,#1913);
#1039=LINE('',#14639,#1914);
#1040=LINE('',#14644,#1915);
#1041=LINE('',#14647,#1916);
#1042=LINE('',#14649,#1917);
#1043=LINE('',#14651,#1918);
#1044=LINE('',#14653,#1919);
#1045=LINE('',#14655,#1920);
#1046=LINE('',#14657,#1921);
#1047=LINE('',#14659,#1922);
#1048=LINE('',#14661,#1923);
#1049=LINE('',#14678,#1924);
#1050=LINE('',#14681,#1925);
#1051=LINE('',#14683,#1926);
#1052=LINE('',#14685,#1927);
#1053=LINE('',#14687,#1928);
#1054=LINE('',#14689,#1929);
#1055=LINE('',#14691,#1930);
#1056=LINE('',#14693,#1931);
#1057=LINE('',#14695,#1932);
#1058=LINE('',#14697,#1933);
#1059=LINE('',#14699,#1934);
#1060=LINE('',#14700,#1935);
#1061=LINE('',#14711,#1936);
#1062=LINE('',#14714,#1937);
#1063=LINE('',#14716,#1938);
#1064=LINE('',#14718,#1939);
#1065=LINE('',#14720,#1940);
#1066=LINE('',#14722,#1941);
#1067=LINE('',#14724,#1942);
#1068=LINE('',#14726,#1943);
#1069=LINE('',#14728,#1944);
#1070=LINE('',#14730,#1945);
#1071=LINE('',#14732,#1946);
#1072=LINE('',#14733,#1947);
#1073=LINE('',#14744,#1948);
#1074=LINE('',#14747,#1949);
#1075=LINE('',#14749,#1950);
#1076=LINE('',#14751,#1951);
#1077=LINE('',#14753,#1952);
#1078=LINE('',#14755,#1953);
#1079=LINE('',#14757,#1954);
#1080=LINE('',#14759,#1955);
#1081=LINE('',#14761,#1956);
#1082=LINE('',#14763,#1957);
#1083=LINE('',#14765,#1958);
#1084=LINE('',#14766,#1959);
#1085=LINE('',#14787,#1960);
#1086=LINE('',#14801,#1961);
#1087=LINE('',#14815,#1962);
#1088=LINE('',#14829,#1963);
#1089=LINE('',#14843,#1964);
#1090=LINE('',#14857,#1965);
#1091=LINE('',#14871,#1966);
#1092=LINE('',#14885,#1967);
#1093=LINE('',#14899,#1968);
#1094=LINE('',#14913,#1969);
#1095=LINE('',#14920,#1970);
#1096=LINE('',#14925,#1971);
#1097=LINE('',#14929,#1972);
#1098=LINE('',#14934,#1973);
#1099=LINE('',#14938,#1974);
#1100=LINE('',#14943,#1975);
#1101=LINE('',#14947,#1976);
#1102=LINE('',#14952,#1977);
#1103=LINE('',#14958,#1978);
#1104=LINE('',#14963,#1979);
#1105=LINE('',#14967,#1980);
#1106=LINE('',#14970,#1981);
#1107=LINE('',#14972,#1982);
#1108=LINE('',#14974,#1983);
#1109=LINE('',#14978,#1984);
#1110=LINE('',#14982,#1985);
#1111=LINE('',#14984,#1986);
#1112=LINE('',#14986,#1987);
#1113=LINE('',#14993,#1988);
#1114=LINE('',#14995,#1989);
#1115=LINE('',#14997,#1990);
#1116=LINE('',#14999,#1991);
#1117=LINE('',#15001,#1992);
#1118=LINE('',#15003,#1993);
#1119=LINE('',#15008,#1994);
#1120=LINE('',#15009,#1995);
#1121=LINE('',#15046,#1996);
#1122=LINE('',#15060,#1997);
#1123=LINE('',#15069,#1998);
#1124=LINE('',#15071,#1999);
#1125=LINE('',#15073,#2000);
#1126=LINE('',#15075,#2001);
#1127=LINE('',#15076,#2002);
#1128=LINE('',#15080,#2003);
#1129=LINE('',#15081,#2004);
#1130=LINE('',#15109,#2005);
#1131=LINE('',#15118,#2006);
#1132=LINE('',#15119,#2007);
#1133=LINE('',#15121,#2008);
#1134=LINE('',#15123,#2009);
#1135=LINE('',#15125,#2010);
#1136=LINE('',#15127,#2011);
#1137=LINE('',#15130,#2012);
#1138=LINE('',#15154,#2013);
#1139=LINE('',#15157,#2014);
#1140=LINE('',#15159,#2015);
#1141=LINE('',#15161,#2016);
#1142=LINE('',#15163,#2017);
#1143=LINE('',#15166,#2018);
#1144=LINE('',#15167,#2019);
#1145=LINE('',#15171,#2020);
#1146=LINE('',#15172,#2021);
#1147=LINE('',#15207,#2022);
#1148=LINE('',#15214,#2023);
#1149=LINE('',#15215,#2024);
#1150=LINE('',#15217,#2025);
#1151=LINE('',#15218,#2026);
#1152=LINE('',#15220,#2027);
#1153=LINE('',#15222,#2028);
#1154=LINE('',#15268,#2029);
#1155=LINE('',#15273,#2030);
#1156=LINE('',#15277,#2031);
#1157=LINE('',#15282,#2032);
#1158=LINE('',#15286,#2033);
#1159=LINE('',#15291,#2034);
#1160=LINE('',#15295,#2035);
#1161=LINE('',#15300,#2036);
#1162=LINE('',#15319,#2037);
#1163=LINE('',#15333,#2038);
#1164=LINE('',#15347,#2039);
#1165=LINE('',#15361,#2040);
#1166=LINE('',#15375,#2041);
#1167=LINE('',#15389,#2042);
#1168=LINE('',#15403,#2043);
#1169=LINE('',#15417,#2044);
#1170=LINE('',#15431,#2045);
#1171=LINE('',#15445,#2046);
#1172=LINE('',#15449,#2047);
#1173=LINE('',#15454,#2048);
#1174=LINE('',#15458,#2049);
#1175=LINE('',#15461,#2050);
#1176=LINE('',#15463,#2051);
#1177=LINE('',#15465,#2052);
#1178=LINE('',#15469,#2053);
#1179=LINE('',#15473,#2054);
#1180=LINE('',#15475,#2055);
#1181=LINE('',#15477,#2056);
#1182=LINE('',#15484,#2057);
#1183=LINE('',#15486,#2058);
#1184=LINE('',#15488,#2059);
#1185=LINE('',#15490,#2060);
#1186=LINE('',#15492,#2061);
#1187=LINE('',#15494,#2062);
#1188=LINE('',#15499,#2063);
#1189=LINE('',#15500,#2064);
#1190=LINE('',#15537,#2065);
#1191=LINE('',#15551,#2066);
#1192=LINE('',#15560,#2067);
#1193=LINE('',#15562,#2068);
#1194=LINE('',#15564,#2069);
#1195=LINE('',#15566,#2070);
#1196=LINE('',#15567,#2071);
#1197=LINE('',#15571,#2072);
#1198=LINE('',#15572,#2073);
#1199=LINE('',#15600,#2074);
#1200=LINE('',#15609,#2075);
#1201=LINE('',#15610,#2076);
#1202=LINE('',#15612,#2077);
#1203=LINE('',#15614,#2078);
#1204=LINE('',#15616,#2079);
#1205=LINE('',#15618,#2080);
#1206=LINE('',#15621,#2081);
#1207=LINE('',#15645,#2082);
#1208=LINE('',#15648,#2083);
#1209=LINE('',#15650,#2084);
#1210=LINE('',#15652,#2085);
#1211=LINE('',#15654,#2086);
#1212=LINE('',#15657,#2087);
#1213=LINE('',#15658,#2088);
#1214=LINE('',#15662,#2089);
#1215=LINE('',#15663,#2090);
#1216=LINE('',#15698,#2091);
#1217=LINE('',#15705,#2092);
#1218=LINE('',#15706,#2093);
#1219=LINE('',#15708,#2094);
#1220=LINE('',#15709,#2095);
#1221=LINE('',#15711,#2096);
#1222=LINE('',#15713,#2097);
#1223=LINE('',#15759,#2098);
#1224=LINE('',#15773,#2099);
#1225=LINE('',#15787,#2100);
#1226=LINE('',#15801,#2101);
#1227=LINE('',#15815,#2102);
#1228=LINE('',#15829,#2103);
#1229=LINE('',#15843,#2104);
#1230=LINE('',#15857,#2105);
#1231=LINE('',#15871,#2106);
#1232=LINE('',#15885,#2107);
#1233=LINE('',#15889,#2108);
#1234=LINE('',#15891,#2109);
#1235=LINE('',#15897,#2110);
#1236=LINE('',#15898,#2111);
#1237=LINE('',#15902,#2112);
#1238=LINE('',#15903,#2113);
#1239=LINE('',#15907,#2114);
#1240=LINE('',#15908,#2115);
#1241=LINE('',#15912,#2116);
#1242=LINE('',#15913,#2117);
#1243=LINE('',#15917,#2118);
#1244=LINE('',#15920,#2119);
#1245=LINE('',#15922,#2120);
#1246=LINE('',#15924,#2121);
#1247=LINE('',#15928,#2122);
#1248=LINE('',#15932,#2123);
#1249=LINE('',#15934,#2124);
#1250=LINE('',#15936,#2125);
#1251=LINE('',#15943,#2126);
#1252=LINE('',#15945,#2127);
#1253=LINE('',#15947,#2128);
#1254=LINE('',#15949,#2129);
#1255=LINE('',#15951,#2130);
#1256=LINE('',#15953,#2131);
#1257=LINE('',#15958,#2132);
#1258=LINE('',#15959,#2133);
#1259=LINE('',#15988,#2134);
#1260=LINE('',#16002,#2135);
#1261=LINE('',#16011,#2136);
#1262=LINE('',#16013,#2137);
#1263=LINE('',#16015,#2138);
#1264=LINE('',#16017,#2139);
#1265=LINE('',#16018,#2140);
#1266=LINE('',#16022,#2141);
#1267=LINE('',#16023,#2142);
#1268=LINE('',#16043,#2143);
#1269=LINE('',#16052,#2144);
#1270=LINE('',#16053,#2145);
#1271=LINE('',#16055,#2146);
#1272=LINE('',#16057,#2147);
#1273=LINE('',#16059,#2148);
#1274=LINE('',#16061,#2149);
#1275=LINE('',#16064,#2150);
#1276=LINE('',#16080,#2151);
#1277=LINE('',#16083,#2152);
#1278=LINE('',#16085,#2153);
#1279=LINE('',#16087,#2154);
#1280=LINE('',#16089,#2155);
#1281=LINE('',#16092,#2156);
#1282=LINE('',#16093,#2157);
#1283=LINE('',#16097,#2158);
#1284=LINE('',#16098,#2159);
#1285=LINE('',#16125,#2160);
#1286=LINE('',#16132,#2161);
#1287=LINE('',#16133,#2162);
#1288=LINE('',#16135,#2163);
#1289=LINE('',#16136,#2164);
#1290=LINE('',#16138,#2165);
#1291=LINE('',#16140,#2166);
#1292=LINE('',#16180,#2167);
#1293=LINE('',#16183,#2168);
#1294=LINE('',#16185,#2169);
#1295=LINE('',#16187,#2170);
#1296=LINE('',#16189,#2171);
#1297=LINE('',#16191,#2172);
#1298=LINE('',#16193,#2173);
#1299=LINE('',#16195,#2174);
#1300=LINE('',#16197,#2175);
#1301=LINE('',#16199,#2176);
#1302=LINE('',#16201,#2177);
#1303=LINE('',#16202,#2178);
#1304=VECTOR('',#10461,1.);
#1305=VECTOR('',#10464,1.);
#1306=VECTOR('',#10467,1.);
#1307=VECTOR('',#10470,1.);
#1308=VECTOR('',#10473,1.);
#1309=VECTOR('',#10476,1.);
#1310=VECTOR('',#10479,1.);
#1311=VECTOR('',#10482,1.);
#1312=VECTOR('',#10485,1.);
#1313=VECTOR('',#10488,1.);
#1314=VECTOR('',#10493,1.);
#1315=VECTOR('',#10494,1.);
#1316=VECTOR('',#10499,1.);
#1317=VECTOR('',#10500,1.);
#1318=VECTOR('',#10503,1.);
#1319=VECTOR('',#10504,1.);
#1320=VECTOR('',#10507,1.);
#1321=VECTOR('',#10508,1.);
#1322=VECTOR('',#10511,1.);
#1323=VECTOR('',#10512,1.);
#1324=VECTOR('',#10517,1.);
#1325=VECTOR('',#10518,1.);
#1326=VECTOR('',#10519,1.);
#1327=VECTOR('',#10520,1.);
#1328=VECTOR('',#10525,1.);
#1329=VECTOR('',#10530,1.);
#1330=VECTOR('',#10531,1.);
#1331=VECTOR('',#10532,1.);
#1332=VECTOR('',#10545,1.);
#1333=VECTOR('',#10546,1.);
#1334=VECTOR('',#10547,1.);
#1335=VECTOR('',#10550,1.);
#1336=VECTOR('',#10551,1.);
#1337=VECTOR('',#10552,1.);
#1338=VECTOR('',#10557,1.);
#1339=VECTOR('',#10558,1.);
#1340=VECTOR('',#10571,1.);
#1341=VECTOR('',#10578,1.);
#1342=VECTOR('',#10583,1.);
#1343=VECTOR('',#10584,1.);
#1344=VECTOR('',#10585,1.);
#1345=VECTOR('',#10588,1.);
#1346=VECTOR('',#10589,1.);
#1347=VECTOR('',#10594,1.);
#1348=VECTOR('',#10595,1.);
#1349=VECTOR('',#10608,1.);
#1350=VECTOR('',#10613,1.);
#1351=VECTOR('',#10614,1.);
#1352=VECTOR('',#10617,1.);
#1353=VECTOR('',#10618,1.);
#1354=VECTOR('',#10619,1.);
#1355=VECTOR('',#10622,1.);
#1356=VECTOR('',#10625,1.);
#1357=VECTOR('',#10638,1.);
#1358=VECTOR('',#10643,1.);
#1359=VECTOR('',#10644,1.);
#1360=VECTOR('',#10645,1.);
#1361=VECTOR('',#10648,1.);
#1362=VECTOR('',#10649,1.);
#1363=VECTOR('',#10650,1.);
#1364=VECTOR('',#10655,1.);
#1365=VECTOR('',#10656,1.);
#1366=VECTOR('',#10679,1.);
#1367=VECTOR('',#10682,1.);
#1368=VECTOR('',#10683,1.);
#1369=VECTOR('',#10686,1.);
#1370=VECTOR('',#10687,1.);
#1371=VECTOR('',#10690,1.);
#1372=VECTOR('',#10693,1.);
#1373=VECTOR('',#10716,1.);
#1374=VECTOR('',#10717,1.);
#1375=VECTOR('',#10718,1.);
#1376=VECTOR('',#10719,1.);
#1377=VECTOR('',#10720,1.);
#1378=VECTOR('',#10721,1.);
#1379=VECTOR('',#10724,1.);
#1380=VECTOR('',#10725,1.);
#1381=VECTOR('',#10726,1.);
#1382=VECTOR('',#10727,1.);
#1383=VECTOR('',#10728,1.);
#1384=VECTOR('',#10729,1.);
#1385=VECTOR('',#10740,1.);
#1386=VECTOR('',#10741,1.);
#1387=VECTOR('',#10742,1.);
#1388=VECTOR('',#10743,1.);
#1389=VECTOR('',#10744,1.);
#1390=VECTOR('',#10745,1.);
#1391=VECTOR('',#10746,1.);
#1392=VECTOR('',#10747,1.);
#1393=VECTOR('',#10748,1.);
#1394=VECTOR('',#10749,1.);
#1395=VECTOR('',#10750,1.);
#1396=VECTOR('',#10751,1.);
#1397=VECTOR('',#10752,1.);
#1398=VECTOR('',#10753,1.);
#1399=VECTOR('',#10754,1.);
#1400=VECTOR('',#10755,1.);
#1401=VECTOR('',#10756,1.);
#1402=VECTOR('',#10757,1.);
#1403=VECTOR('',#10758,1.);
#1404=VECTOR('',#10759,1.);
#1405=VECTOR('',#10760,1.);
#1406=VECTOR('',#10761,1.);
#1407=VECTOR('',#10762,1.);
#1408=VECTOR('',#10763,1.);
#1409=VECTOR('',#10766,1.);
#1410=VECTOR('',#10767,1.);
#1411=VECTOR('',#10768,1.);
#1412=VECTOR('',#10769,1.);
#1413=VECTOR('',#10772,1.);
#1414=VECTOR('',#10773,1.);
#1415=VECTOR('',#10774,1.);
#1416=VECTOR('',#10775,1.);
#1417=VECTOR('',#10778,1.);
#1418=VECTOR('',#10779,1.);
#1419=VECTOR('',#10780,1.);
#1420=VECTOR('',#10781,1.);
#1421=VECTOR('',#10782,1.);
#1422=VECTOR('',#10785,1.);
#1423=VECTOR('',#10786,1.);
#1424=VECTOR('',#10787,1.);
#1425=VECTOR('',#10788,1.);
#1426=VECTOR('',#10789,1.);
#1427=VECTOR('',#10792,1.);
#1428=VECTOR('',#10793,1.);
#1429=VECTOR('',#10794,1.);
#1430=VECTOR('',#10795,1.);
#1431=VECTOR('',#10796,1.);
#1432=VECTOR('',#10799,1.);
#1433=VECTOR('',#10800,1.);
#1434=VECTOR('',#10801,1.);
#1435=VECTOR('',#10802,1.);
#1436=VECTOR('',#10803,1.);
#1437=VECTOR('',#10814,1.);
#1438=VECTOR('',#10815,1.);
#1439=VECTOR('',#10818,1.);
#1440=VECTOR('',#10821,1.);
#1441=VECTOR('',#10824,1.);
#1442=VECTOR('',#10827,1.);
#1443=VECTOR('',#10830,1.);
#1444=VECTOR('',#10833,1.);
#1445=VECTOR('',#10844,1.);
#1446=VECTOR('',#10845,1.);
#1447=VECTOR('',#10846,1.);
#1448=VECTOR('',#10847,1.);
#1449=VECTOR('',#10848,1.);
#1450=VECTOR('',#10849,1.);
#1451=VECTOR('',#10850,1.);
#1452=VECTOR('',#10851,1.);
#1453=VECTOR('',#10854,1.);
#1454=VECTOR('',#10857,1.);
#1455=VECTOR('',#10862,1.);
#1456=VECTOR('',#10863,1.);
#1457=VECTOR('',#10864,1.);
#1458=VECTOR('',#10865,1.);
#1459=VECTOR('',#10868,1.);
#1460=VECTOR('',#10869,1.);
#1461=VECTOR('',#10870,1.);
#1462=VECTOR('',#10873,1.);
#1463=VECTOR('',#10874,1.);
#1464=VECTOR('',#10875,1.);
#1465=VECTOR('',#10878,1.);
#1466=VECTOR('',#10879,1.);
#1467=VECTOR('',#10880,1.);
#1468=VECTOR('',#10883,1.);
#1469=VECTOR('',#10884,1.);
#1470=VECTOR('',#10885,1.);
#1471=VECTOR('',#10888,1.);
#1472=VECTOR('',#10889,1.);
#1473=VECTOR('',#10890,1.);
#1474=VECTOR('',#10893,1.);
#1475=VECTOR('',#10894,1.);
#1476=VECTOR('',#10897,1.);
#1477=VECTOR('',#10898,1.);
#1478=VECTOR('',#10899,1.);
#1479=VECTOR('',#10902,1.);
#1480=VECTOR('',#10903,1.);
#1481=VECTOR('',#10904,1.);
#1482=VECTOR('',#10905,1.);
#1483=VECTOR('',#10908,1.);
#1484=VECTOR('',#10909,1.);
#1485=VECTOR('',#10912,1.);
#1486=VECTOR('',#10913,1.);
#1487=VECTOR('',#10914,1.);
#1488=VECTOR('',#10915,1.);
#1489=VECTOR('',#10916,1.);
#1490=VECTOR('',#10919,1.);
#1491=VECTOR('',#10920,1.);
#1492=VECTOR('',#10921,1.);
#1493=VECTOR('',#10924,1.);
#1494=VECTOR('',#10925,1.);
#1495=VECTOR('',#10926,1.);
#1496=VECTOR('',#10929,1.);
#1497=VECTOR('',#10934,1.);
#1498=VECTOR('',#10935,1.);
#1499=VECTOR('',#10936,1.);
#1500=VECTOR('',#10937,1.);
#1501=VECTOR('',#10940,1.);
#1502=VECTOR('',#10941,1.);
#1503=VECTOR('',#10942,1.);
#1504=VECTOR('',#10945,1.);
#1505=VECTOR('',#10946,1.);
#1506=VECTOR('',#10947,1.);
#1507=VECTOR('',#10950,1.);
#1508=VECTOR('',#10951,1.);
#1509=VECTOR('',#10952,1.);
#1510=VECTOR('',#10955,1.);
#1511=VECTOR('',#10956,1.);
#1512=VECTOR('',#10957,1.);
#1513=VECTOR('',#10960,1.);
#1514=VECTOR('',#10961,1.);
#1515=VECTOR('',#10962,1.);
#1516=VECTOR('',#10965,1.);
#1517=VECTOR('',#10966,1.);
#1518=VECTOR('',#10969,1.);
#1519=VECTOR('',#10970,1.);
#1520=VECTOR('',#10971,1.);
#1521=VECTOR('',#10974,1.);
#1522=VECTOR('',#10975,1.);
#1523=VECTOR('',#10976,1.);
#1524=VECTOR('',#10977,1.);
#1525=VECTOR('',#10980,1.);
#1526=VECTOR('',#10981,1.);
#1527=VECTOR('',#10984,1.);
#1528=VECTOR('',#10985,1.);
#1529=VECTOR('',#10986,1.);
#1530=VECTOR('',#10987,1.);
#1531=VECTOR('',#10988,1.);
#1532=VECTOR('',#10991,1.);
#1533=VECTOR('',#10992,1.);
#1534=VECTOR('',#10993,1.);
#1535=VECTOR('',#10996,1.);
#1536=VECTOR('',#10997,1.);
#1537=VECTOR('',#10998,1.);
#1538=VECTOR('',#11001,1.);
#1539=VECTOR('',#11082,1.);
#1540=VECTOR('',#11085,1.);
#1541=VECTOR('',#11086,1.);
#1542=VECTOR('',#11091,1.);
#1543=VECTOR('',#11094,1.);
#1544=VECTOR('',#11095,1.);
#1545=VECTOR('',#11100,1.);
#1546=VECTOR('',#11103,1.);
#1547=VECTOR('',#11104,1.);
#1548=VECTOR('',#11109,1.);
#1549=VECTOR('',#11112,1.);
#1550=VECTOR('',#11113,1.);
#1551=VECTOR('',#11126,1.);
#1552=VECTOR('',#11127,1.);
#1553=VECTOR('',#11128,1.);
#1554=VECTOR('',#11131,1.);
#1555=VECTOR('',#11132,1.);
#1556=VECTOR('',#11133,1.);
#1557=VECTOR('',#11136,1.);
#1558=VECTOR('',#11137,1.);
#1559=VECTOR('',#11138,1.);
#1560=VECTOR('',#11139,1.);
#1561=VECTOR('',#11142,1.);
#1562=VECTOR('',#11143,1.);
#1563=VECTOR('',#11144,1.);
#1564=VECTOR('',#11147,1.);
#1565=VECTOR('',#11148,1.);
#1566=VECTOR('',#11149,1.);
#1567=VECTOR('',#11152,1.);
#1568=VECTOR('',#11153,1.);
#1569=VECTOR('',#11154,1.);
#1570=VECTOR('',#11155,1.);
#1571=VECTOR('',#11158,1.);
#1572=VECTOR('',#11161,1.);
#1573=VECTOR('',#11162,1.);
#1574=VECTOR('',#11165,1.);
#1575=VECTOR('',#11168,1.);
#1576=VECTOR('',#11169,1.);
#1577=VECTOR('',#11172,1.);
#1578=VECTOR('',#11175,1.);
#1579=VECTOR('',#11180,1.);
#1580=VECTOR('',#11183,1.);
#1581=VECTOR('',#11190,1.);
#1582=VECTOR('',#11191,1.);
#1583=VECTOR('',#11192,1.);
#1584=VECTOR('',#11193,1.);
#1585=VECTOR('',#11196,1.);
#1586=VECTOR('',#11197,1.);
#1587=VECTOR('',#11198,1.);
#1588=VECTOR('',#11199,1.);
#1589=VECTOR('',#11200,1.);
#1590=VECTOR('',#11201,1.);
#1591=VECTOR('',#11202,1.);
#1592=VECTOR('',#11205,1.);
#1593=VECTOR('',#11206,1.);
#1594=VECTOR('',#11207,1.);
#1595=VECTOR('',#11208,1.);
#1596=VECTOR('',#11209,1.);
#1597=VECTOR('',#11210,1.);
#1598=VECTOR('',#11213,1.);
#1599=VECTOR('',#11214,1.);
#1600=VECTOR('',#11215,1.);
#1601=VECTOR('',#11216,1.);
#1602=VECTOR('',#11217,1.);
#1603=VECTOR('',#11218,1.);
#1604=VECTOR('',#11221,1.);
#1605=VECTOR('',#11222,1.);
#1606=VECTOR('',#11223,1.);
#1607=VECTOR('',#11224,1.);
#1608=VECTOR('',#11225,1.);
#1609=VECTOR('',#11226,1.);
#1610=VECTOR('',#11229,1.);
#1611=VECTOR('',#11230,1.);
#1612=VECTOR('',#11231,1.);
#1613=VECTOR('',#11232,1.);
#1614=VECTOR('',#11233,1.);
#1615=VECTOR('',#11234,1.);
#1616=VECTOR('',#11237,1.);
#1617=VECTOR('',#11238,1.);
#1618=VECTOR('',#11239,1.);
#1619=VECTOR('',#11242,1.);
#1620=VECTOR('',#11243,1.);
#1621=VECTOR('',#11244,1.);
#1622=VECTOR('',#11247,1.);
#1623=VECTOR('',#11248,1.);
#1624=VECTOR('',#11249,1.);
#1625=VECTOR('',#11250,1.);
#1626=VECTOR('',#11251,1.);
#1627=VECTOR('',#11252,1.);
#1628=VECTOR('',#11253,1.);
#1629=VECTOR('',#11256,1.);
#1630=VECTOR('',#11257,1.);
#1631=VECTOR('',#11258,1.);
#1632=VECTOR('',#11261,1.);
#1633=VECTOR('',#11262,1.);
#1634=VECTOR('',#11263,1.);
#1635=VECTOR('',#11264,1.);
#1636=VECTOR('',#11267,1.);
#1637=VECTOR('',#11268,1.);
#1638=VECTOR('',#11269,1.);
#1639=VECTOR('',#11270,1.);
#1640=VECTOR('',#11273,1.);
#1641=VECTOR('',#11274,1.);
#1642=VECTOR('',#11277,1.);
#1643=VECTOR('',#11278,1.);
#1644=VECTOR('',#11279,1.);
#1645=VECTOR('',#11280,1.);
#1646=VECTOR('',#11281,1.);
#1647=VECTOR('',#11284,1.);
#1648=VECTOR('',#11287,1.);
#1649=VECTOR('',#11290,1.);
#1650=VECTOR('',#11291,1.);
#1651=VECTOR('',#11292,1.);
#1652=VECTOR('',#11293,1.);
#1653=VECTOR('',#11296,1.);
#1654=VECTOR('',#11297,1.);
#1655=VECTOR('',#11298,1.);
#1656=VECTOR('',#11299,1.);
#1657=VECTOR('',#11302,1.);
#1658=VECTOR('',#11305,1.);
#1659=VECTOR('',#11308,1.);
#1660=VECTOR('',#11313,1.);
#1661=VECTOR('',#11314,1.);
#1662=VECTOR('',#11315,1.);
#1663=VECTOR('',#11316,1.);
#1664=VECTOR('',#11317,1.);
#1665=VECTOR('',#11318,1.);
#1666=VECTOR('',#11319,1.);
#1667=VECTOR('',#11320,1.);
#1668=VECTOR('',#11321,1.);
#1669=VECTOR('',#11322,1.);
#1670=VECTOR('',#11323,1.);
#1671=VECTOR('',#11324,1.);
#1672=VECTOR('',#11325,1.);
#1673=VECTOR('',#11326,1.);
#1674=VECTOR('',#11327,1.);
#1675=VECTOR('',#11328,1.);
#1676=VECTOR('',#11329,1.);
#1677=VECTOR('',#11330,1.);
#1678=VECTOR('',#11337,1.);
#1679=VECTOR('',#11338,1.);
#1680=VECTOR('',#11339,1.);
#1681=VECTOR('',#11342,1.);
#1682=VECTOR('',#11343,1.);
#1683=VECTOR('',#11346,1.);
#1684=VECTOR('',#11347,1.);
#1685=VECTOR('',#11348,1.);
#1686=VECTOR('',#11349,1.);
#1687=VECTOR('',#11350,1.);
#1688=VECTOR('',#11351,1.);
#1689=VECTOR('',#11352,1.);
#1690=VECTOR('',#11355,1.);
#1691=VECTOR('',#11356,1.);
#1692=VECTOR('',#11359,1.);
#1693=VECTOR('',#11360,1.);
#1694=VECTOR('',#11361,1.);
#1695=VECTOR('',#11364,1.);
#1696=VECTOR('',#11365,1.);
#1697=VECTOR('',#11366,1.);
#1698=VECTOR('',#11369,1.);
#1699=VECTOR('',#11372,1.);
#1700=VECTOR('',#11373,1.);
#1701=VECTOR('',#11374,1.);
#1702=VECTOR('',#11375,1.);
#1703=VECTOR('',#11376,1.);
#1704=VECTOR('',#11381,1.);
#1705=VECTOR('',#11384,1.);
#1706=VECTOR('',#11385,1.);
#1707=VECTOR('',#11386,1.);
#1708=VECTOR('',#11387,1.);
#1709=VECTOR('',#11390,1.);
#1710=VECTOR('',#11391,1.);
#1711=VECTOR('',#11392,1.);
#1712=VECTOR('',#11393,1.);
#1713=VECTOR('',#11396,1.);
#1714=VECTOR('',#11399,1.);
#1715=VECTOR('',#11402,1.);
#1716=VECTOR('',#11407,1.);
#1717=VECTOR('',#11408,1.);
#1718=VECTOR('',#11409,1.);
#1719=VECTOR('',#11410,1.);
#1720=VECTOR('',#11413,1.);
#1721=VECTOR('',#11414,1.);
#1722=VECTOR('',#11415,1.);
#1723=VECTOR('',#11416,1.);
#1724=VECTOR('',#11419,1.);
#1725=VECTOR('',#11420,1.);
#1726=VECTOR('',#11421,1.);
#1727=VECTOR('',#11422,1.);
#1728=VECTOR('',#11423,1.);
#1729=VECTOR('',#11426,1.);
#1730=VECTOR('',#11427,1.);
#1731=VECTOR('',#11428,1.);
#1732=VECTOR('',#11429,1.);
#1733=VECTOR('',#11430,1.);
#1734=VECTOR('',#11431,1.);
#1735=VECTOR('',#11432,1.);
#1736=VECTOR('',#11433,1.);
#1737=VECTOR('',#11436,1.);
#1738=VECTOR('',#11437,1.);
#1739=VECTOR('',#11438,1.);
#1740=VECTOR('',#11439,1.);
#1741=VECTOR('',#11442,1.);
#1742=VECTOR('',#11443,1.);
#1743=VECTOR('',#11448,1.);
#1744=VECTOR('',#11449,1.);
#1745=VECTOR('',#11450,1.);
#1746=VECTOR('',#11451,1.);
#1747=VECTOR('',#11454,1.);
#1748=VECTOR('',#11455,1.);
#1749=VECTOR('',#11456,1.);
#1750=VECTOR('',#11457,1.);
#1751=VECTOR('',#11464,1.);
#1752=VECTOR('',#11491,1.);
#1753=VECTOR('',#11502,1.);
#1754=VECTOR('',#11513,1.);
#1755=VECTOR('',#11514,1.);
#1756=VECTOR('',#11517,1.);
#1757=VECTOR('',#11518,1.);
#1758=VECTOR('',#11521,1.);
#1759=VECTOR('',#11524,1.);
#1760=VECTOR('',#11527,1.);
#1761=VECTOR('',#11530,1.);
#1762=VECTOR('',#11533,1.);
#1763=VECTOR('',#11536,1.);
#1764=VECTOR('',#11539,1.);
#1765=VECTOR('',#11544,1.);
#1766=VECTOR('',#11547,1.);
#1767=VECTOR('',#11550,1.);
#1768=VECTOR('',#11553,1.);
#1769=VECTOR('',#11556,1.);
#1770=VECTOR('',#11559,1.);
#1771=VECTOR('',#11564,1.);
#1772=VECTOR('',#11565,1.);
#1773=VECTOR('',#11566,1.);
#1774=VECTOR('',#11569,1.);
#1775=VECTOR('',#11570,1.);
#1776=VECTOR('',#11573,1.);
#1777=VECTOR('',#11574,1.);
#1778=VECTOR('',#11577,1.);
#1779=VECTOR('',#11580,1.);
#1780=VECTOR('',#11581,1.);
#1781=VECTOR('',#11582,1.);
#1782=VECTOR('',#11585,1.);
#1783=VECTOR('',#11586,1.);
#1784=VECTOR('',#11589,1.);
#1785=VECTOR('',#11590,1.);
#1786=VECTOR('',#11591,1.);
#1787=VECTOR('',#11592,1.);
#1788=VECTOR('',#11593,1.);
#1789=VECTOR('',#11594,1.);
#1790=VECTOR('',#11597,1.);
#1791=VECTOR('',#11598,1.);
#1792=VECTOR('',#11601,1.);
#1793=VECTOR('',#11602,1.);
#1794=VECTOR('',#11603,1.);
#1795=VECTOR('',#11604,1.);
#1796=VECTOR('',#11605,1.);
#1797=VECTOR('',#11606,1.);
#1798=VECTOR('',#11609,1.);
#1799=VECTOR('',#11610,1.);
#1800=VECTOR('',#11611,1.);
#1801=VECTOR('',#11614,1.);
#1802=VECTOR('',#11615,1.);
#1803=VECTOR('',#11618,1.);
#1804=VECTOR('',#11619,1.);
#1805=VECTOR('',#11620,1.);
#1806=VECTOR('',#11621,1.);
#1807=VECTOR('',#11624,1.);
#1808=VECTOR('',#11625,1.);
#1809=VECTOR('',#11626,1.);
#1810=VECTOR('',#11629,1.);
#1811=VECTOR('',#11630,1.);
#1812=VECTOR('',#11631,1.);
#1813=VECTOR('',#11632,1.);
#1814=VECTOR('',#11633,1.);
#1815=VECTOR('',#11634,1.);
#1816=VECTOR('',#11637,1.);
#1817=VECTOR('',#11638,1.);
#1818=VECTOR('',#11641,1.);
#1819=VECTOR('',#11642,1.);
#1820=VECTOR('',#11643,1.);
#1821=VECTOR('',#11644,1.);
#1822=VECTOR('',#11647,1.);
#1823=VECTOR('',#11648,1.);
#1824=VECTOR('',#11649,1.);
#1825=VECTOR('',#11650,1.);
#1826=VECTOR('',#11651,1.);
#1827=VECTOR('',#11654,1.);
#1828=VECTOR('',#11655,1.);
#1829=VECTOR('',#11658,1.);
#1830=VECTOR('',#11659,1.);
#1831=VECTOR('',#11660,1.);
#1832=VECTOR('',#11661,1.);
#1833=VECTOR('',#11664,1.);
#1834=VECTOR('',#11665,1.);
#1835=VECTOR('',#11666,1.);
#1836=VECTOR('',#11713,1.);
#1837=VECTOR('',#11714,1.);
#1838=VECTOR('',#11715,1.);
#1839=VECTOR('',#11718,1.);
#1840=VECTOR('',#11721,1.);
#1841=VECTOR('',#11722,1.);
#1842=VECTOR('',#11723,1.);
#1843=VECTOR('',#11724,1.);
#1844=VECTOR('',#11725,1.);
#1845=VECTOR('',#11726,1.);
#1846=VECTOR('',#11727,1.);
#1847=VECTOR('',#11728,1.);
#1848=VECTOR('',#11729,1.);
#1849=VECTOR('',#11730,1.);
#1850=VECTOR('',#11731,1.);
#1851=VECTOR('',#11732,1.);
#1852=VECTOR('',#11733,1.);
#1853=VECTOR('',#11734,1.);
#1854=VECTOR('',#11739,1.);
#1855=VECTOR('',#11742,1.);
#1856=VECTOR('',#11743,1.);
#1857=VECTOR('',#11746,1.);
#1858=VECTOR('',#11747,1.);
#1859=VECTOR('',#11750,1.);
#1860=VECTOR('',#11753,1.);
#1861=VECTOR('',#11756,1.);
#1862=VECTOR('',#11759,1.);
#1863=VECTOR('',#11762,1.);
#1864=VECTOR('',#11765,1.);
#1865=VECTOR('',#11774,1.);
#1866=VECTOR('',#11779,1.);
#1867=VECTOR('',#11780,1.);
#1868=VECTOR('',#11781,1.);
#1869=VECTOR('',#11782,1.);
#1870=VECTOR('',#11785,1.);
#1871=VECTOR('',#11786,1.);
#1872=VECTOR('',#11789,1.);
#1873=VECTOR('',#11790,1.);
#1874=VECTOR('',#11793,1.);
#1875=VECTOR('',#11798,1.);
#1876=VECTOR('',#11799,1.);
#1877=VECTOR('',#11800,1.);
#1878=VECTOR('',#11803,1.);
#1879=VECTOR('',#11804,1.);
#1880=VECTOR('',#11805,1.);
#1881=VECTOR('',#11806,1.);
#1882=VECTOR('',#11809,1.);
#1883=VECTOR('',#11810,1.);
#1884=VECTOR('',#11811,1.);
#1885=VECTOR('',#11812,1.);
#1886=VECTOR('',#11815,1.);
#1887=VECTOR('',#11816,1.);
#1888=VECTOR('',#11819,1.);
#1889=VECTOR('',#11820,1.);
#1890=VECTOR('',#11821,1.);
#1891=VECTOR('',#11824,1.);
#1892=VECTOR('',#11825,1.);
#1893=VECTOR('',#11826,1.);
#1894=VECTOR('',#11831,1.);
#1895=VECTOR('',#11836,1.);
#1896=VECTOR('',#11837,1.);
#1897=VECTOR('',#11838,1.);
#1898=VECTOR('',#11839,1.);
#1899=VECTOR('',#11842,1.);
#1900=VECTOR('',#11843,1.);
#1901=VECTOR('',#11844,1.);
#1902=VECTOR('',#11845,1.);
#1903=VECTOR('',#11848,1.);
#1904=VECTOR('',#11849,1.);
#1905=VECTOR('',#11850,1.);
#1906=VECTOR('',#11853,1.);
#1907=VECTOR('',#11854,1.);
#1908=VECTOR('',#11855,1.);
#1909=VECTOR('',#11856,1.);
#1910=VECTOR('',#11859,1.);
#1911=VECTOR('',#11860,1.);
#1912=VECTOR('',#11863,1.);
#1913=VECTOR('',#11864,1.);
#1914=VECTOR('',#11865,1.);
#1915=VECTOR('',#11874,1.);
#1916=VECTOR('',#11875,1.);
#1917=VECTOR('',#11876,1.);
#1918=VECTOR('',#11877,1.);
#1919=VECTOR('',#11880,1.);
#1920=VECTOR('',#11881,1.);
#1921=VECTOR('',#11882,1.);
#1922=VECTOR('',#11885,1.);
#1923=VECTOR('',#11888,1.);
#1924=VECTOR('',#11913,1.);
#1925=VECTOR('',#11914,1.);
#1926=VECTOR('',#11915,1.);
#1927=VECTOR('',#11916,1.);
#1928=VECTOR('',#11919,1.);
#1929=VECTOR('',#11920,1.);
#1930=VECTOR('',#11921,1.);
#1931=VECTOR('',#11924,1.);
#1932=VECTOR('',#11925,1.);
#1933=VECTOR('',#11926,1.);
#1934=VECTOR('',#11929,1.);
#1935=VECTOR('',#11930,1.);
#1936=VECTOR('',#11947,1.);
#1937=VECTOR('',#11948,1.);
#1938=VECTOR('',#11949,1.);
#1939=VECTOR('',#11950,1.);
#1940=VECTOR('',#11953,1.);
#1941=VECTOR('',#11954,1.);
#1942=VECTOR('',#11955,1.);
#1943=VECTOR('',#11958,1.);
#1944=VECTOR('',#11959,1.);
#1945=VECTOR('',#11960,1.);
#1946=VECTOR('',#11963,1.);
#1947=VECTOR('',#11964,1.);
#1948=VECTOR('',#11981,1.);
#1949=VECTOR('',#11982,1.);
#1950=VECTOR('',#11983,1.);
#1951=VECTOR('',#11984,1.);
#1952=VECTOR('',#11987,1.);
#1953=VECTOR('',#11988,1.);
#1954=VECTOR('',#11989,1.);
#1955=VECTOR('',#11992,1.);
#1956=VECTOR('',#11993,1.);
#1957=VECTOR('',#11994,1.);
#1958=VECTOR('',#11997,1.);
#1959=VECTOR('',#11998,1.);
#1960=VECTOR('',#12019,1.);
#1961=VECTOR('',#12022,1.);
#1962=VECTOR('',#12025,1.);
#1963=VECTOR('',#12028,1.);
#1964=VECTOR('',#12031,1.);
#1965=VECTOR('',#12034,1.);
#1966=VECTOR('',#12037,1.);
#1967=VECTOR('',#12040,1.);
#1968=VECTOR('',#12043,1.);
#1969=VECTOR('',#12046,1.);
#1970=VECTOR('',#12049,1.);
#1971=VECTOR('',#12052,1.);
#1972=VECTOR('',#12057,1.);
#1973=VECTOR('',#12060,1.);
#1974=VECTOR('',#12065,1.);
#1975=VECTOR('',#12068,1.);
#1976=VECTOR('',#12073,1.);
#1977=VECTOR('',#12076,1.);
#1978=VECTOR('',#12083,1.);
#1979=VECTOR('',#12086,1.);
#1980=VECTOR('',#12091,1.);
#1981=VECTOR('',#12092,1.);
#1982=VECTOR('',#12093,1.);
#1983=VECTOR('',#12094,1.);
#1984=VECTOR('',#12099,1.);
#1985=VECTOR('',#12104,1.);
#1986=VECTOR('',#12105,1.);
#1987=VECTOR('',#12106,1.);
#1988=VECTOR('',#12119,1.);
#1989=VECTOR('',#12120,1.);
#1990=VECTOR('',#12121,1.);
#1991=VECTOR('',#12124,1.);
#1992=VECTOR('',#12125,1.);
#1993=VECTOR('',#12126,1.);
#1994=VECTOR('',#12131,1.);
#1995=VECTOR('',#12132,1.);
#1996=VECTOR('',#12145,1.);
#1997=VECTOR('',#12152,1.);
#1998=VECTOR('',#12157,1.);
#1999=VECTOR('',#12158,1.);
#2000=VECTOR('',#12159,1.);
#2001=VECTOR('',#12162,1.);
#2002=VECTOR('',#12163,1.);
#2003=VECTOR('',#12168,1.);
#2004=VECTOR('',#12169,1.);
#2005=VECTOR('',#12182,1.);
#2006=VECTOR('',#12187,1.);
#2007=VECTOR('',#12188,1.);
#2008=VECTOR('',#12191,1.);
#2009=VECTOR('',#12192,1.);
#2010=VECTOR('',#12193,1.);
#2011=VECTOR('',#12196,1.);
#2012=VECTOR('',#12199,1.);
#2013=VECTOR('',#12212,1.);
#2014=VECTOR('',#12217,1.);
#2015=VECTOR('',#12218,1.);
#2016=VECTOR('',#12219,1.);
#2017=VECTOR('',#12222,1.);
#2018=VECTOR('',#12223,1.);
#2019=VECTOR('',#12224,1.);
#2020=VECTOR('',#12229,1.);
#2021=VECTOR('',#12230,1.);
#2022=VECTOR('',#12253,1.);
#2023=VECTOR('',#12256,1.);
#2024=VECTOR('',#12257,1.);
#2025=VECTOR('',#12260,1.);
#2026=VECTOR('',#12261,1.);
#2027=VECTOR('',#12264,1.);
#2028=VECTOR('',#12267,1.);
#2029=VECTOR('',#12330,1.);
#2030=VECTOR('',#12333,1.);
#2031=VECTOR('',#12338,1.);
#2032=VECTOR('',#12341,1.);
#2033=VECTOR('',#12346,1.);
#2034=VECTOR('',#12349,1.);
#2035=VECTOR('',#12354,1.);
#2036=VECTOR('',#12357,1.);
#2037=VECTOR('',#12366,1.);
#2038=VECTOR('',#12369,1.);
#2039=VECTOR('',#12372,1.);
#2040=VECTOR('',#12375,1.);
#2041=VECTOR('',#12378,1.);
#2042=VECTOR('',#12381,1.);
#2043=VECTOR('',#12384,1.);
#2044=VECTOR('',#12387,1.);
#2045=VECTOR('',#12390,1.);
#2046=VECTOR('',#12393,1.);
#2047=VECTOR('',#12398,1.);
#2048=VECTOR('',#12401,1.);
#2049=VECTOR('',#12406,1.);
#2050=VECTOR('',#12407,1.);
#2051=VECTOR('',#12408,1.);
#2052=VECTOR('',#12409,1.);
#2053=VECTOR('',#12414,1.);
#2054=VECTOR('',#12419,1.);
#2055=VECTOR('',#12420,1.);
#2056=VECTOR('',#12421,1.);
#2057=VECTOR('',#12434,1.);
#2058=VECTOR('',#12435,1.);
#2059=VECTOR('',#12436,1.);
#2060=VECTOR('',#12439,1.);
#2061=VECTOR('',#12440,1.);
#2062=VECTOR('',#12441,1.);
#2063=VECTOR('',#12446,1.);
#2064=VECTOR('',#12447,1.);
#2065=VECTOR('',#12460,1.);
#2066=VECTOR('',#12467,1.);
#2067=VECTOR('',#12472,1.);
#2068=VECTOR('',#12473,1.);
#2069=VECTOR('',#12474,1.);
#2070=VECTOR('',#12477,1.);
#2071=VECTOR('',#12478,1.);
#2072=VECTOR('',#12483,1.);
#2073=VECTOR('',#12484,1.);
#2074=VECTOR('',#12497,1.);
#2075=VECTOR('',#12502,1.);
#2076=VECTOR('',#12503,1.);
#2077=VECTOR('',#12506,1.);
#2078=VECTOR('',#12507,1.);
#2079=VECTOR('',#12508,1.);
#2080=VECTOR('',#12511,1.);
#2081=VECTOR('',#12514,1.);
#2082=VECTOR('',#12527,1.);
#2083=VECTOR('',#12532,1.);
#2084=VECTOR('',#12533,1.);
#2085=VECTOR('',#12534,1.);
#2086=VECTOR('',#12537,1.);
#2087=VECTOR('',#12538,1.);
#2088=VECTOR('',#12539,1.);
#2089=VECTOR('',#12544,1.);
#2090=VECTOR('',#12545,1.);
#2091=VECTOR('',#12568,1.);
#2092=VECTOR('',#12571,1.);
#2093=VECTOR('',#12572,1.);
#2094=VECTOR('',#12575,1.);
#2095=VECTOR('',#12576,1.);
#2096=VECTOR('',#12579,1.);
#2097=VECTOR('',#12582,1.);
#2098=VECTOR('',#12629,1.);
#2099=VECTOR('',#12632,1.);
#2100=VECTOR('',#12635,1.);
#2101=VECTOR('',#12638,1.);
#2102=VECTOR('',#12641,1.);
#2103=VECTOR('',#12644,1.);
#2104=VECTOR('',#12647,1.);
#2105=VECTOR('',#12650,1.);
#2106=VECTOR('',#12653,1.);
#2107=VECTOR('',#12656,1.);
#2108=VECTOR('',#12661,1.);
#2109=VECTOR('',#12662,1.);
#2110=VECTOR('',#12667,1.);
#2111=VECTOR('',#12668,1.);
#2112=VECTOR('',#12671,1.);
#2113=VECTOR('',#12672,1.);
#2114=VECTOR('',#12675,1.);
#2115=VECTOR('',#12676,1.);
#2116=VECTOR('',#12679,1.);
#2117=VECTOR('',#12680,1.);
#2118=VECTOR('',#12685,1.);
#2119=VECTOR('',#12686,1.);
#2120=VECTOR('',#12687,1.);
#2121=VECTOR('',#12688,1.);
#2122=VECTOR('',#12693,1.);
#2123=VECTOR('',#12698,1.);
#2124=VECTOR('',#12699,1.);
#2125=VECTOR('',#12700,1.);
#2126=VECTOR('',#12713,1.);
#2127=VECTOR('',#12714,1.);
#2128=VECTOR('',#12715,1.);
#2129=VECTOR('',#12718,1.);
#2130=VECTOR('',#12719,1.);
#2131=VECTOR('',#12720,1.);
#2132=VECTOR('',#12725,1.);
#2133=VECTOR('',#12726,1.);
#2134=VECTOR('',#12739,1.);
#2135=VECTOR('',#12746,1.);
#2136=VECTOR('',#12751,1.);
#2137=VECTOR('',#12752,1.);
#2138=VECTOR('',#12753,1.);
#2139=VECTOR('',#12756,1.);
#2140=VECTOR('',#12757,1.);
#2141=VECTOR('',#12762,1.);
#2142=VECTOR('',#12763,1.);
#2143=VECTOR('',#12776,1.);
#2144=VECTOR('',#12781,1.);
#2145=VECTOR('',#12782,1.);
#2146=VECTOR('',#12785,1.);
#2147=VECTOR('',#12786,1.);
#2148=VECTOR('',#12787,1.);
#2149=VECTOR('',#12790,1.);
#2150=VECTOR('',#12793,1.);
#2151=VECTOR('',#12806,1.);
#2152=VECTOR('',#12811,1.);
#2153=VECTOR('',#12812,1.);
#2154=VECTOR('',#12813,1.);
#2155=VECTOR('',#12816,1.);
#2156=VECTOR('',#12817,1.);
#2157=VECTOR('',#12818,1.);
#2158=VECTOR('',#12823,1.);
#2159=VECTOR('',#12824,1.);
#2160=VECTOR('',#12847,1.);
#2161=VECTOR('',#12850,1.);
#2162=VECTOR('',#12851,1.);
#2163=VECTOR('',#12854,1.);
#2164=VECTOR('',#12855,1.);
#2165=VECTOR('',#12858,1.);
#2166=VECTOR('',#12861,1.);
#2167=VECTOR('',#12920,1.);
#2168=VECTOR('',#12921,1.);
#2169=VECTOR('',#12922,1.);
#2170=VECTOR('',#12923,1.);
#2171=VECTOR('',#12926,1.);
#2172=VECTOR('',#12927,1.);
#2173=VECTOR('',#12928,1.);
#2174=VECTOR('',#12931,1.);
#2175=VECTOR('',#12932,1.);
#2176=VECTOR('',#12933,1.);
#2177=VECTOR('',#12936,1.);
#2178=VECTOR('',#12937,1.);
#2179=CIRCLE('',#9629,0.004);
#2180=CIRCLE('',#9630,0.004);
#2181=CIRCLE('',#9631,0.004);
#2182=CIRCLE('',#9632,0.004);
#2183=CIRCLE('',#9633,0.004);
#2184=CIRCLE('',#9634,0.004);
#2185=CIRCLE('',#9635,0.004);
#2186=CIRCLE('',#9636,0.004);
#2187=CIRCLE('',#9637,0.004);
#2188=CIRCLE('',#9638,0.004);
#2189=CIRCLE('',#9639,0.004);
#2190=CIRCLE('',#9641,0.011);
#2191=CIRCLE('',#9642,0.0005);
#2192=CIRCLE('',#9643,0.011);
#2193=CIRCLE('',#9644,0.011);
#2194=CIRCLE('',#9645,0.011);
#2195=CIRCLE('',#9646,0.0109999999999998);
#2196=CIRCLE('',#9649,0.00265);
#2197=CIRCLE('',#9650,0.00265);
#2198=CIRCLE('',#9653,0.00265);
#2199=CIRCLE('',#9654,0.00265);
#2200=CIRCLE('',#9660,0.011);
#2201=CIRCLE('',#9666,0.0109999999999998);
#2202=CIRCLE('',#9667,0.0109999999999998);
#2203=CIRCLE('',#9669,0.0109999999999998);
#2204=CIRCLE('',#9670,0.0109999999999998);
#2205=CIRCLE('',#9674,0.011);
#2206=CIRCLE('',#9680,0.0109999999999998);
#2207=CIRCLE('',#9681,0.0109999999999998);
#2208=CIRCLE('',#9685,0.011);
#2209=CIRCLE('',#9691,0.0109999999999998);
#2210=CIRCLE('',#9692,0.0109999999999998);
#2211=CIRCLE('',#9696,0.011);
#2212=CIRCLE('',#9697,0.0005);
#2213=CIRCLE('',#9706,0.0109999999999998);
#2214=CIRCLE('',#9707,0.0109999999999998);
#2215=CIRCLE('',#9711,0.0109999999999998);
#2216=CIRCLE('',#9717,0.015);
#2217=CIRCLE('',#9718,0.015);
#2218=CIRCLE('',#9725,0.004);
#2219=CIRCLE('',#9726,0.006);
#2220=CIRCLE('',#9727,0.004);
#2221=CIRCLE('',#9728,0.006);
#2222=CIRCLE('',#9736,0.005);
#2223=CIRCLE('',#9737,0.005);
#2224=CIRCLE('',#9738,0.005);
#2225=CIRCLE('',#9739,0.005);
#2226=CIRCLE('',#9747,0.004);
#2227=CIRCLE('',#9749,0.004);
#2228=CIRCLE('',#9785,0.005);
#2229=CIRCLE('',#9787,0.004);
#2230=CIRCLE('',#9789,0.005);
#2231=CIRCLE('',#9791,0.004);
#2232=CIRCLE('',#9793,0.005);
#2233=CIRCLE('',#9796,0.005);
#2234=CIRCLE('',#9799,0.004);
#2235=CIRCLE('',#9802,0.004);
#2236=CIRCLE('',#9805,0.006);
#2237=CIRCLE('',#9807,0.005);
#2238=CIRCLE('',#9808,0.004);
#2239=CIRCLE('',#9810,0.006);
#2240=CIRCLE('',#9812,0.005);
#2241=CIRCLE('',#9813,0.004);
#2242=CIRCLE('',#9815,0.003);
#2243=CIRCLE('',#9817,0.004);
#2244=CIRCLE('',#9819,0.003);
#2245=CIRCLE('',#9821,0.004);
#2246=CIRCLE('',#9878,0.004);
#2247=CIRCLE('',#9879,0.004);
#2248=CIRCLE('',#9907,0.004);
#2249=CIRCLE('',#9908,0.004);
#2250=CIRCLE('',#9909,0.004);
#2251=CIRCLE('',#9910,0.004);
#2252=CIRCLE('',#9911,0.004);
#2253=CIRCLE('',#9912,0.004);
#2254=CIRCLE('',#9916,0.004);
#2255=CIRCLE('',#9919,0.004);
#2256=CIRCLE('',#9924,0.004);
#2257=CIRCLE('',#9927,0.004);
#2258=CIRCLE('',#9968,0.002);
#2259=CIRCLE('',#9970,0.002);
#2260=CIRCLE('',#9972,0.002);
#2261=CIRCLE('',#9974,0.002);
#2262=CIRCLE('',#9976,0.002);
#2263=CIRCLE('',#9978,0.002);
#2264=CIRCLE('',#9980,0.002);
#2265=CIRCLE('',#9982,0.002);
#2266=CIRCLE('',#9984,0.006);
#2267=CIRCLE('',#9985,0.006);
#2268=CIRCLE('',#9987,0.006);
#2269=CIRCLE('',#9988,0.006);
#2270=CIRCLE('',#10037,0.0109999999999998);
#2271=CIRCLE('',#10038,0.0109999999999998);
#2272=CIRCLE('',#10040,0.015);
#2273=CIRCLE('',#10041,0.015);
#2274=CIRCLE('',#10050,0.00095);
#2275=CIRCLE('',#10053,0.00095);
#2276=CIRCLE('',#10061,0.00095);
#2277=CIRCLE('',#10064,0.00095);
#2278=CIRCLE('',#10072,0.00095);
#2279=CIRCLE('',#10075,0.00095);
#2280=CIRCLE('',#10079,0.004);
#2281=CIRCLE('',#10080,0.004);
#2282=CIRCLE('',#10081,0.004);
#2283=CIRCLE('',#10082,0.004);
#2284=CIRCLE('',#10083,0.004);
#2285=CIRCLE('',#10084,0.004);
#2286=CIRCLE('',#10085,0.004);
#2287=CIRCLE('',#10086,0.004);
#2288=CIRCLE('',#10087,0.004);
#2289=CIRCLE('',#10088,0.004);
#2290=CIRCLE('',#10089,0.004);
#2291=CIRCLE('',#10091,0.004);
#2292=CIRCLE('',#10092,0.011);
#2293=CIRCLE('',#10094,0.004);
#2294=CIRCLE('',#10095,0.011);
#2295=CIRCLE('',#10097,0.004);
#2296=CIRCLE('',#10098,0.011);
#2297=CIRCLE('',#10100,0.004);
#2298=CIRCLE('',#10101,0.011);
#2299=CIRCLE('',#10102,0.0005);
#2300=CIRCLE('',#10104,0.004);
#2301=CIRCLE('',#10105,0.0109999999999998);
#2302=CIRCLE('',#10108,0.00265);
#2303=CIRCLE('',#10109,0.00265);
#2304=CIRCLE('',#10112,0.00265);
#2305=CIRCLE('',#10113,0.00265);
#2306=CIRCLE('',#10119,0.011);
#2307=CIRCLE('',#10125,0.0109999999999998);
#2308=CIRCLE('',#10126,0.0109999999999998);
#2309=CIRCLE('',#10128,0.0109999999999998);
#2310=CIRCLE('',#10129,0.0109999999999998);
#2311=CIRCLE('',#10133,0.011);
#2312=CIRCLE('',#10139,0.0109999999999998);
#2313=CIRCLE('',#10140,0.0109999999999998);
#2314=CIRCLE('',#10144,0.011);
#2315=CIRCLE('',#10150,0.0109999999999998);
#2316=CIRCLE('',#10151,0.0109999999999998);
#2317=CIRCLE('',#10155,0.011);
#2318=CIRCLE('',#10156,0.0005);
#2319=CIRCLE('',#10165,0.0109999999999998);
#2320=CIRCLE('',#10166,0.0109999999999998);
#2321=CIRCLE('',#10170,0.0109999999999998);
#2322=CIRCLE('',#10176,0.015);
#2323=CIRCLE('',#10177,0.015);
#2324=CIRCLE('',#10181,0.004);
#2325=CIRCLE('',#10183,0.004);
#2326=CIRCLE('',#10185,0.004);
#2327=CIRCLE('',#10187,0.004);
#2328=CIRCLE('',#10189,0.004);
#2329=CIRCLE('',#10193,0.0109999999999998);
#2330=CIRCLE('',#10194,0.0109999999999998);
#2331=CIRCLE('',#10196,0.015);
#2332=CIRCLE('',#10197,0.015);
#2333=CIRCLE('',#10202,0.004);
#2334=CIRCLE('',#10203,0.011);
#2335=CIRCLE('',#10205,0.004);
#2336=CIRCLE('',#10206,0.011);
#2337=CIRCLE('',#10208,0.004);
#2338=CIRCLE('',#10209,0.011);
#2339=CIRCLE('',#10211,0.004);
#2340=CIRCLE('',#10212,0.011);
#2341=CIRCLE('',#10213,0.0005);
#2342=CIRCLE('',#10215,0.004);
#2343=CIRCLE('',#10216,0.004);
#2344=CIRCLE('',#10217,0.004);
#2345=CIRCLE('',#10218,0.004);
#2346=CIRCLE('',#10219,0.004);
#2347=CIRCLE('',#10220,0.004);
#2348=CIRCLE('',#10221,0.004);
#2349=CIRCLE('',#10222,0.004);
#2350=CIRCLE('',#10223,0.004);
#2351=CIRCLE('',#10224,0.004);
#2352=CIRCLE('',#10225,0.004);
#2353=CIRCLE('',#10227,0.004);
#2354=CIRCLE('',#10228,0.0109999999999998);
#2355=CIRCLE('',#10231,0.00265);
#2356=CIRCLE('',#10232,0.00265);
#2357=CIRCLE('',#10235,0.00265);
#2358=CIRCLE('',#10236,0.00265);
#2359=CIRCLE('',#10242,0.011);
#2360=CIRCLE('',#10248,0.0109999999999998);
#2361=CIRCLE('',#10249,0.0109999999999998);
#2362=CIRCLE('',#10251,0.0109999999999998);
#2363=CIRCLE('',#10252,0.0109999999999998);
#2364=CIRCLE('',#10256,0.011);
#2365=CIRCLE('',#10262,0.0109999999999998);
#2366=CIRCLE('',#10263,0.0109999999999998);
#2367=CIRCLE('',#10267,0.011);
#2368=CIRCLE('',#10273,0.0109999999999998);
#2369=CIRCLE('',#10274,0.0109999999999998);
#2370=CIRCLE('',#10278,0.011);
#2371=CIRCLE('',#10279,0.0005);
#2372=CIRCLE('',#10288,0.0109999999999998);
#2373=CIRCLE('',#10289,0.0109999999999998);
#2374=CIRCLE('',#10293,0.0109999999999998);
#2375=CIRCLE('',#10299,0.015);
#2376=CIRCLE('',#10300,0.015);
#2377=CIRCLE('',#10304,0.004);
#2378=CIRCLE('',#10306,0.004);
#2379=CIRCLE('',#10308,0.004);
#2380=CIRCLE('',#10310,0.004);
#2381=CIRCLE('',#10312,0.004);
#2382=CIRCLE('',#10316,0.004);
#2383=CIRCLE('',#10317,0.004);
#2384=CIRCLE('',#10318,0.004);
#2385=CIRCLE('',#10319,0.004);
#2386=CIRCLE('',#10320,0.004);
#2387=CIRCLE('',#10321,0.004);
#2388=CIRCLE('',#10322,0.004);
#2389=CIRCLE('',#10323,0.004);
#2390=CIRCLE('',#10324,0.004);
#2391=CIRCLE('',#10325,0.004);
#2392=CIRCLE('',#10326,0.004);
#2393=CIRCLE('',#10328,0.011);
#2394=CIRCLE('',#10329,0.0005);
#2395=CIRCLE('',#10330,0.011);
#2396=CIRCLE('',#10331,0.011);
#2397=CIRCLE('',#10332,0.011);
#2398=CIRCLE('',#10333,0.0109999999999998);
#2399=CIRCLE('',#10336,0.00265);
#2400=CIRCLE('',#10337,0.00265);
#2401=CIRCLE('',#10340,0.00265);
#2402=CIRCLE('',#10341,0.00265);
#2403=CIRCLE('',#10347,0.011);
#2404=CIRCLE('',#10353,0.0109999999999998);
#2405=CIRCLE('',#10354,0.0109999999999998);
#2406=CIRCLE('',#10356,0.0109999999999998);
#2407=CIRCLE('',#10357,0.0109999999999998);
#2408=CIRCLE('',#10361,0.011);
#2409=CIRCLE('',#10367,0.0109999999999998);
#2410=CIRCLE('',#10368,0.0109999999999998);
#2411=CIRCLE('',#10372,0.011);
#2412=CIRCLE('',#10378,0.0109999999999998);
#2413=CIRCLE('',#10379,0.0109999999999998);
#2414=CIRCLE('',#10383,0.011);
#2415=CIRCLE('',#10384,0.0005);
#2416=CIRCLE('',#10393,0.0109999999999998);
#2417=CIRCLE('',#10394,0.0109999999999998);
#2418=CIRCLE('',#10398,0.0109999999999998);
#2419=CIRCLE('',#10404,0.015);
#2420=CIRCLE('',#10405,0.015);
#2421=CIRCLE('',#10410,0.0109999999999998);
#2422=CIRCLE('',#10411,0.0109999999999998);
#2423=CIRCLE('',#10413,0.015);
#2424=CIRCLE('',#10414,0.015);
#2425=CIRCLE('',#10419,0.0109999999999998);
#2426=CIRCLE('',#10420,0.0109999999999998);
#2427=CIRCLE('',#10422,0.015);
#2428=CIRCLE('',#10423,0.015);
#2429=CIRCLE('',#10432,0.00095);
#2430=CIRCLE('',#10435,0.00095);
#2431=CIRCLE('',#10439,0.0109999999999998);
#2432=CIRCLE('',#10440,0.0109999999999998);
#2433=CIRCLE('',#10442,0.015);
#2434=CIRCLE('',#10443,0.015);
#2435=CIRCLE('',#10448,0.0109999999999998);
#2436=CIRCLE('',#10449,0.0109999999999998);
#2437=CIRCLE('',#10451,0.015);
#2438=CIRCLE('',#10452,0.015);
#2439=ORIENTED_EDGE('',*,*,#5069,.T.);
#2440=ORIENTED_EDGE('',*,*,#5070,.T.);
#2441=ORIENTED_EDGE('',*,*,#5071,.T.);
#2442=ORIENTED_EDGE('',*,*,#5072,.F.);
#2443=ORIENTED_EDGE('',*,*,#5073,.T.);
#2444=ORIENTED_EDGE('',*,*,#5074,.T.);
#2445=ORIENTED_EDGE('',*,*,#5075,.T.);
#2446=ORIENTED_EDGE('',*,*,#5076,.T.);
#2447=ORIENTED_EDGE('',*,*,#5077,.T.);
#2448=ORIENTED_EDGE('',*,*,#5078,.T.);
#2449=ORIENTED_EDGE('',*,*,#5079,.T.);
#2450=ORIENTED_EDGE('',*,*,#5080,.F.);
#2451=ORIENTED_EDGE('',*,*,#5081,.T.);
#2452=ORIENTED_EDGE('',*,*,#5082,.T.);
#2453=ORIENTED_EDGE('',*,*,#5083,.T.);
#2454=ORIENTED_EDGE('',*,*,#5084,.T.);
#2455=ORIENTED_EDGE('',*,*,#5085,.T.);
#2456=ORIENTED_EDGE('',*,*,#5086,.T.);
#2457=ORIENTED_EDGE('',*,*,#5087,.T.);
#2458=ORIENTED_EDGE('',*,*,#5088,.F.);
#2459=ORIENTED_EDGE('',*,*,#5089,.T.);
#2460=ORIENTED_EDGE('',*,*,#5090,.T.);
#2461=ORIENTED_EDGE('',*,*,#5091,.T.);
#2462=ORIENTED_EDGE('',*,*,#5092,.T.);
#2463=ORIENTED_EDGE('',*,*,#5093,.T.);
#2464=ORIENTED_EDGE('',*,*,#5094,.T.);
#2465=ORIENTED_EDGE('',*,*,#5095,.T.);
#2466=ORIENTED_EDGE('',*,*,#5096,.F.);
#2467=ORIENTED_EDGE('',*,*,#5097,.T.);
#2468=ORIENTED_EDGE('',*,*,#5098,.T.);
#2469=ORIENTED_EDGE('',*,*,#5099,.T.);
#2470=ORIENTED_EDGE('',*,*,#5100,.T.);
#2471=ORIENTED_EDGE('',*,*,#5101,.T.);
#2472=ORIENTED_EDGE('',*,*,#5102,.T.);
#2473=ORIENTED_EDGE('',*,*,#5103,.T.);
#2474=ORIENTED_EDGE('',*,*,#5104,.F.);
#2475=ORIENTED_EDGE('',*,*,#5105,.T.);
#2476=ORIENTED_EDGE('',*,*,#5106,.T.);
#2477=ORIENTED_EDGE('',*,*,#5107,.T.);
#2478=ORIENTED_EDGE('',*,*,#5108,.T.);
#2479=ORIENTED_EDGE('',*,*,#5109,.F.);
#2480=ORIENTED_EDGE('',*,*,#5110,.T.);
#2481=ORIENTED_EDGE('',*,*,#5094,.F.);
#2482=ORIENTED_EDGE('',*,*,#5111,.T.);
#2483=ORIENTED_EDGE('',*,*,#5112,.F.);
#2484=ORIENTED_EDGE('',*,*,#5113,.T.);
#2485=ORIENTED_EDGE('',*,*,#5114,.T.);
#2486=ORIENTED_EDGE('',*,*,#5086,.F.);
#2487=ORIENTED_EDGE('',*,*,#5115,.T.);
#2488=ORIENTED_EDGE('',*,*,#5116,.F.);
#2489=ORIENTED_EDGE('',*,*,#5117,.T.);
#2490=ORIENTED_EDGE('',*,*,#5078,.F.);
#2491=ORIENTED_EDGE('',*,*,#5118,.T.);
#2492=ORIENTED_EDGE('',*,*,#5119,.F.);
#2493=ORIENTED_EDGE('',*,*,#5120,.T.);
#2494=ORIENTED_EDGE('',*,*,#5070,.F.);
#2495=ORIENTED_EDGE('',*,*,#5121,.T.);
#2496=ORIENTED_EDGE('',*,*,#5122,.F.);
#2497=ORIENTED_EDGE('',*,*,#5123,.T.);
#2498=ORIENTED_EDGE('',*,*,#5102,.F.);
#2499=ORIENTED_EDGE('',*,*,#5124,.T.);
#2500=ORIENTED_EDGE('',*,*,#5125,.T.);
#2501=ORIENTED_EDGE('',*,*,#5126,.T.);
#2502=ORIENTED_EDGE('',*,*,#5127,.F.);
#2503=ORIENTED_EDGE('',*,*,#5128,.F.);
#2504=ORIENTED_EDGE('',*,*,#5129,.T.);
#2505=ORIENTED_EDGE('',*,*,#5130,.F.);
#2506=ORIENTED_EDGE('',*,*,#5131,.F.);
#2507=ORIENTED_EDGE('',*,*,#5132,.T.);
#2508=ORIENTED_EDGE('',*,*,#5127,.T.);
#2509=ORIENTED_EDGE('',*,*,#5133,.F.);
#2510=ORIENTED_EDGE('',*,*,#5134,.F.);
#2511=ORIENTED_EDGE('',*,*,#5135,.T.);
#2512=ORIENTED_EDGE('',*,*,#5131,.T.);
#2513=ORIENTED_EDGE('',*,*,#5136,.F.);
#2514=ORIENTED_EDGE('',*,*,#5129,.F.);
#2515=ORIENTED_EDGE('',*,*,#5137,.T.);
#2516=ORIENTED_EDGE('',*,*,#5134,.T.);
#2517=ORIENTED_EDGE('',*,*,#5128,.T.);
#2518=ORIENTED_EDGE('',*,*,#5132,.F.);
#2519=ORIENTED_EDGE('',*,*,#5135,.F.);
#2520=ORIENTED_EDGE('',*,*,#5137,.F.);
#2521=ORIENTED_EDGE('',*,*,#5109,.T.);
#2522=ORIENTED_EDGE('',*,*,#5126,.F.);
#2523=ORIENTED_EDGE('',*,*,#5136,.T.);
#2524=ORIENTED_EDGE('',*,*,#5133,.T.);
#2525=ORIENTED_EDGE('',*,*,#5130,.T.);
#2526=ORIENTED_EDGE('',*,*,#5072,.T.);
#2527=ORIENTED_EDGE('',*,*,#5138,.T.);
#2528=ORIENTED_EDGE('',*,*,#5139,.F.);
#2529=ORIENTED_EDGE('',*,*,#5140,.T.);
#2530=ORIENTED_EDGE('',*,*,#5076,.F.);
#2531=ORIENTED_EDGE('',*,*,#5141,.T.);
#2532=ORIENTED_EDGE('',*,*,#5142,.T.);
#2533=ORIENTED_EDGE('',*,*,#5143,.T.);
#2534=ORIENTED_EDGE('',*,*,#5144,.T.);
#2535=ORIENTED_EDGE('',*,*,#5145,.T.);
#2536=ORIENTED_EDGE('',*,*,#5074,.F.);
#2537=ORIENTED_EDGE('',*,*,#5146,.T.);
#2538=ORIENTED_EDGE('',*,*,#5075,.F.);
#2539=ORIENTED_EDGE('',*,*,#5145,.F.);
#2540=ORIENTED_EDGE('',*,*,#5147,.F.);
#2541=ORIENTED_EDGE('',*,*,#5141,.F.);
#2542=ORIENTED_EDGE('',*,*,#5077,.F.);
#2543=ORIENTED_EDGE('',*,*,#5143,.F.);
#2544=ORIENTED_EDGE('',*,*,#5148,.F.);
#2545=ORIENTED_EDGE('',*,*,#5118,.F.);
#2546=ORIENTED_EDGE('',*,*,#5071,.F.);
#2547=ORIENTED_EDGE('',*,*,#5120,.F.);
#2548=ORIENTED_EDGE('',*,*,#5149,.F.);
#2549=ORIENTED_EDGE('',*,*,#5138,.F.);
#2550=ORIENTED_EDGE('',*,*,#5073,.F.);
#2551=ORIENTED_EDGE('',*,*,#5140,.F.);
#2552=ORIENTED_EDGE('',*,*,#5150,.F.);
#2553=ORIENTED_EDGE('',*,*,#5146,.F.);
#2554=ORIENTED_EDGE('',*,*,#5142,.F.);
#2555=ORIENTED_EDGE('',*,*,#5147,.T.);
#2556=ORIENTED_EDGE('',*,*,#5151,.T.);
#2557=ORIENTED_EDGE('',*,*,#5152,.T.);
#2558=ORIENTED_EDGE('',*,*,#5153,.T.);
#2559=ORIENTED_EDGE('',*,*,#5154,.T.);
#2560=ORIENTED_EDGE('',*,*,#5155,.T.);
#2561=ORIENTED_EDGE('',*,*,#5148,.T.);
#2562=ORIENTED_EDGE('',*,*,#5139,.T.);
#2563=ORIENTED_EDGE('',*,*,#5149,.T.);
#2564=ORIENTED_EDGE('',*,*,#5156,.T.);
#2565=ORIENTED_EDGE('',*,*,#5157,.T.);
#2566=ORIENTED_EDGE('',*,*,#5158,.F.);
#2567=ORIENTED_EDGE('',*,*,#5159,.T.);
#2568=ORIENTED_EDGE('',*,*,#5160,.T.);
#2569=ORIENTED_EDGE('',*,*,#5150,.T.);
#2570=ORIENTED_EDGE('',*,*,#5104,.T.);
#2571=ORIENTED_EDGE('',*,*,#5161,.T.);
#2572=ORIENTED_EDGE('',*,*,#5162,.F.);
#2573=ORIENTED_EDGE('',*,*,#5163,.T.);
#2574=ORIENTED_EDGE('',*,*,#5108,.F.);
#2575=ORIENTED_EDGE('',*,*,#5164,.T.);
#2576=ORIENTED_EDGE('',*,*,#5158,.T.);
#2577=ORIENTED_EDGE('',*,*,#5165,.T.);
#2578=ORIENTED_EDGE('',*,*,#5166,.T.);
#2579=ORIENTED_EDGE('',*,*,#5167,.T.);
#2580=ORIENTED_EDGE('',*,*,#5106,.F.);
#2581=ORIENTED_EDGE('',*,*,#5168,.T.);
#2582=ORIENTED_EDGE('',*,*,#5107,.F.);
#2583=ORIENTED_EDGE('',*,*,#5167,.F.);
#2584=ORIENTED_EDGE('',*,*,#5159,.F.);
#2585=ORIENTED_EDGE('',*,*,#5164,.F.);
#2586=ORIENTED_EDGE('',*,*,#5069,.F.);
#2587=ORIENTED_EDGE('',*,*,#5165,.F.);
#2588=ORIENTED_EDGE('',*,*,#5157,.F.);
#2589=ORIENTED_EDGE('',*,*,#5121,.F.);
#2590=ORIENTED_EDGE('',*,*,#5103,.F.);
#2591=ORIENTED_EDGE('',*,*,#5123,.F.);
#2592=ORIENTED_EDGE('',*,*,#5169,.F.);
#2593=ORIENTED_EDGE('',*,*,#5161,.F.);
#2594=ORIENTED_EDGE('',*,*,#5105,.F.);
#2595=ORIENTED_EDGE('',*,*,#5163,.F.);
#2596=ORIENTED_EDGE('',*,*,#5170,.F.);
#2597=ORIENTED_EDGE('',*,*,#5168,.F.);
#2598=ORIENTED_EDGE('',*,*,#5162,.T.);
#2599=ORIENTED_EDGE('',*,*,#5169,.T.);
#2600=ORIENTED_EDGE('',*,*,#5171,.T.);
#2601=ORIENTED_EDGE('',*,*,#5172,.T.);
#2602=ORIENTED_EDGE('',*,*,#5173,.F.);
#2603=ORIENTED_EDGE('',*,*,#5174,.T.);
#2604=ORIENTED_EDGE('',*,*,#5175,.T.);
#2605=ORIENTED_EDGE('',*,*,#5170,.T.);
#2606=ORIENTED_EDGE('',*,*,#5153,.F.);
#2607=ORIENTED_EDGE('',*,*,#5176,.T.);
#2608=ORIENTED_EDGE('',*,*,#5080,.T.);
#2609=ORIENTED_EDGE('',*,*,#5177,.T.);
#2610=ORIENTED_EDGE('',*,*,#5084,.F.);
#2611=ORIENTED_EDGE('',*,*,#5178,.T.);
#2612=ORIENTED_EDGE('',*,*,#5179,.T.);
#2613=ORIENTED_EDGE('',*,*,#5180,.T.);
#2614=ORIENTED_EDGE('',*,*,#5082,.F.);
#2615=ORIENTED_EDGE('',*,*,#5181,.T.);
#2616=ORIENTED_EDGE('',*,*,#5182,.T.);
#2617=ORIENTED_EDGE('',*,*,#5183,.T.);
#2618=ORIENTED_EDGE('',*,*,#5081,.F.);
#2619=ORIENTED_EDGE('',*,*,#5176,.F.);
#2620=ORIENTED_EDGE('',*,*,#5152,.F.);
#2621=ORIENTED_EDGE('',*,*,#5181,.F.);
#2622=ORIENTED_EDGE('',*,*,#5083,.F.);
#2623=ORIENTED_EDGE('',*,*,#5183,.F.);
#2624=ORIENTED_EDGE('',*,*,#5184,.F.);
#2625=ORIENTED_EDGE('',*,*,#5178,.F.);
#2626=ORIENTED_EDGE('',*,*,#5085,.F.);
#2627=ORIENTED_EDGE('',*,*,#5180,.F.);
#2628=ORIENTED_EDGE('',*,*,#5185,.F.);
#2629=ORIENTED_EDGE('',*,*,#5115,.F.);
#2630=ORIENTED_EDGE('',*,*,#5079,.F.);
#2631=ORIENTED_EDGE('',*,*,#5117,.F.);
#2632=ORIENTED_EDGE('',*,*,#5154,.F.);
#2633=ORIENTED_EDGE('',*,*,#5177,.F.);
#2634=ORIENTED_EDGE('',*,*,#5179,.F.);
#2635=ORIENTED_EDGE('',*,*,#5184,.T.);
#2636=ORIENTED_EDGE('',*,*,#5186,.T.);
#2637=ORIENTED_EDGE('',*,*,#5187,.T.);
#2638=ORIENTED_EDGE('',*,*,#5188,.T.);
#2639=ORIENTED_EDGE('',*,*,#5185,.T.);
#2640=ORIENTED_EDGE('',*,*,#5088,.T.);
#2641=ORIENTED_EDGE('',*,*,#5189,.T.);
#2642=ORIENTED_EDGE('',*,*,#5190,.T.);
#2643=ORIENTED_EDGE('',*,*,#5191,.T.);
#2644=ORIENTED_EDGE('',*,*,#5192,.T.);
#2645=ORIENTED_EDGE('',*,*,#5193,.T.);
#2646=ORIENTED_EDGE('',*,*,#5092,.F.);
#2647=ORIENTED_EDGE('',*,*,#5194,.T.);
#2648=ORIENTED_EDGE('',*,*,#5195,.T.);
#2649=ORIENTED_EDGE('',*,*,#5196,.T.);
#2650=ORIENTED_EDGE('',*,*,#5090,.F.);
#2651=ORIENTED_EDGE('',*,*,#5197,.T.);
#2652=ORIENTED_EDGE('',*,*,#5198,.T.);
#2653=ORIENTED_EDGE('',*,*,#5089,.F.);
#2654=ORIENTED_EDGE('',*,*,#5191,.F.);
#2655=ORIENTED_EDGE('',*,*,#5199,.F.);
#2656=ORIENTED_EDGE('',*,*,#5197,.F.);
#2657=ORIENTED_EDGE('',*,*,#5087,.F.);
#2658=ORIENTED_EDGE('',*,*,#5114,.F.);
#2659=ORIENTED_EDGE('',*,*,#5200,.F.);
#2660=ORIENTED_EDGE('',*,*,#5189,.F.);
#2661=ORIENTED_EDGE('',*,*,#5199,.T.);
#2662=ORIENTED_EDGE('',*,*,#5190,.F.);
#2663=ORIENTED_EDGE('',*,*,#5200,.T.);
#2664=ORIENTED_EDGE('',*,*,#5113,.F.);
#2665=ORIENTED_EDGE('',*,*,#5187,.F.);
#2666=ORIENTED_EDGE('',*,*,#5198,.F.);
#2667=ORIENTED_EDGE('',*,*,#5093,.F.);
#2668=ORIENTED_EDGE('',*,*,#5193,.F.);
#2669=ORIENTED_EDGE('',*,*,#5201,.F.);
#2670=ORIENTED_EDGE('',*,*,#5111,.F.);
#2671=ORIENTED_EDGE('',*,*,#5091,.F.);
#2672=ORIENTED_EDGE('',*,*,#5196,.F.);
#2673=ORIENTED_EDGE('',*,*,#5202,.F.);
#2674=ORIENTED_EDGE('',*,*,#5194,.F.);
#2675=ORIENTED_EDGE('',*,*,#5203,.T.);
#2676=ORIENTED_EDGE('',*,*,#5201,.T.);
#2677=ORIENTED_EDGE('',*,*,#5192,.F.);
#2678=ORIENTED_EDGE('',*,*,#5202,.T.);
#2679=ORIENTED_EDGE('',*,*,#5204,.T.);
#2680=ORIENTED_EDGE('',*,*,#5205,.T.);
#2681=ORIENTED_EDGE('',*,*,#5206,.T.);
#2682=ORIENTED_EDGE('',*,*,#5207,.T.);
#2683=ORIENTED_EDGE('',*,*,#5206,.F.);
#2684=ORIENTED_EDGE('',*,*,#5208,.T.);
#2685=ORIENTED_EDGE('',*,*,#5096,.T.);
#2686=ORIENTED_EDGE('',*,*,#5209,.T.);
#2687=ORIENTED_EDGE('',*,*,#5100,.F.);
#2688=ORIENTED_EDGE('',*,*,#5210,.T.);
#2689=ORIENTED_EDGE('',*,*,#5173,.T.);
#2690=ORIENTED_EDGE('',*,*,#5211,.T.);
#2691=ORIENTED_EDGE('',*,*,#5098,.F.);
#2692=ORIENTED_EDGE('',*,*,#5212,.T.);
#2693=ORIENTED_EDGE('',*,*,#5213,.T.);
#2694=ORIENTED_EDGE('',*,*,#5214,.T.);
#2695=ORIENTED_EDGE('',*,*,#5097,.F.);
#2696=ORIENTED_EDGE('',*,*,#5208,.F.);
#2697=ORIENTED_EDGE('',*,*,#5205,.F.);
#2698=ORIENTED_EDGE('',*,*,#5212,.F.);
#2699=ORIENTED_EDGE('',*,*,#5099,.F.);
#2700=ORIENTED_EDGE('',*,*,#5214,.F.);
#2701=ORIENTED_EDGE('',*,*,#5174,.F.);
#2702=ORIENTED_EDGE('',*,*,#5210,.F.);
#2703=ORIENTED_EDGE('',*,*,#5101,.F.);
#2704=ORIENTED_EDGE('',*,*,#5211,.F.);
#2705=ORIENTED_EDGE('',*,*,#5172,.F.);
#2706=ORIENTED_EDGE('',*,*,#5124,.F.);
#2707=ORIENTED_EDGE('',*,*,#5095,.F.);
#2708=ORIENTED_EDGE('',*,*,#5110,.F.);
#2709=ORIENTED_EDGE('',*,*,#5207,.F.);
#2710=ORIENTED_EDGE('',*,*,#5209,.F.);
#2711=ORIENTED_EDGE('',*,*,#5215,.T.);
#2712=ORIENTED_EDGE('',*,*,#5216,.T.);
#2713=ORIENTED_EDGE('',*,*,#5125,.F.);
#2714=ORIENTED_EDGE('',*,*,#5171,.F.);
#2715=ORIENTED_EDGE('',*,*,#5122,.T.);
#2716=ORIENTED_EDGE('',*,*,#5156,.F.);
#2717=ORIENTED_EDGE('',*,*,#5119,.T.);
#2718=ORIENTED_EDGE('',*,*,#5155,.F.);
#2719=ORIENTED_EDGE('',*,*,#5116,.T.);
#2720=ORIENTED_EDGE('',*,*,#5188,.F.);
#2721=ORIENTED_EDGE('',*,*,#5112,.T.);
#2722=ORIENTED_EDGE('',*,*,#5203,.F.);
#2723=ORIENTED_EDGE('',*,*,#5215,.F.);
#2724=ORIENTED_EDGE('',*,*,#5216,.F.);
#2725=ORIENTED_EDGE('',*,*,#5213,.F.);
#2726=ORIENTED_EDGE('',*,*,#5204,.F.);
#2727=ORIENTED_EDGE('',*,*,#5195,.F.);
#2728=ORIENTED_EDGE('',*,*,#5186,.F.);
#2729=ORIENTED_EDGE('',*,*,#5182,.F.);
#2730=ORIENTED_EDGE('',*,*,#5151,.F.);
#2731=ORIENTED_EDGE('',*,*,#5144,.F.);
#2732=ORIENTED_EDGE('',*,*,#5160,.F.);
#2733=ORIENTED_EDGE('',*,*,#5166,.F.);
#2734=ORIENTED_EDGE('',*,*,#5175,.F.);
#2735=ORIENTED_EDGE('',*,*,#5217,.F.);
#2736=ORIENTED_EDGE('',*,*,#5218,.T.);
#2737=ORIENTED_EDGE('',*,*,#5219,.T.);
#2738=ORIENTED_EDGE('',*,*,#5220,.T.);
#2739=ORIENTED_EDGE('',*,*,#5221,.F.);
#2740=ORIENTED_EDGE('',*,*,#5222,.T.);
#2741=ORIENTED_EDGE('',*,*,#5223,.F.);
#2742=ORIENTED_EDGE('',*,*,#5224,.T.);
#2743=ORIENTED_EDGE('',*,*,#5225,.T.);
#2744=ORIENTED_EDGE('',*,*,#5226,.F.);
#2745=ORIENTED_EDGE('',*,*,#5227,.F.);
#2746=ORIENTED_EDGE('',*,*,#5228,.T.);
#2747=ORIENTED_EDGE('',*,*,#5229,.F.);
#2748=ORIENTED_EDGE('',*,*,#5230,.F.);
#2749=ORIENTED_EDGE('',*,*,#5231,.F.);
#2750=ORIENTED_EDGE('',*,*,#5232,.F.);
#2751=ORIENTED_EDGE('',*,*,#5233,.F.);
#2752=ORIENTED_EDGE('',*,*,#5234,.T.);
#2753=ORIENTED_EDGE('',*,*,#5235,.T.);
#2754=ORIENTED_EDGE('',*,*,#5236,.T.);
#2755=ORIENTED_EDGE('',*,*,#5237,.F.);
#2756=ORIENTED_EDGE('',*,*,#5238,.T.);
#2757=ORIENTED_EDGE('',*,*,#5239,.T.);
#2758=ORIENTED_EDGE('',*,*,#5240,.T.);
#2759=ORIENTED_EDGE('',*,*,#5241,.F.);
#2760=ORIENTED_EDGE('',*,*,#5242,.T.);
#2761=ORIENTED_EDGE('',*,*,#5243,.T.);
#2762=ORIENTED_EDGE('',*,*,#5244,.T.);
#2763=ORIENTED_EDGE('',*,*,#5245,.T.);
#2764=ORIENTED_EDGE('',*,*,#5246,.T.);
#2765=ORIENTED_EDGE('',*,*,#5247,.T.);
#2766=ORIENTED_EDGE('',*,*,#5248,.T.);
#2767=ORIENTED_EDGE('',*,*,#5249,.T.);
#2768=ORIENTED_EDGE('',*,*,#5250,.T.);
#2769=ORIENTED_EDGE('',*,*,#5251,.T.);
#2770=ORIENTED_EDGE('',*,*,#5252,.T.);
#2771=ORIENTED_EDGE('',*,*,#5253,.F.);
#2772=ORIENTED_EDGE('',*,*,#5254,.T.);
#2773=ORIENTED_EDGE('',*,*,#5255,.F.);
#2774=ORIENTED_EDGE('',*,*,#5256,.T.);
#2775=ORIENTED_EDGE('',*,*,#5257,.T.);
#2776=ORIENTED_EDGE('',*,*,#5258,.T.);
#2777=ORIENTED_EDGE('',*,*,#5259,.F.);
#2778=ORIENTED_EDGE('',*,*,#5260,.F.);
#2779=ORIENTED_EDGE('',*,*,#5261,.T.);
#2780=ORIENTED_EDGE('',*,*,#5262,.T.);
#2781=ORIENTED_EDGE('',*,*,#5263,.F.);
#2782=ORIENTED_EDGE('',*,*,#5264,.T.);
#2783=ORIENTED_EDGE('',*,*,#5265,.F.);
#2784=ORIENTED_EDGE('',*,*,#5259,.T.);
#2785=ORIENTED_EDGE('',*,*,#5266,.F.);
#2786=ORIENTED_EDGE('',*,*,#5267,.F.);
#2787=ORIENTED_EDGE('',*,*,#5268,.T.);
#2788=ORIENTED_EDGE('',*,*,#5269,.T.);
#2789=ORIENTED_EDGE('',*,*,#5270,.T.);
#2790=ORIENTED_EDGE('',*,*,#5271,.T.);
#2791=ORIENTED_EDGE('',*,*,#5257,.F.);
#2792=ORIENTED_EDGE('',*,*,#5272,.T.);
#2793=ORIENTED_EDGE('',*,*,#5273,.F.);
#2794=ORIENTED_EDGE('',*,*,#5274,.F.);
#2795=ORIENTED_EDGE('',*,*,#5261,.F.);
#2796=ORIENTED_EDGE('',*,*,#5275,.T.);
#2797=ORIENTED_EDGE('',*,*,#5276,.F.);
#2798=ORIENTED_EDGE('',*,*,#5277,.F.);
#2799=ORIENTED_EDGE('',*,*,#5278,.T.);
#2800=ORIENTED_EDGE('',*,*,#5279,.T.);
#2801=ORIENTED_EDGE('',*,*,#5263,.T.);
#2802=ORIENTED_EDGE('',*,*,#5280,.T.);
#2803=ORIENTED_EDGE('',*,*,#5281,.F.);
#2804=ORIENTED_EDGE('',*,*,#5282,.T.);
#2805=ORIENTED_EDGE('',*,*,#5283,.T.);
#2806=ORIENTED_EDGE('',*,*,#5284,.F.);
#2807=ORIENTED_EDGE('',*,*,#5285,.F.);
#2808=ORIENTED_EDGE('',*,*,#5286,.F.);
#2809=ORIENTED_EDGE('',*,*,#5287,.F.);
#2810=ORIENTED_EDGE('',*,*,#5288,.F.);
#2811=ORIENTED_EDGE('',*,*,#5279,.F.);
#2812=ORIENTED_EDGE('',*,*,#5289,.F.);
#2813=ORIENTED_EDGE('',*,*,#5266,.T.);
#2814=ORIENTED_EDGE('',*,*,#5290,.T.);
#2815=ORIENTED_EDGE('',*,*,#5275,.F.);
#2816=ORIENTED_EDGE('',*,*,#5264,.F.);
#2817=ORIENTED_EDGE('',*,*,#5284,.T.);
#2818=ORIENTED_EDGE('',*,*,#5291,.T.);
#2819=ORIENTED_EDGE('',*,*,#5265,.T.);
#2820=ORIENTED_EDGE('',*,*,#5292,.F.);
#2821=ORIENTED_EDGE('',*,*,#5272,.F.);
#2822=ORIENTED_EDGE('',*,*,#5260,.T.);
#2823=ORIENTED_EDGE('',*,*,#5273,.T.);
#2824=ORIENTED_EDGE('',*,*,#5292,.T.);
#2825=ORIENTED_EDGE('',*,*,#5269,.F.);
#2826=ORIENTED_EDGE('',*,*,#5293,.F.);
#2827=ORIENTED_EDGE('',*,*,#5291,.F.);
#2828=ORIENTED_EDGE('',*,*,#5283,.F.);
#2829=ORIENTED_EDGE('',*,*,#5294,.T.);
#2830=ORIENTED_EDGE('',*,*,#5276,.T.);
#2831=ORIENTED_EDGE('',*,*,#5268,.F.);
#2832=ORIENTED_EDGE('',*,*,#5295,.F.);
#2833=ORIENTED_EDGE('',*,*,#5274,.T.);
#2834=ORIENTED_EDGE('',*,*,#5293,.T.);
#2835=ORIENTED_EDGE('',*,*,#5277,.T.);
#2836=ORIENTED_EDGE('',*,*,#5294,.F.);
#2837=ORIENTED_EDGE('',*,*,#5282,.F.);
#2838=ORIENTED_EDGE('',*,*,#5296,.T.);
#2839=ORIENTED_EDGE('',*,*,#5229,.T.);
#2840=ORIENTED_EDGE('',*,*,#5297,.F.);
#2841=ORIENTED_EDGE('',*,*,#5231,.T.);
#2842=ORIENTED_EDGE('',*,*,#5298,.F.);
#2843=ORIENTED_EDGE('',*,*,#5281,.T.);
#2844=ORIENTED_EDGE('',*,*,#5299,.T.);
#2845=ORIENTED_EDGE('',*,*,#5248,.F.);
#2846=ORIENTED_EDGE('',*,*,#5247,.F.);
#2847=ORIENTED_EDGE('',*,*,#5300,.F.);
#2848=ORIENTED_EDGE('',*,*,#5301,.F.);
#2849=ORIENTED_EDGE('',*,*,#5302,.F.);
#2850=ORIENTED_EDGE('',*,*,#5239,.F.);
#2851=ORIENTED_EDGE('',*,*,#5238,.F.);
#2852=ORIENTED_EDGE('',*,*,#5237,.T.);
#2853=ORIENTED_EDGE('',*,*,#5303,.T.);
#2854=ORIENTED_EDGE('',*,*,#5304,.F.);
#2855=ORIENTED_EDGE('',*,*,#5305,.T.);
#2856=ORIENTED_EDGE('',*,*,#5253,.T.);
#2857=ORIENTED_EDGE('',*,*,#5252,.F.);
#2858=ORIENTED_EDGE('',*,*,#5306,.T.);
#2859=ORIENTED_EDGE('',*,*,#5270,.F.);
#2860=ORIENTED_EDGE('',*,*,#5295,.T.);
#2861=ORIENTED_EDGE('',*,*,#5267,.T.);
#2862=ORIENTED_EDGE('',*,*,#5289,.T.);
#2863=ORIENTED_EDGE('',*,*,#5278,.F.);
#2864=ORIENTED_EDGE('',*,*,#5296,.F.);
#2865=ORIENTED_EDGE('',*,*,#5306,.F.);
#2866=ORIENTED_EDGE('',*,*,#5251,.F.);
#2867=ORIENTED_EDGE('',*,*,#5307,.F.);
#2868=ORIENTED_EDGE('',*,*,#5271,.F.);
#2869=ORIENTED_EDGE('',*,*,#5307,.T.);
#2870=ORIENTED_EDGE('',*,*,#5250,.F.);
#2871=ORIENTED_EDGE('',*,*,#5308,.F.);
#2872=ORIENTED_EDGE('',*,*,#5262,.F.);
#2873=ORIENTED_EDGE('',*,*,#5290,.F.);
#2874=ORIENTED_EDGE('',*,*,#5258,.F.);
#2875=ORIENTED_EDGE('',*,*,#5299,.F.);
#2876=ORIENTED_EDGE('',*,*,#5280,.F.);
#2877=ORIENTED_EDGE('',*,*,#5308,.T.);
#2878=ORIENTED_EDGE('',*,*,#5249,.F.);
#2879=ORIENTED_EDGE('',*,*,#5309,.T.);
#2880=ORIENTED_EDGE('',*,*,#5310,.T.);
#2881=ORIENTED_EDGE('',*,*,#5311,.T.);
#2882=ORIENTED_EDGE('',*,*,#5312,.T.);
#2883=ORIENTED_EDGE('',*,*,#5313,.F.);
#2884=ORIENTED_EDGE('',*,*,#5314,.T.);
#2885=ORIENTED_EDGE('',*,*,#5315,.T.);
#2886=ORIENTED_EDGE('',*,*,#5310,.F.);
#2887=ORIENTED_EDGE('',*,*,#5316,.T.);
#2888=ORIENTED_EDGE('',*,*,#5317,.F.);
#2889=ORIENTED_EDGE('',*,*,#5318,.F.);
#2890=ORIENTED_EDGE('',*,*,#5312,.F.);
#2891=ORIENTED_EDGE('',*,*,#5319,.T.);
#2892=ORIENTED_EDGE('',*,*,#5317,.T.);
#2893=ORIENTED_EDGE('',*,*,#5320,.F.);
#2894=ORIENTED_EDGE('',*,*,#5321,.F.);
#2895=ORIENTED_EDGE('',*,*,#5315,.F.);
#2896=ORIENTED_EDGE('',*,*,#5322,.T.);
#2897=ORIENTED_EDGE('',*,*,#5323,.T.);
#2898=ORIENTED_EDGE('',*,*,#5324,.F.);
#2899=ORIENTED_EDGE('',*,*,#5320,.T.);
#2900=ORIENTED_EDGE('',*,*,#5316,.F.);
#2901=ORIENTED_EDGE('',*,*,#5311,.F.);
#2902=ORIENTED_EDGE('',*,*,#5318,.T.);
#2903=ORIENTED_EDGE('',*,*,#5319,.F.);
#2904=ORIENTED_EDGE('',*,*,#5325,.T.);
#2905=ORIENTED_EDGE('',*,*,#5326,.F.);
#2906=ORIENTED_EDGE('',*,*,#5327,.F.);
#2907=ORIENTED_EDGE('',*,*,#5313,.T.);
#2908=ORIENTED_EDGE('',*,*,#5309,.F.);
#2909=ORIENTED_EDGE('',*,*,#5328,.F.);
#2910=ORIENTED_EDGE('',*,*,#5329,.T.);
#2911=ORIENTED_EDGE('',*,*,#5302,.T.);
#2912=ORIENTED_EDGE('',*,*,#5326,.T.);
#2913=ORIENTED_EDGE('',*,*,#5330,.F.);
#2914=ORIENTED_EDGE('',*,*,#5331,.T.);
#2915=ORIENTED_EDGE('',*,*,#5332,.T.);
#2916=ORIENTED_EDGE('',*,*,#5221,.T.);
#2917=ORIENTED_EDGE('',*,*,#5333,.T.);
#2918=ORIENTED_EDGE('',*,*,#5334,.T.);
#2919=ORIENTED_EDGE('',*,*,#5330,.T.);
#2920=ORIENTED_EDGE('',*,*,#5220,.F.);
#2921=ORIENTED_EDGE('',*,*,#5335,.F.);
#2922=ORIENTED_EDGE('',*,*,#5336,.T.);
#2923=ORIENTED_EDGE('',*,*,#5328,.T.);
#2924=ORIENTED_EDGE('',*,*,#5325,.F.);
#2925=ORIENTED_EDGE('',*,*,#5321,.T.);
#2926=ORIENTED_EDGE('',*,*,#5324,.T.);
#2927=ORIENTED_EDGE('',*,*,#5219,.F.);
#2928=ORIENTED_EDGE('',*,*,#5337,.T.);
#2929=ORIENTED_EDGE('',*,*,#5338,.T.);
#2930=ORIENTED_EDGE('',*,*,#5335,.T.);
#2931=ORIENTED_EDGE('',*,*,#5339,.F.);
#2932=ORIENTED_EDGE('',*,*,#5340,.T.);
#2933=ORIENTED_EDGE('',*,*,#5341,.T.);
#2934=ORIENTED_EDGE('',*,*,#5342,.T.);
#2935=ORIENTED_EDGE('',*,*,#5243,.F.);
#2936=ORIENTED_EDGE('',*,*,#5343,.T.);
#2937=ORIENTED_EDGE('',*,*,#5344,.T.);
#2938=ORIENTED_EDGE('',*,*,#5345,.T.);
#2939=ORIENTED_EDGE('',*,*,#5245,.F.);
#2940=ORIENTED_EDGE('',*,*,#5346,.T.);
#2941=ORIENTED_EDGE('',*,*,#5347,.T.);
#2942=ORIENTED_EDGE('',*,*,#5348,.T.);
#2943=ORIENTED_EDGE('',*,*,#5241,.T.);
#2944=ORIENTED_EDGE('',*,*,#5349,.T.);
#2945=ORIENTED_EDGE('',*,*,#5300,.T.);
#2946=ORIENTED_EDGE('',*,*,#5350,.T.);
#2947=ORIENTED_EDGE('',*,*,#5333,.F.);
#2948=ORIENTED_EDGE('',*,*,#5323,.F.);
#2949=ORIENTED_EDGE('',*,*,#5327,.T.);
#2950=ORIENTED_EDGE('',*,*,#5301,.T.);
#2951=ORIENTED_EDGE('',*,*,#5322,.F.);
#2952=ORIENTED_EDGE('',*,*,#5314,.F.);
#2953=ORIENTED_EDGE('',*,*,#5351,.F.);
#2954=ORIENTED_EDGE('',*,*,#5352,.F.);
#2955=ORIENTED_EDGE('',*,*,#5353,.F.);
#2956=ORIENTED_EDGE('',*,*,#5354,.F.);
#2957=ORIENTED_EDGE('',*,*,#5355,.T.);
#2958=ORIENTED_EDGE('',*,*,#5354,.T.);
#2959=ORIENTED_EDGE('',*,*,#5356,.F.);
#2960=ORIENTED_EDGE('',*,*,#5357,.F.);
#2961=ORIENTED_EDGE('',*,*,#5358,.F.);
#2962=ORIENTED_EDGE('',*,*,#5352,.T.);
#2963=ORIENTED_EDGE('',*,*,#5359,.T.);
#2964=ORIENTED_EDGE('',*,*,#5360,.T.);
#2965=ORIENTED_EDGE('',*,*,#5361,.F.);
#2966=ORIENTED_EDGE('',*,*,#5362,.T.);
#2967=ORIENTED_EDGE('',*,*,#5363,.T.);
#2968=ORIENTED_EDGE('',*,*,#5360,.F.);
#2969=ORIENTED_EDGE('',*,*,#5356,.T.);
#2970=ORIENTED_EDGE('',*,*,#5353,.T.);
#2971=ORIENTED_EDGE('',*,*,#5358,.T.);
#2972=ORIENTED_EDGE('',*,*,#5363,.F.);
#2973=ORIENTED_EDGE('',*,*,#5364,.T.);
#2974=ORIENTED_EDGE('',*,*,#5365,.F.);
#2975=ORIENTED_EDGE('',*,*,#5366,.F.);
#2976=ORIENTED_EDGE('',*,*,#5359,.F.);
#2977=ORIENTED_EDGE('',*,*,#5351,.T.);
#2978=ORIENTED_EDGE('',*,*,#5355,.F.);
#2979=ORIENTED_EDGE('',*,*,#5367,.T.);
#2980=ORIENTED_EDGE('',*,*,#5368,.T.);
#2981=ORIENTED_EDGE('',*,*,#5369,.F.);
#2982=ORIENTED_EDGE('',*,*,#5361,.T.);
#2983=ORIENTED_EDGE('',*,*,#5303,.F.);
#2984=ORIENTED_EDGE('',*,*,#5370,.T.);
#2985=ORIENTED_EDGE('',*,*,#5371,.T.);
#2986=ORIENTED_EDGE('',*,*,#5368,.F.);
#2987=ORIENTED_EDGE('',*,*,#5372,.T.);
#2988=ORIENTED_EDGE('',*,*,#5373,.T.);
#2989=ORIENTED_EDGE('',*,*,#5374,.T.);
#2990=ORIENTED_EDGE('',*,*,#5225,.F.);
#2991=ORIENTED_EDGE('',*,*,#5374,.F.);
#2992=ORIENTED_EDGE('',*,*,#5375,.T.);
#2993=ORIENTED_EDGE('',*,*,#5376,.F.);
#2994=ORIENTED_EDGE('',*,*,#5364,.F.);
#2995=ORIENTED_EDGE('',*,*,#5362,.F.);
#2996=ORIENTED_EDGE('',*,*,#5369,.T.);
#2997=ORIENTED_EDGE('',*,*,#5371,.F.);
#2998=ORIENTED_EDGE('',*,*,#5377,.T.);
#2999=ORIENTED_EDGE('',*,*,#5378,.T.);
#3000=ORIENTED_EDGE('',*,*,#5226,.T.);
#3001=ORIENTED_EDGE('',*,*,#5379,.T.);
#3002=ORIENTED_EDGE('',*,*,#5380,.T.);
#3003=ORIENTED_EDGE('',*,*,#5227,.T.);
#3004=ORIENTED_EDGE('',*,*,#5378,.F.);
#3005=ORIENTED_EDGE('',*,*,#5381,.F.);
#3006=ORIENTED_EDGE('',*,*,#5382,.T.);
#3007=ORIENTED_EDGE('',*,*,#5383,.T.);
#3008=ORIENTED_EDGE('',*,*,#5384,.T.);
#3009=ORIENTED_EDGE('',*,*,#5233,.T.);
#3010=ORIENTED_EDGE('',*,*,#5385,.T.);
#3011=ORIENTED_EDGE('',*,*,#5255,.T.);
#3012=ORIENTED_EDGE('',*,*,#5386,.T.);
#3013=ORIENTED_EDGE('',*,*,#5387,.T.);
#3014=ORIENTED_EDGE('',*,*,#5388,.T.);
#3015=ORIENTED_EDGE('',*,*,#5235,.F.);
#3016=ORIENTED_EDGE('',*,*,#5389,.T.);
#3017=ORIENTED_EDGE('',*,*,#5390,.T.);
#3018=ORIENTED_EDGE('',*,*,#5391,.T.);
#3019=ORIENTED_EDGE('',*,*,#5376,.T.);
#3020=ORIENTED_EDGE('',*,*,#5392,.T.);
#3021=ORIENTED_EDGE('',*,*,#5305,.F.);
#3022=ORIENTED_EDGE('',*,*,#5365,.T.);
#3023=ORIENTED_EDGE('',*,*,#5366,.T.);
#3024=ORIENTED_EDGE('',*,*,#5304,.T.);
#3025=ORIENTED_EDGE('',*,*,#5367,.F.);
#3026=ORIENTED_EDGE('',*,*,#5357,.T.);
#3027=ORIENTED_EDGE('',*,*,#5393,.F.);
#3028=ORIENTED_EDGE('',*,*,#5285,.T.);
#3029=ORIENTED_EDGE('',*,*,#5394,.F.);
#3030=ORIENTED_EDGE('',*,*,#5393,.T.);
#3031=ORIENTED_EDGE('',*,*,#5395,.F.);
#3032=ORIENTED_EDGE('',*,*,#5286,.T.);
#3033=ORIENTED_EDGE('',*,*,#5396,.F.);
#3034=ORIENTED_EDGE('',*,*,#5395,.T.);
#3035=ORIENTED_EDGE('',*,*,#5397,.F.);
#3036=ORIENTED_EDGE('',*,*,#5288,.T.);
#3037=ORIENTED_EDGE('',*,*,#5298,.T.);
#3038=ORIENTED_EDGE('',*,*,#5397,.T.);
#3039=ORIENTED_EDGE('',*,*,#5398,.F.);
#3040=ORIENTED_EDGE('',*,*,#5287,.T.);
#3041=ORIENTED_EDGE('',*,*,#5297,.T.);
#3042=ORIENTED_EDGE('',*,*,#5398,.T.);
#3043=ORIENTED_EDGE('',*,*,#5399,.T.);
#3044=ORIENTED_EDGE('',*,*,#5399,.F.);
#3045=ORIENTED_EDGE('',*,*,#5394,.T.);
#3046=ORIENTED_EDGE('',*,*,#5400,.T.);
#3047=ORIENTED_EDGE('',*,*,#5400,.F.);
#3048=ORIENTED_EDGE('',*,*,#5396,.T.);
#3049=ORIENTED_EDGE('',*,*,#5401,.T.);
#3050=ORIENTED_EDGE('',*,*,#5232,.T.);
#3051=ORIENTED_EDGE('',*,*,#5402,.T.);
#3052=ORIENTED_EDGE('',*,*,#5403,.F.);
#3053=ORIENTED_EDGE('',*,*,#5404,.T.);
#3054=ORIENTED_EDGE('',*,*,#5230,.T.);
#3055=ORIENTED_EDGE('',*,*,#5405,.T.);
#3056=ORIENTED_EDGE('',*,*,#5406,.F.);
#3057=ORIENTED_EDGE('',*,*,#5407,.T.);
#3058=ORIENTED_EDGE('',*,*,#5408,.T.);
#3059=ORIENTED_EDGE('',*,*,#5403,.T.);
#3060=ORIENTED_EDGE('',*,*,#5409,.T.);
#3061=ORIENTED_EDGE('',*,*,#5410,.T.);
#3062=ORIENTED_EDGE('',*,*,#5406,.T.);
#3063=ORIENTED_EDGE('',*,*,#5256,.F.);
#3064=ORIENTED_EDGE('',*,*,#5388,.F.);
#3065=ORIENTED_EDGE('',*,*,#5411,.F.);
#3066=ORIENTED_EDGE('',*,*,#5385,.F.);
#3067=ORIENTED_EDGE('',*,*,#5411,.T.);
#3068=ORIENTED_EDGE('',*,*,#5387,.F.);
#3069=ORIENTED_EDGE('',*,*,#5412,.F.);
#3070=ORIENTED_EDGE('',*,*,#5372,.F.);
#3071=ORIENTED_EDGE('',*,*,#5224,.F.);
#3072=ORIENTED_EDGE('',*,*,#5413,.F.);
#3073=ORIENTED_EDGE('',*,*,#5254,.F.);
#3074=ORIENTED_EDGE('',*,*,#5392,.F.);
#3075=ORIENTED_EDGE('',*,*,#5375,.F.);
#3076=ORIENTED_EDGE('',*,*,#5373,.F.);
#3077=ORIENTED_EDGE('',*,*,#5412,.T.);
#3078=ORIENTED_EDGE('',*,*,#5386,.F.);
#3079=ORIENTED_EDGE('',*,*,#5236,.F.);
#3080=ORIENTED_EDGE('',*,*,#5391,.F.);
#3081=ORIENTED_EDGE('',*,*,#5414,.F.);
#3082=ORIENTED_EDGE('',*,*,#5379,.F.);
#3083=ORIENTED_EDGE('',*,*,#5377,.F.);
#3084=ORIENTED_EDGE('',*,*,#5370,.F.);
#3085=ORIENTED_EDGE('',*,*,#5414,.T.);
#3086=ORIENTED_EDGE('',*,*,#5390,.F.);
#3087=ORIENTED_EDGE('',*,*,#5415,.F.);
#3088=ORIENTED_EDGE('',*,*,#5416,.F.);
#3089=ORIENTED_EDGE('',*,*,#5228,.F.);
#3090=ORIENTED_EDGE('',*,*,#5380,.F.);
#3091=ORIENTED_EDGE('',*,*,#5415,.T.);
#3092=ORIENTED_EDGE('',*,*,#5389,.F.);
#3093=ORIENTED_EDGE('',*,*,#5234,.F.);
#3094=ORIENTED_EDGE('',*,*,#5384,.F.);
#3095=ORIENTED_EDGE('',*,*,#5244,.F.);
#3096=ORIENTED_EDGE('',*,*,#5342,.F.);
#3097=ORIENTED_EDGE('',*,*,#5417,.F.);
#3098=ORIENTED_EDGE('',*,*,#5346,.F.);
#3099=ORIENTED_EDGE('',*,*,#5222,.F.);
#3100=ORIENTED_EDGE('',*,*,#5332,.F.);
#3101=ORIENTED_EDGE('',*,*,#5418,.F.);
#3102=ORIENTED_EDGE('',*,*,#5344,.F.);
#3103=ORIENTED_EDGE('',*,*,#5417,.T.);
#3104=ORIENTED_EDGE('',*,*,#5419,.F.);
#3105=ORIENTED_EDGE('',*,*,#5246,.F.);
#3106=ORIENTED_EDGE('',*,*,#5345,.F.);
#3107=ORIENTED_EDGE('',*,*,#5418,.T.);
#3108=ORIENTED_EDGE('',*,*,#5331,.F.);
#3109=ORIENTED_EDGE('',*,*,#5334,.F.);
#3110=ORIENTED_EDGE('',*,*,#5350,.F.);
#3111=ORIENTED_EDGE('',*,*,#5336,.F.);
#3112=ORIENTED_EDGE('',*,*,#5338,.F.);
#3113=ORIENTED_EDGE('',*,*,#5420,.F.);
#3114=ORIENTED_EDGE('',*,*,#5349,.F.);
#3115=ORIENTED_EDGE('',*,*,#5240,.F.);
#3116=ORIENTED_EDGE('',*,*,#5329,.F.);
#3117=ORIENTED_EDGE('',*,*,#5218,.F.);
#3118=ORIENTED_EDGE('',*,*,#5421,.F.);
#3119=ORIENTED_EDGE('',*,*,#5422,.F.);
#3120=ORIENTED_EDGE('',*,*,#5347,.F.);
#3121=ORIENTED_EDGE('',*,*,#5420,.T.);
#3122=ORIENTED_EDGE('',*,*,#5337,.F.);
#3123=ORIENTED_EDGE('',*,*,#5422,.T.);
#3124=ORIENTED_EDGE('',*,*,#5343,.F.);
#3125=ORIENTED_EDGE('',*,*,#5242,.F.);
#3126=ORIENTED_EDGE('',*,*,#5348,.F.);
#3127=ORIENTED_EDGE('',*,*,#5410,.F.);
#3128=ORIENTED_EDGE('',*,*,#5409,.F.);
#3129=ORIENTED_EDGE('',*,*,#5408,.F.);
#3130=ORIENTED_EDGE('',*,*,#5407,.F.);
#3131=ORIENTED_EDGE('',*,*,#5401,.F.);
#3132=ORIENTED_EDGE('',*,*,#5402,.F.);
#3133=ORIENTED_EDGE('',*,*,#5404,.F.);
#3134=ORIENTED_EDGE('',*,*,#5405,.F.);
#3135=ORIENTED_EDGE('',*,*,#5423,.F.);
#3136=ORIENTED_EDGE('',*,*,#5424,.T.);
#3137=ORIENTED_EDGE('',*,*,#5381,.T.);
#3138=ORIENTED_EDGE('',*,*,#5413,.T.);
#3139=ORIENTED_EDGE('',*,*,#5425,.F.);
#3140=ORIENTED_EDGE('',*,*,#5383,.F.);
#3141=ORIENTED_EDGE('',*,*,#5426,.T.);
#3142=ORIENTED_EDGE('',*,*,#5427,.T.);
#3143=ORIENTED_EDGE('',*,*,#5428,.T.);
#3144=ORIENTED_EDGE('',*,*,#5416,.T.);
#3145=ORIENTED_EDGE('',*,*,#5429,.T.);
#3146=ORIENTED_EDGE('',*,*,#5430,.T.);
#3147=ORIENTED_EDGE('',*,*,#5431,.F.);
#3148=ORIENTED_EDGE('',*,*,#5432,.T.);
#3149=ORIENTED_EDGE('',*,*,#5341,.F.);
#3150=ORIENTED_EDGE('',*,*,#5433,.T.);
#3151=ORIENTED_EDGE('',*,*,#5434,.F.);
#3152=ORIENTED_EDGE('',*,*,#5435,.T.);
#3153=ORIENTED_EDGE('',*,*,#5419,.T.);
#3154=ORIENTED_EDGE('',*,*,#5436,.T.);
#3155=ORIENTED_EDGE('',*,*,#5437,.T.);
#3156=ORIENTED_EDGE('',*,*,#5339,.T.);
#3157=ORIENTED_EDGE('',*,*,#5421,.T.);
#3158=ORIENTED_EDGE('',*,*,#5438,.F.);
#3159=ORIENTED_EDGE('',*,*,#5439,.T.);
#3160=ORIENTED_EDGE('',*,*,#5440,.T.);
#3161=ORIENTED_EDGE('',*,*,#5441,.T.);
#3162=ORIENTED_EDGE('',*,*,#5442,.T.);
#3163=ORIENTED_EDGE('',*,*,#5223,.T.);
#3164=ORIENTED_EDGE('',*,*,#5428,.F.);
#3165=ORIENTED_EDGE('',*,*,#5443,.F.);
#3166=ORIENTED_EDGE('',*,*,#5425,.T.);
#3167=ORIENTED_EDGE('',*,*,#5431,.T.);
#3168=ORIENTED_EDGE('',*,*,#5444,.T.);
#3169=ORIENTED_EDGE('',*,*,#5423,.T.);
#3170=ORIENTED_EDGE('',*,*,#5443,.T.);
#3171=ORIENTED_EDGE('',*,*,#5427,.F.);
#3172=ORIENTED_EDGE('',*,*,#5445,.T.);
#3173=ORIENTED_EDGE('',*,*,#5217,.T.);
#3174=ORIENTED_EDGE('',*,*,#5435,.F.);
#3175=ORIENTED_EDGE('',*,*,#5446,.F.);
#3176=ORIENTED_EDGE('',*,*,#5438,.T.);
#3177=ORIENTED_EDGE('',*,*,#5434,.T.);
#3178=ORIENTED_EDGE('',*,*,#5447,.T.);
#3179=ORIENTED_EDGE('',*,*,#5439,.F.);
#3180=ORIENTED_EDGE('',*,*,#5448,.T.);
#3181=ORIENTED_EDGE('',*,*,#5436,.F.);
#3182=ORIENTED_EDGE('',*,*,#5446,.T.);
#3183=ORIENTED_EDGE('',*,*,#5445,.F.);
#3184=ORIENTED_EDGE('',*,*,#5426,.F.);
#3185=ORIENTED_EDGE('',*,*,#5449,.F.);
#3186=ORIENTED_EDGE('',*,*,#5432,.F.);
#3187=ORIENTED_EDGE('',*,*,#5449,.T.);
#3188=ORIENTED_EDGE('',*,*,#5382,.F.);
#3189=ORIENTED_EDGE('',*,*,#5450,.F.);
#3190=ORIENTED_EDGE('',*,*,#5429,.F.);
#3191=ORIENTED_EDGE('',*,*,#5450,.T.);
#3192=ORIENTED_EDGE('',*,*,#5424,.F.);
#3193=ORIENTED_EDGE('',*,*,#5444,.F.);
#3194=ORIENTED_EDGE('',*,*,#5430,.F.);
#3195=ORIENTED_EDGE('',*,*,#5448,.F.);
#3196=ORIENTED_EDGE('',*,*,#5442,.F.);
#3197=ORIENTED_EDGE('',*,*,#5451,.F.);
#3198=ORIENTED_EDGE('',*,*,#5437,.F.);
#3199=ORIENTED_EDGE('',*,*,#5451,.T.);
#3200=ORIENTED_EDGE('',*,*,#5441,.F.);
#3201=ORIENTED_EDGE('',*,*,#5452,.F.);
#3202=ORIENTED_EDGE('',*,*,#5340,.F.);
#3203=ORIENTED_EDGE('',*,*,#5447,.F.);
#3204=ORIENTED_EDGE('',*,*,#5433,.F.);
#3205=ORIENTED_EDGE('',*,*,#5452,.T.);
#3206=ORIENTED_EDGE('',*,*,#5440,.F.);
#3207=ORIENTED_EDGE('',*,*,#5453,.T.);
#3208=ORIENTED_EDGE('',*,*,#5454,.T.);
#3209=ORIENTED_EDGE('',*,*,#5455,.F.);
#3210=ORIENTED_EDGE('',*,*,#5456,.F.);
#3211=ORIENTED_EDGE('',*,*,#5457,.T.);
#3212=ORIENTED_EDGE('',*,*,#5458,.T.);
#3213=ORIENTED_EDGE('',*,*,#5459,.T.);
#3214=ORIENTED_EDGE('',*,*,#5460,.T.);
#3215=ORIENTED_EDGE('',*,*,#5461,.T.);
#3216=ORIENTED_EDGE('',*,*,#5462,.T.);
#3217=ORIENTED_EDGE('',*,*,#5463,.T.);
#3218=ORIENTED_EDGE('',*,*,#5464,.F.);
#3219=ORIENTED_EDGE('',*,*,#5465,.F.);
#3220=ORIENTED_EDGE('',*,*,#5466,.F.);
#3221=ORIENTED_EDGE('',*,*,#5467,.F.);
#3222=ORIENTED_EDGE('',*,*,#5468,.F.);
#3223=ORIENTED_EDGE('',*,*,#5469,.F.);
#3224=ORIENTED_EDGE('',*,*,#5470,.F.);
#3225=ORIENTED_EDGE('',*,*,#5471,.F.);
#3226=ORIENTED_EDGE('',*,*,#5472,.F.);
#3227=ORIENTED_EDGE('',*,*,#5473,.F.);
#3228=ORIENTED_EDGE('',*,*,#5474,.F.);
#3229=ORIENTED_EDGE('',*,*,#5475,.F.);
#3230=ORIENTED_EDGE('',*,*,#5476,.F.);
#3231=ORIENTED_EDGE('',*,*,#5477,.F.);
#3232=ORIENTED_EDGE('',*,*,#5478,.F.);
#3233=ORIENTED_EDGE('',*,*,#5479,.F.);
#3234=ORIENTED_EDGE('',*,*,#5480,.F.);
#3235=ORIENTED_EDGE('',*,*,#5481,.F.);
#3236=ORIENTED_EDGE('',*,*,#5482,.F.);
#3237=ORIENTED_EDGE('',*,*,#5483,.F.);
#3238=ORIENTED_EDGE('',*,*,#5484,.F.);
#3239=ORIENTED_EDGE('',*,*,#5485,.F.);
#3240=ORIENTED_EDGE('',*,*,#5486,.F.);
#3241=ORIENTED_EDGE('',*,*,#5487,.F.);
#3242=ORIENTED_EDGE('',*,*,#5488,.T.);
#3243=ORIENTED_EDGE('',*,*,#5477,.T.);
#3244=ORIENTED_EDGE('',*,*,#5489,.F.);
#3245=ORIENTED_EDGE('',*,*,#5490,.F.);
#3246=ORIENTED_EDGE('',*,*,#5491,.T.);
#3247=ORIENTED_EDGE('',*,*,#5484,.T.);
#3248=ORIENTED_EDGE('',*,*,#5492,.F.);
#3249=ORIENTED_EDGE('',*,*,#5493,.T.);
#3250=ORIENTED_EDGE('',*,*,#5494,.F.);
#3251=ORIENTED_EDGE('',*,*,#5495,.T.);
#3252=ORIENTED_EDGE('',*,*,#5496,.T.);
#3253=ORIENTED_EDGE('',*,*,#5497,.T.);
#3254=ORIENTED_EDGE('',*,*,#5488,.F.);
#3255=ORIENTED_EDGE('',*,*,#5498,.F.);
#3256=ORIENTED_EDGE('',*,*,#5499,.F.);
#3257=ORIENTED_EDGE('',*,*,#5500,.T.);
#3258=ORIENTED_EDGE('',*,*,#5501,.T.);
#3259=ORIENTED_EDGE('',*,*,#5479,.T.);
#3260=ORIENTED_EDGE('',*,*,#5502,.T.);
#3261=ORIENTED_EDGE('',*,*,#5503,.T.);
#3262=ORIENTED_EDGE('',*,*,#5504,.T.);
#3263=ORIENTED_EDGE('',*,*,#5505,.T.);
#3264=ORIENTED_EDGE('',*,*,#5506,.T.);
#3265=ORIENTED_EDGE('',*,*,#5507,.T.);
#3266=ORIENTED_EDGE('',*,*,#5508,.F.);
#3267=ORIENTED_EDGE('',*,*,#5509,.T.);
#3268=ORIENTED_EDGE('',*,*,#5510,.T.);
#3269=ORIENTED_EDGE('',*,*,#5511,.F.);
#3270=ORIENTED_EDGE('',*,*,#5512,.F.);
#3271=ORIENTED_EDGE('',*,*,#5482,.T.);
#3272=ORIENTED_EDGE('',*,*,#5513,.T.);
#3273=ORIENTED_EDGE('',*,*,#5509,.F.);
#3274=ORIENTED_EDGE('',*,*,#5513,.F.);
#3275=ORIENTED_EDGE('',*,*,#5487,.T.);
#3276=ORIENTED_EDGE('',*,*,#5514,.T.);
#3277=ORIENTED_EDGE('',*,*,#5515,.F.);
#3278=ORIENTED_EDGE('',*,*,#5516,.T.);
#3279=ORIENTED_EDGE('',*,*,#5517,.T.);
#3280=ORIENTED_EDGE('',*,*,#5489,.T.);
#3281=ORIENTED_EDGE('',*,*,#5476,.T.);
#3282=ORIENTED_EDGE('',*,*,#5518,.T.);
#3283=ORIENTED_EDGE('',*,*,#5510,.F.);
#3284=ORIENTED_EDGE('',*,*,#5518,.F.);
#3285=ORIENTED_EDGE('',*,*,#5481,.T.);
#3286=ORIENTED_EDGE('',*,*,#5519,.T.);
#3287=ORIENTED_EDGE('',*,*,#5511,.T.);
#3288=ORIENTED_EDGE('',*,*,#5514,.F.);
#3289=ORIENTED_EDGE('',*,*,#5486,.T.);
#3290=ORIENTED_EDGE('',*,*,#5494,.T.);
#3291=ORIENTED_EDGE('',*,*,#5520,.T.);
#3292=ORIENTED_EDGE('',*,*,#5521,.T.);
#3293=ORIENTED_EDGE('',*,*,#5522,.F.);
#3294=ORIENTED_EDGE('',*,*,#5515,.T.);
#3295=ORIENTED_EDGE('',*,*,#5520,.F.);
#3296=ORIENTED_EDGE('',*,*,#5500,.F.);
#3297=ORIENTED_EDGE('',*,*,#5523,.T.);
#3298=ORIENTED_EDGE('',*,*,#5524,.F.);
#3299=ORIENTED_EDGE('',*,*,#5525,.F.);
#3300=ORIENTED_EDGE('',*,*,#5498,.T.);
#3301=ORIENTED_EDGE('',*,*,#5490,.T.);
#3302=ORIENTED_EDGE('',*,*,#5517,.F.);
#3303=ORIENTED_EDGE('',*,*,#5526,.T.);
#3304=ORIENTED_EDGE('',*,*,#5527,.F.);
#3305=ORIENTED_EDGE('',*,*,#5528,.F.);
#3306=ORIENTED_EDGE('',*,*,#5522,.T.);
#3307=ORIENTED_EDGE('',*,*,#5529,.T.);
#3308=ORIENTED_EDGE('',*,*,#5526,.F.);
#3309=ORIENTED_EDGE('',*,*,#5516,.F.);
#3310=ORIENTED_EDGE('',*,*,#5527,.T.);
#3311=ORIENTED_EDGE('',*,*,#5529,.F.);
#3312=ORIENTED_EDGE('',*,*,#5521,.F.);
#3313=ORIENTED_EDGE('',*,*,#5530,.F.);
#3314=ORIENTED_EDGE('',*,*,#5523,.F.);
#3315=ORIENTED_EDGE('',*,*,#5499,.T.);
#3316=ORIENTED_EDGE('',*,*,#5525,.T.);
#3317=ORIENTED_EDGE('',*,*,#5531,.F.);
#3318=ORIENTED_EDGE('',*,*,#5524,.T.);
#3319=ORIENTED_EDGE('',*,*,#5531,.T.);
#3320=ORIENTED_EDGE('',*,*,#5528,.T.);
#3321=ORIENTED_EDGE('',*,*,#5530,.T.);
#3322=ORIENTED_EDGE('',*,*,#5532,.F.);
#3323=ORIENTED_EDGE('',*,*,#5533,.T.);
#3324=ORIENTED_EDGE('',*,*,#5534,.T.);
#3325=ORIENTED_EDGE('',*,*,#5535,.F.);
#3326=ORIENTED_EDGE('',*,*,#5536,.T.);
#3327=ORIENTED_EDGE('',*,*,#5537,.T.);
#3328=ORIENTED_EDGE('',*,*,#5538,.T.);
#3329=ORIENTED_EDGE('',*,*,#5539,.T.);
#3330=ORIENTED_EDGE('',*,*,#5465,.T.);
#3331=ORIENTED_EDGE('',*,*,#5540,.T.);
#3332=ORIENTED_EDGE('',*,*,#5541,.F.);
#3333=ORIENTED_EDGE('',*,*,#5542,.F.);
#3334=ORIENTED_EDGE('',*,*,#5474,.T.);
#3335=ORIENTED_EDGE('',*,*,#5543,.F.);
#3336=ORIENTED_EDGE('',*,*,#5544,.T.);
#3337=ORIENTED_EDGE('',*,*,#5545,.T.);
#3338=ORIENTED_EDGE('',*,*,#5546,.T.);
#3339=ORIENTED_EDGE('',*,*,#5547,.T.);
#3340=ORIENTED_EDGE('',*,*,#5519,.F.);
#3341=ORIENTED_EDGE('',*,*,#5480,.T.);
#3342=ORIENTED_EDGE('',*,*,#5501,.F.);
#3343=ORIENTED_EDGE('',*,*,#5548,.T.);
#3344=ORIENTED_EDGE('',*,*,#5504,.F.);
#3345=ORIENTED_EDGE('',*,*,#5549,.T.);
#3346=ORIENTED_EDGE('',*,*,#5492,.T.);
#3347=ORIENTED_EDGE('',*,*,#5483,.T.);
#3348=ORIENTED_EDGE('',*,*,#5512,.T.);
#3349=ORIENTED_EDGE('',*,*,#5508,.T.);
#3350=ORIENTED_EDGE('',*,*,#5550,.F.);
#3351=ORIENTED_EDGE('',*,*,#5551,.F.);
#3352=ORIENTED_EDGE('',*,*,#5552,.T.);
#3353=ORIENTED_EDGE('',*,*,#5468,.T.);
#3354=ORIENTED_EDGE('',*,*,#5553,.F.);
#3355=ORIENTED_EDGE('',*,*,#5554,.T.);
#3356=ORIENTED_EDGE('',*,*,#5543,.T.);
#3357=ORIENTED_EDGE('',*,*,#5473,.T.);
#3358=ORIENTED_EDGE('',*,*,#5555,.T.);
#3359=ORIENTED_EDGE('',*,*,#5556,.T.);
#3360=ORIENTED_EDGE('',*,*,#5557,.T.);
#3361=ORIENTED_EDGE('',*,*,#5558,.T.);
#3362=ORIENTED_EDGE('',*,*,#5559,.T.);
#3363=ORIENTED_EDGE('',*,*,#5560,.F.);
#3364=ORIENTED_EDGE('',*,*,#5561,.T.);
#3365=ORIENTED_EDGE('',*,*,#5562,.T.);
#3366=ORIENTED_EDGE('',*,*,#5553,.T.);
#3367=ORIENTED_EDGE('',*,*,#5563,.T.);
#3368=ORIENTED_EDGE('',*,*,#5564,.T.);
#3369=ORIENTED_EDGE('',*,*,#5466,.T.);
#3370=ORIENTED_EDGE('',*,*,#5547,.F.);
#3371=ORIENTED_EDGE('',*,*,#5565,.T.);
#3372=ORIENTED_EDGE('',*,*,#5566,.T.);
#3373=ORIENTED_EDGE('',*,*,#5567,.T.);
#3374=ORIENTED_EDGE('',*,*,#5545,.F.);
#3375=ORIENTED_EDGE('',*,*,#5568,.T.);
#3376=ORIENTED_EDGE('',*,*,#5541,.T.);
#3377=ORIENTED_EDGE('',*,*,#5569,.T.);
#3378=ORIENTED_EDGE('',*,*,#5570,.F.);
#3379=ORIENTED_EDGE('',*,*,#5571,.F.);
#3380=ORIENTED_EDGE('',*,*,#5572,.F.);
#3381=ORIENTED_EDGE('',*,*,#5475,.T.);
#3382=ORIENTED_EDGE('',*,*,#5542,.T.);
#3383=ORIENTED_EDGE('',*,*,#5571,.T.);
#3384=ORIENTED_EDGE('',*,*,#5573,.F.);
#3385=ORIENTED_EDGE('',*,*,#5470,.T.);
#3386=ORIENTED_EDGE('',*,*,#5572,.T.);
#3387=ORIENTED_EDGE('',*,*,#5570,.T.);
#3388=ORIENTED_EDGE('',*,*,#5574,.F.);
#3389=ORIENTED_EDGE('',*,*,#5469,.T.);
#3390=ORIENTED_EDGE('',*,*,#5552,.F.);
#3391=ORIENTED_EDGE('',*,*,#5575,.F.);
#3392=ORIENTED_EDGE('',*,*,#5576,.F.);
#3393=ORIENTED_EDGE('',*,*,#5577,.T.);
#3394=ORIENTED_EDGE('',*,*,#5540,.F.);
#3395=ORIENTED_EDGE('',*,*,#5464,.T.);
#3396=ORIENTED_EDGE('',*,*,#5574,.T.);
#3397=ORIENTED_EDGE('',*,*,#5569,.F.);
#3398=ORIENTED_EDGE('',*,*,#5559,.F.);
#3399=ORIENTED_EDGE('',*,*,#5471,.T.);
#3400=ORIENTED_EDGE('',*,*,#5573,.T.);
#3401=ORIENTED_EDGE('',*,*,#5578,.F.);
#3402=ORIENTED_EDGE('',*,*,#5579,.F.);
#3403=ORIENTED_EDGE('',*,*,#5580,.T.);
#3404=ORIENTED_EDGE('',*,*,#5581,.F.);
#3405=ORIENTED_EDGE('',*,*,#5560,.T.);
#3406=ORIENTED_EDGE('',*,*,#5578,.T.);
#3407=ORIENTED_EDGE('',*,*,#5577,.F.);
#3408=ORIENTED_EDGE('',*,*,#5582,.T.);
#3409=ORIENTED_EDGE('',*,*,#5583,.T.);
#3410=ORIENTED_EDGE('',*,*,#5584,.T.);
#3411=ORIENTED_EDGE('',*,*,#5585,.T.);
#3412=ORIENTED_EDGE('',*,*,#5586,.F.);
#3413=ORIENTED_EDGE('',*,*,#5575,.T.);
#3414=ORIENTED_EDGE('',*,*,#5554,.F.);
#3415=ORIENTED_EDGE('',*,*,#5562,.F.);
#3416=ORIENTED_EDGE('',*,*,#5582,.F.);
#3417=ORIENTED_EDGE('',*,*,#5576,.T.);
#3418=ORIENTED_EDGE('',*,*,#5586,.T.);
#3419=ORIENTED_EDGE('',*,*,#5587,.F.);
#3420=ORIENTED_EDGE('',*,*,#5585,.F.);
#3421=ORIENTED_EDGE('',*,*,#5588,.T.);
#3422=ORIENTED_EDGE('',*,*,#5579,.T.);
#3423=ORIENTED_EDGE('',*,*,#5587,.T.);
#3424=ORIENTED_EDGE('',*,*,#5581,.T.);
#3425=ORIENTED_EDGE('',*,*,#5589,.T.);
#3426=ORIENTED_EDGE('',*,*,#5583,.F.);
#3427=ORIENTED_EDGE('',*,*,#5561,.F.);
#3428=ORIENTED_EDGE('',*,*,#5580,.F.);
#3429=ORIENTED_EDGE('',*,*,#5588,.F.);
#3430=ORIENTED_EDGE('',*,*,#5584,.F.);
#3431=ORIENTED_EDGE('',*,*,#5589,.F.);
#3432=ORIENTED_EDGE('',*,*,#5590,.F.);
#3433=ORIENTED_EDGE('',*,*,#5591,.T.);
#3434=ORIENTED_EDGE('',*,*,#5592,.T.);
#3435=ORIENTED_EDGE('',*,*,#5593,.F.);
#3436=ORIENTED_EDGE('',*,*,#5594,.F.);
#3437=ORIENTED_EDGE('',*,*,#5595,.F.);
#3438=ORIENTED_EDGE('',*,*,#5596,.T.);
#3439=ORIENTED_EDGE('',*,*,#5597,.T.);
#3440=ORIENTED_EDGE('',*,*,#5598,.T.);
#3441=ORIENTED_EDGE('',*,*,#5599,.F.);
#3442=ORIENTED_EDGE('',*,*,#5592,.F.);
#3443=ORIENTED_EDGE('',*,*,#5600,.T.);
#3444=ORIENTED_EDGE('',*,*,#5601,.F.);
#3445=ORIENTED_EDGE('',*,*,#5602,.T.);
#3446=ORIENTED_EDGE('',*,*,#5603,.T.);
#3447=ORIENTED_EDGE('',*,*,#5604,.T.);
#3448=ORIENTED_EDGE('',*,*,#5538,.F.);
#3449=ORIENTED_EDGE('',*,*,#5537,.F.);
#3450=ORIENTED_EDGE('',*,*,#5536,.F.);
#3451=ORIENTED_EDGE('',*,*,#5535,.T.);
#3452=ORIENTED_EDGE('',*,*,#5534,.F.);
#3453=ORIENTED_EDGE('',*,*,#5605,.T.);
#3454=ORIENTED_EDGE('',*,*,#5606,.F.);
#3455=ORIENTED_EDGE('',*,*,#5607,.T.);
#3456=ORIENTED_EDGE('',*,*,#5601,.T.);
#3457=ORIENTED_EDGE('',*,*,#5608,.T.);
#3458=ORIENTED_EDGE('',*,*,#5609,.F.);
#3459=ORIENTED_EDGE('',*,*,#5610,.F.);
#3460=ORIENTED_EDGE('',*,*,#5606,.T.);
#3461=ORIENTED_EDGE('',*,*,#5611,.T.);
#3462=ORIENTED_EDGE('',*,*,#5590,.T.);
#3463=ORIENTED_EDGE('',*,*,#5612,.T.);
#3464=ORIENTED_EDGE('',*,*,#5613,.F.);
#3465=ORIENTED_EDGE('',*,*,#5614,.F.);
#3466=ORIENTED_EDGE('',*,*,#5613,.T.);
#3467=ORIENTED_EDGE('',*,*,#5615,.T.);
#3468=ORIENTED_EDGE('',*,*,#5598,.F.);
#3469=ORIENTED_EDGE('',*,*,#5616,.F.);
#3470=ORIENTED_EDGE('',*,*,#5602,.F.);
#3471=ORIENTED_EDGE('',*,*,#5607,.F.);
#3472=ORIENTED_EDGE('',*,*,#5614,.T.);
#3473=ORIENTED_EDGE('',*,*,#5616,.T.);
#3474=ORIENTED_EDGE('',*,*,#5609,.T.);
#3475=ORIENTED_EDGE('',*,*,#5617,.F.);
#3476=ORIENTED_EDGE('',*,*,#5618,.T.);
#3477=ORIENTED_EDGE('',*,*,#5619,.T.);
#3478=ORIENTED_EDGE('',*,*,#5597,.F.);
#3479=ORIENTED_EDGE('',*,*,#5620,.F.);
#3480=ORIENTED_EDGE('',*,*,#5621,.F.);
#3481=ORIENTED_EDGE('',*,*,#5622,.T.);
#3482=ORIENTED_EDGE('',*,*,#5603,.F.);
#3483=ORIENTED_EDGE('',*,*,#5623,.T.);
#3484=ORIENTED_EDGE('',*,*,#5595,.T.);
#3485=ORIENTED_EDGE('',*,*,#5624,.F.);
#3486=ORIENTED_EDGE('',*,*,#5620,.T.);
#3487=ORIENTED_EDGE('',*,*,#5596,.F.);
#3488=ORIENTED_EDGE('',*,*,#5623,.F.);
#3489=ORIENTED_EDGE('',*,*,#5610,.T.);
#3490=ORIENTED_EDGE('',*,*,#5625,.T.);
#3491=ORIENTED_EDGE('',*,*,#5600,.F.);
#3492=ORIENTED_EDGE('',*,*,#5626,.T.);
#3493=ORIENTED_EDGE('',*,*,#5617,.T.);
#3494=ORIENTED_EDGE('',*,*,#5608,.F.);
#3495=ORIENTED_EDGE('',*,*,#5627,.T.);
#3496=ORIENTED_EDGE('',*,*,#5628,.T.);
#3497=ORIENTED_EDGE('',*,*,#5629,.F.);
#3498=ORIENTED_EDGE('',*,*,#5630,.F.);
#3499=ORIENTED_EDGE('',*,*,#5631,.T.);
#3500=ORIENTED_EDGE('',*,*,#5550,.T.);
#3501=ORIENTED_EDGE('',*,*,#5625,.F.);
#3502=ORIENTED_EDGE('',*,*,#5551,.T.);
#3503=ORIENTED_EDGE('',*,*,#5627,.F.);
#3504=ORIENTED_EDGE('',*,*,#5628,.F.);
#3505=ORIENTED_EDGE('',*,*,#5632,.T.);
#3506=ORIENTED_EDGE('',*,*,#5599,.T.);
#3507=ORIENTED_EDGE('',*,*,#5615,.F.);
#3508=ORIENTED_EDGE('',*,*,#5612,.F.);
#3509=ORIENTED_EDGE('',*,*,#5593,.T.);
#3510=ORIENTED_EDGE('',*,*,#5629,.T.);
#3511=ORIENTED_EDGE('',*,*,#5633,.T.);
#3512=ORIENTED_EDGE('',*,*,#5619,.F.);
#3513=ORIENTED_EDGE('',*,*,#5634,.F.);
#3514=ORIENTED_EDGE('',*,*,#5624,.T.);
#3515=ORIENTED_EDGE('',*,*,#5594,.T.);
#3516=ORIENTED_EDGE('',*,*,#5633,.F.);
#3517=ORIENTED_EDGE('',*,*,#5632,.F.);
#3518=ORIENTED_EDGE('',*,*,#5630,.T.);
#3519=ORIENTED_EDGE('',*,*,#5635,.F.);
#3520=ORIENTED_EDGE('',*,*,#5618,.F.);
#3521=ORIENTED_EDGE('',*,*,#5636,.T.);
#3522=ORIENTED_EDGE('',*,*,#5621,.T.);
#3523=ORIENTED_EDGE('',*,*,#5634,.T.);
#3524=ORIENTED_EDGE('',*,*,#5631,.F.);
#3525=ORIENTED_EDGE('',*,*,#5637,.F.);
#3526=ORIENTED_EDGE('',*,*,#5637,.T.);
#3527=ORIENTED_EDGE('',*,*,#5635,.T.);
#3528=ORIENTED_EDGE('',*,*,#5605,.F.);
#3529=ORIENTED_EDGE('',*,*,#5533,.F.);
#3530=ORIENTED_EDGE('',*,*,#5638,.F.);
#3531=ORIENTED_EDGE('',*,*,#5639,.F.);
#3532=ORIENTED_EDGE('',*,*,#5611,.F.);
#3533=ORIENTED_EDGE('',*,*,#5639,.T.);
#3534=ORIENTED_EDGE('',*,*,#5640,.F.);
#3535=ORIENTED_EDGE('',*,*,#5641,.F.);
#3536=ORIENTED_EDGE('',*,*,#5636,.F.);
#3537=ORIENTED_EDGE('',*,*,#5626,.F.);
#3538=ORIENTED_EDGE('',*,*,#5591,.F.);
#3539=ORIENTED_EDGE('',*,*,#5641,.T.);
#3540=ORIENTED_EDGE('',*,*,#5642,.F.);
#3541=ORIENTED_EDGE('',*,*,#5539,.F.);
#3542=ORIENTED_EDGE('',*,*,#5604,.F.);
#3543=ORIENTED_EDGE('',*,*,#5622,.F.);
#3544=ORIENTED_EDGE('',*,*,#5478,.T.);
#3545=ORIENTED_EDGE('',*,*,#5497,.F.);
#3546=ORIENTED_EDGE('',*,*,#5643,.F.);
#3547=ORIENTED_EDGE('',*,*,#5502,.F.);
#3548=ORIENTED_EDGE('',*,*,#5548,.F.);
#3549=ORIENTED_EDGE('',*,*,#5503,.F.);
#3550=ORIENTED_EDGE('',*,*,#5644,.F.);
#3551=ORIENTED_EDGE('',*,*,#5505,.F.);
#3552=ORIENTED_EDGE('',*,*,#5644,.T.);
#3553=ORIENTED_EDGE('',*,*,#5643,.T.);
#3554=ORIENTED_EDGE('',*,*,#5645,.F.);
#3555=ORIENTED_EDGE('',*,*,#5645,.T.);
#3556=ORIENTED_EDGE('',*,*,#5496,.F.);
#3557=ORIENTED_EDGE('',*,*,#5646,.F.);
#3558=ORIENTED_EDGE('',*,*,#5506,.F.);
#3559=ORIENTED_EDGE('',*,*,#5549,.F.);
#3560=ORIENTED_EDGE('',*,*,#5507,.F.);
#3561=ORIENTED_EDGE('',*,*,#5647,.F.);
#3562=ORIENTED_EDGE('',*,*,#5493,.F.);
#3563=ORIENTED_EDGE('',*,*,#5647,.T.);
#3564=ORIENTED_EDGE('',*,*,#5646,.T.);
#3565=ORIENTED_EDGE('',*,*,#5648,.F.);
#3566=ORIENTED_EDGE('',*,*,#5648,.T.);
#3567=ORIENTED_EDGE('',*,*,#5495,.F.);
#3568=ORIENTED_EDGE('',*,*,#5485,.T.);
#3569=ORIENTED_EDGE('',*,*,#5491,.F.);
#3570=ORIENTED_EDGE('',*,*,#5546,.F.);
#3571=ORIENTED_EDGE('',*,*,#5567,.F.);
#3572=ORIENTED_EDGE('',*,*,#5649,.F.);
#3573=ORIENTED_EDGE('',*,*,#5565,.F.);
#3574=ORIENTED_EDGE('',*,*,#5467,.T.);
#3575=ORIENTED_EDGE('',*,*,#5564,.F.);
#3576=ORIENTED_EDGE('',*,*,#5650,.F.);
#3577=ORIENTED_EDGE('',*,*,#5563,.F.);
#3578=ORIENTED_EDGE('',*,*,#5650,.T.);
#3579=ORIENTED_EDGE('',*,*,#5649,.T.);
#3580=ORIENTED_EDGE('',*,*,#5651,.F.);
#3581=ORIENTED_EDGE('',*,*,#5544,.F.);
#3582=ORIENTED_EDGE('',*,*,#5556,.F.);
#3583=ORIENTED_EDGE('',*,*,#5652,.F.);
#3584=ORIENTED_EDGE('',*,*,#5568,.F.);
#3585=ORIENTED_EDGE('',*,*,#5651,.T.);
#3586=ORIENTED_EDGE('',*,*,#5566,.F.);
#3587=ORIENTED_EDGE('',*,*,#5653,.F.);
#3588=ORIENTED_EDGE('',*,*,#5557,.F.);
#3589=ORIENTED_EDGE('',*,*,#5653,.T.);
#3590=ORIENTED_EDGE('',*,*,#5652,.T.);
#3591=ORIENTED_EDGE('',*,*,#5654,.F.);
#3592=ORIENTED_EDGE('',*,*,#5654,.T.);
#3593=ORIENTED_EDGE('',*,*,#5555,.F.);
#3594=ORIENTED_EDGE('',*,*,#5472,.T.);
#3595=ORIENTED_EDGE('',*,*,#5558,.F.);
#3596=ORIENTED_EDGE('',*,*,#5638,.T.);
#3597=ORIENTED_EDGE('',*,*,#5655,.F.);
#3598=ORIENTED_EDGE('',*,*,#5656,.F.);
#3599=ORIENTED_EDGE('',*,*,#5657,.T.);
#3600=ORIENTED_EDGE('',*,*,#5532,.T.);
#3601=ORIENTED_EDGE('',*,*,#5658,.F.);
#3602=ORIENTED_EDGE('',*,*,#5659,.F.);
#3603=ORIENTED_EDGE('',*,*,#5655,.T.);
#3604=ORIENTED_EDGE('',*,*,#5642,.T.);
#3605=ORIENTED_EDGE('',*,*,#5660,.F.);
#3606=ORIENTED_EDGE('',*,*,#5661,.F.);
#3607=ORIENTED_EDGE('',*,*,#5658,.T.);
#3608=ORIENTED_EDGE('',*,*,#5640,.T.);
#3609=ORIENTED_EDGE('',*,*,#5657,.F.);
#3610=ORIENTED_EDGE('',*,*,#5662,.F.);
#3611=ORIENTED_EDGE('',*,*,#5660,.T.);
#3612=ORIENTED_EDGE('',*,*,#5663,.F.);
#3613=ORIENTED_EDGE('',*,*,#5664,.F.);
#3614=ORIENTED_EDGE('',*,*,#5453,.F.);
#3615=ORIENTED_EDGE('',*,*,#5665,.F.);
#3616=ORIENTED_EDGE('',*,*,#5656,.T.);
#3617=ORIENTED_EDGE('',*,*,#5659,.T.);
#3618=ORIENTED_EDGE('',*,*,#5661,.T.);
#3619=ORIENTED_EDGE('',*,*,#5662,.T.);
#3620=ORIENTED_EDGE('',*,*,#5666,.F.);
#3621=ORIENTED_EDGE('',*,*,#5663,.T.);
#3622=ORIENTED_EDGE('',*,*,#5667,.T.);
#3623=ORIENTED_EDGE('',*,*,#5463,.F.);
#3624=ORIENTED_EDGE('',*,*,#5668,.T.);
#3625=ORIENTED_EDGE('',*,*,#5669,.T.);
#3626=ORIENTED_EDGE('',*,*,#5670,.F.);
#3627=ORIENTED_EDGE('',*,*,#5671,.F.);
#3628=ORIENTED_EDGE('',*,*,#5672,.T.);
#3629=ORIENTED_EDGE('',*,*,#5673,.F.);
#3630=ORIENTED_EDGE('',*,*,#5674,.F.);
#3631=ORIENTED_EDGE('',*,*,#5670,.T.);
#3632=ORIENTED_EDGE('',*,*,#5675,.F.);
#3633=ORIENTED_EDGE('',*,*,#5676,.F.);
#3634=ORIENTED_EDGE('',*,*,#5677,.F.);
#3635=ORIENTED_EDGE('',*,*,#5678,.T.);
#3636=ORIENTED_EDGE('',*,*,#5671,.T.);
#3637=ORIENTED_EDGE('',*,*,#5674,.T.);
#3638=ORIENTED_EDGE('',*,*,#5679,.F.);
#3639=ORIENTED_EDGE('',*,*,#5680,.T.);
#3640=ORIENTED_EDGE('',*,*,#5681,.T.);
#3641=ORIENTED_EDGE('',*,*,#5682,.T.);
#3642=ORIENTED_EDGE('',*,*,#5683,.T.);
#3643=ORIENTED_EDGE('',*,*,#5679,.T.);
#3644=ORIENTED_EDGE('',*,*,#5675,.T.);
#3645=ORIENTED_EDGE('',*,*,#5669,.F.);
#3646=ORIENTED_EDGE('',*,*,#5684,.T.);
#3647=ORIENTED_EDGE('',*,*,#5685,.F.);
#3648=ORIENTED_EDGE('',*,*,#5676,.T.);
#3649=ORIENTED_EDGE('',*,*,#5686,.F.);
#3650=ORIENTED_EDGE('',*,*,#5687,.T.);
#3651=ORIENTED_EDGE('',*,*,#5677,.T.);
#3652=ORIENTED_EDGE('',*,*,#5685,.T.);
#3653=ORIENTED_EDGE('',*,*,#5688,.F.);
#3654=ORIENTED_EDGE('',*,*,#5689,.T.);
#3655=ORIENTED_EDGE('',*,*,#5690,.F.);
#3656=ORIENTED_EDGE('',*,*,#5691,.T.);
#3657=ORIENTED_EDGE('',*,*,#5692,.T.);
#3658=ORIENTED_EDGE('',*,*,#5688,.T.);
#3659=ORIENTED_EDGE('',*,*,#5686,.T.);
#3660=ORIENTED_EDGE('',*,*,#5681,.F.);
#3661=ORIENTED_EDGE('',*,*,#5693,.T.);
#3662=ORIENTED_EDGE('',*,*,#5694,.T.);
#3663=ORIENTED_EDGE('',*,*,#5695,.T.);
#3664=ORIENTED_EDGE('',*,*,#5696,.F.);
#3665=ORIENTED_EDGE('',*,*,#5697,.F.);
#3666=ORIENTED_EDGE('',*,*,#5698,.T.);
#3667=ORIENTED_EDGE('',*,*,#5699,.F.);
#3668=ORIENTED_EDGE('',*,*,#5700,.F.);
#3669=ORIENTED_EDGE('',*,*,#5696,.T.);
#3670=ORIENTED_EDGE('',*,*,#5701,.F.);
#3671=ORIENTED_EDGE('',*,*,#5702,.T.);
#3672=ORIENTED_EDGE('',*,*,#5703,.T.);
#3673=ORIENTED_EDGE('',*,*,#5697,.T.);
#3674=ORIENTED_EDGE('',*,*,#5700,.T.);
#3675=ORIENTED_EDGE('',*,*,#5704,.F.);
#3676=ORIENTED_EDGE('',*,*,#5705,.T.);
#3677=ORIENTED_EDGE('',*,*,#5706,.F.);
#3678=ORIENTED_EDGE('',*,*,#5707,.F.);
#3679=ORIENTED_EDGE('',*,*,#5708,.T.);
#3680=ORIENTED_EDGE('',*,*,#5704,.T.);
#3681=ORIENTED_EDGE('',*,*,#5701,.T.);
#3682=ORIENTED_EDGE('',*,*,#5695,.F.);
#3683=ORIENTED_EDGE('',*,*,#5709,.T.);
#3684=ORIENTED_EDGE('',*,*,#5710,.T.);
#3685=ORIENTED_EDGE('',*,*,#5711,.F.);
#3686=ORIENTED_EDGE('',*,*,#5706,.T.);
#3687=ORIENTED_EDGE('',*,*,#5712,.F.);
#3688=ORIENTED_EDGE('',*,*,#5713,.T.);
#3689=ORIENTED_EDGE('',*,*,#5714,.T.);
#3690=ORIENTED_EDGE('',*,*,#5707,.T.);
#3691=ORIENTED_EDGE('',*,*,#5711,.T.);
#3692=ORIENTED_EDGE('',*,*,#5715,.F.);
#3693=ORIENTED_EDGE('',*,*,#5716,.T.);
#3694=ORIENTED_EDGE('',*,*,#5717,.T.);
#3695=ORIENTED_EDGE('',*,*,#5715,.T.);
#3696=ORIENTED_EDGE('',*,*,#5712,.T.);
#3697=ORIENTED_EDGE('',*,*,#5710,.F.);
#3698=ORIENTED_EDGE('',*,*,#5718,.T.);
#3699=ORIENTED_EDGE('',*,*,#5719,.F.);
#3700=ORIENTED_EDGE('',*,*,#5720,.F.);
#3701=ORIENTED_EDGE('',*,*,#5721,.F.);
#3702=ORIENTED_EDGE('',*,*,#5722,.T.);
#3703=ORIENTED_EDGE('',*,*,#5721,.T.);
#3704=ORIENTED_EDGE('',*,*,#5723,.F.);
#3705=ORIENTED_EDGE('',*,*,#5720,.T.);
#3706=ORIENTED_EDGE('',*,*,#5724,.T.);
#3707=ORIENTED_EDGE('',*,*,#5725,.T.);
#3708=ORIENTED_EDGE('',*,*,#5726,.F.);
#3709=ORIENTED_EDGE('',*,*,#5725,.F.);
#3710=ORIENTED_EDGE('',*,*,#5727,.T.);
#3711=ORIENTED_EDGE('',*,*,#5724,.F.);
#3712=ORIENTED_EDGE('',*,*,#5728,.F.);
#3713=ORIENTED_EDGE('',*,*,#5729,.T.);
#3714=ORIENTED_EDGE('',*,*,#5730,.F.);
#3715=ORIENTED_EDGE('',*,*,#5731,.T.);
#3716=ORIENTED_EDGE('',*,*,#5732,.T.);
#3717=ORIENTED_EDGE('',*,*,#5733,.F.);
#3718=ORIENTED_EDGE('',*,*,#5460,.F.);
#3719=ORIENTED_EDGE('',*,*,#5734,.T.);
#3720=ORIENTED_EDGE('',*,*,#5731,.F.);
#3721=ORIENTED_EDGE('',*,*,#5729,.F.);
#3722=ORIENTED_EDGE('',*,*,#5727,.F.);
#3723=ORIENTED_EDGE('',*,*,#5726,.T.);
#3724=ORIENTED_EDGE('',*,*,#5723,.T.);
#3725=ORIENTED_EDGE('',*,*,#5722,.F.);
#3726=ORIENTED_EDGE('',*,*,#5680,.F.);
#3727=ORIENTED_EDGE('',*,*,#5683,.F.);
#3728=ORIENTED_EDGE('',*,*,#5735,.T.);
#3729=ORIENTED_EDGE('',*,*,#5693,.F.);
#3730=ORIENTED_EDGE('',*,*,#5736,.F.);
#3731=ORIENTED_EDGE('',*,*,#5737,.F.);
#3732=ORIENTED_EDGE('',*,*,#5702,.F.);
#3733=ORIENTED_EDGE('',*,*,#5738,.T.);
#3734=ORIENTED_EDGE('',*,*,#5713,.F.);
#3735=ORIENTED_EDGE('',*,*,#5739,.T.);
#3736=ORIENTED_EDGE('',*,*,#5740,.T.);
#3737=ORIENTED_EDGE('',*,*,#5741,.F.);
#3738=ORIENTED_EDGE('',*,*,#5691,.F.);
#3739=ORIENTED_EDGE('',*,*,#5735,.F.);
#3740=ORIENTED_EDGE('',*,*,#5682,.F.);
#3741=ORIENTED_EDGE('',*,*,#5742,.T.);
#3742=ORIENTED_EDGE('',*,*,#5458,.F.);
#3743=ORIENTED_EDGE('',*,*,#5743,.T.);
#3744=ORIENTED_EDGE('',*,*,#5744,.F.);
#3745=ORIENTED_EDGE('',*,*,#5745,.F.);
#3746=ORIENTED_EDGE('',*,*,#5746,.F.);
#3747=ORIENTED_EDGE('',*,*,#5747,.F.);
#3748=ORIENTED_EDGE('',*,*,#5748,.T.);
#3749=ORIENTED_EDGE('',*,*,#5749,.F.);
#3750=ORIENTED_EDGE('',*,*,#5730,.T.);
#3751=ORIENTED_EDGE('',*,*,#5728,.T.);
#3752=ORIENTED_EDGE('',*,*,#5738,.F.);
#3753=ORIENTED_EDGE('',*,*,#5705,.F.);
#3754=ORIENTED_EDGE('',*,*,#5708,.F.);
#3755=ORIENTED_EDGE('',*,*,#5714,.F.);
#3756=ORIENTED_EDGE('',*,*,#5734,.F.);
#3757=ORIENTED_EDGE('',*,*,#5459,.F.);
#3758=ORIENTED_EDGE('',*,*,#5749,.T.);
#3759=ORIENTED_EDGE('',*,*,#5748,.F.);
#3760=ORIENTED_EDGE('',*,*,#5747,.T.);
#3761=ORIENTED_EDGE('',*,*,#5746,.T.);
#3762=ORIENTED_EDGE('',*,*,#5745,.T.);
#3763=ORIENTED_EDGE('',*,*,#5750,.F.);
#3764=ORIENTED_EDGE('',*,*,#5733,.T.);
#3765=ORIENTED_EDGE('',*,*,#5751,.T.);
#3766=ORIENTED_EDGE('',*,*,#5752,.T.);
#3767=ORIENTED_EDGE('',*,*,#5461,.F.);
#3768=ORIENTED_EDGE('',*,*,#5744,.T.);
#3769=ORIENTED_EDGE('',*,*,#5753,.F.);
#3770=ORIENTED_EDGE('',*,*,#5455,.T.);
#3771=ORIENTED_EDGE('',*,*,#5754,.F.);
#3772=ORIENTED_EDGE('',*,*,#5751,.F.);
#3773=ORIENTED_EDGE('',*,*,#5732,.F.);
#3774=ORIENTED_EDGE('',*,*,#5750,.T.);
#3775=ORIENTED_EDGE('',*,*,#5718,.F.);
#3776=ORIENTED_EDGE('',*,*,#5709,.F.);
#3777=ORIENTED_EDGE('',*,*,#5694,.F.);
#3778=ORIENTED_EDGE('',*,*,#5755,.F.);
#3779=ORIENTED_EDGE('',*,*,#5672,.F.);
#3780=ORIENTED_EDGE('',*,*,#5678,.F.);
#3781=ORIENTED_EDGE('',*,*,#5687,.F.);
#3782=ORIENTED_EDGE('',*,*,#5756,.F.);
#3783=ORIENTED_EDGE('',*,*,#5757,.T.);
#3784=ORIENTED_EDGE('',*,*,#5739,.F.);
#3785=ORIENTED_EDGE('',*,*,#5716,.F.);
#3786=ORIENTED_EDGE('',*,*,#5717,.F.);
#3787=ORIENTED_EDGE('',*,*,#5698,.F.);
#3788=ORIENTED_EDGE('',*,*,#5703,.F.);
#3789=ORIENTED_EDGE('',*,*,#5737,.T.);
#3790=ORIENTED_EDGE('',*,*,#5758,.F.);
#3791=ORIENTED_EDGE('',*,*,#5759,.T.);
#3792=ORIENTED_EDGE('',*,*,#5742,.F.);
#3793=ORIENTED_EDGE('',*,*,#5684,.F.);
#3794=ORIENTED_EDGE('',*,*,#5668,.F.);
#3795=ORIENTED_EDGE('',*,*,#5689,.F.);
#3796=ORIENTED_EDGE('',*,*,#5692,.F.);
#3797=ORIENTED_EDGE('',*,*,#5741,.T.);
#3798=ORIENTED_EDGE('',*,*,#5760,.F.);
#3799=ORIENTED_EDGE('',*,*,#5699,.T.);
#3800=ORIENTED_EDGE('',*,*,#5758,.T.);
#3801=ORIENTED_EDGE('',*,*,#5736,.T.);
#3802=ORIENTED_EDGE('',*,*,#5757,.F.);
#3803=ORIENTED_EDGE('',*,*,#5719,.T.);
#3804=ORIENTED_EDGE('',*,*,#5755,.T.);
#3805=ORIENTED_EDGE('',*,*,#5690,.T.);
#3806=ORIENTED_EDGE('',*,*,#5760,.T.);
#3807=ORIENTED_EDGE('',*,*,#5740,.F.);
#3808=ORIENTED_EDGE('',*,*,#5759,.F.);
#3809=ORIENTED_EDGE('',*,*,#5673,.T.);
#3810=ORIENTED_EDGE('',*,*,#5756,.T.);
#3811=ORIENTED_EDGE('',*,*,#5743,.F.);
#3812=ORIENTED_EDGE('',*,*,#5457,.F.);
#3813=ORIENTED_EDGE('',*,*,#5667,.F.);
#3814=ORIENTED_EDGE('',*,*,#5665,.T.);
#3815=ORIENTED_EDGE('',*,*,#5456,.T.);
#3816=ORIENTED_EDGE('',*,*,#5753,.T.);
#3817=ORIENTED_EDGE('',*,*,#5462,.F.);
#3818=ORIENTED_EDGE('',*,*,#5752,.F.);
#3819=ORIENTED_EDGE('',*,*,#5754,.T.);
#3820=ORIENTED_EDGE('',*,*,#5761,.T.);
#3821=ORIENTED_EDGE('',*,*,#5761,.F.);
#3822=ORIENTED_EDGE('',*,*,#5454,.F.);
#3823=ORIENTED_EDGE('',*,*,#5664,.T.);
#3824=ORIENTED_EDGE('',*,*,#5666,.T.);
#3825=ORIENTED_EDGE('',*,*,#5762,.F.);
#3826=ORIENTED_EDGE('',*,*,#5763,.F.);
#3827=ORIENTED_EDGE('',*,*,#5764,.T.);
#3828=ORIENTED_EDGE('',*,*,#5765,.F.);
#3829=ORIENTED_EDGE('',*,*,#5766,.F.);
#3830=ORIENTED_EDGE('',*,*,#5764,.F.);
#3831=ORIENTED_EDGE('',*,*,#5767,.F.);
#3832=ORIENTED_EDGE('',*,*,#5762,.T.);
#3833=ORIENTED_EDGE('',*,*,#5768,.T.);
#3834=ORIENTED_EDGE('',*,*,#5769,.F.);
#3835=ORIENTED_EDGE('',*,*,#5765,.T.);
#3836=ORIENTED_EDGE('',*,*,#5766,.T.);
#3837=ORIENTED_EDGE('',*,*,#5770,.T.);
#3838=ORIENTED_EDGE('',*,*,#5768,.F.);
#3839=ORIENTED_EDGE('',*,*,#5763,.T.);
#3840=ORIENTED_EDGE('',*,*,#5769,.T.);
#3841=ORIENTED_EDGE('',*,*,#5770,.F.);
#3842=ORIENTED_EDGE('',*,*,#5767,.T.);
#3843=ORIENTED_EDGE('',*,*,#5771,.F.);
#3844=ORIENTED_EDGE('',*,*,#5772,.T.);
#3845=ORIENTED_EDGE('',*,*,#5773,.T.);
#3846=ORIENTED_EDGE('',*,*,#5774,.F.);
#3847=ORIENTED_EDGE('',*,*,#5775,.F.);
#3848=ORIENTED_EDGE('',*,*,#5776,.T.);
#3849=ORIENTED_EDGE('',*,*,#5777,.T.);
#3850=ORIENTED_EDGE('',*,*,#5778,.T.);
#3851=ORIENTED_EDGE('',*,*,#5779,.F.);
#3852=ORIENTED_EDGE('',*,*,#5780,.F.);
#3853=ORIENTED_EDGE('',*,*,#5781,.T.);
#3854=ORIENTED_EDGE('',*,*,#5782,.F.);
#3855=ORIENTED_EDGE('',*,*,#5779,.T.);
#3856=ORIENTED_EDGE('',*,*,#5783,.T.);
#3857=ORIENTED_EDGE('',*,*,#5777,.F.);
#3858=ORIENTED_EDGE('',*,*,#5784,.F.);
#3859=ORIENTED_EDGE('',*,*,#5780,.T.);
#3860=ORIENTED_EDGE('',*,*,#5782,.T.);
#3861=ORIENTED_EDGE('',*,*,#5776,.F.);
#3862=ORIENTED_EDGE('',*,*,#5785,.F.);
#3863=ORIENTED_EDGE('',*,*,#5786,.F.);
#3864=ORIENTED_EDGE('',*,*,#5773,.F.);
#3865=ORIENTED_EDGE('',*,*,#5787,.T.);
#3866=ORIENTED_EDGE('',*,*,#5774,.T.);
#3867=ORIENTED_EDGE('',*,*,#5783,.F.);
#3868=ORIENTED_EDGE('',*,*,#5778,.F.);
#3869=ORIENTED_EDGE('',*,*,#5788,.T.);
#3870=ORIENTED_EDGE('',*,*,#5789,.F.);
#3871=ORIENTED_EDGE('',*,*,#5785,.T.);
#3872=ORIENTED_EDGE('',*,*,#5775,.T.);
#3873=ORIENTED_EDGE('',*,*,#5787,.F.);
#3874=ORIENTED_EDGE('',*,*,#5772,.F.);
#3875=ORIENTED_EDGE('',*,*,#5788,.F.);
#3876=ORIENTED_EDGE('',*,*,#5781,.F.);
#3877=ORIENTED_EDGE('',*,*,#5784,.T.);
#3878=ORIENTED_EDGE('',*,*,#5790,.F.);
#3879=ORIENTED_EDGE('',*,*,#5789,.T.);
#3880=ORIENTED_EDGE('',*,*,#5790,.T.);
#3881=ORIENTED_EDGE('',*,*,#5786,.T.);
#3882=ORIENTED_EDGE('',*,*,#5771,.T.);
#3883=ORIENTED_EDGE('',*,*,#5791,.T.);
#3884=ORIENTED_EDGE('',*,*,#5792,.F.);
#3885=ORIENTED_EDGE('',*,*,#5793,.T.);
#3886=ORIENTED_EDGE('',*,*,#5794,.T.);
#3887=ORIENTED_EDGE('',*,*,#5795,.T.);
#3888=ORIENTED_EDGE('',*,*,#5796,.F.);
#3889=ORIENTED_EDGE('',*,*,#5797,.F.);
#3890=ORIENTED_EDGE('',*,*,#5798,.F.);
#3891=ORIENTED_EDGE('',*,*,#5799,.T.);
#3892=ORIENTED_EDGE('',*,*,#5800,.F.);
#3893=ORIENTED_EDGE('',*,*,#5801,.F.);
#3894=ORIENTED_EDGE('',*,*,#5796,.T.);
#3895=ORIENTED_EDGE('',*,*,#5802,.F.);
#3896=ORIENTED_EDGE('',*,*,#5803,.F.);
#3897=ORIENTED_EDGE('',*,*,#5804,.T.);
#3898=ORIENTED_EDGE('',*,*,#5805,.T.);
#3899=ORIENTED_EDGE('',*,*,#5797,.T.);
#3900=ORIENTED_EDGE('',*,*,#5801,.T.);
#3901=ORIENTED_EDGE('',*,*,#5806,.F.);
#3902=ORIENTED_EDGE('',*,*,#5804,.F.);
#3903=ORIENTED_EDGE('',*,*,#5807,.T.);
#3904=ORIENTED_EDGE('',*,*,#5793,.F.);
#3905=ORIENTED_EDGE('',*,*,#5808,.F.);
#3906=ORIENTED_EDGE('',*,*,#5802,.T.);
#3907=ORIENTED_EDGE('',*,*,#5809,.T.);
#3908=ORIENTED_EDGE('',*,*,#5799,.F.);
#3909=ORIENTED_EDGE('',*,*,#5795,.F.);
#3910=ORIENTED_EDGE('',*,*,#5810,.F.);
#3911=ORIENTED_EDGE('',*,*,#5791,.F.);
#3912=ORIENTED_EDGE('',*,*,#5807,.F.);
#3913=ORIENTED_EDGE('',*,*,#5803,.T.);
#3914=ORIENTED_EDGE('',*,*,#5808,.T.);
#3915=ORIENTED_EDGE('',*,*,#5794,.F.);
#3916=ORIENTED_EDGE('',*,*,#5800,.T.);
#3917=ORIENTED_EDGE('',*,*,#5809,.F.);
#3918=ORIENTED_EDGE('',*,*,#5805,.F.);
#3919=ORIENTED_EDGE('',*,*,#5806,.T.);
#3920=ORIENTED_EDGE('',*,*,#5810,.T.);
#3921=ORIENTED_EDGE('',*,*,#5798,.T.);
#3922=ORIENTED_EDGE('',*,*,#5792,.T.);
#3923=ORIENTED_EDGE('',*,*,#5811,.T.);
#3924=ORIENTED_EDGE('',*,*,#5812,.F.);
#3925=ORIENTED_EDGE('',*,*,#5813,.F.);
#3926=ORIENTED_EDGE('',*,*,#5814,.F.);
#3927=ORIENTED_EDGE('',*,*,#5815,.F.);
#3928=ORIENTED_EDGE('',*,*,#5816,.F.);
#3929=ORIENTED_EDGE('',*,*,#5817,.T.);
#3930=ORIENTED_EDGE('',*,*,#5811,.F.);
#3931=ORIENTED_EDGE('',*,*,#5812,.T.);
#3932=ORIENTED_EDGE('',*,*,#5817,.F.);
#3933=ORIENTED_EDGE('',*,*,#5818,.F.);
#3934=ORIENTED_EDGE('',*,*,#5814,.T.);
#3935=ORIENTED_EDGE('',*,*,#5819,.T.);
#3936=ORIENTED_EDGE('',*,*,#5815,.T.);
#3937=ORIENTED_EDGE('',*,*,#5813,.T.);
#3938=ORIENTED_EDGE('',*,*,#5818,.T.);
#3939=ORIENTED_EDGE('',*,*,#5816,.T.);
#3940=ORIENTED_EDGE('',*,*,#5819,.F.);
#3941=ORIENTED_EDGE('',*,*,#5820,.F.);
#3942=ORIENTED_EDGE('',*,*,#5821,.F.);
#3943=ORIENTED_EDGE('',*,*,#5822,.F.);
#3944=ORIENTED_EDGE('',*,*,#5823,.F.);
#3945=ORIENTED_EDGE('',*,*,#5820,.T.);
#3946=ORIENTED_EDGE('',*,*,#5822,.T.);
#3947=ORIENTED_EDGE('',*,*,#5823,.T.);
#3948=ORIENTED_EDGE('',*,*,#5821,.T.);
#3949=ORIENTED_EDGE('',*,*,#5824,.F.);
#3950=ORIENTED_EDGE('',*,*,#5825,.F.);
#3951=ORIENTED_EDGE('',*,*,#5826,.T.);
#3952=ORIENTED_EDGE('',*,*,#5827,.T.);
#3953=ORIENTED_EDGE('',*,*,#5828,.T.);
#3954=ORIENTED_EDGE('',*,*,#5829,.F.);
#3955=ORIENTED_EDGE('',*,*,#5830,.F.);
#3956=ORIENTED_EDGE('',*,*,#5825,.T.);
#3957=ORIENTED_EDGE('',*,*,#5831,.T.);
#3958=ORIENTED_EDGE('',*,*,#5832,.F.);
#3959=ORIENTED_EDGE('',*,*,#5833,.F.);
#3960=ORIENTED_EDGE('',*,*,#5829,.T.);
#3961=ORIENTED_EDGE('',*,*,#5834,.F.);
#3962=ORIENTED_EDGE('',*,*,#5827,.F.);
#3963=ORIENTED_EDGE('',*,*,#5835,.T.);
#3964=ORIENTED_EDGE('',*,*,#5832,.T.);
#3965=ORIENTED_EDGE('',*,*,#5836,.F.);
#3966=ORIENTED_EDGE('',*,*,#5826,.F.);
#3967=ORIENTED_EDGE('',*,*,#5830,.T.);
#3968=ORIENTED_EDGE('',*,*,#5833,.T.);
#3969=ORIENTED_EDGE('',*,*,#5835,.F.);
#3970=ORIENTED_EDGE('',*,*,#5824,.T.);
#3971=ORIENTED_EDGE('',*,*,#5834,.T.);
#3972=ORIENTED_EDGE('',*,*,#5831,.F.);
#3973=ORIENTED_EDGE('',*,*,#5828,.F.);
#3974=ORIENTED_EDGE('',*,*,#5837,.F.);
#3975=ORIENTED_EDGE('',*,*,#5836,.T.);
#3976=ORIENTED_EDGE('',*,*,#5837,.T.);
#3977=ORIENTED_EDGE('',*,*,#5838,.T.);
#3978=ORIENTED_EDGE('',*,*,#5839,.F.);
#3979=ORIENTED_EDGE('',*,*,#5840,.F.);
#3980=ORIENTED_EDGE('',*,*,#5841,.T.);
#3981=ORIENTED_EDGE('',*,*,#5842,.F.);
#3982=ORIENTED_EDGE('',*,*,#5841,.F.);
#3983=ORIENTED_EDGE('',*,*,#5843,.T.);
#3984=ORIENTED_EDGE('',*,*,#5844,.T.);
#3985=ORIENTED_EDGE('',*,*,#5845,.F.);
#3986=ORIENTED_EDGE('',*,*,#5844,.F.);
#3987=ORIENTED_EDGE('',*,*,#5846,.T.);
#3988=ORIENTED_EDGE('',*,*,#5847,.T.);
#3989=ORIENTED_EDGE('',*,*,#5848,.T.);
#3990=ORIENTED_EDGE('',*,*,#5847,.F.);
#3991=ORIENTED_EDGE('',*,*,#5849,.F.);
#3992=ORIENTED_EDGE('',*,*,#5839,.T.);
#3993=ORIENTED_EDGE('',*,*,#5850,.T.);
#3994=ORIENTED_EDGE('',*,*,#5840,.T.);
#3995=ORIENTED_EDGE('',*,*,#5849,.T.);
#3996=ORIENTED_EDGE('',*,*,#5846,.F.);
#3997=ORIENTED_EDGE('',*,*,#5843,.F.);
#3998=ORIENTED_EDGE('',*,*,#5838,.F.);
#3999=ORIENTED_EDGE('',*,*,#5842,.T.);
#4000=ORIENTED_EDGE('',*,*,#5845,.T.);
#4001=ORIENTED_EDGE('',*,*,#5848,.F.);
#4002=ORIENTED_EDGE('',*,*,#5851,.T.);
#4003=ORIENTED_EDGE('',*,*,#5850,.F.);
#4004=ORIENTED_EDGE('',*,*,#5851,.F.);
#4005=ORIENTED_EDGE('',*,*,#5852,.F.);
#4006=ORIENTED_EDGE('',*,*,#5853,.F.);
#4007=ORIENTED_EDGE('',*,*,#5854,.T.);
#4008=ORIENTED_EDGE('',*,*,#5855,.T.);
#4009=ORIENTED_EDGE('',*,*,#5856,.T.);
#4010=ORIENTED_EDGE('',*,*,#5857,.F.);
#4011=ORIENTED_EDGE('',*,*,#5858,.F.);
#4012=ORIENTED_EDGE('',*,*,#5853,.T.);
#4013=ORIENTED_EDGE('',*,*,#5859,.T.);
#4014=ORIENTED_EDGE('',*,*,#5860,.F.);
#4015=ORIENTED_EDGE('',*,*,#5861,.F.);
#4016=ORIENTED_EDGE('',*,*,#5857,.T.);
#4017=ORIENTED_EDGE('',*,*,#5862,.F.);
#4018=ORIENTED_EDGE('',*,*,#5855,.F.);
#4019=ORIENTED_EDGE('',*,*,#5863,.T.);
#4020=ORIENTED_EDGE('',*,*,#5860,.T.);
#4021=ORIENTED_EDGE('',*,*,#5864,.F.);
#4022=ORIENTED_EDGE('',*,*,#5854,.F.);
#4023=ORIENTED_EDGE('',*,*,#5858,.T.);
#4024=ORIENTED_EDGE('',*,*,#5861,.T.);
#4025=ORIENTED_EDGE('',*,*,#5863,.F.);
#4026=ORIENTED_EDGE('',*,*,#5852,.T.);
#4027=ORIENTED_EDGE('',*,*,#5862,.T.);
#4028=ORIENTED_EDGE('',*,*,#5859,.F.);
#4029=ORIENTED_EDGE('',*,*,#5856,.F.);
#4030=ORIENTED_EDGE('',*,*,#5865,.F.);
#4031=ORIENTED_EDGE('',*,*,#5864,.T.);
#4032=ORIENTED_EDGE('',*,*,#5865,.T.);
#4033=ORIENTED_EDGE('',*,*,#5866,.F.);
#4034=ORIENTED_EDGE('',*,*,#5867,.F.);
#4035=ORIENTED_EDGE('',*,*,#5868,.T.);
#4036=ORIENTED_EDGE('',*,*,#5869,.F.);
#4037=ORIENTED_EDGE('',*,*,#5870,.T.);
#4038=ORIENTED_EDGE('',*,*,#5871,.T.);
#4039=ORIENTED_EDGE('',*,*,#5872,.T.);
#4040=ORIENTED_EDGE('',*,*,#5873,.T.);
#4041=ORIENTED_EDGE('',*,*,#5874,.T.);
#4042=ORIENTED_EDGE('',*,*,#5875,.F.);
#4043=ORIENTED_EDGE('',*,*,#5876,.T.);
#4044=ORIENTED_EDGE('',*,*,#5877,.F.);
#4045=ORIENTED_EDGE('',*,*,#5878,.T.);
#4046=ORIENTED_EDGE('',*,*,#5879,.T.);
#4047=ORIENTED_EDGE('',*,*,#5880,.T.);
#4048=ORIENTED_EDGE('',*,*,#5881,.T.);
#4049=ORIENTED_EDGE('',*,*,#5882,.T.);
#4050=ORIENTED_EDGE('',*,*,#5883,.F.);
#4051=ORIENTED_EDGE('',*,*,#5884,.T.);
#4052=ORIENTED_EDGE('',*,*,#5885,.F.);
#4053=ORIENTED_EDGE('',*,*,#5886,.T.);
#4054=ORIENTED_EDGE('',*,*,#5887,.T.);
#4055=ORIENTED_EDGE('',*,*,#5888,.T.);
#4056=ORIENTED_EDGE('',*,*,#5889,.T.);
#4057=ORIENTED_EDGE('',*,*,#5890,.T.);
#4058=ORIENTED_EDGE('',*,*,#5891,.F.);
#4059=ORIENTED_EDGE('',*,*,#5892,.T.);
#4060=ORIENTED_EDGE('',*,*,#5893,.F.);
#4061=ORIENTED_EDGE('',*,*,#5894,.T.);
#4062=ORIENTED_EDGE('',*,*,#5895,.T.);
#4063=ORIENTED_EDGE('',*,*,#5896,.T.);
#4064=ORIENTED_EDGE('',*,*,#5897,.T.);
#4065=ORIENTED_EDGE('',*,*,#5898,.T.);
#4066=ORIENTED_EDGE('',*,*,#5899,.F.);
#4067=ORIENTED_EDGE('',*,*,#5900,.T.);
#4068=ORIENTED_EDGE('',*,*,#5901,.F.);
#4069=ORIENTED_EDGE('',*,*,#5902,.T.);
#4070=ORIENTED_EDGE('',*,*,#5903,.T.);
#4071=ORIENTED_EDGE('',*,*,#5904,.T.);
#4072=ORIENTED_EDGE('',*,*,#5905,.T.);
#4073=ORIENTED_EDGE('',*,*,#5906,.T.);
#4074=ORIENTED_EDGE('',*,*,#5907,.T.);
#4075=ORIENTED_EDGE('',*,*,#5908,.T.);
#4076=ORIENTED_EDGE('',*,*,#5909,.T.);
#4077=ORIENTED_EDGE('',*,*,#5910,.F.);
#4078=ORIENTED_EDGE('',*,*,#5911,.T.);
#4079=ORIENTED_EDGE('',*,*,#5912,.T.);
#4080=ORIENTED_EDGE('',*,*,#5913,.T.);
#4081=ORIENTED_EDGE('',*,*,#5914,.F.);
#4082=ORIENTED_EDGE('',*,*,#5915,.T.);
#4083=ORIENTED_EDGE('',*,*,#5916,.T.);
#4084=ORIENTED_EDGE('',*,*,#5917,.T.);
#4085=ORIENTED_EDGE('',*,*,#5918,.F.);
#4086=ORIENTED_EDGE('',*,*,#5919,.T.);
#4087=ORIENTED_EDGE('',*,*,#5920,.T.);
#4088=ORIENTED_EDGE('',*,*,#5921,.T.);
#4089=ORIENTED_EDGE('',*,*,#5922,.F.);
#4090=ORIENTED_EDGE('',*,*,#5923,.T.);
#4091=ORIENTED_EDGE('',*,*,#5924,.T.);
#4092=ORIENTED_EDGE('',*,*,#5925,.T.);
#4093=ORIENTED_EDGE('',*,*,#5926,.T.);
#4094=ORIENTED_EDGE('',*,*,#5927,.T.);
#4095=ORIENTED_EDGE('',*,*,#5928,.T.);
#4096=ORIENTED_EDGE('',*,*,#5929,.F.);
#4097=ORIENTED_EDGE('',*,*,#5930,.F.);
#4098=ORIENTED_EDGE('',*,*,#5931,.T.);
#4099=ORIENTED_EDGE('',*,*,#5932,.F.);
#4100=ORIENTED_EDGE('',*,*,#5933,.F.);
#4101=ORIENTED_EDGE('',*,*,#5934,.T.);
#4102=ORIENTED_EDGE('',*,*,#5929,.T.);
#4103=ORIENTED_EDGE('',*,*,#5935,.F.);
#4104=ORIENTED_EDGE('',*,*,#5936,.F.);
#4105=ORIENTED_EDGE('',*,*,#5937,.T.);
#4106=ORIENTED_EDGE('',*,*,#5933,.T.);
#4107=ORIENTED_EDGE('',*,*,#5938,.F.);
#4108=ORIENTED_EDGE('',*,*,#5931,.F.);
#4109=ORIENTED_EDGE('',*,*,#5939,.T.);
#4110=ORIENTED_EDGE('',*,*,#5936,.T.);
#4111=ORIENTED_EDGE('',*,*,#5930,.T.);
#4112=ORIENTED_EDGE('',*,*,#5934,.F.);
#4113=ORIENTED_EDGE('',*,*,#5937,.F.);
#4114=ORIENTED_EDGE('',*,*,#5939,.F.);
#4115=ORIENTED_EDGE('',*,*,#5866,.T.);
#4116=ORIENTED_EDGE('',*,*,#5928,.F.);
#4117=ORIENTED_EDGE('',*,*,#5938,.T.);
#4118=ORIENTED_EDGE('',*,*,#5935,.T.);
#4119=ORIENTED_EDGE('',*,*,#5932,.T.);
#4120=ORIENTED_EDGE('',*,*,#5885,.T.);
#4121=ORIENTED_EDGE('',*,*,#5940,.T.);
#4122=ORIENTED_EDGE('',*,*,#5941,.F.);
#4123=ORIENTED_EDGE('',*,*,#5942,.T.);
#4124=ORIENTED_EDGE('',*,*,#5889,.F.);
#4125=ORIENTED_EDGE('',*,*,#5943,.T.);
#4126=ORIENTED_EDGE('',*,*,#5944,.T.);
#4127=ORIENTED_EDGE('',*,*,#5945,.T.);
#4128=ORIENTED_EDGE('',*,*,#5946,.T.);
#4129=ORIENTED_EDGE('',*,*,#5947,.T.);
#4130=ORIENTED_EDGE('',*,*,#5887,.F.);
#4131=ORIENTED_EDGE('',*,*,#5948,.T.);
#4132=ORIENTED_EDGE('',*,*,#5888,.F.);
#4133=ORIENTED_EDGE('',*,*,#5947,.F.);
#4134=ORIENTED_EDGE('',*,*,#5949,.F.);
#4135=ORIENTED_EDGE('',*,*,#5943,.F.);
#4136=ORIENTED_EDGE('',*,*,#5890,.F.);
#4137=ORIENTED_EDGE('',*,*,#5945,.F.);
#4138=ORIENTED_EDGE('',*,*,#5950,.F.);
#4139=ORIENTED_EDGE('',*,*,#5913,.F.);
#4140=ORIENTED_EDGE('',*,*,#5951,.F.);
#4141=ORIENTED_EDGE('',*,*,#5952,.F.);
#4142=ORIENTED_EDGE('',*,*,#5911,.F.);
#4143=ORIENTED_EDGE('',*,*,#5953,.F.);
#4144=ORIENTED_EDGE('',*,*,#5940,.F.);
#4145=ORIENTED_EDGE('',*,*,#5884,.F.);
#4146=ORIENTED_EDGE('',*,*,#5886,.F.);
#4147=ORIENTED_EDGE('',*,*,#5942,.F.);
#4148=ORIENTED_EDGE('',*,*,#5954,.F.);
#4149=ORIENTED_EDGE('',*,*,#5948,.F.);
#4150=ORIENTED_EDGE('',*,*,#5944,.F.);
#4151=ORIENTED_EDGE('',*,*,#5949,.T.);
#4152=ORIENTED_EDGE('',*,*,#5955,.T.);
#4153=ORIENTED_EDGE('',*,*,#5956,.T.);
#4154=ORIENTED_EDGE('',*,*,#5957,.T.);
#4155=ORIENTED_EDGE('',*,*,#5958,.T.);
#4156=ORIENTED_EDGE('',*,*,#5959,.T.);
#4157=ORIENTED_EDGE('',*,*,#5950,.T.);
#4158=ORIENTED_EDGE('',*,*,#5941,.T.);
#4159=ORIENTED_EDGE('',*,*,#5953,.T.);
#4160=ORIENTED_EDGE('',*,*,#5960,.T.);
#4161=ORIENTED_EDGE('',*,*,#5961,.T.);
#4162=ORIENTED_EDGE('',*,*,#5962,.F.);
#4163=ORIENTED_EDGE('',*,*,#5963,.T.);
#4164=ORIENTED_EDGE('',*,*,#5964,.T.);
#4165=ORIENTED_EDGE('',*,*,#5954,.T.);
#4166=ORIENTED_EDGE('',*,*,#5877,.T.);
#4167=ORIENTED_EDGE('',*,*,#5965,.T.);
#4168=ORIENTED_EDGE('',*,*,#5966,.F.);
#4169=ORIENTED_EDGE('',*,*,#5967,.T.);
#4170=ORIENTED_EDGE('',*,*,#5881,.F.);
#4171=ORIENTED_EDGE('',*,*,#5968,.T.);
#4172=ORIENTED_EDGE('',*,*,#5962,.T.);
#4173=ORIENTED_EDGE('',*,*,#5969,.T.);
#4174=ORIENTED_EDGE('',*,*,#5970,.T.);
#4175=ORIENTED_EDGE('',*,*,#5971,.T.);
#4176=ORIENTED_EDGE('',*,*,#5879,.F.);
#4177=ORIENTED_EDGE('',*,*,#5972,.T.);
#4178=ORIENTED_EDGE('',*,*,#5880,.F.);
#4179=ORIENTED_EDGE('',*,*,#5971,.F.);
#4180=ORIENTED_EDGE('',*,*,#5963,.F.);
#4181=ORIENTED_EDGE('',*,*,#5968,.F.);
#4182=ORIENTED_EDGE('',*,*,#5882,.F.);
#4183=ORIENTED_EDGE('',*,*,#5969,.F.);
#4184=ORIENTED_EDGE('',*,*,#5961,.F.);
#4185=ORIENTED_EDGE('',*,*,#5909,.F.);
#4186=ORIENTED_EDGE('',*,*,#5973,.F.);
#4187=ORIENTED_EDGE('',*,*,#5974,.F.);
#4188=ORIENTED_EDGE('',*,*,#5907,.F.);
#4189=ORIENTED_EDGE('',*,*,#5975,.F.);
#4190=ORIENTED_EDGE('',*,*,#5965,.F.);
#4191=ORIENTED_EDGE('',*,*,#5876,.F.);
#4192=ORIENTED_EDGE('',*,*,#5878,.F.);
#4193=ORIENTED_EDGE('',*,*,#5967,.F.);
#4194=ORIENTED_EDGE('',*,*,#5976,.F.);
#4195=ORIENTED_EDGE('',*,*,#5972,.F.);
#4196=ORIENTED_EDGE('',*,*,#5966,.T.);
#4197=ORIENTED_EDGE('',*,*,#5975,.T.);
#4198=ORIENTED_EDGE('',*,*,#5977,.T.);
#4199=ORIENTED_EDGE('',*,*,#5978,.T.);
#4200=ORIENTED_EDGE('',*,*,#5979,.F.);
#4201=ORIENTED_EDGE('',*,*,#5980,.T.);
#4202=ORIENTED_EDGE('',*,*,#5981,.T.);
#4203=ORIENTED_EDGE('',*,*,#5976,.T.);
#4204=ORIENTED_EDGE('',*,*,#5957,.F.);
#4205=ORIENTED_EDGE('',*,*,#5982,.T.);
#4206=ORIENTED_EDGE('',*,*,#5893,.T.);
#4207=ORIENTED_EDGE('',*,*,#5983,.T.);
#4208=ORIENTED_EDGE('',*,*,#5897,.F.);
#4209=ORIENTED_EDGE('',*,*,#5984,.T.);
#4210=ORIENTED_EDGE('',*,*,#5985,.T.);
#4211=ORIENTED_EDGE('',*,*,#5986,.T.);
#4212=ORIENTED_EDGE('',*,*,#5895,.F.);
#4213=ORIENTED_EDGE('',*,*,#5987,.T.);
#4214=ORIENTED_EDGE('',*,*,#5988,.T.);
#4215=ORIENTED_EDGE('',*,*,#5989,.T.);
#4216=ORIENTED_EDGE('',*,*,#5894,.F.);
#4217=ORIENTED_EDGE('',*,*,#5982,.F.);
#4218=ORIENTED_EDGE('',*,*,#5956,.F.);
#4219=ORIENTED_EDGE('',*,*,#5987,.F.);
#4220=ORIENTED_EDGE('',*,*,#5896,.F.);
#4221=ORIENTED_EDGE('',*,*,#5989,.F.);
#4222=ORIENTED_EDGE('',*,*,#5990,.F.);
#4223=ORIENTED_EDGE('',*,*,#5984,.F.);
#4224=ORIENTED_EDGE('',*,*,#5898,.F.);
#4225=ORIENTED_EDGE('',*,*,#5986,.F.);
#4226=ORIENTED_EDGE('',*,*,#5991,.F.);
#4227=ORIENTED_EDGE('',*,*,#5917,.F.);
#4228=ORIENTED_EDGE('',*,*,#5992,.F.);
#4229=ORIENTED_EDGE('',*,*,#5993,.F.);
#4230=ORIENTED_EDGE('',*,*,#5915,.F.);
#4231=ORIENTED_EDGE('',*,*,#5958,.F.);
#4232=ORIENTED_EDGE('',*,*,#5983,.F.);
#4233=ORIENTED_EDGE('',*,*,#5892,.F.);
#4234=ORIENTED_EDGE('',*,*,#5985,.F.);
#4235=ORIENTED_EDGE('',*,*,#5990,.T.);
#4236=ORIENTED_EDGE('',*,*,#5994,.T.);
#4237=ORIENTED_EDGE('',*,*,#5995,.T.);
#4238=ORIENTED_EDGE('',*,*,#5996,.T.);
#4239=ORIENTED_EDGE('',*,*,#5991,.T.);
#4240=ORIENTED_EDGE('',*,*,#5901,.T.);
#4241=ORIENTED_EDGE('',*,*,#5997,.T.);
#4242=ORIENTED_EDGE('',*,*,#5998,.T.);
#4243=ORIENTED_EDGE('',*,*,#5999,.T.);
#4244=ORIENTED_EDGE('',*,*,#6000,.T.);
#4245=ORIENTED_EDGE('',*,*,#6001,.T.);
#4246=ORIENTED_EDGE('',*,*,#5905,.F.);
#4247=ORIENTED_EDGE('',*,*,#6002,.T.);
#4248=ORIENTED_EDGE('',*,*,#6003,.T.);
#4249=ORIENTED_EDGE('',*,*,#6004,.T.);
#4250=ORIENTED_EDGE('',*,*,#5903,.F.);
#4251=ORIENTED_EDGE('',*,*,#6005,.T.);
#4252=ORIENTED_EDGE('',*,*,#6006,.T.);
#4253=ORIENTED_EDGE('',*,*,#5902,.F.);
#4254=ORIENTED_EDGE('',*,*,#5999,.F.);
#4255=ORIENTED_EDGE('',*,*,#6007,.F.);
#4256=ORIENTED_EDGE('',*,*,#6005,.F.);
#4257=ORIENTED_EDGE('',*,*,#6008,.F.);
#4258=ORIENTED_EDGE('',*,*,#5919,.F.);
#4259=ORIENTED_EDGE('',*,*,#6009,.F.);
#4260=ORIENTED_EDGE('',*,*,#5997,.F.);
#4261=ORIENTED_EDGE('',*,*,#5900,.F.);
#4262=ORIENTED_EDGE('',*,*,#6007,.T.);
#4263=ORIENTED_EDGE('',*,*,#5998,.F.);
#4264=ORIENTED_EDGE('',*,*,#6009,.T.);
#4265=ORIENTED_EDGE('',*,*,#5923,.F.);
#4266=ORIENTED_EDGE('',*,*,#5995,.F.);
#4267=ORIENTED_EDGE('',*,*,#6006,.F.);
#4268=ORIENTED_EDGE('',*,*,#5906,.F.);
#4269=ORIENTED_EDGE('',*,*,#6001,.F.);
#4270=ORIENTED_EDGE('',*,*,#6010,.F.);
#4271=ORIENTED_EDGE('',*,*,#5921,.F.);
#4272=ORIENTED_EDGE('',*,*,#6011,.F.);
#4273=ORIENTED_EDGE('',*,*,#5904,.F.);
#4274=ORIENTED_EDGE('',*,*,#6004,.F.);
#4275=ORIENTED_EDGE('',*,*,#6012,.F.);
#4276=ORIENTED_EDGE('',*,*,#6002,.F.);
#4277=ORIENTED_EDGE('',*,*,#6013,.T.);
#4278=ORIENTED_EDGE('',*,*,#6010,.T.);
#4279=ORIENTED_EDGE('',*,*,#6000,.F.);
#4280=ORIENTED_EDGE('',*,*,#6012,.T.);
#4281=ORIENTED_EDGE('',*,*,#6014,.T.);
#4282=ORIENTED_EDGE('',*,*,#6015,.T.);
#4283=ORIENTED_EDGE('',*,*,#6016,.T.);
#4284=ORIENTED_EDGE('',*,*,#6017,.T.);
#4285=ORIENTED_EDGE('',*,*,#6016,.F.);
#4286=ORIENTED_EDGE('',*,*,#6018,.T.);
#4287=ORIENTED_EDGE('',*,*,#5869,.T.);
#4288=ORIENTED_EDGE('',*,*,#6019,.T.);
#4289=ORIENTED_EDGE('',*,*,#5873,.F.);
#4290=ORIENTED_EDGE('',*,*,#6020,.T.);
#4291=ORIENTED_EDGE('',*,*,#5979,.T.);
#4292=ORIENTED_EDGE('',*,*,#6021,.T.);
#4293=ORIENTED_EDGE('',*,*,#5871,.F.);
#4294=ORIENTED_EDGE('',*,*,#6022,.T.);
#4295=ORIENTED_EDGE('',*,*,#6023,.T.);
#4296=ORIENTED_EDGE('',*,*,#6024,.T.);
#4297=ORIENTED_EDGE('',*,*,#5870,.F.);
#4298=ORIENTED_EDGE('',*,*,#6018,.F.);
#4299=ORIENTED_EDGE('',*,*,#6015,.F.);
#4300=ORIENTED_EDGE('',*,*,#6022,.F.);
#4301=ORIENTED_EDGE('',*,*,#5872,.F.);
#4302=ORIENTED_EDGE('',*,*,#6024,.F.);
#4303=ORIENTED_EDGE('',*,*,#5980,.F.);
#4304=ORIENTED_EDGE('',*,*,#6020,.F.);
#4305=ORIENTED_EDGE('',*,*,#5874,.F.);
#4306=ORIENTED_EDGE('',*,*,#6021,.F.);
#4307=ORIENTED_EDGE('',*,*,#5978,.F.);
#4308=ORIENTED_EDGE('',*,*,#5926,.F.);
#4309=ORIENTED_EDGE('',*,*,#6025,.F.);
#4310=ORIENTED_EDGE('',*,*,#6026,.F.);
#4311=ORIENTED_EDGE('',*,*,#5924,.F.);
#4312=ORIENTED_EDGE('',*,*,#6017,.F.);
#4313=ORIENTED_EDGE('',*,*,#6019,.F.);
#4314=ORIENTED_EDGE('',*,*,#5868,.F.);
#4315=ORIENTED_EDGE('',*,*,#6027,.T.);
#4316=ORIENTED_EDGE('',*,*,#6028,.T.);
#4317=ORIENTED_EDGE('',*,*,#5927,.F.);
#4318=ORIENTED_EDGE('',*,*,#5977,.F.);
#4319=ORIENTED_EDGE('',*,*,#5910,.T.);
#4320=ORIENTED_EDGE('',*,*,#5960,.F.);
#4321=ORIENTED_EDGE('',*,*,#5914,.T.);
#4322=ORIENTED_EDGE('',*,*,#5959,.F.);
#4323=ORIENTED_EDGE('',*,*,#5918,.T.);
#4324=ORIENTED_EDGE('',*,*,#5996,.F.);
#4325=ORIENTED_EDGE('',*,*,#5922,.T.);
#4326=ORIENTED_EDGE('',*,*,#6013,.F.);
#4327=ORIENTED_EDGE('',*,*,#6027,.F.);
#4328=ORIENTED_EDGE('',*,*,#6028,.F.);
#4329=ORIENTED_EDGE('',*,*,#6023,.F.);
#4330=ORIENTED_EDGE('',*,*,#6014,.F.);
#4331=ORIENTED_EDGE('',*,*,#6003,.F.);
#4332=ORIENTED_EDGE('',*,*,#5994,.F.);
#4333=ORIENTED_EDGE('',*,*,#5988,.F.);
#4334=ORIENTED_EDGE('',*,*,#5955,.F.);
#4335=ORIENTED_EDGE('',*,*,#5946,.F.);
#4336=ORIENTED_EDGE('',*,*,#5964,.F.);
#4337=ORIENTED_EDGE('',*,*,#5970,.F.);
#4338=ORIENTED_EDGE('',*,*,#5981,.F.);
#4339=ORIENTED_EDGE('',*,*,#5951,.T.);
#4340=ORIENTED_EDGE('',*,*,#5912,.F.);
#4341=ORIENTED_EDGE('',*,*,#5952,.T.);
#4342=ORIENTED_EDGE('',*,*,#6029,.F.);
#4343=ORIENTED_EDGE('',*,*,#5973,.T.);
#4344=ORIENTED_EDGE('',*,*,#5908,.F.);
#4345=ORIENTED_EDGE('',*,*,#5974,.T.);
#4346=ORIENTED_EDGE('',*,*,#6030,.F.);
#4347=ORIENTED_EDGE('',*,*,#5992,.T.);
#4348=ORIENTED_EDGE('',*,*,#5916,.F.);
#4349=ORIENTED_EDGE('',*,*,#5993,.T.);
#4350=ORIENTED_EDGE('',*,*,#6031,.F.);
#4351=ORIENTED_EDGE('',*,*,#6008,.T.);
#4352=ORIENTED_EDGE('',*,*,#6032,.F.);
#4353=ORIENTED_EDGE('',*,*,#6011,.T.);
#4354=ORIENTED_EDGE('',*,*,#5920,.F.);
#4355=ORIENTED_EDGE('',*,*,#6025,.T.);
#4356=ORIENTED_EDGE('',*,*,#5925,.F.);
#4357=ORIENTED_EDGE('',*,*,#6026,.T.);
#4358=ORIENTED_EDGE('',*,*,#6033,.F.);
#4359=ORIENTED_EDGE('',*,*,#6033,.T.);
#4360=ORIENTED_EDGE('',*,*,#5867,.T.);
#4361=ORIENTED_EDGE('',*,*,#6032,.T.);
#4362=ORIENTED_EDGE('',*,*,#5899,.T.);
#4363=ORIENTED_EDGE('',*,*,#6031,.T.);
#4364=ORIENTED_EDGE('',*,*,#5891,.T.);
#4365=ORIENTED_EDGE('',*,*,#6029,.T.);
#4366=ORIENTED_EDGE('',*,*,#5883,.T.);
#4367=ORIENTED_EDGE('',*,*,#6030,.T.);
#4368=ORIENTED_EDGE('',*,*,#5875,.T.);
#4369=ORIENTED_EDGE('',*,*,#6034,.T.);
#4370=ORIENTED_EDGE('',*,*,#6035,.T.);
#4371=ORIENTED_EDGE('',*,*,#6036,.T.);
#4372=ORIENTED_EDGE('',*,*,#6037,.T.);
#4373=ORIENTED_EDGE('',*,*,#6034,.F.);
#4374=ORIENTED_EDGE('',*,*,#6036,.F.);
#4375=ORIENTED_EDGE('',*,*,#6037,.F.);
#4376=ORIENTED_EDGE('',*,*,#6035,.F.);
#4377=ORIENTED_EDGE('',*,*,#6038,.T.);
#4378=ORIENTED_EDGE('',*,*,#6039,.T.);
#4379=ORIENTED_EDGE('',*,*,#6040,.T.);
#4380=ORIENTED_EDGE('',*,*,#6041,.F.);
#4381=ORIENTED_EDGE('',*,*,#6042,.T.);
#4382=ORIENTED_EDGE('',*,*,#6043,.T.);
#4383=ORIENTED_EDGE('',*,*,#6044,.T.);
#4384=ORIENTED_EDGE('',*,*,#6045,.F.);
#4385=ORIENTED_EDGE('',*,*,#6046,.T.);
#4386=ORIENTED_EDGE('',*,*,#6047,.T.);
#4387=ORIENTED_EDGE('',*,*,#6048,.T.);
#4388=ORIENTED_EDGE('',*,*,#6049,.F.);
#4389=ORIENTED_EDGE('',*,*,#6050,.T.);
#4390=ORIENTED_EDGE('',*,*,#6051,.T.);
#4391=ORIENTED_EDGE('',*,*,#6052,.T.);
#4392=ORIENTED_EDGE('',*,*,#6053,.F.);
#4393=ORIENTED_EDGE('',*,*,#6054,.T.);
#4394=ORIENTED_EDGE('',*,*,#6055,.T.);
#4395=ORIENTED_EDGE('',*,*,#6056,.T.);
#4396=ORIENTED_EDGE('',*,*,#6057,.T.);
#4397=ORIENTED_EDGE('',*,*,#6058,.F.);
#4398=ORIENTED_EDGE('',*,*,#6059,.T.);
#4399=ORIENTED_EDGE('',*,*,#6060,.T.);
#4400=ORIENTED_EDGE('',*,*,#6061,.T.);
#4401=ORIENTED_EDGE('',*,*,#6062,.T.);
#4402=ORIENTED_EDGE('',*,*,#6063,.T.);
#4403=ORIENTED_EDGE('',*,*,#6064,.T.);
#4404=ORIENTED_EDGE('',*,*,#6065,.T.);
#4405=ORIENTED_EDGE('',*,*,#6066,.F.);
#4406=ORIENTED_EDGE('',*,*,#6067,.T.);
#4407=ORIENTED_EDGE('',*,*,#6068,.T.);
#4408=ORIENTED_EDGE('',*,*,#6069,.T.);
#4409=ORIENTED_EDGE('',*,*,#6070,.T.);
#4410=ORIENTED_EDGE('',*,*,#6071,.T.);
#4411=ORIENTED_EDGE('',*,*,#6072,.T.);
#4412=ORIENTED_EDGE('',*,*,#6073,.T.);
#4413=ORIENTED_EDGE('',*,*,#6074,.F.);
#4414=ORIENTED_EDGE('',*,*,#6075,.T.);
#4415=ORIENTED_EDGE('',*,*,#6076,.T.);
#4416=ORIENTED_EDGE('',*,*,#6077,.T.);
#4417=ORIENTED_EDGE('',*,*,#6078,.T.);
#4418=ORIENTED_EDGE('',*,*,#6079,.T.);
#4419=ORIENTED_EDGE('',*,*,#6080,.T.);
#4420=ORIENTED_EDGE('',*,*,#6081,.T.);
#4421=ORIENTED_EDGE('',*,*,#6082,.F.);
#4422=ORIENTED_EDGE('',*,*,#6083,.T.);
#4423=ORIENTED_EDGE('',*,*,#6084,.T.);
#4424=ORIENTED_EDGE('',*,*,#6085,.T.);
#4425=ORIENTED_EDGE('',*,*,#6086,.T.);
#4426=ORIENTED_EDGE('',*,*,#6087,.T.);
#4427=ORIENTED_EDGE('',*,*,#6088,.T.);
#4428=ORIENTED_EDGE('',*,*,#6089,.T.);
#4429=ORIENTED_EDGE('',*,*,#6090,.F.);
#4430=ORIENTED_EDGE('',*,*,#6091,.T.);
#4431=ORIENTED_EDGE('',*,*,#6092,.T.);
#4432=ORIENTED_EDGE('',*,*,#6093,.T.);
#4433=ORIENTED_EDGE('',*,*,#6094,.T.);
#4434=ORIENTED_EDGE('',*,*,#6095,.F.);
#4435=ORIENTED_EDGE('',*,*,#6096,.T.);
#4436=ORIENTED_EDGE('',*,*,#6097,.T.);
#4437=ORIENTED_EDGE('',*,*,#6098,.T.);
#4438=ORIENTED_EDGE('',*,*,#6099,.T.);
#4439=ORIENTED_EDGE('',*,*,#6100,.T.);
#4440=ORIENTED_EDGE('',*,*,#6101,.F.);
#4441=ORIENTED_EDGE('',*,*,#6102,.F.);
#4442=ORIENTED_EDGE('',*,*,#6103,.T.);
#4443=ORIENTED_EDGE('',*,*,#6104,.F.);
#4444=ORIENTED_EDGE('',*,*,#6105,.F.);
#4445=ORIENTED_EDGE('',*,*,#6106,.T.);
#4446=ORIENTED_EDGE('',*,*,#6101,.T.);
#4447=ORIENTED_EDGE('',*,*,#6107,.F.);
#4448=ORIENTED_EDGE('',*,*,#6108,.F.);
#4449=ORIENTED_EDGE('',*,*,#6109,.T.);
#4450=ORIENTED_EDGE('',*,*,#6105,.T.);
#4451=ORIENTED_EDGE('',*,*,#6110,.F.);
#4452=ORIENTED_EDGE('',*,*,#6103,.F.);
#4453=ORIENTED_EDGE('',*,*,#6111,.T.);
#4454=ORIENTED_EDGE('',*,*,#6108,.T.);
#4455=ORIENTED_EDGE('',*,*,#6102,.T.);
#4456=ORIENTED_EDGE('',*,*,#6106,.F.);
#4457=ORIENTED_EDGE('',*,*,#6109,.F.);
#4458=ORIENTED_EDGE('',*,*,#6111,.F.);
#4459=ORIENTED_EDGE('',*,*,#6095,.T.);
#4460=ORIENTED_EDGE('',*,*,#6100,.F.);
#4461=ORIENTED_EDGE('',*,*,#6110,.T.);
#4462=ORIENTED_EDGE('',*,*,#6107,.T.);
#4463=ORIENTED_EDGE('',*,*,#6104,.T.);
#4464=ORIENTED_EDGE('',*,*,#6058,.T.);
#4465=ORIENTED_EDGE('',*,*,#6112,.T.);
#4466=ORIENTED_EDGE('',*,*,#6113,.F.);
#4467=ORIENTED_EDGE('',*,*,#6114,.T.);
#4468=ORIENTED_EDGE('',*,*,#6062,.F.);
#4469=ORIENTED_EDGE('',*,*,#6115,.T.);
#4470=ORIENTED_EDGE('',*,*,#6116,.T.);
#4471=ORIENTED_EDGE('',*,*,#6117,.T.);
#4472=ORIENTED_EDGE('',*,*,#6118,.T.);
#4473=ORIENTED_EDGE('',*,*,#6119,.T.);
#4474=ORIENTED_EDGE('',*,*,#6060,.F.);
#4475=ORIENTED_EDGE('',*,*,#6120,.T.);
#4476=ORIENTED_EDGE('',*,*,#6061,.F.);
#4477=ORIENTED_EDGE('',*,*,#6119,.F.);
#4478=ORIENTED_EDGE('',*,*,#6121,.F.);
#4479=ORIENTED_EDGE('',*,*,#6115,.F.);
#4480=ORIENTED_EDGE('',*,*,#6063,.F.);
#4481=ORIENTED_EDGE('',*,*,#6117,.F.);
#4482=ORIENTED_EDGE('',*,*,#6122,.F.);
#4483=ORIENTED_EDGE('',*,*,#6044,.F.);
#4484=ORIENTED_EDGE('',*,*,#6123,.F.);
#4485=ORIENTED_EDGE('',*,*,#6124,.F.);
#4486=ORIENTED_EDGE('',*,*,#6042,.F.);
#4487=ORIENTED_EDGE('',*,*,#6125,.F.);
#4488=ORIENTED_EDGE('',*,*,#6112,.F.);
#4489=ORIENTED_EDGE('',*,*,#6057,.F.);
#4490=ORIENTED_EDGE('',*,*,#6059,.F.);
#4491=ORIENTED_EDGE('',*,*,#6114,.F.);
#4492=ORIENTED_EDGE('',*,*,#6126,.F.);
#4493=ORIENTED_EDGE('',*,*,#6120,.F.);
#4494=ORIENTED_EDGE('',*,*,#6116,.F.);
#4495=ORIENTED_EDGE('',*,*,#6121,.T.);
#4496=ORIENTED_EDGE('',*,*,#6127,.T.);
#4497=ORIENTED_EDGE('',*,*,#6128,.T.);
#4498=ORIENTED_EDGE('',*,*,#6129,.T.);
#4499=ORIENTED_EDGE('',*,*,#6130,.T.);
#4500=ORIENTED_EDGE('',*,*,#6131,.T.);
#4501=ORIENTED_EDGE('',*,*,#6122,.T.);
#4502=ORIENTED_EDGE('',*,*,#6113,.T.);
#4503=ORIENTED_EDGE('',*,*,#6125,.T.);
#4504=ORIENTED_EDGE('',*,*,#6132,.T.);
#4505=ORIENTED_EDGE('',*,*,#6133,.T.);
#4506=ORIENTED_EDGE('',*,*,#6134,.F.);
#4507=ORIENTED_EDGE('',*,*,#6135,.T.);
#4508=ORIENTED_EDGE('',*,*,#6136,.T.);
#4509=ORIENTED_EDGE('',*,*,#6126,.T.);
#4510=ORIENTED_EDGE('',*,*,#6090,.T.);
#4511=ORIENTED_EDGE('',*,*,#6137,.T.);
#4512=ORIENTED_EDGE('',*,*,#6138,.F.);
#4513=ORIENTED_EDGE('',*,*,#6139,.T.);
#4514=ORIENTED_EDGE('',*,*,#6094,.F.);
#4515=ORIENTED_EDGE('',*,*,#6140,.T.);
#4516=ORIENTED_EDGE('',*,*,#6134,.T.);
#4517=ORIENTED_EDGE('',*,*,#6141,.T.);
#4518=ORIENTED_EDGE('',*,*,#6142,.T.);
#4519=ORIENTED_EDGE('',*,*,#6143,.T.);
#4520=ORIENTED_EDGE('',*,*,#6092,.F.);
#4521=ORIENTED_EDGE('',*,*,#6144,.T.);
#4522=ORIENTED_EDGE('',*,*,#6093,.F.);
#4523=ORIENTED_EDGE('',*,*,#6143,.F.);
#4524=ORIENTED_EDGE('',*,*,#6135,.F.);
#4525=ORIENTED_EDGE('',*,*,#6140,.F.);
#4526=ORIENTED_EDGE('',*,*,#6055,.F.);
#4527=ORIENTED_EDGE('',*,*,#6141,.F.);
#4528=ORIENTED_EDGE('',*,*,#6133,.F.);
#4529=ORIENTED_EDGE('',*,*,#6040,.F.);
#4530=ORIENTED_EDGE('',*,*,#6145,.F.);
#4531=ORIENTED_EDGE('',*,*,#6146,.F.);
#4532=ORIENTED_EDGE('',*,*,#6038,.F.);
#4533=ORIENTED_EDGE('',*,*,#6147,.F.);
#4534=ORIENTED_EDGE('',*,*,#6137,.F.);
#4535=ORIENTED_EDGE('',*,*,#6089,.F.);
#4536=ORIENTED_EDGE('',*,*,#6091,.F.);
#4537=ORIENTED_EDGE('',*,*,#6139,.F.);
#4538=ORIENTED_EDGE('',*,*,#6148,.F.);
#4539=ORIENTED_EDGE('',*,*,#6144,.F.);
#4540=ORIENTED_EDGE('',*,*,#6138,.T.);
#4541=ORIENTED_EDGE('',*,*,#6147,.T.);
#4542=ORIENTED_EDGE('',*,*,#6149,.T.);
#4543=ORIENTED_EDGE('',*,*,#6150,.T.);
#4544=ORIENTED_EDGE('',*,*,#6151,.F.);
#4545=ORIENTED_EDGE('',*,*,#6152,.T.);
#4546=ORIENTED_EDGE('',*,*,#6153,.T.);
#4547=ORIENTED_EDGE('',*,*,#6148,.T.);
#4548=ORIENTED_EDGE('',*,*,#6129,.F.);
#4549=ORIENTED_EDGE('',*,*,#6154,.T.);
#4550=ORIENTED_EDGE('',*,*,#6066,.T.);
#4551=ORIENTED_EDGE('',*,*,#6155,.T.);
#4552=ORIENTED_EDGE('',*,*,#6070,.F.);
#4553=ORIENTED_EDGE('',*,*,#6156,.T.);
#4554=ORIENTED_EDGE('',*,*,#6157,.T.);
#4555=ORIENTED_EDGE('',*,*,#6158,.T.);
#4556=ORIENTED_EDGE('',*,*,#6068,.F.);
#4557=ORIENTED_EDGE('',*,*,#6159,.T.);
#4558=ORIENTED_EDGE('',*,*,#6160,.T.);
#4559=ORIENTED_EDGE('',*,*,#6161,.T.);
#4560=ORIENTED_EDGE('',*,*,#6067,.F.);
#4561=ORIENTED_EDGE('',*,*,#6154,.F.);
#4562=ORIENTED_EDGE('',*,*,#6128,.F.);
#4563=ORIENTED_EDGE('',*,*,#6159,.F.);
#4564=ORIENTED_EDGE('',*,*,#6069,.F.);
#4565=ORIENTED_EDGE('',*,*,#6161,.F.);
#4566=ORIENTED_EDGE('',*,*,#6162,.F.);
#4567=ORIENTED_EDGE('',*,*,#6156,.F.);
#4568=ORIENTED_EDGE('',*,*,#6071,.F.);
#4569=ORIENTED_EDGE('',*,*,#6158,.F.);
#4570=ORIENTED_EDGE('',*,*,#6163,.F.);
#4571=ORIENTED_EDGE('',*,*,#6048,.F.);
#4572=ORIENTED_EDGE('',*,*,#6164,.F.);
#4573=ORIENTED_EDGE('',*,*,#6165,.F.);
#4574=ORIENTED_EDGE('',*,*,#6046,.F.);
#4575=ORIENTED_EDGE('',*,*,#6130,.F.);
#4576=ORIENTED_EDGE('',*,*,#6155,.F.);
#4577=ORIENTED_EDGE('',*,*,#6065,.F.);
#4578=ORIENTED_EDGE('',*,*,#6157,.F.);
#4579=ORIENTED_EDGE('',*,*,#6162,.T.);
#4580=ORIENTED_EDGE('',*,*,#6166,.T.);
#4581=ORIENTED_EDGE('',*,*,#6167,.T.);
#4582=ORIENTED_EDGE('',*,*,#6168,.T.);
#4583=ORIENTED_EDGE('',*,*,#6163,.T.);
#4584=ORIENTED_EDGE('',*,*,#6074,.T.);
#4585=ORIENTED_EDGE('',*,*,#6169,.T.);
#4586=ORIENTED_EDGE('',*,*,#6170,.T.);
#4587=ORIENTED_EDGE('',*,*,#6171,.T.);
#4588=ORIENTED_EDGE('',*,*,#6172,.T.);
#4589=ORIENTED_EDGE('',*,*,#6173,.T.);
#4590=ORIENTED_EDGE('',*,*,#6078,.F.);
#4591=ORIENTED_EDGE('',*,*,#6174,.T.);
#4592=ORIENTED_EDGE('',*,*,#6175,.T.);
#4593=ORIENTED_EDGE('',*,*,#6176,.T.);
#4594=ORIENTED_EDGE('',*,*,#6076,.F.);
#4595=ORIENTED_EDGE('',*,*,#6177,.T.);
#4596=ORIENTED_EDGE('',*,*,#6178,.T.);
#4597=ORIENTED_EDGE('',*,*,#6075,.F.);
#4598=ORIENTED_EDGE('',*,*,#6171,.F.);
#4599=ORIENTED_EDGE('',*,*,#6179,.F.);
#4600=ORIENTED_EDGE('',*,*,#6177,.F.);
#4601=ORIENTED_EDGE('',*,*,#6180,.F.);
#4602=ORIENTED_EDGE('',*,*,#6050,.F.);
#4603=ORIENTED_EDGE('',*,*,#6181,.F.);
#4604=ORIENTED_EDGE('',*,*,#6169,.F.);
#4605=ORIENTED_EDGE('',*,*,#6073,.F.);
#4606=ORIENTED_EDGE('',*,*,#6179,.T.);
#4607=ORIENTED_EDGE('',*,*,#6170,.F.);
#4608=ORIENTED_EDGE('',*,*,#6181,.T.);
#4609=ORIENTED_EDGE('',*,*,#6054,.F.);
#4610=ORIENTED_EDGE('',*,*,#6167,.F.);
#4611=ORIENTED_EDGE('',*,*,#6178,.F.);
#4612=ORIENTED_EDGE('',*,*,#6079,.F.);
#4613=ORIENTED_EDGE('',*,*,#6173,.F.);
#4614=ORIENTED_EDGE('',*,*,#6182,.F.);
#4615=ORIENTED_EDGE('',*,*,#6052,.F.);
#4616=ORIENTED_EDGE('',*,*,#6183,.T.);
#4617=ORIENTED_EDGE('',*,*,#6077,.F.);
#4618=ORIENTED_EDGE('',*,*,#6176,.F.);
#4619=ORIENTED_EDGE('',*,*,#6184,.F.);
#4620=ORIENTED_EDGE('',*,*,#6174,.F.);
#4621=ORIENTED_EDGE('',*,*,#6185,.T.);
#4622=ORIENTED_EDGE('',*,*,#6182,.T.);
#4623=ORIENTED_EDGE('',*,*,#6172,.F.);
#4624=ORIENTED_EDGE('',*,*,#6184,.T.);
#4625=ORIENTED_EDGE('',*,*,#6186,.T.);
#4626=ORIENTED_EDGE('',*,*,#6187,.T.);
#4627=ORIENTED_EDGE('',*,*,#6188,.T.);
#4628=ORIENTED_EDGE('',*,*,#6189,.T.);
#4629=ORIENTED_EDGE('',*,*,#6188,.F.);
#4630=ORIENTED_EDGE('',*,*,#6190,.T.);
#4631=ORIENTED_EDGE('',*,*,#6082,.T.);
#4632=ORIENTED_EDGE('',*,*,#6191,.T.);
#4633=ORIENTED_EDGE('',*,*,#6086,.F.);
#4634=ORIENTED_EDGE('',*,*,#6192,.T.);
#4635=ORIENTED_EDGE('',*,*,#6151,.T.);
#4636=ORIENTED_EDGE('',*,*,#6193,.T.);
#4637=ORIENTED_EDGE('',*,*,#6084,.F.);
#4638=ORIENTED_EDGE('',*,*,#6194,.T.);
#4639=ORIENTED_EDGE('',*,*,#6195,.T.);
#4640=ORIENTED_EDGE('',*,*,#6196,.T.);
#4641=ORIENTED_EDGE('',*,*,#6083,.F.);
#4642=ORIENTED_EDGE('',*,*,#6190,.F.);
#4643=ORIENTED_EDGE('',*,*,#6187,.F.);
#4644=ORIENTED_EDGE('',*,*,#6194,.F.);
#4645=ORIENTED_EDGE('',*,*,#6085,.F.);
#4646=ORIENTED_EDGE('',*,*,#6196,.F.);
#4647=ORIENTED_EDGE('',*,*,#6152,.F.);
#4648=ORIENTED_EDGE('',*,*,#6192,.F.);
#4649=ORIENTED_EDGE('',*,*,#6087,.F.);
#4650=ORIENTED_EDGE('',*,*,#6193,.F.);
#4651=ORIENTED_EDGE('',*,*,#6150,.F.);
#4652=ORIENTED_EDGE('',*,*,#6098,.F.);
#4653=ORIENTED_EDGE('',*,*,#6197,.F.);
#4654=ORIENTED_EDGE('',*,*,#6198,.F.);
#4655=ORIENTED_EDGE('',*,*,#6096,.F.);
#4656=ORIENTED_EDGE('',*,*,#6189,.F.);
#4657=ORIENTED_EDGE('',*,*,#6191,.F.);
#4658=ORIENTED_EDGE('',*,*,#6081,.F.);
#4659=ORIENTED_EDGE('',*,*,#6199,.T.);
#4660=ORIENTED_EDGE('',*,*,#6200,.T.);
#4661=ORIENTED_EDGE('',*,*,#6099,.F.);
#4662=ORIENTED_EDGE('',*,*,#6149,.F.);
#4663=ORIENTED_EDGE('',*,*,#6041,.T.);
#4664=ORIENTED_EDGE('',*,*,#6132,.F.);
#4665=ORIENTED_EDGE('',*,*,#6045,.T.);
#4666=ORIENTED_EDGE('',*,*,#6131,.F.);
#4667=ORIENTED_EDGE('',*,*,#6049,.T.);
#4668=ORIENTED_EDGE('',*,*,#6168,.F.);
#4669=ORIENTED_EDGE('',*,*,#6053,.T.);
#4670=ORIENTED_EDGE('',*,*,#6185,.F.);
#4671=ORIENTED_EDGE('',*,*,#6199,.F.);
#4672=ORIENTED_EDGE('',*,*,#6200,.F.);
#4673=ORIENTED_EDGE('',*,*,#6195,.F.);
#4674=ORIENTED_EDGE('',*,*,#6186,.F.);
#4675=ORIENTED_EDGE('',*,*,#6175,.F.);
#4676=ORIENTED_EDGE('',*,*,#6166,.F.);
#4677=ORIENTED_EDGE('',*,*,#6160,.F.);
#4678=ORIENTED_EDGE('',*,*,#6127,.F.);
#4679=ORIENTED_EDGE('',*,*,#6118,.F.);
#4680=ORIENTED_EDGE('',*,*,#6136,.F.);
#4681=ORIENTED_EDGE('',*,*,#6142,.F.);
#4682=ORIENTED_EDGE('',*,*,#6153,.F.);
#4683=ORIENTED_EDGE('',*,*,#6123,.T.);
#4684=ORIENTED_EDGE('',*,*,#6043,.F.);
#4685=ORIENTED_EDGE('',*,*,#6124,.T.);
#4686=ORIENTED_EDGE('',*,*,#6201,.T.);
#4687=ORIENTED_EDGE('',*,*,#6145,.T.);
#4688=ORIENTED_EDGE('',*,*,#6039,.F.);
#4689=ORIENTED_EDGE('',*,*,#6146,.T.);
#4690=ORIENTED_EDGE('',*,*,#6202,.T.);
#4691=ORIENTED_EDGE('',*,*,#6164,.T.);
#4692=ORIENTED_EDGE('',*,*,#6047,.F.);
#4693=ORIENTED_EDGE('',*,*,#6165,.T.);
#4694=ORIENTED_EDGE('',*,*,#6203,.T.);
#4695=ORIENTED_EDGE('',*,*,#6180,.T.);
#4696=ORIENTED_EDGE('',*,*,#6204,.T.);
#4697=ORIENTED_EDGE('',*,*,#6183,.F.);
#4698=ORIENTED_EDGE('',*,*,#6051,.F.);
#4699=ORIENTED_EDGE('',*,*,#6197,.T.);
#4700=ORIENTED_EDGE('',*,*,#6097,.F.);
#4701=ORIENTED_EDGE('',*,*,#6198,.T.);
#4702=ORIENTED_EDGE('',*,*,#6205,.T.);
#4703=ORIENTED_EDGE('',*,*,#6202,.F.);
#4704=ORIENTED_EDGE('',*,*,#6088,.F.);
#4705=ORIENTED_EDGE('',*,*,#6205,.F.);
#4706=ORIENTED_EDGE('',*,*,#6080,.F.);
#4707=ORIENTED_EDGE('',*,*,#6204,.F.);
#4708=ORIENTED_EDGE('',*,*,#6072,.F.);
#4709=ORIENTED_EDGE('',*,*,#6203,.F.);
#4710=ORIENTED_EDGE('',*,*,#6064,.F.);
#4711=ORIENTED_EDGE('',*,*,#6201,.F.);
#4712=ORIENTED_EDGE('',*,*,#6056,.F.);
#4713=ORIENTED_EDGE('',*,*,#6206,.T.);
#4714=ORIENTED_EDGE('',*,*,#6207,.T.);
#4715=ORIENTED_EDGE('',*,*,#6208,.T.);
#4716=ORIENTED_EDGE('',*,*,#6209,.F.);
#4717=ORIENTED_EDGE('',*,*,#6210,.T.);
#4718=ORIENTED_EDGE('',*,*,#6211,.T.);
#4719=ORIENTED_EDGE('',*,*,#6212,.T.);
#4720=ORIENTED_EDGE('',*,*,#6213,.T.);
#4721=ORIENTED_EDGE('',*,*,#6214,.T.);
#4722=ORIENTED_EDGE('',*,*,#6215,.T.);
#4723=ORIENTED_EDGE('',*,*,#6216,.T.);
#4724=ORIENTED_EDGE('',*,*,#6217,.F.);
#4725=ORIENTED_EDGE('',*,*,#6218,.T.);
#4726=ORIENTED_EDGE('',*,*,#6219,.T.);
#4727=ORIENTED_EDGE('',*,*,#6220,.T.);
#4728=ORIENTED_EDGE('',*,*,#6221,.T.);
#4729=ORIENTED_EDGE('',*,*,#6222,.T.);
#4730=ORIENTED_EDGE('',*,*,#6223,.T.);
#4731=ORIENTED_EDGE('',*,*,#6224,.T.);
#4732=ORIENTED_EDGE('',*,*,#6225,.F.);
#4733=ORIENTED_EDGE('',*,*,#6226,.T.);
#4734=ORIENTED_EDGE('',*,*,#6227,.T.);
#4735=ORIENTED_EDGE('',*,*,#6228,.T.);
#4736=ORIENTED_EDGE('',*,*,#6229,.T.);
#4737=ORIENTED_EDGE('',*,*,#6230,.T.);
#4738=ORIENTED_EDGE('',*,*,#6231,.T.);
#4739=ORIENTED_EDGE('',*,*,#6232,.T.);
#4740=ORIENTED_EDGE('',*,*,#6233,.F.);
#4741=ORIENTED_EDGE('',*,*,#6234,.T.);
#4742=ORIENTED_EDGE('',*,*,#6235,.T.);
#4743=ORIENTED_EDGE('',*,*,#6236,.T.);
#4744=ORIENTED_EDGE('',*,*,#6237,.T.);
#4745=ORIENTED_EDGE('',*,*,#6238,.T.);
#4746=ORIENTED_EDGE('',*,*,#6239,.T.);
#4747=ORIENTED_EDGE('',*,*,#6240,.T.);
#4748=ORIENTED_EDGE('',*,*,#6241,.F.);
#4749=ORIENTED_EDGE('',*,*,#6242,.T.);
#4750=ORIENTED_EDGE('',*,*,#6243,.T.);
#4751=ORIENTED_EDGE('',*,*,#6244,.T.);
#4752=ORIENTED_EDGE('',*,*,#6245,.T.);
#4753=ORIENTED_EDGE('',*,*,#6246,.F.);
#4754=ORIENTED_EDGE('',*,*,#6247,.T.);
#4755=ORIENTED_EDGE('',*,*,#6231,.F.);
#4756=ORIENTED_EDGE('',*,*,#6248,.T.);
#4757=ORIENTED_EDGE('',*,*,#6249,.F.);
#4758=ORIENTED_EDGE('',*,*,#6250,.T.);
#4759=ORIENTED_EDGE('',*,*,#6251,.T.);
#4760=ORIENTED_EDGE('',*,*,#6223,.F.);
#4761=ORIENTED_EDGE('',*,*,#6252,.T.);
#4762=ORIENTED_EDGE('',*,*,#6253,.F.);
#4763=ORIENTED_EDGE('',*,*,#6254,.T.);
#4764=ORIENTED_EDGE('',*,*,#6215,.F.);
#4765=ORIENTED_EDGE('',*,*,#6255,.T.);
#4766=ORIENTED_EDGE('',*,*,#6256,.F.);
#4767=ORIENTED_EDGE('',*,*,#6257,.T.);
#4768=ORIENTED_EDGE('',*,*,#6207,.F.);
#4769=ORIENTED_EDGE('',*,*,#6258,.T.);
#4770=ORIENTED_EDGE('',*,*,#6259,.F.);
#4771=ORIENTED_EDGE('',*,*,#6260,.T.);
#4772=ORIENTED_EDGE('',*,*,#6239,.F.);
#4773=ORIENTED_EDGE('',*,*,#6261,.T.);
#4774=ORIENTED_EDGE('',*,*,#6262,.T.);
#4775=ORIENTED_EDGE('',*,*,#6263,.T.);
#4776=ORIENTED_EDGE('',*,*,#6264,.F.);
#4777=ORIENTED_EDGE('',*,*,#6265,.F.);
#4778=ORIENTED_EDGE('',*,*,#6266,.T.);
#4779=ORIENTED_EDGE('',*,*,#6267,.F.);
#4780=ORIENTED_EDGE('',*,*,#6268,.F.);
#4781=ORIENTED_EDGE('',*,*,#6269,.T.);
#4782=ORIENTED_EDGE('',*,*,#6264,.T.);
#4783=ORIENTED_EDGE('',*,*,#6270,.F.);
#4784=ORIENTED_EDGE('',*,*,#6271,.F.);
#4785=ORIENTED_EDGE('',*,*,#6272,.T.);
#4786=ORIENTED_EDGE('',*,*,#6268,.T.);
#4787=ORIENTED_EDGE('',*,*,#6273,.F.);
#4788=ORIENTED_EDGE('',*,*,#6266,.F.);
#4789=ORIENTED_EDGE('',*,*,#6274,.T.);
#4790=ORIENTED_EDGE('',*,*,#6271,.T.);
#4791=ORIENTED_EDGE('',*,*,#6265,.T.);
#4792=ORIENTED_EDGE('',*,*,#6269,.F.);
#4793=ORIENTED_EDGE('',*,*,#6272,.F.);
#4794=ORIENTED_EDGE('',*,*,#6274,.F.);
#4795=ORIENTED_EDGE('',*,*,#6246,.T.);
#4796=ORIENTED_EDGE('',*,*,#6263,.F.);
#4797=ORIENTED_EDGE('',*,*,#6273,.T.);
#4798=ORIENTED_EDGE('',*,*,#6270,.T.);
#4799=ORIENTED_EDGE('',*,*,#6267,.T.);
#4800=ORIENTED_EDGE('',*,*,#6209,.T.);
#4801=ORIENTED_EDGE('',*,*,#6275,.T.);
#4802=ORIENTED_EDGE('',*,*,#6276,.F.);
#4803=ORIENTED_EDGE('',*,*,#6277,.T.);
#4804=ORIENTED_EDGE('',*,*,#6213,.F.);
#4805=ORIENTED_EDGE('',*,*,#6278,.T.);
#4806=ORIENTED_EDGE('',*,*,#6279,.T.);
#4807=ORIENTED_EDGE('',*,*,#6280,.T.);
#4808=ORIENTED_EDGE('',*,*,#6281,.T.);
#4809=ORIENTED_EDGE('',*,*,#6282,.T.);
#4810=ORIENTED_EDGE('',*,*,#6211,.F.);
#4811=ORIENTED_EDGE('',*,*,#6283,.T.);
#4812=ORIENTED_EDGE('',*,*,#6212,.F.);
#4813=ORIENTED_EDGE('',*,*,#6282,.F.);
#4814=ORIENTED_EDGE('',*,*,#6284,.F.);
#4815=ORIENTED_EDGE('',*,*,#6278,.F.);
#4816=ORIENTED_EDGE('',*,*,#6214,.F.);
#4817=ORIENTED_EDGE('',*,*,#6280,.F.);
#4818=ORIENTED_EDGE('',*,*,#6285,.F.);
#4819=ORIENTED_EDGE('',*,*,#6255,.F.);
#4820=ORIENTED_EDGE('',*,*,#6208,.F.);
#4821=ORIENTED_EDGE('',*,*,#6257,.F.);
#4822=ORIENTED_EDGE('',*,*,#6286,.F.);
#4823=ORIENTED_EDGE('',*,*,#6275,.F.);
#4824=ORIENTED_EDGE('',*,*,#6210,.F.);
#4825=ORIENTED_EDGE('',*,*,#6277,.F.);
#4826=ORIENTED_EDGE('',*,*,#6287,.F.);
#4827=ORIENTED_EDGE('',*,*,#6283,.F.);
#4828=ORIENTED_EDGE('',*,*,#6279,.F.);
#4829=ORIENTED_EDGE('',*,*,#6284,.T.);
#4830=ORIENTED_EDGE('',*,*,#6288,.T.);
#4831=ORIENTED_EDGE('',*,*,#6289,.T.);
#4832=ORIENTED_EDGE('',*,*,#6290,.T.);
#4833=ORIENTED_EDGE('',*,*,#6291,.T.);
#4834=ORIENTED_EDGE('',*,*,#6292,.T.);
#4835=ORIENTED_EDGE('',*,*,#6285,.T.);
#4836=ORIENTED_EDGE('',*,*,#6276,.T.);
#4837=ORIENTED_EDGE('',*,*,#6286,.T.);
#4838=ORIENTED_EDGE('',*,*,#6293,.T.);
#4839=ORIENTED_EDGE('',*,*,#6294,.T.);
#4840=ORIENTED_EDGE('',*,*,#6295,.F.);
#4841=ORIENTED_EDGE('',*,*,#6296,.T.);
#4842=ORIENTED_EDGE('',*,*,#6297,.T.);
#4843=ORIENTED_EDGE('',*,*,#6287,.T.);
#4844=ORIENTED_EDGE('',*,*,#6241,.T.);
#4845=ORIENTED_EDGE('',*,*,#6298,.T.);
#4846=ORIENTED_EDGE('',*,*,#6299,.F.);
#4847=ORIENTED_EDGE('',*,*,#6300,.T.);
#4848=ORIENTED_EDGE('',*,*,#6245,.F.);
#4849=ORIENTED_EDGE('',*,*,#6301,.T.);
#4850=ORIENTED_EDGE('',*,*,#6295,.T.);
#4851=ORIENTED_EDGE('',*,*,#6302,.T.);
#4852=ORIENTED_EDGE('',*,*,#6303,.T.);
#4853=ORIENTED_EDGE('',*,*,#6304,.T.);
#4854=ORIENTED_EDGE('',*,*,#6243,.F.);
#4855=ORIENTED_EDGE('',*,*,#6305,.T.);
#4856=ORIENTED_EDGE('',*,*,#6244,.F.);
#4857=ORIENTED_EDGE('',*,*,#6304,.F.);
#4858=ORIENTED_EDGE('',*,*,#6296,.F.);
#4859=ORIENTED_EDGE('',*,*,#6301,.F.);
#4860=ORIENTED_EDGE('',*,*,#6206,.F.);
#4861=ORIENTED_EDGE('',*,*,#6302,.F.);
#4862=ORIENTED_EDGE('',*,*,#6294,.F.);
#4863=ORIENTED_EDGE('',*,*,#6258,.F.);
#4864=ORIENTED_EDGE('',*,*,#6240,.F.);
#4865=ORIENTED_EDGE('',*,*,#6260,.F.);
#4866=ORIENTED_EDGE('',*,*,#6306,.F.);
#4867=ORIENTED_EDGE('',*,*,#6298,.F.);
#4868=ORIENTED_EDGE('',*,*,#6242,.F.);
#4869=ORIENTED_EDGE('',*,*,#6300,.F.);
#4870=ORIENTED_EDGE('',*,*,#6307,.F.);
#4871=ORIENTED_EDGE('',*,*,#6305,.F.);
#4872=ORIENTED_EDGE('',*,*,#6299,.T.);
#4873=ORIENTED_EDGE('',*,*,#6306,.T.);
#4874=ORIENTED_EDGE('',*,*,#6308,.T.);
#4875=ORIENTED_EDGE('',*,*,#6309,.T.);
#4876=ORIENTED_EDGE('',*,*,#6310,.F.);
#4877=ORIENTED_EDGE('',*,*,#6311,.T.);
#4878=ORIENTED_EDGE('',*,*,#6312,.T.);
#4879=ORIENTED_EDGE('',*,*,#6307,.T.);
#4880=ORIENTED_EDGE('',*,*,#6290,.F.);
#4881=ORIENTED_EDGE('',*,*,#6313,.T.);
#4882=ORIENTED_EDGE('',*,*,#6217,.T.);
#4883=ORIENTED_EDGE('',*,*,#6314,.T.);
#4884=ORIENTED_EDGE('',*,*,#6221,.F.);
#4885=ORIENTED_EDGE('',*,*,#6315,.T.);
#4886=ORIENTED_EDGE('',*,*,#6316,.T.);
#4887=ORIENTED_EDGE('',*,*,#6317,.T.);
#4888=ORIENTED_EDGE('',*,*,#6219,.F.);
#4889=ORIENTED_EDGE('',*,*,#6318,.T.);
#4890=ORIENTED_EDGE('',*,*,#6319,.T.);
#4891=ORIENTED_EDGE('',*,*,#6320,.T.);
#4892=ORIENTED_EDGE('',*,*,#6218,.F.);
#4893=ORIENTED_EDGE('',*,*,#6313,.F.);
#4894=ORIENTED_EDGE('',*,*,#6289,.F.);
#4895=ORIENTED_EDGE('',*,*,#6318,.F.);
#4896=ORIENTED_EDGE('',*,*,#6220,.F.);
#4897=ORIENTED_EDGE('',*,*,#6320,.F.);
#4898=ORIENTED_EDGE('',*,*,#6321,.F.);
#4899=ORIENTED_EDGE('',*,*,#6315,.F.);
#4900=ORIENTED_EDGE('',*,*,#6222,.F.);
#4901=ORIENTED_EDGE('',*,*,#6317,.F.);
#4902=ORIENTED_EDGE('',*,*,#6322,.F.);
#4903=ORIENTED_EDGE('',*,*,#6252,.F.);
#4904=ORIENTED_EDGE('',*,*,#6216,.F.);
#4905=ORIENTED_EDGE('',*,*,#6254,.F.);
#4906=ORIENTED_EDGE('',*,*,#6291,.F.);
#4907=ORIENTED_EDGE('',*,*,#6314,.F.);
#4908=ORIENTED_EDGE('',*,*,#6316,.F.);
#4909=ORIENTED_EDGE('',*,*,#6321,.T.);
#4910=ORIENTED_EDGE('',*,*,#6323,.T.);
#4911=ORIENTED_EDGE('',*,*,#6324,.T.);
#4912=ORIENTED_EDGE('',*,*,#6325,.T.);
#4913=ORIENTED_EDGE('',*,*,#6322,.T.);
#4914=ORIENTED_EDGE('',*,*,#6225,.T.);
#4915=ORIENTED_EDGE('',*,*,#6326,.T.);
#4916=ORIENTED_EDGE('',*,*,#6327,.T.);
#4917=ORIENTED_EDGE('',*,*,#6328,.T.);
#4918=ORIENTED_EDGE('',*,*,#6329,.T.);
#4919=ORIENTED_EDGE('',*,*,#6330,.T.);
#4920=ORIENTED_EDGE('',*,*,#6229,.F.);
#4921=ORIENTED_EDGE('',*,*,#6331,.T.);
#4922=ORIENTED_EDGE('',*,*,#6332,.T.);
#4923=ORIENTED_EDGE('',*,*,#6333,.T.);
#4924=ORIENTED_EDGE('',*,*,#6227,.F.);
#4925=ORIENTED_EDGE('',*,*,#6334,.T.);
#4926=ORIENTED_EDGE('',*,*,#6335,.T.);
#4927=ORIENTED_EDGE('',*,*,#6226,.F.);
#4928=ORIENTED_EDGE('',*,*,#6328,.F.);
#4929=ORIENTED_EDGE('',*,*,#6336,.F.);
#4930=ORIENTED_EDGE('',*,*,#6334,.F.);
#4931=ORIENTED_EDGE('',*,*,#6224,.F.);
#4932=ORIENTED_EDGE('',*,*,#6251,.F.);
#4933=ORIENTED_EDGE('',*,*,#6337,.F.);
#4934=ORIENTED_EDGE('',*,*,#6326,.F.);
#4935=ORIENTED_EDGE('',*,*,#6336,.T.);
#4936=ORIENTED_EDGE('',*,*,#6327,.F.);
#4937=ORIENTED_EDGE('',*,*,#6337,.T.);
#4938=ORIENTED_EDGE('',*,*,#6250,.F.);
#4939=ORIENTED_EDGE('',*,*,#6324,.F.);
#4940=ORIENTED_EDGE('',*,*,#6335,.F.);
#4941=ORIENTED_EDGE('',*,*,#6230,.F.);
#4942=ORIENTED_EDGE('',*,*,#6330,.F.);
#4943=ORIENTED_EDGE('',*,*,#6338,.F.);
#4944=ORIENTED_EDGE('',*,*,#6248,.F.);
#4945=ORIENTED_EDGE('',*,*,#6228,.F.);
#4946=ORIENTED_EDGE('',*,*,#6333,.F.);
#4947=ORIENTED_EDGE('',*,*,#6339,.F.);
#4948=ORIENTED_EDGE('',*,*,#6331,.F.);
#4949=ORIENTED_EDGE('',*,*,#6340,.T.);
#4950=ORIENTED_EDGE('',*,*,#6338,.T.);
#4951=ORIENTED_EDGE('',*,*,#6329,.F.);
#4952=ORIENTED_EDGE('',*,*,#6339,.T.);
#4953=ORIENTED_EDGE('',*,*,#6341,.T.);
#4954=ORIENTED_EDGE('',*,*,#6342,.T.);
#4955=ORIENTED_EDGE('',*,*,#6343,.T.);
#4956=ORIENTED_EDGE('',*,*,#6344,.T.);
#4957=ORIENTED_EDGE('',*,*,#6343,.F.);
#4958=ORIENTED_EDGE('',*,*,#6345,.T.);
#4959=ORIENTED_EDGE('',*,*,#6233,.T.);
#4960=ORIENTED_EDGE('',*,*,#6346,.T.);
#4961=ORIENTED_EDGE('',*,*,#6237,.F.);
#4962=ORIENTED_EDGE('',*,*,#6347,.T.);
#4963=ORIENTED_EDGE('',*,*,#6310,.T.);
#4964=ORIENTED_EDGE('',*,*,#6348,.T.);
#4965=ORIENTED_EDGE('',*,*,#6235,.F.);
#4966=ORIENTED_EDGE('',*,*,#6349,.T.);
#4967=ORIENTED_EDGE('',*,*,#6350,.T.);
#4968=ORIENTED_EDGE('',*,*,#6351,.T.);
#4969=ORIENTED_EDGE('',*,*,#6234,.F.);
#4970=ORIENTED_EDGE('',*,*,#6345,.F.);
#4971=ORIENTED_EDGE('',*,*,#6342,.F.);
#4972=ORIENTED_EDGE('',*,*,#6349,.F.);
#4973=ORIENTED_EDGE('',*,*,#6236,.F.);
#4974=ORIENTED_EDGE('',*,*,#6351,.F.);
#4975=ORIENTED_EDGE('',*,*,#6311,.F.);
#4976=ORIENTED_EDGE('',*,*,#6347,.F.);
#4977=ORIENTED_EDGE('',*,*,#6238,.F.);
#4978=ORIENTED_EDGE('',*,*,#6348,.F.);
#4979=ORIENTED_EDGE('',*,*,#6309,.F.);
#4980=ORIENTED_EDGE('',*,*,#6261,.F.);
#4981=ORIENTED_EDGE('',*,*,#6232,.F.);
#4982=ORIENTED_EDGE('',*,*,#6247,.F.);
#4983=ORIENTED_EDGE('',*,*,#6344,.F.);
#4984=ORIENTED_EDGE('',*,*,#6346,.F.);
#4985=ORIENTED_EDGE('',*,*,#6352,.T.);
#4986=ORIENTED_EDGE('',*,*,#6353,.T.);
#4987=ORIENTED_EDGE('',*,*,#6262,.F.);
#4988=ORIENTED_EDGE('',*,*,#6308,.F.);
#4989=ORIENTED_EDGE('',*,*,#6259,.T.);
#4990=ORIENTED_EDGE('',*,*,#6293,.F.);
#4991=ORIENTED_EDGE('',*,*,#6256,.T.);
#4992=ORIENTED_EDGE('',*,*,#6292,.F.);
#4993=ORIENTED_EDGE('',*,*,#6253,.T.);
#4994=ORIENTED_EDGE('',*,*,#6325,.F.);
#4995=ORIENTED_EDGE('',*,*,#6249,.T.);
#4996=ORIENTED_EDGE('',*,*,#6340,.F.);
#4997=ORIENTED_EDGE('',*,*,#6352,.F.);
#4998=ORIENTED_EDGE('',*,*,#6353,.F.);
#4999=ORIENTED_EDGE('',*,*,#6350,.F.);
#5000=ORIENTED_EDGE('',*,*,#6341,.F.);
#5001=ORIENTED_EDGE('',*,*,#6332,.F.);
#5002=ORIENTED_EDGE('',*,*,#6323,.F.);
#5003=ORIENTED_EDGE('',*,*,#6319,.F.);
#5004=ORIENTED_EDGE('',*,*,#6288,.F.);
#5005=ORIENTED_EDGE('',*,*,#6281,.F.);
#5006=ORIENTED_EDGE('',*,*,#6297,.F.);
#5007=ORIENTED_EDGE('',*,*,#6303,.F.);
#5008=ORIENTED_EDGE('',*,*,#6312,.F.);
#5009=ORIENTED_EDGE('',*,*,#6354,.T.);
#5010=ORIENTED_EDGE('',*,*,#6355,.T.);
#5011=ORIENTED_EDGE('',*,*,#6356,.T.);
#5012=ORIENTED_EDGE('',*,*,#6357,.T.);
#5013=ORIENTED_EDGE('',*,*,#6354,.F.);
#5014=ORIENTED_EDGE('',*,*,#6356,.F.);
#5015=ORIENTED_EDGE('',*,*,#6357,.F.);
#5016=ORIENTED_EDGE('',*,*,#6355,.F.);
#5017=ORIENTED_EDGE('',*,*,#6358,.F.);
#5018=ORIENTED_EDGE('',*,*,#6359,.F.);
#5019=ORIENTED_EDGE('',*,*,#6360,.F.);
#5020=ORIENTED_EDGE('',*,*,#6361,.F.);
#5021=ORIENTED_EDGE('',*,*,#6358,.T.);
#5022=ORIENTED_EDGE('',*,*,#6360,.T.);
#5023=ORIENTED_EDGE('',*,*,#6361,.T.);
#5024=ORIENTED_EDGE('',*,*,#6359,.T.);
#5025=ORIENTED_EDGE('',*,*,#6362,.T.);
#5026=ORIENTED_EDGE('',*,*,#6363,.F.);
#5027=ORIENTED_EDGE('',*,*,#6364,.F.);
#5028=ORIENTED_EDGE('',*,*,#6365,.T.);
#5029=ORIENTED_EDGE('',*,*,#6366,.F.);
#5030=ORIENTED_EDGE('',*,*,#6365,.F.);
#5031=ORIENTED_EDGE('',*,*,#6367,.T.);
#5032=ORIENTED_EDGE('',*,*,#6368,.T.);
#5033=ORIENTED_EDGE('',*,*,#6369,.F.);
#5034=ORIENTED_EDGE('',*,*,#6368,.F.);
#5035=ORIENTED_EDGE('',*,*,#6370,.T.);
#5036=ORIENTED_EDGE('',*,*,#6371,.T.);
#5037=ORIENTED_EDGE('',*,*,#6372,.T.);
#5038=ORIENTED_EDGE('',*,*,#6371,.F.);
#5039=ORIENTED_EDGE('',*,*,#6373,.F.);
#5040=ORIENTED_EDGE('',*,*,#6363,.T.);
#5041=ORIENTED_EDGE('',*,*,#6374,.T.);
#5042=ORIENTED_EDGE('',*,*,#6364,.T.);
#5043=ORIENTED_EDGE('',*,*,#6373,.T.);
#5044=ORIENTED_EDGE('',*,*,#6370,.F.);
#5045=ORIENTED_EDGE('',*,*,#6367,.F.);
#5046=ORIENTED_EDGE('',*,*,#6362,.F.);
#5047=ORIENTED_EDGE('',*,*,#6366,.T.);
#5048=ORIENTED_EDGE('',*,*,#6369,.T.);
#5049=ORIENTED_EDGE('',*,*,#6372,.F.);
#5050=ORIENTED_EDGE('',*,*,#6375,.T.);
#5051=ORIENTED_EDGE('',*,*,#6374,.F.);
#5052=ORIENTED_EDGE('',*,*,#6375,.F.);
#5053=ORIENTED_EDGE('',*,*,#6376,.T.);
#5054=ORIENTED_EDGE('',*,*,#6377,.T.);
#5055=ORIENTED_EDGE('',*,*,#6378,.T.);
#5056=ORIENTED_EDGE('',*,*,#6379,.T.);
#5057=ORIENTED_EDGE('',*,*,#6376,.F.);
#5058=ORIENTED_EDGE('',*,*,#6378,.F.);
#5059=ORIENTED_EDGE('',*,*,#6379,.F.);
#5060=ORIENTED_EDGE('',*,*,#6377,.F.);
#5061=ORIENTED_EDGE('',*,*,#6380,.T.);
#5062=ORIENTED_EDGE('',*,*,#6381,.T.);
#5063=ORIENTED_EDGE('',*,*,#6382,.T.);
#5064=ORIENTED_EDGE('',*,*,#6383,.T.);
#5065=ORIENTED_EDGE('',*,*,#6380,.F.);
#5066=ORIENTED_EDGE('',*,*,#6382,.F.);
#5067=ORIENTED_EDGE('',*,*,#6383,.F.);
#5068=ORIENTED_EDGE('',*,*,#6381,.F.);
#5069=EDGE_CURVE('',#6384,#6385,#7244,.T.);
#5070=EDGE_CURVE('',#6385,#6386,#2179,.T.);
#5071=EDGE_CURVE('',#6386,#6387,#7245,.T.);
#5072=EDGE_CURVE('',#6388,#6387,#429,.T.);
#5073=EDGE_CURVE('',#6388,#6389,#7246,.T.);
#5074=EDGE_CURVE('',#6389,#6390,#2180,.T.);
#5075=EDGE_CURVE('',#6390,#6391,#7247,.T.);
#5076=EDGE_CURVE('',#6391,#6392,#430,.T.);
#5077=EDGE_CURVE('',#6392,#6393,#7248,.T.);
#5078=EDGE_CURVE('',#6393,#6394,#2181,.T.);
#5079=EDGE_CURVE('',#6394,#6395,#7249,.T.);
#5080=EDGE_CURVE('',#6396,#6395,#431,.T.);
#5081=EDGE_CURVE('',#6396,#6397,#7250,.T.);
#5082=EDGE_CURVE('',#6397,#6398,#2182,.T.);
#5083=EDGE_CURVE('',#6398,#6399,#7251,.T.);
#5084=EDGE_CURVE('',#6399,#6400,#432,.T.);
#5085=EDGE_CURVE('',#6400,#6401,#7252,.T.);
#5086=EDGE_CURVE('',#6401,#6402,#2183,.T.);
#5087=EDGE_CURVE('',#6402,#6403,#7253,.T.);
#5088=EDGE_CURVE('',#6404,#6403,#433,.T.);
#5089=EDGE_CURVE('',#6404,#6405,#7254,.T.);
#5090=EDGE_CURVE('',#6405,#6406,#2184,.T.);
#5091=EDGE_CURVE('',#6406,#6407,#7255,.T.);
#5092=EDGE_CURVE('',#6407,#6408,#434,.T.);
#5093=EDGE_CURVE('',#6408,#6409,#7256,.T.);
#5094=EDGE_CURVE('',#6409,#6410,#2185,.T.);
#5095=EDGE_CURVE('',#6410,#6411,#7257,.T.);
#5096=EDGE_CURVE('',#6412,#6411,#435,.T.);
#5097=EDGE_CURVE('',#6412,#6413,#7258,.T.);
#5098=EDGE_CURVE('',#6413,#6414,#2186,.T.);
#5099=EDGE_CURVE('',#6414,#6415,#7259,.T.);
#5100=EDGE_CURVE('',#6415,#6416,#436,.T.);
#5101=EDGE_CURVE('',#6416,#6417,#7260,.T.);
#5102=EDGE_CURVE('',#6417,#6418,#2187,.T.);
#5103=EDGE_CURVE('',#6418,#6419,#7261,.T.);
#5104=EDGE_CURVE('',#6420,#6419,#437,.T.);
#5105=EDGE_CURVE('',#6420,#6421,#7262,.T.);
#5106=EDGE_CURVE('',#6421,#6422,#2188,.T.);
#5107=EDGE_CURVE('',#6422,#6423,#7263,.T.);
#5108=EDGE_CURVE('',#6423,#6384,#438,.T.);
#5109=EDGE_CURVE('',#6424,#6424,#2189,.T.);
#5110=EDGE_CURVE('',#6425,#6410,#439,.F.);
#5111=EDGE_CURVE('',#6409,#6426,#440,.T.);
#5112=EDGE_CURVE('',#6427,#6426,#2190,.T.);
#5113=EDGE_CURVE('',#6427,#6428,#2191,.F.);
#5114=EDGE_CURVE('',#6428,#6402,#441,.F.);
#5115=EDGE_CURVE('',#6401,#6429,#442,.T.);
#5116=EDGE_CURVE('',#6430,#6429,#2192,.T.);
#5117=EDGE_CURVE('',#6430,#6394,#443,.F.);
#5118=EDGE_CURVE('',#6393,#6431,#444,.T.);
#5119=EDGE_CURVE('',#6432,#6431,#2193,.T.);
#5120=EDGE_CURVE('',#6432,#6386,#445,.F.);
#5121=EDGE_CURVE('',#6385,#6433,#446,.T.);
#5122=EDGE_CURVE('',#6434,#6433,#2194,.T.);
#5123=EDGE_CURVE('',#6434,#6418,#447,.F.);
#5124=EDGE_CURVE('',#6417,#6435,#448,.T.);
#5125=EDGE_CURVE('',#6435,#6425,#2195,.F.);
#5126=EDGE_CURVE('',#6436,#6437,#449,.T.);
#5127=EDGE_CURVE('',#6438,#6437,#450,.T.);
#5128=EDGE_CURVE('',#6439,#6438,#451,.T.);
#5129=EDGE_CURVE('',#6439,#6436,#452,.T.);
#5130=EDGE_CURVE('',#6440,#6437,#2196,.T.);
#5131=EDGE_CURVE('',#6441,#6440,#453,.T.);
#5132=EDGE_CURVE('',#6441,#6438,#2197,.T.);
#5133=EDGE_CURVE('',#6442,#6440,#454,.T.);
#5134=EDGE_CURVE('',#6443,#6442,#455,.T.);
#5135=EDGE_CURVE('',#6443,#6441,#456,.T.);
#5136=EDGE_CURVE('',#6436,#6442,#2198,.T.);
#5137=EDGE_CURVE('',#6439,#6443,#2199,.T.);
#5138=EDGE_CURVE('',#6387,#6444,#457,.T.);
#5139=EDGE_CURVE('',#6445,#6444,#458,.T.);
#5140=EDGE_CURVE('',#6445,#6388,#459,.F.);
#5141=EDGE_CURVE('',#6391,#6446,#460,.T.);
#5142=EDGE_CURVE('',#6446,#6447,#461,.T.);
#5143=EDGE_CURVE('',#6447,#6392,#462,.F.);
#5144=EDGE_CURVE('',#6448,#6449,#2200,.T.);
#5145=EDGE_CURVE('',#6449,#6390,#463,.F.);
#5146=EDGE_CURVE('',#6389,#6448,#464,.T.);
#5147=EDGE_CURVE('',#6446,#6449,#7264,.T.);
#5148=EDGE_CURVE('',#6431,#6447,#7265,.T.);
#5149=EDGE_CURVE('',#6444,#6432,#7266,.T.);
#5150=EDGE_CURVE('',#6448,#6445,#7267,.T.);
#5151=EDGE_CURVE('',#6449,#6450,#2201,.F.);
#5152=EDGE_CURVE('',#6450,#6451,#7268,.T.);
#5153=EDGE_CURVE('',#6451,#6452,#465,.T.);
#5154=EDGE_CURVE('',#6452,#6430,#7269,.T.);
#5155=EDGE_CURVE('',#6430,#6431,#2202,.F.);
#5156=EDGE_CURVE('',#6432,#6433,#2203,.F.);
#5157=EDGE_CURVE('',#6433,#6453,#7270,.T.);
#5158=EDGE_CURVE('',#6454,#6453,#466,.T.);
#5159=EDGE_CURVE('',#6454,#6455,#7271,.T.);
#5160=EDGE_CURVE('',#6455,#6448,#2204,.F.);
#5161=EDGE_CURVE('',#6419,#6456,#467,.T.);
#5162=EDGE_CURVE('',#6457,#6456,#468,.T.);
#5163=EDGE_CURVE('',#6457,#6420,#469,.F.);
#5164=EDGE_CURVE('',#6423,#6454,#470,.T.);
#5165=EDGE_CURVE('',#6453,#6384,#471,.F.);
#5166=EDGE_CURVE('',#6458,#6455,#2205,.T.);
#5167=EDGE_CURVE('',#6455,#6422,#472,.F.);
#5168=EDGE_CURVE('',#6421,#6458,#473,.T.);
#5169=EDGE_CURVE('',#6456,#6434,#7272,.T.);
#5170=EDGE_CURVE('',#6458,#6457,#7273,.T.);
#5171=EDGE_CURVE('',#6434,#6435,#2206,.F.);
#5172=EDGE_CURVE('',#6435,#6459,#7274,.T.);
#5173=EDGE_CURVE('',#6460,#6459,#474,.T.);
#5174=EDGE_CURVE('',#6460,#6461,#7275,.T.);
#5175=EDGE_CURVE('',#6461,#6458,#2207,.F.);
#5176=EDGE_CURVE('',#6451,#6396,#475,.F.);
#5177=EDGE_CURVE('',#6395,#6452,#476,.T.);
#5178=EDGE_CURVE('',#6399,#6462,#477,.T.);
#5179=EDGE_CURVE('',#6462,#6463,#478,.T.);
#5180=EDGE_CURVE('',#6463,#6400,#479,.F.);
#5181=EDGE_CURVE('',#6397,#6450,#480,.T.);
#5182=EDGE_CURVE('',#6450,#6464,#2208,.T.);
#5183=EDGE_CURVE('',#6464,#6398,#481,.F.);
#5184=EDGE_CURVE('',#6462,#6464,#7276,.T.);
#5185=EDGE_CURVE('',#6429,#6463,#7277,.T.);
#5186=EDGE_CURVE('',#6464,#6465,#2209,.F.);
#5187=EDGE_CURVE('',#6465,#6427,#482,.T.);
#5188=EDGE_CURVE('',#6427,#6429,#2210,.F.);
#5189=EDGE_CURVE('',#6403,#6466,#483,.T.);
#5190=EDGE_CURVE('',#6466,#6467,#484,.F.);
#5191=EDGE_CURVE('',#6467,#6404,#485,.F.);
#5192=EDGE_CURVE('',#6468,#6469,#486,.T.);
#5193=EDGE_CURVE('',#6469,#6408,#487,.F.);
#5194=EDGE_CURVE('',#6407,#6468,#488,.T.);
#5195=EDGE_CURVE('',#6465,#6470,#2211,.T.);
#5196=EDGE_CURVE('',#6470,#6406,#489,.F.);
#5197=EDGE_CURVE('',#6405,#6471,#490,.T.);
#5198=EDGE_CURVE('',#6471,#6465,#2212,.T.);
#5199=EDGE_CURVE('',#6471,#6467,#71,.F.);
#5200=EDGE_CURVE('',#6466,#6428,#72,.T.);
#5201=EDGE_CURVE('',#6426,#6469,#7278,.T.);
#5202=EDGE_CURVE('',#6468,#6470,#7279,.T.);
#5203=EDGE_CURVE('',#6425,#6426,#2213,.F.);
#5204=EDGE_CURVE('',#6470,#6472,#2214,.F.);
#5205=EDGE_CURVE('',#6472,#6473,#7280,.T.);
#5206=EDGE_CURVE('',#6473,#6474,#491,.T.);
#5207=EDGE_CURVE('',#6474,#6425,#7281,.T.);
#5208=EDGE_CURVE('',#6473,#6412,#492,.F.);
#5209=EDGE_CURVE('',#6411,#6474,#493,.T.);
#5210=EDGE_CURVE('',#6415,#6460,#494,.T.);
#5211=EDGE_CURVE('',#6459,#6416,#495,.F.);
#5212=EDGE_CURVE('',#6413,#6472,#496,.T.);
#5213=EDGE_CURVE('',#6472,#6461,#2215,.F.);
#5214=EDGE_CURVE('',#6461,#6414,#497,.F.);
#5215=EDGE_CURVE('',#6475,#6475,#2216,.T.);
#5216=EDGE_CURVE('',#6476,#6476,#2217,.F.);
#5217=EDGE_CURVE('',#6477,#6478,#498,.T.);
#5218=EDGE_CURVE('',#6477,#6479,#499,.T.);
#5219=EDGE_CURVE('',#6479,#6480,#500,.T.);
#5220=EDGE_CURVE('',#6480,#6481,#501,.T.);
#5221=EDGE_CURVE('',#6482,#6481,#502,.T.);
#5222=EDGE_CURVE('',#6482,#6478,#503,.T.);
#5223=EDGE_CURVE('',#6483,#6484,#504,.T.);
#5224=EDGE_CURVE('',#6483,#6485,#505,.T.);
#5225=EDGE_CURVE('',#6485,#6486,#506,.T.);
#5226=EDGE_CURVE('',#6487,#6486,#507,.T.);
#5227=EDGE_CURVE('',#6488,#6487,#508,.T.);
#5228=EDGE_CURVE('',#6488,#6484,#509,.T.);
#5229=EDGE_CURVE('',#6489,#6489,#2218,.T.);
#5230=EDGE_CURVE('',#6489,#6489,#2219,.T.);
#5231=EDGE_CURVE('',#6490,#6490,#2220,.T.);
#5232=EDGE_CURVE('',#6490,#6490,#2221,.T.);
#5233=EDGE_CURVE('',#6491,#6492,#510,.T.);
#5234=EDGE_CURVE('',#6491,#6493,#511,.T.);
#5235=EDGE_CURVE('',#6493,#6494,#512,.T.);
#5236=EDGE_CURVE('',#6494,#6495,#513,.T.);
#5237=EDGE_CURVE('',#6496,#6495,#514,.T.);
#5238=EDGE_CURVE('',#6496,#6497,#515,.T.);
#5239=EDGE_CURVE('',#6497,#6498,#516,.T.);
#5240=EDGE_CURVE('',#6498,#6499,#517,.T.);
#5241=EDGE_CURVE('',#6500,#6499,#518,.T.);
#5242=EDGE_CURVE('',#6500,#6501,#519,.T.);
#5243=EDGE_CURVE('',#6501,#6502,#520,.T.);
#5244=EDGE_CURVE('',#6502,#6503,#521,.T.);
#5245=EDGE_CURVE('',#6503,#6504,#522,.T.);
#5246=EDGE_CURVE('',#6504,#6505,#523,.T.);
#5247=EDGE_CURVE('',#6505,#6506,#524,.T.);
#5248=EDGE_CURVE('',#6506,#6507,#525,.T.);
#5249=EDGE_CURVE('',#6507,#6508,#526,.T.);
#5250=EDGE_CURVE('',#6508,#6509,#527,.T.);
#5251=EDGE_CURVE('',#6509,#6510,#528,.T.);
#5252=EDGE_CURVE('',#6510,#6511,#529,.T.);
#5253=EDGE_CURVE('',#6512,#6511,#530,.T.);
#5254=EDGE_CURVE('',#6512,#6513,#531,.T.);
#5255=EDGE_CURVE('',#6514,#6513,#532,.T.);
#5256=EDGE_CURVE('',#6514,#6492,#533,.T.);
#5257=EDGE_CURVE('',#6515,#6516,#534,.T.);
#5258=EDGE_CURVE('',#6516,#6517,#535,.T.);
#5259=EDGE_CURVE('',#6518,#6517,#536,.T.);
#5260=EDGE_CURVE('',#6515,#6518,#537,.T.);
#5261=EDGE_CURVE('',#6519,#6520,#538,.T.);
#5262=EDGE_CURVE('',#6520,#6521,#539,.T.);
#5263=EDGE_CURVE('',#6522,#6521,#540,.T.);
#5264=EDGE_CURVE('',#6522,#6519,#541,.T.);
#5265=EDGE_CURVE('',#6518,#6523,#542,.T.);
#5266=EDGE_CURVE('',#6524,#6517,#543,.T.);
#5267=EDGE_CURVE('',#6525,#6524,#544,.T.);
#5268=EDGE_CURVE('',#6525,#6526,#545,.T.);
#5269=EDGE_CURVE('',#6526,#6523,#546,.T.);
#5270=EDGE_CURVE('',#6527,#6528,#547,.T.);
#5271=EDGE_CURVE('',#6528,#6516,#548,.T.);
#5272=EDGE_CURVE('',#6515,#6529,#549,.T.);
#5273=EDGE_CURVE('',#6530,#6529,#550,.T.);
#5274=EDGE_CURVE('',#6527,#6530,#551,.T.);
#5275=EDGE_CURVE('',#6519,#6531,#552,.T.);
#5276=EDGE_CURVE('',#6532,#6531,#553,.T.);
#5277=EDGE_CURVE('',#6533,#6532,#554,.T.);
#5278=EDGE_CURVE('',#6533,#6534,#555,.T.);
#5279=EDGE_CURVE('',#6534,#6520,#556,.T.);
#5280=EDGE_CURVE('',#6521,#6535,#557,.T.);
#5281=EDGE_CURVE('',#6536,#6535,#558,.T.);
#5282=EDGE_CURVE('',#6536,#6537,#559,.T.);
#5283=EDGE_CURVE('',#6537,#6538,#560,.T.);
#5284=EDGE_CURVE('',#6522,#6538,#561,.T.);
#5285=EDGE_CURVE('',#6539,#6539,#2222,.F.);
#5286=EDGE_CURVE('',#6540,#6540,#2223,.F.);
#5287=EDGE_CURVE('',#6541,#6541,#2224,.F.);
#5288=EDGE_CURVE('',#6542,#6542,#2225,.F.);
#5289=EDGE_CURVE('',#6524,#6534,#562,.T.);
#5290=EDGE_CURVE('',#6517,#6520,#563,.T.);
#5291=EDGE_CURVE('',#6538,#6531,#564,.T.);
#5292=EDGE_CURVE('',#6529,#6523,#565,.T.);
#5293=EDGE_CURVE('',#6530,#6526,#566,.T.);
#5294=EDGE_CURVE('',#6537,#6532,#567,.T.);
#5295=EDGE_CURVE('',#6527,#6525,#568,.T.);
#5296=EDGE_CURVE('',#6536,#6533,#569,.T.);
#5297=EDGE_CURVE('',#6543,#6543,#2226,.T.);
#5298=EDGE_CURVE('',#6544,#6544,#2227,.T.);
#5299=EDGE_CURVE('',#6535,#6507,#570,.F.);
#5300=EDGE_CURVE('',#6545,#6505,#571,.T.);
#5301=EDGE_CURVE('',#6546,#6545,#572,.T.);
#5302=EDGE_CURVE('',#6498,#6546,#573,.T.);
#5303=EDGE_CURVE('',#6495,#6547,#574,.T.);
#5304=EDGE_CURVE('',#6548,#6547,#575,.T.);
#5305=EDGE_CURVE('',#6548,#6512,#576,.T.);
#5306=EDGE_CURVE('',#6510,#6528,#577,.T.);
#5307=EDGE_CURVE('',#6516,#6509,#578,.T.);
#5308=EDGE_CURVE('',#6521,#6508,#579,.F.);
#5309=EDGE_CURVE('',#6549,#6550,#580,.T.);
#5310=EDGE_CURVE('',#6550,#6551,#581,.T.);
#5311=EDGE_CURVE('',#6551,#6552,#582,.T.);
#5312=EDGE_CURVE('',#6552,#6549,#583,.T.);
#5313=EDGE_CURVE('',#6553,#6550,#584,.T.);
#5314=EDGE_CURVE('',#6553,#6554,#585,.T.);
#5315=EDGE_CURVE('',#6554,#6551,#586,.T.);
#5316=EDGE_CURVE('',#6552,#6555,#587,.T.);
#5317=EDGE_CURVE('',#6556,#6555,#588,.T.);
#5318=EDGE_CURVE('',#6549,#6556,#589,.T.);
#5319=EDGE_CURVE('',#6557,#6556,#590,.T.);
#5320=EDGE_CURVE('',#6558,#6555,#591,.T.);
#5321=EDGE_CURVE('',#6557,#6558,#592,.T.);
#5322=EDGE_CURVE('',#6554,#6545,#593,.T.);
#5323=EDGE_CURVE('',#6545,#6559,#594,.T.);
#5324=EDGE_CURVE('',#6558,#6559,#595,.T.);
#5325=EDGE_CURVE('',#6557,#6560,#596,.T.);
#5326=EDGE_CURVE('',#6546,#6560,#597,.T.);
#5327=EDGE_CURVE('',#6553,#6546,#598,.T.);
#5328=EDGE_CURVE('',#6561,#6560,#599,.T.);
#5329=EDGE_CURVE('',#6561,#6498,#600,.T.);
#5330=EDGE_CURVE('',#6562,#6481,#601,.T.);
#5331=EDGE_CURVE('',#6562,#6563,#602,.T.);
#5332=EDGE_CURVE('',#6563,#6482,#603,.T.);
#5333=EDGE_CURVE('',#6559,#6564,#604,.T.);
#5334=EDGE_CURVE('',#6564,#6562,#605,.T.);
#5335=EDGE_CURVE('',#6565,#6480,#606,.T.);
#5336=EDGE_CURVE('',#6565,#6561,#607,.T.);
#5337=EDGE_CURVE('',#6479,#6566,#608,.T.);
#5338=EDGE_CURVE('',#6566,#6565,#609,.T.);
#5339=EDGE_CURVE('',#6567,#6568,#610,.T.);
#5340=EDGE_CURVE('',#6567,#6569,#611,.T.);
#5341=EDGE_CURVE('',#6569,#6570,#612,.T.);
#5342=EDGE_CURVE('',#6570,#6502,#613,.T.);
#5343=EDGE_CURVE('',#6501,#6568,#614,.T.);
#5344=EDGE_CURVE('',#6571,#6572,#615,.T.);
#5345=EDGE_CURVE('',#6572,#6504,#616,.T.);
#5346=EDGE_CURVE('',#6503,#6571,#617,.T.);
#5347=EDGE_CURVE('',#6573,#6574,#618,.T.);
#5348=EDGE_CURVE('',#6574,#6500,#619,.T.);
#5349=EDGE_CURVE('',#6499,#6573,#620,.T.);
#5350=EDGE_CURVE('',#6505,#6564,#621,.T.);
#5351=EDGE_CURVE('',#6575,#6576,#622,.T.);
#5352=EDGE_CURVE('',#6577,#6575,#623,.T.);
#5353=EDGE_CURVE('',#6578,#6577,#624,.T.);
#5354=EDGE_CURVE('',#6576,#6578,#625,.T.);
#5355=EDGE_CURVE('',#6579,#6576,#626,.T.);
#5356=EDGE_CURVE('',#6580,#6578,#627,.T.);
#5357=EDGE_CURVE('',#6579,#6580,#628,.T.);
#5358=EDGE_CURVE('',#6577,#6581,#629,.T.);
#5359=EDGE_CURVE('',#6575,#6582,#630,.T.);
#5360=EDGE_CURVE('',#6582,#6581,#631,.T.);
#5361=EDGE_CURVE('',#6583,#6582,#632,.T.);
#5362=EDGE_CURVE('',#6583,#6584,#633,.T.);
#5363=EDGE_CURVE('',#6584,#6581,#634,.T.);
#5364=EDGE_CURVE('',#6584,#6585,#635,.T.);
#5365=EDGE_CURVE('',#6548,#6585,#636,.T.);
#5366=EDGE_CURVE('',#6580,#6548,#637,.T.);
#5367=EDGE_CURVE('',#6579,#6547,#638,.T.);
#5368=EDGE_CURVE('',#6547,#6586,#639,.T.);
#5369=EDGE_CURVE('',#6583,#6586,#640,.T.);
#5370=EDGE_CURVE('',#6495,#6587,#641,.T.);
#5371=EDGE_CURVE('',#6587,#6586,#642,.T.);
#5372=EDGE_CURVE('',#6485,#6588,#643,.T.);
#5373=EDGE_CURVE('',#6588,#6589,#644,.T.);
#5374=EDGE_CURVE('',#6589,#6486,#645,.T.);
#5375=EDGE_CURVE('',#6589,#6590,#646,.T.);
#5376=EDGE_CURVE('',#6585,#6590,#647,.T.);
#5377=EDGE_CURVE('',#6587,#6591,#648,.T.);
#5378=EDGE_CURVE('',#6591,#6487,#649,.T.);
#5379=EDGE_CURVE('',#6591,#6592,#650,.T.);
#5380=EDGE_CURVE('',#6592,#6488,#651,.T.);
#5381=EDGE_CURVE('',#6593,#6594,#652,.T.);
#5382=EDGE_CURVE('',#6593,#6595,#653,.T.);
#5383=EDGE_CURVE('',#6595,#6596,#654,.T.);
#5384=EDGE_CURVE('',#6596,#6491,#655,.T.);
#5385=EDGE_CURVE('',#6492,#6594,#656,.T.);
#5386=EDGE_CURVE('',#6513,#6597,#657,.T.);
#5387=EDGE_CURVE('',#6597,#6598,#658,.T.);
#5388=EDGE_CURVE('',#6598,#6514,#659,.T.);
#5389=EDGE_CURVE('',#6493,#6599,#660,.T.);
#5390=EDGE_CURVE('',#6599,#6600,#661,.T.);
#5391=EDGE_CURVE('',#6600,#6494,#662,.T.);
#5392=EDGE_CURVE('',#6590,#6512,#663,.T.);
#5393=EDGE_CURVE('',#6601,#6601,#2228,.T.);
#5394=EDGE_CURVE('',#6602,#6602,#2229,.T.);
#5395=EDGE_CURVE('',#6603,#6603,#2230,.T.);
#5396=EDGE_CURVE('',#6604,#6604,#2231,.T.);
#5397=EDGE_CURVE('',#6605,#6605,#2232,.T.);
#5398=EDGE_CURVE('',#6606,#6606,#2233,.T.);
#5399=EDGE_CURVE('',#6607,#6607,#2234,.T.);
#5400=EDGE_CURVE('',#6608,#6608,#2235,.T.);
#5401=EDGE_CURVE('',#6609,#6609,#2236,.F.);
#5402=EDGE_CURVE('',#6610,#6610,#2237,.T.);
#5403=EDGE_CURVE('',#6611,#6611,#2238,.T.);
#5404=EDGE_CURVE('',#6612,#6612,#2239,.F.);
#5405=EDGE_CURVE('',#6613,#6613,#2240,.T.);
#5406=EDGE_CURVE('',#6614,#6614,#2241,.T.);
#5407=EDGE_CURVE('',#6615,#6615,#2242,.T.);
#5408=EDGE_CURVE('',#6616,#6616,#2243,.F.);
#5409=EDGE_CURVE('',#6617,#6617,#2244,.T.);
#5410=EDGE_CURVE('',#6618,#6618,#2245,.F.);
#5411=EDGE_CURVE('',#6594,#6598,#664,.F.);
#5412=EDGE_CURVE('',#6588,#6597,#665,.F.);
#5413=EDGE_CURVE('',#6594,#6483,#666,.T.);
#5414=EDGE_CURVE('',#6592,#6600,#667,.F.);
#5415=EDGE_CURVE('',#6596,#6599,#668,.F.);
#5416=EDGE_CURVE('',#6484,#6596,#669,.T.);
#5417=EDGE_CURVE('',#6571,#6570,#670,.F.);
#5418=EDGE_CURVE('',#6572,#6563,#671,.F.);
#5419=EDGE_CURVE('',#6478,#6570,#672,.T.);
#5420=EDGE_CURVE('',#6573,#6566,#673,.F.);
#5421=EDGE_CURVE('',#6568,#6477,#674,.T.);
#5422=EDGE_CURVE('',#6574,#6568,#675,.F.);
#5423=EDGE_CURVE('',#6619,#6620,#676,.T.);
#5424=EDGE_CURVE('',#6619,#6593,#677,.T.);
#5425=EDGE_CURVE('',#6620,#6483,#678,.T.);
#5426=EDGE_CURVE('',#6595,#6621,#679,.T.);
#5427=EDGE_CURVE('',#6621,#6622,#680,.T.);
#5428=EDGE_CURVE('',#6622,#6484,#681,.T.);
#5429=EDGE_CURVE('',#6623,#6624,#682,.T.);
#5430=EDGE_CURVE('',#6624,#6625,#683,.T.);
#5431=EDGE_CURVE('',#6626,#6625,#684,.T.);
#5432=EDGE_CURVE('',#6626,#6623,#685,.T.);
#5433=EDGE_CURVE('',#6569,#6627,#686,.T.);
#5434=EDGE_CURVE('',#6628,#6627,#687,.T.);
#5435=EDGE_CURVE('',#6628,#6478,#688,.T.);
#5436=EDGE_CURVE('',#6629,#6630,#689,.T.);
#5437=EDGE_CURVE('',#6630,#6567,#690,.T.);
#5438=EDGE_CURVE('',#6629,#6477,#691,.T.);
#5439=EDGE_CURVE('',#6631,#6632,#692,.T.);
#5440=EDGE_CURVE('',#6632,#6633,#693,.T.);
#5441=EDGE_CURVE('',#6633,#6634,#694,.T.);
#5442=EDGE_CURVE('',#6634,#6631,#695,.T.);
#5443=EDGE_CURVE('',#6620,#6622,#696,.T.);
#5444=EDGE_CURVE('',#6625,#6619,#697,.T.);
#5445=EDGE_CURVE('',#6621,#6626,#698,.T.);
#5446=EDGE_CURVE('',#6629,#6628,#699,.T.);
#5447=EDGE_CURVE('',#6627,#6632,#700,.T.);
#5448=EDGE_CURVE('',#6631,#6630,#701,.T.);
#5449=EDGE_CURVE('',#6623,#6595,#702,.T.);
#5450=EDGE_CURVE('',#6624,#6593,#703,.T.);
#5451=EDGE_CURVE('',#6567,#6634,#704,.T.);
#5452=EDGE_CURVE('',#6569,#6633,#705,.T.);
#5453=EDGE_CURVE('',#6635,#6636,#706,.T.);
#5454=EDGE_CURVE('',#6636,#6637,#707,.T.);
#5455=EDGE_CURVE('',#6638,#6637,#708,.F.);
#5456=EDGE_CURVE('',#6635,#6638,#709,.F.);
#5457=EDGE_CURVE('',#6639,#6640,#710,.T.);
#5458=EDGE_CURVE('',#6640,#6641,#711,.T.);
#5459=EDGE_CURVE('',#6641,#6642,#712,.T.);
#5460=EDGE_CURVE('',#6642,#6643,#713,.T.);
#5461=EDGE_CURVE('',#6643,#6644,#714,.F.);
#5462=EDGE_CURVE('',#6644,#6645,#715,.T.);
#5463=EDGE_CURVE('',#6645,#6639,#716,.T.);
#5464=EDGE_CURVE('',#6646,#6647,#717,.T.);
#5465=EDGE_CURVE('',#6648,#6646,#718,.T.);
#5466=EDGE_CURVE('',#6649,#6648,#719,.T.);
#5467=EDGE_CURVE('',#6650,#6649,#720,.F.);
#5468=EDGE_CURVE('',#6651,#6650,#721,.T.);
#5469=EDGE_CURVE('',#6647,#6651,#722,.T.);
#5470=EDGE_CURVE('',#6652,#6653,#723,.T.);
#5471=EDGE_CURVE('',#6654,#6652,#724,.T.);
#5472=EDGE_CURVE('',#6655,#6654,#725,.T.);
#5473=EDGE_CURVE('',#6656,#6655,#726,.T.);
#5474=EDGE_CURVE('',#6657,#6656,#727,.T.);
#5475=EDGE_CURVE('',#6653,#6657,#728,.T.);
#5476=EDGE_CURVE('',#6658,#6659,#729,.T.);
#5477=EDGE_CURVE('',#6660,#6658,#730,.T.);
#5478=EDGE_CURVE('',#6661,#6660,#731,.F.);
#5479=EDGE_CURVE('',#6662,#6661,#732,.T.);
#5480=EDGE_CURVE('',#6663,#6662,#733,.T.);
#5481=EDGE_CURVE('',#6659,#6663,#734,.T.);
#5482=EDGE_CURVE('',#6664,#6665,#735,.T.);
#5483=EDGE_CURVE('',#6666,#6664,#736,.T.);
#5484=EDGE_CURVE('',#6667,#6666,#737,.T.);
#5485=EDGE_CURVE('',#6668,#6667,#738,.T.);
#5486=EDGE_CURVE('',#6669,#6668,#739,.T.);
#5487=EDGE_CURVE('',#6665,#6669,#740,.T.);
#5488=EDGE_CURVE('',#6670,#6660,#741,.T.);
#5489=EDGE_CURVE('',#6671,#6658,#742,.T.);
#5490=EDGE_CURVE('',#6670,#6671,#743,.T.);
#5491=EDGE_CURVE('',#6672,#6667,#744,.T.);
#5492=EDGE_CURVE('',#6673,#6666,#745,.T.);
#5493=EDGE_CURVE('',#6673,#6672,#746,.T.);
#5494=EDGE_CURVE('',#6668,#6674,#747,.T.);
#5495=EDGE_CURVE('',#6668,#6675,#748,.T.);
#5496=EDGE_CURVE('',#6675,#6676,#749,.T.);
#5497=EDGE_CURVE('',#6676,#6660,#750,.T.);
#5498=EDGE_CURVE('',#6677,#6670,#751,.T.);
#5499=EDGE_CURVE('',#6678,#6677,#752,.T.);
#5500=EDGE_CURVE('',#6678,#6674,#753,.T.);
#5501=EDGE_CURVE('',#6679,#6662,#754,.T.);
#5502=EDGE_CURVE('',#6661,#6680,#755,.T.);
#5503=EDGE_CURVE('',#6680,#6679,#756,.T.);
#5504=EDGE_CURVE('',#6681,#6682,#757,.T.);
#5505=EDGE_CURVE('',#6682,#6683,#758,.T.);
#5506=EDGE_CURVE('',#6683,#6684,#759,.T.);
#5507=EDGE_CURVE('',#6684,#6681,#760,.T.);
#5508=EDGE_CURVE('',#6685,#6686,#761,.T.);
#5509=EDGE_CURVE('',#6685,#6687,#762,.T.);
#5510=EDGE_CURVE('',#6687,#6688,#763,.T.);
#5511=EDGE_CURVE('',#6686,#6688,#764,.T.);
#5512=EDGE_CURVE('',#6664,#6685,#765,.T.);
#5513=EDGE_CURVE('',#6665,#6687,#766,.T.);
#5514=EDGE_CURVE('',#6669,#6689,#767,.T.);
#5515=EDGE_CURVE('',#6690,#6689,#768,.T.);
#5516=EDGE_CURVE('',#6690,#6691,#769,.T.);
#5517=EDGE_CURVE('',#6691,#6671,#770,.T.);
#5518=EDGE_CURVE('',#6659,#6688,#771,.T.);
#5519=EDGE_CURVE('',#6663,#6686,#772,.T.);
#5520=EDGE_CURVE('',#6674,#6689,#773,.T.);
#5521=EDGE_CURVE('',#6692,#6693,#774,.T.);
#5522=EDGE_CURVE('',#6690,#6693,#775,.T.);
#5523=EDGE_CURVE('',#6678,#6694,#776,.T.);
#5524=EDGE_CURVE('',#6692,#6694,#777,.T.);
#5525=EDGE_CURVE('',#6677,#6695,#778,.T.);
#5526=EDGE_CURVE('',#6691,#6696,#779,.T.);
#5527=EDGE_CURVE('',#6697,#6696,#780,.T.);
#5528=EDGE_CURVE('',#6695,#6697,#781,.T.);
#5529=EDGE_CURVE('',#6693,#6696,#782,.T.);
#5530=EDGE_CURVE('',#6697,#6692,#783,.T.);
#5531=EDGE_CURVE('',#6694,#6695,#784,.T.);
#5532=EDGE_CURVE('',#6698,#6699,#785,.T.);
#5533=EDGE_CURVE('',#6698,#6700,#786,.T.);
#5534=EDGE_CURVE('',#6700,#6701,#787,.T.);
#5535=EDGE_CURVE('',#6702,#6701,#788,.T.);
#5536=EDGE_CURVE('',#6702,#6703,#789,.T.);
#5537=EDGE_CURVE('',#6703,#6704,#790,.T.);
#5538=EDGE_CURVE('',#6704,#6705,#791,.T.);
#5539=EDGE_CURVE('',#6705,#6699,#792,.T.);
#5540=EDGE_CURVE('',#6646,#6706,#793,.T.);
#5541=EDGE_CURVE('',#6707,#6706,#794,.T.);
#5542=EDGE_CURVE('',#6657,#6707,#795,.T.);
#5543=EDGE_CURVE('',#6708,#6656,#796,.T.);
#5544=EDGE_CURVE('',#6708,#6709,#797,.T.);
#5545=EDGE_CURVE('',#6709,#6710,#798,.T.);
#5546=EDGE_CURVE('',#6710,#6711,#799,.T.);
#5547=EDGE_CURVE('',#6711,#6648,#800,.T.);
#5548=EDGE_CURVE('',#6679,#6682,#801,.T.);
#5549=EDGE_CURVE('',#6681,#6673,#802,.T.);
#5550=EDGE_CURVE('',#6712,#6712,#2246,.T.);
#5551=EDGE_CURVE('',#6713,#6713,#2247,.T.);
#5552=EDGE_CURVE('',#6714,#6651,#803,.T.);
#5553=EDGE_CURVE('',#6715,#6650,#804,.T.);
#5554=EDGE_CURVE('',#6715,#6714,#805,.T.);
#5555=EDGE_CURVE('',#6655,#6716,#806,.T.);
#5556=EDGE_CURVE('',#6716,#6708,#807,.T.);
#5557=EDGE_CURVE('',#6717,#6718,#808,.T.);
#5558=EDGE_CURVE('',#6718,#6654,#809,.T.);
#5559=EDGE_CURVE('',#6654,#6719,#810,.T.);
#5560=EDGE_CURVE('',#6720,#6719,#811,.T.);
#5561=EDGE_CURVE('',#6720,#6721,#812,.T.);
#5562=EDGE_CURVE('',#6721,#6715,#813,.T.);
#5563=EDGE_CURVE('',#6650,#6717,#814,.T.);
#5564=EDGE_CURVE('',#6722,#6649,#815,.T.);
#5565=EDGE_CURVE('',#6711,#6722,#816,.T.);
#5566=EDGE_CURVE('',#6723,#6724,#817,.T.);
#5567=EDGE_CURVE('',#6724,#6710,#818,.T.);
#5568=EDGE_CURVE('',#6709,#6723,#819,.T.);
#5569=EDGE_CURVE('',#6706,#6725,#820,.T.);
#5570=EDGE_CURVE('',#6726,#6725,#821,.T.);
#5571=EDGE_CURVE('',#6707,#6726,#822,.T.);
#5572=EDGE_CURVE('',#6653,#6726,#823,.T.);
#5573=EDGE_CURVE('',#6652,#6727,#824,.T.);
#5574=EDGE_CURVE('',#6647,#6725,#825,.T.);
#5575=EDGE_CURVE('',#6728,#6714,#826,.T.);
#5576=EDGE_CURVE('',#6729,#6728,#827,.T.);
#5577=EDGE_CURVE('',#6729,#6727,#828,.T.);
#5578=EDGE_CURVE('',#6719,#6727,#829,.T.);
#5579=EDGE_CURVE('',#6730,#6731,#830,.T.);
#5580=EDGE_CURVE('',#6730,#6732,#831,.T.);
#5581=EDGE_CURVE('',#6720,#6732,#832,.T.);
#5582=EDGE_CURVE('',#6729,#6731,#833,.T.);
#5583=EDGE_CURVE('',#6721,#6733,#834,.T.);
#5584=EDGE_CURVE('',#6733,#6734,#835,.T.);
#5585=EDGE_CURVE('',#6734,#6735,#836,.T.);
#5586=EDGE_CURVE('',#6728,#6735,#837,.T.);
#5587=EDGE_CURVE('',#6731,#6735,#838,.T.);
#5588=EDGE_CURVE('',#6734,#6730,#839,.T.);
#5589=EDGE_CURVE('',#6732,#6733,#840,.T.);
#5590=EDGE_CURVE('',#6736,#6737,#841,.T.);
#5591=EDGE_CURVE('',#6736,#6738,#842,.T.);
#5592=EDGE_CURVE('',#6738,#6739,#843,.T.);
#5593=EDGE_CURVE('',#6737,#6739,#844,.T.);
#5594=EDGE_CURVE('',#6740,#6741,#845,.T.);
#5595=EDGE_CURVE('',#6742,#6740,#846,.T.);
#5596=EDGE_CURVE('',#6742,#6743,#847,.T.);
#5597=EDGE_CURVE('',#6743,#6741,#848,.T.);
#5598=EDGE_CURVE('',#6744,#6745,#849,.T.);
#5599=EDGE_CURVE('',#6739,#6745,#850,.T.);
#5600=EDGE_CURVE('',#6738,#6746,#851,.T.);
#5601=EDGE_CURVE('',#6747,#6746,#852,.T.);
#5602=EDGE_CURVE('',#6747,#6744,#853,.T.);
#5603=EDGE_CURVE('',#6748,#6749,#854,.T.);
#5604=EDGE_CURVE('',#6749,#6705,#855,.F.);
#5605=EDGE_CURVE('',#6700,#6750,#856,.T.);
#5606=EDGE_CURVE('',#6751,#6750,#857,.T.);
#5607=EDGE_CURVE('',#6751,#6747,#858,.T.);
#5608=EDGE_CURVE('',#6746,#6752,#859,.T.);
#5609=EDGE_CURVE('',#6753,#6752,#860,.T.);
#5610=EDGE_CURVE('',#6748,#6753,#861,.T.);
#5611=EDGE_CURVE('',#6750,#6736,#862,.T.);
#5612=EDGE_CURVE('',#6737,#6754,#863,.T.);
#5613=EDGE_CURVE('',#6755,#6754,#864,.T.);
#5614=EDGE_CURVE('',#6751,#6755,#865,.T.);
#5615=EDGE_CURVE('',#6754,#6745,#866,.T.);
#5616=EDGE_CURVE('',#6755,#6744,#867,.T.);
#5617=EDGE_CURVE('',#6756,#6752,#868,.T.);
#5618=EDGE_CURVE('',#6756,#6757,#869,.T.);
#5619=EDGE_CURVE('',#6757,#6741,#870,.T.);
#5620=EDGE_CURVE('',#6753,#6743,#871,.T.);
#5621=EDGE_CURVE('',#6758,#6759,#872,.T.);
#5622=EDGE_CURVE('',#6758,#6749,#873,.T.);
#5623=EDGE_CURVE('',#6748,#6742,#874,.T.);
#5624=EDGE_CURVE('',#6759,#6740,#875,.T.);
#5625=EDGE_CURVE('',#6760,#6760,#2248,.T.);
#5626=EDGE_CURVE('',#6738,#6756,#876,.T.);
#5627=EDGE_CURVE('',#6761,#6761,#2249,.T.);
#5628=EDGE_CURVE('',#6762,#6762,#2250,.T.);
#5629=EDGE_CURVE('',#6763,#6763,#2251,.T.);
#5630=EDGE_CURVE('',#6764,#6764,#2252,.T.);
#5631=EDGE_CURVE('',#6765,#6765,#2253,.T.);
#5632=EDGE_CURVE('',#6766,#6766,#2254,.T.);
#5633=EDGE_CURVE('',#6767,#6767,#2255,.T.);
#5634=EDGE_CURVE('',#6759,#6757,#877,.T.);
#5635=EDGE_CURVE('',#6768,#6768,#2256,.T.);
#5636=EDGE_CURVE('',#6756,#6758,#878,.T.);
#5637=EDGE_CURVE('',#6769,#6769,#2257,.T.);
#5638=EDGE_CURVE('',#6770,#6698,#879,.T.);
#5639=EDGE_CURVE('',#6736,#6770,#880,.T.);
#5640=EDGE_CURVE('',#6771,#6770,#881,.T.);
#5641=EDGE_CURVE('',#6758,#6771,#882,.F.);
#5642=EDGE_CURVE('',#6699,#6771,#883,.T.);
#5643=EDGE_CURVE('',#6680,#6676,#884,.F.);
#5644=EDGE_CURVE('',#6683,#6680,#885,.T.);
#5645=EDGE_CURVE('',#6683,#6676,#886,.F.);
#5646=EDGE_CURVE('',#6684,#6675,#887,.T.);
#5647=EDGE_CURVE('',#6672,#6684,#888,.T.);
#5648=EDGE_CURVE('',#6672,#6675,#889,.T.);
#5649=EDGE_CURVE('',#6722,#6724,#890,.T.);
#5650=EDGE_CURVE('',#6717,#6722,#891,.F.);
#5651=EDGE_CURVE('',#6717,#6724,#892,.F.);
#5652=EDGE_CURVE('',#6723,#6716,#893,.T.);
#5653=EDGE_CURVE('',#6718,#6723,#894,.T.);
#5654=EDGE_CURVE('',#6718,#6716,#895,.T.);
#5655=EDGE_CURVE('',#6772,#6698,#896,.T.);
#5656=EDGE_CURVE('',#6773,#6772,#897,.T.);
#5657=EDGE_CURVE('',#6773,#6770,#898,.T.);
#5658=EDGE_CURVE('',#6774,#6699,#899,.T.);
#5659=EDGE_CURVE('',#6772,#6774,#900,.T.);
#5660=EDGE_CURVE('',#6775,#6771,#901,.T.);
#5661=EDGE_CURVE('',#6774,#6775,#902,.T.);
#5662=EDGE_CURVE('',#6775,#6773,#903,.T.);
#5663=EDGE_CURVE('',#6776,#6777,#904,.T.);
#5664=EDGE_CURVE('',#6636,#6776,#905,.F.);
#5665=EDGE_CURVE('',#6777,#6635,#906,.T.);
#5666=EDGE_CURVE('',#6776,#6645,#907,.T.);
#5667=EDGE_CURVE('',#6777,#6639,#908,.F.);
#5668=EDGE_CURVE('',#6778,#6779,#909,.F.);
#5669=EDGE_CURVE('',#6779,#6780,#910,.F.);
#5670=EDGE_CURVE('',#6781,#6780,#911,.F.);
#5671=EDGE_CURVE('',#6782,#6781,#912,.F.);
#5672=EDGE_CURVE('',#6782,#6783,#913,.F.);
#5673=EDGE_CURVE('',#6778,#6783,#914,.F.);
#5674=EDGE_CURVE('',#6781,#6784,#915,.T.);
#5675=EDGE_CURVE('',#6784,#6780,#916,.T.);
#5676=EDGE_CURVE('',#6785,#6786,#917,.T.);
#5677=EDGE_CURVE('',#6787,#6785,#918,.F.);
#5678=EDGE_CURVE('',#6787,#6782,#919,.T.);
#5679=EDGE_CURVE('',#6788,#6784,#920,.T.);
#5680=EDGE_CURVE('',#6788,#6789,#921,.T.);
#5681=EDGE_CURVE('',#6789,#6786,#922,.T.);
#5682=EDGE_CURVE('',#6790,#6791,#923,.T.);
#5683=EDGE_CURVE('',#6791,#6788,#924,.T.);
#5684=EDGE_CURVE('',#6779,#6790,#925,.T.);
#5685=EDGE_CURVE('',#6785,#6792,#926,.F.);
#5686=EDGE_CURVE('',#6792,#6786,#927,.T.);
#5687=EDGE_CURVE('',#6793,#6787,#928,.F.);
#5688=EDGE_CURVE('',#6794,#6792,#929,.F.);
#5689=EDGE_CURVE('',#6794,#6795,#930,.F.);
#5690=EDGE_CURVE('',#6793,#6795,#931,.F.);
#5691=EDGE_CURVE('',#6796,#6797,#932,.T.);
#5692=EDGE_CURVE('',#6797,#6794,#933,.T.);
#5693=EDGE_CURVE('',#6789,#6796,#934,.T.);
#5694=EDGE_CURVE('',#6798,#6799,#935,.F.);
#5695=EDGE_CURVE('',#6799,#6800,#936,.F.);
#5696=EDGE_CURVE('',#6801,#6800,#937,.F.);
#5697=EDGE_CURVE('',#6802,#6801,#938,.F.);
#5698=EDGE_CURVE('',#6802,#6803,#939,.F.);
#5699=EDGE_CURVE('',#6798,#6803,#940,.F.);
#5700=EDGE_CURVE('',#6801,#6804,#941,.T.);
#5701=EDGE_CURVE('',#6804,#6800,#942,.T.);
#5702=EDGE_CURVE('',#6805,#6806,#943,.T.);
#5703=EDGE_CURVE('',#6806,#6802,#944,.T.);
#5704=EDGE_CURVE('',#6807,#6804,#945,.T.);
#5705=EDGE_CURVE('',#6807,#6805,#946,.T.);
#5706=EDGE_CURVE('',#6808,#6809,#947,.T.);
#5707=EDGE_CURVE('',#6810,#6808,#948,.T.);
#5708=EDGE_CURVE('',#6810,#6807,#949,.T.);
#5709=EDGE_CURVE('',#6799,#6811,#950,.T.);
#5710=EDGE_CURVE('',#6811,#6809,#951,.F.);
#5711=EDGE_CURVE('',#6808,#6812,#952,.T.);
#5712=EDGE_CURVE('',#6812,#6809,#953,.F.);
#5713=EDGE_CURVE('',#6813,#6814,#954,.T.);
#5714=EDGE_CURVE('',#6814,#6810,#955,.T.);
#5715=EDGE_CURVE('',#6815,#6812,#956,.F.);
#5716=EDGE_CURVE('',#6815,#6813,#957,.T.);
#5717=EDGE_CURVE('',#6816,#6815,#958,.F.);
#5718=EDGE_CURVE('',#6811,#6817,#959,.F.);
#5719=EDGE_CURVE('',#6816,#6817,#960,.F.);
#5720=EDGE_CURVE('',#6818,#6818,#2258,.T.);
#5721=EDGE_CURVE('',#6819,#6819,#2259,.T.);
#5722=EDGE_CURVE('',#6820,#6820,#2260,.T.);
#5723=EDGE_CURVE('',#6821,#6821,#2261,.F.);
#5724=EDGE_CURVE('',#6822,#6822,#2262,.F.);
#5725=EDGE_CURVE('',#6823,#6823,#2263,.F.);
#5726=EDGE_CURVE('',#6824,#6824,#2264,.F.);
#5727=EDGE_CURVE('',#6825,#6825,#2265,.T.);
#5728=EDGE_CURVE('',#6826,#6826,#2266,.T.);
#5729=EDGE_CURVE('',#6827,#6827,#2267,.T.);
#5730=EDGE_CURVE('',#6828,#6828,#2268,.T.);
#5731=EDGE_CURVE('',#6829,#6829,#2269,.T.);
#5732=EDGE_CURVE('',#6830,#6831,#961,.F.);
#5733=EDGE_CURVE('',#6643,#6831,#962,.F.);
#5734=EDGE_CURVE('',#6642,#6830,#963,.T.);
#5735=EDGE_CURVE('',#6791,#6796,#964,.T.);
#5736=EDGE_CURVE('',#6832,#6833,#965,.T.);
#5737=EDGE_CURVE('',#6806,#6832,#966,.T.);
#5738=EDGE_CURVE('',#6805,#6814,#967,.T.);
#5739=EDGE_CURVE('',#6813,#6833,#968,.T.);
#5740=EDGE_CURVE('',#6834,#6835,#969,.T.);
#5741=EDGE_CURVE('',#6797,#6835,#970,.T.);
#5742=EDGE_CURVE('',#6790,#6834,#971,.T.);
#5743=EDGE_CURVE('',#6640,#6836,#972,.T.);
#5744=EDGE_CURVE('',#6837,#6836,#973,.F.);
#5745=EDGE_CURVE('',#6838,#6837,#974,.T.);
#5746=EDGE_CURVE('',#6839,#6838,#975,.T.);
#5747=EDGE_CURVE('',#6840,#6839,#976,.T.);
#5748=EDGE_CURVE('',#6840,#6841,#977,.T.);
#5749=EDGE_CURVE('',#6641,#6841,#978,.T.);
#5750=EDGE_CURVE('',#6830,#6837,#979,.F.);
#5751=EDGE_CURVE('',#6831,#6842,#980,.T.);
#5752=EDGE_CURVE('',#6842,#6644,#981,.F.);
#5753=EDGE_CURVE('',#6638,#6836,#982,.F.);
#5754=EDGE_CURVE('',#6842,#6637,#983,.T.);
#5755=EDGE_CURVE('',#6817,#6798,#984,.T.);
#5756=EDGE_CURVE('',#6783,#6793,#985,.T.);
#5757=EDGE_CURVE('',#6816,#6833,#986,.T.);
#5758=EDGE_CURVE('',#6803,#6832,#987,.T.);
#5759=EDGE_CURVE('',#6778,#6834,#988,.T.);
#5760=EDGE_CURVE('',#6795,#6835,#989,.T.);
#5761=EDGE_CURVE('',#6637,#6645,#990,.F.);
#5762=EDGE_CURVE('',#6843,#6844,#991,.T.);
#5763=EDGE_CURVE('',#6845,#6843,#992,.T.);
#5764=EDGE_CURVE('',#6845,#6846,#993,.T.);
#5765=EDGE_CURVE('',#6844,#6846,#994,.T.);
#5766=EDGE_CURVE('',#6846,#6847,#995,.T.);
#5767=EDGE_CURVE('',#6847,#6845,#996,.T.);
#5768=EDGE_CURVE('',#6844,#6848,#997,.T.);
#5769=EDGE_CURVE('',#6843,#6848,#998,.T.);
#5770=EDGE_CURVE('',#6847,#6848,#999,.T.);
#5771=EDGE_CURVE('',#6849,#6850,#1000,.F.);
#5772=EDGE_CURVE('',#6849,#6851,#1001,.F.);
#5773=EDGE_CURVE('',#6851,#6850,#1002,.F.);
#5774=EDGE_CURVE('',#6852,#6853,#1003,.T.);
#5775=EDGE_CURVE('',#6854,#6852,#1004,.T.);
#5776=EDGE_CURVE('',#6854,#6855,#1005,.T.);
#5777=EDGE_CURVE('',#6855,#6853,#1006,.T.);
#5778=EDGE_CURVE('',#6856,#6857,#1007,.T.);
#5779=EDGE_CURVE('',#6858,#6857,#1008,.T.);
#5780=EDGE_CURVE('',#6859,#6858,#1009,.T.);
#5781=EDGE_CURVE('',#6859,#6856,#1010,.T.);
#5782=EDGE_CURVE('',#6858,#6855,#1011,.T.);
#5783=EDGE_CURVE('',#6857,#6853,#1012,.T.);
#5784=EDGE_CURVE('',#6859,#6860,#1013,.T.);
#5785=EDGE_CURVE('',#6849,#6854,#1014,.T.);
#5786=EDGE_CURVE('',#6860,#6849,#1015,.T.);
#5787=EDGE_CURVE('',#6851,#6852,#1016,.T.);
#5788=EDGE_CURVE('',#6856,#6861,#1017,.T.);
#5789=EDGE_CURVE('',#6850,#6861,#1018,.T.);
#5790=EDGE_CURVE('',#6861,#6860,#1019,.T.);
#5791=EDGE_CURVE('',#6862,#6863,#1020,.F.);
#5792=EDGE_CURVE('',#6864,#6863,#1021,.T.);
#5793=EDGE_CURVE('',#6864,#6865,#1022,.F.);
#5794=EDGE_CURVE('',#6865,#6862,#1023,.F.);
#5795=EDGE_CURVE('',#6866,#6867,#1024,.T.);
#5796=EDGE_CURVE('',#6868,#6867,#1025,.T.);
#5797=EDGE_CURVE('',#6864,#6868,#1026,.T.);
#5798=EDGE_CURVE('',#6866,#6864,#1027,.F.);
#5799=EDGE_CURVE('',#6867,#6869,#1028,.T.);
#5800=EDGE_CURVE('',#6870,#6869,#1029,.T.);
#5801=EDGE_CURVE('',#6868,#6870,#1030,.T.);
#5802=EDGE_CURVE('',#6871,#6872,#1031,.T.);
#5803=EDGE_CURVE('',#6873,#6871,#1032,.T.);
#5804=EDGE_CURVE('',#6873,#6874,#1033,.T.);
#5805=EDGE_CURVE('',#6874,#6872,#1034,.T.);
#5806=EDGE_CURVE('',#6874,#6870,#1035,.T.);
#5807=EDGE_CURVE('',#6873,#6865,#1036,.T.);
#5808=EDGE_CURVE('',#6871,#6862,#1037,.T.);
#5809=EDGE_CURVE('',#6872,#6869,#1038,.T.);
#5810=EDGE_CURVE('',#6863,#6866,#1039,.F.);
#5811=EDGE_CURVE('',#6875,#6876,#1040,.T.);
#5812=EDGE_CURVE('',#6877,#6876,#1041,.T.);
#5813=EDGE_CURVE('',#6878,#6877,#1042,.T.);
#5814=EDGE_CURVE('',#6875,#6878,#1043,.T.);
#5815=EDGE_CURVE('',#6879,#6875,#1044,.T.);
#5816=EDGE_CURVE('',#6880,#6879,#1045,.T.);
#5817=EDGE_CURVE('',#6880,#6876,#1046,.T.);
#5818=EDGE_CURVE('',#6877,#6880,#1047,.T.);
#5819=EDGE_CURVE('',#6878,#6879,#1048,.T.);
#5820=EDGE_CURVE('',#6881,#6881,#2270,.F.);
#5821=EDGE_CURVE('',#6882,#6882,#2271,.F.);
#5822=EDGE_CURVE('',#6883,#6883,#2272,.T.);
#5823=EDGE_CURVE('',#6884,#6884,#2273,.F.);
#5824=EDGE_CURVE('',#6885,#6886,#1049,.T.);
#5825=EDGE_CURVE('',#6887,#6885,#1050,.T.);
#5826=EDGE_CURVE('',#6887,#6888,#1051,.T.);
#5827=EDGE_CURVE('',#6888,#6886,#1052,.T.);
#5828=EDGE_CURVE('',#6885,#6889,#1053,.T.);
#5829=EDGE_CURVE('',#6890,#6889,#1054,.T.);
#5830=EDGE_CURVE('',#6887,#6890,#1055,.T.);
#5831=EDGE_CURVE('',#6889,#6891,#1056,.T.);
#5832=EDGE_CURVE('',#6892,#6891,#1057,.T.);
#5833=EDGE_CURVE('',#6890,#6892,#1058,.T.);
#5834=EDGE_CURVE('',#6886,#6891,#1059,.T.);
#5835=EDGE_CURVE('',#6888,#6892,#1060,.T.);
#5836=EDGE_CURVE('',#6893,#6893,#2274,.T.);
#5837=EDGE_CURVE('',#6894,#6894,#2275,.T.);
#5838=EDGE_CURVE('',#6895,#6896,#1061,.T.);
#5839=EDGE_CURVE('',#6897,#6896,#1062,.T.);
#5840=EDGE_CURVE('',#6898,#6897,#1063,.T.);
#5841=EDGE_CURVE('',#6898,#6895,#1064,.T.);
#5842=EDGE_CURVE('',#6895,#6899,#1065,.T.);
#5843=EDGE_CURVE('',#6898,#6900,#1066,.T.);
#5844=EDGE_CURVE('',#6900,#6899,#1067,.T.);
#5845=EDGE_CURVE('',#6899,#6901,#1068,.T.);
#5846=EDGE_CURVE('',#6900,#6902,#1069,.T.);
#5847=EDGE_CURVE('',#6902,#6901,#1070,.T.);
#5848=EDGE_CURVE('',#6896,#6901,#1071,.T.);
#5849=EDGE_CURVE('',#6897,#6902,#1072,.T.);
#5850=EDGE_CURVE('',#6903,#6903,#2276,.T.);
#5851=EDGE_CURVE('',#6904,#6904,#2277,.T.);
#5852=EDGE_CURVE('',#6905,#6906,#1073,.T.);
#5853=EDGE_CURVE('',#6907,#6905,#1074,.T.);
#5854=EDGE_CURVE('',#6907,#6908,#1075,.T.);
#5855=EDGE_CURVE('',#6908,#6906,#1076,.T.);
#5856=EDGE_CURVE('',#6905,#6909,#1077,.T.);
#5857=EDGE_CURVE('',#6910,#6909,#1078,.T.);
#5858=EDGE_CURVE('',#6907,#6910,#1079,.T.);
#5859=EDGE_CURVE('',#6909,#6911,#1080,.T.);
#5860=EDGE_CURVE('',#6912,#6911,#1081,.T.);
#5861=EDGE_CURVE('',#6910,#6912,#1082,.T.);
#5862=EDGE_CURVE('',#6906,#6911,#1083,.T.);
#5863=EDGE_CURVE('',#6908,#6912,#1084,.T.);
#5864=EDGE_CURVE('',#6913,#6913,#2278,.T.);
#5865=EDGE_CURVE('',#6914,#6914,#2279,.T.);
#5866=EDGE_CURVE('',#6915,#6915,#2280,.T.);
#5867=EDGE_CURVE('',#6916,#6917,#2281,.T.);
#5868=EDGE_CURVE('',#6916,#6918,#7282,.T.);
#5869=EDGE_CURVE('',#6919,#6918,#1085,.T.);
#5870=EDGE_CURVE('',#6919,#6920,#7283,.T.);
#5871=EDGE_CURVE('',#6920,#6921,#2282,.T.);
#5872=EDGE_CURVE('',#6921,#6922,#7284,.T.);
#5873=EDGE_CURVE('',#6922,#6923,#1086,.T.);
#5874=EDGE_CURVE('',#6923,#6924,#7285,.T.);
#5875=EDGE_CURVE('',#6925,#6924,#2283,.T.);
#5876=EDGE_CURVE('',#6925,#6926,#7286,.T.);
#5877=EDGE_CURVE('',#6927,#6926,#1087,.T.);
#5878=EDGE_CURVE('',#6927,#6928,#7287,.T.);
#5879=EDGE_CURVE('',#6928,#6929,#2284,.T.);
#5880=EDGE_CURVE('',#6929,#6930,#7288,.T.);
#5881=EDGE_CURVE('',#6930,#6931,#1088,.T.);
#5882=EDGE_CURVE('',#6931,#6932,#7289,.T.);
#5883=EDGE_CURVE('',#6933,#6932,#2285,.T.);
#5884=EDGE_CURVE('',#6933,#6934,#7290,.T.);
#5885=EDGE_CURVE('',#6935,#6934,#1089,.T.);
#5886=EDGE_CURVE('',#6935,#6936,#7291,.T.);
#5887=EDGE_CURVE('',#6936,#6937,#2286,.T.);
#5888=EDGE_CURVE('',#6937,#6938,#7292,.T.);
#5889=EDGE_CURVE('',#6938,#6939,#1090,.T.);
#5890=EDGE_CURVE('',#6939,#6940,#7293,.T.);
#5891=EDGE_CURVE('',#6941,#6940,#2287,.T.);
#5892=EDGE_CURVE('',#6941,#6942,#7294,.T.);
#5893=EDGE_CURVE('',#6943,#6942,#1091,.T.);
#5894=EDGE_CURVE('',#6943,#6944,#7295,.T.);
#5895=EDGE_CURVE('',#6944,#6945,#2288,.T.);
#5896=EDGE_CURVE('',#6945,#6946,#7296,.T.);
#5897=EDGE_CURVE('',#6946,#6947,#1092,.T.);
#5898=EDGE_CURVE('',#6947,#6948,#7297,.T.);
#5899=EDGE_CURVE('',#6949,#6948,#2289,.T.);
#5900=EDGE_CURVE('',#6949,#6950,#7298,.T.);
#5901=EDGE_CURVE('',#6951,#6950,#1093,.T.);
#5902=EDGE_CURVE('',#6951,#6952,#7299,.T.);
#5903=EDGE_CURVE('',#6952,#6953,#2290,.T.);
#5904=EDGE_CURVE('',#6953,#6954,#7300,.T.);
#5905=EDGE_CURVE('',#6954,#6955,#1094,.T.);
#5906=EDGE_CURVE('',#6955,#6917,#7301,.T.);
#5907=EDGE_CURVE('',#6956,#6957,#1095,.F.);
#5908=EDGE_CURVE('',#6957,#6958,#2291,.T.);
#5909=EDGE_CURVE('',#6958,#6959,#1096,.T.);
#5910=EDGE_CURVE('',#6956,#6959,#2292,.T.);
#5911=EDGE_CURVE('',#6960,#6961,#1097,.F.);
#5912=EDGE_CURVE('',#6961,#6962,#2293,.T.);
#5913=EDGE_CURVE('',#6962,#6963,#1098,.T.);
#5914=EDGE_CURVE('',#6960,#6963,#2294,.T.);
#5915=EDGE_CURVE('',#6964,#6965,#1099,.F.);
#5916=EDGE_CURVE('',#6965,#6966,#2295,.T.);
#5917=EDGE_CURVE('',#6966,#6967,#1100,.T.);
#5918=EDGE_CURVE('',#6964,#6967,#2296,.T.);
#5919=EDGE_CURVE('',#6968,#6969,#1101,.F.);
#5920=EDGE_CURVE('',#6969,#6970,#2297,.T.);
#5921=EDGE_CURVE('',#6970,#6971,#1102,.T.);
#5922=EDGE_CURVE('',#6972,#6971,#2298,.T.);
#5923=EDGE_CURVE('',#6972,#6968,#2299,.F.);
#5924=EDGE_CURVE('',#6973,#6974,#1103,.F.);
#5925=EDGE_CURVE('',#6974,#6975,#2300,.T.);
#5926=EDGE_CURVE('',#6975,#6976,#1104,.T.);
#5927=EDGE_CURVE('',#6976,#6973,#2301,.F.);
#5928=EDGE_CURVE('',#6977,#6978,#1105,.T.);
#5929=EDGE_CURVE('',#6979,#6978,#1106,.T.);
#5930=EDGE_CURVE('',#6980,#6979,#1107,.T.);
#5931=EDGE_CURVE('',#6980,#6977,#1108,.T.);
#5932=EDGE_CURVE('',#6981,#6978,#2302,.T.);
#5933=EDGE_CURVE('',#6982,#6981,#1109,.T.);
#5934=EDGE_CURVE('',#6982,#6979,#2303,.T.);
#5935=EDGE_CURVE('',#6983,#6981,#1110,.T.);
#5936=EDGE_CURVE('',#6984,#6983,#1111,.T.);
#5937=EDGE_CURVE('',#6984,#6982,#1112,.T.);
#5938=EDGE_CURVE('',#6977,#6983,#2304,.T.);
#5939=EDGE_CURVE('',#6980,#6984,#2305,.T.);
#5940=EDGE_CURVE('',#6934,#6985,#1113,.T.);
#5941=EDGE_CURVE('',#6986,#6985,#1114,.T.);
#5942=EDGE_CURVE('',#6986,#6935,#1115,.F.);
#5943=EDGE_CURVE('',#6938,#6987,#1116,.T.);
#5944=EDGE_CURVE('',#6987,#6988,#1117,.T.);
#5945=EDGE_CURVE('',#6988,#6939,#1118,.F.);
#5946=EDGE_CURVE('',#6989,#6990,#2306,.T.);
#5947=EDGE_CURVE('',#6990,#6937,#1119,.F.);
#5948=EDGE_CURVE('',#6936,#6989,#1120,.T.);
#5949=EDGE_CURVE('',#6987,#6990,#7302,.T.);
#5950=EDGE_CURVE('',#6963,#6988,#7303,.T.);
#5951=EDGE_CURVE('',#6940,#6962,#7304,.T.);
#5952=EDGE_CURVE('',#6961,#6933,#7305,.T.);
#5953=EDGE_CURVE('',#6985,#6960,#7306,.T.);
#5954=EDGE_CURVE('',#6989,#6986,#7307,.T.);
#5955=EDGE_CURVE('',#6990,#6991,#2307,.F.);
#5956=EDGE_CURVE('',#6991,#6992,#7308,.T.);
#5957=EDGE_CURVE('',#6992,#6993,#1121,.T.);
#5958=EDGE_CURVE('',#6993,#6964,#7309,.T.);
#5959=EDGE_CURVE('',#6964,#6963,#2308,.F.);
#5960=EDGE_CURVE('',#6960,#6959,#2309,.F.);
#5961=EDGE_CURVE('',#6959,#6994,#7310,.T.);
#5962=EDGE_CURVE('',#6995,#6994,#1122,.T.);
#5963=EDGE_CURVE('',#6995,#6996,#7311,.T.);
#5964=EDGE_CURVE('',#6996,#6989,#2310,.F.);
#5965=EDGE_CURVE('',#6926,#6997,#1123,.T.);
#5966=EDGE_CURVE('',#6998,#6997,#1124,.T.);
#5967=EDGE_CURVE('',#6998,#6927,#1125,.F.);
#5968=EDGE_CURVE('',#6930,#6995,#1126,.T.);
#5969=EDGE_CURVE('',#6994,#6931,#1127,.F.);
#5970=EDGE_CURVE('',#6999,#6996,#2311,.T.);
#5971=EDGE_CURVE('',#6996,#6929,#1128,.F.);
#5972=EDGE_CURVE('',#6928,#6999,#1129,.T.);
#5973=EDGE_CURVE('',#6932,#6958,#7312,.T.);
#5974=EDGE_CURVE('',#6957,#6925,#7313,.T.);
#5975=EDGE_CURVE('',#6997,#6956,#7314,.T.);
#5976=EDGE_CURVE('',#6999,#6998,#7315,.T.);
#5977=EDGE_CURVE('',#6956,#6976,#2312,.F.);
#5978=EDGE_CURVE('',#6976,#7000,#7316,.T.);
#5979=EDGE_CURVE('',#7001,#7000,#1130,.T.);
#5980=EDGE_CURVE('',#7001,#7002,#7317,.T.);
#5981=EDGE_CURVE('',#7002,#6999,#2313,.F.);
#5982=EDGE_CURVE('',#6992,#6943,#1131,.F.);
#5983=EDGE_CURVE('',#6942,#6993,#1132,.T.);
#5984=EDGE_CURVE('',#6946,#7003,#1133,.T.);
#5985=EDGE_CURVE('',#7003,#7004,#1134,.T.);
#5986=EDGE_CURVE('',#7004,#6947,#1135,.F.);
#5987=EDGE_CURVE('',#6944,#6991,#1136,.T.);
#5988=EDGE_CURVE('',#6991,#7005,#2314,.T.);
#5989=EDGE_CURVE('',#7005,#6945,#1137,.F.);
#5990=EDGE_CURVE('',#7003,#7005,#7318,.T.);
#5991=EDGE_CURVE('',#6967,#7004,#7319,.T.);
#5992=EDGE_CURVE('',#6948,#6966,#7320,.T.);
#5993=EDGE_CURVE('',#6965,#6941,#7321,.T.);
#5994=EDGE_CURVE('',#7005,#7006,#2315,.F.);
#5995=EDGE_CURVE('',#7006,#6972,#1138,.T.);
#5996=EDGE_CURVE('',#6972,#6967,#2316,.F.);
#5997=EDGE_CURVE('',#6950,#7007,#1139,.T.);
#5998=EDGE_CURVE('',#7007,#7008,#1140,.F.);
#5999=EDGE_CURVE('',#7008,#6951,#1141,.F.);
#6000=EDGE_CURVE('',#7009,#7010,#1142,.T.);
#6001=EDGE_CURVE('',#7010,#6955,#1143,.F.);
#6002=EDGE_CURVE('',#6954,#7009,#1144,.T.);
#6003=EDGE_CURVE('',#7006,#7011,#2317,.T.);
#6004=EDGE_CURVE('',#7011,#6953,#1145,.F.);
#6005=EDGE_CURVE('',#6952,#7012,#1146,.T.);
#6006=EDGE_CURVE('',#7012,#7006,#2318,.T.);
#6007=EDGE_CURVE('',#7012,#7008,#73,.F.);
#6008=EDGE_CURVE('',#6969,#6949,#7322,.T.);
#6009=EDGE_CURVE('',#7007,#6968,#74,.T.);
#6010=EDGE_CURVE('',#6971,#7010,#7323,.T.);
#6011=EDGE_CURVE('',#6917,#6970,#7324,.T.);
#6012=EDGE_CURVE('',#7009,#7011,#7325,.T.);
#6013=EDGE_CURVE('',#6973,#6971,#2319,.F.);
#6014=EDGE_CURVE('',#7011,#7013,#2320,.F.);
#6015=EDGE_CURVE('',#7013,#7014,#7326,.T.);
#6016=EDGE_CURVE('',#7014,#7015,#1147,.T.);
#6017=EDGE_CURVE('',#7015,#6973,#7327,.T.);
#6018=EDGE_CURVE('',#7014,#6919,#1148,.F.);
#6019=EDGE_CURVE('',#6918,#7015,#1149,.T.);
#6020=EDGE_CURVE('',#6922,#7001,#1150,.T.);
#6021=EDGE_CURVE('',#7000,#6923,#1151,.F.);
#6022=EDGE_CURVE('',#6920,#7013,#1152,.T.);
#6023=EDGE_CURVE('',#7013,#7002,#2321,.F.);
#6024=EDGE_CURVE('',#7002,#6921,#1153,.F.);
#6025=EDGE_CURVE('',#6924,#6975,#7328,.T.);
#6026=EDGE_CURVE('',#6974,#6916,#7329,.T.);
#6027=EDGE_CURVE('',#7016,#7016,#2322,.T.);
#6028=EDGE_CURVE('',#7017,#7017,#2323,.F.);
#6029=EDGE_CURVE('',#6940,#6933,#2324,.T.);
#6030=EDGE_CURVE('',#6932,#6925,#2325,.T.);
#6031=EDGE_CURVE('',#6948,#6941,#2326,.T.);
#6032=EDGE_CURVE('',#6917,#6949,#2327,.T.);
#6033=EDGE_CURVE('',#6924,#6916,#2328,.T.);
#6034=EDGE_CURVE('',#7018,#7018,#2329,.F.);
#6035=EDGE_CURVE('',#7019,#7019,#2330,.F.);
#6036=EDGE_CURVE('',#7020,#7020,#2331,.T.);
#6037=EDGE_CURVE('',#7021,#7021,#2332,.F.);
#6038=EDGE_CURVE('',#7022,#7023,#1154,.F.);
#6039=EDGE_CURVE('',#7023,#7024,#2333,.T.);
#6040=EDGE_CURVE('',#7024,#7025,#1155,.T.);
#6041=EDGE_CURVE('',#7022,#7025,#2334,.T.);
#6042=EDGE_CURVE('',#7026,#7027,#1156,.F.);
#6043=EDGE_CURVE('',#7027,#7028,#2335,.T.);
#6044=EDGE_CURVE('',#7028,#7029,#1157,.T.);
#6045=EDGE_CURVE('',#7026,#7029,#2336,.T.);
#6046=EDGE_CURVE('',#7030,#7031,#1158,.F.);
#6047=EDGE_CURVE('',#7031,#7032,#2337,.T.);
#6048=EDGE_CURVE('',#7032,#7033,#1159,.T.);
#6049=EDGE_CURVE('',#7030,#7033,#2338,.T.);
#6050=EDGE_CURVE('',#7034,#7035,#1160,.F.);
#6051=EDGE_CURVE('',#7035,#7036,#2339,.T.);
#6052=EDGE_CURVE('',#7036,#7037,#1161,.T.);
#6053=EDGE_CURVE('',#7038,#7037,#2340,.T.);
#6054=EDGE_CURVE('',#7038,#7034,#2341,.F.);
#6055=EDGE_CURVE('',#7039,#7040,#7330,.T.);
#6056=EDGE_CURVE('',#7040,#7041,#2342,.T.);
#6057=EDGE_CURVE('',#7041,#7042,#7331,.T.);
#6058=EDGE_CURVE('',#7043,#7042,#1162,.T.);
#6059=EDGE_CURVE('',#7043,#7044,#7332,.T.);
#6060=EDGE_CURVE('',#7044,#7045,#2343,.T.);
#6061=EDGE_CURVE('',#7045,#7046,#7333,.T.);
#6062=EDGE_CURVE('',#7046,#7047,#1163,.T.);
#6063=EDGE_CURVE('',#7047,#7048,#7334,.T.);
#6064=EDGE_CURVE('',#7048,#7049,#2344,.T.);
#6065=EDGE_CURVE('',#7049,#7050,#7335,.T.);
#6066=EDGE_CURVE('',#7051,#7050,#1164,.T.);
#6067=EDGE_CURVE('',#7051,#7052,#7336,.T.);
#6068=EDGE_CURVE('',#7052,#7053,#2345,.T.);
#6069=EDGE_CURVE('',#7053,#7054,#7337,.T.);
#6070=EDGE_CURVE('',#7054,#7055,#1165,.T.);
#6071=EDGE_CURVE('',#7055,#7056,#7338,.T.);
#6072=EDGE_CURVE('',#7056,#7057,#2346,.T.);
#6073=EDGE_CURVE('',#7057,#7058,#7339,.T.);
#6074=EDGE_CURVE('',#7059,#7058,#1166,.T.);
#6075=EDGE_CURVE('',#7059,#7060,#7340,.T.);
#6076=EDGE_CURVE('',#7060,#7061,#2347,.T.);
#6077=EDGE_CURVE('',#7061,#7062,#7341,.T.);
#6078=EDGE_CURVE('',#7062,#7063,#1167,.T.);
#6079=EDGE_CURVE('',#7063,#7064,#7342,.T.);
#6080=EDGE_CURVE('',#7064,#7065,#2348,.T.);
#6081=EDGE_CURVE('',#7065,#7066,#7343,.T.);
#6082=EDGE_CURVE('',#7067,#7066,#1168,.T.);
#6083=EDGE_CURVE('',#7067,#7068,#7344,.T.);
#6084=EDGE_CURVE('',#7068,#7069,#2349,.T.);
#6085=EDGE_CURVE('',#7069,#7070,#7345,.T.);
#6086=EDGE_CURVE('',#7070,#7071,#1169,.T.);
#6087=EDGE_CURVE('',#7071,#7072,#7346,.T.);
#6088=EDGE_CURVE('',#7072,#7073,#2350,.T.);
#6089=EDGE_CURVE('',#7073,#7074,#7347,.T.);
#6090=EDGE_CURVE('',#7075,#7074,#1170,.T.);
#6091=EDGE_CURVE('',#7075,#7076,#7348,.T.);
#6092=EDGE_CURVE('',#7076,#7077,#2351,.T.);
#6093=EDGE_CURVE('',#7077,#7078,#7349,.T.);
#6094=EDGE_CURVE('',#7078,#7039,#1171,.T.);
#6095=EDGE_CURVE('',#7079,#7079,#2352,.T.);
#6096=EDGE_CURVE('',#7080,#7081,#1172,.F.);
#6097=EDGE_CURVE('',#7081,#7082,#2353,.T.);
#6098=EDGE_CURVE('',#7082,#7083,#1173,.T.);
#6099=EDGE_CURVE('',#7083,#7080,#2354,.F.);
#6100=EDGE_CURVE('',#7084,#7085,#1174,.T.);
#6101=EDGE_CURVE('',#7086,#7085,#1175,.T.);
#6102=EDGE_CURVE('',#7087,#7086,#1176,.T.);
#6103=EDGE_CURVE('',#7087,#7084,#1177,.T.);
#6104=EDGE_CURVE('',#7088,#7085,#2355,.T.);
#6105=EDGE_CURVE('',#7089,#7088,#1178,.T.);
#6106=EDGE_CURVE('',#7089,#7086,#2356,.T.);
#6107=EDGE_CURVE('',#7090,#7088,#1179,.T.);
#6108=EDGE_CURVE('',#7091,#7090,#1180,.T.);
#6109=EDGE_CURVE('',#7091,#7089,#1181,.T.);
#6110=EDGE_CURVE('',#7084,#7090,#2357,.T.);
#6111=EDGE_CURVE('',#7087,#7091,#2358,.T.);
#6112=EDGE_CURVE('',#7042,#7092,#1182,.T.);
#6113=EDGE_CURVE('',#7093,#7092,#1183,.T.);
#6114=EDGE_CURVE('',#7093,#7043,#1184,.F.);
#6115=EDGE_CURVE('',#7046,#7094,#1185,.T.);
#6116=EDGE_CURVE('',#7094,#7095,#1186,.T.);
#6117=EDGE_CURVE('',#7095,#7047,#1187,.F.);
#6118=EDGE_CURVE('',#7096,#7097,#2359,.T.);
#6119=EDGE_CURVE('',#7097,#7045,#1188,.F.);
#6120=EDGE_CURVE('',#7044,#7096,#1189,.T.);
#6121=EDGE_CURVE('',#7094,#7097,#7350,.T.);
#6122=EDGE_CURVE('',#7029,#7095,#7351,.T.);
#6123=EDGE_CURVE('',#7048,#7028,#7352,.T.);
#6124=EDGE_CURVE('',#7027,#7041,#7353,.T.);
#6125=EDGE_CURVE('',#7092,#7026,#7354,.T.);
#6126=EDGE_CURVE('',#7096,#7093,#7355,.T.);
#6127=EDGE_CURVE('',#7097,#7098,#2360,.F.);
#6128=EDGE_CURVE('',#7098,#7099,#7356,.T.);
#6129=EDGE_CURVE('',#7099,#7100,#1190,.T.);
#6130=EDGE_CURVE('',#7100,#7030,#7357,.T.);
#6131=EDGE_CURVE('',#7030,#7029,#2361,.F.);
#6132=EDGE_CURVE('',#7026,#7025,#2362,.F.);
#6133=EDGE_CURVE('',#7025,#7101,#7358,.T.);
#6134=EDGE_CURVE('',#7102,#7101,#1191,.T.);
#6135=EDGE_CURVE('',#7102,#7103,#7359,.T.);
#6136=EDGE_CURVE('',#7103,#7096,#2363,.F.);
#6137=EDGE_CURVE('',#7074,#7104,#1192,.T.);
#6138=EDGE_CURVE('',#7105,#7104,#1193,.T.);
#6139=EDGE_CURVE('',#7105,#7075,#1194,.F.);
#6140=EDGE_CURVE('',#7078,#7102,#1195,.T.);
#6141=EDGE_CURVE('',#7101,#7039,#1196,.F.);
#6142=EDGE_CURVE('',#7106,#7103,#2364,.T.);
#6143=EDGE_CURVE('',#7103,#7077,#1197,.F.);
#6144=EDGE_CURVE('',#7076,#7106,#1198,.T.);
#6145=EDGE_CURVE('',#7040,#7024,#7360,.T.);
#6146=EDGE_CURVE('',#7023,#7073,#7361,.T.);
#6147=EDGE_CURVE('',#7104,#7022,#7362,.T.);
#6148=EDGE_CURVE('',#7106,#7105,#7363,.T.);
#6149=EDGE_CURVE('',#7022,#7083,#2365,.F.);
#6150=EDGE_CURVE('',#7083,#7107,#7364,.T.);
#6151=EDGE_CURVE('',#7108,#7107,#1199,.T.);
#6152=EDGE_CURVE('',#7108,#7109,#7365,.T.);
#6153=EDGE_CURVE('',#7109,#7106,#2366,.F.);
#6154=EDGE_CURVE('',#7099,#7051,#1200,.F.);
#6155=EDGE_CURVE('',#7050,#7100,#1201,.T.);
#6156=EDGE_CURVE('',#7054,#7110,#1202,.T.);
#6157=EDGE_CURVE('',#7110,#7111,#1203,.T.);
#6158=EDGE_CURVE('',#7111,#7055,#1204,.F.);
#6159=EDGE_CURVE('',#7052,#7098,#1205,.T.);
#6160=EDGE_CURVE('',#7098,#7112,#2367,.T.);
#6161=EDGE_CURVE('',#7112,#7053,#1206,.F.);
#6162=EDGE_CURVE('',#7110,#7112,#7366,.T.);
#6163=EDGE_CURVE('',#7033,#7111,#7367,.T.);
#6164=EDGE_CURVE('',#7056,#7032,#7368,.T.);
#6165=EDGE_CURVE('',#7031,#7049,#7369,.T.);
#6166=EDGE_CURVE('',#7112,#7113,#2368,.F.);
#6167=EDGE_CURVE('',#7113,#7038,#1207,.T.);
#6168=EDGE_CURVE('',#7038,#7033,#2369,.F.);
#6169=EDGE_CURVE('',#7058,#7114,#1208,.T.);
#6170=EDGE_CURVE('',#7114,#7115,#1209,.F.);
#6171=EDGE_CURVE('',#7115,#7059,#1210,.F.);
#6172=EDGE_CURVE('',#7116,#7117,#1211,.T.);
#6173=EDGE_CURVE('',#7117,#7063,#1212,.F.);
#6174=EDGE_CURVE('',#7062,#7116,#1213,.T.);
#6175=EDGE_CURVE('',#7113,#7118,#2370,.T.);
#6176=EDGE_CURVE('',#7118,#7061,#1214,.F.);
#6177=EDGE_CURVE('',#7060,#7119,#1215,.T.);
#6178=EDGE_CURVE('',#7119,#7113,#2371,.T.);
#6179=EDGE_CURVE('',#7119,#7115,#75,.F.);
#6180=EDGE_CURVE('',#7035,#7057,#7370,.T.);
#6181=EDGE_CURVE('',#7114,#7034,#76,.T.);
#6182=EDGE_CURVE('',#7037,#7117,#7371,.T.);
#6183=EDGE_CURVE('',#7036,#7064,#7372,.T.);
#6184=EDGE_CURVE('',#7116,#7118,#7373,.T.);
#6185=EDGE_CURVE('',#7080,#7037,#2372,.F.);
#6186=EDGE_CURVE('',#7118,#7120,#2373,.F.);
#6187=EDGE_CURVE('',#7120,#7121,#7374,.T.);
#6188=EDGE_CURVE('',#7121,#7122,#1216,.T.);
#6189=EDGE_CURVE('',#7122,#7080,#7375,.T.);
#6190=EDGE_CURVE('',#7121,#7067,#1217,.F.);
#6191=EDGE_CURVE('',#7066,#7122,#1218,.T.);
#6192=EDGE_CURVE('',#7070,#7108,#1219,.T.);
#6193=EDGE_CURVE('',#7107,#7071,#1220,.F.);
#6194=EDGE_CURVE('',#7068,#7120,#1221,.T.);
#6195=EDGE_CURVE('',#7120,#7109,#2374,.F.);
#6196=EDGE_CURVE('',#7109,#7069,#1222,.F.);
#6197=EDGE_CURVE('',#7072,#7082,#7376,.T.);
#6198=EDGE_CURVE('',#7081,#7065,#7377,.T.);
#6199=EDGE_CURVE('',#7123,#7123,#2375,.T.);
#6200=EDGE_CURVE('',#7124,#7124,#2376,.F.);
#6201=EDGE_CURVE('',#7041,#7048,#2377,.T.);
#6202=EDGE_CURVE('',#7073,#7040,#2378,.T.);
#6203=EDGE_CURVE('',#7049,#7056,#2379,.T.);
#6204=EDGE_CURVE('',#7057,#7064,#2380,.T.);
#6205=EDGE_CURVE('',#7065,#7072,#2381,.T.);
#6206=EDGE_CURVE('',#7125,#7126,#7378,.T.);
#6207=EDGE_CURVE('',#7126,#7127,#2382,.T.);
#6208=EDGE_CURVE('',#7127,#7128,#7379,.T.);
#6209=EDGE_CURVE('',#7129,#7128,#1223,.T.);
#6210=EDGE_CURVE('',#7129,#7130,#7380,.T.);
#6211=EDGE_CURVE('',#7130,#7131,#2383,.T.);
#6212=EDGE_CURVE('',#7131,#7132,#7381,.T.);
#6213=EDGE_CURVE('',#7132,#7133,#1224,.T.);
#6214=EDGE_CURVE('',#7133,#7134,#7382,.T.);
#6215=EDGE_CURVE('',#7134,#7135,#2384,.T.);
#6216=EDGE_CURVE('',#7135,#7136,#7383,.T.);
#6217=EDGE_CURVE('',#7137,#7136,#1225,.T.);
#6218=EDGE_CURVE('',#7137,#7138,#7384,.T.);
#6219=EDGE_CURVE('',#7138,#7139,#2385,.T.);
#6220=EDGE_CURVE('',#7139,#7140,#7385,.T.);
#6221=EDGE_CURVE('',#7140,#7141,#1226,.T.);
#6222=EDGE_CURVE('',#7141,#7142,#7386,.T.);
#6223=EDGE_CURVE('',#7142,#7143,#2386,.T.);
#6224=EDGE_CURVE('',#7143,#7144,#7387,.T.);
#6225=EDGE_CURVE('',#7145,#7144,#1227,.T.);
#6226=EDGE_CURVE('',#7145,#7146,#7388,.T.);
#6227=EDGE_CURVE('',#7146,#7147,#2387,.T.);
#6228=EDGE_CURVE('',#7147,#7148,#7389,.T.);
#6229=EDGE_CURVE('',#7148,#7149,#1228,.T.);
#6230=EDGE_CURVE('',#7149,#7150,#7390,.T.);
#6231=EDGE_CURVE('',#7150,#7151,#2388,.T.);
#6232=EDGE_CURVE('',#7151,#7152,#7391,.T.);
#6233=EDGE_CURVE('',#7153,#7152,#1229,.T.);
#6234=EDGE_CURVE('',#7153,#7154,#7392,.T.);
#6235=EDGE_CURVE('',#7154,#7155,#2389,.T.);
#6236=EDGE_CURVE('',#7155,#7156,#7393,.T.);
#6237=EDGE_CURVE('',#7156,#7157,#1230,.T.);
#6238=EDGE_CURVE('',#7157,#7158,#7394,.T.);
#6239=EDGE_CURVE('',#7158,#7159,#2390,.T.);
#6240=EDGE_CURVE('',#7159,#7160,#7395,.T.);
#6241=EDGE_CURVE('',#7161,#7160,#1231,.T.);
#6242=EDGE_CURVE('',#7161,#7162,#7396,.T.);
#6243=EDGE_CURVE('',#7162,#7163,#2391,.T.);
#6244=EDGE_CURVE('',#7163,#7164,#7397,.T.);
#6245=EDGE_CURVE('',#7164,#7125,#1232,.T.);
#6246=EDGE_CURVE('',#7165,#7165,#2392,.T.);
#6247=EDGE_CURVE('',#7166,#7151,#1233,.F.);
#6248=EDGE_CURVE('',#7150,#7167,#1234,.T.);
#6249=EDGE_CURVE('',#7168,#7167,#2393,.T.);
#6250=EDGE_CURVE('',#7168,#7169,#2394,.F.);
#6251=EDGE_CURVE('',#7169,#7143,#1235,.F.);
#6252=EDGE_CURVE('',#7142,#7170,#1236,.T.);
#6253=EDGE_CURVE('',#7171,#7170,#2395,.T.);
#6254=EDGE_CURVE('',#7171,#7135,#1237,.F.);
#6255=EDGE_CURVE('',#7134,#7172,#1238,.T.);
#6256=EDGE_CURVE('',#7173,#7172,#2396,.T.);
#6257=EDGE_CURVE('',#7173,#7127,#1239,.F.);
#6258=EDGE_CURVE('',#7126,#7174,#1240,.T.);
#6259=EDGE_CURVE('',#7175,#7174,#2397,.T.);
#6260=EDGE_CURVE('',#7175,#7159,#1241,.F.);
#6261=EDGE_CURVE('',#7158,#7176,#1242,.T.);
#6262=EDGE_CURVE('',#7176,#7166,#2398,.F.);
#6263=EDGE_CURVE('',#7177,#7178,#1243,.T.);
#6264=EDGE_CURVE('',#7179,#7178,#1244,.T.);
#6265=EDGE_CURVE('',#7180,#7179,#1245,.T.);
#6266=EDGE_CURVE('',#7180,#7177,#1246,.T.);
#6267=EDGE_CURVE('',#7181,#7178,#2399,.T.);
#6268=EDGE_CURVE('',#7182,#7181,#1247,.T.);
#6269=EDGE_CURVE('',#7182,#7179,#2400,.T.);
#6270=EDGE_CURVE('',#7183,#7181,#1248,.T.);
#6271=EDGE_CURVE('',#7184,#7183,#1249,.T.);
#6272=EDGE_CURVE('',#7184,#7182,#1250,.T.);
#6273=EDGE_CURVE('',#7177,#7183,#2401,.T.);
#6274=EDGE_CURVE('',#7180,#7184,#2402,.T.);
#6275=EDGE_CURVE('',#7128,#7185,#1251,.T.);
#6276=EDGE_CURVE('',#7186,#7185,#1252,.T.);
#6277=EDGE_CURVE('',#7186,#7129,#1253,.F.);
#6278=EDGE_CURVE('',#7132,#7187,#1254,.T.);
#6279=EDGE_CURVE('',#7187,#7188,#1255,.T.);
#6280=EDGE_CURVE('',#7188,#7133,#1256,.F.);
#6281=EDGE_CURVE('',#7189,#7190,#2403,.T.);
#6282=EDGE_CURVE('',#7190,#7131,#1257,.F.);
#6283=EDGE_CURVE('',#7130,#7189,#1258,.T.);
#6284=EDGE_CURVE('',#7187,#7190,#7398,.T.);
#6285=EDGE_CURVE('',#7172,#7188,#7399,.T.);
#6286=EDGE_CURVE('',#7185,#7173,#7400,.T.);
#6287=EDGE_CURVE('',#7189,#7186,#7401,.T.);
#6288=EDGE_CURVE('',#7190,#7191,#2404,.F.);
#6289=EDGE_CURVE('',#7191,#7192,#7402,.T.);
#6290=EDGE_CURVE('',#7192,#7193,#1259,.T.);
#6291=EDGE_CURVE('',#7193,#7171,#7403,.T.);
#6292=EDGE_CURVE('',#7171,#7172,#2405,.F.);
#6293=EDGE_CURVE('',#7173,#7174,#2406,.F.);
#6294=EDGE_CURVE('',#7174,#7194,#7404,.T.);
#6295=EDGE_CURVE('',#7195,#7194,#1260,.T.);
#6296=EDGE_CURVE('',#7195,#7196,#7405,.T.);
#6297=EDGE_CURVE('',#7196,#7189,#2407,.F.);
#6298=EDGE_CURVE('',#7160,#7197,#1261,.T.);
#6299=EDGE_CURVE('',#7198,#7197,#1262,.T.);
#6300=EDGE_CURVE('',#7198,#7161,#1263,.F.);
#6301=EDGE_CURVE('',#7164,#7195,#1264,.T.);
#6302=EDGE_CURVE('',#7194,#7125,#1265,.F.);
#6303=EDGE_CURVE('',#7199,#7196,#2408,.T.);
#6304=EDGE_CURVE('',#7196,#7163,#1266,.F.);
#6305=EDGE_CURVE('',#7162,#7199,#1267,.T.);
#6306=EDGE_CURVE('',#7197,#7175,#7406,.T.);
#6307=EDGE_CURVE('',#7199,#7198,#7407,.T.);
#6308=EDGE_CURVE('',#7175,#7176,#2409,.F.);
#6309=EDGE_CURVE('',#7176,#7200,#7408,.T.);
#6310=EDGE_CURVE('',#7201,#7200,#1268,.T.);
#6311=EDGE_CURVE('',#7201,#7202,#7409,.T.);
#6312=EDGE_CURVE('',#7202,#7199,#2410,.F.);
#6313=EDGE_CURVE('',#7192,#7137,#1269,.F.);
#6314=EDGE_CURVE('',#7136,#7193,#1270,.T.);
#6315=EDGE_CURVE('',#7140,#7203,#1271,.T.);
#6316=EDGE_CURVE('',#7203,#7204,#1272,.T.);
#6317=EDGE_CURVE('',#7204,#7141,#1273,.F.);
#6318=EDGE_CURVE('',#7138,#7191,#1274,.T.);
#6319=EDGE_CURVE('',#7191,#7205,#2411,.T.);
#6320=EDGE_CURVE('',#7205,#7139,#1275,.F.);
#6321=EDGE_CURVE('',#7203,#7205,#7410,.T.);
#6322=EDGE_CURVE('',#7170,#7204,#7411,.T.);
#6323=EDGE_CURVE('',#7205,#7206,#2412,.F.);
#6324=EDGE_CURVE('',#7206,#7168,#1276,.T.);
#6325=EDGE_CURVE('',#7168,#7170,#2413,.F.);
#6326=EDGE_CURVE('',#7144,#7207,#1277,.T.);
#6327=EDGE_CURVE('',#7207,#7208,#1278,.F.);
#6328=EDGE_CURVE('',#7208,#7145,#1279,.F.);
#6329=EDGE_CURVE('',#7209,#7210,#1280,.T.);
#6330=EDGE_CURVE('',#7210,#7149,#1281,.F.);
#6331=EDGE_CURVE('',#7148,#7209,#1282,.T.);
#6332=EDGE_CURVE('',#7206,#7211,#2414,.T.);
#6333=EDGE_CURVE('',#7211,#7147,#1283,.F.);
#6334=EDGE_CURVE('',#7146,#7212,#1284,.T.);
#6335=EDGE_CURVE('',#7212,#7206,#2415,.T.);
#6336=EDGE_CURVE('',#7212,#7208,#77,.F.);
#6337=EDGE_CURVE('',#7207,#7169,#78,.T.);
#6338=EDGE_CURVE('',#7167,#7210,#7412,.T.);
#6339=EDGE_CURVE('',#7209,#7211,#7413,.T.);
#6340=EDGE_CURVE('',#7166,#7167,#2416,.F.);
#6341=EDGE_CURVE('',#7211,#7213,#2417,.F.);
#6342=EDGE_CURVE('',#7213,#7214,#7414,.T.);
#6343=EDGE_CURVE('',#7214,#7215,#1285,.T.);
#6344=EDGE_CURVE('',#7215,#7166,#7415,.T.);
#6345=EDGE_CURVE('',#7214,#7153,#1286,.F.);
#6346=EDGE_CURVE('',#7152,#7215,#1287,.T.);
#6347=EDGE_CURVE('',#7156,#7201,#1288,.T.);
#6348=EDGE_CURVE('',#7200,#7157,#1289,.F.);
#6349=EDGE_CURVE('',#7154,#7213,#1290,.T.);
#6350=EDGE_CURVE('',#7213,#7202,#2418,.F.);
#6351=EDGE_CURVE('',#7202,#7155,#1291,.F.);
#6352=EDGE_CURVE('',#7216,#7216,#2419,.T.);
#6353=EDGE_CURVE('',#7217,#7217,#2420,.F.);
#6354=EDGE_CURVE('',#7218,#7218,#2421,.F.);
#6355=EDGE_CURVE('',#7219,#7219,#2422,.F.);
#6356=EDGE_CURVE('',#7220,#7220,#2423,.T.);
#6357=EDGE_CURVE('',#7221,#7221,#2424,.F.);
#6358=EDGE_CURVE('',#7222,#7222,#2425,.F.);
#6359=EDGE_CURVE('',#7223,#7223,#2426,.F.);
#6360=EDGE_CURVE('',#7224,#7224,#2427,.T.);
#6361=EDGE_CURVE('',#7225,#7225,#2428,.F.);
#6362=EDGE_CURVE('',#7226,#7227,#1292,.T.);
#6363=EDGE_CURVE('',#7228,#7227,#1293,.T.);
#6364=EDGE_CURVE('',#7229,#7228,#1294,.T.);
#6365=EDGE_CURVE('',#7229,#7226,#1295,.T.);
#6366=EDGE_CURVE('',#7226,#7230,#1296,.T.);
#6367=EDGE_CURVE('',#7229,#7231,#1297,.T.);
#6368=EDGE_CURVE('',#7231,#7230,#1298,.T.);
#6369=EDGE_CURVE('',#7230,#7232,#1299,.T.);
#6370=EDGE_CURVE('',#7231,#7233,#1300,.T.);
#6371=EDGE_CURVE('',#7233,#7232,#1301,.T.);
#6372=EDGE_CURVE('',#7227,#7232,#1302,.T.);
#6373=EDGE_CURVE('',#7228,#7233,#1303,.T.);
#6374=EDGE_CURVE('',#7234,#7234,#2429,.T.);
#6375=EDGE_CURVE('',#7235,#7235,#2430,.T.);
#6376=EDGE_CURVE('',#7236,#7236,#2431,.F.);
#6377=EDGE_CURVE('',#7237,#7237,#2432,.F.);
#6378=EDGE_CURVE('',#7238,#7238,#2433,.T.);
#6379=EDGE_CURVE('',#7239,#7239,#2434,.F.);
#6380=EDGE_CURVE('',#7240,#7240,#2435,.F.);
#6381=EDGE_CURVE('',#7241,#7241,#2436,.F.);
#6382=EDGE_CURVE('',#7242,#7242,#2437,.T.);
#6383=EDGE_CURVE('',#7243,#7243,#2438,.F.);
#6384=VERTEX_POINT('',#12992);
#6385=VERTEX_POINT('',#12993);
#6386=VERTEX_POINT('',#12995);
#6387=VERTEX_POINT('',#13000);
#6388=VERTEX_POINT('',#13002);
#6389=VERTEX_POINT('',#13007);
#6390=VERTEX_POINT('',#13009);
#6391=VERTEX_POINT('',#13014);
#6392=VERTEX_POINT('',#13016);
#6393=VERTEX_POINT('',#13021);
#6394=VERTEX_POINT('',#13023);
#6395=VERTEX_POINT('',#13028);
#6396=VERTEX_POINT('',#13030);
#6397=VERTEX_POINT('',#13035);
#6398=VERTEX_POINT('',#13037);
#6399=VERTEX_POINT('',#13042);
#6400=VERTEX_POINT('',#13044);
#6401=VERTEX_POINT('',#13049);
#6402=VERTEX_POINT('',#13051);
#6403=VERTEX_POINT('',#13056);
#6404=VERTEX_POINT('',#13058);
#6405=VERTEX_POINT('',#13063);
#6406=VERTEX_POINT('',#13065);
#6407=VERTEX_POINT('',#13070);
#6408=VERTEX_POINT('',#13072);
#6409=VERTEX_POINT('',#13077);
#6410=VERTEX_POINT('',#13079);
#6411=VERTEX_POINT('',#13084);
#6412=VERTEX_POINT('',#13086);
#6413=VERTEX_POINT('',#13091);
#6414=VERTEX_POINT('',#13093);
#6415=VERTEX_POINT('',#13098);
#6416=VERTEX_POINT('',#13100);
#6417=VERTEX_POINT('',#13105);
#6418=VERTEX_POINT('',#13107);
#6419=VERTEX_POINT('',#13112);
#6420=VERTEX_POINT('',#13114);
#6421=VERTEX_POINT('',#13119);
#6422=VERTEX_POINT('',#13121);
#6423=VERTEX_POINT('',#13126);
#6424=VERTEX_POINT('',#13129);
#6425=VERTEX_POINT('',#13132);
#6426=VERTEX_POINT('',#13134);
#6427=VERTEX_POINT('',#13136);
#6428=VERTEX_POINT('',#13138);
#6429=VERTEX_POINT('',#13141);
#6430=VERTEX_POINT('',#13143);
#6431=VERTEX_POINT('',#13146);
#6432=VERTEX_POINT('',#13148);
#6433=VERTEX_POINT('',#13151);
#6434=VERTEX_POINT('',#13153);
#6435=VERTEX_POINT('',#13156);
#6436=VERTEX_POINT('',#13160);
#6437=VERTEX_POINT('',#13161);
#6438=VERTEX_POINT('',#13163);
#6439=VERTEX_POINT('',#13165);
#6440=VERTEX_POINT('',#13169);
#6441=VERTEX_POINT('',#13171);
#6442=VERTEX_POINT('',#13175);
#6443=VERTEX_POINT('',#13177);
#6444=VERTEX_POINT('',#13186);
#6445=VERTEX_POINT('',#13188);
#6446=VERTEX_POINT('',#13192);
#6447=VERTEX_POINT('',#13194);
#6448=VERTEX_POINT('',#13198);
#6449=VERTEX_POINT('',#13199);
#6450=VERTEX_POINT('',#13224);
#6451=VERTEX_POINT('',#13229);
#6452=VERTEX_POINT('',#13231);
#6453=VERTEX_POINT('',#13243);
#6454=VERTEX_POINT('',#13245);
#6455=VERTEX_POINT('',#13250);
#6456=VERTEX_POINT('',#13254);
#6457=VERTEX_POINT('',#13256);
#6458=VERTEX_POINT('',#13263);
#6459=VERTEX_POINT('',#13284);
#6460=VERTEX_POINT('',#13286);
#6461=VERTEX_POINT('',#13291);
#6462=VERTEX_POINT('',#13298);
#6463=VERTEX_POINT('',#13300);
#6464=VERTEX_POINT('',#13305);
#6465=VERTEX_POINT('',#13321);
#6466=VERTEX_POINT('',#13326);
#6467=VERTEX_POINT('',#13328);
#6468=VERTEX_POINT('',#13332);
#6469=VERTEX_POINT('',#13333);
#6470=VERTEX_POINT('',#13338);
#6471=VERTEX_POINT('',#13341);
#6472=VERTEX_POINT('',#13361);
#6473=VERTEX_POINT('',#13366);
#6474=VERTEX_POINT('',#13368);
#6475=VERTEX_POINT('',#13389);
#6476=VERTEX_POINT('',#13391);
#6477=VERTEX_POINT('',#13397);
#6478=VERTEX_POINT('',#13398);
#6479=VERTEX_POINT('',#13400);
#6480=VERTEX_POINT('',#13402);
#6481=VERTEX_POINT('',#13404);
#6482=VERTEX_POINT('',#13406);
#6483=VERTEX_POINT('',#13410);
#6484=VERTEX_POINT('',#13411);
#6485=VERTEX_POINT('',#13413);
#6486=VERTEX_POINT('',#13415);
#6487=VERTEX_POINT('',#13417);
#6488=VERTEX_POINT('',#13419);
#6489=VERTEX_POINT('',#13423);
#6490=VERTEX_POINT('',#13426);
#6491=VERTEX_POINT('',#13429);
#6492=VERTEX_POINT('',#13430);
#6493=VERTEX_POINT('',#13432);
#6494=VERTEX_POINT('',#13434);
#6495=VERTEX_POINT('',#13436);
#6496=VERTEX_POINT('',#13438);
#6497=VERTEX_POINT('',#13440);
#6498=VERTEX_POINT('',#13442);
#6499=VERTEX_POINT('',#13444);
#6500=VERTEX_POINT('',#13446);
#6501=VERTEX_POINT('',#13448);
#6502=VERTEX_POINT('',#13450);
#6503=VERTEX_POINT('',#13452);
#6504=VERTEX_POINT('',#13454);
#6505=VERTEX_POINT('',#13456);
#6506=VERTEX_POINT('',#13458);
#6507=VERTEX_POINT('',#13460);
#6508=VERTEX_POINT('',#13462);
#6509=VERTEX_POINT('',#13464);
#6510=VERTEX_POINT('',#13466);
#6511=VERTEX_POINT('',#13468);
#6512=VERTEX_POINT('',#13470);
#6513=VERTEX_POINT('',#13472);
#6514=VERTEX_POINT('',#13474);
#6515=VERTEX_POINT('',#13478);
#6516=VERTEX_POINT('',#13479);
#6517=VERTEX_POINT('',#13481);
#6518=VERTEX_POINT('',#13483);
#6519=VERTEX_POINT('',#13487);
#6520=VERTEX_POINT('',#13488);
#6521=VERTEX_POINT('',#13490);
#6522=VERTEX_POINT('',#13492);
#6523=VERTEX_POINT('',#13496);
#6524=VERTEX_POINT('',#13498);
#6525=VERTEX_POINT('',#13500);
#6526=VERTEX_POINT('',#13502);
#6527=VERTEX_POINT('',#13506);
#6528=VERTEX_POINT('',#13507);
#6529=VERTEX_POINT('',#13510);
#6530=VERTEX_POINT('',#13512);
#6531=VERTEX_POINT('',#13516);
#6532=VERTEX_POINT('',#13518);
#6533=VERTEX_POINT('',#13520);
#6534=VERTEX_POINT('',#13522);
#6535=VERTEX_POINT('',#13526);
#6536=VERTEX_POINT('',#13528);
#6537=VERTEX_POINT('',#13530);
#6538=VERTEX_POINT('',#13532);
#6539=VERTEX_POINT('',#13536);
#6540=VERTEX_POINT('',#13538);
#6541=VERTEX_POINT('',#13540);
#6542=VERTEX_POINT('',#13542);
#6543=VERTEX_POINT('',#13559);
#6544=VERTEX_POINT('',#13562);
#6545=VERTEX_POINT('',#13566);
#6546=VERTEX_POINT('',#13568);
#6547=VERTEX_POINT('',#13571);
#6548=VERTEX_POINT('',#13573);
#6549=VERTEX_POINT('',#13583);
#6550=VERTEX_POINT('',#13584);
#6551=VERTEX_POINT('',#13586);
#6552=VERTEX_POINT('',#13588);
#6553=VERTEX_POINT('',#13592);
#6554=VERTEX_POINT('',#13594);
#6555=VERTEX_POINT('',#13598);
#6556=VERTEX_POINT('',#13600);
#6557=VERTEX_POINT('',#13604);
#6558=VERTEX_POINT('',#13606);
#6559=VERTEX_POINT('',#13611);
#6560=VERTEX_POINT('',#13615);
#6561=VERTEX_POINT('',#13620);
#6562=VERTEX_POINT('',#13624);
#6563=VERTEX_POINT('',#13626);
#6564=VERTEX_POINT('',#13630);
#6565=VERTEX_POINT('',#13633);
#6566=VERTEX_POINT('',#13637);
#6567=VERTEX_POINT('',#13641);
#6568=VERTEX_POINT('',#13642);
#6569=VERTEX_POINT('',#13644);
#6570=VERTEX_POINT('',#13646);
#6571=VERTEX_POINT('',#13651);
#6572=VERTEX_POINT('',#13652);
#6573=VERTEX_POINT('',#13657);
#6574=VERTEX_POINT('',#13658);
#6575=VERTEX_POINT('',#13666);
#6576=VERTEX_POINT('',#13667);
#6577=VERTEX_POINT('',#13669);
#6578=VERTEX_POINT('',#13671);
#6579=VERTEX_POINT('',#13675);
#6580=VERTEX_POINT('',#13677);
#6581=VERTEX_POINT('',#13681);
#6582=VERTEX_POINT('',#13683);
#6583=VERTEX_POINT('',#13687);
#6584=VERTEX_POINT('',#13689);
#6585=VERTEX_POINT('',#13693);
#6586=VERTEX_POINT('',#13699);
#6587=VERTEX_POINT('',#13703);
#6588=VERTEX_POINT('',#13707);
#6589=VERTEX_POINT('',#13709);
#6590=VERTEX_POINT('',#13713);
#6591=VERTEX_POINT('',#13716);
#6592=VERTEX_POINT('',#13720);
#6593=VERTEX_POINT('',#13724);
#6594=VERTEX_POINT('',#13725);
#6595=VERTEX_POINT('',#13727);
#6596=VERTEX_POINT('',#13729);
#6597=VERTEX_POINT('',#13734);
#6598=VERTEX_POINT('',#13736);
#6599=VERTEX_POINT('',#13740);
#6600=VERTEX_POINT('',#13742);
#6601=VERTEX_POINT('',#13749);
#6602=VERTEX_POINT('',#13752);
#6603=VERTEX_POINT('',#13755);
#6604=VERTEX_POINT('',#13758);
#6605=VERTEX_POINT('',#13761);
#6606=VERTEX_POINT('',#13765);
#6607=VERTEX_POINT('',#13769);
#6608=VERTEX_POINT('',#13773);
#6609=VERTEX_POINT('',#13777);
#6610=VERTEX_POINT('',#13780);
#6611=VERTEX_POINT('',#13782);
#6612=VERTEX_POINT('',#13785);
#6613=VERTEX_POINT('',#13788);
#6614=VERTEX_POINT('',#13790);
#6615=VERTEX_POINT('',#13793);
#6616=VERTEX_POINT('',#13796);
#6617=VERTEX_POINT('',#13799);
#6618=VERTEX_POINT('',#13802);
#6619=VERTEX_POINT('',#13833);
#6620=VERTEX_POINT('',#13834);
#6621=VERTEX_POINT('',#13839);
#6622=VERTEX_POINT('',#13841);
#6623=VERTEX_POINT('',#13845);
#6624=VERTEX_POINT('',#13846);
#6625=VERTEX_POINT('',#13848);
#6626=VERTEX_POINT('',#13850);
#6627=VERTEX_POINT('',#13854);
#6628=VERTEX_POINT('',#13856);
#6629=VERTEX_POINT('',#13860);
#6630=VERTEX_POINT('',#13861);
#6631=VERTEX_POINT('',#13866);
#6632=VERTEX_POINT('',#13867);
#6633=VERTEX_POINT('',#13869);
#6634=VERTEX_POINT('',#13871);
#6635=VERTEX_POINT('',#13896);
#6636=VERTEX_POINT('',#13897);
#6637=VERTEX_POINT('',#13899);
#6638=VERTEX_POINT('',#13901);
#6639=VERTEX_POINT('',#13905);
#6640=VERTEX_POINT('',#13906);
#6641=VERTEX_POINT('',#13908);
#6642=VERTEX_POINT('',#13910);
#6643=VERTEX_POINT('',#13912);
#6644=VERTEX_POINT('',#13914);
#6645=VERTEX_POINT('',#13916);
#6646=VERTEX_POINT('',#13920);
#6647=VERTEX_POINT('',#13921);
#6648=VERTEX_POINT('',#13923);
#6649=VERTEX_POINT('',#13925);
#6650=VERTEX_POINT('',#13927);
#6651=VERTEX_POINT('',#13929);
#6652=VERTEX_POINT('',#13933);
#6653=VERTEX_POINT('',#13934);
#6654=VERTEX_POINT('',#13936);
#6655=VERTEX_POINT('',#13938);
#6656=VERTEX_POINT('',#13940);
#6657=VERTEX_POINT('',#13942);
#6658=VERTEX_POINT('',#13946);
#6659=VERTEX_POINT('',#13947);
#6660=VERTEX_POINT('',#13949);
#6661=VERTEX_POINT('',#13951);
#6662=VERTEX_POINT('',#13953);
#6663=VERTEX_POINT('',#13955);
#6664=VERTEX_POINT('',#13959);
#6665=VERTEX_POINT('',#13960);
#6666=VERTEX_POINT('',#13962);
#6667=VERTEX_POINT('',#13964);
#6668=VERTEX_POINT('',#13966);
#6669=VERTEX_POINT('',#13968);
#6670=VERTEX_POINT('',#13972);
#6671=VERTEX_POINT('',#13974);
#6672=VERTEX_POINT('',#13978);
#6673=VERTEX_POINT('',#13980);
#6674=VERTEX_POINT('',#13984);
#6675=VERTEX_POINT('',#13986);
#6676=VERTEX_POINT('',#13988);
#6677=VERTEX_POINT('',#13991);
#6678=VERTEX_POINT('',#13993);
#6679=VERTEX_POINT('',#13997);
#6680=VERTEX_POINT('',#13999);
#6681=VERTEX_POINT('',#14003);
#6682=VERTEX_POINT('',#14004);
#6683=VERTEX_POINT('',#14006);
#6684=VERTEX_POINT('',#14008);
#6685=VERTEX_POINT('',#14012);
#6686=VERTEX_POINT('',#14013);
#6687=VERTEX_POINT('',#14015);
#6688=VERTEX_POINT('',#14017);
#6689=VERTEX_POINT('',#14024);
#6690=VERTEX_POINT('',#14026);
#6691=VERTEX_POINT('',#14028);
#6692=VERTEX_POINT('',#14037);
#6693=VERTEX_POINT('',#14038);
#6694=VERTEX_POINT('',#14041);
#6695=VERTEX_POINT('',#14045);
#6696=VERTEX_POINT('',#14047);
#6697=VERTEX_POINT('',#14049);
#6698=VERTEX_POINT('',#14060);
#6699=VERTEX_POINT('',#14061);
#6700=VERTEX_POINT('',#14063);
#6701=VERTEX_POINT('',#14065);
#6702=VERTEX_POINT('',#14067);
#6703=VERTEX_POINT('',#14069);
#6704=VERTEX_POINT('',#14071);
#6705=VERTEX_POINT('',#14073);
#6706=VERTEX_POINT('',#14076);
#6707=VERTEX_POINT('',#14078);
#6708=VERTEX_POINT('',#14081);
#6709=VERTEX_POINT('',#14083);
#6710=VERTEX_POINT('',#14085);
#6711=VERTEX_POINT('',#14087);
#6712=VERTEX_POINT('',#14092);
#6713=VERTEX_POINT('',#14094);
#6714=VERTEX_POINT('',#14097);
#6715=VERTEX_POINT('',#14099);
#6716=VERTEX_POINT('',#14103);
#6717=VERTEX_POINT('',#14107);
#6718=VERTEX_POINT('',#14108);
#6719=VERTEX_POINT('',#14111);
#6720=VERTEX_POINT('',#14113);
#6721=VERTEX_POINT('',#14115);
#6722=VERTEX_POINT('',#14120);
#6723=VERTEX_POINT('',#14124);
#6724=VERTEX_POINT('',#14125);
#6725=VERTEX_POINT('',#14130);
#6726=VERTEX_POINT('',#14132);
#6727=VERTEX_POINT('',#14138);
#6728=VERTEX_POINT('',#14141);
#6729=VERTEX_POINT('',#14143);
#6730=VERTEX_POINT('',#14150);
#6731=VERTEX_POINT('',#14151);
#6732=VERTEX_POINT('',#14153);
#6733=VERTEX_POINT('',#14158);
#6734=VERTEX_POINT('',#14160);
#6735=VERTEX_POINT('',#14162);
#6736=VERTEX_POINT('',#14173);
#6737=VERTEX_POINT('',#14174);
#6738=VERTEX_POINT('',#14176);
#6739=VERTEX_POINT('',#14178);
#6740=VERTEX_POINT('',#14182);
#6741=VERTEX_POINT('',#14183);
#6742=VERTEX_POINT('',#14185);
#6743=VERTEX_POINT('',#14187);
#6744=VERTEX_POINT('',#14191);
#6745=VERTEX_POINT('',#14192);
#6746=VERTEX_POINT('',#14195);
#6747=VERTEX_POINT('',#14197);
#6748=VERTEX_POINT('',#14201);
#6749=VERTEX_POINT('',#14202);
#6750=VERTEX_POINT('',#14205);
#6751=VERTEX_POINT('',#14207);
#6752=VERTEX_POINT('',#14210);
#6753=VERTEX_POINT('',#14212);
#6754=VERTEX_POINT('',#14217);
#6755=VERTEX_POINT('',#14219);
#6756=VERTEX_POINT('',#14227);
#6757=VERTEX_POINT('',#14229);
#6758=VERTEX_POINT('',#14234);
#6759=VERTEX_POINT('',#14235);
#6760=VERTEX_POINT('',#14242);
#6761=VERTEX_POINT('',#14245);
#6762=VERTEX_POINT('',#14247);
#6763=VERTEX_POINT('',#14249);
#6764=VERTEX_POINT('',#14251);
#6765=VERTEX_POINT('',#14253);
#6766=VERTEX_POINT('',#14258);
#6767=VERTEX_POINT('',#14262);
#6768=VERTEX_POINT('',#14269);
#6769=VERTEX_POINT('',#14274);
#6770=VERTEX_POINT('',#14279);
#6771=VERTEX_POINT('',#14283);
#6772=VERTEX_POINT('',#14315);
#6773=VERTEX_POINT('',#14317);
#6774=VERTEX_POINT('',#14321);
#6775=VERTEX_POINT('',#14325);
#6776=VERTEX_POINT('',#14331);
#6777=VERTEX_POINT('',#14332);
#6778=VERTEX_POINT('',#14340);
#6779=VERTEX_POINT('',#14341);
#6780=VERTEX_POINT('',#14343);
#6781=VERTEX_POINT('',#14345);
#6782=VERTEX_POINT('',#14347);
#6783=VERTEX_POINT('',#14349);
#6784=VERTEX_POINT('',#14353);
#6785=VERTEX_POINT('',#14357);
#6786=VERTEX_POINT('',#14358);
#6787=VERTEX_POINT('',#14360);
#6788=VERTEX_POINT('',#14363);
#6789=VERTEX_POINT('',#14365);
#6790=VERTEX_POINT('',#14369);
#6791=VERTEX_POINT('',#14370);
#6792=VERTEX_POINT('',#14375);
#6793=VERTEX_POINT('',#14379);
#6794=VERTEX_POINT('',#14381);
#6795=VERTEX_POINT('',#14383);
#6796=VERTEX_POINT('',#14387);
#6797=VERTEX_POINT('',#14388);
#6798=VERTEX_POINT('',#14393);
#6799=VERTEX_POINT('',#14394);
#6800=VERTEX_POINT('',#14396);
#6801=VERTEX_POINT('',#14398);
#6802=VERTEX_POINT('',#14400);
#6803=VERTEX_POINT('',#14402);
#6804=VERTEX_POINT('',#14406);
#6805=VERTEX_POINT('',#14410);
#6806=VERTEX_POINT('',#14411);
#6807=VERTEX_POINT('',#14414);
#6808=VERTEX_POINT('',#14418);
#6809=VERTEX_POINT('',#14419);
#6810=VERTEX_POINT('',#14421);
#6811=VERTEX_POINT('',#14424);
#6812=VERTEX_POINT('',#14428);
#6813=VERTEX_POINT('',#14432);
#6814=VERTEX_POINT('',#14433);
#6815=VERTEX_POINT('',#14436);
#6816=VERTEX_POINT('',#14440);
#6817=VERTEX_POINT('',#14442);
#6818=VERTEX_POINT('',#14446);
#6819=VERTEX_POINT('',#14449);
#6820=VERTEX_POINT('',#14452);
#6821=VERTEX_POINT('',#14455);
#6822=VERTEX_POINT('',#14458);
#6823=VERTEX_POINT('',#14461);
#6824=VERTEX_POINT('',#14464);
#6825=VERTEX_POINT('',#14467);
#6826=VERTEX_POINT('',#14470);
#6827=VERTEX_POINT('',#14472);
#6828=VERTEX_POINT('',#14475);
#6829=VERTEX_POINT('',#14477);
#6830=VERTEX_POINT('',#14480);
#6831=VERTEX_POINT('',#14481);
#6832=VERTEX_POINT('',#14488);
#6833=VERTEX_POINT('',#14489);
#6834=VERTEX_POINT('',#14494);
#6835=VERTEX_POINT('',#14495);
#6836=VERTEX_POINT('',#14499);
#6837=VERTEX_POINT('',#14501);
#6838=VERTEX_POINT('',#14503);
#6839=VERTEX_POINT('',#14505);
#6840=VERTEX_POINT('',#14507);
#6841=VERTEX_POINT('',#14509);
#6842=VERTEX_POINT('',#14516);
#6843=VERTEX_POINT('',#14541);
#6844=VERTEX_POINT('',#14542);
#6845=VERTEX_POINT('',#14544);
#6846=VERTEX_POINT('',#14546);
#6847=VERTEX_POINT('',#14550);
#6848=VERTEX_POINT('',#14554);
#6849=VERTEX_POINT('',#14561);
#6850=VERTEX_POINT('',#14562);
#6851=VERTEX_POINT('',#14564);
#6852=VERTEX_POINT('',#14568);
#6853=VERTEX_POINT('',#14569);
#6854=VERTEX_POINT('',#14571);
#6855=VERTEX_POINT('',#14573);
#6856=VERTEX_POINT('',#14577);
#6857=VERTEX_POINT('',#14578);
#6858=VERTEX_POINT('',#14580);
#6859=VERTEX_POINT('',#14582);
#6860=VERTEX_POINT('',#14589);
#6861=VERTEX_POINT('',#14595);
#6862=VERTEX_POINT('',#14603);
#6863=VERTEX_POINT('',#14604);
#6864=VERTEX_POINT('',#14606);
#6865=VERTEX_POINT('',#14608);
#6866=VERTEX_POINT('',#14612);
#6867=VERTEX_POINT('',#14613);
#6868=VERTEX_POINT('',#14615);
#6869=VERTEX_POINT('',#14620);
#6870=VERTEX_POINT('',#14622);
#6871=VERTEX_POINT('',#14626);
#6872=VERTEX_POINT('',#14627);
#6873=VERTEX_POINT('',#14629);
#6874=VERTEX_POINT('',#14631);
#6875=VERTEX_POINT('',#14645);
#6876=VERTEX_POINT('',#14646);
#6877=VERTEX_POINT('',#14648);
#6878=VERTEX_POINT('',#14650);
#6879=VERTEX_POINT('',#14654);
#6880=VERTEX_POINT('',#14656);
#6881=VERTEX_POINT('',#14666);
#6882=VERTEX_POINT('',#14668);
#6883=VERTEX_POINT('',#14671);
#6884=VERTEX_POINT('',#14673);
#6885=VERTEX_POINT('',#14679);
#6886=VERTEX_POINT('',#14680);
#6887=VERTEX_POINT('',#14682);
#6888=VERTEX_POINT('',#14684);
#6889=VERTEX_POINT('',#14688);
#6890=VERTEX_POINT('',#14690);
#6891=VERTEX_POINT('',#14694);
#6892=VERTEX_POINT('',#14696);
#6893=VERTEX_POINT('',#14703);
#6894=VERTEX_POINT('',#14707);
#6895=VERTEX_POINT('',#14712);
#6896=VERTEX_POINT('',#14713);
#6897=VERTEX_POINT('',#14715);
#6898=VERTEX_POINT('',#14717);
#6899=VERTEX_POINT('',#14721);
#6900=VERTEX_POINT('',#14723);
#6901=VERTEX_POINT('',#14727);
#6902=VERTEX_POINT('',#14729);
#6903=VERTEX_POINT('',#14736);
#6904=VERTEX_POINT('',#14740);
#6905=VERTEX_POINT('',#14745);
#6906=VERTEX_POINT('',#14746);
#6907=VERTEX_POINT('',#14748);
#6908=VERTEX_POINT('',#14750);
#6909=VERTEX_POINT('',#14754);
#6910=VERTEX_POINT('',#14756);
#6911=VERTEX_POINT('',#14760);
#6912=VERTEX_POINT('',#14762);
#6913=VERTEX_POINT('',#14769);
#6914=VERTEX_POINT('',#14773);
#6915=VERTEX_POINT('',#14778);
#6916=VERTEX_POINT('',#14780);
#6917=VERTEX_POINT('',#14781);
#6918=VERTEX_POINT('',#14786);
#6919=VERTEX_POINT('',#14788);
#6920=VERTEX_POINT('',#14793);
#6921=VERTEX_POINT('',#14795);
#6922=VERTEX_POINT('',#14800);
#6923=VERTEX_POINT('',#14802);
#6924=VERTEX_POINT('',#14807);
#6925=VERTEX_POINT('',#14809);
#6926=VERTEX_POINT('',#14814);
#6927=VERTEX_POINT('',#14816);
#6928=VERTEX_POINT('',#14821);
#6929=VERTEX_POINT('',#14823);
#6930=VERTEX_POINT('',#14828);
#6931=VERTEX_POINT('',#14830);
#6932=VERTEX_POINT('',#14835);
#6933=VERTEX_POINT('',#14837);
#6934=VERTEX_POINT('',#14842);
#6935=VERTEX_POINT('',#14844);
#6936=VERTEX_POINT('',#14849);
#6937=VERTEX_POINT('',#14851);
#6938=VERTEX_POINT('',#14856);
#6939=VERTEX_POINT('',#14858);
#6940=VERTEX_POINT('',#14863);
#6941=VERTEX_POINT('',#14865);
#6942=VERTEX_POINT('',#14870);
#6943=VERTEX_POINT('',#14872);
#6944=VERTEX_POINT('',#14877);
#6945=VERTEX_POINT('',#14879);
#6946=VERTEX_POINT('',#14884);
#6947=VERTEX_POINT('',#14886);
#6948=VERTEX_POINT('',#14891);
#6949=VERTEX_POINT('',#14893);
#6950=VERTEX_POINT('',#14898);
#6951=VERTEX_POINT('',#14900);
#6952=VERTEX_POINT('',#14905);
#6953=VERTEX_POINT('',#14907);
#6954=VERTEX_POINT('',#14912);
#6955=VERTEX_POINT('',#14914);
#6956=VERTEX_POINT('',#14921);
#6957=VERTEX_POINT('',#14922);
#6958=VERTEX_POINT('',#14924);
#6959=VERTEX_POINT('',#14926);
#6960=VERTEX_POINT('',#14930);
#6961=VERTEX_POINT('',#14931);
#6962=VERTEX_POINT('',#14933);
#6963=VERTEX_POINT('',#14935);
#6964=VERTEX_POINT('',#14939);
#6965=VERTEX_POINT('',#14940);
#6966=VERTEX_POINT('',#14942);
#6967=VERTEX_POINT('',#14944);
#6968=VERTEX_POINT('',#14948);
#6969=VERTEX_POINT('',#14949);
#6970=VERTEX_POINT('',#14951);
#6971=VERTEX_POINT('',#14953);
#6972=VERTEX_POINT('',#14955);
#6973=VERTEX_POINT('',#14959);
#6974=VERTEX_POINT('',#14960);
#6975=VERTEX_POINT('',#14962);
#6976=VERTEX_POINT('',#14964);
#6977=VERTEX_POINT('',#14968);
#6978=VERTEX_POINT('',#14969);
#6979=VERTEX_POINT('',#14971);
#6980=VERTEX_POINT('',#14973);
#6981=VERTEX_POINT('',#14977);
#6982=VERTEX_POINT('',#14979);
#6983=VERTEX_POINT('',#14983);
#6984=VERTEX_POINT('',#14985);
#6985=VERTEX_POINT('',#14994);
#6986=VERTEX_POINT('',#14996);
#6987=VERTEX_POINT('',#15000);
#6988=VERTEX_POINT('',#15002);
#6989=VERTEX_POINT('',#15006);
#6990=VERTEX_POINT('',#15007);
#6991=VERTEX_POINT('',#15040);
#6992=VERTEX_POINT('',#15045);
#6993=VERTEX_POINT('',#15047);
#6994=VERTEX_POINT('',#15059);
#6995=VERTEX_POINT('',#15061);
#6996=VERTEX_POINT('',#15066);
#6997=VERTEX_POINT('',#15070);
#6998=VERTEX_POINT('',#15072);
#6999=VERTEX_POINT('',#15079);
#7000=VERTEX_POINT('',#15108);
#7001=VERTEX_POINT('',#15110);
#7002=VERTEX_POINT('',#15115);
#7003=VERTEX_POINT('',#15122);
#7004=VERTEX_POINT('',#15124);
#7005=VERTEX_POINT('',#15129);
#7006=VERTEX_POINT('',#15153);
#7007=VERTEX_POINT('',#15158);
#7008=VERTEX_POINT('',#15160);
#7009=VERTEX_POINT('',#15164);
#7010=VERTEX_POINT('',#15165);
#7011=VERTEX_POINT('',#15170);
#7012=VERTEX_POINT('',#15173);
#7013=VERTEX_POINT('',#15201);
#7014=VERTEX_POINT('',#15206);
#7015=VERTEX_POINT('',#15208);
#7016=VERTEX_POINT('',#15237);
#7017=VERTEX_POINT('',#15239);
#7018=VERTEX_POINT('',#15256);
#7019=VERTEX_POINT('',#15258);
#7020=VERTEX_POINT('',#15261);
#7021=VERTEX_POINT('',#15263);
#7022=VERTEX_POINT('',#15269);
#7023=VERTEX_POINT('',#15270);
#7024=VERTEX_POINT('',#15272);
#7025=VERTEX_POINT('',#15274);
#7026=VERTEX_POINT('',#15278);
#7027=VERTEX_POINT('',#15279);
#7028=VERTEX_POINT('',#15281);
#7029=VERTEX_POINT('',#15283);
#7030=VERTEX_POINT('',#15287);
#7031=VERTEX_POINT('',#15288);
#7032=VERTEX_POINT('',#15290);
#7033=VERTEX_POINT('',#15292);
#7034=VERTEX_POINT('',#15296);
#7035=VERTEX_POINT('',#15297);
#7036=VERTEX_POINT('',#15299);
#7037=VERTEX_POINT('',#15301);
#7038=VERTEX_POINT('',#15303);
#7039=VERTEX_POINT('',#15310);
#7040=VERTEX_POINT('',#15311);
#7041=VERTEX_POINT('',#15313);
#7042=VERTEX_POINT('',#15318);
#7043=VERTEX_POINT('',#15320);
#7044=VERTEX_POINT('',#15325);
#7045=VERTEX_POINT('',#15327);
#7046=VERTEX_POINT('',#15332);
#7047=VERTEX_POINT('',#15334);
#7048=VERTEX_POINT('',#15339);
#7049=VERTEX_POINT('',#15341);
#7050=VERTEX_POINT('',#15346);
#7051=VERTEX_POINT('',#15348);
#7052=VERTEX_POINT('',#15353);
#7053=VERTEX_POINT('',#15355);
#7054=VERTEX_POINT('',#15360);
#7055=VERTEX_POINT('',#15362);
#7056=VERTEX_POINT('',#15367);
#7057=VERTEX_POINT('',#15369);
#7058=VERTEX_POINT('',#15374);
#7059=VERTEX_POINT('',#15376);
#7060=VERTEX_POINT('',#15381);
#7061=VERTEX_POINT('',#15383);
#7062=VERTEX_POINT('',#15388);
#7063=VERTEX_POINT('',#15390);
#7064=VERTEX_POINT('',#15395);
#7065=VERTEX_POINT('',#15397);
#7066=VERTEX_POINT('',#15402);
#7067=VERTEX_POINT('',#15404);
#7068=VERTEX_POINT('',#15409);
#7069=VERTEX_POINT('',#15411);
#7070=VERTEX_POINT('',#15416);
#7071=VERTEX_POINT('',#15418);
#7072=VERTEX_POINT('',#15423);
#7073=VERTEX_POINT('',#15425);
#7074=VERTEX_POINT('',#15430);
#7075=VERTEX_POINT('',#15432);
#7076=VERTEX_POINT('',#15437);
#7077=VERTEX_POINT('',#15439);
#7078=VERTEX_POINT('',#15444);
#7079=VERTEX_POINT('',#15447);
#7080=VERTEX_POINT('',#15450);
#7081=VERTEX_POINT('',#15451);
#7082=VERTEX_POINT('',#15453);
#7083=VERTEX_POINT('',#15455);
#7084=VERTEX_POINT('',#15459);
#7085=VERTEX_POINT('',#15460);
#7086=VERTEX_POINT('',#15462);
#7087=VERTEX_POINT('',#15464);
#7088=VERTEX_POINT('',#15468);
#7089=VERTEX_POINT('',#15470);
#7090=VERTEX_POINT('',#15474);
#7091=VERTEX_POINT('',#15476);
#7092=VERTEX_POINT('',#15485);
#7093=VERTEX_POINT('',#15487);
#7094=VERTEX_POINT('',#15491);
#7095=VERTEX_POINT('',#15493);
#7096=VERTEX_POINT('',#15497);
#7097=VERTEX_POINT('',#15498);
#7098=VERTEX_POINT('',#15531);
#7099=VERTEX_POINT('',#15536);
#7100=VERTEX_POINT('',#15538);
#7101=VERTEX_POINT('',#15550);
#7102=VERTEX_POINT('',#15552);
#7103=VERTEX_POINT('',#15557);
#7104=VERTEX_POINT('',#15561);
#7105=VERTEX_POINT('',#15563);
#7106=VERTEX_POINT('',#15570);
#7107=VERTEX_POINT('',#15599);
#7108=VERTEX_POINT('',#15601);
#7109=VERTEX_POINT('',#15606);
#7110=VERTEX_POINT('',#15613);
#7111=VERTEX_POINT('',#15615);
#7112=VERTEX_POINT('',#15620);
#7113=VERTEX_POINT('',#15644);
#7114=VERTEX_POINT('',#15649);
#7115=VERTEX_POINT('',#15651);
#7116=VERTEX_POINT('',#15655);
#7117=VERTEX_POINT('',#15656);
#7118=VERTEX_POINT('',#15661);
#7119=VERTEX_POINT('',#15664);
#7120=VERTEX_POINT('',#15692);
#7121=VERTEX_POINT('',#15697);
#7122=VERTEX_POINT('',#15699);
#7123=VERTEX_POINT('',#15728);
#7124=VERTEX_POINT('',#15730);
#7125=VERTEX_POINT('',#15750);
#7126=VERTEX_POINT('',#15751);
#7127=VERTEX_POINT('',#15753);
#7128=VERTEX_POINT('',#15758);
#7129=VERTEX_POINT('',#15760);
#7130=VERTEX_POINT('',#15765);
#7131=VERTEX_POINT('',#15767);
#7132=VERTEX_POINT('',#15772);
#7133=VERTEX_POINT('',#15774);
#7134=VERTEX_POINT('',#15779);
#7135=VERTEX_POINT('',#15781);
#7136=VERTEX_POINT('',#15786);
#7137=VERTEX_POINT('',#15788);
#7138=VERTEX_POINT('',#15793);
#7139=VERTEX_POINT('',#15795);
#7140=VERTEX_POINT('',#15800);
#7141=VERTEX_POINT('',#15802);
#7142=VERTEX_POINT('',#15807);
#7143=VERTEX_POINT('',#15809);
#7144=VERTEX_POINT('',#15814);
#7145=VERTEX_POINT('',#15816);
#7146=VERTEX_POINT('',#15821);
#7147=VERTEX_POINT('',#15823);
#7148=VERTEX_POINT('',#15828);
#7149=VERTEX_POINT('',#15830);
#7150=VERTEX_POINT('',#15835);
#7151=VERTEX_POINT('',#15837);
#7152=VERTEX_POINT('',#15842);
#7153=VERTEX_POINT('',#15844);
#7154=VERTEX_POINT('',#15849);
#7155=VERTEX_POINT('',#15851);
#7156=VERTEX_POINT('',#15856);
#7157=VERTEX_POINT('',#15858);
#7158=VERTEX_POINT('',#15863);
#7159=VERTEX_POINT('',#15865);
#7160=VERTEX_POINT('',#15870);
#7161=VERTEX_POINT('',#15872);
#7162=VERTEX_POINT('',#15877);
#7163=VERTEX_POINT('',#15879);
#7164=VERTEX_POINT('',#15884);
#7165=VERTEX_POINT('',#15887);
#7166=VERTEX_POINT('',#15890);
#7167=VERTEX_POINT('',#15892);
#7168=VERTEX_POINT('',#15894);
#7169=VERTEX_POINT('',#15896);
#7170=VERTEX_POINT('',#15899);
#7171=VERTEX_POINT('',#15901);
#7172=VERTEX_POINT('',#15904);
#7173=VERTEX_POINT('',#15906);
#7174=VERTEX_POINT('',#15909);
#7175=VERTEX_POINT('',#15911);
#7176=VERTEX_POINT('',#15914);
#7177=VERTEX_POINT('',#15918);
#7178=VERTEX_POINT('',#15919);
#7179=VERTEX_POINT('',#15921);
#7180=VERTEX_POINT('',#15923);
#7181=VERTEX_POINT('',#15927);
#7182=VERTEX_POINT('',#15929);
#7183=VERTEX_POINT('',#15933);
#7184=VERTEX_POINT('',#15935);
#7185=VERTEX_POINT('',#15944);
#7186=VERTEX_POINT('',#15946);
#7187=VERTEX_POINT('',#15950);
#7188=VERTEX_POINT('',#15952);
#7189=VERTEX_POINT('',#15956);
#7190=VERTEX_POINT('',#15957);
#7191=VERTEX_POINT('',#15982);
#7192=VERTEX_POINT('',#15987);
#7193=VERTEX_POINT('',#15989);
#7194=VERTEX_POINT('',#16001);
#7195=VERTEX_POINT('',#16003);
#7196=VERTEX_POINT('',#16008);
#7197=VERTEX_POINT('',#16012);
#7198=VERTEX_POINT('',#16014);
#7199=VERTEX_POINT('',#16021);
#7200=VERTEX_POINT('',#16042);
#7201=VERTEX_POINT('',#16044);
#7202=VERTEX_POINT('',#16049);
#7203=VERTEX_POINT('',#16056);
#7204=VERTEX_POINT('',#16058);
#7205=VERTEX_POINT('',#16063);
#7206=VERTEX_POINT('',#16079);
#7207=VERTEX_POINT('',#16084);
#7208=VERTEX_POINT('',#16086);
#7209=VERTEX_POINT('',#16090);
#7210=VERTEX_POINT('',#16091);
#7211=VERTEX_POINT('',#16096);
#7212=VERTEX_POINT('',#16099);
#7213=VERTEX_POINT('',#16119);
#7214=VERTEX_POINT('',#16124);
#7215=VERTEX_POINT('',#16126);
#7216=VERTEX_POINT('',#16147);
#7217=VERTEX_POINT('',#16149);
#7218=VERTEX_POINT('',#16155);
#7219=VERTEX_POINT('',#16157);
#7220=VERTEX_POINT('',#16160);
#7221=VERTEX_POINT('',#16162);
#7222=VERTEX_POINT('',#16168);
#7223=VERTEX_POINT('',#16170);
#7224=VERTEX_POINT('',#16173);
#7225=VERTEX_POINT('',#16175);
#7226=VERTEX_POINT('',#16181);
#7227=VERTEX_POINT('',#16182);
#7228=VERTEX_POINT('',#16184);
#7229=VERTEX_POINT('',#16186);
#7230=VERTEX_POINT('',#16190);
#7231=VERTEX_POINT('',#16192);
#7232=VERTEX_POINT('',#16196);
#7233=VERTEX_POINT('',#16198);
#7234=VERTEX_POINT('',#16205);
#7235=VERTEX_POINT('',#16209);
#7236=VERTEX_POINT('',#16214);
#7237=VERTEX_POINT('',#16216);
#7238=VERTEX_POINT('',#16219);
#7239=VERTEX_POINT('',#16221);
#7240=VERTEX_POINT('',#16227);
#7241=VERTEX_POINT('',#16229);
#7242=VERTEX_POINT('',#16232);
#7243=VERTEX_POINT('',#16234);
#7244=B_SPLINE_CURVE_WITH_KNOTS('',3,(#12988,#12989,#12990,#12991),
 .UNSPECIFIED.,.F.,.F.,(4,4),(0.,0.000783607851989798),.UNSPECIFIED.);
#7245=B_SPLINE_CURVE_WITH_KNOTS('',3,(#12996,#12997,#12998,#12999),
 .UNSPECIFIED.,.F.,.F.,(4,4),(2.26446207231011E-16,0.000781562377073738),
 .UNSPECIFIED.);
#7246=B_SPLINE_CURVE_WITH_KNOTS('',3,(#13003,#13004,#13005,#13006),
 .UNSPECIFIED.,.F.,.F.,(4,4),(0.,0.000781551389541019),.UNSPECIFIED.);
#7247=B_SPLINE_CURVE_WITH_KNOTS('',3,(#13010,#13011,#13012,#13013),
 .UNSPECIFIED.,.F.,.F.,(4,4),(0.,0.000783627061013125),.UNSPECIFIED.);
#7248=B_SPLINE_CURVE_WITH_KNOTS('',3,(#13017,#13018,#13019,#13020),
 .UNSPECIFIED.,.F.,.F.,(4,4),(0.,0.000783607851989761),.UNSPECIFIED.);
#7249=B_SPLINE_CURVE_WITH_KNOTS('',3,(#13024,#13025,#13026,#13027),
 .UNSPECIFIED.,.F.,.F.,(4,4),(0.,0.0007815623770736),.UNSPECIFIED.);
#7250=B_SPLINE_CURVE_WITH_KNOTS('',3,(#13031,#13032,#13033,#13034),
 .UNSPECIFIED.,.F.,.F.,(4,4),(0.,0.000781551389540494),.UNSPECIFIED.);
#7251=B_SPLINE_CURVE_WITH_KNOTS('',3,(#13038,#13039,#13040,#13041),
 .UNSPECIFIED.,.F.,.F.,(4,4),(0.,0.000783627061012779),.UNSPECIFIED.);
#7252=B_SPLINE_CURVE_WITH_KNOTS('',3,(#13045,#13046,#13047,#13048),
 .UNSPECIFIED.,.F.,.F.,(4,4),(0.,0.000783607851989796),.UNSPECIFIED.);
#7253=B_SPLINE_CURVE_WITH_KNOTS('',3,(#13052,#13053,#13054,#13055),
 .UNSPECIFIED.,.F.,.F.,(4,4),(0.,0.000781562377073852),.UNSPECIFIED.);
#7254=B_SPLINE_CURVE_WITH_KNOTS('',3,(#13059,#13060,#13061,#13062),
 .UNSPECIFIED.,.F.,.F.,(4,4),(0.,0.000781551389540808),.UNSPECIFIED.);
#7255=B_SPLINE_CURVE_WITH_KNOTS('',3,(#13066,#13067,#13068,#13069),
 .UNSPECIFIED.,.F.,.F.,(4,4),(0.,0.00078362706101293),.UNSPECIFIED.);
#7256=B_SPLINE_CURVE_WITH_KNOTS('',3,(#13073,#13074,#13075,#13076),
 .UNSPECIFIED.,.F.,.F.,(4,4),(0.,0.000783607851989744),.UNSPECIFIED.);
#7257=B_SPLINE_CURVE_WITH_KNOTS('',3,(#13080,#13081,#13082,#13083),
 .UNSPECIFIED.,.F.,.F.,(4,4),(0.,0.000781562377073915),.UNSPECIFIED.);
#7258=B_SPLINE_CURVE_WITH_KNOTS('',3,(#13087,#13088,#13089,#13090),
 .UNSPECIFIED.,.F.,.F.,(4,4),(0.,0.000781551389540871),.UNSPECIFIED.);
#7259=B_SPLINE_CURVE_WITH_KNOTS('',3,(#13094,#13095,#13096,#13097),
 .UNSPECIFIED.,.F.,.F.,(4,4),(0.,0.00078362706101288),.UNSPECIFIED.);
#7260=B_SPLINE_CURVE_WITH_KNOTS('',3,(#13101,#13102,#13103,#13104),
 .UNSPECIFIED.,.F.,.F.,(4,4),(0.,0.000783607851989521),.UNSPECIFIED.);
#7261=B_SPLINE_CURVE_WITH_KNOTS('',3,(#13108,#13109,#13110,#13111),
 .UNSPECIFIED.,.F.,.F.,(4,4),(0.,0.000781562377073949),.UNSPECIFIED.);
#7262=B_SPLINE_CURVE_WITH_KNOTS('',3,(#13115,#13116,#13117,#13118),
 .UNSPECIFIED.,.F.,.F.,(4,4),(0.,0.000781551389540929),.UNSPECIFIED.);
#7263=B_SPLINE_CURVE_WITH_KNOTS('',3,(#13122,#13123,#13124,#13125),
 .UNSPECIFIED.,.F.,.F.,(4,4),(0.,0.000783627061012885),.UNSPECIFIED.);
#7264=B_SPLINE_CURVE_WITH_KNOTS('',3,(#13203,#13204,#13205,#13206),
 .UNSPECIFIED.,.F.,.F.,(4,4),(0.,0.000781410122785766),.UNSPECIFIED.);
#7265=B_SPLINE_CURVE_WITH_KNOTS('',3,(#13208,#13209,#13210,#13211),
 .UNSPECIFIED.,.F.,.F.,(4,4),(0.,0.000781412866621135),.UNSPECIFIED.);
#7266=B_SPLINE_CURVE_WITH_KNOTS('',3,(#13213,#13214,#13215,#13216),
 .UNSPECIFIED.,.F.,.F.,(4,4),(0.,0.000781141826626894),.UNSPECIFIED.);
#7267=B_SPLINE_CURVE_WITH_KNOTS('',3,(#13218,#13219,#13220,#13221),
 .UNSPECIFIED.,.F.,.F.,(4,4),(0.,0.00078114313973447),.UNSPECIFIED.);
#7268=B_SPLINE_CURVE_WITH_KNOTS('',3,(#13225,#13226,#13227,#13228),
 .UNSPECIFIED.,.F.,.F.,(4,4),(0.,0.000781143139734372),.UNSPECIFIED.);
#7269=B_SPLINE_CURVE_WITH_KNOTS('',3,(#13232,#13233,#13234,#13235),
 .UNSPECIFIED.,.F.,.F.,(4,4),(0.,0.000781141826626471),.UNSPECIFIED.);
#7270=B_SPLINE_CURVE_WITH_KNOTS('',3,(#13239,#13240,#13241,#13242),
 .UNSPECIFIED.,.F.,.F.,(4,4),(0.,0.000781412866621233),.UNSPECIFIED.);
#7271=B_SPLINE_CURVE_WITH_KNOTS('',3,(#13246,#13247,#13248,#13249),
 .UNSPECIFIED.,.F.,.F.,(4,4),(0.,0.000781410122786068),.UNSPECIFIED.);
#7272=B_SPLINE_CURVE_WITH_KNOTS('',3,(#13269,#13270,#13271,#13272),
 .UNSPECIFIED.,.F.,.F.,(4,4),(0.,0.000781141826626577),.UNSPECIFIED.);
#7273=B_SPLINE_CURVE_WITH_KNOTS('',3,(#13274,#13275,#13276,#13277),
 .UNSPECIFIED.,.F.,.F.,(4,4),(0.,0.000781143139734353),.UNSPECIFIED.);
#7274=B_SPLINE_CURVE_WITH_KNOTS('',3,(#13280,#13281,#13282,#13283),
 .UNSPECIFIED.,.F.,.F.,(4,4),(0.,0.000781412866621319),.UNSPECIFIED.);
#7275=B_SPLINE_CURVE_WITH_KNOTS('',3,(#13287,#13288,#13289,#13290),
 .UNSPECIFIED.,.F.,.F.,(4,4),(0.,0.000781410122785878),.UNSPECIFIED.);
#7276=B_SPLINE_CURVE_WITH_KNOTS('',3,(#13309,#13310,#13311,#13312),
 .UNSPECIFIED.,.F.,.F.,(4,4),(0.,0.000781410122786313),.UNSPECIFIED.);
#7277=B_SPLINE_CURVE_WITH_KNOTS('',3,(#13314,#13315,#13316,#13317),
 .UNSPECIFIED.,.F.,.F.,(4,4),(0.,0.000781412866621187),.UNSPECIFIED.);
#7278=B_SPLINE_CURVE_WITH_KNOTS('',3,(#13349,#13350,#13351,#13352),
 .UNSPECIFIED.,.F.,.F.,(4,4),(0.,0.000781412866621204),.UNSPECIFIED.);
#7279=B_SPLINE_CURVE_WITH_KNOTS('',3,(#13354,#13355,#13356,#13357),
 .UNSPECIFIED.,.F.,.F.,(4,4),(0.,0.00078141012278588),.UNSPECIFIED.);
#7280=B_SPLINE_CURVE_WITH_KNOTS('',3,(#13362,#13363,#13364,#13365),
 .UNSPECIFIED.,.F.,.F.,(4,4),(0.,0.000781143139734463),.UNSPECIFIED.);
#7281=B_SPLINE_CURVE_WITH_KNOTS('',3,(#13369,#13370,#13371,#13372),
 .UNSPECIFIED.,.F.,.F.,(4,4),(0.,0.000781141826626827),.UNSPECIFIED.);
#7282=B_SPLINE_CURVE_WITH_KNOTS('',3,(#14782,#14783,#14784,#14785),
 .UNSPECIFIED.,.F.,.F.,(4,4),(0.000462058353862291,0.000781562377073916),
 .UNSPECIFIED.);
#7283=B_SPLINE_CURVE_WITH_KNOTS('',3,(#14789,#14790,#14791,#14792),
 .UNSPECIFIED.,.F.,.F.,(4,4),(0.,0.000781551389540871),.UNSPECIFIED.);
#7284=B_SPLINE_CURVE_WITH_KNOTS('',3,(#14796,#14797,#14798,#14799),
 .UNSPECIFIED.,.F.,.F.,(4,4),(0.,0.000783627061012887),.UNSPECIFIED.);
#7285=B_SPLINE_CURVE_WITH_KNOTS('',3,(#14803,#14804,#14805,#14806),
 .UNSPECIFIED.,.F.,.F.,(4,4),(0.,0.000320390840380136),.UNSPECIFIED.);
#7286=B_SPLINE_CURVE_WITH_KNOTS('',3,(#14810,#14811,#14812,#14813),
 .UNSPECIFIED.,.F.,.F.,(4,4),(0.000462058353862431,0.000781562377073955),
 .UNSPECIFIED.);
#7287=B_SPLINE_CURVE_WITH_KNOTS('',3,(#14817,#14818,#14819,#14820),
 .UNSPECIFIED.,.F.,.F.,(4,4),(0.,0.00078155138954091),.UNSPECIFIED.);
#7288=B_SPLINE_CURVE_WITH_KNOTS('',3,(#14824,#14825,#14826,#14827),
 .UNSPECIFIED.,.F.,.F.,(4,4),(0.,0.000783627061012887),.UNSPECIFIED.);
#7289=B_SPLINE_CURVE_WITH_KNOTS('',3,(#14831,#14832,#14833,#14834),
 .UNSPECIFIED.,.F.,.F.,(4,4),(0.,0.0003203908403803),.UNSPECIFIED.);
#7290=B_SPLINE_CURVE_WITH_KNOTS('',3,(#14838,#14839,#14840,#14841),
 .UNSPECIFIED.,.F.,.F.,(4,4),(0.000462058353862244,0.000781562377073722),
 .UNSPECIFIED.);
#7291=B_SPLINE_CURVE_WITH_KNOTS('',3,(#14845,#14846,#14847,#14848),
 .UNSPECIFIED.,.F.,.F.,(4,4),(0.,0.00078155138954099),.UNSPECIFIED.);
#7292=B_SPLINE_CURVE_WITH_KNOTS('',3,(#14852,#14853,#14854,#14855),
 .UNSPECIFIED.,.F.,.F.,(4,4),(0.,0.000783627061013121),.UNSPECIFIED.);
#7293=B_SPLINE_CURVE_WITH_KNOTS('',3,(#14859,#14860,#14861,#14862),
 .UNSPECIFIED.,.F.,.F.,(4,4),(0.,0.000320390840380307),.UNSPECIFIED.);
#7294=B_SPLINE_CURVE_WITH_KNOTS('',3,(#14866,#14867,#14868,#14869),
 .UNSPECIFIED.,.F.,.F.,(4,4),(0.000462058353862007,0.000781562377073602),
 .UNSPECIFIED.);
#7295=B_SPLINE_CURVE_WITH_KNOTS('',3,(#14873,#14874,#14875,#14876),
 .UNSPECIFIED.,.F.,.F.,(4,4),(0.,0.00078155138954049),.UNSPECIFIED.);
#7296=B_SPLINE_CURVE_WITH_KNOTS('',3,(#14880,#14881,#14882,#14883),
 .UNSPECIFIED.,.F.,.F.,(4,4),(0.,0.000783627061012772),.UNSPECIFIED.);
#7297=B_SPLINE_CURVE_WITH_KNOTS('',3,(#14887,#14888,#14889,#14890),
 .UNSPECIFIED.,.F.,.F.,(4,4),(0.,0.000320390840380255),.UNSPECIFIED.);
#7298=B_SPLINE_CURVE_WITH_KNOTS('',3,(#14894,#14895,#14896,#14897),
 .UNSPECIFIED.,.F.,.F.,(4,4),(0.000462058353862287,0.000781562377073814),
 .UNSPECIFIED.);
#7299=B_SPLINE_CURVE_WITH_KNOTS('',3,(#14901,#14902,#14903,#14904),
 .UNSPECIFIED.,.F.,.F.,(4,4),(0.,0.000781551389540797),.UNSPECIFIED.);
#7300=B_SPLINE_CURVE_WITH_KNOTS('',3,(#14908,#14909,#14910,#14911),
 .UNSPECIFIED.,.F.,.F.,(4,4),(0.,0.00078362706101291),.UNSPECIFIED.);
#7301=B_SPLINE_CURVE_WITH_KNOTS('',3,(#14915,#14916,#14917,#14918),
 .UNSPECIFIED.,.F.,.F.,(4,4),(0.,0.000320390840380258),.UNSPECIFIED.);
#7302=B_SPLINE_CURVE_WITH_KNOTS('',3,(#15011,#15012,#15013,#15014),
 .UNSPECIFIED.,.F.,.F.,(4,4),(0.,0.000781410122785753),.UNSPECIFIED.);
#7303=B_SPLINE_CURVE_WITH_KNOTS('',3,(#15016,#15017,#15018,#15019),
 .UNSPECIFIED.,.F.,.F.,(4,4),(0.,0.000781412866621151),.UNSPECIFIED.);
#7304=B_SPLINE_CURVE_WITH_KNOTS('',3,(#15020,#15021,#15022,#15023),
 .UNSPECIFIED.,.F.,.F.,(4,4),(0.000320390840380307,0.000783607851989715),
 .UNSPECIFIED.);
#7305=B_SPLINE_CURVE_WITH_KNOTS('',3,(#15025,#15026,#15027,#15028),
 .UNSPECIFIED.,.F.,.F.,(4,4),(2.27936327765856E-16,0.000462058353862244),
 .UNSPECIFIED.);
#7306=B_SPLINE_CURVE_WITH_KNOTS('',3,(#15029,#15030,#15031,#15032),
 .UNSPECIFIED.,.F.,.F.,(4,4),(0.,0.000781141826626842),.UNSPECIFIED.);
#7307=B_SPLINE_CURVE_WITH_KNOTS('',3,(#15034,#15035,#15036,#15037),
 .UNSPECIFIED.,.F.,.F.,(4,4),(0.,0.000781143139734411),.UNSPECIFIED.);
#7308=B_SPLINE_CURVE_WITH_KNOTS('',3,(#15041,#15042,#15043,#15044),
 .UNSPECIFIED.,.F.,.F.,(4,4),(0.,0.000781143139734371),.UNSPECIFIED.);
#7309=B_SPLINE_CURVE_WITH_KNOTS('',3,(#15048,#15049,#15050,#15051),
 .UNSPECIFIED.,.F.,.F.,(4,4),(0.,0.00078114182662647),.UNSPECIFIED.);
#7310=B_SPLINE_CURVE_WITH_KNOTS('',3,(#15055,#15056,#15057,#15058),
 .UNSPECIFIED.,.F.,.F.,(4,4),(0.,0.00078141286662119),.UNSPECIFIED.);
#7311=B_SPLINE_CURVE_WITH_KNOTS('',3,(#15062,#15063,#15064,#15065),
 .UNSPECIFIED.,.F.,.F.,(4,4),(0.,0.000781410122786097),.UNSPECIFIED.);
#7312=B_SPLINE_CURVE_WITH_KNOTS('',3,(#15084,#15085,#15086,#15087),
 .UNSPECIFIED.,.F.,.F.,(4,4),(0.0003203908403803,0.00078360785198986),
 .UNSPECIFIED.);
#7313=B_SPLINE_CURVE_WITH_KNOTS('',3,(#15089,#15090,#15091,#15092),
 .UNSPECIFIED.,.F.,.F.,(4,4),(0.,0.000462058353862431),.UNSPECIFIED.);
#7314=B_SPLINE_CURVE_WITH_KNOTS('',3,(#15093,#15094,#15095,#15096),
 .UNSPECIFIED.,.F.,.F.,(4,4),(0.,0.000781141826626573),.UNSPECIFIED.);
#7315=B_SPLINE_CURVE_WITH_KNOTS('',3,(#15098,#15099,#15100,#15101),
 .UNSPECIFIED.,.F.,.F.,(4,4),(0.,0.000781143139734324),.UNSPECIFIED.);
#7316=B_SPLINE_CURVE_WITH_KNOTS('',3,(#15104,#15105,#15106,#15107),
 .UNSPECIFIED.,.F.,.F.,(4,4),(0.,0.000781412866621321),.UNSPECIFIED.);
#7317=B_SPLINE_CURVE_WITH_KNOTS('',3,(#15111,#15112,#15113,#15114),
 .UNSPECIFIED.,.F.,.F.,(4,4),(0.,0.000781410122785881),.UNSPECIFIED.);
#7318=B_SPLINE_CURVE_WITH_KNOTS('',3,(#15133,#15134,#15135,#15136),
 .UNSPECIFIED.,.F.,.F.,(4,4),(0.,0.00078141012278631),.UNSPECIFIED.);
#7319=B_SPLINE_CURVE_WITH_KNOTS('',3,(#15138,#15139,#15140,#15141),
 .UNSPECIFIED.,.F.,.F.,(4,4),(1.0842021724855E-18,0.000781412866621209),
 .UNSPECIFIED.);
#7320=B_SPLINE_CURVE_WITH_KNOTS('',3,(#15142,#15143,#15144,#15145),
 .UNSPECIFIED.,.F.,.F.,(4,4),(0.000320390840380255,0.000783607851989802),
 .UNSPECIFIED.);
#7321=B_SPLINE_CURVE_WITH_KNOTS('',3,(#15147,#15148,#15149,#15150),
 .UNSPECIFIED.,.F.,.F.,(4,4),(0.,0.000462058353862007),.UNSPECIFIED.);
#7322=B_SPLINE_CURVE_WITH_KNOTS('',3,(#15178,#15179,#15180,#15181),
 .UNSPECIFIED.,.F.,.F.,(4,4),(1.04083408558608E-17,0.000462058353862287),
 .UNSPECIFIED.);
#7323=B_SPLINE_CURVE_WITH_KNOTS('',3,(#15185,#15186,#15187,#15188),
 .UNSPECIFIED.,.F.,.F.,(4,4),(0.,0.000781412866621181),.UNSPECIFIED.);
#7324=B_SPLINE_CURVE_WITH_KNOTS('',3,(#15189,#15190,#15191,#15192),
 .UNSPECIFIED.,.F.,.F.,(4,4),(0.,0.00046340393254142),.UNSPECIFIED.);
#7325=B_SPLINE_CURVE_WITH_KNOTS('',3,(#15194,#15195,#15196,#15197),
 .UNSPECIFIED.,.F.,.F.,(4,4),(0.,0.000781410122785926),.UNSPECIFIED.);
#7326=B_SPLINE_CURVE_WITH_KNOTS('',3,(#15202,#15203,#15204,#15205),
 .UNSPECIFIED.,.F.,.F.,(4,4),(0.,0.000781143139734461),.UNSPECIFIED.);
#7327=B_SPLINE_CURVE_WITH_KNOTS('',3,(#15209,#15210,#15211,#15212),
 .UNSPECIFIED.,.F.,.F.,(4,4),(0.,0.000781141826626836),.UNSPECIFIED.);
#7328=B_SPLINE_CURVE_WITH_KNOTS('',3,(#15226,#15227,#15228,#15229),
 .UNSPECIFIED.,.F.,.F.,(4,4),(0.000320390840380136,0.000783607851989515),
 .UNSPECIFIED.);
#7329=B_SPLINE_CURVE_WITH_KNOTS('',3,(#15231,#15232,#15233,#15234),
 .UNSPECIFIED.,.F.,.F.,(4,4),(0.,0.000462058353862291),.UNSPECIFIED.);
#7330=B_SPLINE_CURVE_WITH_KNOTS('',3,(#15306,#15307,#15308,#15309),
 .UNSPECIFIED.,.F.,.F.,(4,4),(0.,0.000320390840380319),.UNSPECIFIED.);
#7331=B_SPLINE_CURVE_WITH_KNOTS('',3,(#15314,#15315,#15316,#15317),
 .UNSPECIFIED.,.F.,.F.,(4,4),(0.000462058353862261,0.00078156237707373),
 .UNSPECIFIED.);
#7332=B_SPLINE_CURVE_WITH_KNOTS('',3,(#15321,#15322,#15323,#15324),
 .UNSPECIFIED.,.F.,.F.,(4,4),(0.,0.000781551389541009),.UNSPECIFIED.);
#7333=B_SPLINE_CURVE_WITH_KNOTS('',3,(#15328,#15329,#15330,#15331),
 .UNSPECIFIED.,.F.,.F.,(4,4),(0.,0.00078362706101312),.UNSPECIFIED.);
#7334=B_SPLINE_CURVE_WITH_KNOTS('',3,(#15335,#15336,#15337,#15338),
 .UNSPECIFIED.,.F.,.F.,(4,4),(0.,0.000320390840380306),.UNSPECIFIED.);
#7335=B_SPLINE_CURVE_WITH_KNOTS('',3,(#15342,#15343,#15344,#15345),
 .UNSPECIFIED.,.F.,.F.,(4,4),(0.000462058353861997,0.000781562377073599),
 .UNSPECIFIED.);
#7336=B_SPLINE_CURVE_WITH_KNOTS('',3,(#15349,#15350,#15351,#15352),
 .UNSPECIFIED.,.F.,.F.,(4,4),(0.,0.000781551389540487),.UNSPECIFIED.);
#7337=B_SPLINE_CURVE_WITH_KNOTS('',3,(#15356,#15357,#15358,#15359),
 .UNSPECIFIED.,.F.,.F.,(4,4),(0.,0.000783627061012757),.UNSPECIFIED.);
#7338=B_SPLINE_CURVE_WITH_KNOTS('',3,(#15363,#15364,#15365,#15366),
 .UNSPECIFIED.,.F.,.F.,(4,4),(0.,0.00032039084038026),.UNSPECIFIED.);
#7339=B_SPLINE_CURVE_WITH_KNOTS('',3,(#15370,#15371,#15372,#15373),
 .UNSPECIFIED.,.F.,.F.,(4,4),(0.000462058353862285,0.000781562377073817),
 .UNSPECIFIED.);
#7340=B_SPLINE_CURVE_WITH_KNOTS('',3,(#15377,#15378,#15379,#15380),
 .UNSPECIFIED.,.F.,.F.,(4,4),(0.,0.000781551389540832),.UNSPECIFIED.);
#7341=B_SPLINE_CURVE_WITH_KNOTS('',3,(#15384,#15385,#15386,#15387),
 .UNSPECIFIED.,.F.,.F.,(4,4),(0.,0.000783627061012928),.UNSPECIFIED.);
#7342=B_SPLINE_CURVE_WITH_KNOTS('',3,(#15391,#15392,#15393,#15394),
 .UNSPECIFIED.,.F.,.F.,(4,4),(0.,0.000320390840380277),.UNSPECIFIED.);
#7343=B_SPLINE_CURVE_WITH_KNOTS('',3,(#15398,#15399,#15400,#15401),
 .UNSPECIFIED.,.F.,.F.,(4,4),(0.000462058353862295,0.000781562377073918),
 .UNSPECIFIED.);
#7344=B_SPLINE_CURVE_WITH_KNOTS('',3,(#15405,#15406,#15407,#15408),
 .UNSPECIFIED.,.F.,.F.,(4,4),(0.,0.00078155138954086),.UNSPECIFIED.);
#7345=B_SPLINE_CURVE_WITH_KNOTS('',3,(#15412,#15413,#15414,#15415),
 .UNSPECIFIED.,.F.,.F.,(4,4),(0.,0.00078362706101289),.UNSPECIFIED.);
#7346=B_SPLINE_CURVE_WITH_KNOTS('',3,(#15419,#15420,#15421,#15422),
 .UNSPECIFIED.,.F.,.F.,(4,4),(0.,0.000320390840380136),.UNSPECIFIED.);
#7347=B_SPLINE_CURVE_WITH_KNOTS('',3,(#15426,#15427,#15428,#15429),
 .UNSPECIFIED.,.F.,.F.,(4,4),(0.00046205835386244,0.000781562377073951),
 .UNSPECIFIED.);
#7348=B_SPLINE_CURVE_WITH_KNOTS('',3,(#15433,#15434,#15435,#15436),
 .UNSPECIFIED.,.F.,.F.,(4,4),(0.,0.000781551389540923),.UNSPECIFIED.);
#7349=B_SPLINE_CURVE_WITH_KNOTS('',3,(#15440,#15441,#15442,#15443),
 .UNSPECIFIED.,.F.,.F.,(4,4),(0.,0.000783627061012891),.UNSPECIFIED.);
#7350=B_SPLINE_CURVE_WITH_KNOTS('',3,(#15502,#15503,#15504,#15505),
 .UNSPECIFIED.,.F.,.F.,(4,4),(0.,0.00078141012278577),.UNSPECIFIED.);
#7351=B_SPLINE_CURVE_WITH_KNOTS('',3,(#15507,#15508,#15509,#15510),
 .UNSPECIFIED.,.F.,.F.,(4,4),(0.,0.000781412866621158),.UNSPECIFIED.);
#7352=B_SPLINE_CURVE_WITH_KNOTS('',3,(#15511,#15512,#15513,#15514),
 .UNSPECIFIED.,.F.,.F.,(4,4),(0.000320390840380306,0.000783607851989722),
 .UNSPECIFIED.);
#7353=B_SPLINE_CURVE_WITH_KNOTS('',3,(#15516,#15517,#15518,#15519),
 .UNSPECIFIED.,.F.,.F.,(4,4),(2.26446207231011E-16,0.000462058353862261),
 .UNSPECIFIED.);
#7354=B_SPLINE_CURVE_WITH_KNOTS('',3,(#15520,#15521,#15522,#15523),
 .UNSPECIFIED.,.F.,.F.,(4,4),(0.,0.000781141826626883),.UNSPECIFIED.);
#7355=B_SPLINE_CURVE_WITH_KNOTS('',3,(#15525,#15526,#15527,#15528),
 .UNSPECIFIED.,.F.,.F.,(4,4),(5.05159101305033E-17,0.000781143139734422),
 .UNSPECIFIED.);
#7356=B_SPLINE_CURVE_WITH_KNOTS('',3,(#15532,#15533,#15534,#15535),
 .UNSPECIFIED.,.F.,.F.,(4,4),(0.,0.00078114313973437),.UNSPECIFIED.);
#7357=B_SPLINE_CURVE_WITH_KNOTS('',3,(#15539,#15540,#15541,#15542),
 .UNSPECIFIED.,.F.,.F.,(4,4),(0.,0.000781141826626467),.UNSPECIFIED.);
#7358=B_SPLINE_CURVE_WITH_KNOTS('',3,(#15546,#15547,#15548,#15549),
 .UNSPECIFIED.,.F.,.F.,(4,4),(0.,0.000781412866621159),.UNSPECIFIED.);
#7359=B_SPLINE_CURVE_WITH_KNOTS('',3,(#15553,#15554,#15555,#15556),
 .UNSPECIFIED.,.F.,.F.,(4,4),(0.,0.000781410122786088),.UNSPECIFIED.);
#7360=B_SPLINE_CURVE_WITH_KNOTS('',3,(#15575,#15576,#15577,#15578),
 .UNSPECIFIED.,.F.,.F.,(4,4),(0.000320390840380319,0.00078360785198991),
 .UNSPECIFIED.);
#7361=B_SPLINE_CURVE_WITH_KNOTS('',3,(#15580,#15581,#15582,#15583),
 .UNSPECIFIED.,.F.,.F.,(4,4),(0.,0.00046205835386244),.UNSPECIFIED.);
#7362=B_SPLINE_CURVE_WITH_KNOTS('',3,(#15584,#15585,#15586,#15587),
 .UNSPECIFIED.,.F.,.F.,(4,4),(0.,0.000781141826626602),.UNSPECIFIED.);
#7363=B_SPLINE_CURVE_WITH_KNOTS('',3,(#15589,#15590,#15591,#15592),
 .UNSPECIFIED.,.F.,.F.,(4,4),(0.,0.000781143139734326),.UNSPECIFIED.);
#7364=B_SPLINE_CURVE_WITH_KNOTS('',3,(#15595,#15596,#15597,#15598),
 .UNSPECIFIED.,.F.,.F.,(4,4),(0.,0.000781412866621321),.UNSPECIFIED.);
#7365=B_SPLINE_CURVE_WITH_KNOTS('',3,(#15602,#15603,#15604,#15605),
 .UNSPECIFIED.,.F.,.F.,(4,4),(0.,0.000781410122785881),.UNSPECIFIED.);
#7366=B_SPLINE_CURVE_WITH_KNOTS('',3,(#15624,#15625,#15626,#15627),
 .UNSPECIFIED.,.F.,.F.,(4,4),(0.,0.000781410122786335),.UNSPECIFIED.);
#7367=B_SPLINE_CURVE_WITH_KNOTS('',3,(#15629,#15630,#15631,#15632),
 .UNSPECIFIED.,.F.,.F.,(4,4),(0.,0.000781412866621189),.UNSPECIFIED.);
#7368=B_SPLINE_CURVE_WITH_KNOTS('',3,(#15633,#15634,#15635,#15636),
 .UNSPECIFIED.,.F.,.F.,(4,4),(0.00032039084038026,0.00078360785198981),
 .UNSPECIFIED.);
#7369=B_SPLINE_CURVE_WITH_KNOTS('',3,(#15638,#15639,#15640,#15641),
 .UNSPECIFIED.,.F.,.F.,(4,4),(0.,0.000462058353861997),.UNSPECIFIED.);
#7370=B_SPLINE_CURVE_WITH_KNOTS('',3,(#15669,#15670,#15671,#15672),
 .UNSPECIFIED.,.F.,.F.,(4,4),(0.,0.000462058353862285),.UNSPECIFIED.);
#7371=B_SPLINE_CURVE_WITH_KNOTS('',3,(#15676,#15677,#15678,#15679),
 .UNSPECIFIED.,.F.,.F.,(4,4),(0.,0.000781412866621199),.UNSPECIFIED.);
#7372=B_SPLINE_CURVE_WITH_KNOTS('',3,(#15680,#15681,#15682,#15683),
 .UNSPECIFIED.,.F.,.F.,(4,4),(0.,0.000463425036356156),.UNSPECIFIED.);
#7373=B_SPLINE_CURVE_WITH_KNOTS('',3,(#15685,#15686,#15687,#15688),
 .UNSPECIFIED.,.F.,.F.,(4,4),(0.,0.000781410122785891),.UNSPECIFIED.);
#7374=B_SPLINE_CURVE_WITH_KNOTS('',3,(#15693,#15694,#15695,#15696),
 .UNSPECIFIED.,.F.,.F.,(4,4),(0.,0.000781143139734457),.UNSPECIFIED.);
#7375=B_SPLINE_CURVE_WITH_KNOTS('',3,(#15700,#15701,#15702,#15703),
 .UNSPECIFIED.,.F.,.F.,(4,4),(0.,0.000781141826626834),.UNSPECIFIED.);
#7376=B_SPLINE_CURVE_WITH_KNOTS('',3,(#15717,#15718,#15719,#15720),
 .UNSPECIFIED.,.F.,.F.,(4,4),(0.000320390840380136,0.000783607851989515),
 .UNSPECIFIED.);
#7377=B_SPLINE_CURVE_WITH_KNOTS('',3,(#15722,#15723,#15724,#15725),
 .UNSPECIFIED.,.F.,.F.,(4,4),(0.,0.000462058353862295),.UNSPECIFIED.);
#7378=B_SPLINE_CURVE_WITH_KNOTS('',3,(#15746,#15747,#15748,#15749),
 .UNSPECIFIED.,.F.,.F.,(4,4),(0.,0.000783607851989802),.UNSPECIFIED.);
#7379=B_SPLINE_CURVE_WITH_KNOTS('',3,(#15754,#15755,#15756,#15757),
 .UNSPECIFIED.,.F.,.F.,(4,4),(2.26446207231011E-16,0.000781562377073732),
 .UNSPECIFIED.);
#7380=B_SPLINE_CURVE_WITH_KNOTS('',3,(#15761,#15762,#15763,#15764),
 .UNSPECIFIED.,.F.,.F.,(4,4),(0.,0.000781551389541066),.UNSPECIFIED.);
#7381=B_SPLINE_CURVE_WITH_KNOTS('',3,(#15768,#15769,#15770,#15771),
 .UNSPECIFIED.,.F.,.F.,(4,4),(0.,0.000783627061013169),.UNSPECIFIED.);
#7382=B_SPLINE_CURVE_WITH_KNOTS('',3,(#15775,#15776,#15777,#15778),
 .UNSPECIFIED.,.F.,.F.,(4,4),(0.,0.000783607851989731),.UNSPECIFIED.);
#7383=B_SPLINE_CURVE_WITH_KNOTS('',3,(#15782,#15783,#15784,#15785),
 .UNSPECIFIED.,.F.,.F.,(4,4),(0.,0.000781562377073601),.UNSPECIFIED.);
#7384=B_SPLINE_CURVE_WITH_KNOTS('',3,(#15789,#15790,#15791,#15792),
 .UNSPECIFIED.,.F.,.F.,(4,4),(0.,0.000781551389540491),.UNSPECIFIED.);
#7385=B_SPLINE_CURVE_WITH_KNOTS('',3,(#15796,#15797,#15798,#15799),
 .UNSPECIFIED.,.F.,.F.,(4,4),(0.,0.000783627061012785),.UNSPECIFIED.);
#7386=B_SPLINE_CURVE_WITH_KNOTS('',3,(#15803,#15804,#15805,#15806),
 .UNSPECIFIED.,.F.,.F.,(4,4),(0.,0.000783607851989792),.UNSPECIFIED.);
#7387=B_SPLINE_CURVE_WITH_KNOTS('',3,(#15810,#15811,#15812,#15813),
 .UNSPECIFIED.,.F.,.F.,(4,4),(0.,0.000781562377073852),.UNSPECIFIED.);
#7388=B_SPLINE_CURVE_WITH_KNOTS('',3,(#15817,#15818,#15819,#15820),
 .UNSPECIFIED.,.F.,.F.,(4,4),(0.,0.000781551389540793),.UNSPECIFIED.);
#7389=B_SPLINE_CURVE_WITH_KNOTS('',3,(#15824,#15825,#15826,#15827),
 .UNSPECIFIED.,.F.,.F.,(4,4),(0.,0.000783627061012925),.UNSPECIFIED.);
#7390=B_SPLINE_CURVE_WITH_KNOTS('',3,(#15831,#15832,#15833,#15834),
 .UNSPECIFIED.,.F.,.F.,(4,4),(0.,0.000783607851989753),.UNSPECIFIED.);
#7391=B_SPLINE_CURVE_WITH_KNOTS('',3,(#15838,#15839,#15840,#15841),
 .UNSPECIFIED.,.F.,.F.,(4,4),(0.,0.000781562377073914),.UNSPECIFIED.);
#7392=B_SPLINE_CURVE_WITH_KNOTS('',3,(#15845,#15846,#15847,#15848),
 .UNSPECIFIED.,.F.,.F.,(4,4),(0.,0.000781551389540872),.UNSPECIFIED.);
#7393=B_SPLINE_CURVE_WITH_KNOTS('',3,(#15852,#15853,#15854,#15855),
 .UNSPECIFIED.,.F.,.F.,(4,4),(0.,0.000783627061012883),.UNSPECIFIED.);
#7394=B_SPLINE_CURVE_WITH_KNOTS('',3,(#15859,#15860,#15861,#15862),
 .UNSPECIFIED.,.F.,.F.,(4,4),(0.,0.000783607851989519),.UNSPECIFIED.);
#7395=B_SPLINE_CURVE_WITH_KNOTS('',3,(#15866,#15867,#15868,#15869),
 .UNSPECIFIED.,.F.,.F.,(4,4),(0.,0.000781562377073958),.UNSPECIFIED.);
#7396=B_SPLINE_CURVE_WITH_KNOTS('',3,(#15873,#15874,#15875,#15876),
 .UNSPECIFIED.,.F.,.F.,(4,4),(0.,0.000781551389540886),.UNSPECIFIED.);
#7397=B_SPLINE_CURVE_WITH_KNOTS('',3,(#15880,#15881,#15882,#15883),
 .UNSPECIFIED.,.F.,.F.,(4,4),(0.,0.000783627061012887),.UNSPECIFIED.);
#7398=B_SPLINE_CURVE_WITH_KNOTS('',3,(#15961,#15962,#15963,#15964),
 .UNSPECIFIED.,.F.,.F.,(4,4),(0.,0.000781410122785761),.UNSPECIFIED.);
#7399=B_SPLINE_CURVE_WITH_KNOTS('',3,(#15966,#15967,#15968,#15969),
 .UNSPECIFIED.,.F.,.F.,(4,4),(0.,0.000781412866621172),.UNSPECIFIED.);
#7400=B_SPLINE_CURVE_WITH_KNOTS('',3,(#15971,#15972,#15973,#15974),
 .UNSPECIFIED.,.F.,.F.,(4,4),(0.,0.000781141826626882),.UNSPECIFIED.);
#7401=B_SPLINE_CURVE_WITH_KNOTS('',3,(#15976,#15977,#15978,#15979),
 .UNSPECIFIED.,.F.,.F.,(4,4),(0.,0.000781143139734392),.UNSPECIFIED.);
#7402=B_SPLINE_CURVE_WITH_KNOTS('',3,(#15983,#15984,#15985,#15986),
 .UNSPECIFIED.,.F.,.F.,(4,4),(0.,0.00078114313973437),.UNSPECIFIED.);
#7403=B_SPLINE_CURVE_WITH_KNOTS('',3,(#15990,#15991,#15992,#15993),
 .UNSPECIFIED.,.F.,.F.,(4,4),(0.,0.000781141826626467),.UNSPECIFIED.);
#7404=B_SPLINE_CURVE_WITH_KNOTS('',3,(#15997,#15998,#15999,#16000),
 .UNSPECIFIED.,.F.,.F.,(4,4),(0.,0.000781412866621234),.UNSPECIFIED.);
#7405=B_SPLINE_CURVE_WITH_KNOTS('',3,(#16004,#16005,#16006,#16007),
 .UNSPECIFIED.,.F.,.F.,(4,4),(0.,0.00078141012278615),.UNSPECIFIED.);
#7406=B_SPLINE_CURVE_WITH_KNOTS('',3,(#16027,#16028,#16029,#16030),
 .UNSPECIFIED.,.F.,.F.,(4,4),(0.,0.000781141826626572),.UNSPECIFIED.);
#7407=B_SPLINE_CURVE_WITH_KNOTS('',3,(#16032,#16033,#16034,#16035),
 .UNSPECIFIED.,.F.,.F.,(4,4),(0.,0.00078114313973436),.UNSPECIFIED.);
#7408=B_SPLINE_CURVE_WITH_KNOTS('',3,(#16038,#16039,#16040,#16041),
 .UNSPECIFIED.,.F.,.F.,(4,4),(0.,0.000781412866621318),.UNSPECIFIED.);
#7409=B_SPLINE_CURVE_WITH_KNOTS('',3,(#16045,#16046,#16047,#16048),
 .UNSPECIFIED.,.F.,.F.,(4,4),(0.,0.000781410122785883),.UNSPECIFIED.);
#7410=B_SPLINE_CURVE_WITH_KNOTS('',3,(#16067,#16068,#16069,#16070),
 .UNSPECIFIED.,.F.,.F.,(4,4),(0.,0.000781410122786289),.UNSPECIFIED.);
#7411=B_SPLINE_CURVE_WITH_KNOTS('',3,(#16072,#16073,#16074,#16075),
 .UNSPECIFIED.,.F.,.F.,(4,4),(0.,0.000781412866621199),.UNSPECIFIED.);
#7412=B_SPLINE_CURVE_WITH_KNOTS('',3,(#16107,#16108,#16109,#16110),
 .UNSPECIFIED.,.F.,.F.,(4,4),(0.,0.000781412866621199),.UNSPECIFIED.);
#7413=B_SPLINE_CURVE_WITH_KNOTS('',3,(#16112,#16113,#16114,#16115),
 .UNSPECIFIED.,.F.,.F.,(4,4),(0.,0.000781410122785979),.UNSPECIFIED.);
#7414=B_SPLINE_CURVE_WITH_KNOTS('',3,(#16120,#16121,#16122,#16123),
 .UNSPECIFIED.,.F.,.F.,(4,4),(0.,0.000781143139734413),.UNSPECIFIED.);
#7415=B_SPLINE_CURVE_WITH_KNOTS('',3,(#16127,#16128,#16129,#16130),
 .UNSPECIFIED.,.F.,.F.,(4,4),(0.,0.000781141826626831),.UNSPECIFIED.);
#7416=EDGE_LOOP('',(#2439,#2440,#2441,#2442,#2443,#2444,#2445,#2446,#2447,
#2448,#2449,#2450,#2451,#2452,#2453,#2454,#2455,#2456,#2457,#2458,#2459,
#2460,#2461,#2462,#2463,#2464,#2465,#2466,#2467,#2468,#2469,#2470,#2471,
#2472,#2473,#2474,#2475,#2476,#2477,#2478));
#7417=EDGE_LOOP('',(#2479));
#7418=EDGE_LOOP('',(#2480,#2481,#2482,#2483,#2484,#2485,#2486,#2487,#2488,
#2489,#2490,#2491,#2492,#2493,#2494,#2495,#2496,#2497,#2498,#2499,#2500));
#7419=EDGE_LOOP('',(#2501,#2502,#2503,#2504));
#7420=EDGE_LOOP('',(#2505,#2506,#2507,#2508));
#7421=EDGE_LOOP('',(#2509,#2510,#2511,#2512));
#7422=EDGE_LOOP('',(#2513,#2514,#2515,#2516));
#7423=EDGE_LOOP('',(#2517,#2518,#2519,#2520));
#7424=EDGE_LOOP('',(#2521));
#7425=EDGE_LOOP('',(#2522,#2523,#2524,#2525));
#7426=EDGE_LOOP('',(#2526,#2527,#2528,#2529));
#7427=EDGE_LOOP('',(#2530,#2531,#2532,#2533));
#7428=EDGE_LOOP('',(#2534,#2535,#2536,#2537));
#7429=EDGE_LOOP('',(#2538,#2539,#2540,#2541));
#7430=EDGE_LOOP('',(#2542,#2543,#2544,#2545));
#7431=EDGE_LOOP('',(#2546,#2547,#2548,#2549));
#7432=EDGE_LOOP('',(#2550,#2551,#2552,#2553));
#7433=EDGE_LOOP('',(#2554,#2555,#2556,#2557,#2558,#2559,#2560,#2561));
#7434=EDGE_LOOP('',(#2562,#2563,#2564,#2565,#2566,#2567,#2568,#2569));
#7435=EDGE_LOOP('',(#2570,#2571,#2572,#2573));
#7436=EDGE_LOOP('',(#2574,#2575,#2576,#2577));
#7437=EDGE_LOOP('',(#2578,#2579,#2580,#2581));
#7438=EDGE_LOOP('',(#2582,#2583,#2584,#2585));
#7439=EDGE_LOOP('',(#2586,#2587,#2588,#2589));
#7440=EDGE_LOOP('',(#2590,#2591,#2592,#2593));
#7441=EDGE_LOOP('',(#2594,#2595,#2596,#2597));
#7442=EDGE_LOOP('',(#2598,#2599,#2600,#2601,#2602,#2603,#2604,#2605));
#7443=EDGE_LOOP('',(#2606,#2607,#2608,#2609));
#7444=EDGE_LOOP('',(#2610,#2611,#2612,#2613));
#7445=EDGE_LOOP('',(#2614,#2615,#2616,#2617));
#7446=EDGE_LOOP('',(#2618,#2619,#2620,#2621));
#7447=EDGE_LOOP('',(#2622,#2623,#2624,#2625));
#7448=EDGE_LOOP('',(#2626,#2627,#2628,#2629));
#7449=EDGE_LOOP('',(#2630,#2631,#2632,#2633));
#7450=EDGE_LOOP('',(#2634,#2635,#2636,#2637,#2638,#2639));
#7451=EDGE_LOOP('',(#2640,#2641,#2642,#2643));
#7452=EDGE_LOOP('',(#2644,#2645,#2646,#2647));
#7453=EDGE_LOOP('',(#2648,#2649,#2650,#2651,#2652));
#7454=EDGE_LOOP('',(#2653,#2654,#2655,#2656));
#7455=EDGE_LOOP('',(#2657,#2658,#2659,#2660));
#7456=EDGE_LOOP('',(#2661,#2662,#2663,#2664,#2665,#2666));
#7457=EDGE_LOOP('',(#2667,#2668,#2669,#2670));
#7458=EDGE_LOOP('',(#2671,#2672,#2673,#2674));
#7459=EDGE_LOOP('',(#2675,#2676,#2677,#2678,#2679,#2680,#2681,#2682));
#7460=EDGE_LOOP('',(#2683,#2684,#2685,#2686));
#7461=EDGE_LOOP('',(#2687,#2688,#2689,#2690));
#7462=EDGE_LOOP('',(#2691,#2692,#2693,#2694));
#7463=EDGE_LOOP('',(#2695,#2696,#2697,#2698));
#7464=EDGE_LOOP('',(#2699,#2700,#2701,#2702));
#7465=EDGE_LOOP('',(#2703,#2704,#2705,#2706));
#7466=EDGE_LOOP('',(#2707,#2708,#2709,#2710));
#7467=EDGE_LOOP('',(#2711));
#7468=EDGE_LOOP('',(#2712));
#7469=EDGE_LOOP('',(#2713,#2714,#2715,#2716,#2717,#2718,#2719,#2720,#2721,
#2722));
#7470=EDGE_LOOP('',(#2723));
#7471=EDGE_LOOP('',(#2724));
#7472=EDGE_LOOP('',(#2725,#2726,#2727,#2728,#2729,#2730,#2731,#2732,#2733,
#2734));
#7473=EDGE_LOOP('',(#2735,#2736,#2737,#2738,#2739,#2740));
#7474=EDGE_LOOP('',(#2741,#2742,#2743,#2744,#2745,#2746));
#7475=EDGE_LOOP('',(#2747,#2748));
#7476=EDGE_LOOP('',(#2749,#2750));
#7477=EDGE_LOOP('',(#2751,#2752,#2753,#2754,#2755,#2756,#2757,#2758,#2759,
#2760,#2761,#2762,#2763,#2764,#2765,#2766,#2767,#2768,#2769,#2770,#2771,
#2772,#2773,#2774));
#7478=EDGE_LOOP('',(#2775,#2776,#2777,#2778));
#7479=EDGE_LOOP('',(#2779,#2780,#2781,#2782));
#7480=EDGE_LOOP('',(#2783,#2784,#2785,#2786,#2787,#2788));
#7481=EDGE_LOOP('',(#2789,#2790,#2791,#2792,#2793,#2794));
#7482=EDGE_LOOP('',(#2795,#2796,#2797,#2798,#2799,#2800));
#7483=EDGE_LOOP('',(#2801,#2802,#2803,#2804,#2805,#2806));
#7484=EDGE_LOOP('',(#2807));
#7485=EDGE_LOOP('',(#2808));
#7486=EDGE_LOOP('',(#2809));
#7487=EDGE_LOOP('',(#2810));
#7488=EDGE_LOOP('',(#2811,#2812,#2813,#2814));
#7489=EDGE_LOOP('',(#2815,#2816,#2817,#2818));
#7490=EDGE_LOOP('',(#2819,#2820,#2821,#2822));
#7491=EDGE_LOOP('',(#2823,#2824,#2825,#2826));
#7492=EDGE_LOOP('',(#2827,#2828,#2829,#2830));
#7493=EDGE_LOOP('',(#2831,#2832,#2833,#2834));
#7494=EDGE_LOOP('',(#2835,#2836,#2837,#2838));
#7495=EDGE_LOOP('',(#2839));
#7496=EDGE_LOOP('',(#2840));
#7497=EDGE_LOOP('',(#2841));
#7498=EDGE_LOOP('',(#2842));
#7499=EDGE_LOOP('',(#2843,#2844,#2845,#2846,#2847,#2848,#2849,#2850,#2851,
#2852,#2853,#2854,#2855,#2856,#2857,#2858,#2859,#2860,#2861,#2862,#2863,
#2864));
#7500=EDGE_LOOP('',(#2865,#2866,#2867,#2868));
#7501=EDGE_LOOP('',(#2869,#2870,#2871,#2872,#2873,#2874));
#7502=EDGE_LOOP('',(#2875,#2876,#2877,#2878));
#7503=EDGE_LOOP('',(#2879,#2880,#2881,#2882));
#7504=EDGE_LOOP('',(#2883,#2884,#2885,#2886));
#7505=EDGE_LOOP('',(#2887,#2888,#2889,#2890));
#7506=EDGE_LOOP('',(#2891,#2892,#2893,#2894));
#7507=EDGE_LOOP('',(#2895,#2896,#2897,#2898,#2899,#2900,#2901));
#7508=EDGE_LOOP('',(#2902,#2903,#2904,#2905,#2906,#2907,#2908));
#7509=EDGE_LOOP('',(#2909,#2910,#2911,#2912));
#7510=EDGE_LOOP('',(#2913,#2914,#2915,#2916));
#7511=EDGE_LOOP('',(#2917,#2918,#2919,#2920,#2921,#2922,#2923,#2924,#2925,
#2926));
#7512=EDGE_LOOP('',(#2927,#2928,#2929,#2930));
#7513=EDGE_LOOP('',(#2931,#2932,#2933,#2934,#2935,#2936));
#7514=EDGE_LOOP('',(#2937,#2938,#2939,#2940));
#7515=EDGE_LOOP('',(#2941,#2942,#2943,#2944));
#7516=EDGE_LOOP('',(#2945,#2946,#2947,#2948));
#7517=EDGE_LOOP('',(#2949,#2950,#2951,#2952));
#7518=EDGE_LOOP('',(#2953,#2954,#2955,#2956));
#7519=EDGE_LOOP('',(#2957,#2958,#2959,#2960));
#7520=EDGE_LOOP('',(#2961,#2962,#2963,#2964));
#7521=EDGE_LOOP('',(#2965,#2966,#2967,#2968));
#7522=EDGE_LOOP('',(#2969,#2970,#2971,#2972,#2973,#2974,#2975));
#7523=EDGE_LOOP('',(#2976,#2977,#2978,#2979,#2980,#2981,#2982));
#7524=EDGE_LOOP('',(#2983,#2984,#2985,#2986));
#7525=EDGE_LOOP('',(#2987,#2988,#2989,#2990));
#7526=EDGE_LOOP('',(#2991,#2992,#2993,#2994,#2995,#2996,#2997,#2998,#2999,
#3000));
#7527=EDGE_LOOP('',(#3001,#3002,#3003,#3004));
#7528=EDGE_LOOP('',(#3005,#3006,#3007,#3008,#3009,#3010));
#7529=EDGE_LOOP('',(#3011,#3012,#3013,#3014));
#7530=EDGE_LOOP('',(#3015,#3016,#3017,#3018));
#7531=EDGE_LOOP('',(#3019,#3020,#3021,#3022));
#7532=EDGE_LOOP('',(#3023,#3024,#3025,#3026));
#7533=EDGE_LOOP('',(#3027));
#7534=EDGE_LOOP('',(#3028));
#7535=EDGE_LOOP('',(#3029));
#7536=EDGE_LOOP('',(#3030));
#7537=EDGE_LOOP('',(#3031));
#7538=EDGE_LOOP('',(#3032));
#7539=EDGE_LOOP('',(#3033));
#7540=EDGE_LOOP('',(#3034));
#7541=EDGE_LOOP('',(#3035));
#7542=EDGE_LOOP('',(#3036));
#7543=EDGE_LOOP('',(#3037));
#7544=EDGE_LOOP('',(#3038));
#7545=EDGE_LOOP('',(#3039));
#7546=EDGE_LOOP('',(#3040));
#7547=EDGE_LOOP('',(#3041));
#7548=EDGE_LOOP('',(#3042));
#7549=EDGE_LOOP('',(#3043));
#7550=EDGE_LOOP('',(#3044));
#7551=EDGE_LOOP('',(#3045));
#7552=EDGE_LOOP('',(#3046));
#7553=EDGE_LOOP('',(#3047));
#7554=EDGE_LOOP('',(#3048));
#7555=EDGE_LOOP('',(#3049));
#7556=EDGE_LOOP('',(#3050));
#7557=EDGE_LOOP('',(#3051));
#7558=EDGE_LOOP('',(#3052));
#7559=EDGE_LOOP('',(#3053));
#7560=EDGE_LOOP('',(#3054));
#7561=EDGE_LOOP('',(#3055));
#7562=EDGE_LOOP('',(#3056));
#7563=EDGE_LOOP('',(#3057));
#7564=EDGE_LOOP('',(#3058));
#7565=EDGE_LOOP('',(#3059));
#7566=EDGE_LOOP('',(#3060));
#7567=EDGE_LOOP('',(#3061));
#7568=EDGE_LOOP('',(#3062));
#7569=EDGE_LOOP('',(#3063,#3064,#3065,#3066));
#7570=EDGE_LOOP('',(#3067,#3068,#3069,#3070,#3071,#3072));
#7571=EDGE_LOOP('',(#3073,#3074,#3075,#3076,#3077,#3078));
#7572=EDGE_LOOP('',(#3079,#3080,#3081,#3082,#3083,#3084));
#7573=EDGE_LOOP('',(#3085,#3086,#3087,#3088,#3089,#3090));
#7574=EDGE_LOOP('',(#3091,#3092,#3093,#3094));
#7575=EDGE_LOOP('',(#3095,#3096,#3097,#3098));
#7576=EDGE_LOOP('',(#3099,#3100,#3101,#3102,#3103,#3104));
#7577=EDGE_LOOP('',(#3105,#3106,#3107,#3108,#3109,#3110));
#7578=EDGE_LOOP('',(#3111,#3112,#3113,#3114,#3115,#3116));
#7579=EDGE_LOOP('',(#3117,#3118,#3119,#3120,#3121,#3122));
#7580=EDGE_LOOP('',(#3123,#3124,#3125,#3126));
#7581=EDGE_LOOP('',(#3127));
#7582=EDGE_LOOP('',(#3128));
#7583=EDGE_LOOP('',(#3129));
#7584=EDGE_LOOP('',(#3130));
#7585=EDGE_LOOP('',(#3131));
#7586=EDGE_LOOP('',(#3132));
#7587=EDGE_LOOP('',(#3133));
#7588=EDGE_LOOP('',(#3134));
#7589=EDGE_LOOP('',(#3135,#3136,#3137,#3138,#3139));
#7590=EDGE_LOOP('',(#3140,#3141,#3142,#3143,#3144));
#7591=EDGE_LOOP('',(#3145,#3146,#3147,#3148));
#7592=EDGE_LOOP('',(#3149,#3150,#3151,#3152,#3153));
#7593=EDGE_LOOP('',(#3154,#3155,#3156,#3157,#3158));
#7594=EDGE_LOOP('',(#3159,#3160,#3161,#3162));
#7595=EDGE_LOOP('',(#3163,#3164,#3165,#3166));
#7596=EDGE_LOOP('',(#3167,#3168,#3169,#3170,#3171,#3172));
#7597=EDGE_LOOP('',(#3173,#3174,#3175,#3176));
#7598=EDGE_LOOP('',(#3177,#3178,#3179,#3180,#3181,#3182));
#7599=EDGE_LOOP('',(#3183,#3184,#3185,#3186));
#7600=EDGE_LOOP('',(#3187,#3188,#3189,#3190));
#7601=EDGE_LOOP('',(#3191,#3192,#3193,#3194));
#7602=EDGE_LOOP('',(#3195,#3196,#3197,#3198));
#7603=EDGE_LOOP('',(#3199,#3200,#3201,#3202));
#7604=EDGE_LOOP('',(#3203,#3204,#3205,#3206));
#7605=EDGE_LOOP('',(#3207,#3208,#3209,#3210));
#7606=EDGE_LOOP('',(#3211,#3212,#3213,#3214,#3215,#3216,#3217));
#7607=EDGE_LOOP('',(#3218,#3219,#3220,#3221,#3222,#3223));
#7608=EDGE_LOOP('',(#3224,#3225,#3226,#3227,#3228,#3229));
#7609=EDGE_LOOP('',(#3230,#3231,#3232,#3233,#3234,#3235));
#7610=EDGE_LOOP('',(#3236,#3237,#3238,#3239,#3240,#3241));
#7611=EDGE_LOOP('',(#3242,#3243,#3244,#3245));
#7612=EDGE_LOOP('',(#3246,#3247,#3248,#3249));
#7613=EDGE_LOOP('',(#3250,#3251,#3252,#3253,#3254,#3255,#3256,#3257));
#7614=EDGE_LOOP('',(#3258,#3259,#3260,#3261));
#7615=EDGE_LOOP('',(#3262,#3263,#3264,#3265));
#7616=EDGE_LOOP('',(#3266,#3267,#3268,#3269));
#7617=EDGE_LOOP('',(#3270,#3271,#3272,#3273));
#7618=EDGE_LOOP('',(#3274,#3275,#3276,#3277,#3278,#3279,#3280,#3281,#3282,
#3283));
#7619=EDGE_LOOP('',(#3284,#3285,#3286,#3287));
#7620=EDGE_LOOP('',(#3288,#3289,#3290,#3291));
#7621=EDGE_LOOP('',(#3292,#3293,#3294,#3295,#3296,#3297,#3298));
#7622=EDGE_LOOP('',(#3299,#3300,#3301,#3302,#3303,#3304,#3305));
#7623=EDGE_LOOP('',(#3306,#3307,#3308,#3309));
#7624=EDGE_LOOP('',(#3310,#3311,#3312,#3313));
#7625=EDGE_LOOP('',(#3314,#3315,#3316,#3317));
#7626=EDGE_LOOP('',(#3318,#3319,#3320,#3321));
#7627=EDGE_LOOP('',(#3322,#3323,#3324,#3325,#3326,#3327,#3328,#3329));
#7628=EDGE_LOOP('',(#3330,#3331,#3332,#3333,#3334,#3335,#3336,#3337,#3338,
#3339));
#7629=EDGE_LOOP('',(#3340,#3341,#3342,#3343,#3344,#3345,#3346,#3347,#3348,
#3349));
#7630=EDGE_LOOP('',(#3350));
#7631=EDGE_LOOP('',(#3351));
#7632=EDGE_LOOP('',(#3352,#3353,#3354,#3355));
#7633=EDGE_LOOP('',(#3356,#3357,#3358,#3359));
#7634=EDGE_LOOP('',(#3360,#3361,#3362,#3363,#3364,#3365,#3366,#3367));
#7635=EDGE_LOOP('',(#3368,#3369,#3370,#3371));
#7636=EDGE_LOOP('',(#3372,#3373,#3374,#3375));
#7637=EDGE_LOOP('',(#3376,#3377,#3378,#3379));
#7638=EDGE_LOOP('',(#3380,#3381,#3382,#3383));
#7639=EDGE_LOOP('',(#3384,#3385,#3386,#3387,#3388,#3389,#3390,#3391,#3392,
#3393));
#7640=EDGE_LOOP('',(#3394,#3395,#3396,#3397));
#7641=EDGE_LOOP('',(#3398,#3399,#3400,#3401));
#7642=EDGE_LOOP('',(#3402,#3403,#3404,#3405,#3406,#3407,#3408));
#7643=EDGE_LOOP('',(#3409,#3410,#3411,#3412,#3413,#3414,#3415));
#7644=EDGE_LOOP('',(#3416,#3417,#3418,#3419));
#7645=EDGE_LOOP('',(#3420,#3421,#3422,#3423));
#7646=EDGE_LOOP('',(#3424,#3425,#3426,#3427));
#7647=EDGE_LOOP('',(#3428,#3429,#3430,#3431));
#7648=EDGE_LOOP('',(#3432,#3433,#3434,#3435));
#7649=EDGE_LOOP('',(#3436,#3437,#3438,#3439));
#7650=EDGE_LOOP('',(#3440,#3441,#3442,#3443,#3444,#3445));
#7651=EDGE_LOOP('',(#3446,#3447,#3448,#3449,#3450,#3451,#3452,#3453,#3454,
#3455,#3456,#3457,#3458,#3459));
#7652=EDGE_LOOP('',(#3460,#3461,#3462,#3463,#3464,#3465));
#7653=EDGE_LOOP('',(#3466,#3467,#3468,#3469));
#7654=EDGE_LOOP('',(#3470,#3471,#3472,#3473));
#7655=EDGE_LOOP('',(#3474,#3475,#3476,#3477,#3478,#3479));
#7656=EDGE_LOOP('',(#3480,#3481,#3482,#3483,#3484,#3485));
#7657=EDGE_LOOP('',(#3486,#3487,#3488,#3489));
#7658=EDGE_LOOP('',(#3490));
#7659=EDGE_LOOP('',(#3491,#3492,#3493,#3494));
#7660=EDGE_LOOP('',(#3495));
#7661=EDGE_LOOP('',(#3496));
#7662=EDGE_LOOP('',(#3497));
#7663=EDGE_LOOP('',(#3498));
#7664=EDGE_LOOP('',(#3499));
#7665=EDGE_LOOP('',(#3500));
#7666=EDGE_LOOP('',(#3501));
#7667=EDGE_LOOP('',(#3502));
#7668=EDGE_LOOP('',(#3503));
#7669=EDGE_LOOP('',(#3504));
#7670=EDGE_LOOP('',(#3505));
#7671=EDGE_LOOP('',(#3506,#3507,#3508,#3509));
#7672=EDGE_LOOP('',(#3510));
#7673=EDGE_LOOP('',(#3511));
#7674=EDGE_LOOP('',(#3512,#3513,#3514,#3515));
#7675=EDGE_LOOP('',(#3516));
#7676=EDGE_LOOP('',(#3517));
#7677=EDGE_LOOP('',(#3518));
#7678=EDGE_LOOP('',(#3519));
#7679=EDGE_LOOP('',(#3520,#3521,#3522,#3523));
#7680=EDGE_LOOP('',(#3524));
#7681=EDGE_LOOP('',(#3525));
#7682=EDGE_LOOP('',(#3526));
#7683=EDGE_LOOP('',(#3527));
#7684=EDGE_LOOP('',(#3528,#3529,#3530,#3531,#3532));
#7685=EDGE_LOOP('',(#3533,#3534,#3535,#3536,#3537,#3538));
#7686=EDGE_LOOP('',(#3539,#3540,#3541,#3542,#3543));
#7687=EDGE_LOOP('',(#3544,#3545,#3546,#3547));
#7688=EDGE_LOOP('',(#3548,#3549,#3550,#3551));
#7689=EDGE_LOOP('',(#3552,#3553,#3554));
#7690=EDGE_LOOP('',(#3555,#3556,#3557,#3558));
#7691=EDGE_LOOP('',(#3559,#3560,#3561,#3562));
#7692=EDGE_LOOP('',(#3563,#3564,#3565));
#7693=EDGE_LOOP('',(#3566,#3567,#3568,#3569));
#7694=EDGE_LOOP('',(#3570,#3571,#3572,#3573));
#7695=EDGE_LOOP('',(#3574,#3575,#3576,#3577));
#7696=EDGE_LOOP('',(#3578,#3579,#3580));
#7697=EDGE_LOOP('',(#3581,#3582,#3583,#3584));
#7698=EDGE_LOOP('',(#3585,#3586,#3587,#3588));
#7699=EDGE_LOOP('',(#3589,#3590,#3591));
#7700=EDGE_LOOP('',(#3592,#3593,#3594,#3595));
#7701=EDGE_LOOP('',(#3596,#3597,#3598,#3599));
#7702=EDGE_LOOP('',(#3600,#3601,#3602,#3603));
#7703=EDGE_LOOP('',(#3604,#3605,#3606,#3607));
#7704=EDGE_LOOP('',(#3608,#3609,#3610,#3611));
#7705=EDGE_LOOP('',(#3612,#3613,#3614,#3615));
#7706=EDGE_LOOP('',(#3616,#3617,#3618,#3619));
#7707=EDGE_LOOP('',(#3620,#3621,#3622,#3623));
#7708=EDGE_LOOP('',(#3624,#3625,#3626,#3627,#3628,#3629));
#7709=EDGE_LOOP('',(#3630,#3631,#3632));
#7710=EDGE_LOOP('',(#3633,#3634,#3635,#3636,#3637,#3638,#3639,#3640));
#7711=EDGE_LOOP('',(#3641,#3642,#3643,#3644,#3645,#3646));
#7712=EDGE_LOOP('',(#3647,#3648,#3649));
#7713=EDGE_LOOP('',(#3650,#3651,#3652,#3653,#3654,#3655));
#7714=EDGE_LOOP('',(#3656,#3657,#3658,#3659,#3660,#3661));
#7715=EDGE_LOOP('',(#3662,#3663,#3664,#3665,#3666,#3667));
#7716=EDGE_LOOP('',(#3668,#3669,#3670));
#7717=EDGE_LOOP('',(#3671,#3672,#3673,#3674,#3675,#3676));
#7718=EDGE_LOOP('',(#3677,#3678,#3679,#3680,#3681,#3682,#3683,#3684));
#7719=EDGE_LOOP('',(#3685,#3686,#3687));
#7720=EDGE_LOOP('',(#3688,#3689,#3690,#3691,#3692,#3693));
#7721=EDGE_LOOP('',(#3694,#3695,#3696,#3697,#3698,#3699));
#7722=EDGE_LOOP('',(#3700));
#7723=EDGE_LOOP('',(#3701));
#7724=EDGE_LOOP('',(#3702));
#7725=EDGE_LOOP('',(#3703));
#7726=EDGE_LOOP('',(#3704));
#7727=EDGE_LOOP('',(#3705));
#7728=EDGE_LOOP('',(#3706));
#7729=EDGE_LOOP('',(#3707));
#7730=EDGE_LOOP('',(#3708));
#7731=EDGE_LOOP('',(#3709));
#7732=EDGE_LOOP('',(#3710));
#7733=EDGE_LOOP('',(#3711));
#7734=EDGE_LOOP('',(#3712));
#7735=EDGE_LOOP('',(#3713));
#7736=EDGE_LOOP('',(#3714));
#7737=EDGE_LOOP('',(#3715));
#7738=EDGE_LOOP('',(#3716,#3717,#3718,#3719));
#7739=EDGE_LOOP('',(#3720));
#7740=EDGE_LOOP('',(#3721));
#7741=EDGE_LOOP('',(#3722));
#7742=EDGE_LOOP('',(#3723));
#7743=EDGE_LOOP('',(#3724));
#7744=EDGE_LOOP('',(#3725));
#7745=EDGE_LOOP('',(#3726,#3727,#3728,#3729));
#7746=EDGE_LOOP('',(#3730,#3731,#3732,#3733,#3734,#3735));
#7747=EDGE_LOOP('',(#3736,#3737,#3738,#3739,#3740,#3741));
#7748=EDGE_LOOP('',(#3742,#3743,#3744,#3745,#3746,#3747,#3748,#3749));
#7749=EDGE_LOOP('',(#3750));
#7750=EDGE_LOOP('',(#3751));
#7751=EDGE_LOOP('',(#3752,#3753,#3754,#3755));
#7752=EDGE_LOOP('',(#3756,#3757,#3758,#3759,#3760,#3761,#3762,#3763));
#7753=EDGE_LOOP('',(#3764,#3765,#3766,#3767));
#7754=EDGE_LOOP('',(#3768,#3769,#3770,#3771,#3772,#3773,#3774));
#7755=EDGE_LOOP('',(#3775,#3776,#3777,#3778));
#7756=EDGE_LOOP('',(#3779,#3780,#3781,#3782));
#7757=EDGE_LOOP('',(#3783,#3784,#3785,#3786));
#7758=EDGE_LOOP('',(#3787,#3788,#3789,#3790));
#7759=EDGE_LOOP('',(#3791,#3792,#3793,#3794));
#7760=EDGE_LOOP('',(#3795,#3796,#3797,#3798));
#7761=EDGE_LOOP('',(#3799,#3800,#3801,#3802,#3803,#3804));
#7762=EDGE_LOOP('',(#3805,#3806,#3807,#3808,#3809,#3810));
#7763=EDGE_LOOP('',(#3811,#3812,#3813,#3814,#3815,#3816));
#7764=EDGE_LOOP('',(#3817,#3818,#3819,#3820));
#7765=EDGE_LOOP('',(#3821,#3822,#3823,#3824));
#7766=EDGE_LOOP('',(#3825,#3826,#3827,#3828));
#7767=EDGE_LOOP('',(#3829,#3830,#3831));
#7768=EDGE_LOOP('',(#3832,#3833,#3834));
#7769=EDGE_LOOP('',(#3835,#3836,#3837,#3838));
#7770=EDGE_LOOP('',(#3839,#3840,#3841,#3842));
#7771=EDGE_LOOP('',(#3843,#3844,#3845));
#7772=EDGE_LOOP('',(#3846,#3847,#3848,#3849));
#7773=EDGE_LOOP('',(#3850,#3851,#3852,#3853));
#7774=EDGE_LOOP('',(#3854,#3855,#3856,#3857));
#7775=EDGE_LOOP('',(#3858,#3859,#3860,#3861,#3862,#3863));
#7776=EDGE_LOOP('',(#3864,#3865,#3866,#3867,#3868,#3869,#3870));
#7777=EDGE_LOOP('',(#3871,#3872,#3873,#3874));
#7778=EDGE_LOOP('',(#3875,#3876,#3877,#3878));
#7779=EDGE_LOOP('',(#3879,#3880,#3881,#3882));
#7780=EDGE_LOOP('',(#3883,#3884,#3885,#3886));
#7781=EDGE_LOOP('',(#3887,#3888,#3889,#3890));
#7782=EDGE_LOOP('',(#3891,#3892,#3893,#3894));
#7783=EDGE_LOOP('',(#3895,#3896,#3897,#3898));
#7784=EDGE_LOOP('',(#3899,#3900,#3901,#3902,#3903,#3904));
#7785=EDGE_LOOP('',(#3905,#3906,#3907,#3908,#3909,#3910,#3911));
#7786=EDGE_LOOP('',(#3912,#3913,#3914,#3915));
#7787=EDGE_LOOP('',(#3916,#3917,#3918,#3919));
#7788=EDGE_LOOP('',(#3920,#3921,#3922));
#7789=EDGE_LOOP('',(#3923,#3924,#3925,#3926));
#7790=EDGE_LOOP('',(#3927,#3928,#3929,#3930));
#7791=EDGE_LOOP('',(#3931,#3932,#3933));
#7792=EDGE_LOOP('',(#3934,#3935,#3936));
#7793=EDGE_LOOP('',(#3937,#3938,#3939,#3940));
#7794=EDGE_LOOP('',(#3941));
#7795=EDGE_LOOP('',(#3942));
#7796=EDGE_LOOP('',(#3943));
#7797=EDGE_LOOP('',(#3944));
#7798=EDGE_LOOP('',(#3945));
#7799=EDGE_LOOP('',(#3946));
#7800=EDGE_LOOP('',(#3947));
#7801=EDGE_LOOP('',(#3948));
#7802=EDGE_LOOP('',(#3949,#3950,#3951,#3952));
#7803=EDGE_LOOP('',(#3953,#3954,#3955,#3956));
#7804=EDGE_LOOP('',(#3957,#3958,#3959,#3960));
#7805=EDGE_LOOP('',(#3961,#3962,#3963,#3964));
#7806=EDGE_LOOP('',(#3965));
#7807=EDGE_LOOP('',(#3966,#3967,#3968,#3969));
#7808=EDGE_LOOP('',(#3970,#3971,#3972,#3973));
#7809=EDGE_LOOP('',(#3974));
#7810=EDGE_LOOP('',(#3975));
#7811=EDGE_LOOP('',(#3976));
#7812=EDGE_LOOP('',(#3977,#3978,#3979,#3980));
#7813=EDGE_LOOP('',(#3981,#3982,#3983,#3984));
#7814=EDGE_LOOP('',(#3985,#3986,#3987,#3988));
#7815=EDGE_LOOP('',(#3989,#3990,#3991,#3992));
#7816=EDGE_LOOP('',(#3993));
#7817=EDGE_LOOP('',(#3994,#3995,#3996,#3997));
#7818=EDGE_LOOP('',(#3998,#3999,#4000,#4001));
#7819=EDGE_LOOP('',(#4002));
#7820=EDGE_LOOP('',(#4003));
#7821=EDGE_LOOP('',(#4004));
#7822=EDGE_LOOP('',(#4005,#4006,#4007,#4008));
#7823=EDGE_LOOP('',(#4009,#4010,#4011,#4012));
#7824=EDGE_LOOP('',(#4013,#4014,#4015,#4016));
#7825=EDGE_LOOP('',(#4017,#4018,#4019,#4020));
#7826=EDGE_LOOP('',(#4021));
#7827=EDGE_LOOP('',(#4022,#4023,#4024,#4025));
#7828=EDGE_LOOP('',(#4026,#4027,#4028,#4029));
#7829=EDGE_LOOP('',(#4030));
#7830=EDGE_LOOP('',(#4031));
#7831=EDGE_LOOP('',(#4032));
#7832=EDGE_LOOP('',(#4033));
#7833=EDGE_LOOP('',(#4034,#4035,#4036,#4037,#4038,#4039,#4040,#4041,#4042,
#4043,#4044,#4045,#4046,#4047,#4048,#4049,#4050,#4051,#4052,#4053,#4054,
#4055,#4056,#4057,#4058,#4059,#4060,#4061,#4062,#4063,#4064,#4065,#4066,
#4067,#4068,#4069,#4070,#4071,#4072,#4073));
#7834=EDGE_LOOP('',(#4074,#4075,#4076,#4077));
#7835=EDGE_LOOP('',(#4078,#4079,#4080,#4081));
#7836=EDGE_LOOP('',(#4082,#4083,#4084,#4085));
#7837=EDGE_LOOP('',(#4086,#4087,#4088,#4089,#4090));
#7838=EDGE_LOOP('',(#4091,#4092,#4093,#4094));
#7839=EDGE_LOOP('',(#4095,#4096,#4097,#4098));
#7840=EDGE_LOOP('',(#4099,#4100,#4101,#4102));
#7841=EDGE_LOOP('',(#4103,#4104,#4105,#4106));
#7842=EDGE_LOOP('',(#4107,#4108,#4109,#4110));
#7843=EDGE_LOOP('',(#4111,#4112,#4113,#4114));
#7844=EDGE_LOOP('',(#4115));
#7845=EDGE_LOOP('',(#4116,#4117,#4118,#4119));
#7846=EDGE_LOOP('',(#4120,#4121,#4122,#4123));
#7847=EDGE_LOOP('',(#4124,#4125,#4126,#4127));
#7848=EDGE_LOOP('',(#4128,#4129,#4130,#4131));
#7849=EDGE_LOOP('',(#4132,#4133,#4134,#4135));
#7850=EDGE_LOOP('',(#4136,#4137,#4138,#4139,#4140));
#7851=EDGE_LOOP('',(#4141,#4142,#4143,#4144,#4145));
#7852=EDGE_LOOP('',(#4146,#4147,#4148,#4149));
#7853=EDGE_LOOP('',(#4150,#4151,#4152,#4153,#4154,#4155,#4156,#4157));
#7854=EDGE_LOOP('',(#4158,#4159,#4160,#4161,#4162,#4163,#4164,#4165));
#7855=EDGE_LOOP('',(#4166,#4167,#4168,#4169));
#7856=EDGE_LOOP('',(#4170,#4171,#4172,#4173));
#7857=EDGE_LOOP('',(#4174,#4175,#4176,#4177));
#7858=EDGE_LOOP('',(#4178,#4179,#4180,#4181));
#7859=EDGE_LOOP('',(#4182,#4183,#4184,#4185,#4186));
#7860=EDGE_LOOP('',(#4187,#4188,#4189,#4190,#4191));
#7861=EDGE_LOOP('',(#4192,#4193,#4194,#4195));
#7862=EDGE_LOOP('',(#4196,#4197,#4198,#4199,#4200,#4201,#4202,#4203));
#7863=EDGE_LOOP('',(#4204,#4205,#4206,#4207));
#7864=EDGE_LOOP('',(#4208,#4209,#4210,#4211));
#7865=EDGE_LOOP('',(#4212,#4213,#4214,#4215));
#7866=EDGE_LOOP('',(#4216,#4217,#4218,#4219));
#7867=EDGE_LOOP('',(#4220,#4221,#4222,#4223));
#7868=EDGE_LOOP('',(#4224,#4225,#4226,#4227,#4228));
#7869=EDGE_LOOP('',(#4229,#4230,#4231,#4232,#4233));
#7870=EDGE_LOOP('',(#4234,#4235,#4236,#4237,#4238,#4239));
#7871=EDGE_LOOP('',(#4240,#4241,#4242,#4243));
#7872=EDGE_LOOP('',(#4244,#4245,#4246,#4247));
#7873=EDGE_LOOP('',(#4248,#4249,#4250,#4251,#4252));
#7874=EDGE_LOOP('',(#4253,#4254,#4255,#4256));
#7875=EDGE_LOOP('',(#4257,#4258,#4259,#4260,#4261));
#7876=EDGE_LOOP('',(#4262,#4263,#4264,#4265,#4266,#4267));
#7877=EDGE_LOOP('',(#4268,#4269,#4270,#4271,#4272));
#7878=EDGE_LOOP('',(#4273,#4274,#4275,#4276));
#7879=EDGE_LOOP('',(#4277,#4278,#4279,#4280,#4281,#4282,#4283,#4284));
#7880=EDGE_LOOP('',(#4285,#4286,#4287,#4288));
#7881=EDGE_LOOP('',(#4289,#4290,#4291,#4292));
#7882=EDGE_LOOP('',(#4293,#4294,#4295,#4296));
#7883=EDGE_LOOP('',(#4297,#4298,#4299,#4300));
#7884=EDGE_LOOP('',(#4301,#4302,#4303,#4304));
#7885=EDGE_LOOP('',(#4305,#4306,#4307,#4308,#4309));
#7886=EDGE_LOOP('',(#4310,#4311,#4312,#4313,#4314));
#7887=EDGE_LOOP('',(#4315));
#7888=EDGE_LOOP('',(#4316));
#7889=EDGE_LOOP('',(#4317,#4318,#4319,#4320,#4321,#4322,#4323,#4324,#4325,
#4326));
#7890=EDGE_LOOP('',(#4327));
#7891=EDGE_LOOP('',(#4328));
#7892=EDGE_LOOP('',(#4329,#4330,#4331,#4332,#4333,#4334,#4335,#4336,#4337,
#4338));
#7893=EDGE_LOOP('',(#4339,#4340,#4341,#4342));
#7894=EDGE_LOOP('',(#4343,#4344,#4345,#4346));
#7895=EDGE_LOOP('',(#4347,#4348,#4349,#4350));
#7896=EDGE_LOOP('',(#4351,#4352,#4353,#4354));
#7897=EDGE_LOOP('',(#4355,#4356,#4357,#4358));
#7898=EDGE_LOOP('',(#4359,#4360,#4361,#4362,#4363,#4364,#4365,#4366,#4367,
#4368));
#7899=EDGE_LOOP('',(#4369));
#7900=EDGE_LOOP('',(#4370));
#7901=EDGE_LOOP('',(#4371));
#7902=EDGE_LOOP('',(#4372));
#7903=EDGE_LOOP('',(#4373));
#7904=EDGE_LOOP('',(#4374));
#7905=EDGE_LOOP('',(#4375));
#7906=EDGE_LOOP('',(#4376));
#7907=EDGE_LOOP('',(#4377,#4378,#4379,#4380));
#7908=EDGE_LOOP('',(#4381,#4382,#4383,#4384));
#7909=EDGE_LOOP('',(#4385,#4386,#4387,#4388));
#7910=EDGE_LOOP('',(#4389,#4390,#4391,#4392,#4393));
#7911=EDGE_LOOP('',(#4394,#4395,#4396,#4397,#4398,#4399,#4400,#4401,#4402,
#4403,#4404,#4405,#4406,#4407,#4408,#4409,#4410,#4411,#4412,#4413,#4414,
#4415,#4416,#4417,#4418,#4419,#4420,#4421,#4422,#4423,#4424,#4425,#4426,
#4427,#4428,#4429,#4430,#4431,#4432,#4433));
#7912=EDGE_LOOP('',(#4434));
#7913=EDGE_LOOP('',(#4435,#4436,#4437,#4438));
#7914=EDGE_LOOP('',(#4439,#4440,#4441,#4442));
#7915=EDGE_LOOP('',(#4443,#4444,#4445,#4446));
#7916=EDGE_LOOP('',(#4447,#4448,#4449,#4450));
#7917=EDGE_LOOP('',(#4451,#4452,#4453,#4454));
#7918=EDGE_LOOP('',(#4455,#4456,#4457,#4458));
#7919=EDGE_LOOP('',(#4459));
#7920=EDGE_LOOP('',(#4460,#4461,#4462,#4463));
#7921=EDGE_LOOP('',(#4464,#4465,#4466,#4467));
#7922=EDGE_LOOP('',(#4468,#4469,#4470,#4471));
#7923=EDGE_LOOP('',(#4472,#4473,#4474,#4475));
#7924=EDGE_LOOP('',(#4476,#4477,#4478,#4479));
#7925=EDGE_LOOP('',(#4480,#4481,#4482,#4483,#4484));
#7926=EDGE_LOOP('',(#4485,#4486,#4487,#4488,#4489));
#7927=EDGE_LOOP('',(#4490,#4491,#4492,#4493));
#7928=EDGE_LOOP('',(#4494,#4495,#4496,#4497,#4498,#4499,#4500,#4501));
#7929=EDGE_LOOP('',(#4502,#4503,#4504,#4505,#4506,#4507,#4508,#4509));
#7930=EDGE_LOOP('',(#4510,#4511,#4512,#4513));
#7931=EDGE_LOOP('',(#4514,#4515,#4516,#4517));
#7932=EDGE_LOOP('',(#4518,#4519,#4520,#4521));
#7933=EDGE_LOOP('',(#4522,#4523,#4524,#4525));
#7934=EDGE_LOOP('',(#4526,#4527,#4528,#4529,#4530));
#7935=EDGE_LOOP('',(#4531,#4532,#4533,#4534,#4535));
#7936=EDGE_LOOP('',(#4536,#4537,#4538,#4539));
#7937=EDGE_LOOP('',(#4540,#4541,#4542,#4543,#4544,#4545,#4546,#4547));
#7938=EDGE_LOOP('',(#4548,#4549,#4550,#4551));
#7939=EDGE_LOOP('',(#4552,#4553,#4554,#4555));
#7940=EDGE_LOOP('',(#4556,#4557,#4558,#4559));
#7941=EDGE_LOOP('',(#4560,#4561,#4562,#4563));
#7942=EDGE_LOOP('',(#4564,#4565,#4566,#4567));
#7943=EDGE_LOOP('',(#4568,#4569,#4570,#4571,#4572));
#7944=EDGE_LOOP('',(#4573,#4574,#4575,#4576,#4577));
#7945=EDGE_LOOP('',(#4578,#4579,#4580,#4581,#4582,#4583));
#7946=EDGE_LOOP('',(#4584,#4585,#4586,#4587));
#7947=EDGE_LOOP('',(#4588,#4589,#4590,#4591));
#7948=EDGE_LOOP('',(#4592,#4593,#4594,#4595,#4596));
#7949=EDGE_LOOP('',(#4597,#4598,#4599,#4600));
#7950=EDGE_LOOP('',(#4601,#4602,#4603,#4604,#4605));
#7951=EDGE_LOOP('',(#4606,#4607,#4608,#4609,#4610,#4611));
#7952=EDGE_LOOP('',(#4612,#4613,#4614,#4615,#4616));
#7953=EDGE_LOOP('',(#4617,#4618,#4619,#4620));
#7954=EDGE_LOOP('',(#4621,#4622,#4623,#4624,#4625,#4626,#4627,#4628));
#7955=EDGE_LOOP('',(#4629,#4630,#4631,#4632));
#7956=EDGE_LOOP('',(#4633,#4634,#4635,#4636));
#7957=EDGE_LOOP('',(#4637,#4638,#4639,#4640));
#7958=EDGE_LOOP('',(#4641,#4642,#4643,#4644));
#7959=EDGE_LOOP('',(#4645,#4646,#4647,#4648));
#7960=EDGE_LOOP('',(#4649,#4650,#4651,#4652,#4653));
#7961=EDGE_LOOP('',(#4654,#4655,#4656,#4657,#4658));
#7962=EDGE_LOOP('',(#4659));
#7963=EDGE_LOOP('',(#4660));
#7964=EDGE_LOOP('',(#4661,#4662,#4663,#4664,#4665,#4666,#4667,#4668,#4669,
#4670));
#7965=EDGE_LOOP('',(#4671));
#7966=EDGE_LOOP('',(#4672));
#7967=EDGE_LOOP('',(#4673,#4674,#4675,#4676,#4677,#4678,#4679,#4680,#4681,
#4682));
#7968=EDGE_LOOP('',(#4683,#4684,#4685,#4686));
#7969=EDGE_LOOP('',(#4687,#4688,#4689,#4690));
#7970=EDGE_LOOP('',(#4691,#4692,#4693,#4694));
#7971=EDGE_LOOP('',(#4695,#4696,#4697,#4698));
#7972=EDGE_LOOP('',(#4699,#4700,#4701,#4702));
#7973=EDGE_LOOP('',(#4703,#4704,#4705,#4706,#4707,#4708,#4709,#4710,#4711,
#4712));
#7974=EDGE_LOOP('',(#4713,#4714,#4715,#4716,#4717,#4718,#4719,#4720,#4721,
#4722,#4723,#4724,#4725,#4726,#4727,#4728,#4729,#4730,#4731,#4732,#4733,
#4734,#4735,#4736,#4737,#4738,#4739,#4740,#4741,#4742,#4743,#4744,#4745,
#4746,#4747,#4748,#4749,#4750,#4751,#4752));
#7975=EDGE_LOOP('',(#4753));
#7976=EDGE_LOOP('',(#4754,#4755,#4756,#4757,#4758,#4759,#4760,#4761,#4762,
#4763,#4764,#4765,#4766,#4767,#4768,#4769,#4770,#4771,#4772,#4773,#4774));
#7977=EDGE_LOOP('',(#4775,#4776,#4777,#4778));
#7978=EDGE_LOOP('',(#4779,#4780,#4781,#4782));
#7979=EDGE_LOOP('',(#4783,#4784,#4785,#4786));
#7980=EDGE_LOOP('',(#4787,#4788,#4789,#4790));
#7981=EDGE_LOOP('',(#4791,#4792,#4793,#4794));
#7982=EDGE_LOOP('',(#4795));
#7983=EDGE_LOOP('',(#4796,#4797,#4798,#4799));
#7984=EDGE_LOOP('',(#4800,#4801,#4802,#4803));
#7985=EDGE_LOOP('',(#4804,#4805,#4806,#4807));
#7986=EDGE_LOOP('',(#4808,#4809,#4810,#4811));
#7987=EDGE_LOOP('',(#4812,#4813,#4814,#4815));
#7988=EDGE_LOOP('',(#4816,#4817,#4818,#4819));
#7989=EDGE_LOOP('',(#4820,#4821,#4822,#4823));
#7990=EDGE_LOOP('',(#4824,#4825,#4826,#4827));
#7991=EDGE_LOOP('',(#4828,#4829,#4830,#4831,#4832,#4833,#4834,#4835));
#7992=EDGE_LOOP('',(#4836,#4837,#4838,#4839,#4840,#4841,#4842,#4843));
#7993=EDGE_LOOP('',(#4844,#4845,#4846,#4847));
#7994=EDGE_LOOP('',(#4848,#4849,#4850,#4851));
#7995=EDGE_LOOP('',(#4852,#4853,#4854,#4855));
#7996=EDGE_LOOP('',(#4856,#4857,#4858,#4859));
#7997=EDGE_LOOP('',(#4860,#4861,#4862,#4863));
#7998=EDGE_LOOP('',(#4864,#4865,#4866,#4867));
#7999=EDGE_LOOP('',(#4868,#4869,#4870,#4871));
#8000=EDGE_LOOP('',(#4872,#4873,#4874,#4875,#4876,#4877,#4878,#4879));
#8001=EDGE_LOOP('',(#4880,#4881,#4882,#4883));
#8002=EDGE_LOOP('',(#4884,#4885,#4886,#4887));
#8003=EDGE_LOOP('',(#4888,#4889,#4890,#4891));
#8004=EDGE_LOOP('',(#4892,#4893,#4894,#4895));
#8005=EDGE_LOOP('',(#4896,#4897,#4898,#4899));
#8006=EDGE_LOOP('',(#4900,#4901,#4902,#4903));
#8007=EDGE_LOOP('',(#4904,#4905,#4906,#4907));
#8008=EDGE_LOOP('',(#4908,#4909,#4910,#4911,#4912,#4913));
#8009=EDGE_LOOP('',(#4914,#4915,#4916,#4917));
#8010=EDGE_LOOP('',(#4918,#4919,#4920,#4921));
#8011=EDGE_LOOP('',(#4922,#4923,#4924,#4925,#4926));
#8012=EDGE_LOOP('',(#4927,#4928,#4929,#4930));
#8013=EDGE_LOOP('',(#4931,#4932,#4933,#4934));
#8014=EDGE_LOOP('',(#4935,#4936,#4937,#4938,#4939,#4940));
#8015=EDGE_LOOP('',(#4941,#4942,#4943,#4944));
#8016=EDGE_LOOP('',(#4945,#4946,#4947,#4948));
#8017=EDGE_LOOP('',(#4949,#4950,#4951,#4952,#4953,#4954,#4955,#4956));
#8018=EDGE_LOOP('',(#4957,#4958,#4959,#4960));
#8019=EDGE_LOOP('',(#4961,#4962,#4963,#4964));
#8020=EDGE_LOOP('',(#4965,#4966,#4967,#4968));
#8021=EDGE_LOOP('',(#4969,#4970,#4971,#4972));
#8022=EDGE_LOOP('',(#4973,#4974,#4975,#4976));
#8023=EDGE_LOOP('',(#4977,#4978,#4979,#4980));
#8024=EDGE_LOOP('',(#4981,#4982,#4983,#4984));
#8025=EDGE_LOOP('',(#4985));
#8026=EDGE_LOOP('',(#4986));
#8027=EDGE_LOOP('',(#4987,#4988,#4989,#4990,#4991,#4992,#4993,#4994,#4995,
#4996));
#8028=EDGE_LOOP('',(#4997));
#8029=EDGE_LOOP('',(#4998));
#8030=EDGE_LOOP('',(#4999,#5000,#5001,#5002,#5003,#5004,#5005,#5006,#5007,
#5008));
#8031=EDGE_LOOP('',(#5009));
#8032=EDGE_LOOP('',(#5010));
#8033=EDGE_LOOP('',(#5011));
#8034=EDGE_LOOP('',(#5012));
#8035=EDGE_LOOP('',(#5013));
#8036=EDGE_LOOP('',(#5014));
#8037=EDGE_LOOP('',(#5015));
#8038=EDGE_LOOP('',(#5016));
#8039=EDGE_LOOP('',(#5017));
#8040=EDGE_LOOP('',(#5018));
#8041=EDGE_LOOP('',(#5019));
#8042=EDGE_LOOP('',(#5020));
#8043=EDGE_LOOP('',(#5021));
#8044=EDGE_LOOP('',(#5022));
#8045=EDGE_LOOP('',(#5023));
#8046=EDGE_LOOP('',(#5024));
#8047=EDGE_LOOP('',(#5025,#5026,#5027,#5028));
#8048=EDGE_LOOP('',(#5029,#5030,#5031,#5032));
#8049=EDGE_LOOP('',(#5033,#5034,#5035,#5036));
#8050=EDGE_LOOP('',(#5037,#5038,#5039,#5040));
#8051=EDGE_LOOP('',(#5041));
#8052=EDGE_LOOP('',(#5042,#5043,#5044,#5045));
#8053=EDGE_LOOP('',(#5046,#5047,#5048,#5049));
#8054=EDGE_LOOP('',(#5050));
#8055=EDGE_LOOP('',(#5051));
#8056=EDGE_LOOP('',(#5052));
#8057=EDGE_LOOP('',(#5053));
#8058=EDGE_LOOP('',(#5054));
#8059=EDGE_LOOP('',(#5055));
#8060=EDGE_LOOP('',(#5056));
#8061=EDGE_LOOP('',(#5057));
#8062=EDGE_LOOP('',(#5058));
#8063=EDGE_LOOP('',(#5059));
#8064=EDGE_LOOP('',(#5060));
#8065=EDGE_LOOP('',(#5061));
#8066=EDGE_LOOP('',(#5062));
#8067=EDGE_LOOP('',(#5063));
#8068=EDGE_LOOP('',(#5064));
#8069=EDGE_LOOP('',(#5065));
#8070=EDGE_LOOP('',(#5066));
#8071=EDGE_LOOP('',(#5067));
#8072=EDGE_LOOP('',(#5068));
#8073=FACE_BOUND('',#7416,.T.);
#8074=FACE_BOUND('',#7417,.T.);
#8075=FACE_BOUND('',#7418,.T.);
#8076=FACE_BOUND('',#7419,.T.);
#8077=FACE_BOUND('',#7420,.T.);
#8078=FACE_BOUND('',#7421,.T.);
#8079=FACE_BOUND('',#7422,.T.);
#8080=FACE_BOUND('',#7423,.T.);
#8081=FACE_BOUND('',#7424,.T.);
#8082=FACE_BOUND('',#7425,.T.);
#8083=FACE_BOUND('',#7426,.T.);
#8084=FACE_BOUND('',#7427,.T.);
#8085=FACE_BOUND('',#7428,.T.);
#8086=FACE_BOUND('',#7429,.T.);
#8087=FACE_BOUND('',#7430,.T.);
#8088=FACE_BOUND('',#7431,.T.);
#8089=FACE_BOUND('',#7432,.T.);
#8090=FACE_BOUND('',#7433,.T.);
#8091=FACE_BOUND('',#7434,.T.);
#8092=FACE_BOUND('',#7435,.T.);
#8093=FACE_BOUND('',#7436,.T.);
#8094=FACE_BOUND('',#7437,.T.);
#8095=FACE_BOUND('',#7438,.T.);
#8096=FACE_BOUND('',#7439,.T.);
#8097=FACE_BOUND('',#7440,.T.);
#8098=FACE_BOUND('',#7441,.T.);
#8099=FACE_BOUND('',#7442,.T.);
#8100=FACE_BOUND('',#7443,.T.);
#8101=FACE_BOUND('',#7444,.T.);
#8102=FACE_BOUND('',#7445,.T.);
#8103=FACE_BOUND('',#7446,.T.);
#8104=FACE_BOUND('',#7447,.T.);
#8105=FACE_BOUND('',#7448,.T.);
#8106=FACE_BOUND('',#7449,.T.);
#8107=FACE_BOUND('',#7450,.T.);
#8108=FACE_BOUND('',#7451,.T.);
#8109=FACE_BOUND('',#7452,.T.);
#8110=FACE_BOUND('',#7453,.T.);
#8111=FACE_BOUND('',#7454,.T.);
#8112=FACE_BOUND('',#7455,.T.);
#8113=FACE_BOUND('',#7456,.T.);
#8114=FACE_BOUND('',#7457,.T.);
#8115=FACE_BOUND('',#7458,.T.);
#8116=FACE_BOUND('',#7459,.T.);
#8117=FACE_BOUND('',#7460,.T.);
#8118=FACE_BOUND('',#7461,.T.);
#8119=FACE_BOUND('',#7462,.T.);
#8120=FACE_BOUND('',#7463,.T.);
#8121=FACE_BOUND('',#7464,.T.);
#8122=FACE_BOUND('',#7465,.T.);
#8123=FACE_BOUND('',#7466,.T.);
#8124=FACE_BOUND('',#7467,.T.);
#8125=FACE_BOUND('',#7468,.T.);
#8126=FACE_BOUND('',#7469,.T.);
#8127=FACE_BOUND('',#7470,.T.);
#8128=FACE_BOUND('',#7471,.T.);
#8129=FACE_BOUND('',#7472,.T.);
#8130=FACE_BOUND('',#7473,.T.);
#8131=FACE_BOUND('',#7474,.T.);
#8132=FACE_BOUND('',#7475,.T.);
#8133=FACE_BOUND('',#7476,.T.);
#8134=FACE_BOUND('',#7477,.T.);
#8135=FACE_BOUND('',#7478,.T.);
#8136=FACE_BOUND('',#7479,.T.);
#8137=FACE_BOUND('',#7480,.T.);
#8138=FACE_BOUND('',#7481,.T.);
#8139=FACE_BOUND('',#7482,.T.);
#8140=FACE_BOUND('',#7483,.T.);
#8141=FACE_BOUND('',#7484,.T.);
#8142=FACE_BOUND('',#7485,.T.);
#8143=FACE_BOUND('',#7486,.T.);
#8144=FACE_BOUND('',#7487,.T.);
#8145=FACE_BOUND('',#7488,.T.);
#8146=FACE_BOUND('',#7489,.T.);
#8147=FACE_BOUND('',#7490,.T.);
#8148=FACE_BOUND('',#7491,.T.);
#8149=FACE_BOUND('',#7492,.T.);
#8150=FACE_BOUND('',#7493,.T.);
#8151=FACE_BOUND('',#7494,.T.);
#8152=FACE_BOUND('',#7495,.T.);
#8153=FACE_BOUND('',#7496,.T.);
#8154=FACE_BOUND('',#7497,.T.);
#8155=FACE_BOUND('',#7498,.T.);
#8156=FACE_BOUND('',#7499,.T.);
#8157=FACE_BOUND('',#7500,.T.);
#8158=FACE_BOUND('',#7501,.T.);
#8159=FACE_BOUND('',#7502,.T.);
#8160=FACE_BOUND('',#7503,.T.);
#8161=FACE_BOUND('',#7504,.T.);
#8162=FACE_BOUND('',#7505,.T.);
#8163=FACE_BOUND('',#7506,.T.);
#8164=FACE_BOUND('',#7507,.T.);
#8165=FACE_BOUND('',#7508,.T.);
#8166=FACE_BOUND('',#7509,.T.);
#8167=FACE_BOUND('',#7510,.T.);
#8168=FACE_BOUND('',#7511,.T.);
#8169=FACE_BOUND('',#7512,.T.);
#8170=FACE_BOUND('',#7513,.T.);
#8171=FACE_BOUND('',#7514,.T.);
#8172=FACE_BOUND('',#7515,.T.);
#8173=FACE_BOUND('',#7516,.T.);
#8174=FACE_BOUND('',#7517,.T.);
#8175=FACE_BOUND('',#7518,.T.);
#8176=FACE_BOUND('',#7519,.T.);
#8177=FACE_BOUND('',#7520,.T.);
#8178=FACE_BOUND('',#7521,.T.);
#8179=FACE_BOUND('',#7522,.T.);
#8180=FACE_BOUND('',#7523,.T.);
#8181=FACE_BOUND('',#7524,.T.);
#8182=FACE_BOUND('',#7525,.T.);
#8183=FACE_BOUND('',#7526,.T.);
#8184=FACE_BOUND('',#7527,.T.);
#8185=FACE_BOUND('',#7528,.T.);
#8186=FACE_BOUND('',#7529,.T.);
#8187=FACE_BOUND('',#7530,.T.);
#8188=FACE_BOUND('',#7531,.T.);
#8189=FACE_BOUND('',#7532,.T.);
#8190=FACE_BOUND('',#7533,.T.);
#8191=FACE_BOUND('',#7534,.T.);
#8192=FACE_BOUND('',#7535,.T.);
#8193=FACE_BOUND('',#7536,.T.);
#8194=FACE_BOUND('',#7537,.T.);
#8195=FACE_BOUND('',#7538,.T.);
#8196=FACE_BOUND('',#7539,.T.);
#8197=FACE_BOUND('',#7540,.T.);
#8198=FACE_BOUND('',#7541,.T.);
#8199=FACE_BOUND('',#7542,.T.);
#8200=FACE_BOUND('',#7543,.T.);
#8201=FACE_BOUND('',#7544,.T.);
#8202=FACE_BOUND('',#7545,.T.);
#8203=FACE_BOUND('',#7546,.T.);
#8204=FACE_BOUND('',#7547,.T.);
#8205=FACE_BOUND('',#7548,.T.);
#8206=FACE_BOUND('',#7549,.T.);
#8207=FACE_BOUND('',#7550,.T.);
#8208=FACE_BOUND('',#7551,.T.);
#8209=FACE_BOUND('',#7552,.T.);
#8210=FACE_BOUND('',#7553,.T.);
#8211=FACE_BOUND('',#7554,.T.);
#8212=FACE_BOUND('',#7555,.T.);
#8213=FACE_BOUND('',#7556,.T.);
#8214=FACE_BOUND('',#7557,.T.);
#8215=FACE_BOUND('',#7558,.T.);
#8216=FACE_BOUND('',#7559,.T.);
#8217=FACE_BOUND('',#7560,.T.);
#8218=FACE_BOUND('',#7561,.T.);
#8219=FACE_BOUND('',#7562,.T.);
#8220=FACE_BOUND('',#7563,.T.);
#8221=FACE_BOUND('',#7564,.T.);
#8222=FACE_BOUND('',#7565,.T.);
#8223=FACE_BOUND('',#7566,.T.);
#8224=FACE_BOUND('',#7567,.T.);
#8225=FACE_BOUND('',#7568,.T.);
#8226=FACE_BOUND('',#7569,.T.);
#8227=FACE_BOUND('',#7570,.T.);
#8228=FACE_BOUND('',#7571,.T.);
#8229=FACE_BOUND('',#7572,.T.);
#8230=FACE_BOUND('',#7573,.T.);
#8231=FACE_BOUND('',#7574,.T.);
#8232=FACE_BOUND('',#7575,.T.);
#8233=FACE_BOUND('',#7576,.T.);
#8234=FACE_BOUND('',#7577,.T.);
#8235=FACE_BOUND('',#7578,.T.);
#8236=FACE_BOUND('',#7579,.T.);
#8237=FACE_BOUND('',#7580,.T.);
#8238=FACE_BOUND('',#7581,.T.);
#8239=FACE_BOUND('',#7582,.T.);
#8240=FACE_BOUND('',#7583,.T.);
#8241=FACE_BOUND('',#7584,.T.);
#8242=FACE_BOUND('',#7585,.T.);
#8243=FACE_BOUND('',#7586,.T.);
#8244=FACE_BOUND('',#7587,.T.);
#8245=FACE_BOUND('',#7588,.T.);
#8246=FACE_BOUND('',#7589,.T.);
#8247=FACE_BOUND('',#7590,.T.);
#8248=FACE_BOUND('',#7591,.T.);
#8249=FACE_BOUND('',#7592,.T.);
#8250=FACE_BOUND('',#7593,.T.);
#8251=FACE_BOUND('',#7594,.T.);
#8252=FACE_BOUND('',#7595,.T.);
#8253=FACE_BOUND('',#7596,.T.);
#8254=FACE_BOUND('',#7597,.T.);
#8255=FACE_BOUND('',#7598,.T.);
#8256=FACE_BOUND('',#7599,.T.);
#8257=FACE_BOUND('',#7600,.T.);
#8258=FACE_BOUND('',#7601,.T.);
#8259=FACE_BOUND('',#7602,.T.);
#8260=FACE_BOUND('',#7603,.T.);
#8261=FACE_BOUND('',#7604,.T.);
#8262=FACE_BOUND('',#7605,.T.);
#8263=FACE_BOUND('',#7606,.T.);
#8264=FACE_BOUND('',#7607,.T.);
#8265=FACE_BOUND('',#7608,.T.);
#8266=FACE_BOUND('',#7609,.T.);
#8267=FACE_BOUND('',#7610,.T.);
#8268=FACE_BOUND('',#7611,.T.);
#8269=FACE_BOUND('',#7612,.T.);
#8270=FACE_BOUND('',#7613,.T.);
#8271=FACE_BOUND('',#7614,.T.);
#8272=FACE_BOUND('',#7615,.T.);
#8273=FACE_BOUND('',#7616,.T.);
#8274=FACE_BOUND('',#7617,.T.);
#8275=FACE_BOUND('',#7618,.T.);
#8276=FACE_BOUND('',#7619,.T.);
#8277=FACE_BOUND('',#7620,.T.);
#8278=FACE_BOUND('',#7621,.T.);
#8279=FACE_BOUND('',#7622,.T.);
#8280=FACE_BOUND('',#7623,.T.);
#8281=FACE_BOUND('',#7624,.T.);
#8282=FACE_BOUND('',#7625,.T.);
#8283=FACE_BOUND('',#7626,.T.);
#8284=FACE_BOUND('',#7627,.T.);
#8285=FACE_BOUND('',#7628,.T.);
#8286=FACE_BOUND('',#7629,.T.);
#8287=FACE_BOUND('',#7630,.T.);
#8288=FACE_BOUND('',#7631,.T.);
#8289=FACE_BOUND('',#7632,.T.);
#8290=FACE_BOUND('',#7633,.T.);
#8291=FACE_BOUND('',#7634,.T.);
#8292=FACE_BOUND('',#7635,.T.);
#8293=FACE_BOUND('',#7636,.T.);
#8294=FACE_BOUND('',#7637,.T.);
#8295=FACE_BOUND('',#7638,.T.);
#8296=FACE_BOUND('',#7639,.T.);
#8297=FACE_BOUND('',#7640,.T.);
#8298=FACE_BOUND('',#7641,.T.);
#8299=FACE_BOUND('',#7642,.T.);
#8300=FACE_BOUND('',#7643,.T.);
#8301=FACE_BOUND('',#7644,.T.);
#8302=FACE_BOUND('',#7645,.T.);
#8303=FACE_BOUND('',#7646,.T.);
#8304=FACE_BOUND('',#7647,.T.);
#8305=FACE_BOUND('',#7648,.T.);
#8306=FACE_BOUND('',#7649,.T.);
#8307=FACE_BOUND('',#7650,.T.);
#8308=FACE_BOUND('',#7651,.T.);
#8309=FACE_BOUND('',#7652,.T.);
#8310=FACE_BOUND('',#7653,.T.);
#8311=FACE_BOUND('',#7654,.T.);
#8312=FACE_BOUND('',#7655,.T.);
#8313=FACE_BOUND('',#7656,.T.);
#8314=FACE_BOUND('',#7657,.T.);
#8315=FACE_BOUND('',#7658,.T.);
#8316=FACE_BOUND('',#7659,.T.);
#8317=FACE_BOUND('',#7660,.T.);
#8318=FACE_BOUND('',#7661,.T.);
#8319=FACE_BOUND('',#7662,.T.);
#8320=FACE_BOUND('',#7663,.T.);
#8321=FACE_BOUND('',#7664,.T.);
#8322=FACE_BOUND('',#7665,.T.);
#8323=FACE_BOUND('',#7666,.T.);
#8324=FACE_BOUND('',#7667,.T.);
#8325=FACE_BOUND('',#7668,.T.);
#8326=FACE_BOUND('',#7669,.T.);
#8327=FACE_BOUND('',#7670,.T.);
#8328=FACE_BOUND('',#7671,.T.);
#8329=FACE_BOUND('',#7672,.T.);
#8330=FACE_BOUND('',#7673,.T.);
#8331=FACE_BOUND('',#7674,.T.);
#8332=FACE_BOUND('',#7675,.T.);
#8333=FACE_BOUND('',#7676,.T.);
#8334=FACE_BOUND('',#7677,.T.);
#8335=FACE_BOUND('',#7678,.T.);
#8336=FACE_BOUND('',#7679,.T.);
#8337=FACE_BOUND('',#7680,.T.);
#8338=FACE_BOUND('',#7681,.T.);
#8339=FACE_BOUND('',#7682,.T.);
#8340=FACE_BOUND('',#7683,.T.);
#8341=FACE_BOUND('',#7684,.T.);
#8342=FACE_BOUND('',#7685,.T.);
#8343=FACE_BOUND('',#7686,.T.);
#8344=FACE_BOUND('',#7687,.T.);
#8345=FACE_BOUND('',#7688,.T.);
#8346=FACE_BOUND('',#7689,.T.);
#8347=FACE_BOUND('',#7690,.T.);
#8348=FACE_BOUND('',#7691,.T.);
#8349=FACE_BOUND('',#7692,.T.);
#8350=FACE_BOUND('',#7693,.T.);
#8351=FACE_BOUND('',#7694,.T.);
#8352=FACE_BOUND('',#7695,.T.);
#8353=FACE_BOUND('',#7696,.T.);
#8354=FACE_BOUND('',#7697,.T.);
#8355=FACE_BOUND('',#7698,.T.);
#8356=FACE_BOUND('',#7699,.T.);
#8357=FACE_BOUND('',#7700,.T.);
#8358=FACE_BOUND('',#7701,.T.);
#8359=FACE_BOUND('',#7702,.T.);
#8360=FACE_BOUND('',#7703,.T.);
#8361=FACE_BOUND('',#7704,.T.);
#8362=FACE_BOUND('',#7705,.T.);
#8363=FACE_BOUND('',#7706,.T.);
#8364=FACE_BOUND('',#7707,.T.);
#8365=FACE_BOUND('',#7708,.T.);
#8366=FACE_BOUND('',#7709,.T.);
#8367=FACE_BOUND('',#7710,.T.);
#8368=FACE_BOUND('',#7711,.T.);
#8369=FACE_BOUND('',#7712,.T.);
#8370=FACE_BOUND('',#7713,.T.);
#8371=FACE_BOUND('',#7714,.T.);
#8372=FACE_BOUND('',#7715,.T.);
#8373=FACE_BOUND('',#7716,.T.);
#8374=FACE_BOUND('',#7717,.T.);
#8375=FACE_BOUND('',#7718,.T.);
#8376=FACE_BOUND('',#7719,.T.);
#8377=FACE_BOUND('',#7720,.T.);
#8378=FACE_BOUND('',#7721,.T.);
#8379=FACE_BOUND('',#7722,.T.);
#8380=FACE_BOUND('',#7723,.T.);
#8381=FACE_BOUND('',#7724,.T.);
#8382=FACE_BOUND('',#7725,.T.);
#8383=FACE_BOUND('',#7726,.T.);
#8384=FACE_BOUND('',#7727,.T.);
#8385=FACE_BOUND('',#7728,.T.);
#8386=FACE_BOUND('',#7729,.T.);
#8387=FACE_BOUND('',#7730,.T.);
#8388=FACE_BOUND('',#7731,.T.);
#8389=FACE_BOUND('',#7732,.T.);
#8390=FACE_BOUND('',#7733,.T.);
#8391=FACE_BOUND('',#7734,.T.);
#8392=FACE_BOUND('',#7735,.T.);
#8393=FACE_BOUND('',#7736,.T.);
#8394=FACE_BOUND('',#7737,.T.);
#8395=FACE_BOUND('',#7738,.T.);
#8396=FACE_BOUND('',#7739,.T.);
#8397=FACE_BOUND('',#7740,.T.);
#8398=FACE_BOUND('',#7741,.T.);
#8399=FACE_BOUND('',#7742,.T.);
#8400=FACE_BOUND('',#7743,.T.);
#8401=FACE_BOUND('',#7744,.T.);
#8402=FACE_BOUND('',#7745,.T.);
#8403=FACE_BOUND('',#7746,.T.);
#8404=FACE_BOUND('',#7747,.T.);
#8405=FACE_BOUND('',#7748,.T.);
#8406=FACE_BOUND('',#7749,.T.);
#8407=FACE_BOUND('',#7750,.T.);
#8408=FACE_BOUND('',#7751,.T.);
#8409=FACE_BOUND('',#7752,.T.);
#8410=FACE_BOUND('',#7753,.T.);
#8411=FACE_BOUND('',#7754,.T.);
#8412=FACE_BOUND('',#7755,.T.);
#8413=FACE_BOUND('',#7756,.T.);
#8414=FACE_BOUND('',#7757,.T.);
#8415=FACE_BOUND('',#7758,.T.);
#8416=FACE_BOUND('',#7759,.T.);
#8417=FACE_BOUND('',#7760,.T.);
#8418=FACE_BOUND('',#7761,.T.);
#8419=FACE_BOUND('',#7762,.T.);
#8420=FACE_BOUND('',#7763,.T.);
#8421=FACE_BOUND('',#7764,.T.);
#8422=FACE_BOUND('',#7765,.T.);
#8423=FACE_BOUND('',#7766,.T.);
#8424=FACE_BOUND('',#7767,.T.);
#8425=FACE_BOUND('',#7768,.T.);
#8426=FACE_BOUND('',#7769,.T.);
#8427=FACE_BOUND('',#7770,.T.);
#8428=FACE_BOUND('',#7771,.T.);
#8429=FACE_BOUND('',#7772,.T.);
#8430=FACE_BOUND('',#7773,.T.);
#8431=FACE_BOUND('',#7774,.T.);
#8432=FACE_BOUND('',#7775,.T.);
#8433=FACE_BOUND('',#7776,.T.);
#8434=FACE_BOUND('',#7777,.T.);
#8435=FACE_BOUND('',#7778,.T.);
#8436=FACE_BOUND('',#7779,.T.);
#8437=FACE_BOUND('',#7780,.T.);
#8438=FACE_BOUND('',#7781,.T.);
#8439=FACE_BOUND('',#7782,.T.);
#8440=FACE_BOUND('',#7783,.T.);
#8441=FACE_BOUND('',#7784,.T.);
#8442=FACE_BOUND('',#7785,.T.);
#8443=FACE_BOUND('',#7786,.T.);
#8444=FACE_BOUND('',#7787,.T.);
#8445=FACE_BOUND('',#7788,.T.);
#8446=FACE_BOUND('',#7789,.T.);
#8447=FACE_BOUND('',#7790,.T.);
#8448=FACE_BOUND('',#7791,.T.);
#8449=FACE_BOUND('',#7792,.T.);
#8450=FACE_BOUND('',#7793,.T.);
#8451=FACE_BOUND('',#7794,.T.);
#8452=FACE_BOUND('',#7795,.T.);
#8453=FACE_BOUND('',#7796,.T.);
#8454=FACE_BOUND('',#7797,.T.);
#8455=FACE_BOUND('',#7798,.T.);
#8456=FACE_BOUND('',#7799,.T.);
#8457=FACE_BOUND('',#7800,.T.);
#8458=FACE_BOUND('',#7801,.T.);
#8459=FACE_BOUND('',#7802,.T.);
#8460=FACE_BOUND('',#7803,.T.);
#8461=FACE_BOUND('',#7804,.T.);
#8462=FACE_BOUND('',#7805,.T.);
#8463=FACE_BOUND('',#7806,.T.);
#8464=FACE_BOUND('',#7807,.T.);
#8465=FACE_BOUND('',#7808,.T.);
#8466=FACE_BOUND('',#7809,.T.);
#8467=FACE_BOUND('',#7810,.T.);
#8468=FACE_BOUND('',#7811,.T.);
#8469=FACE_BOUND('',#7812,.T.);
#8470=FACE_BOUND('',#7813,.T.);
#8471=FACE_BOUND('',#7814,.T.);
#8472=FACE_BOUND('',#7815,.T.);
#8473=FACE_BOUND('',#7816,.T.);
#8474=FACE_BOUND('',#7817,.T.);
#8475=FACE_BOUND('',#7818,.T.);
#8476=FACE_BOUND('',#7819,.T.);
#8477=FACE_BOUND('',#7820,.T.);
#8478=FACE_BOUND('',#7821,.T.);
#8479=FACE_BOUND('',#7822,.T.);
#8480=FACE_BOUND('',#7823,.T.);
#8481=FACE_BOUND('',#7824,.T.);
#8482=FACE_BOUND('',#7825,.T.);
#8483=FACE_BOUND('',#7826,.T.);
#8484=FACE_BOUND('',#7827,.T.);
#8485=FACE_BOUND('',#7828,.T.);
#8486=FACE_BOUND('',#7829,.T.);
#8487=FACE_BOUND('',#7830,.T.);
#8488=FACE_BOUND('',#7831,.T.);
#8489=FACE_BOUND('',#7832,.T.);
#8490=FACE_BOUND('',#7833,.T.);
#8491=FACE_BOUND('',#7834,.T.);
#8492=FACE_BOUND('',#7835,.T.);
#8493=FACE_BOUND('',#7836,.T.);
#8494=FACE_BOUND('',#7837,.T.);
#8495=FACE_BOUND('',#7838,.T.);
#8496=FACE_BOUND('',#7839,.T.);
#8497=FACE_BOUND('',#7840,.T.);
#8498=FACE_BOUND('',#7841,.T.);
#8499=FACE_BOUND('',#7842,.T.);
#8500=FACE_BOUND('',#7843,.T.);
#8501=FACE_BOUND('',#7844,.T.);
#8502=FACE_BOUND('',#7845,.T.);
#8503=FACE_BOUND('',#7846,.T.);
#8504=FACE_BOUND('',#7847,.T.);
#8505=FACE_BOUND('',#7848,.T.);
#8506=FACE_BOUND('',#7849,.T.);
#8507=FACE_BOUND('',#7850,.T.);
#8508=FACE_BOUND('',#7851,.T.);
#8509=FACE_BOUND('',#7852,.T.);
#8510=FACE_BOUND('',#7853,.T.);
#8511=FACE_BOUND('',#7854,.T.);
#8512=FACE_BOUND('',#7855,.T.);
#8513=FACE_BOUND('',#7856,.T.);
#8514=FACE_BOUND('',#7857,.T.);
#8515=FACE_BOUND('',#7858,.T.);
#8516=FACE_BOUND('',#7859,.T.);
#8517=FACE_BOUND('',#7860,.T.);
#8518=FACE_BOUND('',#7861,.T.);
#8519=FACE_BOUND('',#7862,.T.);
#8520=FACE_BOUND('',#7863,.T.);
#8521=FACE_BOUND('',#7864,.T.);
#8522=FACE_BOUND('',#7865,.T.);
#8523=FACE_BOUND('',#7866,.T.);
#8524=FACE_BOUND('',#7867,.T.);
#8525=FACE_BOUND('',#7868,.T.);
#8526=FACE_BOUND('',#7869,.T.);
#8527=FACE_BOUND('',#7870,.T.);
#8528=FACE_BOUND('',#7871,.T.);
#8529=FACE_BOUND('',#7872,.T.);
#8530=FACE_BOUND('',#7873,.T.);
#8531=FACE_BOUND('',#7874,.T.);
#8532=FACE_BOUND('',#7875,.T.);
#8533=FACE_BOUND('',#7876,.T.);
#8534=FACE_BOUND('',#7877,.T.);
#8535=FACE_BOUND('',#7878,.T.);
#8536=FACE_BOUND('',#7879,.T.);
#8537=FACE_BOUND('',#7880,.T.);
#8538=FACE_BOUND('',#7881,.T.);
#8539=FACE_BOUND('',#7882,.T.);
#8540=FACE_BOUND('',#7883,.T.);
#8541=FACE_BOUND('',#7884,.T.);
#8542=FACE_BOUND('',#7885,.T.);
#8543=FACE_BOUND('',#7886,.T.);
#8544=FACE_BOUND('',#7887,.T.);
#8545=FACE_BOUND('',#7888,.T.);
#8546=FACE_BOUND('',#7889,.T.);
#8547=FACE_BOUND('',#7890,.T.);
#8548=FACE_BOUND('',#7891,.T.);
#8549=FACE_BOUND('',#7892,.T.);
#8550=FACE_BOUND('',#7893,.T.);
#8551=FACE_BOUND('',#7894,.T.);
#8552=FACE_BOUND('',#7895,.T.);
#8553=FACE_BOUND('',#7896,.T.);
#8554=FACE_BOUND('',#7897,.T.);
#8555=FACE_BOUND('',#7898,.T.);
#8556=FACE_BOUND('',#7899,.T.);
#8557=FACE_BOUND('',#7900,.T.);
#8558=FACE_BOUND('',#7901,.T.);
#8559=FACE_BOUND('',#7902,.T.);
#8560=FACE_BOUND('',#7903,.T.);
#8561=FACE_BOUND('',#7904,.T.);
#8562=FACE_BOUND('',#7905,.T.);
#8563=FACE_BOUND('',#7906,.T.);
#8564=FACE_BOUND('',#7907,.T.);
#8565=FACE_BOUND('',#7908,.T.);
#8566=FACE_BOUND('',#7909,.T.);
#8567=FACE_BOUND('',#7910,.T.);
#8568=FACE_BOUND('',#7911,.T.);
#8569=FACE_BOUND('',#7912,.T.);
#8570=FACE_BOUND('',#7913,.T.);
#8571=FACE_BOUND('',#7914,.T.);
#8572=FACE_BOUND('',#7915,.T.);
#8573=FACE_BOUND('',#7916,.T.);
#8574=FACE_BOUND('',#7917,.T.);
#8575=FACE_BOUND('',#7918,.T.);
#8576=FACE_BOUND('',#7919,.T.);
#8577=FACE_BOUND('',#7920,.T.);
#8578=FACE_BOUND('',#7921,.T.);
#8579=FACE_BOUND('',#7922,.T.);
#8580=FACE_BOUND('',#7923,.T.);
#8581=FACE_BOUND('',#7924,.T.);
#8582=FACE_BOUND('',#7925,.T.);
#8583=FACE_BOUND('',#7926,.T.);
#8584=FACE_BOUND('',#7927,.T.);
#8585=FACE_BOUND('',#7928,.T.);
#8586=FACE_BOUND('',#7929,.T.);
#8587=FACE_BOUND('',#7930,.T.);
#8588=FACE_BOUND('',#7931,.T.);
#8589=FACE_BOUND('',#7932,.T.);
#8590=FACE_BOUND('',#7933,.T.);
#8591=FACE_BOUND('',#7934,.T.);
#8592=FACE_BOUND('',#7935,.T.);
#8593=FACE_BOUND('',#7936,.T.);
#8594=FACE_BOUND('',#7937,.T.);
#8595=FACE_BOUND('',#7938,.T.);
#8596=FACE_BOUND('',#7939,.T.);
#8597=FACE_BOUND('',#7940,.T.);
#8598=FACE_BOUND('',#7941,.T.);
#8599=FACE_BOUND('',#7942,.T.);
#8600=FACE_BOUND('',#7943,.T.);
#8601=FACE_BOUND('',#7944,.T.);
#8602=FACE_BOUND('',#7945,.T.);
#8603=FACE_BOUND('',#7946,.T.);
#8604=FACE_BOUND('',#7947,.T.);
#8605=FACE_BOUND('',#7948,.T.);
#8606=FACE_BOUND('',#7949,.T.);
#8607=FACE_BOUND('',#7950,.T.);
#8608=FACE_BOUND('',#7951,.T.);
#8609=FACE_BOUND('',#7952,.T.);
#8610=FACE_BOUND('',#7953,.T.);
#8611=FACE_BOUND('',#7954,.T.);
#8612=FACE_BOUND('',#7955,.T.);
#8613=FACE_BOUND('',#7956,.T.);
#8614=FACE_BOUND('',#7957,.T.);
#8615=FACE_BOUND('',#7958,.T.);
#8616=FACE_BOUND('',#7959,.T.);
#8617=FACE_BOUND('',#7960,.T.);
#8618=FACE_BOUND('',#7961,.T.);
#8619=FACE_BOUND('',#7962,.T.);
#8620=FACE_BOUND('',#7963,.T.);
#8621=FACE_BOUND('',#7964,.T.);
#8622=FACE_BOUND('',#7965,.T.);
#8623=FACE_BOUND('',#7966,.T.);
#8624=FACE_BOUND('',#7967,.T.);
#8625=FACE_BOUND('',#7968,.T.);
#8626=FACE_BOUND('',#7969,.T.);
#8627=FACE_BOUND('',#7970,.T.);
#8628=FACE_BOUND('',#7971,.T.);
#8629=FACE_BOUND('',#7972,.T.);
#8630=FACE_BOUND('',#7973,.T.);
#8631=FACE_BOUND('',#7974,.T.);
#8632=FACE_BOUND('',#7975,.T.);
#8633=FACE_BOUND('',#7976,.T.);
#8634=FACE_BOUND('',#7977,.T.);
#8635=FACE_BOUND('',#7978,.T.);
#8636=FACE_BOUND('',#7979,.T.);
#8637=FACE_BOUND('',#7980,.T.);
#8638=FACE_BOUND('',#7981,.T.);
#8639=FACE_BOUND('',#7982,.T.);
#8640=FACE_BOUND('',#7983,.T.);
#8641=FACE_BOUND('',#7984,.T.);
#8642=FACE_BOUND('',#7985,.T.);
#8643=FACE_BOUND('',#7986,.T.);
#8644=FACE_BOUND('',#7987,.T.);
#8645=FACE_BOUND('',#7988,.T.);
#8646=FACE_BOUND('',#7989,.T.);
#8647=FACE_BOUND('',#7990,.T.);
#8648=FACE_BOUND('',#7991,.T.);
#8649=FACE_BOUND('',#7992,.T.);
#8650=FACE_BOUND('',#7993,.T.);
#8651=FACE_BOUND('',#7994,.T.);
#8652=FACE_BOUND('',#7995,.T.);
#8653=FACE_BOUND('',#7996,.T.);
#8654=FACE_BOUND('',#7997,.T.);
#8655=FACE_BOUND('',#7998,.T.);
#8656=FACE_BOUND('',#7999,.T.);
#8657=FACE_BOUND('',#8000,.T.);
#8658=FACE_BOUND('',#8001,.T.);
#8659=FACE_BOUND('',#8002,.T.);
#8660=FACE_BOUND('',#8003,.T.);
#8661=FACE_BOUND('',#8004,.T.);
#8662=FACE_BOUND('',#8005,.T.);
#8663=FACE_BOUND('',#8006,.T.);
#8664=FACE_BOUND('',#8007,.T.);
#8665=FACE_BOUND('',#8008,.T.);
#8666=FACE_BOUND('',#8009,.T.);
#8667=FACE_BOUND('',#8010,.T.);
#8668=FACE_BOUND('',#8011,.T.);
#8669=FACE_BOUND('',#8012,.T.);
#8670=FACE_BOUND('',#8013,.T.);
#8671=FACE_BOUND('',#8014,.T.);
#8672=FACE_BOUND('',#8015,.T.);
#8673=FACE_BOUND('',#8016,.T.);
#8674=FACE_BOUND('',#8017,.T.);
#8675=FACE_BOUND('',#8018,.T.);
#8676=FACE_BOUND('',#8019,.T.);
#8677=FACE_BOUND('',#8020,.T.);
#8678=FACE_BOUND('',#8021,.T.);
#8679=FACE_BOUND('',#8022,.T.);
#8680=FACE_BOUND('',#8023,.T.);
#8681=FACE_BOUND('',#8024,.T.);
#8682=FACE_BOUND('',#8025,.T.);
#8683=FACE_BOUND('',#8026,.T.);
#8684=FACE_BOUND('',#8027,.T.);
#8685=FACE_BOUND('',#8028,.T.);
#8686=FACE_BOUND('',#8029,.T.);
#8687=FACE_BOUND('',#8030,.T.);
#8688=FACE_BOUND('',#8031,.T.);
#8689=FACE_BOUND('',#8032,.T.);
#8690=FACE_BOUND('',#8033,.T.);
#8691=FACE_BOUND('',#8034,.T.);
#8692=FACE_BOUND('',#8035,.T.);
#8693=FACE_BOUND('',#8036,.T.);
#8694=FACE_BOUND('',#8037,.T.);
#8695=FACE_BOUND('',#8038,.T.);
#8696=FACE_BOUND('',#8039,.T.);
#8697=FACE_BOUND('',#8040,.T.);
#8698=FACE_BOUND('',#8041,.T.);
#8699=FACE_BOUND('',#8042,.T.);
#8700=FACE_BOUND('',#8043,.T.);
#8701=FACE_BOUND('',#8044,.T.);
#8702=FACE_BOUND('',#8045,.T.);
#8703=FACE_BOUND('',#8046,.T.);
#8704=FACE_BOUND('',#8047,.T.);
#8705=FACE_BOUND('',#8048,.T.);
#8706=FACE_BOUND('',#8049,.T.);
#8707=FACE_BOUND('',#8050,.T.);
#8708=FACE_BOUND('',#8051,.T.);
#8709=FACE_BOUND('',#8052,.T.);
#8710=FACE_BOUND('',#8053,.T.);
#8711=FACE_BOUND('',#8054,.T.);
#8712=FACE_BOUND('',#8055,.T.);
#8713=FACE_BOUND('',#8056,.T.);
#8714=FACE_BOUND('',#8057,.T.);
#8715=FACE_BOUND('',#8058,.T.);
#8716=FACE_BOUND('',#8059,.T.);
#8717=FACE_BOUND('',#8060,.T.);
#8718=FACE_BOUND('',#8061,.T.);
#8719=FACE_BOUND('',#8062,.T.);
#8720=FACE_BOUND('',#8063,.T.);
#8721=FACE_BOUND('',#8064,.T.);
#8722=FACE_BOUND('',#8065,.T.);
#8723=FACE_BOUND('',#8066,.T.);
#8724=FACE_BOUND('',#8067,.T.);
#8725=FACE_BOUND('',#8068,.T.);
#8726=FACE_BOUND('',#8069,.T.);
#8727=FACE_BOUND('',#8070,.T.);
#8728=FACE_BOUND('',#8071,.T.);
#8729=FACE_BOUND('',#8072,.T.);
#8730=CYLINDRICAL_SURFACE('',#9628,0.004);
#8731=CYLINDRICAL_SURFACE('',#9648,0.00265);
#8732=CYLINDRICAL_SURFACE('',#9652,0.00265);
#8733=CYLINDRICAL_SURFACE('',#9661,0.0005);
#8734=CYLINDRICAL_SURFACE('',#9662,0.0005);
#8735=CYLINDRICAL_SURFACE('',#9663,0.0005);
#8736=CYLINDRICAL_SURFACE('',#9664,0.0005);
#8737=CYLINDRICAL_SURFACE('',#9665,0.0109999999999998);
#8738=CYLINDRICAL_SURFACE('',#9668,0.0109999999999998);
#8739=CYLINDRICAL_SURFACE('',#9675,0.0005);
#8740=CYLINDRICAL_SURFACE('',#9676,0.0005);
#8741=CYLINDRICAL_SURFACE('',#9677,0.0005);
#8742=CYLINDRICAL_SURFACE('',#9678,0.0005);
#8743=CYLINDRICAL_SURFACE('',#9679,0.0109999999999998);
#8744=CYLINDRICAL_SURFACE('',#9686,0.0005);
#8745=CYLINDRICAL_SURFACE('',#9687,0.0005);
#8746=CYLINDRICAL_SURFACE('',#9688,0.0005);
#8747=CYLINDRICAL_SURFACE('',#9689,0.0005);
#8748=CYLINDRICAL_SURFACE('',#9690,0.0109999999999998);
#8749=CYLINDRICAL_SURFACE('',#9698,0.0005);
#8750=CYLINDRICAL_SURFACE('',#9700,0.0005);
#8751=CYLINDRICAL_SURFACE('',#9702,0.0005);
#8752=CYLINDRICAL_SURFACE('',#9703,0.0005);
#8753=CYLINDRICAL_SURFACE('',#9704,0.0005);
#8754=CYLINDRICAL_SURFACE('',#9705,0.0109999999999998);
#8755=CYLINDRICAL_SURFACE('',#9712,0.0005);
#8756=CYLINDRICAL_SURFACE('',#9713,0.0005);
#8757=CYLINDRICAL_SURFACE('',#9714,0.0005);
#8758=CYLINDRICAL_SURFACE('',#9715,0.0005);
#8759=CYLINDRICAL_SURFACE('',#9716,0.015);
#8760=CYLINDRICAL_SURFACE('',#9746,0.004);
#8761=CYLINDRICAL_SURFACE('',#9748,0.004);
#8762=CYLINDRICAL_SURFACE('',#9784,0.005);
#8763=CYLINDRICAL_SURFACE('',#9788,0.005);
#8764=CYLINDRICAL_SURFACE('',#9792,0.005);
#8765=CYLINDRICAL_SURFACE('',#9795,0.005);
#8766=CYLINDRICAL_SURFACE('',#9800,0.004);
#8767=CYLINDRICAL_SURFACE('',#9803,0.004);
#8768=CYLINDRICAL_SURFACE('',#9804,0.006);
#8769=CYLINDRICAL_SURFACE('',#9809,0.006);
#8770=CYLINDRICAL_SURFACE('',#9816,0.004);
#8771=CYLINDRICAL_SURFACE('',#9820,0.004);
#8772=CYLINDRICAL_SURFACE('',#9913,0.004);
#8773=CYLINDRICAL_SURFACE('',#9914,0.004);
#8774=CYLINDRICAL_SURFACE('',#9915,0.004);
#8775=CYLINDRICAL_SURFACE('',#9918,0.004);
#8776=CYLINDRICAL_SURFACE('',#9923,0.004);
#8777=CYLINDRICAL_SURFACE('',#9926,0.004);
#8778=CYLINDRICAL_SURFACE('',#9971,0.002);
#8779=CYLINDRICAL_SURFACE('',#9973,0.002);
#8780=CYLINDRICAL_SURFACE('',#9979,0.002);
#8781=CYLINDRICAL_SURFACE('',#9981,0.002);
#8782=CYLINDRICAL_SURFACE('',#9983,0.006);
#8783=CYLINDRICAL_SURFACE('',#9986,0.006);
#8784=CYLINDRICAL_SURFACE('',#10036,0.0109999999999998);
#8785=CYLINDRICAL_SURFACE('',#10039,0.015);
#8786=CYLINDRICAL_SURFACE('',#10052,0.00095);
#8787=CYLINDRICAL_SURFACE('',#10063,0.00095);
#8788=CYLINDRICAL_SURFACE('',#10074,0.00095);
#8789=CYLINDRICAL_SURFACE('',#10078,0.004);
#8790=CYLINDRICAL_SURFACE('',#10107,0.00265);
#8791=CYLINDRICAL_SURFACE('',#10111,0.00265);
#8792=CYLINDRICAL_SURFACE('',#10120,0.0005);
#8793=CYLINDRICAL_SURFACE('',#10121,0.0005);
#8794=CYLINDRICAL_SURFACE('',#10122,0.0005);
#8795=CYLINDRICAL_SURFACE('',#10123,0.0005);
#8796=CYLINDRICAL_SURFACE('',#10124,0.0109999999999998);
#8797=CYLINDRICAL_SURFACE('',#10127,0.0109999999999998);
#8798=CYLINDRICAL_SURFACE('',#10134,0.0005);
#8799=CYLINDRICAL_SURFACE('',#10135,0.0005);
#8800=CYLINDRICAL_SURFACE('',#10136,0.0005);
#8801=CYLINDRICAL_SURFACE('',#10137,0.0005);
#8802=CYLINDRICAL_SURFACE('',#10138,0.0109999999999998);
#8803=CYLINDRICAL_SURFACE('',#10145,0.0005);
#8804=CYLINDRICAL_SURFACE('',#10146,0.0005);
#8805=CYLINDRICAL_SURFACE('',#10147,0.0005);
#8806=CYLINDRICAL_SURFACE('',#10148,0.0005);
#8807=CYLINDRICAL_SURFACE('',#10149,0.0109999999999998);
#8808=CYLINDRICAL_SURFACE('',#10157,0.0005);
#8809=CYLINDRICAL_SURFACE('',#10159,0.0005);
#8810=CYLINDRICAL_SURFACE('',#10161,0.0005);
#8811=CYLINDRICAL_SURFACE('',#10162,0.0005);
#8812=CYLINDRICAL_SURFACE('',#10163,0.0005);
#8813=CYLINDRICAL_SURFACE('',#10164,0.0109999999999998);
#8814=CYLINDRICAL_SURFACE('',#10171,0.0005);
#8815=CYLINDRICAL_SURFACE('',#10172,0.0005);
#8816=CYLINDRICAL_SURFACE('',#10173,0.0005);
#8817=CYLINDRICAL_SURFACE('',#10174,0.0005);
#8818=CYLINDRICAL_SURFACE('',#10175,0.015);
#8819=CYLINDRICAL_SURFACE('',#10180,0.004);
#8820=CYLINDRICAL_SURFACE('',#10182,0.004);
#8821=CYLINDRICAL_SURFACE('',#10184,0.004);
#8822=CYLINDRICAL_SURFACE('',#10186,0.004);
#8823=CYLINDRICAL_SURFACE('',#10188,0.004);
#8824=CYLINDRICAL_SURFACE('',#10192,0.0109999999999998);
#8825=CYLINDRICAL_SURFACE('',#10195,0.015);
#8826=CYLINDRICAL_SURFACE('',#10214,0.004);
#8827=CYLINDRICAL_SURFACE('',#10230,0.00265);
#8828=CYLINDRICAL_SURFACE('',#10234,0.00265);
#8829=CYLINDRICAL_SURFACE('',#10243,0.0005);
#8830=CYLINDRICAL_SURFACE('',#10244,0.0005);
#8831=CYLINDRICAL_SURFACE('',#10245,0.0005);
#8832=CYLINDRICAL_SURFACE('',#10246,0.0005);
#8833=CYLINDRICAL_SURFACE('',#10247,0.0109999999999998);
#8834=CYLINDRICAL_SURFACE('',#10250,0.0109999999999998);
#8835=CYLINDRICAL_SURFACE('',#10257,0.0005);
#8836=CYLINDRICAL_SURFACE('',#10258,0.0005);
#8837=CYLINDRICAL_SURFACE('',#10259,0.0005);
#8838=CYLINDRICAL_SURFACE('',#10260,0.0005);
#8839=CYLINDRICAL_SURFACE('',#10261,0.0109999999999998);
#8840=CYLINDRICAL_SURFACE('',#10268,0.0005);
#8841=CYLINDRICAL_SURFACE('',#10269,0.0005);
#8842=CYLINDRICAL_SURFACE('',#10270,0.0005);
#8843=CYLINDRICAL_SURFACE('',#10271,0.0005);
#8844=CYLINDRICAL_SURFACE('',#10272,0.0109999999999998);
#8845=CYLINDRICAL_SURFACE('',#10280,0.0005);
#8846=CYLINDRICAL_SURFACE('',#10282,0.0005);
#8847=CYLINDRICAL_SURFACE('',#10284,0.0005);
#8848=CYLINDRICAL_SURFACE('',#10285,0.0005);
#8849=CYLINDRICAL_SURFACE('',#10286,0.0005);
#8850=CYLINDRICAL_SURFACE('',#10287,0.0109999999999998);
#8851=CYLINDRICAL_SURFACE('',#10294,0.0005);
#8852=CYLINDRICAL_SURFACE('',#10295,0.0005);
#8853=CYLINDRICAL_SURFACE('',#10296,0.0005);
#8854=CYLINDRICAL_SURFACE('',#10297,0.0005);
#8855=CYLINDRICAL_SURFACE('',#10298,0.015);
#8856=CYLINDRICAL_SURFACE('',#10303,0.004);
#8857=CYLINDRICAL_SURFACE('',#10305,0.004);
#8858=CYLINDRICAL_SURFACE('',#10307,0.004);
#8859=CYLINDRICAL_SURFACE('',#10309,0.004);
#8860=CYLINDRICAL_SURFACE('',#10311,0.004);
#8861=CYLINDRICAL_SURFACE('',#10315,0.004);
#8862=CYLINDRICAL_SURFACE('',#10335,0.00265);
#8863=CYLINDRICAL_SURFACE('',#10339,0.00265);
#8864=CYLINDRICAL_SURFACE('',#10348,0.0005);
#8865=CYLINDRICAL_SURFACE('',#10349,0.0005);
#8866=CYLINDRICAL_SURFACE('',#10350,0.0005);
#8867=CYLINDRICAL_SURFACE('',#10351,0.0005);
#8868=CYLINDRICAL_SURFACE('',#10352,0.0109999999999998);
#8869=CYLINDRICAL_SURFACE('',#10355,0.0109999999999998);
#8870=CYLINDRICAL_SURFACE('',#10362,0.0005);
#8871=CYLINDRICAL_SURFACE('',#10363,0.0005);
#8872=CYLINDRICAL_SURFACE('',#10364,0.0005);
#8873=CYLINDRICAL_SURFACE('',#10365,0.0005);
#8874=CYLINDRICAL_SURFACE('',#10366,0.0109999999999998);
#8875=CYLINDRICAL_SURFACE('',#10373,0.0005);
#8876=CYLINDRICAL_SURFACE('',#10374,0.0005);
#8877=CYLINDRICAL_SURFACE('',#10375,0.0005);
#8878=CYLINDRICAL_SURFACE('',#10376,0.0005);
#8879=CYLINDRICAL_SURFACE('',#10377,0.0109999999999998);
#8880=CYLINDRICAL_SURFACE('',#10385,0.0005);
#8881=CYLINDRICAL_SURFACE('',#10387,0.0005);
#8882=CYLINDRICAL_SURFACE('',#10389,0.0005);
#8883=CYLINDRICAL_SURFACE('',#10390,0.0005);
#8884=CYLINDRICAL_SURFACE('',#10391,0.0005);
#8885=CYLINDRICAL_SURFACE('',#10392,0.0109999999999998);
#8886=CYLINDRICAL_SURFACE('',#10399,0.0005);
#8887=CYLINDRICAL_SURFACE('',#10400,0.0005);
#8888=CYLINDRICAL_SURFACE('',#10401,0.0005);
#8889=CYLINDRICAL_SURFACE('',#10402,0.0005);
#8890=CYLINDRICAL_SURFACE('',#10403,0.015);
#8891=CYLINDRICAL_SURFACE('',#10409,0.0109999999999998);
#8892=CYLINDRICAL_SURFACE('',#10412,0.015);
#8893=CYLINDRICAL_SURFACE('',#10418,0.0109999999999998);
#8894=CYLINDRICAL_SURFACE('',#10421,0.015);
#8895=CYLINDRICAL_SURFACE('',#10434,0.00095);
#8896=CYLINDRICAL_SURFACE('',#10438,0.0109999999999998);
#8897=CYLINDRICAL_SURFACE('',#10441,0.015);
#8898=CYLINDRICAL_SURFACE('',#10447,0.0109999999999998);
#8899=CYLINDRICAL_SURFACE('',#10450,0.015);
#8900=ADVANCED_FACE('',(#8073,#8074),#8730,.T.);
#8901=ADVANCED_FACE('',(#8075),#79,.F.);
#8902=ADVANCED_FACE('',(#8076),#80,.F.);
#8903=ADVANCED_FACE('',(#8077),#8731,.F.);
#8904=ADVANCED_FACE('',(#8078),#81,.T.);
#8905=ADVANCED_FACE('',(#8079),#8732,.F.);
#8906=ADVANCED_FACE('',(#8080,#8081),#82,.T.);
#8907=ADVANCED_FACE('',(#8082),#83,.T.);
#8908=ADVANCED_FACE('',(#8083),#84,.F.);
#8909=ADVANCED_FACE('',(#8084),#85,.T.);
#8910=ADVANCED_FACE('',(#8085),#86,.T.);
#8911=ADVANCED_FACE('',(#8086),#8733,.T.);
#8912=ADVANCED_FACE('',(#8087),#8734,.T.);
#8913=ADVANCED_FACE('',(#8088),#8735,.T.);
#8914=ADVANCED_FACE('',(#8089),#8736,.T.);
#8915=ADVANCED_FACE('',(#8090),#8737,.F.);
#8916=ADVANCED_FACE('',(#8091),#8738,.F.);
#8917=ADVANCED_FACE('',(#8092),#87,.F.);
#8918=ADVANCED_FACE('',(#8093),#88,.T.);
#8919=ADVANCED_FACE('',(#8094),#89,.T.);
#8920=ADVANCED_FACE('',(#8095),#8739,.T.);
#8921=ADVANCED_FACE('',(#8096),#8740,.T.);
#8922=ADVANCED_FACE('',(#8097),#8741,.T.);
#8923=ADVANCED_FACE('',(#8098),#8742,.T.);
#8924=ADVANCED_FACE('',(#8099),#8743,.F.);
#8925=ADVANCED_FACE('',(#8100),#90,.F.);
#8926=ADVANCED_FACE('',(#8101),#91,.T.);
#8927=ADVANCED_FACE('',(#8102),#92,.T.);
#8928=ADVANCED_FACE('',(#8103),#8744,.T.);
#8929=ADVANCED_FACE('',(#8104),#8745,.T.);
#8930=ADVANCED_FACE('',(#8105),#8746,.T.);
#8931=ADVANCED_FACE('',(#8106),#8747,.T.);
#8932=ADVANCED_FACE('',(#8107),#8748,.F.);
#8933=ADVANCED_FACE('',(#8108),#93,.F.);
#8934=ADVANCED_FACE('',(#8109),#94,.T.);
#8935=ADVANCED_FACE('',(#8110),#95,.T.);
#8936=ADVANCED_FACE('',(#8111),#8749,.T.);
#8937=ADVANCED_FACE('',(#8112),#8750,.T.);
#8938=ADVANCED_FACE('',(#8113),#8751,.T.);
#8939=ADVANCED_FACE('',(#8114),#8752,.T.);
#8940=ADVANCED_FACE('',(#8115),#8753,.T.);
#8941=ADVANCED_FACE('',(#8116),#8754,.F.);
#8942=ADVANCED_FACE('',(#8117),#96,.F.);
#8943=ADVANCED_FACE('',(#8118),#97,.T.);
#8944=ADVANCED_FACE('',(#8119),#98,.T.);
#8945=ADVANCED_FACE('',(#8120),#8755,.T.);
#8946=ADVANCED_FACE('',(#8121),#8756,.T.);
#8947=ADVANCED_FACE('',(#8122),#8757,.T.);
#8948=ADVANCED_FACE('',(#8123),#8758,.T.);
#8949=ADVANCED_FACE('',(#8124,#8125),#8759,.T.);
#8950=ADVANCED_FACE('',(#8126,#8127),#51,.T.);
#8951=ADVANCED_FACE('',(#8128,#8129),#52,.T.);
#8952=ADVANCED_FACE('',(#8130),#99,.F.);
#8953=ADVANCED_FACE('',(#8131),#100,.F.);
#8954=ADVANCED_FACE('',(#8132,#8133,#8134),#101,.T.);
#8955=ADVANCED_FACE('',(#8135),#102,.T.);
#8956=ADVANCED_FACE('',(#8136),#103,.T.);
#8957=ADVANCED_FACE('',(#8137),#104,.T.);
#8958=ADVANCED_FACE('',(#8138),#105,.F.);
#8959=ADVANCED_FACE('',(#8139),#106,.F.);
#8960=ADVANCED_FACE('',(#8140),#107,.T.);
#8961=ADVANCED_FACE('',(#8141,#8142,#8143,#8144,#8145),#108,.F.);
#8962=ADVANCED_FACE('',(#8146),#109,.T.);
#8963=ADVANCED_FACE('',(#8147),#110,.T.);
#8964=ADVANCED_FACE('',(#8148),#111,.F.);
#8965=ADVANCED_FACE('',(#8149),#112,.F.);
#8966=ADVANCED_FACE('',(#8150),#113,.T.);
#8967=ADVANCED_FACE('',(#8151),#114,.T.);
#8968=ADVANCED_FACE('',(#8152,#8153),#8760,.F.);
#8969=ADVANCED_FACE('',(#8154,#8155),#8761,.F.);
#8970=ADVANCED_FACE('',(#8156),#115,.F.);
#8971=ADVANCED_FACE('',(#8157),#116,.T.);
#8972=ADVANCED_FACE('',(#8158),#117,.F.);
#8973=ADVANCED_FACE('',(#8159),#118,.F.);
#8974=ADVANCED_FACE('',(#8160),#119,.T.);
#8975=ADVANCED_FACE('',(#8161),#120,.T.);
#8976=ADVANCED_FACE('',(#8162),#121,.F.);
#8977=ADVANCED_FACE('',(#8163),#122,.F.);
#8978=ADVANCED_FACE('',(#8164),#123,.T.);
#8979=ADVANCED_FACE('',(#8165),#124,.F.);
#8980=ADVANCED_FACE('',(#8166),#125,.T.);
#8981=ADVANCED_FACE('',(#8167),#126,.T.);
#8982=ADVANCED_FACE('',(#8168),#127,.F.);
#8983=ADVANCED_FACE('',(#8169),#128,.F.);
#8984=ADVANCED_FACE('',(#8170),#129,.T.);
#8985=ADVANCED_FACE('',(#8171),#130,.F.);
#8986=ADVANCED_FACE('',(#8172),#131,.F.);
#8987=ADVANCED_FACE('',(#8173),#132,.T.);
#8988=ADVANCED_FACE('',(#8174),#133,.F.);
#8989=ADVANCED_FACE('',(#8175),#134,.T.);
#8990=ADVANCED_FACE('',(#8176),#135,.T.);
#8991=ADVANCED_FACE('',(#8177),#136,.F.);
#8992=ADVANCED_FACE('',(#8178),#137,.F.);
#8993=ADVANCED_FACE('',(#8179),#138,.T.);
#8994=ADVANCED_FACE('',(#8180),#139,.F.);
#8995=ADVANCED_FACE('',(#8181),#140,.T.);
#8996=ADVANCED_FACE('',(#8182),#141,.T.);
#8997=ADVANCED_FACE('',(#8183),#142,.F.);
#8998=ADVANCED_FACE('',(#8184),#143,.F.);
#8999=ADVANCED_FACE('',(#8185),#144,.T.);
#9000=ADVANCED_FACE('',(#8186),#145,.F.);
#9001=ADVANCED_FACE('',(#8187),#146,.F.);
#9002=ADVANCED_FACE('',(#8188),#147,.T.);
#9003=ADVANCED_FACE('',(#8189),#148,.F.);
#9004=ADVANCED_FACE('',(#8190,#8191),#8762,.T.);
#9005=ADVANCED_FACE('',(#8192,#8193),#149,.T.);
#9006=ADVANCED_FACE('',(#8194,#8195),#8763,.T.);
#9007=ADVANCED_FACE('',(#8196,#8197),#150,.T.);
#9008=ADVANCED_FACE('',(#8198,#8199),#8764,.T.);
#9009=ADVANCED_FACE('',(#8200,#8201),#151,.T.);
#9010=ADVANCED_FACE('',(#8202,#8203),#8765,.T.);
#9011=ADVANCED_FACE('',(#8204,#8205),#152,.T.);
#9012=ADVANCED_FACE('',(#8206),#153,.F.);
#9013=ADVANCED_FACE('',(#8207,#8208),#8766,.F.);
#9014=ADVANCED_FACE('',(#8209),#154,.F.);
#9015=ADVANCED_FACE('',(#8210,#8211),#8767,.F.);
#9016=ADVANCED_FACE('',(#8212,#8213),#8768,.T.);
#9017=ADVANCED_FACE('',(#8214,#8215),#155,.T.);
#9018=ADVANCED_FACE('',(#8216,#8217),#8769,.T.);
#9019=ADVANCED_FACE('',(#8218,#8219),#156,.T.);
#9020=ADVANCED_FACE('',(#8220),#157,.T.);
#9021=ADVANCED_FACE('',(#8221,#8222),#8770,.T.);
#9022=ADVANCED_FACE('',(#8223),#158,.T.);
#9023=ADVANCED_FACE('',(#8224,#8225),#8771,.T.);
#9024=ADVANCED_FACE('',(#8226),#159,.T.);
#9025=ADVANCED_FACE('',(#8227),#160,.T.);
#9026=ADVANCED_FACE('',(#8228),#161,.T.);
#9027=ADVANCED_FACE('',(#8229),#162,.T.);
#9028=ADVANCED_FACE('',(#8230),#163,.T.);
#9029=ADVANCED_FACE('',(#8231),#164,.T.);
#9030=ADVANCED_FACE('',(#8232),#165,.T.);
#9031=ADVANCED_FACE('',(#8233),#166,.T.);
#9032=ADVANCED_FACE('',(#8234),#167,.T.);
#9033=ADVANCED_FACE('',(#8235),#168,.T.);
#9034=ADVANCED_FACE('',(#8236),#169,.T.);
#9035=ADVANCED_FACE('',(#8237),#170,.T.);
#9036=ADVANCED_FACE('',(#8238,#8239),#15,.T.);
#9037=ADVANCED_FACE('',(#8240,#8241),#16,.T.);
#9038=ADVANCED_FACE('',(#8242,#8243),#17,.T.);
#9039=ADVANCED_FACE('',(#8244,#8245),#18,.T.);
#9040=ADVANCED_FACE('',(#8246),#171,.F.);
#9041=ADVANCED_FACE('',(#8247),#172,.F.);
#9042=ADVANCED_FACE('',(#8248),#173,.T.);
#9043=ADVANCED_FACE('',(#8249),#174,.F.);
#9044=ADVANCED_FACE('',(#8250),#175,.F.);
#9045=ADVANCED_FACE('',(#8251),#176,.T.);
#9046=ADVANCED_FACE('',(#8252),#177,.F.);
#9047=ADVANCED_FACE('',(#8253),#178,.T.);
#9048=ADVANCED_FACE('',(#8254),#179,.F.);
#9049=ADVANCED_FACE('',(#8255),#180,.T.);
#9050=ADVANCED_FACE('',(#8256),#181,.T.);
#9051=ADVANCED_FACE('',(#8257),#182,.F.);
#9052=ADVANCED_FACE('',(#8258),#183,.T.);
#9053=ADVANCED_FACE('',(#8259),#184,.T.);
#9054=ADVANCED_FACE('',(#8260),#185,.F.);
#9055=ADVANCED_FACE('',(#8261),#186,.T.);
#9056=ADVANCED_FACE('',(#8262),#187,.T.);
#9057=ADVANCED_FACE('',(#8263),#188,.F.);
#9058=ADVANCED_FACE('',(#8264),#189,.T.);
#9059=ADVANCED_FACE('',(#8265),#190,.T.);
#9060=ADVANCED_FACE('',(#8266),#191,.T.);
#9061=ADVANCED_FACE('',(#8267),#192,.T.);
#9062=ADVANCED_FACE('',(#8268),#193,.T.);
#9063=ADVANCED_FACE('',(#8269),#194,.F.);
#9064=ADVANCED_FACE('',(#8270),#195,.F.);
#9065=ADVANCED_FACE('',(#8271),#196,.F.);
#9066=ADVANCED_FACE('',(#8272),#197,.T.);
#9067=ADVANCED_FACE('',(#8273),#198,.F.);
#9068=ADVANCED_FACE('',(#8274),#199,.F.);
#9069=ADVANCED_FACE('',(#8275),#200,.F.);
#9070=ADVANCED_FACE('',(#8276),#201,.T.);
#9071=ADVANCED_FACE('',(#8277),#202,.T.);
#9072=ADVANCED_FACE('',(#8278),#203,.F.);
#9073=ADVANCED_FACE('',(#8279),#204,.T.);
#9074=ADVANCED_FACE('',(#8280),#205,.F.);
#9075=ADVANCED_FACE('',(#8281),#206,.F.);
#9076=ADVANCED_FACE('',(#8282),#207,.T.);
#9077=ADVANCED_FACE('',(#8283),#208,.T.);
#9078=ADVANCED_FACE('',(#8284,#8285,#8286,#8287,#8288),#209,.T.);
#9079=ADVANCED_FACE('',(#8289),#210,.T.);
#9080=ADVANCED_FACE('',(#8290),#211,.F.);
#9081=ADVANCED_FACE('',(#8291),#212,.F.);
#9082=ADVANCED_FACE('',(#8292),#213,.F.);
#9083=ADVANCED_FACE('',(#8293),#214,.T.);
#9084=ADVANCED_FACE('',(#8294),#215,.F.);
#9085=ADVANCED_FACE('',(#8295),#216,.F.);
#9086=ADVANCED_FACE('',(#8296),#217,.F.);
#9087=ADVANCED_FACE('',(#8297),#218,.T.);
#9088=ADVANCED_FACE('',(#8298),#219,.T.);
#9089=ADVANCED_FACE('',(#8299),#220,.F.);
#9090=ADVANCED_FACE('',(#8300),#221,.T.);
#9091=ADVANCED_FACE('',(#8301),#222,.F.);
#9092=ADVANCED_FACE('',(#8302),#223,.F.);
#9093=ADVANCED_FACE('',(#8303),#224,.T.);
#9094=ADVANCED_FACE('',(#8304),#225,.T.);
#9095=ADVANCED_FACE('',(#8305),#226,.T.);
#9096=ADVANCED_FACE('',(#8306),#227,.F.);
#9097=ADVANCED_FACE('',(#8307),#228,.T.);
#9098=ADVANCED_FACE('',(#8308),#229,.T.);
#9099=ADVANCED_FACE('',(#8309),#230,.F.);
#9100=ADVANCED_FACE('',(#8310),#231,.F.);
#9101=ADVANCED_FACE('',(#8311),#232,.T.);
#9102=ADVANCED_FACE('',(#8312),#233,.F.);
#9103=ADVANCED_FACE('',(#8313),#234,.T.);
#9104=ADVANCED_FACE('',(#8314),#235,.T.);
#9105=ADVANCED_FACE('',(#8315,#8316,#8317,#8318,#8319,#8320,#8321),#236,
 .F.);
#9106=ADVANCED_FACE('',(#8322,#8323),#8772,.F.);
#9107=ADVANCED_FACE('',(#8324,#8325),#8773,.F.);
#9108=ADVANCED_FACE('',(#8326,#8327),#8774,.T.);
#9109=ADVANCED_FACE('',(#8328),#237,.T.);
#9110=ADVANCED_FACE('',(#8329,#8330),#8775,.T.);
#9111=ADVANCED_FACE('',(#8331),#238,.T.);
#9112=ADVANCED_FACE('',(#8332),#239,.T.);
#9113=ADVANCED_FACE('',(#8333),#240,.T.);
#9114=ADVANCED_FACE('',(#8334,#8335),#8776,.T.);
#9115=ADVANCED_FACE('',(#8336),#241,.T.);
#9116=ADVANCED_FACE('',(#8337,#8338),#8777,.T.);
#9117=ADVANCED_FACE('',(#8339),#242,.T.);
#9118=ADVANCED_FACE('',(#8340),#243,.T.);
#9119=ADVANCED_FACE('',(#8341),#244,.T.);
#9120=ADVANCED_FACE('',(#8342),#245,.F.);
#9121=ADVANCED_FACE('',(#8343),#246,.F.);
#9122=ADVANCED_FACE('',(#8344),#247,.F.);
#9123=ADVANCED_FACE('',(#8345),#248,.T.);
#9124=ADVANCED_FACE('',(#8346),#249,.T.);
#9125=ADVANCED_FACE('',(#8347),#250,.T.);
#9126=ADVANCED_FACE('',(#8348),#251,.T.);
#9127=ADVANCED_FACE('',(#8349),#252,.T.);
#9128=ADVANCED_FACE('',(#8350),#253,.F.);
#9129=ADVANCED_FACE('',(#8351),#254,.T.);
#9130=ADVANCED_FACE('',(#8352),#255,.F.);
#9131=ADVANCED_FACE('',(#8353),#256,.T.);
#9132=ADVANCED_FACE('',(#8354),#257,.T.);
#9133=ADVANCED_FACE('',(#8355),#258,.T.);
#9134=ADVANCED_FACE('',(#8356),#259,.T.);
#9135=ADVANCED_FACE('',(#8357),#260,.F.);
#9136=ADVANCED_FACE('',(#8358),#261,.F.);
#9137=ADVANCED_FACE('',(#8359),#262,.F.);
#9138=ADVANCED_FACE('',(#8360),#263,.F.);
#9139=ADVANCED_FACE('',(#8361),#264,.F.);
#9140=ADVANCED_FACE('',(#8362,#8363),#265,.T.);
#9141=ADVANCED_FACE('',(#8364),#266,.T.);
#9142=ADVANCED_FACE('',(#8365),#267,.T.);
#9143=ADVANCED_FACE('',(#8366),#268,.F.);
#9144=ADVANCED_FACE('',(#8367),#269,.F.);
#9145=ADVANCED_FACE('',(#8368),#270,.F.);
#9146=ADVANCED_FACE('',(#8369),#271,.F.);
#9147=ADVANCED_FACE('',(#8370),#272,.T.);
#9148=ADVANCED_FACE('',(#8371),#273,.F.);
#9149=ADVANCED_FACE('',(#8372),#274,.T.);
#9150=ADVANCED_FACE('',(#8373),#275,.F.);
#9151=ADVANCED_FACE('',(#8374),#276,.F.);
#9152=ADVANCED_FACE('',(#8375),#277,.F.);
#9153=ADVANCED_FACE('',(#8376),#278,.F.);
#9154=ADVANCED_FACE('',(#8377),#279,.F.);
#9155=ADVANCED_FACE('',(#8378),#280,.T.);
#9156=ADVANCED_FACE('',(#8379),#281,.F.);
#9157=ADVANCED_FACE('',(#8380),#282,.F.);
#9158=ADVANCED_FACE('',(#8381,#8382),#8778,.F.);
#9159=ADVANCED_FACE('',(#8383,#8384),#8779,.F.);
#9160=ADVANCED_FACE('',(#8385),#283,.F.);
#9161=ADVANCED_FACE('',(#8386),#284,.F.);
#9162=ADVANCED_FACE('',(#8387,#8388),#8780,.F.);
#9163=ADVANCED_FACE('',(#8389,#8390),#8781,.F.);
#9164=ADVANCED_FACE('',(#8391,#8392),#8782,.T.);
#9165=ADVANCED_FACE('',(#8393,#8394),#8783,.T.);
#9166=ADVANCED_FACE('',(#8395,#8396,#8397,#8398,#8399,#8400,#8401),#285,
 .T.);
#9167=ADVANCED_FACE('',(#8402),#286,.F.);
#9168=ADVANCED_FACE('',(#8403,#8404,#8405,#8406,#8407),#287,.F.);
#9169=ADVANCED_FACE('',(#8408),#288,.F.);
#9170=ADVANCED_FACE('',(#8409),#289,.F.);
#9171=ADVANCED_FACE('',(#8410),#290,.T.);
#9172=ADVANCED_FACE('',(#8411),#291,.T.);
#9173=ADVANCED_FACE('',(#8412),#292,.T.);
#9174=ADVANCED_FACE('',(#8413),#293,.T.);
#9175=ADVANCED_FACE('',(#8414),#294,.T.);
#9176=ADVANCED_FACE('',(#8415),#295,.T.);
#9177=ADVANCED_FACE('',(#8416),#296,.T.);
#9178=ADVANCED_FACE('',(#8417),#297,.T.);
#9179=ADVANCED_FACE('',(#8418),#298,.T.);
#9180=ADVANCED_FACE('',(#8419),#299,.T.);
#9181=ADVANCED_FACE('',(#8420),#300,.T.);
#9182=ADVANCED_FACE('',(#8421),#301,.T.);
#9183=ADVANCED_FACE('',(#8422),#302,.T.);
#9184=ADVANCED_FACE('',(#8423),#303,.T.);
#9185=ADVANCED_FACE('',(#8424),#304,.T.);
#9186=ADVANCED_FACE('',(#8425),#305,.F.);
#9187=ADVANCED_FACE('',(#8426),#306,.T.);
#9188=ADVANCED_FACE('',(#8427),#307,.F.);
#9189=ADVANCED_FACE('',(#8428),#308,.T.);
#9190=ADVANCED_FACE('',(#8429),#309,.F.);
#9191=ADVANCED_FACE('',(#8430),#310,.F.);
#9192=ADVANCED_FACE('',(#8431),#311,.T.);
#9193=ADVANCED_FACE('',(#8432),#312,.T.);
#9194=ADVANCED_FACE('',(#8433),#313,.F.);
#9195=ADVANCED_FACE('',(#8434),#314,.F.);
#9196=ADVANCED_FACE('',(#8435),#315,.F.);
#9197=ADVANCED_FACE('',(#8436),#316,.F.);
#9198=ADVANCED_FACE('',(#8437),#317,.T.);
#9199=ADVANCED_FACE('',(#8438),#318,.F.);
#9200=ADVANCED_FACE('',(#8439),#319,.F.);
#9201=ADVANCED_FACE('',(#8440),#320,.F.);
#9202=ADVANCED_FACE('',(#8441),#321,.F.);
#9203=ADVANCED_FACE('',(#8442),#322,.T.);
#9204=ADVANCED_FACE('',(#8443),#323,.F.);
#9205=ADVANCED_FACE('',(#8444),#324,.T.);
#9206=ADVANCED_FACE('',(#8445),#325,.T.);
#9207=ADVANCED_FACE('',(#8446),#326,.F.);
#9208=ADVANCED_FACE('',(#8447),#327,.T.);
#9209=ADVANCED_FACE('',(#8448),#328,.F.);
#9210=ADVANCED_FACE('',(#8449),#329,.T.);
#9211=ADVANCED_FACE('',(#8450),#330,.T.);
#9212=ADVANCED_FACE('',(#8451,#8452),#8784,.F.);
#9213=ADVANCED_FACE('',(#8453,#8454),#8785,.T.);
#9214=ADVANCED_FACE('',(#8455,#8456),#53,.T.);
#9215=ADVANCED_FACE('',(#8457,#8458),#54,.T.);
#9216=ADVANCED_FACE('',(#8459),#331,.T.);
#9217=ADVANCED_FACE('',(#8460),#332,.F.);
#9218=ADVANCED_FACE('',(#8461),#333,.F.);
#9219=ADVANCED_FACE('',(#8462),#334,.T.);
#9220=ADVANCED_FACE('',(#8463,#8464),#335,.T.);
#9221=ADVANCED_FACE('',(#8465),#336,.F.);
#9222=ADVANCED_FACE('',(#8466,#8467),#8786,.T.);
#9223=ADVANCED_FACE('',(#8468),#337,.T.);
#9224=ADVANCED_FACE('',(#8469),#338,.T.);
#9225=ADVANCED_FACE('',(#8470),#339,.F.);
#9226=ADVANCED_FACE('',(#8471),#340,.F.);
#9227=ADVANCED_FACE('',(#8472),#341,.T.);
#9228=ADVANCED_FACE('',(#8473,#8474),#342,.T.);
#9229=ADVANCED_FACE('',(#8475),#343,.F.);
#9230=ADVANCED_FACE('',(#8476,#8477),#8787,.T.);
#9231=ADVANCED_FACE('',(#8478),#344,.T.);
#9232=ADVANCED_FACE('',(#8479),#345,.T.);
#9233=ADVANCED_FACE('',(#8480),#346,.F.);
#9234=ADVANCED_FACE('',(#8481),#347,.F.);
#9235=ADVANCED_FACE('',(#8482),#348,.T.);
#9236=ADVANCED_FACE('',(#8483,#8484),#349,.T.);
#9237=ADVANCED_FACE('',(#8485),#350,.F.);
#9238=ADVANCED_FACE('',(#8486,#8487),#8788,.T.);
#9239=ADVANCED_FACE('',(#8488),#351,.T.);
#9240=ADVANCED_FACE('',(#8489,#8490),#8789,.T.);
#9241=ADVANCED_FACE('',(#8491),#352,.F.);
#9242=ADVANCED_FACE('',(#8492),#353,.F.);
#9243=ADVANCED_FACE('',(#8493),#354,.F.);
#9244=ADVANCED_FACE('',(#8494),#355,.F.);
#9245=ADVANCED_FACE('',(#8495),#356,.F.);
#9246=ADVANCED_FACE('',(#8496),#357,.F.);
#9247=ADVANCED_FACE('',(#8497),#8790,.F.);
#9248=ADVANCED_FACE('',(#8498),#358,.T.);
#9249=ADVANCED_FACE('',(#8499),#8791,.F.);
#9250=ADVANCED_FACE('',(#8500,#8501),#359,.T.);
#9251=ADVANCED_FACE('',(#8502),#360,.T.);
#9252=ADVANCED_FACE('',(#8503),#361,.F.);
#9253=ADVANCED_FACE('',(#8504),#362,.T.);
#9254=ADVANCED_FACE('',(#8505),#363,.T.);
#9255=ADVANCED_FACE('',(#8506),#8792,.T.);
#9256=ADVANCED_FACE('',(#8507),#8793,.T.);
#9257=ADVANCED_FACE('',(#8508),#8794,.T.);
#9258=ADVANCED_FACE('',(#8509),#8795,.T.);
#9259=ADVANCED_FACE('',(#8510),#8796,.F.);
#9260=ADVANCED_FACE('',(#8511),#8797,.F.);
#9261=ADVANCED_FACE('',(#8512),#364,.F.);
#9262=ADVANCED_FACE('',(#8513),#365,.T.);
#9263=ADVANCED_FACE('',(#8514),#366,.T.);
#9264=ADVANCED_FACE('',(#8515),#8798,.T.);
#9265=ADVANCED_FACE('',(#8516),#8799,.T.);
#9266=ADVANCED_FACE('',(#8517),#8800,.T.);
#9267=ADVANCED_FACE('',(#8518),#8801,.T.);
#9268=ADVANCED_FACE('',(#8519),#8802,.F.);
#9269=ADVANCED_FACE('',(#8520),#367,.F.);
#9270=ADVANCED_FACE('',(#8521),#368,.T.);
#9271=ADVANCED_FACE('',(#8522),#369,.T.);
#9272=ADVANCED_FACE('',(#8523),#8803,.T.);
#9273=ADVANCED_FACE('',(#8524),#8804,.T.);
#9274=ADVANCED_FACE('',(#8525),#8805,.T.);
#9275=ADVANCED_FACE('',(#8526),#8806,.T.);
#9276=ADVANCED_FACE('',(#8527),#8807,.F.);
#9277=ADVANCED_FACE('',(#8528),#370,.F.);
#9278=ADVANCED_FACE('',(#8529),#371,.T.);
#9279=ADVANCED_FACE('',(#8530),#372,.T.);
#9280=ADVANCED_FACE('',(#8531),#8808,.T.);
#9281=ADVANCED_FACE('',(#8532),#8809,.T.);
#9282=ADVANCED_FACE('',(#8533),#8810,.T.);
#9283=ADVANCED_FACE('',(#8534),#8811,.T.);
#9284=ADVANCED_FACE('',(#8535),#8812,.T.);
#9285=ADVANCED_FACE('',(#8536),#8813,.F.);
#9286=ADVANCED_FACE('',(#8537),#373,.F.);
#9287=ADVANCED_FACE('',(#8538),#374,.T.);
#9288=ADVANCED_FACE('',(#8539),#375,.T.);
#9289=ADVANCED_FACE('',(#8540),#8814,.T.);
#9290=ADVANCED_FACE('',(#8541),#8815,.T.);
#9291=ADVANCED_FACE('',(#8542),#8816,.T.);
#9292=ADVANCED_FACE('',(#8543),#8817,.T.);
#9293=ADVANCED_FACE('',(#8544,#8545),#8818,.T.);
#9294=ADVANCED_FACE('',(#8546,#8547),#55,.T.);
#9295=ADVANCED_FACE('',(#8548,#8549),#56,.T.);
#9296=ADVANCED_FACE('',(#8550),#8819,.F.);
#9297=ADVANCED_FACE('',(#8551),#8820,.F.);
#9298=ADVANCED_FACE('',(#8552),#8821,.F.);
#9299=ADVANCED_FACE('',(#8553),#8822,.F.);
#9300=ADVANCED_FACE('',(#8554),#8823,.F.);
#9301=ADVANCED_FACE('',(#8555),#376,.T.);
#9302=ADVANCED_FACE('',(#8556,#8557),#8824,.F.);
#9303=ADVANCED_FACE('',(#8558,#8559),#8825,.T.);
#9304=ADVANCED_FACE('',(#8560,#8561),#57,.T.);
#9305=ADVANCED_FACE('',(#8562,#8563),#58,.T.);
#9306=ADVANCED_FACE('',(#8564),#377,.F.);
#9307=ADVANCED_FACE('',(#8565),#378,.F.);
#9308=ADVANCED_FACE('',(#8566),#379,.F.);
#9309=ADVANCED_FACE('',(#8567),#380,.F.);
#9310=ADVANCED_FACE('',(#8568,#8569),#8826,.T.);
#9311=ADVANCED_FACE('',(#8570),#381,.F.);
#9312=ADVANCED_FACE('',(#8571),#382,.F.);
#9313=ADVANCED_FACE('',(#8572),#8827,.F.);
#9314=ADVANCED_FACE('',(#8573),#383,.T.);
#9315=ADVANCED_FACE('',(#8574),#8828,.F.);
#9316=ADVANCED_FACE('',(#8575,#8576),#384,.T.);
#9317=ADVANCED_FACE('',(#8577),#385,.T.);
#9318=ADVANCED_FACE('',(#8578),#386,.F.);
#9319=ADVANCED_FACE('',(#8579),#387,.T.);
#9320=ADVANCED_FACE('',(#8580),#388,.T.);
#9321=ADVANCED_FACE('',(#8581),#8829,.T.);
#9322=ADVANCED_FACE('',(#8582),#8830,.T.);
#9323=ADVANCED_FACE('',(#8583),#8831,.T.);
#9324=ADVANCED_FACE('',(#8584),#8832,.T.);
#9325=ADVANCED_FACE('',(#8585),#8833,.F.);
#9326=ADVANCED_FACE('',(#8586),#8834,.F.);
#9327=ADVANCED_FACE('',(#8587),#389,.F.);
#9328=ADVANCED_FACE('',(#8588),#390,.T.);
#9329=ADVANCED_FACE('',(#8589),#391,.T.);
#9330=ADVANCED_FACE('',(#8590),#8835,.T.);
#9331=ADVANCED_FACE('',(#8591),#8836,.T.);
#9332=ADVANCED_FACE('',(#8592),#8837,.T.);
#9333=ADVANCED_FACE('',(#8593),#8838,.T.);
#9334=ADVANCED_FACE('',(#8594),#8839,.F.);
#9335=ADVANCED_FACE('',(#8595),#392,.F.);
#9336=ADVANCED_FACE('',(#8596),#393,.T.);
#9337=ADVANCED_FACE('',(#8597),#394,.T.);
#9338=ADVANCED_FACE('',(#8598),#8840,.T.);
#9339=ADVANCED_FACE('',(#8599),#8841,.T.);
#9340=ADVANCED_FACE('',(#8600),#8842,.T.);
#9341=ADVANCED_FACE('',(#8601),#8843,.T.);
#9342=ADVANCED_FACE('',(#8602),#8844,.F.);
#9343=ADVANCED_FACE('',(#8603),#395,.F.);
#9344=ADVANCED_FACE('',(#8604),#396,.T.);
#9345=ADVANCED_FACE('',(#8605),#397,.T.);
#9346=ADVANCED_FACE('',(#8606),#8845,.T.);
#9347=ADVANCED_FACE('',(#8607),#8846,.T.);
#9348=ADVANCED_FACE('',(#8608),#8847,.T.);
#9349=ADVANCED_FACE('',(#8609),#8848,.T.);
#9350=ADVANCED_FACE('',(#8610),#8849,.T.);
#9351=ADVANCED_FACE('',(#8611),#8850,.F.);
#9352=ADVANCED_FACE('',(#8612),#398,.F.);
#9353=ADVANCED_FACE('',(#8613),#399,.T.);
#9354=ADVANCED_FACE('',(#8614),#400,.T.);
#9355=ADVANCED_FACE('',(#8615),#8851,.T.);
#9356=ADVANCED_FACE('',(#8616),#8852,.T.);
#9357=ADVANCED_FACE('',(#8617),#8853,.T.);
#9358=ADVANCED_FACE('',(#8618),#8854,.T.);
#9359=ADVANCED_FACE('',(#8619,#8620),#8855,.T.);
#9360=ADVANCED_FACE('',(#8621,#8622),#59,.T.);
#9361=ADVANCED_FACE('',(#8623,#8624),#60,.T.);
#9362=ADVANCED_FACE('',(#8625),#8856,.F.);
#9363=ADVANCED_FACE('',(#8626),#8857,.F.);
#9364=ADVANCED_FACE('',(#8627),#8858,.F.);
#9365=ADVANCED_FACE('',(#8628),#8859,.F.);
#9366=ADVANCED_FACE('',(#8629),#8860,.F.);
#9367=ADVANCED_FACE('',(#8630),#401,.T.);
#9368=ADVANCED_FACE('',(#8631,#8632),#8861,.T.);
#9369=ADVANCED_FACE('',(#8633),#402,.F.);
#9370=ADVANCED_FACE('',(#8634),#403,.F.);
#9371=ADVANCED_FACE('',(#8635),#8862,.F.);
#9372=ADVANCED_FACE('',(#8636),#404,.T.);
#9373=ADVANCED_FACE('',(#8637),#8863,.F.);
#9374=ADVANCED_FACE('',(#8638,#8639),#405,.T.);
#9375=ADVANCED_FACE('',(#8640),#406,.T.);
#9376=ADVANCED_FACE('',(#8641),#407,.F.);
#9377=ADVANCED_FACE('',(#8642),#408,.T.);
#9378=ADVANCED_FACE('',(#8643),#409,.T.);
#9379=ADVANCED_FACE('',(#8644),#8864,.T.);
#9380=ADVANCED_FACE('',(#8645),#8865,.T.);
#9381=ADVANCED_FACE('',(#8646),#8866,.T.);
#9382=ADVANCED_FACE('',(#8647),#8867,.T.);
#9383=ADVANCED_FACE('',(#8648),#8868,.F.);
#9384=ADVANCED_FACE('',(#8649),#8869,.F.);
#9385=ADVANCED_FACE('',(#8650),#410,.F.);
#9386=ADVANCED_FACE('',(#8651),#411,.T.);
#9387=ADVANCED_FACE('',(#8652),#412,.T.);
#9388=ADVANCED_FACE('',(#8653),#8870,.T.);
#9389=ADVANCED_FACE('',(#8654),#8871,.T.);
#9390=ADVANCED_FACE('',(#8655),#8872,.T.);
#9391=ADVANCED_FACE('',(#8656),#8873,.T.);
#9392=ADVANCED_FACE('',(#8657),#8874,.F.);
#9393=ADVANCED_FACE('',(#8658),#413,.F.);
#9394=ADVANCED_FACE('',(#8659),#414,.T.);
#9395=ADVANCED_FACE('',(#8660),#415,.T.);
#9396=ADVANCED_FACE('',(#8661),#8875,.T.);
#9397=ADVANCED_FACE('',(#8662),#8876,.T.);
#9398=ADVANCED_FACE('',(#8663),#8877,.T.);
#9399=ADVANCED_FACE('',(#8664),#8878,.T.);
#9400=ADVANCED_FACE('',(#8665),#8879,.F.);
#9401=ADVANCED_FACE('',(#8666),#416,.F.);
#9402=ADVANCED_FACE('',(#8667),#417,.T.);
#9403=ADVANCED_FACE('',(#8668),#418,.T.);
#9404=ADVANCED_FACE('',(#8669),#8880,.T.);
#9405=ADVANCED_FACE('',(#8670),#8881,.T.);
#9406=ADVANCED_FACE('',(#8671),#8882,.T.);
#9407=ADVANCED_FACE('',(#8672),#8883,.T.);
#9408=ADVANCED_FACE('',(#8673),#8884,.T.);
#9409=ADVANCED_FACE('',(#8674),#8885,.F.);
#9410=ADVANCED_FACE('',(#8675),#419,.F.);
#9411=ADVANCED_FACE('',(#8676),#420,.T.);
#9412=ADVANCED_FACE('',(#8677),#421,.T.);
#9413=ADVANCED_FACE('',(#8678),#8886,.T.);
#9414=ADVANCED_FACE('',(#8679),#8887,.T.);
#9415=ADVANCED_FACE('',(#8680),#8888,.T.);
#9416=ADVANCED_FACE('',(#8681),#8889,.T.);
#9417=ADVANCED_FACE('',(#8682,#8683),#8890,.T.);
#9418=ADVANCED_FACE('',(#8684,#8685),#61,.T.);
#9419=ADVANCED_FACE('',(#8686,#8687),#62,.T.);
#9420=ADVANCED_FACE('',(#8688,#8689),#8891,.F.);
#9421=ADVANCED_FACE('',(#8690,#8691),#8892,.T.);
#9422=ADVANCED_FACE('',(#8692,#8693),#63,.T.);
#9423=ADVANCED_FACE('',(#8694,#8695),#64,.T.);
#9424=ADVANCED_FACE('',(#8696,#8697),#8893,.F.);
#9425=ADVANCED_FACE('',(#8698,#8699),#8894,.T.);
#9426=ADVANCED_FACE('',(#8700,#8701),#65,.T.);
#9427=ADVANCED_FACE('',(#8702,#8703),#66,.T.);
#9428=ADVANCED_FACE('',(#8704),#422,.T.);
#9429=ADVANCED_FACE('',(#8705),#423,.F.);
#9430=ADVANCED_FACE('',(#8706),#424,.F.);
#9431=ADVANCED_FACE('',(#8707),#425,.T.);
#9432=ADVANCED_FACE('',(#8708,#8709),#426,.T.);
#9433=ADVANCED_FACE('',(#8710),#427,.F.);
#9434=ADVANCED_FACE('',(#8711,#8712),#8895,.T.);
#9435=ADVANCED_FACE('',(#8713),#428,.T.);
#9436=ADVANCED_FACE('',(#8714,#8715),#8896,.F.);
#9437=ADVANCED_FACE('',(#8716,#8717),#8897,.T.);
#9438=ADVANCED_FACE('',(#8718,#8719),#67,.T.);
#9439=ADVANCED_FACE('',(#8720,#8721),#68,.T.);
#9440=ADVANCED_FACE('',(#8722,#8723),#8898,.F.);
#9441=ADVANCED_FACE('',(#8724,#8725),#8899,.T.);
#9442=ADVANCED_FACE('',(#8726,#8727),#69,.T.);
#9443=ADVANCED_FACE('',(#8728,#8729),#70,.T.);
#9444=CLOSED_SHELL('',(#8900,#8901,#8902,#8903,#8904,#8905,#8906,#8907,
#8908,#8909,#8910,#8911,#8912,#8913,#8914,#8915,#8916,#8917,#8918,#8919,
#8920,#8921,#8922,#8923,#8924,#8925,#8926,#8927,#8928,#8929,#8930,#8931,
#8932,#8933,#8934,#8935,#8936,#8937,#8938,#8939,#8940,#8941,#8942,#8943,
#8944,#8945,#8946,#8947,#8948,#8949,#8950,#8951));
#9445=CLOSED_SHELL('',(#8952,#8953,#8954,#8955,#8956,#8957,#8958,#8959,
#8960,#8961,#8962,#8963,#8964,#8965,#8966,#8967,#8968,#8969,#8970,#8971,
#8972,#8973,#8974,#8975,#8976,#8977,#8978,#8979,#8980,#8981,#8982,#8983,
#8984,#8985,#8986,#8987,#8988,#8989,#8990,#8991,#8992,#8993,#8994,#8995,
#8996,#8997,#8998,#8999,#9000,#9001,#9002,#9003,#9004,#9005,#9006,#9007,
#9008,#9009,#9010,#9011,#9012,#9013,#9014,#9015,#9016,#9017,#9018,#9019,
#9020,#9021,#9022,#9023,#9024,#9025,#9026,#9027,#9028,#9029,#9030,#9031,
#9032,#9033,#9034,#9035,#9036,#9037,#9038,#9039,#9040,#9041,#9042,#9043,
#9044,#9045,#9046,#9047,#9048,#9049,#9050,#9051,#9052,#9053,#9054,#9055));
#9446=CLOSED_SHELL('',(#9056,#9057,#9058,#9059,#9060,#9061,#9062,#9063,
#9064,#9065,#9066,#9067,#9068,#9069,#9070,#9071,#9072,#9073,#9074,#9075,
#9076,#9077,#9078,#9079,#9080,#9081,#9082,#9083,#9084,#9085,#9086,#9087,
#9088,#9089,#9090,#9091,#9092,#9093,#9094,#9095,#9096,#9097,#9098,#9099,
#9100,#9101,#9102,#9103,#9104,#9105,#9106,#9107,#9108,#9109,#9110,#9111,
#9112,#9113,#9114,#9115,#9116,#9117,#9118,#9119,#9120,#9121,#9122,#9123,
#9124,#9125,#9126,#9127,#9128,#9129,#9130,#9131,#9132,#9133,#9134,#9135,
#9136,#9137,#9138,#9139,#9140,#9141,#9142,#9143,#9144,#9145,#9146,#9147,
#9148,#9149,#9150,#9151,#9152,#9153,#9154,#9155,#9156,#9157,#9158,#9159,
#9160,#9161,#9162,#9163,#9164,#9165,#9166,#9167,#9168,#9169,#9170,#9171,
#9172,#9173,#9174,#9175,#9176,#9177,#9178,#9179,#9180,#9181,#9182,#9183));
#9447=CLOSED_SHELL('',(#9184,#9185,#9186,#9187,#9188));
#9448=CLOSED_SHELL('',(#9189,#9190,#9191,#9192,#9193,#9194,#9195,#9196,
#9197));
#9449=CLOSED_SHELL('',(#9198,#9199,#9200,#9201,#9202,#9203,#9204,#9205,
#9206));
#9450=CLOSED_SHELL('',(#9207,#9208,#9209,#9210,#9211));
#9451=CLOSED_SHELL('',(#9212,#9213,#9214,#9215));
#9452=CLOSED_SHELL('',(#9216,#9217,#9218,#9219,#9220,#9221,#9222,#9223));
#9453=CLOSED_SHELL('',(#9224,#9225,#9226,#9227,#9228,#9229,#9230,#9231));
#9454=CLOSED_SHELL('',(#9232,#9233,#9234,#9235,#9236,#9237,#9238,#9239));
#9455=CLOSED_SHELL('',(#9240,#9241,#9242,#9243,#9244,#9245,#9246,#9247,
#9248,#9249,#9250,#9251,#9252,#9253,#9254,#9255,#9256,#9257,#9258,#9259,
#9260,#9261,#9262,#9263,#9264,#9265,#9266,#9267,#9268,#9269,#9270,#9271,
#9272,#9273,#9274,#9275,#9276,#9277,#9278,#9279,#9280,#9281,#9282,#9283,
#9284,#9285,#9286,#9287,#9288,#9289,#9290,#9291,#9292,#9293,#9294,#9295,
#9296,#9297,#9298,#9299,#9300,#9301));
#9456=CLOSED_SHELL('',(#9302,#9303,#9304,#9305));
#9457=CLOSED_SHELL('',(#9306,#9307,#9308,#9309,#9310,#9311,#9312,#9313,
#9314,#9315,#9316,#9317,#9318,#9319,#9320,#9321,#9322,#9323,#9324,#9325,
#9326,#9327,#9328,#9329,#9330,#9331,#9332,#9333,#9334,#9335,#9336,#9337,
#9338,#9339,#9340,#9341,#9342,#9343,#9344,#9345,#9346,#9347,#9348,#9349,
#9350,#9351,#9352,#9353,#9354,#9355,#9356,#9357,#9358,#9359,#9360,#9361,
#9362,#9363,#9364,#9365,#9366,#9367));
#9458=CLOSED_SHELL('',(#9368,#9369,#9370,#9371,#9372,#9373,#9374,#9375,
#9376,#9377,#9378,#9379,#9380,#9381,#9382,#9383,#9384,#9385,#9386,#9387,
#9388,#9389,#9390,#9391,#9392,#9393,#9394,#9395,#9396,#9397,#9398,#9399,
#9400,#9401,#9402,#9403,#9404,#9405,#9406,#9407,#9408,#9409,#9410,#9411,
#9412,#9413,#9414,#9415,#9416,#9417,#9418,#9419));
#9459=CLOSED_SHELL('',(#9420,#9421,#9422,#9423));
#9460=CLOSED_SHELL('',(#9424,#9425,#9426,#9427));
#9461=CLOSED_SHELL('',(#9428,#9429,#9430,#9431,#9432,#9433,#9434,#9435));
#9462=CLOSED_SHELL('',(#9436,#9437,#9438,#9439));
#9463=CLOSED_SHELL('',(#9440,#9441,#9442,#9443));
#9464=STYLED_ITEM('',(#9480),#9580);
#9465=STYLED_ITEM('',(#9481),#9581);
#9466=STYLED_ITEM('',(#9482),#14);
#9467=STYLED_ITEM('',(#9483),#9582);
#9468=STYLED_ITEM('',(#9484),#9583);
#9469=STYLED_ITEM('',(#9485),#9584);
#9470=STYLED_ITEM('',(#9486),#9585);
#9471=STYLED_ITEM('',(#9487),#9586);
#9472=STYLED_ITEM('',(#9488),#9587);
#9473=STYLED_ITEM('',(#9489),#9588);
#9474=STYLED_ITEM('',(#9490),#9589);
#9475=STYLED_ITEM('',(#9491),#9590);
#9476=STYLED_ITEM('',(#9492),#9591);
#9477=STYLED_ITEM('',(#9493),#9592);
#9478=STYLED_ITEM('',(#9494),#9593);
#9479=STYLED_ITEM('',(#9495),#9594);
#9480=PRESENTATION_STYLE_ASSIGNMENT((#9496));
#9481=PRESENTATION_STYLE_ASSIGNMENT((#9497));
#9482=PRESENTATION_STYLE_ASSIGNMENT((#9498));
#9483=PRESENTATION_STYLE_ASSIGNMENT((#9499));
#9484=PRESENTATION_STYLE_ASSIGNMENT((#9500));
#9485=PRESENTATION_STYLE_ASSIGNMENT((#9501));
#9486=PRESENTATION_STYLE_ASSIGNMENT((#9502));
#9487=PRESENTATION_STYLE_ASSIGNMENT((#9503));
#9488=PRESENTATION_STYLE_ASSIGNMENT((#9504));
#9489=PRESENTATION_STYLE_ASSIGNMENT((#9505));
#9490=PRESENTATION_STYLE_ASSIGNMENT((#9506));
#9491=PRESENTATION_STYLE_ASSIGNMENT((#9507));
#9492=PRESENTATION_STYLE_ASSIGNMENT((#9508));
#9493=PRESENTATION_STYLE_ASSIGNMENT((#9509));
#9494=PRESENTATION_STYLE_ASSIGNMENT((#9510));
#9495=PRESENTATION_STYLE_ASSIGNMENT((#9511));
#9496=SURFACE_STYLE_USAGE(.BOTH.,#9512);
#9497=SURFACE_STYLE_USAGE(.BOTH.,#9513);
#9498=SURFACE_STYLE_USAGE(.BOTH.,#9514);
#9499=SURFACE_STYLE_USAGE(.BOTH.,#9515);
#9500=SURFACE_STYLE_USAGE(.BOTH.,#9516);
#9501=SURFACE_STYLE_USAGE(.BOTH.,#9517);
#9502=SURFACE_STYLE_USAGE(.BOTH.,#9518);
#9503=SURFACE_STYLE_USAGE(.BOTH.,#9519);
#9504=SURFACE_STYLE_USAGE(.BOTH.,#9520);
#9505=SURFACE_STYLE_USAGE(.BOTH.,#9521);
#9506=SURFACE_STYLE_USAGE(.BOTH.,#9522);
#9507=SURFACE_STYLE_USAGE(.BOTH.,#9523);
#9508=SURFACE_STYLE_USAGE(.BOTH.,#9524);
#9509=SURFACE_STYLE_USAGE(.BOTH.,#9525);
#9510=SURFACE_STYLE_USAGE(.BOTH.,#9526);
#9511=SURFACE_STYLE_USAGE(.BOTH.,#9527);
#9512=SURFACE_SIDE_STYLE('',(#9528));
#9513=SURFACE_SIDE_STYLE('',(#9529));
#9514=SURFACE_SIDE_STYLE('',(#9530));
#9515=SURFACE_SIDE_STYLE('',(#9531));
#9516=SURFACE_SIDE_STYLE('',(#9532));
#9517=SURFACE_SIDE_STYLE('',(#9533));
#9518=SURFACE_SIDE_STYLE('',(#9534));
#9519=SURFACE_SIDE_STYLE('',(#9535));
#9520=SURFACE_SIDE_STYLE('',(#9536));
#9521=SURFACE_SIDE_STYLE('',(#9537));
#9522=SURFACE_SIDE_STYLE('',(#9538));
#9523=SURFACE_SIDE_STYLE('',(#9539));
#9524=SURFACE_SIDE_STYLE('',(#9540));
#9525=SURFACE_SIDE_STYLE('',(#9541));
#9526=SURFACE_SIDE_STYLE('',(#9542));
#9527=SURFACE_SIDE_STYLE('',(#9543));
#9528=SURFACE_STYLE_FILL_AREA(#9544);
#9529=SURFACE_STYLE_FILL_AREA(#9545);
#9530=SURFACE_STYLE_FILL_AREA(#9546);
#9531=SURFACE_STYLE_FILL_AREA(#9547);
#9532=SURFACE_STYLE_FILL_AREA(#9548);
#9533=SURFACE_STYLE_FILL_AREA(#9549);
#9534=SURFACE_STYLE_FILL_AREA(#9550);
#9535=SURFACE_STYLE_FILL_AREA(#9551);
#9536=SURFACE_STYLE_FILL_AREA(#9552);
#9537=SURFACE_STYLE_FILL_AREA(#9553);
#9538=SURFACE_STYLE_FILL_AREA(#9554);
#9539=SURFACE_STYLE_FILL_AREA(#9555);
#9540=SURFACE_STYLE_FILL_AREA(#9556);
#9541=SURFACE_STYLE_FILL_AREA(#9557);
#9542=SURFACE_STYLE_FILL_AREA(#9558);
#9543=SURFACE_STYLE_FILL_AREA(#9559);
#9544=FILL_AREA_STYLE('',(#9560));
#9545=FILL_AREA_STYLE('',(#9561));
#9546=FILL_AREA_STYLE('',(#9562));
#9547=FILL_AREA_STYLE('',(#9563));
#9548=FILL_AREA_STYLE('',(#9564));
#9549=FILL_AREA_STYLE('',(#9565));
#9550=FILL_AREA_STYLE('',(#9566));
#9551=FILL_AREA_STYLE('',(#9567));
#9552=FILL_AREA_STYLE('',(#9568));
#9553=FILL_AREA_STYLE('',(#9569));
#9554=FILL_AREA_STYLE('',(#9570));
#9555=FILL_AREA_STYLE('',(#9571));
#9556=FILL_AREA_STYLE('',(#9572));
#9557=FILL_AREA_STYLE('',(#9573));
#9558=FILL_AREA_STYLE('',(#9574));
#9559=FILL_AREA_STYLE('',(#9575));
#9560=FILL_AREA_STYLE_COLOUR('',#9576);
#9561=FILL_AREA_STYLE_COLOUR('',#9577);
#9562=FILL_AREA_STYLE_COLOUR('',#9578);
#9563=FILL_AREA_STYLE_COLOUR('',#9576);
#9564=FILL_AREA_STYLE_COLOUR('',#9579);
#9565=FILL_AREA_STYLE_COLOUR('',#9579);
#9566=FILL_AREA_STYLE_COLOUR('',#9579);
#9567=FILL_AREA_STYLE_COLOUR('',#9576);
#9568=FILL_AREA_STYLE_COLOUR('',#9576);
#9569=FILL_AREA_STYLE_COLOUR('',#9576);
#9570=FILL_AREA_STYLE_COLOUR('',#9576);
#9571=FILL_AREA_STYLE_COLOUR('',#9576);
#9572=FILL_AREA_STYLE_COLOUR('',#9576);
#9573=FILL_AREA_STYLE_COLOUR('',#9579);
#9574=FILL_AREA_STYLE_COLOUR('',#9576);
#9575=FILL_AREA_STYLE_COLOUR('',#9576);
#9576=COLOUR_RGB('',0.647058823529412,0.647058823529412,0.647058823529412);
#9577=COLOUR_RGB('',0.231372549019608,0.380392156862745,0.705882352941177);
#9578=COLOUR_RGB('',0.768627450980392,0.886274509803922,0.952941176470588);
#9579=COLOUR_RGB('',0.917647058823529,0.917647058823529,0.917647058823529);
#9580=MANIFOLD_SOLID_BREP('x-axis movement wheel mount #1',#9444);
#9581=MANIFOLD_SOLID_BREP('Large casing(top section)',#9445);
#9582=MANIFOLD_SOLID_BREP('Wheel #2',#9451);
#9583=MANIFOLD_SOLID_BREP('Motor model#1',#9452);
#9584=MANIFOLD_SOLID_BREP('Motor model#3',#9453);
#9585=MANIFOLD_SOLID_BREP('Motor model#4',#9454);
#9586=MANIFOLD_SOLID_BREP('y-axis movement wheel mount#1',#9455);
#9587=MANIFOLD_SOLID_BREP('Top wheel #2',#9456);
#9588=MANIFOLD_SOLID_BREP('y-axis movement wheel mount#2',#9457);
#9589=MANIFOLD_SOLID_BREP('x-axis movement wheel mount #2',#9458);
#9590=MANIFOLD_SOLID_BREP('Top wheel #1',#9459);
#9591=MANIFOLD_SOLID_BREP('Wheel#3',#9460);
#9592=MANIFOLD_SOLID_BREP('Motor model #2',#9461);
#9593=MANIFOLD_SOLID_BREP('Wheel#1',#9462);
#9594=MANIFOLD_SOLID_BREP('Wheel#4',#9463);
#9595=SHAPE_DEFINITION_REPRESENTATION(#16333,#9611);
#9596=SHAPE_DEFINITION_REPRESENTATION(#16334,#9612);
#9597=SHAPE_DEFINITION_REPRESENTATION(#16335,#9613);
#9598=SHAPE_DEFINITION_REPRESENTATION(#16336,#9614);
#9599=SHAPE_DEFINITION_REPRESENTATION(#16337,#9615);
#9600=SHAPE_DEFINITION_REPRESENTATION(#16338,#9616);
#9601=SHAPE_DEFINITION_REPRESENTATION(#16339,#9617);
#9602=SHAPE_DEFINITION_REPRESENTATION(#16340,#9618);
#9603=SHAPE_DEFINITION_REPRESENTATION(#16341,#9619);
#9604=SHAPE_DEFINITION_REPRESENTATION(#16342,#9620);
#9605=SHAPE_DEFINITION_REPRESENTATION(#16343,#9621);
#9606=SHAPE_DEFINITION_REPRESENTATION(#16344,#9622);
#9607=SHAPE_DEFINITION_REPRESENTATION(#16345,#9623);
#9608=SHAPE_DEFINITION_REPRESENTATION(#16346,#9624);
#9609=SHAPE_DEFINITION_REPRESENTATION(#16347,#9625);
#9610=SHAPE_DEFINITION_REPRESENTATION(#16348,#9626);
#9611=SHAPE_REPRESENTATION('x-axis movement wheel mount #1',(#9627),#16253);
#9612=SHAPE_REPRESENTATION('Large casing(top section)',(#9721),#16254);
#9613=SHAPE_REPRESENTATION('Large casing (bottom section)',(#9854),#16255);
#9614=SHAPE_REPRESENTATION('Wheel #2',(#10035),#16256);
#9615=SHAPE_REPRESENTATION('Motor model#1',(#10044),#16257);
#9616=SHAPE_REPRESENTATION('Motor model#3',(#10055),#16258);
#9617=SHAPE_REPRESENTATION('Motor model#4',(#10066),#16259);
#9618=SHAPE_REPRESENTATION('y-axis movement wheel mount#1',(#10077),#16260);
#9619=SHAPE_REPRESENTATION('Top wheel #2',(#10191),#16261);
#9620=SHAPE_REPRESENTATION('y-axis movement wheel mount#2',(#10200),#16262);
#9621=SHAPE_REPRESENTATION('x-axis movement wheel mount #2',(#10314),#16263);
#9622=SHAPE_REPRESENTATION('Top wheel #1',(#10408),#16264);
#9623=SHAPE_REPRESENTATION('Wheel#3',(#10417),#16265);
#9624=SHAPE_REPRESENTATION('Motor model #2',(#10426),#16266);
#9625=SHAPE_REPRESENTATION('Wheel#1',(#10437),#16267);
#9626=SHAPE_REPRESENTATION('Wheel#4',(#10446),#16268);
#9627=AXIS2_PLACEMENT_3D('',#12986,#10455,#10456);
#9628=AXIS2_PLACEMENT_3D('',#12987,#10457,#10458);
#9629=AXIS2_PLACEMENT_3D('',#12994,#10459,#10460);
#9630=AXIS2_PLACEMENT_3D('',#13008,#10462,#10463);
#9631=AXIS2_PLACEMENT_3D('',#13022,#10465,#10466);
#9632=AXIS2_PLACEMENT_3D('',#13036,#10468,#10469);
#9633=AXIS2_PLACEMENT_3D('',#13050,#10471,#10472);
#9634=AXIS2_PLACEMENT_3D('',#13064,#10474,#10475);
#9635=AXIS2_PLACEMENT_3D('',#13078,#10477,#10478);
#9636=AXIS2_PLACEMENT_3D('',#13092,#10480,#10481);
#9637=AXIS2_PLACEMENT_3D('',#13106,#10483,#10484);
#9638=AXIS2_PLACEMENT_3D('',#13120,#10486,#10487);
#9639=AXIS2_PLACEMENT_3D('',#13128,#10489,#10490);
#9640=AXIS2_PLACEMENT_3D('',#13130,#10491,#10492);
#9641=AXIS2_PLACEMENT_3D('',#13135,#10495,#10496);
#9642=AXIS2_PLACEMENT_3D('',#13137,#10497,#10498);
#9643=AXIS2_PLACEMENT_3D('',#13142,#10501,#10502);
#9644=AXIS2_PLACEMENT_3D('',#13147,#10505,#10506);
#9645=AXIS2_PLACEMENT_3D('',#13152,#10509,#10510);
#9646=AXIS2_PLACEMENT_3D('',#13157,#10513,#10514);
#9647=AXIS2_PLACEMENT_3D('',#13158,#10515,#10516);
#9648=AXIS2_PLACEMENT_3D('',#13167,#10521,#10522);
#9649=AXIS2_PLACEMENT_3D('',#13168,#10523,#10524);
#9650=AXIS2_PLACEMENT_3D('',#13172,#10526,#10527);
#9651=AXIS2_PLACEMENT_3D('',#13173,#10528,#10529);
#9652=AXIS2_PLACEMENT_3D('',#13179,#10533,#10534);
#9653=AXIS2_PLACEMENT_3D('',#13180,#10535,#10536);
#9654=AXIS2_PLACEMENT_3D('',#13181,#10537,#10538);
#9655=AXIS2_PLACEMENT_3D('',#13182,#10539,#10540);
#9656=AXIS2_PLACEMENT_3D('',#13183,#10541,#10542);
#9657=AXIS2_PLACEMENT_3D('',#13184,#10543,#10544);
#9658=AXIS2_PLACEMENT_3D('',#13190,#10548,#10549);
#9659=AXIS2_PLACEMENT_3D('',#13196,#10553,#10554);
#9660=AXIS2_PLACEMENT_3D('',#13197,#10555,#10556);
#9661=AXIS2_PLACEMENT_3D('',#13202,#10559,#10560);
#9662=AXIS2_PLACEMENT_3D('',#13207,#10561,#10562);
#9663=AXIS2_PLACEMENT_3D('',#13212,#10563,#10564);
#9664=AXIS2_PLACEMENT_3D('',#13217,#10565,#10566);
#9665=AXIS2_PLACEMENT_3D('',#13222,#10567,#10568);
#9666=AXIS2_PLACEMENT_3D('',#13223,#10569,#10570);
#9667=AXIS2_PLACEMENT_3D('',#13236,#10572,#10573);
#9668=AXIS2_PLACEMENT_3D('',#13237,#10574,#10575);
#9669=AXIS2_PLACEMENT_3D('',#13238,#10576,#10577);
#9670=AXIS2_PLACEMENT_3D('',#13251,#10579,#10580);
#9671=AXIS2_PLACEMENT_3D('',#13252,#10581,#10582);
#9672=AXIS2_PLACEMENT_3D('',#13258,#10586,#10587);
#9673=AXIS2_PLACEMENT_3D('',#13261,#10590,#10591);
#9674=AXIS2_PLACEMENT_3D('',#13262,#10592,#10593);
#9675=AXIS2_PLACEMENT_3D('',#13266,#10596,#10597);
#9676=AXIS2_PLACEMENT_3D('',#13267,#10598,#10599);
#9677=AXIS2_PLACEMENT_3D('',#13268,#10600,#10601);
#9678=AXIS2_PLACEMENT_3D('',#13273,#10602,#10603);
#9679=AXIS2_PLACEMENT_3D('',#13278,#10604,#10605);
#9680=AXIS2_PLACEMENT_3D('',#13279,#10606,#10607);
#9681=AXIS2_PLACEMENT_3D('',#13292,#10609,#10610);
#9682=AXIS2_PLACEMENT_3D('',#13293,#10611,#10612);
#9683=AXIS2_PLACEMENT_3D('',#13296,#10615,#10616);
#9684=AXIS2_PLACEMENT_3D('',#13302,#10620,#10621);
#9685=AXIS2_PLACEMENT_3D('',#13304,#10623,#10624);
#9686=AXIS2_PLACEMENT_3D('',#13307,#10626,#10627);
#9687=AXIS2_PLACEMENT_3D('',#13308,#10628,#10629);
#9688=AXIS2_PLACEMENT_3D('',#13313,#10630,#10631);
#9689=AXIS2_PLACEMENT_3D('',#13318,#10632,#10633);
#9690=AXIS2_PLACEMENT_3D('',#13319,#10634,#10635);
#9691=AXIS2_PLACEMENT_3D('',#13320,#10636,#10637);
#9692=AXIS2_PLACEMENT_3D('',#13323,#10639,#10640);
#9693=AXIS2_PLACEMENT_3D('',#13324,#10641,#10642);
#9694=AXIS2_PLACEMENT_3D('',#13330,#10646,#10647);
#9695=AXIS2_PLACEMENT_3D('',#13336,#10651,#10652);
#9696=AXIS2_PLACEMENT_3D('',#13337,#10653,#10654);
#9697=AXIS2_PLACEMENT_3D('',#13342,#10657,#10658);
#9698=AXIS2_PLACEMENT_3D('',#13343,#10659,#10660);
#9699=AXIS2_PLACEMENT_3D('',#13344,#10661,#10662);
#9700=AXIS2_PLACEMENT_3D('',#13345,#10663,#10664);
#9701=AXIS2_PLACEMENT_3D('',#13346,#10665,#10666);
#9702=AXIS2_PLACEMENT_3D('',#13347,#10667,#10668);
#9703=AXIS2_PLACEMENT_3D('',#13348,#10669,#10670);
#9704=AXIS2_PLACEMENT_3D('',#13353,#10671,#10672);
#9705=AXIS2_PLACEMENT_3D('',#13358,#10673,#10674);
#9706=AXIS2_PLACEMENT_3D('',#13359,#10675,#10676);
#9707=AXIS2_PLACEMENT_3D('',#13360,#10677,#10678);
#9708=AXIS2_PLACEMENT_3D('',#13373,#10680,#10681);
#9709=AXIS2_PLACEMENT_3D('',#13376,#10684,#10685);
#9710=AXIS2_PLACEMENT_3D('',#13379,#10688,#10689);
#9711=AXIS2_PLACEMENT_3D('',#13381,#10691,#10692);
#9712=AXIS2_PLACEMENT_3D('',#13383,#10694,#10695);
#9713=AXIS2_PLACEMENT_3D('',#13384,#10696,#10697);
#9714=AXIS2_PLACEMENT_3D('',#13385,#10698,#10699);
#9715=AXIS2_PLACEMENT_3D('',#13386,#10700,#10701);
#9716=AXIS2_PLACEMENT_3D('',#13387,#10702,#10703);
#9717=AXIS2_PLACEMENT_3D('',#13388,#10704,#10705);
#9718=AXIS2_PLACEMENT_3D('',#13390,#10706,#10707);
#9719=AXIS2_PLACEMENT_3D('',#13392,#10708,#10709);
#9720=AXIS2_PLACEMENT_3D('',#13393,#10710,#10711);
#9721=AXIS2_PLACEMENT_3D('',#13394,#10712,#10713);
#9722=AXIS2_PLACEMENT_3D('',#13395,#10714,#10715);
#9723=AXIS2_PLACEMENT_3D('',#13408,#10722,#10723);
#9724=AXIS2_PLACEMENT_3D('',#13421,#10730,#10731);
#9725=AXIS2_PLACEMENT_3D('',#13422,#10732,#10733);
#9726=AXIS2_PLACEMENT_3D('',#13424,#10734,#10735);
#9727=AXIS2_PLACEMENT_3D('',#13425,#10736,#10737);
#9728=AXIS2_PLACEMENT_3D('',#13427,#10738,#10739);
#9729=AXIS2_PLACEMENT_3D('',#13476,#10764,#10765);
#9730=AXIS2_PLACEMENT_3D('',#13485,#10770,#10771);
#9731=AXIS2_PLACEMENT_3D('',#13494,#10776,#10777);
#9732=AXIS2_PLACEMENT_3D('',#13504,#10783,#10784);
#9733=AXIS2_PLACEMENT_3D('',#13514,#10790,#10791);
#9734=AXIS2_PLACEMENT_3D('',#13524,#10797,#10798);
#9735=AXIS2_PLACEMENT_3D('',#13534,#10804,#10805);
#9736=AXIS2_PLACEMENT_3D('',#13535,#10806,#10807);
#9737=AXIS2_PLACEMENT_3D('',#13537,#10808,#10809);
#9738=AXIS2_PLACEMENT_3D('',#13539,#10810,#10811);
#9739=AXIS2_PLACEMENT_3D('',#13541,#10812,#10813);
#9740=AXIS2_PLACEMENT_3D('',#13545,#10816,#10817);
#9741=AXIS2_PLACEMENT_3D('',#13547,#10819,#10820);
#9742=AXIS2_PLACEMENT_3D('',#13549,#10822,#10823);
#9743=AXIS2_PLACEMENT_3D('',#13551,#10825,#10826);
#9744=AXIS2_PLACEMENT_3D('',#13553,#10828,#10829);
#9745=AXIS2_PLACEMENT_3D('',#13555,#10831,#10832);
#9746=AXIS2_PLACEMENT_3D('',#13557,#10834,#10835);
#9747=AXIS2_PLACEMENT_3D('',#13558,#10836,#10837);
#9748=AXIS2_PLACEMENT_3D('',#13560,#10838,#10839);
#9749=AXIS2_PLACEMENT_3D('',#13561,#10840,#10841);
#9750=AXIS2_PLACEMENT_3D('',#13563,#10842,#10843);
#9751=AXIS2_PLACEMENT_3D('',#13576,#10852,#10853);
#9752=AXIS2_PLACEMENT_3D('',#13578,#10855,#10856);
#9753=AXIS2_PLACEMENT_3D('',#13580,#10858,#10859);
#9754=AXIS2_PLACEMENT_3D('',#13581,#10860,#10861);
#9755=AXIS2_PLACEMENT_3D('',#13590,#10866,#10867);
#9756=AXIS2_PLACEMENT_3D('',#13596,#10871,#10872);
#9757=AXIS2_PLACEMENT_3D('',#13602,#10876,#10877);
#9758=AXIS2_PLACEMENT_3D('',#13608,#10881,#10882);
#9759=AXIS2_PLACEMENT_3D('',#13613,#10886,#10887);
#9760=AXIS2_PLACEMENT_3D('',#13618,#10891,#10892);
#9761=AXIS2_PLACEMENT_3D('',#13622,#10895,#10896);
#9762=AXIS2_PLACEMENT_3D('',#13628,#10900,#10901);
#9763=AXIS2_PLACEMENT_3D('',#13635,#10906,#10907);
#9764=AXIS2_PLACEMENT_3D('',#13639,#10910,#10911);
#9765=AXIS2_PLACEMENT_3D('',#13649,#10917,#10918);
#9766=AXIS2_PLACEMENT_3D('',#13655,#10922,#10923);
#9767=AXIS2_PLACEMENT_3D('',#13661,#10927,#10928);
#9768=AXIS2_PLACEMENT_3D('',#13663,#10930,#10931);
#9769=AXIS2_PLACEMENT_3D('',#13664,#10932,#10933);
#9770=AXIS2_PLACEMENT_3D('',#13673,#10938,#10939);
#9771=AXIS2_PLACEMENT_3D('',#13679,#10943,#10944);
#9772=AXIS2_PLACEMENT_3D('',#13685,#10948,#10949);
#9773=AXIS2_PLACEMENT_3D('',#13691,#10953,#10954);
#9774=AXIS2_PLACEMENT_3D('',#13696,#10958,#10959);
#9775=AXIS2_PLACEMENT_3D('',#13701,#10963,#10964);
#9776=AXIS2_PLACEMENT_3D('',#13705,#10967,#10968);
#9777=AXIS2_PLACEMENT_3D('',#13711,#10972,#10973);
#9778=AXIS2_PLACEMENT_3D('',#13718,#10978,#10979);
#9779=AXIS2_PLACEMENT_3D('',#13722,#10982,#10983);
#9780=AXIS2_PLACEMENT_3D('',#13732,#10989,#10990);
#9781=AXIS2_PLACEMENT_3D('',#13738,#10994,#10995);
#9782=AXIS2_PLACEMENT_3D('',#13744,#10999,#11000);
#9783=AXIS2_PLACEMENT_3D('',#13746,#11002,#11003);
#9784=AXIS2_PLACEMENT_3D('',#13747,#11004,#11005);
#9785=AXIS2_PLACEMENT_3D('',#13748,#11006,#11007);
#9786=AXIS2_PLACEMENT_3D('',#13750,#11008,#11009);
#9787=AXIS2_PLACEMENT_3D('',#13751,#11010,#11011);
#9788=AXIS2_PLACEMENT_3D('',#13753,#11012,#11013);
#9789=AXIS2_PLACEMENT_3D('',#13754,#11014,#11015);
#9790=AXIS2_PLACEMENT_3D('',#13756,#11016,#11017);
#9791=AXIS2_PLACEMENT_3D('',#13757,#11018,#11019);
#9792=AXIS2_PLACEMENT_3D('',#13759,#11020,#11021);
#9793=AXIS2_PLACEMENT_3D('',#13760,#11022,#11023);
#9794=AXIS2_PLACEMENT_3D('',#13762,#11024,#11025);
#9795=AXIS2_PLACEMENT_3D('',#13763,#11026,#11027);
#9796=AXIS2_PLACEMENT_3D('',#13764,#11028,#11029);
#9797=AXIS2_PLACEMENT_3D('',#13766,#11030,#11031);
#9798=AXIS2_PLACEMENT_3D('',#13767,#11032,#11033);
#9799=AXIS2_PLACEMENT_3D('',#13768,#11034,#11035);
#9800=AXIS2_PLACEMENT_3D('',#13770,#11036,#11037);
#9801=AXIS2_PLACEMENT_3D('',#13771,#11038,#11039);
#9802=AXIS2_PLACEMENT_3D('',#13772,#11040,#11041);
#9803=AXIS2_PLACEMENT_3D('',#13774,#11042,#11043);
#9804=AXIS2_PLACEMENT_3D('',#13775,#11044,#11045);
#9805=AXIS2_PLACEMENT_3D('',#13776,#11046,#11047);
#9806=AXIS2_PLACEMENT_3D('',#13778,#11048,#11049);
#9807=AXIS2_PLACEMENT_3D('',#13779,#11050,#11051);
#9808=AXIS2_PLACEMENT_3D('',#13781,#11052,#11053);
#9809=AXIS2_PLACEMENT_3D('',#13783,#11054,#11055);
#9810=AXIS2_PLACEMENT_3D('',#13784,#11056,#11057);
#9811=AXIS2_PLACEMENT_3D('',#13786,#11058,#11059);
#9812=AXIS2_PLACEMENT_3D('',#13787,#11060,#11061);
#9813=AXIS2_PLACEMENT_3D('',#13789,#11062,#11063);
#9814=AXIS2_PLACEMENT_3D('',#13791,#11064,#11065);
#9815=AXIS2_PLACEMENT_3D('',#13792,#11066,#11067);
#9816=AXIS2_PLACEMENT_3D('',#13794,#11068,#11069);
#9817=AXIS2_PLACEMENT_3D('',#13795,#11070,#11071);
#9818=AXIS2_PLACEMENT_3D('',#13797,#11072,#11073);
#9819=AXIS2_PLACEMENT_3D('',#13798,#11074,#11075);
#9820=AXIS2_PLACEMENT_3D('',#13800,#11076,#11077);
#9821=AXIS2_PLACEMENT_3D('',#13801,#11078,#11079);
#9822=AXIS2_PLACEMENT_3D('',#13803,#11080,#11081);
#9823=AXIS2_PLACEMENT_3D('',#13805,#11083,#11084);
#9824=AXIS2_PLACEMENT_3D('',#13808,#11087,#11088);
#9825=AXIS2_PLACEMENT_3D('',#13809,#11089,#11090);
#9826=AXIS2_PLACEMENT_3D('',#13811,#11092,#11093);
#9827=AXIS2_PLACEMENT_3D('',#13814,#11096,#11097);
#9828=AXIS2_PLACEMENT_3D('',#13815,#11098,#11099);
#9829=AXIS2_PLACEMENT_3D('',#13817,#11101,#11102);
#9830=AXIS2_PLACEMENT_3D('',#13820,#11105,#11106);
#9831=AXIS2_PLACEMENT_3D('',#13821,#11107,#11108);
#9832=AXIS2_PLACEMENT_3D('',#13823,#11110,#11111);
#9833=AXIS2_PLACEMENT_3D('',#13826,#11114,#11115);
#9834=AXIS2_PLACEMENT_3D('',#13827,#11116,#11117);
#9835=AXIS2_PLACEMENT_3D('',#13828,#11118,#11119);
#9836=AXIS2_PLACEMENT_3D('',#13829,#11120,#11121);
#9837=AXIS2_PLACEMENT_3D('',#13830,#11122,#11123);
#9838=AXIS2_PLACEMENT_3D('',#13831,#11124,#11125);
#9839=AXIS2_PLACEMENT_3D('',#13837,#11129,#11130);
#9840=AXIS2_PLACEMENT_3D('',#13843,#11134,#11135);
#9841=AXIS2_PLACEMENT_3D('',#13852,#11140,#11141);
#9842=AXIS2_PLACEMENT_3D('',#13858,#11145,#11146);
#9843=AXIS2_PLACEMENT_3D('',#13864,#11150,#11151);
#9844=AXIS2_PLACEMENT_3D('',#13873,#11156,#11157);
#9845=AXIS2_PLACEMENT_3D('',#13875,#11159,#11160);
#9846=AXIS2_PLACEMENT_3D('',#13878,#11163,#11164);
#9847=AXIS2_PLACEMENT_3D('',#13880,#11166,#11167);
#9848=AXIS2_PLACEMENT_3D('',#13883,#11170,#11171);
#9849=AXIS2_PLACEMENT_3D('',#13885,#11173,#11174);
#9850=AXIS2_PLACEMENT_3D('',#13887,#11176,#11177);
#9851=AXIS2_PLACEMENT_3D('',#13888,#11178,#11179);
#9852=AXIS2_PLACEMENT_3D('',#13890,#11181,#11182);
#9853=AXIS2_PLACEMENT_3D('',#13892,#11184,#11185);
#9854=AXIS2_PLACEMENT_3D('',#13893,#11186,#11187);
#9855=AXIS2_PLACEMENT_3D('',#13894,#11188,#11189);
#9856=AXIS2_PLACEMENT_3D('',#13903,#11194,#11195);
#9857=AXIS2_PLACEMENT_3D('',#13918,#11203,#11204);
#9858=AXIS2_PLACEMENT_3D('',#13931,#11211,#11212);
#9859=AXIS2_PLACEMENT_3D('',#13944,#11219,#11220);
#9860=AXIS2_PLACEMENT_3D('',#13957,#11227,#11228);
#9861=AXIS2_PLACEMENT_3D('',#13970,#11235,#11236);
#9862=AXIS2_PLACEMENT_3D('',#13976,#11240,#11241);
#9863=AXIS2_PLACEMENT_3D('',#13982,#11245,#11246);
#9864=AXIS2_PLACEMENT_3D('',#13995,#11254,#11255);
#9865=AXIS2_PLACEMENT_3D('',#14001,#11259,#11260);
#9866=AXIS2_PLACEMENT_3D('',#14010,#11265,#11266);
#9867=AXIS2_PLACEMENT_3D('',#14019,#11271,#11272);
#9868=AXIS2_PLACEMENT_3D('',#14022,#11275,#11276);
#9869=AXIS2_PLACEMENT_3D('',#14031,#11282,#11283);
#9870=AXIS2_PLACEMENT_3D('',#14033,#11285,#11286);
#9871=AXIS2_PLACEMENT_3D('',#14035,#11288,#11289);
#9872=AXIS2_PLACEMENT_3D('',#14043,#11294,#11295);
#9873=AXIS2_PLACEMENT_3D('',#14051,#11300,#11301);
#9874=AXIS2_PLACEMENT_3D('',#14053,#11303,#11304);
#9875=AXIS2_PLACEMENT_3D('',#14055,#11306,#11307);
#9876=AXIS2_PLACEMENT_3D('',#14057,#11309,#11310);
#9877=AXIS2_PLACEMENT_3D('',#14058,#11311,#11312);
#9878=AXIS2_PLACEMENT_3D('',#14091,#11331,#11332);
#9879=AXIS2_PLACEMENT_3D('',#14093,#11333,#11334);
#9880=AXIS2_PLACEMENT_3D('',#14095,#11335,#11336);
#9881=AXIS2_PLACEMENT_3D('',#14101,#11340,#11341);
#9882=AXIS2_PLACEMENT_3D('',#14105,#11344,#11345);
#9883=AXIS2_PLACEMENT_3D('',#14118,#11353,#11354);
#9884=AXIS2_PLACEMENT_3D('',#14122,#11357,#11358);
#9885=AXIS2_PLACEMENT_3D('',#14128,#11362,#11363);
#9886=AXIS2_PLACEMENT_3D('',#14134,#11367,#11368);
#9887=AXIS2_PLACEMENT_3D('',#14136,#11370,#11371);
#9888=AXIS2_PLACEMENT_3D('',#14145,#11377,#11378);
#9889=AXIS2_PLACEMENT_3D('',#14146,#11379,#11380);
#9890=AXIS2_PLACEMENT_3D('',#14148,#11382,#11383);
#9891=AXIS2_PLACEMENT_3D('',#14156,#11388,#11389);
#9892=AXIS2_PLACEMENT_3D('',#14164,#11394,#11395);
#9893=AXIS2_PLACEMENT_3D('',#14166,#11397,#11398);
#9894=AXIS2_PLACEMENT_3D('',#14168,#11400,#11401);
#9895=AXIS2_PLACEMENT_3D('',#14170,#11403,#11404);
#9896=AXIS2_PLACEMENT_3D('',#14171,#11405,#11406);
#9897=AXIS2_PLACEMENT_3D('',#14180,#11411,#11412);
#9898=AXIS2_PLACEMENT_3D('',#14189,#11417,#11418);
#9899=AXIS2_PLACEMENT_3D('',#14199,#11424,#11425);
#9900=AXIS2_PLACEMENT_3D('',#14214,#11434,#11435);
#9901=AXIS2_PLACEMENT_3D('',#14221,#11440,#11441);
#9902=AXIS2_PLACEMENT_3D('',#14224,#11444,#11445);
#9903=AXIS2_PLACEMENT_3D('',#14225,#11446,#11447);
#9904=AXIS2_PLACEMENT_3D('',#14232,#11452,#11453);
#9905=AXIS2_PLACEMENT_3D('',#14239,#11458,#11459);
#9906=AXIS2_PLACEMENT_3D('',#14240,#11460,#11461);
#9907=AXIS2_PLACEMENT_3D('',#14241,#11462,#11463);
#9908=AXIS2_PLACEMENT_3D('',#14244,#11465,#11466);
#9909=AXIS2_PLACEMENT_3D('',#14246,#11467,#11468);
#9910=AXIS2_PLACEMENT_3D('',#14248,#11469,#11470);
#9911=AXIS2_PLACEMENT_3D('',#14250,#11471,#11472);
#9912=AXIS2_PLACEMENT_3D('',#14252,#11473,#11474);
#9913=AXIS2_PLACEMENT_3D('',#14254,#11475,#11476);
#9914=AXIS2_PLACEMENT_3D('',#14255,#11477,#11478);
#9915=AXIS2_PLACEMENT_3D('',#14256,#11479,#11480);
#9916=AXIS2_PLACEMENT_3D('',#14257,#11481,#11482);
#9917=AXIS2_PLACEMENT_3D('',#14259,#11483,#11484);
#9918=AXIS2_PLACEMENT_3D('',#14260,#11485,#11486);
#9919=AXIS2_PLACEMENT_3D('',#14261,#11487,#11488);
#9920=AXIS2_PLACEMENT_3D('',#14263,#11489,#11490);
#9921=AXIS2_PLACEMENT_3D('',#14265,#11492,#11493);
#9922=AXIS2_PLACEMENT_3D('',#14266,#11494,#11495);
#9923=AXIS2_PLACEMENT_3D('',#14267,#11496,#11497);
#9924=AXIS2_PLACEMENT_3D('',#14268,#11498,#11499);
#9925=AXIS2_PLACEMENT_3D('',#14270,#11500,#11501);
#9926=AXIS2_PLACEMENT_3D('',#14272,#11503,#11504);
#9927=AXIS2_PLACEMENT_3D('',#14273,#11505,#11506);
#9928=AXIS2_PLACEMENT_3D('',#14275,#11507,#11508);
#9929=AXIS2_PLACEMENT_3D('',#14276,#11509,#11510);
#9930=AXIS2_PLACEMENT_3D('',#14277,#11511,#11512);
#9931=AXIS2_PLACEMENT_3D('',#14281,#11515,#11516);
#9932=AXIS2_PLACEMENT_3D('',#14285,#11519,#11520);
#9933=AXIS2_PLACEMENT_3D('',#14287,#11522,#11523);
#9934=AXIS2_PLACEMENT_3D('',#14289,#11525,#11526);
#9935=AXIS2_PLACEMENT_3D('',#14291,#11528,#11529);
#9936=AXIS2_PLACEMENT_3D('',#14293,#11531,#11532);
#9937=AXIS2_PLACEMENT_3D('',#14295,#11534,#11535);
#9938=AXIS2_PLACEMENT_3D('',#14297,#11537,#11538);
#9939=AXIS2_PLACEMENT_3D('',#14299,#11540,#11541);
#9940=AXIS2_PLACEMENT_3D('',#14300,#11542,#11543);
#9941=AXIS2_PLACEMENT_3D('',#14302,#11545,#11546);
#9942=AXIS2_PLACEMENT_3D('',#14304,#11548,#11549);
#9943=AXIS2_PLACEMENT_3D('',#14306,#11551,#11552);
#9944=AXIS2_PLACEMENT_3D('',#14308,#11554,#11555);
#9945=AXIS2_PLACEMENT_3D('',#14310,#11557,#11558);
#9946=AXIS2_PLACEMENT_3D('',#14312,#11560,#11561);
#9947=AXIS2_PLACEMENT_3D('',#14313,#11562,#11563);
#9948=AXIS2_PLACEMENT_3D('',#14319,#11567,#11568);
#9949=AXIS2_PLACEMENT_3D('',#14323,#11571,#11572);
#9950=AXIS2_PLACEMENT_3D('',#14327,#11575,#11576);
#9951=AXIS2_PLACEMENT_3D('',#14329,#11578,#11579);
#9952=AXIS2_PLACEMENT_3D('',#14335,#11583,#11584);
#9953=AXIS2_PLACEMENT_3D('',#14338,#11587,#11588);
#9954=AXIS2_PLACEMENT_3D('',#14351,#11595,#11596);
#9955=AXIS2_PLACEMENT_3D('',#14355,#11599,#11600);
#9956=AXIS2_PLACEMENT_3D('',#14367,#11607,#11608);
#9957=AXIS2_PLACEMENT_3D('',#14373,#11612,#11613);
#9958=AXIS2_PLACEMENT_3D('',#14377,#11616,#11617);
#9959=AXIS2_PLACEMENT_3D('',#14385,#11622,#11623);
#9960=AXIS2_PLACEMENT_3D('',#14391,#11627,#11628);
#9961=AXIS2_PLACEMENT_3D('',#14404,#11635,#11636);
#9962=AXIS2_PLACEMENT_3D('',#14408,#11639,#11640);
#9963=AXIS2_PLACEMENT_3D('',#14416,#11645,#11646);
#9964=AXIS2_PLACEMENT_3D('',#14426,#11652,#11653);
#9965=AXIS2_PLACEMENT_3D('',#14430,#11656,#11657);
#9966=AXIS2_PLACEMENT_3D('',#14438,#11662,#11663);
#9967=AXIS2_PLACEMENT_3D('',#14444,#11667,#11668);
#9968=AXIS2_PLACEMENT_3D('',#14445,#11669,#11670);
#9969=AXIS2_PLACEMENT_3D('',#14447,#11671,#11672);
#9970=AXIS2_PLACEMENT_3D('',#14448,#11673,#11674);
#9971=AXIS2_PLACEMENT_3D('',#14450,#11675,#11676);
#9972=AXIS2_PLACEMENT_3D('',#14451,#11677,#11678);
#9973=AXIS2_PLACEMENT_3D('',#14453,#11679,#11680);
#9974=AXIS2_PLACEMENT_3D('',#14454,#11681,#11682);
#9975=AXIS2_PLACEMENT_3D('',#14456,#11683,#11684);
#9976=AXIS2_PLACEMENT_3D('',#14457,#11685,#11686);
#9977=AXIS2_PLACEMENT_3D('',#14459,#11687,#11688);
#9978=AXIS2_PLACEMENT_3D('',#14460,#11689,#11690);
#9979=AXIS2_PLACEMENT_3D('',#14462,#11691,#11692);
#9980=AXIS2_PLACEMENT_3D('',#14463,#11693,#11694);
#9981=AXIS2_PLACEMENT_3D('',#14465,#11695,#11696);
#9982=AXIS2_PLACEMENT_3D('',#14466,#11697,#11698);
#9983=AXIS2_PLACEMENT_3D('',#14468,#11699,#11700);
#9984=AXIS2_PLACEMENT_3D('',#14469,#11701,#11702);
#9985=AXIS2_PLACEMENT_3D('',#14471,#11703,#11704);
#9986=AXIS2_PLACEMENT_3D('',#14473,#11705,#11706);
#9987=AXIS2_PLACEMENT_3D('',#14474,#11707,#11708);
#9988=AXIS2_PLACEMENT_3D('',#14476,#11709,#11710);
#9989=AXIS2_PLACEMENT_3D('',#14478,#11711,#11712);
#9990=AXIS2_PLACEMENT_3D('',#14484,#11716,#11717);
#9991=AXIS2_PLACEMENT_3D('',#14486,#11719,#11720);
#9992=AXIS2_PLACEMENT_3D('',#14511,#11735,#11736);
#9993=AXIS2_PLACEMENT_3D('',#14512,#11737,#11738);
#9994=AXIS2_PLACEMENT_3D('',#14514,#11740,#11741);
#9995=AXIS2_PLACEMENT_3D('',#14518,#11744,#11745);
#9996=AXIS2_PLACEMENT_3D('',#14521,#11748,#11749);
#9997=AXIS2_PLACEMENT_3D('',#14523,#11751,#11752);
#9998=AXIS2_PLACEMENT_3D('',#14525,#11754,#11755);
#9999=AXIS2_PLACEMENT_3D('',#14527,#11757,#11758);
#10000=AXIS2_PLACEMENT_3D('',#14529,#11760,#11761);
#10001=AXIS2_PLACEMENT_3D('',#14531,#11763,#11764);
#10002=AXIS2_PLACEMENT_3D('',#14533,#11766,#11767);
#10003=AXIS2_PLACEMENT_3D('',#14534,#11768,#11769);
#10004=AXIS2_PLACEMENT_3D('',#14535,#11770,#11771);
#10005=AXIS2_PLACEMENT_3D('',#14536,#11772,#11773);
#10006=AXIS2_PLACEMENT_3D('',#14538,#11775,#11776);
#10007=AXIS2_PLACEMENT_3D('',#14539,#11777,#11778);
#10008=AXIS2_PLACEMENT_3D('',#14548,#11783,#11784);
#10009=AXIS2_PLACEMENT_3D('',#14552,#11787,#11788);
#10010=AXIS2_PLACEMENT_3D('',#14556,#11791,#11792);
#10011=AXIS2_PLACEMENT_3D('',#14558,#11794,#11795);
#10012=AXIS2_PLACEMENT_3D('',#14559,#11796,#11797);
#10013=AXIS2_PLACEMENT_3D('',#14566,#11801,#11802);
#10014=AXIS2_PLACEMENT_3D('',#14575,#11807,#11808);
#10015=AXIS2_PLACEMENT_3D('',#14584,#11813,#11814);
#10016=AXIS2_PLACEMENT_3D('',#14587,#11817,#11818);
#10017=AXIS2_PLACEMENT_3D('',#14592,#11822,#11823);
#10018=AXIS2_PLACEMENT_3D('',#14597,#11827,#11828);
#10019=AXIS2_PLACEMENT_3D('',#14598,#11829,#11830);
#10020=AXIS2_PLACEMENT_3D('',#14600,#11832,#11833);
#10021=AXIS2_PLACEMENT_3D('',#14601,#11834,#11835);
#10022=AXIS2_PLACEMENT_3D('',#14610,#11840,#11841);
#10023=AXIS2_PLACEMENT_3D('',#14618,#11846,#11847);
#10024=AXIS2_PLACEMENT_3D('',#14624,#11851,#11852);
#10025=AXIS2_PLACEMENT_3D('',#14633,#11857,#11858);
#10026=AXIS2_PLACEMENT_3D('',#14636,#11861,#11862);
#10027=AXIS2_PLACEMENT_3D('',#14640,#11866,#11867);
#10028=AXIS2_PLACEMENT_3D('',#14641,#11868,#11869);
#10029=AXIS2_PLACEMENT_3D('',#14642,#11870,#11871);
#10030=AXIS2_PLACEMENT_3D('',#14643,#11872,#11873);
#10031=AXIS2_PLACEMENT_3D('',#14652,#11878,#11879);
#10032=AXIS2_PLACEMENT_3D('',#14658,#11883,#11884);
#10033=AXIS2_PLACEMENT_3D('',#14660,#11886,#11887);
#10034=AXIS2_PLACEMENT_3D('',#14662,#11889,#11890);
#10035=AXIS2_PLACEMENT_3D('',#14663,#11891,#11892);
#10036=AXIS2_PLACEMENT_3D('',#14664,#11893,#11894);
#10037=AXIS2_PLACEMENT_3D('',#14665,#11895,#11896);
#10038=AXIS2_PLACEMENT_3D('',#14667,#11897,#11898);
#10039=AXIS2_PLACEMENT_3D('',#14669,#11899,#11900);
#10040=AXIS2_PLACEMENT_3D('',#14670,#11901,#11902);
#10041=AXIS2_PLACEMENT_3D('',#14672,#11903,#11904);
#10042=AXIS2_PLACEMENT_3D('',#14674,#11905,#11906);
#10043=AXIS2_PLACEMENT_3D('',#14675,#11907,#11908);
#10044=AXIS2_PLACEMENT_3D('',#14676,#11909,#11910);
#10045=AXIS2_PLACEMENT_3D('',#14677,#11911,#11912);
#10046=AXIS2_PLACEMENT_3D('',#14686,#11917,#11918);
#10047=AXIS2_PLACEMENT_3D('',#14692,#11922,#11923);
#10048=AXIS2_PLACEMENT_3D('',#14698,#11927,#11928);
#10049=AXIS2_PLACEMENT_3D('',#14701,#11931,#11932);
#10050=AXIS2_PLACEMENT_3D('',#14702,#11933,#11934);
#10051=AXIS2_PLACEMENT_3D('',#14704,#11935,#11936);
#10052=AXIS2_PLACEMENT_3D('',#14705,#11937,#11938);
#10053=AXIS2_PLACEMENT_3D('',#14706,#11939,#11940);
#10054=AXIS2_PLACEMENT_3D('',#14708,#11941,#11942);
#10055=AXIS2_PLACEMENT_3D('',#14709,#11943,#11944);
#10056=AXIS2_PLACEMENT_3D('',#14710,#11945,#11946);
#10057=AXIS2_PLACEMENT_3D('',#14719,#11951,#11952);
#10058=AXIS2_PLACEMENT_3D('',#14725,#11956,#11957);
#10059=AXIS2_PLACEMENT_3D('',#14731,#11961,#11962);
#10060=AXIS2_PLACEMENT_3D('',#14734,#11965,#11966);
#10061=AXIS2_PLACEMENT_3D('',#14735,#11967,#11968);
#10062=AXIS2_PLACEMENT_3D('',#14737,#11969,#11970);
#10063=AXIS2_PLACEMENT_3D('',#14738,#11971,#11972);
#10064=AXIS2_PLACEMENT_3D('',#14739,#11973,#11974);
#10065=AXIS2_PLACEMENT_3D('',#14741,#11975,#11976);
#10066=AXIS2_PLACEMENT_3D('',#14742,#11977,#11978);
#10067=AXIS2_PLACEMENT_3D('',#14743,#11979,#11980);
#10068=AXIS2_PLACEMENT_3D('',#14752,#11985,#11986);
#10069=AXIS2_PLACEMENT_3D('',#14758,#11990,#11991);
#10070=AXIS2_PLACEMENT_3D('',#14764,#11995,#11996);
#10071=AXIS2_PLACEMENT_3D('',#14767,#11999,#12000);
#10072=AXIS2_PLACEMENT_3D('',#14768,#12001,#12002);
#10073=AXIS2_PLACEMENT_3D('',#14770,#12003,#12004);
#10074=AXIS2_PLACEMENT_3D('',#14771,#12005,#12006);
#10075=AXIS2_PLACEMENT_3D('',#14772,#12007,#12008);
#10076=AXIS2_PLACEMENT_3D('',#14774,#12009,#12010);
#10077=AXIS2_PLACEMENT_3D('',#14775,#12011,#12012);
#10078=AXIS2_PLACEMENT_3D('',#14776,#12013,#12014);
#10079=AXIS2_PLACEMENT_3D('',#14777,#12015,#12016);
#10080=AXIS2_PLACEMENT_3D('',#14779,#12017,#12018);
#10081=AXIS2_PLACEMENT_3D('',#14794,#12020,#12021);
#10082=AXIS2_PLACEMENT_3D('',#14808,#12023,#12024);
#10083=AXIS2_PLACEMENT_3D('',#14822,#12026,#12027);
#10084=AXIS2_PLACEMENT_3D('',#14836,#12029,#12030);
#10085=AXIS2_PLACEMENT_3D('',#14850,#12032,#12033);
#10086=AXIS2_PLACEMENT_3D('',#14864,#12035,#12036);
#10087=AXIS2_PLACEMENT_3D('',#14878,#12038,#12039);
#10088=AXIS2_PLACEMENT_3D('',#14892,#12041,#12042);
#10089=AXIS2_PLACEMENT_3D('',#14906,#12044,#12045);
#10090=AXIS2_PLACEMENT_3D('',#14919,#12047,#12048);
#10091=AXIS2_PLACEMENT_3D('',#14923,#12050,#12051);
#10092=AXIS2_PLACEMENT_3D('',#14927,#12053,#12054);
#10093=AXIS2_PLACEMENT_3D('',#14928,#12055,#12056);
#10094=AXIS2_PLACEMENT_3D('',#14932,#12058,#12059);
#10095=AXIS2_PLACEMENT_3D('',#14936,#12061,#12062);
#10096=AXIS2_PLACEMENT_3D('',#14937,#12063,#12064);
#10097=AXIS2_PLACEMENT_3D('',#14941,#12066,#12067);
#10098=AXIS2_PLACEMENT_3D('',#14945,#12069,#12070);
#10099=AXIS2_PLACEMENT_3D('',#14946,#12071,#12072);
#10100=AXIS2_PLACEMENT_3D('',#14950,#12074,#12075);
#10101=AXIS2_PLACEMENT_3D('',#14954,#12077,#12078);
#10102=AXIS2_PLACEMENT_3D('',#14956,#12079,#12080);
#10103=AXIS2_PLACEMENT_3D('',#14957,#12081,#12082);
#10104=AXIS2_PLACEMENT_3D('',#14961,#12084,#12085);
#10105=AXIS2_PLACEMENT_3D('',#14965,#12087,#12088);
#10106=AXIS2_PLACEMENT_3D('',#14966,#12089,#12090);
#10107=AXIS2_PLACEMENT_3D('',#14975,#12095,#12096);
#10108=AXIS2_PLACEMENT_3D('',#14976,#12097,#12098);
#10109=AXIS2_PLACEMENT_3D('',#14980,#12100,#12101);
#10110=AXIS2_PLACEMENT_3D('',#14981,#12102,#12103);
#10111=AXIS2_PLACEMENT_3D('',#14987,#12107,#12108);
#10112=AXIS2_PLACEMENT_3D('',#14988,#12109,#12110);
#10113=AXIS2_PLACEMENT_3D('',#14989,#12111,#12112);
#10114=AXIS2_PLACEMENT_3D('',#14990,#12113,#12114);
#10115=AXIS2_PLACEMENT_3D('',#14991,#12115,#12116);
#10116=AXIS2_PLACEMENT_3D('',#14992,#12117,#12118);
#10117=AXIS2_PLACEMENT_3D('',#14998,#12122,#12123);
#10118=AXIS2_PLACEMENT_3D('',#15004,#12127,#12128);
#10119=AXIS2_PLACEMENT_3D('',#15005,#12129,#12130);
#10120=AXIS2_PLACEMENT_3D('',#15010,#12133,#12134);
#10121=AXIS2_PLACEMENT_3D('',#15015,#12135,#12136);
#10122=AXIS2_PLACEMENT_3D('',#15024,#12137,#12138);
#10123=AXIS2_PLACEMENT_3D('',#15033,#12139,#12140);
#10124=AXIS2_PLACEMENT_3D('',#15038,#12141,#12142);
#10125=AXIS2_PLACEMENT_3D('',#15039,#12143,#12144);
#10126=AXIS2_PLACEMENT_3D('',#15052,#12146,#12147);
#10127=AXIS2_PLACEMENT_3D('',#15053,#12148,#12149);
#10128=AXIS2_PLACEMENT_3D('',#15054,#12150,#12151);
#10129=AXIS2_PLACEMENT_3D('',#15067,#12153,#12154);
#10130=AXIS2_PLACEMENT_3D('',#15068,#12155,#12156);
#10131=AXIS2_PLACEMENT_3D('',#15074,#12160,#12161);
#10132=AXIS2_PLACEMENT_3D('',#15077,#12164,#12165);
#10133=AXIS2_PLACEMENT_3D('',#15078,#12166,#12167);
#10134=AXIS2_PLACEMENT_3D('',#15082,#12170,#12171);
#10135=AXIS2_PLACEMENT_3D('',#15083,#12172,#12173);
#10136=AXIS2_PLACEMENT_3D('',#15088,#12174,#12175);
#10137=AXIS2_PLACEMENT_3D('',#15097,#12176,#12177);
#10138=AXIS2_PLACEMENT_3D('',#15102,#12178,#12179);
#10139=AXIS2_PLACEMENT_3D('',#15103,#12180,#12181);
#10140=AXIS2_PLACEMENT_3D('',#15116,#12183,#12184);
#10141=AXIS2_PLACEMENT_3D('',#15117,#12185,#12186);
#10142=AXIS2_PLACEMENT_3D('',#15120,#12189,#12190);
#10143=AXIS2_PLACEMENT_3D('',#15126,#12194,#12195);
#10144=AXIS2_PLACEMENT_3D('',#15128,#12197,#12198);
#10145=AXIS2_PLACEMENT_3D('',#15131,#12200,#12201);
#10146=AXIS2_PLACEMENT_3D('',#15132,#12202,#12203);
#10147=AXIS2_PLACEMENT_3D('',#15137,#12204,#12205);
#10148=AXIS2_PLACEMENT_3D('',#15146,#12206,#12207);
#10149=AXIS2_PLACEMENT_3D('',#15151,#12208,#12209);
#10150=AXIS2_PLACEMENT_3D('',#15152,#12210,#12211);
#10151=AXIS2_PLACEMENT_3D('',#15155,#12213,#12214);
#10152=AXIS2_PLACEMENT_3D('',#15156,#12215,#12216);
#10153=AXIS2_PLACEMENT_3D('',#15162,#12220,#12221);
#10154=AXIS2_PLACEMENT_3D('',#15168,#12225,#12226);
#10155=AXIS2_PLACEMENT_3D('',#15169,#12227,#12228);
#10156=AXIS2_PLACEMENT_3D('',#15174,#12231,#12232);
#10157=AXIS2_PLACEMENT_3D('',#15175,#12233,#12234);
#10158=AXIS2_PLACEMENT_3D('',#15176,#12235,#12236);
#10159=AXIS2_PLACEMENT_3D('',#15177,#12237,#12238);
#10160=AXIS2_PLACEMENT_3D('',#15182,#12239,#12240);
#10161=AXIS2_PLACEMENT_3D('',#15183,#12241,#12242);
#10162=AXIS2_PLACEMENT_3D('',#15184,#12243,#12244);
#10163=AXIS2_PLACEMENT_3D('',#15193,#12245,#12246);
#10164=AXIS2_PLACEMENT_3D('',#15198,#12247,#12248);
#10165=AXIS2_PLACEMENT_3D('',#15199,#12249,#12250);
#10166=AXIS2_PLACEMENT_3D('',#15200,#12251,#12252);
#10167=AXIS2_PLACEMENT_3D('',#15213,#12254,#12255);
#10168=AXIS2_PLACEMENT_3D('',#15216,#12258,#12259);
#10169=AXIS2_PLACEMENT_3D('',#15219,#12262,#12263);
#10170=AXIS2_PLACEMENT_3D('',#15221,#12265,#12266);
#10171=AXIS2_PLACEMENT_3D('',#15223,#12268,#12269);
#10172=AXIS2_PLACEMENT_3D('',#15224,#12270,#12271);
#10173=AXIS2_PLACEMENT_3D('',#15225,#12272,#12273);
#10174=AXIS2_PLACEMENT_3D('',#15230,#12274,#12275);
#10175=AXIS2_PLACEMENT_3D('',#15235,#12276,#12277);
#10176=AXIS2_PLACEMENT_3D('',#15236,#12278,#12279);
#10177=AXIS2_PLACEMENT_3D('',#15238,#12280,#12281);
#10178=AXIS2_PLACEMENT_3D('',#15240,#12282,#12283);
#10179=AXIS2_PLACEMENT_3D('',#15241,#12284,#12285);
#10180=AXIS2_PLACEMENT_3D('',#15242,#12286,#12287);
#10181=AXIS2_PLACEMENT_3D('',#15243,#12288,#12289);
#10182=AXIS2_PLACEMENT_3D('',#15244,#12290,#12291);
#10183=AXIS2_PLACEMENT_3D('',#15245,#12292,#12293);
#10184=AXIS2_PLACEMENT_3D('',#15246,#12294,#12295);
#10185=AXIS2_PLACEMENT_3D('',#15247,#12296,#12297);
#10186=AXIS2_PLACEMENT_3D('',#15248,#12298,#12299);
#10187=AXIS2_PLACEMENT_3D('',#15249,#12300,#12301);
#10188=AXIS2_PLACEMENT_3D('',#15250,#12302,#12303);
#10189=AXIS2_PLACEMENT_3D('',#15251,#12304,#12305);
#10190=AXIS2_PLACEMENT_3D('',#15252,#12306,#12307);
#10191=AXIS2_PLACEMENT_3D('',#15253,#12308,#12309);
#10192=AXIS2_PLACEMENT_3D('',#15254,#12310,#12311);
#10193=AXIS2_PLACEMENT_3D('',#15255,#12312,#12313);
#10194=AXIS2_PLACEMENT_3D('',#15257,#12314,#12315);
#10195=AXIS2_PLACEMENT_3D('',#15259,#12316,#12317);
#10196=AXIS2_PLACEMENT_3D('',#15260,#12318,#12319);
#10197=AXIS2_PLACEMENT_3D('',#15262,#12320,#12321);
#10198=AXIS2_PLACEMENT_3D('',#15264,#12322,#12323);
#10199=AXIS2_PLACEMENT_3D('',#15265,#12324,#12325);
#10200=AXIS2_PLACEMENT_3D('',#15266,#12326,#12327);
#10201=AXIS2_PLACEMENT_3D('',#15267,#12328,#12329);
#10202=AXIS2_PLACEMENT_3D('',#15271,#12331,#12332);
#10203=AXIS2_PLACEMENT_3D('',#15275,#12334,#12335);
#10204=AXIS2_PLACEMENT_3D('',#15276,#12336,#12337);
#10205=AXIS2_PLACEMENT_3D('',#15280,#12339,#12340);
#10206=AXIS2_PLACEMENT_3D('',#15284,#12342,#12343);
#10207=AXIS2_PLACEMENT_3D('',#15285,#12344,#12345);
#10208=AXIS2_PLACEMENT_3D('',#15289,#12347,#12348);
#10209=AXIS2_PLACEMENT_3D('',#15293,#12350,#12351);
#10210=AXIS2_PLACEMENT_3D('',#15294,#12352,#12353);
#10211=AXIS2_PLACEMENT_3D('',#15298,#12355,#12356);
#10212=AXIS2_PLACEMENT_3D('',#15302,#12358,#12359);
#10213=AXIS2_PLACEMENT_3D('',#15304,#12360,#12361);
#10214=AXIS2_PLACEMENT_3D('',#15305,#12362,#12363);
#10215=AXIS2_PLACEMENT_3D('',#15312,#12364,#12365);
#10216=AXIS2_PLACEMENT_3D('',#15326,#12367,#12368);
#10217=AXIS2_PLACEMENT_3D('',#15340,#12370,#12371);
#10218=AXIS2_PLACEMENT_3D('',#15354,#12373,#12374);
#10219=AXIS2_PLACEMENT_3D('',#15368,#12376,#12377);
#10220=AXIS2_PLACEMENT_3D('',#15382,#12379,#12380);
#10221=AXIS2_PLACEMENT_3D('',#15396,#12382,#12383);
#10222=AXIS2_PLACEMENT_3D('',#15410,#12385,#12386);
#10223=AXIS2_PLACEMENT_3D('',#15424,#12388,#12389);
#10224=AXIS2_PLACEMENT_3D('',#15438,#12391,#12392);
#10225=AXIS2_PLACEMENT_3D('',#15446,#12394,#12395);
#10226=AXIS2_PLACEMENT_3D('',#15448,#12396,#12397);
#10227=AXIS2_PLACEMENT_3D('',#15452,#12399,#12400);
#10228=AXIS2_PLACEMENT_3D('',#15456,#12402,#12403);
#10229=AXIS2_PLACEMENT_3D('',#15457,#12404,#12405);
#10230=AXIS2_PLACEMENT_3D('',#15466,#12410,#12411);
#10231=AXIS2_PLACEMENT_3D('',#15467,#12412,#12413);
#10232=AXIS2_PLACEMENT_3D('',#15471,#12415,#12416);
#10233=AXIS2_PLACEMENT_3D('',#15472,#12417,#12418);
#10234=AXIS2_PLACEMENT_3D('',#15478,#12422,#12423);
#10235=AXIS2_PLACEMENT_3D('',#15479,#12424,#12425);
#10236=AXIS2_PLACEMENT_3D('',#15480,#12426,#12427);
#10237=AXIS2_PLACEMENT_3D('',#15481,#12428,#12429);
#10238=AXIS2_PLACEMENT_3D('',#15482,#12430,#12431);
#10239=AXIS2_PLACEMENT_3D('',#15483,#12432,#12433);
#10240=AXIS2_PLACEMENT_3D('',#15489,#12437,#12438);
#10241=AXIS2_PLACEMENT_3D('',#15495,#12442,#12443);
#10242=AXIS2_PLACEMENT_3D('',#15496,#12444,#12445);
#10243=AXIS2_PLACEMENT_3D('',#15501,#12448,#12449);
#10244=AXIS2_PLACEMENT_3D('',#15506,#12450,#12451);
#10245=AXIS2_PLACEMENT_3D('',#15515,#12452,#12453);
#10246=AXIS2_PLACEMENT_3D('',#15524,#12454,#12455);
#10247=AXIS2_PLACEMENT_3D('',#15529,#12456,#12457);
#10248=AXIS2_PLACEMENT_3D('',#15530,#12458,#12459);
#10249=AXIS2_PLACEMENT_3D('',#15543,#12461,#12462);
#10250=AXIS2_PLACEMENT_3D('',#15544,#12463,#12464);
#10251=AXIS2_PLACEMENT_3D('',#15545,#12465,#12466);
#10252=AXIS2_PLACEMENT_3D('',#15558,#12468,#12469);
#10253=AXIS2_PLACEMENT_3D('',#15559,#12470,#12471);
#10254=AXIS2_PLACEMENT_3D('',#15565,#12475,#12476);
#10255=AXIS2_PLACEMENT_3D('',#15568,#12479,#12480);
#10256=AXIS2_PLACEMENT_3D('',#15569,#12481,#12482);
#10257=AXIS2_PLACEMENT_3D('',#15573,#12485,#12486);
#10258=AXIS2_PLACEMENT_3D('',#15574,#12487,#12488);
#10259=AXIS2_PLACEMENT_3D('',#15579,#12489,#12490);
#10260=AXIS2_PLACEMENT_3D('',#15588,#12491,#12492);
#10261=AXIS2_PLACEMENT_3D('',#15593,#12493,#12494);
#10262=AXIS2_PLACEMENT_3D('',#15594,#12495,#12496);
#10263=AXIS2_PLACEMENT_3D('',#15607,#12498,#12499);
#10264=AXIS2_PLACEMENT_3D('',#15608,#12500,#12501);
#10265=AXIS2_PLACEMENT_3D('',#15611,#12504,#12505);
#10266=AXIS2_PLACEMENT_3D('',#15617,#12509,#12510);
#10267=AXIS2_PLACEMENT_3D('',#15619,#12512,#12513);
#10268=AXIS2_PLACEMENT_3D('',#15622,#12515,#12516);
#10269=AXIS2_PLACEMENT_3D('',#15623,#12517,#12518);
#10270=AXIS2_PLACEMENT_3D('',#15628,#12519,#12520);
#10271=AXIS2_PLACEMENT_3D('',#15637,#12521,#12522);
#10272=AXIS2_PLACEMENT_3D('',#15642,#12523,#12524);
#10273=AXIS2_PLACEMENT_3D('',#15643,#12525,#12526);
#10274=AXIS2_PLACEMENT_3D('',#15646,#12528,#12529);
#10275=AXIS2_PLACEMENT_3D('',#15647,#12530,#12531);
#10276=AXIS2_PLACEMENT_3D('',#15653,#12535,#12536);
#10277=AXIS2_PLACEMENT_3D('',#15659,#12540,#12541);
#10278=AXIS2_PLACEMENT_3D('',#15660,#12542,#12543);
#10279=AXIS2_PLACEMENT_3D('',#15665,#12546,#12547);
#10280=AXIS2_PLACEMENT_3D('',#15666,#12548,#12549);
#10281=AXIS2_PLACEMENT_3D('',#15667,#12550,#12551);
#10282=AXIS2_PLACEMENT_3D('',#15668,#12552,#12553);
#10283=AXIS2_PLACEMENT_3D('',#15673,#12554,#12555);
#10284=AXIS2_PLACEMENT_3D('',#15674,#12556,#12557);
#10285=AXIS2_PLACEMENT_3D('',#15675,#12558,#12559);
#10286=AXIS2_PLACEMENT_3D('',#15684,#12560,#12561);
#10287=AXIS2_PLACEMENT_3D('',#15689,#12562,#12563);
#10288=AXIS2_PLACEMENT_3D('',#15690,#12564,#12565);
#10289=AXIS2_PLACEMENT_3D('',#15691,#12566,#12567);
#10290=AXIS2_PLACEMENT_3D('',#15704,#12569,#12570);
#10291=AXIS2_PLACEMENT_3D('',#15707,#12573,#12574);
#10292=AXIS2_PLACEMENT_3D('',#15710,#12577,#12578);
#10293=AXIS2_PLACEMENT_3D('',#15712,#12580,#12581);
#10294=AXIS2_PLACEMENT_3D('',#15714,#12583,#12584);
#10295=AXIS2_PLACEMENT_3D('',#15715,#12585,#12586);
#10296=AXIS2_PLACEMENT_3D('',#15716,#12587,#12588);
#10297=AXIS2_PLACEMENT_3D('',#15721,#12589,#12590);
#10298=AXIS2_PLACEMENT_3D('',#15726,#12591,#12592);
#10299=AXIS2_PLACEMENT_3D('',#15727,#12593,#12594);
#10300=AXIS2_PLACEMENT_3D('',#15729,#12595,#12596);
#10301=AXIS2_PLACEMENT_3D('',#15731,#12597,#12598);
#10302=AXIS2_PLACEMENT_3D('',#15732,#12599,#12600);
#10303=AXIS2_PLACEMENT_3D('',#15733,#12601,#12602);
#10304=AXIS2_PLACEMENT_3D('',#15734,#12603,#12604);
#10305=AXIS2_PLACEMENT_3D('',#15735,#12605,#12606);
#10306=AXIS2_PLACEMENT_3D('',#15736,#12607,#12608);
#10307=AXIS2_PLACEMENT_3D('',#15737,#12609,#12610);
#10308=AXIS2_PLACEMENT_3D('',#15738,#12611,#12612);
#10309=AXIS2_PLACEMENT_3D('',#15739,#12613,#12614);
#10310=AXIS2_PLACEMENT_3D('',#15740,#12615,#12616);
#10311=AXIS2_PLACEMENT_3D('',#15741,#12617,#12618);
#10312=AXIS2_PLACEMENT_3D('',#15742,#12619,#12620);
#10313=AXIS2_PLACEMENT_3D('',#15743,#12621,#12622);
#10314=AXIS2_PLACEMENT_3D('',#15744,#12623,#12624);
#10315=AXIS2_PLACEMENT_3D('',#15745,#12625,#12626);
#10316=AXIS2_PLACEMENT_3D('',#15752,#12627,#12628);
#10317=AXIS2_PLACEMENT_3D('',#15766,#12630,#12631);
#10318=AXIS2_PLACEMENT_3D('',#15780,#12633,#12634);
#10319=AXIS2_PLACEMENT_3D('',#15794,#12636,#12637);
#10320=AXIS2_PLACEMENT_3D('',#15808,#12639,#12640);
#10321=AXIS2_PLACEMENT_3D('',#15822,#12642,#12643);
#10322=AXIS2_PLACEMENT_3D('',#15836,#12645,#12646);
#10323=AXIS2_PLACEMENT_3D('',#15850,#12648,#12649);
#10324=AXIS2_PLACEMENT_3D('',#15864,#12651,#12652);
#10325=AXIS2_PLACEMENT_3D('',#15878,#12654,#12655);
#10326=AXIS2_PLACEMENT_3D('',#15886,#12657,#12658);
#10327=AXIS2_PLACEMENT_3D('',#15888,#12659,#12660);
#10328=AXIS2_PLACEMENT_3D('',#15893,#12663,#12664);
#10329=AXIS2_PLACEMENT_3D('',#15895,#12665,#12666);
#10330=AXIS2_PLACEMENT_3D('',#15900,#12669,#12670);
#10331=AXIS2_PLACEMENT_3D('',#15905,#12673,#12674);
#10332=AXIS2_PLACEMENT_3D('',#15910,#12677,#12678);
#10333=AXIS2_PLACEMENT_3D('',#15915,#12681,#12682);
#10334=AXIS2_PLACEMENT_3D('',#15916,#12683,#12684);
#10335=AXIS2_PLACEMENT_3D('',#15925,#12689,#12690);
#10336=AXIS2_PLACEMENT_3D('',#15926,#12691,#12692);
#10337=AXIS2_PLACEMENT_3D('',#15930,#12694,#12695);
#10338=AXIS2_PLACEMENT_3D('',#15931,#12696,#12697);
#10339=AXIS2_PLACEMENT_3D('',#15937,#12701,#12702);
#10340=AXIS2_PLACEMENT_3D('',#15938,#12703,#12704);
#10341=AXIS2_PLACEMENT_3D('',#15939,#12705,#12706);
#10342=AXIS2_PLACEMENT_3D('',#15940,#12707,#12708);
#10343=AXIS2_PLACEMENT_3D('',#15941,#12709,#12710);
#10344=AXIS2_PLACEMENT_3D('',#15942,#12711,#12712);
#10345=AXIS2_PLACEMENT_3D('',#15948,#12716,#12717);
#10346=AXIS2_PLACEMENT_3D('',#15954,#12721,#12722);
#10347=AXIS2_PLACEMENT_3D('',#15955,#12723,#12724);
#10348=AXIS2_PLACEMENT_3D('',#15960,#12727,#12728);
#10349=AXIS2_PLACEMENT_3D('',#15965,#12729,#12730);
#10350=AXIS2_PLACEMENT_3D('',#15970,#12731,#12732);
#10351=AXIS2_PLACEMENT_3D('',#15975,#12733,#12734);
#10352=AXIS2_PLACEMENT_3D('',#15980,#12735,#12736);
#10353=AXIS2_PLACEMENT_3D('',#15981,#12737,#12738);
#10354=AXIS2_PLACEMENT_3D('',#15994,#12740,#12741);
#10355=AXIS2_PLACEMENT_3D('',#15995,#12742,#12743);
#10356=AXIS2_PLACEMENT_3D('',#15996,#12744,#12745);
#10357=AXIS2_PLACEMENT_3D('',#16009,#12747,#12748);
#10358=AXIS2_PLACEMENT_3D('',#16010,#12749,#12750);
#10359=AXIS2_PLACEMENT_3D('',#16016,#12754,#12755);
#10360=AXIS2_PLACEMENT_3D('',#16019,#12758,#12759);
#10361=AXIS2_PLACEMENT_3D('',#16020,#12760,#12761);
#10362=AXIS2_PLACEMENT_3D('',#16024,#12764,#12765);
#10363=AXIS2_PLACEMENT_3D('',#16025,#12766,#12767);
#10364=AXIS2_PLACEMENT_3D('',#16026,#12768,#12769);
#10365=AXIS2_PLACEMENT_3D('',#16031,#12770,#12771);
#10366=AXIS2_PLACEMENT_3D('',#16036,#12772,#12773);
#10367=AXIS2_PLACEMENT_3D('',#16037,#12774,#12775);
#10368=AXIS2_PLACEMENT_3D('',#16050,#12777,#12778);
#10369=AXIS2_PLACEMENT_3D('',#16051,#12779,#12780);
#10370=AXIS2_PLACEMENT_3D('',#16054,#12783,#12784);
#10371=AXIS2_PLACEMENT_3D('',#16060,#12788,#12789);
#10372=AXIS2_PLACEMENT_3D('',#16062,#12791,#12792);
#10373=AXIS2_PLACEMENT_3D('',#16065,#12794,#12795);
#10374=AXIS2_PLACEMENT_3D('',#16066,#12796,#12797);
#10375=AXIS2_PLACEMENT_3D('',#16071,#12798,#12799);
#10376=AXIS2_PLACEMENT_3D('',#16076,#12800,#12801);
#10377=AXIS2_PLACEMENT_3D('',#16077,#12802,#12803);
#10378=AXIS2_PLACEMENT_3D('',#16078,#12804,#12805);
#10379=AXIS2_PLACEMENT_3D('',#16081,#12807,#12808);
#10380=AXIS2_PLACEMENT_3D('',#16082,#12809,#12810);
#10381=AXIS2_PLACEMENT_3D('',#16088,#12814,#12815);
#10382=AXIS2_PLACEMENT_3D('',#16094,#12819,#12820);
#10383=AXIS2_PLACEMENT_3D('',#16095,#12821,#12822);
#10384=AXIS2_PLACEMENT_3D('',#16100,#12825,#12826);
#10385=AXIS2_PLACEMENT_3D('',#16101,#12827,#12828);
#10386=AXIS2_PLACEMENT_3D('',#16102,#12829,#12830);
#10387=AXIS2_PLACEMENT_3D('',#16103,#12831,#12832);
#10388=AXIS2_PLACEMENT_3D('',#16104,#12833,#12834);
#10389=AXIS2_PLACEMENT_3D('',#16105,#12835,#12836);
#10390=AXIS2_PLACEMENT_3D('',#16106,#12837,#12838);
#10391=AXIS2_PLACEMENT_3D('',#16111,#12839,#12840);
#10392=AXIS2_PLACEMENT_3D('',#16116,#12841,#12842);
#10393=AXIS2_PLACEMENT_3D('',#16117,#12843,#12844);
#10394=AXIS2_PLACEMENT_3D('',#16118,#12845,#12846);
#10395=AXIS2_PLACEMENT_3D('',#16131,#12848,#12849);
#10396=AXIS2_PLACEMENT_3D('',#16134,#12852,#12853);
#10397=AXIS2_PLACEMENT_3D('',#16137,#12856,#12857);
#10398=AXIS2_PLACEMENT_3D('',#16139,#12859,#12860);
#10399=AXIS2_PLACEMENT_3D('',#16141,#12862,#12863);
#10400=AXIS2_PLACEMENT_3D('',#16142,#12864,#12865);
#10401=AXIS2_PLACEMENT_3D('',#16143,#12866,#12867);
#10402=AXIS2_PLACEMENT_3D('',#16144,#12868,#12869);
#10403=AXIS2_PLACEMENT_3D('',#16145,#12870,#12871);
#10404=AXIS2_PLACEMENT_3D('',#16146,#12872,#12873);
#10405=AXIS2_PLACEMENT_3D('',#16148,#12874,#12875);
#10406=AXIS2_PLACEMENT_3D('',#16150,#12876,#12877);
#10407=AXIS2_PLACEMENT_3D('',#16151,#12878,#12879);
#10408=AXIS2_PLACEMENT_3D('',#16152,#12880,#12881);
#10409=AXIS2_PLACEMENT_3D('',#16153,#12882,#12883);
#10410=AXIS2_PLACEMENT_3D('',#16154,#12884,#12885);
#10411=AXIS2_PLACEMENT_3D('',#16156,#12886,#12887);
#10412=AXIS2_PLACEMENT_3D('',#16158,#12888,#12889);
#10413=AXIS2_PLACEMENT_3D('',#16159,#12890,#12891);
#10414=AXIS2_PLACEMENT_3D('',#16161,#12892,#12893);
#10415=AXIS2_PLACEMENT_3D('',#16163,#12894,#12895);
#10416=AXIS2_PLACEMENT_3D('',#16164,#12896,#12897);
#10417=AXIS2_PLACEMENT_3D('',#16165,#12898,#12899);
#10418=AXIS2_PLACEMENT_3D('',#16166,#12900,#12901);
#10419=AXIS2_PLACEMENT_3D('',#16167,#12902,#12903);
#10420=AXIS2_PLACEMENT_3D('',#16169,#12904,#12905);
#10421=AXIS2_PLACEMENT_3D('',#16171,#12906,#12907);
#10422=AXIS2_PLACEMENT_3D('',#16172,#12908,#12909);
#10423=AXIS2_PLACEMENT_3D('',#16174,#12910,#12911);
#10424=AXIS2_PLACEMENT_3D('',#16176,#12912,#12913);
#10425=AXIS2_PLACEMENT_3D('',#16177,#12914,#12915);
#10426=AXIS2_PLACEMENT_3D('',#16178,#12916,#12917);
#10427=AXIS2_PLACEMENT_3D('',#16179,#12918,#12919);
#10428=AXIS2_PLACEMENT_3D('',#16188,#12924,#12925);
#10429=AXIS2_PLACEMENT_3D('',#16194,#12929,#12930);
#10430=AXIS2_PLACEMENT_3D('',#16200,#12934,#12935);
#10431=AXIS2_PLACEMENT_3D('',#16203,#12938,#12939);
#10432=AXIS2_PLACEMENT_3D('',#16204,#12940,#12941);
#10433=AXIS2_PLACEMENT_3D('',#16206,#12942,#12943);
#10434=AXIS2_PLACEMENT_3D('',#16207,#12944,#12945);
#10435=AXIS2_PLACEMENT_3D('',#16208,#12946,#12947);
#10436=AXIS2_PLACEMENT_3D('',#16210,#12948,#12949);
#10437=AXIS2_PLACEMENT_3D('',#16211,#12950,#12951);
#10438=AXIS2_PLACEMENT_3D('',#16212,#12952,#12953);
#10439=AXIS2_PLACEMENT_3D('',#16213,#12954,#12955);
#10440=AXIS2_PLACEMENT_3D('',#16215,#12956,#12957);
#10441=AXIS2_PLACEMENT_3D('',#16217,#12958,#12959);
#10442=AXIS2_PLACEMENT_3D('',#16218,#12960,#12961);
#10443=AXIS2_PLACEMENT_3D('',#16220,#12962,#12963);
#10444=AXIS2_PLACEMENT_3D('',#16222,#12964,#12965);
#10445=AXIS2_PLACEMENT_3D('',#16223,#12966,#12967);
#10446=AXIS2_PLACEMENT_3D('',#16224,#12968,#12969);
#10447=AXIS2_PLACEMENT_3D('',#16225,#12970,#12971);
#10448=AXIS2_PLACEMENT_3D('',#16226,#12972,#12973);
#10449=AXIS2_PLACEMENT_3D('',#16228,#12974,#12975);
#10450=AXIS2_PLACEMENT_3D('',#16230,#12976,#12977);
#10451=AXIS2_PLACEMENT_3D('',#16231,#12978,#12979);
#10452=AXIS2_PLACEMENT_3D('',#16233,#12980,#12981);
#10453=AXIS2_PLACEMENT_3D('',#16235,#12982,#12983);
#10454=AXIS2_PLACEMENT_3D('',#16236,#12984,#12985);
#10455=DIRECTION('',(0.,0.,1.));
#10456=DIRECTION('',(1.,0.,0.));
#10457=DIRECTION('',(0.,0.,-1.));
#10458=DIRECTION('',(-1.,0.,0.));
#10459=DIRECTION('',(0.,0.,1.));
#10460=DIRECTION('',(1.,0.,0.));
#10461=DIRECTION('',(0.,0.,-1.));
#10462=DIRECTION('',(0.,0.,1.));
#10463=DIRECTION('',(-0.809016994374948,-0.587785252292473,0.));
#10464=DIRECTION('',(0.,0.,-1.));
#10465=DIRECTION('',(0.,0.,1.));
#10466=DIRECTION('',(1.,0.,0.));
#10467=DIRECTION('',(0.,0.,-1.));
#10468=DIRECTION('',(0.,0.,1.));
#10469=DIRECTION('',(0.309016994374948,-0.951056516295154,0.));
#10470=DIRECTION('',(0.,0.,-1.));
#10471=DIRECTION('',(0.,0.,1.));
#10472=DIRECTION('',(1.,0.,0.));
#10473=DIRECTION('',(0.,0.,-1.));
#10474=DIRECTION('',(0.,0.,1.));
#10475=DIRECTION('',(1.,0.,0.));
#10476=DIRECTION('',(0.,0.,-1.));
#10477=DIRECTION('',(0.,0.,1.));
#10478=DIRECTION('',(1.,0.,0.));
#10479=DIRECTION('',(0.,0.,-1.));
#10480=DIRECTION('',(0.,0.,1.));
#10481=DIRECTION('',(0.309016994374948,0.951056516295154,0.));
#10482=DIRECTION('',(0.,0.,-1.));
#10483=DIRECTION('',(0.,0.,1.));
#10484=DIRECTION('',(1.,0.,0.));
#10485=DIRECTION('',(0.,0.,-1.));
#10486=DIRECTION('',(0.,0.,1.));
#10487=DIRECTION('',(-0.809016994374947,0.587785252292473,0.));
#10488=DIRECTION('',(0.,0.,-1.));
#10489=DIRECTION('',(0.,0.,1.));
#10490=DIRECTION('',(1.,0.,0.));
#10491=DIRECTION('',(0.,0.,1.));
#10492=DIRECTION('',(1.,0.,0.));
#10493=DIRECTION('',(0.857704565039234,-0.514142858659788,0.));
#10494=DIRECTION('',(0.293369986527146,-0.95599898065064,0.));
#10495=DIRECTION('',(0.,0.,1.));
#10496=DIRECTION('',(1.,0.,0.));
#10497=DIRECTION('',(0.,0.,1.));
#10498=DIRECTION('',(1.,0.,0.));
#10499=DIRECTION('',(-0.223933629284914,-0.974604396499055,0.));
#10500=DIRECTION('',(-0.818552748642878,-0.574431368998237,0.));
#10501=DIRECTION('',(0.,0.,1.));
#10502=DIRECTION('',(0.309016994374948,-0.951056516295154,0.));
#10503=DIRECTION('',(-0.99610315916143,-0.0881957839617069,0.));
#10504=DIRECTION('',(-0.799263406773094,0.600980870405597,0.));
#10505=DIRECTION('',(0.,0.,1.));
#10506=DIRECTION('',(-0.809016994374948,-0.587785252292473,0.));
#10507=DIRECTION('',(-0.391691979377996,0.920096404346277,0.));
#10508=DIRECTION('',(0.324580797293073,0.945857973497392,0.));
#10509=DIRECTION('',(0.,0.,1.));
#10510=DIRECTION('',(-0.809016994374947,0.587785252292473,0.));
#10511=DIRECTION('',(0.754024202785105,0.656846634774273,0.));
#10512=DIRECTION('',(0.999865371595753,-0.0164084942541112,0.));
#10513=DIRECTION('',(0.,0.,1.));
#10514=DIRECTION('',(1.,0.,0.));
#10515=DIRECTION('',(1.,0.,0.));
#10516=DIRECTION('',(0.,0.,-1.));
#10517=DIRECTION('',(0.,-1.,0.));
#10518=DIRECTION('',(0.,0.,-1.));
#10519=DIRECTION('',(0.,-1.,0.));
#10520=DIRECTION('',(0.,0.,-1.));
#10521=DIRECTION('',(0.,0.,-1.));
#10522=DIRECTION('',(-1.,0.,0.));
#10523=DIRECTION('',(0.,0.,1.));
#10524=DIRECTION('',(1.,0.,0.));
#10525=DIRECTION('',(0.,0.,-1.));
#10526=DIRECTION('',(0.,0.,1.));
#10527=DIRECTION('',(1.,0.,0.));
#10528=DIRECTION('',(1.,0.,0.));
#10529=DIRECTION('',(0.,0.,-1.));
#10530=DIRECTION('',(0.,-1.,0.));
#10531=DIRECTION('',(0.,0.,-1.));
#10532=DIRECTION('',(0.,-1.,0.));
#10533=DIRECTION('',(0.,0.,-1.));
#10534=DIRECTION('',(-1.,0.,0.));
#10535=DIRECTION('',(0.,0.,1.));
#10536=DIRECTION('',(1.,0.,0.));
#10537=DIRECTION('',(0.,0.,1.));
#10538=DIRECTION('',(1.,0.,0.));
#10539=DIRECTION('',(0.,0.,1.));
#10540=DIRECTION('',(1.,0.,0.));
#10541=DIRECTION('',(0.,0.,1.));
#10542=DIRECTION('',(1.,0.,0.));
#10543=DIRECTION('',(-0.920096404346277,-0.391691979377996,0.));
#10544=DIRECTION('',(0.391691979377996,-0.920096404346277,0.));
#10545=DIRECTION('',(-0.391691979377996,0.920096404346277,0.));
#10546=DIRECTION('',(0.,0.,-1.));
#10547=DIRECTION('',(-0.391691979377996,0.920096404346277,0.));
#10548=DIRECTION('',(-0.600980870405597,-0.799263406773094,0.));
#10549=DIRECTION('',(0.,0.,-1.));
#10550=DIRECTION('',(-0.799263406773094,0.600980870405597,0.));
#10551=DIRECTION('',(0.,0.,-1.));
#10552=DIRECTION('',(-0.799263406773094,0.600980870405597,0.));
#10553=DIRECTION('',(0.,0.,1.));
#10554=DIRECTION('',(-0.809016994374948,-0.587785252292473,0.));
#10555=DIRECTION('',(0.,0.,1.));
#10556=DIRECTION('',(-0.809016994374948,-0.587785252292473,0.));
#10557=DIRECTION('',(-0.799263406773094,0.600980870405597,0.));
#10558=DIRECTION('',(-0.391691979377996,0.920096404346277,0.));
#10559=DIRECTION('',(-0.799263406773093,0.600980870405597,0.));
#10560=DIRECTION('',(-0.600980870405597,-0.799263406773093,0.));
#10561=DIRECTION('',(0.799263406773093,-0.600980870405597,0.));
#10562=DIRECTION('',(0.600980870405597,0.799263406773093,0.));
#10563=DIRECTION('',(-0.391691979377996,0.920096404346277,0.));
#10564=DIRECTION('',(-0.920096404346277,-0.391691979377996,0.));
#10565=DIRECTION('',(0.391691979377996,-0.920096404346277,0.));
#10566=DIRECTION('',(0.920096404346277,0.391691979377996,0.));
#10567=DIRECTION('',(0.,0.,1.));
#10568=DIRECTION('',(1.,0.,0.));
#10569=DIRECTION('',(0.,0.,-1.));
#10570=DIRECTION('',(-1.,0.,0.));
#10571=DIRECTION('',(0.,0.,-1.));
#10572=DIRECTION('',(0.,0.,1.));
#10573=DIRECTION('',(1.,0.,0.));
#10574=DIRECTION('',(0.,0.,1.));
#10575=DIRECTION('',(1.,0.,0.));
#10576=DIRECTION('',(0.,0.,1.));
#10577=DIRECTION('',(1.,0.,0.));
#10578=DIRECTION('',(0.,0.,-1.));
#10579=DIRECTION('',(0.,0.,-1.));
#10580=DIRECTION('',(-1.,0.,0.));
#10581=DIRECTION('',(-0.656846634774273,0.754024202785105,0.));
#10582=DIRECTION('',(-0.754024202785105,-0.656846634774273,0.));
#10583=DIRECTION('',(0.754024202785105,0.656846634774273,0.));
#10584=DIRECTION('',(0.,0.,-1.));
#10585=DIRECTION('',(0.754024202785105,0.656846634774273,0.));
#10586=DIRECTION('',(-0.945857973497392,0.324580797293073,0.));
#10587=DIRECTION('',(0.,0.,-1.));
#10588=DIRECTION('',(0.324580797293073,0.945857973497392,0.));
#10589=DIRECTION('',(0.324580797293073,0.945857973497392,0.));
#10590=DIRECTION('',(0.,0.,1.));
#10591=DIRECTION('',(-0.809016994374947,0.587785252292473,0.));
#10592=DIRECTION('',(0.,0.,1.));
#10593=DIRECTION('',(-0.809016994374947,0.587785252292473,0.));
#10594=DIRECTION('',(0.324580797293073,0.945857973497392,0.));
#10595=DIRECTION('',(0.754024202785105,0.656846634774273,0.));
#10596=DIRECTION('',(0.324580797293073,0.945857973497392,0.));
#10597=DIRECTION('',(-0.945857973497392,0.324580797293073,0.));
#10598=DIRECTION('',(-0.324580797293073,-0.945857973497392,0.));
#10599=DIRECTION('',(0.945857973497392,-0.324580797293073,0.));
#10600=DIRECTION('',(0.754024202785105,0.656846634774273,0.));
#10601=DIRECTION('',(-0.656846634774273,0.754024202785105,0.));
#10602=DIRECTION('',(-0.754024202785105,-0.656846634774273,0.));
#10603=DIRECTION('',(0.656846634774273,-0.754024202785105,0.));
#10604=DIRECTION('',(0.,0.,1.));
#10605=DIRECTION('',(1.,0.,0.));
#10606=DIRECTION('',(0.,0.,1.));
#10607=DIRECTION('',(1.,0.,0.));
#10608=DIRECTION('',(0.,0.,-1.));
#10609=DIRECTION('',(0.,0.,-1.));
#10610=DIRECTION('',(-1.,0.,0.));
#10611=DIRECTION('',(0.0881957839617069,-0.996103159161429,0.));
#10612=DIRECTION('',(0.996103159161429,0.0881957839617069,0.));
#10613=DIRECTION('',(-0.99610315916143,-0.0881957839617069,0.));
#10614=DIRECTION('',(-0.99610315916143,-0.0881957839617069,0.));
#10615=DIRECTION('',(0.574431368998237,-0.818552748642878,0.));
#10616=DIRECTION('',(0.,0.,-1.));
#10617=DIRECTION('',(-0.818552748642878,-0.574431368998237,0.));
#10618=DIRECTION('',(0.,0.,-1.));
#10619=DIRECTION('',(-0.818552748642878,-0.574431368998237,0.));
#10620=DIRECTION('',(0.,0.,1.));
#10621=DIRECTION('',(0.309016994374948,-0.951056516295154,0.));
#10622=DIRECTION('',(-0.99610315916143,-0.0881957839617069,0.));
#10623=DIRECTION('',(0.,0.,1.));
#10624=DIRECTION('',(0.309016994374948,-0.951056516295154,0.));
#10625=DIRECTION('',(-0.818552748642878,-0.574431368998237,0.));
#10626=DIRECTION('',(0.99610315916143,0.0881957839617069,0.));
#10627=DIRECTION('',(-0.0881957839617069,0.996103159161429,0.));
#10628=DIRECTION('',(-0.818552748642878,-0.574431368998237,0.));
#10629=DIRECTION('',(0.574431368998237,-0.818552748642878,0.));
#10630=DIRECTION('',(0.818552748642878,0.574431368998237,0.));
#10631=DIRECTION('',(-0.574431368998237,0.818552748642878,0.));
#10632=DIRECTION('',(-0.99610315916143,-0.0881957839617069,0.));
#10633=DIRECTION('',(0.0881957839617069,-0.996103159161429,0.));
#10634=DIRECTION('',(0.,0.,1.));
#10635=DIRECTION('',(1.,0.,0.));
#10636=DIRECTION('',(0.,0.,-1.));
#10637=DIRECTION('',(-1.,0.,0.));
#10638=DIRECTION('',(0.,0.,-1.));
#10639=DIRECTION('',(0.,0.,1.));
#10640=DIRECTION('',(1.,0.,0.));
#10641=DIRECTION('',(0.974604396499055,-0.223933629284914,0.));
#10642=DIRECTION('',(0.223933629284914,0.974604396499055,0.));
#10643=DIRECTION('',(-0.223933629284914,-0.974604396499055,0.));
#10644=DIRECTION('',(0.,0.,-1.));
#10645=DIRECTION('',(-0.223933629284914,-0.974604396499055,0.));
#10646=DIRECTION('',(0.95599898065064,0.293369986527146,0.));
#10647=DIRECTION('',(0.,0.,-1.));
#10648=DIRECTION('',(0.,0.,-1.));
#10649=DIRECTION('',(0.293369986527146,-0.95599898065064,0.));
#10650=DIRECTION('',(0.293369986527146,-0.95599898065064,0.));
#10651=DIRECTION('',(0.,0.,1.));
#10652=DIRECTION('',(1.,0.,0.));
#10653=DIRECTION('',(0.,0.,1.));
#10654=DIRECTION('',(1.,0.,0.));
#10655=DIRECTION('',(0.293369986527146,-0.95599898065064,0.));
#10656=DIRECTION('',(-0.223933629284914,-0.974604396499055,0.));
#10657=DIRECTION('',(0.,0.,1.));
#10658=DIRECTION('',(1.,0.,0.));
#10659=DIRECTION('',(0.223933629284914,0.974604396499055,0.));
#10660=DIRECTION('',(-0.974604396499055,0.223933629284914,0.));
#10661=DIRECTION('',(0.158344987803077,0.689149377738704,0.707106781186548));
#10662=DIRECTION('',(0.158344987803077,0.689149377738704,-0.707106781186548));
#10663=DIRECTION('',(-0.223933629284914,-0.974604396499055,0.));
#10664=DIRECTION('',(0.974604396499055,-0.223933629284914,0.));
#10665=DIRECTION('',(-0.158344987803077,-0.689149377738704,0.707106781186548));
#10666=DIRECTION('',(-0.158344987803077,-0.689149377738704,-0.707106781186548));
#10667=DIRECTION('',(0.,0.,-1.));
#10668=DIRECTION('',(-1.,0.,0.));
#10669=DIRECTION('',(-0.293369986527146,0.95599898065064,0.));
#10670=DIRECTION('',(-0.95599898065064,-0.293369986527146,0.));
#10671=DIRECTION('',(0.293369986527146,-0.95599898065064,0.));
#10672=DIRECTION('',(0.95599898065064,0.293369986527146,0.));
#10673=DIRECTION('',(0.,0.,1.));
#10674=DIRECTION('',(1.,0.,0.));
#10675=DIRECTION('',(0.,0.,1.));
#10676=DIRECTION('',(1.,0.,0.));
#10677=DIRECTION('',(0.,0.,-1.));
#10678=DIRECTION('',(-1.,0.,0.));
#10679=DIRECTION('',(0.,0.,-1.));
#10680=DIRECTION('',(0.514142858659788,0.857704565039234,0.));
#10681=DIRECTION('',(-0.857704565039234,0.514142858659788,0.));
#10682=DIRECTION('',(0.857704565039234,-0.514142858659788,0.));
#10683=DIRECTION('',(0.857704565039234,-0.514142858659788,0.));
#10684=DIRECTION('',(0.0164084942541112,0.999865371595753,0.));
#10685=DIRECTION('',(0.,0.,-1.));
#10686=DIRECTION('',(0.999865371595753,-0.0164084942541112,0.));
#10687=DIRECTION('',(0.999865371595753,-0.0164084942541112,0.));
#10688=DIRECTION('',(0.,0.,1.));
#10689=DIRECTION('',(0.309016994374948,0.951056516295154,0.));
#10690=DIRECTION('',(0.857704565039234,-0.514142858659788,0.));
#10691=DIRECTION('',(0.,0.,-1.));
#10692=DIRECTION('',(-1.,0.,0.));
#10693=DIRECTION('',(0.999865371595753,-0.0164084942541112,0.));
#10694=DIRECTION('',(-0.857704565039234,0.514142858659788,0.));
#10695=DIRECTION('',(-0.514142858659788,-0.857704565039234,0.));
#10696=DIRECTION('',(0.999865371595753,-0.0164084942541112,0.));
#10697=DIRECTION('',(0.0164084942541112,0.999865371595753,0.));
#10698=DIRECTION('',(-0.999865371595753,0.0164084942541112,0.));
#10699=DIRECTION('',(-0.0164084942541112,-0.999865371595753,0.));
#10700=DIRECTION('',(0.857704565039234,-0.514142858659788,0.));
#10701=DIRECTION('',(0.514142858659788,0.857704565039234,0.));
#10702=DIRECTION('',(0.,0.,1.));
#10703=DIRECTION('',(1.,0.,0.));
#10704=DIRECTION('',(0.,0.,1.));
#10705=DIRECTION('',(1.,0.,0.));
#10706=DIRECTION('',(0.,0.,1.));
#10707=DIRECTION('',(1.,0.,0.));
#10708=DIRECTION('',(0.,0.,1.));
#10709=DIRECTION('',(1.,0.,0.));
#10710=DIRECTION('',(0.,0.,-1.));
#10711=DIRECTION('',(-1.,0.,0.));
#10712=DIRECTION('',(0.,0.,1.));
#10713=DIRECTION('',(1.,0.,0.));
#10714=DIRECTION('',(-3.69627624575467E-16,1.,6.2768601239956E-16));
#10715=DIRECTION('',(1.,3.69627624575467E-16,1.95509183887497E-32));
#10716=DIRECTION('',(1.,3.69627624575467E-16,8.65385153700173E-33));
#10717=DIRECTION('',(-0.707106781186547,1.82474835972485E-16,-0.707106781186548));
#10718=DIRECTION('',(-2.13192152452859E-31,6.2768601239956E-16,-1.));
#10719=DIRECTION('',(1.,3.69627624575467E-16,1.95509183887497E-32));
#10720=DIRECTION('',(-2.13192152452859E-31,6.2768601239956E-16,-1.));
#10721=DIRECTION('',(-0.707106781186547,-7.0520723567486E-16,0.707106781186548));
#10722=DIRECTION('',(-3.69627624575467E-16,1.,6.2768601239956E-16));
#10723=DIRECTION('',(-1.,-3.69627624575467E-16,8.54543584225027E-17));
#10724=DIRECTION('',(1.,3.69627624575467E-16,8.65385153700173E-33));
#10725=DIRECTION('',(-0.707106781186546,1.82474835972486E-16,-0.707106781186549));
#10726=DIRECTION('',(-8.54543584225029E-17,6.2768601239956E-16,-1.));
#10727=DIRECTION('',(-1.,-3.69627624575467E-16,8.54543584225027E-17));
#10728=DIRECTION('',(-8.54543584225029E-17,6.2768601239956E-16,-1.));
#10729=DIRECTION('',(-0.707106781186547,-7.0520723567486E-16,0.707106781186548));
#10730=DIRECTION('',(0.,0.,1.));
#10731=DIRECTION('',(1.,0.,0.));
#10732=DIRECTION('',(0.,0.,1.));
#10733=DIRECTION('',(-1.,-3.46944695195362E-16,0.));
#10734=DIRECTION('',(0.,0.,1.));
#10735=DIRECTION('',(0.,1.,0.));
#10736=DIRECTION('',(0.,0.,1.));
#10737=DIRECTION('',(-1.,-3.46944695195362E-16,0.));
#10738=DIRECTION('',(0.,0.,1.));
#10739=DIRECTION('',(0.,1.,0.));
#10740=DIRECTION('',(-1.,-3.69627624575467E-16,8.54543584225027E-17));
#10741=DIRECTION('',(0.707106781186547,-0.707106781186548,0.));
#10742=DIRECTION('',(3.69627624575467E-16,-1.,-6.2768601239956E-16));
#10743=DIRECTION('',(-0.707106781186547,-0.707106781186548,0.));
#10744=DIRECTION('',(-1.,-3.69627624575467E-16,8.54543584225027E-17));
#10745=DIRECTION('',(1.,0.,0.));
#10746=DIRECTION('',(1.,3.69627624575467E-16,1.95509183887497E-32));
#10747=DIRECTION('',(-0.707106781186548,0.707106781186547,0.));
#10748=DIRECTION('',(3.69627624575467E-16,-1.,-6.2768601239956E-16));
#10749=DIRECTION('',(0.707106781186547,0.707106781186548,0.));
#10750=DIRECTION('',(1.,3.69627624575467E-16,1.95509183887497E-32));
#10751=DIRECTION('',(0.707106781186547,-0.707106781186548,0.));
#10752=DIRECTION('',(3.69627624575467E-16,-1.,-6.2768601239956E-16));
#10753=DIRECTION('',(-0.707106781186547,-0.707106781186548,0.));
#10754=DIRECTION('',(1.,3.69627624575467E-16,1.95509183887497E-32));
#10755=DIRECTION('',(1.,0.,0.));
#10756=DIRECTION('',(-1.7347234759768E-16,1.,0.));
#10757=DIRECTION('',(-1.,-1.7347234759768E-16,0.));
#10758=DIRECTION('',(1.7347234759768E-16,-1.,0.));
#10759=DIRECTION('',(1.,0.,0.));
#10760=DIRECTION('',(-1.,-3.69627624575467E-16,8.54543584225027E-17));
#10761=DIRECTION('',(-0.707106781186547,0.707106781186548,0.));
#10762=DIRECTION('',(3.69627624575467E-16,-1.,-6.2768601239956E-16));
#10763=DIRECTION('',(0.707106781186547,0.707106781186549,0.));
#10764=DIRECTION('',(-1.7347234759768E-16,1.,0.));
#10765=DIRECTION('',(-1.,-1.7347234759768E-16,0.));
#10766=DIRECTION('',(0.,0.,1.));
#10767=DIRECTION('',(1.,1.7347234759768E-16,0.));
#10768=DIRECTION('',(0.,0.,1.));
#10769=DIRECTION('',(1.,1.7347234759768E-16,0.));
#10770=DIRECTION('',(-1.7347234759768E-16,1.,0.));
#10771=DIRECTION('',(-1.,-1.7347234759768E-16,0.));
#10772=DIRECTION('',(0.,0.,1.));
#10773=DIRECTION('',(1.,1.7347234759768E-16,0.));
#10774=DIRECTION('',(0.,0.,1.));
#10775=DIRECTION('',(-1.,-1.7347234759768E-16,0.));
#10776=DIRECTION('',(1.,1.7347234759768E-16,0.));
#10777=DIRECTION('',(-1.7347234759768E-16,1.,0.));
#10778=DIRECTION('',(1.7347234759768E-16,-1.,0.));
#10779=DIRECTION('',(-1.7347234759768E-16,1.,0.));
#10780=DIRECTION('',(0.,0.,1.));
#10781=DIRECTION('',(-1.7347234759768E-16,1.,0.));
#10782=DIRECTION('',(0.,0.,1.));
#10783=DIRECTION('',(1.,1.7347234759768E-16,0.));
#10784=DIRECTION('',(-1.7347234759768E-16,1.,0.));
#10785=DIRECTION('',(0.,0.,1.));
#10786=DIRECTION('',(-1.7347234759768E-16,1.,0.));
#10787=DIRECTION('',(1.7347234759768E-16,-1.,0.));
#10788=DIRECTION('',(0.,0.,1.));
#10789=DIRECTION('',(-1.7347234759768E-16,1.,0.));
#10790=DIRECTION('',(1.,1.7347234759768E-16,0.));
#10791=DIRECTION('',(-1.7347234759768E-16,1.,0.));
#10792=DIRECTION('',(1.7347234759768E-16,-1.,0.));
#10793=DIRECTION('',(0.,0.,1.));
#10794=DIRECTION('',(-1.7347234759768E-16,1.,0.));
#10795=DIRECTION('',(0.,0.,1.));
#10796=DIRECTION('',(-1.7347234759768E-16,1.,0.));
#10797=DIRECTION('',(1.,1.7347234759768E-16,0.));
#10798=DIRECTION('',(-1.7347234759768E-16,1.,0.));
#10799=DIRECTION('',(1.7347234759768E-16,-1.,0.));
#10800=DIRECTION('',(0.,0.,1.));
#10801=DIRECTION('',(-1.7347234759768E-16,1.,0.));
#10802=DIRECTION('',(0.,0.,1.));
#10803=DIRECTION('',(1.7347234759768E-16,-1.,0.));
#10804=DIRECTION('',(0.,0.,1.));
#10805=DIRECTION('',(1.,0.,0.));
#10806=DIRECTION('',(0.,0.,1.));
#10807=DIRECTION('',(1.,0.,0.));
#10808=DIRECTION('',(0.,0.,1.));
#10809=DIRECTION('',(1.,0.,0.));
#10810=DIRECTION('',(0.,0.,1.));
#10811=DIRECTION('',(1.,0.,0.));
#10812=DIRECTION('',(0.,0.,1.));
#10813=DIRECTION('',(1.,0.,0.));
#10814=DIRECTION('',(1.,0.,0.));
#10815=DIRECTION('',(1.,0.,0.));
#10816=DIRECTION('',(0.,0.,-1.));
#10817=DIRECTION('',(-1.,-3.46944695195362E-16,0.));
#10818=DIRECTION('',(-1.,-1.7347234759768E-16,0.));
#10819=DIRECTION('',(0.,0.,-1.));
#10820=DIRECTION('',(1.,0.,0.));
#10821=DIRECTION('',(1.,1.7347234759768E-16,0.));
#10822=DIRECTION('',(1.7347234759768E-16,-1.,0.));
#10823=DIRECTION('',(-1.,-1.7347234759768E-16,0.));
#10824=DIRECTION('',(1.,1.7347234759768E-16,0.));
#10825=DIRECTION('',(1.7347234759768E-16,-1.,0.));
#10826=DIRECTION('',(-1.,-1.7347234759768E-16,0.));
#10827=DIRECTION('',(-1.,-1.7347234759768E-16,0.));
#10828=DIRECTION('',(0.,0.,-1.));
#10829=DIRECTION('',(1.,3.46944695195362E-16,0.));
#10830=DIRECTION('',(1.,1.7347234759768E-16,0.));
#10831=DIRECTION('',(0.,0.,-1.));
#10832=DIRECTION('',(-1.,4.93038065763132E-32,0.));
#10833=DIRECTION('',(-1.,-1.7347234759768E-16,0.));
#10834=DIRECTION('',(0.,0.,-1.));
#10835=DIRECTION('',(1.,3.46944695195362E-16,0.));
#10836=DIRECTION('',(0.,0.,1.));
#10837=DIRECTION('',(-1.,-3.46944695195362E-16,0.));
#10838=DIRECTION('',(0.,0.,-1.));
#10839=DIRECTION('',(1.,3.46944695195362E-16,0.));
#10840=DIRECTION('',(0.,0.,1.));
#10841=DIRECTION('',(-1.,-3.46944695195362E-16,0.));
#10842=DIRECTION('',(-1.7347234759768E-16,1.,0.));
#10843=DIRECTION('',(-1.,-1.7347234759768E-16,0.));
#10844=DIRECTION('',(0.707106781186547,1.2266347333467E-16,-0.707106781186548));
#10845=DIRECTION('',(1.,3.69627624575467E-16,1.95509183887497E-32));
#10846=DIRECTION('',(1.,0.,0.));
#10847=DIRECTION('',(1.,3.69627624575467E-16,1.95509183887497E-32));
#10848=DIRECTION('',(-1.,-3.69627624575467E-16,8.54543584225027E-17));
#10849=DIRECTION('',(1.,0.,0.));
#10850=DIRECTION('',(-1.,-3.69627624575467E-16,8.54543584225027E-17));
#10851=DIRECTION('',(-0.707106781186547,-1.2266347333467E-16,-0.707106781186548));
#10852=DIRECTION('',(-0.707106781186548,-1.2266347333467E-16,0.707106781186547));
#10853=DIRECTION('',(1.7347234759768E-16,-1.,0.));
#10854=DIRECTION('',(0.577350269189625,-0.577350269189627,0.577350269189626));
#10855=DIRECTION('',(1.2266347333467E-16,-0.707106781186547,-0.707106781186548));
#10856=DIRECTION('',(1.,1.7347234759768E-16,0.));
#10857=DIRECTION('',(0.577350269189625,0.577350269189627,-0.577350269189626));
#10858=DIRECTION('',(-0.707106781186548,-1.2266347333467E-16,-0.707106781186547));
#10859=DIRECTION('',(-1.7347234759768E-16,1.,0.));
#10860=DIRECTION('',(2.61366199851188E-16,-0.707106781186547,0.707106781186548));
#10861=DIRECTION('',(-1.,-3.69627624575467E-16,-1.95509183887497E-32));
#10862=DIRECTION('',(2.61366199851188E-16,-0.707106781186548,-0.707106781186548));
#10863=DIRECTION('',(1.,3.69627624575467E-16,1.95509183887497E-32));
#10864=DIRECTION('',(-2.61366199851188E-16,0.707106781186548,0.707106781186548));
#10865=DIRECTION('',(-1.,-3.69627624575467E-16,-1.95509183887497E-32));
#10866=DIRECTION('',(3.69627624575467E-16,-1.,-6.2768601239956E-16));
#10867=DIRECTION('',(-1.,-3.69627624575467E-16,-1.95509183887497E-32));
#10868=DIRECTION('',(2.5839265356479E-31,-6.2768601239956E-16,1.));
#10869=DIRECTION('',(1.,3.69627624575467E-16,1.95509183887497E-32));
#10870=DIRECTION('',(2.5839265356479E-31,-6.2768601239956E-16,1.));
#10871=DIRECTION('',(-2.12459171353747E-31,6.2768601239956E-16,-1.));
#10872=DIRECTION('',(3.08395284618099E-16,-1.,-6.2768601239956E-16));
#10873=DIRECTION('',(-3.69627624575467E-16,1.,6.2768601239956E-16));
#10874=DIRECTION('',(1.,3.69627624575467E-16,1.95509183887497E-32));
#10875=DIRECTION('',(-3.69627624575467E-16,1.,6.2768601239956E-16));
#10876=DIRECTION('',(3.69627624575467E-16,-1.,-6.2768601239956E-16));
#10877=DIRECTION('',(-1.,-3.69627624575467E-16,-1.95509183887497E-32));
#10878=DIRECTION('',(2.5839265356479E-31,-6.2768601239956E-16,1.));
#10879=DIRECTION('',(2.5839265356479E-31,-6.2768601239956E-16,1.));
#10880=DIRECTION('',(1.,3.69627624575467E-16,1.95509183887497E-32));
#10881=DIRECTION('',(1.,3.69627624575467E-16,-2.63825638222939E-32));
#10882=DIRECTION('',(3.69627624575467E-16,-1.,1.22464679914735E-16));
#10883=DIRECTION('',(-3.69627624575467E-16,1.,6.2768601239956E-16));
#10884=DIRECTION('',(2.5839265356479E-31,-6.2768601239956E-16,1.));
#10885=DIRECTION('',(-3.69627624575467E-16,1.,6.2768601239956E-16));
#10886=DIRECTION('',(1.,3.69627624575467E-16,-2.63825638222939E-32));
#10887=DIRECTION('',(3.69627624575467E-16,-1.,1.22464679914735E-16));
#10888=DIRECTION('',(-3.69627624575467E-16,1.,6.2768601239956E-16));
#10889=DIRECTION('',(2.5839265356479E-31,-6.2768601239956E-16,1.));
#10890=DIRECTION('',(-3.69627624575467E-16,1.,6.2768601239956E-16));
#10891=DIRECTION('',(3.69627624575467E-16,-1.,-6.2768601239956E-16));
#10892=DIRECTION('',(-1.,-3.69627624575467E-16,-1.95509183887497E-32));
#10893=DIRECTION('',(1.,3.69627624575467E-16,1.95509183887497E-32));
#10894=DIRECTION('',(-4.27271792112516E-17,6.2768601239956E-16,-1.));
#10895=DIRECTION('',(-1.,-3.69627624575467E-16,-1.88179372896374E-32));
#10896=DIRECTION('',(-3.69627624575467E-16,1.,-1.22464679914735E-16));
#10897=DIRECTION('',(-3.69627624575467E-16,1.,6.2768601239956E-16));
#10898=DIRECTION('',(2.13192152452859E-31,-6.2768601239956E-16,1.));
#10899=DIRECTION('',(-3.69627624575467E-16,1.,6.27686012399559E-16));
#10900=DIRECTION('',(-2.12459171353747E-31,6.2768601239956E-16,-1.));
#10901=DIRECTION('',(3.08395284618099E-16,-1.,-6.2768601239956E-16));
#10902=DIRECTION('',(1.,3.69627624575467E-16,1.95509183887497E-32));
#10903=DIRECTION('',(0.707106781186547,0.707106781186548,4.43841035823672E-16));
#10904=DIRECTION('',(-3.69627624575467E-16,1.,6.2768601239956E-16));
#10905=DIRECTION('',(0.707106781186548,-0.707106781186547,-4.43841035823672E-16));
#10906=DIRECTION('',(-1.,-3.69627624575467E-16,-1.88179372896374E-32));
#10907=DIRECTION('',(-3.69627624575467E-16,1.,-1.22464679914735E-16));
#10908=DIRECTION('',(3.69627624575467E-16,-1.,-6.2768601239956E-16));
#10909=DIRECTION('',(-1.97399006696194E-31,5.84958833188308E-16,-1.));
#10910=DIRECTION('',(-3.69627624575467E-16,1.,6.2768601239956E-16));
#10911=DIRECTION('',(1.,3.69627624575467E-16,1.95509183887497E-32));
#10912=DIRECTION('',(-8.54543584225029E-17,6.2768601239956E-16,-1.));
#10913=DIRECTION('',(1.,3.69627624575467E-16,1.95509183887497E-32));
#10914=DIRECTION('',(-8.54543584225029E-17,6.2768601239956E-16,-1.));
#10915=DIRECTION('',(-1.74671528352543E-31,6.2768601239956E-16,-1.));
#10916=DIRECTION('',(4.27271792112516E-17,-6.2768601239956E-16,1.));
#10917=DIRECTION('',(-1.,-3.69627624575467E-16,-5.73385613899531E-32));
#10918=DIRECTION('',(-3.69627624575467E-16,1.,-1.22464679914735E-16));
#10919=DIRECTION('',(3.69627624575467E-16,-1.,-6.2768601239956E-16));
#10920=DIRECTION('',(-1.74671528352543E-31,6.2768601239956E-16,-1.));
#10921=DIRECTION('',(1.74671528352543E-31,-6.2768601239956E-16,1.));
#10922=DIRECTION('',(1.,3.69627624575467E-16,-4.27271792112513E-17));
#10923=DIRECTION('',(3.69627624575467E-16,-1.,1.22464679914735E-16));
#10924=DIRECTION('',(-3.69627624575467E-16,1.,6.2768601239956E-16));
#10925=DIRECTION('',(-4.27271792112516E-17,6.2768601239956E-16,-1.));
#10926=DIRECTION('',(4.27271792112516E-17,-6.2768601239956E-16,1.));
#10927=DIRECTION('',(3.69627624575467E-16,-1.,-6.2768601239956E-16));
#10928=DIRECTION('',(-1.,-3.69627624575467E-16,-1.95509183887497E-32));
#10929=DIRECTION('',(1.74671528352543E-31,-6.2768601239956E-16,1.));
#10930=DIRECTION('',(2.12459171353747E-31,-6.2768601239956E-16,1.));
#10931=DIRECTION('',(-3.08395284618099E-16,1.,6.2768601239956E-16));
#10932=DIRECTION('',(3.21791556173685E-16,-0.707106781186547,0.707106781186548));
#10933=DIRECTION('',(1.,3.69627624575467E-16,-8.54543584225027E-17));
#10934=DIRECTION('',(2.0094084352869E-16,-0.707106781186548,-0.707106781186548));
#10935=DIRECTION('',(1.,3.69627624575467E-16,-8.54543584225027E-17));
#10936=DIRECTION('',(-2.0094084352869E-16,0.707106781186548,0.707106781186548));
#10937=DIRECTION('',(-1.,-3.69627624575467E-16,8.54543584225027E-17));
#10938=DIRECTION('',(3.69627624575467E-16,-1.,-6.2768601239956E-16));
#10939=DIRECTION('',(1.,3.69627624575467E-16,-8.54543584225027E-17));
#10940=DIRECTION('',(8.54543584225029E-17,-6.2768601239956E-16,1.));
#10941=DIRECTION('',(8.54543584225029E-17,-6.2768601239956E-16,1.));
#10942=DIRECTION('',(-1.,-3.69627624575467E-16,8.54543584225027E-17));
#10943=DIRECTION('',(-8.54543584225029E-17,6.2768601239956E-16,-1.));
#10944=DIRECTION('',(4.30859964532835E-16,-1.,-6.2768601239956E-16));
#10945=DIRECTION('',(-3.69627624575467E-16,1.,6.2768601239956E-16));
#10946=DIRECTION('',(-3.69627624575467E-16,1.,6.2768601239956E-16));
#10947=DIRECTION('',(-1.,-3.69627624575467E-16,8.54543584225027E-17));
#10948=DIRECTION('',(3.69627624575467E-16,-1.,-6.2768601239956E-16));
#10949=DIRECTION('',(1.,3.69627624575467E-16,-8.54543584225027E-17));
#10950=DIRECTION('',(8.54543584225029E-17,-6.2768601239956E-16,1.));
#10951=DIRECTION('',(-1.,-3.69627624575467E-16,8.54543584225027E-17));
#10952=DIRECTION('',(8.54543584225029E-17,-6.2768601239956E-16,1.));
#10953=DIRECTION('',(-1.,-3.69627624575467E-16,8.54543584225027E-17));
#10954=DIRECTION('',(3.69627624575467E-16,-1.,1.22464679914735E-16));
#10955=DIRECTION('',(-3.69627624575467E-16,1.,6.2768601239956E-16));
#10956=DIRECTION('',(8.54543584225029E-17,-6.2768601239956E-16,1.));
#10957=DIRECTION('',(-3.69627624575467E-16,1.,6.2768601239956E-16));
#10958=DIRECTION('',(-1.,-3.69627624575467E-16,8.54543584225027E-17));
#10959=DIRECTION('',(3.69627624575467E-16,-1.,1.22464679914735E-16));
#10960=DIRECTION('',(-3.69627624575467E-16,1.,6.2768601239956E-16));
#10961=DIRECTION('',(8.54543584225029E-17,-6.2768601239956E-16,1.));
#10962=DIRECTION('',(-3.69627624575467E-16,1.,6.2768601239956E-16));
#10963=DIRECTION('',(3.69627624575467E-16,-1.,-6.2768601239956E-16));
#10964=DIRECTION('',(1.,3.69627624575467E-16,-8.54543584225027E-17));
#10965=DIRECTION('',(4.27271792112516E-17,-6.2768601239956E-16,1.));
#10966=DIRECTION('',(-1.,-3.69627624575467E-16,8.54543584225027E-17));
#10967=DIRECTION('',(1.,3.69627624575467E-16,-8.54543584225027E-17));
#10968=DIRECTION('',(-3.69627624575467E-16,1.,-1.22464679914735E-16));
#10969=DIRECTION('',(3.69627624575467E-16,-1.,-6.2768601239956E-16));
#10970=DIRECTION('',(-8.54543584225029E-17,6.2768601239956E-16,-1.));
#10971=DIRECTION('',(-3.69627624575467E-16,1.,6.2768601239956E-16));
#10972=DIRECTION('',(-8.54543584225029E-17,6.2768601239956E-16,-1.));
#10973=DIRECTION('',(4.30859964532835E-16,-1.,-6.2768601239956E-16));
#10974=DIRECTION('',(0.707106781186547,-0.707106781186548,-5.0426639214617E-16));
#10975=DIRECTION('',(-1.,-3.69627624575467E-16,8.54543584225027E-17));
#10976=DIRECTION('',(0.707106781186547,0.707106781186548,3.83415679501175E-16));
#10977=DIRECTION('',(-3.69627624575467E-16,1.,6.2768601239956E-16));
#10978=DIRECTION('',(1.,3.69627624575467E-16,-8.54543584225027E-17));
#10979=DIRECTION('',(-3.69627624575467E-16,1.,-1.22464679914735E-16));
#10980=DIRECTION('',(8.54543584225029E-17,-5.84958833188308E-16,1.));
#10981=DIRECTION('',(-3.69627624575467E-16,1.,6.2768601239956E-16));
#10982=DIRECTION('',(-3.69627624575467E-16,1.,6.2768601239956E-16));
#10983=DIRECTION('',(-1.,-3.69627624575467E-16,8.54543584225027E-17));
#10984=DIRECTION('',(-8.54543584225029E-17,6.2768601239956E-16,-1.));
#10985=DIRECTION('',(1.,3.69627624575467E-16,-8.54543584225027E-17));
#10986=DIRECTION('',(-8.54543584225029E-17,6.2768601239956E-16,-1.));
#10987=DIRECTION('',(-4.27271792112516E-17,6.2768601239956E-16,-1.));
#10988=DIRECTION('',(8.5454358422503E-17,-6.2768601239956E-16,1.));
#10989=DIRECTION('',(1.,3.69627624575467E-16,-8.54543584225027E-17));
#10990=DIRECTION('',(-3.69627624575467E-16,1.,-1.22464679914735E-16));
#10991=DIRECTION('',(8.5454358422503E-17,-6.2768601239956E-16,1.));
#10992=DIRECTION('',(-3.69627624575467E-16,1.,6.2768601239956E-16));
#10993=DIRECTION('',(-8.5454358422503E-17,6.2768601239956E-16,-1.));
#10994=DIRECTION('',(-1.,-3.69627624575467E-16,4.27271792112513E-17));
#10995=DIRECTION('',(3.69627624575467E-16,-1.,1.22464679914735E-16));
#10996=DIRECTION('',(4.27271792112516E-17,-6.2768601239956E-16,1.));
#10997=DIRECTION('',(3.69627624575467E-16,-1.,-6.2768601239956E-16));
#10998=DIRECTION('',(-4.27271792112516E-17,6.2768601239956E-16,-1.));
#10999=DIRECTION('',(3.69627624575467E-16,-1.,-6.2768601239956E-16));
#11000=DIRECTION('',(1.,3.69627624575467E-16,-8.54543584225027E-17));
#11001=DIRECTION('',(-8.5454358422503E-17,6.2768601239956E-16,-1.));
#11002=DIRECTION('',(8.54543584225029E-17,-6.2768601239956E-16,1.));
#11003=DIRECTION('',(-4.30859964532835E-16,1.,6.2768601239956E-16));
#11004=DIRECTION('',(0.,0.,1.));
#11005=DIRECTION('',(1.,0.,0.));
#11006=DIRECTION('',(0.,0.,-1.));
#11007=DIRECTION('',(1.,6.12323399573688E-17,0.));
#11008=DIRECTION('',(0.,0.,-1.));
#11009=DIRECTION('',(1.,0.,0.));
#11010=DIRECTION('',(0.,0.,-1.));
#11011=DIRECTION('',(-1.,0.,0.));
#11012=DIRECTION('',(0.,0.,1.));
#11013=DIRECTION('',(1.,0.,0.));
#11014=DIRECTION('',(0.,0.,-1.));
#11015=DIRECTION('',(1.,6.12323399573688E-17,0.));
#11016=DIRECTION('',(0.,0.,-1.));
#11017=DIRECTION('',(1.,0.,0.));
#11018=DIRECTION('',(0.,0.,-1.));
#11019=DIRECTION('',(-1.,0.,0.));
#11020=DIRECTION('',(0.,0.,1.));
#11021=DIRECTION('',(1.,0.,0.));
#11022=DIRECTION('',(0.,0.,-1.));
#11023=DIRECTION('',(1.,0.,0.));
#11024=DIRECTION('',(0.,0.,-1.));
#11025=DIRECTION('',(1.,0.,0.));
#11026=DIRECTION('',(0.,0.,1.));
#11027=DIRECTION('',(1.,0.,0.));
#11028=DIRECTION('',(0.,0.,-1.));
#11029=DIRECTION('',(1.,0.,0.));
#11030=DIRECTION('',(0.,0.,-1.));
#11031=DIRECTION('',(1.,0.,0.));
#11032=DIRECTION('',(2.12459171353747E-31,-6.2768601239956E-16,1.));
#11033=DIRECTION('',(-3.08395284618099E-16,1.,6.2768601239956E-16));
#11034=DIRECTION('',(0.,0.,-1.));
#11035=DIRECTION('',(-1.,0.,0.));
#11036=DIRECTION('',(0.,0.,-1.));
#11037=DIRECTION('',(1.,0.,0.));
#11038=DIRECTION('',(8.54543584225029E-17,-6.2768601239956E-16,1.));
#11039=DIRECTION('',(-4.30859964532835E-16,1.,6.2768601239956E-16));
#11040=DIRECTION('',(0.,0.,-1.));
#11041=DIRECTION('',(-1.,0.,0.));
#11042=DIRECTION('',(0.,0.,-1.));
#11043=DIRECTION('',(1.,0.,0.));
#11044=DIRECTION('',(0.,0.,-1.));
#11045=DIRECTION('',(-1.,0.,0.));
#11046=DIRECTION('',(0.,0.,1.));
#11047=DIRECTION('',(1.,0.,0.));
#11048=DIRECTION('',(0.,0.,1.));
#11049=DIRECTION('',(1.,0.,0.));
#11050=DIRECTION('',(0.,0.,1.));
#11051=DIRECTION('',(1.,0.,0.));
#11052=DIRECTION('',(0.,0.,1.));
#11053=DIRECTION('',(0.,1.,0.));
#11054=DIRECTION('',(0.,0.,-1.));
#11055=DIRECTION('',(-1.,0.,0.));
#11056=DIRECTION('',(0.,0.,1.));
#11057=DIRECTION('',(1.,0.,0.));
#11058=DIRECTION('',(0.,0.,1.));
#11059=DIRECTION('',(1.,0.,0.));
#11060=DIRECTION('',(0.,0.,1.));
#11061=DIRECTION('',(1.,0.,0.));
#11062=DIRECTION('',(0.,0.,1.));
#11063=DIRECTION('',(0.,1.,0.));
#11064=DIRECTION('',(0.,0.,1.));
#11065=DIRECTION('',(1.,0.,0.));
#11066=DIRECTION('',(0.,0.,1.));
#11067=DIRECTION('',(1.,0.,0.));
#11068=DIRECTION('',(0.,0.,-1.));
#11069=DIRECTION('',(-1.,0.,0.));
#11070=DIRECTION('',(0.,0.,1.));
#11071=DIRECTION('',(1.,0.,0.));
#11072=DIRECTION('',(0.,0.,1.));
#11073=DIRECTION('',(1.,0.,0.));
#11074=DIRECTION('',(0.,0.,1.));
#11075=DIRECTION('',(1.,0.,0.));
#11076=DIRECTION('',(0.,0.,-1.));
#11077=DIRECTION('',(-1.,0.,0.));
#11078=DIRECTION('',(0.,0.,1.));
#11079=DIRECTION('',(1.,0.,0.));
#11080=DIRECTION('',(-0.707106781186549,0.707106781186547,5.04266392146169E-16));
#11081=DIRECTION('',(-8.5454358422503E-17,6.2768601239956E-16,-1.));
#11082=DIRECTION('',(0.577350269189624,0.577350269189626,0.577350269189627));
#11083=DIRECTION('',(-0.707106781186549,-7.05207235674859E-16,0.707106781186546));
#11084=DIRECTION('',(-3.69627624575467E-16,1.,6.2768601239956E-16));
#11085=DIRECTION('',(0.577350269189625,-0.577350269189626,0.577350269189627));
#11086=DIRECTION('',(3.69627624575467E-16,-1.,-6.2768601239956E-16));
#11087=DIRECTION('',(-0.707106781186548,-0.707106781186547,-3.83415679501174E-16));
#11088=DIRECTION('',(-8.5454358422503E-17,6.2768601239956E-16,-1.));
#11089=DIRECTION('',(0.707106781186548,-0.707106781186547,-4.7405371398492E-16));
#11090=DIRECTION('',(4.27271792112516E-17,-6.2768601239956E-16,1.));
#11091=DIRECTION('',(-0.577350269189625,-0.577350269189627,0.577350269189626));
#11092=DIRECTION('',(0.707106781186548,-1.82474835972483E-16,0.707106781186547));
#11093=DIRECTION('',(-3.69627624575467E-16,1.,6.2768601239956E-16));
#11094=DIRECTION('',(-0.577350269189626,0.577350269189626,0.577350269189626));
#11095=DIRECTION('',(-3.69627624575467E-16,1.,6.2768601239956E-16));
#11096=DIRECTION('',(0.707106781186548,0.707106781186547,4.13628357662423E-16));
#11097=DIRECTION('',(4.27271792112516E-17,-6.2768601239956E-16,1.));
#11098=DIRECTION('',(0.707106781186548,0.707106781186547,4.43841035823672E-16));
#11099=DIRECTION('',(-1.74671528352543E-31,6.2768601239956E-16,-1.));
#11100=DIRECTION('',(0.577350269189626,-0.577350269189626,-0.577350269189626));
#11101=DIRECTION('',(0.707106781186548,-1.82474835972483E-16,0.707106781186547));
#11102=DIRECTION('',(-3.69627624575467E-16,1.,6.2768601239956E-16));
#11103=DIRECTION('',(0.577350269189625,0.577350269189627,-0.577350269189626));
#11104=DIRECTION('',(-3.69627624575467E-16,1.,6.2768601239956E-16));
#11105=DIRECTION('',(0.707106781186548,-0.707106781186547,-4.43841035823672E-16));
#11106=DIRECTION('',(-1.74671528352543E-31,6.2768601239956E-16,-1.));
#11107=DIRECTION('',(-0.707106781186547,-0.707106781186548,-4.13628357662424E-16));
#11108=DIRECTION('',(4.27271792112516E-17,-6.2768601239956E-16,1.));
#11109=DIRECTION('',(-0.577350269189626,0.577350269189626,-0.577350269189626));
#11110=DIRECTION('',(-0.707106781186548,-7.0520723567486E-16,0.707106781186547));
#11111=DIRECTION('',(-3.69627624575467E-16,1.,6.2768601239956E-16));
#11112=DIRECTION('',(3.69627624575467E-16,-1.,-6.2768601239956E-16));
#11113=DIRECTION('',(-0.577350269189625,-0.577350269189626,-0.577350269189627));
#11114=DIRECTION('',(-0.707106781186548,0.707106781186547,4.74053713984921E-16));
#11115=DIRECTION('',(4.27271792112516E-17,-6.2768601239956E-16,1.));
#11116=DIRECTION('',(0.,0.,1.));
#11117=DIRECTION('',(1.,0.,0.));
#11118=DIRECTION('',(0.,0.,1.));
#11119=DIRECTION('',(1.,0.,0.));
#11120=DIRECTION('',(0.,0.,1.));
#11121=DIRECTION('',(1.,0.,0.));
#11122=DIRECTION('',(0.,0.,1.));
#11123=DIRECTION('',(1.,0.,0.));
#11124=DIRECTION('',(1.,3.69627624575467E-16,-8.54543584225027E-17));
#11125=DIRECTION('',(-3.69627624575467E-16,1.,0.));
#11126=DIRECTION('',(-8.54543584225029E-17,6.2768601239956E-16,-1.));
#11127=DIRECTION('',(-3.69627624575467E-16,1.,6.2768601239956E-16));
#11128=DIRECTION('',(-3.69627624575467E-16,1.,6.2768601239956E-16));
#11129=DIRECTION('',(-1.,-3.69627624575467E-16,8.54543584225027E-17));
#11130=DIRECTION('',(3.69627624575467E-16,-1.,0.));
#11131=DIRECTION('',(3.69627624575467E-16,-1.,-6.2768601239956E-16));
#11132=DIRECTION('',(-8.54543584225029E-17,6.2768601239956E-16,-1.));
#11133=DIRECTION('',(-3.69627624575467E-16,1.,6.2768601239956E-16));
#11134=DIRECTION('',(8.54543584225029E-17,-6.2768601239956E-16,1.));
#11135=DIRECTION('',(-4.30859964532835E-16,1.,6.2768601239956E-16));
#11136=DIRECTION('',(-1.,-3.69627624575467E-16,8.54543584225027E-17));
#11137=DIRECTION('',(3.69627624575467E-16,-1.,-6.2768601239956E-16));
#11138=DIRECTION('',(-1.,-3.69627624575467E-16,8.54543584225027E-17));
#11139=DIRECTION('',(-3.69627624575467E-16,1.,6.2768601239956E-16));
#11140=DIRECTION('',(-1.,-3.69627624575467E-16,8.54543584225027E-17));
#11141=DIRECTION('',(3.69627624575467E-16,-1.,0.));
#11142=DIRECTION('',(3.69627624575467E-16,-1.,-6.2768601239956E-16));
#11143=DIRECTION('',(-1.34390891812134E-31,-6.2768601239956E-16,1.));
#11144=DIRECTION('',(-3.69627624575467E-16,1.,6.2768601239956E-16));
#11145=DIRECTION('',(1.,3.69627624575467E-16,-8.54543584225027E-17));
#11146=DIRECTION('',(-3.69627624575467E-16,1.,0.));
#11147=DIRECTION('',(-1.34390891812134E-31,-6.2768601239956E-16,1.));
#11148=DIRECTION('',(-3.69627624575467E-16,1.,6.2768601239956E-16));
#11149=DIRECTION('',(-3.69627624575467E-16,1.,6.2768601239956E-16));
#11150=DIRECTION('',(2.12459171353747E-31,-6.2768601239956E-16,1.));
#11151=DIRECTION('',(-3.08395284618099E-16,1.,6.2768601239956E-16));
#11152=DIRECTION('',(1.,3.69627624575467E-16,8.65385153700173E-33));
#11153=DIRECTION('',(-3.69627624575467E-16,1.,6.2768601239956E-16));
#11154=DIRECTION('',(-1.,-3.69627624575467E-16,-1.95509183887497E-32));
#11155=DIRECTION('',(3.69627624575467E-16,-1.,-6.2768601239956E-16));
#11156=DIRECTION('',(2.23356238205495E-31,-6.2768601239956E-16,1.));
#11157=DIRECTION('',(0.,-1.,-6.2768601239956E-16));
#11158=DIRECTION('',(1.,3.69627624575467E-16,8.65385153700173E-33));
#11159=DIRECTION('',(3.69627624575467E-16,-1.,-6.2768601239956E-16));
#11160=DIRECTION('',(1.,3.69627624575467E-16,2.32010089742496E-31));
#11161=DIRECTION('',(-0.707106781186548,1.82474835972484E-16,-0.707106781186547));
#11162=DIRECTION('',(-0.707106781186547,-7.0520723567486E-16,0.707106781186548));
#11163=DIRECTION('',(2.23356238205495E-31,-6.2768601239956E-16,1.));
#11164=DIRECTION('',(0.,-1.,-6.2768601239956E-16));
#11165=DIRECTION('',(1.,3.69627624575467E-16,8.65385153700173E-33));
#11166=DIRECTION('',(3.69627624575467E-16,-1.,-6.2768601239956E-16));
#11167=DIRECTION('',(1.,3.69627624575467E-16,2.32010089742496E-31));
#11168=DIRECTION('',(-0.707106781186547,-7.0520723567486E-16,0.707106781186548));
#11169=DIRECTION('',(-0.707106781186547,1.82474835972485E-16,-0.707106781186548));
#11170=DIRECTION('',(0.707106781186548,-1.82474835972483E-16,0.707106781186547));
#11171=DIRECTION('',(3.69627624575467E-16,-1.,-6.2768601239956E-16));
#11172=DIRECTION('',(0.577350269189625,0.577350269189626,-0.577350269189626));
#11173=DIRECTION('',(2.0094084352869E-16,-0.707106781186547,-0.707106781186548));
#11174=DIRECTION('',(-1.,-3.69627624575467E-16,8.54543584225027E-17));
#11175=DIRECTION('',(-0.577350269189626,0.577350269189626,-0.577350269189626));
#11176=DIRECTION('',(-0.707106781186547,-7.0520723567486E-16,0.707106781186548));
#11177=DIRECTION('',(-3.69627624575467E-16,1.,6.2768601239956E-16));
#11178=DIRECTION('',(-0.707106781186548,-7.0520723567486E-16,0.707106781186547));
#11179=DIRECTION('',(-3.69627624575467E-16,1.,6.2768601239956E-16));
#11180=DIRECTION('',(0.577350269189626,-0.577350269189625,0.577350269189626));
#11181=DIRECTION('',(2.61366199851188E-16,-0.707106781186548,-0.707106781186547));
#11182=DIRECTION('',(1.,3.69627624575467E-16,1.95509183887497E-32));
#11183=DIRECTION('',(-0.577350269189626,-0.577350269189626,0.577350269189626));
#11184=DIRECTION('',(0.707106781186548,-1.82474835972483E-16,0.707106781186547));
#11185=DIRECTION('',(3.69627624575467E-16,-1.,-6.2768601239956E-16));
#11186=DIRECTION('',(0.,0.,1.));
#11187=DIRECTION('',(1.,0.,0.));
#11188=DIRECTION('',(-1.,-1.7347234759768E-16,0.));
#11189=DIRECTION('',(1.7347234759768E-16,-1.,0.));
#11190=DIRECTION('',(1.7347234759768E-16,-1.,0.));
#11191=DIRECTION('',(0.,0.,1.));
#11192=DIRECTION('',(-1.7347234759768E-16,1.,2.97574796282888E-32));
#11193=DIRECTION('',(0.,0.,-1.));
#11194=DIRECTION('',(-0.707106781186548,-1.2266347333467E-16,-0.707106781186547));
#11195=DIRECTION('',(1.7347234759768E-16,-1.,0.));
#11196=DIRECTION('',(-0.707106781186547,0.,0.707106781186548));
#11197=DIRECTION('',(-1.7347234759768E-16,1.,0.));
#11198=DIRECTION('',(-0.707106781186547,-1.2266347333467E-16,0.707106781186548));
#11199=DIRECTION('',(1.7347234759768E-16,-1.,0.));
#11200=DIRECTION('',(-0.577350269189626,-0.577350269189625,0.577350269189626));
#11201=DIRECTION('',(-1.7347234759768E-16,1.,4.20834312723671E-32));
#11202=DIRECTION('',(-1.7347234759768E-16,1.,4.20834312723671E-32));
#11203=DIRECTION('',(0.707106781186548,0.707106781186548,-5.30436641447221E-16));
#11204=DIRECTION('',(3.77876430012033E-32,-7.50150692314295E-16,-1.));
#11205=DIRECTION('',(-7.32981099112321E-34,-7.50150692314295E-16,-1.));
#11206=DIRECTION('',(-0.707106781186548,0.707106781186548,0.));
#11207=DIRECTION('',(-3.77876430012033E-32,7.50150692314295E-16,1.));
#11208=DIRECTION('',(-0.577350269189625,0.577350269189625,-0.577350269189627));
#11209=DIRECTION('',(3.77876430012033E-32,-7.50150692314295E-16,-1.));
#11210=DIRECTION('',(-0.707106781186548,0.707106781186548,-5.30436641447221E-16));
#11211=DIRECTION('',(-0.707106781186548,0.707106781186547,-5.00223963285972E-16));
#11212=DIRECTION('',(4.27271792112513E-17,7.50150692314295E-16,1.));
#11213=DIRECTION('',(-0.707106781186547,-0.707106781186548,5.30436641447222E-16));
#11214=DIRECTION('',(4.27271792112513E-17,7.50150692314295E-16,1.));
#11215=DIRECTION('',(0.577350269189626,0.577350269189626,-0.577350269189626));
#11216=DIRECTION('',(-4.27271792112513E-17,-7.50150692314295E-16,-1.));
#11217=DIRECTION('',(-0.707106781186547,-0.707106781186548,0.));
#11218=DIRECTION('',(-1.8833040637704E-33,7.07423513103044E-16,1.));
#11219=DIRECTION('',(-0.707106781186548,0.707106781186548,-4.70011285124724E-16));
#11220=DIRECTION('',(-8.54543584225028E-17,-7.50150692314295E-16,-1.));
#11221=DIRECTION('',(-0.707106781186548,-0.707106781186548,5.90861997769719E-16));
#11222=DIRECTION('',(8.54543584225028E-17,7.50150692314295E-16,1.));
#11223=DIRECTION('',(-0.577350269189626,-0.577350269189625,0.577350269189626));
#11224=DIRECTION('',(-8.54543584225028E-17,-7.50150692314295E-16,-1.));
#11225=DIRECTION('',(-0.707106781186548,-0.707106781186548,0.));
#11226=DIRECTION('',(8.54543584225027E-17,7.50150692314295E-16,1.));
#11227=DIRECTION('',(0.707106781186547,0.707106781186548,-5.6064931960847E-16));
#11228=DIRECTION('',(4.27271792112513E-17,7.50150692314295E-16,1.));
#11229=DIRECTION('',(-8.54543584225027E-17,-7.07423513103044E-16,-1.));
#11230=DIRECTION('',(-0.707106781186548,0.707106781186547,0.));
#11231=DIRECTION('',(4.27271792112513E-17,7.50150692314295E-16,1.));
#11232=DIRECTION('',(0.577350269189626,-0.577350269189625,0.577350269189627));
#11233=DIRECTION('',(-4.27271792112513E-17,-7.50150692314295E-16,-1.));
#11234=DIRECTION('',(-0.707106781186548,0.707106781186547,-4.70011285124723E-16));
#11235=DIRECTION('',(6.12323399573677E-17,1.,-7.50150692314295E-16));
#11236=DIRECTION('',(1.,-6.12323399573677E-17,-8.54543584225027E-17));
#11237=DIRECTION('',(-1.,6.12323399573677E-17,8.54543584225027E-17));
#11238=DIRECTION('',(-1.,6.12323399573677E-17,8.54543584225027E-17));
#11239=DIRECTION('',(8.54543584225027E-17,7.50150692314295E-16,1.));
#11240=DIRECTION('',(-1.,6.12323399573677E-17,4.27271792112513E-17));
#11241=DIRECTION('',(6.12323399573677E-17,1.,0.));
#11242=DIRECTION('',(6.12323399573677E-17,1.,-7.50150692314295E-16));
#11243=DIRECTION('',(6.12323399573677E-17,1.,-7.50150692314295E-16));
#11244=DIRECTION('',(-4.27271792112513E-17,-7.50150692314295E-16,-1.));
#11245=DIRECTION('',(8.54543584225027E-17,7.50150692314295E-16,1.));
#11246=DIRECTION('',(-1.22464679914735E-16,-1.,7.50150692314295E-16));
#11247=DIRECTION('',(-1.,6.12323399573677E-17,8.54543584225027E-17));
#11248=DIRECTION('',(-6.12323399573677E-17,-1.,7.50150692314295E-16));
#11249=DIRECTION('',(-1.,6.12323399573677E-17,8.54543584225027E-17));
#11250=DIRECTION('',(6.12323399573677E-17,1.,-7.50150692314295E-16));
#11251=DIRECTION('',(-6.12323399573677E-17,-1.,7.50150692314295E-16));
#11252=DIRECTION('',(-1.,6.12323399573677E-17,8.54543584225027E-17));
#11253=DIRECTION('',(-6.12323399573677E-17,-1.,7.50150692314295E-16));
#11254=DIRECTION('',(1.,-6.12323399573677E-17,-8.54543584225027E-17));
#11255=DIRECTION('',(-6.12323399573677E-17,-1.,2.0526832973508E-48));
#11256=DIRECTION('',(6.12323399573677E-17,1.,-7.50150692314295E-16));
#11257=DIRECTION('',(-6.12323399573677E-17,-1.,7.50150692314295E-16));
#11258=DIRECTION('',(8.54543584225028E-17,7.50150692314295E-16,1.));
#11259=DIRECTION('',(-6.12323399573677E-17,-1.,7.50150692314295E-16));
#11260=DIRECTION('',(-1.,6.12323399573677E-17,8.54543584225027E-17));
#11261=DIRECTION('',(-1.,6.12323399573677E-17,8.54543584225027E-17));
#11262=DIRECTION('',(-8.54543584225028E-17,-7.50150692314295E-16,-1.));
#11263=DIRECTION('',(1.,-6.12323399573677E-17,-8.54543584225027E-17));
#11264=DIRECTION('',(4.27271792112513E-17,7.50150692314295E-16,1.));
#11265=DIRECTION('',(-6.12323399573677E-17,-1.,7.50150692314295E-16));
#11266=DIRECTION('',(-1.,6.12323399573677E-17,8.54543584225027E-17));
#11267=DIRECTION('',(-1.,6.12323399573677E-17,8.54543584225027E-17));
#11268=DIRECTION('',(-8.54543584225027E-17,-7.50150692314295E-16,-1.));
#11269=DIRECTION('',(-1.,6.12323399573677E-17,8.54543584225027E-17));
#11270=DIRECTION('',(-8.54543584225027E-17,-7.50150692314295E-16,-1.));
#11271=DIRECTION('',(1.,-6.12323399573677E-17,-8.54543584225027E-17));
#11272=DIRECTION('',(-6.12323399573677E-17,-1.,3.42113882891801E-48));
#11273=DIRECTION('',(-6.12323399573677E-17,-1.,7.50150692314295E-16));
#11274=DIRECTION('',(-6.12323399573677E-17,-1.,7.50150692314295E-16));
#11275=DIRECTION('',(-8.54543584225027E-17,-7.50150692314295E-16,-1.));
#11276=DIRECTION('',(1.22464679914735E-16,1.,-7.50150692314295E-16));
#11277=DIRECTION('',(-1.,6.12323399573677E-17,8.54543584225027E-17));
#11278=DIRECTION('',(-6.12323399573677E-17,-1.,7.50150692314295E-16));
#11279=DIRECTION('',(-1.,6.12323399573677E-17,8.54543584225027E-17));
#11280=DIRECTION('',(-6.12323399573677E-17,-1.,7.50150692314295E-16));
#11281=DIRECTION('',(-6.12323399573677E-17,-1.,7.50150692314295E-16));
#11282=DIRECTION('',(1.,-6.12323399573677E-17,-8.54543584225027E-17));
#11283=DIRECTION('',(-6.12323399573677E-17,-1.,3.42113882891801E-48));
#11284=DIRECTION('',(-6.12323399573677E-17,-1.,7.50150692314295E-16));
#11285=DIRECTION('',(6.12323399573677E-17,1.,-7.50150692314295E-16));
#11286=DIRECTION('',(1.,-6.12323399573677E-17,-8.54543584225027E-17));
#11287=DIRECTION('',(8.54543584225027E-17,7.50150692314295E-16,1.));
#11288=DIRECTION('',(-1.,6.12323399573677E-17,8.54543584225026E-17));
#11289=DIRECTION('',(6.12323399573677E-17,1.,-2.0526832973508E-48));
#11290=DIRECTION('',(-6.12323399573677E-17,-1.,7.50150692314295E-16));
#11291=DIRECTION('',(8.54543584225027E-17,7.50150692314295E-16,1.));
#11292=DIRECTION('',(8.54543584225027E-17,7.50150692314295E-16,1.));
#11293=DIRECTION('',(-1.71275535107227E-17,0.707106781186548,-0.707106781186548));
#11294=DIRECTION('',(-1.,6.12323399573677E-17,8.54543584225026E-17));
#11295=DIRECTION('',(6.12323399573677E-17,1.,-2.0526832973508E-48));
#11296=DIRECTION('',(8.54543584225027E-17,7.50150692314295E-16,1.));
#11297=DIRECTION('',(8.54543584225027E-17,7.50150692314295E-16,1.));
#11298=DIRECTION('',(-6.12323399573677E-17,-1.,7.50150692314295E-16));
#11299=DIRECTION('',(1.71275535107227E-17,-0.707106781186548,0.707106781186548));
#11300=DIRECTION('',(6.12323399573677E-17,1.,-7.50150692314295E-16));
#11301=DIRECTION('',(1.,-6.12323399573677E-17,-8.54543584225027E-17));
#11302=DIRECTION('',(-1.,6.12323399573677E-17,8.54543584225027E-17));
#11303=DIRECTION('',(-8.54543584225027E-17,-7.50150692314295E-16,-1.));
#11304=DIRECTION('',(1.22464679914735E-16,1.,-7.50150692314295E-16));
#11305=DIRECTION('',(1.,-6.12323399573677E-17,-8.54543584225027E-17));
#11306=DIRECTION('',(6.12323399573677E-17,1.,-7.50150692314295E-16));
#11307=DIRECTION('',(1.,-6.12323399573677E-17,-8.54543584225027E-17));
#11308=DIRECTION('',(-1.,6.12323399573677E-17,8.54543584225027E-17));
#11309=DIRECTION('',(1.03723159134272E-16,0.707106781186548,0.707106781186548));
#11310=DIRECTION('',(1.,-6.12323399573677E-17,-8.54543584225027E-17));
#11311=DIRECTION('',(0.,0.,-1.));
#11312=DIRECTION('',(1.,0.,0.));
#11313=DIRECTION('',(1.,0.,0.));
#11314=DIRECTION('',(-1.7347234759768E-16,1.,0.));
#11315=DIRECTION('',(1.,0.,0.));
#11316=DIRECTION('',(-1.,6.12323399573677E-17,8.54543584225027E-17));
#11317=DIRECTION('',(1.,0.,0.));
#11318=DIRECTION('',(1.,-6.12323399573677E-17,4.59334822110436E-32));
#11319=DIRECTION('',(1.,0.,0.));
#11320=DIRECTION('',(1.7347234759768E-16,-1.,0.));
#11321=DIRECTION('',(-6.12323399573677E-17,-1.,7.50150692314295E-16));
#11322=DIRECTION('',(1.,-6.12323399573677E-17,4.59334822110436E-32));
#11323=DIRECTION('',(-6.12323399573677E-17,-1.,7.50150692314295E-16));
#11324=DIRECTION('',(6.12323399573677E-17,1.,-7.50150692314295E-16));
#11325=DIRECTION('',(0.707106781186547,-0.707106781186548,0.));
#11326=DIRECTION('',(1.,-6.12323399573677E-17,4.59334822110436E-32));
#11327=DIRECTION('',(0.707106781186547,0.707106781186548,0.));
#11328=DIRECTION('',(6.12323399573677E-17,1.,-7.50150692314295E-16));
#11329=DIRECTION('',(0.707106781186548,-0.707106781186548,0.));
#11330=DIRECTION('',(0.707106781186548,0.707106781186548,0.));
#11331=DIRECTION('',(0.,0.,-1.));
#11332=DIRECTION('',(-1.,0.,0.));
#11333=DIRECTION('',(0.,0.,-1.));
#11334=DIRECTION('',(-1.,0.,0.));
#11335=DIRECTION('',(6.12323399573677E-17,1.,-7.50150692314295E-16));
#11336=DIRECTION('',(-1.,6.12323399573677E-17,-4.59334822110436E-32));
#11337=DIRECTION('',(1.,-6.12323399573677E-17,4.59334822110436E-32));
#11338=DIRECTION('',(1.,-6.12323399573677E-17,4.59334822110436E-32));
#11339=DIRECTION('',(4.59334822110436E-32,7.50150692314295E-16,1.));
#11340=DIRECTION('',(1.,-6.12323399573677E-17,-4.27271792112513E-17));
#11341=DIRECTION('',(6.12323399573677E-17,1.,0.));
#11342=DIRECTION('',(-6.12323399573677E-17,-1.,7.50150692314295E-16));
#11343=DIRECTION('',(4.27271792112513E-17,7.50150692314295E-16,1.));
#11344=DIRECTION('',(0.,7.50150692314295E-16,1.));
#11345=DIRECTION('',(0.,-1.,7.50150692314295E-16));
#11346=DIRECTION('',(-1.,6.12323399573677E-17,-4.59334822110436E-32));
#11347=DIRECTION('',(6.12323399573677E-17,1.,-7.50150692314295E-16));
#11348=DIRECTION('',(1.,-6.12323399573677E-17,4.59334822110436E-32));
#11349=DIRECTION('',(-6.12323399573677E-17,-1.,7.50150692314295E-16));
#11350=DIRECTION('',(1.,-6.12323399573677E-17,4.59334822110436E-32));
#11351=DIRECTION('',(-6.12323399573677E-17,-1.,7.50150692314295E-16));
#11352=DIRECTION('',(-6.12323399573677E-17,-1.,7.50150692314295E-16));
#11353=DIRECTION('',(-1.,6.12323399573677E-17,-8.3721125212247E-32));
#11354=DIRECTION('',(-6.12323399573677E-17,-1.,0.));
#11355=DIRECTION('',(6.12323399573677E-17,1.,-7.50150692314295E-16));
#11356=DIRECTION('',(3.77876430012033E-32,-7.50150692314295E-16,-1.));
#11357=DIRECTION('',(-6.12323399573677E-17,-1.,7.50150692314295E-16));
#11358=DIRECTION('',(1.,-6.12323399573677E-17,4.59334822110436E-32));
#11359=DIRECTION('',(1.,-6.12323399573677E-17,4.59334822110436E-32));
#11360=DIRECTION('',(-3.77876430012033E-32,7.50150692314295E-16,1.));
#11361=DIRECTION('',(-4.27271792112513E-17,-7.50150692314295E-16,-1.));
#11362=DIRECTION('',(-6.12323399573677E-17,-1.,7.50150692314295E-16));
#11363=DIRECTION('',(1.,-6.12323399573677E-17,4.59334822110436E-32));
#11364=DIRECTION('',(-7.32981099112324E-34,-7.50150692314295E-16,-1.));
#11365=DIRECTION('',(1.,-6.12323399573677E-17,4.59334822110436E-32));
#11366=DIRECTION('',(-7.32981099112324E-34,-7.50150692314295E-16,-1.));
#11367=DIRECTION('',(-1.,6.12323399573677E-17,-4.52005011119313E-32));
#11368=DIRECTION('',(-6.12323399573677E-17,-1.,0.));
#11369=DIRECTION('',(-6.12323399573677E-17,-1.,7.50150692314295E-16));
#11370=DIRECTION('',(-5.4825942771122E-48,-7.50150692314295E-16,-1.));
#11371=DIRECTION('',(0.,1.,-7.50150692314295E-16));
#11372=DIRECTION('',(1.,-6.12323399573677E-17,4.59334822110436E-32));
#11373=DIRECTION('',(-6.12323399573677E-17,-1.,7.50150692314295E-16));
#11374=DIRECTION('',(-6.12323399573677E-17,-1.,7.50150692314295E-16));
#11375=DIRECTION('',(1.,-6.12323399573677E-17,4.59334822110436E-32));
#11376=DIRECTION('',(-6.12323399573677E-17,-1.,7.50150692314295E-16));
#11377=DIRECTION('',(-1.,6.12323399573677E-17,-4.52005011119313E-32));
#11378=DIRECTION('',(-6.12323399573677E-17,-1.,0.));
#11379=DIRECTION('',(6.12323399573677E-17,1.,-7.50150692314295E-16));
#11380=DIRECTION('',(-1.,6.12323399573677E-17,-4.59334822110436E-32));
#11381=DIRECTION('',(4.59334822110436E-32,7.50150692314295E-16,1.));
#11382=DIRECTION('',(1.,-6.12323399573677E-17,5.1835436801788E-48));
#11383=DIRECTION('',(6.12323399573677E-17,1.,0.));
#11384=DIRECTION('',(-6.12323399573677E-17,-1.,7.50150692314295E-16));
#11385=DIRECTION('',(4.32978028117747E-17,0.707106781186548,-0.707106781186548));
#11386=DIRECTION('',(4.59334822110436E-32,7.50150692314295E-16,1.));
#11387=DIRECTION('',(4.59334822110436E-32,7.50150692314295E-16,1.));
#11388=DIRECTION('',(1.,-6.12323399573677E-17,5.1835436801788E-48));
#11389=DIRECTION('',(6.12323399573677E-17,1.,0.));
#11390=DIRECTION('',(4.59334822110436E-32,7.50150692314295E-16,1.));
#11391=DIRECTION('',(-4.32978028117747E-17,-0.707106781186548,0.707106781186548));
#11392=DIRECTION('',(-6.12323399573677E-17,-1.,7.50150692314295E-16));
#11393=DIRECTION('',(4.59334822110436E-32,7.50150692314295E-16,1.));
#11394=DIRECTION('',(6.12323399573677E-17,1.,-7.50150692314295E-16));
#11395=DIRECTION('',(-1.,6.12323399573677E-17,-4.59334822110436E-32));
#11396=DIRECTION('',(1.,-6.12323399573677E-17,4.59334822110436E-32));
#11397=DIRECTION('',(0.,-7.50150692314295E-16,-1.));
#11398=DIRECTION('',(0.,1.,-7.50150692314295E-16));
#11399=DIRECTION('',(-1.,6.12323399573677E-17,-4.59334822110436E-32));
#11400=DIRECTION('',(6.12323399573677E-17,1.,-7.50150692314295E-16));
#11401=DIRECTION('',(-1.,6.12323399573677E-17,-4.59334822110436E-32));
#11402=DIRECTION('',(1.,-6.12323399573677E-17,4.59334822110436E-32));
#11403=DIRECTION('',(4.32978028117746E-17,0.707106781186548,0.707106781186548));
#11404=DIRECTION('',(-1.,6.12323399573677E-17,-4.59334822110436E-32));
#11405=DIRECTION('',(0.,-1.,0.));
#11406=DIRECTION('',(0.,0.,-1.));
#11407=DIRECTION('',(0.,0.,1.));
#11408=DIRECTION('',(1.,0.,0.));
#11409=DIRECTION('',(0.,0.,1.));
#11410=DIRECTION('',(1.,1.7347234759768E-16,0.));
#11411=DIRECTION('',(-1.7347234759768E-16,1.,0.));
#11412=DIRECTION('',(-1.,-1.7347234759768E-16,0.));
#11413=DIRECTION('',(-1.,1.7347234759768E-16,0.));
#11414=DIRECTION('',(0.,0.,-1.));
#11415=DIRECTION('',(-1.,-1.7347234759768E-16,0.));
#11416=DIRECTION('',(0.,0.,-1.));
#11417=DIRECTION('',(1.,1.7347234759768E-16,0.));
#11418=DIRECTION('',(-1.7347234759768E-16,1.,0.));
#11419=DIRECTION('',(0.,0.,-1.));
#11420=DIRECTION('',(1.7347234759768E-16,1.,0.));
#11421=DIRECTION('',(-1.7347234759768E-16,1.,0.));
#11422=DIRECTION('',(0.,0.,-1.));
#11423=DIRECTION('',(1.7347234759768E-16,-1.,0.));
#11424=DIRECTION('',(-1.7347234759768E-16,1.,0.));
#11425=DIRECTION('',(-1.,-1.7347234759768E-16,0.));
#11426=DIRECTION('',(0.,0.,-1.));
#11427=DIRECTION('',(0.707106781186547,1.2266347333467E-16,0.707106781186548));
#11428=DIRECTION('',(-0.707106781186547,-1.2266347333467E-16,0.707106781186548));
#11429=DIRECTION('',(0.,0.,-1.));
#11430=DIRECTION('',(1.,1.7347234759768E-16,0.));
#11431=DIRECTION('',(1.,0.,0.));
#11432=DIRECTION('',(0.,0.,-1.));
#11433=DIRECTION('',(-1.,-1.7347234759768E-16,0.));
#11434=DIRECTION('',(1.,1.7347234759768E-16,0.));
#11435=DIRECTION('',(-1.7347234759768E-16,1.,0.));
#11436=DIRECTION('',(1.7347234759768E-16,-1.,0.));
#11437=DIRECTION('',(1.7347234759768E-16,1.,0.));
#11438=DIRECTION('',(0.,0.,-1.));
#11439=DIRECTION('',(1.7347234759768E-16,-1.,0.));
#11440=DIRECTION('',(-1.7347234759768E-16,1.,0.));
#11441=DIRECTION('',(-1.,-1.7347234759768E-16,0.));
#11442=DIRECTION('',(1.,-1.7347234759768E-16,0.));
#11443=DIRECTION('',(1.,1.7347234759768E-16,0.));
#11444=DIRECTION('',(0.,0.,1.));
#11445=DIRECTION('',(1.,0.,0.));
#11446=DIRECTION('',(1.,1.7347234759768E-16,0.));
#11447=DIRECTION('',(-1.7347234759768E-16,1.,0.));
#11448=DIRECTION('',(-1.7347234759768E-16,1.,0.));
#11449=DIRECTION('',(0.,0.,1.));
#11450=DIRECTION('',(1.7347234759768E-16,1.,0.));
#11451=DIRECTION('',(1.7347234759768E-16,-1.,0.));
#11452=DIRECTION('',(1.,1.7347234759768E-16,0.));
#11453=DIRECTION('',(-1.7347234759768E-16,1.,0.));
#11454=DIRECTION('',(0.,0.,1.));
#11455=DIRECTION('',(-1.7347234759768E-16,1.,0.));
#11456=DIRECTION('',(1.7347234759768E-16,-1.,0.));
#11457=DIRECTION('',(1.7347234759768E-16,1.,0.));
#11458=DIRECTION('',(0.,0.,1.));
#11459=DIRECTION('',(-1.,-3.46944695195362E-16,0.));
#11460=DIRECTION('',(0.,0.,-1.));
#11461=DIRECTION('',(1.,0.,0.));
#11462=DIRECTION('',(0.,0.,-1.));
#11463=DIRECTION('',(-1.,0.,0.));
#11464=DIRECTION('',(1.,0.,0.));
#11465=DIRECTION('',(0.,0.,-1.));
#11466=DIRECTION('',(-1.,0.,0.));
#11467=DIRECTION('',(0.,0.,-1.));
#11468=DIRECTION('',(1.,0.,0.));
#11469=DIRECTION('',(0.,0.,1.));
#11470=DIRECTION('',(-1.,3.46944695195362E-16,0.));
#11471=DIRECTION('',(0.,0.,1.));
#11472=DIRECTION('',(1.,0.,0.));
#11473=DIRECTION('',(0.,0.,-1.));
#11474=DIRECTION('',(-1.,-3.46944695195362E-16,0.));
#11475=DIRECTION('',(0.,0.,1.));
#11476=DIRECTION('',(1.,0.,0.));
#11477=DIRECTION('',(0.,0.,1.));
#11478=DIRECTION('',(1.,0.,0.));
#11479=DIRECTION('',(0.,0.,-1.));
#11480=DIRECTION('',(-1.,0.,0.));
#11481=DIRECTION('',(0.,0.,-1.));
#11482=DIRECTION('',(1.,0.,0.));
#11483=DIRECTION('',(0.,0.,1.));
#11484=DIRECTION('',(1.,0.,0.));
#11485=DIRECTION('',(0.,0.,-1.));
#11486=DIRECTION('',(1.,-3.46944695195362E-16,0.));
#11487=DIRECTION('',(0.,0.,-1.));
#11488=DIRECTION('',(1.,0.,0.));
#11489=DIRECTION('',(0.,0.,1.));
#11490=DIRECTION('',(-1.,3.46944695195362E-16,0.));
#11491=DIRECTION('',(-1.,-1.7347234759768E-16,0.));
#11492=DIRECTION('',(0.,0.,1.));
#11493=DIRECTION('',(1.,0.,0.));
#11494=DIRECTION('',(0.,0.,1.));
#11495=DIRECTION('',(1.,0.,0.));
#11496=DIRECTION('',(0.,0.,-1.));
#11497=DIRECTION('',(-1.,0.,0.));
#11498=DIRECTION('',(0.,0.,1.));
#11499=DIRECTION('',(1.,0.,0.));
#11500=DIRECTION('',(0.,-1.,0.));
#11501=DIRECTION('',(0.,0.,-1.));
#11502=DIRECTION('',(1.,0.,0.));
#11503=DIRECTION('',(0.,0.,-1.));
#11504=DIRECTION('',(1.,3.46944695195362E-16,0.));
#11505=DIRECTION('',(0.,0.,1.));
#11506=DIRECTION('',(1.,0.,0.));
#11507=DIRECTION('',(0.,0.,1.));
#11508=DIRECTION('',(1.,0.,0.));
#11509=DIRECTION('',(0.,0.,1.));
#11510=DIRECTION('',(1.,0.,0.));
#11511=DIRECTION('',(-0.707106781186548,-1.2266347333467E-16,-0.707106781186547));
#11512=DIRECTION('',(1.7347234759768E-16,-1.,0.));
#11513=DIRECTION('',(-1.7347234759768E-16,1.,0.));
#11514=DIRECTION('',(0.577350269189626,0.577350269189625,-0.577350269189626));
#11515=DIRECTION('',(0.,0.707106781186548,0.707106781186547));
#11516=DIRECTION('',(1.,0.,0.));
#11517=DIRECTION('',(-1.,0.,0.));
#11518=DIRECTION('',(0.577350269189626,-0.577350269189625,0.577350269189626));
#11519=DIRECTION('',(-0.707106781186548,-1.2266347333467E-16,0.707106781186547));
#11520=DIRECTION('',(-1.7347234759768E-16,1.,0.));
#11521=DIRECTION('',(1.7347234759768E-16,-1.,0.));
#11522=DIRECTION('',(0.707106781186548,4.87138838635447E-16,0.707106781186548));
#11523=DIRECTION('',(6.12323399573677E-17,1.,-7.50150692314295E-16));
#11524=DIRECTION('',(-0.707106781186548,0.,0.707106781186548));
#11525=DIRECTION('',(-0.707106781186548,-0.707106781186548,5.90861997769719E-16));
#11526=DIRECTION('',(-8.54543584225028E-17,-7.50150692314295E-16,-1.));
#11527=DIRECTION('',(-0.707106781186548,0.707106781186548,-2.31552626634447E-15));
#11528=DIRECTION('',(-0.577350269189625,-0.577350269189627,-0.577350269189625));
#11529=DIRECTION('',(0.,0.707106781186546,-0.707106781186549));
#11530=DIRECTION('',(2.30755522366028E-15,-0.707106781186548,0.707106781186548));
#11531=DIRECTION('',(-1.03723159134272E-16,-0.707106781186548,-0.707106781186548));
#11532=DIRECTION('',(1.,-6.12323399573677E-17,-8.54543584225027E-17));
#11533=DIRECTION('',(2.30755522366029E-15,0.707106781186548,-0.707106781186548));
#11534=DIRECTION('',(0.707106781186548,-0.707106781186548,5.00223963285973E-16));
#11535=DIRECTION('',(4.27271792112513E-17,7.50150692314295E-16,1.));
#11536=DIRECTION('',(-0.707106781186548,-0.707106781186548,7.37809488255981E-15));
#11537=DIRECTION('',(0.577350269189622,-0.577350269189628,-0.577350269189627));
#11538=DIRECTION('',(0.,0.707106781186547,-0.707106781186549));
#11539=DIRECTION('',(-0.707106781186548,5.0680955433008E-15,-0.707106781186548));
#11540=DIRECTION('',(-0.707106781186548,5.73734444258996E-16,0.707106781186548));
#11541=DIRECTION('',(6.12323399573677E-17,1.,-7.50150692314295E-16));
#11542=DIRECTION('',(0.707106781186548,-0.707106781186547,5.30436641447221E-16));
#11543=DIRECTION('',(3.77876430012033E-32,-7.50150692314295E-16,-1.));
#11544=DIRECTION('',(-0.707106781186547,-0.707106781186548,7.31399612634703E-15));
#11545=DIRECTION('',(-0.707106781186548,5.73734444258996E-16,0.707106781186547));
#11546=DIRECTION('',(6.12323399573677E-17,1.,-7.50150692314295E-16));
#11547=DIRECTION('',(-0.707106781186547,4.75189556472764E-15,-0.707106781186548));
#11548=DIRECTION('',(0.577350269189623,-0.577350269189628,-0.577350269189626));
#11549=DIRECTION('',(0.,0.707106781186546,-0.707106781186549));
#11550=DIRECTION('',(2.59599962661783E-15,0.707106781186548,-0.707106781186548));
#11551=DIRECTION('',(-0.707106781186548,-0.707106781186547,5.6064931960847E-16));
#11552=DIRECTION('',(4.27271792112513E-17,7.50150692314295E-16,1.));
#11553=DIRECTION('',(-0.707106781186547,0.707106781186548,-2.40738059817288E-15));
#11554=DIRECTION('',(-4.32978028117746E-17,-0.707106781186548,-0.707106781186548));
#11555=DIRECTION('',(-1.,6.12323399573677E-17,-4.59334822110436E-32));
#11556=DIRECTION('',(2.18365151372547E-15,-0.707106781186548,0.707106781186548));
#11557=DIRECTION('',(-0.577350269189625,-0.577350269189627,-0.577350269189625));
#11558=DIRECTION('',(0.707106781186548,-0.707106781186547,0.));
#11559=DIRECTION('',(-0.707106781186547,2.7755575615629E-17,0.707106781186548));
#11560=DIRECTION('',(0.707106781186548,4.87138838635446E-16,0.707106781186547));
#11561=DIRECTION('',(6.12323399573677E-17,1.,-7.50150692314295E-16));
#11562=DIRECTION('',(1.,1.7347234759768E-16,0.));
#11563=DIRECTION('',(-1.7347234759768E-16,1.,0.));
#11564=DIRECTION('',(0.,0.,1.));
#11565=DIRECTION('',(-1.7347234759768E-16,1.,0.));
#11566=DIRECTION('',(0.,0.,1.));
#11567=DIRECTION('',(0.,-1.,0.));
#11568=DIRECTION('',(0.,0.,-1.));
#11569=DIRECTION('',(0.,0.,1.));
#11570=DIRECTION('',(1.,0.,0.));
#11571=DIRECTION('',(-1.,-1.7347234759768E-16,0.));
#11572=DIRECTION('',(1.7347234759768E-16,-1.,0.));
#11573=DIRECTION('',(0.,0.,1.));
#11574=DIRECTION('',(1.7347234759768E-16,-1.,0.));
#11575=DIRECTION('',(0.,1.,0.));
#11576=DIRECTION('',(0.,0.,1.));
#11577=DIRECTION('',(-1.,0.,0.));
#11578=DIRECTION('',(0.,0.,-1.));
#11579=DIRECTION('',(1.,0.,0.));
#11580=DIRECTION('',(-1.7347234759768E-16,1.,0.));
#11581=DIRECTION('',(1.,0.,0.));
#11582=DIRECTION('',(1.,0.,0.));
#11583=DIRECTION('',(1.,1.7347234759768E-16,0.));
#11584=DIRECTION('',(-1.7347234759768E-16,1.,0.));
#11585=DIRECTION('',(0.,0.,1.));
#11586=DIRECTION('',(0.,0.,-1.));
#11587=DIRECTION('',(0.707106781186548,4.87138838635446E-16,0.707106781186547));
#11588=DIRECTION('',(6.12323399573677E-17,1.,-7.50150692314295E-16));
#11589=DIRECTION('',(6.12323399573677E-17,1.,-7.50150692314295E-16));
#11590=DIRECTION('',(-0.577350269189626,0.577350269189627,0.577350269189625));
#11591=DIRECTION('',(0.707106781186547,2.77555756156289E-17,-0.707106781186548));
#11592=DIRECTION('',(0.577350269189625,0.577350269189626,-0.577350269189626));
#11593=DIRECTION('',(-6.12323399573678E-17,-1.,7.50150692314295E-16));
#11594=DIRECTION('',(-0.707106781186548,5.73734444258996E-16,0.707106781186548));
#11595=DIRECTION('',(-0.577350269189625,-0.577350269189627,-0.577350269189625));
#11596=DIRECTION('',(0.707106781186548,-0.707106781186547,0.));
#11597=DIRECTION('',(2.18365151372547E-15,-0.707106781186548,0.707106781186548));
#11598=DIRECTION('',(-0.707106781186547,0.707106781186548,-2.40738059817288E-15));
#11599=DIRECTION('',(-4.32978028117746E-17,-0.707106781186548,-0.707106781186548));
#11600=DIRECTION('',(-1.,6.12323399573677E-17,-4.59334822110436E-32));
#11601=DIRECTION('',(-2.59599962661783E-15,-0.707106781186548,0.707106781186548));
#11602=DIRECTION('',(-0.577350269189625,0.577350269189626,-0.577350269189626));
#11603=DIRECTION('',(-1.,6.12323399573677E-17,-4.59334822110436E-32));
#11604=DIRECTION('',(-0.577350269189626,0.577350269189626,-0.577350269189626));
#11605=DIRECTION('',(1.,-6.12323399573677E-17,3.5920455450328E-32));
#11606=DIRECTION('',(0.577350269189625,0.577350269189626,-0.577350269189626));
#11607=DIRECTION('',(-0.707106781186548,-0.707106781186547,5.6064931960847E-16));
#11608=DIRECTION('',(4.27271792112513E-17,7.50150692314295E-16,1.));
#11609=DIRECTION('',(0.707106781186547,-0.707106781186548,0.));
#11610=DIRECTION('',(-4.27271792112514E-17,-7.50150692314295E-16,-1.));
#11611=DIRECTION('',(4.27271792112513E-17,7.50150692314295E-16,1.));
#11612=DIRECTION('',(0.577350269189623,-0.577350269189628,-0.577350269189626));
#11613=DIRECTION('',(0.,0.707106781186546,-0.707106781186549));
#11614=DIRECTION('',(-0.707106781186547,4.75189556472764E-15,-0.707106781186548));
#11615=DIRECTION('',(-0.707106781186547,-0.707106781186548,7.31399612634703E-15));
#11616=DIRECTION('',(-0.707106781186548,5.73734444258996E-16,0.707106781186547));
#11617=DIRECTION('',(6.12323399573677E-17,1.,-7.50150692314295E-16));
#11618=DIRECTION('',(6.12323399573677E-17,1.,-7.50150692314295E-16));
#11619=DIRECTION('',(0.577350269189625,0.577350269189627,0.577350269189626));
#11620=DIRECTION('',(-6.12323399573677E-17,-1.,7.50150692314295E-16));
#11621=DIRECTION('',(-0.707106781186547,-4.87138838635447E-16,-0.707106781186548));
#11622=DIRECTION('',(0.707106781186548,-0.707106781186547,5.30436641447221E-16));
#11623=DIRECTION('',(3.77876430012033E-32,-7.50150692314295E-16,-1.));
#11624=DIRECTION('',(0.707106781186547,0.707106781186548,0.));
#11625=DIRECTION('',(3.77876430012033E-32,-7.50150692314295E-16,-1.));
#11626=DIRECTION('',(0.,7.50150692314295E-16,1.));
#11627=DIRECTION('',(-0.707106781186548,5.73734444258996E-16,0.707106781186548));
#11628=DIRECTION('',(6.12323399573677E-17,1.,-7.50150692314295E-16));
#11629=DIRECTION('',(6.12323399573678E-17,1.,-7.50150692314295E-16));
#11630=DIRECTION('',(-0.577350269189625,0.577350269189626,-0.577350269189626));
#11631=DIRECTION('',(0.707106781186548,-5.0680955433008E-15,0.707106781186548));
#11632=DIRECTION('',(0.577350269189626,0.577350269189626,0.577350269189625));
#11633=DIRECTION('',(-6.12323399573677E-17,-1.,7.50150692314295E-16));
#11634=DIRECTION('',(-0.707106781186548,-4.87138838635447E-16,-0.707106781186548));
#11635=DIRECTION('',(0.577350269189622,-0.577350269189628,-0.577350269189627));
#11636=DIRECTION('',(0.,0.707106781186547,-0.707106781186549));
#11637=DIRECTION('',(-0.707106781186548,-0.707106781186548,7.37809488255981E-15));
#11638=DIRECTION('',(2.30755522366029E-15,0.707106781186548,-0.707106781186548));
#11639=DIRECTION('',(0.707106781186548,-0.707106781186548,5.00223963285973E-16));
#11640=DIRECTION('',(4.27271792112513E-17,7.50150692314295E-16,1.));
#11641=DIRECTION('',(0.707106781186548,0.707106781186548,0.));
#11642=DIRECTION('',(-4.27271792112513E-17,-7.50150692314295E-16,-1.));
#11643=DIRECTION('',(0.577350269189626,0.577350269189626,-0.577350269189626));
#11644=DIRECTION('',(4.27271792112512E-17,7.50150692314295E-16,1.));
#11645=DIRECTION('',(-1.03723159134272E-16,-0.707106781186548,-0.707106781186548));
#11646=DIRECTION('',(1.,-6.12323399573677E-17,-8.54543584225027E-17));
#11647=DIRECTION('',(-2.30755522366028E-15,0.707106781186548,-0.707106781186548));
#11648=DIRECTION('',(-0.577350269189626,0.577350269189626,-0.577350269189626));
#11649=DIRECTION('',(1.,-6.12323399573677E-17,-8.54543584225027E-17));
#11650=DIRECTION('',(-1.,6.12323399573677E-17,8.54543584225027E-17));
#11651=DIRECTION('',(0.577350269189626,0.577350269189626,-0.577350269189626));
#11652=DIRECTION('',(-0.577350269189625,-0.577350269189627,-0.577350269189625));
#11653=DIRECTION('',(0.,0.707106781186546,-0.707106781186549));
#11654=DIRECTION('',(-0.707106781186548,0.707106781186548,-2.31552626634447E-15));
#11655=DIRECTION('',(-0.707106781186548,0.,0.707106781186548));
#11656=DIRECTION('',(-0.707106781186548,-0.707106781186548,5.90861997769719E-16));
#11657=DIRECTION('',(-8.54543584225028E-17,-7.50150692314295E-16,-1.));
#11658=DIRECTION('',(0.707106781186548,-0.707106781186548,0.));
#11659=DIRECTION('',(-8.54543584225029E-17,-7.50150692314295E-16,-1.));
#11660=DIRECTION('',(-0.577350269189626,0.577350269189626,0.577350269189625));
#11661=DIRECTION('',(8.54543584225028E-17,7.50150692314295E-16,1.));
#11662=DIRECTION('',(0.707106781186548,4.87138838635447E-16,0.707106781186548));
#11663=DIRECTION('',(6.12323399573677E-17,1.,-7.50150692314295E-16));
#11664=DIRECTION('',(6.12323399573677E-17,1.,-7.50150692314295E-16));
#11665=DIRECTION('',(-6.12323399573677E-17,-1.,7.50150692314295E-16));
#11666=DIRECTION('',(-0.707106781186548,5.73734444258996E-16,0.707106781186548));
#11667=DIRECTION('',(0.,0.,1.));
#11668=DIRECTION('',(1.,0.,0.));
#11669=DIRECTION('',(0.,0.,1.));
#11670=DIRECTION('',(1.,0.,0.));
#11671=DIRECTION('',(0.,0.,1.));
#11672=DIRECTION('',(1.,0.,0.));
#11673=DIRECTION('',(0.,0.,1.));
#11674=DIRECTION('',(1.,0.,0.));
#11675=DIRECTION('',(0.,0.,-1.));
#11676=DIRECTION('',(1.,3.46944695195362E-16,0.));
#11677=DIRECTION('',(0.,0.,-1.));
#11678=DIRECTION('',(-1.,0.,0.));
#11679=DIRECTION('',(0.,0.,-1.));
#11680=DIRECTION('',(-1.,0.,0.));
#11681=DIRECTION('',(0.,0.,-1.));
#11682=DIRECTION('',(-1.,0.,0.));
#11683=DIRECTION('',(0.,0.,1.));
#11684=DIRECTION('',(1.,0.,0.));
#11685=DIRECTION('',(0.,0.,1.));
#11686=DIRECTION('',(1.,0.,0.));
#11687=DIRECTION('',(0.,0.,1.));
#11688=DIRECTION('',(1.,0.,0.));
#11689=DIRECTION('',(0.,0.,1.));
#11690=DIRECTION('',(1.,0.,0.));
#11691=DIRECTION('',(0.,0.,-1.));
#11692=DIRECTION('',(1.,-3.46944695195362E-16,0.));
#11693=DIRECTION('',(0.,0.,-1.));
#11694=DIRECTION('',(-1.,0.,0.));
#11695=DIRECTION('',(0.,0.,-1.));
#11696=DIRECTION('',(-1.,0.,0.));
#11697=DIRECTION('',(0.,0.,-1.));
#11698=DIRECTION('',(-1.,0.,0.));
#11699=DIRECTION('',(0.,0.,1.));
#11700=DIRECTION('',(1.,0.,0.));
#11701=DIRECTION('',(0.,0.,-1.));
#11702=DIRECTION('',(-1.,0.,0.));
#11703=DIRECTION('',(0.,0.,-1.));
#11704=DIRECTION('',(-1.,0.,0.));
#11705=DIRECTION('',(0.,0.,1.));
#11706=DIRECTION('',(1.,0.,0.));
#11707=DIRECTION('',(0.,0.,-1.));
#11708=DIRECTION('',(-1.,0.,0.));
#11709=DIRECTION('',(0.,0.,-1.));
#11710=DIRECTION('',(-1.,0.,0.));
#11711=DIRECTION('',(0.,0.,-1.));
#11712=DIRECTION('',(1.,0.,0.));
#11713=DIRECTION('',(-1.73472347597681E-16,1.,0.));
#11714=DIRECTION('',(-1.,0.,0.));
#11715=DIRECTION('',(1.,1.7347234759768E-16,0.));
#11716=DIRECTION('',(-6.12323399573677E-17,-1.,7.50150692314295E-16));
#11717=DIRECTION('',(1.,-6.12323399573677E-17,4.59334822110436E-32));
#11718=DIRECTION('',(1.,-6.12323399573677E-17,0.));
#11719=DIRECTION('',(0.,0.,-1.));
#11720=DIRECTION('',(1.,0.,0.));
#11721=DIRECTION('',(-1.,6.12323399573677E-17,0.));
#11722=DIRECTION('',(6.12323399573677E-17,1.,0.));
#11723=DIRECTION('',(-1.,6.12323399573677E-17,0.));
#11724=DIRECTION('',(6.12323399573677E-17,1.,0.));
#11725=DIRECTION('',(1.,-6.12323399573677E-17,0.));
#11726=DIRECTION('',(6.12323399573677E-17,1.,0.));
#11727=DIRECTION('',(6.12323399573677E-17,1.,0.));
#11728=DIRECTION('',(1.,0.,0.));
#11729=DIRECTION('',(-1.73472347597681E-16,1.,0.));
#11730=DIRECTION('',(1.,1.7347234759768E-16,0.));
#11731=DIRECTION('',(1.,1.7347234759768E-16,0.));
#11732=DIRECTION('',(1.,1.7347234759768E-16,0.));
#11733=DIRECTION('',(-1.,-1.7347234759768E-16,0.));
#11734=DIRECTION('',(1.,1.7347234759768E-16,0.));
#11735=DIRECTION('',(-6.12323399573677E-17,-1.,7.50150692314295E-16));
#11736=DIRECTION('',(-1.,6.12323399573677E-17,8.54543584225027E-17));
#11737=DIRECTION('',(-1.7347234759768E-16,1.,0.));
#11738=DIRECTION('',(-1.,-1.7347234759768E-16,0.));
#11739=DIRECTION('',(0.707106781186547,1.2266347333467E-16,0.707106781186548));
#11740=DIRECTION('',(0.,0.707106781186548,0.707106781186547));
#11741=DIRECTION('',(1.,0.,0.));
#11742=DIRECTION('',(-0.577350269189626,0.577350269189625,-0.577350269189626));
#11743=DIRECTION('',(1.,0.,0.));
#11744=DIRECTION('',(-0.707106781186548,-1.2266347333467E-16,0.707106781186547));
#11745=DIRECTION('',(-1.7347234759768E-16,1.,0.));
#11746=DIRECTION('',(-0.707106781186547,0.,-0.707106781186548));
#11747=DIRECTION('',(0.,1.,0.));
#11748=DIRECTION('',(8.54543584225027E-17,7.50150692314295E-16,1.));
#11749=DIRECTION('',(-1.22464679914735E-16,-1.,7.50150692314295E-16));
#11750=DIRECTION('',(1.,-6.12323399573677E-17,-8.54543584225027E-17));
#11751=DIRECTION('',(0.,7.50150692314295E-16,1.));
#11752=DIRECTION('',(0.,-1.,7.50150692314295E-16));
#11753=DIRECTION('',(1.,-6.12323399573677E-17,4.59334822110436E-32));
#11754=DIRECTION('',(1.,-6.12323399573677E-17,-8.54543584225027E-17));
#11755=DIRECTION('',(-6.12323399573677E-17,-1.,2.0526832973508E-48));
#11756=DIRECTION('',(8.54543584225028E-17,7.50150692314295E-16,1.));
#11757=DIRECTION('',(-1.,6.12323399573677E-17,4.27271792112513E-17));
#11758=DIRECTION('',(6.12323399573677E-17,1.,0.));
#11759=DIRECTION('',(4.27271792112513E-17,7.50150692314295E-16,1.));
#11760=DIRECTION('',(1.,-6.12323399573677E-17,-4.27271792112513E-17));
#11761=DIRECTION('',(6.12323399573677E-17,1.,0.));
#11762=DIRECTION('',(4.27271792112513E-17,7.50150692314295E-16,1.));
#11763=DIRECTION('',(-1.,6.12323399573677E-17,-8.3721125212247E-32));
#11764=DIRECTION('',(-6.12323399573677E-17,-1.,0.));
#11765=DIRECTION('',(-3.77876430012033E-32,7.50150692314295E-16,1.));
#11766=DIRECTION('',(-6.12323399573677E-17,-1.,7.50150692314295E-16));
#11767=DIRECTION('',(-1.,6.12323399573677E-17,8.54543584225027E-17));
#11768=DIRECTION('',(-6.12323399573677E-17,-1.,7.50150692314295E-16));
#11769=DIRECTION('',(1.,-6.12323399573677E-17,4.59334822110436E-32));
#11770=DIRECTION('',(0.,-1.,0.));
#11771=DIRECTION('',(0.,0.,-1.));
#11772=DIRECTION('',(0.,0.,1.));
#11773=DIRECTION('',(1.,0.,0.));
#11774=DIRECTION('',(1.,0.,0.));
#11775=DIRECTION('',(0.,1.,0.));
#11776=DIRECTION('',(0.,0.,1.));
#11777=DIRECTION('',(0.,7.50150692314295E-16,1.));
#11778=DIRECTION('',(0.,-1.,7.50150692314295E-16));
#11779=DIRECTION('',(-6.12323399573677E-17,-1.,7.50150692314295E-16));
#11780=DIRECTION('',(1.,-6.12323399573677E-17,4.59334822110436E-32));
#11781=DIRECTION('',(-6.12323399573677E-17,-1.,7.50150692314295E-16));
#11782=DIRECTION('',(-1.,6.12323399573677E-17,-4.59334822110436E-32));
#11783=DIRECTION('',(1.,-6.12323399573677E-17,5.1835436801788E-48));
#11784=DIRECTION('',(6.12323399573677E-17,1.,0.));
#11785=DIRECTION('',(4.59334822110436E-32,7.50150692314295E-16,1.));
#11786=DIRECTION('',(4.32978028117747E-17,0.707106781186548,-0.707106781186548));
#11787=DIRECTION('',(1.,-6.12323399573677E-17,5.1835436801788E-48));
#11788=DIRECTION('',(6.12323399573677E-17,1.,0.));
#11789=DIRECTION('',(4.59334822110436E-32,7.50150692314295E-16,1.));
#11790=DIRECTION('',(-4.32978028117747E-17,-0.707106781186548,0.707106781186548));
#11791=DIRECTION('',(6.12323399573677E-17,1.,-7.50150692314295E-16));
#11792=DIRECTION('',(-1.,6.12323399573677E-17,-4.59334822110436E-32));
#11793=DIRECTION('',(1.,-6.12323399573677E-17,3.5920455450328E-32));
#11794=DIRECTION('',(4.32978028117746E-17,0.707106781186548,0.707106781186548));
#11795=DIRECTION('',(-1.,6.12323399573677E-17,-4.59334822110436E-32));
#11796=DIRECTION('',(0.,0.707106781186548,0.707106781186547));
#11797=DIRECTION('',(1.,0.,0.));
#11798=DIRECTION('',(-0.577350269189626,-0.577350269189625,0.577350269189626));
#11799=DIRECTION('',(-1.,0.,0.));
#11800=DIRECTION('',(1.2266347333467E-16,-0.707106781186547,0.707106781186548));
#11801=DIRECTION('',(0.,0.,1.));
#11802=DIRECTION('',(1.,0.,0.));
#11803=DIRECTION('',(-1.7347234759768E-16,1.,0.));
#11804=DIRECTION('',(1.,0.,0.));
#11805=DIRECTION('',(-1.7347234759768E-16,1.,0.));
#11806=DIRECTION('',(1.,1.7347234759768E-16,0.));
#11807=DIRECTION('',(0.,0.,1.));
#11808=DIRECTION('',(1.,0.,0.));
#11809=DIRECTION('',(1.7347234759768E-16,-1.,0.));
#11810=DIRECTION('',(1.,1.7347234759768E-16,0.));
#11811=DIRECTION('',(1.7347234759768E-16,-1.,0.));
#11812=DIRECTION('',(1.,1.7347234759768E-16,0.));
#11813=DIRECTION('',(-1.7347234759768E-16,1.,0.));
#11814=DIRECTION('',(-1.,-1.7347234759768E-16,0.));
#11815=DIRECTION('',(0.,0.,-1.));
#11816=DIRECTION('',(0.,0.,-1.));
#11817=DIRECTION('',(1.,1.7347234759768E-16,0.));
#11818=DIRECTION('',(-1.7347234759768E-16,1.,0.));
#11819=DIRECTION('',(0.,0.,-1.));
#11820=DIRECTION('',(0.,0.,1.));
#11821=DIRECTION('',(1.7347234759768E-16,-1.,0.));
#11822=DIRECTION('',(1.,1.7347234759768E-16,0.));
#11823=DIRECTION('',(-1.7347234759768E-16,1.,0.));
#11824=DIRECTION('',(0.,0.,1.));
#11825=DIRECTION('',(0.,0.,-1.));
#11826=DIRECTION('',(-1.7347234759768E-16,1.,0.));
#11827=DIRECTION('',(0.,-1.,0.));
#11828=DIRECTION('',(0.,0.,-1.));
#11829=DIRECTION('',(-1.7347234759768E-16,1.,0.));
#11830=DIRECTION('',(-1.,-1.7347234759768E-16,0.));
#11831=DIRECTION('',(-0.707106781186547,-1.2266347333467E-16,0.707106781186548));
#11832=DIRECTION('',(-0.707106781186548,-1.2266347333467E-16,-0.707106781186547));
#11833=DIRECTION('',(1.7347234759768E-16,-1.,0.));
#11834=DIRECTION('',(-0.707106781186548,-1.2266347333467E-16,0.707106781186547));
#11835=DIRECTION('',(-1.7347234759768E-16,1.,0.));
#11836=DIRECTION('',(-1.7347234759768E-16,1.,2.97574796282888E-32));
#11837=DIRECTION('',(-0.577350269189626,0.577350269189625,-0.577350269189626));
#11838=DIRECTION('',(1.7347234759768E-16,-1.,-2.97574796282888E-32));
#11839=DIRECTION('',(0.707106781186547,1.2266347333467E-16,0.707106781186548));
#11840=DIRECTION('',(0.,-1.,0.));
#11841=DIRECTION('',(0.,0.,-1.));
#11842=DIRECTION('',(0.,0.,1.));
#11843=DIRECTION('',(-1.,0.,0.));
#11844=DIRECTION('',(0.,0.,1.));
#11845=DIRECTION('',(-1.,0.,0.));
#11846=DIRECTION('',(0.,0.,1.));
#11847=DIRECTION('',(-1.,3.46944695195362E-16,0.));
#11848=DIRECTION('',(-1.7347234759768E-16,1.,0.));
#11849=DIRECTION('',(-1.,-1.7347234759768E-16,0.));
#11850=DIRECTION('',(-1.7347234759768E-16,1.,0.));
#11851=DIRECTION('',(0.,0.,1.));
#11852=DIRECTION('',(-1.,-3.46944695195362E-16,0.));
#11853=DIRECTION('',(1.7347234759768E-16,-1.,0.));
#11854=DIRECTION('',(-1.,-1.7347234759768E-16,0.));
#11855=DIRECTION('',(1.7347234759768E-16,-1.,0.));
#11856=DIRECTION('',(-1.,-1.7347234759768E-16,0.));
#11857=DIRECTION('',(1.,1.7347234759768E-16,0.));
#11858=DIRECTION('',(-1.7347234759768E-16,1.,0.));
#11859=DIRECTION('',(0.,0.,-1.));
#11860=DIRECTION('',(0.,0.,-1.));
#11861=DIRECTION('',(1.,1.7347234759768E-16,0.));
#11862=DIRECTION('',(-1.7347234759768E-16,1.,0.));
#11863=DIRECTION('',(0.,0.,-1.));
#11864=DIRECTION('',(0.,0.,-1.));
#11865=DIRECTION('',(-1.2266347333467E-16,0.707106781186547,-0.707106781186548));
#11866=DIRECTION('',(-1.7347234759768E-16,1.,0.));
#11867=DIRECTION('',(-1.,-1.7347234759768E-16,0.));
#11868=DIRECTION('',(-1.7347234759768E-16,1.,0.));
#11869=DIRECTION('',(-1.,-1.7347234759768E-16,0.));
#11870=DIRECTION('',(0.,0.707106781186548,0.707106781186547));
#11871=DIRECTION('',(1.,0.,0.));
#11872=DIRECTION('',(1.03723159134272E-16,0.707106781186548,0.707106781186548));
#11873=DIRECTION('',(1.,-6.12323399573677E-17,-8.54543584225027E-17));
#11874=DIRECTION('',(-1.,6.12323399573677E-17,8.54543584225027E-17));
#11875=DIRECTION('',(1.71275535107227E-17,-0.707106781186548,0.707106781186548));
#11876=DIRECTION('',(-1.,6.12323399573677E-17,8.54543584225027E-17));
#11877=DIRECTION('',(-1.71275535107227E-17,0.707106781186548,-0.707106781186548));
#11878=DIRECTION('',(6.12323399573677E-17,1.,-7.50150692314295E-16));
#11879=DIRECTION('',(1.,-6.12323399573677E-17,-8.54543584225027E-17));
#11880=DIRECTION('',(8.54543584225027E-17,7.50150692314295E-16,1.));
#11881=DIRECTION('',(1.,-6.12323399573677E-17,-8.54543584225027E-17));
#11882=DIRECTION('',(8.54543584225027E-17,7.50150692314295E-16,1.));
#11883=DIRECTION('',(-1.,6.12323399573677E-17,8.54543584225026E-17));
#11884=DIRECTION('',(6.12323399573677E-17,1.,-2.0526832973508E-48));
#11885=DIRECTION('',(-6.12323399573677E-17,-1.,7.50150692314295E-16));
#11886=DIRECTION('',(-1.,6.12323399573677E-17,8.54543584225026E-17));
#11887=DIRECTION('',(6.12323399573677E-17,1.,-2.0526832973508E-48));
#11888=DIRECTION('',(-6.12323399573677E-17,-1.,7.50150692314295E-16));
#11889=DIRECTION('',(8.54543584225027E-17,7.50150692314295E-16,1.));
#11890=DIRECTION('',(-1.22464679914735E-16,-1.,7.50150692314295E-16));
#11891=DIRECTION('',(0.,0.,1.));
#11892=DIRECTION('',(1.,0.,0.));
#11893=DIRECTION('',(0.,0.,1.));
#11894=DIRECTION('',(-1.,-3.46944695195362E-16,0.));
#11895=DIRECTION('',(0.,0.,-1.));
#11896=DIRECTION('',(-1.,-3.46944695195362E-16,0.));
#11897=DIRECTION('',(0.,0.,1.));
#11898=DIRECTION('',(1.,3.46944695195362E-16,0.));
#11899=DIRECTION('',(0.,0.,1.));
#11900=DIRECTION('',(-1.,-3.46944695195362E-16,0.));
#11901=DIRECTION('',(0.,0.,-1.));
#11902=DIRECTION('',(-1.,-3.46944695195362E-16,0.));
#11903=DIRECTION('',(0.,0.,-1.));
#11904=DIRECTION('',(-1.,-3.46944695195362E-16,0.));
#11905=DIRECTION('',(0.,0.,1.));
#11906=DIRECTION('',(-1.,-3.46944695195362E-16,0.));
#11907=DIRECTION('',(0.,0.,-1.));
#11908=DIRECTION('',(1.,3.46944695195362E-16,0.));
#11909=DIRECTION('',(0.,0.,1.));
#11910=DIRECTION('',(1.,0.,0.));
#11911=DIRECTION('',(-1.,6.12323399573682E-17,7.50150692314295E-16));
#11912=DIRECTION('',(7.50150692314295E-16,7.50150692314295E-16,1.));
#11913=DIRECTION('',(6.12323399573677E-17,1.,-7.50150692314295E-16));
#11914=DIRECTION('',(-7.50150692314295E-16,-7.50150692314295E-16,-1.));
#11915=DIRECTION('',(6.12323399573677E-17,1.,-7.50150692314295E-16));
#11916=DIRECTION('',(-7.50150692314295E-16,-7.50150692314295E-16,-1.));
#11917=DIRECTION('',(6.12323399573677E-17,1.,-7.50150692314295E-16));
#11918=DIRECTION('',(-7.50150692314295E-16,-7.50150692314295E-16,-1.));
#11919=DIRECTION('',(1.,-6.12323399573682E-17,-7.50150692314295E-16));
#11920=DIRECTION('',(-7.50150692314295E-16,-7.50150692314295E-16,-1.));
#11921=DIRECTION('',(1.,-6.12323399573682E-17,-7.50150692314295E-16));
#11922=DIRECTION('',(-1.,6.12323399573682E-17,7.50150692314295E-16));
#11923=DIRECTION('',(7.50150692314295E-16,7.50150692314295E-16,1.));
#11924=DIRECTION('',(6.12323399573677E-17,1.,-7.50150692314295E-16));
#11925=DIRECTION('',(-7.50150692314295E-16,-7.50150692314295E-16,-1.));
#11926=DIRECTION('',(6.12323399573677E-17,1.,-7.50150692314295E-16));
#11927=DIRECTION('',(6.12323399573677E-17,1.,-7.50150692314295E-16));
#11928=DIRECTION('',(-7.50150692314295E-16,-7.50150692314295E-16,-1.));
#11929=DIRECTION('',(1.,-6.12323399573682E-17,-7.50150692314295E-16));
#11930=DIRECTION('',(1.,-6.12323399573682E-17,-7.50150692314295E-16));
#11931=DIRECTION('',(7.50150692314295E-16,7.50150692314295E-16,1.));
#11932=DIRECTION('',(6.12323399573677E-17,1.,-7.50150692314295E-16));
#11933=DIRECTION('',(7.50150692314295E-16,7.50150692314295E-16,1.));
#11934=DIRECTION('',(0.,-1.,0.));
#11935=DIRECTION('',(7.50150692314295E-16,7.50150692314295E-16,1.));
#11936=DIRECTION('',(6.12323399573677E-17,1.,-7.50150692314295E-16));
#11937=DIRECTION('',(-7.50150692314295E-16,-7.50150692314295E-16,-1.));
#11938=DIRECTION('',(-1.,0.,7.50150692314295E-16));
#11939=DIRECTION('',(7.50150692314295E-16,7.50150692314295E-16,1.));
#11940=DIRECTION('',(0.,-1.,0.));
#11941=DIRECTION('',(7.50150692314295E-16,7.50150692314295E-16,1.));
#11942=DIRECTION('',(1.,-5.62726061179616E-31,-7.50150692314295E-16));
#11943=DIRECTION('',(0.,0.,1.));
#11944=DIRECTION('',(1.,0.,0.));
#11945=DIRECTION('',(-1.,-3.69627624575467E-16,7.50150692314295E-16));
#11946=DIRECTION('',(7.50150692314295E-16,-6.27686012399559E-16,1.));
#11947=DIRECTION('',(3.69627624575467E-16,-1.,-6.2768601239956E-16));
#11948=DIRECTION('',(-7.50150692314295E-16,6.27686012399559E-16,-1.));
#11949=DIRECTION('',(3.69627624575467E-16,-1.,-6.2768601239956E-16));
#11950=DIRECTION('',(-7.50150692314295E-16,6.27686012399559E-16,-1.));
#11951=DIRECTION('',(3.69627624575467E-16,-1.,-6.2768601239956E-16));
#11952=DIRECTION('',(-7.50150692314295E-16,6.27686012399559E-16,-1.));
#11953=DIRECTION('',(1.,3.69627624575467E-16,-7.50150692314295E-16));
#11954=DIRECTION('',(1.,3.69627624575467E-16,-7.50150692314295E-16));
#11955=DIRECTION('',(-7.50150692314295E-16,6.27686012399559E-16,-1.));
#11956=DIRECTION('',(-1.,-3.69627624575467E-16,7.50150692314295E-16));
#11957=DIRECTION('',(7.50150692314295E-16,-6.27686012399559E-16,1.));
#11958=DIRECTION('',(3.69627624575467E-16,-1.,-6.2768601239956E-16));
#11959=DIRECTION('',(3.69627624575467E-16,-1.,-6.2768601239956E-16));
#11960=DIRECTION('',(-7.50150692314295E-16,6.27686012399559E-16,-1.));
#11961=DIRECTION('',(3.69627624575467E-16,-1.,-6.2768601239956E-16));
#11962=DIRECTION('',(-7.50150692314295E-16,6.27686012399559E-16,-1.));
#11963=DIRECTION('',(1.,3.69627624575467E-16,-7.50150692314295E-16));
#11964=DIRECTION('',(1.,3.69627624575467E-16,-7.50150692314295E-16));
#11965=DIRECTION('',(7.50150692314295E-16,-6.27686012399559E-16,1.));
#11966=DIRECTION('',(3.69627624575467E-16,-1.,-6.2768601239956E-16));
#11967=DIRECTION('',(-7.50150692314295E-16,6.27686012399559E-16,-1.));
#11968=DIRECTION('',(-3.08395284618099E-16,1.,-1.22464679914735E-16));
#11969=DIRECTION('',(7.50150692314295E-16,-6.27686012399559E-16,1.));
#11970=DIRECTION('',(3.69627624575467E-16,-1.,-6.2768601239956E-16));
#11971=DIRECTION('',(-7.50150692314295E-16,6.27686012399559E-16,-1.));
#11972=DIRECTION('',(-1.,-3.08395284618099E-16,7.50150692314295E-16));
#11973=DIRECTION('',(-7.50150692314295E-16,6.27686012399559E-16,-1.));
#11974=DIRECTION('',(-3.08395284618099E-16,1.,-1.22464679914735E-16));
#11975=DIRECTION('',(7.50150692314295E-16,-6.27686012399559E-16,1.));
#11976=DIRECTION('',(1.,3.08395284618099E-16,-7.50150692314295E-16));
#11977=DIRECTION('',(0.,0.,1.));
#11978=DIRECTION('',(1.,0.,0.));
#11979=DIRECTION('',(1.,3.69627624575466E-16,6.64696333891792E-16));
#11980=DIRECTION('',(-6.64696333891792E-16,-6.2768601239956E-16,1.));
#11981=DIRECTION('',(3.69627624575467E-16,-1.,-6.2768601239956E-16));
#11982=DIRECTION('',(6.64696333891792E-16,6.2768601239956E-16,-1.));
#11983=DIRECTION('',(3.69627624575467E-16,-1.,-6.2768601239956E-16));
#11984=DIRECTION('',(6.64696333891792E-16,6.2768601239956E-16,-1.));
#11985=DIRECTION('',(3.69627624575467E-16,-1.,-6.2768601239956E-16));
#11986=DIRECTION('',(6.64696333891792E-16,6.2768601239956E-16,-1.));
#11987=DIRECTION('',(-1.,-3.69627624575466E-16,-6.64696333891792E-16));
#11988=DIRECTION('',(6.64696333891792E-16,6.2768601239956E-16,-1.));
#11989=DIRECTION('',(-1.,-3.69627624575466E-16,-6.64696333891792E-16));
#11990=DIRECTION('',(1.,3.69627624575466E-16,6.64696333891792E-16));
#11991=DIRECTION('',(-6.64696333891792E-16,-6.2768601239956E-16,1.));
#11992=DIRECTION('',(3.69627624575467E-16,-1.,-6.2768601239956E-16));
#11993=DIRECTION('',(6.64696333891792E-16,6.2768601239956E-16,-1.));
#11994=DIRECTION('',(3.69627624575467E-16,-1.,-6.2768601239956E-16));
#11995=DIRECTION('',(3.69627624575467E-16,-1.,-6.2768601239956E-16));
#11996=DIRECTION('',(6.64696333891792E-16,6.2768601239956E-16,-1.));
#11997=DIRECTION('',(-1.,-3.69627624575466E-16,-6.64696333891792E-16));
#11998=DIRECTION('',(-1.,-3.69627624575466E-16,-6.64696333891792E-16));
#11999=DIRECTION('',(-6.64696333891792E-16,-6.2768601239956E-16,1.));
#12000=DIRECTION('',(3.69627624575467E-16,-1.,-6.2768601239956E-16));
#12001=DIRECTION('',(-6.64696333891792E-16,-6.2768601239956E-16,1.));
#12002=DIRECTION('',(-4.30859964532835E-16,1.,-1.22464679914735E-16));
#12003=DIRECTION('',(-6.64696333891792E-16,-6.2768601239956E-16,1.));
#12004=DIRECTION('',(3.69627624575467E-16,-1.,-6.2768601239956E-16));
#12005=DIRECTION('',(6.64696333891792E-16,6.2768601239956E-16,-1.));
#12006=DIRECTION('',(1.,4.30859964532835E-16,6.64696333891792E-16));
#12007=DIRECTION('',(-6.64696333891792E-16,-6.2768601239956E-16,1.));
#12008=DIRECTION('',(-4.30859964532835E-16,1.,-1.22464679914735E-16));
#12009=DIRECTION('',(-6.64696333891792E-16,-6.2768601239956E-16,1.));
#12010=DIRECTION('',(-1.,-4.30859964532834E-16,-6.64696333891792E-16));
#12011=DIRECTION('',(0.,0.,1.));
#12012=DIRECTION('',(1.,0.,0.));
#12013=DIRECTION('',(0.,0.,-1.));
#12014=DIRECTION('',(-1.,0.,0.));
#12015=DIRECTION('',(0.,0.,1.));
#12016=DIRECTION('',(1.,0.,0.));
#12017=DIRECTION('',(0.,0.,-1.));
#12018=DIRECTION('',(1.,0.,0.));
#12019=DIRECTION('',(0.,0.,-1.));
#12020=DIRECTION('',(0.,0.,1.));
#12021=DIRECTION('',(0.309016994374948,0.951056516295154,0.));
#12022=DIRECTION('',(0.,0.,-1.));
#12023=DIRECTION('',(0.,0.,-1.));
#12024=DIRECTION('',(1.,0.,0.));
#12025=DIRECTION('',(0.,0.,-1.));
#12026=DIRECTION('',(0.,0.,1.));
#12027=DIRECTION('',(-0.809016994374947,0.587785252292473,0.));
#12028=DIRECTION('',(0.,0.,-1.));
#12029=DIRECTION('',(0.,0.,-1.));
#12030=DIRECTION('',(1.,0.,0.));
#12031=DIRECTION('',(0.,0.,-1.));
#12032=DIRECTION('',(0.,0.,1.));
#12033=DIRECTION('',(-0.809016994374948,-0.587785252292473,0.));
#12034=DIRECTION('',(0.,0.,-1.));
#12035=DIRECTION('',(0.,0.,-1.));
#12036=DIRECTION('',(1.,0.,0.));
#12037=DIRECTION('',(0.,0.,-1.));
#12038=DIRECTION('',(0.,0.,1.));
#12039=DIRECTION('',(0.309016994374948,-0.951056516295154,0.));
#12040=DIRECTION('',(0.,0.,-1.));
#12041=DIRECTION('',(0.,0.,-1.));
#12042=DIRECTION('',(1.,0.,0.));
#12043=DIRECTION('',(0.,0.,-1.));
#12044=DIRECTION('',(0.,0.,1.));
#12045=DIRECTION('',(1.,0.,0.));
#12046=DIRECTION('',(0.,0.,-1.));
#12047=DIRECTION('',(0.,0.,1.));
#12048=DIRECTION('',(1.,0.,0.));
#12049=DIRECTION('',(0.754024202785105,0.656846634774273,0.));
#12050=DIRECTION('',(0.,0.,1.));
#12051=DIRECTION('',(1.,0.,0.));
#12052=DIRECTION('',(0.324580797293073,0.945857973497392,0.));
#12053=DIRECTION('',(0.,0.,1.));
#12054=DIRECTION('',(-0.809016994374947,0.587785252292473,0.));
#12055=DIRECTION('',(0.,0.,1.));
#12056=DIRECTION('',(1.,0.,0.));
#12057=DIRECTION('',(-0.391691979377996,0.920096404346277,0.));
#12058=DIRECTION('',(0.,0.,1.));
#12059=DIRECTION('',(1.,0.,0.));
#12060=DIRECTION('',(-0.799263406773094,0.600980870405597,0.));
#12061=DIRECTION('',(0.,0.,1.));
#12062=DIRECTION('',(-0.809016994374948,-0.587785252292473,0.));
#12063=DIRECTION('',(0.,0.,1.));
#12064=DIRECTION('',(1.,0.,0.));
#12065=DIRECTION('',(-0.99610315916143,-0.0881957839617069,0.));
#12066=DIRECTION('',(0.,0.,1.));
#12067=DIRECTION('',(1.,0.,0.));
#12068=DIRECTION('',(-0.818552748642878,-0.574431368998237,0.));
#12069=DIRECTION('',(0.,0.,1.));
#12070=DIRECTION('',(0.309016994374948,-0.951056516295154,0.));
#12071=DIRECTION('',(0.,0.,1.));
#12072=DIRECTION('',(1.,0.,0.));
#12073=DIRECTION('',(-0.223933629284914,-0.974604396499055,0.));
#12074=DIRECTION('',(0.,0.,1.));
#12075=DIRECTION('',(1.,0.,0.));
#12076=DIRECTION('',(0.293369986527146,-0.95599898065064,0.));
#12077=DIRECTION('',(0.,0.,1.));
#12078=DIRECTION('',(1.,0.,0.));
#12079=DIRECTION('',(0.,0.,1.));
#12080=DIRECTION('',(1.,0.,0.));
#12081=DIRECTION('',(0.,0.,1.));
#12082=DIRECTION('',(1.,0.,0.));
#12083=DIRECTION('',(0.857704565039234,-0.514142858659788,0.));
#12084=DIRECTION('',(0.,0.,1.));
#12085=DIRECTION('',(1.,0.,0.));
#12086=DIRECTION('',(0.999865371595753,-0.0164084942541112,0.));
#12087=DIRECTION('',(0.,0.,1.));
#12088=DIRECTION('',(1.,0.,0.));
#12089=DIRECTION('',(1.,0.,0.));
#12090=DIRECTION('',(0.,0.,-1.));
#12091=DIRECTION('',(0.,-1.,0.));
#12092=DIRECTION('',(0.,0.,-1.));
#12093=DIRECTION('',(0.,-1.,0.));
#12094=DIRECTION('',(0.,0.,-1.));
#12095=DIRECTION('',(0.,0.,-1.));
#12096=DIRECTION('',(-1.,0.,0.));
#12097=DIRECTION('',(0.,0.,1.));
#12098=DIRECTION('',(1.,0.,0.));
#12099=DIRECTION('',(0.,0.,-1.));
#12100=DIRECTION('',(0.,0.,1.));
#12101=DIRECTION('',(1.,0.,0.));
#12102=DIRECTION('',(1.,0.,0.));
#12103=DIRECTION('',(0.,0.,-1.));
#12104=DIRECTION('',(0.,-1.,0.));
#12105=DIRECTION('',(0.,0.,-1.));
#12106=DIRECTION('',(0.,-1.,0.));
#12107=DIRECTION('',(0.,0.,-1.));
#12108=DIRECTION('',(-1.,0.,0.));
#12109=DIRECTION('',(0.,0.,1.));
#12110=DIRECTION('',(1.,0.,0.));
#12111=DIRECTION('',(0.,0.,1.));
#12112=DIRECTION('',(1.,0.,0.));
#12113=DIRECTION('',(0.,0.,1.));
#12114=DIRECTION('',(1.,0.,0.));
#12115=DIRECTION('',(0.,0.,1.));
#12116=DIRECTION('',(1.,0.,0.));
#12117=DIRECTION('',(-0.920096404346277,-0.391691979377996,0.));
#12118=DIRECTION('',(0.391691979377996,-0.920096404346277,0.));
#12119=DIRECTION('',(-0.391691979377996,0.920096404346277,0.));
#12120=DIRECTION('',(0.,0.,-1.));
#12121=DIRECTION('',(-0.391691979377996,0.920096404346277,0.));
#12122=DIRECTION('',(-0.600980870405597,-0.799263406773094,0.));
#12123=DIRECTION('',(0.,0.,-1.));
#12124=DIRECTION('',(-0.799263406773094,0.600980870405597,0.));
#12125=DIRECTION('',(0.,0.,-1.));
#12126=DIRECTION('',(-0.799263406773094,0.600980870405597,0.));
#12127=DIRECTION('',(0.,0.,1.));
#12128=DIRECTION('',(-0.809016994374948,-0.587785252292473,0.));
#12129=DIRECTION('',(0.,0.,1.));
#12130=DIRECTION('',(-0.809016994374948,-0.587785252292473,0.));
#12131=DIRECTION('',(-0.799263406773094,0.600980870405597,0.));
#12132=DIRECTION('',(-0.391691979377996,0.920096404346277,0.));
#12133=DIRECTION('',(-0.799263406773093,0.600980870405597,0.));
#12134=DIRECTION('',(-0.600980870405597,-0.799263406773093,0.));
#12135=DIRECTION('',(0.799263406773093,-0.600980870405597,0.));
#12136=DIRECTION('',(0.600980870405597,0.799263406773093,0.));
#12137=DIRECTION('',(-0.391691979377996,0.920096404346277,0.));
#12138=DIRECTION('',(-0.920096404346277,-0.391691979377996,0.));
#12139=DIRECTION('',(0.391691979377996,-0.920096404346277,0.));
#12140=DIRECTION('',(0.920096404346277,0.391691979377996,0.));
#12141=DIRECTION('',(0.,0.,1.));
#12142=DIRECTION('',(1.,0.,0.));
#12143=DIRECTION('',(0.,0.,-1.));
#12144=DIRECTION('',(-1.,0.,0.));
#12145=DIRECTION('',(0.,0.,-1.));
#12146=DIRECTION('',(0.,0.,1.));
#12147=DIRECTION('',(1.,0.,0.));
#12148=DIRECTION('',(0.,0.,1.));
#12149=DIRECTION('',(1.,0.,0.));
#12150=DIRECTION('',(0.,0.,1.));
#12151=DIRECTION('',(1.,0.,0.));
#12152=DIRECTION('',(0.,0.,-1.));
#12153=DIRECTION('',(0.,0.,-1.));
#12154=DIRECTION('',(-1.,0.,0.));
#12155=DIRECTION('',(-0.656846634774273,0.754024202785105,0.));
#12156=DIRECTION('',(-0.754024202785105,-0.656846634774273,0.));
#12157=DIRECTION('',(0.754024202785105,0.656846634774273,0.));
#12158=DIRECTION('',(0.,0.,-1.));
#12159=DIRECTION('',(0.754024202785105,0.656846634774273,0.));
#12160=DIRECTION('',(-0.945857973497392,0.324580797293073,0.));
#12161=DIRECTION('',(0.,0.,-1.));
#12162=DIRECTION('',(0.324580797293073,0.945857973497392,0.));
#12163=DIRECTION('',(0.324580797293073,0.945857973497392,0.));
#12164=DIRECTION('',(0.,0.,1.));
#12165=DIRECTION('',(-0.809016994374947,0.587785252292473,0.));
#12166=DIRECTION('',(0.,0.,1.));
#12167=DIRECTION('',(-0.809016994374947,0.587785252292473,0.));
#12168=DIRECTION('',(0.324580797293073,0.945857973497392,0.));
#12169=DIRECTION('',(0.754024202785105,0.656846634774273,0.));
#12170=DIRECTION('',(0.324580797293073,0.945857973497392,0.));
#12171=DIRECTION('',(-0.945857973497392,0.324580797293073,0.));
#12172=DIRECTION('',(-0.324580797293073,-0.945857973497392,0.));
#12173=DIRECTION('',(0.945857973497392,-0.324580797293073,0.));
#12174=DIRECTION('',(0.754024202785105,0.656846634774273,0.));
#12175=DIRECTION('',(-0.656846634774273,0.754024202785105,0.));
#12176=DIRECTION('',(-0.754024202785105,-0.656846634774273,0.));
#12177=DIRECTION('',(0.656846634774273,-0.754024202785105,0.));
#12178=DIRECTION('',(0.,0.,1.));
#12179=DIRECTION('',(1.,0.,0.));
#12180=DIRECTION('',(0.,0.,1.));
#12181=DIRECTION('',(1.,0.,0.));
#12182=DIRECTION('',(0.,0.,-1.));
#12183=DIRECTION('',(0.,0.,-1.));
#12184=DIRECTION('',(-1.,0.,0.));
#12185=DIRECTION('',(0.0881957839617069,-0.996103159161429,0.));
#12186=DIRECTION('',(0.996103159161429,0.0881957839617069,0.));
#12187=DIRECTION('',(-0.99610315916143,-0.0881957839617069,0.));
#12188=DIRECTION('',(-0.99610315916143,-0.0881957839617069,0.));
#12189=DIRECTION('',(0.574431368998237,-0.818552748642878,0.));
#12190=DIRECTION('',(0.,0.,-1.));
#12191=DIRECTION('',(-0.818552748642878,-0.574431368998237,0.));
#12192=DIRECTION('',(0.,0.,-1.));
#12193=DIRECTION('',(-0.818552748642878,-0.574431368998237,0.));
#12194=DIRECTION('',(0.,0.,1.));
#12195=DIRECTION('',(0.309016994374948,-0.951056516295154,0.));
#12196=DIRECTION('',(-0.99610315916143,-0.0881957839617069,0.));
#12197=DIRECTION('',(0.,0.,1.));
#12198=DIRECTION('',(0.309016994374948,-0.951056516295154,0.));
#12199=DIRECTION('',(-0.818552748642878,-0.574431368998237,0.));
#12200=DIRECTION('',(0.99610315916143,0.0881957839617069,0.));
#12201=DIRECTION('',(-0.0881957839617069,0.996103159161429,0.));
#12202=DIRECTION('',(-0.818552748642878,-0.574431368998237,0.));
#12203=DIRECTION('',(0.574431368998237,-0.818552748642878,0.));
#12204=DIRECTION('',(0.818552748642878,0.574431368998237,0.));
#12205=DIRECTION('',(-0.574431368998237,0.818552748642878,0.));
#12206=DIRECTION('',(-0.99610315916143,-0.0881957839617069,0.));
#12207=DIRECTION('',(0.0881957839617069,-0.996103159161429,0.));
#12208=DIRECTION('',(0.,0.,1.));
#12209=DIRECTION('',(1.,0.,0.));
#12210=DIRECTION('',(0.,0.,-1.));
#12211=DIRECTION('',(-1.,0.,0.));
#12212=DIRECTION('',(0.,0.,-1.));
#12213=DIRECTION('',(0.,0.,1.));
#12214=DIRECTION('',(1.,0.,0.));
#12215=DIRECTION('',(0.974604396499055,-0.223933629284914,0.));
#12216=DIRECTION('',(0.223933629284914,0.974604396499055,0.));
#12217=DIRECTION('',(-0.223933629284914,-0.974604396499055,0.));
#12218=DIRECTION('',(0.,0.,-1.));
#12219=DIRECTION('',(-0.223933629284914,-0.974604396499055,0.));
#12220=DIRECTION('',(0.95599898065064,0.293369986527146,0.));
#12221=DIRECTION('',(0.,0.,-1.));
#12222=DIRECTION('',(0.,0.,-1.));
#12223=DIRECTION('',(0.293369986527146,-0.95599898065064,0.));
#12224=DIRECTION('',(0.293369986527146,-0.95599898065064,0.));
#12225=DIRECTION('',(0.,0.,1.));
#12226=DIRECTION('',(1.,0.,0.));
#12227=DIRECTION('',(0.,0.,1.));
#12228=DIRECTION('',(1.,0.,0.));
#12229=DIRECTION('',(0.293369986527146,-0.95599898065064,0.));
#12230=DIRECTION('',(-0.223933629284914,-0.974604396499055,0.));
#12231=DIRECTION('',(0.,0.,1.));
#12232=DIRECTION('',(1.,0.,0.));
#12233=DIRECTION('',(0.223933629284914,0.974604396499055,0.));
#12234=DIRECTION('',(-0.974604396499055,0.223933629284914,0.));
#12235=DIRECTION('',(0.158344987803077,0.689149377738704,0.707106781186548));
#12236=DIRECTION('',(0.158344987803077,0.689149377738704,-0.707106781186548));
#12237=DIRECTION('',(-0.223933629284914,-0.974604396499055,0.));
#12238=DIRECTION('',(0.974604396499055,-0.223933629284914,0.));
#12239=DIRECTION('',(-0.158344987803077,-0.689149377738704,0.707106781186548));
#12240=DIRECTION('',(-0.158344987803077,-0.689149377738704,-0.707106781186548));
#12241=DIRECTION('',(0.,0.,-1.));
#12242=DIRECTION('',(-1.,0.,0.));
#12243=DIRECTION('',(-0.293369986527146,0.95599898065064,0.));
#12244=DIRECTION('',(-0.95599898065064,-0.293369986527146,0.));
#12245=DIRECTION('',(0.293369986527146,-0.95599898065064,0.));
#12246=DIRECTION('',(0.95599898065064,0.293369986527146,0.));
#12247=DIRECTION('',(0.,0.,1.));
#12248=DIRECTION('',(1.,0.,0.));
#12249=DIRECTION('',(0.,0.,1.));
#12250=DIRECTION('',(1.,0.,0.));
#12251=DIRECTION('',(0.,0.,-1.));
#12252=DIRECTION('',(-1.,0.,0.));
#12253=DIRECTION('',(0.,0.,-1.));
#12254=DIRECTION('',(0.514142858659788,0.857704565039234,0.));
#12255=DIRECTION('',(-0.857704565039234,0.514142858659788,0.));
#12256=DIRECTION('',(0.857704565039234,-0.514142858659788,0.));
#12257=DIRECTION('',(0.857704565039234,-0.514142858659788,0.));
#12258=DIRECTION('',(0.0164084942541112,0.999865371595753,0.));
#12259=DIRECTION('',(0.,0.,-1.));
#12260=DIRECTION('',(0.999865371595753,-0.0164084942541112,0.));
#12261=DIRECTION('',(0.999865371595753,-0.0164084942541112,0.));
#12262=DIRECTION('',(0.,0.,1.));
#12263=DIRECTION('',(0.309016994374948,0.951056516295154,0.));
#12264=DIRECTION('',(0.857704565039234,-0.514142858659788,0.));
#12265=DIRECTION('',(0.,0.,-1.));
#12266=DIRECTION('',(-1.,0.,0.));
#12267=DIRECTION('',(0.999865371595753,-0.0164084942541112,0.));
#12268=DIRECTION('',(-0.857704565039234,0.514142858659788,0.));
#12269=DIRECTION('',(-0.514142858659788,-0.857704565039234,0.));
#12270=DIRECTION('',(0.999865371595753,-0.0164084942541112,0.));
#12271=DIRECTION('',(0.0164084942541112,0.999865371595753,0.));
#12272=DIRECTION('',(-0.999865371595753,0.0164084942541112,0.));
#12273=DIRECTION('',(-0.0164084942541112,-0.999865371595753,0.));
#12274=DIRECTION('',(0.857704565039234,-0.514142858659788,0.));
#12275=DIRECTION('',(0.514142858659788,0.857704565039234,0.));
#12276=DIRECTION('',(0.,0.,1.));
#12277=DIRECTION('',(1.,0.,0.));
#12278=DIRECTION('',(0.,0.,1.));
#12279=DIRECTION('',(1.,0.,0.));
#12280=DIRECTION('',(0.,0.,1.));
#12281=DIRECTION('',(1.,0.,0.));
#12282=DIRECTION('',(0.,0.,1.));
#12283=DIRECTION('',(1.,0.,0.));
#12284=DIRECTION('',(0.,0.,-1.));
#12285=DIRECTION('',(-1.,0.,0.));
#12286=DIRECTION('',(0.,0.,-1.));
#12287=DIRECTION('',(-1.,0.,0.));
#12288=DIRECTION('',(0.,0.,-1.));
#12289=DIRECTION('',(1.,0.,0.));
#12290=DIRECTION('',(0.,0.,-1.));
#12291=DIRECTION('',(-1.,0.,0.));
#12292=DIRECTION('',(0.,0.,-1.));
#12293=DIRECTION('',(1.,0.,0.));
#12294=DIRECTION('',(0.,0.,-1.));
#12295=DIRECTION('',(-1.,0.,0.));
#12296=DIRECTION('',(0.,0.,-1.));
#12297=DIRECTION('',(1.,0.,0.));
#12298=DIRECTION('',(0.,0.,-1.));
#12299=DIRECTION('',(-1.,0.,0.));
#12300=DIRECTION('',(0.,0.,-1.));
#12301=DIRECTION('',(1.,0.,0.));
#12302=DIRECTION('',(0.,0.,-1.));
#12303=DIRECTION('',(-1.,0.,0.));
#12304=DIRECTION('',(0.,0.,-1.));
#12305=DIRECTION('',(1.,0.,0.));
#12306=DIRECTION('',(0.,0.,-1.));
#12307=DIRECTION('',(1.,0.,0.));
#12308=DIRECTION('',(0.,0.,1.));
#12309=DIRECTION('',(1.,0.,0.));
#12310=DIRECTION('',(0.,0.,1.));
#12311=DIRECTION('',(1.,0.,0.));
#12312=DIRECTION('',(0.,0.,1.));
#12313=DIRECTION('',(1.,0.,0.));
#12314=DIRECTION('',(0.,0.,-1.));
#12315=DIRECTION('',(-1.,0.,0.));
#12316=DIRECTION('',(0.,0.,1.));
#12317=DIRECTION('',(1.,0.,0.));
#12318=DIRECTION('',(0.,0.,1.));
#12319=DIRECTION('',(1.,0.,0.));
#12320=DIRECTION('',(0.,0.,1.));
#12321=DIRECTION('',(1.,0.,0.));
#12322=DIRECTION('',(0.,0.,1.));
#12323=DIRECTION('',(1.,0.,0.));
#12324=DIRECTION('',(0.,0.,-1.));
#12325=DIRECTION('',(-1.,0.,0.));
#12326=DIRECTION('',(0.,0.,1.));
#12327=DIRECTION('',(1.,0.,0.));
#12328=DIRECTION('',(0.,0.,1.));
#12329=DIRECTION('',(1.,0.,0.));
#12330=DIRECTION('',(0.754024202785105,0.656846634774273,0.));
#12331=DIRECTION('',(0.,0.,1.));
#12332=DIRECTION('',(1.,0.,0.));
#12333=DIRECTION('',(0.324580797293073,0.945857973497392,0.));
#12334=DIRECTION('',(0.,0.,1.));
#12335=DIRECTION('',(-0.809016994374947,0.587785252292473,0.));
#12336=DIRECTION('',(0.,0.,1.));
#12337=DIRECTION('',(1.,0.,0.));
#12338=DIRECTION('',(-0.391691979377996,0.920096404346277,0.));
#12339=DIRECTION('',(0.,0.,1.));
#12340=DIRECTION('',(1.,0.,0.));
#12341=DIRECTION('',(-0.799263406773094,0.600980870405597,0.));
#12342=DIRECTION('',(0.,0.,1.));
#12343=DIRECTION('',(-0.809016994374948,-0.587785252292473,0.));
#12344=DIRECTION('',(0.,0.,1.));
#12345=DIRECTION('',(1.,0.,0.));
#12346=DIRECTION('',(-0.99610315916143,-0.0881957839617069,0.));
#12347=DIRECTION('',(0.,0.,1.));
#12348=DIRECTION('',(1.,0.,0.));
#12349=DIRECTION('',(-0.818552748642878,-0.574431368998237,0.));
#12350=DIRECTION('',(0.,0.,1.));
#12351=DIRECTION('',(0.309016994374948,-0.951056516295154,0.));
#12352=DIRECTION('',(0.,0.,1.));
#12353=DIRECTION('',(1.,0.,0.));
#12354=DIRECTION('',(-0.223933629284914,-0.974604396499055,0.));
#12355=DIRECTION('',(0.,0.,1.));
#12356=DIRECTION('',(1.,0.,0.));
#12357=DIRECTION('',(0.293369986527146,-0.95599898065064,0.));
#12358=DIRECTION('',(0.,0.,1.));
#12359=DIRECTION('',(1.,0.,0.));
#12360=DIRECTION('',(0.,0.,1.));
#12361=DIRECTION('',(1.,0.,0.));
#12362=DIRECTION('',(0.,0.,-1.));
#12363=DIRECTION('',(-1.,0.,0.));
#12364=DIRECTION('',(0.,0.,1.));
#12365=DIRECTION('',(1.,0.,0.));
#12366=DIRECTION('',(0.,0.,-1.));
#12367=DIRECTION('',(0.,0.,1.));
#12368=DIRECTION('',(-0.809016994374948,-0.587785252292473,0.));
#12369=DIRECTION('',(0.,0.,-1.));
#12370=DIRECTION('',(0.,0.,1.));
#12371=DIRECTION('',(1.,0.,0.));
#12372=DIRECTION('',(0.,0.,-1.));
#12373=DIRECTION('',(0.,0.,1.));
#12374=DIRECTION('',(0.309016994374948,-0.951056516295154,0.));
#12375=DIRECTION('',(0.,0.,-1.));
#12376=DIRECTION('',(0.,0.,1.));
#12377=DIRECTION('',(1.,0.,0.));
#12378=DIRECTION('',(0.,0.,-1.));
#12379=DIRECTION('',(0.,0.,1.));
#12380=DIRECTION('',(1.,0.,0.));
#12381=DIRECTION('',(0.,0.,-1.));
#12382=DIRECTION('',(0.,0.,1.));
#12383=DIRECTION('',(1.,0.,0.));
#12384=DIRECTION('',(0.,0.,-1.));
#12385=DIRECTION('',(0.,0.,1.));
#12386=DIRECTION('',(0.309016994374948,0.951056516295154,0.));
#12387=DIRECTION('',(0.,0.,-1.));
#12388=DIRECTION('',(0.,0.,1.));
#12389=DIRECTION('',(1.,0.,0.));
#12390=DIRECTION('',(0.,0.,-1.));
#12391=DIRECTION('',(0.,0.,1.));
#12392=DIRECTION('',(-0.809016994374947,0.587785252292473,0.));
#12393=DIRECTION('',(0.,0.,-1.));
#12394=DIRECTION('',(0.,0.,1.));
#12395=DIRECTION('',(1.,0.,0.));
#12396=DIRECTION('',(0.,0.,1.));
#12397=DIRECTION('',(1.,0.,0.));
#12398=DIRECTION('',(0.857704565039234,-0.514142858659788,0.));
#12399=DIRECTION('',(0.,0.,1.));
#12400=DIRECTION('',(1.,0.,0.));
#12401=DIRECTION('',(0.999865371595753,-0.0164084942541112,0.));
#12402=DIRECTION('',(0.,0.,1.));
#12403=DIRECTION('',(1.,0.,0.));
#12404=DIRECTION('',(1.,0.,0.));
#12405=DIRECTION('',(0.,0.,-1.));
#12406=DIRECTION('',(0.,-1.,0.));
#12407=DIRECTION('',(0.,0.,-1.));
#12408=DIRECTION('',(0.,-1.,0.));
#12409=DIRECTION('',(0.,0.,-1.));
#12410=DIRECTION('',(0.,0.,-1.));
#12411=DIRECTION('',(-1.,0.,0.));
#12412=DIRECTION('',(0.,0.,1.));
#12413=DIRECTION('',(1.,0.,0.));
#12414=DIRECTION('',(0.,0.,-1.));
#12415=DIRECTION('',(0.,0.,1.));
#12416=DIRECTION('',(1.,0.,0.));
#12417=DIRECTION('',(1.,0.,0.));
#12418=DIRECTION('',(0.,0.,-1.));
#12419=DIRECTION('',(0.,-1.,0.));
#12420=DIRECTION('',(0.,0.,-1.));
#12421=DIRECTION('',(0.,-1.,0.));
#12422=DIRECTION('',(0.,0.,-1.));
#12423=DIRECTION('',(-1.,0.,0.));
#12424=DIRECTION('',(0.,0.,1.));
#12425=DIRECTION('',(1.,0.,0.));
#12426=DIRECTION('',(0.,0.,1.));
#12427=DIRECTION('',(1.,0.,0.));
#12428=DIRECTION('',(0.,0.,1.));
#12429=DIRECTION('',(1.,0.,0.));
#12430=DIRECTION('',(0.,0.,1.));
#12431=DIRECTION('',(1.,0.,0.));
#12432=DIRECTION('',(-0.920096404346277,-0.391691979377996,0.));
#12433=DIRECTION('',(0.391691979377996,-0.920096404346277,0.));
#12434=DIRECTION('',(-0.391691979377996,0.920096404346277,0.));
#12435=DIRECTION('',(0.,0.,-1.));
#12436=DIRECTION('',(-0.391691979377996,0.920096404346277,0.));
#12437=DIRECTION('',(-0.600980870405597,-0.799263406773094,0.));
#12438=DIRECTION('',(0.,0.,-1.));
#12439=DIRECTION('',(-0.799263406773094,0.600980870405597,0.));
#12440=DIRECTION('',(0.,0.,-1.));
#12441=DIRECTION('',(-0.799263406773094,0.600980870405597,0.));
#12442=DIRECTION('',(0.,0.,1.));
#12443=DIRECTION('',(-0.809016994374948,-0.587785252292473,0.));
#12444=DIRECTION('',(0.,0.,1.));
#12445=DIRECTION('',(-0.809016994374948,-0.587785252292473,0.));
#12446=DIRECTION('',(-0.799263406773094,0.600980870405597,0.));
#12447=DIRECTION('',(-0.391691979377996,0.920096404346277,0.));
#12448=DIRECTION('',(-0.799263406773093,0.600980870405597,0.));
#12449=DIRECTION('',(-0.600980870405597,-0.799263406773093,0.));
#12450=DIRECTION('',(0.799263406773093,-0.600980870405597,0.));
#12451=DIRECTION('',(0.600980870405597,0.799263406773093,0.));
#12452=DIRECTION('',(-0.391691979377996,0.920096404346277,0.));
#12453=DIRECTION('',(-0.920096404346277,-0.391691979377996,0.));
#12454=DIRECTION('',(0.391691979377996,-0.920096404346277,0.));
#12455=DIRECTION('',(0.920096404346277,0.391691979377996,0.));
#12456=DIRECTION('',(0.,0.,1.));
#12457=DIRECTION('',(1.,0.,0.));
#12458=DIRECTION('',(0.,0.,-1.));
#12459=DIRECTION('',(-1.,0.,0.));
#12460=DIRECTION('',(0.,0.,-1.));
#12461=DIRECTION('',(0.,0.,1.));
#12462=DIRECTION('',(1.,0.,0.));
#12463=DIRECTION('',(0.,0.,1.));
#12464=DIRECTION('',(1.,0.,0.));
#12465=DIRECTION('',(0.,0.,1.));
#12466=DIRECTION('',(1.,0.,0.));
#12467=DIRECTION('',(0.,0.,-1.));
#12468=DIRECTION('',(0.,0.,-1.));
#12469=DIRECTION('',(-1.,0.,0.));
#12470=DIRECTION('',(-0.656846634774273,0.754024202785105,0.));
#12471=DIRECTION('',(-0.754024202785105,-0.656846634774273,0.));
#12472=DIRECTION('',(0.754024202785105,0.656846634774273,0.));
#12473=DIRECTION('',(0.,0.,-1.));
#12474=DIRECTION('',(0.754024202785105,0.656846634774273,0.));
#12475=DIRECTION('',(-0.945857973497392,0.324580797293073,0.));
#12476=DIRECTION('',(0.,0.,-1.));
#12477=DIRECTION('',(0.324580797293073,0.945857973497392,0.));
#12478=DIRECTION('',(0.324580797293073,0.945857973497392,0.));
#12479=DIRECTION('',(0.,0.,1.));
#12480=DIRECTION('',(-0.809016994374947,0.587785252292473,0.));
#12481=DIRECTION('',(0.,0.,1.));
#12482=DIRECTION('',(-0.809016994374947,0.587785252292473,0.));
#12483=DIRECTION('',(0.324580797293073,0.945857973497392,0.));
#12484=DIRECTION('',(0.754024202785105,0.656846634774273,0.));
#12485=DIRECTION('',(0.324580797293073,0.945857973497392,0.));
#12486=DIRECTION('',(-0.945857973497392,0.324580797293073,0.));
#12487=DIRECTION('',(-0.324580797293073,-0.945857973497392,0.));
#12488=DIRECTION('',(0.945857973497392,-0.324580797293073,0.));
#12489=DIRECTION('',(0.754024202785105,0.656846634774273,0.));
#12490=DIRECTION('',(-0.656846634774273,0.754024202785105,0.));
#12491=DIRECTION('',(-0.754024202785105,-0.656846634774273,0.));
#12492=DIRECTION('',(0.656846634774273,-0.754024202785105,0.));
#12493=DIRECTION('',(0.,0.,1.));
#12494=DIRECTION('',(1.,0.,0.));
#12495=DIRECTION('',(0.,0.,1.));
#12496=DIRECTION('',(1.,0.,0.));
#12497=DIRECTION('',(0.,0.,-1.));
#12498=DIRECTION('',(0.,0.,-1.));
#12499=DIRECTION('',(-1.,0.,0.));
#12500=DIRECTION('',(0.0881957839617069,-0.996103159161429,0.));
#12501=DIRECTION('',(0.996103159161429,0.0881957839617069,0.));
#12502=DIRECTION('',(-0.99610315916143,-0.0881957839617069,0.));
#12503=DIRECTION('',(-0.99610315916143,-0.0881957839617069,0.));
#12504=DIRECTION('',(0.574431368998237,-0.818552748642878,0.));
#12505=DIRECTION('',(0.,0.,-1.));
#12506=DIRECTION('',(-0.818552748642878,-0.574431368998237,0.));
#12507=DIRECTION('',(0.,0.,-1.));
#12508=DIRECTION('',(-0.818552748642878,-0.574431368998237,0.));
#12509=DIRECTION('',(0.,0.,1.));
#12510=DIRECTION('',(0.309016994374948,-0.951056516295154,0.));
#12511=DIRECTION('',(-0.99610315916143,-0.0881957839617069,0.));
#12512=DIRECTION('',(0.,0.,1.));
#12513=DIRECTION('',(0.309016994374948,-0.951056516295154,0.));
#12514=DIRECTION('',(-0.818552748642878,-0.574431368998237,0.));
#12515=DIRECTION('',(0.99610315916143,0.0881957839617069,0.));
#12516=DIRECTION('',(-0.0881957839617069,0.996103159161429,0.));
#12517=DIRECTION('',(-0.818552748642878,-0.574431368998237,0.));
#12518=DIRECTION('',(0.574431368998237,-0.818552748642878,0.));
#12519=DIRECTION('',(0.818552748642878,0.574431368998237,0.));
#12520=DIRECTION('',(-0.574431368998237,0.818552748642878,0.));
#12521=DIRECTION('',(-0.99610315916143,-0.0881957839617069,0.));
#12522=DIRECTION('',(0.0881957839617069,-0.996103159161429,0.));
#12523=DIRECTION('',(0.,0.,1.));
#12524=DIRECTION('',(1.,0.,0.));
#12525=DIRECTION('',(0.,0.,-1.));
#12526=DIRECTION('',(-1.,0.,0.));
#12527=DIRECTION('',(0.,0.,-1.));
#12528=DIRECTION('',(0.,0.,1.));
#12529=DIRECTION('',(1.,0.,0.));
#12530=DIRECTION('',(0.974604396499055,-0.223933629284914,0.));
#12531=DIRECTION('',(0.223933629284914,0.974604396499055,0.));
#12532=DIRECTION('',(-0.223933629284914,-0.974604396499055,0.));
#12533=DIRECTION('',(0.,0.,-1.));
#12534=DIRECTION('',(-0.223933629284914,-0.974604396499055,0.));
#12535=DIRECTION('',(0.95599898065064,0.293369986527146,0.));
#12536=DIRECTION('',(0.,0.,-1.));
#12537=DIRECTION('',(0.,0.,-1.));
#12538=DIRECTION('',(0.293369986527146,-0.95599898065064,0.));
#12539=DIRECTION('',(0.293369986527146,-0.95599898065064,0.));
#12540=DIRECTION('',(0.,0.,1.));
#12541=DIRECTION('',(1.,0.,0.));
#12542=DIRECTION('',(0.,0.,1.));
#12543=DIRECTION('',(1.,0.,0.));
#12544=DIRECTION('',(0.293369986527146,-0.95599898065064,0.));
#12545=DIRECTION('',(-0.223933629284914,-0.974604396499055,0.));
#12546=DIRECTION('',(0.,0.,1.));
#12547=DIRECTION('',(1.,0.,0.));
#12548=DIRECTION('',(0.223933629284914,0.974604396499055,0.));
#12549=DIRECTION('',(-0.974604396499055,0.223933629284914,0.));
#12550=DIRECTION('',(0.158344987803077,0.689149377738704,0.707106781186548));
#12551=DIRECTION('',(0.158344987803077,0.689149377738704,-0.707106781186548));
#12552=DIRECTION('',(-0.223933629284914,-0.974604396499055,0.));
#12553=DIRECTION('',(0.974604396499055,-0.223933629284914,0.));
#12554=DIRECTION('',(-0.158344987803077,-0.689149377738704,0.707106781186548));
#12555=DIRECTION('',(-0.158344987803077,-0.689149377738704,-0.707106781186548));
#12556=DIRECTION('',(0.,0.,-1.));
#12557=DIRECTION('',(-1.,0.,0.));
#12558=DIRECTION('',(-0.293369986527146,0.95599898065064,0.));
#12559=DIRECTION('',(-0.95599898065064,-0.293369986527146,0.));
#12560=DIRECTION('',(0.293369986527146,-0.95599898065064,0.));
#12561=DIRECTION('',(0.95599898065064,0.293369986527146,0.));
#12562=DIRECTION('',(0.,0.,1.));
#12563=DIRECTION('',(1.,0.,0.));
#12564=DIRECTION('',(0.,0.,1.));
#12565=DIRECTION('',(1.,0.,0.));
#12566=DIRECTION('',(0.,0.,-1.));
#12567=DIRECTION('',(-1.,0.,0.));
#12568=DIRECTION('',(0.,0.,-1.));
#12569=DIRECTION('',(0.514142858659788,0.857704565039234,0.));
#12570=DIRECTION('',(-0.857704565039234,0.514142858659788,0.));
#12571=DIRECTION('',(0.857704565039234,-0.514142858659788,0.));
#12572=DIRECTION('',(0.857704565039234,-0.514142858659788,0.));
#12573=DIRECTION('',(0.0164084942541112,0.999865371595753,0.));
#12574=DIRECTION('',(0.,0.,-1.));
#12575=DIRECTION('',(0.999865371595753,-0.0164084942541112,0.));
#12576=DIRECTION('',(0.999865371595753,-0.0164084942541112,0.));
#12577=DIRECTION('',(0.,0.,1.));
#12578=DIRECTION('',(0.309016994374948,0.951056516295154,0.));
#12579=DIRECTION('',(0.857704565039234,-0.514142858659788,0.));
#12580=DIRECTION('',(0.,0.,-1.));
#12581=DIRECTION('',(-1.,0.,0.));
#12582=DIRECTION('',(0.999865371595753,-0.0164084942541112,0.));
#12583=DIRECTION('',(-0.857704565039234,0.514142858659788,0.));
#12584=DIRECTION('',(-0.514142858659788,-0.857704565039234,0.));
#12585=DIRECTION('',(0.999865371595753,-0.0164084942541112,0.));
#12586=DIRECTION('',(0.0164084942541112,0.999865371595753,0.));
#12587=DIRECTION('',(-0.999865371595753,0.0164084942541112,0.));
#12588=DIRECTION('',(-0.0164084942541112,-0.999865371595753,0.));
#12589=DIRECTION('',(0.857704565039234,-0.514142858659788,0.));
#12590=DIRECTION('',(0.514142858659788,0.857704565039234,0.));
#12591=DIRECTION('',(0.,0.,1.));
#12592=DIRECTION('',(1.,0.,0.));
#12593=DIRECTION('',(0.,0.,1.));
#12594=DIRECTION('',(1.,0.,0.));
#12595=DIRECTION('',(0.,0.,1.));
#12596=DIRECTION('',(1.,0.,0.));
#12597=DIRECTION('',(0.,0.,1.));
#12598=DIRECTION('',(1.,0.,0.));
#12599=DIRECTION('',(0.,0.,-1.));
#12600=DIRECTION('',(-1.,0.,0.));
#12601=DIRECTION('',(0.,0.,-1.));
#12602=DIRECTION('',(-1.,0.,0.));
#12603=DIRECTION('',(0.,0.,1.));
#12604=DIRECTION('',(1.,0.,0.));
#12605=DIRECTION('',(0.,0.,-1.));
#12606=DIRECTION('',(-1.,0.,0.));
#12607=DIRECTION('',(0.,0.,1.));
#12608=DIRECTION('',(1.,0.,0.));
#12609=DIRECTION('',(0.,0.,-1.));
#12610=DIRECTION('',(-1.,0.,0.));
#12611=DIRECTION('',(0.,0.,1.));
#12612=DIRECTION('',(1.,0.,0.));
#12613=DIRECTION('',(0.,0.,-1.));
#12614=DIRECTION('',(-1.,0.,0.));
#12615=DIRECTION('',(0.,0.,1.));
#12616=DIRECTION('',(1.,0.,0.));
#12617=DIRECTION('',(0.,0.,-1.));
#12618=DIRECTION('',(-1.,0.,0.));
#12619=DIRECTION('',(0.,0.,1.));
#12620=DIRECTION('',(1.,0.,0.));
#12621=DIRECTION('',(0.,0.,-1.));
#12622=DIRECTION('',(1.,0.,0.));
#12623=DIRECTION('',(0.,0.,1.));
#12624=DIRECTION('',(1.,0.,0.));
#12625=DIRECTION('',(0.,0.,-1.));
#12626=DIRECTION('',(-1.,0.,0.));
#12627=DIRECTION('',(0.,0.,1.));
#12628=DIRECTION('',(1.,0.,0.));
#12629=DIRECTION('',(0.,0.,-1.));
#12630=DIRECTION('',(0.,0.,1.));
#12631=DIRECTION('',(-0.809016994374948,-0.587785252292473,0.));
#12632=DIRECTION('',(0.,0.,-1.));
#12633=DIRECTION('',(0.,0.,1.));
#12634=DIRECTION('',(1.,0.,0.));
#12635=DIRECTION('',(0.,0.,-1.));
#12636=DIRECTION('',(0.,0.,1.));
#12637=DIRECTION('',(0.309016994374948,-0.951056516295154,0.));
#12638=DIRECTION('',(0.,0.,-1.));
#12639=DIRECTION('',(0.,0.,1.));
#12640=DIRECTION('',(1.,0.,0.));
#12641=DIRECTION('',(0.,0.,-1.));
#12642=DIRECTION('',(0.,0.,1.));
#12643=DIRECTION('',(1.,0.,0.));
#12644=DIRECTION('',(0.,0.,-1.));
#12645=DIRECTION('',(0.,0.,1.));
#12646=DIRECTION('',(1.,0.,0.));
#12647=DIRECTION('',(0.,0.,-1.));
#12648=DIRECTION('',(0.,0.,1.));
#12649=DIRECTION('',(0.309016994374948,0.951056516295154,0.));
#12650=DIRECTION('',(0.,0.,-1.));
#12651=DIRECTION('',(0.,0.,1.));
#12652=DIRECTION('',(1.,0.,0.));
#12653=DIRECTION('',(0.,0.,-1.));
#12654=DIRECTION('',(0.,0.,1.));
#12655=DIRECTION('',(-0.809016994374947,0.587785252292473,0.));
#12656=DIRECTION('',(0.,0.,-1.));
#12657=DIRECTION('',(0.,0.,1.));
#12658=DIRECTION('',(1.,0.,0.));
#12659=DIRECTION('',(0.,0.,1.));
#12660=DIRECTION('',(1.,0.,0.));
#12661=DIRECTION('',(0.857704565039234,-0.514142858659788,0.));
#12662=DIRECTION('',(0.293369986527146,-0.95599898065064,0.));
#12663=DIRECTION('',(0.,0.,1.));
#12664=DIRECTION('',(1.,0.,0.));
#12665=DIRECTION('',(0.,0.,1.));
#12666=DIRECTION('',(1.,0.,0.));
#12667=DIRECTION('',(-0.223933629284914,-0.974604396499055,0.));
#12668=DIRECTION('',(-0.818552748642878,-0.574431368998237,0.));
#12669=DIRECTION('',(0.,0.,1.));
#12670=DIRECTION('',(0.309016994374948,-0.951056516295154,0.));
#12671=DIRECTION('',(-0.99610315916143,-0.0881957839617069,0.));
#12672=DIRECTION('',(-0.799263406773094,0.600980870405597,0.));
#12673=DIRECTION('',(0.,0.,1.));
#12674=DIRECTION('',(-0.809016994374948,-0.587785252292473,0.));
#12675=DIRECTION('',(-0.391691979377996,0.920096404346277,0.));
#12676=DIRECTION('',(0.324580797293073,0.945857973497392,0.));
#12677=DIRECTION('',(0.,0.,1.));
#12678=DIRECTION('',(-0.809016994374947,0.587785252292473,0.));
#12679=DIRECTION('',(0.754024202785105,0.656846634774273,0.));
#12680=DIRECTION('',(0.999865371595753,-0.0164084942541112,0.));
#12681=DIRECTION('',(0.,0.,1.));
#12682=DIRECTION('',(1.,0.,0.));
#12683=DIRECTION('',(1.,0.,0.));
#12684=DIRECTION('',(0.,0.,-1.));
#12685=DIRECTION('',(0.,-1.,0.));
#12686=DIRECTION('',(0.,0.,-1.));
#12687=DIRECTION('',(0.,-1.,0.));
#12688=DIRECTION('',(0.,0.,-1.));
#12689=DIRECTION('',(0.,0.,-1.));
#12690=DIRECTION('',(-1.,0.,0.));
#12691=DIRECTION('',(0.,0.,1.));
#12692=DIRECTION('',(1.,0.,0.));
#12693=DIRECTION('',(0.,0.,-1.));
#12694=DIRECTION('',(0.,0.,1.));
#12695=DIRECTION('',(1.,0.,0.));
#12696=DIRECTION('',(1.,0.,0.));
#12697=DIRECTION('',(0.,0.,-1.));
#12698=DIRECTION('',(0.,-1.,0.));
#12699=DIRECTION('',(0.,0.,-1.));
#12700=DIRECTION('',(0.,-1.,0.));
#12701=DIRECTION('',(0.,0.,-1.));
#12702=DIRECTION('',(-1.,0.,0.));
#12703=DIRECTION('',(0.,0.,1.));
#12704=DIRECTION('',(1.,0.,0.));
#12705=DIRECTION('',(0.,0.,1.));
#12706=DIRECTION('',(1.,0.,0.));
#12707=DIRECTION('',(0.,0.,1.));
#12708=DIRECTION('',(1.,0.,0.));
#12709=DIRECTION('',(0.,0.,1.));
#12710=DIRECTION('',(1.,0.,0.));
#12711=DIRECTION('',(-0.920096404346277,-0.391691979377996,0.));
#12712=DIRECTION('',(0.391691979377996,-0.920096404346277,0.));
#12713=DIRECTION('',(-0.391691979377996,0.920096404346277,0.));
#12714=DIRECTION('',(0.,0.,-1.));
#12715=DIRECTION('',(-0.391691979377996,0.920096404346277,0.));
#12716=DIRECTION('',(-0.600980870405597,-0.799263406773094,0.));
#12717=DIRECTION('',(0.,0.,-1.));
#12718=DIRECTION('',(-0.799263406773094,0.600980870405597,0.));
#12719=DIRECTION('',(0.,0.,-1.));
#12720=DIRECTION('',(-0.799263406773094,0.600980870405597,0.));
#12721=DIRECTION('',(0.,0.,1.));
#12722=DIRECTION('',(-0.809016994374948,-0.587785252292473,0.));
#12723=DIRECTION('',(0.,0.,1.));
#12724=DIRECTION('',(-0.809016994374948,-0.587785252292473,0.));
#12725=DIRECTION('',(-0.799263406773094,0.600980870405597,0.));
#12726=DIRECTION('',(-0.391691979377996,0.920096404346277,0.));
#12727=DIRECTION('',(-0.799263406773093,0.600980870405597,0.));
#12728=DIRECTION('',(-0.600980870405597,-0.799263406773093,0.));
#12729=DIRECTION('',(0.799263406773093,-0.600980870405597,0.));
#12730=DIRECTION('',(0.600980870405597,0.799263406773093,0.));
#12731=DIRECTION('',(-0.391691979377996,0.920096404346277,0.));
#12732=DIRECTION('',(-0.920096404346277,-0.391691979377996,0.));
#12733=DIRECTION('',(0.391691979377996,-0.920096404346277,0.));
#12734=DIRECTION('',(0.920096404346277,0.391691979377996,0.));
#12735=DIRECTION('',(0.,0.,1.));
#12736=DIRECTION('',(1.,0.,0.));
#12737=DIRECTION('',(0.,0.,-1.));
#12738=DIRECTION('',(-1.,0.,0.));
#12739=DIRECTION('',(0.,0.,-1.));
#12740=DIRECTION('',(0.,0.,1.));
#12741=DIRECTION('',(1.,0.,0.));
#12742=DIRECTION('',(0.,0.,1.));
#12743=DIRECTION('',(1.,0.,0.));
#12744=DIRECTION('',(0.,0.,1.));
#12745=DIRECTION('',(1.,0.,0.));
#12746=DIRECTION('',(0.,0.,-1.));
#12747=DIRECTION('',(0.,0.,-1.));
#12748=DIRECTION('',(-1.,0.,0.));
#12749=DIRECTION('',(-0.656846634774273,0.754024202785105,0.));
#12750=DIRECTION('',(-0.754024202785105,-0.656846634774273,0.));
#12751=DIRECTION('',(0.754024202785105,0.656846634774273,0.));
#12752=DIRECTION('',(0.,0.,-1.));
#12753=DIRECTION('',(0.754024202785105,0.656846634774273,0.));
#12754=DIRECTION('',(-0.945857973497392,0.324580797293073,0.));
#12755=DIRECTION('',(0.,0.,-1.));
#12756=DIRECTION('',(0.324580797293073,0.945857973497392,0.));
#12757=DIRECTION('',(0.324580797293073,0.945857973497392,0.));
#12758=DIRECTION('',(0.,0.,1.));
#12759=DIRECTION('',(-0.809016994374947,0.587785252292473,0.));
#12760=DIRECTION('',(0.,0.,1.));
#12761=DIRECTION('',(-0.809016994374947,0.587785252292473,0.));
#12762=DIRECTION('',(0.324580797293073,0.945857973497392,0.));
#12763=DIRECTION('',(0.754024202785105,0.656846634774273,0.));
#12764=DIRECTION('',(0.324580797293073,0.945857973497392,0.));
#12765=DIRECTION('',(-0.945857973497392,0.324580797293073,0.));
#12766=DIRECTION('',(-0.324580797293073,-0.945857973497392,0.));
#12767=DIRECTION('',(0.945857973497392,-0.324580797293073,0.));
#12768=DIRECTION('',(0.754024202785105,0.656846634774273,0.));
#12769=DIRECTION('',(-0.656846634774273,0.754024202785105,0.));
#12770=DIRECTION('',(-0.754024202785105,-0.656846634774273,0.));
#12771=DIRECTION('',(0.656846634774273,-0.754024202785105,0.));
#12772=DIRECTION('',(0.,0.,1.));
#12773=DIRECTION('',(1.,0.,0.));
#12774=DIRECTION('',(0.,0.,1.));
#12775=DIRECTION('',(1.,0.,0.));
#12776=DIRECTION('',(0.,0.,-1.));
#12777=DIRECTION('',(0.,0.,-1.));
#12778=DIRECTION('',(-1.,0.,0.));
#12779=DIRECTION('',(0.0881957839617069,-0.996103159161429,0.));
#12780=DIRECTION('',(0.996103159161429,0.0881957839617069,0.));
#12781=DIRECTION('',(-0.99610315916143,-0.0881957839617069,0.));
#12782=DIRECTION('',(-0.99610315916143,-0.0881957839617069,0.));
#12783=DIRECTION('',(0.574431368998237,-0.818552748642878,0.));
#12784=DIRECTION('',(0.,0.,-1.));
#12785=DIRECTION('',(-0.818552748642878,-0.574431368998237,0.));
#12786=DIRECTION('',(0.,0.,-1.));
#12787=DIRECTION('',(-0.818552748642878,-0.574431368998237,0.));
#12788=DIRECTION('',(0.,0.,1.));
#12789=DIRECTION('',(0.309016994374948,-0.951056516295154,0.));
#12790=DIRECTION('',(-0.99610315916143,-0.0881957839617069,0.));
#12791=DIRECTION('',(0.,0.,1.));
#12792=DIRECTION('',(0.309016994374948,-0.951056516295154,0.));
#12793=DIRECTION('',(-0.818552748642878,-0.574431368998237,0.));
#12794=DIRECTION('',(0.99610315916143,0.0881957839617069,0.));
#12795=DIRECTION('',(-0.0881957839617069,0.996103159161429,0.));
#12796=DIRECTION('',(-0.818552748642878,-0.574431368998237,0.));
#12797=DIRECTION('',(0.574431368998237,-0.818552748642878,0.));
#12798=DIRECTION('',(0.818552748642878,0.574431368998237,0.));
#12799=DIRECTION('',(-0.574431368998237,0.818552748642878,0.));
#12800=DIRECTION('',(-0.99610315916143,-0.0881957839617069,0.));
#12801=DIRECTION('',(0.0881957839617069,-0.996103159161429,0.));
#12802=DIRECTION('',(0.,0.,1.));
#12803=DIRECTION('',(1.,0.,0.));
#12804=DIRECTION('',(0.,0.,-1.));
#12805=DIRECTION('',(-1.,0.,0.));
#12806=DIRECTION('',(0.,0.,-1.));
#12807=DIRECTION('',(0.,0.,1.));
#12808=DIRECTION('',(1.,0.,0.));
#12809=DIRECTION('',(0.974604396499055,-0.223933629284914,0.));
#12810=DIRECTION('',(0.223933629284914,0.974604396499055,0.));
#12811=DIRECTION('',(-0.223933629284914,-0.974604396499055,0.));
#12812=DIRECTION('',(0.,0.,-1.));
#12813=DIRECTION('',(-0.223933629284914,-0.974604396499055,0.));
#12814=DIRECTION('',(0.95599898065064,0.293369986527146,0.));
#12815=DIRECTION('',(0.,0.,-1.));
#12816=DIRECTION('',(0.,0.,-1.));
#12817=DIRECTION('',(0.293369986527146,-0.95599898065064,0.));
#12818=DIRECTION('',(0.293369986527146,-0.95599898065064,0.));
#12819=DIRECTION('',(0.,0.,1.));
#12820=DIRECTION('',(1.,0.,0.));
#12821=DIRECTION('',(0.,0.,1.));
#12822=DIRECTION('',(1.,0.,0.));
#12823=DIRECTION('',(0.293369986527146,-0.95599898065064,0.));
#12824=DIRECTION('',(-0.223933629284914,-0.974604396499055,0.));
#12825=DIRECTION('',(0.,0.,1.));
#12826=DIRECTION('',(1.,0.,0.));
#12827=DIRECTION('',(0.223933629284914,0.974604396499055,0.));
#12828=DIRECTION('',(-0.974604396499055,0.223933629284914,0.));
#12829=DIRECTION('',(0.158344987803077,0.689149377738704,0.707106781186548));
#12830=DIRECTION('',(0.158344987803077,0.689149377738704,-0.707106781186548));
#12831=DIRECTION('',(-0.223933629284914,-0.974604396499055,0.));
#12832=DIRECTION('',(0.974604396499055,-0.223933629284914,0.));
#12833=DIRECTION('',(-0.158344987803077,-0.689149377738704,0.707106781186548));
#12834=DIRECTION('',(-0.158344987803077,-0.689149377738704,-0.707106781186548));
#12835=DIRECTION('',(0.,0.,-1.));
#12836=DIRECTION('',(-1.,0.,0.));
#12837=DIRECTION('',(-0.293369986527146,0.95599898065064,0.));
#12838=DIRECTION('',(-0.95599898065064,-0.293369986527146,0.));
#12839=DIRECTION('',(0.293369986527146,-0.95599898065064,0.));
#12840=DIRECTION('',(0.95599898065064,0.293369986527146,0.));
#12841=DIRECTION('',(0.,0.,1.));
#12842=DIRECTION('',(1.,0.,0.));
#12843=DIRECTION('',(0.,0.,1.));
#12844=DIRECTION('',(1.,0.,0.));
#12845=DIRECTION('',(0.,0.,-1.));
#12846=DIRECTION('',(-1.,0.,0.));
#12847=DIRECTION('',(0.,0.,-1.));
#12848=DIRECTION('',(0.514142858659788,0.857704565039234,0.));
#12849=DIRECTION('',(-0.857704565039234,0.514142858659788,0.));
#12850=DIRECTION('',(0.857704565039234,-0.514142858659788,0.));
#12851=DIRECTION('',(0.857704565039234,-0.514142858659788,0.));
#12852=DIRECTION('',(0.0164084942541112,0.999865371595753,0.));
#12853=DIRECTION('',(0.,0.,-1.));
#12854=DIRECTION('',(0.999865371595753,-0.0164084942541112,0.));
#12855=DIRECTION('',(0.999865371595753,-0.0164084942541112,0.));
#12856=DIRECTION('',(0.,0.,1.));
#12857=DIRECTION('',(0.309016994374948,0.951056516295154,0.));
#12858=DIRECTION('',(0.857704565039234,-0.514142858659788,0.));
#12859=DIRECTION('',(0.,0.,-1.));
#12860=DIRECTION('',(-1.,0.,0.));
#12861=DIRECTION('',(0.999865371595753,-0.0164084942541112,0.));
#12862=DIRECTION('',(-0.857704565039234,0.514142858659788,0.));
#12863=DIRECTION('',(-0.514142858659788,-0.857704565039234,0.));
#12864=DIRECTION('',(0.999865371595753,-0.0164084942541112,0.));
#12865=DIRECTION('',(0.0164084942541112,0.999865371595753,0.));
#12866=DIRECTION('',(-0.999865371595753,0.0164084942541112,0.));
#12867=DIRECTION('',(-0.0164084942541112,-0.999865371595753,0.));
#12868=DIRECTION('',(0.857704565039234,-0.514142858659788,0.));
#12869=DIRECTION('',(0.514142858659788,0.857704565039234,0.));
#12870=DIRECTION('',(0.,0.,1.));
#12871=DIRECTION('',(1.,0.,0.));
#12872=DIRECTION('',(0.,0.,1.));
#12873=DIRECTION('',(1.,0.,0.));
#12874=DIRECTION('',(0.,0.,1.));
#12875=DIRECTION('',(1.,0.,0.));
#12876=DIRECTION('',(0.,0.,1.));
#12877=DIRECTION('',(1.,0.,0.));
#12878=DIRECTION('',(0.,0.,-1.));
#12879=DIRECTION('',(-1.,0.,0.));
#12880=DIRECTION('',(0.,0.,1.));
#12881=DIRECTION('',(1.,0.,0.));
#12882=DIRECTION('',(0.,0.,1.));
#12883=DIRECTION('',(1.,0.,0.));
#12884=DIRECTION('',(0.,0.,1.));
#12885=DIRECTION('',(1.,0.,0.));
#12886=DIRECTION('',(0.,0.,-1.));
#12887=DIRECTION('',(-1.,0.,0.));
#12888=DIRECTION('',(0.,0.,1.));
#12889=DIRECTION('',(1.,0.,0.));
#12890=DIRECTION('',(0.,0.,1.));
#12891=DIRECTION('',(1.,0.,0.));
#12892=DIRECTION('',(0.,0.,1.));
#12893=DIRECTION('',(1.,0.,0.));
#12894=DIRECTION('',(0.,0.,1.));
#12895=DIRECTION('',(1.,0.,0.));
#12896=DIRECTION('',(0.,0.,-1.));
#12897=DIRECTION('',(-1.,0.,0.));
#12898=DIRECTION('',(0.,0.,1.));
#12899=DIRECTION('',(1.,0.,0.));
#12900=DIRECTION('',(0.,0.,1.));
#12901=DIRECTION('',(1.,0.,0.));
#12902=DIRECTION('',(0.,0.,-1.));
#12903=DIRECTION('',(1.,0.,0.));
#12904=DIRECTION('',(0.,0.,1.));
#12905=DIRECTION('',(-1.,0.,0.));
#12906=DIRECTION('',(0.,0.,1.));
#12907=DIRECTION('',(1.,0.,0.));
#12908=DIRECTION('',(0.,0.,-1.));
#12909=DIRECTION('',(1.,0.,0.));
#12910=DIRECTION('',(0.,0.,-1.));
#12911=DIRECTION('',(1.,0.,0.));
#12912=DIRECTION('',(0.,0.,1.));
#12913=DIRECTION('',(1.,0.,0.));
#12914=DIRECTION('',(0.,0.,-1.));
#12915=DIRECTION('',(-1.,0.,0.));
#12916=DIRECTION('',(0.,0.,1.));
#12917=DIRECTION('',(1.,0.,0.));
#12918=DIRECTION('',(1.,-6.12323399573672E-17,6.64696333891792E-16));
#12919=DIRECTION('',(-6.64696333891792E-16,7.50150692314295E-16,1.));
#12920=DIRECTION('',(6.12323399573677E-17,1.,-7.50150692314295E-16));
#12921=DIRECTION('',(6.64696333891792E-16,-7.50150692314295E-16,-1.));
#12922=DIRECTION('',(6.12323399573677E-17,1.,-7.50150692314295E-16));
#12923=DIRECTION('',(6.64696333891792E-16,-7.50150692314295E-16,-1.));
#12924=DIRECTION('',(6.12323399573677E-17,1.,-7.50150692314295E-16));
#12925=DIRECTION('',(6.64696333891792E-16,-7.50150692314295E-16,-1.));
#12926=DIRECTION('',(-1.,6.12323399573672E-17,-6.64696333891792E-16));
#12927=DIRECTION('',(-1.,6.12323399573672E-17,-6.64696333891792E-16));
#12928=DIRECTION('',(6.64696333891792E-16,-7.50150692314295E-16,-1.));
#12929=DIRECTION('',(1.,-6.12323399573672E-17,6.64696333891792E-16));
#12930=DIRECTION('',(-6.64696333891792E-16,7.50150692314295E-16,1.));
#12931=DIRECTION('',(6.12323399573677E-17,1.,-7.50150692314295E-16));
#12932=DIRECTION('',(6.12323399573677E-17,1.,-7.50150692314295E-16));
#12933=DIRECTION('',(6.64696333891792E-16,-7.50150692314295E-16,-1.));
#12934=DIRECTION('',(6.12323399573677E-17,1.,-7.50150692314295E-16));
#12935=DIRECTION('',(6.64696333891792E-16,-7.50150692314295E-16,-1.));
#12936=DIRECTION('',(-1.,6.12323399573672E-17,-6.64696333891792E-16));
#12937=DIRECTION('',(-1.,6.12323399573672E-17,-6.64696333891792E-16));
#12938=DIRECTION('',(-6.64696333891792E-16,7.50150692314295E-16,1.));
#12939=DIRECTION('',(6.12323399573677E-17,1.,-7.50150692314295E-16));
#12940=DIRECTION('',(6.64696333891792E-16,-7.50150692314295E-16,-1.));
#12941=DIRECTION('',(-1.22464679914735E-16,-1.,5.23257032576543E-33));
#12942=DIRECTION('',(-6.64696333891792E-16,7.50150692314295E-16,1.));
#12943=DIRECTION('',(6.12323399573677E-17,1.,-7.50150692314295E-16));
#12944=DIRECTION('',(6.64696333891792E-16,-7.50150692314295E-16,-1.));
#12945=DIRECTION('',(1.,-1.22464679914735E-16,6.64696333891792E-16));
#12946=DIRECTION('',(6.64696333891792E-16,-7.50150692314295E-16,-1.));
#12947=DIRECTION('',(-1.22464679914735E-16,-1.,5.23257032576543E-33));
#12948=DIRECTION('',(-6.64696333891792E-16,7.50150692314295E-16,1.));
#12949=DIRECTION('',(-1.,1.22464679914735E-16,-6.64696333891792E-16));
#12950=DIRECTION('',(0.,0.,1.));
#12951=DIRECTION('',(1.,0.,0.));
#12952=DIRECTION('',(0.,0.,1.));
#12953=DIRECTION('',(1.,0.,0.));
#12954=DIRECTION('',(0.,0.,1.));
#12955=DIRECTION('',(1.,0.,0.));
#12956=DIRECTION('',(0.,0.,-1.));
#12957=DIRECTION('',(-1.,0.,0.));
#12958=DIRECTION('',(0.,0.,1.));
#12959=DIRECTION('',(1.,0.,0.));
#12960=DIRECTION('',(0.,0.,1.));
#12961=DIRECTION('',(1.,0.,0.));
#12962=DIRECTION('',(0.,0.,1.));
#12963=DIRECTION('',(1.,0.,0.));
#12964=DIRECTION('',(0.,0.,1.));
#12965=DIRECTION('',(1.,0.,0.));
#12966=DIRECTION('',(0.,0.,-1.));
#12967=DIRECTION('',(-1.,0.,0.));
#12968=DIRECTION('',(0.,0.,1.));
#12969=DIRECTION('',(1.,0.,0.));
#12970=DIRECTION('',(0.,0.,1.));
#12971=DIRECTION('',(-1.,3.46944695195362E-16,0.));
#12972=DIRECTION('',(0.,0.,1.));
#12973=DIRECTION('',(-1.,3.46944695195362E-16,0.));
#12974=DIRECTION('',(0.,0.,-1.));
#12975=DIRECTION('',(1.,-3.46944695195362E-16,0.));
#12976=DIRECTION('',(0.,0.,1.));
#12977=DIRECTION('',(-1.,3.46944695195362E-16,0.));
#12978=DIRECTION('',(0.,0.,1.));
#12979=DIRECTION('',(-1.,3.46944695195362E-16,0.));
#12980=DIRECTION('',(0.,0.,1.));
#12981=DIRECTION('',(-1.,3.46944695195362E-16,0.));
#12982=DIRECTION('',(0.,0.,1.));
#12983=DIRECTION('',(-1.,3.46944695195362E-16,0.));
#12984=DIRECTION('',(0.,0.,-1.));
#12985=DIRECTION('',(1.,-3.46944695195362E-16,0.));
#12986=CARTESIAN_POINT('',(0.,0.,0.));
#12987=CARTESIAN_POINT('',(0.05,-0.1714,-0.01495));
#12988=CARTESIAN_POINT('',(0.0514334717981812,-0.167665678294011,-0.03945));
#12989=CARTESIAN_POINT('',(0.0514334717981812,-0.167665678294011,-0.0397149607144022));
#12990=CARTESIAN_POINT('',(0.0516568336027028,-0.167749645094832,-0.03995));
#12991=CARTESIAN_POINT('',(0.0518903143964076,-0.167874845892343,-0.03995));
#12992=CARTESIAN_POINT('',(0.0514334717981812,-0.167665678294011,-0.03945));
#12993=CARTESIAN_POINT('',(0.0518903143964076,-0.167874845892343,-0.03995));
#12994=CARTESIAN_POINT('',(0.05,-0.1714,-0.03995));
#12995=CARTESIAN_POINT('',(0.0481116931419221,-0.167873770113885,-0.03995));
#12996=CARTESIAN_POINT('',(0.0481116931419221,-0.167873770113884,-0.03995));
#12997=CARTESIAN_POINT('',(0.0483446527518154,-0.167749019532321,-0.03995));
#12998=CARTESIAN_POINT('',(0.0485665282018188,-0.167665678294011,-0.0397142601455253));
#12999=CARTESIAN_POINT('',(0.0485665282018188,-0.167665678294011,-0.03945));
#13000=CARTESIAN_POINT('',(0.0485665282018188,-0.167665678294011,-0.03945));
#13001=CARTESIAN_POINT('',(0.0485665282018188,-0.167665678294011,-0.02695));
#13002=CARTESIAN_POINT('',(0.0485665282018188,-0.167665678294011,-0.02745));
#13003=CARTESIAN_POINT('',(0.0485665282018188,-0.167665678294011,-0.02745));
#13004=CARTESIAN_POINT('',(0.0485665282018188,-0.167665678294011,-0.0271857293871787));
#13005=CARTESIAN_POINT('',(0.048344668189088,-0.167749011265615,-0.0269500000000001));
#13006=CARTESIAN_POINT('',(0.0481116931419221,-0.167873770113884,-0.02695));
#13007=CARTESIAN_POINT('',(0.0481116931419221,-0.167873770113885,-0.02695));
#13008=CARTESIAN_POINT('',(0.05,-0.1714,-0.02695));
#13009=CARTESIAN_POINT('',(0.0472315184881694,-0.168512871648393,-0.02695));
#13010=CARTESIAN_POINT('',(0.0472315184881694,-0.168512871648393,-0.02695));
#13011=CARTESIAN_POINT('',(0.047040302138312,-0.168696229942473,-0.0269499999999999));
#13012=CARTESIAN_POINT('',(0.0468914161541721,-0.1688827184358,-0.0271850297767353));
#13013=CARTESIAN_POINT('',(0.0468914161541721,-0.1688827184358,-0.02745));
#13014=CARTESIAN_POINT('',(0.0468914161541721,-0.1688827184358,-0.02745));
#13015=CARTESIAN_POINT('',(0.0468914161541721,-0.1688827184358,-0.02695));
#13016=CARTESIAN_POINT('',(0.0468914161541721,-0.1688827184358,-0.03945));
#13017=CARTESIAN_POINT('',(0.0468914161541721,-0.1688827184358,-0.03945));
#13018=CARTESIAN_POINT('',(0.0468914161541721,-0.1688827184358,-0.0397149607144021));
#13019=CARTESIAN_POINT('',(0.047040295920737,-0.168696235904536,-0.0399500000000001));
#13020=CARTESIAN_POINT('',(0.0472315184881694,-0.168512871648393,-0.03995));
#13021=CARTESIAN_POINT('',(0.0472315184881694,-0.168512871648393,-0.03995));
#13022=CARTESIAN_POINT('',(0.05,-0.1714,-0.03995));
#13023=CARTESIAN_POINT('',(0.0460628371791141,-0.172106221581257,-0.03995));
#13024=CARTESIAN_POINT('',(0.0460628371791141,-0.172106221581257,-0.03995));
#13025=CARTESIAN_POINT('',(0.0460161808040673,-0.171846113776473,-0.0399499999999999));
#13026=CARTESIAN_POINT('',(0.0460054818609817,-0.171609343824972,-0.0397142601455252));
#13027=CARTESIAN_POINT('',(0.0460054818609817,-0.171609343824972,-0.03945));
#13028=CARTESIAN_POINT('',(0.0460054818609817,-0.171609343824972,-0.03945));
#13029=CARTESIAN_POINT('',(0.0460054818609817,-0.171609343824972,-0.02695));
#13030=CARTESIAN_POINT('',(0.0460054818609817,-0.171609343824972,-0.02745));
#13031=CARTESIAN_POINT('',(0.0460054818609817,-0.171609343824972,-0.02745));
#13032=CARTESIAN_POINT('',(0.0460054818609817,-0.171609343824972,-0.027185729387179));
#13033=CARTESIAN_POINT('',(0.0460161777123417,-0.171846096540202,-0.02695));
#13034=CARTESIAN_POINT('',(0.0460628371791141,-0.172106221581257,-0.02695));
#13035=CARTESIAN_POINT('',(0.0460628371791141,-0.172106221581257,-0.02695));
#13036=CARTESIAN_POINT('',(0.05,-0.1714,-0.02695));
#13037=CARTESIAN_POINT('',(0.0463986699320553,-0.173140810656481,-0.02695));
#13038=CARTESIAN_POINT('',(0.0463986699320553,-0.173140810656481,-0.02695));
#13039=CARTESIAN_POINT('',(0.0465139649307483,-0.173379329040965,-0.0269500000000001));
#13040=CARTESIAN_POINT('',(0.0466453177282183,-0.17357855614006,-0.0271850297767353));
#13041=CARTESIAN_POINT('',(0.0466453177282183,-0.17357855614006,-0.02745));
#13042=CARTESIAN_POINT('',(0.0466453177282183,-0.17357855614006,-0.02745));
#13043=CARTESIAN_POINT('',(0.0466453177282183,-0.17357855614006,-0.02695));
#13044=CARTESIAN_POINT('',(0.0466453177282183,-0.17357855614006,-0.03945));
#13045=CARTESIAN_POINT('',(0.0466453177282183,-0.17357855614006,-0.03945));
#13046=CARTESIAN_POINT('',(0.0466453177282183,-0.17357855614006,-0.0397149607144021));
#13047=CARTESIAN_POINT('',(0.0465139686796709,-0.173379336796609,-0.0399499999999999));
#13048=CARTESIAN_POINT('',(0.0463986699320553,-0.173140810656481,-0.03995));
#13049=CARTESIAN_POINT('',(0.0463986699320554,-0.173140810656481,-0.03995));
#13050=CARTESIAN_POINT('',(0.05,-0.1714,-0.03995));
#13051=CARTESIAN_POINT('',(0.049455006415528,-0.175362698826921,-0.03995));
#13052=CARTESIAN_POINT('',(0.049455006415528,-0.175362698826921,-0.03995));
#13053=CARTESIAN_POINT('',(0.0491932115800638,-0.175326693944389,-0.0399500000000001));
#13054=CARTESIAN_POINT('',(0.0489647238195899,-0.175263703305156,-0.0397142601455254));
#13055=CARTESIAN_POINT('',(0.0489647238195899,-0.175263703305156,-0.03945));
#13056=CARTESIAN_POINT('',(0.0489647238195899,-0.175263703305156,-0.03945));
#13057=CARTESIAN_POINT('',(0.0489647238195899,-0.175263703305156,-0.02695));
#13058=CARTESIAN_POINT('',(0.0489647238195899,-0.175263703305156,-0.02745));
#13059=CARTESIAN_POINT('',(0.0489647238195899,-0.175263703305157,-0.02745));
#13060=CARTESIAN_POINT('',(0.0489647238195899,-0.175263703305157,-0.0271857293871788));
#13061=CARTESIAN_POINT('',(0.0491931942319998,-0.175326691558494,-0.02695));
#13062=CARTESIAN_POINT('',(0.049455006415528,-0.175362698826922,-0.02695));
#13063=CARTESIAN_POINT('',(0.049455006415528,-0.175362698826921,-0.02695));
#13064=CARTESIAN_POINT('',(0.05,-0.1714,-0.02695));
#13065=CARTESIAN_POINT('',(0.0505427371251339,-0.17536300850529,-0.02695));
#13066=CARTESIAN_POINT('',(0.0505427371251339,-0.17536300850529,-0.02695));
#13067=CARTESIAN_POINT('',(0.0508052097029164,-0.175327062679763,-0.02695));
#13068=CARTESIAN_POINT('',(0.0510352761804101,-0.175263703305157,-0.0271850297767354));
#13069=CARTESIAN_POINT('',(0.0510352761804101,-0.175263703305156,-0.02745));
#13070=CARTESIAN_POINT('',(0.0510352761804101,-0.175263703305156,-0.02745));
#13071=CARTESIAN_POINT('',(0.0510352761804101,-0.175263703305156,-0.02695));
#13072=CARTESIAN_POINT('',(0.0510352761804101,-0.175263703305156,-0.03945));
#13073=CARTESIAN_POINT('',(0.0510352761804101,-0.175263703305156,-0.03945));
#13074=CARTESIAN_POINT('',(0.0510352761804101,-0.175263703305156,-0.0397149607144021));
#13075=CARTESIAN_POINT('',(0.050805218237453,-0.175327061510952,-0.03995));
#13076=CARTESIAN_POINT('',(0.0505427371251339,-0.17536300850529,-0.03995));
#13077=CARTESIAN_POINT('',(0.0505427371251339,-0.17536300850529,-0.03995));
#13078=CARTESIAN_POINT('',(0.05,-0.1714,-0.03995));
#13079=CARTESIAN_POINT('',(0.0536003382620316,-0.173142860980959,-0.03995));
#13080=CARTESIAN_POINT('',(0.0536003382620316,-0.173142860980959,-0.03995));
#13081=CARTESIAN_POINT('',(0.0534851965306824,-0.173380716544577,-0.0399500000000001));
#13082=CARTESIAN_POINT('',(0.0533546822717817,-0.17357855614006,-0.0397142601455253));
#13083=CARTESIAN_POINT('',(0.0533546822717817,-0.17357855614006,-0.03945));
#13084=CARTESIAN_POINT('',(0.0533546822717817,-0.17357855614006,-0.03945));
#13085=CARTESIAN_POINT('',(0.0533546822717817,-0.17357855614006,-0.02695));
#13086=CARTESIAN_POINT('',(0.0533546822717817,-0.17357855614006,-0.02745));
#13087=CARTESIAN_POINT('',(0.0533546822717817,-0.17357855614006,-0.02745));
#13088=CARTESIAN_POINT('',(0.0533546822717817,-0.17357855614006,-0.0271857293871788));
#13089=CARTESIAN_POINT('',(0.0534851889007148,-0.173380732306284,-0.0269500000000001));
#13090=CARTESIAN_POINT('',(0.0536003382620316,-0.173142860980959,-0.02695));
#13091=CARTESIAN_POINT('',(0.0536003382620316,-0.173142860980959,-0.02695));
#13092=CARTESIAN_POINT('',(0.05,-0.1714,-0.02695));
#13093=CARTESIAN_POINT('',(0.0539367600582338,-0.172108463297493,-0.02695));
#13094=CARTESIAN_POINT('',(0.0539367600582338,-0.172108463297493,-0.02695));
#13095=CARTESIAN_POINT('',(0.0539836820337251,-0.17184772917108,-0.02695));
#13096=CARTESIAN_POINT('',(0.0539945181390183,-0.171609343824972,-0.0271850297767355));
#13097=CARTESIAN_POINT('',(0.0539945181390183,-0.171609343824972,-0.02745));
#13098=CARTESIAN_POINT('',(0.0539945181390183,-0.171609343824972,-0.02745));
#13099=CARTESIAN_POINT('',(0.0539945181390183,-0.171609343824972,-0.02695));
#13100=CARTESIAN_POINT('',(0.0539945181390183,-0.171609343824972,-0.03945));
#13101=CARTESIAN_POINT('',(0.0539945181390183,-0.171609343824972,-0.03945));
#13102=CARTESIAN_POINT('',(0.0539945181390183,-0.171609343824972,-0.0397149607144019));
#13103=CARTESIAN_POINT('',(0.0539836835594362,-0.17184772069307,-0.03995));
#13104=CARTESIAN_POINT('',(0.0539367600582338,-0.172108463297493,-0.03995));
#13105=CARTESIAN_POINT('',(0.0539367600582338,-0.172108463297493,-0.03995));
#13106=CARTESIAN_POINT('',(0.05,-0.1714,-0.03995));
#13107=CARTESIAN_POINT('',(0.0527701250014043,-0.168514448496977,-0.03995));
#13108=CARTESIAN_POINT('',(0.0527701250014043,-0.168514448496977,-0.03995));
#13109=CARTESIAN_POINT('',(0.0529607583333712,-0.168697456202239,-0.0399500000000001));
#13110=CARTESIAN_POINT('',(0.0531085838458279,-0.1688827184358,-0.0397142601455253));
#13111=CARTESIAN_POINT('',(0.0531085838458279,-0.1688827184358,-0.03945));
#13112=CARTESIAN_POINT('',(0.0531085838458279,-0.1688827184358,-0.03945));
#13113=CARTESIAN_POINT('',(0.0531085838458279,-0.1688827184358,-0.02695));
#13114=CARTESIAN_POINT('',(0.0531085838458279,-0.1688827184358,-0.02745));
#13115=CARTESIAN_POINT('',(0.0531085838458279,-0.1688827184358,-0.02745));
#13116=CARTESIAN_POINT('',(0.0531085838458279,-0.1688827184358,-0.0271857293871789));
#13117=CARTESIAN_POINT('',(0.0529607709658558,-0.168697468329405,-0.02695));
#13118=CARTESIAN_POINT('',(0.0527701250014043,-0.168514448496977,-0.02695));
#13119=CARTESIAN_POINT('',(0.0527701250014043,-0.168514448496977,-0.02695));
#13120=CARTESIAN_POINT('',(0.05,-0.1714,-0.02695));
#13121=CARTESIAN_POINT('',(0.0518903143964076,-0.167874845892343,-0.02695));
#13122=CARTESIAN_POINT('',(0.0518903143964076,-0.167874845892343,-0.02695));
#13123=CARTESIAN_POINT('',(0.0516568411942981,-0.167749649165719,-0.02695));
#13124=CARTESIAN_POINT('',(0.0514334717981812,-0.167665678294011,-0.0271850297767353));
#13125=CARTESIAN_POINT('',(0.0514334717981812,-0.167665678294011,-0.02745));
#13126=CARTESIAN_POINT('',(0.0514334717981812,-0.167665678294011,-0.02745));
#13127=CARTESIAN_POINT('',(0.0514334717981812,-0.167665678294011,-0.02695));
#13128=CARTESIAN_POINT('',(0.05,-0.1714,-0.00895));
#13129=CARTESIAN_POINT('',(0.054,-0.1714,-0.00895));
#13130=CARTESIAN_POINT('',(0.05,-0.1714,-0.03995));
#13131=CARTESIAN_POINT('',(0.0501831522810148,-0.171094461286629,-0.03995));
#13132=CARTESIAN_POINT('',(0.0596129538548664,-0.176747066315673,-0.03995));
#13133=CARTESIAN_POINT('',(0.0526113491957009,-0.182103953801821,-0.03995));
#13134=CARTESIAN_POINT('',(0.052606093522799,-0.182086827244342,-0.03995));
#13135=CARTESIAN_POINT('',(0.05,-0.1714,-0.03995));
#13136=CARTESIAN_POINT('',(0.0479018623241604,-0.182198046966615,-0.03995));
#13137=CARTESIAN_POINT('',(0.0479972322185167,-0.18170722664995,-0.03995));
#13138=CARTESIAN_POINT('',(0.0478852654038743,-0.1821945288482,-0.03995));
#13139=CARTESIAN_POINT('',(0.0503471817517238,-0.171479771515462,-0.03995));
#13140=CARTESIAN_POINT('',(0.0406268862663743,-0.17719124430066,-0.03995));
#13141=CARTESIAN_POINT('',(0.0406415504982227,-0.177180953461384,-0.03995));
#13142=CARTESIAN_POINT('',(0.05,-0.1714,-0.03995));
#13143=CARTESIAN_POINT('',(0.0390800302418885,-0.172724484987429,-0.03995));
#13144=CARTESIAN_POINT('',(0.0500314178418243,-0.171754840221261,-0.03995));
#13145=CARTESIAN_POINT('',(0.0415957479365001,-0.164275232013141,-0.03995));
#13146=CARTESIAN_POINT('',(0.0416100666031031,-0.164285998482174,-0.03995));
#13147=CARTESIAN_POINT('',(0.05,-0.1714,-0.03995));
#13148=CARTESIAN_POINT('',(0.0453658836886533,-0.161423779973712,-0.03995));
#13149=CARTESIAN_POINT('',(0.0496722355423768,-0.171539531801852,-0.03995));
#13150=CARTESIAN_POINT('',(0.0541790003083612,-0.161205406921503,-0.03995));
#13151=CARTESIAN_POINT('',(0.0541731854991472,-0.161222351804581,-0.03995));
#13152=CARTESIAN_POINT('',(0.05,-0.1714,-0.03995));
#13153=CARTESIAN_POINT('',(0.0580559283698792,-0.163909871957078,-0.03995));
#13154=CARTESIAN_POINT('',(0.0497660125830604,-0.171131395174796,-0.03995));
#13155=CARTESIAN_POINT('',(0.0609870162930635,-0.172224162962874,-0.03995));
#13156=CARTESIAN_POINT('',(0.0609691038767281,-0.172223869007519,-0.03995));
#13157=CARTESIAN_POINT('',(0.05,-0.1714,-0.03995));
#13158=CARTESIAN_POINT('',(0.0518,-0.1714,-0.00895));
#13159=CARTESIAN_POINT('',(0.0518,-0.1714,-0.01495));
#13160=CARTESIAN_POINT('',(0.0518,-0.169455134966122,-0.01495));
#13161=CARTESIAN_POINT('',(0.0518,-0.173344865033877,-0.01495));
#13162=CARTESIAN_POINT('',(0.0518,-0.173344865033877,-0.00895));
#13163=CARTESIAN_POINT('',(0.0518,-0.173344865033877,-0.00895));
#13164=CARTESIAN_POINT('',(0.0518,-0.1714,-0.00895));
#13165=CARTESIAN_POINT('',(0.0518,-0.169455134966122,-0.00895));
#13166=CARTESIAN_POINT('',(0.0518,-0.169455134966122,-0.00895));
#13167=CARTESIAN_POINT('',(0.05,-0.1714,-0.00895));
#13168=CARTESIAN_POINT('',(0.05,-0.1714,-0.01495));
#13169=CARTESIAN_POINT('',(0.0482,-0.173344865033877,-0.01495));
#13170=CARTESIAN_POINT('',(0.0482,-0.173344865033877,-0.00895));
#13171=CARTESIAN_POINT('',(0.0482,-0.173344865033877,-0.00895));
#13172=CARTESIAN_POINT('',(0.05,-0.1714,-0.00895));
#13173=CARTESIAN_POINT('',(0.0482,-0.1714,-0.00895));
#13174=CARTESIAN_POINT('',(0.0482,-0.1714,-0.01495));
#13175=CARTESIAN_POINT('',(0.0482,-0.169455134966122,-0.01495));
#13176=CARTESIAN_POINT('',(0.0482,-0.169455134966122,-0.00895));
#13177=CARTESIAN_POINT('',(0.0482,-0.169455134966122,-0.00895));
#13178=CARTESIAN_POINT('',(0.0482,-0.1714,-0.00895));
#13179=CARTESIAN_POINT('',(0.05,-0.1714,-0.00895));
#13180=CARTESIAN_POINT('',(0.05,-0.1714,-0.01495));
#13181=CARTESIAN_POINT('',(0.05,-0.1714,-0.00895));
#13182=CARTESIAN_POINT('',(0.05,-0.1714,-0.00895));
#13183=CARTESIAN_POINT('',(0.05,-0.1714,-0.01495));
#13184=CARTESIAN_POINT('',(0.0471952841031383,-0.16444458408963,-0.02695));
#13185=CARTESIAN_POINT('',(0.0471952841031383,-0.16444458408963,-0.03945));
#13186=CARTESIAN_POINT('',(0.0458240400044577,-0.161223489885249,-0.03945));
#13187=CARTESIAN_POINT('',(0.0458240400044577,-0.161223489885249,-0.02695));
#13188=CARTESIAN_POINT('',(0.0458240400044578,-0.161223489885249,-0.02745));
#13189=CARTESIAN_POINT('',(0.0485665282018188,-0.167665678294011,-0.02745));
#13190=CARTESIAN_POINT('',(0.0500864039893696,-0.171285088610465,-0.03995));
#13191=CARTESIAN_POINT('',(0.0500864039893696,-0.171285088610465,-0.02745));
#13192=CARTESIAN_POINT('',(0.0412952575012973,-0.164674863716528,-0.02745));
#13193=CARTESIAN_POINT('',(0.0412952575012973,-0.164674863716528,-0.02695));
#13194=CARTESIAN_POINT('',(0.0412952575012973,-0.164674863716528,-0.03945));
#13195=CARTESIAN_POINT('',(0.0468914161541721,-0.1688827184358,-0.03945));
#13196=CARTESIAN_POINT('',(0.05,-0.1714,-0.02695));
#13197=CARTESIAN_POINT('',(0.05,-0.1714,-0.02695));
#13198=CARTESIAN_POINT('',(0.0453658836886533,-0.161423779973712,-0.02695));
#13199=CARTESIAN_POINT('',(0.0416100666031031,-0.164285998482174,-0.02695));
#13200=CARTESIAN_POINT('',(0.0503868944245724,-0.170885456907079,-0.02695));
#13201=CARTESIAN_POINT('',(0.0453639918022846,-0.161419335874938,-0.02695));
#13202=CARTESIAN_POINT('',(0.0503868944245724,-0.170885456907079,-0.02745));
#13203=CARTESIAN_POINT('',(0.0412952575012973,-0.164674863716528,-0.02745));
#13204=CARTESIAN_POINT('',(0.0412952575012973,-0.164674863716528,-0.0271857800922256));
#13205=CARTESIAN_POINT('',(0.0414391908653349,-0.164487521641177,-0.0269500000000001));
#13206=CARTESIAN_POINT('',(0.0416100666031031,-0.164285998482174,-0.02695));
#13207=CARTESIAN_POINT('',(0.0503868944245724,-0.170885456907079,-0.03945));
#13208=CARTESIAN_POINT('',(0.0416100666031031,-0.164285998482174,-0.03995));
#13209=CARTESIAN_POINT('',(0.0414391916093174,-0.164487520763757,-0.0399499999999999));
#13210=CARTESIAN_POINT('',(0.0412952575012973,-0.164674863716528,-0.0397142211646424));
#13211=CARTESIAN_POINT('',(0.0412952575012973,-0.164674863716528,-0.03945));
#13212=CARTESIAN_POINT('',(0.0467352359009651,-0.164640430079319,-0.03945));
#13213=CARTESIAN_POINT('',(0.0458240400044577,-0.161223489885249,-0.03945));
#13214=CARTESIAN_POINT('',(0.0458240400044577,-0.161223489885249,-0.039714129880948));
#13215=CARTESIAN_POINT('',(0.0456054314902245,-0.161312506127337,-0.03995));
#13216=CARTESIAN_POINT('',(0.0453658836886533,-0.161423779973712,-0.03995));
#13217=CARTESIAN_POINT('',(0.0496722355423768,-0.171539531801852,-0.02745));
#13218=CARTESIAN_POINT('',(0.0453658836886533,-0.161423779973712,-0.02695));
#13219=CARTESIAN_POINT('',(0.0456054293357321,-0.161312507128134,-0.02695));
#13220=CARTESIAN_POINT('',(0.0458240400044577,-0.161223489885249,-0.0271858715520768));
#13221=CARTESIAN_POINT('',(0.0458240400044577,-0.161223489885249,-0.02745));
#13222=CARTESIAN_POINT('',(0.05,-0.1714,-0.04095));
#13223=CARTESIAN_POINT('',(0.05,-0.1714,-0.02695));
#13224=CARTESIAN_POINT('',(0.0390800302418883,-0.172724484987429,-0.02695));
#13225=CARTESIAN_POINT('',(0.0390800302418883,-0.172724484987429,-0.02695));
#13226=CARTESIAN_POINT('',(0.0390482271528903,-0.172462278338528,-0.02695));
#13227=CARTESIAN_POINT('',(0.03903112113577,-0.172226859396662,-0.0271858715520771));
#13228=CARTESIAN_POINT('',(0.03903112113577,-0.172226859396662,-0.02745));
#13229=CARTESIAN_POINT('',(0.03903112113577,-0.172226859396662,-0.02745));
#13230=CARTESIAN_POINT('',(0.03903112113577,-0.172226859396662,-0.02695));
#13231=CARTESIAN_POINT('',(0.03903112113577,-0.172226859396662,-0.03945));
#13232=CARTESIAN_POINT('',(0.03903112113577,-0.172226859396662,-0.03945));
#13233=CARTESIAN_POINT('',(0.03903112113577,-0.172226859396662,-0.0397141298809478));
#13234=CARTESIAN_POINT('',(0.0390482268668508,-0.172462275980221,-0.0399499999999999));
#13235=CARTESIAN_POINT('',(0.0390800302418883,-0.172724484987429,-0.03995));
#13236=CARTESIAN_POINT('',(0.05,-0.1714,-0.03995));
#13237=CARTESIAN_POINT('',(0.05,-0.1714,-0.04095));
#13238=CARTESIAN_POINT('',(0.05,-0.1714,-0.03995));
#13239=CARTESIAN_POINT('',(0.0541731854991472,-0.161222351804582,-0.03995));
#13240=CARTESIAN_POINT('',(0.0539287231430755,-0.161122113838024,-0.03995));
#13241=CARTESIAN_POINT('',(0.0537060713216126,-0.161043116522857,-0.0397142211646425));
#13242=CARTESIAN_POINT('',(0.0537060713216126,-0.161043116522857,-0.03945));
#13243=CARTESIAN_POINT('',(0.0537060713216126,-0.161043116522857,-0.03945));
#13244=CARTESIAN_POINT('',(0.0537060713216126,-0.161043116522857,-0.02695));
#13245=CARTESIAN_POINT('',(0.0537060713216126,-0.161043116522857,-0.02745));
#13246=CARTESIAN_POINT('',(0.0537060713216126,-0.161043116522857,-0.02745));
#13247=CARTESIAN_POINT('',(0.0537060713216126,-0.161043116522857,-0.0271857800922255));
#13248=CARTESIAN_POINT('',(0.0539287220786967,-0.161122113401592,-0.02695));
#13249=CARTESIAN_POINT('',(0.0541731854991472,-0.161222351804582,-0.02695));
#13250=CARTESIAN_POINT('',(0.0541731854991472,-0.161222351804581,-0.02695));
#13251=CARTESIAN_POINT('',(0.05,-0.1714,-0.02695));
#13252=CARTESIAN_POINT('',(0.0557482887485764,-0.166583214950683,-0.02695));
#13253=CARTESIAN_POINT('',(0.0557482887485764,-0.166583214950683,-0.03945));
#13254=CARTESIAN_POINT('',(0.058387993651325,-0.164283711465565,-0.03945));
#13255=CARTESIAN_POINT('',(0.058387993651325,-0.164283711465565,-0.02695));
#13256=CARTESIAN_POINT('',(0.058387993651325,-0.164283711465565,-0.02745));
#13257=CARTESIAN_POINT('',(0.0531085838458279,-0.1688827184358,-0.02745));
#13258=CARTESIAN_POINT('',(0.0501359875269108,-0.171446665504911,-0.03995));
#13259=CARTESIAN_POINT('',(0.0501359875269108,-0.171446665504911,-0.02745));
#13260=CARTESIAN_POINT('',(0.0514334717981812,-0.167665678294011,-0.03945));
#13261=CARTESIAN_POINT('',(0.05,-0.1714,-0.02695));
#13262=CARTESIAN_POINT('',(0.05,-0.1714,-0.02695));
#13263=CARTESIAN_POINT('',(0.0580559283698792,-0.163909871957078,-0.02695));
#13264=CARTESIAN_POINT('',(0.0506089165136595,-0.171608955903557,-0.02695));
#13265=CARTESIAN_POINT('',(0.0580595703339379,-0.163906699364173,-0.02695));
#13266=CARTESIAN_POINT('',(0.0506089165136595,-0.171608955903557,-0.02745));
#13267=CARTESIAN_POINT('',(0.0506089165136595,-0.171608955903557,-0.03945));
#13268=CARTESIAN_POINT('',(0.0554198654311893,-0.16620620284929,-0.03945));
#13269=CARTESIAN_POINT('',(0.058387993651325,-0.164283711465565,-0.03945));
#13270=CARTESIAN_POINT('',(0.058387993651325,-0.164283711465565,-0.039714129880948));
#13271=CARTESIAN_POINT('',(0.058235780428218,-0.164103309945167,-0.03995));
#13272=CARTESIAN_POINT('',(0.0580559283698792,-0.163909871957078,-0.03995));
#13273=CARTESIAN_POINT('',(0.0497660125830604,-0.171131395174796,-0.02745));
#13274=CARTESIAN_POINT('',(0.0580559283698792,-0.163909871957078,-0.02695));
#13275=CARTESIAN_POINT('',(0.058235778810629,-0.164103308205386,-0.0269500000000001));
#13276=CARTESIAN_POINT('',(0.058387993651325,-0.164283711465565,-0.0271858715520769));
#13277=CARTESIAN_POINT('',(0.058387993651325,-0.164283711465565,-0.02745));
#13278=CARTESIAN_POINT('',(0.05,-0.1714,-0.04095));
#13279=CARTESIAN_POINT('',(0.05,-0.1714,-0.03995));
#13280=CARTESIAN_POINT('',(0.0609691038767281,-0.172223869007519,-0.03995));
#13281=CARTESIAN_POINT('',(0.0609888928254916,-0.17196039625564,-0.0399500000000001));
#13282=CARTESIAN_POINT('',(0.0609952205401905,-0.171724230277076,-0.0397142211646424));
#13283=CARTESIAN_POINT('',(0.0609952205401905,-0.171724230277076,-0.03945));
#13284=CARTESIAN_POINT('',(0.0609952205401905,-0.171724230277076,-0.03945));
#13285=CARTESIAN_POINT('',(0.0609952205401905,-0.171724230277076,-0.02695));
#13286=CARTESIAN_POINT('',(0.0609952205401905,-0.171724230277076,-0.02745));
#13287=CARTESIAN_POINT('',(0.0609952205401905,-0.171724230277076,-0.02745));
#13288=CARTESIAN_POINT('',(0.0609952205401905,-0.171724230277076,-0.0271857800922256));
#13289=CARTESIAN_POINT('',(0.0609888929116519,-0.17196039510849,-0.0269499999999999));
#13290=CARTESIAN_POINT('',(0.0609691038767281,-0.172223869007519,-0.02695));
#13291=CARTESIAN_POINT('',(0.0609691038767281,-0.172223869007519,-0.02695));
#13292=CARTESIAN_POINT('',(0.05,-0.1714,-0.02695));
#13293=CARTESIAN_POINT('',(0.0425183014983758,-0.171918101610817,-0.02695));
#13294=CARTESIAN_POINT('',(0.0460054818609817,-0.171609343824972,-0.02745));
#13295=CARTESIAN_POINT('',(0.0425183014983758,-0.171918101610817,-0.03945));
#13296=CARTESIAN_POINT('',(0.0499174130752831,-0.171282315350662,-0.03995));
#13297=CARTESIAN_POINT('',(0.0499174130752831,-0.171282315350662,-0.02745));
#13298=CARTESIAN_POINT('',(0.0409141019508735,-0.177600520674982,-0.02745));
#13299=CARTESIAN_POINT('',(0.0409141019508735,-0.177600520674982,-0.02695));
#13300=CARTESIAN_POINT('',(0.0409141019508735,-0.177600520674982,-0.03945));
#13301=CARTESIAN_POINT('',(0.0466453177282183,-0.17357855614006,-0.03945));
#13302=CARTESIAN_POINT('',(0.05,-0.1714,-0.02695));
#13303=CARTESIAN_POINT('',(0.0390752190277509,-0.172724910976243,-0.02695));
#13304=CARTESIAN_POINT('',(0.05,-0.1714,-0.02695));
#13305=CARTESIAN_POINT('',(0.0406415504982227,-0.177180953461384,-0.02695));
#13306=CARTESIAN_POINT('',(0.049630197390784,-0.170873038976341,-0.02695));
#13307=CARTESIAN_POINT('',(0.0500314178418243,-0.171754840221261,-0.02745));
#13308=CARTESIAN_POINT('',(0.049630197390784,-0.170873038976341,-0.02745));
#13309=CARTESIAN_POINT('',(0.0409141019508735,-0.177600520674982,-0.02745));
#13310=CARTESIAN_POINT('',(0.0409141019508735,-0.177600520674982,-0.0271857800922254));
#13311=CARTESIAN_POINT('',(0.0407804069048797,-0.177405740026157,-0.02695));
#13312=CARTESIAN_POINT('',(0.0406415504982227,-0.177180953461384,-0.02695));
#13313=CARTESIAN_POINT('',(0.049630197390784,-0.170873038976341,-0.03945));
#13314=CARTESIAN_POINT('',(0.0406415504982227,-0.177180953461384,-0.03995));
#13315=CARTESIAN_POINT('',(0.0407804063003074,-0.17740573904745,-0.03995));
#13316=CARTESIAN_POINT('',(0.0409141019508735,-0.177600520674982,-0.0397142211646426));
#13317=CARTESIAN_POINT('',(0.0409141019508735,-0.177600520674982,-0.03945));
#13318=CARTESIAN_POINT('',(0.0425623993903567,-0.172416153190397,-0.03945));
#13319=CARTESIAN_POINT('',(0.05,-0.1714,-0.04095));
#13320=CARTESIAN_POINT('',(0.05,-0.1714,-0.02695));
#13321=CARTESIAN_POINT('',(0.0479018623241604,-0.182198046966615,-0.02695));
#13322=CARTESIAN_POINT('',(0.0479018623241604,-0.182198046966615,-0.02695));
#13323=CARTESIAN_POINT('',(0.05,-0.1714,-0.03995));
#13324=CARTESIAN_POINT('',(0.0481807719292789,-0.178675620315481,-0.02695));
#13325=CARTESIAN_POINT('',(0.0481807719292789,-0.178675620315481,-0.03945));
#13326=CARTESIAN_POINT('',(0.0475099300202672,-0.181595259835308,-0.03945));
#13327=CARTESIAN_POINT('',(0.0475099300202672,-0.181595259835308,-0.02695));
#13328=CARTESIAN_POINT('',(0.0475099300202672,-0.181595259835308,-0.02745));
#13329=CARTESIAN_POINT('',(0.0489647238195899,-0.175263703305156,-0.02745));
#13330=CARTESIAN_POINT('',(0.0498625544841291,-0.17144217827629,-0.03995));
#13331=CARTESIAN_POINT('',(0.0530893486860262,-0.181957268808558,-0.02695));
#13332=CARTESIAN_POINT('',(0.0530893486860262,-0.181957268808558,-0.02745));
#13333=CARTESIAN_POINT('',(0.0530893486860262,-0.181957268808558,-0.03945));
#13334=CARTESIAN_POINT('',(0.0510352761804101,-0.175263703305156,-0.03945));
#13335=CARTESIAN_POINT('',(0.0498625544841291,-0.17144217827629,-0.02745));
#13336=CARTESIAN_POINT('',(0.05,-0.1714,-0.02695));
#13337=CARTESIAN_POINT('',(0.05,-0.1714,-0.02695));
#13338=CARTESIAN_POINT('',(0.052606093522799,-0.182086827244342,-0.02695));
#13339=CARTESIAN_POINT('',(0.0493845549938038,-0.171588863269554,-0.02695));
#13340=CARTESIAN_POINT('',(0.0478841222372173,-0.182199504140447,-0.02695));
#13341=CARTESIAN_POINT('',(0.0478852654038743,-0.1821945288482,-0.02695));
#13342=CARTESIAN_POINT('',(0.0479972322185167,-0.18170722664995,-0.02695));
#13343=CARTESIAN_POINT('',(0.0503471817517238,-0.171479771515462,-0.02745));
#13344=CARTESIAN_POINT('',(0.0479972322185167,-0.18170722664995,-0.02745));
#13345=CARTESIAN_POINT('',(0.0486680741275284,-0.178787587130123,-0.03945));
#13346=CARTESIAN_POINT('',(0.0479972322185167,-0.18170722664995,-0.03945));
#13347=CARTESIAN_POINT('',(0.0479972322185167,-0.18170722664995,-0.02695));
#13348=CARTESIAN_POINT('',(0.0493845549938038,-0.171588863269554,-0.03945));
#13349=CARTESIAN_POINT('',(0.052606093522799,-0.182086827244342,-0.03995));
#13350=CARTESIAN_POINT('',(0.0528627861218082,-0.182024230095129,-0.03995));
#13351=CARTESIAN_POINT('',(0.0530893486860262,-0.181957268808558,-0.0397142211646425));
#13352=CARTESIAN_POINT('',(0.0530893486860262,-0.181957268808558,-0.03945));
#13353=CARTESIAN_POINT('',(0.0493845549938038,-0.171588863269554,-0.02745));
#13354=CARTESIAN_POINT('',(0.0530893486860262,-0.181957268808558,-0.02745));
#13355=CARTESIAN_POINT('',(0.0530893486860262,-0.181957268808558,-0.0271857800922255));
#13356=CARTESIAN_POINT('',(0.052862787239437,-0.182024229822584,-0.02695));
#13357=CARTESIAN_POINT('',(0.052606093522799,-0.182086827244343,-0.02695));
#13358=CARTESIAN_POINT('',(0.05,-0.1714,-0.04095));
#13359=CARTESIAN_POINT('',(0.05,-0.1714,-0.03995));
#13360=CARTESIAN_POINT('',(0.05,-0.1714,-0.02695));
#13361=CARTESIAN_POINT('',(0.0596129538548666,-0.176747066315673,-0.02695));
#13362=CARTESIAN_POINT('',(0.0596129538548666,-0.176747066315673,-0.02695));
#13363=CARTESIAN_POINT('',(0.0594845618930628,-0.176977889337362,-0.02695));
#13364=CARTESIAN_POINT('',(0.0593600251694795,-0.177178401926719,-0.0271858715520768));
#13365=CARTESIAN_POINT('',(0.0593600251694795,-0.177178401926719,-0.02745));
#13366=CARTESIAN_POINT('',(0.0593600251694795,-0.177178401926719,-0.02745));
#13367=CARTESIAN_POINT('',(0.0593600251694795,-0.177178401926719,-0.02695));
#13368=CARTESIAN_POINT('',(0.0593600251694795,-0.177178401926719,-0.03945));
#13369=CARTESIAN_POINT('',(0.0593600251694795,-0.177178401926719,-0.03945));
#13370=CARTESIAN_POINT('',(0.0593600251694795,-0.177178401926719,-0.039714129880948));
#13371=CARTESIAN_POINT('',(0.0594845607382954,-0.176977891413402,-0.0399500000000001));
#13372=CARTESIAN_POINT('',(0.0596129538548666,-0.176747066315673,-0.03995));
#13373=CARTESIAN_POINT('',(0.0563573537206306,-0.17537847903339,-0.02695));
#13374=CARTESIAN_POINT('',(0.0533546822717817,-0.17357855614006,-0.02745));
#13375=CARTESIAN_POINT('',(0.0563573537206306,-0.17537847903339,-0.03945));
#13376=CARTESIAN_POINT('',(0.0499976409243074,-0.171543752257672,-0.03995));
#13377=CARTESIAN_POINT('',(0.0499976409243074,-0.171543752257672,-0.02745));
#13378=CARTESIAN_POINT('',(0.0539945181390183,-0.171609343824972,-0.03945));
#13379=CARTESIAN_POINT('',(0.05,-0.1714,-0.02695));
#13380=CARTESIAN_POINT('',(0.0596170965988094,-0.1767495496442,-0.02695));
#13381=CARTESIAN_POINT('',(0.05,-0.1714,-0.02695));
#13382=CARTESIAN_POINT('',(0.0499894366771803,-0.172043684943469,-0.02695));
#13383=CARTESIAN_POINT('',(0.0501831522810148,-0.171094461286629,-0.02745));
#13384=CARTESIAN_POINT('',(0.0499894366771803,-0.172043684943469,-0.02745));
#13385=CARTESIAN_POINT('',(0.0499894366771803,-0.172043684943469,-0.03945));
#13386=CARTESIAN_POINT('',(0.0566144251499605,-0.17494962675087,-0.03945));
#13387=CARTESIAN_POINT('',(0.05,-0.1714,-0.04095));
#13388=CARTESIAN_POINT('',(0.05,-0.1714,-0.03595));
#13389=CARTESIAN_POINT('',(0.065,-0.1714,-0.03595));
#13390=CARTESIAN_POINT('',(0.05,-0.1714,-0.03095));
#13391=CARTESIAN_POINT('',(0.065,-0.1714,-0.03095));
#13392=CARTESIAN_POINT('',(0.05,-0.1714,-0.03595));
#13393=CARTESIAN_POINT('',(0.05,-0.1714,-0.02595));
#13394=CARTESIAN_POINT('',(0.,0.,0.));
#13395=CARTESIAN_POINT('',(0.0100003276712895,0.0111998024631142,0.04215));
#13396=CARTESIAN_POINT('',(0.0100003276712895,0.0111998024631142,0.0523));
#13397=CARTESIAN_POINT('',(0.000250327671289463,0.0111998024631142,0.0523));
#13398=CARTESIAN_POINT('',(0.0197503276712895,0.0111998024631142,0.0523));
#13399=CARTESIAN_POINT('',(0.000250327671289463,0.0111998024631142,0.0523));
#13400=CARTESIAN_POINT('',(-0.00124967232871056,0.0111998024631142,0.0508));
#13401=CARTESIAN_POINT('',(-0.00124967232871056,0.0111998024631142,0.0429));
#13402=CARTESIAN_POINT('',(-0.00124967232871056,0.0111998024631142,0.0335));
#13403=CARTESIAN_POINT('',(0.0100003276712894,0.0111998024631142,0.0335));
#13404=CARTESIAN_POINT('',(0.0212503276712895,0.0111998024631143,0.0335));
#13405=CARTESIAN_POINT('',(0.0212503276712895,0.0111998024631142,0.0429));
#13406=CARTESIAN_POINT('',(0.0212503276712895,0.0111998024631142,0.0508));
#13407=CARTESIAN_POINT('',(0.0227503276712894,0.0111998024631142,0.0493));
#13408=CARTESIAN_POINT('',(-0.0409996723287105,0.0111998024631142,0.04215));
#13409=CARTESIAN_POINT('',(-0.0409996723287105,0.0111998024631142,0.0523));
#13410=CARTESIAN_POINT('',(-0.0507496723287105,0.0111998024631142,0.0523));
#13411=CARTESIAN_POINT('',(-0.0312496723287106,0.0111998024631142,0.0523));
#13412=CARTESIAN_POINT('',(-0.0507496723287105,0.0111998024631142,0.0523));
#13413=CARTESIAN_POINT('',(-0.0522496723287105,0.0111998024631142,0.0508));
#13414=CARTESIAN_POINT('',(-0.0522496723287105,0.0111998024631142,0.0429));
#13415=CARTESIAN_POINT('',(-0.0522496723287105,0.0111998024631142,0.0335));
#13416=CARTESIAN_POINT('',(-0.0409996723287105,0.0111998024631142,0.0335));
#13417=CARTESIAN_POINT('',(-0.0297496723287105,0.0111998024631142,0.0335));
#13418=CARTESIAN_POINT('',(-0.0297496723287105,0.0111998024631142,0.0429));
#13419=CARTESIAN_POINT('',(-0.0297496723287105,0.0111998024631142,0.0508));
#13420=CARTESIAN_POINT('',(-0.0282496723287106,0.0111998024631142,0.0493));
#13421=CARTESIAN_POINT('',(-0.04,0.08,0.032));
#13422=CARTESIAN_POINT('',(-0.04,0.04,0.032));
#13423=CARTESIAN_POINT('',(-0.04,0.044,0.032));
#13424=CARTESIAN_POINT('',(-0.04,0.05,0.032));
#13425=CARTESIAN_POINT('',(0.01,0.04,0.032));
#13426=CARTESIAN_POINT('',(0.01,0.044,0.032));
#13427=CARTESIAN_POINT('',(0.01,0.05,0.032));
#13428=CARTESIAN_POINT('',(-0.0409996723287105,0.0161998024631142,0.032));
#13429=CARTESIAN_POINT('',(-0.0312496723287106,0.0161998024631142,0.032));
#13430=CARTESIAN_POINT('',(-0.0507496723287105,0.0161998024631142,0.032));
#13431=CARTESIAN_POINT('',(-0.0312496723287106,0.0161998024631142,0.032));
#13432=CARTESIAN_POINT('',(-0.0282496723287106,0.0131998024631142,0.032));
#13433=CARTESIAN_POINT('',(-0.0282496723287106,0.0161998024631142,0.032));
#13434=CARTESIAN_POINT('',(-0.0282496723287106,-0.0170001975368857,0.032));
#13435=CARTESIAN_POINT('',(-0.0282496723287106,-0.0170001975368857,0.032));
#13436=CARTESIAN_POINT('',(-0.0312496723287105,-0.0200000987684428,0.032));
#13437=CARTESIAN_POINT('',(-0.0409996723287105,-0.0200001975368857,0.032));
#13438=CARTESIAN_POINT('',(-0.0282496723287106,-0.02,0.032));
#13439=CARTESIAN_POINT('',(-0.04,-0.02,0.032));
#13440=CARTESIAN_POINT('',(-0.00274967232871052,-0.02,0.032));
#13441=CARTESIAN_POINT('',(0.0100003276712895,-0.0200001975368857,0.032));
#13442=CARTESIAN_POINT('',(0.000250327671289477,-0.0200000987684428,0.032));
#13443=CARTESIAN_POINT('',(0.00025032767128948,-0.0200001975368857,0.032));
#13444=CARTESIAN_POINT('',(-0.00274967232871052,-0.0170001975368857,0.032));
#13445=CARTESIAN_POINT('',(-0.00274967232871054,0.0161998024631142,0.032));
#13446=CARTESIAN_POINT('',(-0.00274967232871053,0.0131998024631142,0.032));
#13447=CARTESIAN_POINT('',(-0.00274967232871054,0.0131998024631142,0.032));
#13448=CARTESIAN_POINT('',(0.000250327671289463,0.0161998024631142,0.032));
#13449=CARTESIAN_POINT('',(0.0100003276712895,0.0161998024631142,0.032));
#13450=CARTESIAN_POINT('',(0.0197503276712895,0.0161998024631142,0.032));
#13451=CARTESIAN_POINT('',(0.0227503276712894,0.0131998024631142,0.032));
#13452=CARTESIAN_POINT('',(0.0227503276712894,0.0131998024631142,0.032));
#13453=CARTESIAN_POINT('',(0.0227503276712894,0.0161998024631142,0.032));
#13454=CARTESIAN_POINT('',(0.0227503276712895,-0.0170001975368857,0.032));
#13455=CARTESIAN_POINT('',(0.0197503276712895,-0.0200001975368857,0.032));
#13456=CARTESIAN_POINT('',(0.0197503276712895,-0.0200000987684428,0.032));
#13457=CARTESIAN_POINT('',(0.0100003276712895,-0.0200001975368857,0.032));
#13458=CARTESIAN_POINT('',(0.0227503276712895,-0.02,0.032));
#13459=CARTESIAN_POINT('',(-0.04,-0.02,0.032));
#13460=CARTESIAN_POINT('',(0.03,-0.02,0.032));
#13461=CARTESIAN_POINT('',(0.03,0.08,0.032));
#13462=CARTESIAN_POINT('',(0.03,0.095,0.032));
#13463=CARTESIAN_POINT('',(-0.04,0.095,0.032));
#13464=CARTESIAN_POINT('',(-0.06,0.095,0.032));
#13465=CARTESIAN_POINT('',(-0.06,-0.02,0.032));
#13466=CARTESIAN_POINT('',(-0.06,-0.02,0.032));
#13467=CARTESIAN_POINT('',(-0.04,-0.02,0.032));
#13468=CARTESIAN_POINT('',(-0.0537496723287105,-0.02,0.032));
#13469=CARTESIAN_POINT('',(-0.0409996723287105,-0.0200001975368857,0.032));
#13470=CARTESIAN_POINT('',(-0.0507496723287105,-0.0200000987684428,0.032));
#13471=CARTESIAN_POINT('',(-0.0537496723287105,-0.0170001975368857,0.032));
#13472=CARTESIAN_POINT('',(-0.0537496723287105,-0.0170001975368857,0.032));
#13473=CARTESIAN_POINT('',(-0.0537496723287105,0.0161998024631142,0.032));
#13474=CARTESIAN_POINT('',(-0.0537496723287105,0.0131998024631142,0.032));
#13475=CARTESIAN_POINT('',(-0.0507496723287105,0.0161998024631142,0.032));
#13476=CARTESIAN_POINT('',(-0.065,0.1,0.0065));
#13477=CARTESIAN_POINT('',(-0.065,0.1,0.0065));
#13478=CARTESIAN_POINT('',(-0.065,0.1,0.0085));
#13479=CARTESIAN_POINT('',(-0.065,0.1,0.027));
#13480=CARTESIAN_POINT('',(-0.065,0.1,0.027));
#13481=CARTESIAN_POINT('',(-0.06,0.1,0.027));
#13482=CARTESIAN_POINT('',(-0.06,0.1,0.0065));
#13483=CARTESIAN_POINT('',(-0.06,0.1,0.0085));
#13484=CARTESIAN_POINT('',(-0.065,0.1,0.0085));
#13485=CARTESIAN_POINT('',(-0.065,0.1,0.0065));
#13486=CARTESIAN_POINT('',(0.03,0.1,0.0065));
#13487=CARTESIAN_POINT('',(0.03,0.1,0.0085));
#13488=CARTESIAN_POINT('',(0.03,0.1,0.027));
#13489=CARTESIAN_POINT('',(-0.065,0.1,0.027));
#13490=CARTESIAN_POINT('',(0.035,0.1,0.027));
#13491=CARTESIAN_POINT('',(0.035,0.1,0.0065));
#13492=CARTESIAN_POINT('',(0.035,0.1,0.0085));
#13493=CARTESIAN_POINT('',(0.035,0.1,0.0085));
#13494=CARTESIAN_POINT('',(-0.06,0.08,0.0065));
#13495=CARTESIAN_POINT('',(-0.06,0.08,0.0085));
#13496=CARTESIAN_POINT('',(-0.06,0.06,0.0085));
#13497=CARTESIAN_POINT('',(-0.06,0.08,0.027));
#13498=CARTESIAN_POINT('',(-0.06,-0.02,0.027));
#13499=CARTESIAN_POINT('',(-0.06,-0.02,0.0065));
#13500=CARTESIAN_POINT('',(-0.06,-0.02,0.0065));
#13501=CARTESIAN_POINT('',(-0.06,0.04,0.0065));
#13502=CARTESIAN_POINT('',(-0.06,0.06,0.0065));
#13503=CARTESIAN_POINT('',(-0.06,0.06,0.0065));
#13504=CARTESIAN_POINT('',(-0.065,0.08,0.0065));
#13505=CARTESIAN_POINT('',(-0.065,-0.02,0.0065));
#13506=CARTESIAN_POINT('',(-0.065,-0.02,0.0065));
#13507=CARTESIAN_POINT('',(-0.065,-0.02,0.027));
#13508=CARTESIAN_POINT('',(-0.065,0.1,0.027));
#13509=CARTESIAN_POINT('',(-0.065,0.08,0.0085));
#13510=CARTESIAN_POINT('',(-0.065,0.06,0.0085));
#13511=CARTESIAN_POINT('',(-0.065,0.06,0.0065));
#13512=CARTESIAN_POINT('',(-0.065,0.06,0.0065));
#13513=CARTESIAN_POINT('',(-0.065,0.04,0.0065));
#13514=CARTESIAN_POINT('',(0.03,0.08,0.0065));
#13515=CARTESIAN_POINT('',(0.03,0.08,0.0085));
#13516=CARTESIAN_POINT('',(0.03,0.06,0.0085));
#13517=CARTESIAN_POINT('',(0.03,0.06,0.0065));
#13518=CARTESIAN_POINT('',(0.03,0.06,0.0065));
#13519=CARTESIAN_POINT('',(0.03,0.04,0.0065));
#13520=CARTESIAN_POINT('',(0.03,-0.02,0.0065));
#13521=CARTESIAN_POINT('',(0.03,-0.02,0.0065));
#13522=CARTESIAN_POINT('',(0.03,-0.02,0.027));
#13523=CARTESIAN_POINT('',(0.03,0.08,0.027));
#13524=CARTESIAN_POINT('',(0.035,0.08,0.0065));
#13525=CARTESIAN_POINT('',(0.035,0.08,0.027));
#13526=CARTESIAN_POINT('',(0.035,-0.02,0.027));
#13527=CARTESIAN_POINT('',(0.035,-0.02,0.0065));
#13528=CARTESIAN_POINT('',(0.035,-0.02,0.0065));
#13529=CARTESIAN_POINT('',(0.035,0.04,0.0065));
#13530=CARTESIAN_POINT('',(0.035,0.06,0.0065));
#13531=CARTESIAN_POINT('',(0.035,0.06,0.0065));
#13532=CARTESIAN_POINT('',(0.035,0.06,0.0085));
#13533=CARTESIAN_POINT('',(0.035,0.08,0.0085));
#13534=CARTESIAN_POINT('',(-0.04,0.08,0.027));
#13535=CARTESIAN_POINT('',(0.01,1.59288398090079E-16,0.027));
#13536=CARTESIAN_POINT('',(0.015,1.59288398090079E-16,0.027));
#13537=CARTESIAN_POINT('',(-0.04,1.52349504186172E-16,0.027));
#13538=CARTESIAN_POINT('',(-0.035,1.52349504186172E-16,0.027));
#13539=CARTESIAN_POINT('',(-0.04,0.04,0.027));
#13540=CARTESIAN_POINT('',(-0.035,0.04,0.027));
#13541=CARTESIAN_POINT('',(0.01,0.04,0.027));
#13542=CARTESIAN_POINT('',(0.015,0.04,0.027));
#13543=CARTESIAN_POINT('',(-0.04,-0.02,0.027));
#13544=CARTESIAN_POINT('',(-0.04,0.1,0.027));
#13545=CARTESIAN_POINT('',(0.035,0.08,0.0085));
#13546=CARTESIAN_POINT('',(0.035,0.06,0.0085));
#13547=CARTESIAN_POINT('',(-0.065,0.08,0.0085));
#13548=CARTESIAN_POINT('',(-0.065,0.06,0.0085));
#13549=CARTESIAN_POINT('',(-0.065,0.06,0.0065));
#13550=CARTESIAN_POINT('',(-0.065,0.06,0.0065));
#13551=CARTESIAN_POINT('',(-0.065,0.06,0.0065));
#13552=CARTESIAN_POINT('',(0.035,0.06,0.0065));
#13553=CARTESIAN_POINT('',(-0.065,0.04,0.0065));
#13554=CARTESIAN_POINT('',(-0.065,-0.02,0.0065));
#13555=CARTESIAN_POINT('',(0.035,0.04,0.0065));
#13556=CARTESIAN_POINT('',(0.035,-0.02,0.0065));
#13557=CARTESIAN_POINT('',(-0.04,0.04,0.041));
#13558=CARTESIAN_POINT('',(-0.04,0.04,0.0095));
#13559=CARTESIAN_POINT('',(-0.044,0.04,0.0095));
#13560=CARTESIAN_POINT('',(0.01,0.04,0.041));
#13561=CARTESIAN_POINT('',(0.01,0.04,0.0095));
#13562=CARTESIAN_POINT('',(0.006,0.04,0.0095));
#13563=CARTESIAN_POINT('',(-0.065,-0.02,0.0065));
#13564=CARTESIAN_POINT('',(0.03,-0.02,0.032));
#13565=CARTESIAN_POINT('',(0.0100003276712895,-0.0200001975368857,0.032));
#13566=CARTESIAN_POINT('',(0.0150003276712895,-0.02,0.032));
#13567=CARTESIAN_POINT('',(-0.04,-0.02,0.032));
#13568=CARTESIAN_POINT('',(0.00500032767128945,-0.02,0.032));
#13569=CARTESIAN_POINT('',(0.0100003276712895,-0.0200001975368857,0.032));
#13570=CARTESIAN_POINT('',(-0.0409996723287105,-0.0200001975368857,0.032));
#13571=CARTESIAN_POINT('',(-0.0359996723287105,-0.02,0.032));
#13572=CARTESIAN_POINT('',(-0.04,-0.02,0.032));
#13573=CARTESIAN_POINT('',(-0.0459996723287105,-0.02,0.032));
#13574=CARTESIAN_POINT('',(-0.0409996723287105,-0.0200001975368857,0.032));
#13575=CARTESIAN_POINT('',(-0.065,-0.02,0.027));
#13576=CARTESIAN_POINT('',(-0.065,0.08,0.027));
#13577=CARTESIAN_POINT('',(-0.0583333333333334,0.0933333333333333,0.0336666666666667));
#13578=CARTESIAN_POINT('',(-0.065,0.1,0.027));
#13579=CARTESIAN_POINT('',(0.00166666666666673,0.0666666666666667,0.0603333333333333));
#13580=CARTESIAN_POINT('',(0.03,0.08,0.032));
#13581=CARTESIAN_POINT('',(0.0100003276712895,-0.0580001975368857,0.034));
#13582=CARTESIAN_POINT('',(0.00500032767128949,-0.0580001975368857,0.034));
#13583=CARTESIAN_POINT('',(0.00500032767128949,-0.0550001975368857,0.037));
#13584=CARTESIAN_POINT('',(0.00500032767128949,-0.0580001975368857,0.034));
#13585=CARTESIAN_POINT('',(0.0150003276712895,-0.0580001975368857,0.034));
#13586=CARTESIAN_POINT('',(0.0150003276712895,-0.0580001975368857,0.034));
#13587=CARTESIAN_POINT('',(0.0150003276712895,-0.0561251975368857,0.035875));
#13588=CARTESIAN_POINT('',(0.0150003276712895,-0.0550001975368857,0.037));
#13589=CARTESIAN_POINT('',(0.00500032767128949,-0.0550001975368857,0.037));
#13590=CARTESIAN_POINT('',(0.0100003276712895,-0.0580001975368857,0.0345));
#13591=CARTESIAN_POINT('',(0.00500032767128949,-0.0580001975368857,0.03275));
#13592=CARTESIAN_POINT('',(0.00500032767128949,-0.0580001975368858,0.032));
#13593=CARTESIAN_POINT('',(0.0100003276712895,-0.0580001975368858,0.032));
#13594=CARTESIAN_POINT('',(0.0150003276712895,-0.0580001975368857,0.032));
#13595=CARTESIAN_POINT('',(0.0150003276712895,-0.0580001975368857,0.03275));
#13596=CARTESIAN_POINT('',(0.0100003276712895,-0.0580001975368857,0.037));
#13597=CARTESIAN_POINT('',(0.0150003276712895,-0.0580001975368857,0.037));
#13598=CARTESIAN_POINT('',(0.0150003276712895,-0.0530001975368857,0.037));
#13599=CARTESIAN_POINT('',(0.0100003276712895,-0.0530001975368857,0.037));
#13600=CARTESIAN_POINT('',(0.00500032767128949,-0.0530001975368857,0.037));
#13601=CARTESIAN_POINT('',(0.00500032767128949,-0.0580001975368857,0.037));
#13602=CARTESIAN_POINT('',(0.0100003276712895,-0.0530001975368857,0.0345));
#13603=CARTESIAN_POINT('',(0.00500032767128949,-0.0530001975368857,0.03275));
#13604=CARTESIAN_POINT('',(0.00500032767128949,-0.0530001975368857,0.0335));
#13605=CARTESIAN_POINT('',(0.0150003276712895,-0.0530001975368857,0.03275));
#13606=CARTESIAN_POINT('',(0.0150003276712895,-0.0530001975368857,0.0335));
#13607=CARTESIAN_POINT('',(0.0100003276712895,-0.0530001975368857,0.0335));
#13608=CARTESIAN_POINT('',(0.0150003276712895,-0.0530001975368857,0.03275));
#13609=CARTESIAN_POINT('',(0.0150003276712895,-0.0530001975368857,0.032));
#13610=CARTESIAN_POINT('',(0.0150003276712895,-0.0200001975368857,0.03275));
#13611=CARTESIAN_POINT('',(0.0150003276712895,-0.0200001975368857,0.0335));
#13612=CARTESIAN_POINT('',(0.0150003276712895,-0.0530001975368857,0.0335));
#13613=CARTESIAN_POINT('',(0.00500032767128949,-0.0530001975368857,0.03275));
#13614=CARTESIAN_POINT('',(0.00500032767128949,-0.0530001975368857,0.0335));
#13615=CARTESIAN_POINT('',(0.00500032767128948,-0.0200001975368857,0.0335));
#13616=CARTESIAN_POINT('',(0.00500032767128948,-0.0200001975368857,0.03275));
#13617=CARTESIAN_POINT('',(0.00500032767128949,-0.0530001975368857,0.032));
#13618=CARTESIAN_POINT('',(0.0100003276712895,-0.0200001975368857,0.04215));
#13619=CARTESIAN_POINT('',(0.0100003276712894,-0.0200001975368857,0.0335));
#13620=CARTESIAN_POINT('',(0.000250327671289477,-0.0200001975368857,0.0335));
#13621=CARTESIAN_POINT('',(0.000250327671289476,-0.0200001975368857,0.032));
#13622=CARTESIAN_POINT('',(0.0212503276712895,-0.0200001975368857,0.0429));
#13623=CARTESIAN_POINT('',(0.0212503276712895,-0.0200001975368857,0.0335));
#13624=CARTESIAN_POINT('',(0.0212503276712895,-0.0185001975368858,0.0335));
#13625=CARTESIAN_POINT('',(0.0212503276712895,-0.0185001975368858,0.0429));
#13626=CARTESIAN_POINT('',(0.0212503276712895,-0.0185001975368858,0.0508));
#13627=CARTESIAN_POINT('',(0.0212503276712895,-0.0200001975368857,0.0508));
#13628=CARTESIAN_POINT('',(0.0100003276712894,-0.0200001975368857,0.0335));
#13629=CARTESIAN_POINT('',(0.0100003276712894,-0.0200001975368857,0.0335));
#13630=CARTESIAN_POINT('',(0.0197503276712895,-0.0200001975368857,0.0335));
#13631=CARTESIAN_POINT('',(0.0197503276712895,-0.0200001975368857,0.0335));
#13632=CARTESIAN_POINT('',(-0.00124967232871055,-0.0200001975368857,0.0335));
#13633=CARTESIAN_POINT('',(-0.00124967232871055,-0.0185001975368857,0.0335));
#13634=CARTESIAN_POINT('',(0.000250327671289477,-0.0200001975368857,0.0335));
#13635=CARTESIAN_POINT('',(-0.00124967232871054,-0.0200001975368857,0.0429));
#13636=CARTESIAN_POINT('',(-0.00124967232871056,0.0161998024631142,0.0508));
#13637=CARTESIAN_POINT('',(-0.00124967232871055,-0.0185001975368858,0.0508));
#13638=CARTESIAN_POINT('',(-0.00124967232871055,-0.0185001975368857,0.04215));
#13639=CARTESIAN_POINT('',(0.0100003276712895,0.0161998024631142,0.04215));
#13640=CARTESIAN_POINT('',(0.000250327671289461,0.0161998024631142,0.0558));
#13641=CARTESIAN_POINT('',(0.000250327671289461,0.0161998024631142,0.0528));
#13642=CARTESIAN_POINT('',(0.000250327671289461,0.0161998024631142,0.0523));
#13643=CARTESIAN_POINT('',(0.0100003276712895,0.0161998024631142,0.0528));
#13644=CARTESIAN_POINT('',(0.0197503276712895,0.0161998024631142,0.0528));
#13645=CARTESIAN_POINT('',(0.0197503276712895,0.0161998024631142,0.0558));
#13646=CARTESIAN_POINT('',(0.0197503276712895,0.0161998024631142,0.0523));
#13647=CARTESIAN_POINT('',(0.0197503276712895,0.0161998024631142,0.032));
#13648=CARTESIAN_POINT('',(0.000250327671289463,0.0161998024631142,0.0523));
#13649=CARTESIAN_POINT('',(0.0227503276712894,0.0161998024631142,0.04215));
#13650=CARTESIAN_POINT('',(0.0227503276712895,-0.0200001975368857,0.0493));
#13651=CARTESIAN_POINT('',(0.0227503276712894,0.0131998024631142,0.0493));
#13652=CARTESIAN_POINT('',(0.0227503276712895,-0.0170001975368857,0.0493));
#13653=CARTESIAN_POINT('',(0.0227503276712895,-0.0170001975368857,0.032));
#13654=CARTESIAN_POINT('',(0.0227503276712894,0.0131998024631142,0.0523));
#13655=CARTESIAN_POINT('',(-0.00274967232871054,0.0161998024631142,0.04215));
#13656=CARTESIAN_POINT('',(-0.00274967232871054,0.0161998024631142,0.0493));
#13657=CARTESIAN_POINT('',(-0.00274967232871052,-0.0170001975368857,0.0493));
#13658=CARTESIAN_POINT('',(-0.00274967232871053,0.0131998024631142,0.0493));
#13659=CARTESIAN_POINT('',(-0.00274967232871053,0.0131998024631142,0.032));
#13660=CARTESIAN_POINT('',(-0.00274967232871052,-0.0170001975368857,0.0523));
#13661=CARTESIAN_POINT('',(0.0100003276712895,-0.0200001975368857,0.04215));
#13662=CARTESIAN_POINT('',(0.0197503276712895,-0.0200001975368857,0.0523));
#13663=CARTESIAN_POINT('',(0.0100003276712895,0.0161998024631142,0.032));
#13664=CARTESIAN_POINT('',(-0.0409996723287105,-0.0580001975368857,0.034));
#13665=CARTESIAN_POINT('',(-0.0359996723287105,-0.0580001975368857,0.034));
#13666=CARTESIAN_POINT('',(-0.0359996723287105,-0.0550001975368857,0.037));
#13667=CARTESIAN_POINT('',(-0.0359996723287105,-0.0580001975368857,0.034));
#13668=CARTESIAN_POINT('',(-0.0359996723287105,-0.0550001975368857,0.037));
#13669=CARTESIAN_POINT('',(-0.0459996723287105,-0.0550001975368857,0.037));
#13670=CARTESIAN_POINT('',(-0.0459996723287105,-0.0561251975368857,0.035875));
#13671=CARTESIAN_POINT('',(-0.0459996723287105,-0.0580001975368858,0.034));
#13672=CARTESIAN_POINT('',(-0.0459996723287105,-0.0580001975368858,0.034));
#13673=CARTESIAN_POINT('',(-0.0409996723287105,-0.0580001975368857,0.0345));
#13674=CARTESIAN_POINT('',(-0.0359996723287105,-0.0580001975368857,0.03275));
#13675=CARTESIAN_POINT('',(-0.0359996723287105,-0.0580001975368858,0.032));
#13676=CARTESIAN_POINT('',(-0.0459996723287105,-0.0580001975368858,0.03275));
#13677=CARTESIAN_POINT('',(-0.0459996723287105,-0.0580001975368858,0.032));
#13678=CARTESIAN_POINT('',(-0.0409996723287105,-0.0580001975368858,0.032));
#13679=CARTESIAN_POINT('',(-0.0409996723287105,-0.0580001975368857,0.037));
#13680=CARTESIAN_POINT('',(-0.0459996723287105,-0.0580001975368858,0.037));
#13681=CARTESIAN_POINT('',(-0.0459996723287105,-0.0530001975368857,0.037));
#13682=CARTESIAN_POINT('',(-0.0359996723287105,-0.0580001975368857,0.037));
#13683=CARTESIAN_POINT('',(-0.0359996723287105,-0.0530001975368857,0.037));
#13684=CARTESIAN_POINT('',(-0.0409996723287105,-0.0530001975368857,0.037));
#13685=CARTESIAN_POINT('',(-0.0409996723287105,-0.0530001975368857,0.0345));
#13686=CARTESIAN_POINT('',(-0.0359996723287105,-0.0530001975368857,0.03275));
#13687=CARTESIAN_POINT('',(-0.0359996723287105,-0.0530001975368857,0.0335));
#13688=CARTESIAN_POINT('',(-0.0409996723287105,-0.0530001975368857,0.0335));
#13689=CARTESIAN_POINT('',(-0.0459996723287105,-0.0530001975368857,0.0335));
#13690=CARTESIAN_POINT('',(-0.0459996723287105,-0.0530001975368857,0.03275));
#13691=CARTESIAN_POINT('',(-0.0459996723287105,-0.0530001975368857,0.03275));
#13692=CARTESIAN_POINT('',(-0.0459996723287105,-0.0530001975368857,0.0335));
#13693=CARTESIAN_POINT('',(-0.0459996723287105,-0.0200001975368857,0.0335));
#13694=CARTESIAN_POINT('',(-0.0459996723287105,-0.0200001975368857,0.03275));
#13695=CARTESIAN_POINT('',(-0.0459996723287105,-0.0530001975368857,0.032));
#13696=CARTESIAN_POINT('',(-0.0359996723287105,-0.0530001975368857,0.03275));
#13697=CARTESIAN_POINT('',(-0.0359996723287105,-0.0530001975368857,0.032));
#13698=CARTESIAN_POINT('',(-0.0359996723287105,-0.0200001975368857,0.03275));
#13699=CARTESIAN_POINT('',(-0.0359996723287105,-0.0200001975368857,0.0335));
#13700=CARTESIAN_POINT('',(-0.0359996723287105,-0.0530001975368857,0.0335));
#13701=CARTESIAN_POINT('',(-0.0409996723287105,-0.0200001975368857,0.04215));
#13702=CARTESIAN_POINT('',(-0.0312496723287105,-0.0200001975368857,0.0523));
#13703=CARTESIAN_POINT('',(-0.0312496723287105,-0.0200001975368857,0.0335));
#13704=CARTESIAN_POINT('',(-0.0409996723287105,-0.0200001975368857,0.0335));
#13705=CARTESIAN_POINT('',(-0.0522496723287105,-0.0200001975368857,0.0429));
#13706=CARTESIAN_POINT('',(-0.0522496723287105,-0.0200001975368857,0.0508));
#13707=CARTESIAN_POINT('',(-0.0522496723287105,-0.0185001975368858,0.0508));
#13708=CARTESIAN_POINT('',(-0.0522496723287105,-0.0185001975368858,0.0429));
#13709=CARTESIAN_POINT('',(-0.0522496723287105,-0.0185001975368858,0.0335));
#13710=CARTESIAN_POINT('',(-0.0522496723287105,-0.0200001975368857,0.0335));
#13711=CARTESIAN_POINT('',(-0.0409996723287105,-0.0200001975368857,0.0335));
#13712=CARTESIAN_POINT('',(-0.0537496723287105,-0.0170001975368857,0.0335));
#13713=CARTESIAN_POINT('',(-0.0507496723287105,-0.0200001975368857,0.0335));
#13714=CARTESIAN_POINT('',(-0.0409996723287105,-0.0200001975368857,0.0335));
#13715=CARTESIAN_POINT('',(-0.0282496723287105,-0.0170001975368857,0.0335));
#13716=CARTESIAN_POINT('',(-0.0297496723287105,-0.0185001975368858,0.0335));
#13717=CARTESIAN_POINT('',(-0.0297496723287105,-0.0200001975368857,0.0335));
#13718=CARTESIAN_POINT('',(-0.0297496723287105,-0.0200001975368857,0.0429));
#13719=CARTESIAN_POINT('',(-0.0297496723287105,-0.0185001975368858,0.04215));
#13720=CARTESIAN_POINT('',(-0.0297496723287105,-0.0185001975368858,0.0508));
#13721=CARTESIAN_POINT('',(-0.0297496723287105,0.0161998024631142,0.0508));
#13722=CARTESIAN_POINT('',(-0.0409996723287105,0.0161998024631142,0.04215));
#13723=CARTESIAN_POINT('',(-0.0507496723287105,0.0161998024631142,0.0558));
#13724=CARTESIAN_POINT('',(-0.0507496723287105,0.0161998024631142,0.0528));
#13725=CARTESIAN_POINT('',(-0.0507496723287105,0.0161998024631142,0.0523));
#13726=CARTESIAN_POINT('',(-0.0409996723287105,0.0161998024631142,0.0528));
#13727=CARTESIAN_POINT('',(-0.0312496723287106,0.0161998024631142,0.0528));
#13728=CARTESIAN_POINT('',(-0.0312496723287106,0.0161998024631142,0.0558));
#13729=CARTESIAN_POINT('',(-0.0312496723287106,0.0161998024631142,0.0523));
#13730=CARTESIAN_POINT('',(-0.0312496723287106,0.0161998024631142,0.032));
#13731=CARTESIAN_POINT('',(-0.0507496723287105,0.0161998024631142,0.0523));
#13732=CARTESIAN_POINT('',(-0.0537496723287105,0.0161998024631142,0.04215));
#13733=CARTESIAN_POINT('',(-0.0537496723287105,-0.0170001975368857,0.0523));
#13734=CARTESIAN_POINT('',(-0.0537496723287105,-0.0170001975368857,0.0493));
#13735=CARTESIAN_POINT('',(-0.0537496723287105,0.0161998024631142,0.0493));
#13736=CARTESIAN_POINT('',(-0.0537496723287105,0.0131998024631142,0.0493));
#13737=CARTESIAN_POINT('',(-0.0537496723287105,0.0131998024631142,0.032));
#13738=CARTESIAN_POINT('',(-0.0282496723287106,0.0161998024631142,0.04215));
#13739=CARTESIAN_POINT('',(-0.0282496723287106,0.0131998024631142,0.0523));
#13740=CARTESIAN_POINT('',(-0.0282496723287106,0.0131998024631142,0.0493));
#13741=CARTESIAN_POINT('',(-0.0282496723287105,-0.0200001975368858,0.0493));
#13742=CARTESIAN_POINT('',(-0.0282496723287105,-0.0170001975368857,0.0493));
#13743=CARTESIAN_POINT('',(-0.0282496723287106,-0.0170001975368857,0.032));
#13744=CARTESIAN_POINT('',(-0.0409996723287105,-0.0200001975368857,0.04215));
#13745=CARTESIAN_POINT('',(-0.0507496723287105,-0.0200001975368857,0.032));
#13746=CARTESIAN_POINT('',(-0.0409996723287105,0.0161998024631142,0.032));
#13747=CARTESIAN_POINT('',(0.01,1.59288398090079E-16,0.0095));
#13748=CARTESIAN_POINT('',(0.01,1.59288398090079E-16,0.0095));
#13749=CARTESIAN_POINT('',(0.015,1.59594559789866E-16,0.0095));
#13750=CARTESIAN_POINT('',(-0.015,0.04,0.0095));
#13751=CARTESIAN_POINT('',(0.01,1.59594559789866E-16,0.0095));
#13752=CARTESIAN_POINT('',(0.006,1.59594559789866E-16,0.0095));
#13753=CARTESIAN_POINT('',(-0.04,1.52349504186172E-16,0.0095));
#13754=CARTESIAN_POINT('',(-0.04,1.52349504186172E-16,0.0095));
#13755=CARTESIAN_POINT('',(-0.035,1.52655665885959E-16,0.0095));
#13756=CARTESIAN_POINT('',(-0.015,0.04,0.0095));
#13757=CARTESIAN_POINT('',(-0.04,1.52655665885959E-16,0.0095));
#13758=CARTESIAN_POINT('',(-0.044,1.52655665885959E-16,0.0095));
#13759=CARTESIAN_POINT('',(0.01,0.04,0.0095));
#13760=CARTESIAN_POINT('',(0.01,0.04,0.0095));
#13761=CARTESIAN_POINT('',(0.015,0.04,0.0095));
#13762=CARTESIAN_POINT('',(-0.015,0.04,0.0095));
#13763=CARTESIAN_POINT('',(-0.04,0.04,0.0095));
#13764=CARTESIAN_POINT('',(-0.04,0.04,0.0095));
#13765=CARTESIAN_POINT('',(-0.035,0.04,0.0095));
#13766=CARTESIAN_POINT('',(-0.015,0.04,0.0095));
#13767=CARTESIAN_POINT('',(0.0100003276712895,0.0161998024631142,0.032));
#13768=CARTESIAN_POINT('',(0.01,1.59594559789866E-16,0.032));
#13769=CARTESIAN_POINT('',(0.006,1.59594559789866E-16,0.032));
#13770=CARTESIAN_POINT('',(0.01,1.59594559789866E-16,0.041));
#13771=CARTESIAN_POINT('',(-0.0409996723287105,0.0161998024631142,0.032));
#13772=CARTESIAN_POINT('',(-0.04,1.52655665885959E-16,0.032));
#13773=CARTESIAN_POINT('',(-0.044,1.52655665885959E-16,0.032));
#13774=CARTESIAN_POINT('',(-0.04,1.52655665885959E-16,0.041));
#13775=CARTESIAN_POINT('',(0.01,0.05,0.057));
#13776=CARTESIAN_POINT('',(0.01,0.05,0.056));
#13777=CARTESIAN_POINT('',(0.016,0.05,0.056));
#13778=CARTESIAN_POINT('',(-0.015,0.0375,0.057));
#13779=CARTESIAN_POINT('',(0.01,0.05,0.057));
#13780=CARTESIAN_POINT('',(0.015,0.05,0.057));
#13781=CARTESIAN_POINT('',(0.01,0.05,0.057));
#13782=CARTESIAN_POINT('',(0.01,0.054,0.057));
#13783=CARTESIAN_POINT('',(-0.04,0.05,0.057));
#13784=CARTESIAN_POINT('',(-0.04,0.05,0.056));
#13785=CARTESIAN_POINT('',(-0.034,0.05,0.056));
#13786=CARTESIAN_POINT('',(-0.015,0.0375,0.057));
#13787=CARTESIAN_POINT('',(-0.04,0.05,0.057));
#13788=CARTESIAN_POINT('',(-0.035,0.05,0.057));
#13789=CARTESIAN_POINT('',(-0.04,0.05,0.057));
#13790=CARTESIAN_POINT('',(-0.04,0.054,0.057));
#13791=CARTESIAN_POINT('',(-0.015,0.0375,0.087));
#13792=CARTESIAN_POINT('',(0.01,0.05,0.087));
#13793=CARTESIAN_POINT('',(0.013,0.05,0.087));
#13794=CARTESIAN_POINT('',(0.01,0.05,0.087));
#13795=CARTESIAN_POINT('',(0.01,0.05,0.086));
#13796=CARTESIAN_POINT('',(0.014,0.05,0.086));
#13797=CARTESIAN_POINT('',(-0.015,0.0375,0.087));
#13798=CARTESIAN_POINT('',(-0.04,0.05,0.087));
#13799=CARTESIAN_POINT('',(-0.037,0.05,0.087));
#13800=CARTESIAN_POINT('',(-0.04,0.05,0.087));
#13801=CARTESIAN_POINT('',(-0.04,0.05,0.086));
#13802=CARTESIAN_POINT('',(-0.036,0.05,0.086));
#13803=CARTESIAN_POINT('',(-0.0507496723287105,0.0161998024631142,0.04215));
#13804=CARTESIAN_POINT('',(-0.0541330056620439,0.0128164691297809,0.0489166666666667));
#13805=CARTESIAN_POINT('',(-0.0507496723287105,0.0161998024631142,0.0523));
#13806=CARTESIAN_POINT('',(-0.0628163389953772,-0.00793353087021911,0.0402333333333334));
#13807=CARTESIAN_POINT('',(-0.0507496723287105,-0.0200001975368858,0.0523));
#13808=CARTESIAN_POINT('',(-0.0537496723287105,-0.0170001975368857,0.04215));
#13809=CARTESIAN_POINT('',(-0.0282496723287105,-0.0170001975368857,0.04215));
#13810=CARTESIAN_POINT('',(-0.0258663389953772,-0.0146168642035524,0.0469166666666667));
#13811=CARTESIAN_POINT('',(-0.0282496723287106,0.0161998024631142,0.0493));
#13812=CARTESIAN_POINT('',(-0.0292496723287106,0.0141998024631142,0.0503));
#13813=CARTESIAN_POINT('',(-0.0312496723287106,0.0161998024631142,0.0523));
#13814=CARTESIAN_POINT('',(-0.0312496723287106,0.0161998024631142,0.04215));
#13815=CARTESIAN_POINT('',(0.0227503276712894,0.0131998024631142,0.04215));
#13816=CARTESIAN_POINT('',(0.0251336610046228,0.0108164691297809,0.0469166666666667));
#13817=CARTESIAN_POINT('',(0.0227503276712894,0.0161998024631142,0.0493));
#13818=CARTESIAN_POINT('',(0.0338169943379562,-0.00593353087021905,0.0382333333333333));
#13819=CARTESIAN_POINT('',(0.0197503276712895,0.0161998024631142,0.0523));
#13820=CARTESIAN_POINT('',(0.0197503276712895,-0.0200001975368857,0.04215));
#13821=CARTESIAN_POINT('',(0.000250327671289477,-0.0200001975368857,0.04215));
#13822=CARTESIAN_POINT('',(-0.00313300566204386,-0.0166168642035524,0.0489166666666667));
#13823=CARTESIAN_POINT('',(0.000250327671289461,0.0161998024631142,0.0523));
#13824=CARTESIAN_POINT('',(0.000250327671289475,-0.0200001975368857,0.0523));
#13825=CARTESIAN_POINT('',(0.000250327671289465,0.0161998024631142,0.0523));
#13826=CARTESIAN_POINT('',(-0.00274967232871053,0.0131998024631142,0.04215));
#13827=CARTESIAN_POINT('',(-0.04,0.05,0.086));
#13828=CARTESIAN_POINT('',(0.01,0.05,0.086));
#13829=CARTESIAN_POINT('',(0.01,0.05,0.056));
#13830=CARTESIAN_POINT('',(-0.04,0.05,0.056));
#13831=CARTESIAN_POINT('',(-0.0507496723287105,-0.0200001975368858,0.0558));
#13832=CARTESIAN_POINT('',(-0.0507496723287105,0.0071998024631142,0.0558));
#13833=CARTESIAN_POINT('',(-0.0507496723287105,0.00719980246311421,0.0528));
#13834=CARTESIAN_POINT('',(-0.0507496723287105,0.00719980246311421,0.0523));
#13835=CARTESIAN_POINT('',(-0.0507496723287105,0.0161998024631142,0.0528));
#13836=CARTESIAN_POINT('',(-0.0507496723287105,0.00719980246311421,0.0523));
#13837=CARTESIAN_POINT('',(-0.0312496723287106,0.0161998024631142,0.0558));
#13838=CARTESIAN_POINT('',(-0.0312496723287106,0.00719980246311421,0.0528));
#13839=CARTESIAN_POINT('',(-0.0312496723287106,0.00719980246311421,0.0528));
#13840=CARTESIAN_POINT('',(-0.0312496723287106,0.00719980246311421,0.0558));
#13841=CARTESIAN_POINT('',(-0.0312496723287106,0.00719980246311421,0.0523));
#13842=CARTESIAN_POINT('',(-0.0312496723287106,0.00719980246311421,0.0523));
#13843=CARTESIAN_POINT('',(-0.0409996723287105,0.0161998024631142,0.0558));
#13844=CARTESIAN_POINT('',(-0.0409996723287105,0.0131998024631142,0.0558));
#13845=CARTESIAN_POINT('',(-0.0342496723287105,0.0131998024631142,0.0558));
#13846=CARTESIAN_POINT('',(-0.0477496723287105,0.0131998024631142,0.0558));
#13847=CARTESIAN_POINT('',(-0.0477496723287105,0.00719980246311421,0.0558));
#13848=CARTESIAN_POINT('',(-0.0477496723287105,0.0071998024631142,0.0558));
#13849=CARTESIAN_POINT('',(-0.0409996723287105,0.00719980246311421,0.0558));
#13850=CARTESIAN_POINT('',(-0.0342496723287105,0.00719980246311421,0.0558));
#13851=CARTESIAN_POINT('',(-0.0342496723287105,0.0161998024631142,0.0558));
#13852=CARTESIAN_POINT('',(0.0197503276712895,0.0161998024631142,0.0558));
#13853=CARTESIAN_POINT('',(0.0197503276712895,0.00719980246311424,0.0528));
#13854=CARTESIAN_POINT('',(0.0197503276712895,0.00719980246311424,0.0528));
#13855=CARTESIAN_POINT('',(0.0197503276712895,0.00719980246311424,0.05405));
#13856=CARTESIAN_POINT('',(0.0197503276712895,0.00719980246311424,0.0523));
#13857=CARTESIAN_POINT('',(0.0197503276712895,0.00719980246311424,0.0523));
#13858=CARTESIAN_POINT('',(0.000250327671289475,-0.0200001975368858,0.0558));
#13859=CARTESIAN_POINT('',(0.000250327671289465,0.00719980246311423,0.05405));
#13860=CARTESIAN_POINT('',(0.000250327671289465,0.00719980246311423,0.0523));
#13861=CARTESIAN_POINT('',(0.000250327671289465,0.00719980246311423,0.0528));
#13862=CARTESIAN_POINT('',(0.000250327671289461,0.0161998024631142,0.0528));
#13863=CARTESIAN_POINT('',(0.000250327671289465,0.00719980246311423,0.0523));
#13864=CARTESIAN_POINT('',(0.0100003276712895,0.0161998024631142,0.0558));
#13865=CARTESIAN_POINT('',(0.0100003276712895,0.00719980246311423,0.0558));
#13866=CARTESIAN_POINT('',(0.00325032767128946,0.00719980246311423,0.0558));
#13867=CARTESIAN_POINT('',(0.0167503276712894,0.00719980246311424,0.0558));
#13868=CARTESIAN_POINT('',(0.0167503276712894,0.0161998024631142,0.0558));
#13869=CARTESIAN_POINT('',(0.0167503276712894,0.0131998024631142,0.0558));
#13870=CARTESIAN_POINT('',(0.0100003276712895,0.0131998024631142,0.0558));
#13871=CARTESIAN_POINT('',(0.00325032767128946,0.0131998024631142,0.0558));
#13872=CARTESIAN_POINT('',(0.00325032767128946,0.00719980246311423,0.0558));
#13873=CARTESIAN_POINT('',(-0.0409996723287105,0.00719980246311422,0.0523));
#13874=CARTESIAN_POINT('',(-0.0409996723287105,0.00719980246311422,0.0523));
#13875=CARTESIAN_POINT('',(-0.0162496723287105,0.00719980246311423,0.04465));
#13876=CARTESIAN_POINT('',(-0.0375746723287105,0.00719980246311421,0.065975));
#13877=CARTESIAN_POINT('',(-0.0196746723287105,0.00719980246311423,0.041225));
#13878=CARTESIAN_POINT('',(0.0100003276712895,0.00719980246311423,0.0523));
#13879=CARTESIAN_POINT('',(0.0100003276712895,0.00719980246311423,0.0523));
#13880=CARTESIAN_POINT('',(-0.0162496723287105,0.00719980246311423,0.04465));
#13881=CARTESIAN_POINT('',(0.00582532767128949,0.00719980246311422,0.066725));
#13882=CARTESIAN_POINT('',(-0.0120746723287105,0.00719980246311423,0.040475));
#13883=CARTESIAN_POINT('',(-0.0342496723287105,0.0161998024631142,0.0558));
#13884=CARTESIAN_POINT('',(-0.0332496723287105,0.0141998024631142,0.0548));
#13885=CARTESIAN_POINT('',(-0.0409996723287105,0.0131998024631142,0.0558));
#13886=CARTESIAN_POINT('',(-0.0454996723287105,0.0109498024631142,0.05805));
#13887=CARTESIAN_POINT('',(-0.0477496723287105,0.0161998024631142,0.0558));
#13888=CARTESIAN_POINT('',(0.00325032767128946,0.0161998024631142,0.0558));
#13889=CARTESIAN_POINT('',(0.00225032767128946,0.0141998024631142,0.0548));
#13890=CARTESIAN_POINT('',(0.0100003276712895,0.0161998024631142,0.0528));
#13891=CARTESIAN_POINT('',(0.0165003276712894,0.0129498024631142,0.05605));
#13892=CARTESIAN_POINT('',(0.0167503276712894,0.0161998024631142,0.0558));
#13893=CARTESIAN_POINT('',(0.,0.,0.));
#13894=CARTESIAN_POINT('',(0.028,0.08,-0.042));
#13895=CARTESIAN_POINT('',(0.028,0.08,-0.042));
#13896=CARTESIAN_POINT('',(0.028,0.0455,-0.042));
#13897=CARTESIAN_POINT('',(0.028,-0.0105,-0.042));
#13898=CARTESIAN_POINT('',(0.028,-0.0105,-0.042));
#13899=CARTESIAN_POINT('',(0.028,-0.0105,-0.0161715728752538));
#13900=CARTESIAN_POINT('',(0.028,0.08,-0.0161715728752538));
#13901=CARTESIAN_POINT('',(0.028,0.0455,-0.0161715728752538));
#13902=CARTESIAN_POINT('',(0.028,0.0455,-0.042));
#13903=CARTESIAN_POINT('',(-0.0585857864376269,0.08,-0.0155857864376269));
#13904=CARTESIAN_POINT('',(-0.0585857864376269,0.0455,-0.0155857864376269));
#13905=CARTESIAN_POINT('',(-0.058,0.0455,-0.0161715728752538));
#13906=CARTESIAN_POINT('',(-0.0591715728752538,0.0455,-0.015));
#13907=CARTESIAN_POINT('',(-0.0591715728752538,0.08,-0.015));
#13908=CARTESIAN_POINT('',(-0.0591715728752538,0.098,-0.015));
#13909=CARTESIAN_POINT('',(-0.0738357864376269,0.098,-0.0003357864376269));
#13910=CARTESIAN_POINT('',(-0.0601715728752538,0.098,-0.014));
#13911=CARTESIAN_POINT('',(-0.0601715728752538,0.08,-0.014));
#13912=CARTESIAN_POINT('',(-0.0601715728752538,-0.0151715728752538,-0.014));
#13913=CARTESIAN_POINT('',(-0.0557238576250846,-0.0107238576250846,-0.0184477152501692));
#13914=CARTESIAN_POINT('',(-0.058,-0.013,-0.0161715728752538));
#13915=CARTESIAN_POINT('',(-0.058,0.1,-0.0161715728752538));
#13916=CARTESIAN_POINT('',(-0.058,-0.0105,-0.0161715728752538));
#13917=CARTESIAN_POINT('',(-0.058,0.1,-0.0161715728752538));
#13918=CARTESIAN_POINT('',(0.0227503276712895,0.0980001975368857,-0.02715));
#13919=CARTESIAN_POINT('',(0.0212503276712895,0.0995001975368857,-0.0264));
#13920=CARTESIAN_POINT('',(0.0212503276712895,0.0995001975368858,-0.017));
#13921=CARTESIAN_POINT('',(0.0212503276712895,0.0995001975368857,-0.0358));
#13922=CARTESIAN_POINT('',(0.0227503276712895,0.0980001975368857,-0.017));
#13923=CARTESIAN_POINT('',(0.0227503276712895,0.0980001975368857,-0.017));
#13924=CARTESIAN_POINT('',(0.0227503276712895,0.0980001975368857,-0.017));
#13925=CARTESIAN_POINT('',(0.0227503276712895,0.0980001975368857,-0.0353));
#13926=CARTESIAN_POINT('',(0.0341503276712894,0.0866001975368858,-0.0239));
#13927=CARTESIAN_POINT('',(0.0207503276712895,0.100000197536886,-0.0373));
#13928=CARTESIAN_POINT('',(0.0207503276712895,0.100000197536886,-0.0373));
#13929=CARTESIAN_POINT('',(0.0207503276712895,0.100000197536886,-0.0358));
#13930=CARTESIAN_POINT('',(0.0227503276712895,0.0980001975368857,-0.0358));
#13931=CARTESIAN_POINT('',(-0.00274967232871052,0.0980001975368857,-0.02715));
#13932=CARTESIAN_POINT('',(-0.00274967232871052,0.0980001975368857,-0.0358));
#13933=CARTESIAN_POINT('',(-0.000749672328710526,0.100000197536886,-0.0358));
#13934=CARTESIAN_POINT('',(-0.00124967232871055,0.0995001975368857,-0.0358));
#13935=CARTESIAN_POINT('',(-0.000749672328710524,0.100000197536886,-0.017));
#13936=CARTESIAN_POINT('',(-0.000749672328710526,0.100000197536886,-0.0373));
#13937=CARTESIAN_POINT('',(-0.00546633899537719,0.095283530870219,-0.0325833333333333));
#13938=CARTESIAN_POINT('',(-0.00274967232871052,0.0980001975368857,-0.0353));
#13939=CARTESIAN_POINT('',(-0.00274967232871052,0.0980001975368857,-0.0373));
#13940=CARTESIAN_POINT('',(-0.00274967232871052,0.0980001975368857,-0.017));
#13941=CARTESIAN_POINT('',(-0.00274967232871053,0.0980001975368857,-0.017));
#13942=CARTESIAN_POINT('',(-0.00124967232871055,0.0995001975368857,-0.017));
#13943=CARTESIAN_POINT('',(-0.00124967232871055,0.0995001975368857,-0.02715));
#13944=CARTESIAN_POINT('',(-0.0517496723287105,0.100000197536886,-0.02715));
#13945=CARTESIAN_POINT('',(-0.0517496723287105,0.100000197536886,-0.0358));
#13946=CARTESIAN_POINT('',(-0.0517496723287105,0.100000197536886,-0.0358));
#13947=CARTESIAN_POINT('',(-0.0522496723287105,0.0995001975368857,-0.0358));
#13948=CARTESIAN_POINT('',(-0.0517496723287105,0.100000197536886,-0.017));
#13949=CARTESIAN_POINT('',(-0.0517496723287105,0.100000197536886,-0.0373));
#13950=CARTESIAN_POINT('',(-0.0638163389953772,0.0879335308702191,-0.0252333333333333));
#13951=CARTESIAN_POINT('',(-0.0537496723287105,0.0980001975368857,-0.0353));
#13952=CARTESIAN_POINT('',(-0.0537496723287105,0.0980001975368857,-0.0373));
#13953=CARTESIAN_POINT('',(-0.0537496723287105,0.0980001975368857,-0.017));
#13954=CARTESIAN_POINT('',(-0.0517496723287105,0.100000197536886,-0.017));
#13955=CARTESIAN_POINT('',(-0.0522496723287105,0.0995001975368857,-0.017));
#13956=CARTESIAN_POINT('',(-0.0522496723287105,0.0995001975368857,-0.0264));
#13957=CARTESIAN_POINT('',(-0.0302496723287106,0.100000197536886,-0.02715));
#13958=CARTESIAN_POINT('',(-0.0297496723287105,0.0995001975368857,-0.02715));
#13959=CARTESIAN_POINT('',(-0.0297496723287105,0.0995001975368857,-0.017));
#13960=CARTESIAN_POINT('',(-0.0297496723287105,0.0995001975368857,-0.0358));
#13961=CARTESIAN_POINT('',(-0.0302496723287106,0.100000197536886,-0.017));
#13962=CARTESIAN_POINT('',(-0.0282496723287106,0.0980001975368857,-0.017));
#13963=CARTESIAN_POINT('',(-0.0282496723287106,0.0980001975368857,-0.017));
#13964=CARTESIAN_POINT('',(-0.0282496723287106,0.0980001975368857,-0.0353));
#13965=CARTESIAN_POINT('',(-0.0268663389953772,0.0966168642035524,-0.0339166666666667));
#13966=CARTESIAN_POINT('',(-0.0302496723287106,0.100000197536886,-0.0373));
#13967=CARTESIAN_POINT('',(-0.0302496723287106,0.100000197536886,-0.0373));
#13968=CARTESIAN_POINT('',(-0.0302496723287106,0.100000197536886,-0.0358));
#13969=CARTESIAN_POINT('',(-0.0302496723287106,0.100000197536886,-0.0358));
#13970=CARTESIAN_POINT('',(-0.0409996723287105,0.100000197536886,-0.02715));
#13971=CARTESIAN_POINT('',(-0.0409996723287105,0.100000197536886,-0.0373));
#13972=CARTESIAN_POINT('',(-0.0459996723287105,0.100000197536886,-0.0373));
#13973=CARTESIAN_POINT('',(-0.0409996723287105,0.100000197536886,-0.0358));
#13974=CARTESIAN_POINT('',(-0.0459996723287105,0.100000197536886,-0.0358));
#13975=CARTESIAN_POINT('',(-0.0459996723287105,0.100000197536886,-0.03655));
#13976=CARTESIAN_POINT('',(-0.0282496723287106,0.0638001975368857,-0.02715));
#13977=CARTESIAN_POINT('',(-0.0282496723287106,0.0638001975368857,-0.0353));
#13978=CARTESIAN_POINT('',(-0.0282496723287106,0.0658001975368857,-0.0353));
#13979=CARTESIAN_POINT('',(-0.0282496723287106,0.0638001975368858,-0.017));
#13980=CARTESIAN_POINT('',(-0.0282496723287106,0.0658001975368857,-0.017));
#13981=CARTESIAN_POINT('',(-0.0282496723287106,0.0658001975368857,-0.0373));
#13982=CARTESIAN_POINT('',(-0.0409996723287105,0.0638001975368857,-0.0373));
#13983=CARTESIAN_POINT('',(-0.0409996723287105,0.100000197536886,-0.0373));
#13984=CARTESIAN_POINT('',(-0.0359996723287105,0.100000197536886,-0.0373));
#13985=CARTESIAN_POINT('',(-0.0302496723287106,0.0638001975368857,-0.0373));
#13986=CARTESIAN_POINT('',(-0.0302496723287106,0.0658001975368857,-0.0373));
#13987=CARTESIAN_POINT('',(-0.0537496723287105,0.0658001975368857,-0.0373));
#13988=CARTESIAN_POINT('',(-0.0517496723287105,0.0658001975368857,-0.0373));
#13989=CARTESIAN_POINT('',(-0.0517496723287105,0.0638001975368857,-0.0373));
#13990=CARTESIAN_POINT('',(-0.0459996723287105,0.133000197536886,-0.0373));
#13991=CARTESIAN_POINT('',(-0.0459996723287105,0.138000197536886,-0.0373));
#13992=CARTESIAN_POINT('',(-0.0409996723287105,0.138000197536886,-0.0373));
#13993=CARTESIAN_POINT('',(-0.0359996723287105,0.138000197536886,-0.0373));
#13994=CARTESIAN_POINT('',(-0.0359996723287105,0.133000197536886,-0.0373));
#13995=CARTESIAN_POINT('',(-0.0537496723287105,0.0638001975368857,-0.02715));
#13996=CARTESIAN_POINT('',(-0.0537496723287105,0.0638001975368857,-0.017));
#13997=CARTESIAN_POINT('',(-0.0537496723287105,0.0658001975368858,-0.017));
#13998=CARTESIAN_POINT('',(-0.0537496723287105,0.0638001975368857,-0.0353));
#13999=CARTESIAN_POINT('',(-0.0537496723287105,0.0658001975368857,-0.0353));
#14000=CARTESIAN_POINT('',(-0.0537496723287105,0.0658001975368858,-0.017));
#14001=CARTESIAN_POINT('',(-0.0409996723287105,0.0638001975368857,-0.02715));
#14002=CARTESIAN_POINT('',(-0.0409996723287105,0.0638001975368858,-0.017));
#14003=CARTESIAN_POINT('',(-0.0302496723287106,0.0638001975368858,-0.017));
#14004=CARTESIAN_POINT('',(-0.0517496723287105,0.0638001975368858,-0.017));
#14005=CARTESIAN_POINT('',(-0.0517496723287105,0.0638001975368857,-0.0373));
#14006=CARTESIAN_POINT('',(-0.0517496723287105,0.0638001975368857,-0.0353));
#14007=CARTESIAN_POINT('',(-0.0282496723287106,0.0638001975368857,-0.0353));
#14008=CARTESIAN_POINT('',(-0.0302496723287106,0.0638001975368857,-0.0353));
#14009=CARTESIAN_POINT('',(-0.0302496723287106,0.0638001975368858,-0.017));
#14010=CARTESIAN_POINT('',(-0.0409996723287105,0.0688001975368857,-0.02715));
#14011=CARTESIAN_POINT('',(-0.0409996723287105,0.0688001975368858,-0.017));
#14012=CARTESIAN_POINT('',(-0.0297496723287105,0.0688001975368858,-0.017));
#14013=CARTESIAN_POINT('',(-0.0522496723287105,0.0688001975368858,-0.017));
#14014=CARTESIAN_POINT('',(-0.0297496723287105,0.0688001975368857,-0.0264));
#14015=CARTESIAN_POINT('',(-0.0297496723287105,0.0688001975368857,-0.0358));
#14016=CARTESIAN_POINT('',(-0.0409996723287105,0.0688001975368857,-0.0358));
#14017=CARTESIAN_POINT('',(-0.0522496723287105,0.0688001975368857,-0.0358));
#14018=CARTESIAN_POINT('',(-0.0522496723287105,0.0688001975368857,-0.0264));
#14019=CARTESIAN_POINT('',(-0.0297496723287105,0.100000197536886,-0.0264));
#14020=CARTESIAN_POINT('',(-0.0297496723287105,0.100000197536886,-0.017));
#14021=CARTESIAN_POINT('',(-0.0297496723287105,0.100000197536886,-0.0358));
#14022=CARTESIAN_POINT('',(-0.0409996723287105,0.100000197536886,-0.0358));
#14023=CARTESIAN_POINT('',(-0.0409996723287105,0.100000197536886,-0.0358));
#14024=CARTESIAN_POINT('',(-0.0359996723287105,0.100000197536886,-0.0358));
#14025=CARTESIAN_POINT('',(-0.0359996723287105,0.133000197536886,-0.0358));
#14026=CARTESIAN_POINT('',(-0.0359996723287105,0.133000197536886,-0.0358));
#14027=CARTESIAN_POINT('',(-0.0409996723287105,0.133000197536886,-0.0358));
#14028=CARTESIAN_POINT('',(-0.0459996723287105,0.133000197536886,-0.0358));
#14029=CARTESIAN_POINT('',(-0.0459996723287105,0.133000197536886,-0.0358));
#14030=CARTESIAN_POINT('',(-0.0522496723287105,0.100000197536886,-0.0358));
#14031=CARTESIAN_POINT('',(-0.0522496723287105,0.100000197536886,-0.0264));
#14032=CARTESIAN_POINT('',(-0.0522496723287105,0.100000197536886,-0.017));
#14033=CARTESIAN_POINT('',(-0.0409996723287105,0.100000197536886,-0.02715));
#14034=CARTESIAN_POINT('',(-0.0359996723287105,0.100000197536886,-0.03655));
#14035=CARTESIAN_POINT('',(-0.0359996723287105,0.133000197536886,-0.03655));
#14036=CARTESIAN_POINT('',(-0.0359996723287105,0.138000197536886,-0.0323));
#14037=CARTESIAN_POINT('',(-0.0359996723287105,0.135000197536886,-0.0323));
#14038=CARTESIAN_POINT('',(-0.0359996723287105,0.133000197536886,-0.0323));
#14039=CARTESIAN_POINT('',(-0.0359996723287105,0.133000197536886,-0.03655));
#14040=CARTESIAN_POINT('',(-0.0359996723287105,0.138000197536886,-0.03655));
#14041=CARTESIAN_POINT('',(-0.0359996723287105,0.138000197536886,-0.0353));
#14042=CARTESIAN_POINT('',(-0.0359996723287105,0.138000197536886,-0.0353));
#14043=CARTESIAN_POINT('',(-0.0459996723287105,0.133000197536886,-0.03655));
#14044=CARTESIAN_POINT('',(-0.0459996723287105,0.138000197536886,-0.03655));
#14045=CARTESIAN_POINT('',(-0.0459996723287105,0.138000197536886,-0.0353));
#14046=CARTESIAN_POINT('',(-0.0459996723287105,0.133000197536886,-0.03655));
#14047=CARTESIAN_POINT('',(-0.0459996723287105,0.133000197536886,-0.0323));
#14048=CARTESIAN_POINT('',(-0.0459996723287105,0.138000197536886,-0.0323));
#14049=CARTESIAN_POINT('',(-0.0459996723287105,0.135000197536886,-0.0323));
#14050=CARTESIAN_POINT('',(-0.0459996723287105,0.136125197536886,-0.033425));
#14051=CARTESIAN_POINT('',(-0.0409996723287105,0.133000197536886,-0.0348));
#14052=CARTESIAN_POINT('',(-0.0409996723287105,0.133000197536886,-0.0323));
#14053=CARTESIAN_POINT('',(-0.0409996723287105,0.138000197536886,-0.0323));
#14054=CARTESIAN_POINT('',(-0.0359996723287105,0.135000197536886,-0.0323));
#14055=CARTESIAN_POINT('',(-0.0409996723287105,0.138000197536886,-0.0348));
#14056=CARTESIAN_POINT('',(-0.0459996723287105,0.138000197536886,-0.0353));
#14057=CARTESIAN_POINT('',(-0.0409996723287105,0.138000197536886,-0.0353));
#14058=CARTESIAN_POINT('',(-0.04,0.08,-0.017));
#14059=CARTESIAN_POINT('',(-0.015,0.05,-0.017));
#14060=CARTESIAN_POINT('',(-0.06,0.05,-0.017));
#14061=CARTESIAN_POINT('',(0.03,0.05,-0.017));
#14062=CARTESIAN_POINT('',(-0.06,0.1,-0.017));
#14063=CARTESIAN_POINT('',(-0.06,0.1,-0.017));
#14064=CARTESIAN_POINT('',(-0.04,0.1,-0.017));
#14065=CARTESIAN_POINT('',(-0.0537496723287105,0.1,-0.017));
#14066=CARTESIAN_POINT('',(-0.0409996723287105,0.100000197536886,-0.017));
#14067=CARTESIAN_POINT('',(-0.0522496723287105,0.1,-0.017));
#14068=CARTESIAN_POINT('',(-0.04,0.1,-0.017));
#14069=CARTESIAN_POINT('',(0.0212503276712895,0.1,-0.017));
#14070=CARTESIAN_POINT('',(0.0100003276712895,0.100000197536886,-0.017));
#14071=CARTESIAN_POINT('',(0.0227503276712895,0.1,-0.017));
#14072=CARTESIAN_POINT('',(-0.04,0.1,-0.017));
#14073=CARTESIAN_POINT('',(0.03,0.1,-0.017));
#14074=CARTESIAN_POINT('',(0.03,0.08,-0.017));
#14075=CARTESIAN_POINT('',(0.0212503276712895,0.100000197536886,-0.017));
#14076=CARTESIAN_POINT('',(0.0212503276712895,0.0688001975368858,-0.017));
#14077=CARTESIAN_POINT('',(0.0100003276712895,0.0688001975368858,-0.017));
#14078=CARTESIAN_POINT('',(-0.00124967232871055,0.0688001975368858,-0.017));
#14079=CARTESIAN_POINT('',(-0.00124967232871055,0.100000197536886,-0.017));
#14080=CARTESIAN_POINT('',(-0.00274967232871053,0.0638001975368858,-0.017));
#14081=CARTESIAN_POINT('',(-0.00274967232871053,0.0658001975368858,-0.017));
#14082=CARTESIAN_POINT('',(-0.000749672328710523,0.0638001975368857,-0.017));
#14083=CARTESIAN_POINT('',(-0.000749672328710527,0.0638001975368858,-0.017));
#14084=CARTESIAN_POINT('',(0.0100003276712895,0.0638001975368858,-0.017));
#14085=CARTESIAN_POINT('',(0.0207503276712895,0.0638001975368858,-0.017));
#14086=CARTESIAN_POINT('',(0.0207503276712895,0.0638001975368857,-0.017));
#14087=CARTESIAN_POINT('',(0.0227503276712895,0.0658001975368857,-0.017));
#14088=CARTESIAN_POINT('',(0.0227503276712895,0.0638001975368857,-0.017));
#14089=CARTESIAN_POINT('',(-0.0537496723287105,0.0658001975368857,-0.017));
#14090=CARTESIAN_POINT('',(-0.0282496723287106,0.0658001975368857,-0.017));
#14091=CARTESIAN_POINT('',(-0.04,0.08,-0.017));
#14092=CARTESIAN_POINT('',(-0.044,0.08,-0.017));
#14093=CARTESIAN_POINT('',(0.01,0.08,-0.017));
#14094=CARTESIAN_POINT('',(0.006,0.08,-0.017));
#14095=CARTESIAN_POINT('',(0.0100003276712895,0.100000197536886,-0.02715));
#14096=CARTESIAN_POINT('',(0.0100003276712894,0.100000197536886,-0.0358));
#14097=CARTESIAN_POINT('',(0.0150003276712895,0.100000197536886,-0.0358));
#14098=CARTESIAN_POINT('',(0.0100003276712895,0.100000197536886,-0.0373));
#14099=CARTESIAN_POINT('',(0.0150003276712895,0.100000197536886,-0.0373));
#14100=CARTESIAN_POINT('',(0.0150003276712895,0.100000197536886,-0.03655));
#14101=CARTESIAN_POINT('',(-0.00274967232871053,0.0638001975368857,-0.02715));
#14102=CARTESIAN_POINT('',(-0.00274967232871053,0.0638001975368857,-0.0353));
#14103=CARTESIAN_POINT('',(-0.00274967232871053,0.0658001975368857,-0.0353));
#14104=CARTESIAN_POINT('',(-0.00274967232871053,0.0658001975368858,-0.017));
#14105=CARTESIAN_POINT('',(0.0100003276712895,0.0638001975368857,-0.0373));
#14106=CARTESIAN_POINT('',(-0.00274967232871053,0.0658001975368857,-0.0373));
#14107=CARTESIAN_POINT('',(0.0207503276712895,0.0658001975368857,-0.0373));
#14108=CARTESIAN_POINT('',(-0.000749672328710527,0.0658001975368857,-0.0373));
#14109=CARTESIAN_POINT('',(-0.000749672328710527,0.0638001975368857,-0.0373));
#14110=CARTESIAN_POINT('',(0.0100003276712895,0.100000197536886,-0.0373));
#14111=CARTESIAN_POINT('',(0.00500032767128947,0.100000197536886,-0.0373));
#14112=CARTESIAN_POINT('',(0.00500032767128948,0.133000197536886,-0.0373));
#14113=CARTESIAN_POINT('',(0.00500032767128948,0.138000197536886,-0.0373));
#14114=CARTESIAN_POINT('',(0.0100003276712895,0.138000197536886,-0.0373));
#14115=CARTESIAN_POINT('',(0.0150003276712895,0.138000197536886,-0.0373));
#14116=CARTESIAN_POINT('',(0.0150003276712895,0.133000197536886,-0.0373));
#14117=CARTESIAN_POINT('',(0.0207503276712895,0.0638001975368857,-0.0373));
#14118=CARTESIAN_POINT('',(0.0227503276712895,0.0638001975368857,-0.02715));
#14119=CARTESIAN_POINT('',(0.0227503276712895,0.0638001975368857,-0.0353));
#14120=CARTESIAN_POINT('',(0.0227503276712895,0.0658001975368857,-0.0353));
#14121=CARTESIAN_POINT('',(0.0227503276712895,0.0658001975368857,-0.0373));
#14122=CARTESIAN_POINT('',(0.0100003276712895,0.0638001975368857,-0.02715));
#14123=CARTESIAN_POINT('',(0.0227503276712895,0.0638001975368857,-0.0353));
#14124=CARTESIAN_POINT('',(-0.000749672328710528,0.0638001975368857,-0.0353));
#14125=CARTESIAN_POINT('',(0.0207503276712895,0.0638001975368857,-0.0353));
#14126=CARTESIAN_POINT('',(0.0207503276712895,0.0638001975368858,-0.017));
#14127=CARTESIAN_POINT('',(-0.000749672328710529,0.0638001975368857,-0.0373));
#14128=CARTESIAN_POINT('',(0.0100003276712895,0.0688001975368857,-0.02715));
#14129=CARTESIAN_POINT('',(0.0212503276712895,0.0688001975368857,-0.0264));
#14130=CARTESIAN_POINT('',(0.0212503276712895,0.0688001975368857,-0.0358));
#14131=CARTESIAN_POINT('',(0.0100003276712894,0.0688001975368857,-0.0358));
#14132=CARTESIAN_POINT('',(-0.00124967232871055,0.0688001975368857,-0.0358));
#14133=CARTESIAN_POINT('',(-0.00124967232871055,0.0688001975368857,-0.0264));
#14134=CARTESIAN_POINT('',(-0.00124967232871055,0.100000197536886,-0.0264));
#14135=CARTESIAN_POINT('',(-0.00124967232871055,0.100000197536886,-0.0358));
#14136=CARTESIAN_POINT('',(0.0100003276712894,0.100000197536886,-0.0358));
#14137=CARTESIAN_POINT('',(0.0100003276712894,0.100000197536886,-0.0358));
#14138=CARTESIAN_POINT('',(0.00500032767128947,0.100000197536886,-0.0358));
#14139=CARTESIAN_POINT('',(0.0212503276712895,0.100000197536886,-0.0358));
#14140=CARTESIAN_POINT('',(0.0150003276712895,0.133000197536886,-0.0358));
#14141=CARTESIAN_POINT('',(0.0150003276712895,0.133000197536886,-0.0358));
#14142=CARTESIAN_POINT('',(0.0100003276712894,0.133000197536886,-0.0358));
#14143=CARTESIAN_POINT('',(0.00500032767128948,0.133000197536886,-0.0358));
#14144=CARTESIAN_POINT('',(0.00500032767128948,0.133000197536886,-0.0358));
#14145=CARTESIAN_POINT('',(0.0212503276712895,0.100000197536886,-0.0264));
#14146=CARTESIAN_POINT('',(0.0100003276712895,0.100000197536886,-0.02715));
#14147=CARTESIAN_POINT('',(0.00500032767128947,0.100000197536886,-0.03655));
#14148=CARTESIAN_POINT('',(0.00500032767128948,0.133000197536886,-0.03655));
#14149=CARTESIAN_POINT('',(0.00500032767128948,0.138000197536886,-0.0323));
#14150=CARTESIAN_POINT('',(0.00500032767128948,0.135000197536886,-0.0323));
#14151=CARTESIAN_POINT('',(0.00500032767128948,0.133000197536886,-0.0323));
#14152=CARTESIAN_POINT('',(0.00500032767128948,0.138000197536886,-0.0353));
#14153=CARTESIAN_POINT('',(0.00500032767128948,0.138000197536886,-0.0353));
#14154=CARTESIAN_POINT('',(0.00500032767128948,0.138000197536886,-0.03655));
#14155=CARTESIAN_POINT('',(0.00500032767128948,0.133000197536886,-0.03655));
#14156=CARTESIAN_POINT('',(0.0150003276712895,0.133000197536886,-0.03655));
#14157=CARTESIAN_POINT('',(0.0150003276712895,0.138000197536886,-0.03655));
#14158=CARTESIAN_POINT('',(0.0150003276712895,0.138000197536886,-0.0353));
#14159=CARTESIAN_POINT('',(0.0150003276712895,0.136125197536886,-0.033425));
#14160=CARTESIAN_POINT('',(0.0150003276712895,0.135000197536886,-0.0323));
#14161=CARTESIAN_POINT('',(0.0150003276712895,0.138000197536886,-0.0323));
#14162=CARTESIAN_POINT('',(0.0150003276712895,0.133000197536886,-0.0323));
#14163=CARTESIAN_POINT('',(0.0150003276712895,0.133000197536886,-0.03655));
#14164=CARTESIAN_POINT('',(0.0100003276712895,0.133000197536886,-0.0348));
#14165=CARTESIAN_POINT('',(0.0100003276712895,0.133000197536886,-0.0323));
#14166=CARTESIAN_POINT('',(0.0100003276712895,0.138000197536886,-0.0323));
#14167=CARTESIAN_POINT('',(0.00500032767128948,0.135000197536886,-0.0323));
#14168=CARTESIAN_POINT('',(0.0100003276712895,0.138000197536886,-0.0348));
#14169=CARTESIAN_POINT('',(0.0150003276712895,0.138000197536886,-0.0353));
#14170=CARTESIAN_POINT('',(0.0100003276712895,0.138000197536886,-0.0353));
#14171=CARTESIAN_POINT('',(-0.04,-0.02,-0.017));
#14172=CARTESIAN_POINT('',(-0.065,-0.02,-0.017));
#14173=CARTESIAN_POINT('',(-0.065,-0.02,-0.012));
#14174=CARTESIAN_POINT('',(-0.065,-0.02,0.0065));
#14175=CARTESIAN_POINT('',(-0.04,-0.02,-0.012));
#14176=CARTESIAN_POINT('',(-0.06,-0.02,-0.012));
#14177=CARTESIAN_POINT('',(-0.06,-0.02,-0.017));
#14178=CARTESIAN_POINT('',(-0.06,-0.02,0.0065));
#14179=CARTESIAN_POINT('',(-0.065,-0.02,0.0065));
#14180=CARTESIAN_POINT('',(-0.065,0.06,0.0085));
#14181=CARTESIAN_POINT('',(0.035,0.06,0.0065));
#14182=CARTESIAN_POINT('',(0.035,0.06,0.0065));
#14183=CARTESIAN_POINT('',(0.03,0.06,0.0065));
#14184=CARTESIAN_POINT('',(0.035,0.06,0.0085));
#14185=CARTESIAN_POINT('',(0.035,0.06,0.0085));
#14186=CARTESIAN_POINT('',(0.035,0.06,0.0085));
#14187=CARTESIAN_POINT('',(0.03,0.06,0.0085));
#14188=CARTESIAN_POINT('',(0.03,0.06,0.0085));
#14189=CARTESIAN_POINT('',(-0.06,0.08,0.0085));
#14190=CARTESIAN_POINT('',(-0.06,0.06,0.0085));
#14191=CARTESIAN_POINT('',(-0.06,0.06,0.0085));
#14192=CARTESIAN_POINT('',(-0.06,0.06,0.0065));
#14193=CARTESIAN_POINT('',(-0.06,0.04,0.0065));
#14194=CARTESIAN_POINT('',(-0.06,0.08,-0.012));
#14195=CARTESIAN_POINT('',(-0.06,0.1,-0.012));
#14196=CARTESIAN_POINT('',(-0.06,0.1,0.0085));
#14197=CARTESIAN_POINT('',(-0.06,0.1,0.0085));
#14198=CARTESIAN_POINT('',(-0.06,0.08,0.0085));
#14199=CARTESIAN_POINT('',(-0.065,0.1,0.0085));
#14200=CARTESIAN_POINT('',(0.035,0.1,0.0085));
#14201=CARTESIAN_POINT('',(0.035,0.1,0.0085));
#14202=CARTESIAN_POINT('',(0.035,0.1,-0.012));
#14203=CARTESIAN_POINT('',(-0.00475,0.1,-0.05175));
#14204=CARTESIAN_POINT('',(-0.07525,0.1,-0.00175));
#14205=CARTESIAN_POINT('',(-0.065,0.1,-0.012));
#14206=CARTESIAN_POINT('',(-0.065,0.1,0.0085));
#14207=CARTESIAN_POINT('',(-0.065,0.1,0.0085));
#14208=CARTESIAN_POINT('',(-0.065,0.1,0.0085));
#14209=CARTESIAN_POINT('',(-0.04,0.1,-0.012));
#14210=CARTESIAN_POINT('',(0.03,0.1,-0.012));
#14211=CARTESIAN_POINT('',(0.03,0.1,0.0085));
#14212=CARTESIAN_POINT('',(0.03,0.1,0.0085));
#14213=CARTESIAN_POINT('',(0.035,0.1,0.0085));
#14214=CARTESIAN_POINT('',(-0.065,0.08,0.0085));
#14215=CARTESIAN_POINT('',(-0.065,-0.02,-0.012));
#14216=CARTESIAN_POINT('',(-0.065,0.04,0.0065));
#14217=CARTESIAN_POINT('',(-0.065,0.06,0.0065));
#14218=CARTESIAN_POINT('',(-0.065,0.06,0.0085));
#14219=CARTESIAN_POINT('',(-0.065,0.06,0.0085));
#14220=CARTESIAN_POINT('',(-0.065,0.08,0.0085));
#14221=CARTESIAN_POINT('',(-0.065,0.06,0.0085));
#14222=CARTESIAN_POINT('',(-0.065,0.06,0.0065));
#14223=CARTESIAN_POINT('',(-0.065,0.06,0.0085));
#14224=CARTESIAN_POINT('',(-0.065,0.08,0.0085));
#14225=CARTESIAN_POINT('',(0.03,0.08,0.0085));
#14226=CARTESIAN_POINT('',(0.03,0.08,-0.012));
#14227=CARTESIAN_POINT('',(0.03,-0.02,-0.012));
#14228=CARTESIAN_POINT('',(0.03,-0.02,-0.017));
#14229=CARTESIAN_POINT('',(0.03,-0.02,0.0065));
#14230=CARTESIAN_POINT('',(0.03,0.04,0.0065));
#14231=CARTESIAN_POINT('',(0.03,0.08,0.0085));
#14232=CARTESIAN_POINT('',(0.035,0.08,0.0085));
#14233=CARTESIAN_POINT('',(0.035,-0.02,-0.017));
#14234=CARTESIAN_POINT('',(0.035,-0.02,-0.012));
#14235=CARTESIAN_POINT('',(0.035,-0.02,0.0065));
#14236=CARTESIAN_POINT('',(0.035,0.08,-0.012));
#14237=CARTESIAN_POINT('',(0.035,0.08,0.0085));
#14238=CARTESIAN_POINT('',(0.035,0.04,0.0065));
#14239=CARTESIAN_POINT('',(0.035,0.08,0.0085));
#14240=CARTESIAN_POINT('',(-0.04,0.08,-0.012));
#14241=CARTESIAN_POINT('',(-0.04,0.08,-0.012));
#14242=CARTESIAN_POINT('',(-0.044,0.08,-0.012));
#14243=CARTESIAN_POINT('',(-0.04,-0.02,-0.012));
#14244=CARTESIAN_POINT('',(0.01,0.08,-0.012));
#14245=CARTESIAN_POINT('',(0.006,0.08,-0.012));
#14246=CARTESIAN_POINT('',(-0.04,0.04,-0.012));
#14247=CARTESIAN_POINT('',(-0.036,0.04,-0.012));
#14248=CARTESIAN_POINT('',(0.01,0.04,-0.012));
#14249=CARTESIAN_POINT('',(0.006,0.04,-0.012));
#14250=CARTESIAN_POINT('',(-0.04,-7.56132628206616E-18,-0.012));
#14251=CARTESIAN_POINT('',(-0.036,-7.56132628206616E-18,-0.012));
#14252=CARTESIAN_POINT('',(0.01,1.11229109781787E-18,-0.012));
#14253=CARTESIAN_POINT('',(0.006,-2.75487682963572E-19,-0.012));
#14254=CARTESIAN_POINT('',(-0.04,0.08,-0.026));
#14255=CARTESIAN_POINT('',(0.01,0.08,-0.026));
#14256=CARTESIAN_POINT('',(-0.04,0.04,0.025));
#14257=CARTESIAN_POINT('',(-0.04,0.04,0.032));
#14258=CARTESIAN_POINT('',(-0.036,0.04,0.032));
#14259=CARTESIAN_POINT('',(-0.065,0.04,0.0065));
#14260=CARTESIAN_POINT('',(0.01,0.04,0.025));
#14261=CARTESIAN_POINT('',(0.01,0.04,0.032));
#14262=CARTESIAN_POINT('',(0.014,0.04,0.032));
#14263=CARTESIAN_POINT('',(0.035,0.04,0.0065));
#14264=CARTESIAN_POINT('',(0.035,-0.02,0.0065));
#14265=CARTESIAN_POINT('',(-0.015,0.04,0.032));
#14266=CARTESIAN_POINT('',(-0.015,0.04,0.032));
#14267=CARTESIAN_POINT('',(-0.04,-7.56132628206616E-18,0.025));
#14268=CARTESIAN_POINT('',(-0.04,-7.56132628206616E-18,0.032));
#14269=CARTESIAN_POINT('',(-0.036,-7.56132628206616E-18,0.032));
#14270=CARTESIAN_POINT('',(-0.04,-0.02,-0.017));
#14271=CARTESIAN_POINT('',(-0.04,-0.02,-0.012));
#14272=CARTESIAN_POINT('',(0.01,1.11229109781787E-18,0.025));
#14273=CARTESIAN_POINT('',(0.01,1.35722045764734E-18,0.032));
#14274=CARTESIAN_POINT('',(0.014,1.35722045764734E-18,0.032));
#14275=CARTESIAN_POINT('',(-0.015,-3.46944695195361E-18,0.032));
#14276=CARTESIAN_POINT('',(-0.015,-3.46944695195361E-18,0.032));
#14277=CARTESIAN_POINT('',(-0.06,0.08,-0.017));
#14278=CARTESIAN_POINT('',(-0.06,0.1,-0.017));
#14279=CARTESIAN_POINT('',(-0.06,-0.015,-0.017));
#14280=CARTESIAN_POINT('',(-0.0283333333333333,0.0166666666666666,-0.0486666666666667));
#14281=CARTESIAN_POINT('',(-0.04,-0.02,-0.012));
#14282=CARTESIAN_POINT('',(-0.04,-0.015,-0.017));
#14283=CARTESIAN_POINT('',(0.03,-0.015,-0.017));
#14284=CARTESIAN_POINT('',(0.01,0.005,-0.037));
#14285=CARTESIAN_POINT('',(0.035,0.08,-0.012));
#14286=CARTESIAN_POINT('',(0.03,0.08,-0.017));
#14287=CARTESIAN_POINT('',(-0.0517496723287105,0.0638001975368857,-0.0373));
#14288=CARTESIAN_POINT('',(-0.0537496723287105,0.0658001975368857,-0.0353));
#14289=CARTESIAN_POINT('',(-0.0537496723287105,0.0658001975368857,-0.02715));
#14290=CARTESIAN_POINT('',(-0.0537496723287105,0.0658001975368857,-0.0353));
#14291=CARTESIAN_POINT('',(-0.0537496723287105,0.0658001975368857,-0.0353));
#14292=CARTESIAN_POINT('',(-0.0517496723287105,0.0648001975368857,-0.0363));
#14293=CARTESIAN_POINT('',(-0.0409996723287105,0.0658001975368857,-0.0373));
#14294=CARTESIAN_POINT('',(-0.0302496723287106,0.0658001975368857,-0.0373));
#14295=CARTESIAN_POINT('',(-0.0282496723287106,0.0658001975368857,-0.02715));
#14296=CARTESIAN_POINT('',(-0.0292496723287105,0.0648001975368858,-0.0353));
#14297=CARTESIAN_POINT('',(-0.0302496723287106,0.0658001975368857,-0.0373));
#14298=CARTESIAN_POINT('',(-0.0302496723287106,0.0658001975368857,-0.0373));
#14299=CARTESIAN_POINT('',(-0.0282496723287106,0.0638001975368857,-0.0353));
#14300=CARTESIAN_POINT('',(0.0207503276712895,0.0638001975368857,-0.02715));
#14301=CARTESIAN_POINT('',(0.0217503276712895,0.0648001975368858,-0.0353));
#14302=CARTESIAN_POINT('',(0.0227503276712895,0.0638001975368857,-0.0353));
#14303=CARTESIAN_POINT('',(0.0207503276712895,0.0658001975368857,-0.0373));
#14304=CARTESIAN_POINT('',(0.0207503276712895,0.0658001975368857,-0.0373));
#14305=CARTESIAN_POINT('',(0.0207503276712895,0.0658001975368857,-0.0373));
#14306=CARTESIAN_POINT('',(-0.000749672328710527,0.0638001975368857,-0.02715));
#14307=CARTESIAN_POINT('',(-0.00274967232871053,0.0658001975368857,-0.0353));
#14308=CARTESIAN_POINT('',(0.0100003276712895,0.0638001975368857,-0.0353));
#14309=CARTESIAN_POINT('',(-0.000749672328710525,0.0648001975368857,-0.0363));
#14310=CARTESIAN_POINT('',(-0.00274967232871053,0.0658001975368857,-0.0353));
#14311=CARTESIAN_POINT('',(-0.00274967232871053,0.0658001975368857,-0.0353));
#14312=CARTESIAN_POINT('',(-0.000749672328710527,0.0638001975368857,-0.0373));
#14313=CARTESIAN_POINT('',(-0.06,0.1,-0.042));
#14314=CARTESIAN_POINT('',(-0.06,0.05,-0.042));
#14315=CARTESIAN_POINT('',(-0.06,0.05,-0.042));
#14316=CARTESIAN_POINT('',(-0.06,0.1,-0.042));
#14317=CARTESIAN_POINT('',(-0.06,-0.015,-0.042));
#14318=CARTESIAN_POINT('',(-0.06,-0.015,-0.042));
#14319=CARTESIAN_POINT('',(-0.015,0.05,-0.042));
#14320=CARTESIAN_POINT('',(0.03,0.05,-0.042));
#14321=CARTESIAN_POINT('',(0.03,0.05,-0.042));
#14322=CARTESIAN_POINT('',(-0.015,0.05,-0.042));
#14323=CARTESIAN_POINT('',(0.03,0.08,-0.042));
#14324=CARTESIAN_POINT('',(0.03,-0.015,-0.042));
#14325=CARTESIAN_POINT('',(0.03,-0.015,-0.042));
#14326=CARTESIAN_POINT('',(0.03,0.08,-0.042));
#14327=CARTESIAN_POINT('',(-0.04,-0.015,-0.042));
#14328=CARTESIAN_POINT('',(-0.04,-0.015,-0.042));
#14329=CARTESIAN_POINT('',(-0.015,0.0425262375,-0.042));
#14330=CARTESIAN_POINT('',(-0.058,0.1,-0.042));
#14331=CARTESIAN_POINT('',(-0.058,-0.0105,-0.042));
#14332=CARTESIAN_POINT('',(-0.058,0.0455,-0.042));
#14333=CARTESIAN_POINT('',(-0.04,-0.0105,-0.042));
#14334=CARTESIAN_POINT('',(-0.015,0.0455,-0.042));
#14335=CARTESIAN_POINT('',(-0.058,0.1,-0.042));
#14336=CARTESIAN_POINT('',(-0.058,-0.0105,-0.042));
#14337=CARTESIAN_POINT('',(-0.058,0.0455,-0.042));
#14338=CARTESIAN_POINT('',(0.000664541233662568,0.0638001975368857,-0.0358857864376269));
#14339=CARTESIAN_POINT('',(-0.000749672328710528,0.0638001975368857,-0.0344715728752538));
#14340=CARTESIAN_POINT('',(-0.000749672328710528,0.0668001975368857,-0.0344715728752538));
#14341=CARTESIAN_POINT('',(-0.000749672328710528,0.0666286246616319,-0.0344715728752538));
#14342=CARTESIAN_POINT('',(-0.00224738757887973,0.0681263399118011,-0.0329738576250846));
#14343=CARTESIAN_POINT('',(-0.000556919694355912,0.0664358720272773,-0.0346643255096084));
#14344=CARTESIAN_POINT('',(0.000664541233662567,0.0664358720272773,-0.0358857864376269));
#14345=CARTESIAN_POINT('',(-0.000113997838318957,0.0664358720272773,-0.0351072473656453));
#14346=CARTESIAN_POINT('',(-0.000473529953795135,0.0660763399118011,-0.0347477152501691));
#14347=CARTESIAN_POINT('',(7.87547960356635E-5,0.0666286246616319,-0.0353));
#14348=CARTESIAN_POINT('',(7.87547960356633E-5,0.0638001975368857,-0.0353));
#14349=CARTESIAN_POINT('',(7.87547960356635E-5,0.0668001975368857,-0.0353));
#14350=CARTESIAN_POINT('',(0.000964541233662568,0.0668001975368857,-0.0361857864376269));
#14351=CARTESIAN_POINT('',(-0.00159497179033128,0.066954898075265,-0.0341452994616207));
#14352=CARTESIAN_POINT('',(-0.000113997838318957,0.0662144110992588,-0.0348857864376269));
#14353=CARTESIAN_POINT('',(-0.000113997838318953,0.0659929501712403,-0.0346643255096084));
#14354=CARTESIAN_POINT('',(-0.00133545876633744,0.0672144110992588,-0.0346643255096084));
#14355=CARTESIAN_POINT('',(0.0100003276712895,0.0652144110992588,-0.0338857864376269));
#14356=CARTESIAN_POINT('',(0.0201146531808979,0.0652144110992588,-0.0338857864376269));
#14357=CARTESIAN_POINT('',(0.0201146531808979,0.0664358720272773,-0.0351072473656453));
#14358=CARTESIAN_POINT('',(0.0201146531808979,0.0659929501712404,-0.0346643255096084));
#14359=CARTESIAN_POINT('',(0.0175575186297074,0.0689930065784678,-0.0376643819168359));
#14360=CARTESIAN_POINT('',(0.0199219005465433,0.0666286246616319,-0.0353));
#14361=CARTESIAN_POINT('',(0.0100003276712895,0.0666286246616319,-0.0353));
#14362=CARTESIAN_POINT('',(0.00377647004620487,0.0621024822867165,-0.0307738576250845));
#14363=CARTESIAN_POINT('',(7.87547960356509E-5,0.0658001975368857,-0.0344715728752538));
#14364=CARTESIAN_POINT('',(0.0100003276712895,0.0658001975368857,-0.0344715728752538));
#14365=CARTESIAN_POINT('',(0.0199219005465433,0.0658001975368857,-0.0344715728752538));
#14366=CARTESIAN_POINT('',(0.0170908519630408,0.0629691489533832,-0.0316405242917513));
#14367=CARTESIAN_POINT('',(0.000664541233662568,0.0652144110992588,-0.02715));
#14368=CARTESIAN_POINT('',(0.000664541233662573,0.0652144110992588,-0.015));
#14369=CARTESIAN_POINT('',(-0.000749672328710527,0.0666286246616319,-0.015));
#14370=CARTESIAN_POINT('',(7.8754796035656E-5,0.0658001975368858,-0.015));
#14371=CARTESIAN_POINT('',(7.87547960356561E-5,0.0658001975368857,-0.02715));
#14372=CARTESIAN_POINT('',(-0.000749672328710528,0.0666286246616319,-0.02715));
#14373=CARTESIAN_POINT('',(0.0195956271329102,0.066954898075265,-0.0361452994616207));
#14374=CARTESIAN_POINT('',(0.0193361141089164,0.0664358720272773,-0.0358857864376269));
#14375=CARTESIAN_POINT('',(0.0205575750369348,0.0664358720272773,-0.0346643255096084));
#14376=CARTESIAN_POINT('',(0.0203361141089164,0.0662144110992588,-0.0346643255096084));
#14377=CARTESIAN_POINT('',(0.0213361141089164,0.0638001975368857,-0.0338857864376269));
#14378=CARTESIAN_POINT('',(0.0199219005465433,0.0638001975368857,-0.0353));
#14379=CARTESIAN_POINT('',(0.0199219005465433,0.0668001975368857,-0.0353));
#14380=CARTESIAN_POINT('',(0.0201980429214587,0.0660763399118011,-0.0350238576250846));
#14381=CARTESIAN_POINT('',(0.0207503276712895,0.0666286246616319,-0.0344715728752538));
#14382=CARTESIAN_POINT('',(0.0207503276712895,0.0638001975368857,-0.0344715728752538));
#14383=CARTESIAN_POINT('',(0.0207503276712895,0.0668001975368857,-0.0344715728752538));
#14384=CARTESIAN_POINT('',(0.0190361141089164,0.0668001975368857,-0.0361857864376269));
#14385=CARTESIAN_POINT('',(0.0193361141089164,0.0652144110992588,-0.02715));
#14386=CARTESIAN_POINT('',(0.0193361141089164,0.0652144110992588,-0.015));
#14387=CARTESIAN_POINT('',(0.0199219005465433,0.0658001975368858,-0.015));
#14388=CARTESIAN_POINT('',(0.0207503276712895,0.0666286246616319,-0.015));
#14389=CARTESIAN_POINT('',(0.0207503276712895,0.0666286246616319,-0.02715));
#14390=CARTESIAN_POINT('',(0.0199219005465433,0.0658001975368857,-0.02715));
#14391=CARTESIAN_POINT('',(-0.0296638858910836,0.0638001975368857,-0.0338857864376269));
#14392=CARTESIAN_POINT('',(-0.0310780994534567,0.0638001975368857,-0.0353));
#14393=CARTESIAN_POINT('',(-0.0310780994534567,0.0668001975368857,-0.0353));
#14394=CARTESIAN_POINT('',(-0.0310780994534567,0.0666286246616319,-0.0353));
#14395=CARTESIAN_POINT('',(-0.0347758147036259,0.0703263399118011,-0.0389977152501691));
#14396=CARTESIAN_POINT('',(-0.0308853468191021,0.0664358720272773,-0.0351072473656453));
#14397=CARTESIAN_POINT('',(-0.0296638858910836,0.0664358720272773,-0.0338857864376269));
#14398=CARTESIAN_POINT('',(-0.0304424249630652,0.0664358720272773,-0.0346643255096084));
#14399=CARTESIAN_POINT('',(-0.0308019570785413,0.0660763399118011,-0.0350238576250846));
#14400=CARTESIAN_POINT('',(-0.0302496723287106,0.0666286246616319,-0.0344715728752538));
#14401=CARTESIAN_POINT('',(-0.0302496723287106,0.0638001975368857,-0.0344715728752538));
#14402=CARTESIAN_POINT('',(-0.0302496723287106,0.0668001975368857,-0.0344715728752538));
#14403=CARTESIAN_POINT('',(-0.0319638858910836,0.0668001975368857,-0.0361857864376269));
#14404=CARTESIAN_POINT('',(-0.0314043728670898,0.066954898075265,-0.0361452994616207));
#14405=CARTESIAN_POINT('',(-0.0306638858910836,0.0662144110992588,-0.0346643255096084));
#14406=CARTESIAN_POINT('',(-0.0308853468191021,0.0659929501712404,-0.0346643255096084));
#14407=CARTESIAN_POINT('',(-0.0308853468191021,0.0672144110992588,-0.0358857864376269));
#14408=CARTESIAN_POINT('',(-0.0296638858910836,0.0672144110992588,-0.02715));
#14409=CARTESIAN_POINT('',(-0.0296638858910837,0.0672144110992588,-0.015));
#14410=CARTESIAN_POINT('',(-0.0310780994534567,0.0658001975368858,-0.015));
#14411=CARTESIAN_POINT('',(-0.0302496723287106,0.0666286246616319,-0.015));
#14412=CARTESIAN_POINT('',(-0.0302496723287106,0.0666286246616319,-0.02715));
#14413=CARTESIAN_POINT('',(-0.0325758147036259,0.0643024822867165,-0.0329738576250846));
#14414=CARTESIAN_POINT('',(-0.0310780994534567,0.0658001975368857,-0.0344715728752538));
#14415=CARTESIAN_POINT('',(-0.0310780994534567,0.0658001975368857,-0.02715));
#14416=CARTESIAN_POINT('',(-0.0409996723287105,0.0672144110992588,-0.0358857864376269));
#14417=CARTESIAN_POINT('',(-0.051113997838319,0.0672144110992588,-0.0358857864376269));
#14418=CARTESIAN_POINT('',(-0.051113997838319,0.0659929501712403,-0.0346643255096084));
#14419=CARTESIAN_POINT('',(-0.051113997838319,0.0664358720272773,-0.0351072473656453));
#14420=CARTESIAN_POINT('',(-0.0485568632871285,0.0634358156200499,-0.0321071909584179));
#14421=CARTESIAN_POINT('',(-0.0509212452039644,0.0658001975368857,-0.0344715728752538));
#14422=CARTESIAN_POINT('',(-0.0409996723287105,0.0658001975368857,-0.0344715728752538));
#14423=CARTESIAN_POINT('',(-0.0409996723287105,0.0666286246616319,-0.0353));
#14424=CARTESIAN_POINT('',(-0.0509212452039643,0.0666286246616319,-0.0353));
#14425=CARTESIAN_POINT('',(-0.0514735299537951,0.0660763399118011,-0.0347477152501691));
#14426=CARTESIAN_POINT('',(-0.0525949717903313,0.066954898075265,-0.0341452994616207));
#14427=CARTESIAN_POINT('',(-0.0523354587663374,0.0672144110992588,-0.0346643255096084));
#14428=CARTESIAN_POINT('',(-0.0515569196943559,0.0664358720272773,-0.0346643255096084));
#14429=CARTESIAN_POINT('',(-0.0523354587663374,0.0664358720272773,-0.0338857864376269));
#14430=CARTESIAN_POINT('',(-0.0523354587663374,0.0672144110992588,-0.02715));
#14431=CARTESIAN_POINT('',(-0.0523354587663374,0.0672144110992588,-0.015));
#14432=CARTESIAN_POINT('',(-0.0517496723287105,0.0666286246616319,-0.015));
#14433=CARTESIAN_POINT('',(-0.0509212452039643,0.0658001975368858,-0.015));
#14434=CARTESIAN_POINT('',(-0.0509212452039643,0.0658001975368857,-0.02715));
#14435=CARTESIAN_POINT('',(-0.0545807209122131,0.0694596732451345,-0.0316405242917513));
#14436=CARTESIAN_POINT('',(-0.0517496723287105,0.0666286246616319,-0.0344715728752538));
#14437=CARTESIAN_POINT('',(-0.0517496723287105,0.0666286246616319,-0.02715));
#14438=CARTESIAN_POINT('',(-0.0503354587663374,0.0638001975368857,-0.0358857864376269));
#14439=CARTESIAN_POINT('',(-0.0517496723287105,0.0638001975368857,-0.0344715728752538));
#14440=CARTESIAN_POINT('',(-0.0517496723287105,0.0668001975368857,-0.0344715728752538));
#14441=CARTESIAN_POINT('',(-0.0509212452039643,0.0638001975368857,-0.0353));
#14442=CARTESIAN_POINT('',(-0.0509212452039643,0.0668001975368857,-0.0353));
#14443=CARTESIAN_POINT('',(-0.0500354587663374,0.0668001975368857,-0.0361857864376269));
#14444=CARTESIAN_POINT('',(-0.015,-3.46944695195361E-18,0.03));
#14445=CARTESIAN_POINT('',(-0.04,-7.56132628206616E-18,0.03));
#14446=CARTESIAN_POINT('',(-0.038,-7.56132628206616E-18,0.03));
#14447=CARTESIAN_POINT('',(-0.015,-3.46944695195361E-18,0.03));
#14448=CARTESIAN_POINT('',(0.01,1.11229109781787E-18,0.03));
#14449=CARTESIAN_POINT('',(0.012,1.11229109781787E-18,0.03));
#14450=CARTESIAN_POINT('',(0.01,1.11229109781787E-18,0.025));
#14451=CARTESIAN_POINT('',(0.01,1.11229109781787E-18,-0.014));
#14452=CARTESIAN_POINT('',(0.008,1.11229109781787E-18,-0.014));
#14453=CARTESIAN_POINT('',(-0.04,-7.56132628206616E-18,0.025));
#14454=CARTESIAN_POINT('',(-0.04,-7.56132628206616E-18,-0.014));
#14455=CARTESIAN_POINT('',(-0.042,-7.56132628206616E-18,-0.014));
#14456=CARTESIAN_POINT('',(-0.015,0.04,0.03));
#14457=CARTESIAN_POINT('',(-0.04,0.04,0.03));
#14458=CARTESIAN_POINT('',(-0.038,0.04,0.03));
#14459=CARTESIAN_POINT('',(-0.015,0.04,0.03));
#14460=CARTESIAN_POINT('',(0.01,0.04,0.03));
#14461=CARTESIAN_POINT('',(0.012,0.04,0.03));
#14462=CARTESIAN_POINT('',(0.01,0.04,0.025));
#14463=CARTESIAN_POINT('',(0.01,0.04,-0.014));
#14464=CARTESIAN_POINT('',(0.008,0.04,-0.014));
#14465=CARTESIAN_POINT('',(-0.04,0.04,0.025));
#14466=CARTESIAN_POINT('',(-0.04,0.04,-0.014));
#14467=CARTESIAN_POINT('',(-0.042,0.04,-0.014));
#14468=CARTESIAN_POINT('',(0.01,0.08,-0.026));
#14469=CARTESIAN_POINT('',(0.01,0.08,-0.015));
#14470=CARTESIAN_POINT('',(0.004,0.08,-0.015));
#14471=CARTESIAN_POINT('',(0.01,0.08,-0.014));
#14472=CARTESIAN_POINT('',(0.004,0.08,-0.014));
#14473=CARTESIAN_POINT('',(-0.04,0.08,-0.026));
#14474=CARTESIAN_POINT('',(-0.04,0.08,-0.015));
#14475=CARTESIAN_POINT('',(-0.046,0.08,-0.015));
#14476=CARTESIAN_POINT('',(-0.04,0.08,-0.014));
#14477=CARTESIAN_POINT('',(-0.046,0.08,-0.014));
#14478=CARTESIAN_POINT('',(-0.04,0.08,-0.014));
#14479=CARTESIAN_POINT('',(0.0301715728752538,0.08,-0.014));
#14480=CARTESIAN_POINT('',(0.0301715728752538,0.098,-0.014));
#14481=CARTESIAN_POINT('',(0.0301715728752538,-0.0151715728752538,-0.014));
#14482=CARTESIAN_POINT('',(-0.04,-0.0151715728752538,-0.014));
#14483=CARTESIAN_POINT('',(-0.04,0.098,-0.014));
#14484=CARTESIAN_POINT('',(0.0100003276712895,0.0658001975368857,-0.02715));
#14485=CARTESIAN_POINT('',(0.0100003276712895,0.0658001975368858,-0.015));
#14486=CARTESIAN_POINT('',(-0.04,0.08,-0.015));
#14487=CARTESIAN_POINT('',(-0.04,0.0668001975368858,-0.015));
#14488=CARTESIAN_POINT('',(-0.0302496723287106,0.0668001975368858,-0.015));
#14489=CARTESIAN_POINT('',(-0.0517496723287105,0.0668001975368858,-0.015));
#14490=CARTESIAN_POINT('',(-0.0302496723287106,0.08,-0.015));
#14491=CARTESIAN_POINT('',(-0.04,0.0658001975368858,-0.015));
#14492=CARTESIAN_POINT('',(-0.0517496723287105,0.0638001975368857,-0.015));
#14493=CARTESIAN_POINT('',(0.0100003276712895,0.0668001975368858,-0.015));
#14494=CARTESIAN_POINT('',(-0.000749672328710526,0.0668001975368858,-0.015));
#14495=CARTESIAN_POINT('',(0.0207503276712895,0.0668001975368858,-0.015));
#14496=CARTESIAN_POINT('',(0.0207503276712895,0.08,-0.015));
#14497=CARTESIAN_POINT('',(-0.000749672328710527,0.0638001975368857,-0.015));
#14498=CARTESIAN_POINT('',(-0.015,0.0455,-0.015));
#14499=CARTESIAN_POINT('',(0.0291715728752538,0.0455,-0.015));
#14500=CARTESIAN_POINT('',(0.0291715728752538,0.08,-0.015));
#14501=CARTESIAN_POINT('',(0.0291715728752538,0.098,-0.015));
#14502=CARTESIAN_POINT('',(-0.04,0.098,-0.015));
#14503=CARTESIAN_POINT('',(0.0227503276712895,0.098,-0.015));
#14504=CARTESIAN_POINT('',(-0.04,0.098,-0.015));
#14505=CARTESIAN_POINT('',(0.0212503276712895,0.098,-0.015));
#14506=CARTESIAN_POINT('',(-0.04,0.098,-0.015));
#14507=CARTESIAN_POINT('',(-0.0522496723287105,0.098,-0.015));
#14508=CARTESIAN_POINT('',(-0.065,0.098,-0.015));
#14509=CARTESIAN_POINT('',(-0.0537496723287105,0.098,-0.015));
#14510=CARTESIAN_POINT('',(-0.04,0.098,-0.015));
#14511=CARTESIAN_POINT('',(-0.0409996723287105,0.0658001975368857,-0.02715));
#14512=CARTESIAN_POINT('',(-0.065,0.098,0.0085));
#14513=CARTESIAN_POINT('',(-0.00616421356237305,0.098,-0.0503357864376269));
#14514=CARTESIAN_POINT('',(-0.04,-0.0185857864376269,-0.0105857864376269));
#14515=CARTESIAN_POINT('',(0.000723857625084624,0.0142761423749153,-0.0434477152501693));
#14516=CARTESIAN_POINT('',(0.028,-0.013,-0.0161715728752538));
#14517=CARTESIAN_POINT('',(-0.04,-0.013,-0.0161715728752538));
#14518=CARTESIAN_POINT('',(0.0335857864376269,0.08,-0.0105857864376269));
#14519=CARTESIAN_POINT('',(-0.00641421356237307,0.0455,-0.0505857864376269));
#14520=CARTESIAN_POINT('',(0.028,-0.013,-0.0161715728752538));
#14521=CARTESIAN_POINT('',(-0.0409996723287105,0.0638001975368857,-0.0353));
#14522=CARTESIAN_POINT('',(-0.0409996723287105,0.0668001975368857,-0.0353));
#14523=CARTESIAN_POINT('',(0.0100003276712895,0.0638001975368857,-0.0353));
#14524=CARTESIAN_POINT('',(0.0100003276712895,0.0668001975368857,-0.0353));
#14525=CARTESIAN_POINT('',(-0.0517496723287105,0.0638001975368857,-0.02715));
#14526=CARTESIAN_POINT('',(-0.0517496723287105,0.0668001975368857,-0.02715));
#14527=CARTESIAN_POINT('',(-0.0302496723287106,0.0638001975368857,-0.02715));
#14528=CARTESIAN_POINT('',(-0.0302496723287106,0.0668001975368857,-0.02715));
#14529=CARTESIAN_POINT('',(-0.000749672328710528,0.0638001975368857,-0.02715));
#14530=CARTESIAN_POINT('',(-0.000749672328710527,0.0668001975368857,-0.02715));
#14531=CARTESIAN_POINT('',(0.0207503276712895,0.0638001975368857,-0.02715));
#14532=CARTESIAN_POINT('',(0.0207503276712895,0.0668001975368857,-0.02715));
#14533=CARTESIAN_POINT('',(-0.0409996723287105,0.0668001975368857,-0.02715));
#14534=CARTESIAN_POINT('',(0.0100003276712895,0.0668001975368857,-0.02715));
#14535=CARTESIAN_POINT('',(-0.015,0.0455,-0.042));
#14536=CARTESIAN_POINT('',(-0.04,-0.013,-0.0161715728752538));
#14537=CARTESIAN_POINT('',(-0.04,-0.0105,-0.0161715728752538));
#14538=CARTESIAN_POINT('',(-0.04,-0.0105,-0.042));
#14539=CARTESIAN_POINT('',(0.0100003276712895,0.0638001975368857,-0.0353));
#14540=CARTESIAN_POINT('',(0.0130003276712895,0.133000197536886,-0.0353));
#14541=CARTESIAN_POINT('',(0.0130003276712895,0.135171770412139,-0.0353));
#14542=CARTESIAN_POINT('',(0.0130003276712895,0.135000197536886,-0.0353));
#14543=CARTESIAN_POINT('',(0.0100003276712895,0.135171770412139,-0.0353));
#14544=CARTESIAN_POINT('',(0.00700032767128948,0.135171770412139,-0.0353));
#14545=CARTESIAN_POINT('',(0.00700032767128948,0.133000197536886,-0.0353));
#14546=CARTESIAN_POINT('',(0.00700032767128948,0.135000197536886,-0.0353));
#14547=CARTESIAN_POINT('',(0.0100003276712895,0.135000197536886,-0.0353));
#14548=CARTESIAN_POINT('',(0.00700032767128948,0.133000197536886,-0.03655));
#14549=CARTESIAN_POINT('',(0.00700032767128948,0.135000197536886,-0.03655));
#14550=CARTESIAN_POINT('',(0.00700032767128948,0.135000197536886,-0.0351284271247462));
#14551=CARTESIAN_POINT('',(0.00700032767128948,0.136585983974513,-0.0367142135623732));
#14552=CARTESIAN_POINT('',(0.0130003276712895,0.133000197536886,-0.03655));
#14553=CARTESIAN_POINT('',(0.0130003276712895,0.135000197536886,-0.03655));
#14554=CARTESIAN_POINT('',(0.0130003276712895,0.135000197536886,-0.0351284271247462));
#14555=CARTESIAN_POINT('',(0.0130003276712895,0.134710983974513,-0.0348392135623731));
#14556=CARTESIAN_POINT('',(0.0100003276712895,0.135000197536886,-0.0348));
#14557=CARTESIAN_POINT('',(0.0100003276712895,0.135000197536886,-0.0351284271247462));
#14558=CARTESIAN_POINT('',(0.0100003276712895,0.136585983974513,-0.0367142135623732));
#14559=CARTESIAN_POINT('',(-0.04,-0.0185857864376269,-0.0105857864376269));
#14560=CARTESIAN_POINT('',(-0.0557238576250846,-0.0107238576250846,-0.0184477152501692));
#14561=CARTESIAN_POINT('',(-0.063,-0.018,-0.0111715728752538));
#14562=CARTESIAN_POINT('',(-0.062,-0.017,-0.0121715728752538));
#14563=CARTESIAN_POINT('',(-0.04,-0.018,-0.0111715728752538));
#14564=CARTESIAN_POINT('',(-0.062,-0.018,-0.0111715728752538));
#14565=CARTESIAN_POINT('',(-0.062,0.021164213562373,-0.0503357864376269));
#14566=CARTESIAN_POINT('',(-0.065,0.04,0.0045));
#14567=CARTESIAN_POINT('',(-0.062,0.04,0.0045));
#14568=CARTESIAN_POINT('',(-0.062,-0.018,0.0045));
#14569=CARTESIAN_POINT('',(-0.062,0.062,0.0045));
#14570=CARTESIAN_POINT('',(-0.065,-0.018,0.0045));
#14571=CARTESIAN_POINT('',(-0.063,-0.018,0.0045));
#14572=CARTESIAN_POINT('',(-0.063,0.04,0.0045));
#14573=CARTESIAN_POINT('',(-0.063,0.062,0.0045));
#14574=CARTESIAN_POINT('',(-0.065,0.062,0.0045));
#14575=CARTESIAN_POINT('',(-0.065,0.08,0.0065));
#14576=CARTESIAN_POINT('',(-0.062,0.08,0.0065));
#14577=CARTESIAN_POINT('',(-0.062,0.098,0.0065));
#14578=CARTESIAN_POINT('',(-0.062,0.062,0.0065));
#14579=CARTESIAN_POINT('',(-0.065,0.062,0.0065));
#14580=CARTESIAN_POINT('',(-0.063,0.062,0.0065));
#14581=CARTESIAN_POINT('',(-0.063,0.08,0.0065));
#14582=CARTESIAN_POINT('',(-0.063,0.098,0.0065));
#14583=CARTESIAN_POINT('',(-0.065,0.098,0.0065));
#14584=CARTESIAN_POINT('',(-0.065,0.062,0.0085));
#14585=CARTESIAN_POINT('',(-0.063,0.062,0.0085));
#14586=CARTESIAN_POINT('',(-0.062,0.062,0.0085));
#14587=CARTESIAN_POINT('',(-0.063,0.08,0.0085));
#14588=CARTESIAN_POINT('',(-0.063,0.098,0.0085));
#14589=CARTESIAN_POINT('',(-0.063,0.098,-0.0111715728752538));
#14590=CARTESIAN_POINT('',(-0.063,-0.018,-0.017));
#14591=CARTESIAN_POINT('',(-0.063,0.08,-0.0111715728752538));
#14592=CARTESIAN_POINT('',(-0.062,0.08,0.0085));
#14593=CARTESIAN_POINT('',(-0.062,-0.018,-0.017));
#14594=CARTESIAN_POINT('',(-0.062,0.098,0.0085));
#14595=CARTESIAN_POINT('',(-0.062,0.098,-0.0121715728752538));
#14596=CARTESIAN_POINT('',(-0.062,0.08,-0.0121715728752538));
#14597=CARTESIAN_POINT('',(-0.04,-0.018,-0.017));
#14598=CARTESIAN_POINT('',(-0.065,0.098,0.0085));
#14599=CARTESIAN_POINT('',(-0.0738357864376269,0.098,-0.0003357864376269));
#14600=CARTESIAN_POINT('',(-0.0585857864376269,0.08,-0.0155857864376269));
#14601=CARTESIAN_POINT('',(0.0335857864376269,0.08,-0.0105857864376269));
#14602=CARTESIAN_POINT('',(0.032,0.08,-0.0121715728752538));
#14603=CARTESIAN_POINT('',(0.032,0.098,-0.0121715728752539));
#14604=CARTESIAN_POINT('',(0.032,-0.017,-0.0121715728752538));
#14605=CARTESIAN_POINT('',(0.000723857625084624,0.0142761423749153,-0.0434477152501693));
#14606=CARTESIAN_POINT('',(0.033,-0.018,-0.0111715728752538));
#14607=CARTESIAN_POINT('',(0.033,0.08,-0.0111715728752538));
#14608=CARTESIAN_POINT('',(0.033,0.098,-0.0111715728752538));
#14609=CARTESIAN_POINT('',(-0.00616421356237305,0.098,-0.0503357864376269));
#14610=CARTESIAN_POINT('',(-0.04,-0.018,-0.017));
#14611=CARTESIAN_POINT('',(0.032,-0.018,-0.017));
#14612=CARTESIAN_POINT('',(0.032,-0.018,-0.0111715728752538));
#14613=CARTESIAN_POINT('',(0.032,-0.018,0.0045));
#14614=CARTESIAN_POINT('',(-0.04,-0.018,0.0045));
#14615=CARTESIAN_POINT('',(0.033,-0.018,0.0045));
#14616=CARTESIAN_POINT('',(0.033,-0.018,-0.017));
#14617=CARTESIAN_POINT('',(-0.04,-0.018,-0.0111715728752538));
#14618=CARTESIAN_POINT('',(0.035,0.04,0.0045));
#14619=CARTESIAN_POINT('',(0.032,0.04,0.0045));
#14620=CARTESIAN_POINT('',(0.032,0.062,0.0045));
#14621=CARTESIAN_POINT('',(0.035,0.062,0.0045));
#14622=CARTESIAN_POINT('',(0.033,0.062,0.0045));
#14623=CARTESIAN_POINT('',(0.033,0.04,0.0045));
#14624=CARTESIAN_POINT('',(0.035,0.08,0.0065));
#14625=CARTESIAN_POINT('',(0.032,0.08,0.0065));
#14626=CARTESIAN_POINT('',(0.032,0.098,0.0065));
#14627=CARTESIAN_POINT('',(0.032,0.062,0.0065));
#14628=CARTESIAN_POINT('',(0.035,0.098,0.0065));
#14629=CARTESIAN_POINT('',(0.033,0.098,0.0065));
#14630=CARTESIAN_POINT('',(0.033,0.08,0.0065));
#14631=CARTESIAN_POINT('',(0.033,0.062,0.0065));
#14632=CARTESIAN_POINT('',(0.035,0.062,0.0065));
#14633=CARTESIAN_POINT('',(0.033,0.08,0.0085));
#14634=CARTESIAN_POINT('',(0.033,0.062,0.0085));
#14635=CARTESIAN_POINT('',(0.033,0.098,0.0085));
#14636=CARTESIAN_POINT('',(0.032,0.08,0.0085));
#14637=CARTESIAN_POINT('',(0.032,0.098,0.0085));
#14638=CARTESIAN_POINT('',(0.032,0.062,0.0085));
#14639=CARTESIAN_POINT('',(0.032,-0.0185857864376269,-0.0105857864376269));
#14640=CARTESIAN_POINT('',(-0.065,0.098,0.0085));
#14641=CARTESIAN_POINT('',(-0.065,0.062,0.0085));
#14642=CARTESIAN_POINT('',(-0.04,-0.0185857864376269,-0.0105857864376269));
#14643=CARTESIAN_POINT('',(-0.0409996723287105,0.136585983974513,-0.0367142135623732));
#14644=CARTESIAN_POINT('',(-0.0409996723287105,0.135000197536886,-0.0351284271247462));
#14645=CARTESIAN_POINT('',(-0.0379996723287106,0.135000197536886,-0.0351284271247462));
#14646=CARTESIAN_POINT('',(-0.0439996723287105,0.135000197536886,-0.0351284271247462));
#14647=CARTESIAN_POINT('',(-0.0439996723287105,0.136585983974513,-0.0367142135623732));
#14648=CARTESIAN_POINT('',(-0.0439996723287105,0.135171770412139,-0.0353));
#14649=CARTESIAN_POINT('',(-0.0409996723287105,0.135171770412139,-0.0353));
#14650=CARTESIAN_POINT('',(-0.0379996723287106,0.135171770412139,-0.0353));
#14651=CARTESIAN_POINT('',(-0.0379996723287106,0.134710983974513,-0.0348392135623731));
#14652=CARTESIAN_POINT('',(-0.0409996723287105,0.135000197536886,-0.0348));
#14653=CARTESIAN_POINT('',(-0.0379996723287106,0.135000197536886,-0.0348));
#14654=CARTESIAN_POINT('',(-0.0379996723287106,0.135000197536886,-0.0353));
#14655=CARTESIAN_POINT('',(-0.0409996723287105,0.135000197536886,-0.0353));
#14656=CARTESIAN_POINT('',(-0.0439996723287105,0.135000197536886,-0.0353));
#14657=CARTESIAN_POINT('',(-0.0439996723287105,0.135000197536886,-0.0348));
#14658=CARTESIAN_POINT('',(-0.0439996723287105,0.133000197536886,-0.03655));
#14659=CARTESIAN_POINT('',(-0.0439996723287105,0.0638001975368857,-0.0353));
#14660=CARTESIAN_POINT('',(-0.0379996723287106,0.133000197536886,-0.03655));
#14661=CARTESIAN_POINT('',(-0.0379996723287106,0.0638001975368857,-0.0353));
#14662=CARTESIAN_POINT('',(-0.0409996723287105,0.0638001975368857,-0.0353));
#14663=CARTESIAN_POINT('',(0.,0.,0.));
#14664=CARTESIAN_POINT('',(0.0099999999999998,-2.37501353931281E-17,-0.001));
#14665=CARTESIAN_POINT('',(0.01,9.59210247924455E-18,-1.99493199737333E-16));
#14666=CARTESIAN_POINT('',(-0.0009999999999998,5.77571083209564E-18,-1.99493199737333E-16));
#14667=CARTESIAN_POINT('',(0.01,9.59210247924455E-18,0.0130000000000002));
#14668=CARTESIAN_POINT('',(0.0209999999999998,1.34084941263935E-17,0.0130000000000002));
#14669=CARTESIAN_POINT('',(0.01,9.59210247924455E-18,-0.001));
#14670=CARTESIAN_POINT('',(0.01,9.59210247924455E-18,0.004));
#14671=CARTESIAN_POINT('',(-0.005,4.38793205131413E-18,0.004));
#14672=CARTESIAN_POINT('',(0.01,9.59210247924455E-18,0.009));
#14673=CARTESIAN_POINT('',(-0.005,4.38793205131413E-18,0.009));
#14674=CARTESIAN_POINT('',(0.01,9.59210247924455E-18,0.004));
#14675=CARTESIAN_POINT('',(0.01,9.59210247924455E-18,0.014));
#14676=CARTESIAN_POINT('',(0.,0.,0.));
#14677=CARTESIAN_POINT('',(-0.00124967232871052,0.100900197536886,-0.017));
#14678=CARTESIAN_POINT('',(-0.00124967232871054,0.100900197536886,-0.0358));
#14679=CARTESIAN_POINT('',(-0.00124967232871054,0.0688001975368858,-0.0358));
#14680=CARTESIAN_POINT('',(-0.00124967232871054,0.133000197536886,-0.0358));
#14681=CARTESIAN_POINT('',(-0.00124967232871053,0.0688001975368858,-0.017));
#14682=CARTESIAN_POINT('',(-0.00124967232871053,0.0688001975368858,-0.017));
#14683=CARTESIAN_POINT('',(-0.00124967232871052,0.100900197536886,-0.017));
#14684=CARTESIAN_POINT('',(-0.00124967232871052,0.133000197536886,-0.017));
#14685=CARTESIAN_POINT('',(-0.00124967232871052,0.133000197536886,-0.017));
#14686=CARTESIAN_POINT('',(0.0100003276712895,0.0688001975368858,-0.017));
#14687=CARTESIAN_POINT('',(0.0100003276712895,0.0688001975368858,-0.0358));
#14688=CARTESIAN_POINT('',(0.0212503276712895,0.0688001975368858,-0.0358));
#14689=CARTESIAN_POINT('',(0.0212503276712895,0.0688001975368858,-0.017));
#14690=CARTESIAN_POINT('',(0.0212503276712895,0.0688001975368858,-0.017));
#14691=CARTESIAN_POINT('',(0.0100003276712895,0.0688001975368858,-0.017));
#14692=CARTESIAN_POINT('',(0.0212503276712895,0.100900197536886,-0.017));
#14693=CARTESIAN_POINT('',(0.0212503276712895,0.100900197536886,-0.0358));
#14694=CARTESIAN_POINT('',(0.0212503276712895,0.133000197536886,-0.0358));
#14695=CARTESIAN_POINT('',(0.0212503276712895,0.133000197536886,-0.017));
#14696=CARTESIAN_POINT('',(0.0212503276712895,0.133000197536886,-0.017));
#14697=CARTESIAN_POINT('',(0.0212503276712895,0.100900197536886,-0.017));
#14698=CARTESIAN_POINT('',(0.0100003276712895,0.133000197536886,-0.017));
#14699=CARTESIAN_POINT('',(0.0100003276712895,0.133000197536886,-0.0358));
#14700=CARTESIAN_POINT('',(0.0100003276712895,0.133000197536886,-0.017));
#14701=CARTESIAN_POINT('',(0.0100003276712895,0.100900197536886,-0.017));
#14702=CARTESIAN_POINT('',(0.0100003276712895,0.0800001975368858,-0.017));
#14703=CARTESIAN_POINT('',(0.0100003276712895,0.0790501975368858,-0.017));
#14704=CARTESIAN_POINT('',(0.0100003276712895,0.100900197536886,-0.0358));
#14705=CARTESIAN_POINT('',(0.0100003276712895,0.0800001975368858,-0.005));
#14706=CARTESIAN_POINT('',(0.0100003276712895,0.0800001975368858,-0.005));
#14707=CARTESIAN_POINT('',(0.0100003276712895,0.0790501975368858,-0.005));
#14708=CARTESIAN_POINT('',(0.0100003276712895,0.100900197536886,-0.005));
#14709=CARTESIAN_POINT('',(0.,0.,0.));
#14710=CARTESIAN_POINT('',(-0.00124967232871052,-0.0209001975368858,0.0523));
#14711=CARTESIAN_POINT('',(-0.00124967232871054,-0.0209001975368858,0.0335));
#14712=CARTESIAN_POINT('',(-0.00124967232871055,0.0111998024631142,0.0335));
#14713=CARTESIAN_POINT('',(-0.00124967232871053,-0.0530001975368858,0.0335));
#14714=CARTESIAN_POINT('',(-0.00124967232871051,-0.0530001975368858,0.0523));
#14715=CARTESIAN_POINT('',(-0.00124967232871051,-0.0530001975368858,0.0523));
#14716=CARTESIAN_POINT('',(-0.00124967232871052,-0.0209001975368858,0.0523));
#14717=CARTESIAN_POINT('',(-0.00124967232871054,0.0111998024631142,0.0523));
#14718=CARTESIAN_POINT('',(-0.00124967232871054,0.0111998024631142,0.0523));
#14719=CARTESIAN_POINT('',(0.0100003276712895,0.0111998024631142,0.0523));
#14720=CARTESIAN_POINT('',(0.0100003276712894,0.0111998024631142,0.0335));
#14721=CARTESIAN_POINT('',(0.0212503276712895,0.0111998024631142,0.0335));
#14722=CARTESIAN_POINT('',(0.0100003276712895,0.0111998024631142,0.0523));
#14723=CARTESIAN_POINT('',(0.0212503276712895,0.0111998024631142,0.0523));
#14724=CARTESIAN_POINT('',(0.0212503276712895,0.0111998024631142,0.0523));
#14725=CARTESIAN_POINT('',(0.0212503276712895,-0.0209001975368858,0.0523));
#14726=CARTESIAN_POINT('',(0.0212503276712895,-0.0209001975368858,0.0335));
#14727=CARTESIAN_POINT('',(0.0212503276712895,-0.0530001975368858,0.0335));
#14728=CARTESIAN_POINT('',(0.0212503276712895,-0.0209001975368858,0.0523));
#14729=CARTESIAN_POINT('',(0.0212503276712895,-0.0530001975368858,0.0523));
#14730=CARTESIAN_POINT('',(0.0212503276712895,-0.0530001975368858,0.0523));
#14731=CARTESIAN_POINT('',(0.0100003276712895,-0.0530001975368858,0.0523));
#14732=CARTESIAN_POINT('',(0.0100003276712895,-0.0530001975368858,0.0335));
#14733=CARTESIAN_POINT('',(0.0100003276712895,-0.0530001975368858,0.0523));
#14734=CARTESIAN_POINT('',(0.0100003276712895,-0.0209001975368858,0.0523));
#14735=CARTESIAN_POINT('',(0.0100003276712894,-1.97536885779281E-7,0.0523));
#14736=CARTESIAN_POINT('',(0.0100003276712894,0.000949802463114221,0.0523));
#14737=CARTESIAN_POINT('',(0.0100003276712895,-0.0209001975368858,0.0335));
#14738=CARTESIAN_POINT('',(0.0100003276712895,-1.97536885793159E-7,0.0643));
#14739=CARTESIAN_POINT('',(0.0100003276712895,-1.97536885793159E-7,0.0643));
#14740=CARTESIAN_POINT('',(0.0100003276712895,0.000949802463114207,0.0643));
#14741=CARTESIAN_POINT('',(0.0100003276712895,-0.0209001975368858,0.0643));
#14742=CARTESIAN_POINT('',(0.,0.,0.));
#14743=CARTESIAN_POINT('',(-0.0297496723287105,-0.0209001975368858,0.0523));
#14744=CARTESIAN_POINT('',(-0.0297496723287105,-0.0209001975368858,0.0335));
#14745=CARTESIAN_POINT('',(-0.0297496723287105,0.0111998024631142,0.0335));
#14746=CARTESIAN_POINT('',(-0.0297496723287105,-0.0530001975368858,0.0335));
#14747=CARTESIAN_POINT('',(-0.0297496723287105,0.0111998024631142,0.0523));
#14748=CARTESIAN_POINT('',(-0.0297496723287105,0.0111998024631142,0.0523));
#14749=CARTESIAN_POINT('',(-0.0297496723287105,-0.0209001975368858,0.0523));
#14750=CARTESIAN_POINT('',(-0.0297496723287105,-0.0530001975368858,0.0523));
#14751=CARTESIAN_POINT('',(-0.0297496723287105,-0.0530001975368858,0.0523));
#14752=CARTESIAN_POINT('',(-0.0409996723287105,0.0111998024631142,0.0523));
#14753=CARTESIAN_POINT('',(-0.0409996723287105,0.0111998024631142,0.0335));
#14754=CARTESIAN_POINT('',(-0.0522496723287105,0.0111998024631142,0.0335));
#14755=CARTESIAN_POINT('',(-0.0522496723287105,0.0111998024631142,0.0523));
#14756=CARTESIAN_POINT('',(-0.0522496723287105,0.0111998024631142,0.0523));
#14757=CARTESIAN_POINT('',(-0.0409996723287105,0.0111998024631142,0.0523));
#14758=CARTESIAN_POINT('',(-0.0522496723287105,-0.0209001975368858,0.0523));
#14759=CARTESIAN_POINT('',(-0.0522496723287105,-0.0209001975368858,0.0335));
#14760=CARTESIAN_POINT('',(-0.0522496723287105,-0.0530001975368858,0.0335));
#14761=CARTESIAN_POINT('',(-0.0522496723287105,-0.0530001975368859,0.0523));
#14762=CARTESIAN_POINT('',(-0.0522496723287105,-0.0530001975368859,0.0523));
#14763=CARTESIAN_POINT('',(-0.0522496723287105,-0.0209001975368858,0.0523));
#14764=CARTESIAN_POINT('',(-0.0409996723287105,-0.0530001975368858,0.0523));
#14765=CARTESIAN_POINT('',(-0.0409996723287105,-0.0530001975368858,0.0335));
#14766=CARTESIAN_POINT('',(-0.0409996723287105,-0.0530001975368858,0.0523));
#14767=CARTESIAN_POINT('',(-0.0409996723287105,-0.0209001975368858,0.0523));
#14768=CARTESIAN_POINT('',(-0.0409996723287105,-1.97536885793159E-7,0.0523));
#14769=CARTESIAN_POINT('',(-0.0409996723287105,0.000949802463114207,0.0523));
#14770=CARTESIAN_POINT('',(-0.0409996723287105,-0.0209001975368858,0.0335));
#14771=CARTESIAN_POINT('',(-0.0409996723287105,-1.97536885807037E-7,0.0643));
#14772=CARTESIAN_POINT('',(-0.0409996723287105,-1.97536885807037E-7,0.0643));
#14773=CARTESIAN_POINT('',(-0.0409996723287105,0.000949802463114193,0.0643));
#14774=CARTESIAN_POINT('',(-0.0409996723287105,-0.0209001975368858,0.0643));
#14775=CARTESIAN_POINT('',(0.,0.,0.));
#14776=CARTESIAN_POINT('',(0.01,-0.1714,-0.01495));
#14777=CARTESIAN_POINT('',(0.01,-0.1714,-0.00895));
#14778=CARTESIAN_POINT('',(0.014,-0.1714,-0.00895));
#14779=CARTESIAN_POINT('',(0.01,-0.1714,-0.03975));
#14780=CARTESIAN_POINT('',(0.0134081079762313,-0.17349399140933,-0.03975));
#14781=CARTESIAN_POINT('',(0.0109382533307781,-0.175288403359643,-0.03975));
#14782=CARTESIAN_POINT('',(0.0134081079762313,-0.17349399140933,-0.0397500000000001));
#14783=CARTESIAN_POINT('',(0.0133745199046584,-0.173548658192644,-0.0396644573110145));
#14784=CARTESIAN_POINT('',(0.0133546822717817,-0.17357855614006,-0.0395580299949774));
#14785=CARTESIAN_POINT('',(0.0133546822717817,-0.17357855614006,-0.03945));
#14786=CARTESIAN_POINT('',(0.0133546822717817,-0.17357855614006,-0.03945));
#14787=CARTESIAN_POINT('',(0.0133546822717817,-0.17357855614006,-0.02695));
#14788=CARTESIAN_POINT('',(0.0133546822717817,-0.17357855614006,-0.02745));
#14789=CARTESIAN_POINT('',(0.0133546822717817,-0.17357855614006,-0.02745));
#14790=CARTESIAN_POINT('',(0.0133546822717817,-0.17357855614006,-0.0271857293871788));
#14791=CARTESIAN_POINT('',(0.0134851889007148,-0.173380732306284,-0.02695));
#14792=CARTESIAN_POINT('',(0.0136003382620316,-0.17314286098096,-0.02695));
#14793=CARTESIAN_POINT('',(0.0136003382620316,-0.173142860980959,-0.02695));
#14794=CARTESIAN_POINT('',(0.01,-0.1714,-0.02695));
#14795=CARTESIAN_POINT('',(0.0139367600582338,-0.172108463297493,-0.02695));
#14796=CARTESIAN_POINT('',(0.0139367600582338,-0.172108463297493,-0.02695));
#14797=CARTESIAN_POINT('',(0.0139836820337252,-0.17184772917108,-0.02695));
#14798=CARTESIAN_POINT('',(0.0139945181390183,-0.171609343824972,-0.0271850297767355));
#14799=CARTESIAN_POINT('',(0.0139945181390183,-0.171609343824972,-0.02745));
#14800=CARTESIAN_POINT('',(0.0139945181390183,-0.171609343824972,-0.02745));
#14801=CARTESIAN_POINT('',(0.0139945181390183,-0.171609343824972,-0.02695));
#14802=CARTESIAN_POINT('',(0.0139945181390183,-0.171609343824972,-0.03945));
#14803=CARTESIAN_POINT('',(0.0139945181390183,-0.171609343824972,-0.03945));
#14804=CARTESIAN_POINT('',(0.0139945181390183,-0.171609343824972,-0.0395583335060253));
#14805=CARTESIAN_POINT('',(0.0139930353006697,-0.171644672316065,-0.039663797421359));
#14806=CARTESIAN_POINT('',(0.0139880275774119,-0.171709250774942,-0.03975));
#14807=CARTESIAN_POINT('',(0.0139880275774119,-0.171709250774942,-0.03975));
#14808=CARTESIAN_POINT('',(0.01,-0.1714,-0.03975));
#14809=CARTESIAN_POINT('',(0.0130446674582298,-0.168805775632526,-0.03975));
#14810=CARTESIAN_POINT('',(0.0130446674582299,-0.168805775632526,-0.0397500000000001));
#14811=CARTESIAN_POINT('',(0.0130862793738007,-0.168854612751937,-0.0396644573110144));
#14812=CARTESIAN_POINT('',(0.0131085838458279,-0.1688827184358,-0.0395580299949774));
#14813=CARTESIAN_POINT('',(0.0131085838458279,-0.1688827184358,-0.03945));
#14814=CARTESIAN_POINT('',(0.0131085838458279,-0.1688827184358,-0.03945));
#14815=CARTESIAN_POINT('',(0.0131085838458279,-0.1688827184358,-0.02695));
#14816=CARTESIAN_POINT('',(0.0131085838458279,-0.1688827184358,-0.02745));
#14817=CARTESIAN_POINT('',(0.0131085838458279,-0.1688827184358,-0.02745));
#14818=CARTESIAN_POINT('',(0.0131085838458279,-0.1688827184358,-0.0271857293871789));
#14819=CARTESIAN_POINT('',(0.0129607709658558,-0.168697468329405,-0.02695));
#14820=CARTESIAN_POINT('',(0.0127701250014043,-0.168514448496977,-0.02695));
#14821=CARTESIAN_POINT('',(0.0127701250014043,-0.168514448496977,-0.02695));
#14822=CARTESIAN_POINT('',(0.01,-0.1714,-0.02695));
#14823=CARTESIAN_POINT('',(0.0118903143964076,-0.167874845892343,-0.02695));
#14824=CARTESIAN_POINT('',(0.0118903143964076,-0.167874845892343,-0.02695));
#14825=CARTESIAN_POINT('',(0.0116568411942981,-0.167749649165719,-0.02695));
#14826=CARTESIAN_POINT('',(0.0114334717981812,-0.167665678294011,-0.0271850297767353));
#14827=CARTESIAN_POINT('',(0.0114334717981812,-0.167665678294011,-0.02745));
#14828=CARTESIAN_POINT('',(0.0114334717981812,-0.167665678294011,-0.02745));
#14829=CARTESIAN_POINT('',(0.0114334717981812,-0.167665678294011,-0.02695));
#14830=CARTESIAN_POINT('',(0.0114334717981812,-0.167665678294011,-0.03945));
#14831=CARTESIAN_POINT('',(0.0114334717981812,-0.167665678294011,-0.03945));
#14832=CARTESIAN_POINT('',(0.0114334717981812,-0.167665678294011,-0.0395583335060254));
#14833=CARTESIAN_POINT('',(0.0114666129675966,-0.167678005661219,-0.039663797421359));
#14834=CARTESIAN_POINT('',(0.0115264832601344,-0.167702724130318,-0.03975));
#14835=CARTESIAN_POINT('',(0.0115264832601343,-0.167702724130319,-0.03975));
#14836=CARTESIAN_POINT('',(0.01,-0.1714,-0.03975));
#14837=CARTESIAN_POINT('',(0.00847359999739549,-0.167702689757127,-0.03975));
#14838=CARTESIAN_POINT('',(0.00847359999739553,-0.167702689757128,-0.03975));
#14839=CARTESIAN_POINT('',(0.00853290564712815,-0.167678205973523,-0.0396644573110143));
#14840=CARTESIAN_POINT('',(0.0085665282018188,-0.167665678294011,-0.0395580299949774));
#14841=CARTESIAN_POINT('',(0.0085665282018188,-0.167665678294011,-0.03945));
#14842=CARTESIAN_POINT('',(0.0085665282018188,-0.167665678294011,-0.03945));
#14843=CARTESIAN_POINT('',(0.0085665282018188,-0.167665678294011,-0.02695));
#14844=CARTESIAN_POINT('',(0.0085665282018188,-0.167665678294011,-0.02745));
#14845=CARTESIAN_POINT('',(0.0085665282018188,-0.167665678294011,-0.02745));
#14846=CARTESIAN_POINT('',(0.0085665282018188,-0.167665678294011,-0.0271857293871787));
#14847=CARTESIAN_POINT('',(0.00834466818908803,-0.167749011265615,-0.0269500000000001));
#14848=CARTESIAN_POINT('',(0.00811169314192212,-0.167873770113884,-0.02695));
#14849=CARTESIAN_POINT('',(0.00811169314192212,-0.167873770113885,-0.02695));
#14850=CARTESIAN_POINT('',(0.01,-0.1714,-0.02695));
#14851=CARTESIAN_POINT('',(0.00723151848816935,-0.168512871648393,-0.02695));
#14852=CARTESIAN_POINT('',(0.00723151848816935,-0.168512871648393,-0.02695));
#14853=CARTESIAN_POINT('',(0.00704030213831197,-0.168696229942473,-0.0269499999999999));
#14854=CARTESIAN_POINT('',(0.00689141615417212,-0.1688827184358,-0.0271850297767354));
#14855=CARTESIAN_POINT('',(0.00689141615417212,-0.1688827184358,-0.02745));
#14856=CARTESIAN_POINT('',(0.00689141615417211,-0.1688827184358,-0.02745));
#14857=CARTESIAN_POINT('',(0.00689141615417211,-0.1688827184358,-0.02695));
#14858=CARTESIAN_POINT('',(0.00689141615417211,-0.1688827184358,-0.03945));
#14859=CARTESIAN_POINT('',(0.00689141615417211,-0.1688827184358,-0.03945));
#14860=CARTESIAN_POINT('',(0.00689141615417211,-0.1688827184358,-0.0395583335060254));
#14861=CARTESIAN_POINT('',(0.00691338136164627,-0.168855008676634,-0.0396637974213592));
#14862=CARTESIAN_POINT('',(0.00695539096060887,-0.16880570707181,-0.0397500000000001));
#14863=CARTESIAN_POINT('',(0.0069553909606089,-0.16880570707181,-0.03975));
#14864=CARTESIAN_POINT('',(0.01,-0.1714,-0.03975));
#14865=CARTESIAN_POINT('',(0.00601196545973266,-0.171709160970426,-0.03975));
#14866=CARTESIAN_POINT('',(0.00601196545973266,-0.171709160970426,-0.0397500000000001));
#14867=CARTESIAN_POINT('',(0.00600700645142157,-0.171645192040574,-0.0396644573110144));
#14868=CARTESIAN_POINT('',(0.0060054818609817,-0.171609343824972,-0.0395580299949774));
#14869=CARTESIAN_POINT('',(0.0060054818609817,-0.171609343824972,-0.03945));
#14870=CARTESIAN_POINT('',(0.0060054818609817,-0.171609343824972,-0.03945));
#14871=CARTESIAN_POINT('',(0.0060054818609817,-0.171609343824972,-0.02695));
#14872=CARTESIAN_POINT('',(0.0060054818609817,-0.171609343824972,-0.02745));
#14873=CARTESIAN_POINT('',(0.0060054818609817,-0.171609343824972,-0.02745));
#14874=CARTESIAN_POINT('',(0.0060054818609817,-0.171609343824972,-0.0271857293871791));
#14875=CARTESIAN_POINT('',(0.0060161777123417,-0.171846096540202,-0.02695));
#14876=CARTESIAN_POINT('',(0.00606283717911405,-0.172106221581257,-0.02695));
#14877=CARTESIAN_POINT('',(0.00606283717911405,-0.172106221581257,-0.02695));
#14878=CARTESIAN_POINT('',(0.01,-0.1714,-0.02695));
#14879=CARTESIAN_POINT('',(0.00639866993205534,-0.173140810656481,-0.02695));
#14880=CARTESIAN_POINT('',(0.00639866993205534,-0.173140810656481,-0.02695));
#14881=CARTESIAN_POINT('',(0.00651396493074831,-0.173379329040965,-0.0269500000000001));
#14882=CARTESIAN_POINT('',(0.0066453177282183,-0.17357855614006,-0.0271850297767353));
#14883=CARTESIAN_POINT('',(0.0066453177282183,-0.17357855614006,-0.02745));
#14884=CARTESIAN_POINT('',(0.0066453177282183,-0.17357855614006,-0.02745));
#14885=CARTESIAN_POINT('',(0.0066453177282183,-0.17357855614006,-0.02695));
#14886=CARTESIAN_POINT('',(0.0066453177282183,-0.17357855614006,-0.03945));
#14887=CARTESIAN_POINT('',(0.0066453177282183,-0.17357855614006,-0.03945));
#14888=CARTESIAN_POINT('',(0.0066453177282183,-0.17357855614006,-0.0395583335060253));
#14889=CARTESIAN_POINT('',(0.00662575180359185,-0.173549103199867,-0.039663797421359));
#14890=CARTESIAN_POINT('',(0.00659184487106674,-0.173493914663286,-0.0397499999999999));
#14891=CARTESIAN_POINT('',(0.00659184487106681,-0.173493914663286,-0.03975));
#14892=CARTESIAN_POINT('',(0.01,-0.1714,-0.03975));
#14893=CARTESIAN_POINT('',(0.00906165910841074,-0.175288382230591,-0.03975));
#14894=CARTESIAN_POINT('',(0.00906165910841071,-0.17528838223059,-0.03975));
#14895=CARTESIAN_POINT('',(0.00899928862299133,-0.175273331041323,-0.0396644573110144));
#14896=CARTESIAN_POINT('',(0.00896472381958992,-0.175263703305156,-0.0395580299949774));
#14897=CARTESIAN_POINT('',(0.00896472381958992,-0.175263703305156,-0.03945));
#14898=CARTESIAN_POINT('',(0.00896472381958992,-0.175263703305156,-0.03945));
#14899=CARTESIAN_POINT('',(0.00896472381958992,-0.175263703305156,-0.02695));
#14900=CARTESIAN_POINT('',(0.00896472381958992,-0.175263703305156,-0.02745));
#14901=CARTESIAN_POINT('',(0.00896472381958992,-0.175263703305156,-0.02745));
#14902=CARTESIAN_POINT('',(0.00896472381958992,-0.175263703305156,-0.0271857293871789));
#14903=CARTESIAN_POINT('',(0.0091931942319998,-0.175326691558494,-0.02695));
#14904=CARTESIAN_POINT('',(0.00945500641552795,-0.175362698826921,-0.02695));
#14905=CARTESIAN_POINT('',(0.00945500641552795,-0.175362698826921,-0.02695));
#14906=CARTESIAN_POINT('',(0.01,-0.1714,-0.02695));
#14907=CARTESIAN_POINT('',(0.0105427371251339,-0.17536300850529,-0.02695));
#14908=CARTESIAN_POINT('',(0.0105427371251339,-0.17536300850529,-0.02695));
#14909=CARTESIAN_POINT('',(0.0108052097029163,-0.175327062679763,-0.02695));
#14910=CARTESIAN_POINT('',(0.0110352761804101,-0.175263703305156,-0.0271850297767354));
#14911=CARTESIAN_POINT('',(0.0110352761804101,-0.175263703305156,-0.02745));
#14912=CARTESIAN_POINT('',(0.0110352761804101,-0.175263703305156,-0.02745));
#14913=CARTESIAN_POINT('',(0.0110352761804101,-0.175263703305156,-0.02695));
#14914=CARTESIAN_POINT('',(0.0110352761804101,-0.175263703305156,-0.03945));
#14915=CARTESIAN_POINT('',(0.0110352761804101,-0.175263703305156,-0.03945));
#14916=CARTESIAN_POINT('',(0.0110352761804101,-0.175263703305156,-0.0395583335060253));
#14917=CARTESIAN_POINT('',(0.0110012185664955,-0.175273210146216,-0.039663797421359));
#14918=CARTESIAN_POINT('',(0.0109382533307781,-0.175288403359643,-0.03975));
#14919=CARTESIAN_POINT('',(0.01,-0.1714,-0.03995));
#14920=CARTESIAN_POINT('',(0.00976601258306035,-0.171131395174796,-0.03995));
#14921=CARTESIAN_POINT('',(0.0180559283698792,-0.163909871957078,-0.03995));
#14922=CARTESIAN_POINT('',(0.0127701250014043,-0.168514448496977,-0.03995));
#14923=CARTESIAN_POINT('',(0.01,-0.1714,-0.03995));
#14924=CARTESIAN_POINT('',(0.0118903143964076,-0.167874845892343,-0.03995));
#14925=CARTESIAN_POINT('',(0.0141790003083612,-0.161205406921503,-0.03995));
#14926=CARTESIAN_POINT('',(0.0141731854991472,-0.161222351804581,-0.03995));
#14927=CARTESIAN_POINT('',(0.01,-0.1714,-0.03995));
#14928=CARTESIAN_POINT('',(0.01,-0.1714,-0.03995));
#14929=CARTESIAN_POINT('',(0.00967223554237675,-0.171539531801852,-0.03995));
#14930=CARTESIAN_POINT('',(0.00536588368865332,-0.161423779973712,-0.03995));
#14931=CARTESIAN_POINT('',(0.00811169314192212,-0.167873770113885,-0.03995));
#14932=CARTESIAN_POINT('',(0.01,-0.1714,-0.03995));
#14933=CARTESIAN_POINT('',(0.00723151848816935,-0.168512871648393,-0.03995));
#14934=CARTESIAN_POINT('',(0.00159574793650008,-0.164275232013141,-0.03995));
#14935=CARTESIAN_POINT('',(0.00161006660310309,-0.164285998482174,-0.03995));
#14936=CARTESIAN_POINT('',(0.01,-0.1714,-0.03995));
#14937=CARTESIAN_POINT('',(0.01,-0.1714,-0.03995));
#14938=CARTESIAN_POINT('',(0.0100314178418243,-0.171754840221261,-0.03995));
#14939=CARTESIAN_POINT('',(-0.000919969758111524,-0.172724484987429,-0.03995));
#14940=CARTESIAN_POINT('',(0.00606283717911405,-0.172106221581257,-0.03995));
#14941=CARTESIAN_POINT('',(0.01,-0.1714,-0.03995));
#14942=CARTESIAN_POINT('',(0.00639866993205535,-0.173140810656481,-0.03995));
#14943=CARTESIAN_POINT('',(0.000626886266374366,-0.17719124430066,-0.03995));
#14944=CARTESIAN_POINT('',(0.000641550498222679,-0.177180953461384,-0.03995));
#14945=CARTESIAN_POINT('',(0.01,-0.1714,-0.03995));
#14946=CARTESIAN_POINT('',(0.01,-0.1714,-0.03995));
#14947=CARTESIAN_POINT('',(0.0103471817517238,-0.171479771515462,-0.03995));
#14948=CARTESIAN_POINT('',(0.00788526540387425,-0.1821945288482,-0.03995));
#14949=CARTESIAN_POINT('',(0.00945500641552796,-0.175362698826921,-0.03995));
#14950=CARTESIAN_POINT('',(0.01,-0.1714,-0.03995));
#14951=CARTESIAN_POINT('',(0.0105427371251339,-0.17536300850529,-0.03995));
#14952=CARTESIAN_POINT('',(0.0126113491957008,-0.182103953801821,-0.03995));
#14953=CARTESIAN_POINT('',(0.012606093522799,-0.182086827244342,-0.03995));
#14954=CARTESIAN_POINT('',(0.01,-0.1714,-0.03995));
#14955=CARTESIAN_POINT('',(0.00790186232416035,-0.182198046966615,-0.03995));
#14956=CARTESIAN_POINT('',(0.0079972322185167,-0.18170722664995,-0.03995));
#14957=CARTESIAN_POINT('',(0.01,-0.1714,-0.03995));
#14958=CARTESIAN_POINT('',(0.0101831522810147,-0.171094461286629,-0.03995));
#14959=CARTESIAN_POINT('',(0.0196129538548664,-0.176747066315673,-0.03995));
#14960=CARTESIAN_POINT('',(0.0136003382620316,-0.173142860980959,-0.03995));
#14961=CARTESIAN_POINT('',(0.01,-0.1714,-0.03995));
#14962=CARTESIAN_POINT('',(0.0139367600582338,-0.172108463297493,-0.03995));
#14963=CARTESIAN_POINT('',(0.0209870162930634,-0.172224162962874,-0.03995));
#14964=CARTESIAN_POINT('',(0.020969103876728,-0.172223869007519,-0.03995));
#14965=CARTESIAN_POINT('',(0.01,-0.1714,-0.03995));
#14966=CARTESIAN_POINT('',(0.0118,-0.1714,-0.00895));
#14967=CARTESIAN_POINT('',(0.0118,-0.1714,-0.01495));
#14968=CARTESIAN_POINT('',(0.0118,-0.169455134966122,-0.01495));
#14969=CARTESIAN_POINT('',(0.0118,-0.173344865033877,-0.01495));
#14970=CARTESIAN_POINT('',(0.0118,-0.173344865033877,-0.00895));
#14971=CARTESIAN_POINT('',(0.0118,-0.173344865033877,-0.00895));
#14972=CARTESIAN_POINT('',(0.0118,-0.1714,-0.00895));
#14973=CARTESIAN_POINT('',(0.0118,-0.169455134966122,-0.00895));
#14974=CARTESIAN_POINT('',(0.0118,-0.169455134966122,-0.00895));
#14975=CARTESIAN_POINT('',(0.01,-0.1714,-0.00895));
#14976=CARTESIAN_POINT('',(0.01,-0.1714,-0.01495));
#14977=CARTESIAN_POINT('',(0.0082,-0.173344865033877,-0.01495));
#14978=CARTESIAN_POINT('',(0.0082,-0.173344865033877,-0.00895));
#14979=CARTESIAN_POINT('',(0.0082,-0.173344865033877,-0.00895));
#14980=CARTESIAN_POINT('',(0.01,-0.1714,-0.00895));
#14981=CARTESIAN_POINT('',(0.0082,-0.1714,-0.00895));
#14982=CARTESIAN_POINT('',(0.0082,-0.1714,-0.01495));
#14983=CARTESIAN_POINT('',(0.0082,-0.169455134966122,-0.01495));
#14984=CARTESIAN_POINT('',(0.0082,-0.169455134966122,-0.00895));
#14985=CARTESIAN_POINT('',(0.0082,-0.169455134966122,-0.00895));
#14986=CARTESIAN_POINT('',(0.0082,-0.1714,-0.00895));
#14987=CARTESIAN_POINT('',(0.01,-0.1714,-0.00895));
#14988=CARTESIAN_POINT('',(0.01,-0.1714,-0.01495));
#14989=CARTESIAN_POINT('',(0.01,-0.1714,-0.00895));
#14990=CARTESIAN_POINT('',(0.01,-0.1714,-0.00895));
#14991=CARTESIAN_POINT('',(0.01,-0.1714,-0.01495));
#14992=CARTESIAN_POINT('',(0.00719528410313824,-0.16444458408963,-0.02695));
#14993=CARTESIAN_POINT('',(0.00719528410313824,-0.16444458408963,-0.03945));
#14994=CARTESIAN_POINT('',(0.00582404000445768,-0.161223489885249,-0.03945));
#14995=CARTESIAN_POINT('',(0.00582404000445768,-0.161223489885249,-0.02695));
#14996=CARTESIAN_POINT('',(0.00582404000445781,-0.161223489885249,-0.02745));
#14997=CARTESIAN_POINT('',(0.0085665282018188,-0.167665678294011,-0.02745));
#14998=CARTESIAN_POINT('',(0.0100864039893696,-0.171285088610465,-0.03995));
#14999=CARTESIAN_POINT('',(0.0100864039893696,-0.171285088610465,-0.02745));
#15000=CARTESIAN_POINT('',(0.00129525750129728,-0.164674863716528,-0.02745));
#15001=CARTESIAN_POINT('',(0.00129525750129728,-0.164674863716528,-0.02695));
#15002=CARTESIAN_POINT('',(0.00129525750129728,-0.164674863716528,-0.03945));
#15003=CARTESIAN_POINT('',(0.00689141615417212,-0.1688827184358,-0.03945));
#15004=CARTESIAN_POINT('',(0.01,-0.1714,-0.02695));
#15005=CARTESIAN_POINT('',(0.01,-0.1714,-0.02695));
#15006=CARTESIAN_POINT('',(0.00536588368865332,-0.161423779973712,-0.02695));
#15007=CARTESIAN_POINT('',(0.00161006660310309,-0.164285998482174,-0.02695));
#15008=CARTESIAN_POINT('',(0.0103868944245723,-0.170885456907079,-0.02695));
#15009=CARTESIAN_POINT('',(0.00536399180228455,-0.161419335874938,-0.02695));
#15010=CARTESIAN_POINT('',(0.0103868944245723,-0.170885456907079,-0.02745));
#15011=CARTESIAN_POINT('',(0.00129525750129728,-0.164674863716528,-0.02745));
#15012=CARTESIAN_POINT('',(0.00129525750129728,-0.164674863716528,-0.0271857800922256));
#15013=CARTESIAN_POINT('',(0.00143919086533483,-0.164487521641177,-0.02695));
#15014=CARTESIAN_POINT('',(0.00161006660310309,-0.164285998482174,-0.02695));
#15015=CARTESIAN_POINT('',(0.0103868944245723,-0.170885456907079,-0.03945));
#15016=CARTESIAN_POINT('',(0.00161006660310309,-0.164285998482174,-0.03995));
#15017=CARTESIAN_POINT('',(0.00143919160931737,-0.164487520763757,-0.03995));
#15018=CARTESIAN_POINT('',(0.00129525750129728,-0.164674863716528,-0.0397142211646424));
#15019=CARTESIAN_POINT('',(0.00129525750129728,-0.164674863716528,-0.03945));
#15020=CARTESIAN_POINT('',(0.00695539096060887,-0.16880570707181,-0.0397500000000001));
#15021=CARTESIAN_POINT('',(0.00701612790573275,-0.168734427437139,-0.039874630594382));
#15022=CARTESIAN_POINT('',(0.00711848038369733,-0.168621264440209,-0.0399500000000001));
#15023=CARTESIAN_POINT('',(0.00723151848816935,-0.168512871648393,-0.03995));
#15024=CARTESIAN_POINT('',(0.00673523590096511,-0.164640430079319,-0.03945));
#15025=CARTESIAN_POINT('',(0.00811169314192212,-0.167873770113884,-0.03995));
#15026=CARTESIAN_POINT('',(0.00824941846880735,-0.167800017781311,-0.03995));
#15027=CARTESIAN_POINT('',(0.00838783371935391,-0.167738097564,-0.0398737095973326));
#15028=CARTESIAN_POINT('',(0.00847359999739553,-0.167702689757128,-0.03975));
#15029=CARTESIAN_POINT('',(0.00582404000445769,-0.161223489885249,-0.03945));
#15030=CARTESIAN_POINT('',(0.00582404000445769,-0.161223489885249,-0.039714129880948));
#15031=CARTESIAN_POINT('',(0.0056054314902245,-0.161312506127337,-0.03995));
#15032=CARTESIAN_POINT('',(0.00536588368865332,-0.161423779973712,-0.03995));
#15033=CARTESIAN_POINT('',(0.00967223554237675,-0.171539531801852,-0.02745));
#15034=CARTESIAN_POINT('',(0.00536588368865332,-0.161423779973712,-0.02695));
#15035=CARTESIAN_POINT('',(0.00560542933573211,-0.161312507128134,-0.02695));
#15036=CARTESIAN_POINT('',(0.00582404000445769,-0.161223489885249,-0.0271858715520768));
#15037=CARTESIAN_POINT('',(0.00582404000445769,-0.161223489885249,-0.02745));
#15038=CARTESIAN_POINT('',(0.0100000000000002,-0.1714,-0.04095));
#15039=CARTESIAN_POINT('',(0.01,-0.1714,-0.02695));
#15040=CARTESIAN_POINT('',(-0.000919969758111721,-0.172724484987429,-0.02695));
#15041=CARTESIAN_POINT('',(-0.000919969758111725,-0.172724484987429,-0.02695));
#15042=CARTESIAN_POINT('',(-0.00095177284710974,-0.172462278338528,-0.02695));
#15043=CARTESIAN_POINT('',(-0.000968878864230019,-0.172226859396662,-0.0271858715520771));
#15044=CARTESIAN_POINT('',(-0.000968878864230019,-0.172226859396662,-0.02745));
#15045=CARTESIAN_POINT('',(-0.000968878864230023,-0.172226859396662,-0.02745));
#15046=CARTESIAN_POINT('',(-0.000968878864230023,-0.172226859396662,-0.02695));
#15047=CARTESIAN_POINT('',(-0.000968878864230023,-0.172226859396662,-0.03945));
#15048=CARTESIAN_POINT('',(-0.000968878864230023,-0.172226859396662,-0.03945));
#15049=CARTESIAN_POINT('',(-0.000968878864230023,-0.172226859396662,-0.0397141298809479));
#15050=CARTESIAN_POINT('',(-0.000951773133149211,-0.172462275980221,-0.0399499999999999));
#15051=CARTESIAN_POINT('',(-0.000919969758111721,-0.172724484987429,-0.03995));
#15052=CARTESIAN_POINT('',(0.01,-0.1714,-0.03995));
#15053=CARTESIAN_POINT('',(0.0100000000000002,-0.1714,-0.04095));
#15054=CARTESIAN_POINT('',(0.01,-0.1714,-0.03995));
#15055=CARTESIAN_POINT('',(0.0141731854991472,-0.161222351804581,-0.03995));
#15056=CARTESIAN_POINT('',(0.0139287231430755,-0.161122113838024,-0.03995));
#15057=CARTESIAN_POINT('',(0.0137060713216125,-0.161043116522857,-0.0397142211646425));
#15058=CARTESIAN_POINT('',(0.0137060713216125,-0.161043116522857,-0.03945));
#15059=CARTESIAN_POINT('',(0.0137060713216125,-0.161043116522857,-0.03945));
#15060=CARTESIAN_POINT('',(0.0137060713216125,-0.161043116522857,-0.02695));
#15061=CARTESIAN_POINT('',(0.0137060713216125,-0.161043116522857,-0.02745));
#15062=CARTESIAN_POINT('',(0.0137060713216125,-0.161043116522857,-0.02745));
#15063=CARTESIAN_POINT('',(0.0137060713216125,-0.161043116522857,-0.0271857800922255));
#15064=CARTESIAN_POINT('',(0.0139287220786966,-0.161122113401592,-0.02695));
#15065=CARTESIAN_POINT('',(0.0141731854991472,-0.161222351804581,-0.02695));
#15066=CARTESIAN_POINT('',(0.0141731854991472,-0.161222351804581,-0.02695));
#15067=CARTESIAN_POINT('',(0.01,-0.1714,-0.02695));
#15068=CARTESIAN_POINT('',(0.0157482887485765,-0.166583214950683,-0.02695));
#15069=CARTESIAN_POINT('',(0.0157482887485765,-0.166583214950683,-0.03945));
#15070=CARTESIAN_POINT('',(0.018387993651325,-0.164283711465565,-0.03945));
#15071=CARTESIAN_POINT('',(0.018387993651325,-0.164283711465565,-0.02695));
#15072=CARTESIAN_POINT('',(0.018387993651325,-0.164283711465565,-0.02745));
#15073=CARTESIAN_POINT('',(0.0131085838458279,-0.1688827184358,-0.02745));
#15074=CARTESIAN_POINT('',(0.0101359875269108,-0.171446665504911,-0.03995));
#15075=CARTESIAN_POINT('',(0.0101359875269108,-0.171446665504911,-0.02745));
#15076=CARTESIAN_POINT('',(0.0114334717981812,-0.167665678294011,-0.03945));
#15077=CARTESIAN_POINT('',(0.01,-0.1714,-0.02695));
#15078=CARTESIAN_POINT('',(0.01,-0.1714,-0.02695));
#15079=CARTESIAN_POINT('',(0.0180559283698792,-0.163909871957078,-0.02695));
#15080=CARTESIAN_POINT('',(0.0106089165136595,-0.171608955903557,-0.02695));
#15081=CARTESIAN_POINT('',(0.0180595703339379,-0.163906699364173,-0.02695));
#15082=CARTESIAN_POINT('',(0.0106089165136595,-0.171608955903557,-0.02745));
#15083=CARTESIAN_POINT('',(0.0106089165136595,-0.171608955903557,-0.03945));
#15084=CARTESIAN_POINT('',(0.0115264832601344,-0.167702724130318,-0.03975));
#15085=CARTESIAN_POINT('',(0.0116130429693964,-0.167738461779292,-0.0398746305943819));
#15086=CARTESIAN_POINT('',(0.0117522960301374,-0.167800835481234,-0.03995));
#15087=CARTESIAN_POINT('',(0.0118903143964076,-0.167874845892343,-0.03995));
#15088=CARTESIAN_POINT('',(0.0154198654311893,-0.16620620284929,-0.03945));
#15089=CARTESIAN_POINT('',(0.0127701250014043,-0.168514448496977,-0.03995));
#15090=CARTESIAN_POINT('',(0.012882827104453,-0.168622642342431,-0.0399500000000001));
#15091=CARTESIAN_POINT('',(0.0129844893953172,-0.168735148668973,-0.0398737095973327));
#15092=CARTESIAN_POINT('',(0.0130446674582299,-0.168805775632526,-0.0397500000000001));
#15093=CARTESIAN_POINT('',(0.018387993651325,-0.164283711465565,-0.03945));
#15094=CARTESIAN_POINT('',(0.018387993651325,-0.164283711465565,-0.039714129880948));
#15095=CARTESIAN_POINT('',(0.018235780428218,-0.164103309945167,-0.03995));
#15096=CARTESIAN_POINT('',(0.0180559283698792,-0.163909871957078,-0.03995));
#15097=CARTESIAN_POINT('',(0.00976601258306035,-0.171131395174796,-0.02745));
#15098=CARTESIAN_POINT('',(0.0180559283698792,-0.163909871957078,-0.02695));
#15099=CARTESIAN_POINT('',(0.018235778810629,-0.164103308205386,-0.0269500000000001));
#15100=CARTESIAN_POINT('',(0.018387993651325,-0.164283711465565,-0.0271858715520769));
#15101=CARTESIAN_POINT('',(0.018387993651325,-0.164283711465565,-0.02745));
#15102=CARTESIAN_POINT('',(0.0100000000000002,-0.1714,-0.04095));
#15103=CARTESIAN_POINT('',(0.01,-0.1714,-0.03995));
#15104=CARTESIAN_POINT('',(0.020969103876728,-0.172223869007519,-0.03995));
#15105=CARTESIAN_POINT('',(0.0209888928254916,-0.17196039625564,-0.0399500000000001));
#15106=CARTESIAN_POINT('',(0.0209952205401905,-0.171724230277076,-0.0397142211646424));
#15107=CARTESIAN_POINT('',(0.0209952205401905,-0.171724230277076,-0.03945));
#15108=CARTESIAN_POINT('',(0.0209952205401905,-0.171724230277076,-0.03945));
#15109=CARTESIAN_POINT('',(0.0209952205401905,-0.171724230277076,-0.02695));
#15110=CARTESIAN_POINT('',(0.0209952205401905,-0.171724230277076,-0.02745));
#15111=CARTESIAN_POINT('',(0.0209952205401905,-0.171724230277076,-0.02745));
#15112=CARTESIAN_POINT('',(0.0209952205401905,-0.171724230277076,-0.0271857800922256));
#15113=CARTESIAN_POINT('',(0.0209888929116518,-0.17196039510849,-0.0269499999999999));
#15114=CARTESIAN_POINT('',(0.020969103876728,-0.172223869007519,-0.02695));
#15115=CARTESIAN_POINT('',(0.020969103876728,-0.172223869007519,-0.02695));
#15116=CARTESIAN_POINT('',(0.01,-0.1714,-0.02695));
#15117=CARTESIAN_POINT('',(0.00251830149837584,-0.171918101610817,-0.02695));
#15118=CARTESIAN_POINT('',(0.0060054818609817,-0.171609343824972,-0.02745));
#15119=CARTESIAN_POINT('',(0.00251830149837584,-0.171918101610817,-0.03945));
#15120=CARTESIAN_POINT('',(0.00991741307528313,-0.171282315350662,-0.03995));
#15121=CARTESIAN_POINT('',(0.00991741307528313,-0.171282315350662,-0.02745));
#15122=CARTESIAN_POINT('',(0.000914101950873485,-0.177600520674982,-0.02745));
#15123=CARTESIAN_POINT('',(0.000914101950873485,-0.177600520674982,-0.02695));
#15124=CARTESIAN_POINT('',(0.000914101950873485,-0.177600520674982,-0.03945));
#15125=CARTESIAN_POINT('',(0.0066453177282183,-0.17357855614006,-0.03945));
#15126=CARTESIAN_POINT('',(0.01,-0.1714,-0.02695));
#15127=CARTESIAN_POINT('',(-0.000924780972249174,-0.172724910976243,-0.02695));
#15128=CARTESIAN_POINT('',(0.01,-0.1714,-0.02695));
#15129=CARTESIAN_POINT('',(0.000641550498222679,-0.177180953461384,-0.02695));
#15130=CARTESIAN_POINT('',(0.00963019739078402,-0.170873038976341,-0.02695));
#15131=CARTESIAN_POINT('',(0.0100314178418243,-0.171754840221261,-0.02745));
#15132=CARTESIAN_POINT('',(0.00963019739078402,-0.170873038976341,-0.02745));
#15133=CARTESIAN_POINT('',(0.000914101950873485,-0.177600520674982,-0.02745));
#15134=CARTESIAN_POINT('',(0.000914101950873485,-0.177600520674982,-0.0271857800922254));
#15135=CARTESIAN_POINT('',(0.000780406904879698,-0.177405740026157,-0.02695));
#15136=CARTESIAN_POINT('',(0.000641550498222679,-0.177180953461384,-0.02695));
#15137=CARTESIAN_POINT('',(0.00963019739078402,-0.170873038976341,-0.03945));
#15138=CARTESIAN_POINT('',(0.000641550498222675,-0.177180953461384,-0.03995));
#15139=CARTESIAN_POINT('',(0.000780406300307368,-0.17740573904745,-0.03995));
#15140=CARTESIAN_POINT('',(0.000914101950873487,-0.177600520674982,-0.0397142211646426));
#15141=CARTESIAN_POINT('',(0.000914101950873487,-0.177600520674982,-0.03945));
#15142=CARTESIAN_POINT('',(0.00659184487106674,-0.173493914663286,-0.03975));
#15143=CARTESIAN_POINT('',(0.00654282265826413,-0.173414123777381,-0.0398746305943819));
#15144=CARTESIAN_POINT('',(0.00646682690773802,-0.173281811497068,-0.03995));
#15145=CARTESIAN_POINT('',(0.00639866993205534,-0.173140810656481,-0.03995));
#15146=CARTESIAN_POINT('',(0.0025623993903567,-0.172416153190397,-0.03945));
#15147=CARTESIAN_POINT('',(0.00606283717911405,-0.172106221581257,-0.03995));
#15148=CARTESIAN_POINT('',(0.00603525400919226,-0.171952446287524,-0.0399499999999999));
#15149=CARTESIAN_POINT('',(0.00601913704772701,-0.171801671162093,-0.0398737095973327));
#15150=CARTESIAN_POINT('',(0.00601196545973266,-0.171709160970426,-0.0397500000000001));
#15151=CARTESIAN_POINT('',(0.0100000000000002,-0.1714,-0.04095));
#15152=CARTESIAN_POINT('',(0.01,-0.1714,-0.02695));
#15153=CARTESIAN_POINT('',(0.00790186232416035,-0.182198046966615,-0.02695));
#15154=CARTESIAN_POINT('',(0.00790186232416035,-0.182198046966615,-0.02695));
#15155=CARTESIAN_POINT('',(0.01,-0.1714,-0.03995));
#15156=CARTESIAN_POINT('',(0.00818077192927887,-0.178675620315481,-0.02695));
#15157=CARTESIAN_POINT('',(0.00818077192927887,-0.178675620315481,-0.03945));
#15158=CARTESIAN_POINT('',(0.00750993002026717,-0.181595259835308,-0.03945));
#15159=CARTESIAN_POINT('',(0.00750993002026717,-0.181595259835308,-0.02695));
#15160=CARTESIAN_POINT('',(0.00750993002026717,-0.181595259835308,-0.02745));
#15161=CARTESIAN_POINT('',(0.00896472381958992,-0.175263703305156,-0.02745));
#15162=CARTESIAN_POINT('',(0.00986255448412909,-0.17144217827629,-0.03995));
#15163=CARTESIAN_POINT('',(0.0130893486860262,-0.181957268808558,-0.02695));
#15164=CARTESIAN_POINT('',(0.0130893486860262,-0.181957268808558,-0.02745));
#15165=CARTESIAN_POINT('',(0.0130893486860262,-0.181957268808558,-0.03945));
#15166=CARTESIAN_POINT('',(0.0110352761804101,-0.175263703305156,-0.03945));
#15167=CARTESIAN_POINT('',(0.00986255448412909,-0.17144217827629,-0.02745));
#15168=CARTESIAN_POINT('',(0.01,-0.1714,-0.02695));
#15169=CARTESIAN_POINT('',(0.01,-0.1714,-0.02695));
#15170=CARTESIAN_POINT('',(0.0126060935227989,-0.182086827244342,-0.02695));
#15171=CARTESIAN_POINT('',(0.00938455499380377,-0.171588863269554,-0.02695));
#15172=CARTESIAN_POINT('',(0.00788412223721734,-0.182199504140447,-0.02695));
#15173=CARTESIAN_POINT('',(0.00788526540387425,-0.1821945288482,-0.02695));
#15174=CARTESIAN_POINT('',(0.0079972322185167,-0.18170722664995,-0.02695));
#15175=CARTESIAN_POINT('',(0.0103471817517238,-0.171479771515462,-0.02745));
#15176=CARTESIAN_POINT('',(0.0079972322185167,-0.18170722664995,-0.02745));
#15177=CARTESIAN_POINT('',(0.0086680741275284,-0.178787587130123,-0.03945));
#15178=CARTESIAN_POINT('',(0.00945500641552795,-0.175362698826922,-0.03995));
#15179=CARTESIAN_POINT('',(0.0093002337521135,-0.175341412801337,-0.03995));
#15180=CARTESIAN_POINT('',(0.00915185767158622,-0.175310148866474,-0.0398737095973327));
#15181=CARTESIAN_POINT('',(0.00906165910841072,-0.17528838223059,-0.03975));
#15182=CARTESIAN_POINT('',(0.0079972322185167,-0.18170722664995,-0.03945));
#15183=CARTESIAN_POINT('',(0.0079972322185167,-0.18170722664995,-0.02695));
#15184=CARTESIAN_POINT('',(0.00938455499380377,-0.171588863269554,-0.03945));
#15185=CARTESIAN_POINT('',(0.012606093522799,-0.182086827244342,-0.03995));
#15186=CARTESIAN_POINT('',(0.0128627861218082,-0.182024230095129,-0.03995));
#15187=CARTESIAN_POINT('',(0.0130893486860262,-0.181957268808558,-0.0397142211646425));
#15188=CARTESIAN_POINT('',(0.0130893486860262,-0.181957268808558,-0.03945));
#15189=CARTESIAN_POINT('',(0.0109382533307781,-0.175288403359643,-0.03975));
#15190=CARTESIAN_POINT('',(0.0108467510432874,-0.175310482428626,-0.0398752712396513));
#15191=CARTESIAN_POINT('',(0.0106979596525254,-0.175341750658339,-0.03995));
#15192=CARTESIAN_POINT('',(0.0105427371251339,-0.17536300850529,-0.03995));
#15193=CARTESIAN_POINT('',(0.00938455499380377,-0.171588863269554,-0.02745));
#15194=CARTESIAN_POINT('',(0.0130893486860262,-0.181957268808558,-0.02745));
#15195=CARTESIAN_POINT('',(0.0130893486860262,-0.181957268808558,-0.0271857800922255));
#15196=CARTESIAN_POINT('',(0.012862787239437,-0.182024229822584,-0.02695));
#15197=CARTESIAN_POINT('',(0.012606093522799,-0.182086827244343,-0.02695));
#15198=CARTESIAN_POINT('',(0.0100000000000002,-0.1714,-0.04095));
#15199=CARTESIAN_POINT('',(0.01,-0.1714,-0.03995));
#15200=CARTESIAN_POINT('',(0.01,-0.1714,-0.02695));
#15201=CARTESIAN_POINT('',(0.0196129538548666,-0.176747066315673,-0.02695));
#15202=CARTESIAN_POINT('',(0.0196129538548666,-0.176747066315673,-0.02695));
#15203=CARTESIAN_POINT('',(0.0194845618930628,-0.176977889337362,-0.02695));
#15204=CARTESIAN_POINT('',(0.0193600251694795,-0.177178401926719,-0.0271858715520768));
#15205=CARTESIAN_POINT('',(0.0193600251694795,-0.177178401926719,-0.02745));
#15206=CARTESIAN_POINT('',(0.0193600251694795,-0.177178401926719,-0.02745));
#15207=CARTESIAN_POINT('',(0.0193600251694795,-0.177178401926719,-0.02695));
#15208=CARTESIAN_POINT('',(0.0193600251694795,-0.177178401926719,-0.03945));
#15209=CARTESIAN_POINT('',(0.0193600251694795,-0.177178401926719,-0.03945));
#15210=CARTESIAN_POINT('',(0.0193600251694795,-0.177178401926719,-0.039714129880948));
#15211=CARTESIAN_POINT('',(0.0194845607382954,-0.176977891413402,-0.0399500000000001));
#15212=CARTESIAN_POINT('',(0.0196129538548666,-0.176747066315673,-0.03995));
#15213=CARTESIAN_POINT('',(0.0163573537206306,-0.17537847903339,-0.02695));
#15214=CARTESIAN_POINT('',(0.0133546822717817,-0.17357855614006,-0.02745));
#15215=CARTESIAN_POINT('',(0.0163573537206306,-0.17537847903339,-0.03945));
#15216=CARTESIAN_POINT('',(0.00999764092430738,-0.171543752257672,-0.03995));
#15217=CARTESIAN_POINT('',(0.00999764092430738,-0.171543752257672,-0.02745));
#15218=CARTESIAN_POINT('',(0.0139945181390183,-0.171609343824972,-0.03945));
#15219=CARTESIAN_POINT('',(0.01,-0.1714,-0.02695));
#15220=CARTESIAN_POINT('',(0.0196170965988094,-0.1767495496442,-0.02695));
#15221=CARTESIAN_POINT('',(0.01,-0.1714,-0.02695));
#15222=CARTESIAN_POINT('',(0.00998943667718033,-0.172043684943469,-0.02695));
#15223=CARTESIAN_POINT('',(0.0101831522810147,-0.171094461286629,-0.02745));
#15224=CARTESIAN_POINT('',(0.00998943667718033,-0.172043684943469,-0.02745));
#15225=CARTESIAN_POINT('',(0.00998943667718033,-0.172043684943469,-0.03945));
#15226=CARTESIAN_POINT('',(0.0139880275774119,-0.171709250774942,-0.03975));
#15227=CARTESIAN_POINT('',(0.0139807874746683,-0.171802617491356,-0.0398746305943819));
#15228=CARTESIAN_POINT('',(0.013964498121279,-0.17195432955609,-0.03995));
#15229=CARTESIAN_POINT('',(0.0139367600582338,-0.172108463297493,-0.03995));
#15230=CARTESIAN_POINT('',(0.0166144251499605,-0.17494962675087,-0.03945));
#15231=CARTESIAN_POINT('',(0.0136003382620316,-0.17314286098096,-0.03995));
#15232=CARTESIAN_POINT('',(0.0135322666654339,-0.173283480787396,-0.03995));
#15233=CARTESIAN_POINT('',(0.0134566821660158,-0.17341493373846,-0.0398737095973328));
#15234=CARTESIAN_POINT('',(0.0134081079762313,-0.17349399140933,-0.0397500000000001));
#15235=CARTESIAN_POINT('',(0.01,-0.1714,-0.04095));
#15236=CARTESIAN_POINT('',(0.01,-0.1714,-0.03595));
#15237=CARTESIAN_POINT('',(0.025,-0.1714,-0.03595));
#15238=CARTESIAN_POINT('',(0.01,-0.1714,-0.03095));
#15239=CARTESIAN_POINT('',(0.025,-0.1714,-0.03095));
#15240=CARTESIAN_POINT('',(0.01,-0.1714,-0.03595));
#15241=CARTESIAN_POINT('',(0.01,-0.1714,-0.02595));
#15242=CARTESIAN_POINT('',(0.01,-0.1714,-0.03975));
#15243=CARTESIAN_POINT('',(0.01,-0.1714,-0.03975));
#15244=CARTESIAN_POINT('',(0.01,-0.1714,-0.03975));
#15245=CARTESIAN_POINT('',(0.01,-0.1714,-0.03975));
#15246=CARTESIAN_POINT('',(0.01,-0.1714,-0.03975));
#15247=CARTESIAN_POINT('',(0.01,-0.1714,-0.03975));
#15248=CARTESIAN_POINT('',(0.01,-0.1714,-0.03975));
#15249=CARTESIAN_POINT('',(0.01,-0.1714,-0.03975));
#15250=CARTESIAN_POINT('',(0.01,-0.1714,-0.03975));
#15251=CARTESIAN_POINT('',(0.01,-0.1714,-0.03975));
#15252=CARTESIAN_POINT('',(-0.01505,-0.1704,-0.03975));
#15253=CARTESIAN_POINT('',(0.,0.,0.));
#15254=CARTESIAN_POINT('',(2.01227923213309E-16,-0.1117,-0.001));
#15255=CARTESIAN_POINT('',(0.,-0.1117,-1.99493199737333E-16));
#15256=CARTESIAN_POINT('',(0.0109999999999998,-0.1117,-1.99493199737333E-16));
#15257=CARTESIAN_POINT('',(0.,-0.1117,0.0130000000000002));
#15258=CARTESIAN_POINT('',(-0.0109999999999998,-0.1117,0.0130000000000002));
#15259=CARTESIAN_POINT('',(0.,-0.1117,-0.001));
#15260=CARTESIAN_POINT('',(0.,-0.1117,0.004));
#15261=CARTESIAN_POINT('',(0.015,-0.1117,0.004));
#15262=CARTESIAN_POINT('',(0.,-0.1117,0.009));
#15263=CARTESIAN_POINT('',(0.015,-0.1117,0.009));
#15264=CARTESIAN_POINT('',(0.,-0.1117,0.004));
#15265=CARTESIAN_POINT('',(0.,-0.1117,0.014));
#15266=CARTESIAN_POINT('',(0.,0.,0.));
#15267=CARTESIAN_POINT('',(-0.0401,-0.1694,-0.03995));
#15268=CARTESIAN_POINT('',(-0.0403339874169397,-0.169131395174796,-0.03995));
#15269=CARTESIAN_POINT('',(-0.0320440716301208,-0.161909871957078,-0.03995));
#15270=CARTESIAN_POINT('',(-0.0373298749985957,-0.166514448496977,-0.03995));
#15271=CARTESIAN_POINT('',(-0.0401,-0.1694,-0.03995));
#15272=CARTESIAN_POINT('',(-0.0382096856035923,-0.165874845892342,-0.03995));
#15273=CARTESIAN_POINT('',(-0.0359209996916388,-0.159205406921504,-0.03995));
#15274=CARTESIAN_POINT('',(-0.0359268145008529,-0.159222351804581,-0.03995));
#15275=CARTESIAN_POINT('',(-0.0401,-0.1694,-0.03995));
#15276=CARTESIAN_POINT('',(-0.0401,-0.1694,-0.03995));
#15277=CARTESIAN_POINT('',(-0.0404277644576233,-0.169539531801852,-0.03995));
#15278=CARTESIAN_POINT('',(-0.0447341163113467,-0.159423779973712,-0.03995));
#15279=CARTESIAN_POINT('',(-0.0419883068580779,-0.165873770113885,-0.03995));
#15280=CARTESIAN_POINT('',(-0.0401,-0.1694,-0.03995));
#15281=CARTESIAN_POINT('',(-0.0428684815118306,-0.166512871648393,-0.03995));
#15282=CARTESIAN_POINT('',(-0.0485042520634999,-0.162275232013141,-0.03995));
#15283=CARTESIAN_POINT('',(-0.0484899333968969,-0.162285998482174,-0.03995));
#15284=CARTESIAN_POINT('',(-0.0401,-0.1694,-0.03995));
#15285=CARTESIAN_POINT('',(-0.0401,-0.1694,-0.03995));
#15286=CARTESIAN_POINT('',(-0.0400685821581757,-0.169754840221261,-0.03995));
#15287=CARTESIAN_POINT('',(-0.0510199697581115,-0.170724484987429,-0.03995));
#15288=CARTESIAN_POINT('',(-0.044037162820886,-0.170106221581257,-0.03995));
#15289=CARTESIAN_POINT('',(-0.0401,-0.1694,-0.03995));
#15290=CARTESIAN_POINT('',(-0.0437013300679446,-0.171140810656481,-0.03995));
#15291=CARTESIAN_POINT('',(-0.0494731137336256,-0.17519124430066,-0.03995));
#15292=CARTESIAN_POINT('',(-0.0494584495017773,-0.175180953461384,-0.03995));
#15293=CARTESIAN_POINT('',(-0.0401,-0.1694,-0.03995));
#15294=CARTESIAN_POINT('',(-0.0401,-0.1694,-0.03995));
#15295=CARTESIAN_POINT('',(-0.0397528182482761,-0.169479771515462,-0.03995));
#15296=CARTESIAN_POINT('',(-0.0422147345961257,-0.1801945288482,-0.03995));
#15297=CARTESIAN_POINT('',(-0.040644993584472,-0.173362698826921,-0.03995));
#15298=CARTESIAN_POINT('',(-0.0401,-0.1694,-0.03995));
#15299=CARTESIAN_POINT('',(-0.0395572628748661,-0.17336300850529,-0.03995));
#15300=CARTESIAN_POINT('',(-0.0374886508042992,-0.180103953801821,-0.03995));
#15301=CARTESIAN_POINT('',(-0.037493906477201,-0.180086827244342,-0.03995));
#15302=CARTESIAN_POINT('',(-0.0401,-0.1694,-0.03995));
#15303=CARTESIAN_POINT('',(-0.0421981376758396,-0.180198046966615,-0.03995));
#15304=CARTESIAN_POINT('',(-0.0421027677814833,-0.17970722664995,-0.03995));
#15305=CARTESIAN_POINT('',(-0.0401,-0.1694,-0.01495));
#15306=CARTESIAN_POINT('',(-0.0386665282018188,-0.165665678294011,-0.03945));
#15307=CARTESIAN_POINT('',(-0.0386665282018188,-0.165665678294011,-0.0395583335060254));
#15308=CARTESIAN_POINT('',(-0.0386333870324033,-0.165678005661219,-0.039663797421359));
#15309=CARTESIAN_POINT('',(-0.0385735167398656,-0.165702724130318,-0.03975));
#15310=CARTESIAN_POINT('',(-0.0386665282018188,-0.165665678294011,-0.03945));
#15311=CARTESIAN_POINT('',(-0.0385735167398657,-0.165702724130319,-0.03975));
#15312=CARTESIAN_POINT('',(-0.0401,-0.1694,-0.03975));
#15313=CARTESIAN_POINT('',(-0.0416264000026045,-0.165702689757127,-0.03975));
#15314=CARTESIAN_POINT('',(-0.0416264000026045,-0.165702689757128,-0.03975));
#15315=CARTESIAN_POINT('',(-0.0415670943528719,-0.165678205973523,-0.0396644573110143));
#15316=CARTESIAN_POINT('',(-0.0415334717981812,-0.165665678294011,-0.0395580299949774));
#15317=CARTESIAN_POINT('',(-0.0415334717981812,-0.165665678294011,-0.03945));
#15318=CARTESIAN_POINT('',(-0.0415334717981812,-0.165665678294011,-0.03945));
#15319=CARTESIAN_POINT('',(-0.0415334717981812,-0.165665678294011,-0.02695));
#15320=CARTESIAN_POINT('',(-0.0415334717981812,-0.165665678294011,-0.02745));
#15321=CARTESIAN_POINT('',(-0.0415334717981812,-0.165665678294011,-0.02745));
#15322=CARTESIAN_POINT('',(-0.0415334717981812,-0.165665678294011,-0.0271857293871787));
#15323=CARTESIAN_POINT('',(-0.041755331810912,-0.165749011265615,-0.0269500000000001));
#15324=CARTESIAN_POINT('',(-0.0419883068580779,-0.165873770113884,-0.02695));
#15325=CARTESIAN_POINT('',(-0.0419883068580779,-0.165873770113885,-0.02695));
#15326=CARTESIAN_POINT('',(-0.0401,-0.1694,-0.02695));
#15327=CARTESIAN_POINT('',(-0.0428684815118306,-0.166512871648393,-0.02695));
#15328=CARTESIAN_POINT('',(-0.0428684815118306,-0.166512871648393,-0.02695));
#15329=CARTESIAN_POINT('',(-0.043059697861688,-0.166696229942473,-0.0269499999999999));
#15330=CARTESIAN_POINT('',(-0.0432085838458279,-0.1668827184358,-0.0271850297767354));
#15331=CARTESIAN_POINT('',(-0.0432085838458279,-0.1668827184358,-0.02745));
#15332=CARTESIAN_POINT('',(-0.0432085838458279,-0.1668827184358,-0.02745));
#15333=CARTESIAN_POINT('',(-0.0432085838458279,-0.1668827184358,-0.02695));
#15334=CARTESIAN_POINT('',(-0.0432085838458279,-0.1668827184358,-0.03945));
#15335=CARTESIAN_POINT('',(-0.0432085838458279,-0.1668827184358,-0.03945));
#15336=CARTESIAN_POINT('',(-0.0432085838458279,-0.1668827184358,-0.0395583335060254));
#15337=CARTESIAN_POINT('',(-0.0431866186383537,-0.166855008676634,-0.0396637974213592));
#15338=CARTESIAN_POINT('',(-0.0431446090393911,-0.16680570707181,-0.0397500000000001));
#15339=CARTESIAN_POINT('',(-0.0431446090393911,-0.16680570707181,-0.03975));
#15340=CARTESIAN_POINT('',(-0.0401,-0.1694,-0.03975));
#15341=CARTESIAN_POINT('',(-0.0440880345402673,-0.169709160970426,-0.03975));
#15342=CARTESIAN_POINT('',(-0.0440880345402673,-0.169709160970426,-0.0397500000000001));
#15343=CARTESIAN_POINT('',(-0.0440929935485784,-0.169645192040574,-0.0396644573110144));
#15344=CARTESIAN_POINT('',(-0.0440945181390183,-0.169609343824972,-0.0395580299949774));
#15345=CARTESIAN_POINT('',(-0.0440945181390183,-0.169609343824972,-0.03945));
#15346=CARTESIAN_POINT('',(-0.0440945181390183,-0.169609343824972,-0.03945));
#15347=CARTESIAN_POINT('',(-0.0440945181390183,-0.169609343824972,-0.02695));
#15348=CARTESIAN_POINT('',(-0.0440945181390183,-0.169609343824972,-0.02745));
#15349=CARTESIAN_POINT('',(-0.0440945181390183,-0.169609343824972,-0.02745));
#15350=CARTESIAN_POINT('',(-0.0440945181390183,-0.169609343824972,-0.0271857293871791));
#15351=CARTESIAN_POINT('',(-0.0440838222876583,-0.169846096540202,-0.02695));
#15352=CARTESIAN_POINT('',(-0.044037162820886,-0.170106221581257,-0.02695));
#15353=CARTESIAN_POINT('',(-0.044037162820886,-0.170106221581257,-0.02695));
#15354=CARTESIAN_POINT('',(-0.0401,-0.1694,-0.02695));
#15355=CARTESIAN_POINT('',(-0.0437013300679446,-0.171140810656481,-0.02695));
#15356=CARTESIAN_POINT('',(-0.0437013300679446,-0.171140810656481,-0.02695));
#15357=CARTESIAN_POINT('',(-0.0435860350692517,-0.171379329040965,-0.0269500000000001));
#15358=CARTESIAN_POINT('',(-0.0434546822717817,-0.17157855614006,-0.0271850297767353));
#15359=CARTESIAN_POINT('',(-0.0434546822717817,-0.17157855614006,-0.02745));
#15360=CARTESIAN_POINT('',(-0.0434546822717817,-0.17157855614006,-0.02745));
#15361=CARTESIAN_POINT('',(-0.0434546822717817,-0.17157855614006,-0.02695));
#15362=CARTESIAN_POINT('',(-0.0434546822717817,-0.17157855614006,-0.03945));
#15363=CARTESIAN_POINT('',(-0.0434546822717817,-0.17157855614006,-0.03945));
#15364=CARTESIAN_POINT('',(-0.0434546822717817,-0.17157855614006,-0.0395583335060253));
#15365=CARTESIAN_POINT('',(-0.0434742481964082,-0.171549103199867,-0.039663797421359));
#15366=CARTESIAN_POINT('',(-0.0435081551289333,-0.171493914663286,-0.0397499999999999));
#15367=CARTESIAN_POINT('',(-0.0435081551289332,-0.171493914663286,-0.03975));
#15368=CARTESIAN_POINT('',(-0.0401,-0.1694,-0.03975));
#15369=CARTESIAN_POINT('',(-0.0410383408915893,-0.173288382230591,-0.03975));
#15370=CARTESIAN_POINT('',(-0.0410383408915893,-0.17328838223059,-0.03975));
#15371=CARTESIAN_POINT('',(-0.0411007113770087,-0.173273331041323,-0.0396644573110144));
#15372=CARTESIAN_POINT('',(-0.0411352761804101,-0.173263703305156,-0.0395580299949774));
#15373=CARTESIAN_POINT('',(-0.0411352761804101,-0.173263703305156,-0.03945));
#15374=CARTESIAN_POINT('',(-0.0411352761804101,-0.173263703305156,-0.03945));
#15375=CARTESIAN_POINT('',(-0.0411352761804101,-0.173263703305156,-0.02695));
#15376=CARTESIAN_POINT('',(-0.0411352761804101,-0.173263703305156,-0.02745));
#15377=CARTESIAN_POINT('',(-0.0411352761804101,-0.173263703305157,-0.02745));
#15378=CARTESIAN_POINT('',(-0.0411352761804101,-0.173263703305157,-0.0271857293871788));
#15379=CARTESIAN_POINT('',(-0.0409068057680002,-0.173326691558494,-0.02695));
#15380=CARTESIAN_POINT('',(-0.0406449935844721,-0.173362698826922,-0.02695));
#15381=CARTESIAN_POINT('',(-0.040644993584472,-0.173362698826921,-0.02695));
#15382=CARTESIAN_POINT('',(-0.0401,-0.1694,-0.02695));
#15383=CARTESIAN_POINT('',(-0.0395572628748661,-0.17336300850529,-0.02695));
#15384=CARTESIAN_POINT('',(-0.0395572628748661,-0.17336300850529,-0.02695));
#15385=CARTESIAN_POINT('',(-0.0392947902970836,-0.173327062679763,-0.02695));
#15386=CARTESIAN_POINT('',(-0.0390647238195899,-0.173263703305157,-0.0271850297767354));
#15387=CARTESIAN_POINT('',(-0.0390647238195899,-0.173263703305157,-0.02745));
#15388=CARTESIAN_POINT('',(-0.0390647238195899,-0.173263703305156,-0.02745));
#15389=CARTESIAN_POINT('',(-0.0390647238195899,-0.173263703305156,-0.02695));
#15390=CARTESIAN_POINT('',(-0.0390647238195899,-0.173263703305156,-0.03945));
#15391=CARTESIAN_POINT('',(-0.0390647238195899,-0.173263703305156,-0.03945));
#15392=CARTESIAN_POINT('',(-0.0390647238195899,-0.173263703305156,-0.0395583335060253));
#15393=CARTESIAN_POINT('',(-0.0390987814335045,-0.173273210146216,-0.039663797421359));
#15394=CARTESIAN_POINT('',(-0.0391617466692219,-0.173288403359643,-0.03975));
#15395=CARTESIAN_POINT('',(-0.0391617466692219,-0.173288403359643,-0.03975));
#15396=CARTESIAN_POINT('',(-0.0401,-0.1694,-0.03975));
#15397=CARTESIAN_POINT('',(-0.0366918920237687,-0.17149399140933,-0.03975));
#15398=CARTESIAN_POINT('',(-0.0366918920237687,-0.17149399140933,-0.0397500000000001));
#15399=CARTESIAN_POINT('',(-0.0367254800953416,-0.171548658192644,-0.0396644573110145));
#15400=CARTESIAN_POINT('',(-0.0367453177282183,-0.17157855614006,-0.0395580299949774));
#15401=CARTESIAN_POINT('',(-0.0367453177282183,-0.17157855614006,-0.03945));
#15402=CARTESIAN_POINT('',(-0.0367453177282183,-0.17157855614006,-0.03945));
#15403=CARTESIAN_POINT('',(-0.0367453177282183,-0.17157855614006,-0.02695));
#15404=CARTESIAN_POINT('',(-0.0367453177282183,-0.17157855614006,-0.02745));
#15405=CARTESIAN_POINT('',(-0.0367453177282183,-0.17157855614006,-0.02745));
#15406=CARTESIAN_POINT('',(-0.0367453177282183,-0.17157855614006,-0.0271857293871788));
#15407=CARTESIAN_POINT('',(-0.0366148110992852,-0.171380732306284,-0.02695));
#15408=CARTESIAN_POINT('',(-0.0364996617379684,-0.171142860980959,-0.02695));
#15409=CARTESIAN_POINT('',(-0.0364996617379684,-0.171142860980959,-0.02695));
#15410=CARTESIAN_POINT('',(-0.0401,-0.1694,-0.02695));
#15411=CARTESIAN_POINT('',(-0.0361632399417662,-0.170108463297493,-0.02695));
#15412=CARTESIAN_POINT('',(-0.0361632399417662,-0.170108463297493,-0.02695));
#15413=CARTESIAN_POINT('',(-0.0361163179662748,-0.16984772917108,-0.02695));
#15414=CARTESIAN_POINT('',(-0.0361054818609817,-0.169609343824972,-0.0271850297767355));
#15415=CARTESIAN_POINT('',(-0.0361054818609817,-0.169609343824972,-0.02745));
#15416=CARTESIAN_POINT('',(-0.0361054818609817,-0.169609343824972,-0.02745));
#15417=CARTESIAN_POINT('',(-0.0361054818609817,-0.169609343824972,-0.02695));
#15418=CARTESIAN_POINT('',(-0.0361054818609817,-0.169609343824972,-0.03945));
#15419=CARTESIAN_POINT('',(-0.0361054818609817,-0.169609343824972,-0.03945));
#15420=CARTESIAN_POINT('',(-0.0361054818609817,-0.169609343824972,-0.0395583335060253));
#15421=CARTESIAN_POINT('',(-0.0361069646993303,-0.169644672316065,-0.039663797421359));
#15422=CARTESIAN_POINT('',(-0.0361119724225881,-0.169709250774942,-0.03975));
#15423=CARTESIAN_POINT('',(-0.0361119724225881,-0.169709250774942,-0.03975));
#15424=CARTESIAN_POINT('',(-0.0401,-0.1694,-0.03975));
#15425=CARTESIAN_POINT('',(-0.0370553325417702,-0.166805775632526,-0.03975));
#15426=CARTESIAN_POINT('',(-0.0370553325417701,-0.166805775632526,-0.03975));
#15427=CARTESIAN_POINT('',(-0.0370137206261993,-0.166854612751937,-0.0396644573110144));
#15428=CARTESIAN_POINT('',(-0.0369914161541721,-0.1668827184358,-0.0395580299949774));
#15429=CARTESIAN_POINT('',(-0.0369914161541721,-0.1668827184358,-0.03945));
#15430=CARTESIAN_POINT('',(-0.0369914161541721,-0.1668827184358,-0.03945));
#15431=CARTESIAN_POINT('',(-0.0369914161541721,-0.1668827184358,-0.02695));
#15432=CARTESIAN_POINT('',(-0.0369914161541721,-0.1668827184358,-0.02745));
#15433=CARTESIAN_POINT('',(-0.0369914161541721,-0.1668827184358,-0.02745));
#15434=CARTESIAN_POINT('',(-0.0369914161541721,-0.1668827184358,-0.0271857293871789));
#15435=CARTESIAN_POINT('',(-0.0371392290341442,-0.166697468329405,-0.02695));
#15436=CARTESIAN_POINT('',(-0.0373298749985957,-0.166514448496977,-0.02695));
#15437=CARTESIAN_POINT('',(-0.0373298749985957,-0.166514448496977,-0.02695));
#15438=CARTESIAN_POINT('',(-0.0401,-0.1694,-0.02695));
#15439=CARTESIAN_POINT('',(-0.0382096856035923,-0.165874845892342,-0.02695));
#15440=CARTESIAN_POINT('',(-0.0382096856035923,-0.165874845892342,-0.02695));
#15441=CARTESIAN_POINT('',(-0.0384431588057018,-0.165749649165719,-0.02695));
#15442=CARTESIAN_POINT('',(-0.0386665282018188,-0.165665678294011,-0.0271850297767353));
#15443=CARTESIAN_POINT('',(-0.0386665282018188,-0.165665678294011,-0.02745));
#15444=CARTESIAN_POINT('',(-0.0386665282018188,-0.165665678294011,-0.02745));
#15445=CARTESIAN_POINT('',(-0.0386665282018188,-0.165665678294011,-0.02695));
#15446=CARTESIAN_POINT('',(-0.0401,-0.1694,-0.00895));
#15447=CARTESIAN_POINT('',(-0.0361,-0.1694,-0.00895));
#15448=CARTESIAN_POINT('',(-0.0401,-0.1694,-0.03995));
#15449=CARTESIAN_POINT('',(-0.0399168477189853,-0.169094461286629,-0.03995));
#15450=CARTESIAN_POINT('',(-0.0304870461451336,-0.174747066315673,-0.03995));
#15451=CARTESIAN_POINT('',(-0.0364996617379684,-0.171142860980959,-0.03995));
#15452=CARTESIAN_POINT('',(-0.0401,-0.1694,-0.03995));
#15453=CARTESIAN_POINT('',(-0.0361632399417662,-0.170108463297493,-0.03995));
#15454=CARTESIAN_POINT('',(-0.0291129837069365,-0.170224162962874,-0.03995));
#15455=CARTESIAN_POINT('',(-0.029130896123272,-0.170223869007519,-0.03995));
#15456=CARTESIAN_POINT('',(-0.0401,-0.1694,-0.03995));
#15457=CARTESIAN_POINT('',(-0.0383,-0.1694,-0.00895));
#15458=CARTESIAN_POINT('',(-0.0383,-0.1694,-0.01495));
#15459=CARTESIAN_POINT('',(-0.0383,-0.167455134966122,-0.01495));
#15460=CARTESIAN_POINT('',(-0.0383,-0.171344865033878,-0.01495));
#15461=CARTESIAN_POINT('',(-0.0383,-0.171344865033878,-0.00895));
#15462=CARTESIAN_POINT('',(-0.0383,-0.171344865033878,-0.00895));
#15463=CARTESIAN_POINT('',(-0.0383,-0.1694,-0.00895));
#15464=CARTESIAN_POINT('',(-0.0383,-0.167455134966122,-0.00895));
#15465=CARTESIAN_POINT('',(-0.0383,-0.167455134966122,-0.00895));
#15466=CARTESIAN_POINT('',(-0.0401,-0.1694,-0.00895));
#15467=CARTESIAN_POINT('',(-0.0401,-0.1694,-0.01495));
#15468=CARTESIAN_POINT('',(-0.0419,-0.171344865033878,-0.01495));
#15469=CARTESIAN_POINT('',(-0.0419,-0.171344865033878,-0.00895));
#15470=CARTESIAN_POINT('',(-0.0419,-0.171344865033878,-0.00895));
#15471=CARTESIAN_POINT('',(-0.0401,-0.1694,-0.00895));
#15472=CARTESIAN_POINT('',(-0.0419,-0.1694,-0.00895));
#15473=CARTESIAN_POINT('',(-0.0419,-0.1694,-0.01495));
#15474=CARTESIAN_POINT('',(-0.0419,-0.167455134966122,-0.01495));
#15475=CARTESIAN_POINT('',(-0.0419,-0.167455134966122,-0.00895));
#15476=CARTESIAN_POINT('',(-0.0419,-0.167455134966122,-0.00895));
#15477=CARTESIAN_POINT('',(-0.0419,-0.1694,-0.00895));
#15478=CARTESIAN_POINT('',(-0.0401,-0.1694,-0.00895));
#15479=CARTESIAN_POINT('',(-0.0401,-0.1694,-0.01495));
#15480=CARTESIAN_POINT('',(-0.0401,-0.1694,-0.00895));
#15481=CARTESIAN_POINT('',(-0.0401,-0.1694,-0.00895));
#15482=CARTESIAN_POINT('',(-0.0401,-0.1694,-0.01495));
#15483=CARTESIAN_POINT('',(-0.0429047158968617,-0.16244458408963,-0.02695));
#15484=CARTESIAN_POINT('',(-0.0429047158968617,-0.16244458408963,-0.03945));
#15485=CARTESIAN_POINT('',(-0.0442759599955423,-0.159223489885249,-0.03945));
#15486=CARTESIAN_POINT('',(-0.0442759599955423,-0.159223489885249,-0.02695));
#15487=CARTESIAN_POINT('',(-0.0442759599955422,-0.159223489885249,-0.02745));
#15488=CARTESIAN_POINT('',(-0.0415334717981812,-0.165665678294011,-0.02745));
#15489=CARTESIAN_POINT('',(-0.0400135960106304,-0.169285088610465,-0.03995));
#15490=CARTESIAN_POINT('',(-0.0400135960106304,-0.169285088610465,-0.02745));
#15491=CARTESIAN_POINT('',(-0.0488047424987027,-0.162674863716528,-0.02745));
#15492=CARTESIAN_POINT('',(-0.0488047424987027,-0.162674863716528,-0.02695));
#15493=CARTESIAN_POINT('',(-0.0488047424987027,-0.162674863716528,-0.03945));
#15494=CARTESIAN_POINT('',(-0.0432085838458279,-0.1668827184358,-0.03945));
#15495=CARTESIAN_POINT('',(-0.0401,-0.1694,-0.02695));
#15496=CARTESIAN_POINT('',(-0.0401,-0.1694,-0.02695));
#15497=CARTESIAN_POINT('',(-0.0447341163113467,-0.159423779973712,-0.02695));
#15498=CARTESIAN_POINT('',(-0.0484899333968969,-0.162285998482174,-0.02695));
#15499=CARTESIAN_POINT('',(-0.0397131055754276,-0.168885456907079,-0.02695));
#15500=CARTESIAN_POINT('',(-0.0447360081977154,-0.159419335874938,-0.02695));
#15501=CARTESIAN_POINT('',(-0.0397131055754276,-0.168885456907079,-0.02745));
#15502=CARTESIAN_POINT('',(-0.0488047424987027,-0.162674863716528,-0.02745));
#15503=CARTESIAN_POINT('',(-0.0488047424987027,-0.162674863716528,-0.0271857800922256));
#15504=CARTESIAN_POINT('',(-0.0486608091346652,-0.162487521641177,-0.02695));
#15505=CARTESIAN_POINT('',(-0.0484899333968969,-0.162285998482174,-0.02695));
#15506=CARTESIAN_POINT('',(-0.0397131055754276,-0.168885456907079,-0.03945));
#15507=CARTESIAN_POINT('',(-0.0484899333968969,-0.162285998482174,-0.03995));
#15508=CARTESIAN_POINT('',(-0.0486608083906826,-0.162487520763757,-0.03995));
#15509=CARTESIAN_POINT('',(-0.0488047424987027,-0.162674863716528,-0.0397142211646424));
#15510=CARTESIAN_POINT('',(-0.0488047424987027,-0.162674863716528,-0.03945));
#15511=CARTESIAN_POINT('',(-0.0431446090393911,-0.16680570707181,-0.0397500000000001));
#15512=CARTESIAN_POINT('',(-0.0430838720942673,-0.166734427437139,-0.039874630594382));
#15513=CARTESIAN_POINT('',(-0.0429815196163027,-0.166621264440209,-0.0399500000000001));
#15514=CARTESIAN_POINT('',(-0.0428684815118307,-0.166512871648393,-0.03995));
#15515=CARTESIAN_POINT('',(-0.0433647640990349,-0.162640430079319,-0.03945));
#15516=CARTESIAN_POINT('',(-0.0419883068580779,-0.165873770113884,-0.03995));
#15517=CARTESIAN_POINT('',(-0.0418505815311927,-0.165800017781311,-0.03995));
#15518=CARTESIAN_POINT('',(-0.0417121662806461,-0.165738097564,-0.0398737095973326));
#15519=CARTESIAN_POINT('',(-0.0416264000026045,-0.165702689757128,-0.03975));
#15520=CARTESIAN_POINT('',(-0.0442759599955423,-0.159223489885249,-0.03945));
#15521=CARTESIAN_POINT('',(-0.0442759599955423,-0.159223489885249,-0.039714129880948));
#15522=CARTESIAN_POINT('',(-0.0444945685097755,-0.159312506127337,-0.03995));
#15523=CARTESIAN_POINT('',(-0.0447341163113467,-0.159423779973712,-0.03995));
#15524=CARTESIAN_POINT('',(-0.0404277644576233,-0.169539531801852,-0.02745));
#15525=CARTESIAN_POINT('',(-0.0447341163113467,-0.159423779973712,-0.02695));
#15526=CARTESIAN_POINT('',(-0.0444945706642679,-0.159312507128134,-0.02695));
#15527=CARTESIAN_POINT('',(-0.0442759599955423,-0.159223489885249,-0.0271858715520768));
#15528=CARTESIAN_POINT('',(-0.0442759599955423,-0.159223489885249,-0.02745));
#15529=CARTESIAN_POINT('',(-0.0401,-0.1694,-0.04095));
#15530=CARTESIAN_POINT('',(-0.0401,-0.1694,-0.02695));
#15531=CARTESIAN_POINT('',(-0.0510199697581117,-0.170724484987429,-0.02695));
#15532=CARTESIAN_POINT('',(-0.0510199697581117,-0.170724484987429,-0.02695));
#15533=CARTESIAN_POINT('',(-0.0510517728471097,-0.170462278338528,-0.02695));
#15534=CARTESIAN_POINT('',(-0.05106887886423,-0.170226859396662,-0.0271858715520771));
#15535=CARTESIAN_POINT('',(-0.05106887886423,-0.170226859396662,-0.02745));
#15536=CARTESIAN_POINT('',(-0.05106887886423,-0.170226859396662,-0.02745));
#15537=CARTESIAN_POINT('',(-0.05106887886423,-0.170226859396662,-0.02695));
#15538=CARTESIAN_POINT('',(-0.05106887886423,-0.170226859396662,-0.03945));
#15539=CARTESIAN_POINT('',(-0.05106887886423,-0.170226859396662,-0.03945));
#15540=CARTESIAN_POINT('',(-0.05106887886423,-0.170226859396662,-0.0397141298809478));
#15541=CARTESIAN_POINT('',(-0.0510517731331492,-0.170462275980221,-0.0399499999999999));
#15542=CARTESIAN_POINT('',(-0.0510199697581117,-0.170724484987429,-0.03995));
#15543=CARTESIAN_POINT('',(-0.0401,-0.1694,-0.03995));
#15544=CARTESIAN_POINT('',(-0.0401,-0.1694,-0.04095));
#15545=CARTESIAN_POINT('',(-0.0401,-0.1694,-0.03995));
#15546=CARTESIAN_POINT('',(-0.0359268145008529,-0.159222351804581,-0.03995));
#15547=CARTESIAN_POINT('',(-0.0361712768569245,-0.159122113838024,-0.03995));
#15548=CARTESIAN_POINT('',(-0.0363939286783874,-0.159043116522857,-0.0397142211646425));
#15549=CARTESIAN_POINT('',(-0.0363939286783874,-0.159043116522857,-0.03945));
#15550=CARTESIAN_POINT('',(-0.0363939286783874,-0.159043116522857,-0.03945));
#15551=CARTESIAN_POINT('',(-0.0363939286783874,-0.159043116522857,-0.02695));
#15552=CARTESIAN_POINT('',(-0.0363939286783874,-0.159043116522857,-0.02745));
#15553=CARTESIAN_POINT('',(-0.0363939286783874,-0.159043116522857,-0.02745));
#15554=CARTESIAN_POINT('',(-0.0363939286783874,-0.159043116522857,-0.0271857800922255));
#15555=CARTESIAN_POINT('',(-0.0361712779213034,-0.159122113401592,-0.02695));
#15556=CARTESIAN_POINT('',(-0.0359268145008529,-0.159222351804581,-0.02695));
#15557=CARTESIAN_POINT('',(-0.0359268145008529,-0.159222351804581,-0.02695));
#15558=CARTESIAN_POINT('',(-0.0401,-0.1694,-0.02695));
#15559=CARTESIAN_POINT('',(-0.0343517112514236,-0.164583214950683,-0.02695));
#15560=CARTESIAN_POINT('',(-0.0343517112514236,-0.164583214950683,-0.03945));
#15561=CARTESIAN_POINT('',(-0.031712006348675,-0.162283711465565,-0.03945));
#15562=CARTESIAN_POINT('',(-0.031712006348675,-0.162283711465565,-0.02695));
#15563=CARTESIAN_POINT('',(-0.031712006348675,-0.162283711465565,-0.02745));
#15564=CARTESIAN_POINT('',(-0.0369914161541721,-0.1668827184358,-0.02745));
#15565=CARTESIAN_POINT('',(-0.0399640124730892,-0.16944666550491,-0.03995));
#15566=CARTESIAN_POINT('',(-0.0399640124730892,-0.16944666550491,-0.02745));
#15567=CARTESIAN_POINT('',(-0.0386665282018188,-0.165665678294011,-0.03945));
#15568=CARTESIAN_POINT('',(-0.0401,-0.1694,-0.02695));
#15569=CARTESIAN_POINT('',(-0.0401,-0.1694,-0.02695));
#15570=CARTESIAN_POINT('',(-0.0320440716301208,-0.161909871957078,-0.02695));
#15571=CARTESIAN_POINT('',(-0.0394910834863405,-0.169608955903557,-0.02695));
#15572=CARTESIAN_POINT('',(-0.0320404296660621,-0.161906699364173,-0.02695));
#15573=CARTESIAN_POINT('',(-0.0394910834863405,-0.169608955903557,-0.02745));
#15574=CARTESIAN_POINT('',(-0.0394910834863405,-0.169608955903557,-0.03945));
#15575=CARTESIAN_POINT('',(-0.0385735167398656,-0.165702724130318,-0.03975));
#15576=CARTESIAN_POINT('',(-0.0384869570306036,-0.165738461779292,-0.0398746305943819));
#15577=CARTESIAN_POINT('',(-0.0383477039698626,-0.165800835481234,-0.03995));
#15578=CARTESIAN_POINT('',(-0.0382096856035923,-0.165874845892342,-0.03995));
#15579=CARTESIAN_POINT('',(-0.0346801345688107,-0.16420620284929,-0.03945));
#15580=CARTESIAN_POINT('',(-0.0373298749985957,-0.166514448496977,-0.03995));
#15581=CARTESIAN_POINT('',(-0.037217172895547,-0.166622642342431,-0.0399500000000001));
#15582=CARTESIAN_POINT('',(-0.0371155106046828,-0.166735148668973,-0.0398737095973327));
#15583=CARTESIAN_POINT('',(-0.0370553325417701,-0.166805775632526,-0.03975));
#15584=CARTESIAN_POINT('',(-0.031712006348675,-0.162283711465565,-0.03945));
#15585=CARTESIAN_POINT('',(-0.031712006348675,-0.162283711465565,-0.039714129880948));
#15586=CARTESIAN_POINT('',(-0.031864219571782,-0.162103309945167,-0.03995));
#15587=CARTESIAN_POINT('',(-0.0320440716301208,-0.161909871957078,-0.03995));
#15588=CARTESIAN_POINT('',(-0.0403339874169397,-0.169131395174796,-0.02745));
#15589=CARTESIAN_POINT('',(-0.0320440716301208,-0.161909871957078,-0.02695));
#15590=CARTESIAN_POINT('',(-0.031864221189371,-0.162103308205386,-0.0269500000000001));
#15591=CARTESIAN_POINT('',(-0.031712006348675,-0.162283711465565,-0.0271858715520769));
#15592=CARTESIAN_POINT('',(-0.031712006348675,-0.162283711465565,-0.02745));
#15593=CARTESIAN_POINT('',(-0.0401,-0.1694,-0.04095));
#15594=CARTESIAN_POINT('',(-0.0401,-0.1694,-0.03995));
#15595=CARTESIAN_POINT('',(-0.029130896123272,-0.170223869007519,-0.03995));
#15596=CARTESIAN_POINT('',(-0.0291111071745084,-0.16996039625564,-0.0399500000000001));
#15597=CARTESIAN_POINT('',(-0.0291047794598095,-0.169724230277076,-0.0397142211646424));
#15598=CARTESIAN_POINT('',(-0.0291047794598095,-0.169724230277076,-0.03945));
#15599=CARTESIAN_POINT('',(-0.0291047794598095,-0.169724230277076,-0.03945));
#15600=CARTESIAN_POINT('',(-0.0291047794598095,-0.169724230277076,-0.02695));
#15601=CARTESIAN_POINT('',(-0.0291047794598095,-0.169724230277076,-0.02745));
#15602=CARTESIAN_POINT('',(-0.0291047794598095,-0.169724230277076,-0.02745));
#15603=CARTESIAN_POINT('',(-0.0291047794598095,-0.169724230277076,-0.0271857800922256));
#15604=CARTESIAN_POINT('',(-0.0291111070883482,-0.16996039510849,-0.0269499999999999));
#15605=CARTESIAN_POINT('',(-0.029130896123272,-0.170223869007519,-0.02695));
#15606=CARTESIAN_POINT('',(-0.029130896123272,-0.170223869007519,-0.02695));
#15607=CARTESIAN_POINT('',(-0.0401,-0.1694,-0.02695));
#15608=CARTESIAN_POINT('',(-0.0475816985016242,-0.169918101610817,-0.02695));
#15609=CARTESIAN_POINT('',(-0.0440945181390183,-0.169609343824972,-0.02745));
#15610=CARTESIAN_POINT('',(-0.0475816985016242,-0.169918101610817,-0.03945));
#15611=CARTESIAN_POINT('',(-0.0401825869247168,-0.169282315350663,-0.03995));
#15612=CARTESIAN_POINT('',(-0.0401825869247168,-0.169282315350663,-0.02745));
#15613=CARTESIAN_POINT('',(-0.0491858980491265,-0.175600520674982,-0.02745));
#15614=CARTESIAN_POINT('',(-0.0491858980491265,-0.175600520674982,-0.02695));
#15615=CARTESIAN_POINT('',(-0.0491858980491265,-0.175600520674982,-0.03945));
#15616=CARTESIAN_POINT('',(-0.0434546822717817,-0.17157855614006,-0.03945));
#15617=CARTESIAN_POINT('',(-0.0401,-0.1694,-0.02695));
#15618=CARTESIAN_POINT('',(-0.0510247809722492,-0.170724910976243,-0.02695));
#15619=CARTESIAN_POINT('',(-0.0401,-0.1694,-0.02695));
#15620=CARTESIAN_POINT('',(-0.0494584495017773,-0.175180953461384,-0.02695));
#15621=CARTESIAN_POINT('',(-0.040469802609216,-0.168873038976341,-0.02695));
#15622=CARTESIAN_POINT('',(-0.0400685821581757,-0.169754840221261,-0.02745));
#15623=CARTESIAN_POINT('',(-0.040469802609216,-0.168873038976341,-0.02745));
#15624=CARTESIAN_POINT('',(-0.0491858980491265,-0.175600520674982,-0.02745));
#15625=CARTESIAN_POINT('',(-0.0491858980491265,-0.175600520674982,-0.0271857800922254));
#15626=CARTESIAN_POINT('',(-0.0493195930951203,-0.175405740026157,-0.02695));
#15627=CARTESIAN_POINT('',(-0.0494584495017773,-0.175180953461384,-0.02695));
#15628=CARTESIAN_POINT('',(-0.040469802609216,-0.168873038976341,-0.03945));
#15629=CARTESIAN_POINT('',(-0.0494584495017773,-0.175180953461384,-0.03995));
#15630=CARTESIAN_POINT('',(-0.0493195936996926,-0.17540573904745,-0.03995));
#15631=CARTESIAN_POINT('',(-0.0491858980491265,-0.175600520674982,-0.0397142211646426));
#15632=CARTESIAN_POINT('',(-0.0491858980491265,-0.175600520674982,-0.03945));
#15633=CARTESIAN_POINT('',(-0.0435081551289333,-0.171493914663286,-0.0397499999999999));
#15634=CARTESIAN_POINT('',(-0.0435571773417359,-0.171414123777381,-0.0398746305943819));
#15635=CARTESIAN_POINT('',(-0.043633173092262,-0.171281811497068,-0.0399499999999999));
#15636=CARTESIAN_POINT('',(-0.0437013300679446,-0.171140810656481,-0.03995));
#15637=CARTESIAN_POINT('',(-0.0475376006096433,-0.170416153190397,-0.03945));
#15638=CARTESIAN_POINT('',(-0.044037162820886,-0.170106221581257,-0.03995));
#15639=CARTESIAN_POINT('',(-0.0440647459908077,-0.169952446287524,-0.0399499999999999));
#15640=CARTESIAN_POINT('',(-0.044080862952273,-0.169801671162093,-0.0398737095973327));
#15641=CARTESIAN_POINT('',(-0.0440880345402673,-0.169709160970426,-0.0397500000000001));
#15642=CARTESIAN_POINT('',(-0.0401,-0.1694,-0.04095));
#15643=CARTESIAN_POINT('',(-0.0401,-0.1694,-0.02695));
#15644=CARTESIAN_POINT('',(-0.0421981376758396,-0.180198046966615,-0.02695));
#15645=CARTESIAN_POINT('',(-0.0421981376758396,-0.180198046966615,-0.02695));
#15646=CARTESIAN_POINT('',(-0.0401,-0.1694,-0.03995));
#15647=CARTESIAN_POINT('',(-0.0419192280707212,-0.176675620315481,-0.02695));
#15648=CARTESIAN_POINT('',(-0.0419192280707212,-0.176675620315481,-0.03945));
#15649=CARTESIAN_POINT('',(-0.0425900699797328,-0.179595259835308,-0.03945));
#15650=CARTESIAN_POINT('',(-0.0425900699797328,-0.179595259835308,-0.02695));
#15651=CARTESIAN_POINT('',(-0.0425900699797328,-0.179595259835308,-0.02745));
#15652=CARTESIAN_POINT('',(-0.0411352761804101,-0.173263703305156,-0.02745));
#15653=CARTESIAN_POINT('',(-0.0402374455158709,-0.16944217827629,-0.03995));
#15654=CARTESIAN_POINT('',(-0.0370106513139739,-0.179957268808558,-0.02695));
#15655=CARTESIAN_POINT('',(-0.0370106513139739,-0.179957268808558,-0.02745));
#15656=CARTESIAN_POINT('',(-0.0370106513139739,-0.179957268808558,-0.03945));
#15657=CARTESIAN_POINT('',(-0.0390647238195899,-0.173263703305156,-0.03945));
#15658=CARTESIAN_POINT('',(-0.0402374455158709,-0.16944217827629,-0.02745));
#15659=CARTESIAN_POINT('',(-0.0401,-0.1694,-0.02695));
#15660=CARTESIAN_POINT('',(-0.0401,-0.1694,-0.02695));
#15661=CARTESIAN_POINT('',(-0.037493906477201,-0.180086827244342,-0.02695));
#15662=CARTESIAN_POINT('',(-0.0407154450061962,-0.169588863269554,-0.02695));
#15663=CARTESIAN_POINT('',(-0.0422158777627826,-0.180199504140447,-0.02695));
#15664=CARTESIAN_POINT('',(-0.0422147345961257,-0.1801945288482,-0.02695));
#15665=CARTESIAN_POINT('',(-0.0421027677814833,-0.17970722664995,-0.02695));
#15666=CARTESIAN_POINT('',(-0.0397528182482761,-0.169479771515462,-0.02745));
#15667=CARTESIAN_POINT('',(-0.0421027677814833,-0.17970722664995,-0.02745));
#15668=CARTESIAN_POINT('',(-0.0414319258724716,-0.176787587130123,-0.03945));
#15669=CARTESIAN_POINT('',(-0.040644993584472,-0.173362698826921,-0.03995));
#15670=CARTESIAN_POINT('',(-0.0407997662478865,-0.173341412801337,-0.03995));
#15671=CARTESIAN_POINT('',(-0.0409481423284138,-0.173310148866474,-0.0398737095973327));
#15672=CARTESIAN_POINT('',(-0.0410383408915893,-0.17328838223059,-0.03975));
#15673=CARTESIAN_POINT('',(-0.0421027677814833,-0.17970722664995,-0.03945));
#15674=CARTESIAN_POINT('',(-0.0421027677814833,-0.17970722664995,-0.02695));
#15675=CARTESIAN_POINT('',(-0.0407154450061962,-0.169588863269554,-0.03945));
#15676=CARTESIAN_POINT('',(-0.037493906477201,-0.180086827244342,-0.03995));
#15677=CARTESIAN_POINT('',(-0.0372372138781918,-0.180024230095129,-0.03995));
#15678=CARTESIAN_POINT('',(-0.0370106513139739,-0.179957268808558,-0.0397142211646424));
#15679=CARTESIAN_POINT('',(-0.0370106513139739,-0.179957268808558,-0.03945));
#15680=CARTESIAN_POINT('',(-0.0395572628748661,-0.17336300850529,-0.03995));
#15681=CARTESIAN_POINT('',(-0.039402040614236,-0.173341750694872,-0.03995));
#15682=CARTESIAN_POINT('',(-0.0392532544108623,-0.173310483744687,-0.0398752787066568));
#15683=CARTESIAN_POINT('',(-0.0391617466692219,-0.173288403359643,-0.03975));
#15684=CARTESIAN_POINT('',(-0.0407154450061962,-0.169588863269554,-0.02745));
#15685=CARTESIAN_POINT('',(-0.0370106513139739,-0.179957268808558,-0.02745));
#15686=CARTESIAN_POINT('',(-0.0370106513139739,-0.179957268808558,-0.0271857800922255));
#15687=CARTESIAN_POINT('',(-0.037237212760563,-0.180024229822584,-0.02695));
#15688=CARTESIAN_POINT('',(-0.037493906477201,-0.180086827244342,-0.02695));
#15689=CARTESIAN_POINT('',(-0.0401,-0.1694,-0.04095));
#15690=CARTESIAN_POINT('',(-0.0401,-0.1694,-0.03995));
#15691=CARTESIAN_POINT('',(-0.0401,-0.1694,-0.02695));
#15692=CARTESIAN_POINT('',(-0.0304870461451335,-0.174747066315673,-0.02695));
#15693=CARTESIAN_POINT('',(-0.0304870461451335,-0.174747066315673,-0.02695));
#15694=CARTESIAN_POINT('',(-0.0306154381069372,-0.174977889337362,-0.02695));
#15695=CARTESIAN_POINT('',(-0.0307399748305205,-0.175178401926719,-0.0271858715520768));
#15696=CARTESIAN_POINT('',(-0.0307399748305205,-0.175178401926719,-0.02745));
#15697=CARTESIAN_POINT('',(-0.0307399748305205,-0.175178401926719,-0.02745));
#15698=CARTESIAN_POINT('',(-0.0307399748305205,-0.175178401926719,-0.02695));
#15699=CARTESIAN_POINT('',(-0.0307399748305205,-0.175178401926719,-0.03945));
#15700=CARTESIAN_POINT('',(-0.0307399748305205,-0.175178401926719,-0.03945));
#15701=CARTESIAN_POINT('',(-0.0307399748305205,-0.175178401926719,-0.039714129880948));
#15702=CARTESIAN_POINT('',(-0.0306154392617046,-0.174977891413403,-0.0399500000000001));
#15703=CARTESIAN_POINT('',(-0.0304870461451335,-0.174747066315673,-0.03995));
#15704=CARTESIAN_POINT('',(-0.0337426462793694,-0.17337847903339,-0.02695));
#15705=CARTESIAN_POINT('',(-0.0367453177282183,-0.17157855614006,-0.02745));
#15706=CARTESIAN_POINT('',(-0.0337426462793694,-0.17337847903339,-0.03945));
#15707=CARTESIAN_POINT('',(-0.0401023590756926,-0.169543752257672,-0.03995));
#15708=CARTESIAN_POINT('',(-0.0401023590756926,-0.169543752257672,-0.02745));
#15709=CARTESIAN_POINT('',(-0.0361054818609817,-0.169609343824972,-0.03945));
#15710=CARTESIAN_POINT('',(-0.0401,-0.1694,-0.02695));
#15711=CARTESIAN_POINT('',(-0.0304829034011906,-0.1747495496442,-0.02695));
#15712=CARTESIAN_POINT('',(-0.0401,-0.1694,-0.02695));
#15713=CARTESIAN_POINT('',(-0.0401105633228196,-0.170043684943469,-0.02695));
#15714=CARTESIAN_POINT('',(-0.0399168477189853,-0.169094461286629,-0.02745));
#15715=CARTESIAN_POINT('',(-0.0401105633228196,-0.170043684943469,-0.02745));
#15716=CARTESIAN_POINT('',(-0.0401105633228196,-0.170043684943469,-0.03945));
#15717=CARTESIAN_POINT('',(-0.0361119724225881,-0.169709250774942,-0.03975));
#15718=CARTESIAN_POINT('',(-0.0361192125253317,-0.169802617491356,-0.0398746305943819));
#15719=CARTESIAN_POINT('',(-0.036135501878721,-0.16995432955609,-0.03995));
#15720=CARTESIAN_POINT('',(-0.0361632399417662,-0.170108463297493,-0.03995));
#15721=CARTESIAN_POINT('',(-0.0334855748500395,-0.17294962675087,-0.03945));
#15722=CARTESIAN_POINT('',(-0.0364996617379684,-0.17114286098096,-0.03995));
#15723=CARTESIAN_POINT('',(-0.0365677333345661,-0.171283480787396,-0.03995));
#15724=CARTESIAN_POINT('',(-0.0366433178339842,-0.17141493373846,-0.0398737095973328));
#15725=CARTESIAN_POINT('',(-0.0366918920237687,-0.17149399140933,-0.0397500000000001));
#15726=CARTESIAN_POINT('',(-0.0401,-0.1694,-0.04095));
#15727=CARTESIAN_POINT('',(-0.0401,-0.1694,-0.03595));
#15728=CARTESIAN_POINT('',(-0.0251,-0.1694,-0.03595));
#15729=CARTESIAN_POINT('',(-0.0401,-0.1694,-0.03095));
#15730=CARTESIAN_POINT('',(-0.0251,-0.1694,-0.03095));
#15731=CARTESIAN_POINT('',(-0.0401,-0.1694,-0.03595));
#15732=CARTESIAN_POINT('',(-0.0401,-0.1694,-0.02595));
#15733=CARTESIAN_POINT('',(-0.0401,-0.1694,-0.03975));
#15734=CARTESIAN_POINT('',(-0.0401,-0.1694,-0.03975));
#15735=CARTESIAN_POINT('',(-0.0401,-0.1694,-0.03975));
#15736=CARTESIAN_POINT('',(-0.0401,-0.1694,-0.03975));
#15737=CARTESIAN_POINT('',(-0.0401,-0.1694,-0.03975));
#15738=CARTESIAN_POINT('',(-0.0401,-0.1694,-0.03975));
#15739=CARTESIAN_POINT('',(-0.0401,-0.1694,-0.03975));
#15740=CARTESIAN_POINT('',(-0.0401,-0.1694,-0.03975));
#15741=CARTESIAN_POINT('',(-0.0401,-0.1694,-0.03975));
#15742=CARTESIAN_POINT('',(-0.0401,-0.1694,-0.03975));
#15743=CARTESIAN_POINT('',(-0.01505,-0.1704,-0.03975));
#15744=CARTESIAN_POINT('',(0.,0.,0.));
#15745=CARTESIAN_POINT('',(0.09,-0.1714,-0.01495));
#15746=CARTESIAN_POINT('',(0.0914334717981812,-0.167665678294011,-0.03945));
#15747=CARTESIAN_POINT('',(0.0914334717981812,-0.167665678294011,-0.0397149607144022));
#15748=CARTESIAN_POINT('',(0.0916568336027028,-0.167749645094832,-0.03995));
#15749=CARTESIAN_POINT('',(0.0918903143964076,-0.167874845892343,-0.03995));
#15750=CARTESIAN_POINT('',(0.0914334717981812,-0.167665678294011,-0.03945));
#15751=CARTESIAN_POINT('',(0.0918903143964076,-0.167874845892343,-0.03995));
#15752=CARTESIAN_POINT('',(0.09,-0.1714,-0.03995));
#15753=CARTESIAN_POINT('',(0.0881116931419221,-0.167873770113885,-0.03995));
#15754=CARTESIAN_POINT('',(0.0881116931419221,-0.167873770113884,-0.03995));
#15755=CARTESIAN_POINT('',(0.0883446527518154,-0.167749019532321,-0.03995));
#15756=CARTESIAN_POINT('',(0.0885665282018188,-0.167665678294011,-0.0397142601455253));
#15757=CARTESIAN_POINT('',(0.0885665282018188,-0.167665678294011,-0.03945));
#15758=CARTESIAN_POINT('',(0.0885665282018188,-0.167665678294011,-0.03945));
#15759=CARTESIAN_POINT('',(0.0885665282018188,-0.167665678294011,-0.02695));
#15760=CARTESIAN_POINT('',(0.0885665282018188,-0.167665678294011,-0.02745));
#15761=CARTESIAN_POINT('',(0.0885665282018188,-0.167665678294011,-0.02745));
#15762=CARTESIAN_POINT('',(0.0885665282018188,-0.167665678294011,-0.0271857293871787));
#15763=CARTESIAN_POINT('',(0.088344668189088,-0.167749011265615,-0.0269500000000001));
#15764=CARTESIAN_POINT('',(0.0881116931419221,-0.167873770113884,-0.02695));
#15765=CARTESIAN_POINT('',(0.0881116931419221,-0.167873770113885,-0.02695));
#15766=CARTESIAN_POINT('',(0.09,-0.1714,-0.02695));
#15767=CARTESIAN_POINT('',(0.0872315184881694,-0.168512871648393,-0.02695));
#15768=CARTESIAN_POINT('',(0.0872315184881694,-0.168512871648393,-0.02695));
#15769=CARTESIAN_POINT('',(0.087040302138312,-0.168696229942473,-0.0269499999999998));
#15770=CARTESIAN_POINT('',(0.0868914161541721,-0.1688827184358,-0.0271850297767353));
#15771=CARTESIAN_POINT('',(0.0868914161541721,-0.1688827184358,-0.02745));
#15772=CARTESIAN_POINT('',(0.0868914161541721,-0.1688827184358,-0.02745));
#15773=CARTESIAN_POINT('',(0.0868914161541721,-0.1688827184358,-0.02695));
#15774=CARTESIAN_POINT('',(0.0868914161541721,-0.1688827184358,-0.03945));
#15775=CARTESIAN_POINT('',(0.0868914161541721,-0.1688827184358,-0.03945));
#15776=CARTESIAN_POINT('',(0.0868914161541721,-0.1688827184358,-0.0397149607144021));
#15777=CARTESIAN_POINT('',(0.087040295920737,-0.168696235904536,-0.0399500000000002));
#15778=CARTESIAN_POINT('',(0.0872315184881694,-0.168512871648393,-0.03995));
#15779=CARTESIAN_POINT('',(0.0872315184881694,-0.168512871648393,-0.03995));
#15780=CARTESIAN_POINT('',(0.09,-0.1714,-0.03995));
#15781=CARTESIAN_POINT('',(0.0860628371791141,-0.172106221581257,-0.03995));
#15782=CARTESIAN_POINT('',(0.0860628371791141,-0.172106221581257,-0.03995));
#15783=CARTESIAN_POINT('',(0.0860161808040673,-0.171846113776473,-0.0399499999999999));
#15784=CARTESIAN_POINT('',(0.0860054818609817,-0.171609343824972,-0.0397142601455252));
#15785=CARTESIAN_POINT('',(0.0860054818609817,-0.171609343824972,-0.03945));
#15786=CARTESIAN_POINT('',(0.0860054818609817,-0.171609343824972,-0.03945));
#15787=CARTESIAN_POINT('',(0.0860054818609817,-0.171609343824972,-0.02695));
#15788=CARTESIAN_POINT('',(0.0860054818609817,-0.171609343824972,-0.02745));
#15789=CARTESIAN_POINT('',(0.0860054818609817,-0.171609343824972,-0.02745));
#15790=CARTESIAN_POINT('',(0.0860054818609817,-0.171609343824972,-0.027185729387179));
#15791=CARTESIAN_POINT('',(0.0860161777123417,-0.171846096540202,-0.02695));
#15792=CARTESIAN_POINT('',(0.0860628371791141,-0.172106221581257,-0.02695));
#15793=CARTESIAN_POINT('',(0.0860628371791141,-0.172106221581257,-0.02695));
#15794=CARTESIAN_POINT('',(0.09,-0.1714,-0.02695));
#15795=CARTESIAN_POINT('',(0.0863986699320553,-0.173140810656481,-0.02695));
#15796=CARTESIAN_POINT('',(0.0863986699320553,-0.173140810656481,-0.02695));
#15797=CARTESIAN_POINT('',(0.0865139649307483,-0.173379329040965,-0.0269500000000001));
#15798=CARTESIAN_POINT('',(0.0866453177282183,-0.17357855614006,-0.0271850297767353));
#15799=CARTESIAN_POINT('',(0.0866453177282183,-0.17357855614006,-0.02745));
#15800=CARTESIAN_POINT('',(0.0866453177282183,-0.17357855614006,-0.02745));
#15801=CARTESIAN_POINT('',(0.0866453177282183,-0.17357855614006,-0.02695));
#15802=CARTESIAN_POINT('',(0.0866453177282183,-0.17357855614006,-0.03945));
#15803=CARTESIAN_POINT('',(0.0866453177282183,-0.17357855614006,-0.03945));
#15804=CARTESIAN_POINT('',(0.0866453177282183,-0.17357855614006,-0.0397149607144021));
#15805=CARTESIAN_POINT('',(0.0865139686796709,-0.173379336796609,-0.0399499999999999));
#15806=CARTESIAN_POINT('',(0.0863986699320553,-0.173140810656481,-0.03995));
#15807=CARTESIAN_POINT('',(0.0863986699320554,-0.173140810656481,-0.03995));
#15808=CARTESIAN_POINT('',(0.09,-0.1714,-0.03995));
#15809=CARTESIAN_POINT('',(0.089455006415528,-0.175362698826921,-0.03995));
#15810=CARTESIAN_POINT('',(0.089455006415528,-0.175362698826921,-0.03995));
#15811=CARTESIAN_POINT('',(0.0891932115800638,-0.175326693944389,-0.0399500000000001));
#15812=CARTESIAN_POINT('',(0.0889647238195899,-0.175263703305156,-0.0397142601455254));
#15813=CARTESIAN_POINT('',(0.0889647238195899,-0.175263703305156,-0.03945));
#15814=CARTESIAN_POINT('',(0.0889647238195899,-0.175263703305156,-0.03945));
#15815=CARTESIAN_POINT('',(0.0889647238195899,-0.175263703305156,-0.02695));
#15816=CARTESIAN_POINT('',(0.0889647238195899,-0.175263703305156,-0.02745));
#15817=CARTESIAN_POINT('',(0.0889647238195899,-0.175263703305156,-0.02745));
#15818=CARTESIAN_POINT('',(0.0889647238195899,-0.175263703305156,-0.0271857293871788));
#15819=CARTESIAN_POINT('',(0.0891931942319998,-0.175326691558494,-0.02695));
#15820=CARTESIAN_POINT('',(0.089455006415528,-0.175362698826921,-0.02695));
#15821=CARTESIAN_POINT('',(0.089455006415528,-0.175362698826921,-0.02695));
#15822=CARTESIAN_POINT('',(0.09,-0.1714,-0.02695));
#15823=CARTESIAN_POINT('',(0.0905427371251339,-0.17536300850529,-0.02695));
#15824=CARTESIAN_POINT('',(0.0905427371251339,-0.17536300850529,-0.02695));
#15825=CARTESIAN_POINT('',(0.0908052097029164,-0.175327062679763,-0.02695));
#15826=CARTESIAN_POINT('',(0.0910352761804101,-0.175263703305157,-0.0271850297767354));
#15827=CARTESIAN_POINT('',(0.0910352761804101,-0.175263703305157,-0.02745));
#15828=CARTESIAN_POINT('',(0.0910352761804101,-0.175263703305156,-0.02745));
#15829=CARTESIAN_POINT('',(0.0910352761804101,-0.175263703305156,-0.02695));
#15830=CARTESIAN_POINT('',(0.0910352761804101,-0.175263703305156,-0.03945));
#15831=CARTESIAN_POINT('',(0.0910352761804101,-0.175263703305157,-0.03945));
#15832=CARTESIAN_POINT('',(0.0910352761804101,-0.175263703305157,-0.0397149607144021));
#15833=CARTESIAN_POINT('',(0.090805218237453,-0.175327061510952,-0.03995));
#15834=CARTESIAN_POINT('',(0.0905427371251339,-0.17536300850529,-0.03995));
#15835=CARTESIAN_POINT('',(0.0905427371251339,-0.17536300850529,-0.03995));
#15836=CARTESIAN_POINT('',(0.09,-0.1714,-0.03995));
#15837=CARTESIAN_POINT('',(0.0936003382620316,-0.173142860980959,-0.03995));
#15838=CARTESIAN_POINT('',(0.0936003382620316,-0.173142860980959,-0.03995));
#15839=CARTESIAN_POINT('',(0.0934851965306823,-0.173380716544577,-0.0399500000000001));
#15840=CARTESIAN_POINT('',(0.0933546822717817,-0.17357855614006,-0.0397142601455253));
#15841=CARTESIAN_POINT('',(0.0933546822717817,-0.17357855614006,-0.03945));
#15842=CARTESIAN_POINT('',(0.0933546822717817,-0.17357855614006,-0.03945));
#15843=CARTESIAN_POINT('',(0.0933546822717817,-0.17357855614006,-0.02695));
#15844=CARTESIAN_POINT('',(0.0933546822717817,-0.17357855614006,-0.02745));
#15845=CARTESIAN_POINT('',(0.0933546822717817,-0.17357855614006,-0.02745));
#15846=CARTESIAN_POINT('',(0.0933546822717817,-0.17357855614006,-0.0271857293871788));
#15847=CARTESIAN_POINT('',(0.0934851889007148,-0.173380732306284,-0.0269500000000001));
#15848=CARTESIAN_POINT('',(0.0936003382620316,-0.173142860980959,-0.02695));
#15849=CARTESIAN_POINT('',(0.0936003382620316,-0.173142860980959,-0.02695));
#15850=CARTESIAN_POINT('',(0.09,-0.1714,-0.02695));
#15851=CARTESIAN_POINT('',(0.0939367600582338,-0.172108463297493,-0.02695));
#15852=CARTESIAN_POINT('',(0.0939367600582338,-0.172108463297493,-0.02695));
#15853=CARTESIAN_POINT('',(0.0939836820337252,-0.17184772917108,-0.02695));
#15854=CARTESIAN_POINT('',(0.0939945181390183,-0.171609343824972,-0.0271850297767355));
#15855=CARTESIAN_POINT('',(0.0939945181390183,-0.171609343824972,-0.02745));
#15856=CARTESIAN_POINT('',(0.0939945181390183,-0.171609343824972,-0.02745));
#15857=CARTESIAN_POINT('',(0.0939945181390183,-0.171609343824972,-0.02695));
#15858=CARTESIAN_POINT('',(0.0939945181390183,-0.171609343824972,-0.03945));
#15859=CARTESIAN_POINT('',(0.0939945181390183,-0.171609343824972,-0.03945));
#15860=CARTESIAN_POINT('',(0.0939945181390183,-0.171609343824972,-0.0397149607144019));
#15861=CARTESIAN_POINT('',(0.0939836835594362,-0.17184772069307,-0.03995));
#15862=CARTESIAN_POINT('',(0.0939367600582338,-0.172108463297493,-0.03995));
#15863=CARTESIAN_POINT('',(0.0939367600582338,-0.172108463297493,-0.03995));
#15864=CARTESIAN_POINT('',(0.09,-0.1714,-0.03995));
#15865=CARTESIAN_POINT('',(0.0927701250014043,-0.168514448496977,-0.03995));
#15866=CARTESIAN_POINT('',(0.0927701250014043,-0.168514448496977,-0.03995));
#15867=CARTESIAN_POINT('',(0.0929607583333712,-0.168697456202239,-0.0399500000000001));
#15868=CARTESIAN_POINT('',(0.0931085838458279,-0.1688827184358,-0.0397142601455253));
#15869=CARTESIAN_POINT('',(0.0931085838458279,-0.1688827184358,-0.03945));
#15870=CARTESIAN_POINT('',(0.0931085838458279,-0.1688827184358,-0.03945));
#15871=CARTESIAN_POINT('',(0.0931085838458279,-0.1688827184358,-0.02695));
#15872=CARTESIAN_POINT('',(0.0931085838458279,-0.1688827184358,-0.02745));
#15873=CARTESIAN_POINT('',(0.0931085838458279,-0.1688827184358,-0.02745));
#15874=CARTESIAN_POINT('',(0.0931085838458279,-0.1688827184358,-0.0271857293871789));
#15875=CARTESIAN_POINT('',(0.0929607709658558,-0.168697468329405,-0.02695));
#15876=CARTESIAN_POINT('',(0.0927701250014043,-0.168514448496977,-0.02695));
#15877=CARTESIAN_POINT('',(0.0927701250014043,-0.168514448496977,-0.02695));
#15878=CARTESIAN_POINT('',(0.09,-0.1714,-0.02695));
#15879=CARTESIAN_POINT('',(0.0918903143964076,-0.167874845892343,-0.02695));
#15880=CARTESIAN_POINT('',(0.0918903143964076,-0.167874845892343,-0.02695));
#15881=CARTESIAN_POINT('',(0.0916568411942981,-0.167749649165719,-0.02695));
#15882=CARTESIAN_POINT('',(0.0914334717981812,-0.167665678294011,-0.0271850297767353));
#15883=CARTESIAN_POINT('',(0.0914334717981812,-0.167665678294011,-0.02745));
#15884=CARTESIAN_POINT('',(0.0914334717981812,-0.167665678294011,-0.02745));
#15885=CARTESIAN_POINT('',(0.0914334717981812,-0.167665678294011,-0.02695));
#15886=CARTESIAN_POINT('',(0.09,-0.1714,-0.00895));
#15887=CARTESIAN_POINT('',(0.094,-0.1714,-0.00895));
#15888=CARTESIAN_POINT('',(0.09,-0.1714,-0.03995));
#15889=CARTESIAN_POINT('',(0.0901831522810148,-0.171094461286629,-0.03995));
#15890=CARTESIAN_POINT('',(0.0996129538548664,-0.176747066315673,-0.03995));
#15891=CARTESIAN_POINT('',(0.0926113491957009,-0.182103953801821,-0.03995));
#15892=CARTESIAN_POINT('',(0.092606093522799,-0.182086827244342,-0.03995));
#15893=CARTESIAN_POINT('',(0.09,-0.1714,-0.03995));
#15894=CARTESIAN_POINT('',(0.0879018623241604,-0.182198046966615,-0.03995));
#15895=CARTESIAN_POINT('',(0.0879972322185167,-0.18170722664995,-0.03995));
#15896=CARTESIAN_POINT('',(0.0878852654038743,-0.1821945288482,-0.03995));
#15897=CARTESIAN_POINT('',(0.0903471817517238,-0.171479771515462,-0.03995));
#15898=CARTESIAN_POINT('',(0.0806268862663744,-0.17719124430066,-0.03995));
#15899=CARTESIAN_POINT('',(0.0806415504982227,-0.177180953461384,-0.03995));
#15900=CARTESIAN_POINT('',(0.09,-0.1714,-0.03995));
#15901=CARTESIAN_POINT('',(0.0790800302418885,-0.172724484987429,-0.03995));
#15902=CARTESIAN_POINT('',(0.0900314178418243,-0.171754840221261,-0.03995));
#15903=CARTESIAN_POINT('',(0.0815957479365001,-0.164275232013141,-0.03995));
#15904=CARTESIAN_POINT('',(0.0816100666031031,-0.164285998482174,-0.03995));
#15905=CARTESIAN_POINT('',(0.09,-0.1714,-0.03995));
#15906=CARTESIAN_POINT('',(0.0853658836886533,-0.161423779973712,-0.03995));
#15907=CARTESIAN_POINT('',(0.0896722355423767,-0.171539531801852,-0.03995));
#15908=CARTESIAN_POINT('',(0.0941790003083612,-0.161205406921503,-0.03995));
#15909=CARTESIAN_POINT('',(0.0941731854991472,-0.161222351804581,-0.03995));
#15910=CARTESIAN_POINT('',(0.09,-0.1714,-0.03995));
#15911=CARTESIAN_POINT('',(0.0980559283698792,-0.163909871957078,-0.03995));
#15912=CARTESIAN_POINT('',(0.0897660125830604,-0.171131395174796,-0.03995));
#15913=CARTESIAN_POINT('',(0.100987016293063,-0.172224162962874,-0.03995));
#15914=CARTESIAN_POINT('',(0.100969103876728,-0.172223869007519,-0.03995));
#15915=CARTESIAN_POINT('',(0.09,-0.1714,-0.03995));
#15916=CARTESIAN_POINT('',(0.0918,-0.1714,-0.00895));
#15917=CARTESIAN_POINT('',(0.0918,-0.1714,-0.01495));
#15918=CARTESIAN_POINT('',(0.0918,-0.169455134966122,-0.01495));
#15919=CARTESIAN_POINT('',(0.0918,-0.173344865033877,-0.01495));
#15920=CARTESIAN_POINT('',(0.0918,-0.173344865033877,-0.00895));
#15921=CARTESIAN_POINT('',(0.0918,-0.173344865033877,-0.00895));
#15922=CARTESIAN_POINT('',(0.0918,-0.1714,-0.00895));
#15923=CARTESIAN_POINT('',(0.0918,-0.169455134966122,-0.00895));
#15924=CARTESIAN_POINT('',(0.0918,-0.169455134966122,-0.00895));
#15925=CARTESIAN_POINT('',(0.09,-0.1714,-0.00895));
#15926=CARTESIAN_POINT('',(0.09,-0.1714,-0.01495));
#15927=CARTESIAN_POINT('',(0.0882,-0.173344865033877,-0.01495));
#15928=CARTESIAN_POINT('',(0.0882,-0.173344865033877,-0.00895));
#15929=CARTESIAN_POINT('',(0.0882,-0.173344865033877,-0.00895));
#15930=CARTESIAN_POINT('',(0.09,-0.1714,-0.00895));
#15931=CARTESIAN_POINT('',(0.0882,-0.1714,-0.00895));
#15932=CARTESIAN_POINT('',(0.0882,-0.1714,-0.01495));
#15933=CARTESIAN_POINT('',(0.0882,-0.169455134966122,-0.01495));
#15934=CARTESIAN_POINT('',(0.0882,-0.169455134966122,-0.00895));
#15935=CARTESIAN_POINT('',(0.0882,-0.169455134966122,-0.00895));
#15936=CARTESIAN_POINT('',(0.0882,-0.1714,-0.00895));
#15937=CARTESIAN_POINT('',(0.09,-0.1714,-0.00895));
#15938=CARTESIAN_POINT('',(0.09,-0.1714,-0.01495));
#15939=CARTESIAN_POINT('',(0.09,-0.1714,-0.00895));
#15940=CARTESIAN_POINT('',(0.09,-0.1714,-0.00895));
#15941=CARTESIAN_POINT('',(0.09,-0.1714,-0.01495));
#15942=CARTESIAN_POINT('',(0.0871952841031383,-0.16444458408963,-0.02695));
#15943=CARTESIAN_POINT('',(0.0871952841031383,-0.16444458408963,-0.03945));
#15944=CARTESIAN_POINT('',(0.0858240400044577,-0.161223489885249,-0.03945));
#15945=CARTESIAN_POINT('',(0.0858240400044577,-0.161223489885249,-0.02695));
#15946=CARTESIAN_POINT('',(0.0858240400044578,-0.161223489885249,-0.02745));
#15947=CARTESIAN_POINT('',(0.0885665282018188,-0.167665678294011,-0.02745));
#15948=CARTESIAN_POINT('',(0.0900864039893696,-0.171285088610465,-0.03995));
#15949=CARTESIAN_POINT('',(0.0900864039893696,-0.171285088610465,-0.02745));
#15950=CARTESIAN_POINT('',(0.0812952575012973,-0.164674863716528,-0.02745));
#15951=CARTESIAN_POINT('',(0.0812952575012973,-0.164674863716528,-0.02695));
#15952=CARTESIAN_POINT('',(0.0812952575012973,-0.164674863716528,-0.03945));
#15953=CARTESIAN_POINT('',(0.0868914161541721,-0.1688827184358,-0.03945));
#15954=CARTESIAN_POINT('',(0.09,-0.1714,-0.02695));
#15955=CARTESIAN_POINT('',(0.09,-0.1714,-0.02695));
#15956=CARTESIAN_POINT('',(0.0853658836886533,-0.161423779973712,-0.02695));
#15957=CARTESIAN_POINT('',(0.0816100666031031,-0.164285998482174,-0.02695));
#15958=CARTESIAN_POINT('',(0.0903868944245723,-0.170885456907079,-0.02695));
#15959=CARTESIAN_POINT('',(0.0853639918022845,-0.161419335874938,-0.02695));
#15960=CARTESIAN_POINT('',(0.0903868944245723,-0.170885456907079,-0.02745));
#15961=CARTESIAN_POINT('',(0.0812952575012973,-0.164674863716528,-0.02745));
#15962=CARTESIAN_POINT('',(0.0812952575012973,-0.164674863716528,-0.0271857800922256));
#15963=CARTESIAN_POINT('',(0.0814391908653349,-0.164487521641177,-0.02695));
#15964=CARTESIAN_POINT('',(0.0816100666031031,-0.164285998482174,-0.02695));
#15965=CARTESIAN_POINT('',(0.0903868944245723,-0.170885456907079,-0.03945));
#15966=CARTESIAN_POINT('',(0.0816100666031031,-0.164285998482174,-0.03995));
#15967=CARTESIAN_POINT('',(0.0814391916093174,-0.164487520763757,-0.03995));
#15968=CARTESIAN_POINT('',(0.0812952575012973,-0.164674863716528,-0.0397142211646424));
#15969=CARTESIAN_POINT('',(0.0812952575012973,-0.164674863716528,-0.03945));
#15970=CARTESIAN_POINT('',(0.0867352359009651,-0.164640430079319,-0.03945));
#15971=CARTESIAN_POINT('',(0.0858240400044577,-0.161223489885249,-0.03945));
#15972=CARTESIAN_POINT('',(0.0858240400044577,-0.161223489885249,-0.039714129880948));
#15973=CARTESIAN_POINT('',(0.0856054314902245,-0.161312506127337,-0.03995));
#15974=CARTESIAN_POINT('',(0.0853658836886533,-0.161423779973712,-0.03995));
#15975=CARTESIAN_POINT('',(0.0896722355423767,-0.171539531801852,-0.02745));
#15976=CARTESIAN_POINT('',(0.0853658836886533,-0.161423779973712,-0.02695));
#15977=CARTESIAN_POINT('',(0.0856054293357321,-0.161312507128134,-0.0269500000000001));
#15978=CARTESIAN_POINT('',(0.0858240400044577,-0.161223489885249,-0.0271858715520768));
#15979=CARTESIAN_POINT('',(0.0858240400044577,-0.161223489885249,-0.02745));
#15980=CARTESIAN_POINT('',(0.09,-0.1714,-0.04095));
#15981=CARTESIAN_POINT('',(0.09,-0.1714,-0.02695));
#15982=CARTESIAN_POINT('',(0.0790800302418883,-0.172724484987429,-0.02695));
#15983=CARTESIAN_POINT('',(0.0790800302418883,-0.172724484987429,-0.02695));
#15984=CARTESIAN_POINT('',(0.0790482271528903,-0.172462278338528,-0.02695));
#15985=CARTESIAN_POINT('',(0.07903112113577,-0.172226859396662,-0.0271858715520771));
#15986=CARTESIAN_POINT('',(0.07903112113577,-0.172226859396662,-0.02745));
#15987=CARTESIAN_POINT('',(0.07903112113577,-0.172226859396662,-0.02745));
#15988=CARTESIAN_POINT('',(0.07903112113577,-0.172226859396662,-0.02695));
#15989=CARTESIAN_POINT('',(0.07903112113577,-0.172226859396662,-0.03945));
#15990=CARTESIAN_POINT('',(0.07903112113577,-0.172226859396662,-0.03945));
#15991=CARTESIAN_POINT('',(0.07903112113577,-0.172226859396662,-0.0397141298809478));
#15992=CARTESIAN_POINT('',(0.0790482268668508,-0.172462275980221,-0.0399499999999999));
#15993=CARTESIAN_POINT('',(0.0790800302418883,-0.172724484987429,-0.03995));
#15994=CARTESIAN_POINT('',(0.09,-0.1714,-0.03995));
#15995=CARTESIAN_POINT('',(0.09,-0.1714,-0.04095));
#15996=CARTESIAN_POINT('',(0.09,-0.1714,-0.03995));
#15997=CARTESIAN_POINT('',(0.0941731854991472,-0.161222351804581,-0.03995));
#15998=CARTESIAN_POINT('',(0.0939287231430755,-0.161122113838024,-0.03995));
#15999=CARTESIAN_POINT('',(0.0937060713216125,-0.161043116522857,-0.0397142211646425));
#16000=CARTESIAN_POINT('',(0.0937060713216125,-0.161043116522857,-0.03945));
#16001=CARTESIAN_POINT('',(0.0937060713216125,-0.161043116522857,-0.03945));
#16002=CARTESIAN_POINT('',(0.0937060713216125,-0.161043116522857,-0.02695));
#16003=CARTESIAN_POINT('',(0.0937060713216125,-0.161043116522857,-0.02745));
#16004=CARTESIAN_POINT('',(0.0937060713216125,-0.161043116522857,-0.02745));
#16005=CARTESIAN_POINT('',(0.0937060713216125,-0.161043116522857,-0.0271857800922255));
#16006=CARTESIAN_POINT('',(0.0939287220786967,-0.161122113401592,-0.02695));
#16007=CARTESIAN_POINT('',(0.0941731854991472,-0.161222351804581,-0.02695));
#16008=CARTESIAN_POINT('',(0.0941731854991472,-0.161222351804581,-0.02695));
#16009=CARTESIAN_POINT('',(0.09,-0.1714,-0.02695));
#16010=CARTESIAN_POINT('',(0.0957482887485764,-0.166583214950683,-0.02695));
#16011=CARTESIAN_POINT('',(0.0957482887485764,-0.166583214950683,-0.03945));
#16012=CARTESIAN_POINT('',(0.098387993651325,-0.164283711465565,-0.03945));
#16013=CARTESIAN_POINT('',(0.098387993651325,-0.164283711465565,-0.02695));
#16014=CARTESIAN_POINT('',(0.098387993651325,-0.164283711465565,-0.02745));
#16015=CARTESIAN_POINT('',(0.0931085838458279,-0.1688827184358,-0.02745));
#16016=CARTESIAN_POINT('',(0.0901359875269108,-0.171446665504911,-0.03995));
#16017=CARTESIAN_POINT('',(0.0901359875269108,-0.171446665504911,-0.02745));
#16018=CARTESIAN_POINT('',(0.0914334717981812,-0.167665678294011,-0.03945));
#16019=CARTESIAN_POINT('',(0.09,-0.1714,-0.02695));
#16020=CARTESIAN_POINT('',(0.09,-0.1714,-0.02695));
#16021=CARTESIAN_POINT('',(0.0980559283698792,-0.163909871957078,-0.02695));
#16022=CARTESIAN_POINT('',(0.0906089165136595,-0.171608955903557,-0.02695));
#16023=CARTESIAN_POINT('',(0.0980595703339379,-0.163906699364173,-0.02695));
#16024=CARTESIAN_POINT('',(0.0906089165136595,-0.171608955903557,-0.02745));
#16025=CARTESIAN_POINT('',(0.0906089165136595,-0.171608955903557,-0.03945));
#16026=CARTESIAN_POINT('',(0.0954198654311893,-0.16620620284929,-0.03945));
#16027=CARTESIAN_POINT('',(0.098387993651325,-0.164283711465565,-0.03945));
#16028=CARTESIAN_POINT('',(0.098387993651325,-0.164283711465565,-0.039714129880948));
#16029=CARTESIAN_POINT('',(0.098235780428218,-0.164103309945167,-0.03995));
#16030=CARTESIAN_POINT('',(0.0980559283698792,-0.163909871957078,-0.03995));
#16031=CARTESIAN_POINT('',(0.0897660125830604,-0.171131395174796,-0.02745));
#16032=CARTESIAN_POINT('',(0.0980559283698792,-0.163909871957078,-0.02695));
#16033=CARTESIAN_POINT('',(0.098235778810629,-0.164103308205386,-0.0269500000000001));
#16034=CARTESIAN_POINT('',(0.098387993651325,-0.164283711465565,-0.0271858715520769));
#16035=CARTESIAN_POINT('',(0.098387993651325,-0.164283711465565,-0.02745));
#16036=CARTESIAN_POINT('',(0.09,-0.1714,-0.04095));
#16037=CARTESIAN_POINT('',(0.09,-0.1714,-0.03995));
#16038=CARTESIAN_POINT('',(0.100969103876728,-0.172223869007519,-0.03995));
#16039=CARTESIAN_POINT('',(0.100988892825492,-0.17196039625564,-0.0399500000000001));
#16040=CARTESIAN_POINT('',(0.10099522054019,-0.171724230277076,-0.0397142211646424));
#16041=CARTESIAN_POINT('',(0.10099522054019,-0.171724230277076,-0.03945));
#16042=CARTESIAN_POINT('',(0.10099522054019,-0.171724230277076,-0.03945));
#16043=CARTESIAN_POINT('',(0.10099522054019,-0.171724230277076,-0.02695));
#16044=CARTESIAN_POINT('',(0.10099522054019,-0.171724230277076,-0.02745));
#16045=CARTESIAN_POINT('',(0.10099522054019,-0.171724230277076,-0.02745));
#16046=CARTESIAN_POINT('',(0.10099522054019,-0.171724230277076,-0.0271857800922256));
#16047=CARTESIAN_POINT('',(0.100988892911652,-0.17196039510849,-0.0269499999999999));
#16048=CARTESIAN_POINT('',(0.100969103876728,-0.172223869007519,-0.02695));
#16049=CARTESIAN_POINT('',(0.100969103876728,-0.172223869007519,-0.02695));
#16050=CARTESIAN_POINT('',(0.09,-0.1714,-0.02695));
#16051=CARTESIAN_POINT('',(0.0825183014983758,-0.171918101610817,-0.02695));
#16052=CARTESIAN_POINT('',(0.0860054818609817,-0.171609343824972,-0.02745));
#16053=CARTESIAN_POINT('',(0.0825183014983758,-0.171918101610817,-0.03945));
#16054=CARTESIAN_POINT('',(0.0899174130752831,-0.171282315350662,-0.03995));
#16055=CARTESIAN_POINT('',(0.0899174130752831,-0.171282315350662,-0.02745));
#16056=CARTESIAN_POINT('',(0.0809141019508735,-0.177600520674982,-0.02745));
#16057=CARTESIAN_POINT('',(0.0809141019508735,-0.177600520674982,-0.02695));
#16058=CARTESIAN_POINT('',(0.0809141019508735,-0.177600520674982,-0.03945));
#16059=CARTESIAN_POINT('',(0.0866453177282183,-0.17357855614006,-0.03945));
#16060=CARTESIAN_POINT('',(0.09,-0.1714,-0.02695));
#16061=CARTESIAN_POINT('',(0.0790752190277508,-0.172724910976243,-0.02695));
#16062=CARTESIAN_POINT('',(0.09,-0.1714,-0.02695));
#16063=CARTESIAN_POINT('',(0.0806415504982227,-0.177180953461384,-0.02695));
#16064=CARTESIAN_POINT('',(0.089630197390784,-0.170873038976341,-0.02695));
#16065=CARTESIAN_POINT('',(0.0900314178418243,-0.171754840221261,-0.02745));
#16066=CARTESIAN_POINT('',(0.089630197390784,-0.170873038976341,-0.02745));
#16067=CARTESIAN_POINT('',(0.0809141019508735,-0.177600520674982,-0.02745));
#16068=CARTESIAN_POINT('',(0.0809141019508735,-0.177600520674982,-0.0271857800922254));
#16069=CARTESIAN_POINT('',(0.0807804069048797,-0.177405740026157,-0.02695));
#16070=CARTESIAN_POINT('',(0.0806415504982227,-0.177180953461384,-0.02695));
#16071=CARTESIAN_POINT('',(0.089630197390784,-0.170873038976341,-0.03945));
#16072=CARTESIAN_POINT('',(0.0806415504982227,-0.177180953461384,-0.03995));
#16073=CARTESIAN_POINT('',(0.0807804063003074,-0.17740573904745,-0.03995));
#16074=CARTESIAN_POINT('',(0.0809141019508735,-0.177600520674982,-0.0397142211646426));
#16075=CARTESIAN_POINT('',(0.0809141019508735,-0.177600520674982,-0.03945));
#16076=CARTESIAN_POINT('',(0.0825623993903567,-0.172416153190397,-0.03945));
#16077=CARTESIAN_POINT('',(0.09,-0.1714,-0.04095));
#16078=CARTESIAN_POINT('',(0.09,-0.1714,-0.02695));
#16079=CARTESIAN_POINT('',(0.0879018623241604,-0.182198046966615,-0.02695));
#16080=CARTESIAN_POINT('',(0.0879018623241604,-0.182198046966615,-0.02695));
#16081=CARTESIAN_POINT('',(0.09,-0.1714,-0.03995));
#16082=CARTESIAN_POINT('',(0.0881807719292789,-0.178675620315481,-0.02695));
#16083=CARTESIAN_POINT('',(0.0881807719292789,-0.178675620315481,-0.03945));
#16084=CARTESIAN_POINT('',(0.0875099300202672,-0.181595259835308,-0.03945));
#16085=CARTESIAN_POINT('',(0.0875099300202672,-0.181595259835308,-0.02695));
#16086=CARTESIAN_POINT('',(0.0875099300202672,-0.181595259835308,-0.02745));
#16087=CARTESIAN_POINT('',(0.0889647238195899,-0.175263703305156,-0.02745));
#16088=CARTESIAN_POINT('',(0.0898625544841291,-0.17144217827629,-0.03995));
#16089=CARTESIAN_POINT('',(0.0930893486860262,-0.181957268808558,-0.02695));
#16090=CARTESIAN_POINT('',(0.0930893486860262,-0.181957268808558,-0.02745));
#16091=CARTESIAN_POINT('',(0.0930893486860262,-0.181957268808558,-0.03945));
#16092=CARTESIAN_POINT('',(0.0910352761804101,-0.175263703305156,-0.03945));
#16093=CARTESIAN_POINT('',(0.0898625544841291,-0.17144217827629,-0.02745));
#16094=CARTESIAN_POINT('',(0.09,-0.1714,-0.02695));
#16095=CARTESIAN_POINT('',(0.09,-0.1714,-0.02695));
#16096=CARTESIAN_POINT('',(0.0926060935227989,-0.182086827244342,-0.02695));
#16097=CARTESIAN_POINT('',(0.0893845549938038,-0.171588863269554,-0.02695));
#16098=CARTESIAN_POINT('',(0.0878841222372173,-0.182199504140447,-0.02695));
#16099=CARTESIAN_POINT('',(0.0878852654038743,-0.1821945288482,-0.02695));
#16100=CARTESIAN_POINT('',(0.0879972322185167,-0.18170722664995,-0.02695));
#16101=CARTESIAN_POINT('',(0.0903471817517238,-0.171479771515462,-0.02745));
#16102=CARTESIAN_POINT('',(0.0879972322185167,-0.18170722664995,-0.02745));
#16103=CARTESIAN_POINT('',(0.0886680741275284,-0.178787587130123,-0.03945));
#16104=CARTESIAN_POINT('',(0.0879972322185167,-0.18170722664995,-0.03945));
#16105=CARTESIAN_POINT('',(0.0879972322185167,-0.18170722664995,-0.02695));
#16106=CARTESIAN_POINT('',(0.0893845549938038,-0.171588863269554,-0.03945));
#16107=CARTESIAN_POINT('',(0.092606093522799,-0.182086827244342,-0.03995));
#16108=CARTESIAN_POINT('',(0.0928627861218082,-0.182024230095129,-0.03995));
#16109=CARTESIAN_POINT('',(0.0930893486860262,-0.181957268808558,-0.0397142211646425));
#16110=CARTESIAN_POINT('',(0.0930893486860262,-0.181957268808558,-0.03945));
#16111=CARTESIAN_POINT('',(0.0893845549938038,-0.171588863269554,-0.02745));
#16112=CARTESIAN_POINT('',(0.0930893486860262,-0.181957268808558,-0.02745));
#16113=CARTESIAN_POINT('',(0.0930893486860262,-0.181957268808558,-0.0271857800922255));
#16114=CARTESIAN_POINT('',(0.092862787239437,-0.182024229822584,-0.02695));
#16115=CARTESIAN_POINT('',(0.092606093522799,-0.182086827244342,-0.02695));
#16116=CARTESIAN_POINT('',(0.09,-0.1714,-0.04095));
#16117=CARTESIAN_POINT('',(0.09,-0.1714,-0.03995));
#16118=CARTESIAN_POINT('',(0.09,-0.1714,-0.02695));
#16119=CARTESIAN_POINT('',(0.0996129538548665,-0.176747066315673,-0.02695));
#16120=CARTESIAN_POINT('',(0.0996129538548665,-0.176747066315673,-0.02695));
#16121=CARTESIAN_POINT('',(0.0994845618930628,-0.176977889337362,-0.0269500000000001));
#16122=CARTESIAN_POINT('',(0.0993600251694795,-0.177178401926719,-0.0271858715520768));
#16123=CARTESIAN_POINT('',(0.0993600251694795,-0.177178401926719,-0.02745));
#16124=CARTESIAN_POINT('',(0.0993600251694795,-0.177178401926719,-0.02745));
#16125=CARTESIAN_POINT('',(0.0993600251694795,-0.177178401926719,-0.02695));
#16126=CARTESIAN_POINT('',(0.0993600251694795,-0.177178401926719,-0.03945));
#16127=CARTESIAN_POINT('',(0.0993600251694795,-0.177178401926719,-0.03945));
#16128=CARTESIAN_POINT('',(0.0993600251694795,-0.177178401926719,-0.039714129880948));
#16129=CARTESIAN_POINT('',(0.0994845607382953,-0.176977891413402,-0.0399500000000001));
#16130=CARTESIAN_POINT('',(0.0996129538548665,-0.176747066315673,-0.03995));
#16131=CARTESIAN_POINT('',(0.0963573537206306,-0.17537847903339,-0.02695));
#16132=CARTESIAN_POINT('',(0.0933546822717817,-0.17357855614006,-0.02745));
#16133=CARTESIAN_POINT('',(0.0963573537206306,-0.17537847903339,-0.03945));
#16134=CARTESIAN_POINT('',(0.0899976409243074,-0.171543752257672,-0.03995));
#16135=CARTESIAN_POINT('',(0.0899976409243074,-0.171543752257672,-0.02745));
#16136=CARTESIAN_POINT('',(0.0939945181390183,-0.171609343824972,-0.03945));
#16137=CARTESIAN_POINT('',(0.09,-0.1714,-0.02695));
#16138=CARTESIAN_POINT('',(0.0996170965988094,-0.1767495496442,-0.02695));
#16139=CARTESIAN_POINT('',(0.09,-0.1714,-0.02695));
#16140=CARTESIAN_POINT('',(0.0899894366771803,-0.172043684943469,-0.02695));
#16141=CARTESIAN_POINT('',(0.0901831522810148,-0.171094461286629,-0.02745));
#16142=CARTESIAN_POINT('',(0.0899894366771803,-0.172043684943469,-0.02745));
#16143=CARTESIAN_POINT('',(0.0899894366771803,-0.172043684943469,-0.03945));
#16144=CARTESIAN_POINT('',(0.0966144251499605,-0.17494962675087,-0.03945));
#16145=CARTESIAN_POINT('',(0.09,-0.1714,-0.04095));
#16146=CARTESIAN_POINT('',(0.09,-0.1714,-0.03595));
#16147=CARTESIAN_POINT('',(0.105,-0.1714,-0.03595));
#16148=CARTESIAN_POINT('',(0.09,-0.1714,-0.03095));
#16149=CARTESIAN_POINT('',(0.105,-0.1714,-0.03095));
#16150=CARTESIAN_POINT('',(0.09,-0.1714,-0.03595));
#16151=CARTESIAN_POINT('',(0.09,-0.1714,-0.02595));
#16152=CARTESIAN_POINT('',(0.,0.,0.));
#16153=CARTESIAN_POINT('',(-0.04,-0.1117,-0.001));
#16154=CARTESIAN_POINT('',(-0.04,-0.1117,-1.99493199737333E-16));
#16155=CARTESIAN_POINT('',(-0.0290000000000002,-0.1117,-1.99493199737333E-16));
#16156=CARTESIAN_POINT('',(-0.04,-0.1117,0.0130000000000002));
#16157=CARTESIAN_POINT('',(-0.0509999999999998,-0.1117,0.0130000000000002));
#16158=CARTESIAN_POINT('',(-0.04,-0.1117,-0.001));
#16159=CARTESIAN_POINT('',(-0.04,-0.1117,0.004));
#16160=CARTESIAN_POINT('',(-0.025,-0.1117,0.004));
#16161=CARTESIAN_POINT('',(-0.04,-0.1117,0.009));
#16162=CARTESIAN_POINT('',(-0.025,-0.1117,0.009));
#16163=CARTESIAN_POINT('',(-0.04,-0.1117,0.004));
#16164=CARTESIAN_POINT('',(-0.04,-0.1117,0.014));
#16165=CARTESIAN_POINT('',(0.,0.,0.));
#16166=CARTESIAN_POINT('',(-0.04,0.04,-0.001));
#16167=CARTESIAN_POINT('',(-0.04,0.04,-1.99493199737333E-16));
#16168=CARTESIAN_POINT('',(-0.0290000000000002,0.04,-1.99493199737333E-16));
#16169=CARTESIAN_POINT('',(-0.04,0.04,0.0130000000000002));
#16170=CARTESIAN_POINT('',(-0.0509999999999998,0.04,0.0130000000000002));
#16171=CARTESIAN_POINT('',(-0.04,0.04,-0.001));
#16172=CARTESIAN_POINT('',(-0.04,0.04,0.004));
#16173=CARTESIAN_POINT('',(-0.025,0.04,0.004));
#16174=CARTESIAN_POINT('',(-0.04,0.04,0.009));
#16175=CARTESIAN_POINT('',(-0.025,0.04,0.009));
#16176=CARTESIAN_POINT('',(-0.04,0.04,0.004));
#16177=CARTESIAN_POINT('',(-0.04,0.04,0.014));
#16178=CARTESIAN_POINT('',(0.,0.,0.));
#16179=CARTESIAN_POINT('',(-0.0297496723287105,0.100900197536886,-0.017));
#16180=CARTESIAN_POINT('',(-0.0297496723287105,0.100900197536886,-0.0358));
#16181=CARTESIAN_POINT('',(-0.0297496723287105,0.0688001975368858,-0.0358));
#16182=CARTESIAN_POINT('',(-0.0297496723287105,0.133000197536886,-0.0358));
#16183=CARTESIAN_POINT('',(-0.0297496723287105,0.133000197536886,-0.017));
#16184=CARTESIAN_POINT('',(-0.0297496723287105,0.133000197536886,-0.017));
#16185=CARTESIAN_POINT('',(-0.0297496723287105,0.100900197536886,-0.017));
#16186=CARTESIAN_POINT('',(-0.0297496723287105,0.0688001975368858,-0.017));
#16187=CARTESIAN_POINT('',(-0.0297496723287105,0.0688001975368858,-0.017));
#16188=CARTESIAN_POINT('',(-0.0409996723287105,0.0688001975368858,-0.017));
#16189=CARTESIAN_POINT('',(-0.0409996723287105,0.0688001975368858,-0.0358));
#16190=CARTESIAN_POINT('',(-0.0522496723287105,0.0688001975368858,-0.0358));
#16191=CARTESIAN_POINT('',(-0.0409996723287105,0.0688001975368858,-0.017));
#16192=CARTESIAN_POINT('',(-0.0522496723287105,0.0688001975368858,-0.017));
#16193=CARTESIAN_POINT('',(-0.0522496723287105,0.0688001975368858,-0.017));
#16194=CARTESIAN_POINT('',(-0.0522496723287105,0.100900197536886,-0.017));
#16195=CARTESIAN_POINT('',(-0.0522496723287105,0.100900197536886,-0.0358));
#16196=CARTESIAN_POINT('',(-0.0522496723287105,0.133000197536886,-0.0358));
#16197=CARTESIAN_POINT('',(-0.0522496723287105,0.100900197536886,-0.017));
#16198=CARTESIAN_POINT('',(-0.0522496723287105,0.133000197536886,-0.017));
#16199=CARTESIAN_POINT('',(-0.0522496723287105,0.133000197536886,-0.017));
#16200=CARTESIAN_POINT('',(-0.0409996723287105,0.133000197536886,-0.017));
#16201=CARTESIAN_POINT('',(-0.0409996723287105,0.133000197536886,-0.0358));
#16202=CARTESIAN_POINT('',(-0.0409996723287105,0.133000197536886,-0.017));
#16203=CARTESIAN_POINT('',(-0.0409996723287105,0.100900197536886,-0.017));
#16204=CARTESIAN_POINT('',(-0.0409996723287105,0.0800001975368858,-0.017));
#16205=CARTESIAN_POINT('',(-0.0409996723287105,0.0790501975368858,-0.017));
#16206=CARTESIAN_POINT('',(-0.0409996723287105,0.100900197536886,-0.0358));
#16207=CARTESIAN_POINT('',(-0.0409996723287105,0.0800001975368858,-0.005));
#16208=CARTESIAN_POINT('',(-0.0409996723287105,0.0800001975368858,-0.005));
#16209=CARTESIAN_POINT('',(-0.0409996723287105,0.0790501975368858,-0.005));
#16210=CARTESIAN_POINT('',(-0.0409996723287105,0.100900197536886,-0.005));
#16211=CARTESIAN_POINT('',(0.,0.,0.));
#16212=CARTESIAN_POINT('',(-0.04,-3.24237527730122E-17,-0.001));
#16213=CARTESIAN_POINT('',(-0.04,9.18485099360515E-19,-1.99493199737333E-16));
#16214=CARTESIAN_POINT('',(-0.0290000000000002,9.18485099360515E-19,-1.99493199737333E-16));
#16215=CARTESIAN_POINT('',(-0.04,9.18485099360515E-19,0.0130000000000002));
#16216=CARTESIAN_POINT('',(-0.0509999999999998,9.18485099360515E-19,0.0130000000000002));
#16217=CARTESIAN_POINT('',(-0.04,9.18485099360515E-19,-0.001));
#16218=CARTESIAN_POINT('',(-0.04,9.18485099360515E-19,0.004));
#16219=CARTESIAN_POINT('',(-0.025,9.18485099360515E-19,0.004));
#16220=CARTESIAN_POINT('',(-0.04,9.18485099360515E-19,0.009));
#16221=CARTESIAN_POINT('',(-0.025,9.18485099360515E-19,0.009));
#16222=CARTESIAN_POINT('',(-0.04,9.18485099360515E-19,0.004));
#16223=CARTESIAN_POINT('',(-0.04,9.18485099360515E-19,0.014));
#16224=CARTESIAN_POINT('',(0.,0.,0.));
#16225=CARTESIAN_POINT('',(0.0099999999999998,0.04,-0.001));
#16226=CARTESIAN_POINT('',(0.01,0.04,-1.99493199737333E-16));
#16227=CARTESIAN_POINT('',(-0.0009999999999998,0.04,-1.99493199737333E-16));
#16228=CARTESIAN_POINT('',(0.01,0.04,0.0130000000000002));
#16229=CARTESIAN_POINT('',(0.0209999999999998,0.04,0.0130000000000002));
#16230=CARTESIAN_POINT('',(0.01,0.04,-0.001));
#16231=CARTESIAN_POINT('',(0.01,0.04,0.004));
#16232=CARTESIAN_POINT('',(-0.005,0.04,0.004));
#16233=CARTESIAN_POINT('',(0.01,0.04,0.009));
#16234=CARTESIAN_POINT('',(-0.005,0.04,0.009));
#16235=CARTESIAN_POINT('',(0.01,0.04,0.004));
#16236=CARTESIAN_POINT('',(0.01,0.04,0.014));
#16237=MECHANICAL_DESIGN_GEOMETRIC_PRESENTATION_REPRESENTATION('',(#9464),
#16253);
#16238=MECHANICAL_DESIGN_GEOMETRIC_PRESENTATION_REPRESENTATION('',(#9465),
#16254);
#16239=MECHANICAL_DESIGN_GEOMETRIC_PRESENTATION_REPRESENTATION('',(#9466),
#16255);
#16240=MECHANICAL_DESIGN_GEOMETRIC_PRESENTATION_REPRESENTATION('',(#9467),
#16256);
#16241=MECHANICAL_DESIGN_GEOMETRIC_PRESENTATION_REPRESENTATION('',(#9468),
#16257);
#16242=MECHANICAL_DESIGN_GEOMETRIC_PRESENTATION_REPRESENTATION('',(#9469),
#16258);
#16243=MECHANICAL_DESIGN_GEOMETRIC_PRESENTATION_REPRESENTATION('',(#9470),
#16259);
#16244=MECHANICAL_DESIGN_GEOMETRIC_PRESENTATION_REPRESENTATION('',(#9471),
#16260);
#16245=MECHANICAL_DESIGN_GEOMETRIC_PRESENTATION_REPRESENTATION('',(#9472),
#16261);
#16246=MECHANICAL_DESIGN_GEOMETRIC_PRESENTATION_REPRESENTATION('',(#9473),
#16262);
#16247=MECHANICAL_DESIGN_GEOMETRIC_PRESENTATION_REPRESENTATION('',(#9474),
#16263);
#16248=MECHANICAL_DESIGN_GEOMETRIC_PRESENTATION_REPRESENTATION('',(#9475),
#16264);
#16249=MECHANICAL_DESIGN_GEOMETRIC_PRESENTATION_REPRESENTATION('',(#9476),
#16265);
#16250=MECHANICAL_DESIGN_GEOMETRIC_PRESENTATION_REPRESENTATION('',(#9477),
#16266);
#16251=MECHANICAL_DESIGN_GEOMETRIC_PRESENTATION_REPRESENTATION('',(#9478),
#16267);
#16252=MECHANICAL_DESIGN_GEOMETRIC_PRESENTATION_REPRESENTATION('',(#9479),
#16268);
#16253=(
GEOMETRIC_REPRESENTATION_CONTEXT(3)
GLOBAL_UNCERTAINTY_ASSIGNED_CONTEXT((#16269))
GLOBAL_UNIT_ASSIGNED_CONTEXT((#16317,#16301,#16285))
REPRESENTATION_CONTEXT('x-axis movement wheel mount #1',
'TOP_LEVEL_ASSEMBLY_PART')
);
#16254=(
GEOMETRIC_REPRESENTATION_CONTEXT(3)
GLOBAL_UNCERTAINTY_ASSIGNED_CONTEXT((#16270))
GLOBAL_UNIT_ASSIGNED_CONTEXT((#16318,#16302,#16286))
REPRESENTATION_CONTEXT('Large casing(top section)',
'TOP_LEVEL_ASSEMBLY_PART')
);
#16255=(
GEOMETRIC_REPRESENTATION_CONTEXT(3)
GLOBAL_UNCERTAINTY_ASSIGNED_CONTEXT((#16271))
GLOBAL_UNIT_ASSIGNED_CONTEXT((#16319,#16303,#16287))
REPRESENTATION_CONTEXT('Large casing (bottom section)',
'TOP_LEVEL_ASSEMBLY_PART')
);
#16256=(
GEOMETRIC_REPRESENTATION_CONTEXT(3)
GLOBAL_UNCERTAINTY_ASSIGNED_CONTEXT((#16272))
GLOBAL_UNIT_ASSIGNED_CONTEXT((#16320,#16304,#16288))
REPRESENTATION_CONTEXT('Wheel #2','TOP_LEVEL_ASSEMBLY_PART')
);
#16257=(
GEOMETRIC_REPRESENTATION_CONTEXT(3)
GLOBAL_UNCERTAINTY_ASSIGNED_CONTEXT((#16273))
GLOBAL_UNIT_ASSIGNED_CONTEXT((#16321,#16305,#16289))
REPRESENTATION_CONTEXT('Motor model#1','TOP_LEVEL_ASSEMBLY_PART')
);
#16258=(
GEOMETRIC_REPRESENTATION_CONTEXT(3)
GLOBAL_UNCERTAINTY_ASSIGNED_CONTEXT((#16274))
GLOBAL_UNIT_ASSIGNED_CONTEXT((#16322,#16306,#16290))
REPRESENTATION_CONTEXT('Motor model#3','TOP_LEVEL_ASSEMBLY_PART')
);
#16259=(
GEOMETRIC_REPRESENTATION_CONTEXT(3)
GLOBAL_UNCERTAINTY_ASSIGNED_CONTEXT((#16275))
GLOBAL_UNIT_ASSIGNED_CONTEXT((#16323,#16307,#16291))
REPRESENTATION_CONTEXT('Motor model#4','TOP_LEVEL_ASSEMBLY_PART')
);
#16260=(
GEOMETRIC_REPRESENTATION_CONTEXT(3)
GLOBAL_UNCERTAINTY_ASSIGNED_CONTEXT((#16276))
GLOBAL_UNIT_ASSIGNED_CONTEXT((#16324,#16308,#16292))
REPRESENTATION_CONTEXT('y-axis movement wheel mount#1',
'TOP_LEVEL_ASSEMBLY_PART')
);
#16261=(
GEOMETRIC_REPRESENTATION_CONTEXT(3)
GLOBAL_UNCERTAINTY_ASSIGNED_CONTEXT((#16277))
GLOBAL_UNIT_ASSIGNED_CONTEXT((#16325,#16309,#16293))
REPRESENTATION_CONTEXT('Top wheel #2','TOP_LEVEL_ASSEMBLY_PART')
);
#16262=(
GEOMETRIC_REPRESENTATION_CONTEXT(3)
GLOBAL_UNCERTAINTY_ASSIGNED_CONTEXT((#16278))
GLOBAL_UNIT_ASSIGNED_CONTEXT((#16326,#16310,#16294))
REPRESENTATION_CONTEXT('y-axis movement wheel mount#2',
'TOP_LEVEL_ASSEMBLY_PART')
);
#16263=(
GEOMETRIC_REPRESENTATION_CONTEXT(3)
GLOBAL_UNCERTAINTY_ASSIGNED_CONTEXT((#16279))
GLOBAL_UNIT_ASSIGNED_CONTEXT((#16327,#16311,#16295))
REPRESENTATION_CONTEXT('x-axis movement wheel mount #2',
'TOP_LEVEL_ASSEMBLY_PART')
);
#16264=(
GEOMETRIC_REPRESENTATION_CONTEXT(3)
GLOBAL_UNCERTAINTY_ASSIGNED_CONTEXT((#16280))
GLOBAL_UNIT_ASSIGNED_CONTEXT((#16328,#16312,#16296))
REPRESENTATION_CONTEXT('Top wheel #1','TOP_LEVEL_ASSEMBLY_PART')
);
#16265=(
GEOMETRIC_REPRESENTATION_CONTEXT(3)
GLOBAL_UNCERTAINTY_ASSIGNED_CONTEXT((#16281))
GLOBAL_UNIT_ASSIGNED_CONTEXT((#16329,#16313,#16297))
REPRESENTATION_CONTEXT('Wheel#3','TOP_LEVEL_ASSEMBLY_PART')
);
#16266=(
GEOMETRIC_REPRESENTATION_CONTEXT(3)
GLOBAL_UNCERTAINTY_ASSIGNED_CONTEXT((#16282))
GLOBAL_UNIT_ASSIGNED_CONTEXT((#16330,#16314,#16298))
REPRESENTATION_CONTEXT('Motor model #2','TOP_LEVEL_ASSEMBLY_PART')
);
#16267=(
GEOMETRIC_REPRESENTATION_CONTEXT(3)
GLOBAL_UNCERTAINTY_ASSIGNED_CONTEXT((#16283))
GLOBAL_UNIT_ASSIGNED_CONTEXT((#16331,#16315,#16299))
REPRESENTATION_CONTEXT('Wheel#1','TOP_LEVEL_ASSEMBLY_PART')
);
#16268=(
GEOMETRIC_REPRESENTATION_CONTEXT(3)
GLOBAL_UNCERTAINTY_ASSIGNED_CONTEXT((#16284))
GLOBAL_UNIT_ASSIGNED_CONTEXT((#16332,#16316,#16300))
REPRESENTATION_CONTEXT('Wheel#4','TOP_LEVEL_ASSEMBLY_PART')
);
#16269=UNCERTAINTY_MEASURE_WITH_UNIT(LENGTH_MEASURE(2.E-5),#16317,
'DISTANCE_ACCURACY_VALUE','Maximum Tolerance applied to model');
#16270=UNCERTAINTY_MEASURE_WITH_UNIT(LENGTH_MEASURE(2.10000000000833E-5),
#16318,'DISTANCE_ACCURACY_VALUE','Maximum Tolerance applied to model');
#16271=UNCERTAINTY_MEASURE_WITH_UNIT(LENGTH_MEASURE(2.10000000000354E-5),
#16319,'DISTANCE_ACCURACY_VALUE','Maximum Tolerance applied to model');
#16272=UNCERTAINTY_MEASURE_WITH_UNIT(LENGTH_MEASURE(1.E-8),#16320,
'DISTANCE_ACCURACY_VALUE','Maximum Tolerance applied to model');
#16273=UNCERTAINTY_MEASURE_WITH_UNIT(LENGTH_MEASURE(1.E-8),#16321,
'DISTANCE_ACCURACY_VALUE','Maximum Tolerance applied to model');
#16274=UNCERTAINTY_MEASURE_WITH_UNIT(LENGTH_MEASURE(1.E-8),#16322,
'DISTANCE_ACCURACY_VALUE','Maximum Tolerance applied to model');
#16275=UNCERTAINTY_MEASURE_WITH_UNIT(LENGTH_MEASURE(1.E-8),#16323,
'DISTANCE_ACCURACY_VALUE','Maximum Tolerance applied to model');
#16276=UNCERTAINTY_MEASURE_WITH_UNIT(LENGTH_MEASURE(2.E-5),#16324,
'DISTANCE_ACCURACY_VALUE','Maximum Tolerance applied to model');
#16277=UNCERTAINTY_MEASURE_WITH_UNIT(LENGTH_MEASURE(1.E-8),#16325,
'DISTANCE_ACCURACY_VALUE','Maximum Tolerance applied to model');
#16278=UNCERTAINTY_MEASURE_WITH_UNIT(LENGTH_MEASURE(2.E-5),#16326,
'DISTANCE_ACCURACY_VALUE','Maximum Tolerance applied to model');
#16279=UNCERTAINTY_MEASURE_WITH_UNIT(LENGTH_MEASURE(2.E-5),#16327,
'DISTANCE_ACCURACY_VALUE','Maximum Tolerance applied to model');
#16280=UNCERTAINTY_MEASURE_WITH_UNIT(LENGTH_MEASURE(1.E-8),#16328,
'DISTANCE_ACCURACY_VALUE','Maximum Tolerance applied to model');
#16281=UNCERTAINTY_MEASURE_WITH_UNIT(LENGTH_MEASURE(1.E-8),#16329,
'DISTANCE_ACCURACY_VALUE','Maximum Tolerance applied to model');
#16282=UNCERTAINTY_MEASURE_WITH_UNIT(LENGTH_MEASURE(1.E-8),#16330,
'DISTANCE_ACCURACY_VALUE','Maximum Tolerance applied to model');
#16283=UNCERTAINTY_MEASURE_WITH_UNIT(LENGTH_MEASURE(1.E-8),#16331,
'DISTANCE_ACCURACY_VALUE','Maximum Tolerance applied to model');
#16284=UNCERTAINTY_MEASURE_WITH_UNIT(LENGTH_MEASURE(1.E-8),#16332,
'DISTANCE_ACCURACY_VALUE','Maximum Tolerance applied to model');
#16285=(
NAMED_UNIT(*)
SI_UNIT($,.STERADIAN.)
SOLID_ANGLE_UNIT()
);
#16286=(
NAMED_UNIT(*)
SI_UNIT($,.STERADIAN.)
SOLID_ANGLE_UNIT()
);
#16287=(
NAMED_UNIT(*)
SI_UNIT($,.STERADIAN.)
SOLID_ANGLE_UNIT()
);
#16288=(
NAMED_UNIT(*)
SI_UNIT($,.STERADIAN.)
SOLID_ANGLE_UNIT()
);
#16289=(
NAMED_UNIT(*)
SI_UNIT($,.STERADIAN.)
SOLID_ANGLE_UNIT()
);
#16290=(
NAMED_UNIT(*)
SI_UNIT($,.STERADIAN.)
SOLID_ANGLE_UNIT()
);
#16291=(
NAMED_UNIT(*)
SI_UNIT($,.STERADIAN.)
SOLID_ANGLE_UNIT()
);
#16292=(
NAMED_UNIT(*)
SI_UNIT($,.STERADIAN.)
SOLID_ANGLE_UNIT()
);
#16293=(
NAMED_UNIT(*)
SI_UNIT($,.STERADIAN.)
SOLID_ANGLE_UNIT()
);
#16294=(
NAMED_UNIT(*)
SI_UNIT($,.STERADIAN.)
SOLID_ANGLE_UNIT()
);
#16295=(
NAMED_UNIT(*)
SI_UNIT($,.STERADIAN.)
SOLID_ANGLE_UNIT()
);
#16296=(
NAMED_UNIT(*)
SI_UNIT($,.STERADIAN.)
SOLID_ANGLE_UNIT()
);
#16297=(
NAMED_UNIT(*)
SI_UNIT($,.STERADIAN.)
SOLID_ANGLE_UNIT()
);
#16298=(
NAMED_UNIT(*)
SI_UNIT($,.STERADIAN.)
SOLID_ANGLE_UNIT()
);
#16299=(
NAMED_UNIT(*)
SI_UNIT($,.STERADIAN.)
SOLID_ANGLE_UNIT()
);
#16300=(
NAMED_UNIT(*)
SI_UNIT($,.STERADIAN.)
SOLID_ANGLE_UNIT()
);
#16301=(
NAMED_UNIT(*)
PLANE_ANGLE_UNIT()
SI_UNIT($,.RADIAN.)
);
#16302=(
NAMED_UNIT(*)
PLANE_ANGLE_UNIT()
SI_UNIT($,.RADIAN.)
);
#16303=(
NAMED_UNIT(*)
PLANE_ANGLE_UNIT()
SI_UNIT($,.RADIAN.)
);
#16304=(
NAMED_UNIT(*)
PLANE_ANGLE_UNIT()
SI_UNIT($,.RADIAN.)
);
#16305=(
NAMED_UNIT(*)
PLANE_ANGLE_UNIT()
SI_UNIT($,.RADIAN.)
);
#16306=(
NAMED_UNIT(*)
PLANE_ANGLE_UNIT()
SI_UNIT($,.RADIAN.)
);
#16307=(
NAMED_UNIT(*)
PLANE_ANGLE_UNIT()
SI_UNIT($,.RADIAN.)
);
#16308=(
NAMED_UNIT(*)
PLANE_ANGLE_UNIT()
SI_UNIT($,.RADIAN.)
);
#16309=(
NAMED_UNIT(*)
PLANE_ANGLE_UNIT()
SI_UNIT($,.RADIAN.)
);
#16310=(
NAMED_UNIT(*)
PLANE_ANGLE_UNIT()
SI_UNIT($,.RADIAN.)
);
#16311=(
NAMED_UNIT(*)
PLANE_ANGLE_UNIT()
SI_UNIT($,.RADIAN.)
);
#16312=(
NAMED_UNIT(*)
PLANE_ANGLE_UNIT()
SI_UNIT($,.RADIAN.)
);
#16313=(
NAMED_UNIT(*)
PLANE_ANGLE_UNIT()
SI_UNIT($,.RADIAN.)
);
#16314=(
NAMED_UNIT(*)
PLANE_ANGLE_UNIT()
SI_UNIT($,.RADIAN.)
);
#16315=(
NAMED_UNIT(*)
PLANE_ANGLE_UNIT()
SI_UNIT($,.RADIAN.)
);
#16316=(
NAMED_UNIT(*)
PLANE_ANGLE_UNIT()
SI_UNIT($,.RADIAN.)
);
#16317=(
LENGTH_UNIT()
NAMED_UNIT(*)
SI_UNIT($,.METRE.)
);
#16318=(
LENGTH_UNIT()
NAMED_UNIT(*)
SI_UNIT($,.METRE.)
);
#16319=(
LENGTH_UNIT()
NAMED_UNIT(*)
SI_UNIT($,.METRE.)
);
#16320=(
LENGTH_UNIT()
NAMED_UNIT(*)
SI_UNIT($,.METRE.)
);
#16321=(
LENGTH_UNIT()
NAMED_UNIT(*)
SI_UNIT($,.METRE.)
);
#16322=(
LENGTH_UNIT()
NAMED_UNIT(*)
SI_UNIT($,.METRE.)
);
#16323=(
LENGTH_UNIT()
NAMED_UNIT(*)
SI_UNIT($,.METRE.)
);
#16324=(
LENGTH_UNIT()
NAMED_UNIT(*)
SI_UNIT($,.METRE.)
);
#16325=(
LENGTH_UNIT()
NAMED_UNIT(*)
SI_UNIT($,.METRE.)
);
#16326=(
LENGTH_UNIT()
NAMED_UNIT(*)
SI_UNIT($,.METRE.)
);
#16327=(
LENGTH_UNIT()
NAMED_UNIT(*)
SI_UNIT($,.METRE.)
);
#16328=(
LENGTH_UNIT()
NAMED_UNIT(*)
SI_UNIT($,.METRE.)
);
#16329=(
LENGTH_UNIT()
NAMED_UNIT(*)
SI_UNIT($,.METRE.)
);
#16330=(
LENGTH_UNIT()
NAMED_UNIT(*)
SI_UNIT($,.METRE.)
);
#16331=(
LENGTH_UNIT()
NAMED_UNIT(*)
SI_UNIT($,.METRE.)
);
#16332=(
LENGTH_UNIT()
NAMED_UNIT(*)
SI_UNIT($,.METRE.)
);
#16333=PRODUCT_DEFINITION_SHAPE('','',#16349);
#16334=PRODUCT_DEFINITION_SHAPE('','',#16350);
#16335=PRODUCT_DEFINITION_SHAPE('','',#16351);
#16336=PRODUCT_DEFINITION_SHAPE('','',#16352);
#16337=PRODUCT_DEFINITION_SHAPE('','',#16353);
#16338=PRODUCT_DEFINITION_SHAPE('','',#16354);
#16339=PRODUCT_DEFINITION_SHAPE('','',#16355);
#16340=PRODUCT_DEFINITION_SHAPE('','',#16356);
#16341=PRODUCT_DEFINITION_SHAPE('','',#16357);
#16342=PRODUCT_DEFINITION_SHAPE('','',#16358);
#16343=PRODUCT_DEFINITION_SHAPE('','',#16359);
#16344=PRODUCT_DEFINITION_SHAPE('','',#16360);
#16345=PRODUCT_DEFINITION_SHAPE('','',#16361);
#16346=PRODUCT_DEFINITION_SHAPE('','',#16362);
#16347=PRODUCT_DEFINITION_SHAPE('','',#16363);
#16348=PRODUCT_DEFINITION_SHAPE('','',#16364);
#16349=PRODUCT_DEFINITION('','',#16381,#16365);
#16350=PRODUCT_DEFINITION('','',#16382,#16366);
#16351=PRODUCT_DEFINITION('','',#16383,#16367);
#16352=PRODUCT_DEFINITION('','',#16384,#16368);
#16353=PRODUCT_DEFINITION('','',#16385,#16369);
#16354=PRODUCT_DEFINITION('','',#16386,#16370);
#16355=PRODUCT_DEFINITION('','',#16387,#16371);
#16356=PRODUCT_DEFINITION('','',#16388,#16372);
#16357=PRODUCT_DEFINITION('','',#16389,#16373);
#16358=PRODUCT_DEFINITION('','',#16390,#16374);
#16359=PRODUCT_DEFINITION('','',#16391,#16375);
#16360=PRODUCT_DEFINITION('','',#16392,#16376);
#16361=PRODUCT_DEFINITION('','',#16393,#16377);
#16362=PRODUCT_DEFINITION('','',#16394,#16378);
#16363=PRODUCT_DEFINITION('','',#16395,#16379);
#16364=PRODUCT_DEFINITION('','',#16396,#16380);
#16365=PRODUCT_DEFINITION_CONTEXT('',#16477,'design');
#16366=PRODUCT_DEFINITION_CONTEXT('',#16478,'design');
#16367=PRODUCT_DEFINITION_CONTEXT('',#16479,'design');
#16368=PRODUCT_DEFINITION_CONTEXT('',#16480,'design');
#16369=PRODUCT_DEFINITION_CONTEXT('',#16481,'design');
#16370=PRODUCT_DEFINITION_CONTEXT('',#16482,'design');
#16371=PRODUCT_DEFINITION_CONTEXT('',#16483,'design');
#16372=PRODUCT_DEFINITION_CONTEXT('',#16484,'design');
#16373=PRODUCT_DEFINITION_CONTEXT('',#16485,'design');
#16374=PRODUCT_DEFINITION_CONTEXT('',#16486,'design');
#16375=PRODUCT_DEFINITION_CONTEXT('',#16487,'design');
#16376=PRODUCT_DEFINITION_CONTEXT('',#16488,'design');
#16377=PRODUCT_DEFINITION_CONTEXT('',#16489,'design');
#16378=PRODUCT_DEFINITION_CONTEXT('',#16490,'design');
#16379=PRODUCT_DEFINITION_CONTEXT('',#16491,'design');
#16380=PRODUCT_DEFINITION_CONTEXT('',#16492,'design');
#16381=PRODUCT_DEFINITION_FORMATION_WITH_SPECIFIED_SOURCE('','',#16413,
 .NOT_KNOWN.);
#16382=PRODUCT_DEFINITION_FORMATION_WITH_SPECIFIED_SOURCE('','',#16414,
 .NOT_KNOWN.);
#16383=PRODUCT_DEFINITION_FORMATION_WITH_SPECIFIED_SOURCE('','',#16415,
 .NOT_KNOWN.);
#16384=PRODUCT_DEFINITION_FORMATION_WITH_SPECIFIED_SOURCE('','',#16416,
 .NOT_KNOWN.);
#16385=PRODUCT_DEFINITION_FORMATION_WITH_SPECIFIED_SOURCE('','',#16417,
 .NOT_KNOWN.);
#16386=PRODUCT_DEFINITION_FORMATION_WITH_SPECIFIED_SOURCE('','',#16418,
 .NOT_KNOWN.);
#16387=PRODUCT_DEFINITION_FORMATION_WITH_SPECIFIED_SOURCE('','',#16419,
 .NOT_KNOWN.);
#16388=PRODUCT_DEFINITION_FORMATION_WITH_SPECIFIED_SOURCE('','',#16420,
 .NOT_KNOWN.);
#16389=PRODUCT_DEFINITION_FORMATION_WITH_SPECIFIED_SOURCE('','',#16421,
 .NOT_KNOWN.);
#16390=PRODUCT_DEFINITION_FORMATION_WITH_SPECIFIED_SOURCE('','',#16422,
 .NOT_KNOWN.);
#16391=PRODUCT_DEFINITION_FORMATION_WITH_SPECIFIED_SOURCE('','',#16423,
 .NOT_KNOWN.);
#16392=PRODUCT_DEFINITION_FORMATION_WITH_SPECIFIED_SOURCE('','',#16424,
 .NOT_KNOWN.);
#16393=PRODUCT_DEFINITION_FORMATION_WITH_SPECIFIED_SOURCE('','',#16425,
 .NOT_KNOWN.);
#16394=PRODUCT_DEFINITION_FORMATION_WITH_SPECIFIED_SOURCE('','',#16426,
 .NOT_KNOWN.);
#16395=PRODUCT_DEFINITION_FORMATION_WITH_SPECIFIED_SOURCE('','',#16427,
 .NOT_KNOWN.);
#16396=PRODUCT_DEFINITION_FORMATION_WITH_SPECIFIED_SOURCE('','',#16428,
 .NOT_KNOWN.);
#16397=PRODUCT_RELATED_PRODUCT_CATEGORY('','',(#16413));
#16398=PRODUCT_RELATED_PRODUCT_CATEGORY('','',(#16414));
#16399=PRODUCT_RELATED_PRODUCT_CATEGORY('','',(#16415));
#16400=PRODUCT_RELATED_PRODUCT_CATEGORY('','',(#16416));
#16401=PRODUCT_RELATED_PRODUCT_CATEGORY('','',(#16417));
#16402=PRODUCT_RELATED_PRODUCT_CATEGORY('','',(#16418));
#16403=PRODUCT_RELATED_PRODUCT_CATEGORY('','',(#16419));
#16404=PRODUCT_RELATED_PRODUCT_CATEGORY('','',(#16420));
#16405=PRODUCT_RELATED_PRODUCT_CATEGORY('','',(#16421));
#16406=PRODUCT_RELATED_PRODUCT_CATEGORY('','',(#16422));
#16407=PRODUCT_RELATED_PRODUCT_CATEGORY('','',(#16423));
#16408=PRODUCT_RELATED_PRODUCT_CATEGORY('','',(#16424));
#16409=PRODUCT_RELATED_PRODUCT_CATEGORY('','',(#16425));
#16410=PRODUCT_RELATED_PRODUCT_CATEGORY('','',(#16426));
#16411=PRODUCT_RELATED_PRODUCT_CATEGORY('','',(#16427));
#16412=PRODUCT_RELATED_PRODUCT_CATEGORY('','',(#16428));
#16413=PRODUCT('x-axis movement wheel mount #1',
'x-axis movement wheel mount #1','x-axis movement wheel mount #1',(#16445));
#16414=PRODUCT('Large casing(top section)','Large casing(top section)',
'Large casing(top section)',(#16446));
#16415=PRODUCT('Large casing (bottom section)',
'Large casing (bottom section)','Large casing (bottom section)',(#16447));
#16416=PRODUCT('Wheel #2','Wheel #2','Wheel #2',(#16448));
#16417=PRODUCT('Motor model#1','Motor model#1','Motor model#1',(#16449));
#16418=PRODUCT('Motor model#3','Motor model#3','Motor model#3',(#16450));
#16419=PRODUCT('Motor model#4','Motor model#4','Motor model#4',(#16451));
#16420=PRODUCT('y-axis movement wheel mount#1',
'y-axis movement wheel mount#1','y-axis movement wheel mount#1',(#16452));
#16421=PRODUCT('Top wheel #2','Top wheel #2','Top wheel #2',(#16453));
#16422=PRODUCT('y-axis movement wheel mount#2',
'y-axis movement wheel mount#2','y-axis movement wheel mount#2',(#16454));
#16423=PRODUCT('x-axis movement wheel mount #2',
'x-axis movement wheel mount #2','x-axis movement wheel mount #2',(#16455));
#16424=PRODUCT('Top wheel #1','Top wheel #1','Top wheel #1',(#16456));
#16425=PRODUCT('Wheel#3','Wheel#3','Wheel#3',(#16457));
#16426=PRODUCT('Motor model #2','Motor model #2','Motor model #2',(#16458));
#16427=PRODUCT('Wheel#1','Wheel#1','Wheel#1',(#16459));
#16428=PRODUCT('Wheel#4','Wheel#4','Wheel#4',(#16460));
#16429=PRODUCT_CATEGORY('','');
#16430=PRODUCT_CATEGORY('','');
#16431=PRODUCT_CATEGORY('','');
#16432=PRODUCT_CATEGORY('','');
#16433=PRODUCT_CATEGORY('','');
#16434=PRODUCT_CATEGORY('','');
#16435=PRODUCT_CATEGORY('','');
#16436=PRODUCT_CATEGORY('','');
#16437=PRODUCT_CATEGORY('','');
#16438=PRODUCT_CATEGORY('','');
#16439=PRODUCT_CATEGORY('','');
#16440=PRODUCT_CATEGORY('','');
#16441=PRODUCT_CATEGORY('','');
#16442=PRODUCT_CATEGORY('','');
#16443=PRODUCT_CATEGORY('','');
#16444=PRODUCT_CATEGORY('','');
#16445=PRODUCT_CONTEXT('',#16477,'mechanical');
#16446=PRODUCT_CONTEXT('',#16478,'mechanical');
#16447=PRODUCT_CONTEXT('',#16479,'mechanical');
#16448=PRODUCT_CONTEXT('',#16480,'mechanical');
#16449=PRODUCT_CONTEXT('',#16481,'mechanical');
#16450=PRODUCT_CONTEXT('',#16482,'mechanical');
#16451=PRODUCT_CONTEXT('',#16483,'mechanical');
#16452=PRODUCT_CONTEXT('',#16484,'mechanical');
#16453=PRODUCT_CONTEXT('',#16485,'mechanical');
#16454=PRODUCT_CONTEXT('',#16486,'mechanical');
#16455=PRODUCT_CONTEXT('',#16487,'mechanical');
#16456=PRODUCT_CONTEXT('',#16488,'mechanical');
#16457=PRODUCT_CONTEXT('',#16489,'mechanical');
#16458=PRODUCT_CONTEXT('',#16490,'mechanical');
#16459=PRODUCT_CONTEXT('',#16491,'mechanical');
#16460=PRODUCT_CONTEXT('',#16492,'mechanical');
#16461=APPLICATION_PROTOCOL_DEFINITION('international standard',
'ap242_managed_model_based_3d_engineering',2020,#16477);
#16462=APPLICATION_PROTOCOL_DEFINITION('international standard',
'ap242_managed_model_based_3d_engineering',2020,#16478);
#16463=APPLICATION_PROTOCOL_DEFINITION('international standard',
'ap242_managed_model_based_3d_engineering',2020,#16479);
#16464=APPLICATION_PROTOCOL_DEFINITION('international standard',
'ap242_managed_model_based_3d_engineering',2020,#16480);
#16465=APPLICATION_PROTOCOL_DEFINITION('international standard',
'ap242_managed_model_based_3d_engineering',2020,#16481);
#16466=APPLICATION_PROTOCOL_DEFINITION('international standard',
'ap242_managed_model_based_3d_engineering',2020,#16482);
#16467=APPLICATION_PROTOCOL_DEFINITION('international standard',
'ap242_managed_model_based_3d_engineering',2020,#16483);
#16468=APPLICATION_PROTOCOL_DEFINITION('international standard',
'ap242_managed_model_based_3d_engineering',2020,#16484);
#16469=APPLICATION_PROTOCOL_DEFINITION('international standard',
'ap242_managed_model_based_3d_engineering',2020,#16485);
#16470=APPLICATION_PROTOCOL_DEFINITION('international standard',
'ap242_managed_model_based_3d_engineering',2020,#16486);
#16471=APPLICATION_PROTOCOL_DEFINITION('international standard',
'ap242_managed_model_based_3d_engineering',2020,#16487);
#16472=APPLICATION_PROTOCOL_DEFINITION('international standard',
'ap242_managed_model_based_3d_engineering',2020,#16488);
#16473=APPLICATION_PROTOCOL_DEFINITION('international standard',
'ap242_managed_model_based_3d_engineering',2020,#16489);
#16474=APPLICATION_PROTOCOL_DEFINITION('international standard',
'ap242_managed_model_based_3d_engineering',2020,#16490);
#16475=APPLICATION_PROTOCOL_DEFINITION('international standard',
'ap242_managed_model_based_3d_engineering',2020,#16491);
#16476=APPLICATION_PROTOCOL_DEFINITION('international standard',
'ap242_managed_model_based_3d_engineering',2020,#16492);
#16477=APPLICATION_CONTEXT('managed model based 3d engineering');
#16478=APPLICATION_CONTEXT('managed model based 3d engineering');
#16479=APPLICATION_CONTEXT('managed model based 3d engineering');
#16480=APPLICATION_CONTEXT('managed model based 3d engineering');
#16481=APPLICATION_CONTEXT('managed model based 3d engineering');
#16482=APPLICATION_CONTEXT('managed model based 3d engineering');
#16483=APPLICATION_CONTEXT('managed model based 3d engineering');
#16484=APPLICATION_CONTEXT('managed model based 3d engineering');
#16485=APPLICATION_CONTEXT('managed model based 3d engineering');
#16486=APPLICATION_CONTEXT('managed model based 3d engineering');
#16487=APPLICATION_CONTEXT('managed model based 3d engineering');
#16488=APPLICATION_CONTEXT('managed model based 3d engineering');
#16489=APPLICATION_CONTEXT('managed model based 3d engineering');
#16490=APPLICATION_CONTEXT('managed model based 3d engineering');
#16491=APPLICATION_CONTEXT('managed model based 3d engineering');
#16492=APPLICATION_CONTEXT('managed model based 3d engineering');
ENDSEC;
END-ISO-10303-21;
