ISO-10303-21;
HEADER;
/* Generated by software containing ST-Developer
 * from STEP Tools, Inc. (www.steptools.com) 
 */
/* OPTION: using custom renumber hook */

FILE_DESCRIPTION(
/* description */ ('STEP AP242 Edition 2',
'CAx-IF Rec.Pracs.---Representation and Presentation of Product Manufa
cturing Information (PMI)---4.0---2014-10-13',
'CAx-IF Rec.Pracs.---3D Tessellated Geometry---0.4---2014-09-14','2;1',
'CAx-IF Rec.Pracs.---User Defined Attributes---1.5---2016-08-15'),
/* implementation_level */ '2;1');

FILE_NAME(
/* name */ 'Part Studio 1',
/* time_stamp */ '2026-08-30T23:16:40Z',
/* author */ (''),
/* organization */ (''),
/* preprocessor_version */ 'ST-DEVELOPER v20',
/* originating_system */ 'ONSHAPE BY PTC INC, 1.220',
/* authorisation */ '  ');

FILE_SCHEMA (('AP242_MANAGED_MODEL_BASED_3D_ENGINEERING_MIM_LF { 1 0 10303 442 3 1 4 }'));
ENDSEC;

DATA;
#10=ELLIPSE('',#8824,0.000707106781186548,0.0005);
#11=ELLIPSE('',#8826,0.000707106781186548,0.0005);
#12=ELLIPSE('',#8932,0.000707106781186548,0.0005);
#13=ELLIPSE('',#8934,0.000707106781186548,0.0005);
#14=ELLIPSE('',#9041,0.000707106781186548,0.0005);
#15=ELLIPSE('',#9043,0.000707106781186548,0.0005);
#16=ELLIPSE('',#9136,0.000707106781186548,0.0005);
#17=ELLIPSE('',#9138,0.000707106781186548,0.0005);
#18=B_SPLINE_CURVE_WITH_KNOTS('',3,(#12547,#12548,#12549,#12550),
 .UNSPECIFIED.,.F.,.F.,(4,4),(0.,0.000783607851989802),.UNSPECIFIED.);
#19=B_SPLINE_CURVE_WITH_KNOTS('',3,(#12555,#12556,#12557,#12558),
 .UNSPECIFIED.,.F.,.F.,(4,4),(2.26446207231011E-16,0.000781562377073732),
 .UNSPECIFIED.);
#20=B_SPLINE_CURVE_WITH_KNOTS('',3,(#12562,#12563,#12564,#12565),
 .UNSPECIFIED.,.F.,.F.,(4,4),(0.,0.000781551389541066),.UNSPECIFIED.);
#21=B_SPLINE_CURVE_WITH_KNOTS('',3,(#12569,#12570,#12571,#12572),
 .UNSPECIFIED.,.F.,.F.,(4,4),(0.,0.000783627061013169),.UNSPECIFIED.);
#22=B_SPLINE_CURVE_WITH_KNOTS('',3,(#12576,#12577,#12578,#12579),
 .UNSPECIFIED.,.F.,.F.,(4,4),(0.,0.000783607851989731),.UNSPECIFIED.);
#23=B_SPLINE_CURVE_WITH_KNOTS('',3,(#12583,#12584,#12585,#12586),
 .UNSPECIFIED.,.F.,.F.,(4,4),(0.,0.000781562377073601),.UNSPECIFIED.);
#24=B_SPLINE_CURVE_WITH_KNOTS('',3,(#12590,#12591,#12592,#12593),
 .UNSPECIFIED.,.F.,.F.,(4,4),(0.,0.000781551389540491),.UNSPECIFIED.);
#25=B_SPLINE_CURVE_WITH_KNOTS('',3,(#12597,#12598,#12599,#12600),
 .UNSPECIFIED.,.F.,.F.,(4,4),(0.,0.000783627061012785),.UNSPECIFIED.);
#26=B_SPLINE_CURVE_WITH_KNOTS('',3,(#12604,#12605,#12606,#12607),
 .UNSPECIFIED.,.F.,.F.,(4,4),(0.,0.000783607851989792),.UNSPECIFIED.);
#27=B_SPLINE_CURVE_WITH_KNOTS('',3,(#12611,#12612,#12613,#12614),
 .UNSPECIFIED.,.F.,.F.,(4,4),(0.,0.000781562377073852),.UNSPECIFIED.);
#28=B_SPLINE_CURVE_WITH_KNOTS('',3,(#12618,#12619,#12620,#12621),
 .UNSPECIFIED.,.F.,.F.,(4,4),(0.,0.000781551389540793),.UNSPECIFIED.);
#29=B_SPLINE_CURVE_WITH_KNOTS('',3,(#12625,#12626,#12627,#12628),
 .UNSPECIFIED.,.F.,.F.,(4,4),(0.,0.000783627061012925),.UNSPECIFIED.);
#30=B_SPLINE_CURVE_WITH_KNOTS('',3,(#12632,#12633,#12634,#12635),
 .UNSPECIFIED.,.F.,.F.,(4,4),(0.,0.000783607851989753),.UNSPECIFIED.);
#31=B_SPLINE_CURVE_WITH_KNOTS('',3,(#12639,#12640,#12641,#12642),
 .UNSPECIFIED.,.F.,.F.,(4,4),(0.,0.000781562377073914),.UNSPECIFIED.);
#32=B_SPLINE_CURVE_WITH_KNOTS('',3,(#12646,#12647,#12648,#12649),
 .UNSPECIFIED.,.F.,.F.,(4,4),(0.,0.000781551389540872),.UNSPECIFIED.);
#33=B_SPLINE_CURVE_WITH_KNOTS('',3,(#12653,#12654,#12655,#12656),
 .UNSPECIFIED.,.F.,.F.,(4,4),(0.,0.000783627061012883),.UNSPECIFIED.);
#34=B_SPLINE_CURVE_WITH_KNOTS('',3,(#12660,#12661,#12662,#12663),
 .UNSPECIFIED.,.F.,.F.,(4,4),(0.,0.000783607851989519),.UNSPECIFIED.);
#35=B_SPLINE_CURVE_WITH_KNOTS('',3,(#12667,#12668,#12669,#12670),
 .UNSPECIFIED.,.F.,.F.,(4,4),(0.,0.000781562377073958),.UNSPECIFIED.);
#36=B_SPLINE_CURVE_WITH_KNOTS('',3,(#12674,#12675,#12676,#12677),
 .UNSPECIFIED.,.F.,.F.,(4,4),(0.,0.000781551389540886),.UNSPECIFIED.);
#37=B_SPLINE_CURVE_WITH_KNOTS('',3,(#12681,#12682,#12683,#12684),
 .UNSPECIFIED.,.F.,.F.,(4,4),(0.,0.000783627061012887),.UNSPECIFIED.);
#38=B_SPLINE_CURVE_WITH_KNOTS('',3,(#12762,#12763,#12764,#12765),
 .UNSPECIFIED.,.F.,.F.,(4,4),(0.,0.000781410122785761),.UNSPECIFIED.);
#39=B_SPLINE_CURVE_WITH_KNOTS('',3,(#12767,#12768,#12769,#12770),
 .UNSPECIFIED.,.F.,.F.,(4,4),(0.,0.000781412866621172),.UNSPECIFIED.);
#40=B_SPLINE_CURVE_WITH_KNOTS('',3,(#12772,#12773,#12774,#12775),
 .UNSPECIFIED.,.F.,.F.,(4,4),(0.,0.000781141826626882),.UNSPECIFIED.);
#41=B_SPLINE_CURVE_WITH_KNOTS('',3,(#12777,#12778,#12779,#12780),
 .UNSPECIFIED.,.F.,.F.,(4,4),(0.,0.000781143139734392),.UNSPECIFIED.);
#42=B_SPLINE_CURVE_WITH_KNOTS('',3,(#12784,#12785,#12786,#12787),
 .UNSPECIFIED.,.F.,.F.,(4,4),(0.,0.00078114313973437),.UNSPECIFIED.);
#43=B_SPLINE_CURVE_WITH_KNOTS('',3,(#12791,#12792,#12793,#12794),
 .UNSPECIFIED.,.F.,.F.,(4,4),(0.,0.000781141826626467),.UNSPECIFIED.);
#44=B_SPLINE_CURVE_WITH_KNOTS('',3,(#12798,#12799,#12800,#12801),
 .UNSPECIFIED.,.F.,.F.,(4,4),(0.,0.000781412866621234),.UNSPECIFIED.);
#45=B_SPLINE_CURVE_WITH_KNOTS('',3,(#12805,#12806,#12807,#12808),
 .UNSPECIFIED.,.F.,.F.,(4,4),(0.,0.00078141012278615),.UNSPECIFIED.);
#46=B_SPLINE_CURVE_WITH_KNOTS('',3,(#12828,#12829,#12830,#12831),
 .UNSPECIFIED.,.F.,.F.,(4,4),(0.,0.000781141826626572),.UNSPECIFIED.);
#47=B_SPLINE_CURVE_WITH_KNOTS('',3,(#12833,#12834,#12835,#12836),
 .UNSPECIFIED.,.F.,.F.,(4,4),(0.,0.00078114313973436),.UNSPECIFIED.);
#48=B_SPLINE_CURVE_WITH_KNOTS('',3,(#12839,#12840,#12841,#12842),
 .UNSPECIFIED.,.F.,.F.,(4,4),(0.,0.000781412866621318),.UNSPECIFIED.);
#49=B_SPLINE_CURVE_WITH_KNOTS('',3,(#12846,#12847,#12848,#12849),
 .UNSPECIFIED.,.F.,.F.,(4,4),(0.,0.000781410122785883),.UNSPECIFIED.);
#50=B_SPLINE_CURVE_WITH_KNOTS('',3,(#12868,#12869,#12870,#12871),
 .UNSPECIFIED.,.F.,.F.,(4,4),(0.,0.000781410122786289),.UNSPECIFIED.);
#51=B_SPLINE_CURVE_WITH_KNOTS('',3,(#12873,#12874,#12875,#12876),
 .UNSPECIFIED.,.F.,.F.,(4,4),(0.,0.000781412866621199),.UNSPECIFIED.);
#52=B_SPLINE_CURVE_WITH_KNOTS('',3,(#12908,#12909,#12910,#12911),
 .UNSPECIFIED.,.F.,.F.,(4,4),(0.,0.000781412866621199),.UNSPECIFIED.);
#53=B_SPLINE_CURVE_WITH_KNOTS('',3,(#12913,#12914,#12915,#12916),
 .UNSPECIFIED.,.F.,.F.,(4,4),(0.,0.000781410122785979),.UNSPECIFIED.);
#54=B_SPLINE_CURVE_WITH_KNOTS('',3,(#12921,#12922,#12923,#12924),
 .UNSPECIFIED.,.F.,.F.,(4,4),(0.,0.000781143139734413),.UNSPECIFIED.);
#55=B_SPLINE_CURVE_WITH_KNOTS('',3,(#12928,#12929,#12930,#12931),
 .UNSPECIFIED.,.F.,.F.,(4,4),(0.,0.000781141826626831),.UNSPECIFIED.);
#56=B_SPLINE_CURVE_WITH_KNOTS('',3,(#13006,#13007,#13008,#13009),
 .UNSPECIFIED.,.F.,.F.,(4,4),(0.,0.000781562377073722),.UNSPECIFIED.);
#57=B_SPLINE_CURVE_WITH_KNOTS('',3,(#13013,#13014,#13015,#13016),
 .UNSPECIFIED.,.F.,.F.,(4,4),(0.,0.00078155138954099),.UNSPECIFIED.);
#58=B_SPLINE_CURVE_WITH_KNOTS('',3,(#13020,#13021,#13022,#13023),
 .UNSPECIFIED.,.F.,.F.,(4,4),(0.,0.000783627061013121),.UNSPECIFIED.);
#59=B_SPLINE_CURVE_WITH_KNOTS('',3,(#13027,#13028,#13029,#13030),
 .UNSPECIFIED.,.F.,.F.,(4,4),(0.,0.000783607851989715),.UNSPECIFIED.);
#60=B_SPLINE_CURVE_WITH_KNOTS('',3,(#13031,#13032,#13033,#13034),
 .UNSPECIFIED.,.F.,.F.,(4,4),(0.,0.000781562377073602),.UNSPECIFIED.);
#61=B_SPLINE_CURVE_WITH_KNOTS('',3,(#13038,#13039,#13040,#13041),
 .UNSPECIFIED.,.F.,.F.,(4,4),(0.,0.00078155138954049),.UNSPECIFIED.);
#62=B_SPLINE_CURVE_WITH_KNOTS('',3,(#13045,#13046,#13047,#13048),
 .UNSPECIFIED.,.F.,.F.,(4,4),(0.,0.000783627061012772),.UNSPECIFIED.);
#63=B_SPLINE_CURVE_WITH_KNOTS('',3,(#13052,#13053,#13054,#13055),
 .UNSPECIFIED.,.F.,.F.,(4,4),(0.,0.000783607851989803),.UNSPECIFIED.);
#64=B_SPLINE_CURVE_WITH_KNOTS('',3,(#13056,#13057,#13058,#13059),
 .UNSPECIFIED.,.F.,.F.,(4,4),(0.,0.000781562377073814),.UNSPECIFIED.);
#65=B_SPLINE_CURVE_WITH_KNOTS('',3,(#13063,#13064,#13065,#13066),
 .UNSPECIFIED.,.F.,.F.,(4,4),(0.,0.000781551389540797),.UNSPECIFIED.);
#66=B_SPLINE_CURVE_WITH_KNOTS('',3,(#13070,#13071,#13072,#13073),
 .UNSPECIFIED.,.F.,.F.,(4,4),(0.,0.00078362706101291),.UNSPECIFIED.);
#67=B_SPLINE_CURVE_WITH_KNOTS('',3,(#13077,#13078,#13079,#13080),
 .UNSPECIFIED.,.F.,.F.,(4,4),(0.,0.000783607851989779),.UNSPECIFIED.);
#68=B_SPLINE_CURVE_WITH_KNOTS('',3,(#13084,#13085,#13086,#13087),
 .UNSPECIFIED.,.F.,.F.,(4,4),(0.,0.000781562377073916),.UNSPECIFIED.);
#69=B_SPLINE_CURVE_WITH_KNOTS('',3,(#13091,#13092,#13093,#13094),
 .UNSPECIFIED.,.F.,.F.,(4,4),(0.,0.000781551389540871),.UNSPECIFIED.);
#70=B_SPLINE_CURVE_WITH_KNOTS('',3,(#13098,#13099,#13100,#13101),
 .UNSPECIFIED.,.F.,.F.,(4,4),(0.,0.000783627061012887),.UNSPECIFIED.);
#71=B_SPLINE_CURVE_WITH_KNOTS('',3,(#13105,#13106,#13107,#13108),
 .UNSPECIFIED.,.F.,.F.,(4,4),(0.,0.000783607851989515),.UNSPECIFIED.);
#72=B_SPLINE_CURVE_WITH_KNOTS('',3,(#13109,#13110,#13111,#13112),
 .UNSPECIFIED.,.F.,.F.,(4,4),(0.,0.00078360785198986),.UNSPECIFIED.);
#73=B_SPLINE_CURVE_WITH_KNOTS('',3,(#13114,#13115,#13116,#13117),
 .UNSPECIFIED.,.F.,.F.,(4,4),(0.,0.000781562377073955),.UNSPECIFIED.);
#74=B_SPLINE_CURVE_WITH_KNOTS('',3,(#13121,#13122,#13123,#13124),
 .UNSPECIFIED.,.F.,.F.,(4,4),(0.,0.00078155138954091),.UNSPECIFIED.);
#75=B_SPLINE_CURVE_WITH_KNOTS('',3,(#13128,#13129,#13130,#13131),
 .UNSPECIFIED.,.F.,.F.,(4,4),(0.,0.000783627061012887),.UNSPECIFIED.);
#76=B_SPLINE_CURVE_WITH_KNOTS('',3,(#13189,#13190,#13191,#13192),
 .UNSPECIFIED.,.F.,.F.,(4,4),(0.,0.000781410122785753),.UNSPECIFIED.);
#77=B_SPLINE_CURVE_WITH_KNOTS('',3,(#13194,#13195,#13196,#13197),
 .UNSPECIFIED.,.F.,.F.,(4,4),(0.,0.000781412866621151),.UNSPECIFIED.);
#78=B_SPLINE_CURVE_WITH_KNOTS('',3,(#13199,#13200,#13201,#13202),
 .UNSPECIFIED.,.F.,.F.,(4,4),(0.,0.000781141826626842),.UNSPECIFIED.);
#79=B_SPLINE_CURVE_WITH_KNOTS('',3,(#13204,#13205,#13206,#13207),
 .UNSPECIFIED.,.F.,.F.,(4,4),(0.,0.000781143139734411),.UNSPECIFIED.);
#80=B_SPLINE_CURVE_WITH_KNOTS('',3,(#13211,#13212,#13213,#13214),
 .UNSPECIFIED.,.F.,.F.,(4,4),(0.,0.000781143139734371),.UNSPECIFIED.);
#81=B_SPLINE_CURVE_WITH_KNOTS('',3,(#13218,#13219,#13220,#13221),
 .UNSPECIFIED.,.F.,.F.,(4,4),(0.,0.00078114182662647),.UNSPECIFIED.);
#82=B_SPLINE_CURVE_WITH_KNOTS('',3,(#13225,#13226,#13227,#13228),
 .UNSPECIFIED.,.F.,.F.,(4,4),(0.,0.00078141286662119),.UNSPECIFIED.);
#83=B_SPLINE_CURVE_WITH_KNOTS('',3,(#13232,#13233,#13234,#13235),
 .UNSPECIFIED.,.F.,.F.,(4,4),(0.,0.000781410122786097),.UNSPECIFIED.);
#84=B_SPLINE_CURVE_WITH_KNOTS('',3,(#13255,#13256,#13257,#13258),
 .UNSPECIFIED.,.F.,.F.,(4,4),(0.,0.000781141826626573),.UNSPECIFIED.);
#85=B_SPLINE_CURVE_WITH_KNOTS('',3,(#13260,#13261,#13262,#13263),
 .UNSPECIFIED.,.F.,.F.,(4,4),(0.,0.000781143139734324),.UNSPECIFIED.);
#86=B_SPLINE_CURVE_WITH_KNOTS('',3,(#13266,#13267,#13268,#13269),
 .UNSPECIFIED.,.F.,.F.,(4,4),(0.,0.000781412866621321),.UNSPECIFIED.);
#87=B_SPLINE_CURVE_WITH_KNOTS('',3,(#13273,#13274,#13275,#13276),
 .UNSPECIFIED.,.F.,.F.,(4,4),(0.,0.000781410122785881),.UNSPECIFIED.);
#88=B_SPLINE_CURVE_WITH_KNOTS('',3,(#13295,#13296,#13297,#13298),
 .UNSPECIFIED.,.F.,.F.,(4,4),(0.,0.00078141012278631),.UNSPECIFIED.);
#89=B_SPLINE_CURVE_WITH_KNOTS('',3,(#13300,#13301,#13302,#13303),
 .UNSPECIFIED.,.F.,.F.,(4,4),(1.0842021724855E-18,0.000781412866621209),
 .UNSPECIFIED.);
#90=B_SPLINE_CURVE_WITH_KNOTS('',3,(#13335,#13336,#13337,#13338),
 .UNSPECIFIED.,.F.,.F.,(4,4),(0.,0.000781412866621181),.UNSPECIFIED.);
#91=B_SPLINE_CURVE_WITH_KNOTS('',3,(#13340,#13341,#13342,#13343),
 .UNSPECIFIED.,.F.,.F.,(4,4),(0.,0.000781410122785926),.UNSPECIFIED.);
#92=B_SPLINE_CURVE_WITH_KNOTS('',3,(#13348,#13349,#13350,#13351),
 .UNSPECIFIED.,.F.,.F.,(4,4),(0.,0.000781143139734461),.UNSPECIFIED.);
#93=B_SPLINE_CURVE_WITH_KNOTS('',3,(#13355,#13356,#13357,#13358),
 .UNSPECIFIED.,.F.,.F.,(4,4),(0.,0.000781141826626836),.UNSPECIFIED.);
#94=B_SPLINE_CURVE_WITH_KNOTS('',3,(#13434,#13435,#13436,#13437),
 .UNSPECIFIED.,.F.,.F.,(4,4),(0.,0.00078156237707373),.UNSPECIFIED.);
#95=B_SPLINE_CURVE_WITH_KNOTS('',3,(#13441,#13442,#13443,#13444),
 .UNSPECIFIED.,.F.,.F.,(4,4),(0.,0.000781551389541009),.UNSPECIFIED.);
#96=B_SPLINE_CURVE_WITH_KNOTS('',3,(#13448,#13449,#13450,#13451),
 .UNSPECIFIED.,.F.,.F.,(4,4),(0.,0.00078362706101312),.UNSPECIFIED.);
#97=B_SPLINE_CURVE_WITH_KNOTS('',3,(#13455,#13456,#13457,#13458),
 .UNSPECIFIED.,.F.,.F.,(4,4),(0.,0.000783607851989722),.UNSPECIFIED.);
#98=B_SPLINE_CURVE_WITH_KNOTS('',3,(#13459,#13460,#13461,#13462),
 .UNSPECIFIED.,.F.,.F.,(4,4),(0.,0.000781562377073599),.UNSPECIFIED.);
#99=B_SPLINE_CURVE_WITH_KNOTS('',3,(#13466,#13467,#13468,#13469),
 .UNSPECIFIED.,.F.,.F.,(4,4),(0.,0.000781551389540487),.UNSPECIFIED.);
#100=B_SPLINE_CURVE_WITH_KNOTS('',3,(#13473,#13474,#13475,#13476),
 .UNSPECIFIED.,.F.,.F.,(4,4),(0.,0.000783627061012757),.UNSPECIFIED.);
#101=B_SPLINE_CURVE_WITH_KNOTS('',3,(#13480,#13481,#13482,#13483),
 .UNSPECIFIED.,.F.,.F.,(4,4),(0.,0.00078360785198981),.UNSPECIFIED.);
#102=B_SPLINE_CURVE_WITH_KNOTS('',3,(#13484,#13485,#13486,#13487),
 .UNSPECIFIED.,.F.,.F.,(4,4),(0.,0.000781562377073817),.UNSPECIFIED.);
#103=B_SPLINE_CURVE_WITH_KNOTS('',3,(#13491,#13492,#13493,#13494),
 .UNSPECIFIED.,.F.,.F.,(4,4),(0.,0.000781551389540832),.UNSPECIFIED.);
#104=B_SPLINE_CURVE_WITH_KNOTS('',3,(#13498,#13499,#13500,#13501),
 .UNSPECIFIED.,.F.,.F.,(4,4),(0.,0.000783627061012928),.UNSPECIFIED.);
#105=B_SPLINE_CURVE_WITH_KNOTS('',3,(#13505,#13506,#13507,#13508),
 .UNSPECIFIED.,.F.,.F.,(4,4),(0.,0.000783607851989784),.UNSPECIFIED.);
#106=B_SPLINE_CURVE_WITH_KNOTS('',3,(#13512,#13513,#13514,#13515),
 .UNSPECIFIED.,.F.,.F.,(4,4),(0.,0.000781562377073918),.UNSPECIFIED.);
#107=B_SPLINE_CURVE_WITH_KNOTS('',3,(#13519,#13520,#13521,#13522),
 .UNSPECIFIED.,.F.,.F.,(4,4),(0.,0.00078155138954086),.UNSPECIFIED.);
#108=B_SPLINE_CURVE_WITH_KNOTS('',3,(#13526,#13527,#13528,#13529),
 .UNSPECIFIED.,.F.,.F.,(4,4),(0.,0.00078362706101289),.UNSPECIFIED.);
#109=B_SPLINE_CURVE_WITH_KNOTS('',3,(#13533,#13534,#13535,#13536),
 .UNSPECIFIED.,.F.,.F.,(4,4),(0.,0.000783607851989515),.UNSPECIFIED.);
#110=B_SPLINE_CURVE_WITH_KNOTS('',3,(#13537,#13538,#13539,#13540),
 .UNSPECIFIED.,.F.,.F.,(4,4),(0.,0.00078360785198991),.UNSPECIFIED.);
#111=B_SPLINE_CURVE_WITH_KNOTS('',3,(#13542,#13543,#13544,#13545),
 .UNSPECIFIED.,.F.,.F.,(4,4),(0.,0.000781562377073951),.UNSPECIFIED.);
#112=B_SPLINE_CURVE_WITH_KNOTS('',3,(#13549,#13550,#13551,#13552),
 .UNSPECIFIED.,.F.,.F.,(4,4),(0.,0.000781551389540923),.UNSPECIFIED.);
#113=B_SPLINE_CURVE_WITH_KNOTS('',3,(#13556,#13557,#13558,#13559),
 .UNSPECIFIED.,.F.,.F.,(4,4),(0.,0.000783627061012891),.UNSPECIFIED.);
#114=B_SPLINE_CURVE_WITH_KNOTS('',3,(#13617,#13618,#13619,#13620),
 .UNSPECIFIED.,.F.,.F.,(4,4),(0.,0.00078141012278577),.UNSPECIFIED.);
#115=B_SPLINE_CURVE_WITH_KNOTS('',3,(#13622,#13623,#13624,#13625),
 .UNSPECIFIED.,.F.,.F.,(4,4),(0.,0.000781412866621158),.UNSPECIFIED.);
#116=B_SPLINE_CURVE_WITH_KNOTS('',3,(#13627,#13628,#13629,#13630),
 .UNSPECIFIED.,.F.,.F.,(4,4),(0.,0.000781141826626883),.UNSPECIFIED.);
#117=B_SPLINE_CURVE_WITH_KNOTS('',3,(#13632,#13633,#13634,#13635),
 .UNSPECIFIED.,.F.,.F.,(4,4),(5.05159101305033E-17,0.000781143139734422),
 .UNSPECIFIED.);
#118=B_SPLINE_CURVE_WITH_KNOTS('',3,(#13639,#13640,#13641,#13642),
 .UNSPECIFIED.,.F.,.F.,(4,4),(0.,0.00078114313973437),.UNSPECIFIED.);
#119=B_SPLINE_CURVE_WITH_KNOTS('',3,(#13646,#13647,#13648,#13649),
 .UNSPECIFIED.,.F.,.F.,(4,4),(0.,0.000781141826626467),.UNSPECIFIED.);
#120=B_SPLINE_CURVE_WITH_KNOTS('',3,(#13653,#13654,#13655,#13656),
 .UNSPECIFIED.,.F.,.F.,(4,4),(0.,0.000781412866621159),.UNSPECIFIED.);
#121=B_SPLINE_CURVE_WITH_KNOTS('',3,(#13660,#13661,#13662,#13663),
 .UNSPECIFIED.,.F.,.F.,(4,4),(0.,0.000781410122786088),.UNSPECIFIED.);
#122=B_SPLINE_CURVE_WITH_KNOTS('',3,(#13683,#13684,#13685,#13686),
 .UNSPECIFIED.,.F.,.F.,(4,4),(0.,0.000781141826626602),.UNSPECIFIED.);
#123=B_SPLINE_CURVE_WITH_KNOTS('',3,(#13688,#13689,#13690,#13691),
 .UNSPECIFIED.,.F.,.F.,(4,4),(0.,0.000781143139734326),.UNSPECIFIED.);
#124=B_SPLINE_CURVE_WITH_KNOTS('',3,(#13694,#13695,#13696,#13697),
 .UNSPECIFIED.,.F.,.F.,(4,4),(0.,0.000781412866621321),.UNSPECIFIED.);
#125=B_SPLINE_CURVE_WITH_KNOTS('',3,(#13701,#13702,#13703,#13704),
 .UNSPECIFIED.,.F.,.F.,(4,4),(0.,0.000781410122785881),.UNSPECIFIED.);
#126=B_SPLINE_CURVE_WITH_KNOTS('',3,(#13723,#13724,#13725,#13726),
 .UNSPECIFIED.,.F.,.F.,(4,4),(0.,0.000781410122786335),.UNSPECIFIED.);
#127=B_SPLINE_CURVE_WITH_KNOTS('',3,(#13728,#13729,#13730,#13731),
 .UNSPECIFIED.,.F.,.F.,(4,4),(0.,0.000781412866621189),.UNSPECIFIED.);
#128=B_SPLINE_CURVE_WITH_KNOTS('',3,(#13763,#13764,#13765,#13766),
 .UNSPECIFIED.,.F.,.F.,(4,4),(0.,0.000781412866621199),.UNSPECIFIED.);
#129=B_SPLINE_CURVE_WITH_KNOTS('',3,(#13768,#13769,#13770,#13771),
 .UNSPECIFIED.,.F.,.F.,(4,4),(0.,0.000781410122785891),.UNSPECIFIED.);
#130=B_SPLINE_CURVE_WITH_KNOTS('',3,(#13776,#13777,#13778,#13779),
 .UNSPECIFIED.,.F.,.F.,(4,4),(0.,0.000781143139734457),.UNSPECIFIED.);
#131=B_SPLINE_CURVE_WITH_KNOTS('',3,(#13783,#13784,#13785,#13786),
 .UNSPECIFIED.,.F.,.F.,(4,4),(0.,0.000781141826626834),.UNSPECIFIED.);
#132=B_SPLINE_CURVE_WITH_KNOTS('',3,(#13811,#13812,#13813,#13814),
 .UNSPECIFIED.,.F.,.F.,(4,4),(0.,0.000783607851989798),.UNSPECIFIED.);
#133=B_SPLINE_CURVE_WITH_KNOTS('',3,(#13819,#13820,#13821,#13822),
 .UNSPECIFIED.,.F.,.F.,(4,4),(2.26446207231011E-16,0.000781562377073738),
 .UNSPECIFIED.);
#134=B_SPLINE_CURVE_WITH_KNOTS('',3,(#13826,#13827,#13828,#13829),
 .UNSPECIFIED.,.F.,.F.,(4,4),(0.,0.000781551389541019),.UNSPECIFIED.);
#135=B_SPLINE_CURVE_WITH_KNOTS('',3,(#13833,#13834,#13835,#13836),
 .UNSPECIFIED.,.F.,.F.,(4,4),(0.,0.000783627061013125),.UNSPECIFIED.);
#136=B_SPLINE_CURVE_WITH_KNOTS('',3,(#13840,#13841,#13842,#13843),
 .UNSPECIFIED.,.F.,.F.,(4,4),(0.,0.000783607851989761),.UNSPECIFIED.);
#137=B_SPLINE_CURVE_WITH_KNOTS('',3,(#13847,#13848,#13849,#13850),
 .UNSPECIFIED.,.F.,.F.,(4,4),(0.,0.0007815623770736),.UNSPECIFIED.);
#138=B_SPLINE_CURVE_WITH_KNOTS('',3,(#13854,#13855,#13856,#13857),
 .UNSPECIFIED.,.F.,.F.,(4,4),(0.,0.000781551389540494),.UNSPECIFIED.);
#139=B_SPLINE_CURVE_WITH_KNOTS('',3,(#13861,#13862,#13863,#13864),
 .UNSPECIFIED.,.F.,.F.,(4,4),(0.,0.000783627061012779),.UNSPECIFIED.);
#140=B_SPLINE_CURVE_WITH_KNOTS('',3,(#13868,#13869,#13870,#13871),
 .UNSPECIFIED.,.F.,.F.,(4,4),(0.,0.000783607851989796),.UNSPECIFIED.);
#141=B_SPLINE_CURVE_WITH_KNOTS('',3,(#13875,#13876,#13877,#13878),
 .UNSPECIFIED.,.F.,.F.,(4,4),(0.,0.000781562377073852),.UNSPECIFIED.);
#142=B_SPLINE_CURVE_WITH_KNOTS('',3,(#13882,#13883,#13884,#13885),
 .UNSPECIFIED.,.F.,.F.,(4,4),(0.,0.000781551389540808),.UNSPECIFIED.);
#143=B_SPLINE_CURVE_WITH_KNOTS('',3,(#13889,#13890,#13891,#13892),
 .UNSPECIFIED.,.F.,.F.,(4,4),(0.,0.00078362706101293),.UNSPECIFIED.);
#144=B_SPLINE_CURVE_WITH_KNOTS('',3,(#13896,#13897,#13898,#13899),
 .UNSPECIFIED.,.F.,.F.,(4,4),(0.,0.000783607851989744),.UNSPECIFIED.);
#145=B_SPLINE_CURVE_WITH_KNOTS('',3,(#13903,#13904,#13905,#13906),
 .UNSPECIFIED.,.F.,.F.,(4,4),(0.,0.000781562377073915),.UNSPECIFIED.);
#146=B_SPLINE_CURVE_WITH_KNOTS('',3,(#13910,#13911,#13912,#13913),
 .UNSPECIFIED.,.F.,.F.,(4,4),(0.,0.000781551389540871),.UNSPECIFIED.);
#147=B_SPLINE_CURVE_WITH_KNOTS('',3,(#13917,#13918,#13919,#13920),
 .UNSPECIFIED.,.F.,.F.,(4,4),(0.,0.00078362706101288),.UNSPECIFIED.);
#148=B_SPLINE_CURVE_WITH_KNOTS('',3,(#13924,#13925,#13926,#13927),
 .UNSPECIFIED.,.F.,.F.,(4,4),(0.,0.000783607851989521),.UNSPECIFIED.);
#149=B_SPLINE_CURVE_WITH_KNOTS('',3,(#13931,#13932,#13933,#13934),
 .UNSPECIFIED.,.F.,.F.,(4,4),(0.,0.000781562377073949),.UNSPECIFIED.);
#150=B_SPLINE_CURVE_WITH_KNOTS('',3,(#13938,#13939,#13940,#13941),
 .UNSPECIFIED.,.F.,.F.,(4,4),(0.,0.000781551389540929),.UNSPECIFIED.);
#151=B_SPLINE_CURVE_WITH_KNOTS('',3,(#13945,#13946,#13947,#13948),
 .UNSPECIFIED.,.F.,.F.,(4,4),(0.,0.000783627061012885),.UNSPECIFIED.);
#152=B_SPLINE_CURVE_WITH_KNOTS('',3,(#14026,#14027,#14028,#14029),
 .UNSPECIFIED.,.F.,.F.,(4,4),(0.,0.000781410122785766),.UNSPECIFIED.);
#153=B_SPLINE_CURVE_WITH_KNOTS('',3,(#14031,#14032,#14033,#14034),
 .UNSPECIFIED.,.F.,.F.,(4,4),(0.,0.000781412866621135),.UNSPECIFIED.);
#154=B_SPLINE_CURVE_WITH_KNOTS('',3,(#14036,#14037,#14038,#14039),
 .UNSPECIFIED.,.F.,.F.,(4,4),(0.,0.000781141826626894),.UNSPECIFIED.);
#155=B_SPLINE_CURVE_WITH_KNOTS('',3,(#14041,#14042,#14043,#14044),
 .UNSPECIFIED.,.F.,.F.,(4,4),(0.,0.00078114313973447),.UNSPECIFIED.);
#156=B_SPLINE_CURVE_WITH_KNOTS('',3,(#14048,#14049,#14050,#14051),
 .UNSPECIFIED.,.F.,.F.,(4,4),(0.,0.000781143139734372),.UNSPECIFIED.);
#157=B_SPLINE_CURVE_WITH_KNOTS('',3,(#14055,#14056,#14057,#14058),
 .UNSPECIFIED.,.F.,.F.,(4,4),(0.,0.000781141826626471),.UNSPECIFIED.);
#158=B_SPLINE_CURVE_WITH_KNOTS('',3,(#14062,#14063,#14064,#14065),
 .UNSPECIFIED.,.F.,.F.,(4,4),(0.,0.000781412866621233),.UNSPECIFIED.);
#159=B_SPLINE_CURVE_WITH_KNOTS('',3,(#14069,#14070,#14071,#14072),
 .UNSPECIFIED.,.F.,.F.,(4,4),(0.,0.000781410122786068),.UNSPECIFIED.);
#160=B_SPLINE_CURVE_WITH_KNOTS('',3,(#14092,#14093,#14094,#14095),
 .UNSPECIFIED.,.F.,.F.,(4,4),(0.,0.000781141826626577),.UNSPECIFIED.);
#161=B_SPLINE_CURVE_WITH_KNOTS('',3,(#14097,#14098,#14099,#14100),
 .UNSPECIFIED.,.F.,.F.,(4,4),(0.,0.000781143139734353),.UNSPECIFIED.);
#162=B_SPLINE_CURVE_WITH_KNOTS('',3,(#14103,#14104,#14105,#14106),
 .UNSPECIFIED.,.F.,.F.,(4,4),(0.,0.000781412866621319),.UNSPECIFIED.);
#163=B_SPLINE_CURVE_WITH_KNOTS('',3,(#14110,#14111,#14112,#14113),
 .UNSPECIFIED.,.F.,.F.,(4,4),(0.,0.000781410122785878),.UNSPECIFIED.);
#164=B_SPLINE_CURVE_WITH_KNOTS('',3,(#14132,#14133,#14134,#14135),
 .UNSPECIFIED.,.F.,.F.,(4,4),(0.,0.000781410122786313),.UNSPECIFIED.);
#165=B_SPLINE_CURVE_WITH_KNOTS('',3,(#14137,#14138,#14139,#14140),
 .UNSPECIFIED.,.F.,.F.,(4,4),(0.,0.000781412866621187),.UNSPECIFIED.);
#166=B_SPLINE_CURVE_WITH_KNOTS('',3,(#14172,#14173,#14174,#14175),
 .UNSPECIFIED.,.F.,.F.,(4,4),(0.,0.000781412866621204),.UNSPECIFIED.);
#167=B_SPLINE_CURVE_WITH_KNOTS('',3,(#14177,#14178,#14179,#14180),
 .UNSPECIFIED.,.F.,.F.,(4,4),(0.,0.00078141012278588),.UNSPECIFIED.);
#168=B_SPLINE_CURVE_WITH_KNOTS('',3,(#14185,#14186,#14187,#14188),
 .UNSPECIFIED.,.F.,.F.,(4,4),(0.,0.000781143139734463),.UNSPECIFIED.);
#169=B_SPLINE_CURVE_WITH_KNOTS('',3,(#14192,#14193,#14194,#14195),
 .UNSPECIFIED.,.F.,.F.,(4,4),(0.,0.000781141826626827),.UNSPECIFIED.);
#170=CONICAL_SURFACE('',#8739,0.015,0.785398163397448);
#171=CONICAL_SURFACE('',#8740,0.01,0.785398163397448);
#172=CONICAL_SURFACE('',#8844,0.015,0.785398163397448);
#173=CONICAL_SURFACE('',#8845,0.01,0.785398163397448);
#174=CONICAL_SURFACE('',#8853,0.015,0.785398163397448);
#175=CONICAL_SURFACE('',#8854,0.01,0.785398163397448);
#176=CONICAL_SURFACE('',#8952,0.015,0.785398163397448);
#177=CONICAL_SURFACE('',#8953,0.01,0.785398163397448);
#178=CONICAL_SURFACE('',#8962,0.015,0.785398163397448);
#179=CONICAL_SURFACE('',#8963,0.01,0.785398163397448);
#180=CONICAL_SURFACE('',#9061,0.015,0.785398163397448);
#181=CONICAL_SURFACE('',#9062,0.01,0.785398163397448);
#182=CONICAL_SURFACE('',#9156,0.015,0.785398163397448);
#183=CONICAL_SURFACE('',#9157,0.01,0.785398163397448);
#184=CONICAL_SURFACE('',#9165,0.015,0.785398163397448);
#185=CONICAL_SURFACE('',#9166,0.01,0.785398163397448);
#186=CONICAL_SURFACE('',#9174,0.015,0.785398163397448);
#187=CONICAL_SURFACE('',#9175,0.01,0.785398163397448);
#188=CONICAL_SURFACE('',#9183,0.015,0.785398163397448);
#189=CONICAL_SURFACE('',#9184,0.01,0.785398163397448);
#190=TOROIDAL_SURFACE('',#8701,0.003,0.001);
#191=TOROIDAL_SURFACE('',#8702,0.003,0.001);
#192=TOROIDAL_SURFACE('',#8703,0.005,0.001);
#193=TOROIDAL_SURFACE('',#8704,0.005,0.001);
#194=SHAPE_REPRESENTATION_RELATIONSHIP('','',#8432,#210);
#195=SHAPE_REPRESENTATION_RELATIONSHIP('','',#8433,#211);
#196=SHAPE_REPRESENTATION_RELATIONSHIP('','',#8434,#212);
#197=SHAPE_REPRESENTATION_RELATIONSHIP('','',#8435,#213);
#198=SHAPE_REPRESENTATION_RELATIONSHIP('','',#8436,#214);
#199=SHAPE_REPRESENTATION_RELATIONSHIP('','',#8437,#215);
#200=SHAPE_REPRESENTATION_RELATIONSHIP('','',#8438,#216);
#201=SHAPE_REPRESENTATION_RELATIONSHIP('','',#8439,#217);
#202=SHAPE_REPRESENTATION_RELATIONSHIP('','',#8440,#218);
#203=SHAPE_REPRESENTATION_RELATIONSHIP('','',#8441,#219);
#204=SHAPE_REPRESENTATION_RELATIONSHIP('','',#8442,#220);
#205=SHAPE_REPRESENTATION_RELATIONSHIP('','',#8443,#221);
#206=SHAPE_REPRESENTATION_RELATIONSHIP('','',#8444,#222);
#207=SHAPE_REPRESENTATION_RELATIONSHIP('','',#8445,#223);
#208=SHAPE_REPRESENTATION_RELATIONSHIP('','',#8446,#224);
#209=SHAPE_REPRESENTATION_RELATIONSHIP('','',#8447,#225);
#210=ADVANCED_BREP_SHAPE_REPRESENTATION('',(#8400),#14272);
#211=ADVANCED_BREP_SHAPE_REPRESENTATION('',(#8401),#14273);
#212=ADVANCED_BREP_SHAPE_REPRESENTATION('',(#8402),#14274);
#213=ADVANCED_BREP_SHAPE_REPRESENTATION('',(#8403),#14275);
#214=ADVANCED_BREP_SHAPE_REPRESENTATION('',(#8404),#14276);
#215=ADVANCED_BREP_SHAPE_REPRESENTATION('',(#8405),#14277);
#216=ADVANCED_BREP_SHAPE_REPRESENTATION('',(#8406),#14278);
#217=ADVANCED_BREP_SHAPE_REPRESENTATION('',(#8407),#14279);
#218=ADVANCED_BREP_SHAPE_REPRESENTATION('',(#8408),#14280);
#219=ADVANCED_BREP_SHAPE_REPRESENTATION('',(#8409),#14281);
#220=ADVANCED_BREP_SHAPE_REPRESENTATION('',(#8410),#14282);
#221=ADVANCED_BREP_SHAPE_REPRESENTATION('',(#8411),#14283);
#222=ADVANCED_BREP_SHAPE_REPRESENTATION('',(#8412),#14284);
#223=ADVANCED_BREP_SHAPE_REPRESENTATION('',(#8413),#14285);
#224=ADVANCED_BREP_SHAPE_REPRESENTATION('',(#8414),#14286);
#225=ADVANCED_BREP_SHAPE_REPRESENTATION('',(#8415),#14287);
#226=CYLINDRICAL_SURFACE('',#8514,0.004);
#227=CYLINDRICAL_SURFACE('',#8515,0.004);
#228=CYLINDRICAL_SURFACE('',#8516,0.004);
#229=CYLINDRICAL_SURFACE('',#8519,0.004);
#230=CYLINDRICAL_SURFACE('',#8524,0.004);
#231=CYLINDRICAL_SURFACE('',#8527,0.004);
#232=CYLINDRICAL_SURFACE('',#8568,0.00095);
#233=CYLINDRICAL_SURFACE('',#8579,0.00095);
#234=CYLINDRICAL_SURFACE('',#8611,0.004);
#235=CYLINDRICAL_SURFACE('',#8613,0.004);
#236=CYLINDRICAL_SURFACE('',#8619,0.011);
#237=CYLINDRICAL_SURFACE('',#8620,0.011);
#238=CYLINDRICAL_SURFACE('',#8651,0.005);
#239=CYLINDRICAL_SURFACE('',#8655,0.005);
#240=CYLINDRICAL_SURFACE('',#8659,0.005);
#241=CYLINDRICAL_SURFACE('',#8662,0.005);
#242=CYLINDRICAL_SURFACE('',#8667,0.004);
#243=CYLINDRICAL_SURFACE('',#8670,0.004);
#244=CYLINDRICAL_SURFACE('',#8671,0.006);
#245=CYLINDRICAL_SURFACE('',#8676,0.006);
#246=CYLINDRICAL_SURFACE('',#8683,0.004);
#247=CYLINDRICAL_SURFACE('',#8687,0.004);
#248=CYLINDRICAL_SURFACE('',#8729,0.00095);
#249=CYLINDRICAL_SURFACE('',#8733,0.0109999999999998);
#250=CYLINDRICAL_SURFACE('',#8736,0.015);
#251=CYLINDRICAL_SURFACE('',#8749,0.00095);
#252=CYLINDRICAL_SURFACE('',#8753,0.004);
#253=CYLINDRICAL_SURFACE('',#8773,0.00265);
#254=CYLINDRICAL_SURFACE('',#8777,0.00265);
#255=CYLINDRICAL_SURFACE('',#8786,0.0005);
#256=CYLINDRICAL_SURFACE('',#8787,0.0005);
#257=CYLINDRICAL_SURFACE('',#8788,0.0005);
#258=CYLINDRICAL_SURFACE('',#8789,0.0005);
#259=CYLINDRICAL_SURFACE('',#8790,0.0109999999999998);
#260=CYLINDRICAL_SURFACE('',#8793,0.0109999999999998);
#261=CYLINDRICAL_SURFACE('',#8800,0.0005);
#262=CYLINDRICAL_SURFACE('',#8801,0.0005);
#263=CYLINDRICAL_SURFACE('',#8802,0.0005);
#264=CYLINDRICAL_SURFACE('',#8803,0.0005);
#265=CYLINDRICAL_SURFACE('',#8804,0.0109999999999998);
#266=CYLINDRICAL_SURFACE('',#8811,0.0005);
#267=CYLINDRICAL_SURFACE('',#8812,0.0005);
#268=CYLINDRICAL_SURFACE('',#8813,0.0005);
#269=CYLINDRICAL_SURFACE('',#8814,0.0005);
#270=CYLINDRICAL_SURFACE('',#8815,0.0109999999999998);
#271=CYLINDRICAL_SURFACE('',#8823,0.0005);
#272=CYLINDRICAL_SURFACE('',#8825,0.0005);
#273=CYLINDRICAL_SURFACE('',#8827,0.0005);
#274=CYLINDRICAL_SURFACE('',#8828,0.0005);
#275=CYLINDRICAL_SURFACE('',#8829,0.0005);
#276=CYLINDRICAL_SURFACE('',#8830,0.0109999999999998);
#277=CYLINDRICAL_SURFACE('',#8837,0.0005);
#278=CYLINDRICAL_SURFACE('',#8838,0.0005);
#279=CYLINDRICAL_SURFACE('',#8839,0.0005);
#280=CYLINDRICAL_SURFACE('',#8840,0.0005);
#281=CYLINDRICAL_SURFACE('',#8841,0.015);
#282=CYLINDRICAL_SURFACE('',#8847,0.0109999999999998);
#283=CYLINDRICAL_SURFACE('',#8850,0.015);
#284=CYLINDRICAL_SURFACE('',#8869,0.004);
#285=CYLINDRICAL_SURFACE('',#8881,0.00265);
#286=CYLINDRICAL_SURFACE('',#8885,0.00265);
#287=CYLINDRICAL_SURFACE('',#8894,0.0005);
#288=CYLINDRICAL_SURFACE('',#8895,0.0005);
#289=CYLINDRICAL_SURFACE('',#8896,0.0005);
#290=CYLINDRICAL_SURFACE('',#8897,0.0005);
#291=CYLINDRICAL_SURFACE('',#8898,0.0109999999999998);
#292=CYLINDRICAL_SURFACE('',#8901,0.0109999999999998);
#293=CYLINDRICAL_SURFACE('',#8908,0.0005);
#294=CYLINDRICAL_SURFACE('',#8909,0.0005);
#295=CYLINDRICAL_SURFACE('',#8910,0.0005);
#296=CYLINDRICAL_SURFACE('',#8911,0.0005);
#297=CYLINDRICAL_SURFACE('',#8912,0.0109999999999998);
#298=CYLINDRICAL_SURFACE('',#8919,0.0005);
#299=CYLINDRICAL_SURFACE('',#8920,0.0005);
#300=CYLINDRICAL_SURFACE('',#8921,0.0005);
#301=CYLINDRICAL_SURFACE('',#8922,0.0005);
#302=CYLINDRICAL_SURFACE('',#8923,0.0109999999999998);
#303=CYLINDRICAL_SURFACE('',#8931,0.0005);
#304=CYLINDRICAL_SURFACE('',#8933,0.0005);
#305=CYLINDRICAL_SURFACE('',#8935,0.0005);
#306=CYLINDRICAL_SURFACE('',#8936,0.0005);
#307=CYLINDRICAL_SURFACE('',#8937,0.0005);
#308=CYLINDRICAL_SURFACE('',#8938,0.0109999999999998);
#309=CYLINDRICAL_SURFACE('',#8945,0.0005);
#310=CYLINDRICAL_SURFACE('',#8946,0.0005);
#311=CYLINDRICAL_SURFACE('',#8947,0.0005);
#312=CYLINDRICAL_SURFACE('',#8948,0.0005);
#313=CYLINDRICAL_SURFACE('',#8949,0.015);
#314=CYLINDRICAL_SURFACE('',#8956,0.0109999999999998);
#315=CYLINDRICAL_SURFACE('',#8959,0.015);
#316=CYLINDRICAL_SURFACE('',#8978,0.004);
#317=CYLINDRICAL_SURFACE('',#8990,0.00265);
#318=CYLINDRICAL_SURFACE('',#8994,0.00265);
#319=CYLINDRICAL_SURFACE('',#9003,0.0005);
#320=CYLINDRICAL_SURFACE('',#9004,0.0005);
#321=CYLINDRICAL_SURFACE('',#9005,0.0005);
#322=CYLINDRICAL_SURFACE('',#9006,0.0005);
#323=CYLINDRICAL_SURFACE('',#9007,0.0109999999999998);
#324=CYLINDRICAL_SURFACE('',#9010,0.0109999999999998);
#325=CYLINDRICAL_SURFACE('',#9017,0.0005);
#326=CYLINDRICAL_SURFACE('',#9018,0.0005);
#327=CYLINDRICAL_SURFACE('',#9019,0.0005);
#328=CYLINDRICAL_SURFACE('',#9020,0.0005);
#329=CYLINDRICAL_SURFACE('',#9021,0.0109999999999998);
#330=CYLINDRICAL_SURFACE('',#9028,0.0005);
#331=CYLINDRICAL_SURFACE('',#9029,0.0005);
#332=CYLINDRICAL_SURFACE('',#9030,0.0005);
#333=CYLINDRICAL_SURFACE('',#9031,0.0005);
#334=CYLINDRICAL_SURFACE('',#9032,0.0109999999999998);
#335=CYLINDRICAL_SURFACE('',#9040,0.0005);
#336=CYLINDRICAL_SURFACE('',#9042,0.0005);
#337=CYLINDRICAL_SURFACE('',#9044,0.0005);
#338=CYLINDRICAL_SURFACE('',#9045,0.0005);
#339=CYLINDRICAL_SURFACE('',#9046,0.0005);
#340=CYLINDRICAL_SURFACE('',#9047,0.0109999999999998);
#341=CYLINDRICAL_SURFACE('',#9054,0.0005);
#342=CYLINDRICAL_SURFACE('',#9055,0.0005);
#343=CYLINDRICAL_SURFACE('',#9056,0.0005);
#344=CYLINDRICAL_SURFACE('',#9057,0.0005);
#345=CYLINDRICAL_SURFACE('',#9058,0.015);
#346=CYLINDRICAL_SURFACE('',#9065,0.004);
#347=CYLINDRICAL_SURFACE('',#9085,0.00265);
#348=CYLINDRICAL_SURFACE('',#9089,0.00265);
#349=CYLINDRICAL_SURFACE('',#9098,0.0005);
#350=CYLINDRICAL_SURFACE('',#9099,0.0005);
#351=CYLINDRICAL_SURFACE('',#9100,0.0005);
#352=CYLINDRICAL_SURFACE('',#9101,0.0005);
#353=CYLINDRICAL_SURFACE('',#9102,0.0109999999999998);
#354=CYLINDRICAL_SURFACE('',#9105,0.0109999999999998);
#355=CYLINDRICAL_SURFACE('',#9112,0.0005);
#356=CYLINDRICAL_SURFACE('',#9113,0.0005);
#357=CYLINDRICAL_SURFACE('',#9114,0.0005);
#358=CYLINDRICAL_SURFACE('',#9115,0.0005);
#359=CYLINDRICAL_SURFACE('',#9116,0.0109999999999998);
#360=CYLINDRICAL_SURFACE('',#9123,0.0005);
#361=CYLINDRICAL_SURFACE('',#9124,0.0005);
#362=CYLINDRICAL_SURFACE('',#9125,0.0005);
#363=CYLINDRICAL_SURFACE('',#9126,0.0005);
#364=CYLINDRICAL_SURFACE('',#9127,0.0109999999999998);
#365=CYLINDRICAL_SURFACE('',#9135,0.0005);
#366=CYLINDRICAL_SURFACE('',#9137,0.0005);
#367=CYLINDRICAL_SURFACE('',#9139,0.0005);
#368=CYLINDRICAL_SURFACE('',#9140,0.0005);
#369=CYLINDRICAL_SURFACE('',#9141,0.0005);
#370=CYLINDRICAL_SURFACE('',#9142,0.0109999999999998);
#371=CYLINDRICAL_SURFACE('',#9149,0.0005);
#372=CYLINDRICAL_SURFACE('',#9150,0.0005);
#373=CYLINDRICAL_SURFACE('',#9151,0.0005);
#374=CYLINDRICAL_SURFACE('',#9152,0.0005);
#375=CYLINDRICAL_SURFACE('',#9153,0.015);
#376=CYLINDRICAL_SURFACE('',#9159,0.0109999999999998);
#377=CYLINDRICAL_SURFACE('',#9162,0.015);
#378=CYLINDRICAL_SURFACE('',#9168,0.0109999999999998);
#379=CYLINDRICAL_SURFACE('',#9171,0.015);
#380=CYLINDRICAL_SURFACE('',#9177,0.0109999999999998);
#381=CYLINDRICAL_SURFACE('',#9180,0.015);
#382=CIRCLE('',#8470,0.004);
#383=CIRCLE('',#8471,0.004);
#384=CIRCLE('',#8508,0.004);
#385=CIRCLE('',#8509,0.004);
#386=CIRCLE('',#8510,0.004);
#387=CIRCLE('',#8511,0.004);
#388=CIRCLE('',#8512,0.004);
#389=CIRCLE('',#8513,0.004);
#390=CIRCLE('',#8517,0.004);
#391=CIRCLE('',#8520,0.004);
#392=CIRCLE('',#8525,0.004);
#393=CIRCLE('',#8528,0.004);
#394=CIRCLE('',#8566,0.00095);
#395=CIRCLE('',#8569,0.00095);
#396=CIRCLE('',#8577,0.00095);
#397=CIRCLE('',#8580,0.00095);
#398=CIRCLE('',#8586,0.004);
#399=CIRCLE('',#8587,0.006);
#400=CIRCLE('',#8588,0.004);
#401=CIRCLE('',#8589,0.006);
#402=CIRCLE('',#8590,0.011);
#403=CIRCLE('',#8591,0.011);
#404=CIRCLE('',#8599,0.005);
#405=CIRCLE('',#8600,0.005);
#406=CIRCLE('',#8601,0.005);
#407=CIRCLE('',#8602,0.005);
#408=CIRCLE('',#8603,0.011);
#409=CIRCLE('',#8604,0.011);
#410=CIRCLE('',#8612,0.004);
#411=CIRCLE('',#8614,0.004);
#412=CIRCLE('',#8652,0.005);
#413=CIRCLE('',#8654,0.004);
#414=CIRCLE('',#8656,0.005);
#415=CIRCLE('',#8658,0.004);
#416=CIRCLE('',#8660,0.005);
#417=CIRCLE('',#8663,0.005);
#418=CIRCLE('',#8666,0.004);
#419=CIRCLE('',#8669,0.004);
#420=CIRCLE('',#8672,0.006);
#421=CIRCLE('',#8674,0.005);
#422=CIRCLE('',#8675,0.004);
#423=CIRCLE('',#8677,0.006);
#424=CIRCLE('',#8679,0.005);
#425=CIRCLE('',#8680,0.004);
#426=CIRCLE('',#8682,0.003);
#427=CIRCLE('',#8684,0.004);
#428=CIRCLE('',#8686,0.003);
#429=CIRCLE('',#8688,0.004);
#430=CIRCLE('',#8727,0.00095);
#431=CIRCLE('',#8730,0.00095);
#432=CIRCLE('',#8734,0.0109999999999998);
#433=CIRCLE('',#8735,0.0109999999999998);
#434=CIRCLE('',#8737,0.015);
#435=CIRCLE('',#8738,0.015);
#436=CIRCLE('',#8747,0.00095);
#437=CIRCLE('',#8750,0.00095);
#438=CIRCLE('',#8754,0.004);
#439=CIRCLE('',#8755,0.004);
#440=CIRCLE('',#8756,0.004);
#441=CIRCLE('',#8757,0.004);
#442=CIRCLE('',#8758,0.004);
#443=CIRCLE('',#8759,0.004);
#444=CIRCLE('',#8760,0.004);
#445=CIRCLE('',#8761,0.004);
#446=CIRCLE('',#8762,0.004);
#447=CIRCLE('',#8763,0.004);
#448=CIRCLE('',#8764,0.004);
#449=CIRCLE('',#8766,0.011);
#450=CIRCLE('',#8767,0.0005);
#451=CIRCLE('',#8768,0.011);
#452=CIRCLE('',#8769,0.011);
#453=CIRCLE('',#8770,0.011);
#454=CIRCLE('',#8771,0.0109999999999998);
#455=CIRCLE('',#8774,0.00265);
#456=CIRCLE('',#8775,0.00265);
#457=CIRCLE('',#8778,0.00265);
#458=CIRCLE('',#8779,0.00265);
#459=CIRCLE('',#8785,0.011);
#460=CIRCLE('',#8791,0.0109999999999998);
#461=CIRCLE('',#8792,0.0109999999999998);
#462=CIRCLE('',#8794,0.0109999999999998);
#463=CIRCLE('',#8795,0.0109999999999998);
#464=CIRCLE('',#8799,0.011);
#465=CIRCLE('',#8805,0.0109999999999998);
#466=CIRCLE('',#8806,0.0109999999999998);
#467=CIRCLE('',#8810,0.011);
#468=CIRCLE('',#8816,0.0109999999999998);
#469=CIRCLE('',#8817,0.0109999999999998);
#470=CIRCLE('',#8821,0.011);
#471=CIRCLE('',#8822,0.0005);
#472=CIRCLE('',#8831,0.0109999999999998);
#473=CIRCLE('',#8832,0.0109999999999998);
#474=CIRCLE('',#8836,0.0109999999999998);
#475=CIRCLE('',#8842,0.015);
#476=CIRCLE('',#8843,0.015);
#477=CIRCLE('',#8848,0.0109999999999998);
#478=CIRCLE('',#8849,0.0109999999999998);
#479=CIRCLE('',#8851,0.015);
#480=CIRCLE('',#8852,0.015);
#481=CIRCLE('',#8857,0.004);
#482=CIRCLE('',#8858,0.011);
#483=CIRCLE('',#8860,0.004);
#484=CIRCLE('',#8861,0.011);
#485=CIRCLE('',#8863,0.004);
#486=CIRCLE('',#8864,0.011);
#487=CIRCLE('',#8866,0.004);
#488=CIRCLE('',#8867,0.011);
#489=CIRCLE('',#8868,0.0005);
#490=CIRCLE('',#8870,0.004);
#491=CIRCLE('',#8871,0.004);
#492=CIRCLE('',#8872,0.004);
#493=CIRCLE('',#8873,0.004);
#494=CIRCLE('',#8874,0.004);
#495=CIRCLE('',#8875,0.004);
#496=CIRCLE('',#8876,0.004);
#497=CIRCLE('',#8877,0.004);
#498=CIRCLE('',#8879,0.0109999999999998);
#499=CIRCLE('',#8882,0.00265);
#500=CIRCLE('',#8883,0.00265);
#501=CIRCLE('',#8886,0.00265);
#502=CIRCLE('',#8887,0.00265);
#503=CIRCLE('',#8893,0.011);
#504=CIRCLE('',#8899,0.0109999999999998);
#505=CIRCLE('',#8900,0.0109999999999998);
#506=CIRCLE('',#8902,0.0109999999999998);
#507=CIRCLE('',#8903,0.0109999999999998);
#508=CIRCLE('',#8907,0.011);
#509=CIRCLE('',#8913,0.0109999999999998);
#510=CIRCLE('',#8914,0.0109999999999998);
#511=CIRCLE('',#8918,0.011);
#512=CIRCLE('',#8924,0.0109999999999998);
#513=CIRCLE('',#8925,0.0109999999999998);
#514=CIRCLE('',#8929,0.011);
#515=CIRCLE('',#8930,0.0005);
#516=CIRCLE('',#8939,0.0109999999999998);
#517=CIRCLE('',#8940,0.0109999999999998);
#518=CIRCLE('',#8944,0.0109999999999998);
#519=CIRCLE('',#8950,0.015);
#520=CIRCLE('',#8951,0.015);
#521=CIRCLE('',#8957,0.0109999999999998);
#522=CIRCLE('',#8958,0.0109999999999998);
#523=CIRCLE('',#8960,0.015);
#524=CIRCLE('',#8961,0.015);
#525=CIRCLE('',#8966,0.004);
#526=CIRCLE('',#8967,0.011);
#527=CIRCLE('',#8969,0.004);
#528=CIRCLE('',#8970,0.011);
#529=CIRCLE('',#8972,0.004);
#530=CIRCLE('',#8973,0.011);
#531=CIRCLE('',#8975,0.004);
#532=CIRCLE('',#8976,0.011);
#533=CIRCLE('',#8977,0.0005);
#534=CIRCLE('',#8979,0.004);
#535=CIRCLE('',#8980,0.004);
#536=CIRCLE('',#8981,0.004);
#537=CIRCLE('',#8982,0.004);
#538=CIRCLE('',#8983,0.004);
#539=CIRCLE('',#8984,0.004);
#540=CIRCLE('',#8985,0.004);
#541=CIRCLE('',#8986,0.004);
#542=CIRCLE('',#8988,0.0109999999999998);
#543=CIRCLE('',#8991,0.00265);
#544=CIRCLE('',#8992,0.00265);
#545=CIRCLE('',#8995,0.00265);
#546=CIRCLE('',#8996,0.00265);
#547=CIRCLE('',#9002,0.011);
#548=CIRCLE('',#9008,0.0109999999999998);
#549=CIRCLE('',#9009,0.0109999999999998);
#550=CIRCLE('',#9011,0.0109999999999998);
#551=CIRCLE('',#9012,0.0109999999999998);
#552=CIRCLE('',#9016,0.011);
#553=CIRCLE('',#9022,0.0109999999999998);
#554=CIRCLE('',#9023,0.0109999999999998);
#555=CIRCLE('',#9027,0.011);
#556=CIRCLE('',#9033,0.0109999999999998);
#557=CIRCLE('',#9034,0.0109999999999998);
#558=CIRCLE('',#9038,0.011);
#559=CIRCLE('',#9039,0.0005);
#560=CIRCLE('',#9048,0.0109999999999998);
#561=CIRCLE('',#9049,0.0109999999999998);
#562=CIRCLE('',#9053,0.0109999999999998);
#563=CIRCLE('',#9059,0.015);
#564=CIRCLE('',#9060,0.015);
#565=CIRCLE('',#9066,0.004);
#566=CIRCLE('',#9067,0.004);
#567=CIRCLE('',#9068,0.004);
#568=CIRCLE('',#9069,0.004);
#569=CIRCLE('',#9070,0.004);
#570=CIRCLE('',#9071,0.004);
#571=CIRCLE('',#9072,0.004);
#572=CIRCLE('',#9073,0.004);
#573=CIRCLE('',#9074,0.004);
#574=CIRCLE('',#9075,0.004);
#575=CIRCLE('',#9076,0.004);
#576=CIRCLE('',#9078,0.011);
#577=CIRCLE('',#9079,0.0005);
#578=CIRCLE('',#9080,0.011);
#579=CIRCLE('',#9081,0.011);
#580=CIRCLE('',#9082,0.011);
#581=CIRCLE('',#9083,0.0109999999999998);
#582=CIRCLE('',#9086,0.00265);
#583=CIRCLE('',#9087,0.00265);
#584=CIRCLE('',#9090,0.00265);
#585=CIRCLE('',#9091,0.00265);
#586=CIRCLE('',#9097,0.011);
#587=CIRCLE('',#9103,0.0109999999999998);
#588=CIRCLE('',#9104,0.0109999999999998);
#589=CIRCLE('',#9106,0.0109999999999998);
#590=CIRCLE('',#9107,0.0109999999999998);
#591=CIRCLE('',#9111,0.011);
#592=CIRCLE('',#9117,0.0109999999999998);
#593=CIRCLE('',#9118,0.0109999999999998);
#594=CIRCLE('',#9122,0.011);
#595=CIRCLE('',#9128,0.0109999999999998);
#596=CIRCLE('',#9129,0.0109999999999998);
#597=CIRCLE('',#9133,0.011);
#598=CIRCLE('',#9134,0.0005);
#599=CIRCLE('',#9143,0.0109999999999998);
#600=CIRCLE('',#9144,0.0109999999999998);
#601=CIRCLE('',#9148,0.0109999999999998);
#602=CIRCLE('',#9154,0.015);
#603=CIRCLE('',#9155,0.015);
#604=CIRCLE('',#9160,0.0109999999999998);
#605=CIRCLE('',#9161,0.0109999999999998);
#606=CIRCLE('',#9163,0.015);
#607=CIRCLE('',#9164,0.015);
#608=CIRCLE('',#9169,0.0109999999999998);
#609=CIRCLE('',#9170,0.0109999999999998);
#610=CIRCLE('',#9172,0.015);
#611=CIRCLE('',#9173,0.015);
#612=CIRCLE('',#9178,0.0109999999999998);
#613=CIRCLE('',#9179,0.0109999999999998);
#614=CIRCLE('',#9181,0.015);
#615=CIRCLE('',#9182,0.015);
#616=ORIENTED_EDGE('',*,*,#2908,.F.);
#617=ORIENTED_EDGE('',*,*,#2909,.F.);
#618=ORIENTED_EDGE('',*,*,#2910,.F.);
#619=ORIENTED_EDGE('',*,*,#2911,.F.);
#620=ORIENTED_EDGE('',*,*,#2912,.F.);
#621=ORIENTED_EDGE('',*,*,#2913,.F.);
#622=ORIENTED_EDGE('',*,*,#2914,.F.);
#623=ORIENTED_EDGE('',*,*,#2915,.F.);
#624=ORIENTED_EDGE('',*,*,#2916,.F.);
#625=ORIENTED_EDGE('',*,*,#2917,.F.);
#626=ORIENTED_EDGE('',*,*,#2918,.F.);
#627=ORIENTED_EDGE('',*,*,#2919,.F.);
#628=ORIENTED_EDGE('',*,*,#2920,.F.);
#629=ORIENTED_EDGE('',*,*,#2921,.F.);
#630=ORIENTED_EDGE('',*,*,#2922,.F.);
#631=ORIENTED_EDGE('',*,*,#2923,.F.);
#632=ORIENTED_EDGE('',*,*,#2924,.F.);
#633=ORIENTED_EDGE('',*,*,#2925,.F.);
#634=ORIENTED_EDGE('',*,*,#2926,.F.);
#635=ORIENTED_EDGE('',*,*,#2927,.F.);
#636=ORIENTED_EDGE('',*,*,#2928,.F.);
#637=ORIENTED_EDGE('',*,*,#2929,.F.);
#638=ORIENTED_EDGE('',*,*,#2930,.F.);
#639=ORIENTED_EDGE('',*,*,#2931,.F.);
#640=ORIENTED_EDGE('',*,*,#2932,.T.);
#641=ORIENTED_EDGE('',*,*,#2921,.T.);
#642=ORIENTED_EDGE('',*,*,#2933,.F.);
#643=ORIENTED_EDGE('',*,*,#2934,.F.);
#644=ORIENTED_EDGE('',*,*,#2935,.T.);
#645=ORIENTED_EDGE('',*,*,#2928,.T.);
#646=ORIENTED_EDGE('',*,*,#2936,.F.);
#647=ORIENTED_EDGE('',*,*,#2937,.T.);
#648=ORIENTED_EDGE('',*,*,#2938,.F.);
#649=ORIENTED_EDGE('',*,*,#2939,.T.);
#650=ORIENTED_EDGE('',*,*,#2940,.T.);
#651=ORIENTED_EDGE('',*,*,#2941,.T.);
#652=ORIENTED_EDGE('',*,*,#2932,.F.);
#653=ORIENTED_EDGE('',*,*,#2942,.F.);
#654=ORIENTED_EDGE('',*,*,#2943,.F.);
#655=ORIENTED_EDGE('',*,*,#2944,.T.);
#656=ORIENTED_EDGE('',*,*,#2945,.T.);
#657=ORIENTED_EDGE('',*,*,#2923,.T.);
#658=ORIENTED_EDGE('',*,*,#2946,.T.);
#659=ORIENTED_EDGE('',*,*,#2947,.T.);
#660=ORIENTED_EDGE('',*,*,#2948,.T.);
#661=ORIENTED_EDGE('',*,*,#2949,.T.);
#662=ORIENTED_EDGE('',*,*,#2950,.T.);
#663=ORIENTED_EDGE('',*,*,#2951,.T.);
#664=ORIENTED_EDGE('',*,*,#2952,.F.);
#665=ORIENTED_EDGE('',*,*,#2953,.T.);
#666=ORIENTED_EDGE('',*,*,#2954,.T.);
#667=ORIENTED_EDGE('',*,*,#2955,.F.);
#668=ORIENTED_EDGE('',*,*,#2956,.F.);
#669=ORIENTED_EDGE('',*,*,#2926,.T.);
#670=ORIENTED_EDGE('',*,*,#2957,.T.);
#671=ORIENTED_EDGE('',*,*,#2953,.F.);
#672=ORIENTED_EDGE('',*,*,#2957,.F.);
#673=ORIENTED_EDGE('',*,*,#2931,.T.);
#674=ORIENTED_EDGE('',*,*,#2958,.T.);
#675=ORIENTED_EDGE('',*,*,#2959,.F.);
#676=ORIENTED_EDGE('',*,*,#2960,.T.);
#677=ORIENTED_EDGE('',*,*,#2961,.T.);
#678=ORIENTED_EDGE('',*,*,#2933,.T.);
#679=ORIENTED_EDGE('',*,*,#2920,.T.);
#680=ORIENTED_EDGE('',*,*,#2962,.T.);
#681=ORIENTED_EDGE('',*,*,#2954,.F.);
#682=ORIENTED_EDGE('',*,*,#2962,.F.);
#683=ORIENTED_EDGE('',*,*,#2925,.T.);
#684=ORIENTED_EDGE('',*,*,#2963,.T.);
#685=ORIENTED_EDGE('',*,*,#2955,.T.);
#686=ORIENTED_EDGE('',*,*,#2958,.F.);
#687=ORIENTED_EDGE('',*,*,#2930,.T.);
#688=ORIENTED_EDGE('',*,*,#2938,.T.);
#689=ORIENTED_EDGE('',*,*,#2964,.T.);
#690=ORIENTED_EDGE('',*,*,#2965,.T.);
#691=ORIENTED_EDGE('',*,*,#2966,.F.);
#692=ORIENTED_EDGE('',*,*,#2959,.T.);
#693=ORIENTED_EDGE('',*,*,#2964,.F.);
#694=ORIENTED_EDGE('',*,*,#2944,.F.);
#695=ORIENTED_EDGE('',*,*,#2967,.T.);
#696=ORIENTED_EDGE('',*,*,#2968,.F.);
#697=ORIENTED_EDGE('',*,*,#2969,.F.);
#698=ORIENTED_EDGE('',*,*,#2942,.T.);
#699=ORIENTED_EDGE('',*,*,#2934,.T.);
#700=ORIENTED_EDGE('',*,*,#2961,.F.);
#701=ORIENTED_EDGE('',*,*,#2970,.T.);
#702=ORIENTED_EDGE('',*,*,#2971,.F.);
#703=ORIENTED_EDGE('',*,*,#2972,.F.);
#704=ORIENTED_EDGE('',*,*,#2966,.T.);
#705=ORIENTED_EDGE('',*,*,#2973,.T.);
#706=ORIENTED_EDGE('',*,*,#2970,.F.);
#707=ORIENTED_EDGE('',*,*,#2960,.F.);
#708=ORIENTED_EDGE('',*,*,#2971,.T.);
#709=ORIENTED_EDGE('',*,*,#2973,.F.);
#710=ORIENTED_EDGE('',*,*,#2965,.F.);
#711=ORIENTED_EDGE('',*,*,#2974,.F.);
#712=ORIENTED_EDGE('',*,*,#2967,.F.);
#713=ORIENTED_EDGE('',*,*,#2943,.T.);
#714=ORIENTED_EDGE('',*,*,#2969,.T.);
#715=ORIENTED_EDGE('',*,*,#2975,.F.);
#716=ORIENTED_EDGE('',*,*,#2968,.T.);
#717=ORIENTED_EDGE('',*,*,#2975,.T.);
#718=ORIENTED_EDGE('',*,*,#2972,.T.);
#719=ORIENTED_EDGE('',*,*,#2974,.T.);
#720=ORIENTED_EDGE('',*,*,#2909,.T.);
#721=ORIENTED_EDGE('',*,*,#2976,.T.);
#722=ORIENTED_EDGE('',*,*,#2977,.F.);
#723=ORIENTED_EDGE('',*,*,#2978,.F.);
#724=ORIENTED_EDGE('',*,*,#2918,.T.);
#725=ORIENTED_EDGE('',*,*,#2979,.F.);
#726=ORIENTED_EDGE('',*,*,#2980,.T.);
#727=ORIENTED_EDGE('',*,*,#2981,.T.);
#728=ORIENTED_EDGE('',*,*,#2982,.T.);
#729=ORIENTED_EDGE('',*,*,#2983,.T.);
#730=ORIENTED_EDGE('',*,*,#2963,.F.);
#731=ORIENTED_EDGE('',*,*,#2924,.T.);
#732=ORIENTED_EDGE('',*,*,#2945,.F.);
#733=ORIENTED_EDGE('',*,*,#2984,.T.);
#734=ORIENTED_EDGE('',*,*,#2948,.F.);
#735=ORIENTED_EDGE('',*,*,#2985,.T.);
#736=ORIENTED_EDGE('',*,*,#2936,.T.);
#737=ORIENTED_EDGE('',*,*,#2927,.T.);
#738=ORIENTED_EDGE('',*,*,#2956,.T.);
#739=ORIENTED_EDGE('',*,*,#2952,.T.);
#740=ORIENTED_EDGE('',*,*,#2986,.F.);
#741=ORIENTED_EDGE('',*,*,#2987,.T.);
#742=ORIENTED_EDGE('',*,*,#2988,.T.);
#743=ORIENTED_EDGE('',*,*,#2989,.T.);
#744=ORIENTED_EDGE('',*,*,#2990,.T.);
#745=ORIENTED_EDGE('',*,*,#2991,.T.);
#746=ORIENTED_EDGE('',*,*,#2992,.F.);
#747=ORIENTED_EDGE('',*,*,#2993,.T.);
#748=ORIENTED_EDGE('',*,*,#2994,.F.);
#749=ORIENTED_EDGE('',*,*,#2995,.T.);
#750=ORIENTED_EDGE('',*,*,#2996,.T.);
#751=ORIENTED_EDGE('',*,*,#2997,.T.);
#752=ORIENTED_EDGE('',*,*,#2998,.T.);
#753=ORIENTED_EDGE('',*,*,#2999,.T.);
#754=ORIENTED_EDGE('',*,*,#3000,.T.);
#755=ORIENTED_EDGE('',*,*,#3001,.T.);
#756=ORIENTED_EDGE('',*,*,#3002,.F.);
#757=ORIENTED_EDGE('',*,*,#3003,.F.);
#758=ORIENTED_EDGE('',*,*,#3004,.T.);
#759=ORIENTED_EDGE('',*,*,#2912,.T.);
#760=ORIENTED_EDGE('',*,*,#3005,.F.);
#761=ORIENTED_EDGE('',*,*,#3006,.T.);
#762=ORIENTED_EDGE('',*,*,#2979,.T.);
#763=ORIENTED_EDGE('',*,*,#2917,.T.);
#764=ORIENTED_EDGE('',*,*,#3007,.T.);
#765=ORIENTED_EDGE('',*,*,#3008,.T.);
#766=ORIENTED_EDGE('',*,*,#3009,.T.);
#767=ORIENTED_EDGE('',*,*,#3010,.T.);
#768=ORIENTED_EDGE('',*,*,#3011,.T.);
#769=ORIENTED_EDGE('',*,*,#3012,.F.);
#770=ORIENTED_EDGE('',*,*,#3013,.T.);
#771=ORIENTED_EDGE('',*,*,#3014,.T.);
#772=ORIENTED_EDGE('',*,*,#3005,.T.);
#773=ORIENTED_EDGE('',*,*,#3015,.T.);
#774=ORIENTED_EDGE('',*,*,#3016,.T.);
#775=ORIENTED_EDGE('',*,*,#2910,.T.);
#776=ORIENTED_EDGE('',*,*,#2983,.F.);
#777=ORIENTED_EDGE('',*,*,#3017,.T.);
#778=ORIENTED_EDGE('',*,*,#3018,.T.);
#779=ORIENTED_EDGE('',*,*,#3019,.T.);
#780=ORIENTED_EDGE('',*,*,#2981,.F.);
#781=ORIENTED_EDGE('',*,*,#3020,.T.);
#782=ORIENTED_EDGE('',*,*,#2977,.T.);
#783=ORIENTED_EDGE('',*,*,#3021,.T.);
#784=ORIENTED_EDGE('',*,*,#3022,.F.);
#785=ORIENTED_EDGE('',*,*,#3023,.F.);
#786=ORIENTED_EDGE('',*,*,#3024,.F.);
#787=ORIENTED_EDGE('',*,*,#2919,.T.);
#788=ORIENTED_EDGE('',*,*,#2978,.T.);
#789=ORIENTED_EDGE('',*,*,#3023,.T.);
#790=ORIENTED_EDGE('',*,*,#3025,.F.);
#791=ORIENTED_EDGE('',*,*,#2914,.T.);
#792=ORIENTED_EDGE('',*,*,#3024,.T.);
#793=ORIENTED_EDGE('',*,*,#3022,.T.);
#794=ORIENTED_EDGE('',*,*,#3026,.F.);
#795=ORIENTED_EDGE('',*,*,#2913,.T.);
#796=ORIENTED_EDGE('',*,*,#3004,.F.);
#797=ORIENTED_EDGE('',*,*,#3027,.F.);
#798=ORIENTED_EDGE('',*,*,#3028,.F.);
#799=ORIENTED_EDGE('',*,*,#3029,.T.);
#800=ORIENTED_EDGE('',*,*,#2976,.F.);
#801=ORIENTED_EDGE('',*,*,#2908,.T.);
#802=ORIENTED_EDGE('',*,*,#3026,.T.);
#803=ORIENTED_EDGE('',*,*,#3021,.F.);
#804=ORIENTED_EDGE('',*,*,#3011,.F.);
#805=ORIENTED_EDGE('',*,*,#2915,.T.);
#806=ORIENTED_EDGE('',*,*,#3025,.T.);
#807=ORIENTED_EDGE('',*,*,#3030,.F.);
#808=ORIENTED_EDGE('',*,*,#3031,.F.);
#809=ORIENTED_EDGE('',*,*,#3032,.T.);
#810=ORIENTED_EDGE('',*,*,#3033,.F.);
#811=ORIENTED_EDGE('',*,*,#3012,.T.);
#812=ORIENTED_EDGE('',*,*,#3030,.T.);
#813=ORIENTED_EDGE('',*,*,#3029,.F.);
#814=ORIENTED_EDGE('',*,*,#3034,.T.);
#815=ORIENTED_EDGE('',*,*,#3035,.T.);
#816=ORIENTED_EDGE('',*,*,#3036,.T.);
#817=ORIENTED_EDGE('',*,*,#3037,.T.);
#818=ORIENTED_EDGE('',*,*,#3038,.F.);
#819=ORIENTED_EDGE('',*,*,#3027,.T.);
#820=ORIENTED_EDGE('',*,*,#3006,.F.);
#821=ORIENTED_EDGE('',*,*,#3014,.F.);
#822=ORIENTED_EDGE('',*,*,#3034,.F.);
#823=ORIENTED_EDGE('',*,*,#3028,.T.);
#824=ORIENTED_EDGE('',*,*,#3038,.T.);
#825=ORIENTED_EDGE('',*,*,#3039,.F.);
#826=ORIENTED_EDGE('',*,*,#3037,.F.);
#827=ORIENTED_EDGE('',*,*,#3040,.T.);
#828=ORIENTED_EDGE('',*,*,#3031,.T.);
#829=ORIENTED_EDGE('',*,*,#3039,.T.);
#830=ORIENTED_EDGE('',*,*,#3033,.T.);
#831=ORIENTED_EDGE('',*,*,#3041,.T.);
#832=ORIENTED_EDGE('',*,*,#3035,.F.);
#833=ORIENTED_EDGE('',*,*,#3013,.F.);
#834=ORIENTED_EDGE('',*,*,#3032,.F.);
#835=ORIENTED_EDGE('',*,*,#3040,.F.);
#836=ORIENTED_EDGE('',*,*,#3036,.F.);
#837=ORIENTED_EDGE('',*,*,#3041,.F.);
#838=ORIENTED_EDGE('',*,*,#2990,.F.);
#839=ORIENTED_EDGE('',*,*,#3042,.T.);
#840=ORIENTED_EDGE('',*,*,#3043,.T.);
#841=ORIENTED_EDGE('',*,*,#3044,.T.);
#842=ORIENTED_EDGE('',*,*,#3045,.T.);
#843=ORIENTED_EDGE('',*,*,#3046,.T.);
#844=ORIENTED_EDGE('',*,*,#2992,.T.);
#845=ORIENTED_EDGE('',*,*,#3047,.T.);
#846=ORIENTED_EDGE('',*,*,#3048,.T.);
#847=ORIENTED_EDGE('',*,*,#3049,.T.);
#848=ORIENTED_EDGE('',*,*,#2986,.T.);
#849=ORIENTED_EDGE('',*,*,#3050,.T.);
#850=ORIENTED_EDGE('',*,*,#2988,.F.);
#851=ORIENTED_EDGE('',*,*,#3051,.T.);
#852=ORIENTED_EDGE('',*,*,#3052,.T.);
#853=ORIENTED_EDGE('',*,*,#3053,.T.);
#854=ORIENTED_EDGE('',*,*,#3054,.T.);
#855=ORIENTED_EDGE('',*,*,#3055,.F.);
#856=ORIENTED_EDGE('',*,*,#3056,.F.);
#857=ORIENTED_EDGE('',*,*,#3057,.T.);
#858=ORIENTED_EDGE('',*,*,#3058,.F.);
#859=ORIENTED_EDGE('',*,*,#3057,.F.);
#860=ORIENTED_EDGE('',*,*,#3059,.T.);
#861=ORIENTED_EDGE('',*,*,#3060,.T.);
#862=ORIENTED_EDGE('',*,*,#3061,.F.);
#863=ORIENTED_EDGE('',*,*,#3060,.F.);
#864=ORIENTED_EDGE('',*,*,#3062,.T.);
#865=ORIENTED_EDGE('',*,*,#3063,.T.);
#866=ORIENTED_EDGE('',*,*,#3064,.T.);
#867=ORIENTED_EDGE('',*,*,#3063,.F.);
#868=ORIENTED_EDGE('',*,*,#3065,.F.);
#869=ORIENTED_EDGE('',*,*,#3055,.T.);
#870=ORIENTED_EDGE('',*,*,#3056,.T.);
#871=ORIENTED_EDGE('',*,*,#3065,.T.);
#872=ORIENTED_EDGE('',*,*,#3062,.F.);
#873=ORIENTED_EDGE('',*,*,#3059,.F.);
#874=ORIENTED_EDGE('',*,*,#3066,.F.);
#875=ORIENTED_EDGE('',*,*,#3067,.T.);
#876=ORIENTED_EDGE('',*,*,#3068,.T.);
#877=ORIENTED_EDGE('',*,*,#3069,.F.);
#878=ORIENTED_EDGE('',*,*,#3070,.F.);
#879=ORIENTED_EDGE('',*,*,#3071,.F.);
#880=ORIENTED_EDGE('',*,*,#3072,.T.);
#881=ORIENTED_EDGE('',*,*,#3073,.T.);
#882=ORIENTED_EDGE('',*,*,#3074,.T.);
#883=ORIENTED_EDGE('',*,*,#3075,.F.);
#884=ORIENTED_EDGE('',*,*,#3068,.F.);
#885=ORIENTED_EDGE('',*,*,#3076,.T.);
#886=ORIENTED_EDGE('',*,*,#3077,.F.);
#887=ORIENTED_EDGE('',*,*,#3078,.T.);
#888=ORIENTED_EDGE('',*,*,#3079,.T.);
#889=ORIENTED_EDGE('',*,*,#3080,.T.);
#890=ORIENTED_EDGE('',*,*,#2997,.F.);
#891=ORIENTED_EDGE('',*,*,#2996,.F.);
#892=ORIENTED_EDGE('',*,*,#2995,.F.);
#893=ORIENTED_EDGE('',*,*,#2994,.T.);
#894=ORIENTED_EDGE('',*,*,#3001,.F.);
#895=ORIENTED_EDGE('',*,*,#3081,.T.);
#896=ORIENTED_EDGE('',*,*,#3082,.F.);
#897=ORIENTED_EDGE('',*,*,#3083,.T.);
#898=ORIENTED_EDGE('',*,*,#3077,.T.);
#899=ORIENTED_EDGE('',*,*,#3084,.T.);
#900=ORIENTED_EDGE('',*,*,#3085,.F.);
#901=ORIENTED_EDGE('',*,*,#3086,.F.);
#902=ORIENTED_EDGE('',*,*,#3082,.T.);
#903=ORIENTED_EDGE('',*,*,#3087,.T.);
#904=ORIENTED_EDGE('',*,*,#3066,.T.);
#905=ORIENTED_EDGE('',*,*,#3088,.T.);
#906=ORIENTED_EDGE('',*,*,#3089,.F.);
#907=ORIENTED_EDGE('',*,*,#3090,.F.);
#908=ORIENTED_EDGE('',*,*,#3089,.T.);
#909=ORIENTED_EDGE('',*,*,#3091,.T.);
#910=ORIENTED_EDGE('',*,*,#3074,.F.);
#911=ORIENTED_EDGE('',*,*,#3092,.F.);
#912=ORIENTED_EDGE('',*,*,#3078,.F.);
#913=ORIENTED_EDGE('',*,*,#3083,.F.);
#914=ORIENTED_EDGE('',*,*,#3090,.T.);
#915=ORIENTED_EDGE('',*,*,#3092,.T.);
#916=ORIENTED_EDGE('',*,*,#3085,.T.);
#917=ORIENTED_EDGE('',*,*,#3093,.F.);
#918=ORIENTED_EDGE('',*,*,#3094,.T.);
#919=ORIENTED_EDGE('',*,*,#3095,.T.);
#920=ORIENTED_EDGE('',*,*,#3073,.F.);
#921=ORIENTED_EDGE('',*,*,#3096,.F.);
#922=ORIENTED_EDGE('',*,*,#3097,.F.);
#923=ORIENTED_EDGE('',*,*,#3098,.T.);
#924=ORIENTED_EDGE('',*,*,#3079,.F.);
#925=ORIENTED_EDGE('',*,*,#3099,.T.);
#926=ORIENTED_EDGE('',*,*,#3071,.T.);
#927=ORIENTED_EDGE('',*,*,#3100,.F.);
#928=ORIENTED_EDGE('',*,*,#3096,.T.);
#929=ORIENTED_EDGE('',*,*,#3072,.F.);
#930=ORIENTED_EDGE('',*,*,#3099,.F.);
#931=ORIENTED_EDGE('',*,*,#3086,.T.);
#932=ORIENTED_EDGE('',*,*,#3101,.T.);
#933=ORIENTED_EDGE('',*,*,#3076,.F.);
#934=ORIENTED_EDGE('',*,*,#3102,.T.);
#935=ORIENTED_EDGE('',*,*,#3093,.T.);
#936=ORIENTED_EDGE('',*,*,#3084,.F.);
#937=ORIENTED_EDGE('',*,*,#3103,.T.);
#938=ORIENTED_EDGE('',*,*,#3104,.T.);
#939=ORIENTED_EDGE('',*,*,#3105,.F.);
#940=ORIENTED_EDGE('',*,*,#3106,.F.);
#941=ORIENTED_EDGE('',*,*,#3107,.T.);
#942=ORIENTED_EDGE('',*,*,#3002,.T.);
#943=ORIENTED_EDGE('',*,*,#3101,.F.);
#944=ORIENTED_EDGE('',*,*,#3003,.T.);
#945=ORIENTED_EDGE('',*,*,#3103,.F.);
#946=ORIENTED_EDGE('',*,*,#3104,.F.);
#947=ORIENTED_EDGE('',*,*,#3108,.T.);
#948=ORIENTED_EDGE('',*,*,#3075,.T.);
#949=ORIENTED_EDGE('',*,*,#3091,.F.);
#950=ORIENTED_EDGE('',*,*,#3088,.F.);
#951=ORIENTED_EDGE('',*,*,#3069,.T.);
#952=ORIENTED_EDGE('',*,*,#3105,.T.);
#953=ORIENTED_EDGE('',*,*,#3109,.T.);
#954=ORIENTED_EDGE('',*,*,#3095,.F.);
#955=ORIENTED_EDGE('',*,*,#3110,.F.);
#956=ORIENTED_EDGE('',*,*,#3100,.T.);
#957=ORIENTED_EDGE('',*,*,#3070,.T.);
#958=ORIENTED_EDGE('',*,*,#3109,.F.);
#959=ORIENTED_EDGE('',*,*,#3108,.F.);
#960=ORIENTED_EDGE('',*,*,#3106,.T.);
#961=ORIENTED_EDGE('',*,*,#3111,.F.);
#962=ORIENTED_EDGE('',*,*,#3094,.F.);
#963=ORIENTED_EDGE('',*,*,#3112,.T.);
#964=ORIENTED_EDGE('',*,*,#3097,.T.);
#965=ORIENTED_EDGE('',*,*,#3110,.T.);
#966=ORIENTED_EDGE('',*,*,#3107,.F.);
#967=ORIENTED_EDGE('',*,*,#3113,.F.);
#968=ORIENTED_EDGE('',*,*,#3113,.T.);
#969=ORIENTED_EDGE('',*,*,#3111,.T.);
#970=ORIENTED_EDGE('',*,*,#3081,.F.);
#971=ORIENTED_EDGE('',*,*,#3000,.F.);
#972=ORIENTED_EDGE('',*,*,#3114,.F.);
#973=ORIENTED_EDGE('',*,*,#3087,.F.);
#974=ORIENTED_EDGE('',*,*,#3114,.T.);
#975=ORIENTED_EDGE('',*,*,#2999,.F.);
#976=ORIENTED_EDGE('',*,*,#3115,.F.);
#977=ORIENTED_EDGE('',*,*,#3112,.F.);
#978=ORIENTED_EDGE('',*,*,#3102,.F.);
#979=ORIENTED_EDGE('',*,*,#3067,.F.);
#980=ORIENTED_EDGE('',*,*,#3115,.T.);
#981=ORIENTED_EDGE('',*,*,#2998,.F.);
#982=ORIENTED_EDGE('',*,*,#3080,.F.);
#983=ORIENTED_EDGE('',*,*,#3098,.F.);
#984=ORIENTED_EDGE('',*,*,#3116,.F.);
#985=ORIENTED_EDGE('',*,*,#3047,.F.);
#986=ORIENTED_EDGE('',*,*,#2991,.F.);
#987=ORIENTED_EDGE('',*,*,#3044,.F.);
#988=ORIENTED_EDGE('',*,*,#3117,.F.);
#989=ORIENTED_EDGE('',*,*,#3116,.T.);
#990=ORIENTED_EDGE('',*,*,#3118,.F.);
#991=ORIENTED_EDGE('',*,*,#2989,.F.);
#992=ORIENTED_EDGE('',*,*,#3053,.F.);
#993=ORIENTED_EDGE('',*,*,#3119,.F.);
#994=ORIENTED_EDGE('',*,*,#3042,.F.);
#995=ORIENTED_EDGE('',*,*,#3118,.T.);
#996=ORIENTED_EDGE('',*,*,#3043,.F.);
#997=ORIENTED_EDGE('',*,*,#3120,.F.);
#998=ORIENTED_EDGE('',*,*,#3054,.F.);
#999=ORIENTED_EDGE('',*,*,#3117,.T.);
#1000=ORIENTED_EDGE('',*,*,#3058,.T.);
#1001=ORIENTED_EDGE('',*,*,#3121,.F.);
#1002=ORIENTED_EDGE('',*,*,#3045,.F.);
#1003=ORIENTED_EDGE('',*,*,#2993,.F.);
#1004=ORIENTED_EDGE('',*,*,#3046,.F.);
#1005=ORIENTED_EDGE('',*,*,#3122,.F.);
#1006=ORIENTED_EDGE('',*,*,#3050,.F.);
#1007=ORIENTED_EDGE('',*,*,#3120,.T.);
#1008=ORIENTED_EDGE('',*,*,#3119,.T.);
#1009=ORIENTED_EDGE('',*,*,#3123,.F.);
#1010=ORIENTED_EDGE('',*,*,#3122,.T.);
#1011=ORIENTED_EDGE('',*,*,#3121,.T.);
#1012=ORIENTED_EDGE('',*,*,#3124,.F.);
#1013=ORIENTED_EDGE('',*,*,#3123,.T.);
#1014=ORIENTED_EDGE('',*,*,#3052,.F.);
#1015=ORIENTED_EDGE('',*,*,#3125,.F.);
#1016=ORIENTED_EDGE('',*,*,#3064,.F.);
#1017=ORIENTED_EDGE('',*,*,#3124,.T.);
#1018=ORIENTED_EDGE('',*,*,#3061,.T.);
#1019=ORIENTED_EDGE('',*,*,#3126,.F.);
#1020=ORIENTED_EDGE('',*,*,#3048,.F.);
#1021=ORIENTED_EDGE('',*,*,#3126,.T.);
#1022=ORIENTED_EDGE('',*,*,#3125,.T.);
#1023=ORIENTED_EDGE('',*,*,#3127,.F.);
#1024=ORIENTED_EDGE('',*,*,#2987,.F.);
#1025=ORIENTED_EDGE('',*,*,#3049,.F.);
#1026=ORIENTED_EDGE('',*,*,#3127,.T.);
#1027=ORIENTED_EDGE('',*,*,#3051,.F.);
#1028=ORIENTED_EDGE('',*,*,#2922,.T.);
#1029=ORIENTED_EDGE('',*,*,#2941,.F.);
#1030=ORIENTED_EDGE('',*,*,#3128,.F.);
#1031=ORIENTED_EDGE('',*,*,#2946,.F.);
#1032=ORIENTED_EDGE('',*,*,#2984,.F.);
#1033=ORIENTED_EDGE('',*,*,#2947,.F.);
#1034=ORIENTED_EDGE('',*,*,#3129,.F.);
#1035=ORIENTED_EDGE('',*,*,#2949,.F.);
#1036=ORIENTED_EDGE('',*,*,#3129,.T.);
#1037=ORIENTED_EDGE('',*,*,#3128,.T.);
#1038=ORIENTED_EDGE('',*,*,#3130,.F.);
#1039=ORIENTED_EDGE('',*,*,#3130,.T.);
#1040=ORIENTED_EDGE('',*,*,#2940,.F.);
#1041=ORIENTED_EDGE('',*,*,#3131,.F.);
#1042=ORIENTED_EDGE('',*,*,#2950,.F.);
#1043=ORIENTED_EDGE('',*,*,#2985,.F.);
#1044=ORIENTED_EDGE('',*,*,#2951,.F.);
#1045=ORIENTED_EDGE('',*,*,#3132,.F.);
#1046=ORIENTED_EDGE('',*,*,#2937,.F.);
#1047=ORIENTED_EDGE('',*,*,#3132,.T.);
#1048=ORIENTED_EDGE('',*,*,#3131,.T.);
#1049=ORIENTED_EDGE('',*,*,#3133,.F.);
#1050=ORIENTED_EDGE('',*,*,#3133,.T.);
#1051=ORIENTED_EDGE('',*,*,#2939,.F.);
#1052=ORIENTED_EDGE('',*,*,#2929,.T.);
#1053=ORIENTED_EDGE('',*,*,#2935,.F.);
#1054=ORIENTED_EDGE('',*,*,#2982,.F.);
#1055=ORIENTED_EDGE('',*,*,#3019,.F.);
#1056=ORIENTED_EDGE('',*,*,#3134,.F.);
#1057=ORIENTED_EDGE('',*,*,#3017,.F.);
#1058=ORIENTED_EDGE('',*,*,#2911,.T.);
#1059=ORIENTED_EDGE('',*,*,#3016,.F.);
#1060=ORIENTED_EDGE('',*,*,#3135,.F.);
#1061=ORIENTED_EDGE('',*,*,#3015,.F.);
#1062=ORIENTED_EDGE('',*,*,#3135,.T.);
#1063=ORIENTED_EDGE('',*,*,#3134,.T.);
#1064=ORIENTED_EDGE('',*,*,#3136,.F.);
#1065=ORIENTED_EDGE('',*,*,#2980,.F.);
#1066=ORIENTED_EDGE('',*,*,#3008,.F.);
#1067=ORIENTED_EDGE('',*,*,#3137,.F.);
#1068=ORIENTED_EDGE('',*,*,#3020,.F.);
#1069=ORIENTED_EDGE('',*,*,#3136,.T.);
#1070=ORIENTED_EDGE('',*,*,#3018,.F.);
#1071=ORIENTED_EDGE('',*,*,#3138,.F.);
#1072=ORIENTED_EDGE('',*,*,#3009,.F.);
#1073=ORIENTED_EDGE('',*,*,#3138,.T.);
#1074=ORIENTED_EDGE('',*,*,#3137,.T.);
#1075=ORIENTED_EDGE('',*,*,#3139,.F.);
#1076=ORIENTED_EDGE('',*,*,#3139,.T.);
#1077=ORIENTED_EDGE('',*,*,#3007,.F.);
#1078=ORIENTED_EDGE('',*,*,#2916,.T.);
#1079=ORIENTED_EDGE('',*,*,#3010,.F.);
#1080=ORIENTED_EDGE('',*,*,#3140,.T.);
#1081=ORIENTED_EDGE('',*,*,#3141,.F.);
#1082=ORIENTED_EDGE('',*,*,#3142,.F.);
#1083=ORIENTED_EDGE('',*,*,#3143,.T.);
#1084=ORIENTED_EDGE('',*,*,#3144,.F.);
#1085=ORIENTED_EDGE('',*,*,#3143,.F.);
#1086=ORIENTED_EDGE('',*,*,#3145,.T.);
#1087=ORIENTED_EDGE('',*,*,#3146,.T.);
#1088=ORIENTED_EDGE('',*,*,#3147,.F.);
#1089=ORIENTED_EDGE('',*,*,#3146,.F.);
#1090=ORIENTED_EDGE('',*,*,#3148,.T.);
#1091=ORIENTED_EDGE('',*,*,#3149,.T.);
#1092=ORIENTED_EDGE('',*,*,#3150,.T.);
#1093=ORIENTED_EDGE('',*,*,#3149,.F.);
#1094=ORIENTED_EDGE('',*,*,#3151,.F.);
#1095=ORIENTED_EDGE('',*,*,#3141,.T.);
#1096=ORIENTED_EDGE('',*,*,#3152,.T.);
#1097=ORIENTED_EDGE('',*,*,#3142,.T.);
#1098=ORIENTED_EDGE('',*,*,#3151,.T.);
#1099=ORIENTED_EDGE('',*,*,#3148,.F.);
#1100=ORIENTED_EDGE('',*,*,#3145,.F.);
#1101=ORIENTED_EDGE('',*,*,#3140,.F.);
#1102=ORIENTED_EDGE('',*,*,#3144,.T.);
#1103=ORIENTED_EDGE('',*,*,#3147,.T.);
#1104=ORIENTED_EDGE('',*,*,#3150,.F.);
#1105=ORIENTED_EDGE('',*,*,#3153,.T.);
#1106=ORIENTED_EDGE('',*,*,#3152,.F.);
#1107=ORIENTED_EDGE('',*,*,#3153,.F.);
#1108=ORIENTED_EDGE('',*,*,#3154,.F.);
#1109=ORIENTED_EDGE('',*,*,#3155,.F.);
#1110=ORIENTED_EDGE('',*,*,#3156,.T.);
#1111=ORIENTED_EDGE('',*,*,#3157,.T.);
#1112=ORIENTED_EDGE('',*,*,#3158,.T.);
#1113=ORIENTED_EDGE('',*,*,#3159,.F.);
#1114=ORIENTED_EDGE('',*,*,#3160,.F.);
#1115=ORIENTED_EDGE('',*,*,#3155,.T.);
#1116=ORIENTED_EDGE('',*,*,#3161,.T.);
#1117=ORIENTED_EDGE('',*,*,#3162,.F.);
#1118=ORIENTED_EDGE('',*,*,#3163,.F.);
#1119=ORIENTED_EDGE('',*,*,#3159,.T.);
#1120=ORIENTED_EDGE('',*,*,#3164,.F.);
#1121=ORIENTED_EDGE('',*,*,#3157,.F.);
#1122=ORIENTED_EDGE('',*,*,#3165,.T.);
#1123=ORIENTED_EDGE('',*,*,#3162,.T.);
#1124=ORIENTED_EDGE('',*,*,#3166,.F.);
#1125=ORIENTED_EDGE('',*,*,#3156,.F.);
#1126=ORIENTED_EDGE('',*,*,#3160,.T.);
#1127=ORIENTED_EDGE('',*,*,#3163,.T.);
#1128=ORIENTED_EDGE('',*,*,#3165,.F.);
#1129=ORIENTED_EDGE('',*,*,#3154,.T.);
#1130=ORIENTED_EDGE('',*,*,#3164,.T.);
#1131=ORIENTED_EDGE('',*,*,#3161,.F.);
#1132=ORIENTED_EDGE('',*,*,#3158,.F.);
#1133=ORIENTED_EDGE('',*,*,#3167,.F.);
#1134=ORIENTED_EDGE('',*,*,#3166,.T.);
#1135=ORIENTED_EDGE('',*,*,#3167,.T.);
#1136=ORIENTED_EDGE('',*,*,#3168,.F.);
#1137=ORIENTED_EDGE('',*,*,#3169,.T.);
#1138=ORIENTED_EDGE('',*,*,#3170,.T.);
#1139=ORIENTED_EDGE('',*,*,#3171,.T.);
#1140=ORIENTED_EDGE('',*,*,#3172,.F.);
#1141=ORIENTED_EDGE('',*,*,#3173,.T.);
#1142=ORIENTED_EDGE('',*,*,#3174,.F.);
#1143=ORIENTED_EDGE('',*,*,#3175,.T.);
#1144=ORIENTED_EDGE('',*,*,#3176,.T.);
#1145=ORIENTED_EDGE('',*,*,#3177,.F.);
#1146=ORIENTED_EDGE('',*,*,#3178,.F.);
#1147=ORIENTED_EDGE('',*,*,#3179,.T.);
#1148=ORIENTED_EDGE('',*,*,#3180,.F.);
#1149=ORIENTED_EDGE('',*,*,#3181,.F.);
#1150=ORIENTED_EDGE('',*,*,#3182,.F.);
#1151=ORIENTED_EDGE('',*,*,#3183,.F.);
#1152=ORIENTED_EDGE('',*,*,#3184,.F.);
#1153=ORIENTED_EDGE('',*,*,#3185,.F.);
#1154=ORIENTED_EDGE('',*,*,#3186,.F.);
#1155=ORIENTED_EDGE('',*,*,#3187,.T.);
#1156=ORIENTED_EDGE('',*,*,#3188,.T.);
#1157=ORIENTED_EDGE('',*,*,#3189,.T.);
#1158=ORIENTED_EDGE('',*,*,#3190,.F.);
#1159=ORIENTED_EDGE('',*,*,#3191,.T.);
#1160=ORIENTED_EDGE('',*,*,#3192,.T.);
#1161=ORIENTED_EDGE('',*,*,#3193,.T.);
#1162=ORIENTED_EDGE('',*,*,#3194,.F.);
#1163=ORIENTED_EDGE('',*,*,#3195,.T.);
#1164=ORIENTED_EDGE('',*,*,#3196,.T.);
#1165=ORIENTED_EDGE('',*,*,#3197,.T.);
#1166=ORIENTED_EDGE('',*,*,#3198,.T.);
#1167=ORIENTED_EDGE('',*,*,#3199,.T.);
#1168=ORIENTED_EDGE('',*,*,#3200,.T.);
#1169=ORIENTED_EDGE('',*,*,#3201,.T.);
#1170=ORIENTED_EDGE('',*,*,#3202,.T.);
#1171=ORIENTED_EDGE('',*,*,#3203,.T.);
#1172=ORIENTED_EDGE('',*,*,#3204,.T.);
#1173=ORIENTED_EDGE('',*,*,#3205,.T.);
#1174=ORIENTED_EDGE('',*,*,#3206,.F.);
#1175=ORIENTED_EDGE('',*,*,#3207,.T.);
#1176=ORIENTED_EDGE('',*,*,#3208,.F.);
#1177=ORIENTED_EDGE('',*,*,#3209,.T.);
#1178=ORIENTED_EDGE('',*,*,#3210,.T.);
#1179=ORIENTED_EDGE('',*,*,#3211,.T.);
#1180=ORIENTED_EDGE('',*,*,#3212,.F.);
#1181=ORIENTED_EDGE('',*,*,#3213,.F.);
#1182=ORIENTED_EDGE('',*,*,#3214,.T.);
#1183=ORIENTED_EDGE('',*,*,#3215,.T.);
#1184=ORIENTED_EDGE('',*,*,#3216,.F.);
#1185=ORIENTED_EDGE('',*,*,#3217,.T.);
#1186=ORIENTED_EDGE('',*,*,#3218,.F.);
#1187=ORIENTED_EDGE('',*,*,#3212,.T.);
#1188=ORIENTED_EDGE('',*,*,#3219,.F.);
#1189=ORIENTED_EDGE('',*,*,#3220,.F.);
#1190=ORIENTED_EDGE('',*,*,#3221,.T.);
#1191=ORIENTED_EDGE('',*,*,#3222,.T.);
#1192=ORIENTED_EDGE('',*,*,#3223,.T.);
#1193=ORIENTED_EDGE('',*,*,#3224,.T.);
#1194=ORIENTED_EDGE('',*,*,#3210,.F.);
#1195=ORIENTED_EDGE('',*,*,#3225,.T.);
#1196=ORIENTED_EDGE('',*,*,#3226,.F.);
#1197=ORIENTED_EDGE('',*,*,#3227,.F.);
#1198=ORIENTED_EDGE('',*,*,#3214,.F.);
#1199=ORIENTED_EDGE('',*,*,#3228,.T.);
#1200=ORIENTED_EDGE('',*,*,#3229,.F.);
#1201=ORIENTED_EDGE('',*,*,#3230,.F.);
#1202=ORIENTED_EDGE('',*,*,#3231,.T.);
#1203=ORIENTED_EDGE('',*,*,#3232,.T.);
#1204=ORIENTED_EDGE('',*,*,#3216,.T.);
#1205=ORIENTED_EDGE('',*,*,#3233,.T.);
#1206=ORIENTED_EDGE('',*,*,#3234,.F.);
#1207=ORIENTED_EDGE('',*,*,#3235,.T.);
#1208=ORIENTED_EDGE('',*,*,#3236,.T.);
#1209=ORIENTED_EDGE('',*,*,#3237,.F.);
#1210=ORIENTED_EDGE('',*,*,#3238,.F.);
#1211=ORIENTED_EDGE('',*,*,#3239,.F.);
#1212=ORIENTED_EDGE('',*,*,#3240,.F.);
#1213=ORIENTED_EDGE('',*,*,#3241,.F.);
#1214=ORIENTED_EDGE('',*,*,#3242,.T.);
#1215=ORIENTED_EDGE('',*,*,#3243,.T.);
#1216=ORIENTED_EDGE('',*,*,#3232,.F.);
#1217=ORIENTED_EDGE('',*,*,#3244,.F.);
#1218=ORIENTED_EDGE('',*,*,#3219,.T.);
#1219=ORIENTED_EDGE('',*,*,#3245,.T.);
#1220=ORIENTED_EDGE('',*,*,#3228,.F.);
#1221=ORIENTED_EDGE('',*,*,#3217,.F.);
#1222=ORIENTED_EDGE('',*,*,#3237,.T.);
#1223=ORIENTED_EDGE('',*,*,#3246,.T.);
#1224=ORIENTED_EDGE('',*,*,#3218,.T.);
#1225=ORIENTED_EDGE('',*,*,#3247,.F.);
#1226=ORIENTED_EDGE('',*,*,#3225,.F.);
#1227=ORIENTED_EDGE('',*,*,#3213,.T.);
#1228=ORIENTED_EDGE('',*,*,#3226,.T.);
#1229=ORIENTED_EDGE('',*,*,#3247,.T.);
#1230=ORIENTED_EDGE('',*,*,#3222,.F.);
#1231=ORIENTED_EDGE('',*,*,#3248,.F.);
#1232=ORIENTED_EDGE('',*,*,#3246,.F.);
#1233=ORIENTED_EDGE('',*,*,#3236,.F.);
#1234=ORIENTED_EDGE('',*,*,#3249,.T.);
#1235=ORIENTED_EDGE('',*,*,#3229,.T.);
#1236=ORIENTED_EDGE('',*,*,#3221,.F.);
#1237=ORIENTED_EDGE('',*,*,#3250,.F.);
#1238=ORIENTED_EDGE('',*,*,#3227,.T.);
#1239=ORIENTED_EDGE('',*,*,#3248,.T.);
#1240=ORIENTED_EDGE('',*,*,#3230,.T.);
#1241=ORIENTED_EDGE('',*,*,#3249,.F.);
#1242=ORIENTED_EDGE('',*,*,#3235,.F.);
#1243=ORIENTED_EDGE('',*,*,#3251,.T.);
#1244=ORIENTED_EDGE('',*,*,#3180,.T.);
#1245=ORIENTED_EDGE('',*,*,#3252,.F.);
#1246=ORIENTED_EDGE('',*,*,#3182,.T.);
#1247=ORIENTED_EDGE('',*,*,#3253,.F.);
#1248=ORIENTED_EDGE('',*,*,#3234,.T.);
#1249=ORIENTED_EDGE('',*,*,#3254,.T.);
#1250=ORIENTED_EDGE('',*,*,#3201,.F.);
#1251=ORIENTED_EDGE('',*,*,#3200,.F.);
#1252=ORIENTED_EDGE('',*,*,#3255,.F.);
#1253=ORIENTED_EDGE('',*,*,#3256,.F.);
#1254=ORIENTED_EDGE('',*,*,#3257,.F.);
#1255=ORIENTED_EDGE('',*,*,#3192,.F.);
#1256=ORIENTED_EDGE('',*,*,#3191,.F.);
#1257=ORIENTED_EDGE('',*,*,#3190,.T.);
#1258=ORIENTED_EDGE('',*,*,#3258,.T.);
#1259=ORIENTED_EDGE('',*,*,#3259,.F.);
#1260=ORIENTED_EDGE('',*,*,#3260,.T.);
#1261=ORIENTED_EDGE('',*,*,#3206,.T.);
#1262=ORIENTED_EDGE('',*,*,#3205,.F.);
#1263=ORIENTED_EDGE('',*,*,#3261,.T.);
#1264=ORIENTED_EDGE('',*,*,#3223,.F.);
#1265=ORIENTED_EDGE('',*,*,#3250,.T.);
#1266=ORIENTED_EDGE('',*,*,#3220,.T.);
#1267=ORIENTED_EDGE('',*,*,#3244,.T.);
#1268=ORIENTED_EDGE('',*,*,#3231,.F.);
#1269=ORIENTED_EDGE('',*,*,#3251,.F.);
#1270=ORIENTED_EDGE('',*,*,#3261,.F.);
#1271=ORIENTED_EDGE('',*,*,#3204,.F.);
#1272=ORIENTED_EDGE('',*,*,#3262,.F.);
#1273=ORIENTED_EDGE('',*,*,#3224,.F.);
#1274=ORIENTED_EDGE('',*,*,#3262,.T.);
#1275=ORIENTED_EDGE('',*,*,#3203,.F.);
#1276=ORIENTED_EDGE('',*,*,#3263,.F.);
#1277=ORIENTED_EDGE('',*,*,#3215,.F.);
#1278=ORIENTED_EDGE('',*,*,#3245,.F.);
#1279=ORIENTED_EDGE('',*,*,#3211,.F.);
#1280=ORIENTED_EDGE('',*,*,#3254,.F.);
#1281=ORIENTED_EDGE('',*,*,#3233,.F.);
#1282=ORIENTED_EDGE('',*,*,#3263,.T.);
#1283=ORIENTED_EDGE('',*,*,#3202,.F.);
#1284=ORIENTED_EDGE('',*,*,#3184,.T.);
#1285=ORIENTED_EDGE('',*,*,#3243,.F.);
#1286=ORIENTED_EDGE('',*,*,#3185,.T.);
#1287=ORIENTED_EDGE('',*,*,#3242,.F.);
#1288=ORIENTED_EDGE('',*,*,#3264,.T.);
#1289=ORIENTED_EDGE('',*,*,#3265,.T.);
#1290=ORIENTED_EDGE('',*,*,#3266,.T.);
#1291=ORIENTED_EDGE('',*,*,#3267,.T.);
#1292=ORIENTED_EDGE('',*,*,#3268,.F.);
#1293=ORIENTED_EDGE('',*,*,#3269,.T.);
#1294=ORIENTED_EDGE('',*,*,#3270,.T.);
#1295=ORIENTED_EDGE('',*,*,#3265,.F.);
#1296=ORIENTED_EDGE('',*,*,#3271,.T.);
#1297=ORIENTED_EDGE('',*,*,#3272,.F.);
#1298=ORIENTED_EDGE('',*,*,#3273,.F.);
#1299=ORIENTED_EDGE('',*,*,#3267,.F.);
#1300=ORIENTED_EDGE('',*,*,#3274,.T.);
#1301=ORIENTED_EDGE('',*,*,#3272,.T.);
#1302=ORIENTED_EDGE('',*,*,#3275,.F.);
#1303=ORIENTED_EDGE('',*,*,#3276,.F.);
#1304=ORIENTED_EDGE('',*,*,#3270,.F.);
#1305=ORIENTED_EDGE('',*,*,#3277,.T.);
#1306=ORIENTED_EDGE('',*,*,#3278,.T.);
#1307=ORIENTED_EDGE('',*,*,#3279,.F.);
#1308=ORIENTED_EDGE('',*,*,#3275,.T.);
#1309=ORIENTED_EDGE('',*,*,#3271,.F.);
#1310=ORIENTED_EDGE('',*,*,#3266,.F.);
#1311=ORIENTED_EDGE('',*,*,#3273,.T.);
#1312=ORIENTED_EDGE('',*,*,#3274,.F.);
#1313=ORIENTED_EDGE('',*,*,#3280,.T.);
#1314=ORIENTED_EDGE('',*,*,#3281,.F.);
#1315=ORIENTED_EDGE('',*,*,#3282,.F.);
#1316=ORIENTED_EDGE('',*,*,#3268,.T.);
#1317=ORIENTED_EDGE('',*,*,#3264,.F.);
#1318=ORIENTED_EDGE('',*,*,#3283,.F.);
#1319=ORIENTED_EDGE('',*,*,#3284,.T.);
#1320=ORIENTED_EDGE('',*,*,#3257,.T.);
#1321=ORIENTED_EDGE('',*,*,#3281,.T.);
#1322=ORIENTED_EDGE('',*,*,#3285,.F.);
#1323=ORIENTED_EDGE('',*,*,#3286,.T.);
#1324=ORIENTED_EDGE('',*,*,#3287,.T.);
#1325=ORIENTED_EDGE('',*,*,#3172,.T.);
#1326=ORIENTED_EDGE('',*,*,#3288,.T.);
#1327=ORIENTED_EDGE('',*,*,#3289,.T.);
#1328=ORIENTED_EDGE('',*,*,#3285,.T.);
#1329=ORIENTED_EDGE('',*,*,#3171,.F.);
#1330=ORIENTED_EDGE('',*,*,#3290,.F.);
#1331=ORIENTED_EDGE('',*,*,#3291,.T.);
#1332=ORIENTED_EDGE('',*,*,#3283,.T.);
#1333=ORIENTED_EDGE('',*,*,#3280,.F.);
#1334=ORIENTED_EDGE('',*,*,#3276,.T.);
#1335=ORIENTED_EDGE('',*,*,#3279,.T.);
#1336=ORIENTED_EDGE('',*,*,#3170,.F.);
#1337=ORIENTED_EDGE('',*,*,#3292,.T.);
#1338=ORIENTED_EDGE('',*,*,#3293,.T.);
#1339=ORIENTED_EDGE('',*,*,#3290,.T.);
#1340=ORIENTED_EDGE('',*,*,#3294,.F.);
#1341=ORIENTED_EDGE('',*,*,#3295,.T.);
#1342=ORIENTED_EDGE('',*,*,#3296,.T.);
#1343=ORIENTED_EDGE('',*,*,#3297,.T.);
#1344=ORIENTED_EDGE('',*,*,#3196,.F.);
#1345=ORIENTED_EDGE('',*,*,#3298,.T.);
#1346=ORIENTED_EDGE('',*,*,#3299,.T.);
#1347=ORIENTED_EDGE('',*,*,#3300,.T.);
#1348=ORIENTED_EDGE('',*,*,#3198,.F.);
#1349=ORIENTED_EDGE('',*,*,#3301,.T.);
#1350=ORIENTED_EDGE('',*,*,#3302,.T.);
#1351=ORIENTED_EDGE('',*,*,#3303,.T.);
#1352=ORIENTED_EDGE('',*,*,#3194,.T.);
#1353=ORIENTED_EDGE('',*,*,#3304,.T.);
#1354=ORIENTED_EDGE('',*,*,#3255,.T.);
#1355=ORIENTED_EDGE('',*,*,#3305,.T.);
#1356=ORIENTED_EDGE('',*,*,#3288,.F.);
#1357=ORIENTED_EDGE('',*,*,#3278,.F.);
#1358=ORIENTED_EDGE('',*,*,#3282,.T.);
#1359=ORIENTED_EDGE('',*,*,#3256,.T.);
#1360=ORIENTED_EDGE('',*,*,#3277,.F.);
#1361=ORIENTED_EDGE('',*,*,#3269,.F.);
#1362=ORIENTED_EDGE('',*,*,#3306,.F.);
#1363=ORIENTED_EDGE('',*,*,#3307,.F.);
#1364=ORIENTED_EDGE('',*,*,#3308,.F.);
#1365=ORIENTED_EDGE('',*,*,#3309,.F.);
#1366=ORIENTED_EDGE('',*,*,#3310,.T.);
#1367=ORIENTED_EDGE('',*,*,#3309,.T.);
#1368=ORIENTED_EDGE('',*,*,#3311,.F.);
#1369=ORIENTED_EDGE('',*,*,#3312,.F.);
#1370=ORIENTED_EDGE('',*,*,#3313,.F.);
#1371=ORIENTED_EDGE('',*,*,#3307,.T.);
#1372=ORIENTED_EDGE('',*,*,#3314,.T.);
#1373=ORIENTED_EDGE('',*,*,#3315,.T.);
#1374=ORIENTED_EDGE('',*,*,#3316,.F.);
#1375=ORIENTED_EDGE('',*,*,#3317,.T.);
#1376=ORIENTED_EDGE('',*,*,#3318,.T.);
#1377=ORIENTED_EDGE('',*,*,#3315,.F.);
#1378=ORIENTED_EDGE('',*,*,#3311,.T.);
#1379=ORIENTED_EDGE('',*,*,#3308,.T.);
#1380=ORIENTED_EDGE('',*,*,#3313,.T.);
#1381=ORIENTED_EDGE('',*,*,#3318,.F.);
#1382=ORIENTED_EDGE('',*,*,#3319,.T.);
#1383=ORIENTED_EDGE('',*,*,#3320,.F.);
#1384=ORIENTED_EDGE('',*,*,#3321,.F.);
#1385=ORIENTED_EDGE('',*,*,#3314,.F.);
#1386=ORIENTED_EDGE('',*,*,#3306,.T.);
#1387=ORIENTED_EDGE('',*,*,#3310,.F.);
#1388=ORIENTED_EDGE('',*,*,#3322,.T.);
#1389=ORIENTED_EDGE('',*,*,#3323,.T.);
#1390=ORIENTED_EDGE('',*,*,#3324,.F.);
#1391=ORIENTED_EDGE('',*,*,#3316,.T.);
#1392=ORIENTED_EDGE('',*,*,#3258,.F.);
#1393=ORIENTED_EDGE('',*,*,#3325,.T.);
#1394=ORIENTED_EDGE('',*,*,#3326,.T.);
#1395=ORIENTED_EDGE('',*,*,#3323,.F.);
#1396=ORIENTED_EDGE('',*,*,#3327,.T.);
#1397=ORIENTED_EDGE('',*,*,#3328,.T.);
#1398=ORIENTED_EDGE('',*,*,#3329,.T.);
#1399=ORIENTED_EDGE('',*,*,#3176,.F.);
#1400=ORIENTED_EDGE('',*,*,#3329,.F.);
#1401=ORIENTED_EDGE('',*,*,#3330,.T.);
#1402=ORIENTED_EDGE('',*,*,#3331,.F.);
#1403=ORIENTED_EDGE('',*,*,#3319,.F.);
#1404=ORIENTED_EDGE('',*,*,#3317,.F.);
#1405=ORIENTED_EDGE('',*,*,#3324,.T.);
#1406=ORIENTED_EDGE('',*,*,#3326,.F.);
#1407=ORIENTED_EDGE('',*,*,#3332,.T.);
#1408=ORIENTED_EDGE('',*,*,#3333,.T.);
#1409=ORIENTED_EDGE('',*,*,#3177,.T.);
#1410=ORIENTED_EDGE('',*,*,#3334,.T.);
#1411=ORIENTED_EDGE('',*,*,#3335,.T.);
#1412=ORIENTED_EDGE('',*,*,#3178,.T.);
#1413=ORIENTED_EDGE('',*,*,#3333,.F.);
#1414=ORIENTED_EDGE('',*,*,#3336,.F.);
#1415=ORIENTED_EDGE('',*,*,#3337,.T.);
#1416=ORIENTED_EDGE('',*,*,#3338,.T.);
#1417=ORIENTED_EDGE('',*,*,#3339,.T.);
#1418=ORIENTED_EDGE('',*,*,#3186,.T.);
#1419=ORIENTED_EDGE('',*,*,#3340,.T.);
#1420=ORIENTED_EDGE('',*,*,#3208,.T.);
#1421=ORIENTED_EDGE('',*,*,#3341,.T.);
#1422=ORIENTED_EDGE('',*,*,#3342,.T.);
#1423=ORIENTED_EDGE('',*,*,#3343,.T.);
#1424=ORIENTED_EDGE('',*,*,#3188,.F.);
#1425=ORIENTED_EDGE('',*,*,#3344,.T.);
#1426=ORIENTED_EDGE('',*,*,#3345,.T.);
#1427=ORIENTED_EDGE('',*,*,#3346,.T.);
#1428=ORIENTED_EDGE('',*,*,#3331,.T.);
#1429=ORIENTED_EDGE('',*,*,#3347,.T.);
#1430=ORIENTED_EDGE('',*,*,#3260,.F.);
#1431=ORIENTED_EDGE('',*,*,#3320,.T.);
#1432=ORIENTED_EDGE('',*,*,#3321,.T.);
#1433=ORIENTED_EDGE('',*,*,#3259,.T.);
#1434=ORIENTED_EDGE('',*,*,#3322,.F.);
#1435=ORIENTED_EDGE('',*,*,#3312,.T.);
#1436=ORIENTED_EDGE('',*,*,#3348,.F.);
#1437=ORIENTED_EDGE('',*,*,#3238,.T.);
#1438=ORIENTED_EDGE('',*,*,#3349,.F.);
#1439=ORIENTED_EDGE('',*,*,#3348,.T.);
#1440=ORIENTED_EDGE('',*,*,#3350,.F.);
#1441=ORIENTED_EDGE('',*,*,#3239,.T.);
#1442=ORIENTED_EDGE('',*,*,#3351,.F.);
#1443=ORIENTED_EDGE('',*,*,#3350,.T.);
#1444=ORIENTED_EDGE('',*,*,#3352,.F.);
#1445=ORIENTED_EDGE('',*,*,#3241,.T.);
#1446=ORIENTED_EDGE('',*,*,#3253,.T.);
#1447=ORIENTED_EDGE('',*,*,#3352,.T.);
#1448=ORIENTED_EDGE('',*,*,#3353,.F.);
#1449=ORIENTED_EDGE('',*,*,#3240,.T.);
#1450=ORIENTED_EDGE('',*,*,#3252,.T.);
#1451=ORIENTED_EDGE('',*,*,#3353,.T.);
#1452=ORIENTED_EDGE('',*,*,#3354,.T.);
#1453=ORIENTED_EDGE('',*,*,#3354,.F.);
#1454=ORIENTED_EDGE('',*,*,#3349,.T.);
#1455=ORIENTED_EDGE('',*,*,#3355,.T.);
#1456=ORIENTED_EDGE('',*,*,#3355,.F.);
#1457=ORIENTED_EDGE('',*,*,#3351,.T.);
#1458=ORIENTED_EDGE('',*,*,#3356,.T.);
#1459=ORIENTED_EDGE('',*,*,#3183,.T.);
#1460=ORIENTED_EDGE('',*,*,#3357,.T.);
#1461=ORIENTED_EDGE('',*,*,#3358,.F.);
#1462=ORIENTED_EDGE('',*,*,#3359,.T.);
#1463=ORIENTED_EDGE('',*,*,#3181,.T.);
#1464=ORIENTED_EDGE('',*,*,#3360,.T.);
#1465=ORIENTED_EDGE('',*,*,#3361,.F.);
#1466=ORIENTED_EDGE('',*,*,#3362,.T.);
#1467=ORIENTED_EDGE('',*,*,#3363,.T.);
#1468=ORIENTED_EDGE('',*,*,#3358,.T.);
#1469=ORIENTED_EDGE('',*,*,#3364,.T.);
#1470=ORIENTED_EDGE('',*,*,#3365,.T.);
#1471=ORIENTED_EDGE('',*,*,#3361,.T.);
#1472=ORIENTED_EDGE('',*,*,#3209,.F.);
#1473=ORIENTED_EDGE('',*,*,#3343,.F.);
#1474=ORIENTED_EDGE('',*,*,#3366,.F.);
#1475=ORIENTED_EDGE('',*,*,#3340,.F.);
#1476=ORIENTED_EDGE('',*,*,#3366,.T.);
#1477=ORIENTED_EDGE('',*,*,#3342,.F.);
#1478=ORIENTED_EDGE('',*,*,#3367,.F.);
#1479=ORIENTED_EDGE('',*,*,#3327,.F.);
#1480=ORIENTED_EDGE('',*,*,#3175,.F.);
#1481=ORIENTED_EDGE('',*,*,#3368,.F.);
#1482=ORIENTED_EDGE('',*,*,#3207,.F.);
#1483=ORIENTED_EDGE('',*,*,#3347,.F.);
#1484=ORIENTED_EDGE('',*,*,#3330,.F.);
#1485=ORIENTED_EDGE('',*,*,#3328,.F.);
#1486=ORIENTED_EDGE('',*,*,#3367,.T.);
#1487=ORIENTED_EDGE('',*,*,#3341,.F.);
#1488=ORIENTED_EDGE('',*,*,#3189,.F.);
#1489=ORIENTED_EDGE('',*,*,#3346,.F.);
#1490=ORIENTED_EDGE('',*,*,#3369,.F.);
#1491=ORIENTED_EDGE('',*,*,#3334,.F.);
#1492=ORIENTED_EDGE('',*,*,#3332,.F.);
#1493=ORIENTED_EDGE('',*,*,#3325,.F.);
#1494=ORIENTED_EDGE('',*,*,#3369,.T.);
#1495=ORIENTED_EDGE('',*,*,#3345,.F.);
#1496=ORIENTED_EDGE('',*,*,#3370,.F.);
#1497=ORIENTED_EDGE('',*,*,#3371,.F.);
#1498=ORIENTED_EDGE('',*,*,#3179,.F.);
#1499=ORIENTED_EDGE('',*,*,#3335,.F.);
#1500=ORIENTED_EDGE('',*,*,#3370,.T.);
#1501=ORIENTED_EDGE('',*,*,#3344,.F.);
#1502=ORIENTED_EDGE('',*,*,#3187,.F.);
#1503=ORIENTED_EDGE('',*,*,#3339,.F.);
#1504=ORIENTED_EDGE('',*,*,#3197,.F.);
#1505=ORIENTED_EDGE('',*,*,#3297,.F.);
#1506=ORIENTED_EDGE('',*,*,#3372,.F.);
#1507=ORIENTED_EDGE('',*,*,#3301,.F.);
#1508=ORIENTED_EDGE('',*,*,#3173,.F.);
#1509=ORIENTED_EDGE('',*,*,#3287,.F.);
#1510=ORIENTED_EDGE('',*,*,#3373,.F.);
#1511=ORIENTED_EDGE('',*,*,#3299,.F.);
#1512=ORIENTED_EDGE('',*,*,#3372,.T.);
#1513=ORIENTED_EDGE('',*,*,#3374,.F.);
#1514=ORIENTED_EDGE('',*,*,#3199,.F.);
#1515=ORIENTED_EDGE('',*,*,#3300,.F.);
#1516=ORIENTED_EDGE('',*,*,#3373,.T.);
#1517=ORIENTED_EDGE('',*,*,#3286,.F.);
#1518=ORIENTED_EDGE('',*,*,#3289,.F.);
#1519=ORIENTED_EDGE('',*,*,#3305,.F.);
#1520=ORIENTED_EDGE('',*,*,#3291,.F.);
#1521=ORIENTED_EDGE('',*,*,#3293,.F.);
#1522=ORIENTED_EDGE('',*,*,#3375,.F.);
#1523=ORIENTED_EDGE('',*,*,#3304,.F.);
#1524=ORIENTED_EDGE('',*,*,#3193,.F.);
#1525=ORIENTED_EDGE('',*,*,#3284,.F.);
#1526=ORIENTED_EDGE('',*,*,#3169,.F.);
#1527=ORIENTED_EDGE('',*,*,#3376,.F.);
#1528=ORIENTED_EDGE('',*,*,#3377,.F.);
#1529=ORIENTED_EDGE('',*,*,#3302,.F.);
#1530=ORIENTED_EDGE('',*,*,#3375,.T.);
#1531=ORIENTED_EDGE('',*,*,#3292,.F.);
#1532=ORIENTED_EDGE('',*,*,#3377,.T.);
#1533=ORIENTED_EDGE('',*,*,#3298,.F.);
#1534=ORIENTED_EDGE('',*,*,#3195,.F.);
#1535=ORIENTED_EDGE('',*,*,#3303,.F.);
#1536=ORIENTED_EDGE('',*,*,#3365,.F.);
#1537=ORIENTED_EDGE('',*,*,#3364,.F.);
#1538=ORIENTED_EDGE('',*,*,#3363,.F.);
#1539=ORIENTED_EDGE('',*,*,#3362,.F.);
#1540=ORIENTED_EDGE('',*,*,#3356,.F.);
#1541=ORIENTED_EDGE('',*,*,#3357,.F.);
#1542=ORIENTED_EDGE('',*,*,#3359,.F.);
#1543=ORIENTED_EDGE('',*,*,#3360,.F.);
#1544=ORIENTED_EDGE('',*,*,#3378,.F.);
#1545=ORIENTED_EDGE('',*,*,#3379,.T.);
#1546=ORIENTED_EDGE('',*,*,#3336,.T.);
#1547=ORIENTED_EDGE('',*,*,#3368,.T.);
#1548=ORIENTED_EDGE('',*,*,#3380,.F.);
#1549=ORIENTED_EDGE('',*,*,#3338,.F.);
#1550=ORIENTED_EDGE('',*,*,#3381,.T.);
#1551=ORIENTED_EDGE('',*,*,#3382,.T.);
#1552=ORIENTED_EDGE('',*,*,#3383,.T.);
#1553=ORIENTED_EDGE('',*,*,#3371,.T.);
#1554=ORIENTED_EDGE('',*,*,#3384,.T.);
#1555=ORIENTED_EDGE('',*,*,#3385,.T.);
#1556=ORIENTED_EDGE('',*,*,#3386,.F.);
#1557=ORIENTED_EDGE('',*,*,#3387,.T.);
#1558=ORIENTED_EDGE('',*,*,#3296,.F.);
#1559=ORIENTED_EDGE('',*,*,#3388,.T.);
#1560=ORIENTED_EDGE('',*,*,#3389,.F.);
#1561=ORIENTED_EDGE('',*,*,#3390,.T.);
#1562=ORIENTED_EDGE('',*,*,#3374,.T.);
#1563=ORIENTED_EDGE('',*,*,#3391,.T.);
#1564=ORIENTED_EDGE('',*,*,#3392,.T.);
#1565=ORIENTED_EDGE('',*,*,#3294,.T.);
#1566=ORIENTED_EDGE('',*,*,#3376,.T.);
#1567=ORIENTED_EDGE('',*,*,#3393,.F.);
#1568=ORIENTED_EDGE('',*,*,#3394,.T.);
#1569=ORIENTED_EDGE('',*,*,#3395,.T.);
#1570=ORIENTED_EDGE('',*,*,#3396,.T.);
#1571=ORIENTED_EDGE('',*,*,#3397,.T.);
#1572=ORIENTED_EDGE('',*,*,#3174,.T.);
#1573=ORIENTED_EDGE('',*,*,#3383,.F.);
#1574=ORIENTED_EDGE('',*,*,#3398,.F.);
#1575=ORIENTED_EDGE('',*,*,#3380,.T.);
#1576=ORIENTED_EDGE('',*,*,#3386,.T.);
#1577=ORIENTED_EDGE('',*,*,#3399,.T.);
#1578=ORIENTED_EDGE('',*,*,#3378,.T.);
#1579=ORIENTED_EDGE('',*,*,#3398,.T.);
#1580=ORIENTED_EDGE('',*,*,#3382,.F.);
#1581=ORIENTED_EDGE('',*,*,#3400,.T.);
#1582=ORIENTED_EDGE('',*,*,#3168,.T.);
#1583=ORIENTED_EDGE('',*,*,#3390,.F.);
#1584=ORIENTED_EDGE('',*,*,#3401,.F.);
#1585=ORIENTED_EDGE('',*,*,#3393,.T.);
#1586=ORIENTED_EDGE('',*,*,#3389,.T.);
#1587=ORIENTED_EDGE('',*,*,#3402,.T.);
#1588=ORIENTED_EDGE('',*,*,#3394,.F.);
#1589=ORIENTED_EDGE('',*,*,#3403,.T.);
#1590=ORIENTED_EDGE('',*,*,#3391,.F.);
#1591=ORIENTED_EDGE('',*,*,#3401,.T.);
#1592=ORIENTED_EDGE('',*,*,#3400,.F.);
#1593=ORIENTED_EDGE('',*,*,#3381,.F.);
#1594=ORIENTED_EDGE('',*,*,#3404,.F.);
#1595=ORIENTED_EDGE('',*,*,#3387,.F.);
#1596=ORIENTED_EDGE('',*,*,#3404,.T.);
#1597=ORIENTED_EDGE('',*,*,#3337,.F.);
#1598=ORIENTED_EDGE('',*,*,#3405,.F.);
#1599=ORIENTED_EDGE('',*,*,#3384,.F.);
#1600=ORIENTED_EDGE('',*,*,#3405,.T.);
#1601=ORIENTED_EDGE('',*,*,#3379,.F.);
#1602=ORIENTED_EDGE('',*,*,#3399,.F.);
#1603=ORIENTED_EDGE('',*,*,#3385,.F.);
#1604=ORIENTED_EDGE('',*,*,#3403,.F.);
#1605=ORIENTED_EDGE('',*,*,#3397,.F.);
#1606=ORIENTED_EDGE('',*,*,#3406,.F.);
#1607=ORIENTED_EDGE('',*,*,#3392,.F.);
#1608=ORIENTED_EDGE('',*,*,#3406,.T.);
#1609=ORIENTED_EDGE('',*,*,#3396,.F.);
#1610=ORIENTED_EDGE('',*,*,#3407,.F.);
#1611=ORIENTED_EDGE('',*,*,#3295,.F.);
#1612=ORIENTED_EDGE('',*,*,#3402,.F.);
#1613=ORIENTED_EDGE('',*,*,#3388,.F.);
#1614=ORIENTED_EDGE('',*,*,#3407,.T.);
#1615=ORIENTED_EDGE('',*,*,#3395,.F.);
#1616=ORIENTED_EDGE('',*,*,#3408,.T.);
#1617=ORIENTED_EDGE('',*,*,#3409,.F.);
#1618=ORIENTED_EDGE('',*,*,#3410,.F.);
#1619=ORIENTED_EDGE('',*,*,#3411,.T.);
#1620=ORIENTED_EDGE('',*,*,#3412,.F.);
#1621=ORIENTED_EDGE('',*,*,#3411,.F.);
#1622=ORIENTED_EDGE('',*,*,#3413,.T.);
#1623=ORIENTED_EDGE('',*,*,#3414,.T.);
#1624=ORIENTED_EDGE('',*,*,#3415,.F.);
#1625=ORIENTED_EDGE('',*,*,#3414,.F.);
#1626=ORIENTED_EDGE('',*,*,#3416,.T.);
#1627=ORIENTED_EDGE('',*,*,#3417,.T.);
#1628=ORIENTED_EDGE('',*,*,#3418,.T.);
#1629=ORIENTED_EDGE('',*,*,#3417,.F.);
#1630=ORIENTED_EDGE('',*,*,#3419,.F.);
#1631=ORIENTED_EDGE('',*,*,#3409,.T.);
#1632=ORIENTED_EDGE('',*,*,#3420,.T.);
#1633=ORIENTED_EDGE('',*,*,#3410,.T.);
#1634=ORIENTED_EDGE('',*,*,#3419,.T.);
#1635=ORIENTED_EDGE('',*,*,#3416,.F.);
#1636=ORIENTED_EDGE('',*,*,#3413,.F.);
#1637=ORIENTED_EDGE('',*,*,#3408,.F.);
#1638=ORIENTED_EDGE('',*,*,#3412,.T.);
#1639=ORIENTED_EDGE('',*,*,#3415,.T.);
#1640=ORIENTED_EDGE('',*,*,#3418,.F.);
#1641=ORIENTED_EDGE('',*,*,#3421,.T.);
#1642=ORIENTED_EDGE('',*,*,#3420,.F.);
#1643=ORIENTED_EDGE('',*,*,#3421,.F.);
#1644=ORIENTED_EDGE('',*,*,#3422,.F.);
#1645=ORIENTED_EDGE('',*,*,#3423,.F.);
#1646=ORIENTED_EDGE('',*,*,#3424,.F.);
#1647=ORIENTED_EDGE('',*,*,#3425,.F.);
#1648=ORIENTED_EDGE('',*,*,#3422,.T.);
#1649=ORIENTED_EDGE('',*,*,#3424,.T.);
#1650=ORIENTED_EDGE('',*,*,#3425,.T.);
#1651=ORIENTED_EDGE('',*,*,#3423,.T.);
#1652=ORIENTED_EDGE('',*,*,#3426,.F.);
#1653=ORIENTED_EDGE('',*,*,#3427,.F.);
#1654=ORIENTED_EDGE('',*,*,#3428,.T.);
#1655=ORIENTED_EDGE('',*,*,#3429,.T.);
#1656=ORIENTED_EDGE('',*,*,#3430,.T.);
#1657=ORIENTED_EDGE('',*,*,#3431,.F.);
#1658=ORIENTED_EDGE('',*,*,#3432,.F.);
#1659=ORIENTED_EDGE('',*,*,#3427,.T.);
#1660=ORIENTED_EDGE('',*,*,#3433,.T.);
#1661=ORIENTED_EDGE('',*,*,#3434,.F.);
#1662=ORIENTED_EDGE('',*,*,#3435,.F.);
#1663=ORIENTED_EDGE('',*,*,#3431,.T.);
#1664=ORIENTED_EDGE('',*,*,#3436,.F.);
#1665=ORIENTED_EDGE('',*,*,#3429,.F.);
#1666=ORIENTED_EDGE('',*,*,#3437,.T.);
#1667=ORIENTED_EDGE('',*,*,#3434,.T.);
#1668=ORIENTED_EDGE('',*,*,#3438,.F.);
#1669=ORIENTED_EDGE('',*,*,#3428,.F.);
#1670=ORIENTED_EDGE('',*,*,#3432,.T.);
#1671=ORIENTED_EDGE('',*,*,#3435,.T.);
#1672=ORIENTED_EDGE('',*,*,#3437,.F.);
#1673=ORIENTED_EDGE('',*,*,#3426,.T.);
#1674=ORIENTED_EDGE('',*,*,#3436,.T.);
#1675=ORIENTED_EDGE('',*,*,#3433,.F.);
#1676=ORIENTED_EDGE('',*,*,#3430,.F.);
#1677=ORIENTED_EDGE('',*,*,#3439,.F.);
#1678=ORIENTED_EDGE('',*,*,#3438,.T.);
#1679=ORIENTED_EDGE('',*,*,#3439,.T.);
#1680=ORIENTED_EDGE('',*,*,#3440,.T.);
#1681=ORIENTED_EDGE('',*,*,#3441,.T.);
#1682=ORIENTED_EDGE('',*,*,#3442,.T.);
#1683=ORIENTED_EDGE('',*,*,#3443,.F.);
#1684=ORIENTED_EDGE('',*,*,#3444,.T.);
#1685=ORIENTED_EDGE('',*,*,#3445,.T.);
#1686=ORIENTED_EDGE('',*,*,#3446,.T.);
#1687=ORIENTED_EDGE('',*,*,#3447,.T.);
#1688=ORIENTED_EDGE('',*,*,#3448,.T.);
#1689=ORIENTED_EDGE('',*,*,#3449,.T.);
#1690=ORIENTED_EDGE('',*,*,#3450,.T.);
#1691=ORIENTED_EDGE('',*,*,#3451,.F.);
#1692=ORIENTED_EDGE('',*,*,#3452,.T.);
#1693=ORIENTED_EDGE('',*,*,#3453,.T.);
#1694=ORIENTED_EDGE('',*,*,#3454,.T.);
#1695=ORIENTED_EDGE('',*,*,#3455,.T.);
#1696=ORIENTED_EDGE('',*,*,#3456,.T.);
#1697=ORIENTED_EDGE('',*,*,#3457,.T.);
#1698=ORIENTED_EDGE('',*,*,#3458,.T.);
#1699=ORIENTED_EDGE('',*,*,#3459,.F.);
#1700=ORIENTED_EDGE('',*,*,#3460,.T.);
#1701=ORIENTED_EDGE('',*,*,#3461,.T.);
#1702=ORIENTED_EDGE('',*,*,#3462,.T.);
#1703=ORIENTED_EDGE('',*,*,#3463,.T.);
#1704=ORIENTED_EDGE('',*,*,#3464,.T.);
#1705=ORIENTED_EDGE('',*,*,#3465,.T.);
#1706=ORIENTED_EDGE('',*,*,#3466,.T.);
#1707=ORIENTED_EDGE('',*,*,#3467,.F.);
#1708=ORIENTED_EDGE('',*,*,#3468,.T.);
#1709=ORIENTED_EDGE('',*,*,#3469,.T.);
#1710=ORIENTED_EDGE('',*,*,#3470,.T.);
#1711=ORIENTED_EDGE('',*,*,#3471,.T.);
#1712=ORIENTED_EDGE('',*,*,#3472,.T.);
#1713=ORIENTED_EDGE('',*,*,#3473,.T.);
#1714=ORIENTED_EDGE('',*,*,#3474,.T.);
#1715=ORIENTED_EDGE('',*,*,#3475,.F.);
#1716=ORIENTED_EDGE('',*,*,#3476,.T.);
#1717=ORIENTED_EDGE('',*,*,#3477,.T.);
#1718=ORIENTED_EDGE('',*,*,#3478,.T.);
#1719=ORIENTED_EDGE('',*,*,#3479,.T.);
#1720=ORIENTED_EDGE('',*,*,#3480,.F.);
#1721=ORIENTED_EDGE('',*,*,#3481,.T.);
#1722=ORIENTED_EDGE('',*,*,#3465,.F.);
#1723=ORIENTED_EDGE('',*,*,#3482,.T.);
#1724=ORIENTED_EDGE('',*,*,#3483,.F.);
#1725=ORIENTED_EDGE('',*,*,#3484,.T.);
#1726=ORIENTED_EDGE('',*,*,#3485,.T.);
#1727=ORIENTED_EDGE('',*,*,#3457,.F.);
#1728=ORIENTED_EDGE('',*,*,#3486,.T.);
#1729=ORIENTED_EDGE('',*,*,#3487,.F.);
#1730=ORIENTED_EDGE('',*,*,#3488,.T.);
#1731=ORIENTED_EDGE('',*,*,#3449,.F.);
#1732=ORIENTED_EDGE('',*,*,#3489,.T.);
#1733=ORIENTED_EDGE('',*,*,#3490,.F.);
#1734=ORIENTED_EDGE('',*,*,#3491,.T.);
#1735=ORIENTED_EDGE('',*,*,#3441,.F.);
#1736=ORIENTED_EDGE('',*,*,#3492,.T.);
#1737=ORIENTED_EDGE('',*,*,#3493,.F.);
#1738=ORIENTED_EDGE('',*,*,#3494,.T.);
#1739=ORIENTED_EDGE('',*,*,#3473,.F.);
#1740=ORIENTED_EDGE('',*,*,#3495,.T.);
#1741=ORIENTED_EDGE('',*,*,#3496,.T.);
#1742=ORIENTED_EDGE('',*,*,#3497,.T.);
#1743=ORIENTED_EDGE('',*,*,#3498,.F.);
#1744=ORIENTED_EDGE('',*,*,#3499,.F.);
#1745=ORIENTED_EDGE('',*,*,#3500,.T.);
#1746=ORIENTED_EDGE('',*,*,#3501,.F.);
#1747=ORIENTED_EDGE('',*,*,#3502,.F.);
#1748=ORIENTED_EDGE('',*,*,#3503,.T.);
#1749=ORIENTED_EDGE('',*,*,#3498,.T.);
#1750=ORIENTED_EDGE('',*,*,#3504,.F.);
#1751=ORIENTED_EDGE('',*,*,#3505,.F.);
#1752=ORIENTED_EDGE('',*,*,#3506,.T.);
#1753=ORIENTED_EDGE('',*,*,#3502,.T.);
#1754=ORIENTED_EDGE('',*,*,#3507,.F.);
#1755=ORIENTED_EDGE('',*,*,#3500,.F.);
#1756=ORIENTED_EDGE('',*,*,#3508,.T.);
#1757=ORIENTED_EDGE('',*,*,#3505,.T.);
#1758=ORIENTED_EDGE('',*,*,#3499,.T.);
#1759=ORIENTED_EDGE('',*,*,#3503,.F.);
#1760=ORIENTED_EDGE('',*,*,#3506,.F.);
#1761=ORIENTED_EDGE('',*,*,#3508,.F.);
#1762=ORIENTED_EDGE('',*,*,#3480,.T.);
#1763=ORIENTED_EDGE('',*,*,#3497,.F.);
#1764=ORIENTED_EDGE('',*,*,#3507,.T.);
#1765=ORIENTED_EDGE('',*,*,#3504,.T.);
#1766=ORIENTED_EDGE('',*,*,#3501,.T.);
#1767=ORIENTED_EDGE('',*,*,#3443,.T.);
#1768=ORIENTED_EDGE('',*,*,#3509,.T.);
#1769=ORIENTED_EDGE('',*,*,#3510,.F.);
#1770=ORIENTED_EDGE('',*,*,#3511,.T.);
#1771=ORIENTED_EDGE('',*,*,#3447,.F.);
#1772=ORIENTED_EDGE('',*,*,#3512,.T.);
#1773=ORIENTED_EDGE('',*,*,#3513,.T.);
#1774=ORIENTED_EDGE('',*,*,#3514,.T.);
#1775=ORIENTED_EDGE('',*,*,#3515,.T.);
#1776=ORIENTED_EDGE('',*,*,#3516,.T.);
#1777=ORIENTED_EDGE('',*,*,#3445,.F.);
#1778=ORIENTED_EDGE('',*,*,#3517,.T.);
#1779=ORIENTED_EDGE('',*,*,#3446,.F.);
#1780=ORIENTED_EDGE('',*,*,#3516,.F.);
#1781=ORIENTED_EDGE('',*,*,#3518,.F.);
#1782=ORIENTED_EDGE('',*,*,#3512,.F.);
#1783=ORIENTED_EDGE('',*,*,#3448,.F.);
#1784=ORIENTED_EDGE('',*,*,#3514,.F.);
#1785=ORIENTED_EDGE('',*,*,#3519,.F.);
#1786=ORIENTED_EDGE('',*,*,#3489,.F.);
#1787=ORIENTED_EDGE('',*,*,#3442,.F.);
#1788=ORIENTED_EDGE('',*,*,#3491,.F.);
#1789=ORIENTED_EDGE('',*,*,#3520,.F.);
#1790=ORIENTED_EDGE('',*,*,#3509,.F.);
#1791=ORIENTED_EDGE('',*,*,#3444,.F.);
#1792=ORIENTED_EDGE('',*,*,#3511,.F.);
#1793=ORIENTED_EDGE('',*,*,#3521,.F.);
#1794=ORIENTED_EDGE('',*,*,#3517,.F.);
#1795=ORIENTED_EDGE('',*,*,#3513,.F.);
#1796=ORIENTED_EDGE('',*,*,#3518,.T.);
#1797=ORIENTED_EDGE('',*,*,#3522,.T.);
#1798=ORIENTED_EDGE('',*,*,#3523,.T.);
#1799=ORIENTED_EDGE('',*,*,#3524,.T.);
#1800=ORIENTED_EDGE('',*,*,#3525,.T.);
#1801=ORIENTED_EDGE('',*,*,#3526,.T.);
#1802=ORIENTED_EDGE('',*,*,#3519,.T.);
#1803=ORIENTED_EDGE('',*,*,#3510,.T.);
#1804=ORIENTED_EDGE('',*,*,#3520,.T.);
#1805=ORIENTED_EDGE('',*,*,#3527,.T.);
#1806=ORIENTED_EDGE('',*,*,#3528,.T.);
#1807=ORIENTED_EDGE('',*,*,#3529,.F.);
#1808=ORIENTED_EDGE('',*,*,#3530,.T.);
#1809=ORIENTED_EDGE('',*,*,#3531,.T.);
#1810=ORIENTED_EDGE('',*,*,#3521,.T.);
#1811=ORIENTED_EDGE('',*,*,#3475,.T.);
#1812=ORIENTED_EDGE('',*,*,#3532,.T.);
#1813=ORIENTED_EDGE('',*,*,#3533,.F.);
#1814=ORIENTED_EDGE('',*,*,#3534,.T.);
#1815=ORIENTED_EDGE('',*,*,#3479,.F.);
#1816=ORIENTED_EDGE('',*,*,#3535,.T.);
#1817=ORIENTED_EDGE('',*,*,#3529,.T.);
#1818=ORIENTED_EDGE('',*,*,#3536,.T.);
#1819=ORIENTED_EDGE('',*,*,#3537,.T.);
#1820=ORIENTED_EDGE('',*,*,#3538,.T.);
#1821=ORIENTED_EDGE('',*,*,#3477,.F.);
#1822=ORIENTED_EDGE('',*,*,#3539,.T.);
#1823=ORIENTED_EDGE('',*,*,#3478,.F.);
#1824=ORIENTED_EDGE('',*,*,#3538,.F.);
#1825=ORIENTED_EDGE('',*,*,#3530,.F.);
#1826=ORIENTED_EDGE('',*,*,#3535,.F.);
#1827=ORIENTED_EDGE('',*,*,#3440,.F.);
#1828=ORIENTED_EDGE('',*,*,#3536,.F.);
#1829=ORIENTED_EDGE('',*,*,#3528,.F.);
#1830=ORIENTED_EDGE('',*,*,#3492,.F.);
#1831=ORIENTED_EDGE('',*,*,#3474,.F.);
#1832=ORIENTED_EDGE('',*,*,#3494,.F.);
#1833=ORIENTED_EDGE('',*,*,#3540,.F.);
#1834=ORIENTED_EDGE('',*,*,#3532,.F.);
#1835=ORIENTED_EDGE('',*,*,#3476,.F.);
#1836=ORIENTED_EDGE('',*,*,#3534,.F.);
#1837=ORIENTED_EDGE('',*,*,#3541,.F.);
#1838=ORIENTED_EDGE('',*,*,#3539,.F.);
#1839=ORIENTED_EDGE('',*,*,#3533,.T.);
#1840=ORIENTED_EDGE('',*,*,#3540,.T.);
#1841=ORIENTED_EDGE('',*,*,#3542,.T.);
#1842=ORIENTED_EDGE('',*,*,#3543,.T.);
#1843=ORIENTED_EDGE('',*,*,#3544,.F.);
#1844=ORIENTED_EDGE('',*,*,#3545,.T.);
#1845=ORIENTED_EDGE('',*,*,#3546,.T.);
#1846=ORIENTED_EDGE('',*,*,#3541,.T.);
#1847=ORIENTED_EDGE('',*,*,#3524,.F.);
#1848=ORIENTED_EDGE('',*,*,#3547,.T.);
#1849=ORIENTED_EDGE('',*,*,#3451,.T.);
#1850=ORIENTED_EDGE('',*,*,#3548,.T.);
#1851=ORIENTED_EDGE('',*,*,#3455,.F.);
#1852=ORIENTED_EDGE('',*,*,#3549,.T.);
#1853=ORIENTED_EDGE('',*,*,#3550,.T.);
#1854=ORIENTED_EDGE('',*,*,#3551,.T.);
#1855=ORIENTED_EDGE('',*,*,#3453,.F.);
#1856=ORIENTED_EDGE('',*,*,#3552,.T.);
#1857=ORIENTED_EDGE('',*,*,#3553,.T.);
#1858=ORIENTED_EDGE('',*,*,#3554,.T.);
#1859=ORIENTED_EDGE('',*,*,#3452,.F.);
#1860=ORIENTED_EDGE('',*,*,#3547,.F.);
#1861=ORIENTED_EDGE('',*,*,#3523,.F.);
#1862=ORIENTED_EDGE('',*,*,#3552,.F.);
#1863=ORIENTED_EDGE('',*,*,#3454,.F.);
#1864=ORIENTED_EDGE('',*,*,#3554,.F.);
#1865=ORIENTED_EDGE('',*,*,#3555,.F.);
#1866=ORIENTED_EDGE('',*,*,#3549,.F.);
#1867=ORIENTED_EDGE('',*,*,#3456,.F.);
#1868=ORIENTED_EDGE('',*,*,#3551,.F.);
#1869=ORIENTED_EDGE('',*,*,#3556,.F.);
#1870=ORIENTED_EDGE('',*,*,#3486,.F.);
#1871=ORIENTED_EDGE('',*,*,#3450,.F.);
#1872=ORIENTED_EDGE('',*,*,#3488,.F.);
#1873=ORIENTED_EDGE('',*,*,#3525,.F.);
#1874=ORIENTED_EDGE('',*,*,#3548,.F.);
#1875=ORIENTED_EDGE('',*,*,#3550,.F.);
#1876=ORIENTED_EDGE('',*,*,#3555,.T.);
#1877=ORIENTED_EDGE('',*,*,#3557,.T.);
#1878=ORIENTED_EDGE('',*,*,#3558,.T.);
#1879=ORIENTED_EDGE('',*,*,#3559,.T.);
#1880=ORIENTED_EDGE('',*,*,#3556,.T.);
#1881=ORIENTED_EDGE('',*,*,#3459,.T.);
#1882=ORIENTED_EDGE('',*,*,#3560,.T.);
#1883=ORIENTED_EDGE('',*,*,#3561,.T.);
#1884=ORIENTED_EDGE('',*,*,#3562,.T.);
#1885=ORIENTED_EDGE('',*,*,#3563,.T.);
#1886=ORIENTED_EDGE('',*,*,#3564,.T.);
#1887=ORIENTED_EDGE('',*,*,#3463,.F.);
#1888=ORIENTED_EDGE('',*,*,#3565,.T.);
#1889=ORIENTED_EDGE('',*,*,#3566,.T.);
#1890=ORIENTED_EDGE('',*,*,#3567,.T.);
#1891=ORIENTED_EDGE('',*,*,#3461,.F.);
#1892=ORIENTED_EDGE('',*,*,#3568,.T.);
#1893=ORIENTED_EDGE('',*,*,#3569,.T.);
#1894=ORIENTED_EDGE('',*,*,#3460,.F.);
#1895=ORIENTED_EDGE('',*,*,#3562,.F.);
#1896=ORIENTED_EDGE('',*,*,#3570,.F.);
#1897=ORIENTED_EDGE('',*,*,#3568,.F.);
#1898=ORIENTED_EDGE('',*,*,#3458,.F.);
#1899=ORIENTED_EDGE('',*,*,#3485,.F.);
#1900=ORIENTED_EDGE('',*,*,#3571,.F.);
#1901=ORIENTED_EDGE('',*,*,#3560,.F.);
#1902=ORIENTED_EDGE('',*,*,#3570,.T.);
#1903=ORIENTED_EDGE('',*,*,#3561,.F.);
#1904=ORIENTED_EDGE('',*,*,#3571,.T.);
#1905=ORIENTED_EDGE('',*,*,#3484,.F.);
#1906=ORIENTED_EDGE('',*,*,#3558,.F.);
#1907=ORIENTED_EDGE('',*,*,#3569,.F.);
#1908=ORIENTED_EDGE('',*,*,#3464,.F.);
#1909=ORIENTED_EDGE('',*,*,#3564,.F.);
#1910=ORIENTED_EDGE('',*,*,#3572,.F.);
#1911=ORIENTED_EDGE('',*,*,#3482,.F.);
#1912=ORIENTED_EDGE('',*,*,#3462,.F.);
#1913=ORIENTED_EDGE('',*,*,#3567,.F.);
#1914=ORIENTED_EDGE('',*,*,#3573,.F.);
#1915=ORIENTED_EDGE('',*,*,#3565,.F.);
#1916=ORIENTED_EDGE('',*,*,#3574,.T.);
#1917=ORIENTED_EDGE('',*,*,#3572,.T.);
#1918=ORIENTED_EDGE('',*,*,#3563,.F.);
#1919=ORIENTED_EDGE('',*,*,#3573,.T.);
#1920=ORIENTED_EDGE('',*,*,#3575,.T.);
#1921=ORIENTED_EDGE('',*,*,#3576,.T.);
#1922=ORIENTED_EDGE('',*,*,#3577,.T.);
#1923=ORIENTED_EDGE('',*,*,#3578,.T.);
#1924=ORIENTED_EDGE('',*,*,#3577,.F.);
#1925=ORIENTED_EDGE('',*,*,#3579,.T.);
#1926=ORIENTED_EDGE('',*,*,#3467,.T.);
#1927=ORIENTED_EDGE('',*,*,#3580,.T.);
#1928=ORIENTED_EDGE('',*,*,#3471,.F.);
#1929=ORIENTED_EDGE('',*,*,#3581,.T.);
#1930=ORIENTED_EDGE('',*,*,#3544,.T.);
#1931=ORIENTED_EDGE('',*,*,#3582,.T.);
#1932=ORIENTED_EDGE('',*,*,#3469,.F.);
#1933=ORIENTED_EDGE('',*,*,#3583,.T.);
#1934=ORIENTED_EDGE('',*,*,#3584,.T.);
#1935=ORIENTED_EDGE('',*,*,#3585,.T.);
#1936=ORIENTED_EDGE('',*,*,#3468,.F.);
#1937=ORIENTED_EDGE('',*,*,#3579,.F.);
#1938=ORIENTED_EDGE('',*,*,#3576,.F.);
#1939=ORIENTED_EDGE('',*,*,#3583,.F.);
#1940=ORIENTED_EDGE('',*,*,#3470,.F.);
#1941=ORIENTED_EDGE('',*,*,#3585,.F.);
#1942=ORIENTED_EDGE('',*,*,#3545,.F.);
#1943=ORIENTED_EDGE('',*,*,#3581,.F.);
#1944=ORIENTED_EDGE('',*,*,#3472,.F.);
#1945=ORIENTED_EDGE('',*,*,#3582,.F.);
#1946=ORIENTED_EDGE('',*,*,#3543,.F.);
#1947=ORIENTED_EDGE('',*,*,#3495,.F.);
#1948=ORIENTED_EDGE('',*,*,#3466,.F.);
#1949=ORIENTED_EDGE('',*,*,#3481,.F.);
#1950=ORIENTED_EDGE('',*,*,#3578,.F.);
#1951=ORIENTED_EDGE('',*,*,#3580,.F.);
#1952=ORIENTED_EDGE('',*,*,#3586,.T.);
#1953=ORIENTED_EDGE('',*,*,#3587,.T.);
#1954=ORIENTED_EDGE('',*,*,#3496,.F.);
#1955=ORIENTED_EDGE('',*,*,#3542,.F.);
#1956=ORIENTED_EDGE('',*,*,#3493,.T.);
#1957=ORIENTED_EDGE('',*,*,#3527,.F.);
#1958=ORIENTED_EDGE('',*,*,#3490,.T.);
#1959=ORIENTED_EDGE('',*,*,#3526,.F.);
#1960=ORIENTED_EDGE('',*,*,#3487,.T.);
#1961=ORIENTED_EDGE('',*,*,#3559,.F.);
#1962=ORIENTED_EDGE('',*,*,#3483,.T.);
#1963=ORIENTED_EDGE('',*,*,#3574,.F.);
#1964=ORIENTED_EDGE('',*,*,#3586,.F.);
#1965=ORIENTED_EDGE('',*,*,#3587,.F.);
#1966=ORIENTED_EDGE('',*,*,#3584,.F.);
#1967=ORIENTED_EDGE('',*,*,#3575,.F.);
#1968=ORIENTED_EDGE('',*,*,#3566,.F.);
#1969=ORIENTED_EDGE('',*,*,#3557,.F.);
#1970=ORIENTED_EDGE('',*,*,#3553,.F.);
#1971=ORIENTED_EDGE('',*,*,#3522,.F.);
#1972=ORIENTED_EDGE('',*,*,#3515,.F.);
#1973=ORIENTED_EDGE('',*,*,#3531,.F.);
#1974=ORIENTED_EDGE('',*,*,#3537,.F.);
#1975=ORIENTED_EDGE('',*,*,#3546,.F.);
#1976=ORIENTED_EDGE('',*,*,#3588,.T.);
#1977=ORIENTED_EDGE('',*,*,#3589,.T.);
#1978=ORIENTED_EDGE('',*,*,#3590,.T.);
#1979=ORIENTED_EDGE('',*,*,#3591,.T.);
#1980=ORIENTED_EDGE('',*,*,#3588,.F.);
#1981=ORIENTED_EDGE('',*,*,#3590,.F.);
#1982=ORIENTED_EDGE('',*,*,#3591,.F.);
#1983=ORIENTED_EDGE('',*,*,#3589,.F.);
#1984=ORIENTED_EDGE('',*,*,#3592,.T.);
#1985=ORIENTED_EDGE('',*,*,#3593,.T.);
#1986=ORIENTED_EDGE('',*,*,#3594,.T.);
#1987=ORIENTED_EDGE('',*,*,#3595,.F.);
#1988=ORIENTED_EDGE('',*,*,#3596,.T.);
#1989=ORIENTED_EDGE('',*,*,#3597,.T.);
#1990=ORIENTED_EDGE('',*,*,#3598,.T.);
#1991=ORIENTED_EDGE('',*,*,#3599,.F.);
#1992=ORIENTED_EDGE('',*,*,#3600,.T.);
#1993=ORIENTED_EDGE('',*,*,#3601,.T.);
#1994=ORIENTED_EDGE('',*,*,#3602,.T.);
#1995=ORIENTED_EDGE('',*,*,#3603,.F.);
#1996=ORIENTED_EDGE('',*,*,#3604,.T.);
#1997=ORIENTED_EDGE('',*,*,#3605,.T.);
#1998=ORIENTED_EDGE('',*,*,#3606,.T.);
#1999=ORIENTED_EDGE('',*,*,#3607,.F.);
#2000=ORIENTED_EDGE('',*,*,#3608,.T.);
#2001=ORIENTED_EDGE('',*,*,#3597,.F.);
#2002=ORIENTED_EDGE('',*,*,#3609,.T.);
#2003=ORIENTED_EDGE('',*,*,#3610,.F.);
#2004=ORIENTED_EDGE('',*,*,#3611,.T.);
#2005=ORIENTED_EDGE('',*,*,#3612,.T.);
#2006=ORIENTED_EDGE('',*,*,#3613,.T.);
#2007=ORIENTED_EDGE('',*,*,#3614,.T.);
#2008=ORIENTED_EDGE('',*,*,#3615,.T.);
#2009=ORIENTED_EDGE('',*,*,#3601,.F.);
#2010=ORIENTED_EDGE('',*,*,#3616,.T.);
#2011=ORIENTED_EDGE('',*,*,#3617,.F.);
#2012=ORIENTED_EDGE('',*,*,#3618,.T.);
#2013=ORIENTED_EDGE('',*,*,#3619,.T.);
#2014=ORIENTED_EDGE('',*,*,#3620,.T.);
#2015=ORIENTED_EDGE('',*,*,#3621,.T.);
#2016=ORIENTED_EDGE('',*,*,#3622,.T.);
#2017=ORIENTED_EDGE('',*,*,#3605,.F.);
#2018=ORIENTED_EDGE('',*,*,#3623,.T.);
#2019=ORIENTED_EDGE('',*,*,#3624,.F.);
#2020=ORIENTED_EDGE('',*,*,#3625,.T.);
#2021=ORIENTED_EDGE('',*,*,#3626,.T.);
#2022=ORIENTED_EDGE('',*,*,#3627,.T.);
#2023=ORIENTED_EDGE('',*,*,#3628,.T.);
#2024=ORIENTED_EDGE('',*,*,#3629,.T.);
#2025=ORIENTED_EDGE('',*,*,#3630,.F.);
#2026=ORIENTED_EDGE('',*,*,#3631,.T.);
#2027=ORIENTED_EDGE('',*,*,#3632,.F.);
#2028=ORIENTED_EDGE('',*,*,#3633,.T.);
#2029=ORIENTED_EDGE('',*,*,#3634,.T.);
#2030=ORIENTED_EDGE('',*,*,#3635,.T.);
#2031=ORIENTED_EDGE('',*,*,#3636,.T.);
#2032=ORIENTED_EDGE('',*,*,#3637,.T.);
#2033=ORIENTED_EDGE('',*,*,#3638,.T.);
#2034=ORIENTED_EDGE('',*,*,#3593,.F.);
#2035=ORIENTED_EDGE('',*,*,#3639,.T.);
#2036=ORIENTED_EDGE('',*,*,#3640,.F.);
#2037=ORIENTED_EDGE('',*,*,#3641,.T.);
#2038=ORIENTED_EDGE('',*,*,#3642,.T.);
#2039=ORIENTED_EDGE('',*,*,#3643,.T.);
#2040=ORIENTED_EDGE('',*,*,#3644,.T.);
#2041=ORIENTED_EDGE('',*,*,#3645,.F.);
#2042=ORIENTED_EDGE('',*,*,#3646,.T.);
#2043=ORIENTED_EDGE('',*,*,#3647,.T.);
#2044=ORIENTED_EDGE('',*,*,#3630,.T.);
#2045=ORIENTED_EDGE('',*,*,#3648,.T.);
#2046=ORIENTED_EDGE('',*,*,#3649,.T.);
#2047=ORIENTED_EDGE('',*,*,#3650,.T.);
#2048=ORIENTED_EDGE('',*,*,#3651,.F.);
#2049=ORIENTED_EDGE('',*,*,#3652,.F.);
#2050=ORIENTED_EDGE('',*,*,#3653,.T.);
#2051=ORIENTED_EDGE('',*,*,#3654,.F.);
#2052=ORIENTED_EDGE('',*,*,#3655,.F.);
#2053=ORIENTED_EDGE('',*,*,#3656,.T.);
#2054=ORIENTED_EDGE('',*,*,#3651,.T.);
#2055=ORIENTED_EDGE('',*,*,#3657,.F.);
#2056=ORIENTED_EDGE('',*,*,#3658,.F.);
#2057=ORIENTED_EDGE('',*,*,#3659,.T.);
#2058=ORIENTED_EDGE('',*,*,#3655,.T.);
#2059=ORIENTED_EDGE('',*,*,#3660,.F.);
#2060=ORIENTED_EDGE('',*,*,#3653,.F.);
#2061=ORIENTED_EDGE('',*,*,#3661,.T.);
#2062=ORIENTED_EDGE('',*,*,#3658,.T.);
#2063=ORIENTED_EDGE('',*,*,#3652,.T.);
#2064=ORIENTED_EDGE('',*,*,#3656,.F.);
#2065=ORIENTED_EDGE('',*,*,#3659,.F.);
#2066=ORIENTED_EDGE('',*,*,#3661,.F.);
#2067=ORIENTED_EDGE('',*,*,#3645,.T.);
#2068=ORIENTED_EDGE('',*,*,#3650,.F.);
#2069=ORIENTED_EDGE('',*,*,#3660,.T.);
#2070=ORIENTED_EDGE('',*,*,#3657,.T.);
#2071=ORIENTED_EDGE('',*,*,#3654,.T.);
#2072=ORIENTED_EDGE('',*,*,#3610,.T.);
#2073=ORIENTED_EDGE('',*,*,#3662,.T.);
#2074=ORIENTED_EDGE('',*,*,#3663,.F.);
#2075=ORIENTED_EDGE('',*,*,#3664,.T.);
#2076=ORIENTED_EDGE('',*,*,#3614,.F.);
#2077=ORIENTED_EDGE('',*,*,#3665,.T.);
#2078=ORIENTED_EDGE('',*,*,#3666,.T.);
#2079=ORIENTED_EDGE('',*,*,#3667,.T.);
#2080=ORIENTED_EDGE('',*,*,#3668,.T.);
#2081=ORIENTED_EDGE('',*,*,#3669,.T.);
#2082=ORIENTED_EDGE('',*,*,#3612,.F.);
#2083=ORIENTED_EDGE('',*,*,#3670,.T.);
#2084=ORIENTED_EDGE('',*,*,#3613,.F.);
#2085=ORIENTED_EDGE('',*,*,#3669,.F.);
#2086=ORIENTED_EDGE('',*,*,#3671,.F.);
#2087=ORIENTED_EDGE('',*,*,#3665,.F.);
#2088=ORIENTED_EDGE('',*,*,#3615,.F.);
#2089=ORIENTED_EDGE('',*,*,#3667,.F.);
#2090=ORIENTED_EDGE('',*,*,#3672,.F.);
#2091=ORIENTED_EDGE('',*,*,#3598,.F.);
#2092=ORIENTED_EDGE('',*,*,#3609,.F.);
#2093=ORIENTED_EDGE('',*,*,#3596,.F.);
#2094=ORIENTED_EDGE('',*,*,#3673,.F.);
#2095=ORIENTED_EDGE('',*,*,#3662,.F.);
#2096=ORIENTED_EDGE('',*,*,#3611,.F.);
#2097=ORIENTED_EDGE('',*,*,#3664,.F.);
#2098=ORIENTED_EDGE('',*,*,#3674,.F.);
#2099=ORIENTED_EDGE('',*,*,#3670,.F.);
#2100=ORIENTED_EDGE('',*,*,#3666,.F.);
#2101=ORIENTED_EDGE('',*,*,#3671,.T.);
#2102=ORIENTED_EDGE('',*,*,#3675,.T.);
#2103=ORIENTED_EDGE('',*,*,#3676,.T.);
#2104=ORIENTED_EDGE('',*,*,#3677,.T.);
#2105=ORIENTED_EDGE('',*,*,#3678,.T.);
#2106=ORIENTED_EDGE('',*,*,#3679,.T.);
#2107=ORIENTED_EDGE('',*,*,#3672,.T.);
#2108=ORIENTED_EDGE('',*,*,#3663,.T.);
#2109=ORIENTED_EDGE('',*,*,#3673,.T.);
#2110=ORIENTED_EDGE('',*,*,#3680,.T.);
#2111=ORIENTED_EDGE('',*,*,#3681,.T.);
#2112=ORIENTED_EDGE('',*,*,#3682,.F.);
#2113=ORIENTED_EDGE('',*,*,#3683,.T.);
#2114=ORIENTED_EDGE('',*,*,#3684,.T.);
#2115=ORIENTED_EDGE('',*,*,#3674,.T.);
#2116=ORIENTED_EDGE('',*,*,#3640,.T.);
#2117=ORIENTED_EDGE('',*,*,#3685,.T.);
#2118=ORIENTED_EDGE('',*,*,#3686,.F.);
#2119=ORIENTED_EDGE('',*,*,#3687,.T.);
#2120=ORIENTED_EDGE('',*,*,#3644,.F.);
#2121=ORIENTED_EDGE('',*,*,#3688,.T.);
#2122=ORIENTED_EDGE('',*,*,#3682,.T.);
#2123=ORIENTED_EDGE('',*,*,#3689,.T.);
#2124=ORIENTED_EDGE('',*,*,#3690,.T.);
#2125=ORIENTED_EDGE('',*,*,#3691,.T.);
#2126=ORIENTED_EDGE('',*,*,#3642,.F.);
#2127=ORIENTED_EDGE('',*,*,#3692,.T.);
#2128=ORIENTED_EDGE('',*,*,#3643,.F.);
#2129=ORIENTED_EDGE('',*,*,#3691,.F.);
#2130=ORIENTED_EDGE('',*,*,#3683,.F.);
#2131=ORIENTED_EDGE('',*,*,#3688,.F.);
#2132=ORIENTED_EDGE('',*,*,#3638,.F.);
#2133=ORIENTED_EDGE('',*,*,#3689,.F.);
#2134=ORIENTED_EDGE('',*,*,#3681,.F.);
#2135=ORIENTED_EDGE('',*,*,#3594,.F.);
#2136=ORIENTED_EDGE('',*,*,#3639,.F.);
#2137=ORIENTED_EDGE('',*,*,#3592,.F.);
#2138=ORIENTED_EDGE('',*,*,#3693,.F.);
#2139=ORIENTED_EDGE('',*,*,#3685,.F.);
#2140=ORIENTED_EDGE('',*,*,#3641,.F.);
#2141=ORIENTED_EDGE('',*,*,#3687,.F.);
#2142=ORIENTED_EDGE('',*,*,#3694,.F.);
#2143=ORIENTED_EDGE('',*,*,#3692,.F.);
#2144=ORIENTED_EDGE('',*,*,#3686,.T.);
#2145=ORIENTED_EDGE('',*,*,#3693,.T.);
#2146=ORIENTED_EDGE('',*,*,#3695,.T.);
#2147=ORIENTED_EDGE('',*,*,#3696,.T.);
#2148=ORIENTED_EDGE('',*,*,#3697,.F.);
#2149=ORIENTED_EDGE('',*,*,#3698,.T.);
#2150=ORIENTED_EDGE('',*,*,#3699,.T.);
#2151=ORIENTED_EDGE('',*,*,#3694,.T.);
#2152=ORIENTED_EDGE('',*,*,#3677,.F.);
#2153=ORIENTED_EDGE('',*,*,#3700,.T.);
#2154=ORIENTED_EDGE('',*,*,#3617,.T.);
#2155=ORIENTED_EDGE('',*,*,#3701,.T.);
#2156=ORIENTED_EDGE('',*,*,#3621,.F.);
#2157=ORIENTED_EDGE('',*,*,#3702,.T.);
#2158=ORIENTED_EDGE('',*,*,#3703,.T.);
#2159=ORIENTED_EDGE('',*,*,#3704,.T.);
#2160=ORIENTED_EDGE('',*,*,#3619,.F.);
#2161=ORIENTED_EDGE('',*,*,#3705,.T.);
#2162=ORIENTED_EDGE('',*,*,#3706,.T.);
#2163=ORIENTED_EDGE('',*,*,#3707,.T.);
#2164=ORIENTED_EDGE('',*,*,#3618,.F.);
#2165=ORIENTED_EDGE('',*,*,#3700,.F.);
#2166=ORIENTED_EDGE('',*,*,#3676,.F.);
#2167=ORIENTED_EDGE('',*,*,#3705,.F.);
#2168=ORIENTED_EDGE('',*,*,#3620,.F.);
#2169=ORIENTED_EDGE('',*,*,#3707,.F.);
#2170=ORIENTED_EDGE('',*,*,#3708,.F.);
#2171=ORIENTED_EDGE('',*,*,#3702,.F.);
#2172=ORIENTED_EDGE('',*,*,#3622,.F.);
#2173=ORIENTED_EDGE('',*,*,#3704,.F.);
#2174=ORIENTED_EDGE('',*,*,#3709,.F.);
#2175=ORIENTED_EDGE('',*,*,#3602,.F.);
#2176=ORIENTED_EDGE('',*,*,#3616,.F.);
#2177=ORIENTED_EDGE('',*,*,#3600,.F.);
#2178=ORIENTED_EDGE('',*,*,#3678,.F.);
#2179=ORIENTED_EDGE('',*,*,#3701,.F.);
#2180=ORIENTED_EDGE('',*,*,#3703,.F.);
#2181=ORIENTED_EDGE('',*,*,#3708,.T.);
#2182=ORIENTED_EDGE('',*,*,#3710,.T.);
#2183=ORIENTED_EDGE('',*,*,#3711,.T.);
#2184=ORIENTED_EDGE('',*,*,#3712,.T.);
#2185=ORIENTED_EDGE('',*,*,#3709,.T.);
#2186=ORIENTED_EDGE('',*,*,#3624,.T.);
#2187=ORIENTED_EDGE('',*,*,#3713,.T.);
#2188=ORIENTED_EDGE('',*,*,#3714,.T.);
#2189=ORIENTED_EDGE('',*,*,#3715,.T.);
#2190=ORIENTED_EDGE('',*,*,#3716,.T.);
#2191=ORIENTED_EDGE('',*,*,#3717,.T.);
#2192=ORIENTED_EDGE('',*,*,#3628,.F.);
#2193=ORIENTED_EDGE('',*,*,#3718,.T.);
#2194=ORIENTED_EDGE('',*,*,#3719,.T.);
#2195=ORIENTED_EDGE('',*,*,#3720,.T.);
#2196=ORIENTED_EDGE('',*,*,#3626,.F.);
#2197=ORIENTED_EDGE('',*,*,#3721,.T.);
#2198=ORIENTED_EDGE('',*,*,#3722,.T.);
#2199=ORIENTED_EDGE('',*,*,#3625,.F.);
#2200=ORIENTED_EDGE('',*,*,#3715,.F.);
#2201=ORIENTED_EDGE('',*,*,#3723,.F.);
#2202=ORIENTED_EDGE('',*,*,#3721,.F.);
#2203=ORIENTED_EDGE('',*,*,#3623,.F.);
#2204=ORIENTED_EDGE('',*,*,#3604,.F.);
#2205=ORIENTED_EDGE('',*,*,#3724,.F.);
#2206=ORIENTED_EDGE('',*,*,#3713,.F.);
#2207=ORIENTED_EDGE('',*,*,#3723,.T.);
#2208=ORIENTED_EDGE('',*,*,#3714,.F.);
#2209=ORIENTED_EDGE('',*,*,#3724,.T.);
#2210=ORIENTED_EDGE('',*,*,#3608,.F.);
#2211=ORIENTED_EDGE('',*,*,#3711,.F.);
#2212=ORIENTED_EDGE('',*,*,#3722,.F.);
#2213=ORIENTED_EDGE('',*,*,#3629,.F.);
#2214=ORIENTED_EDGE('',*,*,#3717,.F.);
#2215=ORIENTED_EDGE('',*,*,#3725,.F.);
#2216=ORIENTED_EDGE('',*,*,#3606,.F.);
#2217=ORIENTED_EDGE('',*,*,#3627,.F.);
#2218=ORIENTED_EDGE('',*,*,#3720,.F.);
#2219=ORIENTED_EDGE('',*,*,#3726,.F.);
#2220=ORIENTED_EDGE('',*,*,#3718,.F.);
#2221=ORIENTED_EDGE('',*,*,#3727,.T.);
#2222=ORIENTED_EDGE('',*,*,#3725,.T.);
#2223=ORIENTED_EDGE('',*,*,#3716,.F.);
#2224=ORIENTED_EDGE('',*,*,#3726,.T.);
#2225=ORIENTED_EDGE('',*,*,#3728,.T.);
#2226=ORIENTED_EDGE('',*,*,#3729,.T.);
#2227=ORIENTED_EDGE('',*,*,#3730,.T.);
#2228=ORIENTED_EDGE('',*,*,#3731,.T.);
#2229=ORIENTED_EDGE('',*,*,#3730,.F.);
#2230=ORIENTED_EDGE('',*,*,#3732,.T.);
#2231=ORIENTED_EDGE('',*,*,#3632,.T.);
#2232=ORIENTED_EDGE('',*,*,#3733,.T.);
#2233=ORIENTED_EDGE('',*,*,#3636,.F.);
#2234=ORIENTED_EDGE('',*,*,#3734,.T.);
#2235=ORIENTED_EDGE('',*,*,#3697,.T.);
#2236=ORIENTED_EDGE('',*,*,#3735,.T.);
#2237=ORIENTED_EDGE('',*,*,#3634,.F.);
#2238=ORIENTED_EDGE('',*,*,#3736,.T.);
#2239=ORIENTED_EDGE('',*,*,#3737,.T.);
#2240=ORIENTED_EDGE('',*,*,#3738,.T.);
#2241=ORIENTED_EDGE('',*,*,#3633,.F.);
#2242=ORIENTED_EDGE('',*,*,#3732,.F.);
#2243=ORIENTED_EDGE('',*,*,#3729,.F.);
#2244=ORIENTED_EDGE('',*,*,#3736,.F.);
#2245=ORIENTED_EDGE('',*,*,#3635,.F.);
#2246=ORIENTED_EDGE('',*,*,#3738,.F.);
#2247=ORIENTED_EDGE('',*,*,#3698,.F.);
#2248=ORIENTED_EDGE('',*,*,#3734,.F.);
#2249=ORIENTED_EDGE('',*,*,#3637,.F.);
#2250=ORIENTED_EDGE('',*,*,#3735,.F.);
#2251=ORIENTED_EDGE('',*,*,#3696,.F.);
#2252=ORIENTED_EDGE('',*,*,#3648,.F.);
#2253=ORIENTED_EDGE('',*,*,#3631,.F.);
#2254=ORIENTED_EDGE('',*,*,#3647,.F.);
#2255=ORIENTED_EDGE('',*,*,#3731,.F.);
#2256=ORIENTED_EDGE('',*,*,#3733,.F.);
#2257=ORIENTED_EDGE('',*,*,#3739,.T.);
#2258=ORIENTED_EDGE('',*,*,#3740,.T.);
#2259=ORIENTED_EDGE('',*,*,#3649,.F.);
#2260=ORIENTED_EDGE('',*,*,#3695,.F.);
#2261=ORIENTED_EDGE('',*,*,#3595,.T.);
#2262=ORIENTED_EDGE('',*,*,#3680,.F.);
#2263=ORIENTED_EDGE('',*,*,#3599,.T.);
#2264=ORIENTED_EDGE('',*,*,#3679,.F.);
#2265=ORIENTED_EDGE('',*,*,#3603,.T.);
#2266=ORIENTED_EDGE('',*,*,#3712,.F.);
#2267=ORIENTED_EDGE('',*,*,#3607,.T.);
#2268=ORIENTED_EDGE('',*,*,#3727,.F.);
#2269=ORIENTED_EDGE('',*,*,#3739,.F.);
#2270=ORIENTED_EDGE('',*,*,#3740,.F.);
#2271=ORIENTED_EDGE('',*,*,#3737,.F.);
#2272=ORIENTED_EDGE('',*,*,#3728,.F.);
#2273=ORIENTED_EDGE('',*,*,#3719,.F.);
#2274=ORIENTED_EDGE('',*,*,#3710,.F.);
#2275=ORIENTED_EDGE('',*,*,#3706,.F.);
#2276=ORIENTED_EDGE('',*,*,#3675,.F.);
#2277=ORIENTED_EDGE('',*,*,#3668,.F.);
#2278=ORIENTED_EDGE('',*,*,#3684,.F.);
#2279=ORIENTED_EDGE('',*,*,#3690,.F.);
#2280=ORIENTED_EDGE('',*,*,#3699,.F.);
#2281=ORIENTED_EDGE('',*,*,#3646,.F.);
#2282=ORIENTED_EDGE('',*,*,#3741,.F.);
#2283=ORIENTED_EDGE('',*,*,#3742,.F.);
#2284=ORIENTED_EDGE('',*,*,#3743,.F.);
#2285=ORIENTED_EDGE('',*,*,#3744,.F.);
#2286=ORIENTED_EDGE('',*,*,#3741,.T.);
#2287=ORIENTED_EDGE('',*,*,#3743,.T.);
#2288=ORIENTED_EDGE('',*,*,#3744,.T.);
#2289=ORIENTED_EDGE('',*,*,#3742,.T.);
#2290=ORIENTED_EDGE('',*,*,#3745,.T.);
#2291=ORIENTED_EDGE('',*,*,#3746,.T.);
#2292=ORIENTED_EDGE('',*,*,#3747,.T.);
#2293=ORIENTED_EDGE('',*,*,#3748,.F.);
#2294=ORIENTED_EDGE('',*,*,#3749,.T.);
#2295=ORIENTED_EDGE('',*,*,#3750,.T.);
#2296=ORIENTED_EDGE('',*,*,#3751,.T.);
#2297=ORIENTED_EDGE('',*,*,#3752,.F.);
#2298=ORIENTED_EDGE('',*,*,#3753,.T.);
#2299=ORIENTED_EDGE('',*,*,#3754,.T.);
#2300=ORIENTED_EDGE('',*,*,#3755,.T.);
#2301=ORIENTED_EDGE('',*,*,#3756,.F.);
#2302=ORIENTED_EDGE('',*,*,#3757,.T.);
#2303=ORIENTED_EDGE('',*,*,#3758,.T.);
#2304=ORIENTED_EDGE('',*,*,#3759,.T.);
#2305=ORIENTED_EDGE('',*,*,#3760,.F.);
#2306=ORIENTED_EDGE('',*,*,#3761,.T.);
#2307=ORIENTED_EDGE('',*,*,#3750,.F.);
#2308=ORIENTED_EDGE('',*,*,#3762,.T.);
#2309=ORIENTED_EDGE('',*,*,#3763,.F.);
#2310=ORIENTED_EDGE('',*,*,#3764,.T.);
#2311=ORIENTED_EDGE('',*,*,#3765,.T.);
#2312=ORIENTED_EDGE('',*,*,#3766,.T.);
#2313=ORIENTED_EDGE('',*,*,#3767,.T.);
#2314=ORIENTED_EDGE('',*,*,#3768,.T.);
#2315=ORIENTED_EDGE('',*,*,#3754,.F.);
#2316=ORIENTED_EDGE('',*,*,#3769,.T.);
#2317=ORIENTED_EDGE('',*,*,#3770,.F.);
#2318=ORIENTED_EDGE('',*,*,#3771,.T.);
#2319=ORIENTED_EDGE('',*,*,#3772,.T.);
#2320=ORIENTED_EDGE('',*,*,#3773,.T.);
#2321=ORIENTED_EDGE('',*,*,#3774,.T.);
#2322=ORIENTED_EDGE('',*,*,#3775,.T.);
#2323=ORIENTED_EDGE('',*,*,#3758,.F.);
#2324=ORIENTED_EDGE('',*,*,#3776,.T.);
#2325=ORIENTED_EDGE('',*,*,#3777,.F.);
#2326=ORIENTED_EDGE('',*,*,#3778,.T.);
#2327=ORIENTED_EDGE('',*,*,#3779,.T.);
#2328=ORIENTED_EDGE('',*,*,#3780,.T.);
#2329=ORIENTED_EDGE('',*,*,#3781,.T.);
#2330=ORIENTED_EDGE('',*,*,#3782,.T.);
#2331=ORIENTED_EDGE('',*,*,#3783,.F.);
#2332=ORIENTED_EDGE('',*,*,#3784,.T.);
#2333=ORIENTED_EDGE('',*,*,#3785,.F.);
#2334=ORIENTED_EDGE('',*,*,#3786,.T.);
#2335=ORIENTED_EDGE('',*,*,#3787,.T.);
#2336=ORIENTED_EDGE('',*,*,#3788,.T.);
#2337=ORIENTED_EDGE('',*,*,#3789,.T.);
#2338=ORIENTED_EDGE('',*,*,#3790,.T.);
#2339=ORIENTED_EDGE('',*,*,#3791,.T.);
#2340=ORIENTED_EDGE('',*,*,#3746,.F.);
#2341=ORIENTED_EDGE('',*,*,#3792,.T.);
#2342=ORIENTED_EDGE('',*,*,#3793,.F.);
#2343=ORIENTED_EDGE('',*,*,#3794,.T.);
#2344=ORIENTED_EDGE('',*,*,#3795,.T.);
#2345=ORIENTED_EDGE('',*,*,#3796,.T.);
#2346=ORIENTED_EDGE('',*,*,#3797,.T.);
#2347=ORIENTED_EDGE('',*,*,#3798,.F.);
#2348=ORIENTED_EDGE('',*,*,#3799,.T.);
#2349=ORIENTED_EDGE('',*,*,#3800,.T.);
#2350=ORIENTED_EDGE('',*,*,#3783,.T.);
#2351=ORIENTED_EDGE('',*,*,#3801,.T.);
#2352=ORIENTED_EDGE('',*,*,#3802,.T.);
#2353=ORIENTED_EDGE('',*,*,#3803,.T.);
#2354=ORIENTED_EDGE('',*,*,#3804,.F.);
#2355=ORIENTED_EDGE('',*,*,#3805,.F.);
#2356=ORIENTED_EDGE('',*,*,#3806,.T.);
#2357=ORIENTED_EDGE('',*,*,#3807,.F.);
#2358=ORIENTED_EDGE('',*,*,#3808,.F.);
#2359=ORIENTED_EDGE('',*,*,#3809,.T.);
#2360=ORIENTED_EDGE('',*,*,#3804,.T.);
#2361=ORIENTED_EDGE('',*,*,#3810,.F.);
#2362=ORIENTED_EDGE('',*,*,#3811,.F.);
#2363=ORIENTED_EDGE('',*,*,#3812,.T.);
#2364=ORIENTED_EDGE('',*,*,#3808,.T.);
#2365=ORIENTED_EDGE('',*,*,#3813,.F.);
#2366=ORIENTED_EDGE('',*,*,#3806,.F.);
#2367=ORIENTED_EDGE('',*,*,#3814,.T.);
#2368=ORIENTED_EDGE('',*,*,#3811,.T.);
#2369=ORIENTED_EDGE('',*,*,#3805,.T.);
#2370=ORIENTED_EDGE('',*,*,#3809,.F.);
#2371=ORIENTED_EDGE('',*,*,#3812,.F.);
#2372=ORIENTED_EDGE('',*,*,#3814,.F.);
#2373=ORIENTED_EDGE('',*,*,#3798,.T.);
#2374=ORIENTED_EDGE('',*,*,#3803,.F.);
#2375=ORIENTED_EDGE('',*,*,#3813,.T.);
#2376=ORIENTED_EDGE('',*,*,#3810,.T.);
#2377=ORIENTED_EDGE('',*,*,#3807,.T.);
#2378=ORIENTED_EDGE('',*,*,#3763,.T.);
#2379=ORIENTED_EDGE('',*,*,#3815,.T.);
#2380=ORIENTED_EDGE('',*,*,#3816,.F.);
#2381=ORIENTED_EDGE('',*,*,#3817,.T.);
#2382=ORIENTED_EDGE('',*,*,#3767,.F.);
#2383=ORIENTED_EDGE('',*,*,#3818,.T.);
#2384=ORIENTED_EDGE('',*,*,#3819,.T.);
#2385=ORIENTED_EDGE('',*,*,#3820,.T.);
#2386=ORIENTED_EDGE('',*,*,#3821,.T.);
#2387=ORIENTED_EDGE('',*,*,#3822,.T.);
#2388=ORIENTED_EDGE('',*,*,#3765,.F.);
#2389=ORIENTED_EDGE('',*,*,#3823,.T.);
#2390=ORIENTED_EDGE('',*,*,#3766,.F.);
#2391=ORIENTED_EDGE('',*,*,#3822,.F.);
#2392=ORIENTED_EDGE('',*,*,#3824,.F.);
#2393=ORIENTED_EDGE('',*,*,#3818,.F.);
#2394=ORIENTED_EDGE('',*,*,#3768,.F.);
#2395=ORIENTED_EDGE('',*,*,#3820,.F.);
#2396=ORIENTED_EDGE('',*,*,#3825,.F.);
#2397=ORIENTED_EDGE('',*,*,#3751,.F.);
#2398=ORIENTED_EDGE('',*,*,#3762,.F.);
#2399=ORIENTED_EDGE('',*,*,#3749,.F.);
#2400=ORIENTED_EDGE('',*,*,#3826,.F.);
#2401=ORIENTED_EDGE('',*,*,#3815,.F.);
#2402=ORIENTED_EDGE('',*,*,#3764,.F.);
#2403=ORIENTED_EDGE('',*,*,#3817,.F.);
#2404=ORIENTED_EDGE('',*,*,#3827,.F.);
#2405=ORIENTED_EDGE('',*,*,#3823,.F.);
#2406=ORIENTED_EDGE('',*,*,#3819,.F.);
#2407=ORIENTED_EDGE('',*,*,#3824,.T.);
#2408=ORIENTED_EDGE('',*,*,#3828,.T.);
#2409=ORIENTED_EDGE('',*,*,#3829,.T.);
#2410=ORIENTED_EDGE('',*,*,#3830,.T.);
#2411=ORIENTED_EDGE('',*,*,#3831,.T.);
#2412=ORIENTED_EDGE('',*,*,#3832,.T.);
#2413=ORIENTED_EDGE('',*,*,#3825,.T.);
#2414=ORIENTED_EDGE('',*,*,#3816,.T.);
#2415=ORIENTED_EDGE('',*,*,#3826,.T.);
#2416=ORIENTED_EDGE('',*,*,#3833,.T.);
#2417=ORIENTED_EDGE('',*,*,#3834,.T.);
#2418=ORIENTED_EDGE('',*,*,#3835,.F.);
#2419=ORIENTED_EDGE('',*,*,#3836,.T.);
#2420=ORIENTED_EDGE('',*,*,#3837,.T.);
#2421=ORIENTED_EDGE('',*,*,#3827,.T.);
#2422=ORIENTED_EDGE('',*,*,#3793,.T.);
#2423=ORIENTED_EDGE('',*,*,#3838,.T.);
#2424=ORIENTED_EDGE('',*,*,#3839,.F.);
#2425=ORIENTED_EDGE('',*,*,#3840,.T.);
#2426=ORIENTED_EDGE('',*,*,#3797,.F.);
#2427=ORIENTED_EDGE('',*,*,#3841,.T.);
#2428=ORIENTED_EDGE('',*,*,#3835,.T.);
#2429=ORIENTED_EDGE('',*,*,#3842,.T.);
#2430=ORIENTED_EDGE('',*,*,#3843,.T.);
#2431=ORIENTED_EDGE('',*,*,#3844,.T.);
#2432=ORIENTED_EDGE('',*,*,#3795,.F.);
#2433=ORIENTED_EDGE('',*,*,#3845,.T.);
#2434=ORIENTED_EDGE('',*,*,#3796,.F.);
#2435=ORIENTED_EDGE('',*,*,#3844,.F.);
#2436=ORIENTED_EDGE('',*,*,#3836,.F.);
#2437=ORIENTED_EDGE('',*,*,#3841,.F.);
#2438=ORIENTED_EDGE('',*,*,#3791,.F.);
#2439=ORIENTED_EDGE('',*,*,#3842,.F.);
#2440=ORIENTED_EDGE('',*,*,#3834,.F.);
#2441=ORIENTED_EDGE('',*,*,#3747,.F.);
#2442=ORIENTED_EDGE('',*,*,#3792,.F.);
#2443=ORIENTED_EDGE('',*,*,#3745,.F.);
#2444=ORIENTED_EDGE('',*,*,#3846,.F.);
#2445=ORIENTED_EDGE('',*,*,#3838,.F.);
#2446=ORIENTED_EDGE('',*,*,#3794,.F.);
#2447=ORIENTED_EDGE('',*,*,#3840,.F.);
#2448=ORIENTED_EDGE('',*,*,#3847,.F.);
#2449=ORIENTED_EDGE('',*,*,#3845,.F.);
#2450=ORIENTED_EDGE('',*,*,#3839,.T.);
#2451=ORIENTED_EDGE('',*,*,#3846,.T.);
#2452=ORIENTED_EDGE('',*,*,#3848,.T.);
#2453=ORIENTED_EDGE('',*,*,#3849,.T.);
#2454=ORIENTED_EDGE('',*,*,#3850,.F.);
#2455=ORIENTED_EDGE('',*,*,#3851,.T.);
#2456=ORIENTED_EDGE('',*,*,#3852,.T.);
#2457=ORIENTED_EDGE('',*,*,#3847,.T.);
#2458=ORIENTED_EDGE('',*,*,#3830,.F.);
#2459=ORIENTED_EDGE('',*,*,#3853,.T.);
#2460=ORIENTED_EDGE('',*,*,#3770,.T.);
#2461=ORIENTED_EDGE('',*,*,#3854,.T.);
#2462=ORIENTED_EDGE('',*,*,#3774,.F.);
#2463=ORIENTED_EDGE('',*,*,#3855,.T.);
#2464=ORIENTED_EDGE('',*,*,#3856,.T.);
#2465=ORIENTED_EDGE('',*,*,#3857,.T.);
#2466=ORIENTED_EDGE('',*,*,#3772,.F.);
#2467=ORIENTED_EDGE('',*,*,#3858,.T.);
#2468=ORIENTED_EDGE('',*,*,#3859,.T.);
#2469=ORIENTED_EDGE('',*,*,#3860,.T.);
#2470=ORIENTED_EDGE('',*,*,#3771,.F.);
#2471=ORIENTED_EDGE('',*,*,#3853,.F.);
#2472=ORIENTED_EDGE('',*,*,#3829,.F.);
#2473=ORIENTED_EDGE('',*,*,#3858,.F.);
#2474=ORIENTED_EDGE('',*,*,#3773,.F.);
#2475=ORIENTED_EDGE('',*,*,#3860,.F.);
#2476=ORIENTED_EDGE('',*,*,#3861,.F.);
#2477=ORIENTED_EDGE('',*,*,#3855,.F.);
#2478=ORIENTED_EDGE('',*,*,#3775,.F.);
#2479=ORIENTED_EDGE('',*,*,#3857,.F.);
#2480=ORIENTED_EDGE('',*,*,#3862,.F.);
#2481=ORIENTED_EDGE('',*,*,#3755,.F.);
#2482=ORIENTED_EDGE('',*,*,#3769,.F.);
#2483=ORIENTED_EDGE('',*,*,#3753,.F.);
#2484=ORIENTED_EDGE('',*,*,#3831,.F.);
#2485=ORIENTED_EDGE('',*,*,#3854,.F.);
#2486=ORIENTED_EDGE('',*,*,#3856,.F.);
#2487=ORIENTED_EDGE('',*,*,#3861,.T.);
#2488=ORIENTED_EDGE('',*,*,#3863,.T.);
#2489=ORIENTED_EDGE('',*,*,#3864,.T.);
#2490=ORIENTED_EDGE('',*,*,#3865,.T.);
#2491=ORIENTED_EDGE('',*,*,#3862,.T.);
#2492=ORIENTED_EDGE('',*,*,#3777,.T.);
#2493=ORIENTED_EDGE('',*,*,#3866,.T.);
#2494=ORIENTED_EDGE('',*,*,#3867,.T.);
#2495=ORIENTED_EDGE('',*,*,#3868,.T.);
#2496=ORIENTED_EDGE('',*,*,#3869,.T.);
#2497=ORIENTED_EDGE('',*,*,#3870,.T.);
#2498=ORIENTED_EDGE('',*,*,#3781,.F.);
#2499=ORIENTED_EDGE('',*,*,#3871,.T.);
#2500=ORIENTED_EDGE('',*,*,#3872,.T.);
#2501=ORIENTED_EDGE('',*,*,#3873,.T.);
#2502=ORIENTED_EDGE('',*,*,#3779,.F.);
#2503=ORIENTED_EDGE('',*,*,#3874,.T.);
#2504=ORIENTED_EDGE('',*,*,#3875,.T.);
#2505=ORIENTED_EDGE('',*,*,#3778,.F.);
#2506=ORIENTED_EDGE('',*,*,#3868,.F.);
#2507=ORIENTED_EDGE('',*,*,#3876,.F.);
#2508=ORIENTED_EDGE('',*,*,#3874,.F.);
#2509=ORIENTED_EDGE('',*,*,#3776,.F.);
#2510=ORIENTED_EDGE('',*,*,#3757,.F.);
#2511=ORIENTED_EDGE('',*,*,#3877,.F.);
#2512=ORIENTED_EDGE('',*,*,#3866,.F.);
#2513=ORIENTED_EDGE('',*,*,#3876,.T.);
#2514=ORIENTED_EDGE('',*,*,#3867,.F.);
#2515=ORIENTED_EDGE('',*,*,#3877,.T.);
#2516=ORIENTED_EDGE('',*,*,#3761,.F.);
#2517=ORIENTED_EDGE('',*,*,#3864,.F.);
#2518=ORIENTED_EDGE('',*,*,#3875,.F.);
#2519=ORIENTED_EDGE('',*,*,#3782,.F.);
#2520=ORIENTED_EDGE('',*,*,#3870,.F.);
#2521=ORIENTED_EDGE('',*,*,#3878,.F.);
#2522=ORIENTED_EDGE('',*,*,#3759,.F.);
#2523=ORIENTED_EDGE('',*,*,#3780,.F.);
#2524=ORIENTED_EDGE('',*,*,#3873,.F.);
#2525=ORIENTED_EDGE('',*,*,#3879,.F.);
#2526=ORIENTED_EDGE('',*,*,#3871,.F.);
#2527=ORIENTED_EDGE('',*,*,#3880,.T.);
#2528=ORIENTED_EDGE('',*,*,#3878,.T.);
#2529=ORIENTED_EDGE('',*,*,#3869,.F.);
#2530=ORIENTED_EDGE('',*,*,#3879,.T.);
#2531=ORIENTED_EDGE('',*,*,#3881,.T.);
#2532=ORIENTED_EDGE('',*,*,#3882,.T.);
#2533=ORIENTED_EDGE('',*,*,#3883,.T.);
#2534=ORIENTED_EDGE('',*,*,#3884,.T.);
#2535=ORIENTED_EDGE('',*,*,#3883,.F.);
#2536=ORIENTED_EDGE('',*,*,#3885,.T.);
#2537=ORIENTED_EDGE('',*,*,#3785,.T.);
#2538=ORIENTED_EDGE('',*,*,#3886,.T.);
#2539=ORIENTED_EDGE('',*,*,#3789,.F.);
#2540=ORIENTED_EDGE('',*,*,#3887,.T.);
#2541=ORIENTED_EDGE('',*,*,#3850,.T.);
#2542=ORIENTED_EDGE('',*,*,#3888,.T.);
#2543=ORIENTED_EDGE('',*,*,#3787,.F.);
#2544=ORIENTED_EDGE('',*,*,#3889,.T.);
#2545=ORIENTED_EDGE('',*,*,#3890,.T.);
#2546=ORIENTED_EDGE('',*,*,#3891,.T.);
#2547=ORIENTED_EDGE('',*,*,#3786,.F.);
#2548=ORIENTED_EDGE('',*,*,#3885,.F.);
#2549=ORIENTED_EDGE('',*,*,#3882,.F.);
#2550=ORIENTED_EDGE('',*,*,#3889,.F.);
#2551=ORIENTED_EDGE('',*,*,#3788,.F.);
#2552=ORIENTED_EDGE('',*,*,#3891,.F.);
#2553=ORIENTED_EDGE('',*,*,#3851,.F.);
#2554=ORIENTED_EDGE('',*,*,#3887,.F.);
#2555=ORIENTED_EDGE('',*,*,#3790,.F.);
#2556=ORIENTED_EDGE('',*,*,#3888,.F.);
#2557=ORIENTED_EDGE('',*,*,#3849,.F.);
#2558=ORIENTED_EDGE('',*,*,#3801,.F.);
#2559=ORIENTED_EDGE('',*,*,#3784,.F.);
#2560=ORIENTED_EDGE('',*,*,#3800,.F.);
#2561=ORIENTED_EDGE('',*,*,#3884,.F.);
#2562=ORIENTED_EDGE('',*,*,#3886,.F.);
#2563=ORIENTED_EDGE('',*,*,#3892,.T.);
#2564=ORIENTED_EDGE('',*,*,#3893,.T.);
#2565=ORIENTED_EDGE('',*,*,#3802,.F.);
#2566=ORIENTED_EDGE('',*,*,#3848,.F.);
#2567=ORIENTED_EDGE('',*,*,#3748,.T.);
#2568=ORIENTED_EDGE('',*,*,#3833,.F.);
#2569=ORIENTED_EDGE('',*,*,#3752,.T.);
#2570=ORIENTED_EDGE('',*,*,#3832,.F.);
#2571=ORIENTED_EDGE('',*,*,#3756,.T.);
#2572=ORIENTED_EDGE('',*,*,#3865,.F.);
#2573=ORIENTED_EDGE('',*,*,#3760,.T.);
#2574=ORIENTED_EDGE('',*,*,#3880,.F.);
#2575=ORIENTED_EDGE('',*,*,#3892,.F.);
#2576=ORIENTED_EDGE('',*,*,#3893,.F.);
#2577=ORIENTED_EDGE('',*,*,#3890,.F.);
#2578=ORIENTED_EDGE('',*,*,#3881,.F.);
#2579=ORIENTED_EDGE('',*,*,#3872,.F.);
#2580=ORIENTED_EDGE('',*,*,#3863,.F.);
#2581=ORIENTED_EDGE('',*,*,#3859,.F.);
#2582=ORIENTED_EDGE('',*,*,#3828,.F.);
#2583=ORIENTED_EDGE('',*,*,#3821,.F.);
#2584=ORIENTED_EDGE('',*,*,#3837,.F.);
#2585=ORIENTED_EDGE('',*,*,#3843,.F.);
#2586=ORIENTED_EDGE('',*,*,#3852,.F.);
#2587=ORIENTED_EDGE('',*,*,#3799,.F.);
#2588=ORIENTED_EDGE('',*,*,#3894,.T.);
#2589=ORIENTED_EDGE('',*,*,#3895,.T.);
#2590=ORIENTED_EDGE('',*,*,#3896,.T.);
#2591=ORIENTED_EDGE('',*,*,#3897,.F.);
#2592=ORIENTED_EDGE('',*,*,#3898,.T.);
#2593=ORIENTED_EDGE('',*,*,#3899,.T.);
#2594=ORIENTED_EDGE('',*,*,#3900,.T.);
#2595=ORIENTED_EDGE('',*,*,#3901,.T.);
#2596=ORIENTED_EDGE('',*,*,#3902,.T.);
#2597=ORIENTED_EDGE('',*,*,#3903,.T.);
#2598=ORIENTED_EDGE('',*,*,#3904,.T.);
#2599=ORIENTED_EDGE('',*,*,#3905,.F.);
#2600=ORIENTED_EDGE('',*,*,#3906,.T.);
#2601=ORIENTED_EDGE('',*,*,#3907,.T.);
#2602=ORIENTED_EDGE('',*,*,#3908,.T.);
#2603=ORIENTED_EDGE('',*,*,#3909,.T.);
#2604=ORIENTED_EDGE('',*,*,#3910,.T.);
#2605=ORIENTED_EDGE('',*,*,#3911,.T.);
#2606=ORIENTED_EDGE('',*,*,#3912,.T.);
#2607=ORIENTED_EDGE('',*,*,#3913,.F.);
#2608=ORIENTED_EDGE('',*,*,#3914,.T.);
#2609=ORIENTED_EDGE('',*,*,#3915,.T.);
#2610=ORIENTED_EDGE('',*,*,#3916,.T.);
#2611=ORIENTED_EDGE('',*,*,#3917,.T.);
#2612=ORIENTED_EDGE('',*,*,#3918,.T.);
#2613=ORIENTED_EDGE('',*,*,#3919,.T.);
#2614=ORIENTED_EDGE('',*,*,#3920,.T.);
#2615=ORIENTED_EDGE('',*,*,#3921,.F.);
#2616=ORIENTED_EDGE('',*,*,#3922,.T.);
#2617=ORIENTED_EDGE('',*,*,#3923,.T.);
#2618=ORIENTED_EDGE('',*,*,#3924,.T.);
#2619=ORIENTED_EDGE('',*,*,#3925,.T.);
#2620=ORIENTED_EDGE('',*,*,#3926,.T.);
#2621=ORIENTED_EDGE('',*,*,#3927,.T.);
#2622=ORIENTED_EDGE('',*,*,#3928,.T.);
#2623=ORIENTED_EDGE('',*,*,#3929,.F.);
#2624=ORIENTED_EDGE('',*,*,#3930,.T.);
#2625=ORIENTED_EDGE('',*,*,#3931,.T.);
#2626=ORIENTED_EDGE('',*,*,#3932,.T.);
#2627=ORIENTED_EDGE('',*,*,#3933,.T.);
#2628=ORIENTED_EDGE('',*,*,#3934,.F.);
#2629=ORIENTED_EDGE('',*,*,#3935,.T.);
#2630=ORIENTED_EDGE('',*,*,#3919,.F.);
#2631=ORIENTED_EDGE('',*,*,#3936,.T.);
#2632=ORIENTED_EDGE('',*,*,#3937,.F.);
#2633=ORIENTED_EDGE('',*,*,#3938,.T.);
#2634=ORIENTED_EDGE('',*,*,#3939,.T.);
#2635=ORIENTED_EDGE('',*,*,#3911,.F.);
#2636=ORIENTED_EDGE('',*,*,#3940,.T.);
#2637=ORIENTED_EDGE('',*,*,#3941,.F.);
#2638=ORIENTED_EDGE('',*,*,#3942,.T.);
#2639=ORIENTED_EDGE('',*,*,#3903,.F.);
#2640=ORIENTED_EDGE('',*,*,#3943,.T.);
#2641=ORIENTED_EDGE('',*,*,#3944,.F.);
#2642=ORIENTED_EDGE('',*,*,#3945,.T.);
#2643=ORIENTED_EDGE('',*,*,#3895,.F.);
#2644=ORIENTED_EDGE('',*,*,#3946,.T.);
#2645=ORIENTED_EDGE('',*,*,#3947,.F.);
#2646=ORIENTED_EDGE('',*,*,#3948,.T.);
#2647=ORIENTED_EDGE('',*,*,#3927,.F.);
#2648=ORIENTED_EDGE('',*,*,#3949,.T.);
#2649=ORIENTED_EDGE('',*,*,#3950,.T.);
#2650=ORIENTED_EDGE('',*,*,#3951,.T.);
#2651=ORIENTED_EDGE('',*,*,#3952,.F.);
#2652=ORIENTED_EDGE('',*,*,#3953,.F.);
#2653=ORIENTED_EDGE('',*,*,#3954,.T.);
#2654=ORIENTED_EDGE('',*,*,#3955,.F.);
#2655=ORIENTED_EDGE('',*,*,#3956,.F.);
#2656=ORIENTED_EDGE('',*,*,#3957,.T.);
#2657=ORIENTED_EDGE('',*,*,#3952,.T.);
#2658=ORIENTED_EDGE('',*,*,#3958,.F.);
#2659=ORIENTED_EDGE('',*,*,#3959,.F.);
#2660=ORIENTED_EDGE('',*,*,#3960,.T.);
#2661=ORIENTED_EDGE('',*,*,#3956,.T.);
#2662=ORIENTED_EDGE('',*,*,#3961,.F.);
#2663=ORIENTED_EDGE('',*,*,#3954,.F.);
#2664=ORIENTED_EDGE('',*,*,#3962,.T.);
#2665=ORIENTED_EDGE('',*,*,#3959,.T.);
#2666=ORIENTED_EDGE('',*,*,#3953,.T.);
#2667=ORIENTED_EDGE('',*,*,#3957,.F.);
#2668=ORIENTED_EDGE('',*,*,#3960,.F.);
#2669=ORIENTED_EDGE('',*,*,#3962,.F.);
#2670=ORIENTED_EDGE('',*,*,#3934,.T.);
#2671=ORIENTED_EDGE('',*,*,#3951,.F.);
#2672=ORIENTED_EDGE('',*,*,#3961,.T.);
#2673=ORIENTED_EDGE('',*,*,#3958,.T.);
#2674=ORIENTED_EDGE('',*,*,#3955,.T.);
#2675=ORIENTED_EDGE('',*,*,#3897,.T.);
#2676=ORIENTED_EDGE('',*,*,#3963,.T.);
#2677=ORIENTED_EDGE('',*,*,#3964,.F.);
#2678=ORIENTED_EDGE('',*,*,#3965,.T.);
#2679=ORIENTED_EDGE('',*,*,#3901,.F.);
#2680=ORIENTED_EDGE('',*,*,#3966,.T.);
#2681=ORIENTED_EDGE('',*,*,#3967,.T.);
#2682=ORIENTED_EDGE('',*,*,#3968,.T.);
#2683=ORIENTED_EDGE('',*,*,#3969,.T.);
#2684=ORIENTED_EDGE('',*,*,#3970,.T.);
#2685=ORIENTED_EDGE('',*,*,#3899,.F.);
#2686=ORIENTED_EDGE('',*,*,#3971,.T.);
#2687=ORIENTED_EDGE('',*,*,#3900,.F.);
#2688=ORIENTED_EDGE('',*,*,#3970,.F.);
#2689=ORIENTED_EDGE('',*,*,#3972,.F.);
#2690=ORIENTED_EDGE('',*,*,#3966,.F.);
#2691=ORIENTED_EDGE('',*,*,#3902,.F.);
#2692=ORIENTED_EDGE('',*,*,#3968,.F.);
#2693=ORIENTED_EDGE('',*,*,#3973,.F.);
#2694=ORIENTED_EDGE('',*,*,#3943,.F.);
#2695=ORIENTED_EDGE('',*,*,#3896,.F.);
#2696=ORIENTED_EDGE('',*,*,#3945,.F.);
#2697=ORIENTED_EDGE('',*,*,#3974,.F.);
#2698=ORIENTED_EDGE('',*,*,#3963,.F.);
#2699=ORIENTED_EDGE('',*,*,#3898,.F.);
#2700=ORIENTED_EDGE('',*,*,#3965,.F.);
#2701=ORIENTED_EDGE('',*,*,#3975,.F.);
#2702=ORIENTED_EDGE('',*,*,#3971,.F.);
#2703=ORIENTED_EDGE('',*,*,#3967,.F.);
#2704=ORIENTED_EDGE('',*,*,#3972,.T.);
#2705=ORIENTED_EDGE('',*,*,#3976,.T.);
#2706=ORIENTED_EDGE('',*,*,#3977,.T.);
#2707=ORIENTED_EDGE('',*,*,#3978,.T.);
#2708=ORIENTED_EDGE('',*,*,#3979,.T.);
#2709=ORIENTED_EDGE('',*,*,#3980,.T.);
#2710=ORIENTED_EDGE('',*,*,#3973,.T.);
#2711=ORIENTED_EDGE('',*,*,#3964,.T.);
#2712=ORIENTED_EDGE('',*,*,#3974,.T.);
#2713=ORIENTED_EDGE('',*,*,#3981,.T.);
#2714=ORIENTED_EDGE('',*,*,#3982,.T.);
#2715=ORIENTED_EDGE('',*,*,#3983,.F.);
#2716=ORIENTED_EDGE('',*,*,#3984,.T.);
#2717=ORIENTED_EDGE('',*,*,#3985,.T.);
#2718=ORIENTED_EDGE('',*,*,#3975,.T.);
#2719=ORIENTED_EDGE('',*,*,#3929,.T.);
#2720=ORIENTED_EDGE('',*,*,#3986,.T.);
#2721=ORIENTED_EDGE('',*,*,#3987,.F.);
#2722=ORIENTED_EDGE('',*,*,#3988,.T.);
#2723=ORIENTED_EDGE('',*,*,#3933,.F.);
#2724=ORIENTED_EDGE('',*,*,#3989,.T.);
#2725=ORIENTED_EDGE('',*,*,#3983,.T.);
#2726=ORIENTED_EDGE('',*,*,#3990,.T.);
#2727=ORIENTED_EDGE('',*,*,#3991,.T.);
#2728=ORIENTED_EDGE('',*,*,#3992,.T.);
#2729=ORIENTED_EDGE('',*,*,#3931,.F.);
#2730=ORIENTED_EDGE('',*,*,#3993,.T.);
#2731=ORIENTED_EDGE('',*,*,#3932,.F.);
#2732=ORIENTED_EDGE('',*,*,#3992,.F.);
#2733=ORIENTED_EDGE('',*,*,#3984,.F.);
#2734=ORIENTED_EDGE('',*,*,#3989,.F.);
#2735=ORIENTED_EDGE('',*,*,#3894,.F.);
#2736=ORIENTED_EDGE('',*,*,#3990,.F.);
#2737=ORIENTED_EDGE('',*,*,#3982,.F.);
#2738=ORIENTED_EDGE('',*,*,#3946,.F.);
#2739=ORIENTED_EDGE('',*,*,#3928,.F.);
#2740=ORIENTED_EDGE('',*,*,#3948,.F.);
#2741=ORIENTED_EDGE('',*,*,#3994,.F.);
#2742=ORIENTED_EDGE('',*,*,#3986,.F.);
#2743=ORIENTED_EDGE('',*,*,#3930,.F.);
#2744=ORIENTED_EDGE('',*,*,#3988,.F.);
#2745=ORIENTED_EDGE('',*,*,#3995,.F.);
#2746=ORIENTED_EDGE('',*,*,#3993,.F.);
#2747=ORIENTED_EDGE('',*,*,#3987,.T.);
#2748=ORIENTED_EDGE('',*,*,#3994,.T.);
#2749=ORIENTED_EDGE('',*,*,#3996,.T.);
#2750=ORIENTED_EDGE('',*,*,#3997,.T.);
#2751=ORIENTED_EDGE('',*,*,#3998,.F.);
#2752=ORIENTED_EDGE('',*,*,#3999,.T.);
#2753=ORIENTED_EDGE('',*,*,#4000,.T.);
#2754=ORIENTED_EDGE('',*,*,#3995,.T.);
#2755=ORIENTED_EDGE('',*,*,#3978,.F.);
#2756=ORIENTED_EDGE('',*,*,#4001,.T.);
#2757=ORIENTED_EDGE('',*,*,#3905,.T.);
#2758=ORIENTED_EDGE('',*,*,#4002,.T.);
#2759=ORIENTED_EDGE('',*,*,#3909,.F.);
#2760=ORIENTED_EDGE('',*,*,#4003,.T.);
#2761=ORIENTED_EDGE('',*,*,#4004,.T.);
#2762=ORIENTED_EDGE('',*,*,#4005,.T.);
#2763=ORIENTED_EDGE('',*,*,#3907,.F.);
#2764=ORIENTED_EDGE('',*,*,#4006,.T.);
#2765=ORIENTED_EDGE('',*,*,#4007,.T.);
#2766=ORIENTED_EDGE('',*,*,#4008,.T.);
#2767=ORIENTED_EDGE('',*,*,#3906,.F.);
#2768=ORIENTED_EDGE('',*,*,#4001,.F.);
#2769=ORIENTED_EDGE('',*,*,#3977,.F.);
#2770=ORIENTED_EDGE('',*,*,#4006,.F.);
#2771=ORIENTED_EDGE('',*,*,#3908,.F.);
#2772=ORIENTED_EDGE('',*,*,#4008,.F.);
#2773=ORIENTED_EDGE('',*,*,#4009,.F.);
#2774=ORIENTED_EDGE('',*,*,#4003,.F.);
#2775=ORIENTED_EDGE('',*,*,#3910,.F.);
#2776=ORIENTED_EDGE('',*,*,#4005,.F.);
#2777=ORIENTED_EDGE('',*,*,#4010,.F.);
#2778=ORIENTED_EDGE('',*,*,#3940,.F.);
#2779=ORIENTED_EDGE('',*,*,#3904,.F.);
#2780=ORIENTED_EDGE('',*,*,#3942,.F.);
#2781=ORIENTED_EDGE('',*,*,#3979,.F.);
#2782=ORIENTED_EDGE('',*,*,#4002,.F.);
#2783=ORIENTED_EDGE('',*,*,#4004,.F.);
#2784=ORIENTED_EDGE('',*,*,#4009,.T.);
#2785=ORIENTED_EDGE('',*,*,#4011,.T.);
#2786=ORIENTED_EDGE('',*,*,#4012,.T.);
#2787=ORIENTED_EDGE('',*,*,#4013,.T.);
#2788=ORIENTED_EDGE('',*,*,#4010,.T.);
#2789=ORIENTED_EDGE('',*,*,#3913,.T.);
#2790=ORIENTED_EDGE('',*,*,#4014,.T.);
#2791=ORIENTED_EDGE('',*,*,#4015,.T.);
#2792=ORIENTED_EDGE('',*,*,#4016,.T.);
#2793=ORIENTED_EDGE('',*,*,#4017,.T.);
#2794=ORIENTED_EDGE('',*,*,#4018,.T.);
#2795=ORIENTED_EDGE('',*,*,#3917,.F.);
#2796=ORIENTED_EDGE('',*,*,#4019,.T.);
#2797=ORIENTED_EDGE('',*,*,#4020,.T.);
#2798=ORIENTED_EDGE('',*,*,#4021,.T.);
#2799=ORIENTED_EDGE('',*,*,#3915,.F.);
#2800=ORIENTED_EDGE('',*,*,#4022,.T.);
#2801=ORIENTED_EDGE('',*,*,#4023,.T.);
#2802=ORIENTED_EDGE('',*,*,#3914,.F.);
#2803=ORIENTED_EDGE('',*,*,#4016,.F.);
#2804=ORIENTED_EDGE('',*,*,#4024,.F.);
#2805=ORIENTED_EDGE('',*,*,#4022,.F.);
#2806=ORIENTED_EDGE('',*,*,#3912,.F.);
#2807=ORIENTED_EDGE('',*,*,#3939,.F.);
#2808=ORIENTED_EDGE('',*,*,#4025,.F.);
#2809=ORIENTED_EDGE('',*,*,#4014,.F.);
#2810=ORIENTED_EDGE('',*,*,#4024,.T.);
#2811=ORIENTED_EDGE('',*,*,#4015,.F.);
#2812=ORIENTED_EDGE('',*,*,#4025,.T.);
#2813=ORIENTED_EDGE('',*,*,#3938,.F.);
#2814=ORIENTED_EDGE('',*,*,#4012,.F.);
#2815=ORIENTED_EDGE('',*,*,#4023,.F.);
#2816=ORIENTED_EDGE('',*,*,#3918,.F.);
#2817=ORIENTED_EDGE('',*,*,#4018,.F.);
#2818=ORIENTED_EDGE('',*,*,#4026,.F.);
#2819=ORIENTED_EDGE('',*,*,#3936,.F.);
#2820=ORIENTED_EDGE('',*,*,#3916,.F.);
#2821=ORIENTED_EDGE('',*,*,#4021,.F.);
#2822=ORIENTED_EDGE('',*,*,#4027,.F.);
#2823=ORIENTED_EDGE('',*,*,#4019,.F.);
#2824=ORIENTED_EDGE('',*,*,#4028,.T.);
#2825=ORIENTED_EDGE('',*,*,#4026,.T.);
#2826=ORIENTED_EDGE('',*,*,#4017,.F.);
#2827=ORIENTED_EDGE('',*,*,#4027,.T.);
#2828=ORIENTED_EDGE('',*,*,#4029,.T.);
#2829=ORIENTED_EDGE('',*,*,#4030,.T.);
#2830=ORIENTED_EDGE('',*,*,#4031,.T.);
#2831=ORIENTED_EDGE('',*,*,#4032,.T.);
#2832=ORIENTED_EDGE('',*,*,#4031,.F.);
#2833=ORIENTED_EDGE('',*,*,#4033,.T.);
#2834=ORIENTED_EDGE('',*,*,#3921,.T.);
#2835=ORIENTED_EDGE('',*,*,#4034,.T.);
#2836=ORIENTED_EDGE('',*,*,#3925,.F.);
#2837=ORIENTED_EDGE('',*,*,#4035,.T.);
#2838=ORIENTED_EDGE('',*,*,#3998,.T.);
#2839=ORIENTED_EDGE('',*,*,#4036,.T.);
#2840=ORIENTED_EDGE('',*,*,#3923,.F.);
#2841=ORIENTED_EDGE('',*,*,#4037,.T.);
#2842=ORIENTED_EDGE('',*,*,#4038,.T.);
#2843=ORIENTED_EDGE('',*,*,#4039,.T.);
#2844=ORIENTED_EDGE('',*,*,#3922,.F.);
#2845=ORIENTED_EDGE('',*,*,#4033,.F.);
#2846=ORIENTED_EDGE('',*,*,#4030,.F.);
#2847=ORIENTED_EDGE('',*,*,#4037,.F.);
#2848=ORIENTED_EDGE('',*,*,#3924,.F.);
#2849=ORIENTED_EDGE('',*,*,#4039,.F.);
#2850=ORIENTED_EDGE('',*,*,#3999,.F.);
#2851=ORIENTED_EDGE('',*,*,#4035,.F.);
#2852=ORIENTED_EDGE('',*,*,#3926,.F.);
#2853=ORIENTED_EDGE('',*,*,#4036,.F.);
#2854=ORIENTED_EDGE('',*,*,#3997,.F.);
#2855=ORIENTED_EDGE('',*,*,#3949,.F.);
#2856=ORIENTED_EDGE('',*,*,#3920,.F.);
#2857=ORIENTED_EDGE('',*,*,#3935,.F.);
#2858=ORIENTED_EDGE('',*,*,#4032,.F.);
#2859=ORIENTED_EDGE('',*,*,#4034,.F.);
#2860=ORIENTED_EDGE('',*,*,#4040,.T.);
#2861=ORIENTED_EDGE('',*,*,#4041,.T.);
#2862=ORIENTED_EDGE('',*,*,#3950,.F.);
#2863=ORIENTED_EDGE('',*,*,#3996,.F.);
#2864=ORIENTED_EDGE('',*,*,#3947,.T.);
#2865=ORIENTED_EDGE('',*,*,#3981,.F.);
#2866=ORIENTED_EDGE('',*,*,#3944,.T.);
#2867=ORIENTED_EDGE('',*,*,#3980,.F.);
#2868=ORIENTED_EDGE('',*,*,#3941,.T.);
#2869=ORIENTED_EDGE('',*,*,#4013,.F.);
#2870=ORIENTED_EDGE('',*,*,#3937,.T.);
#2871=ORIENTED_EDGE('',*,*,#4028,.F.);
#2872=ORIENTED_EDGE('',*,*,#4040,.F.);
#2873=ORIENTED_EDGE('',*,*,#4041,.F.);
#2874=ORIENTED_EDGE('',*,*,#4038,.F.);
#2875=ORIENTED_EDGE('',*,*,#4029,.F.);
#2876=ORIENTED_EDGE('',*,*,#4020,.F.);
#2877=ORIENTED_EDGE('',*,*,#4011,.F.);
#2878=ORIENTED_EDGE('',*,*,#4007,.F.);
#2879=ORIENTED_EDGE('',*,*,#3976,.F.);
#2880=ORIENTED_EDGE('',*,*,#3969,.F.);
#2881=ORIENTED_EDGE('',*,*,#3985,.F.);
#2882=ORIENTED_EDGE('',*,*,#3991,.F.);
#2883=ORIENTED_EDGE('',*,*,#4000,.F.);
#2884=ORIENTED_EDGE('',*,*,#4042,.T.);
#2885=ORIENTED_EDGE('',*,*,#4043,.T.);
#2886=ORIENTED_EDGE('',*,*,#4044,.T.);
#2887=ORIENTED_EDGE('',*,*,#4045,.T.);
#2888=ORIENTED_EDGE('',*,*,#4042,.F.);
#2889=ORIENTED_EDGE('',*,*,#4044,.F.);
#2890=ORIENTED_EDGE('',*,*,#4045,.F.);
#2891=ORIENTED_EDGE('',*,*,#4043,.F.);
#2892=ORIENTED_EDGE('',*,*,#4046,.T.);
#2893=ORIENTED_EDGE('',*,*,#4047,.T.);
#2894=ORIENTED_EDGE('',*,*,#4048,.T.);
#2895=ORIENTED_EDGE('',*,*,#4049,.T.);
#2896=ORIENTED_EDGE('',*,*,#4046,.F.);
#2897=ORIENTED_EDGE('',*,*,#4048,.F.);
#2898=ORIENTED_EDGE('',*,*,#4049,.F.);
#2899=ORIENTED_EDGE('',*,*,#4047,.F.);
#2900=ORIENTED_EDGE('',*,*,#4050,.T.);
#2901=ORIENTED_EDGE('',*,*,#4051,.T.);
#2902=ORIENTED_EDGE('',*,*,#4052,.T.);
#2903=ORIENTED_EDGE('',*,*,#4053,.T.);
#2904=ORIENTED_EDGE('',*,*,#4050,.F.);
#2905=ORIENTED_EDGE('',*,*,#4052,.F.);
#2906=ORIENTED_EDGE('',*,*,#4053,.F.);
#2907=ORIENTED_EDGE('',*,*,#4051,.F.);
#2908=EDGE_CURVE('',#4054,#4055,#4802,.T.);
#2909=EDGE_CURVE('',#4056,#4054,#4803,.T.);
#2910=EDGE_CURVE('',#4057,#4056,#4804,.T.);
#2911=EDGE_CURVE('',#4058,#4057,#4805,.F.);
#2912=EDGE_CURVE('',#4059,#4058,#4806,.T.);
#2913=EDGE_CURVE('',#4055,#4059,#4807,.T.);
#2914=EDGE_CURVE('',#4060,#4061,#4808,.T.);
#2915=EDGE_CURVE('',#4062,#4060,#4809,.T.);
#2916=EDGE_CURVE('',#4063,#4062,#4810,.T.);
#2917=EDGE_CURVE('',#4064,#4063,#4811,.T.);
#2918=EDGE_CURVE('',#4065,#4064,#4812,.T.);
#2919=EDGE_CURVE('',#4061,#4065,#4813,.T.);
#2920=EDGE_CURVE('',#4066,#4067,#4814,.T.);
#2921=EDGE_CURVE('',#4068,#4066,#4815,.T.);
#2922=EDGE_CURVE('',#4069,#4068,#4816,.F.);
#2923=EDGE_CURVE('',#4070,#4069,#4817,.T.);
#2924=EDGE_CURVE('',#4071,#4070,#4818,.T.);
#2925=EDGE_CURVE('',#4067,#4071,#4819,.T.);
#2926=EDGE_CURVE('',#4072,#4073,#4820,.T.);
#2927=EDGE_CURVE('',#4074,#4072,#4821,.T.);
#2928=EDGE_CURVE('',#4075,#4074,#4822,.T.);
#2929=EDGE_CURVE('',#4076,#4075,#4823,.T.);
#2930=EDGE_CURVE('',#4077,#4076,#4824,.T.);
#2931=EDGE_CURVE('',#4073,#4077,#4825,.T.);
#2932=EDGE_CURVE('',#4078,#4068,#4826,.T.);
#2933=EDGE_CURVE('',#4079,#4066,#4827,.T.);
#2934=EDGE_CURVE('',#4078,#4079,#4828,.T.);
#2935=EDGE_CURVE('',#4080,#4075,#4829,.T.);
#2936=EDGE_CURVE('',#4081,#4074,#4830,.T.);
#2937=EDGE_CURVE('',#4081,#4080,#4831,.T.);
#2938=EDGE_CURVE('',#4076,#4082,#4832,.T.);
#2939=EDGE_CURVE('',#4076,#4083,#4833,.T.);
#2940=EDGE_CURVE('',#4083,#4084,#4834,.T.);
#2941=EDGE_CURVE('',#4084,#4068,#4835,.T.);
#2942=EDGE_CURVE('',#4085,#4078,#4836,.T.);
#2943=EDGE_CURVE('',#4086,#4085,#4837,.T.);
#2944=EDGE_CURVE('',#4086,#4082,#4838,.T.);
#2945=EDGE_CURVE('',#4087,#4070,#4839,.T.);
#2946=EDGE_CURVE('',#4069,#4088,#4840,.T.);
#2947=EDGE_CURVE('',#4088,#4087,#4841,.T.);
#2948=EDGE_CURVE('',#4089,#4090,#4842,.T.);
#2949=EDGE_CURVE('',#4090,#4091,#4843,.T.);
#2950=EDGE_CURVE('',#4091,#4092,#4844,.T.);
#2951=EDGE_CURVE('',#4092,#4089,#4845,.T.);
#2952=EDGE_CURVE('',#4093,#4094,#4846,.T.);
#2953=EDGE_CURVE('',#4093,#4095,#4847,.T.);
#2954=EDGE_CURVE('',#4095,#4096,#4848,.T.);
#2955=EDGE_CURVE('',#4094,#4096,#4849,.T.);
#2956=EDGE_CURVE('',#4072,#4093,#4850,.T.);
#2957=EDGE_CURVE('',#4073,#4095,#4851,.T.);
#2958=EDGE_CURVE('',#4077,#4097,#4852,.T.);
#2959=EDGE_CURVE('',#4098,#4097,#4853,.T.);
#2960=EDGE_CURVE('',#4098,#4099,#4854,.T.);
#2961=EDGE_CURVE('',#4099,#4079,#4855,.T.);
#2962=EDGE_CURVE('',#4067,#4096,#4856,.T.);
#2963=EDGE_CURVE('',#4071,#4094,#4857,.T.);
#2964=EDGE_CURVE('',#4082,#4097,#4858,.T.);
#2965=EDGE_CURVE('',#4100,#4101,#4859,.T.);
#2966=EDGE_CURVE('',#4098,#4101,#4860,.T.);
#2967=EDGE_CURVE('',#4086,#4102,#4861,.T.);
#2968=EDGE_CURVE('',#4100,#4102,#4862,.T.);
#2969=EDGE_CURVE('',#4085,#4103,#4863,.T.);
#2970=EDGE_CURVE('',#4099,#4104,#4864,.T.);
#2971=EDGE_CURVE('',#4105,#4104,#4865,.T.);
#2972=EDGE_CURVE('',#4103,#4105,#4866,.T.);
#2973=EDGE_CURVE('',#4101,#4104,#4867,.T.);
#2974=EDGE_CURVE('',#4105,#4100,#4868,.T.);
#2975=EDGE_CURVE('',#4102,#4103,#4869,.T.);
#2976=EDGE_CURVE('',#4054,#4106,#4870,.T.);
#2977=EDGE_CURVE('',#4107,#4106,#4871,.T.);
#2978=EDGE_CURVE('',#4065,#4107,#4872,.T.);
#2979=EDGE_CURVE('',#4108,#4064,#4873,.T.);
#2980=EDGE_CURVE('',#4108,#4109,#4874,.T.);
#2981=EDGE_CURVE('',#4109,#4110,#4875,.T.);
#2982=EDGE_CURVE('',#4110,#4111,#4876,.T.);
#2983=EDGE_CURVE('',#4111,#4056,#4877,.T.);
#2984=EDGE_CURVE('',#4087,#4090,#4878,.T.);
#2985=EDGE_CURVE('',#4089,#4081,#4879,.T.);
#2986=EDGE_CURVE('',#4112,#4113,#4880,.T.);
#2987=EDGE_CURVE('',#4112,#4114,#4881,.T.);
#2988=EDGE_CURVE('',#4114,#4115,#4882,.T.);
#2989=EDGE_CURVE('',#4115,#4116,#4883,.F.);
#2990=EDGE_CURVE('',#4116,#4117,#4884,.T.);
#2991=EDGE_CURVE('',#4117,#4118,#4885,.T.);
#2992=EDGE_CURVE('',#4119,#4118,#4886,.T.);
#2993=EDGE_CURVE('',#4119,#4113,#4887,.F.);
#2994=EDGE_CURVE('',#4120,#4121,#4888,.T.);
#2995=EDGE_CURVE('',#4120,#4122,#4889,.T.);
#2996=EDGE_CURVE('',#4122,#4123,#4890,.T.);
#2997=EDGE_CURVE('',#4123,#4124,#4891,.T.);
#2998=EDGE_CURVE('',#4124,#4125,#4892,.T.);
#2999=EDGE_CURVE('',#4125,#4126,#4893,.T.);
#3000=EDGE_CURVE('',#4126,#4127,#4894,.T.);
#3001=EDGE_CURVE('',#4127,#4121,#4895,.T.);
#3002=EDGE_CURVE('',#4128,#4128,#382,.T.);
#3003=EDGE_CURVE('',#4129,#4129,#383,.T.);
#3004=EDGE_CURVE('',#4130,#4059,#4896,.T.);
#3005=EDGE_CURVE('',#4131,#4058,#4897,.T.);
#3006=EDGE_CURVE('',#4131,#4130,#4898,.T.);
#3007=EDGE_CURVE('',#4063,#4132,#4899,.T.);
#3008=EDGE_CURVE('',#4132,#4108,#4900,.T.);
#3009=EDGE_CURVE('',#4133,#4134,#4901,.T.);
#3010=EDGE_CURVE('',#4134,#4062,#4902,.T.);
#3011=EDGE_CURVE('',#4062,#4135,#4903,.T.);
#3012=EDGE_CURVE('',#4136,#4135,#4904,.T.);
#3013=EDGE_CURVE('',#4136,#4137,#4905,.T.);
#3014=EDGE_CURVE('',#4137,#4131,#4906,.T.);
#3015=EDGE_CURVE('',#4058,#4133,#4907,.T.);
#3016=EDGE_CURVE('',#4138,#4057,#4908,.T.);
#3017=EDGE_CURVE('',#4111,#4138,#4909,.T.);
#3018=EDGE_CURVE('',#4139,#4140,#4910,.T.);
#3019=EDGE_CURVE('',#4140,#4110,#4911,.T.);
#3020=EDGE_CURVE('',#4109,#4139,#4912,.T.);
#3021=EDGE_CURVE('',#4106,#4141,#4913,.T.);
#3022=EDGE_CURVE('',#4142,#4141,#4914,.T.);
#3023=EDGE_CURVE('',#4107,#4142,#4915,.T.);
#3024=EDGE_CURVE('',#4061,#4142,#4916,.T.);
#3025=EDGE_CURVE('',#4060,#4143,#4917,.T.);
#3026=EDGE_CURVE('',#4055,#4141,#4918,.T.);
#3027=EDGE_CURVE('',#4144,#4130,#4919,.T.);
#3028=EDGE_CURVE('',#4145,#4144,#4920,.T.);
#3029=EDGE_CURVE('',#4145,#4143,#4921,.T.);
#3030=EDGE_CURVE('',#4135,#4143,#4922,.T.);
#3031=EDGE_CURVE('',#4146,#4147,#4923,.T.);
#3032=EDGE_CURVE('',#4146,#4148,#4924,.T.);
#3033=EDGE_CURVE('',#4136,#4148,#4925,.T.);
#3034=EDGE_CURVE('',#4145,#4147,#4926,.T.);
#3035=EDGE_CURVE('',#4137,#4149,#4927,.T.);
#3036=EDGE_CURVE('',#4149,#4150,#4928,.T.);
#3037=EDGE_CURVE('',#4150,#4151,#4929,.T.);
#3038=EDGE_CURVE('',#4144,#4151,#4930,.T.);
#3039=EDGE_CURVE('',#4147,#4151,#4931,.T.);
#3040=EDGE_CURVE('',#4150,#4146,#4932,.T.);
#3041=EDGE_CURVE('',#4148,#4149,#4933,.T.);
#3042=EDGE_CURVE('',#4116,#4152,#4934,.T.);
#3043=EDGE_CURVE('',#4152,#4153,#4935,.T.);
#3044=EDGE_CURVE('',#4153,#4117,#4936,.T.);
#3045=EDGE_CURVE('',#4154,#4155,#4937,.T.);
#3046=EDGE_CURVE('',#4155,#4119,#4938,.T.);
#3047=EDGE_CURVE('',#4118,#4154,#4939,.T.);
#3048=EDGE_CURVE('',#4156,#4157,#4940,.T.);
#3049=EDGE_CURVE('',#4157,#4112,#4941,.T.);
#3050=EDGE_CURVE('',#4113,#4156,#4942,.T.);
#3051=EDGE_CURVE('',#4114,#4158,#4943,.T.);
#3052=EDGE_CURVE('',#4158,#4159,#4944,.T.);
#3053=EDGE_CURVE('',#4159,#4115,#4945,.T.);
#3054=EDGE_CURVE('',#4160,#4161,#4946,.T.);
#3055=EDGE_CURVE('',#4162,#4161,#4947,.T.);
#3056=EDGE_CURVE('',#4163,#4162,#4948,.T.);
#3057=EDGE_CURVE('',#4163,#4160,#4949,.T.);
#3058=EDGE_CURVE('',#4160,#4164,#4950,.T.);
#3059=EDGE_CURVE('',#4163,#4165,#4951,.T.);
#3060=EDGE_CURVE('',#4165,#4164,#4952,.T.);
#3061=EDGE_CURVE('',#4164,#4166,#4953,.T.);
#3062=EDGE_CURVE('',#4165,#4167,#4954,.T.);
#3063=EDGE_CURVE('',#4167,#4166,#4955,.T.);
#3064=EDGE_CURVE('',#4161,#4166,#4956,.T.);
#3065=EDGE_CURVE('',#4162,#4167,#4957,.T.);
#3066=EDGE_CURVE('',#4168,#4169,#4958,.T.);
#3067=EDGE_CURVE('',#4168,#4170,#4959,.T.);
#3068=EDGE_CURVE('',#4170,#4171,#4960,.T.);
#3069=EDGE_CURVE('',#4169,#4171,#4961,.T.);
#3070=EDGE_CURVE('',#4172,#4173,#4962,.T.);
#3071=EDGE_CURVE('',#4174,#4172,#4963,.T.);
#3072=EDGE_CURVE('',#4174,#4175,#4964,.T.);
#3073=EDGE_CURVE('',#4175,#4173,#4965,.T.);
#3074=EDGE_CURVE('',#4176,#4177,#4966,.T.);
#3075=EDGE_CURVE('',#4171,#4177,#4967,.T.);
#3076=EDGE_CURVE('',#4170,#4178,#4968,.T.);
#3077=EDGE_CURVE('',#4179,#4178,#4969,.T.);
#3078=EDGE_CURVE('',#4179,#4176,#4970,.T.);
#3079=EDGE_CURVE('',#4180,#4181,#4971,.T.);
#3080=EDGE_CURVE('',#4181,#4124,#4972,.F.);
#3081=EDGE_CURVE('',#4127,#4182,#4973,.T.);
#3082=EDGE_CURVE('',#4183,#4182,#4974,.T.);
#3083=EDGE_CURVE('',#4183,#4179,#4975,.T.);
#3084=EDGE_CURVE('',#4178,#4184,#4976,.T.);
#3085=EDGE_CURVE('',#4185,#4184,#4977,.T.);
#3086=EDGE_CURVE('',#4180,#4185,#4978,.T.);
#3087=EDGE_CURVE('',#4182,#4168,#4979,.T.);
#3088=EDGE_CURVE('',#4169,#4186,#4980,.T.);
#3089=EDGE_CURVE('',#4187,#4186,#4981,.T.);
#3090=EDGE_CURVE('',#4183,#4187,#4982,.T.);
#3091=EDGE_CURVE('',#4186,#4177,#4983,.T.);
#3092=EDGE_CURVE('',#4187,#4176,#4984,.T.);
#3093=EDGE_CURVE('',#4188,#4184,#4985,.T.);
#3094=EDGE_CURVE('',#4188,#4189,#4986,.T.);
#3095=EDGE_CURVE('',#4189,#4173,#4987,.T.);
#3096=EDGE_CURVE('',#4185,#4175,#4988,.T.);
#3097=EDGE_CURVE('',#4190,#4191,#4989,.T.);
#3098=EDGE_CURVE('',#4190,#4181,#4990,.T.);
#3099=EDGE_CURVE('',#4180,#4174,#4991,.T.);
#3100=EDGE_CURVE('',#4191,#4172,#4992,.T.);
#3101=EDGE_CURVE('',#4192,#4192,#384,.T.);
#3102=EDGE_CURVE('',#4170,#4188,#4993,.T.);
#3103=EDGE_CURVE('',#4193,#4193,#385,.T.);
#3104=EDGE_CURVE('',#4194,#4194,#386,.T.);
#3105=EDGE_CURVE('',#4195,#4195,#387,.T.);
#3106=EDGE_CURVE('',#4196,#4196,#388,.T.);
#3107=EDGE_CURVE('',#4197,#4197,#389,.T.);
#3108=EDGE_CURVE('',#4198,#4198,#390,.T.);
#3109=EDGE_CURVE('',#4199,#4199,#391,.T.);
#3110=EDGE_CURVE('',#4191,#4189,#4994,.T.);
#3111=EDGE_CURVE('',#4200,#4200,#392,.T.);
#3112=EDGE_CURVE('',#4188,#4190,#4995,.T.);
#3113=EDGE_CURVE('',#4201,#4201,#393,.T.);
#3114=EDGE_CURVE('',#4168,#4126,#4996,.T.);
#3115=EDGE_CURVE('',#4190,#4125,#4997,.F.);
#3116=EDGE_CURVE('',#4154,#4153,#4998,.T.);
#3117=EDGE_CURVE('',#4154,#4160,#4999,.T.);
#3118=EDGE_CURVE('',#4160,#4153,#5000,.F.);
#3119=EDGE_CURVE('',#4152,#4159,#5001,.F.);
#3120=EDGE_CURVE('',#4161,#4152,#5002,.T.);
#3121=EDGE_CURVE('',#4155,#4164,#5003,.F.);
#3122=EDGE_CURVE('',#4156,#4155,#5004,.F.);
#3123=EDGE_CURVE('',#4161,#4159,#5005,.F.);
#3124=EDGE_CURVE('',#4156,#4164,#5006,.T.);
#3125=EDGE_CURVE('',#4166,#4158,#5007,.T.);
#3126=EDGE_CURVE('',#4157,#4166,#5008,.F.);
#3127=EDGE_CURVE('',#4157,#4158,#5009,.F.);
#3128=EDGE_CURVE('',#4088,#4084,#5010,.F.);
#3129=EDGE_CURVE('',#4091,#4088,#5011,.T.);
#3130=EDGE_CURVE('',#4091,#4084,#5012,.F.);
#3131=EDGE_CURVE('',#4092,#4083,#5013,.T.);
#3132=EDGE_CURVE('',#4080,#4092,#5014,.T.);
#3133=EDGE_CURVE('',#4080,#4083,#5015,.T.);
#3134=EDGE_CURVE('',#4138,#4140,#5016,.T.);
#3135=EDGE_CURVE('',#4133,#4138,#5017,.F.);
#3136=EDGE_CURVE('',#4133,#4140,#5018,.F.);
#3137=EDGE_CURVE('',#4139,#4132,#5019,.T.);
#3138=EDGE_CURVE('',#4134,#4139,#5020,.T.);
#3139=EDGE_CURVE('',#4134,#4132,#5021,.T.);
#3140=EDGE_CURVE('',#4202,#4203,#5022,.T.);
#3141=EDGE_CURVE('',#4204,#4203,#5023,.T.);
#3142=EDGE_CURVE('',#4205,#4204,#5024,.T.);
#3143=EDGE_CURVE('',#4205,#4202,#5025,.T.);
#3144=EDGE_CURVE('',#4202,#4206,#5026,.T.);
#3145=EDGE_CURVE('',#4205,#4207,#5027,.T.);
#3146=EDGE_CURVE('',#4207,#4206,#5028,.T.);
#3147=EDGE_CURVE('',#4206,#4208,#5029,.T.);
#3148=EDGE_CURVE('',#4207,#4209,#5030,.T.);
#3149=EDGE_CURVE('',#4209,#4208,#5031,.T.);
#3150=EDGE_CURVE('',#4203,#4208,#5032,.T.);
#3151=EDGE_CURVE('',#4204,#4209,#5033,.T.);
#3152=EDGE_CURVE('',#4210,#4210,#394,.T.);
#3153=EDGE_CURVE('',#4211,#4211,#395,.T.);
#3154=EDGE_CURVE('',#4212,#4213,#5034,.T.);
#3155=EDGE_CURVE('',#4214,#4212,#5035,.T.);
#3156=EDGE_CURVE('',#4214,#4215,#5036,.T.);
#3157=EDGE_CURVE('',#4215,#4213,#5037,.T.);
#3158=EDGE_CURVE('',#4212,#4216,#5038,.T.);
#3159=EDGE_CURVE('',#4217,#4216,#5039,.T.);
#3160=EDGE_CURVE('',#4214,#4217,#5040,.T.);
#3161=EDGE_CURVE('',#4216,#4218,#5041,.T.);
#3162=EDGE_CURVE('',#4219,#4218,#5042,.T.);
#3163=EDGE_CURVE('',#4217,#4219,#5043,.T.);
#3164=EDGE_CURVE('',#4213,#4218,#5044,.T.);
#3165=EDGE_CURVE('',#4215,#4219,#5045,.T.);
#3166=EDGE_CURVE('',#4220,#4220,#396,.T.);
#3167=EDGE_CURVE('',#4221,#4221,#397,.T.);
#3168=EDGE_CURVE('',#4222,#4223,#5046,.T.);
#3169=EDGE_CURVE('',#4222,#4224,#5047,.T.);
#3170=EDGE_CURVE('',#4224,#4225,#5048,.T.);
#3171=EDGE_CURVE('',#4225,#4226,#5049,.T.);
#3172=EDGE_CURVE('',#4227,#4226,#5050,.T.);
#3173=EDGE_CURVE('',#4227,#4223,#5051,.T.);
#3174=EDGE_CURVE('',#4228,#4229,#5052,.T.);
#3175=EDGE_CURVE('',#4228,#4230,#5053,.T.);
#3176=EDGE_CURVE('',#4230,#4231,#5054,.T.);
#3177=EDGE_CURVE('',#4232,#4231,#5055,.T.);
#3178=EDGE_CURVE('',#4233,#4232,#5056,.T.);
#3179=EDGE_CURVE('',#4233,#4229,#5057,.T.);
#3180=EDGE_CURVE('',#4234,#4234,#398,.T.);
#3181=EDGE_CURVE('',#4234,#4234,#399,.T.);
#3182=EDGE_CURVE('',#4235,#4235,#400,.T.);
#3183=EDGE_CURVE('',#4235,#4235,#401,.T.);
#3184=EDGE_CURVE('',#4236,#4236,#402,.T.);
#3185=EDGE_CURVE('',#4237,#4237,#403,.T.);
#3186=EDGE_CURVE('',#4238,#4239,#5058,.T.);
#3187=EDGE_CURVE('',#4238,#4240,#5059,.T.);
#3188=EDGE_CURVE('',#4240,#4241,#5060,.T.);
#3189=EDGE_CURVE('',#4241,#4242,#5061,.T.);
#3190=EDGE_CURVE('',#4243,#4242,#5062,.T.);
#3191=EDGE_CURVE('',#4243,#4244,#5063,.T.);
#3192=EDGE_CURVE('',#4244,#4245,#5064,.T.);
#3193=EDGE_CURVE('',#4245,#4246,#5065,.T.);
#3194=EDGE_CURVE('',#4247,#4246,#5066,.T.);
#3195=EDGE_CURVE('',#4247,#4248,#5067,.T.);
#3196=EDGE_CURVE('',#4248,#4249,#5068,.T.);
#3197=EDGE_CURVE('',#4249,#4250,#5069,.T.);
#3198=EDGE_CURVE('',#4250,#4251,#5070,.T.);
#3199=EDGE_CURVE('',#4251,#4252,#5071,.T.);
#3200=EDGE_CURVE('',#4252,#4253,#5072,.T.);
#3201=EDGE_CURVE('',#4253,#4254,#5073,.T.);
#3202=EDGE_CURVE('',#4254,#4255,#5074,.T.);
#3203=EDGE_CURVE('',#4255,#4256,#5075,.T.);
#3204=EDGE_CURVE('',#4256,#4257,#5076,.T.);
#3205=EDGE_CURVE('',#4257,#4258,#5077,.T.);
#3206=EDGE_CURVE('',#4259,#4258,#5078,.T.);
#3207=EDGE_CURVE('',#4259,#4260,#5079,.T.);
#3208=EDGE_CURVE('',#4261,#4260,#5080,.T.);
#3209=EDGE_CURVE('',#4261,#4239,#5081,.T.);
#3210=EDGE_CURVE('',#4262,#4263,#5082,.T.);
#3211=EDGE_CURVE('',#4263,#4264,#5083,.T.);
#3212=EDGE_CURVE('',#4265,#4264,#5084,.T.);
#3213=EDGE_CURVE('',#4262,#4265,#5085,.T.);
#3214=EDGE_CURVE('',#4266,#4267,#5086,.T.);
#3215=EDGE_CURVE('',#4267,#4268,#5087,.T.);
#3216=EDGE_CURVE('',#4269,#4268,#5088,.T.);
#3217=EDGE_CURVE('',#4269,#4266,#5089,.T.);
#3218=EDGE_CURVE('',#4265,#4270,#5090,.T.);
#3219=EDGE_CURVE('',#4271,#4264,#5091,.T.);
#3220=EDGE_CURVE('',#4272,#4271,#5092,.T.);
#3221=EDGE_CURVE('',#4272,#4273,#5093,.T.);
#3222=EDGE_CURVE('',#4273,#4270,#5094,.T.);
#3223=EDGE_CURVE('',#4274,#4275,#5095,.T.);
#3224=EDGE_CURVE('',#4275,#4263,#5096,.T.);
#3225=EDGE_CURVE('',#4262,#4276,#5097,.T.);
#3226=EDGE_CURVE('',#4277,#4276,#5098,.T.);
#3227=EDGE_CURVE('',#4274,#4277,#5099,.T.);
#3228=EDGE_CURVE('',#4266,#4278,#5100,.T.);
#3229=EDGE_CURVE('',#4279,#4278,#5101,.T.);
#3230=EDGE_CURVE('',#4280,#4279,#5102,.T.);
#3231=EDGE_CURVE('',#4280,#4281,#5103,.T.);
#3232=EDGE_CURVE('',#4281,#4267,#5104,.T.);
#3233=EDGE_CURVE('',#4268,#4282,#5105,.T.);
#3234=EDGE_CURVE('',#4283,#4282,#5106,.T.);
#3235=EDGE_CURVE('',#4283,#4284,#5107,.T.);
#3236=EDGE_CURVE('',#4284,#4285,#5108,.T.);
#3237=EDGE_CURVE('',#4269,#4285,#5109,.T.);
#3238=EDGE_CURVE('',#4286,#4286,#404,.F.);
#3239=EDGE_CURVE('',#4287,#4287,#405,.F.);
#3240=EDGE_CURVE('',#4288,#4288,#406,.F.);
#3241=EDGE_CURVE('',#4289,#4289,#407,.F.);
#3242=EDGE_CURVE('',#4290,#4290,#408,.T.);
#3243=EDGE_CURVE('',#4291,#4291,#409,.T.);
#3244=EDGE_CURVE('',#4271,#4281,#5110,.T.);
#3245=EDGE_CURVE('',#4264,#4267,#5111,.T.);
#3246=EDGE_CURVE('',#4285,#4278,#5112,.T.);
#3247=EDGE_CURVE('',#4276,#4270,#5113,.T.);
#3248=EDGE_CURVE('',#4277,#4273,#5114,.T.);
#3249=EDGE_CURVE('',#4284,#4279,#5115,.T.);
#3250=EDGE_CURVE('',#4274,#4272,#5116,.T.);
#3251=EDGE_CURVE('',#4283,#4280,#5117,.T.);
#3252=EDGE_CURVE('',#4292,#4292,#410,.T.);
#3253=EDGE_CURVE('',#4293,#4293,#411,.T.);
#3254=EDGE_CURVE('',#4282,#4254,#5118,.F.);
#3255=EDGE_CURVE('',#4294,#4252,#5119,.T.);
#3256=EDGE_CURVE('',#4295,#4294,#5120,.T.);
#3257=EDGE_CURVE('',#4245,#4295,#5121,.T.);
#3258=EDGE_CURVE('',#4242,#4296,#5122,.T.);
#3259=EDGE_CURVE('',#4297,#4296,#5123,.T.);
#3260=EDGE_CURVE('',#4297,#4259,#5124,.T.);
#3261=EDGE_CURVE('',#4257,#4275,#5125,.T.);
#3262=EDGE_CURVE('',#4263,#4256,#5126,.T.);
#3263=EDGE_CURVE('',#4268,#4255,#5127,.F.);
#3264=EDGE_CURVE('',#4298,#4299,#5128,.T.);
#3265=EDGE_CURVE('',#4299,#4300,#5129,.T.);
#3266=EDGE_CURVE('',#4300,#4301,#5130,.T.);
#3267=EDGE_CURVE('',#4301,#4298,#5131,.T.);
#3268=EDGE_CURVE('',#4302,#4299,#5132,.T.);
#3269=EDGE_CURVE('',#4302,#4303,#5133,.T.);
#3270=EDGE_CURVE('',#4303,#4300,#5134,.T.);
#3271=EDGE_CURVE('',#4301,#4304,#5135,.T.);
#3272=EDGE_CURVE('',#4305,#4304,#5136,.T.);
#3273=EDGE_CURVE('',#4298,#4305,#5137,.T.);
#3274=EDGE_CURVE('',#4306,#4305,#5138,.T.);
#3275=EDGE_CURVE('',#4307,#4304,#5139,.T.);
#3276=EDGE_CURVE('',#4306,#4307,#5140,.T.);
#3277=EDGE_CURVE('',#4303,#4294,#5141,.T.);
#3278=EDGE_CURVE('',#4294,#4308,#5142,.T.);
#3279=EDGE_CURVE('',#4307,#4308,#5143,.T.);
#3280=EDGE_CURVE('',#4306,#4309,#5144,.T.);
#3281=EDGE_CURVE('',#4295,#4309,#5145,.T.);
#3282=EDGE_CURVE('',#4302,#4295,#5146,.T.);
#3283=EDGE_CURVE('',#4310,#4309,#5147,.T.);
#3284=EDGE_CURVE('',#4310,#4245,#5148,.T.);
#3285=EDGE_CURVE('',#4311,#4226,#5149,.T.);
#3286=EDGE_CURVE('',#4311,#4312,#5150,.T.);
#3287=EDGE_CURVE('',#4312,#4227,#5151,.T.);
#3288=EDGE_CURVE('',#4308,#4313,#5152,.T.);
#3289=EDGE_CURVE('',#4313,#4311,#5153,.T.);
#3290=EDGE_CURVE('',#4314,#4225,#5154,.T.);
#3291=EDGE_CURVE('',#4314,#4310,#5155,.T.);
#3292=EDGE_CURVE('',#4224,#4315,#5156,.T.);
#3293=EDGE_CURVE('',#4315,#4314,#5157,.T.);
#3294=EDGE_CURVE('',#4316,#4317,#5158,.T.);
#3295=EDGE_CURVE('',#4316,#4318,#5159,.T.);
#3296=EDGE_CURVE('',#4318,#4319,#5160,.T.);
#3297=EDGE_CURVE('',#4319,#4249,#5161,.T.);
#3298=EDGE_CURVE('',#4248,#4317,#5162,.T.);
#3299=EDGE_CURVE('',#4320,#4321,#5163,.T.);
#3300=EDGE_CURVE('',#4321,#4251,#5164,.T.);
#3301=EDGE_CURVE('',#4250,#4320,#5165,.T.);
#3302=EDGE_CURVE('',#4322,#4323,#5166,.T.);
#3303=EDGE_CURVE('',#4323,#4247,#5167,.T.);
#3304=EDGE_CURVE('',#4246,#4322,#5168,.T.);
#3305=EDGE_CURVE('',#4252,#4313,#5169,.T.);
#3306=EDGE_CURVE('',#4324,#4325,#5170,.T.);
#3307=EDGE_CURVE('',#4326,#4324,#5171,.T.);
#3308=EDGE_CURVE('',#4327,#4326,#5172,.T.);
#3309=EDGE_CURVE('',#4325,#4327,#5173,.T.);
#3310=EDGE_CURVE('',#4328,#4325,#5174,.T.);
#3311=EDGE_CURVE('',#4329,#4327,#5175,.T.);
#3312=EDGE_CURVE('',#4328,#4329,#5176,.T.);
#3313=EDGE_CURVE('',#4326,#4330,#5177,.T.);
#3314=EDGE_CURVE('',#4324,#4331,#5178,.T.);
#3315=EDGE_CURVE('',#4331,#4330,#5179,.T.);
#3316=EDGE_CURVE('',#4332,#4331,#5180,.T.);
#3317=EDGE_CURVE('',#4332,#4333,#5181,.T.);
#3318=EDGE_CURVE('',#4333,#4330,#5182,.T.);
#3319=EDGE_CURVE('',#4333,#4334,#5183,.T.);
#3320=EDGE_CURVE('',#4297,#4334,#5184,.T.);
#3321=EDGE_CURVE('',#4329,#4297,#5185,.T.);
#3322=EDGE_CURVE('',#4328,#4296,#5186,.T.);
#3323=EDGE_CURVE('',#4296,#4335,#5187,.T.);
#3324=EDGE_CURVE('',#4332,#4335,#5188,.T.);
#3325=EDGE_CURVE('',#4242,#4336,#5189,.T.);
#3326=EDGE_CURVE('',#4336,#4335,#5190,.T.);
#3327=EDGE_CURVE('',#4230,#4337,#5191,.T.);
#3328=EDGE_CURVE('',#4337,#4338,#5192,.T.);
#3329=EDGE_CURVE('',#4338,#4231,#5193,.T.);
#3330=EDGE_CURVE('',#4338,#4339,#5194,.T.);
#3331=EDGE_CURVE('',#4334,#4339,#5195,.T.);
#3332=EDGE_CURVE('',#4336,#4340,#5196,.T.);
#3333=EDGE_CURVE('',#4340,#4232,#5197,.T.);
#3334=EDGE_CURVE('',#4340,#4341,#5198,.T.);
#3335=EDGE_CURVE('',#4341,#4233,#5199,.T.);
#3336=EDGE_CURVE('',#4342,#4343,#5200,.T.);
#3337=EDGE_CURVE('',#4342,#4344,#5201,.T.);
#3338=EDGE_CURVE('',#4344,#4345,#5202,.T.);
#3339=EDGE_CURVE('',#4345,#4238,#5203,.T.);
#3340=EDGE_CURVE('',#4239,#4343,#5204,.T.);
#3341=EDGE_CURVE('',#4260,#4346,#5205,.T.);
#3342=EDGE_CURVE('',#4346,#4347,#5206,.T.);
#3343=EDGE_CURVE('',#4347,#4261,#5207,.T.);
#3344=EDGE_CURVE('',#4240,#4348,#5208,.T.);
#3345=EDGE_CURVE('',#4348,#4349,#5209,.T.);
#3346=EDGE_CURVE('',#4349,#4241,#5210,.T.);
#3347=EDGE_CURVE('',#4339,#4259,#5211,.T.);
#3348=EDGE_CURVE('',#4350,#4350,#412,.T.);
#3349=EDGE_CURVE('',#4351,#4351,#413,.T.);
#3350=EDGE_CURVE('',#4352,#4352,#414,.T.);
#3351=EDGE_CURVE('',#4353,#4353,#415,.T.);
#3352=EDGE_CURVE('',#4354,#4354,#416,.T.);
#3353=EDGE_CURVE('',#4355,#4355,#417,.T.);
#3354=EDGE_CURVE('',#4356,#4356,#418,.T.);
#3355=EDGE_CURVE('',#4357,#4357,#419,.T.);
#3356=EDGE_CURVE('',#4358,#4358,#420,.F.);
#3357=EDGE_CURVE('',#4359,#4359,#421,.T.);
#3358=EDGE_CURVE('',#4360,#4360,#422,.T.);
#3359=EDGE_CURVE('',#4361,#4361,#423,.F.);
#3360=EDGE_CURVE('',#4362,#4362,#424,.T.);
#3361=EDGE_CURVE('',#4363,#4363,#425,.T.);
#3362=EDGE_CURVE('',#4364,#4364,#426,.T.);
#3363=EDGE_CURVE('',#4365,#4365,#427,.F.);
#3364=EDGE_CURVE('',#4366,#4366,#428,.T.);
#3365=EDGE_CURVE('',#4367,#4367,#429,.F.);
#3366=EDGE_CURVE('',#4343,#4347,#5212,.F.);
#3367=EDGE_CURVE('',#4337,#4346,#5213,.F.);
#3368=EDGE_CURVE('',#4343,#4228,#5214,.T.);
#3369=EDGE_CURVE('',#4341,#4349,#5215,.F.);
#3370=EDGE_CURVE('',#4345,#4348,#5216,.F.);
#3371=EDGE_CURVE('',#4229,#4345,#5217,.T.);
#3372=EDGE_CURVE('',#4320,#4319,#5218,.F.);
#3373=EDGE_CURVE('',#4321,#4312,#5219,.F.);
#3374=EDGE_CURVE('',#4223,#4319,#5220,.T.);
#3375=EDGE_CURVE('',#4322,#4315,#5221,.F.);
#3376=EDGE_CURVE('',#4317,#4222,#5222,.T.);
#3377=EDGE_CURVE('',#4323,#4317,#5223,.F.);
#3378=EDGE_CURVE('',#4368,#4369,#5224,.T.);
#3379=EDGE_CURVE('',#4368,#4342,#5225,.T.);
#3380=EDGE_CURVE('',#4369,#4228,#5226,.T.);
#3381=EDGE_CURVE('',#4344,#4370,#5227,.T.);
#3382=EDGE_CURVE('',#4370,#4371,#5228,.T.);
#3383=EDGE_CURVE('',#4371,#4229,#5229,.T.);
#3384=EDGE_CURVE('',#4372,#4373,#5230,.T.);
#3385=EDGE_CURVE('',#4373,#4374,#5231,.T.);
#3386=EDGE_CURVE('',#4375,#4374,#5232,.T.);
#3387=EDGE_CURVE('',#4375,#4372,#5233,.T.);
#3388=EDGE_CURVE('',#4318,#4376,#5234,.T.);
#3389=EDGE_CURVE('',#4377,#4376,#5235,.T.);
#3390=EDGE_CURVE('',#4377,#4223,#5236,.T.);
#3391=EDGE_CURVE('',#4378,#4379,#5237,.T.);
#3392=EDGE_CURVE('',#4379,#4316,#5238,.T.);
#3393=EDGE_CURVE('',#4378,#4222,#5239,.T.);
#3394=EDGE_CURVE('',#4380,#4381,#5240,.T.);
#3395=EDGE_CURVE('',#4381,#4382,#5241,.T.);
#3396=EDGE_CURVE('',#4382,#4383,#5242,.T.);
#3397=EDGE_CURVE('',#4383,#4380,#5243,.T.);
#3398=EDGE_CURVE('',#4369,#4371,#5244,.T.);
#3399=EDGE_CURVE('',#4374,#4368,#5245,.T.);
#3400=EDGE_CURVE('',#4370,#4375,#5246,.T.);
#3401=EDGE_CURVE('',#4378,#4377,#5247,.T.);
#3402=EDGE_CURVE('',#4376,#4381,#5248,.T.);
#3403=EDGE_CURVE('',#4380,#4379,#5249,.T.);
#3404=EDGE_CURVE('',#4372,#4344,#5250,.T.);
#3405=EDGE_CURVE('',#4373,#4342,#5251,.T.);
#3406=EDGE_CURVE('',#4316,#4383,#5252,.T.);
#3407=EDGE_CURVE('',#4318,#4382,#5253,.T.);
#3408=EDGE_CURVE('',#4384,#4385,#5254,.T.);
#3409=EDGE_CURVE('',#4386,#4385,#5255,.T.);
#3410=EDGE_CURVE('',#4387,#4386,#5256,.T.);
#3411=EDGE_CURVE('',#4387,#4384,#5257,.T.);
#3412=EDGE_CURVE('',#4384,#4388,#5258,.T.);
#3413=EDGE_CURVE('',#4387,#4389,#5259,.T.);
#3414=EDGE_CURVE('',#4389,#4388,#5260,.T.);
#3415=EDGE_CURVE('',#4388,#4390,#5261,.T.);
#3416=EDGE_CURVE('',#4389,#4391,#5262,.T.);
#3417=EDGE_CURVE('',#4391,#4390,#5263,.T.);
#3418=EDGE_CURVE('',#4385,#4390,#5264,.T.);
#3419=EDGE_CURVE('',#4386,#4391,#5265,.T.);
#3420=EDGE_CURVE('',#4392,#4392,#430,.T.);
#3421=EDGE_CURVE('',#4393,#4393,#431,.T.);
#3422=EDGE_CURVE('',#4394,#4394,#432,.F.);
#3423=EDGE_CURVE('',#4395,#4395,#433,.F.);
#3424=EDGE_CURVE('',#4396,#4396,#434,.T.);
#3425=EDGE_CURVE('',#4397,#4397,#435,.F.);
#3426=EDGE_CURVE('',#4398,#4399,#5266,.T.);
#3427=EDGE_CURVE('',#4400,#4398,#5267,.T.);
#3428=EDGE_CURVE('',#4400,#4401,#5268,.T.);
#3429=EDGE_CURVE('',#4401,#4399,#5269,.T.);
#3430=EDGE_CURVE('',#4398,#4402,#5270,.T.);
#3431=EDGE_CURVE('',#4403,#4402,#5271,.T.);
#3432=EDGE_CURVE('',#4400,#4403,#5272,.T.);
#3433=EDGE_CURVE('',#4402,#4404,#5273,.T.);
#3434=EDGE_CURVE('',#4405,#4404,#5274,.T.);
#3435=EDGE_CURVE('',#4403,#4405,#5275,.T.);
#3436=EDGE_CURVE('',#4399,#4404,#5276,.T.);
#3437=EDGE_CURVE('',#4401,#4405,#5277,.T.);
#3438=EDGE_CURVE('',#4406,#4406,#436,.T.);
#3439=EDGE_CURVE('',#4407,#4407,#437,.T.);
#3440=EDGE_CURVE('',#4408,#4409,#18,.T.);
#3441=EDGE_CURVE('',#4409,#4410,#438,.T.);
#3442=EDGE_CURVE('',#4410,#4411,#19,.T.);
#3443=EDGE_CURVE('',#4412,#4411,#5278,.T.);
#3444=EDGE_CURVE('',#4412,#4413,#20,.T.);
#3445=EDGE_CURVE('',#4413,#4414,#439,.T.);
#3446=EDGE_CURVE('',#4414,#4415,#21,.T.);
#3447=EDGE_CURVE('',#4415,#4416,#5279,.T.);
#3448=EDGE_CURVE('',#4416,#4417,#22,.T.);
#3449=EDGE_CURVE('',#4417,#4418,#440,.T.);
#3450=EDGE_CURVE('',#4418,#4419,#23,.T.);
#3451=EDGE_CURVE('',#4420,#4419,#5280,.T.);
#3452=EDGE_CURVE('',#4420,#4421,#24,.T.);
#3453=EDGE_CURVE('',#4421,#4422,#441,.T.);
#3454=EDGE_CURVE('',#4422,#4423,#25,.T.);
#3455=EDGE_CURVE('',#4423,#4424,#5281,.T.);
#3456=EDGE_CURVE('',#4424,#4425,#26,.T.);
#3457=EDGE_CURVE('',#4425,#4426,#442,.T.);
#3458=EDGE_CURVE('',#4426,#4427,#27,.T.);
#3459=EDGE_CURVE('',#4428,#4427,#5282,.T.);
#3460=EDGE_CURVE('',#4428,#4429,#28,.T.);
#3461=EDGE_CURVE('',#4429,#4430,#443,.T.);
#3462=EDGE_CURVE('',#4430,#4431,#29,.T.);
#3463=EDGE_CURVE('',#4431,#4432,#5283,.T.);
#3464=EDGE_CURVE('',#4432,#4433,#30,.T.);
#3465=EDGE_CURVE('',#4433,#4434,#444,.T.);
#3466=EDGE_CURVE('',#4434,#4435,#31,.T.);
#3467=EDGE_CURVE('',#4436,#4435,#5284,.T.);
#3468=EDGE_CURVE('',#4436,#4437,#32,.T.);
#3469=EDGE_CURVE('',#4437,#4438,#445,.T.);
#3470=EDGE_CURVE('',#4438,#4439,#33,.T.);
#3471=EDGE_CURVE('',#4439,#4440,#5285,.T.);
#3472=EDGE_CURVE('',#4440,#4441,#34,.T.);
#3473=EDGE_CURVE('',#4441,#4442,#446,.T.);
#3474=EDGE_CURVE('',#4442,#4443,#35,.T.);
#3475=EDGE_CURVE('',#4444,#4443,#5286,.T.);
#3476=EDGE_CURVE('',#4444,#4445,#36,.T.);
#3477=EDGE_CURVE('',#4445,#4446,#447,.T.);
#3478=EDGE_CURVE('',#4446,#4447,#37,.T.);
#3479=EDGE_CURVE('',#4447,#4408,#5287,.T.);
#3480=EDGE_CURVE('',#4448,#4448,#448,.T.);
#3481=EDGE_CURVE('',#4449,#4434,#5288,.F.);
#3482=EDGE_CURVE('',#4433,#4450,#5289,.T.);
#3483=EDGE_CURVE('',#4451,#4450,#449,.T.);
#3484=EDGE_CURVE('',#4451,#4452,#450,.F.);
#3485=EDGE_CURVE('',#4452,#4426,#5290,.F.);
#3486=EDGE_CURVE('',#4425,#4453,#5291,.T.);
#3487=EDGE_CURVE('',#4454,#4453,#451,.T.);
#3488=EDGE_CURVE('',#4454,#4418,#5292,.F.);
#3489=EDGE_CURVE('',#4417,#4455,#5293,.T.);
#3490=EDGE_CURVE('',#4456,#4455,#452,.T.);
#3491=EDGE_CURVE('',#4456,#4410,#5294,.F.);
#3492=EDGE_CURVE('',#4409,#4457,#5295,.T.);
#3493=EDGE_CURVE('',#4458,#4457,#453,.T.);
#3494=EDGE_CURVE('',#4458,#4442,#5296,.F.);
#3495=EDGE_CURVE('',#4441,#4459,#5297,.T.);
#3496=EDGE_CURVE('',#4459,#4449,#454,.F.);
#3497=EDGE_CURVE('',#4460,#4461,#5298,.T.);
#3498=EDGE_CURVE('',#4462,#4461,#5299,.T.);
#3499=EDGE_CURVE('',#4463,#4462,#5300,.T.);
#3500=EDGE_CURVE('',#4463,#4460,#5301,.T.);
#3501=EDGE_CURVE('',#4464,#4461,#455,.T.);
#3502=EDGE_CURVE('',#4465,#4464,#5302,.T.);
#3503=EDGE_CURVE('',#4465,#4462,#456,.T.);
#3504=EDGE_CURVE('',#4466,#4464,#5303,.T.);
#3505=EDGE_CURVE('',#4467,#4466,#5304,.T.);
#3506=EDGE_CURVE('',#4467,#4465,#5305,.T.);
#3507=EDGE_CURVE('',#4460,#4466,#457,.T.);
#3508=EDGE_CURVE('',#4463,#4467,#458,.T.);
#3509=EDGE_CURVE('',#4411,#4468,#5306,.T.);
#3510=EDGE_CURVE('',#4469,#4468,#5307,.T.);
#3511=EDGE_CURVE('',#4469,#4412,#5308,.F.);
#3512=EDGE_CURVE('',#4415,#4470,#5309,.T.);
#3513=EDGE_CURVE('',#4470,#4471,#5310,.T.);
#3514=EDGE_CURVE('',#4471,#4416,#5311,.F.);
#3515=EDGE_CURVE('',#4472,#4473,#459,.T.);
#3516=EDGE_CURVE('',#4473,#4414,#5312,.F.);
#3517=EDGE_CURVE('',#4413,#4472,#5313,.T.);
#3518=EDGE_CURVE('',#4470,#4473,#38,.T.);
#3519=EDGE_CURVE('',#4455,#4471,#39,.T.);
#3520=EDGE_CURVE('',#4468,#4456,#40,.T.);
#3521=EDGE_CURVE('',#4472,#4469,#41,.T.);
#3522=EDGE_CURVE('',#4473,#4474,#460,.F.);
#3523=EDGE_CURVE('',#4474,#4475,#42,.T.);
#3524=EDGE_CURVE('',#4475,#4476,#5314,.T.);
#3525=EDGE_CURVE('',#4476,#4454,#43,.T.);
#3526=EDGE_CURVE('',#4454,#4455,#461,.F.);
#3527=EDGE_CURVE('',#4456,#4457,#462,.F.);
#3528=EDGE_CURVE('',#4457,#4477,#44,.T.);
#3529=EDGE_CURVE('',#4478,#4477,#5315,.T.);
#3530=EDGE_CURVE('',#4478,#4479,#45,.T.);
#3531=EDGE_CURVE('',#4479,#4472,#463,.F.);
#3532=EDGE_CURVE('',#4443,#4480,#5316,.T.);
#3533=EDGE_CURVE('',#4481,#4480,#5317,.T.);
#3534=EDGE_CURVE('',#4481,#4444,#5318,.F.);
#3535=EDGE_CURVE('',#4447,#4478,#5319,.T.);
#3536=EDGE_CURVE('',#4477,#4408,#5320,.F.);
#3537=EDGE_CURVE('',#4482,#4479,#464,.T.);
#3538=EDGE_CURVE('',#4479,#4446,#5321,.F.);
#3539=EDGE_CURVE('',#4445,#4482,#5322,.T.);
#3540=EDGE_CURVE('',#4480,#4458,#46,.T.);
#3541=EDGE_CURVE('',#4482,#4481,#47,.T.);
#3542=EDGE_CURVE('',#4458,#4459,#465,.F.);
#3543=EDGE_CURVE('',#4459,#4483,#48,.T.);
#3544=EDGE_CURVE('',#4484,#4483,#5323,.T.);
#3545=EDGE_CURVE('',#4484,#4485,#49,.T.);
#3546=EDGE_CURVE('',#4485,#4482,#466,.F.);
#3547=EDGE_CURVE('',#4475,#4420,#5324,.F.);
#3548=EDGE_CURVE('',#4419,#4476,#5325,.T.);
#3549=EDGE_CURVE('',#4423,#4486,#5326,.T.);
#3550=EDGE_CURVE('',#4486,#4487,#5327,.T.);
#3551=EDGE_CURVE('',#4487,#4424,#5328,.F.);
#3552=EDGE_CURVE('',#4421,#4474,#5329,.T.);
#3553=EDGE_CURVE('',#4474,#4488,#467,.T.);
#3554=EDGE_CURVE('',#4488,#4422,#5330,.F.);
#3555=EDGE_CURVE('',#4486,#4488,#50,.T.);
#3556=EDGE_CURVE('',#4453,#4487,#51,.T.);
#3557=EDGE_CURVE('',#4488,#4489,#468,.F.);
#3558=EDGE_CURVE('',#4489,#4451,#5331,.T.);
#3559=EDGE_CURVE('',#4451,#4453,#469,.F.);
#3560=EDGE_CURVE('',#4427,#4490,#5332,.T.);
#3561=EDGE_CURVE('',#4490,#4491,#5333,.F.);
#3562=EDGE_CURVE('',#4491,#4428,#5334,.F.);
#3563=EDGE_CURVE('',#4492,#4493,#5335,.T.);
#3564=EDGE_CURVE('',#4493,#4432,#5336,.F.);
#3565=EDGE_CURVE('',#4431,#4492,#5337,.T.);
#3566=EDGE_CURVE('',#4489,#4494,#470,.T.);
#3567=EDGE_CURVE('',#4494,#4430,#5338,.F.);
#3568=EDGE_CURVE('',#4429,#4495,#5339,.T.);
#3569=EDGE_CURVE('',#4495,#4489,#471,.T.);
#3570=EDGE_CURVE('',#4495,#4491,#10,.F.);
#3571=EDGE_CURVE('',#4490,#4452,#11,.T.);
#3572=EDGE_CURVE('',#4450,#4493,#52,.T.);
#3573=EDGE_CURVE('',#4492,#4494,#53,.T.);
#3574=EDGE_CURVE('',#4449,#4450,#472,.F.);
#3575=EDGE_CURVE('',#4494,#4496,#473,.F.);
#3576=EDGE_CURVE('',#4496,#4497,#54,.T.);
#3577=EDGE_CURVE('',#4497,#4498,#5340,.T.);
#3578=EDGE_CURVE('',#4498,#4449,#55,.T.);
#3579=EDGE_CURVE('',#4497,#4436,#5341,.F.);
#3580=EDGE_CURVE('',#4435,#4498,#5342,.T.);
#3581=EDGE_CURVE('',#4439,#4484,#5343,.T.);
#3582=EDGE_CURVE('',#4483,#4440,#5344,.F.);
#3583=EDGE_CURVE('',#4437,#4496,#5345,.T.);
#3584=EDGE_CURVE('',#4496,#4485,#474,.F.);
#3585=EDGE_CURVE('',#4485,#4438,#5346,.F.);
#3586=EDGE_CURVE('',#4499,#4499,#475,.T.);
#3587=EDGE_CURVE('',#4500,#4500,#476,.F.);
#3588=EDGE_CURVE('',#4501,#4501,#477,.F.);
#3589=EDGE_CURVE('',#4502,#4502,#478,.F.);
#3590=EDGE_CURVE('',#4503,#4503,#479,.T.);
#3591=EDGE_CURVE('',#4504,#4504,#480,.F.);
#3592=EDGE_CURVE('',#4505,#4506,#5347,.F.);
#3593=EDGE_CURVE('',#4506,#4507,#481,.T.);
#3594=EDGE_CURVE('',#4507,#4508,#5348,.T.);
#3595=EDGE_CURVE('',#4505,#4508,#482,.T.);
#3596=EDGE_CURVE('',#4509,#4510,#5349,.F.);
#3597=EDGE_CURVE('',#4510,#4511,#483,.T.);
#3598=EDGE_CURVE('',#4511,#4512,#5350,.T.);
#3599=EDGE_CURVE('',#4509,#4512,#484,.T.);
#3600=EDGE_CURVE('',#4513,#4514,#5351,.F.);
#3601=EDGE_CURVE('',#4514,#4515,#485,.T.);
#3602=EDGE_CURVE('',#4515,#4516,#5352,.T.);
#3603=EDGE_CURVE('',#4513,#4516,#486,.T.);
#3604=EDGE_CURVE('',#4517,#4518,#5353,.F.);
#3605=EDGE_CURVE('',#4518,#4519,#487,.T.);
#3606=EDGE_CURVE('',#4519,#4520,#5354,.T.);
#3607=EDGE_CURVE('',#4521,#4520,#488,.T.);
#3608=EDGE_CURVE('',#4521,#4517,#489,.F.);
#3609=EDGE_CURVE('',#4510,#4522,#56,.T.);
#3610=EDGE_CURVE('',#4523,#4522,#5355,.T.);
#3611=EDGE_CURVE('',#4523,#4524,#57,.T.);
#3612=EDGE_CURVE('',#4524,#4525,#490,.T.);
#3613=EDGE_CURVE('',#4525,#4526,#58,.T.);
#3614=EDGE_CURVE('',#4526,#4527,#5356,.T.);
#3615=EDGE_CURVE('',#4527,#4511,#59,.T.);
#3616=EDGE_CURVE('',#4514,#4528,#60,.T.);
#3617=EDGE_CURVE('',#4529,#4528,#5357,.T.);
#3618=EDGE_CURVE('',#4529,#4530,#61,.T.);
#3619=EDGE_CURVE('',#4530,#4531,#491,.T.);
#3620=EDGE_CURVE('',#4531,#4532,#62,.T.);
#3621=EDGE_CURVE('',#4532,#4533,#5358,.T.);
#3622=EDGE_CURVE('',#4533,#4515,#63,.T.);
#3623=EDGE_CURVE('',#4518,#4534,#64,.T.);
#3624=EDGE_CURVE('',#4535,#4534,#5359,.T.);
#3625=EDGE_CURVE('',#4535,#4536,#65,.T.);
#3626=EDGE_CURVE('',#4536,#4537,#492,.T.);
#3627=EDGE_CURVE('',#4537,#4538,#66,.T.);
#3628=EDGE_CURVE('',#4538,#4539,#5360,.T.);
#3629=EDGE_CURVE('',#4539,#4519,#67,.T.);
#3630=EDGE_CURVE('',#4540,#4541,#493,.T.);
#3631=EDGE_CURVE('',#4540,#4542,#68,.T.);
#3632=EDGE_CURVE('',#4543,#4542,#5361,.T.);
#3633=EDGE_CURVE('',#4543,#4544,#69,.T.);
#3634=EDGE_CURVE('',#4544,#4545,#494,.T.);
#3635=EDGE_CURVE('',#4545,#4546,#70,.T.);
#3636=EDGE_CURVE('',#4546,#4547,#5362,.T.);
#3637=EDGE_CURVE('',#4547,#4541,#71,.T.);
#3638=EDGE_CURVE('',#4548,#4507,#72,.T.);
#3639=EDGE_CURVE('',#4506,#4549,#73,.T.);
#3640=EDGE_CURVE('',#4550,#4549,#5363,.T.);
#3641=EDGE_CURVE('',#4550,#4551,#74,.T.);
#3642=EDGE_CURVE('',#4551,#4552,#495,.T.);
#3643=EDGE_CURVE('',#4552,#4553,#75,.T.);
#3644=EDGE_CURVE('',#4553,#4548,#5364,.T.);
#3645=EDGE_CURVE('',#4554,#4554,#496,.T.);
#3646=EDGE_CURVE('',#4555,#4555,#497,.T.);
#3647=EDGE_CURVE('',#4556,#4540,#5365,.F.);
#3648=EDGE_CURVE('',#4541,#4557,#5366,.T.);
#3649=EDGE_CURVE('',#4557,#4556,#498,.F.);
#3650=EDGE_CURVE('',#4558,#4559,#5367,.T.);
#3651=EDGE_CURVE('',#4560,#4559,#5368,.T.);
#3652=EDGE_CURVE('',#4561,#4560,#5369,.T.);
#3653=EDGE_CURVE('',#4561,#4558,#5370,.T.);
#3654=EDGE_CURVE('',#4562,#4559,#499,.T.);
#3655=EDGE_CURVE('',#4563,#4562,#5371,.T.);
#3656=EDGE_CURVE('',#4563,#4560,#500,.T.);
#3657=EDGE_CURVE('',#4564,#4562,#5372,.T.);
#3658=EDGE_CURVE('',#4565,#4564,#5373,.T.);
#3659=EDGE_CURVE('',#4565,#4563,#5374,.T.);
#3660=EDGE_CURVE('',#4558,#4564,#501,.T.);
#3661=EDGE_CURVE('',#4561,#4565,#502,.T.);
#3662=EDGE_CURVE('',#4522,#4566,#5375,.T.);
#3663=EDGE_CURVE('',#4567,#4566,#5376,.T.);
#3664=EDGE_CURVE('',#4567,#4523,#5377,.F.);
#3665=EDGE_CURVE('',#4526,#4568,#5378,.T.);
#3666=EDGE_CURVE('',#4568,#4569,#5379,.T.);
#3667=EDGE_CURVE('',#4569,#4527,#5380,.F.);
#3668=EDGE_CURVE('',#4570,#4571,#503,.T.);
#3669=EDGE_CURVE('',#4571,#4525,#5381,.F.);
#3670=EDGE_CURVE('',#4524,#4570,#5382,.T.);
#3671=EDGE_CURVE('',#4568,#4571,#76,.T.);
#3672=EDGE_CURVE('',#4512,#4569,#77,.T.);
#3673=EDGE_CURVE('',#4566,#4509,#78,.T.);
#3674=EDGE_CURVE('',#4570,#4567,#79,.T.);
#3675=EDGE_CURVE('',#4571,#4572,#504,.F.);
#3676=EDGE_CURVE('',#4572,#4573,#80,.T.);
#3677=EDGE_CURVE('',#4573,#4574,#5383,.T.);
#3678=EDGE_CURVE('',#4574,#4513,#81,.T.);
#3679=EDGE_CURVE('',#4513,#4512,#505,.F.);
#3680=EDGE_CURVE('',#4509,#4508,#506,.F.);
#3681=EDGE_CURVE('',#4508,#4575,#82,.T.);
#3682=EDGE_CURVE('',#4576,#4575,#5384,.T.);
#3683=EDGE_CURVE('',#4576,#4577,#83,.T.);
#3684=EDGE_CURVE('',#4577,#4570,#507,.F.);
#3685=EDGE_CURVE('',#4549,#4578,#5385,.T.);
#3686=EDGE_CURVE('',#4579,#4578,#5386,.T.);
#3687=EDGE_CURVE('',#4579,#4550,#5387,.F.);
#3688=EDGE_CURVE('',#4553,#4576,#5388,.T.);
#3689=EDGE_CURVE('',#4575,#4548,#5389,.F.);
#3690=EDGE_CURVE('',#4580,#4577,#508,.T.);
#3691=EDGE_CURVE('',#4577,#4552,#5390,.F.);
#3692=EDGE_CURVE('',#4551,#4580,#5391,.T.);
#3693=EDGE_CURVE('',#4578,#4505,#84,.T.);
#3694=EDGE_CURVE('',#4580,#4579,#85,.T.);
#3695=EDGE_CURVE('',#4505,#4557,#509,.F.);
#3696=EDGE_CURVE('',#4557,#4581,#86,.T.);
#3697=EDGE_CURVE('',#4582,#4581,#5392,.T.);
#3698=EDGE_CURVE('',#4582,#4583,#87,.T.);
#3699=EDGE_CURVE('',#4583,#4580,#510,.F.);
#3700=EDGE_CURVE('',#4573,#4529,#5393,.F.);
#3701=EDGE_CURVE('',#4528,#4574,#5394,.T.);
#3702=EDGE_CURVE('',#4532,#4584,#5395,.T.);
#3703=EDGE_CURVE('',#4584,#4585,#5396,.T.);
#3704=EDGE_CURVE('',#4585,#4533,#5397,.F.);
#3705=EDGE_CURVE('',#4530,#4572,#5398,.T.);
#3706=EDGE_CURVE('',#4572,#4586,#511,.T.);
#3707=EDGE_CURVE('',#4586,#4531,#5399,.F.);
#3708=EDGE_CURVE('',#4584,#4586,#88,.T.);
#3709=EDGE_CURVE('',#4516,#4585,#89,.T.);
#3710=EDGE_CURVE('',#4586,#4587,#512,.F.);
#3711=EDGE_CURVE('',#4587,#4521,#5400,.T.);
#3712=EDGE_CURVE('',#4521,#4516,#513,.F.);
#3713=EDGE_CURVE('',#4534,#4588,#5401,.T.);
#3714=EDGE_CURVE('',#4588,#4589,#5402,.F.);
#3715=EDGE_CURVE('',#4589,#4535,#5403,.F.);
#3716=EDGE_CURVE('',#4590,#4591,#5404,.T.);
#3717=EDGE_CURVE('',#4591,#4539,#5405,.F.);
#3718=EDGE_CURVE('',#4538,#4590,#5406,.T.);
#3719=EDGE_CURVE('',#4587,#4592,#514,.T.);
#3720=EDGE_CURVE('',#4592,#4537,#5407,.F.);
#3721=EDGE_CURVE('',#4536,#4593,#5408,.T.);
#3722=EDGE_CURVE('',#4593,#4587,#515,.T.);
#3723=EDGE_CURVE('',#4593,#4589,#12,.F.);
#3724=EDGE_CURVE('',#4588,#4517,#13,.T.);
#3725=EDGE_CURVE('',#4520,#4591,#90,.T.);
#3726=EDGE_CURVE('',#4590,#4592,#91,.T.);
#3727=EDGE_CURVE('',#4556,#4520,#516,.F.);
#3728=EDGE_CURVE('',#4592,#4594,#517,.F.);
#3729=EDGE_CURVE('',#4594,#4595,#92,.T.);
#3730=EDGE_CURVE('',#4595,#4596,#5409,.T.);
#3731=EDGE_CURVE('',#4596,#4556,#93,.T.);
#3732=EDGE_CURVE('',#4595,#4543,#5410,.F.);
#3733=EDGE_CURVE('',#4542,#4596,#5411,.T.);
#3734=EDGE_CURVE('',#4546,#4582,#5412,.T.);
#3735=EDGE_CURVE('',#4581,#4547,#5413,.F.);
#3736=EDGE_CURVE('',#4544,#4594,#5414,.T.);
#3737=EDGE_CURVE('',#4594,#4583,#518,.F.);
#3738=EDGE_CURVE('',#4583,#4545,#5415,.F.);
#3739=EDGE_CURVE('',#4597,#4597,#519,.T.);
#3740=EDGE_CURVE('',#4598,#4598,#520,.F.);
#3741=EDGE_CURVE('',#4599,#4599,#521,.F.);
#3742=EDGE_CURVE('',#4600,#4600,#522,.F.);
#3743=EDGE_CURVE('',#4601,#4601,#523,.T.);
#3744=EDGE_CURVE('',#4602,#4602,#524,.F.);
#3745=EDGE_CURVE('',#4603,#4604,#5416,.F.);
#3746=EDGE_CURVE('',#4604,#4605,#525,.T.);
#3747=EDGE_CURVE('',#4605,#4606,#5417,.T.);
#3748=EDGE_CURVE('',#4603,#4606,#526,.T.);
#3749=EDGE_CURVE('',#4607,#4608,#5418,.F.);
#3750=EDGE_CURVE('',#4608,#4609,#527,.T.);
#3751=EDGE_CURVE('',#4609,#4610,#5419,.T.);
#3752=EDGE_CURVE('',#4607,#4610,#528,.T.);
#3753=EDGE_CURVE('',#4611,#4612,#5420,.F.);
#3754=EDGE_CURVE('',#4612,#4613,#529,.T.);
#3755=EDGE_CURVE('',#4613,#4614,#5421,.T.);
#3756=EDGE_CURVE('',#4611,#4614,#530,.T.);
#3757=EDGE_CURVE('',#4615,#4616,#5422,.F.);
#3758=EDGE_CURVE('',#4616,#4617,#531,.T.);
#3759=EDGE_CURVE('',#4617,#4618,#5423,.T.);
#3760=EDGE_CURVE('',#4619,#4618,#532,.T.);
#3761=EDGE_CURVE('',#4619,#4615,#533,.F.);
#3762=EDGE_CURVE('',#4608,#4620,#94,.T.);
#3763=EDGE_CURVE('',#4621,#4620,#5424,.T.);
#3764=EDGE_CURVE('',#4621,#4622,#95,.T.);
#3765=EDGE_CURVE('',#4622,#4623,#534,.T.);
#3766=EDGE_CURVE('',#4623,#4624,#96,.T.);
#3767=EDGE_CURVE('',#4624,#4625,#5425,.T.);
#3768=EDGE_CURVE('',#4625,#4609,#97,.T.);
#3769=EDGE_CURVE('',#4612,#4626,#98,.T.);
#3770=EDGE_CURVE('',#4627,#4626,#5426,.T.);
#3771=EDGE_CURVE('',#4627,#4628,#99,.T.);
#3772=EDGE_CURVE('',#4628,#4629,#535,.T.);
#3773=EDGE_CURVE('',#4629,#4630,#100,.T.);
#3774=EDGE_CURVE('',#4630,#4631,#5427,.T.);
#3775=EDGE_CURVE('',#4631,#4613,#101,.T.);
#3776=EDGE_CURVE('',#4616,#4632,#102,.T.);
#3777=EDGE_CURVE('',#4633,#4632,#5428,.T.);
#3778=EDGE_CURVE('',#4633,#4634,#103,.T.);
#3779=EDGE_CURVE('',#4634,#4635,#536,.T.);
#3780=EDGE_CURVE('',#4635,#4636,#104,.T.);
#3781=EDGE_CURVE('',#4636,#4637,#5429,.T.);
#3782=EDGE_CURVE('',#4637,#4617,#105,.T.);
#3783=EDGE_CURVE('',#4638,#4639,#537,.T.);
#3784=EDGE_CURVE('',#4638,#4640,#106,.T.);
#3785=EDGE_CURVE('',#4641,#4640,#5430,.T.);
#3786=EDGE_CURVE('',#4641,#4642,#107,.T.);
#3787=EDGE_CURVE('',#4642,#4643,#538,.T.);
#3788=EDGE_CURVE('',#4643,#4644,#108,.T.);
#3789=EDGE_CURVE('',#4644,#4645,#5431,.T.);
#3790=EDGE_CURVE('',#4645,#4639,#109,.T.);
#3791=EDGE_CURVE('',#4646,#4605,#110,.T.);
#3792=EDGE_CURVE('',#4604,#4647,#111,.T.);
#3793=EDGE_CURVE('',#4648,#4647,#5432,.T.);
#3794=EDGE_CURVE('',#4648,#4649,#112,.T.);
#3795=EDGE_CURVE('',#4649,#4650,#539,.T.);
#3796=EDGE_CURVE('',#4650,#4651,#113,.T.);
#3797=EDGE_CURVE('',#4651,#4646,#5433,.T.);
#3798=EDGE_CURVE('',#4652,#4652,#540,.T.);
#3799=EDGE_CURVE('',#4653,#4653,#541,.T.);
#3800=EDGE_CURVE('',#4654,#4638,#5434,.F.);
#3801=EDGE_CURVE('',#4639,#4655,#5435,.T.);
#3802=EDGE_CURVE('',#4655,#4654,#542,.F.);
#3803=EDGE_CURVE('',#4656,#4657,#5436,.T.);
#3804=EDGE_CURVE('',#4658,#4657,#5437,.T.);
#3805=EDGE_CURVE('',#4659,#4658,#5438,.T.);
#3806=EDGE_CURVE('',#4659,#4656,#5439,.T.);
#3807=EDGE_CURVE('',#4660,#4657,#543,.T.);
#3808=EDGE_CURVE('',#4661,#4660,#5440,.T.);
#3809=EDGE_CURVE('',#4661,#4658,#544,.T.);
#3810=EDGE_CURVE('',#4662,#4660,#5441,.T.);
#3811=EDGE_CURVE('',#4663,#4662,#5442,.T.);
#3812=EDGE_CURVE('',#4663,#4661,#5443,.T.);
#3813=EDGE_CURVE('',#4656,#4662,#545,.T.);
#3814=EDGE_CURVE('',#4659,#4663,#546,.T.);
#3815=EDGE_CURVE('',#4620,#4664,#5444,.T.);
#3816=EDGE_CURVE('',#4665,#4664,#5445,.T.);
#3817=EDGE_CURVE('',#4665,#4621,#5446,.F.);
#3818=EDGE_CURVE('',#4624,#4666,#5447,.T.);
#3819=EDGE_CURVE('',#4666,#4667,#5448,.T.);
#3820=EDGE_CURVE('',#4667,#4625,#5449,.F.);
#3821=EDGE_CURVE('',#4668,#4669,#547,.T.);
#3822=EDGE_CURVE('',#4669,#4623,#5450,.F.);
#3823=EDGE_CURVE('',#4622,#4668,#5451,.T.);
#3824=EDGE_CURVE('',#4666,#4669,#114,.T.);
#3825=EDGE_CURVE('',#4610,#4667,#115,.T.);
#3826=EDGE_CURVE('',#4664,#4607,#116,.T.);
#3827=EDGE_CURVE('',#4668,#4665,#117,.T.);
#3828=EDGE_CURVE('',#4669,#4670,#548,.F.);
#3829=EDGE_CURVE('',#4670,#4671,#118,.T.);
#3830=EDGE_CURVE('',#4671,#4672,#5452,.T.);
#3831=EDGE_CURVE('',#4672,#4611,#119,.T.);
#3832=EDGE_CURVE('',#4611,#4610,#549,.F.);
#3833=EDGE_CURVE('',#4607,#4606,#550,.F.);
#3834=EDGE_CURVE('',#4606,#4673,#120,.T.);
#3835=EDGE_CURVE('',#4674,#4673,#5453,.T.);
#3836=EDGE_CURVE('',#4674,#4675,#121,.T.);
#3837=EDGE_CURVE('',#4675,#4668,#551,.F.);
#3838=EDGE_CURVE('',#4647,#4676,#5454,.T.);
#3839=EDGE_CURVE('',#4677,#4676,#5455,.T.);
#3840=EDGE_CURVE('',#4677,#4648,#5456,.F.);
#3841=EDGE_CURVE('',#4651,#4674,#5457,.T.);
#3842=EDGE_CURVE('',#4673,#4646,#5458,.F.);
#3843=EDGE_CURVE('',#4678,#4675,#552,.T.);
#3844=EDGE_CURVE('',#4675,#4650,#5459,.F.);
#3845=EDGE_CURVE('',#4649,#4678,#5460,.T.);
#3846=EDGE_CURVE('',#4676,#4603,#122,.T.);
#3847=EDGE_CURVE('',#4678,#4677,#123,.T.);
#3848=EDGE_CURVE('',#4603,#4655,#553,.F.);
#3849=EDGE_CURVE('',#4655,#4679,#124,.T.);
#3850=EDGE_CURVE('',#4680,#4679,#5461,.T.);
#3851=EDGE_CURVE('',#4680,#4681,#125,.T.);
#3852=EDGE_CURVE('',#4681,#4678,#554,.F.);
#3853=EDGE_CURVE('',#4671,#4627,#5462,.F.);
#3854=EDGE_CURVE('',#4626,#4672,#5463,.T.);
#3855=EDGE_CURVE('',#4630,#4682,#5464,.T.);
#3856=EDGE_CURVE('',#4682,#4683,#5465,.T.);
#3857=EDGE_CURVE('',#4683,#4631,#5466,.F.);
#3858=EDGE_CURVE('',#4628,#4670,#5467,.T.);
#3859=EDGE_CURVE('',#4670,#4684,#555,.T.);
#3860=EDGE_CURVE('',#4684,#4629,#5468,.F.);
#3861=EDGE_CURVE('',#4682,#4684,#126,.T.);
#3862=EDGE_CURVE('',#4614,#4683,#127,.T.);
#3863=EDGE_CURVE('',#4684,#4685,#556,.F.);
#3864=EDGE_CURVE('',#4685,#4619,#5469,.T.);
#3865=EDGE_CURVE('',#4619,#4614,#557,.F.);
#3866=EDGE_CURVE('',#4632,#4686,#5470,.T.);
#3867=EDGE_CURVE('',#4686,#4687,#5471,.F.);
#3868=EDGE_CURVE('',#4687,#4633,#5472,.F.);
#3869=EDGE_CURVE('',#4688,#4689,#5473,.T.);
#3870=EDGE_CURVE('',#4689,#4637,#5474,.F.);
#3871=EDGE_CURVE('',#4636,#4688,#5475,.T.);
#3872=EDGE_CURVE('',#4685,#4690,#558,.T.);
#3873=EDGE_CURVE('',#4690,#4635,#5476,.F.);
#3874=EDGE_CURVE('',#4634,#4691,#5477,.T.);
#3875=EDGE_CURVE('',#4691,#4685,#559,.T.);
#3876=EDGE_CURVE('',#4691,#4687,#14,.F.);
#3877=EDGE_CURVE('',#4686,#4615,#15,.T.);
#3878=EDGE_CURVE('',#4618,#4689,#128,.T.);
#3879=EDGE_CURVE('',#4688,#4690,#129,.T.);
#3880=EDGE_CURVE('',#4654,#4618,#560,.F.);
#3881=EDGE_CURVE('',#4690,#4692,#561,.F.);
#3882=EDGE_CURVE('',#4692,#4693,#130,.T.);
#3883=EDGE_CURVE('',#4693,#4694,#5478,.T.);
#3884=EDGE_CURVE('',#4694,#4654,#131,.T.);
#3885=EDGE_CURVE('',#4693,#4641,#5479,.F.);
#3886=EDGE_CURVE('',#4640,#4694,#5480,.T.);
#3887=EDGE_CURVE('',#4644,#4680,#5481,.T.);
#3888=EDGE_CURVE('',#4679,#4645,#5482,.F.);
#3889=EDGE_CURVE('',#4642,#4692,#5483,.T.);
#3890=EDGE_CURVE('',#4692,#4681,#562,.F.);
#3891=EDGE_CURVE('',#4681,#4643,#5484,.F.);
#3892=EDGE_CURVE('',#4695,#4695,#563,.T.);
#3893=EDGE_CURVE('',#4696,#4696,#564,.F.);
#3894=EDGE_CURVE('',#4697,#4698,#132,.T.);
#3895=EDGE_CURVE('',#4698,#4699,#565,.T.);
#3896=EDGE_CURVE('',#4699,#4700,#133,.T.);
#3897=EDGE_CURVE('',#4701,#4700,#5485,.T.);
#3898=EDGE_CURVE('',#4701,#4702,#134,.T.);
#3899=EDGE_CURVE('',#4702,#4703,#566,.T.);
#3900=EDGE_CURVE('',#4703,#4704,#135,.T.);
#3901=EDGE_CURVE('',#4704,#4705,#5486,.T.);
#3902=EDGE_CURVE('',#4705,#4706,#136,.T.);
#3903=EDGE_CURVE('',#4706,#4707,#567,.T.);
#3904=EDGE_CURVE('',#4707,#4708,#137,.T.);
#3905=EDGE_CURVE('',#4709,#4708,#5487,.T.);
#3906=EDGE_CURVE('',#4709,#4710,#138,.T.);
#3907=EDGE_CURVE('',#4710,#4711,#568,.T.);
#3908=EDGE_CURVE('',#4711,#4712,#139,.T.);
#3909=EDGE_CURVE('',#4712,#4713,#5488,.T.);
#3910=EDGE_CURVE('',#4713,#4714,#140,.T.);
#3911=EDGE_CURVE('',#4714,#4715,#569,.T.);
#3912=EDGE_CURVE('',#4715,#4716,#141,.T.);
#3913=EDGE_CURVE('',#4717,#4716,#5489,.T.);
#3914=EDGE_CURVE('',#4717,#4718,#142,.T.);
#3915=EDGE_CURVE('',#4718,#4719,#570,.T.);
#3916=EDGE_CURVE('',#4719,#4720,#143,.T.);
#3917=EDGE_CURVE('',#4720,#4721,#5490,.T.);
#3918=EDGE_CURVE('',#4721,#4722,#144,.T.);
#3919=EDGE_CURVE('',#4722,#4723,#571,.T.);
#3920=EDGE_CURVE('',#4723,#4724,#145,.T.);
#3921=EDGE_CURVE('',#4725,#4724,#5491,.T.);
#3922=EDGE_CURVE('',#4725,#4726,#146,.T.);
#3923=EDGE_CURVE('',#4726,#4727,#572,.T.);
#3924=EDGE_CURVE('',#4727,#4728,#147,.T.);
#3925=EDGE_CURVE('',#4728,#4729,#5492,.T.);
#3926=EDGE_CURVE('',#4729,#4730,#148,.T.);
#3927=EDGE_CURVE('',#4730,#4731,#573,.T.);
#3928=EDGE_CURVE('',#4731,#4732,#149,.T.);
#3929=EDGE_CURVE('',#4733,#4732,#5493,.T.);
#3930=EDGE_CURVE('',#4733,#4734,#150,.T.);
#3931=EDGE_CURVE('',#4734,#4735,#574,.T.);
#3932=EDGE_CURVE('',#4735,#4736,#151,.T.);
#3933=EDGE_CURVE('',#4736,#4697,#5494,.T.);
#3934=EDGE_CURVE('',#4737,#4737,#575,.T.);
#3935=EDGE_CURVE('',#4738,#4723,#5495,.F.);
#3936=EDGE_CURVE('',#4722,#4739,#5496,.T.);
#3937=EDGE_CURVE('',#4740,#4739,#576,.T.);
#3938=EDGE_CURVE('',#4740,#4741,#577,.F.);
#3939=EDGE_CURVE('',#4741,#4715,#5497,.F.);
#3940=EDGE_CURVE('',#4714,#4742,#5498,.T.);
#3941=EDGE_CURVE('',#4743,#4742,#578,.T.);
#3942=EDGE_CURVE('',#4743,#4707,#5499,.F.);
#3943=EDGE_CURVE('',#4706,#4744,#5500,.T.);
#3944=EDGE_CURVE('',#4745,#4744,#579,.T.);
#3945=EDGE_CURVE('',#4745,#4699,#5501,.F.);
#3946=EDGE_CURVE('',#4698,#4746,#5502,.T.);
#3947=EDGE_CURVE('',#4747,#4746,#580,.T.);
#3948=EDGE_CURVE('',#4747,#4731,#5503,.F.);
#3949=EDGE_CURVE('',#4730,#4748,#5504,.T.);
#3950=EDGE_CURVE('',#4748,#4738,#581,.F.);
#3951=EDGE_CURVE('',#4749,#4750,#5505,.T.);
#3952=EDGE_CURVE('',#4751,#4750,#5506,.T.);
#3953=EDGE_CURVE('',#4752,#4751,#5507,.T.);
#3954=EDGE_CURVE('',#4752,#4749,#5508,.T.);
#3955=EDGE_CURVE('',#4753,#4750,#582,.T.);
#3956=EDGE_CURVE('',#4754,#4753,#5509,.T.);
#3957=EDGE_CURVE('',#4754,#4751,#583,.T.);
#3958=EDGE_CURVE('',#4755,#4753,#5510,.T.);
#3959=EDGE_CURVE('',#4756,#4755,#5511,.T.);
#3960=EDGE_CURVE('',#4756,#4754,#5512,.T.);
#3961=EDGE_CURVE('',#4749,#4755,#584,.T.);
#3962=EDGE_CURVE('',#4752,#4756,#585,.T.);
#3963=EDGE_CURVE('',#4700,#4757,#5513,.T.);
#3964=EDGE_CURVE('',#4758,#4757,#5514,.T.);
#3965=EDGE_CURVE('',#4758,#4701,#5515,.F.);
#3966=EDGE_CURVE('',#4704,#4759,#5516,.T.);
#3967=EDGE_CURVE('',#4759,#4760,#5517,.T.);
#3968=EDGE_CURVE('',#4760,#4705,#5518,.F.);
#3969=EDGE_CURVE('',#4761,#4762,#586,.T.);
#3970=EDGE_CURVE('',#4762,#4703,#5519,.F.);
#3971=EDGE_CURVE('',#4702,#4761,#5520,.T.);
#3972=EDGE_CURVE('',#4759,#4762,#152,.T.);
#3973=EDGE_CURVE('',#4744,#4760,#153,.T.);
#3974=EDGE_CURVE('',#4757,#4745,#154,.T.);
#3975=EDGE_CURVE('',#4761,#4758,#155,.T.);
#3976=EDGE_CURVE('',#4762,#4763,#587,.F.);
#3977=EDGE_CURVE('',#4763,#4764,#156,.T.);
#3978=EDGE_CURVE('',#4764,#4765,#5521,.T.);
#3979=EDGE_CURVE('',#4765,#4743,#157,.T.);
#3980=EDGE_CURVE('',#4743,#4744,#588,.F.);
#3981=EDGE_CURVE('',#4745,#4746,#589,.F.);
#3982=EDGE_CURVE('',#4746,#4766,#158,.T.);
#3983=EDGE_CURVE('',#4767,#4766,#5522,.T.);
#3984=EDGE_CURVE('',#4767,#4768,#159,.T.);
#3985=EDGE_CURVE('',#4768,#4761,#590,.F.);
#3986=EDGE_CURVE('',#4732,#4769,#5523,.T.);
#3987=EDGE_CURVE('',#4770,#4769,#5524,.T.);
#3988=EDGE_CURVE('',#4770,#4733,#5525,.F.);
#3989=EDGE_CURVE('',#4736,#4767,#5526,.T.);
#3990=EDGE_CURVE('',#4766,#4697,#5527,.F.);
#3991=EDGE_CURVE('',#4771,#4768,#591,.T.);
#3992=EDGE_CURVE('',#4768,#4735,#5528,.F.);
#3993=EDGE_CURVE('',#4734,#4771,#5529,.T.);
#3994=EDGE_CURVE('',#4769,#4747,#160,.T.);
#3995=EDGE_CURVE('',#4771,#4770,#161,.T.);
#3996=EDGE_CURVE('',#4747,#4748,#592,.F.);
#3997=EDGE_CURVE('',#4748,#4772,#162,.T.);
#3998=EDGE_CURVE('',#4773,#4772,#5530,.T.);
#3999=EDGE_CURVE('',#4773,#4774,#163,.T.);
#4000=EDGE_CURVE('',#4774,#4771,#593,.F.);
#4001=EDGE_CURVE('',#4764,#4709,#5531,.F.);
#4002=EDGE_CURVE('',#4708,#4765,#5532,.T.);
#4003=EDGE_CURVE('',#4712,#4775,#5533,.T.);
#4004=EDGE_CURVE('',#4775,#4776,#5534,.T.);
#4005=EDGE_CURVE('',#4776,#4713,#5535,.F.);
#4006=EDGE_CURVE('',#4710,#4763,#5536,.T.);
#4007=EDGE_CURVE('',#4763,#4777,#594,.T.);
#4008=EDGE_CURVE('',#4777,#4711,#5537,.F.);
#4009=EDGE_CURVE('',#4775,#4777,#164,.T.);
#4010=EDGE_CURVE('',#4742,#4776,#165,.T.);
#4011=EDGE_CURVE('',#4777,#4778,#595,.F.);
#4012=EDGE_CURVE('',#4778,#4740,#5538,.T.);
#4013=EDGE_CURVE('',#4740,#4742,#596,.F.);
#4014=EDGE_CURVE('',#4716,#4779,#5539,.T.);
#4015=EDGE_CURVE('',#4779,#4780,#5540,.F.);
#4016=EDGE_CURVE('',#4780,#4717,#5541,.F.);
#4017=EDGE_CURVE('',#4781,#4782,#5542,.T.);
#4018=EDGE_CURVE('',#4782,#4721,#5543,.F.);
#4019=EDGE_CURVE('',#4720,#4781,#5544,.T.);
#4020=EDGE_CURVE('',#4778,#4783,#597,.T.);
#4021=EDGE_CURVE('',#4783,#4719,#5545,.F.);
#4022=EDGE_CURVE('',#4718,#4784,#5546,.T.);
#4023=EDGE_CURVE('',#4784,#4778,#598,.T.);
#4024=EDGE_CURVE('',#4784,#4780,#16,.F.);
#4025=EDGE_CURVE('',#4779,#4741,#17,.T.);
#4026=EDGE_CURVE('',#4739,#4782,#166,.T.);
#4027=EDGE_CURVE('',#4781,#4783,#167,.T.);
#4028=EDGE_CURVE('',#4738,#4739,#599,.F.);
#4029=EDGE_CURVE('',#4783,#4785,#600,.F.);
#4030=EDGE_CURVE('',#4785,#4786,#168,.T.);
#4031=EDGE_CURVE('',#4786,#4787,#5547,.T.);
#4032=EDGE_CURVE('',#4787,#4738,#169,.T.);
#4033=EDGE_CURVE('',#4786,#4725,#5548,.F.);
#4034=EDGE_CURVE('',#4724,#4787,#5549,.T.);
#4035=EDGE_CURVE('',#4728,#4773,#5550,.T.);
#4036=EDGE_CURVE('',#4772,#4729,#5551,.F.);
#4037=EDGE_CURVE('',#4726,#4785,#5552,.T.);
#4038=EDGE_CURVE('',#4785,#4774,#601,.F.);
#4039=EDGE_CURVE('',#4774,#4727,#5553,.F.);
#4040=EDGE_CURVE('',#4788,#4788,#602,.T.);
#4041=EDGE_CURVE('',#4789,#4789,#603,.F.);
#4042=EDGE_CURVE('',#4790,#4790,#604,.F.);
#4043=EDGE_CURVE('',#4791,#4791,#605,.F.);
#4044=EDGE_CURVE('',#4792,#4792,#606,.T.);
#4045=EDGE_CURVE('',#4793,#4793,#607,.F.);
#4046=EDGE_CURVE('',#4794,#4794,#608,.F.);
#4047=EDGE_CURVE('',#4795,#4795,#609,.F.);
#4048=EDGE_CURVE('',#4796,#4796,#610,.T.);
#4049=EDGE_CURVE('',#4797,#4797,#611,.F.);
#4050=EDGE_CURVE('',#4798,#4798,#612,.F.);
#4051=EDGE_CURVE('',#4799,#4799,#613,.F.);
#4052=EDGE_CURVE('',#4800,#4800,#614,.T.);
#4053=EDGE_CURVE('',#4801,#4801,#615,.F.);
#4054=VERTEX_POINT('',#11414);
#4055=VERTEX_POINT('',#11415);
#4056=VERTEX_POINT('',#11417);
#4057=VERTEX_POINT('',#11419);
#4058=VERTEX_POINT('',#11421);
#4059=VERTEX_POINT('',#11423);
#4060=VERTEX_POINT('',#11427);
#4061=VERTEX_POINT('',#11428);
#4062=VERTEX_POINT('',#11430);
#4063=VERTEX_POINT('',#11432);
#4064=VERTEX_POINT('',#11434);
#4065=VERTEX_POINT('',#11436);
#4066=VERTEX_POINT('',#11440);
#4067=VERTEX_POINT('',#11441);
#4068=VERTEX_POINT('',#11443);
#4069=VERTEX_POINT('',#11445);
#4070=VERTEX_POINT('',#11447);
#4071=VERTEX_POINT('',#11449);
#4072=VERTEX_POINT('',#11453);
#4073=VERTEX_POINT('',#11454);
#4074=VERTEX_POINT('',#11456);
#4075=VERTEX_POINT('',#11458);
#4076=VERTEX_POINT('',#11460);
#4077=VERTEX_POINT('',#11462);
#4078=VERTEX_POINT('',#11466);
#4079=VERTEX_POINT('',#11468);
#4080=VERTEX_POINT('',#11472);
#4081=VERTEX_POINT('',#11474);
#4082=VERTEX_POINT('',#11478);
#4083=VERTEX_POINT('',#11480);
#4084=VERTEX_POINT('',#11482);
#4085=VERTEX_POINT('',#11485);
#4086=VERTEX_POINT('',#11487);
#4087=VERTEX_POINT('',#11491);
#4088=VERTEX_POINT('',#11493);
#4089=VERTEX_POINT('',#11497);
#4090=VERTEX_POINT('',#11498);
#4091=VERTEX_POINT('',#11500);
#4092=VERTEX_POINT('',#11502);
#4093=VERTEX_POINT('',#11506);
#4094=VERTEX_POINT('',#11507);
#4095=VERTEX_POINT('',#11509);
#4096=VERTEX_POINT('',#11511);
#4097=VERTEX_POINT('',#11518);
#4098=VERTEX_POINT('',#11520);
#4099=VERTEX_POINT('',#11522);
#4100=VERTEX_POINT('',#11531);
#4101=VERTEX_POINT('',#11532);
#4102=VERTEX_POINT('',#11535);
#4103=VERTEX_POINT('',#11539);
#4104=VERTEX_POINT('',#11541);
#4105=VERTEX_POINT('',#11543);
#4106=VERTEX_POINT('',#11554);
#4107=VERTEX_POINT('',#11556);
#4108=VERTEX_POINT('',#11559);
#4109=VERTEX_POINT('',#11561);
#4110=VERTEX_POINT('',#11563);
#4111=VERTEX_POINT('',#11565);
#4112=VERTEX_POINT('',#11570);
#4113=VERTEX_POINT('',#11571);
#4114=VERTEX_POINT('',#11573);
#4115=VERTEX_POINT('',#11575);
#4116=VERTEX_POINT('',#11577);
#4117=VERTEX_POINT('',#11579);
#4118=VERTEX_POINT('',#11581);
#4119=VERTEX_POINT('',#11583);
#4120=VERTEX_POINT('',#11586);
#4121=VERTEX_POINT('',#11587);
#4122=VERTEX_POINT('',#11589);
#4123=VERTEX_POINT('',#11591);
#4124=VERTEX_POINT('',#11593);
#4125=VERTEX_POINT('',#11595);
#4126=VERTEX_POINT('',#11597);
#4127=VERTEX_POINT('',#11599);
#4128=VERTEX_POINT('',#11602);
#4129=VERTEX_POINT('',#11604);
#4130=VERTEX_POINT('',#11607);
#4131=VERTEX_POINT('',#11609);
#4132=VERTEX_POINT('',#11613);
#4133=VERTEX_POINT('',#11617);
#4134=VERTEX_POINT('',#11618);
#4135=VERTEX_POINT('',#11621);
#4136=VERTEX_POINT('',#11623);
#4137=VERTEX_POINT('',#11625);
#4138=VERTEX_POINT('',#11630);
#4139=VERTEX_POINT('',#11634);
#4140=VERTEX_POINT('',#11635);
#4141=VERTEX_POINT('',#11640);
#4142=VERTEX_POINT('',#11642);
#4143=VERTEX_POINT('',#11648);
#4144=VERTEX_POINT('',#11651);
#4145=VERTEX_POINT('',#11653);
#4146=VERTEX_POINT('',#11660);
#4147=VERTEX_POINT('',#11661);
#4148=VERTEX_POINT('',#11663);
#4149=VERTEX_POINT('',#11668);
#4150=VERTEX_POINT('',#11670);
#4151=VERTEX_POINT('',#11672);
#4152=VERTEX_POINT('',#11683);
#4153=VERTEX_POINT('',#11685);
#4154=VERTEX_POINT('',#11689);
#4155=VERTEX_POINT('',#11690);
#4156=VERTEX_POINT('',#11695);
#4157=VERTEX_POINT('',#11696);
#4158=VERTEX_POINT('',#11701);
#4159=VERTEX_POINT('',#11703);
#4160=VERTEX_POINT('',#11707);
#4161=VERTEX_POINT('',#11708);
#4162=VERTEX_POINT('',#11710);
#4163=VERTEX_POINT('',#11712);
#4164=VERTEX_POINT('',#11716);
#4165=VERTEX_POINT('',#11718);
#4166=VERTEX_POINT('',#11722);
#4167=VERTEX_POINT('',#11724);
#4168=VERTEX_POINT('',#11732);
#4169=VERTEX_POINT('',#11733);
#4170=VERTEX_POINT('',#11735);
#4171=VERTEX_POINT('',#11737);
#4172=VERTEX_POINT('',#11741);
#4173=VERTEX_POINT('',#11742);
#4174=VERTEX_POINT('',#11744);
#4175=VERTEX_POINT('',#11746);
#4176=VERTEX_POINT('',#11750);
#4177=VERTEX_POINT('',#11751);
#4178=VERTEX_POINT('',#11754);
#4179=VERTEX_POINT('',#11756);
#4180=VERTEX_POINT('',#11760);
#4181=VERTEX_POINT('',#11761);
#4182=VERTEX_POINT('',#11764);
#4183=VERTEX_POINT('',#11766);
#4184=VERTEX_POINT('',#11769);
#4185=VERTEX_POINT('',#11771);
#4186=VERTEX_POINT('',#11776);
#4187=VERTEX_POINT('',#11778);
#4188=VERTEX_POINT('',#11786);
#4189=VERTEX_POINT('',#11788);
#4190=VERTEX_POINT('',#11793);
#4191=VERTEX_POINT('',#11794);
#4192=VERTEX_POINT('',#11801);
#4193=VERTEX_POINT('',#11804);
#4194=VERTEX_POINT('',#11806);
#4195=VERTEX_POINT('',#11808);
#4196=VERTEX_POINT('',#11810);
#4197=VERTEX_POINT('',#11812);
#4198=VERTEX_POINT('',#11817);
#4199=VERTEX_POINT('',#11821);
#4200=VERTEX_POINT('',#11828);
#4201=VERTEX_POINT('',#11833);
#4202=VERTEX_POINT('',#11894);
#4203=VERTEX_POINT('',#11895);
#4204=VERTEX_POINT('',#11897);
#4205=VERTEX_POINT('',#11899);
#4206=VERTEX_POINT('',#11903);
#4207=VERTEX_POINT('',#11905);
#4208=VERTEX_POINT('',#11909);
#4209=VERTEX_POINT('',#11911);
#4210=VERTEX_POINT('',#11918);
#4211=VERTEX_POINT('',#11922);
#4212=VERTEX_POINT('',#11927);
#4213=VERTEX_POINT('',#11928);
#4214=VERTEX_POINT('',#11930);
#4215=VERTEX_POINT('',#11932);
#4216=VERTEX_POINT('',#11936);
#4217=VERTEX_POINT('',#11938);
#4218=VERTEX_POINT('',#11942);
#4219=VERTEX_POINT('',#11944);
#4220=VERTEX_POINT('',#11951);
#4221=VERTEX_POINT('',#11955);
#4222=VERTEX_POINT('',#11960);
#4223=VERTEX_POINT('',#11961);
#4224=VERTEX_POINT('',#11963);
#4225=VERTEX_POINT('',#11965);
#4226=VERTEX_POINT('',#11967);
#4227=VERTEX_POINT('',#11969);
#4228=VERTEX_POINT('',#11973);
#4229=VERTEX_POINT('',#11974);
#4230=VERTEX_POINT('',#11976);
#4231=VERTEX_POINT('',#11978);
#4232=VERTEX_POINT('',#11980);
#4233=VERTEX_POINT('',#11982);
#4234=VERTEX_POINT('',#11986);
#4235=VERTEX_POINT('',#11989);
#4236=VERTEX_POINT('',#11992);
#4237=VERTEX_POINT('',#11994);
#4238=VERTEX_POINT('',#11996);
#4239=VERTEX_POINT('',#11997);
#4240=VERTEX_POINT('',#11999);
#4241=VERTEX_POINT('',#12001);
#4242=VERTEX_POINT('',#12003);
#4243=VERTEX_POINT('',#12005);
#4244=VERTEX_POINT('',#12007);
#4245=VERTEX_POINT('',#12009);
#4246=VERTEX_POINT('',#12011);
#4247=VERTEX_POINT('',#12013);
#4248=VERTEX_POINT('',#12015);
#4249=VERTEX_POINT('',#12017);
#4250=VERTEX_POINT('',#12019);
#4251=VERTEX_POINT('',#12021);
#4252=VERTEX_POINT('',#12023);
#4253=VERTEX_POINT('',#12025);
#4254=VERTEX_POINT('',#12027);
#4255=VERTEX_POINT('',#12029);
#4256=VERTEX_POINT('',#12031);
#4257=VERTEX_POINT('',#12033);
#4258=VERTEX_POINT('',#12035);
#4259=VERTEX_POINT('',#12037);
#4260=VERTEX_POINT('',#12039);
#4261=VERTEX_POINT('',#12041);
#4262=VERTEX_POINT('',#12045);
#4263=VERTEX_POINT('',#12046);
#4264=VERTEX_POINT('',#12048);
#4265=VERTEX_POINT('',#12050);
#4266=VERTEX_POINT('',#12054);
#4267=VERTEX_POINT('',#12055);
#4268=VERTEX_POINT('',#12057);
#4269=VERTEX_POINT('',#12059);
#4270=VERTEX_POINT('',#12063);
#4271=VERTEX_POINT('',#12065);
#4272=VERTEX_POINT('',#12067);
#4273=VERTEX_POINT('',#12069);
#4274=VERTEX_POINT('',#12073);
#4275=VERTEX_POINT('',#12074);
#4276=VERTEX_POINT('',#12077);
#4277=VERTEX_POINT('',#12079);
#4278=VERTEX_POINT('',#12083);
#4279=VERTEX_POINT('',#12085);
#4280=VERTEX_POINT('',#12087);
#4281=VERTEX_POINT('',#12089);
#4282=VERTEX_POINT('',#12093);
#4283=VERTEX_POINT('',#12095);
#4284=VERTEX_POINT('',#12097);
#4285=VERTEX_POINT('',#12099);
#4286=VERTEX_POINT('',#12103);
#4287=VERTEX_POINT('',#12105);
#4288=VERTEX_POINT('',#12107);
#4289=VERTEX_POINT('',#12109);
#4290=VERTEX_POINT('',#12111);
#4291=VERTEX_POINT('',#12113);
#4292=VERTEX_POINT('',#12130);
#4293=VERTEX_POINT('',#12133);
#4294=VERTEX_POINT('',#12137);
#4295=VERTEX_POINT('',#12139);
#4296=VERTEX_POINT('',#12142);
#4297=VERTEX_POINT('',#12144);
#4298=VERTEX_POINT('',#12156);
#4299=VERTEX_POINT('',#12157);
#4300=VERTEX_POINT('',#12159);
#4301=VERTEX_POINT('',#12161);
#4302=VERTEX_POINT('',#12165);
#4303=VERTEX_POINT('',#12167);
#4304=VERTEX_POINT('',#12171);
#4305=VERTEX_POINT('',#12173);
#4306=VERTEX_POINT('',#12177);
#4307=VERTEX_POINT('',#12179);
#4308=VERTEX_POINT('',#12184);
#4309=VERTEX_POINT('',#12188);
#4310=VERTEX_POINT('',#12193);
#4311=VERTEX_POINT('',#12197);
#4312=VERTEX_POINT('',#12199);
#4313=VERTEX_POINT('',#12203);
#4314=VERTEX_POINT('',#12206);
#4315=VERTEX_POINT('',#12210);
#4316=VERTEX_POINT('',#12214);
#4317=VERTEX_POINT('',#12215);
#4318=VERTEX_POINT('',#12217);
#4319=VERTEX_POINT('',#12219);
#4320=VERTEX_POINT('',#12224);
#4321=VERTEX_POINT('',#12225);
#4322=VERTEX_POINT('',#12230);
#4323=VERTEX_POINT('',#12231);
#4324=VERTEX_POINT('',#12239);
#4325=VERTEX_POINT('',#12240);
#4326=VERTEX_POINT('',#12242);
#4327=VERTEX_POINT('',#12244);
#4328=VERTEX_POINT('',#12248);
#4329=VERTEX_POINT('',#12250);
#4330=VERTEX_POINT('',#12254);
#4331=VERTEX_POINT('',#12256);
#4332=VERTEX_POINT('',#12260);
#4333=VERTEX_POINT('',#12262);
#4334=VERTEX_POINT('',#12266);
#4335=VERTEX_POINT('',#12272);
#4336=VERTEX_POINT('',#12276);
#4337=VERTEX_POINT('',#12280);
#4338=VERTEX_POINT('',#12282);
#4339=VERTEX_POINT('',#12286);
#4340=VERTEX_POINT('',#12289);
#4341=VERTEX_POINT('',#12293);
#4342=VERTEX_POINT('',#12297);
#4343=VERTEX_POINT('',#12298);
#4344=VERTEX_POINT('',#12300);
#4345=VERTEX_POINT('',#12302);
#4346=VERTEX_POINT('',#12307);
#4347=VERTEX_POINT('',#12309);
#4348=VERTEX_POINT('',#12313);
#4349=VERTEX_POINT('',#12315);
#4350=VERTEX_POINT('',#12322);
#4351=VERTEX_POINT('',#12325);
#4352=VERTEX_POINT('',#12328);
#4353=VERTEX_POINT('',#12331);
#4354=VERTEX_POINT('',#12334);
#4355=VERTEX_POINT('',#12338);
#4356=VERTEX_POINT('',#12342);
#4357=VERTEX_POINT('',#12346);
#4358=VERTEX_POINT('',#12350);
#4359=VERTEX_POINT('',#12353);
#4360=VERTEX_POINT('',#12355);
#4361=VERTEX_POINT('',#12358);
#4362=VERTEX_POINT('',#12361);
#4363=VERTEX_POINT('',#12363);
#4364=VERTEX_POINT('',#12366);
#4365=VERTEX_POINT('',#12369);
#4366=VERTEX_POINT('',#12372);
#4367=VERTEX_POINT('',#12375);
#4368=VERTEX_POINT('',#12406);
#4369=VERTEX_POINT('',#12407);
#4370=VERTEX_POINT('',#12412);
#4371=VERTEX_POINT('',#12414);
#4372=VERTEX_POINT('',#12418);
#4373=VERTEX_POINT('',#12419);
#4374=VERTEX_POINT('',#12421);
#4375=VERTEX_POINT('',#12423);
#4376=VERTEX_POINT('',#12427);
#4377=VERTEX_POINT('',#12429);
#4378=VERTEX_POINT('',#12433);
#4379=VERTEX_POINT('',#12434);
#4380=VERTEX_POINT('',#12439);
#4381=VERTEX_POINT('',#12440);
#4382=VERTEX_POINT('',#12442);
#4383=VERTEX_POINT('',#12444);
#4384=VERTEX_POINT('',#12469);
#4385=VERTEX_POINT('',#12470);
#4386=VERTEX_POINT('',#12472);
#4387=VERTEX_POINT('',#12474);
#4388=VERTEX_POINT('',#12478);
#4389=VERTEX_POINT('',#12480);
#4390=VERTEX_POINT('',#12484);
#4391=VERTEX_POINT('',#12486);
#4392=VERTEX_POINT('',#12493);
#4393=VERTEX_POINT('',#12497);
#4394=VERTEX_POINT('',#12502);
#4395=VERTEX_POINT('',#12504);
#4396=VERTEX_POINT('',#12507);
#4397=VERTEX_POINT('',#12509);
#4398=VERTEX_POINT('',#12515);
#4399=VERTEX_POINT('',#12516);
#4400=VERTEX_POINT('',#12518);
#4401=VERTEX_POINT('',#12520);
#4402=VERTEX_POINT('',#12524);
#4403=VERTEX_POINT('',#12526);
#4404=VERTEX_POINT('',#12530);
#4405=VERTEX_POINT('',#12532);
#4406=VERTEX_POINT('',#12539);
#4407=VERTEX_POINT('',#12543);
#4408=VERTEX_POINT('',#12551);
#4409=VERTEX_POINT('',#12552);
#4410=VERTEX_POINT('',#12554);
#4411=VERTEX_POINT('',#12559);
#4412=VERTEX_POINT('',#12561);
#4413=VERTEX_POINT('',#12566);
#4414=VERTEX_POINT('',#12568);
#4415=VERTEX_POINT('',#12573);
#4416=VERTEX_POINT('',#12575);
#4417=VERTEX_POINT('',#12580);
#4418=VERTEX_POINT('',#12582);
#4419=VERTEX_POINT('',#12587);
#4420=VERTEX_POINT('',#12589);
#4421=VERTEX_POINT('',#12594);
#4422=VERTEX_POINT('',#12596);
#4423=VERTEX_POINT('',#12601);
#4424=VERTEX_POINT('',#12603);
#4425=VERTEX_POINT('',#12608);
#4426=VERTEX_POINT('',#12610);
#4427=VERTEX_POINT('',#12615);
#4428=VERTEX_POINT('',#12617);
#4429=VERTEX_POINT('',#12622);
#4430=VERTEX_POINT('',#12624);
#4431=VERTEX_POINT('',#12629);
#4432=VERTEX_POINT('',#12631);
#4433=VERTEX_POINT('',#12636);
#4434=VERTEX_POINT('',#12638);
#4435=VERTEX_POINT('',#12643);
#4436=VERTEX_POINT('',#12645);
#4437=VERTEX_POINT('',#12650);
#4438=VERTEX_POINT('',#12652);
#4439=VERTEX_POINT('',#12657);
#4440=VERTEX_POINT('',#12659);
#4441=VERTEX_POINT('',#12664);
#4442=VERTEX_POINT('',#12666);
#4443=VERTEX_POINT('',#12671);
#4444=VERTEX_POINT('',#12673);
#4445=VERTEX_POINT('',#12678);
#4446=VERTEX_POINT('',#12680);
#4447=VERTEX_POINT('',#12685);
#4448=VERTEX_POINT('',#12688);
#4449=VERTEX_POINT('',#12691);
#4450=VERTEX_POINT('',#12693);
#4451=VERTEX_POINT('',#12695);
#4452=VERTEX_POINT('',#12697);
#4453=VERTEX_POINT('',#12700);
#4454=VERTEX_POINT('',#12702);
#4455=VERTEX_POINT('',#12705);
#4456=VERTEX_POINT('',#12707);
#4457=VERTEX_POINT('',#12710);
#4458=VERTEX_POINT('',#12712);
#4459=VERTEX_POINT('',#12715);
#4460=VERTEX_POINT('',#12719);
#4461=VERTEX_POINT('',#12720);
#4462=VERTEX_POINT('',#12722);
#4463=VERTEX_POINT('',#12724);
#4464=VERTEX_POINT('',#12728);
#4465=VERTEX_POINT('',#12730);
#4466=VERTEX_POINT('',#12734);
#4467=VERTEX_POINT('',#12736);
#4468=VERTEX_POINT('',#12745);
#4469=VERTEX_POINT('',#12747);
#4470=VERTEX_POINT('',#12751);
#4471=VERTEX_POINT('',#12753);
#4472=VERTEX_POINT('',#12757);
#4473=VERTEX_POINT('',#12758);
#4474=VERTEX_POINT('',#12783);
#4475=VERTEX_POINT('',#12788);
#4476=VERTEX_POINT('',#12790);
#4477=VERTEX_POINT('',#12802);
#4478=VERTEX_POINT('',#12804);
#4479=VERTEX_POINT('',#12809);
#4480=VERTEX_POINT('',#12813);
#4481=VERTEX_POINT('',#12815);
#4482=VERTEX_POINT('',#12822);
#4483=VERTEX_POINT('',#12843);
#4484=VERTEX_POINT('',#12845);
#4485=VERTEX_POINT('',#12850);
#4486=VERTEX_POINT('',#12857);
#4487=VERTEX_POINT('',#12859);
#4488=VERTEX_POINT('',#12864);
#4489=VERTEX_POINT('',#12880);
#4490=VERTEX_POINT('',#12885);
#4491=VERTEX_POINT('',#12887);
#4492=VERTEX_POINT('',#12891);
#4493=VERTEX_POINT('',#12892);
#4494=VERTEX_POINT('',#12897);
#4495=VERTEX_POINT('',#12900);
#4496=VERTEX_POINT('',#12920);
#4497=VERTEX_POINT('',#12925);
#4498=VERTEX_POINT('',#12927);
#4499=VERTEX_POINT('',#12948);
#4500=VERTEX_POINT('',#12950);
#4501=VERTEX_POINT('',#12956);
#4502=VERTEX_POINT('',#12958);
#4503=VERTEX_POINT('',#12961);
#4504=VERTEX_POINT('',#12963);
#4505=VERTEX_POINT('',#12969);
#4506=VERTEX_POINT('',#12970);
#4507=VERTEX_POINT('',#12972);
#4508=VERTEX_POINT('',#12974);
#4509=VERTEX_POINT('',#12978);
#4510=VERTEX_POINT('',#12979);
#4511=VERTEX_POINT('',#12981);
#4512=VERTEX_POINT('',#12983);
#4513=VERTEX_POINT('',#12987);
#4514=VERTEX_POINT('',#12988);
#4515=VERTEX_POINT('',#12990);
#4516=VERTEX_POINT('',#12992);
#4517=VERTEX_POINT('',#12996);
#4518=VERTEX_POINT('',#12997);
#4519=VERTEX_POINT('',#12999);
#4520=VERTEX_POINT('',#13001);
#4521=VERTEX_POINT('',#13003);
#4522=VERTEX_POINT('',#13010);
#4523=VERTEX_POINT('',#13012);
#4524=VERTEX_POINT('',#13017);
#4525=VERTEX_POINT('',#13019);
#4526=VERTEX_POINT('',#13024);
#4527=VERTEX_POINT('',#13026);
#4528=VERTEX_POINT('',#13035);
#4529=VERTEX_POINT('',#13037);
#4530=VERTEX_POINT('',#13042);
#4531=VERTEX_POINT('',#13044);
#4532=VERTEX_POINT('',#13049);
#4533=VERTEX_POINT('',#13051);
#4534=VERTEX_POINT('',#13060);
#4535=VERTEX_POINT('',#13062);
#4536=VERTEX_POINT('',#13067);
#4537=VERTEX_POINT('',#13069);
#4538=VERTEX_POINT('',#13074);
#4539=VERTEX_POINT('',#13076);
#4540=VERTEX_POINT('',#13082);
#4541=VERTEX_POINT('',#13083);
#4542=VERTEX_POINT('',#13088);
#4543=VERTEX_POINT('',#13090);
#4544=VERTEX_POINT('',#13095);
#4545=VERTEX_POINT('',#13097);
#4546=VERTEX_POINT('',#13102);
#4547=VERTEX_POINT('',#13104);
#4548=VERTEX_POINT('',#13113);
#4549=VERTEX_POINT('',#13118);
#4550=VERTEX_POINT('',#13120);
#4551=VERTEX_POINT('',#13125);
#4552=VERTEX_POINT('',#13127);
#4553=VERTEX_POINT('',#13132);
#4554=VERTEX_POINT('',#13135);
#4555=VERTEX_POINT('',#13137);
#4556=VERTEX_POINT('',#13140);
#4557=VERTEX_POINT('',#13142);
#4558=VERTEX_POINT('',#13146);
#4559=VERTEX_POINT('',#13147);
#4560=VERTEX_POINT('',#13149);
#4561=VERTEX_POINT('',#13151);
#4562=VERTEX_POINT('',#13155);
#4563=VERTEX_POINT('',#13157);
#4564=VERTEX_POINT('',#13161);
#4565=VERTEX_POINT('',#13163);
#4566=VERTEX_POINT('',#13172);
#4567=VERTEX_POINT('',#13174);
#4568=VERTEX_POINT('',#13178);
#4569=VERTEX_POINT('',#13180);
#4570=VERTEX_POINT('',#13184);
#4571=VERTEX_POINT('',#13185);
#4572=VERTEX_POINT('',#13210);
#4573=VERTEX_POINT('',#13215);
#4574=VERTEX_POINT('',#13217);
#4575=VERTEX_POINT('',#13229);
#4576=VERTEX_POINT('',#13231);
#4577=VERTEX_POINT('',#13236);
#4578=VERTEX_POINT('',#13240);
#4579=VERTEX_POINT('',#13242);
#4580=VERTEX_POINT('',#13249);
#4581=VERTEX_POINT('',#13270);
#4582=VERTEX_POINT('',#13272);
#4583=VERTEX_POINT('',#13277);
#4584=VERTEX_POINT('',#13284);
#4585=VERTEX_POINT('',#13286);
#4586=VERTEX_POINT('',#13291);
#4587=VERTEX_POINT('',#13307);
#4588=VERTEX_POINT('',#13312);
#4589=VERTEX_POINT('',#13314);
#4590=VERTEX_POINT('',#13318);
#4591=VERTEX_POINT('',#13319);
#4592=VERTEX_POINT('',#13324);
#4593=VERTEX_POINT('',#13327);
#4594=VERTEX_POINT('',#13347);
#4595=VERTEX_POINT('',#13352);
#4596=VERTEX_POINT('',#13354);
#4597=VERTEX_POINT('',#13375);
#4598=VERTEX_POINT('',#13377);
#4599=VERTEX_POINT('',#13384);
#4600=VERTEX_POINT('',#13386);
#4601=VERTEX_POINT('',#13389);
#4602=VERTEX_POINT('',#13391);
#4603=VERTEX_POINT('',#13397);
#4604=VERTEX_POINT('',#13398);
#4605=VERTEX_POINT('',#13400);
#4606=VERTEX_POINT('',#13402);
#4607=VERTEX_POINT('',#13406);
#4608=VERTEX_POINT('',#13407);
#4609=VERTEX_POINT('',#13409);
#4610=VERTEX_POINT('',#13411);
#4611=VERTEX_POINT('',#13415);
#4612=VERTEX_POINT('',#13416);
#4613=VERTEX_POINT('',#13418);
#4614=VERTEX_POINT('',#13420);
#4615=VERTEX_POINT('',#13424);
#4616=VERTEX_POINT('',#13425);
#4617=VERTEX_POINT('',#13427);
#4618=VERTEX_POINT('',#13429);
#4619=VERTEX_POINT('',#13431);
#4620=VERTEX_POINT('',#13438);
#4621=VERTEX_POINT('',#13440);
#4622=VERTEX_POINT('',#13445);
#4623=VERTEX_POINT('',#13447);
#4624=VERTEX_POINT('',#13452);
#4625=VERTEX_POINT('',#13454);
#4626=VERTEX_POINT('',#13463);
#4627=VERTEX_POINT('',#13465);
#4628=VERTEX_POINT('',#13470);
#4629=VERTEX_POINT('',#13472);
#4630=VERTEX_POINT('',#13477);
#4631=VERTEX_POINT('',#13479);
#4632=VERTEX_POINT('',#13488);
#4633=VERTEX_POINT('',#13490);
#4634=VERTEX_POINT('',#13495);
#4635=VERTEX_POINT('',#13497);
#4636=VERTEX_POINT('',#13502);
#4637=VERTEX_POINT('',#13504);
#4638=VERTEX_POINT('',#13510);
#4639=VERTEX_POINT('',#13511);
#4640=VERTEX_POINT('',#13516);
#4641=VERTEX_POINT('',#13518);
#4642=VERTEX_POINT('',#13523);
#4643=VERTEX_POINT('',#13525);
#4644=VERTEX_POINT('',#13530);
#4645=VERTEX_POINT('',#13532);
#4646=VERTEX_POINT('',#13541);
#4647=VERTEX_POINT('',#13546);
#4648=VERTEX_POINT('',#13548);
#4649=VERTEX_POINT('',#13553);
#4650=VERTEX_POINT('',#13555);
#4651=VERTEX_POINT('',#13560);
#4652=VERTEX_POINT('',#13563);
#4653=VERTEX_POINT('',#13565);
#4654=VERTEX_POINT('',#13568);
#4655=VERTEX_POINT('',#13570);
#4656=VERTEX_POINT('',#13574);
#4657=VERTEX_POINT('',#13575);
#4658=VERTEX_POINT('',#13577);
#4659=VERTEX_POINT('',#13579);
#4660=VERTEX_POINT('',#13583);
#4661=VERTEX_POINT('',#13585);
#4662=VERTEX_POINT('',#13589);
#4663=VERTEX_POINT('',#13591);
#4664=VERTEX_POINT('',#13600);
#4665=VERTEX_POINT('',#13602);
#4666=VERTEX_POINT('',#13606);
#4667=VERTEX_POINT('',#13608);
#4668=VERTEX_POINT('',#13612);
#4669=VERTEX_POINT('',#13613);
#4670=VERTEX_POINT('',#13638);
#4671=VERTEX_POINT('',#13643);
#4672=VERTEX_POINT('',#13645);
#4673=VERTEX_POINT('',#13657);
#4674=VERTEX_POINT('',#13659);
#4675=VERTEX_POINT('',#13664);
#4676=VERTEX_POINT('',#13668);
#4677=VERTEX_POINT('',#13670);
#4678=VERTEX_POINT('',#13677);
#4679=VERTEX_POINT('',#13698);
#4680=VERTEX_POINT('',#13700);
#4681=VERTEX_POINT('',#13705);
#4682=VERTEX_POINT('',#13712);
#4683=VERTEX_POINT('',#13714);
#4684=VERTEX_POINT('',#13719);
#4685=VERTEX_POINT('',#13735);
#4686=VERTEX_POINT('',#13740);
#4687=VERTEX_POINT('',#13742);
#4688=VERTEX_POINT('',#13746);
#4689=VERTEX_POINT('',#13747);
#4690=VERTEX_POINT('',#13752);
#4691=VERTEX_POINT('',#13755);
#4692=VERTEX_POINT('',#13775);
#4693=VERTEX_POINT('',#13780);
#4694=VERTEX_POINT('',#13782);
#4695=VERTEX_POINT('',#13803);
#4696=VERTEX_POINT('',#13805);
#4697=VERTEX_POINT('',#13815);
#4698=VERTEX_POINT('',#13816);
#4699=VERTEX_POINT('',#13818);
#4700=VERTEX_POINT('',#13823);
#4701=VERTEX_POINT('',#13825);
#4702=VERTEX_POINT('',#13830);
#4703=VERTEX_POINT('',#13832);
#4704=VERTEX_POINT('',#13837);
#4705=VERTEX_POINT('',#13839);
#4706=VERTEX_POINT('',#13844);
#4707=VERTEX_POINT('',#13846);
#4708=VERTEX_POINT('',#13851);
#4709=VERTEX_POINT('',#13853);
#4710=VERTEX_POINT('',#13858);
#4711=VERTEX_POINT('',#13860);
#4712=VERTEX_POINT('',#13865);
#4713=VERTEX_POINT('',#13867);
#4714=VERTEX_POINT('',#13872);
#4715=VERTEX_POINT('',#13874);
#4716=VERTEX_POINT('',#13879);
#4717=VERTEX_POINT('',#13881);
#4718=VERTEX_POINT('',#13886);
#4719=VERTEX_POINT('',#13888);
#4720=VERTEX_POINT('',#13893);
#4721=VERTEX_POINT('',#13895);
#4722=VERTEX_POINT('',#13900);
#4723=VERTEX_POINT('',#13902);
#4724=VERTEX_POINT('',#13907);
#4725=VERTEX_POINT('',#13909);
#4726=VERTEX_POINT('',#13914);
#4727=VERTEX_POINT('',#13916);
#4728=VERTEX_POINT('',#13921);
#4729=VERTEX_POINT('',#13923);
#4730=VERTEX_POINT('',#13928);
#4731=VERTEX_POINT('',#13930);
#4732=VERTEX_POINT('',#13935);
#4733=VERTEX_POINT('',#13937);
#4734=VERTEX_POINT('',#13942);
#4735=VERTEX_POINT('',#13944);
#4736=VERTEX_POINT('',#13949);
#4737=VERTEX_POINT('',#13952);
#4738=VERTEX_POINT('',#13955);
#4739=VERTEX_POINT('',#13957);
#4740=VERTEX_POINT('',#13959);
#4741=VERTEX_POINT('',#13961);
#4742=VERTEX_POINT('',#13964);
#4743=VERTEX_POINT('',#13966);
#4744=VERTEX_POINT('',#13969);
#4745=VERTEX_POINT('',#13971);
#4746=VERTEX_POINT('',#13974);
#4747=VERTEX_POINT('',#13976);
#4748=VERTEX_POINT('',#13979);
#4749=VERTEX_POINT('',#13983);
#4750=VERTEX_POINT('',#13984);
#4751=VERTEX_POINT('',#13986);
#4752=VERTEX_POINT('',#13988);
#4753=VERTEX_POINT('',#13992);
#4754=VERTEX_POINT('',#13994);
#4755=VERTEX_POINT('',#13998);
#4756=VERTEX_POINT('',#14000);
#4757=VERTEX_POINT('',#14009);
#4758=VERTEX_POINT('',#14011);
#4759=VERTEX_POINT('',#14015);
#4760=VERTEX_POINT('',#14017);
#4761=VERTEX_POINT('',#14021);
#4762=VERTEX_POINT('',#14022);
#4763=VERTEX_POINT('',#14047);
#4764=VERTEX_POINT('',#14052);
#4765=VERTEX_POINT('',#14054);
#4766=VERTEX_POINT('',#14066);
#4767=VERTEX_POINT('',#14068);
#4768=VERTEX_POINT('',#14073);
#4769=VERTEX_POINT('',#14077);
#4770=VERTEX_POINT('',#14079);
#4771=VERTEX_POINT('',#14086);
#4772=VERTEX_POINT('',#14107);
#4773=VERTEX_POINT('',#14109);
#4774=VERTEX_POINT('',#14114);
#4775=VERTEX_POINT('',#14121);
#4776=VERTEX_POINT('',#14123);
#4777=VERTEX_POINT('',#14128);
#4778=VERTEX_POINT('',#14144);
#4779=VERTEX_POINT('',#14149);
#4780=VERTEX_POINT('',#14151);
#4781=VERTEX_POINT('',#14155);
#4782=VERTEX_POINT('',#14156);
#4783=VERTEX_POINT('',#14161);
#4784=VERTEX_POINT('',#14164);
#4785=VERTEX_POINT('',#14184);
#4786=VERTEX_POINT('',#14189);
#4787=VERTEX_POINT('',#14191);
#4788=VERTEX_POINT('',#14212);
#4789=VERTEX_POINT('',#14214);
#4790=VERTEX_POINT('',#14220);
#4791=VERTEX_POINT('',#14222);
#4792=VERTEX_POINT('',#14225);
#4793=VERTEX_POINT('',#14227);
#4794=VERTEX_POINT('',#14233);
#4795=VERTEX_POINT('',#14235);
#4796=VERTEX_POINT('',#14238);
#4797=VERTEX_POINT('',#14240);
#4798=VERTEX_POINT('',#14246);
#4799=VERTEX_POINT('',#14248);
#4800=VERTEX_POINT('',#14251);
#4801=VERTEX_POINT('',#14253);
#4802=LINE('',#11413,#5554);
#4803=LINE('',#11416,#5555);
#4804=LINE('',#11418,#5556);
#4805=LINE('',#11420,#5557);
#4806=LINE('',#11422,#5558);
#4807=LINE('',#11424,#5559);
#4808=LINE('',#11426,#5560);
#4809=LINE('',#11429,#5561);
#4810=LINE('',#11431,#5562);
#4811=LINE('',#11433,#5563);
#4812=LINE('',#11435,#5564);
#4813=LINE('',#11437,#5565);
#4814=LINE('',#11439,#5566);
#4815=LINE('',#11442,#5567);
#4816=LINE('',#11444,#5568);
#4817=LINE('',#11446,#5569);
#4818=LINE('',#11448,#5570);
#4819=LINE('',#11450,#5571);
#4820=LINE('',#11452,#5572);
#4821=LINE('',#11455,#5573);
#4822=LINE('',#11457,#5574);
#4823=LINE('',#11459,#5575);
#4824=LINE('',#11461,#5576);
#4825=LINE('',#11463,#5577);
#4826=LINE('',#11465,#5578);
#4827=LINE('',#11467,#5579);
#4828=LINE('',#11469,#5580);
#4829=LINE('',#11471,#5581);
#4830=LINE('',#11473,#5582);
#4831=LINE('',#11475,#5583);
#4832=LINE('',#11477,#5584);
#4833=LINE('',#11479,#5585);
#4834=LINE('',#11481,#5586);
#4835=LINE('',#11483,#5587);
#4836=LINE('',#11484,#5588);
#4837=LINE('',#11486,#5589);
#4838=LINE('',#11488,#5590);
#4839=LINE('',#11490,#5591);
#4840=LINE('',#11492,#5592);
#4841=LINE('',#11494,#5593);
#4842=LINE('',#11496,#5594);
#4843=LINE('',#11499,#5595);
#4844=LINE('',#11501,#5596);
#4845=LINE('',#11503,#5597);
#4846=LINE('',#11505,#5598);
#4847=LINE('',#11508,#5599);
#4848=LINE('',#11510,#5600);
#4849=LINE('',#11512,#5601);
#4850=LINE('',#11514,#5602);
#4851=LINE('',#11515,#5603);
#4852=LINE('',#11517,#5604);
#4853=LINE('',#11519,#5605);
#4854=LINE('',#11521,#5606);
#4855=LINE('',#11523,#5607);
#4856=LINE('',#11524,#5608);
#4857=LINE('',#11526,#5609);
#4858=LINE('',#11528,#5610);
#4859=LINE('',#11530,#5611);
#4860=LINE('',#11533,#5612);
#4861=LINE('',#11534,#5613);
#4862=LINE('',#11536,#5614);
#4863=LINE('',#11538,#5615);
#4864=LINE('',#11540,#5616);
#4865=LINE('',#11542,#5617);
#4866=LINE('',#11544,#5618);
#4867=LINE('',#11546,#5619);
#4868=LINE('',#11548,#5620);
#4869=LINE('',#11550,#5621);
#4870=LINE('',#11553,#5622);
#4871=LINE('',#11555,#5623);
#4872=LINE('',#11557,#5624);
#4873=LINE('',#11558,#5625);
#4874=LINE('',#11560,#5626);
#4875=LINE('',#11562,#5627);
#4876=LINE('',#11564,#5628);
#4877=LINE('',#11566,#5629);
#4878=LINE('',#11567,#5630);
#4879=LINE('',#11568,#5631);
#4880=LINE('',#11569,#5632);
#4881=LINE('',#11572,#5633);
#4882=LINE('',#11574,#5634);
#4883=LINE('',#11576,#5635);
#4884=LINE('',#11578,#5636);
#4885=LINE('',#11580,#5637);
#4886=LINE('',#11582,#5638);
#4887=LINE('',#11584,#5639);
#4888=LINE('',#11585,#5640);
#4889=LINE('',#11588,#5641);
#4890=LINE('',#11590,#5642);
#4891=LINE('',#11592,#5643);
#4892=LINE('',#11594,#5644);
#4893=LINE('',#11596,#5645);
#4894=LINE('',#11598,#5646);
#4895=LINE('',#11600,#5647);
#4896=LINE('',#11606,#5648);
#4897=LINE('',#11608,#5649);
#4898=LINE('',#11610,#5650);
#4899=LINE('',#11612,#5651);
#4900=LINE('',#11614,#5652);
#4901=LINE('',#11616,#5653);
#4902=LINE('',#11619,#5654);
#4903=LINE('',#11620,#5655);
#4904=LINE('',#11622,#5656);
#4905=LINE('',#11624,#5657);
#4906=LINE('',#11626,#5658);
#4907=LINE('',#11627,#5659);
#4908=LINE('',#11629,#5660);
#4909=LINE('',#11631,#5661);
#4910=LINE('',#11633,#5662);
#4911=LINE('',#11636,#5663);
#4912=LINE('',#11637,#5664);
#4913=LINE('',#11639,#5665);
#4914=LINE('',#11641,#5666);
#4915=LINE('',#11643,#5667);
#4916=LINE('',#11645,#5668);
#4917=LINE('',#11647,#5669);
#4918=LINE('',#11649,#5670);
#4919=LINE('',#11650,#5671);
#4920=LINE('',#11652,#5672);
#4921=LINE('',#11654,#5673);
#4922=LINE('',#11657,#5674);
#4923=LINE('',#11659,#5675);
#4924=LINE('',#11662,#5676);
#4925=LINE('',#11664,#5677);
#4926=LINE('',#11665,#5678);
#4927=LINE('',#11667,#5679);
#4928=LINE('',#11669,#5680);
#4929=LINE('',#11671,#5681);
#4930=LINE('',#11673,#5682);
#4931=LINE('',#11675,#5683);
#4932=LINE('',#11677,#5684);
#4933=LINE('',#11679,#5685);
#4934=LINE('',#11682,#5686);
#4935=LINE('',#11684,#5687);
#4936=LINE('',#11686,#5688);
#4937=LINE('',#11688,#5689);
#4938=LINE('',#11691,#5690);
#4939=LINE('',#11692,#5691);
#4940=LINE('',#11694,#5692);
#4941=LINE('',#11697,#5693);
#4942=LINE('',#11698,#5694);
#4943=LINE('',#11700,#5695);
#4944=LINE('',#11702,#5696);
#4945=LINE('',#11704,#5697);
#4946=LINE('',#11706,#5698);
#4947=LINE('',#11709,#5699);
#4948=LINE('',#11711,#5700);
#4949=LINE('',#11713,#5701);
#4950=LINE('',#11715,#5702);
#4951=LINE('',#11717,#5703);
#4952=LINE('',#11719,#5704);
#4953=LINE('',#11721,#5705);
#4954=LINE('',#11723,#5706);
#4955=LINE('',#11725,#5707);
#4956=LINE('',#11727,#5708);
#4957=LINE('',#11728,#5709);
#4958=LINE('',#11731,#5710);
#4959=LINE('',#11734,#5711);
#4960=LINE('',#11736,#5712);
#4961=LINE('',#11738,#5713);
#4962=LINE('',#11740,#5714);
#4963=LINE('',#11743,#5715);
#4964=LINE('',#11745,#5716);
#4965=LINE('',#11747,#5717);
#4966=LINE('',#11749,#5718);
#4967=LINE('',#11752,#5719);
#4968=LINE('',#11753,#5720);
#4969=LINE('',#11755,#5721);
#4970=LINE('',#11757,#5722);
#4971=LINE('',#11759,#5723);
#4972=LINE('',#11762,#5724);
#4973=LINE('',#11763,#5725);
#4974=LINE('',#11765,#5726);
#4975=LINE('',#11767,#5727);
#4976=LINE('',#11768,#5728);
#4977=LINE('',#11770,#5729);
#4978=LINE('',#11772,#5730);
#4979=LINE('',#11774,#5731);
#4980=LINE('',#11775,#5732);
#4981=LINE('',#11777,#5733);
#4982=LINE('',#11779,#5734);
#4983=LINE('',#11781,#5735);
#4984=LINE('',#11782,#5736);
#4985=LINE('',#11785,#5737);
#4986=LINE('',#11787,#5738);
#4987=LINE('',#11789,#5739);
#4988=LINE('',#11790,#5740);
#4989=LINE('',#11792,#5741);
#4990=LINE('',#11795,#5742);
#4991=LINE('',#11796,#5743);
#4992=LINE('',#11797,#5744);
#4993=LINE('',#11802,#5745);
#4994=LINE('',#11823,#5746);
#4995=LINE('',#11830,#5747);
#4996=LINE('',#11837,#5748);
#4997=LINE('',#11839,#5749);
#4998=LINE('',#11842,#5750);
#4999=LINE('',#11844,#5751);
#5000=LINE('',#11845,#5752);
#5001=LINE('',#11847,#5753);
#5002=LINE('',#11849,#5754);
#5003=LINE('',#11851,#5755);
#5004=LINE('',#11853,#5756);
#5005=LINE('',#11855,#5757);
#5006=LINE('',#11857,#5758);
#5007=LINE('',#11859,#5759);
#5008=LINE('',#11861,#5760);
#5009=LINE('',#11863,#5761);
#5010=LINE('',#11866,#5762);
#5011=LINE('',#11868,#5763);
#5012=LINE('',#11870,#5764);
#5013=LINE('',#11872,#5765);
#5014=LINE('',#11874,#5766);
#5015=LINE('',#11876,#5767);
#5016=LINE('',#11879,#5768);
#5017=LINE('',#11881,#5769);
#5018=LINE('',#11883,#5770);
#5019=LINE('',#11885,#5771);
#5020=LINE('',#11887,#5772);
#5021=LINE('',#11889,#5773);
#5022=LINE('',#11893,#5774);
#5023=LINE('',#11896,#5775);
#5024=LINE('',#11898,#5776);
#5025=LINE('',#11900,#5777);
#5026=LINE('',#11902,#5778);
#5027=LINE('',#11904,#5779);
#5028=LINE('',#11906,#5780);
#5029=LINE('',#11908,#5781);
#5030=LINE('',#11910,#5782);
#5031=LINE('',#11912,#5783);
#5032=LINE('',#11914,#5784);
#5033=LINE('',#11915,#5785);
#5034=LINE('',#11926,#5786);
#5035=LINE('',#11929,#5787);
#5036=LINE('',#11931,#5788);
#5037=LINE('',#11933,#5789);
#5038=LINE('',#11935,#5790);
#5039=LINE('',#11937,#5791);
#5040=LINE('',#11939,#5792);
#5041=LINE('',#11941,#5793);
#5042=LINE('',#11943,#5794);
#5043=LINE('',#11945,#5795);
#5044=LINE('',#11947,#5796);
#5045=LINE('',#11948,#5797);
#5046=LINE('',#11959,#5798);
#5047=LINE('',#11962,#5799);
#5048=LINE('',#11964,#5800);
#5049=LINE('',#11966,#5801);
#5050=LINE('',#11968,#5802);
#5051=LINE('',#11970,#5803);
#5052=LINE('',#11972,#5804);
#5053=LINE('',#11975,#5805);
#5054=LINE('',#11977,#5806);
#5055=LINE('',#11979,#5807);
#5056=LINE('',#11981,#5808);
#5057=LINE('',#11983,#5809);
#5058=LINE('',#11995,#5810);
#5059=LINE('',#11998,#5811);
#5060=LINE('',#12000,#5812);
#5061=LINE('',#12002,#5813);
#5062=LINE('',#12004,#5814);
#5063=LINE('',#12006,#5815);
#5064=LINE('',#12008,#5816);
#5065=LINE('',#12010,#5817);
#5066=LINE('',#12012,#5818);
#5067=LINE('',#12014,#5819);
#5068=LINE('',#12016,#5820);
#5069=LINE('',#12018,#5821);
#5070=LINE('',#12020,#5822);
#5071=LINE('',#12022,#5823);
#5072=LINE('',#12024,#5824);
#5073=LINE('',#12026,#5825);
#5074=LINE('',#12028,#5826);
#5075=LINE('',#12030,#5827);
#5076=LINE('',#12032,#5828);
#5077=LINE('',#12034,#5829);
#5078=LINE('',#12036,#5830);
#5079=LINE('',#12038,#5831);
#5080=LINE('',#12040,#5832);
#5081=LINE('',#12042,#5833);
#5082=LINE('',#12044,#5834);
#5083=LINE('',#12047,#5835);
#5084=LINE('',#12049,#5836);
#5085=LINE('',#12051,#5837);
#5086=LINE('',#12053,#5838);
#5087=LINE('',#12056,#5839);
#5088=LINE('',#12058,#5840);
#5089=LINE('',#12060,#5841);
#5090=LINE('',#12062,#5842);
#5091=LINE('',#12064,#5843);
#5092=LINE('',#12066,#5844);
#5093=LINE('',#12068,#5845);
#5094=LINE('',#12070,#5846);
#5095=LINE('',#12072,#5847);
#5096=LINE('',#12075,#5848);
#5097=LINE('',#12076,#5849);
#5098=LINE('',#12078,#5850);
#5099=LINE('',#12080,#5851);
#5100=LINE('',#12082,#5852);
#5101=LINE('',#12084,#5853);
#5102=LINE('',#12086,#5854);
#5103=LINE('',#12088,#5855);
#5104=LINE('',#12090,#5856);
#5105=LINE('',#12092,#5857);
#5106=LINE('',#12094,#5858);
#5107=LINE('',#12096,#5859);
#5108=LINE('',#12098,#5860);
#5109=LINE('',#12100,#5861);
#5110=LINE('',#12114,#5862);
#5111=LINE('',#12115,#5863);
#5112=LINE('',#12117,#5864);
#5113=LINE('',#12119,#5865);
#5114=LINE('',#12121,#5866);
#5115=LINE('',#12123,#5867);
#5116=LINE('',#12125,#5868);
#5117=LINE('',#12127,#5869);
#5118=LINE('',#12135,#5870);
#5119=LINE('',#12136,#5871);
#5120=LINE('',#12138,#5872);
#5121=LINE('',#12140,#5873);
#5122=LINE('',#12141,#5874);
#5123=LINE('',#12143,#5875);
#5124=LINE('',#12145,#5876);
#5125=LINE('',#12146,#5877);
#5126=LINE('',#12148,#5878);
#5127=LINE('',#12150,#5879);
#5128=LINE('',#12155,#5880);
#5129=LINE('',#12158,#5881);
#5130=LINE('',#12160,#5882);
#5131=LINE('',#12162,#5883);
#5132=LINE('',#12164,#5884);
#5133=LINE('',#12166,#5885);
#5134=LINE('',#12168,#5886);
#5135=LINE('',#12170,#5887);
#5136=LINE('',#12172,#5888);
#5137=LINE('',#12174,#5889);
#5138=LINE('',#12176,#5890);
#5139=LINE('',#12178,#5891);
#5140=LINE('',#12180,#5892);
#5141=LINE('',#12182,#5893);
#5142=LINE('',#12183,#5894);
#5143=LINE('',#12185,#5895);
#5144=LINE('',#12187,#5896);
#5145=LINE('',#12189,#5897);
#5146=LINE('',#12190,#5898);
#5147=LINE('',#12192,#5899);
#5148=LINE('',#12194,#5900);
#5149=LINE('',#12196,#5901);
#5150=LINE('',#12198,#5902);
#5151=LINE('',#12200,#5903);
#5152=LINE('',#12202,#5904);
#5153=LINE('',#12204,#5905);
#5154=LINE('',#12205,#5906);
#5155=LINE('',#12207,#5907);
#5156=LINE('',#12209,#5908);
#5157=LINE('',#12211,#5909);
#5158=LINE('',#12213,#5910);
#5159=LINE('',#12216,#5911);
#5160=LINE('',#12218,#5912);
#5161=LINE('',#12220,#5913);
#5162=LINE('',#12221,#5914);
#5163=LINE('',#12223,#5915);
#5164=LINE('',#12226,#5916);
#5165=LINE('',#12227,#5917);
#5166=LINE('',#12229,#5918);
#5167=LINE('',#12232,#5919);
#5168=LINE('',#12233,#5920);
#5169=LINE('',#12235,#5921);
#5170=LINE('',#12238,#5922);
#5171=LINE('',#12241,#5923);
#5172=LINE('',#12243,#5924);
#5173=LINE('',#12245,#5925);
#5174=LINE('',#12247,#5926);
#5175=LINE('',#12249,#5927);
#5176=LINE('',#12251,#5928);
#5177=LINE('',#12253,#5929);
#5178=LINE('',#12255,#5930);
#5179=LINE('',#12257,#5931);
#5180=LINE('',#12259,#5932);
#5181=LINE('',#12261,#5933);
#5182=LINE('',#12263,#5934);
#5183=LINE('',#12265,#5935);
#5184=LINE('',#12267,#5936);
#5185=LINE('',#12268,#5937);
#5186=LINE('',#12270,#5938);
#5187=LINE('',#12271,#5939);
#5188=LINE('',#12273,#5940);
#5189=LINE('',#12275,#5941);
#5190=LINE('',#12277,#5942);
#5191=LINE('',#12279,#5943);
#5192=LINE('',#12281,#5944);
#5193=LINE('',#12283,#5945);
#5194=LINE('',#12285,#5946);
#5195=LINE('',#12287,#5947);
#5196=LINE('',#12288,#5948);
#5197=LINE('',#12290,#5949);
#5198=LINE('',#12292,#5950);
#5199=LINE('',#12294,#5951);
#5200=LINE('',#12296,#5952);
#5201=LINE('',#12299,#5953);
#5202=LINE('',#12301,#5954);
#5203=LINE('',#12303,#5955);
#5204=LINE('',#12304,#5956);
#5205=LINE('',#12306,#5957);
#5206=LINE('',#12308,#5958);
#5207=LINE('',#12310,#5959);
#5208=LINE('',#12312,#5960);
#5209=LINE('',#12314,#5961);
#5210=LINE('',#12316,#5962);
#5211=LINE('',#12318,#5963);
#5212=LINE('',#12377,#5964);
#5213=LINE('',#12379,#5965);
#5214=LINE('',#12380,#5966);
#5215=LINE('',#12383,#5967);
#5216=LINE('',#12385,#5968);
#5217=LINE('',#12386,#5969);
#5218=LINE('',#12389,#5970);
#5219=LINE('',#12391,#5971);
#5220=LINE('',#12392,#5972);
#5221=LINE('',#12395,#5973);
#5222=LINE('',#12397,#5974);
#5223=LINE('',#12398,#5975);
#5224=LINE('',#12405,#5976);
#5225=LINE('',#12408,#5977);
#5226=LINE('',#12409,#5978);
#5227=LINE('',#12411,#5979);
#5228=LINE('',#12413,#5980);
#5229=LINE('',#12415,#5981);
#5230=LINE('',#12417,#5982);
#5231=LINE('',#12420,#5983);
#5232=LINE('',#12422,#5984);
#5233=LINE('',#12424,#5985);
#5234=LINE('',#12426,#5986);
#5235=LINE('',#12428,#5987);
#5236=LINE('',#12430,#5988);
#5237=LINE('',#12432,#5989);
#5238=LINE('',#12435,#5990);
#5239=LINE('',#12436,#5991);
#5240=LINE('',#12438,#5992);
#5241=LINE('',#12441,#5993);
#5242=LINE('',#12443,#5994);
#5243=LINE('',#12445,#5995);
#5244=LINE('',#12447,#5996);
#5245=LINE('',#12449,#5997);
#5246=LINE('',#12450,#5998);
#5247=LINE('',#12452,#5999);
#5248=LINE('',#12454,#6000);
#5249=LINE('',#12455,#6001);
#5250=LINE('',#12457,#6002);
#5251=LINE('',#12459,#6003);
#5252=LINE('',#12462,#6004);
#5253=LINE('',#12464,#6005);
#5254=LINE('',#12468,#6006);
#5255=LINE('',#12471,#6007);
#5256=LINE('',#12473,#6008);
#5257=LINE('',#12475,#6009);
#5258=LINE('',#12477,#6010);
#5259=LINE('',#12479,#6011);
#5260=LINE('',#12481,#6012);
#5261=LINE('',#12483,#6013);
#5262=LINE('',#12485,#6014);
#5263=LINE('',#12487,#6015);
#5264=LINE('',#12489,#6016);
#5265=LINE('',#12490,#6017);
#5266=LINE('',#12514,#6018);
#5267=LINE('',#12517,#6019);
#5268=LINE('',#12519,#6020);
#5269=LINE('',#12521,#6021);
#5270=LINE('',#12523,#6022);
#5271=LINE('',#12525,#6023);
#5272=LINE('',#12527,#6024);
#5273=LINE('',#12529,#6025);
#5274=LINE('',#12531,#6026);
#5275=LINE('',#12533,#6027);
#5276=LINE('',#12535,#6028);
#5277=LINE('',#12536,#6029);
#5278=LINE('',#12560,#6030);
#5279=LINE('',#12574,#6031);
#5280=LINE('',#12588,#6032);
#5281=LINE('',#12602,#6033);
#5282=LINE('',#12616,#6034);
#5283=LINE('',#12630,#6035);
#5284=LINE('',#12644,#6036);
#5285=LINE('',#12658,#6037);
#5286=LINE('',#12672,#6038);
#5287=LINE('',#12686,#6039);
#5288=LINE('',#12690,#6040);
#5289=LINE('',#12692,#6041);
#5290=LINE('',#12698,#6042);
#5291=LINE('',#12699,#6043);
#5292=LINE('',#12703,#6044);
#5293=LINE('',#12704,#6045);
#5294=LINE('',#12708,#6046);
#5295=LINE('',#12709,#6047);
#5296=LINE('',#12713,#6048);
#5297=LINE('',#12714,#6049);
#5298=LINE('',#12718,#6050);
#5299=LINE('',#12721,#6051);
#5300=LINE('',#12723,#6052);
#5301=LINE('',#12725,#6053);
#5302=LINE('',#12729,#6054);
#5303=LINE('',#12733,#6055);
#5304=LINE('',#12735,#6056);
#5305=LINE('',#12737,#6057);
#5306=LINE('',#12744,#6058);
#5307=LINE('',#12746,#6059);
#5308=LINE('',#12748,#6060);
#5309=LINE('',#12750,#6061);
#5310=LINE('',#12752,#6062);
#5311=LINE('',#12754,#6063);
#5312=LINE('',#12759,#6064);
#5313=LINE('',#12760,#6065);
#5314=LINE('',#12789,#6066);
#5315=LINE('',#12803,#6067);
#5316=LINE('',#12812,#6068);
#5317=LINE('',#12814,#6069);
#5318=LINE('',#12816,#6070);
#5319=LINE('',#12818,#6071);
#5320=LINE('',#12819,#6072);
#5321=LINE('',#12823,#6073);
#5322=LINE('',#12824,#6074);
#5323=LINE('',#12844,#6075);
#5324=LINE('',#12853,#6076);
#5325=LINE('',#12854,#6077);
#5326=LINE('',#12856,#6078);
#5327=LINE('',#12858,#6079);
#5328=LINE('',#12860,#6080);
#5329=LINE('',#12862,#6081);
#5330=LINE('',#12865,#6082);
#5331=LINE('',#12881,#6083);
#5332=LINE('',#12884,#6084);
#5333=LINE('',#12886,#6085);
#5334=LINE('',#12888,#6086);
#5335=LINE('',#12890,#6087);
#5336=LINE('',#12893,#6088);
#5337=LINE('',#12894,#6089);
#5338=LINE('',#12898,#6090);
#5339=LINE('',#12899,#6091);
#5340=LINE('',#12926,#6092);
#5341=LINE('',#12933,#6093);
#5342=LINE('',#12934,#6094);
#5343=LINE('',#12936,#6095);
#5344=LINE('',#12937,#6096);
#5345=LINE('',#12939,#6097);
#5346=LINE('',#12941,#6098);
#5347=LINE('',#12968,#6099);
#5348=LINE('',#12973,#6100);
#5349=LINE('',#12977,#6101);
#5350=LINE('',#12982,#6102);
#5351=LINE('',#12986,#6103);
#5352=LINE('',#12991,#6104);
#5353=LINE('',#12995,#6105);
#5354=LINE('',#13000,#6106);
#5355=LINE('',#13011,#6107);
#5356=LINE('',#13025,#6108);
#5357=LINE('',#13036,#6109);
#5358=LINE('',#13050,#6110);
#5359=LINE('',#13061,#6111);
#5360=LINE('',#13075,#6112);
#5361=LINE('',#13089,#6113);
#5362=LINE('',#13103,#6114);
#5363=LINE('',#13119,#6115);
#5364=LINE('',#13133,#6116);
#5365=LINE('',#13139,#6117);
#5366=LINE('',#13141,#6118);
#5367=LINE('',#13145,#6119);
#5368=LINE('',#13148,#6120);
#5369=LINE('',#13150,#6121);
#5370=LINE('',#13152,#6122);
#5371=LINE('',#13156,#6123);
#5372=LINE('',#13160,#6124);
#5373=LINE('',#13162,#6125);
#5374=LINE('',#13164,#6126);
#5375=LINE('',#13171,#6127);
#5376=LINE('',#13173,#6128);
#5377=LINE('',#13175,#6129);
#5378=LINE('',#13177,#6130);
#5379=LINE('',#13179,#6131);
#5380=LINE('',#13181,#6132);
#5381=LINE('',#13186,#6133);
#5382=LINE('',#13187,#6134);
#5383=LINE('',#13216,#6135);
#5384=LINE('',#13230,#6136);
#5385=LINE('',#13239,#6137);
#5386=LINE('',#13241,#6138);
#5387=LINE('',#13243,#6139);
#5388=LINE('',#13245,#6140);
#5389=LINE('',#13246,#6141);
#5390=LINE('',#13250,#6142);
#5391=LINE('',#13251,#6143);
#5392=LINE('',#13271,#6144);
#5393=LINE('',#13280,#6145);
#5394=LINE('',#13281,#6146);
#5395=LINE('',#13283,#6147);
#5396=LINE('',#13285,#6148);
#5397=LINE('',#13287,#6149);
#5398=LINE('',#13289,#6150);
#5399=LINE('',#13292,#6151);
#5400=LINE('',#13308,#6152);
#5401=LINE('',#13311,#6153);
#5402=LINE('',#13313,#6154);
#5403=LINE('',#13315,#6155);
#5404=LINE('',#13317,#6156);
#5405=LINE('',#13320,#6157);
#5406=LINE('',#13321,#6158);
#5407=LINE('',#13325,#6159);
#5408=LINE('',#13326,#6160);
#5409=LINE('',#13353,#6161);
#5410=LINE('',#13360,#6162);
#5411=LINE('',#13361,#6163);
#5412=LINE('',#13363,#6164);
#5413=LINE('',#13364,#6165);
#5414=LINE('',#13366,#6166);
#5415=LINE('',#13368,#6167);
#5416=LINE('',#13396,#6168);
#5417=LINE('',#13401,#6169);
#5418=LINE('',#13405,#6170);
#5419=LINE('',#13410,#6171);
#5420=LINE('',#13414,#6172);
#5421=LINE('',#13419,#6173);
#5422=LINE('',#13423,#6174);
#5423=LINE('',#13428,#6175);
#5424=LINE('',#13439,#6176);
#5425=LINE('',#13453,#6177);
#5426=LINE('',#13464,#6178);
#5427=LINE('',#13478,#6179);
#5428=LINE('',#13489,#6180);
#5429=LINE('',#13503,#6181);
#5430=LINE('',#13517,#6182);
#5431=LINE('',#13531,#6183);
#5432=LINE('',#13547,#6184);
#5433=LINE('',#13561,#6185);
#5434=LINE('',#13567,#6186);
#5435=LINE('',#13569,#6187);
#5436=LINE('',#13573,#6188);
#5437=LINE('',#13576,#6189);
#5438=LINE('',#13578,#6190);
#5439=LINE('',#13580,#6191);
#5440=LINE('',#13584,#6192);
#5441=LINE('',#13588,#6193);
#5442=LINE('',#13590,#6194);
#5443=LINE('',#13592,#6195);
#5444=LINE('',#13599,#6196);
#5445=LINE('',#13601,#6197);
#5446=LINE('',#13603,#6198);
#5447=LINE('',#13605,#6199);
#5448=LINE('',#13607,#6200);
#5449=LINE('',#13609,#6201);
#5450=LINE('',#13614,#6202);
#5451=LINE('',#13615,#6203);
#5452=LINE('',#13644,#6204);
#5453=LINE('',#13658,#6205);
#5454=LINE('',#13667,#6206);
#5455=LINE('',#13669,#6207);
#5456=LINE('',#13671,#6208);
#5457=LINE('',#13673,#6209);
#5458=LINE('',#13674,#6210);
#5459=LINE('',#13678,#6211);
#5460=LINE('',#13679,#6212);
#5461=LINE('',#13699,#6213);
#5462=LINE('',#13708,#6214);
#5463=LINE('',#13709,#6215);
#5464=LINE('',#13711,#6216);
#5465=LINE('',#13713,#6217);
#5466=LINE('',#13715,#6218);
#5467=LINE('',#13717,#6219);
#5468=LINE('',#13720,#6220);
#5469=LINE('',#13736,#6221);
#5470=LINE('',#13739,#6222);
#5471=LINE('',#13741,#6223);
#5472=LINE('',#13743,#6224);
#5473=LINE('',#13745,#6225);
#5474=LINE('',#13748,#6226);
#5475=LINE('',#13749,#6227);
#5476=LINE('',#13753,#6228);
#5477=LINE('',#13754,#6229);
#5478=LINE('',#13781,#6230);
#5479=LINE('',#13788,#6231);
#5480=LINE('',#13789,#6232);
#5481=LINE('',#13791,#6233);
#5482=LINE('',#13792,#6234);
#5483=LINE('',#13794,#6235);
#5484=LINE('',#13796,#6236);
#5485=LINE('',#13824,#6237);
#5486=LINE('',#13838,#6238);
#5487=LINE('',#13852,#6239);
#5488=LINE('',#13866,#6240);
#5489=LINE('',#13880,#6241);
#5490=LINE('',#13894,#6242);
#5491=LINE('',#13908,#6243);
#5492=LINE('',#13922,#6244);
#5493=LINE('',#13936,#6245);
#5494=LINE('',#13950,#6246);
#5495=LINE('',#13954,#6247);
#5496=LINE('',#13956,#6248);
#5497=LINE('',#13962,#6249);
#5498=LINE('',#13963,#6250);
#5499=LINE('',#13967,#6251);
#5500=LINE('',#13968,#6252);
#5501=LINE('',#13972,#6253);
#5502=LINE('',#13973,#6254);
#5503=LINE('',#13977,#6255);
#5504=LINE('',#13978,#6256);
#5505=LINE('',#13982,#6257);
#5506=LINE('',#13985,#6258);
#5507=LINE('',#13987,#6259);
#5508=LINE('',#13989,#6260);
#5509=LINE('',#13993,#6261);
#5510=LINE('',#13997,#6262);
#5511=LINE('',#13999,#6263);
#5512=LINE('',#14001,#6264);
#5513=LINE('',#14008,#6265);
#5514=LINE('',#14010,#6266);
#5515=LINE('',#14012,#6267);
#5516=LINE('',#14014,#6268);
#5517=LINE('',#14016,#6269);
#5518=LINE('',#14018,#6270);
#5519=LINE('',#14023,#6271);
#5520=LINE('',#14024,#6272);
#5521=LINE('',#14053,#6273);
#5522=LINE('',#14067,#6274);
#5523=LINE('',#14076,#6275);
#5524=LINE('',#14078,#6276);
#5525=LINE('',#14080,#6277);
#5526=LINE('',#14082,#6278);
#5527=LINE('',#14083,#6279);
#5528=LINE('',#14087,#6280);
#5529=LINE('',#14088,#6281);
#5530=LINE('',#14108,#6282);
#5531=LINE('',#14117,#6283);
#5532=LINE('',#14118,#6284);
#5533=LINE('',#14120,#6285);
#5534=LINE('',#14122,#6286);
#5535=LINE('',#14124,#6287);
#5536=LINE('',#14126,#6288);
#5537=LINE('',#14129,#6289);
#5538=LINE('',#14145,#6290);
#5539=LINE('',#14148,#6291);
#5540=LINE('',#14150,#6292);
#5541=LINE('',#14152,#6293);
#5542=LINE('',#14154,#6294);
#5543=LINE('',#14157,#6295);
#5544=LINE('',#14158,#6296);
#5545=LINE('',#14162,#6297);
#5546=LINE('',#14163,#6298);
#5547=LINE('',#14190,#6299);
#5548=LINE('',#14197,#6300);
#5549=LINE('',#14198,#6301);
#5550=LINE('',#14200,#6302);
#5551=LINE('',#14201,#6303);
#5552=LINE('',#14203,#6304);
#5553=LINE('',#14205,#6305);
#5554=VECTOR('',#9189,1.);
#5555=VECTOR('',#9190,1.);
#5556=VECTOR('',#9191,1.);
#5557=VECTOR('',#9192,1.);
#5558=VECTOR('',#9193,1.);
#5559=VECTOR('',#9194,1.);
#5560=VECTOR('',#9197,1.);
#5561=VECTOR('',#9198,1.);
#5562=VECTOR('',#9199,1.);
#5563=VECTOR('',#9200,1.);
#5564=VECTOR('',#9201,1.);
#5565=VECTOR('',#9202,1.);
#5566=VECTOR('',#9205,1.);
#5567=VECTOR('',#9206,1.);
#5568=VECTOR('',#9207,1.);
#5569=VECTOR('',#9208,1.);
#5570=VECTOR('',#9209,1.);
#5571=VECTOR('',#9210,1.);
#5572=VECTOR('',#9213,1.);
#5573=VECTOR('',#9214,1.);
#5574=VECTOR('',#9215,1.);
#5575=VECTOR('',#9216,1.);
#5576=VECTOR('',#9217,1.);
#5577=VECTOR('',#9218,1.);
#5578=VECTOR('',#9221,1.);
#5579=VECTOR('',#9222,1.);
#5580=VECTOR('',#9223,1.);
#5581=VECTOR('',#9226,1.);
#5582=VECTOR('',#9227,1.);
#5583=VECTOR('',#9228,1.);
#5584=VECTOR('',#9231,1.);
#5585=VECTOR('',#9232,1.);
#5586=VECTOR('',#9233,1.);
#5587=VECTOR('',#9234,1.);
#5588=VECTOR('',#9235,1.);
#5589=VECTOR('',#9236,1.);
#5590=VECTOR('',#9237,1.);
#5591=VECTOR('',#9240,1.);
#5592=VECTOR('',#9241,1.);
#5593=VECTOR('',#9242,1.);
#5594=VECTOR('',#9245,1.);
#5595=VECTOR('',#9246,1.);
#5596=VECTOR('',#9247,1.);
#5597=VECTOR('',#9248,1.);
#5598=VECTOR('',#9251,1.);
#5599=VECTOR('',#9252,1.);
#5600=VECTOR('',#9253,1.);
#5601=VECTOR('',#9254,1.);
#5602=VECTOR('',#9257,1.);
#5603=VECTOR('',#9258,1.);
#5604=VECTOR('',#9261,1.);
#5605=VECTOR('',#9262,1.);
#5606=VECTOR('',#9263,1.);
#5607=VECTOR('',#9264,1.);
#5608=VECTOR('',#9265,1.);
#5609=VECTOR('',#9268,1.);
#5610=VECTOR('',#9271,1.);
#5611=VECTOR('',#9274,1.);
#5612=VECTOR('',#9275,1.);
#5613=VECTOR('',#9276,1.);
#5614=VECTOR('',#9277,1.);
#5615=VECTOR('',#9280,1.);
#5616=VECTOR('',#9281,1.);
#5617=VECTOR('',#9282,1.);
#5618=VECTOR('',#9283,1.);
#5619=VECTOR('',#9286,1.);
#5620=VECTOR('',#9289,1.);
#5621=VECTOR('',#9292,1.);
#5622=VECTOR('',#9297,1.);
#5623=VECTOR('',#9298,1.);
#5624=VECTOR('',#9299,1.);
#5625=VECTOR('',#9300,1.);
#5626=VECTOR('',#9301,1.);
#5627=VECTOR('',#9302,1.);
#5628=VECTOR('',#9303,1.);
#5629=VECTOR('',#9304,1.);
#5630=VECTOR('',#9305,1.);
#5631=VECTOR('',#9306,1.);
#5632=VECTOR('',#9307,1.);
#5633=VECTOR('',#9308,1.);
#5634=VECTOR('',#9309,1.);
#5635=VECTOR('',#9310,1.);
#5636=VECTOR('',#9311,1.);
#5637=VECTOR('',#9312,1.);
#5638=VECTOR('',#9313,1.);
#5639=VECTOR('',#9314,1.);
#5640=VECTOR('',#9315,1.);
#5641=VECTOR('',#9316,1.);
#5642=VECTOR('',#9317,1.);
#5643=VECTOR('',#9318,1.);
#5644=VECTOR('',#9319,1.);
#5645=VECTOR('',#9320,1.);
#5646=VECTOR('',#9321,1.);
#5647=VECTOR('',#9322,1.);
#5648=VECTOR('',#9329,1.);
#5649=VECTOR('',#9330,1.);
#5650=VECTOR('',#9331,1.);
#5651=VECTOR('',#9334,1.);
#5652=VECTOR('',#9335,1.);
#5653=VECTOR('',#9338,1.);
#5654=VECTOR('',#9339,1.);
#5655=VECTOR('',#9340,1.);
#5656=VECTOR('',#9341,1.);
#5657=VECTOR('',#9342,1.);
#5658=VECTOR('',#9343,1.);
#5659=VECTOR('',#9344,1.);
#5660=VECTOR('',#9347,1.);
#5661=VECTOR('',#9348,1.);
#5662=VECTOR('',#9351,1.);
#5663=VECTOR('',#9352,1.);
#5664=VECTOR('',#9353,1.);
#5665=VECTOR('',#9356,1.);
#5666=VECTOR('',#9357,1.);
#5667=VECTOR('',#9358,1.);
#5668=VECTOR('',#9361,1.);
#5669=VECTOR('',#9364,1.);
#5670=VECTOR('',#9365,1.);
#5671=VECTOR('',#9366,1.);
#5672=VECTOR('',#9367,1.);
#5673=VECTOR('',#9368,1.);
#5674=VECTOR('',#9373,1.);
#5675=VECTOR('',#9376,1.);
#5676=VECTOR('',#9377,1.);
#5677=VECTOR('',#9378,1.);
#5678=VECTOR('',#9379,1.);
#5679=VECTOR('',#9382,1.);
#5680=VECTOR('',#9383,1.);
#5681=VECTOR('',#9384,1.);
#5682=VECTOR('',#9385,1.);
#5683=VECTOR('',#9388,1.);
#5684=VECTOR('',#9391,1.);
#5685=VECTOR('',#9394,1.);
#5686=VECTOR('',#9399,1.);
#5687=VECTOR('',#9400,1.);
#5688=VECTOR('',#9401,1.);
#5689=VECTOR('',#9404,1.);
#5690=VECTOR('',#9405,1.);
#5691=VECTOR('',#9406,1.);
#5692=VECTOR('',#9409,1.);
#5693=VECTOR('',#9410,1.);
#5694=VECTOR('',#9411,1.);
#5695=VECTOR('',#9414,1.);
#5696=VECTOR('',#9415,1.);
#5697=VECTOR('',#9416,1.);
#5698=VECTOR('',#9419,1.);
#5699=VECTOR('',#9420,1.);
#5700=VECTOR('',#9421,1.);
#5701=VECTOR('',#9422,1.);
#5702=VECTOR('',#9425,1.);
#5703=VECTOR('',#9426,1.);
#5704=VECTOR('',#9427,1.);
#5705=VECTOR('',#9430,1.);
#5706=VECTOR('',#9431,1.);
#5707=VECTOR('',#9432,1.);
#5708=VECTOR('',#9435,1.);
#5709=VECTOR('',#9436,1.);
#5710=VECTOR('',#9441,1.);
#5711=VECTOR('',#9442,1.);
#5712=VECTOR('',#9443,1.);
#5713=VECTOR('',#9444,1.);
#5714=VECTOR('',#9447,1.);
#5715=VECTOR('',#9448,1.);
#5716=VECTOR('',#9449,1.);
#5717=VECTOR('',#9450,1.);
#5718=VECTOR('',#9453,1.);
#5719=VECTOR('',#9454,1.);
#5720=VECTOR('',#9455,1.);
#5721=VECTOR('',#9456,1.);
#5722=VECTOR('',#9457,1.);
#5723=VECTOR('',#9460,1.);
#5724=VECTOR('',#9461,1.);
#5725=VECTOR('',#9462,1.);
#5726=VECTOR('',#9463,1.);
#5727=VECTOR('',#9464,1.);
#5728=VECTOR('',#9465,1.);
#5729=VECTOR('',#9466,1.);
#5730=VECTOR('',#9467,1.);
#5731=VECTOR('',#9470,1.);
#5732=VECTOR('',#9471,1.);
#5733=VECTOR('',#9472,1.);
#5734=VECTOR('',#9473,1.);
#5735=VECTOR('',#9476,1.);
#5736=VECTOR('',#9477,1.);
#5737=VECTOR('',#9482,1.);
#5738=VECTOR('',#9483,1.);
#5739=VECTOR('',#9484,1.);
#5740=VECTOR('',#9485,1.);
#5741=VECTOR('',#9488,1.);
#5742=VECTOR('',#9489,1.);
#5743=VECTOR('',#9490,1.);
#5744=VECTOR('',#9491,1.);
#5745=VECTOR('',#9498,1.);
#5746=VECTOR('',#9525,1.);
#5747=VECTOR('',#9536,1.);
#5748=VECTOR('',#9547,1.);
#5749=VECTOR('',#9550,1.);
#5750=VECTOR('',#9555,1.);
#5751=VECTOR('',#9558,1.);
#5752=VECTOR('',#9559,1.);
#5753=VECTOR('',#9562,1.);
#5754=VECTOR('',#9565,1.);
#5755=VECTOR('',#9568,1.);
#5756=VECTOR('',#9571,1.);
#5757=VECTOR('',#9574,1.);
#5758=VECTOR('',#9577,1.);
#5759=VECTOR('',#9580,1.);
#5760=VECTOR('',#9583,1.);
#5761=VECTOR('',#9586,1.);
#5762=VECTOR('',#9591,1.);
#5763=VECTOR('',#9594,1.);
#5764=VECTOR('',#9597,1.);
#5765=VECTOR('',#9600,1.);
#5766=VECTOR('',#9603,1.);
#5767=VECTOR('',#9606,1.);
#5768=VECTOR('',#9611,1.);
#5769=VECTOR('',#9614,1.);
#5770=VECTOR('',#9617,1.);
#5771=VECTOR('',#9620,1.);
#5772=VECTOR('',#9623,1.);
#5773=VECTOR('',#9626,1.);
#5774=VECTOR('',#9633,1.);
#5775=VECTOR('',#9634,1.);
#5776=VECTOR('',#9635,1.);
#5777=VECTOR('',#9636,1.);
#5778=VECTOR('',#9639,1.);
#5779=VECTOR('',#9640,1.);
#5780=VECTOR('',#9641,1.);
#5781=VECTOR('',#9644,1.);
#5782=VECTOR('',#9645,1.);
#5783=VECTOR('',#9646,1.);
#5784=VECTOR('',#9649,1.);
#5785=VECTOR('',#9650,1.);
#5786=VECTOR('',#9667,1.);
#5787=VECTOR('',#9668,1.);
#5788=VECTOR('',#9669,1.);
#5789=VECTOR('',#9670,1.);
#5790=VECTOR('',#9673,1.);
#5791=VECTOR('',#9674,1.);
#5792=VECTOR('',#9675,1.);
#5793=VECTOR('',#9678,1.);
#5794=VECTOR('',#9679,1.);
#5795=VECTOR('',#9680,1.);
#5796=VECTOR('',#9683,1.);
#5797=VECTOR('',#9684,1.);
#5798=VECTOR('',#9701,1.);
#5799=VECTOR('',#9702,1.);
#5800=VECTOR('',#9703,1.);
#5801=VECTOR('',#9704,1.);
#5802=VECTOR('',#9705,1.);
#5803=VECTOR('',#9706,1.);
#5804=VECTOR('',#9709,1.);
#5805=VECTOR('',#9710,1.);
#5806=VECTOR('',#9711,1.);
#5807=VECTOR('',#9712,1.);
#5808=VECTOR('',#9713,1.);
#5809=VECTOR('',#9714,1.);
#5810=VECTOR('',#9729,1.);
#5811=VECTOR('',#9730,1.);
#5812=VECTOR('',#9731,1.);
#5813=VECTOR('',#9732,1.);
#5814=VECTOR('',#9733,1.);
#5815=VECTOR('',#9734,1.);
#5816=VECTOR('',#9735,1.);
#5817=VECTOR('',#9736,1.);
#5818=VECTOR('',#9737,1.);
#5819=VECTOR('',#9738,1.);
#5820=VECTOR('',#9739,1.);
#5821=VECTOR('',#9740,1.);
#5822=VECTOR('',#9741,1.);
#5823=VECTOR('',#9742,1.);
#5824=VECTOR('',#9743,1.);
#5825=VECTOR('',#9744,1.);
#5826=VECTOR('',#9745,1.);
#5827=VECTOR('',#9746,1.);
#5828=VECTOR('',#9747,1.);
#5829=VECTOR('',#9748,1.);
#5830=VECTOR('',#9749,1.);
#5831=VECTOR('',#9750,1.);
#5832=VECTOR('',#9751,1.);
#5833=VECTOR('',#9752,1.);
#5834=VECTOR('',#9755,1.);
#5835=VECTOR('',#9756,1.);
#5836=VECTOR('',#9757,1.);
#5837=VECTOR('',#9758,1.);
#5838=VECTOR('',#9761,1.);
#5839=VECTOR('',#9762,1.);
#5840=VECTOR('',#9763,1.);
#5841=VECTOR('',#9764,1.);
#5842=VECTOR('',#9767,1.);
#5843=VECTOR('',#9768,1.);
#5844=VECTOR('',#9769,1.);
#5845=VECTOR('',#9770,1.);
#5846=VECTOR('',#9771,1.);
#5847=VECTOR('',#9774,1.);
#5848=VECTOR('',#9775,1.);
#5849=VECTOR('',#9776,1.);
#5850=VECTOR('',#9777,1.);
#5851=VECTOR('',#9778,1.);
#5852=VECTOR('',#9781,1.);
#5853=VECTOR('',#9782,1.);
#5854=VECTOR('',#9783,1.);
#5855=VECTOR('',#9784,1.);
#5856=VECTOR('',#9785,1.);
#5857=VECTOR('',#9788,1.);
#5858=VECTOR('',#9789,1.);
#5859=VECTOR('',#9790,1.);
#5860=VECTOR('',#9791,1.);
#5861=VECTOR('',#9792,1.);
#5862=VECTOR('',#9807,1.);
#5863=VECTOR('',#9808,1.);
#5864=VECTOR('',#9811,1.);
#5865=VECTOR('',#9814,1.);
#5866=VECTOR('',#9817,1.);
#5867=VECTOR('',#9820,1.);
#5868=VECTOR('',#9823,1.);
#5869=VECTOR('',#9826,1.);
#5870=VECTOR('',#9837,1.);
#5871=VECTOR('',#9838,1.);
#5872=VECTOR('',#9839,1.);
#5873=VECTOR('',#9840,1.);
#5874=VECTOR('',#9841,1.);
#5875=VECTOR('',#9842,1.);
#5876=VECTOR('',#9843,1.);
#5877=VECTOR('',#9844,1.);
#5878=VECTOR('',#9847,1.);
#5879=VECTOR('',#9850,1.);
#5880=VECTOR('',#9859,1.);
#5881=VECTOR('',#9860,1.);
#5882=VECTOR('',#9861,1.);
#5883=VECTOR('',#9862,1.);
#5884=VECTOR('',#9865,1.);
#5885=VECTOR('',#9866,1.);
#5886=VECTOR('',#9867,1.);
#5887=VECTOR('',#9870,1.);
#5888=VECTOR('',#9871,1.);
#5889=VECTOR('',#9872,1.);
#5890=VECTOR('',#9875,1.);
#5891=VECTOR('',#9876,1.);
#5892=VECTOR('',#9877,1.);
#5893=VECTOR('',#9880,1.);
#5894=VECTOR('',#9881,1.);
#5895=VECTOR('',#9882,1.);
#5896=VECTOR('',#9885,1.);
#5897=VECTOR('',#9886,1.);
#5898=VECTOR('',#9887,1.);
#5899=VECTOR('',#9890,1.);
#5900=VECTOR('',#9891,1.);
#5901=VECTOR('',#9894,1.);
#5902=VECTOR('',#9895,1.);
#5903=VECTOR('',#9896,1.);
#5904=VECTOR('',#9899,1.);
#5905=VECTOR('',#9900,1.);
#5906=VECTOR('',#9901,1.);
#5907=VECTOR('',#9902,1.);
#5908=VECTOR('',#9905,1.);
#5909=VECTOR('',#9906,1.);
#5910=VECTOR('',#9909,1.);
#5911=VECTOR('',#9910,1.);
#5912=VECTOR('',#9911,1.);
#5913=VECTOR('',#9912,1.);
#5914=VECTOR('',#9913,1.);
#5915=VECTOR('',#9916,1.);
#5916=VECTOR('',#9917,1.);
#5917=VECTOR('',#9918,1.);
#5918=VECTOR('',#9921,1.);
#5919=VECTOR('',#9922,1.);
#5920=VECTOR('',#9923,1.);
#5921=VECTOR('',#9926,1.);
#5922=VECTOR('',#9931,1.);
#5923=VECTOR('',#9932,1.);
#5924=VECTOR('',#9933,1.);
#5925=VECTOR('',#9934,1.);
#5926=VECTOR('',#9937,1.);
#5927=VECTOR('',#9938,1.);
#5928=VECTOR('',#9939,1.);
#5929=VECTOR('',#9942,1.);
#5930=VECTOR('',#9943,1.);
#5931=VECTOR('',#9944,1.);
#5932=VECTOR('',#9947,1.);
#5933=VECTOR('',#9948,1.);
#5934=VECTOR('',#9949,1.);
#5935=VECTOR('',#9952,1.);
#5936=VECTOR('',#9953,1.);
#5937=VECTOR('',#9954,1.);
#5938=VECTOR('',#9957,1.);
#5939=VECTOR('',#9958,1.);
#5940=VECTOR('',#9959,1.);
#5941=VECTOR('',#9962,1.);
#5942=VECTOR('',#9963,1.);
#5943=VECTOR('',#9966,1.);
#5944=VECTOR('',#9967,1.);
#5945=VECTOR('',#9968,1.);
#5946=VECTOR('',#9971,1.);
#5947=VECTOR('',#9972,1.);
#5948=VECTOR('',#9973,1.);
#5949=VECTOR('',#9974,1.);
#5950=VECTOR('',#9977,1.);
#5951=VECTOR('',#9978,1.);
#5952=VECTOR('',#9981,1.);
#5953=VECTOR('',#9982,1.);
#5954=VECTOR('',#9983,1.);
#5955=VECTOR('',#9984,1.);
#5956=VECTOR('',#9985,1.);
#5957=VECTOR('',#9988,1.);
#5958=VECTOR('',#9989,1.);
#5959=VECTOR('',#9990,1.);
#5960=VECTOR('',#9993,1.);
#5961=VECTOR('',#9994,1.);
#5962=VECTOR('',#9995,1.);
#5963=VECTOR('',#9998,1.);
#5964=VECTOR('',#10079,1.);
#5965=VECTOR('',#10082,1.);
#5966=VECTOR('',#10083,1.);
#5967=VECTOR('',#10088,1.);
#5968=VECTOR('',#10091,1.);
#5969=VECTOR('',#10092,1.);
#5970=VECTOR('',#10097,1.);
#5971=VECTOR('',#10100,1.);
#5972=VECTOR('',#10101,1.);
#5973=VECTOR('',#10106,1.);
#5974=VECTOR('',#10109,1.);
#5975=VECTOR('',#10110,1.);
#5976=VECTOR('',#10123,1.);
#5977=VECTOR('',#10124,1.);
#5978=VECTOR('',#10125,1.);
#5979=VECTOR('',#10128,1.);
#5980=VECTOR('',#10129,1.);
#5981=VECTOR('',#10130,1.);
#5982=VECTOR('',#10133,1.);
#5983=VECTOR('',#10134,1.);
#5984=VECTOR('',#10135,1.);
#5985=VECTOR('',#10136,1.);
#5986=VECTOR('',#10139,1.);
#5987=VECTOR('',#10140,1.);
#5988=VECTOR('',#10141,1.);
#5989=VECTOR('',#10144,1.);
#5990=VECTOR('',#10145,1.);
#5991=VECTOR('',#10146,1.);
#5992=VECTOR('',#10149,1.);
#5993=VECTOR('',#10150,1.);
#5994=VECTOR('',#10151,1.);
#5995=VECTOR('',#10152,1.);
#5996=VECTOR('',#10155,1.);
#5997=VECTOR('',#10158,1.);
#5998=VECTOR('',#10159,1.);
#5999=VECTOR('',#10162,1.);
#6000=VECTOR('',#10165,1.);
#6001=VECTOR('',#10166,1.);
#6002=VECTOR('',#10169,1.);
#6003=VECTOR('',#10172,1.);
#6004=VECTOR('',#10177,1.);
#6005=VECTOR('',#10180,1.);
#6006=VECTOR('',#10187,1.);
#6007=VECTOR('',#10188,1.);
#6008=VECTOR('',#10189,1.);
#6009=VECTOR('',#10190,1.);
#6010=VECTOR('',#10193,1.);
#6011=VECTOR('',#10194,1.);
#6012=VECTOR('',#10195,1.);
#6013=VECTOR('',#10198,1.);
#6014=VECTOR('',#10199,1.);
#6015=VECTOR('',#10200,1.);
#6016=VECTOR('',#10203,1.);
#6017=VECTOR('',#10204,1.);
#6018=VECTOR('',#10239,1.);
#6019=VECTOR('',#10240,1.);
#6020=VECTOR('',#10241,1.);
#6021=VECTOR('',#10242,1.);
#6022=VECTOR('',#10245,1.);
#6023=VECTOR('',#10246,1.);
#6024=VECTOR('',#10247,1.);
#6025=VECTOR('',#10250,1.);
#6026=VECTOR('',#10251,1.);
#6027=VECTOR('',#10252,1.);
#6028=VECTOR('',#10255,1.);
#6029=VECTOR('',#10256,1.);
#6030=VECTOR('',#10275,1.);
#6031=VECTOR('',#10278,1.);
#6032=VECTOR('',#10281,1.);
#6033=VECTOR('',#10284,1.);
#6034=VECTOR('',#10287,1.);
#6035=VECTOR('',#10290,1.);
#6036=VECTOR('',#10293,1.);
#6037=VECTOR('',#10296,1.);
#6038=VECTOR('',#10299,1.);
#6039=VECTOR('',#10302,1.);
#6040=VECTOR('',#10307,1.);
#6041=VECTOR('',#10308,1.);
#6042=VECTOR('',#10313,1.);
#6043=VECTOR('',#10314,1.);
#6044=VECTOR('',#10317,1.);
#6045=VECTOR('',#10318,1.);
#6046=VECTOR('',#10321,1.);
#6047=VECTOR('',#10322,1.);
#6048=VECTOR('',#10325,1.);
#6049=VECTOR('',#10326,1.);
#6050=VECTOR('',#10331,1.);
#6051=VECTOR('',#10332,1.);
#6052=VECTOR('',#10333,1.);
#6053=VECTOR('',#10334,1.);
#6054=VECTOR('',#10339,1.);
#6055=VECTOR('',#10344,1.);
#6056=VECTOR('',#10345,1.);
#6057=VECTOR('',#10346,1.);
#6058=VECTOR('',#10359,1.);
#6059=VECTOR('',#10360,1.);
#6060=VECTOR('',#10361,1.);
#6061=VECTOR('',#10364,1.);
#6062=VECTOR('',#10365,1.);
#6063=VECTOR('',#10366,1.);
#6064=VECTOR('',#10371,1.);
#6065=VECTOR('',#10372,1.);
#6066=VECTOR('',#10385,1.);
#6067=VECTOR('',#10392,1.);
#6068=VECTOR('',#10397,1.);
#6069=VECTOR('',#10398,1.);
#6070=VECTOR('',#10399,1.);
#6071=VECTOR('',#10402,1.);
#6072=VECTOR('',#10403,1.);
#6073=VECTOR('',#10408,1.);
#6074=VECTOR('',#10409,1.);
#6075=VECTOR('',#10422,1.);
#6076=VECTOR('',#10427,1.);
#6077=VECTOR('',#10428,1.);
#6078=VECTOR('',#10431,1.);
#6079=VECTOR('',#10432,1.);
#6080=VECTOR('',#10433,1.);
#6081=VECTOR('',#10436,1.);
#6082=VECTOR('',#10439,1.);
#6083=VECTOR('',#10452,1.);
#6084=VECTOR('',#10457,1.);
#6085=VECTOR('',#10458,1.);
#6086=VECTOR('',#10459,1.);
#6087=VECTOR('',#10462,1.);
#6088=VECTOR('',#10463,1.);
#6089=VECTOR('',#10464,1.);
#6090=VECTOR('',#10469,1.);
#6091=VECTOR('',#10470,1.);
#6092=VECTOR('',#10493,1.);
#6093=VECTOR('',#10496,1.);
#6094=VECTOR('',#10497,1.);
#6095=VECTOR('',#10500,1.);
#6096=VECTOR('',#10501,1.);
#6097=VECTOR('',#10504,1.);
#6098=VECTOR('',#10507,1.);
#6099=VECTOR('',#10548,1.);
#6100=VECTOR('',#10551,1.);
#6101=VECTOR('',#10556,1.);
#6102=VECTOR('',#10559,1.);
#6103=VECTOR('',#10564,1.);
#6104=VECTOR('',#10567,1.);
#6105=VECTOR('',#10572,1.);
#6106=VECTOR('',#10575,1.);
#6107=VECTOR('',#10582,1.);
#6108=VECTOR('',#10585,1.);
#6109=VECTOR('',#10586,1.);
#6110=VECTOR('',#10589,1.);
#6111=VECTOR('',#10590,1.);
#6112=VECTOR('',#10593,1.);
#6113=VECTOR('',#10596,1.);
#6114=VECTOR('',#10599,1.);
#6115=VECTOR('',#10600,1.);
#6116=VECTOR('',#10603,1.);
#6117=VECTOR('',#10610,1.);
#6118=VECTOR('',#10611,1.);
#6119=VECTOR('',#10616,1.);
#6120=VECTOR('',#10617,1.);
#6121=VECTOR('',#10618,1.);
#6122=VECTOR('',#10619,1.);
#6123=VECTOR('',#10624,1.);
#6124=VECTOR('',#10629,1.);
#6125=VECTOR('',#10630,1.);
#6126=VECTOR('',#10631,1.);
#6127=VECTOR('',#10644,1.);
#6128=VECTOR('',#10645,1.);
#6129=VECTOR('',#10646,1.);
#6130=VECTOR('',#10649,1.);
#6131=VECTOR('',#10650,1.);
#6132=VECTOR('',#10651,1.);
#6133=VECTOR('',#10656,1.);
#6134=VECTOR('',#10657,1.);
#6135=VECTOR('',#10670,1.);
#6136=VECTOR('',#10677,1.);
#6137=VECTOR('',#10682,1.);
#6138=VECTOR('',#10683,1.);
#6139=VECTOR('',#10684,1.);
#6140=VECTOR('',#10687,1.);
#6141=VECTOR('',#10688,1.);
#6142=VECTOR('',#10693,1.);
#6143=VECTOR('',#10694,1.);
#6144=VECTOR('',#10707,1.);
#6145=VECTOR('',#10712,1.);
#6146=VECTOR('',#10713,1.);
#6147=VECTOR('',#10716,1.);
#6148=VECTOR('',#10717,1.);
#6149=VECTOR('',#10718,1.);
#6150=VECTOR('',#10721,1.);
#6151=VECTOR('',#10724,1.);
#6152=VECTOR('',#10737,1.);
#6153=VECTOR('',#10742,1.);
#6154=VECTOR('',#10743,1.);
#6155=VECTOR('',#10744,1.);
#6156=VECTOR('',#10747,1.);
#6157=VECTOR('',#10748,1.);
#6158=VECTOR('',#10749,1.);
#6159=VECTOR('',#10754,1.);
#6160=VECTOR('',#10755,1.);
#6161=VECTOR('',#10778,1.);
#6162=VECTOR('',#10781,1.);
#6163=VECTOR('',#10782,1.);
#6164=VECTOR('',#10785,1.);
#6165=VECTOR('',#10786,1.);
#6166=VECTOR('',#10789,1.);
#6167=VECTOR('',#10792,1.);
#6168=VECTOR('',#10835,1.);
#6169=VECTOR('',#10838,1.);
#6170=VECTOR('',#10843,1.);
#6171=VECTOR('',#10846,1.);
#6172=VECTOR('',#10851,1.);
#6173=VECTOR('',#10854,1.);
#6174=VECTOR('',#10859,1.);
#6175=VECTOR('',#10862,1.);
#6176=VECTOR('',#10869,1.);
#6177=VECTOR('',#10872,1.);
#6178=VECTOR('',#10873,1.);
#6179=VECTOR('',#10876,1.);
#6180=VECTOR('',#10877,1.);
#6181=VECTOR('',#10880,1.);
#6182=VECTOR('',#10883,1.);
#6183=VECTOR('',#10886,1.);
#6184=VECTOR('',#10887,1.);
#6185=VECTOR('',#10890,1.);
#6186=VECTOR('',#10897,1.);
#6187=VECTOR('',#10898,1.);
#6188=VECTOR('',#10903,1.);
#6189=VECTOR('',#10904,1.);
#6190=VECTOR('',#10905,1.);
#6191=VECTOR('',#10906,1.);
#6192=VECTOR('',#10911,1.);
#6193=VECTOR('',#10916,1.);
#6194=VECTOR('',#10917,1.);
#6195=VECTOR('',#10918,1.);
#6196=VECTOR('',#10931,1.);
#6197=VECTOR('',#10932,1.);
#6198=VECTOR('',#10933,1.);
#6199=VECTOR('',#10936,1.);
#6200=VECTOR('',#10937,1.);
#6201=VECTOR('',#10938,1.);
#6202=VECTOR('',#10943,1.);
#6203=VECTOR('',#10944,1.);
#6204=VECTOR('',#10957,1.);
#6205=VECTOR('',#10964,1.);
#6206=VECTOR('',#10969,1.);
#6207=VECTOR('',#10970,1.);
#6208=VECTOR('',#10971,1.);
#6209=VECTOR('',#10974,1.);
#6210=VECTOR('',#10975,1.);
#6211=VECTOR('',#10980,1.);
#6212=VECTOR('',#10981,1.);
#6213=VECTOR('',#10994,1.);
#6214=VECTOR('',#10999,1.);
#6215=VECTOR('',#11000,1.);
#6216=VECTOR('',#11003,1.);
#6217=VECTOR('',#11004,1.);
#6218=VECTOR('',#11005,1.);
#6219=VECTOR('',#11008,1.);
#6220=VECTOR('',#11011,1.);
#6221=VECTOR('',#11024,1.);
#6222=VECTOR('',#11029,1.);
#6223=VECTOR('',#11030,1.);
#6224=VECTOR('',#11031,1.);
#6225=VECTOR('',#11034,1.);
#6226=VECTOR('',#11035,1.);
#6227=VECTOR('',#11036,1.);
#6228=VECTOR('',#11041,1.);
#6229=VECTOR('',#11042,1.);
#6230=VECTOR('',#11065,1.);
#6231=VECTOR('',#11068,1.);
#6232=VECTOR('',#11069,1.);
#6233=VECTOR('',#11072,1.);
#6234=VECTOR('',#11073,1.);
#6235=VECTOR('',#11076,1.);
#6236=VECTOR('',#11079,1.);
#6237=VECTOR('',#11106,1.);
#6238=VECTOR('',#11109,1.);
#6239=VECTOR('',#11112,1.);
#6240=VECTOR('',#11115,1.);
#6241=VECTOR('',#11118,1.);
#6242=VECTOR('',#11121,1.);
#6243=VECTOR('',#11124,1.);
#6244=VECTOR('',#11127,1.);
#6245=VECTOR('',#11130,1.);
#6246=VECTOR('',#11133,1.);
#6247=VECTOR('',#11138,1.);
#6248=VECTOR('',#11139,1.);
#6249=VECTOR('',#11144,1.);
#6250=VECTOR('',#11145,1.);
#6251=VECTOR('',#11148,1.);
#6252=VECTOR('',#11149,1.);
#6253=VECTOR('',#11152,1.);
#6254=VECTOR('',#11153,1.);
#6255=VECTOR('',#11156,1.);
#6256=VECTOR('',#11157,1.);
#6257=VECTOR('',#11162,1.);
#6258=VECTOR('',#11163,1.);
#6259=VECTOR('',#11164,1.);
#6260=VECTOR('',#11165,1.);
#6261=VECTOR('',#11170,1.);
#6262=VECTOR('',#11175,1.);
#6263=VECTOR('',#11176,1.);
#6264=VECTOR('',#11177,1.);
#6265=VECTOR('',#11190,1.);
#6266=VECTOR('',#11191,1.);
#6267=VECTOR('',#11192,1.);
#6268=VECTOR('',#11195,1.);
#6269=VECTOR('',#11196,1.);
#6270=VECTOR('',#11197,1.);
#6271=VECTOR('',#11202,1.);
#6272=VECTOR('',#11203,1.);
#6273=VECTOR('',#11216,1.);
#6274=VECTOR('',#11223,1.);
#6275=VECTOR('',#11228,1.);
#6276=VECTOR('',#11229,1.);
#6277=VECTOR('',#11230,1.);
#6278=VECTOR('',#11233,1.);
#6279=VECTOR('',#11234,1.);
#6280=VECTOR('',#11239,1.);
#6281=VECTOR('',#11240,1.);
#6282=VECTOR('',#11253,1.);
#6283=VECTOR('',#11258,1.);
#6284=VECTOR('',#11259,1.);
#6285=VECTOR('',#11262,1.);
#6286=VECTOR('',#11263,1.);
#6287=VECTOR('',#11264,1.);
#6288=VECTOR('',#11267,1.);
#6289=VECTOR('',#11270,1.);
#6290=VECTOR('',#11283,1.);
#6291=VECTOR('',#11288,1.);
#6292=VECTOR('',#11289,1.);
#6293=VECTOR('',#11290,1.);
#6294=VECTOR('',#11293,1.);
#6295=VECTOR('',#11294,1.);
#6296=VECTOR('',#11295,1.);
#6297=VECTOR('',#11300,1.);
#6298=VECTOR('',#11301,1.);
#6299=VECTOR('',#11324,1.);
#6300=VECTOR('',#11327,1.);
#6301=VECTOR('',#11328,1.);
#6302=VECTOR('',#11331,1.);
#6303=VECTOR('',#11332,1.);
#6304=VECTOR('',#11335,1.);
#6305=VECTOR('',#11338,1.);
#6306=EDGE_LOOP('',(#616,#617,#618,#619,#620,#621));
#6307=EDGE_LOOP('',(#622,#623,#624,#625,#626,#627));
#6308=EDGE_LOOP('',(#628,#629,#630,#631,#632,#633));
#6309=EDGE_LOOP('',(#634,#635,#636,#637,#638,#639));
#6310=EDGE_LOOP('',(#640,#641,#642,#643));
#6311=EDGE_LOOP('',(#644,#645,#646,#647));
#6312=EDGE_LOOP('',(#648,#649,#650,#651,#652,#653,#654,#655));
#6313=EDGE_LOOP('',(#656,#657,#658,#659));
#6314=EDGE_LOOP('',(#660,#661,#662,#663));
#6315=EDGE_LOOP('',(#664,#665,#666,#667));
#6316=EDGE_LOOP('',(#668,#669,#670,#671));
#6317=EDGE_LOOP('',(#672,#673,#674,#675,#676,#677,#678,#679,#680,#681));
#6318=EDGE_LOOP('',(#682,#683,#684,#685));
#6319=EDGE_LOOP('',(#686,#687,#688,#689));
#6320=EDGE_LOOP('',(#690,#691,#692,#693,#694,#695,#696));
#6321=EDGE_LOOP('',(#697,#698,#699,#700,#701,#702,#703));
#6322=EDGE_LOOP('',(#704,#705,#706,#707));
#6323=EDGE_LOOP('',(#708,#709,#710,#711));
#6324=EDGE_LOOP('',(#712,#713,#714,#715));
#6325=EDGE_LOOP('',(#716,#717,#718,#719));
#6326=EDGE_LOOP('',(#720,#721,#722,#723,#724,#725,#726,#727,#728,#729));
#6327=EDGE_LOOP('',(#730,#731,#732,#733,#734,#735,#736,#737,#738,#739));
#6328=EDGE_LOOP('',(#740,#741,#742,#743,#744,#745,#746,#747));
#6329=EDGE_LOOP('',(#748,#749,#750,#751,#752,#753,#754,#755));
#6330=EDGE_LOOP('',(#756));
#6331=EDGE_LOOP('',(#757));
#6332=EDGE_LOOP('',(#758,#759,#760,#761));
#6333=EDGE_LOOP('',(#762,#763,#764,#765));
#6334=EDGE_LOOP('',(#766,#767,#768,#769,#770,#771,#772,#773));
#6335=EDGE_LOOP('',(#774,#775,#776,#777));
#6336=EDGE_LOOP('',(#778,#779,#780,#781));
#6337=EDGE_LOOP('',(#782,#783,#784,#785));
#6338=EDGE_LOOP('',(#786,#787,#788,#789));
#6339=EDGE_LOOP('',(#790,#791,#792,#793,#794,#795,#796,#797,#798,#799));
#6340=EDGE_LOOP('',(#800,#801,#802,#803));
#6341=EDGE_LOOP('',(#804,#805,#806,#807));
#6342=EDGE_LOOP('',(#808,#809,#810,#811,#812,#813,#814));
#6343=EDGE_LOOP('',(#815,#816,#817,#818,#819,#820,#821));
#6344=EDGE_LOOP('',(#822,#823,#824,#825));
#6345=EDGE_LOOP('',(#826,#827,#828,#829));
#6346=EDGE_LOOP('',(#830,#831,#832,#833));
#6347=EDGE_LOOP('',(#834,#835,#836,#837));
#6348=EDGE_LOOP('',(#838,#839,#840,#841));
#6349=EDGE_LOOP('',(#842,#843,#844,#845));
#6350=EDGE_LOOP('',(#846,#847,#848,#849));
#6351=EDGE_LOOP('',(#850,#851,#852,#853));
#6352=EDGE_LOOP('',(#854,#855,#856,#857));
#6353=EDGE_LOOP('',(#858,#859,#860,#861));
#6354=EDGE_LOOP('',(#862,#863,#864,#865));
#6355=EDGE_LOOP('',(#866,#867,#868,#869));
#6356=EDGE_LOOP('',(#870,#871,#872,#873));
#6357=EDGE_LOOP('',(#874,#875,#876,#877));
#6358=EDGE_LOOP('',(#878,#879,#880,#881));
#6359=EDGE_LOOP('',(#882,#883,#884,#885,#886,#887));
#6360=EDGE_LOOP('',(#888,#889,#890,#891,#892,#893,#894,#895,#896,#897,#898,
#899,#900,#901));
#6361=EDGE_LOOP('',(#902,#903,#904,#905,#906,#907));
#6362=EDGE_LOOP('',(#908,#909,#910,#911));
#6363=EDGE_LOOP('',(#912,#913,#914,#915));
#6364=EDGE_LOOP('',(#916,#917,#918,#919,#920,#921));
#6365=EDGE_LOOP('',(#922,#923,#924,#925,#926,#927));
#6366=EDGE_LOOP('',(#928,#929,#930,#931));
#6367=EDGE_LOOP('',(#932));
#6368=EDGE_LOOP('',(#933,#934,#935,#936));
#6369=EDGE_LOOP('',(#937));
#6370=EDGE_LOOP('',(#938));
#6371=EDGE_LOOP('',(#939));
#6372=EDGE_LOOP('',(#940));
#6373=EDGE_LOOP('',(#941));
#6374=EDGE_LOOP('',(#942));
#6375=EDGE_LOOP('',(#943));
#6376=EDGE_LOOP('',(#944));
#6377=EDGE_LOOP('',(#945));
#6378=EDGE_LOOP('',(#946));
#6379=EDGE_LOOP('',(#947));
#6380=EDGE_LOOP('',(#948,#949,#950,#951));
#6381=EDGE_LOOP('',(#952));
#6382=EDGE_LOOP('',(#953));
#6383=EDGE_LOOP('',(#954,#955,#956,#957));
#6384=EDGE_LOOP('',(#958));
#6385=EDGE_LOOP('',(#959));
#6386=EDGE_LOOP('',(#960));
#6387=EDGE_LOOP('',(#961));
#6388=EDGE_LOOP('',(#962,#963,#964,#965));
#6389=EDGE_LOOP('',(#966));
#6390=EDGE_LOOP('',(#967));
#6391=EDGE_LOOP('',(#968));
#6392=EDGE_LOOP('',(#969));
#6393=EDGE_LOOP('',(#970,#971,#972,#973));
#6394=EDGE_LOOP('',(#974,#975,#976,#977,#978,#979));
#6395=EDGE_LOOP('',(#980,#981,#982,#983));
#6396=EDGE_LOOP('',(#984,#985,#986,#987));
#6397=EDGE_LOOP('',(#988,#989,#990));
#6398=EDGE_LOOP('',(#991,#992,#993,#994));
#6399=EDGE_LOOP('',(#995,#996,#997,#998));
#6400=EDGE_LOOP('',(#999,#1000,#1001,#1002));
#6401=EDGE_LOOP('',(#1003,#1004,#1005,#1006));
#6402=EDGE_LOOP('',(#1007,#1008,#1009));
#6403=EDGE_LOOP('',(#1010,#1011,#1012));
#6404=EDGE_LOOP('',(#1013,#1014,#1015,#1016));
#6405=EDGE_LOOP('',(#1017,#1018,#1019,#1020));
#6406=EDGE_LOOP('',(#1021,#1022,#1023));
#6407=EDGE_LOOP('',(#1024,#1025,#1026,#1027));
#6408=EDGE_LOOP('',(#1028,#1029,#1030,#1031));
#6409=EDGE_LOOP('',(#1032,#1033,#1034,#1035));
#6410=EDGE_LOOP('',(#1036,#1037,#1038));
#6411=EDGE_LOOP('',(#1039,#1040,#1041,#1042));
#6412=EDGE_LOOP('',(#1043,#1044,#1045,#1046));
#6413=EDGE_LOOP('',(#1047,#1048,#1049));
#6414=EDGE_LOOP('',(#1050,#1051,#1052,#1053));
#6415=EDGE_LOOP('',(#1054,#1055,#1056,#1057));
#6416=EDGE_LOOP('',(#1058,#1059,#1060,#1061));
#6417=EDGE_LOOP('',(#1062,#1063,#1064));
#6418=EDGE_LOOP('',(#1065,#1066,#1067,#1068));
#6419=EDGE_LOOP('',(#1069,#1070,#1071,#1072));
#6420=EDGE_LOOP('',(#1073,#1074,#1075));
#6421=EDGE_LOOP('',(#1076,#1077,#1078,#1079));
#6422=EDGE_LOOP('',(#1080,#1081,#1082,#1083));
#6423=EDGE_LOOP('',(#1084,#1085,#1086,#1087));
#6424=EDGE_LOOP('',(#1088,#1089,#1090,#1091));
#6425=EDGE_LOOP('',(#1092,#1093,#1094,#1095));
#6426=EDGE_LOOP('',(#1096));
#6427=EDGE_LOOP('',(#1097,#1098,#1099,#1100));
#6428=EDGE_LOOP('',(#1101,#1102,#1103,#1104));
#6429=EDGE_LOOP('',(#1105));
#6430=EDGE_LOOP('',(#1106));
#6431=EDGE_LOOP('',(#1107));
#6432=EDGE_LOOP('',(#1108,#1109,#1110,#1111));
#6433=EDGE_LOOP('',(#1112,#1113,#1114,#1115));
#6434=EDGE_LOOP('',(#1116,#1117,#1118,#1119));
#6435=EDGE_LOOP('',(#1120,#1121,#1122,#1123));
#6436=EDGE_LOOP('',(#1124));
#6437=EDGE_LOOP('',(#1125,#1126,#1127,#1128));
#6438=EDGE_LOOP('',(#1129,#1130,#1131,#1132));
#6439=EDGE_LOOP('',(#1133));
#6440=EDGE_LOOP('',(#1134));
#6441=EDGE_LOOP('',(#1135));
#6442=EDGE_LOOP('',(#1136,#1137,#1138,#1139,#1140,#1141));
#6443=EDGE_LOOP('',(#1142,#1143,#1144,#1145,#1146,#1147));
#6444=EDGE_LOOP('',(#1148,#1149));
#6445=EDGE_LOOP('',(#1150,#1151));
#6446=EDGE_LOOP('',(#1152));
#6447=EDGE_LOOP('',(#1153));
#6448=EDGE_LOOP('',(#1154,#1155,#1156,#1157,#1158,#1159,#1160,#1161,#1162,
#1163,#1164,#1165,#1166,#1167,#1168,#1169,#1170,#1171,#1172,#1173,#1174,
#1175,#1176,#1177));
#6449=EDGE_LOOP('',(#1178,#1179,#1180,#1181));
#6450=EDGE_LOOP('',(#1182,#1183,#1184,#1185));
#6451=EDGE_LOOP('',(#1186,#1187,#1188,#1189,#1190,#1191));
#6452=EDGE_LOOP('',(#1192,#1193,#1194,#1195,#1196,#1197));
#6453=EDGE_LOOP('',(#1198,#1199,#1200,#1201,#1202,#1203));
#6454=EDGE_LOOP('',(#1204,#1205,#1206,#1207,#1208,#1209));
#6455=EDGE_LOOP('',(#1210));
#6456=EDGE_LOOP('',(#1211));
#6457=EDGE_LOOP('',(#1212));
#6458=EDGE_LOOP('',(#1213));
#6459=EDGE_LOOP('',(#1214));
#6460=EDGE_LOOP('',(#1215));
#6461=EDGE_LOOP('',(#1216,#1217,#1218,#1219));
#6462=EDGE_LOOP('',(#1220,#1221,#1222,#1223));
#6463=EDGE_LOOP('',(#1224,#1225,#1226,#1227));
#6464=EDGE_LOOP('',(#1228,#1229,#1230,#1231));
#6465=EDGE_LOOP('',(#1232,#1233,#1234,#1235));
#6466=EDGE_LOOP('',(#1236,#1237,#1238,#1239));
#6467=EDGE_LOOP('',(#1240,#1241,#1242,#1243));
#6468=EDGE_LOOP('',(#1244));
#6469=EDGE_LOOP('',(#1245));
#6470=EDGE_LOOP('',(#1246));
#6471=EDGE_LOOP('',(#1247));
#6472=EDGE_LOOP('',(#1248,#1249,#1250,#1251,#1252,#1253,#1254,#1255,#1256,
#1257,#1258,#1259,#1260,#1261,#1262,#1263,#1264,#1265,#1266,#1267,#1268,
#1269));
#6473=EDGE_LOOP('',(#1270,#1271,#1272,#1273));
#6474=EDGE_LOOP('',(#1274,#1275,#1276,#1277,#1278,#1279));
#6475=EDGE_LOOP('',(#1280,#1281,#1282,#1283));
#6476=EDGE_LOOP('',(#1284));
#6477=EDGE_LOOP('',(#1285));
#6478=EDGE_LOOP('',(#1286));
#6479=EDGE_LOOP('',(#1287));
#6480=EDGE_LOOP('',(#1288,#1289,#1290,#1291));
#6481=EDGE_LOOP('',(#1292,#1293,#1294,#1295));
#6482=EDGE_LOOP('',(#1296,#1297,#1298,#1299));
#6483=EDGE_LOOP('',(#1300,#1301,#1302,#1303));
#6484=EDGE_LOOP('',(#1304,#1305,#1306,#1307,#1308,#1309,#1310));
#6485=EDGE_LOOP('',(#1311,#1312,#1313,#1314,#1315,#1316,#1317));
#6486=EDGE_LOOP('',(#1318,#1319,#1320,#1321));
#6487=EDGE_LOOP('',(#1322,#1323,#1324,#1325));
#6488=EDGE_LOOP('',(#1326,#1327,#1328,#1329,#1330,#1331,#1332,#1333,#1334,
#1335));
#6489=EDGE_LOOP('',(#1336,#1337,#1338,#1339));
#6490=EDGE_LOOP('',(#1340,#1341,#1342,#1343,#1344,#1345));
#6491=EDGE_LOOP('',(#1346,#1347,#1348,#1349));
#6492=EDGE_LOOP('',(#1350,#1351,#1352,#1353));
#6493=EDGE_LOOP('',(#1354,#1355,#1356,#1357));
#6494=EDGE_LOOP('',(#1358,#1359,#1360,#1361));
#6495=EDGE_LOOP('',(#1362,#1363,#1364,#1365));
#6496=EDGE_LOOP('',(#1366,#1367,#1368,#1369));
#6497=EDGE_LOOP('',(#1370,#1371,#1372,#1373));
#6498=EDGE_LOOP('',(#1374,#1375,#1376,#1377));
#6499=EDGE_LOOP('',(#1378,#1379,#1380,#1381,#1382,#1383,#1384));
#6500=EDGE_LOOP('',(#1385,#1386,#1387,#1388,#1389,#1390,#1391));
#6501=EDGE_LOOP('',(#1392,#1393,#1394,#1395));
#6502=EDGE_LOOP('',(#1396,#1397,#1398,#1399));
#6503=EDGE_LOOP('',(#1400,#1401,#1402,#1403,#1404,#1405,#1406,#1407,#1408,
#1409));
#6504=EDGE_LOOP('',(#1410,#1411,#1412,#1413));
#6505=EDGE_LOOP('',(#1414,#1415,#1416,#1417,#1418,#1419));
#6506=EDGE_LOOP('',(#1420,#1421,#1422,#1423));
#6507=EDGE_LOOP('',(#1424,#1425,#1426,#1427));
#6508=EDGE_LOOP('',(#1428,#1429,#1430,#1431));
#6509=EDGE_LOOP('',(#1432,#1433,#1434,#1435));
#6510=EDGE_LOOP('',(#1436));
#6511=EDGE_LOOP('',(#1437));
#6512=EDGE_LOOP('',(#1438));
#6513=EDGE_LOOP('',(#1439));
#6514=EDGE_LOOP('',(#1440));
#6515=EDGE_LOOP('',(#1441));
#6516=EDGE_LOOP('',(#1442));
#6517=EDGE_LOOP('',(#1443));
#6518=EDGE_LOOP('',(#1444));
#6519=EDGE_LOOP('',(#1445));
#6520=EDGE_LOOP('',(#1446));
#6521=EDGE_LOOP('',(#1447));
#6522=EDGE_LOOP('',(#1448));
#6523=EDGE_LOOP('',(#1449));
#6524=EDGE_LOOP('',(#1450));
#6525=EDGE_LOOP('',(#1451));
#6526=EDGE_LOOP('',(#1452));
#6527=EDGE_LOOP('',(#1453));
#6528=EDGE_LOOP('',(#1454));
#6529=EDGE_LOOP('',(#1455));
#6530=EDGE_LOOP('',(#1456));
#6531=EDGE_LOOP('',(#1457));
#6532=EDGE_LOOP('',(#1458));
#6533=EDGE_LOOP('',(#1459));
#6534=EDGE_LOOP('',(#1460));
#6535=EDGE_LOOP('',(#1461));
#6536=EDGE_LOOP('',(#1462));
#6537=EDGE_LOOP('',(#1463));
#6538=EDGE_LOOP('',(#1464));
#6539=EDGE_LOOP('',(#1465));
#6540=EDGE_LOOP('',(#1466));
#6541=EDGE_LOOP('',(#1467));
#6542=EDGE_LOOP('',(#1468));
#6543=EDGE_LOOP('',(#1469));
#6544=EDGE_LOOP('',(#1470));
#6545=EDGE_LOOP('',(#1471));
#6546=EDGE_LOOP('',(#1472,#1473,#1474,#1475));
#6547=EDGE_LOOP('',(#1476,#1477,#1478,#1479,#1480,#1481));
#6548=EDGE_LOOP('',(#1482,#1483,#1484,#1485,#1486,#1487));
#6549=EDGE_LOOP('',(#1488,#1489,#1490,#1491,#1492,#1493));
#6550=EDGE_LOOP('',(#1494,#1495,#1496,#1497,#1498,#1499));
#6551=EDGE_LOOP('',(#1500,#1501,#1502,#1503));
#6552=EDGE_LOOP('',(#1504,#1505,#1506,#1507));
#6553=EDGE_LOOP('',(#1508,#1509,#1510,#1511,#1512,#1513));
#6554=EDGE_LOOP('',(#1514,#1515,#1516,#1517,#1518,#1519));
#6555=EDGE_LOOP('',(#1520,#1521,#1522,#1523,#1524,#1525));
#6556=EDGE_LOOP('',(#1526,#1527,#1528,#1529,#1530,#1531));
#6557=EDGE_LOOP('',(#1532,#1533,#1534,#1535));
#6558=EDGE_LOOP('',(#1536));
#6559=EDGE_LOOP('',(#1537));
#6560=EDGE_LOOP('',(#1538));
#6561=EDGE_LOOP('',(#1539));
#6562=EDGE_LOOP('',(#1540));
#6563=EDGE_LOOP('',(#1541));
#6564=EDGE_LOOP('',(#1542));
#6565=EDGE_LOOP('',(#1543));
#6566=EDGE_LOOP('',(#1544,#1545,#1546,#1547,#1548));
#6567=EDGE_LOOP('',(#1549,#1550,#1551,#1552,#1553));
#6568=EDGE_LOOP('',(#1554,#1555,#1556,#1557));
#6569=EDGE_LOOP('',(#1558,#1559,#1560,#1561,#1562));
#6570=EDGE_LOOP('',(#1563,#1564,#1565,#1566,#1567));
#6571=EDGE_LOOP('',(#1568,#1569,#1570,#1571));
#6572=EDGE_LOOP('',(#1572,#1573,#1574,#1575));
#6573=EDGE_LOOP('',(#1576,#1577,#1578,#1579,#1580,#1581));
#6574=EDGE_LOOP('',(#1582,#1583,#1584,#1585));
#6575=EDGE_LOOP('',(#1586,#1587,#1588,#1589,#1590,#1591));
#6576=EDGE_LOOP('',(#1592,#1593,#1594,#1595));
#6577=EDGE_LOOP('',(#1596,#1597,#1598,#1599));
#6578=EDGE_LOOP('',(#1600,#1601,#1602,#1603));
#6579=EDGE_LOOP('',(#1604,#1605,#1606,#1607));
#6580=EDGE_LOOP('',(#1608,#1609,#1610,#1611));
#6581=EDGE_LOOP('',(#1612,#1613,#1614,#1615));
#6582=EDGE_LOOP('',(#1616,#1617,#1618,#1619));
#6583=EDGE_LOOP('',(#1620,#1621,#1622,#1623));
#6584=EDGE_LOOP('',(#1624,#1625,#1626,#1627));
#6585=EDGE_LOOP('',(#1628,#1629,#1630,#1631));
#6586=EDGE_LOOP('',(#1632));
#6587=EDGE_LOOP('',(#1633,#1634,#1635,#1636));
#6588=EDGE_LOOP('',(#1637,#1638,#1639,#1640));
#6589=EDGE_LOOP('',(#1641));
#6590=EDGE_LOOP('',(#1642));
#6591=EDGE_LOOP('',(#1643));
#6592=EDGE_LOOP('',(#1644));
#6593=EDGE_LOOP('',(#1645));
#6594=EDGE_LOOP('',(#1646));
#6595=EDGE_LOOP('',(#1647));
#6596=EDGE_LOOP('',(#1648));
#6597=EDGE_LOOP('',(#1649));
#6598=EDGE_LOOP('',(#1650));
#6599=EDGE_LOOP('',(#1651));
#6600=EDGE_LOOP('',(#1652,#1653,#1654,#1655));
#6601=EDGE_LOOP('',(#1656,#1657,#1658,#1659));
#6602=EDGE_LOOP('',(#1660,#1661,#1662,#1663));
#6603=EDGE_LOOP('',(#1664,#1665,#1666,#1667));
#6604=EDGE_LOOP('',(#1668));
#6605=EDGE_LOOP('',(#1669,#1670,#1671,#1672));
#6606=EDGE_LOOP('',(#1673,#1674,#1675,#1676));
#6607=EDGE_LOOP('',(#1677));
#6608=EDGE_LOOP('',(#1678));
#6609=EDGE_LOOP('',(#1679));
#6610=EDGE_LOOP('',(#1680,#1681,#1682,#1683,#1684,#1685,#1686,#1687,#1688,
#1689,#1690,#1691,#1692,#1693,#1694,#1695,#1696,#1697,#1698,#1699,#1700,
#1701,#1702,#1703,#1704,#1705,#1706,#1707,#1708,#1709,#1710,#1711,#1712,
#1713,#1714,#1715,#1716,#1717,#1718,#1719));
#6611=EDGE_LOOP('',(#1720));
#6612=EDGE_LOOP('',(#1721,#1722,#1723,#1724,#1725,#1726,#1727,#1728,#1729,
#1730,#1731,#1732,#1733,#1734,#1735,#1736,#1737,#1738,#1739,#1740,#1741));
#6613=EDGE_LOOP('',(#1742,#1743,#1744,#1745));
#6614=EDGE_LOOP('',(#1746,#1747,#1748,#1749));
#6615=EDGE_LOOP('',(#1750,#1751,#1752,#1753));
#6616=EDGE_LOOP('',(#1754,#1755,#1756,#1757));
#6617=EDGE_LOOP('',(#1758,#1759,#1760,#1761));
#6618=EDGE_LOOP('',(#1762));
#6619=EDGE_LOOP('',(#1763,#1764,#1765,#1766));
#6620=EDGE_LOOP('',(#1767,#1768,#1769,#1770));
#6621=EDGE_LOOP('',(#1771,#1772,#1773,#1774));
#6622=EDGE_LOOP('',(#1775,#1776,#1777,#1778));
#6623=EDGE_LOOP('',(#1779,#1780,#1781,#1782));
#6624=EDGE_LOOP('',(#1783,#1784,#1785,#1786));
#6625=EDGE_LOOP('',(#1787,#1788,#1789,#1790));
#6626=EDGE_LOOP('',(#1791,#1792,#1793,#1794));
#6627=EDGE_LOOP('',(#1795,#1796,#1797,#1798,#1799,#1800,#1801,#1802));
#6628=EDGE_LOOP('',(#1803,#1804,#1805,#1806,#1807,#1808,#1809,#1810));
#6629=EDGE_LOOP('',(#1811,#1812,#1813,#1814));
#6630=EDGE_LOOP('',(#1815,#1816,#1817,#1818));
#6631=EDGE_LOOP('',(#1819,#1820,#1821,#1822));
#6632=EDGE_LOOP('',(#1823,#1824,#1825,#1826));
#6633=EDGE_LOOP('',(#1827,#1828,#1829,#1830));
#6634=EDGE_LOOP('',(#1831,#1832,#1833,#1834));
#6635=EDGE_LOOP('',(#1835,#1836,#1837,#1838));
#6636=EDGE_LOOP('',(#1839,#1840,#1841,#1842,#1843,#1844,#1845,#1846));
#6637=EDGE_LOOP('',(#1847,#1848,#1849,#1850));
#6638=EDGE_LOOP('',(#1851,#1852,#1853,#1854));
#6639=EDGE_LOOP('',(#1855,#1856,#1857,#1858));
#6640=EDGE_LOOP('',(#1859,#1860,#1861,#1862));
#6641=EDGE_LOOP('',(#1863,#1864,#1865,#1866));
#6642=EDGE_LOOP('',(#1867,#1868,#1869,#1870));
#6643=EDGE_LOOP('',(#1871,#1872,#1873,#1874));
#6644=EDGE_LOOP('',(#1875,#1876,#1877,#1878,#1879,#1880));
#6645=EDGE_LOOP('',(#1881,#1882,#1883,#1884));
#6646=EDGE_LOOP('',(#1885,#1886,#1887,#1888));
#6647=EDGE_LOOP('',(#1889,#1890,#1891,#1892,#1893));
#6648=EDGE_LOOP('',(#1894,#1895,#1896,#1897));
#6649=EDGE_LOOP('',(#1898,#1899,#1900,#1901));
#6650=EDGE_LOOP('',(#1902,#1903,#1904,#1905,#1906,#1907));
#6651=EDGE_LOOP('',(#1908,#1909,#1910,#1911));
#6652=EDGE_LOOP('',(#1912,#1913,#1914,#1915));
#6653=EDGE_LOOP('',(#1916,#1917,#1918,#1919,#1920,#1921,#1922,#1923));
#6654=EDGE_LOOP('',(#1924,#1925,#1926,#1927));
#6655=EDGE_LOOP('',(#1928,#1929,#1930,#1931));
#6656=EDGE_LOOP('',(#1932,#1933,#1934,#1935));
#6657=EDGE_LOOP('',(#1936,#1937,#1938,#1939));
#6658=EDGE_LOOP('',(#1940,#1941,#1942,#1943));
#6659=EDGE_LOOP('',(#1944,#1945,#1946,#1947));
#6660=EDGE_LOOP('',(#1948,#1949,#1950,#1951));
#6661=EDGE_LOOP('',(#1952));
#6662=EDGE_LOOP('',(#1953));
#6663=EDGE_LOOP('',(#1954,#1955,#1956,#1957,#1958,#1959,#1960,#1961,#1962,
#1963));
#6664=EDGE_LOOP('',(#1964));
#6665=EDGE_LOOP('',(#1965));
#6666=EDGE_LOOP('',(#1966,#1967,#1968,#1969,#1970,#1971,#1972,#1973,#1974,
#1975));
#6667=EDGE_LOOP('',(#1976));
#6668=EDGE_LOOP('',(#1977));
#6669=EDGE_LOOP('',(#1978));
#6670=EDGE_LOOP('',(#1979));
#6671=EDGE_LOOP('',(#1980));
#6672=EDGE_LOOP('',(#1981));
#6673=EDGE_LOOP('',(#1982));
#6674=EDGE_LOOP('',(#1983));
#6675=EDGE_LOOP('',(#1984,#1985,#1986,#1987));
#6676=EDGE_LOOP('',(#1988,#1989,#1990,#1991));
#6677=EDGE_LOOP('',(#1992,#1993,#1994,#1995));
#6678=EDGE_LOOP('',(#1996,#1997,#1998,#1999,#2000));
#6679=EDGE_LOOP('',(#2001,#2002,#2003,#2004,#2005,#2006,#2007,#2008));
#6680=EDGE_LOOP('',(#2009,#2010,#2011,#2012,#2013,#2014,#2015,#2016));
#6681=EDGE_LOOP('',(#2017,#2018,#2019,#2020,#2021,#2022,#2023,#2024));
#6682=EDGE_LOOP('',(#2025,#2026,#2027,#2028,#2029,#2030,#2031,#2032));
#6683=EDGE_LOOP('',(#2033,#2034,#2035,#2036,#2037,#2038,#2039,#2040));
#6684=EDGE_LOOP('',(#2041));
#6685=EDGE_LOOP('',(#2042));
#6686=EDGE_LOOP('',(#2043,#2044,#2045,#2046));
#6687=EDGE_LOOP('',(#2047,#2048,#2049,#2050));
#6688=EDGE_LOOP('',(#2051,#2052,#2053,#2054));
#6689=EDGE_LOOP('',(#2055,#2056,#2057,#2058));
#6690=EDGE_LOOP('',(#2059,#2060,#2061,#2062));
#6691=EDGE_LOOP('',(#2063,#2064,#2065,#2066));
#6692=EDGE_LOOP('',(#2067));
#6693=EDGE_LOOP('',(#2068,#2069,#2070,#2071));
#6694=EDGE_LOOP('',(#2072,#2073,#2074,#2075));
#6695=EDGE_LOOP('',(#2076,#2077,#2078,#2079));
#6696=EDGE_LOOP('',(#2080,#2081,#2082,#2083));
#6697=EDGE_LOOP('',(#2084,#2085,#2086,#2087));
#6698=EDGE_LOOP('',(#2088,#2089,#2090,#2091));
#6699=EDGE_LOOP('',(#2092,#2093,#2094,#2095));
#6700=EDGE_LOOP('',(#2096,#2097,#2098,#2099));
#6701=EDGE_LOOP('',(#2100,#2101,#2102,#2103,#2104,#2105,#2106,#2107));
#6702=EDGE_LOOP('',(#2108,#2109,#2110,#2111,#2112,#2113,#2114,#2115));
#6703=EDGE_LOOP('',(#2116,#2117,#2118,#2119));
#6704=EDGE_LOOP('',(#2120,#2121,#2122,#2123));
#6705=EDGE_LOOP('',(#2124,#2125,#2126,#2127));
#6706=EDGE_LOOP('',(#2128,#2129,#2130,#2131));
#6707=EDGE_LOOP('',(#2132,#2133,#2134,#2135));
#6708=EDGE_LOOP('',(#2136,#2137,#2138,#2139));
#6709=EDGE_LOOP('',(#2140,#2141,#2142,#2143));
#6710=EDGE_LOOP('',(#2144,#2145,#2146,#2147,#2148,#2149,#2150,#2151));
#6711=EDGE_LOOP('',(#2152,#2153,#2154,#2155));
#6712=EDGE_LOOP('',(#2156,#2157,#2158,#2159));
#6713=EDGE_LOOP('',(#2160,#2161,#2162,#2163));
#6714=EDGE_LOOP('',(#2164,#2165,#2166,#2167));
#6715=EDGE_LOOP('',(#2168,#2169,#2170,#2171));
#6716=EDGE_LOOP('',(#2172,#2173,#2174,#2175));
#6717=EDGE_LOOP('',(#2176,#2177,#2178,#2179));
#6718=EDGE_LOOP('',(#2180,#2181,#2182,#2183,#2184,#2185));
#6719=EDGE_LOOP('',(#2186,#2187,#2188,#2189));
#6720=EDGE_LOOP('',(#2190,#2191,#2192,#2193));
#6721=EDGE_LOOP('',(#2194,#2195,#2196,#2197,#2198));
#6722=EDGE_LOOP('',(#2199,#2200,#2201,#2202));
#6723=EDGE_LOOP('',(#2203,#2204,#2205,#2206));
#6724=EDGE_LOOP('',(#2207,#2208,#2209,#2210,#2211,#2212));
#6725=EDGE_LOOP('',(#2213,#2214,#2215,#2216));
#6726=EDGE_LOOP('',(#2217,#2218,#2219,#2220));
#6727=EDGE_LOOP('',(#2221,#2222,#2223,#2224,#2225,#2226,#2227,#2228));
#6728=EDGE_LOOP('',(#2229,#2230,#2231,#2232));
#6729=EDGE_LOOP('',(#2233,#2234,#2235,#2236));
#6730=EDGE_LOOP('',(#2237,#2238,#2239,#2240));
#6731=EDGE_LOOP('',(#2241,#2242,#2243,#2244));
#6732=EDGE_LOOP('',(#2245,#2246,#2247,#2248));
#6733=EDGE_LOOP('',(#2249,#2250,#2251,#2252));
#6734=EDGE_LOOP('',(#2253,#2254,#2255,#2256));
#6735=EDGE_LOOP('',(#2257));
#6736=EDGE_LOOP('',(#2258));
#6737=EDGE_LOOP('',(#2259,#2260,#2261,#2262,#2263,#2264,#2265,#2266,#2267,
#2268));
#6738=EDGE_LOOP('',(#2269));
#6739=EDGE_LOOP('',(#2270));
#6740=EDGE_LOOP('',(#2271,#2272,#2273,#2274,#2275,#2276,#2277,#2278,#2279,
#2280));
#6741=EDGE_LOOP('',(#2281));
#6742=EDGE_LOOP('',(#2282));
#6743=EDGE_LOOP('',(#2283));
#6744=EDGE_LOOP('',(#2284));
#6745=EDGE_LOOP('',(#2285));
#6746=EDGE_LOOP('',(#2286));
#6747=EDGE_LOOP('',(#2287));
#6748=EDGE_LOOP('',(#2288));
#6749=EDGE_LOOP('',(#2289));
#6750=EDGE_LOOP('',(#2290,#2291,#2292,#2293));
#6751=EDGE_LOOP('',(#2294,#2295,#2296,#2297));
#6752=EDGE_LOOP('',(#2298,#2299,#2300,#2301));
#6753=EDGE_LOOP('',(#2302,#2303,#2304,#2305,#2306));
#6754=EDGE_LOOP('',(#2307,#2308,#2309,#2310,#2311,#2312,#2313,#2314));
#6755=EDGE_LOOP('',(#2315,#2316,#2317,#2318,#2319,#2320,#2321,#2322));
#6756=EDGE_LOOP('',(#2323,#2324,#2325,#2326,#2327,#2328,#2329,#2330));
#6757=EDGE_LOOP('',(#2331,#2332,#2333,#2334,#2335,#2336,#2337,#2338));
#6758=EDGE_LOOP('',(#2339,#2340,#2341,#2342,#2343,#2344,#2345,#2346));
#6759=EDGE_LOOP('',(#2347));
#6760=EDGE_LOOP('',(#2348));
#6761=EDGE_LOOP('',(#2349,#2350,#2351,#2352));
#6762=EDGE_LOOP('',(#2353,#2354,#2355,#2356));
#6763=EDGE_LOOP('',(#2357,#2358,#2359,#2360));
#6764=EDGE_LOOP('',(#2361,#2362,#2363,#2364));
#6765=EDGE_LOOP('',(#2365,#2366,#2367,#2368));
#6766=EDGE_LOOP('',(#2369,#2370,#2371,#2372));
#6767=EDGE_LOOP('',(#2373));
#6768=EDGE_LOOP('',(#2374,#2375,#2376,#2377));
#6769=EDGE_LOOP('',(#2378,#2379,#2380,#2381));
#6770=EDGE_LOOP('',(#2382,#2383,#2384,#2385));
#6771=EDGE_LOOP('',(#2386,#2387,#2388,#2389));
#6772=EDGE_LOOP('',(#2390,#2391,#2392,#2393));
#6773=EDGE_LOOP('',(#2394,#2395,#2396,#2397));
#6774=EDGE_LOOP('',(#2398,#2399,#2400,#2401));
#6775=EDGE_LOOP('',(#2402,#2403,#2404,#2405));
#6776=EDGE_LOOP('',(#2406,#2407,#2408,#2409,#2410,#2411,#2412,#2413));
#6777=EDGE_LOOP('',(#2414,#2415,#2416,#2417,#2418,#2419,#2420,#2421));
#6778=EDGE_LOOP('',(#2422,#2423,#2424,#2425));
#6779=EDGE_LOOP('',(#2426,#2427,#2428,#2429));
#6780=EDGE_LOOP('',(#2430,#2431,#2432,#2433));
#6781=EDGE_LOOP('',(#2434,#2435,#2436,#2437));
#6782=EDGE_LOOP('',(#2438,#2439,#2440,#2441));
#6783=EDGE_LOOP('',(#2442,#2443,#2444,#2445));
#6784=EDGE_LOOP('',(#2446,#2447,#2448,#2449));
#6785=EDGE_LOOP('',(#2450,#2451,#2452,#2453,#2454,#2455,#2456,#2457));
#6786=EDGE_LOOP('',(#2458,#2459,#2460,#2461));
#6787=EDGE_LOOP('',(#2462,#2463,#2464,#2465));
#6788=EDGE_LOOP('',(#2466,#2467,#2468,#2469));
#6789=EDGE_LOOP('',(#2470,#2471,#2472,#2473));
#6790=EDGE_LOOP('',(#2474,#2475,#2476,#2477));
#6791=EDGE_LOOP('',(#2478,#2479,#2480,#2481));
#6792=EDGE_LOOP('',(#2482,#2483,#2484,#2485));
#6793=EDGE_LOOP('',(#2486,#2487,#2488,#2489,#2490,#2491));
#6794=EDGE_LOOP('',(#2492,#2493,#2494,#2495));
#6795=EDGE_LOOP('',(#2496,#2497,#2498,#2499));
#6796=EDGE_LOOP('',(#2500,#2501,#2502,#2503,#2504));
#6797=EDGE_LOOP('',(#2505,#2506,#2507,#2508));
#6798=EDGE_LOOP('',(#2509,#2510,#2511,#2512));
#6799=EDGE_LOOP('',(#2513,#2514,#2515,#2516,#2517,#2518));
#6800=EDGE_LOOP('',(#2519,#2520,#2521,#2522));
#6801=EDGE_LOOP('',(#2523,#2524,#2525,#2526));
#6802=EDGE_LOOP('',(#2527,#2528,#2529,#2530,#2531,#2532,#2533,#2534));
#6803=EDGE_LOOP('',(#2535,#2536,#2537,#2538));
#6804=EDGE_LOOP('',(#2539,#2540,#2541,#2542));
#6805=EDGE_LOOP('',(#2543,#2544,#2545,#2546));
#6806=EDGE_LOOP('',(#2547,#2548,#2549,#2550));
#6807=EDGE_LOOP('',(#2551,#2552,#2553,#2554));
#6808=EDGE_LOOP('',(#2555,#2556,#2557,#2558));
#6809=EDGE_LOOP('',(#2559,#2560,#2561,#2562));
#6810=EDGE_LOOP('',(#2563));
#6811=EDGE_LOOP('',(#2564));
#6812=EDGE_LOOP('',(#2565,#2566,#2567,#2568,#2569,#2570,#2571,#2572,#2573,
#2574));
#6813=EDGE_LOOP('',(#2575));
#6814=EDGE_LOOP('',(#2576));
#6815=EDGE_LOOP('',(#2577,#2578,#2579,#2580,#2581,#2582,#2583,#2584,#2585,
#2586));
#6816=EDGE_LOOP('',(#2587));
#6817=EDGE_LOOP('',(#2588,#2589,#2590,#2591,#2592,#2593,#2594,#2595,#2596,
#2597,#2598,#2599,#2600,#2601,#2602,#2603,#2604,#2605,#2606,#2607,#2608,
#2609,#2610,#2611,#2612,#2613,#2614,#2615,#2616,#2617,#2618,#2619,#2620,
#2621,#2622,#2623,#2624,#2625,#2626,#2627));
#6818=EDGE_LOOP('',(#2628));
#6819=EDGE_LOOP('',(#2629,#2630,#2631,#2632,#2633,#2634,#2635,#2636,#2637,
#2638,#2639,#2640,#2641,#2642,#2643,#2644,#2645,#2646,#2647,#2648,#2649));
#6820=EDGE_LOOP('',(#2650,#2651,#2652,#2653));
#6821=EDGE_LOOP('',(#2654,#2655,#2656,#2657));
#6822=EDGE_LOOP('',(#2658,#2659,#2660,#2661));
#6823=EDGE_LOOP('',(#2662,#2663,#2664,#2665));
#6824=EDGE_LOOP('',(#2666,#2667,#2668,#2669));
#6825=EDGE_LOOP('',(#2670));
#6826=EDGE_LOOP('',(#2671,#2672,#2673,#2674));
#6827=EDGE_LOOP('',(#2675,#2676,#2677,#2678));
#6828=EDGE_LOOP('',(#2679,#2680,#2681,#2682));
#6829=EDGE_LOOP('',(#2683,#2684,#2685,#2686));
#6830=EDGE_LOOP('',(#2687,#2688,#2689,#2690));
#6831=EDGE_LOOP('',(#2691,#2692,#2693,#2694));
#6832=EDGE_LOOP('',(#2695,#2696,#2697,#2698));
#6833=EDGE_LOOP('',(#2699,#2700,#2701,#2702));
#6834=EDGE_LOOP('',(#2703,#2704,#2705,#2706,#2707,#2708,#2709,#2710));
#6835=EDGE_LOOP('',(#2711,#2712,#2713,#2714,#2715,#2716,#2717,#2718));
#6836=EDGE_LOOP('',(#2719,#2720,#2721,#2722));
#6837=EDGE_LOOP('',(#2723,#2724,#2725,#2726));
#6838=EDGE_LOOP('',(#2727,#2728,#2729,#2730));
#6839=EDGE_LOOP('',(#2731,#2732,#2733,#2734));
#6840=EDGE_LOOP('',(#2735,#2736,#2737,#2738));
#6841=EDGE_LOOP('',(#2739,#2740,#2741,#2742));
#6842=EDGE_LOOP('',(#2743,#2744,#2745,#2746));
#6843=EDGE_LOOP('',(#2747,#2748,#2749,#2750,#2751,#2752,#2753,#2754));
#6844=EDGE_LOOP('',(#2755,#2756,#2757,#2758));
#6845=EDGE_LOOP('',(#2759,#2760,#2761,#2762));
#6846=EDGE_LOOP('',(#2763,#2764,#2765,#2766));
#6847=EDGE_LOOP('',(#2767,#2768,#2769,#2770));
#6848=EDGE_LOOP('',(#2771,#2772,#2773,#2774));
#6849=EDGE_LOOP('',(#2775,#2776,#2777,#2778));
#6850=EDGE_LOOP('',(#2779,#2780,#2781,#2782));
#6851=EDGE_LOOP('',(#2783,#2784,#2785,#2786,#2787,#2788));
#6852=EDGE_LOOP('',(#2789,#2790,#2791,#2792));
#6853=EDGE_LOOP('',(#2793,#2794,#2795,#2796));
#6854=EDGE_LOOP('',(#2797,#2798,#2799,#2800,#2801));
#6855=EDGE_LOOP('',(#2802,#2803,#2804,#2805));
#6856=EDGE_LOOP('',(#2806,#2807,#2808,#2809));
#6857=EDGE_LOOP('',(#2810,#2811,#2812,#2813,#2814,#2815));
#6858=EDGE_LOOP('',(#2816,#2817,#2818,#2819));
#6859=EDGE_LOOP('',(#2820,#2821,#2822,#2823));
#6860=EDGE_LOOP('',(#2824,#2825,#2826,#2827,#2828,#2829,#2830,#2831));
#6861=EDGE_LOOP('',(#2832,#2833,#2834,#2835));
#6862=EDGE_LOOP('',(#2836,#2837,#2838,#2839));
#6863=EDGE_LOOP('',(#2840,#2841,#2842,#2843));
#6864=EDGE_LOOP('',(#2844,#2845,#2846,#2847));
#6865=EDGE_LOOP('',(#2848,#2849,#2850,#2851));
#6866=EDGE_LOOP('',(#2852,#2853,#2854,#2855));
#6867=EDGE_LOOP('',(#2856,#2857,#2858,#2859));
#6868=EDGE_LOOP('',(#2860));
#6869=EDGE_LOOP('',(#2861));
#6870=EDGE_LOOP('',(#2862,#2863,#2864,#2865,#2866,#2867,#2868,#2869,#2870,
#2871));
#6871=EDGE_LOOP('',(#2872));
#6872=EDGE_LOOP('',(#2873));
#6873=EDGE_LOOP('',(#2874,#2875,#2876,#2877,#2878,#2879,#2880,#2881,#2882,
#2883));
#6874=EDGE_LOOP('',(#2884));
#6875=EDGE_LOOP('',(#2885));
#6876=EDGE_LOOP('',(#2886));
#6877=EDGE_LOOP('',(#2887));
#6878=EDGE_LOOP('',(#2888));
#6879=EDGE_LOOP('',(#2889));
#6880=EDGE_LOOP('',(#2890));
#6881=EDGE_LOOP('',(#2891));
#6882=EDGE_LOOP('',(#2892));
#6883=EDGE_LOOP('',(#2893));
#6884=EDGE_LOOP('',(#2894));
#6885=EDGE_LOOP('',(#2895));
#6886=EDGE_LOOP('',(#2896));
#6887=EDGE_LOOP('',(#2897));
#6888=EDGE_LOOP('',(#2898));
#6889=EDGE_LOOP('',(#2899));
#6890=EDGE_LOOP('',(#2900));
#6891=EDGE_LOOP('',(#2901));
#6892=EDGE_LOOP('',(#2902));
#6893=EDGE_LOOP('',(#2903));
#6894=EDGE_LOOP('',(#2904));
#6895=EDGE_LOOP('',(#2905));
#6896=EDGE_LOOP('',(#2906));
#6897=EDGE_LOOP('',(#2907));
#6898=FACE_BOUND('',#6306,.T.);
#6899=FACE_BOUND('',#6307,.T.);
#6900=FACE_BOUND('',#6308,.T.);
#6901=FACE_BOUND('',#6309,.T.);
#6902=FACE_BOUND('',#6310,.T.);
#6903=FACE_BOUND('',#6311,.T.);
#6904=FACE_BOUND('',#6312,.T.);
#6905=FACE_BOUND('',#6313,.T.);
#6906=FACE_BOUND('',#6314,.T.);
#6907=FACE_BOUND('',#6315,.T.);
#6908=FACE_BOUND('',#6316,.T.);
#6909=FACE_BOUND('',#6317,.T.);
#6910=FACE_BOUND('',#6318,.T.);
#6911=FACE_BOUND('',#6319,.T.);
#6912=FACE_BOUND('',#6320,.T.);
#6913=FACE_BOUND('',#6321,.T.);
#6914=FACE_BOUND('',#6322,.T.);
#6915=FACE_BOUND('',#6323,.T.);
#6916=FACE_BOUND('',#6324,.T.);
#6917=FACE_BOUND('',#6325,.T.);
#6918=FACE_BOUND('',#6326,.T.);
#6919=FACE_BOUND('',#6327,.T.);
#6920=FACE_BOUND('',#6328,.T.);
#6921=FACE_BOUND('',#6329,.T.);
#6922=FACE_BOUND('',#6330,.T.);
#6923=FACE_BOUND('',#6331,.T.);
#6924=FACE_BOUND('',#6332,.T.);
#6925=FACE_BOUND('',#6333,.T.);
#6926=FACE_BOUND('',#6334,.T.);
#6927=FACE_BOUND('',#6335,.T.);
#6928=FACE_BOUND('',#6336,.T.);
#6929=FACE_BOUND('',#6337,.T.);
#6930=FACE_BOUND('',#6338,.T.);
#6931=FACE_BOUND('',#6339,.T.);
#6932=FACE_BOUND('',#6340,.T.);
#6933=FACE_BOUND('',#6341,.T.);
#6934=FACE_BOUND('',#6342,.T.);
#6935=FACE_BOUND('',#6343,.T.);
#6936=FACE_BOUND('',#6344,.T.);
#6937=FACE_BOUND('',#6345,.T.);
#6938=FACE_BOUND('',#6346,.T.);
#6939=FACE_BOUND('',#6347,.T.);
#6940=FACE_BOUND('',#6348,.T.);
#6941=FACE_BOUND('',#6349,.T.);
#6942=FACE_BOUND('',#6350,.T.);
#6943=FACE_BOUND('',#6351,.T.);
#6944=FACE_BOUND('',#6352,.T.);
#6945=FACE_BOUND('',#6353,.T.);
#6946=FACE_BOUND('',#6354,.T.);
#6947=FACE_BOUND('',#6355,.T.);
#6948=FACE_BOUND('',#6356,.T.);
#6949=FACE_BOUND('',#6357,.T.);
#6950=FACE_BOUND('',#6358,.T.);
#6951=FACE_BOUND('',#6359,.T.);
#6952=FACE_BOUND('',#6360,.T.);
#6953=FACE_BOUND('',#6361,.T.);
#6954=FACE_BOUND('',#6362,.T.);
#6955=FACE_BOUND('',#6363,.T.);
#6956=FACE_BOUND('',#6364,.T.);
#6957=FACE_BOUND('',#6365,.T.);
#6958=FACE_BOUND('',#6366,.T.);
#6959=FACE_BOUND('',#6367,.T.);
#6960=FACE_BOUND('',#6368,.T.);
#6961=FACE_BOUND('',#6369,.T.);
#6962=FACE_BOUND('',#6370,.T.);
#6963=FACE_BOUND('',#6371,.T.);
#6964=FACE_BOUND('',#6372,.T.);
#6965=FACE_BOUND('',#6373,.T.);
#6966=FACE_BOUND('',#6374,.T.);
#6967=FACE_BOUND('',#6375,.T.);
#6968=FACE_BOUND('',#6376,.T.);
#6969=FACE_BOUND('',#6377,.T.);
#6970=FACE_BOUND('',#6378,.T.);
#6971=FACE_BOUND('',#6379,.T.);
#6972=FACE_BOUND('',#6380,.T.);
#6973=FACE_BOUND('',#6381,.T.);
#6974=FACE_BOUND('',#6382,.T.);
#6975=FACE_BOUND('',#6383,.T.);
#6976=FACE_BOUND('',#6384,.T.);
#6977=FACE_BOUND('',#6385,.T.);
#6978=FACE_BOUND('',#6386,.T.);
#6979=FACE_BOUND('',#6387,.T.);
#6980=FACE_BOUND('',#6388,.T.);
#6981=FACE_BOUND('',#6389,.T.);
#6982=FACE_BOUND('',#6390,.T.);
#6983=FACE_BOUND('',#6391,.T.);
#6984=FACE_BOUND('',#6392,.T.);
#6985=FACE_BOUND('',#6393,.T.);
#6986=FACE_BOUND('',#6394,.T.);
#6987=FACE_BOUND('',#6395,.T.);
#6988=FACE_BOUND('',#6396,.T.);
#6989=FACE_BOUND('',#6397,.T.);
#6990=FACE_BOUND('',#6398,.T.);
#6991=FACE_BOUND('',#6399,.T.);
#6992=FACE_BOUND('',#6400,.T.);
#6993=FACE_BOUND('',#6401,.T.);
#6994=FACE_BOUND('',#6402,.T.);
#6995=FACE_BOUND('',#6403,.T.);
#6996=FACE_BOUND('',#6404,.T.);
#6997=FACE_BOUND('',#6405,.T.);
#6998=FACE_BOUND('',#6406,.T.);
#6999=FACE_BOUND('',#6407,.T.);
#7000=FACE_BOUND('',#6408,.T.);
#7001=FACE_BOUND('',#6409,.T.);
#7002=FACE_BOUND('',#6410,.T.);
#7003=FACE_BOUND('',#6411,.T.);
#7004=FACE_BOUND('',#6412,.T.);
#7005=FACE_BOUND('',#6413,.T.);
#7006=FACE_BOUND('',#6414,.T.);
#7007=FACE_BOUND('',#6415,.T.);
#7008=FACE_BOUND('',#6416,.T.);
#7009=FACE_BOUND('',#6417,.T.);
#7010=FACE_BOUND('',#6418,.T.);
#7011=FACE_BOUND('',#6419,.T.);
#7012=FACE_BOUND('',#6420,.T.);
#7013=FACE_BOUND('',#6421,.T.);
#7014=FACE_BOUND('',#6422,.T.);
#7015=FACE_BOUND('',#6423,.T.);
#7016=FACE_BOUND('',#6424,.T.);
#7017=FACE_BOUND('',#6425,.T.);
#7018=FACE_BOUND('',#6426,.T.);
#7019=FACE_BOUND('',#6427,.T.);
#7020=FACE_BOUND('',#6428,.T.);
#7021=FACE_BOUND('',#6429,.T.);
#7022=FACE_BOUND('',#6430,.T.);
#7023=FACE_BOUND('',#6431,.T.);
#7024=FACE_BOUND('',#6432,.T.);
#7025=FACE_BOUND('',#6433,.T.);
#7026=FACE_BOUND('',#6434,.T.);
#7027=FACE_BOUND('',#6435,.T.);
#7028=FACE_BOUND('',#6436,.T.);
#7029=FACE_BOUND('',#6437,.T.);
#7030=FACE_BOUND('',#6438,.T.);
#7031=FACE_BOUND('',#6439,.T.);
#7032=FACE_BOUND('',#6440,.T.);
#7033=FACE_BOUND('',#6441,.T.);
#7034=FACE_BOUND('',#6442,.T.);
#7035=FACE_BOUND('',#6443,.T.);
#7036=FACE_BOUND('',#6444,.T.);
#7037=FACE_BOUND('',#6445,.T.);
#7038=FACE_BOUND('',#6446,.T.);
#7039=FACE_BOUND('',#6447,.T.);
#7040=FACE_BOUND('',#6448,.T.);
#7041=FACE_BOUND('',#6449,.T.);
#7042=FACE_BOUND('',#6450,.T.);
#7043=FACE_BOUND('',#6451,.T.);
#7044=FACE_BOUND('',#6452,.T.);
#7045=FACE_BOUND('',#6453,.T.);
#7046=FACE_BOUND('',#6454,.T.);
#7047=FACE_BOUND('',#6455,.T.);
#7048=FACE_BOUND('',#6456,.T.);
#7049=FACE_BOUND('',#6457,.T.);
#7050=FACE_BOUND('',#6458,.T.);
#7051=FACE_BOUND('',#6459,.T.);
#7052=FACE_BOUND('',#6460,.T.);
#7053=FACE_BOUND('',#6461,.T.);
#7054=FACE_BOUND('',#6462,.T.);
#7055=FACE_BOUND('',#6463,.T.);
#7056=FACE_BOUND('',#6464,.T.);
#7057=FACE_BOUND('',#6465,.T.);
#7058=FACE_BOUND('',#6466,.T.);
#7059=FACE_BOUND('',#6467,.T.);
#7060=FACE_BOUND('',#6468,.T.);
#7061=FACE_BOUND('',#6469,.T.);
#7062=FACE_BOUND('',#6470,.T.);
#7063=FACE_BOUND('',#6471,.T.);
#7064=FACE_BOUND('',#6472,.T.);
#7065=FACE_BOUND('',#6473,.T.);
#7066=FACE_BOUND('',#6474,.T.);
#7067=FACE_BOUND('',#6475,.T.);
#7068=FACE_BOUND('',#6476,.T.);
#7069=FACE_BOUND('',#6477,.T.);
#7070=FACE_BOUND('',#6478,.T.);
#7071=FACE_BOUND('',#6479,.T.);
#7072=FACE_BOUND('',#6480,.T.);
#7073=FACE_BOUND('',#6481,.T.);
#7074=FACE_BOUND('',#6482,.T.);
#7075=FACE_BOUND('',#6483,.T.);
#7076=FACE_BOUND('',#6484,.T.);
#7077=FACE_BOUND('',#6485,.T.);
#7078=FACE_BOUND('',#6486,.T.);
#7079=FACE_BOUND('',#6487,.T.);
#7080=FACE_BOUND('',#6488,.T.);
#7081=FACE_BOUND('',#6489,.T.);
#7082=FACE_BOUND('',#6490,.T.);
#7083=FACE_BOUND('',#6491,.T.);
#7084=FACE_BOUND('',#6492,.T.);
#7085=FACE_BOUND('',#6493,.T.);
#7086=FACE_BOUND('',#6494,.T.);
#7087=FACE_BOUND('',#6495,.T.);
#7088=FACE_BOUND('',#6496,.T.);
#7089=FACE_BOUND('',#6497,.T.);
#7090=FACE_BOUND('',#6498,.T.);
#7091=FACE_BOUND('',#6499,.T.);
#7092=FACE_BOUND('',#6500,.T.);
#7093=FACE_BOUND('',#6501,.T.);
#7094=FACE_BOUND('',#6502,.T.);
#7095=FACE_BOUND('',#6503,.T.);
#7096=FACE_BOUND('',#6504,.T.);
#7097=FACE_BOUND('',#6505,.T.);
#7098=FACE_BOUND('',#6506,.T.);
#7099=FACE_BOUND('',#6507,.T.);
#7100=FACE_BOUND('',#6508,.T.);
#7101=FACE_BOUND('',#6509,.T.);
#7102=FACE_BOUND('',#6510,.T.);
#7103=FACE_BOUND('',#6511,.T.);
#7104=FACE_BOUND('',#6512,.T.);
#7105=FACE_BOUND('',#6513,.T.);
#7106=FACE_BOUND('',#6514,.T.);
#7107=FACE_BOUND('',#6515,.T.);
#7108=FACE_BOUND('',#6516,.T.);
#7109=FACE_BOUND('',#6517,.T.);
#7110=FACE_BOUND('',#6518,.T.);
#7111=FACE_BOUND('',#6519,.T.);
#7112=FACE_BOUND('',#6520,.T.);
#7113=FACE_BOUND('',#6521,.T.);
#7114=FACE_BOUND('',#6522,.T.);
#7115=FACE_BOUND('',#6523,.T.);
#7116=FACE_BOUND('',#6524,.T.);
#7117=FACE_BOUND('',#6525,.T.);
#7118=FACE_BOUND('',#6526,.T.);
#7119=FACE_BOUND('',#6527,.T.);
#7120=FACE_BOUND('',#6528,.T.);
#7121=FACE_BOUND('',#6529,.T.);
#7122=FACE_BOUND('',#6530,.T.);
#7123=FACE_BOUND('',#6531,.T.);
#7124=FACE_BOUND('',#6532,.T.);
#7125=FACE_BOUND('',#6533,.T.);
#7126=FACE_BOUND('',#6534,.T.);
#7127=FACE_BOUND('',#6535,.T.);
#7128=FACE_BOUND('',#6536,.T.);
#7129=FACE_BOUND('',#6537,.T.);
#7130=FACE_BOUND('',#6538,.T.);
#7131=FACE_BOUND('',#6539,.T.);
#7132=FACE_BOUND('',#6540,.T.);
#7133=FACE_BOUND('',#6541,.T.);
#7134=FACE_BOUND('',#6542,.T.);
#7135=FACE_BOUND('',#6543,.T.);
#7136=FACE_BOUND('',#6544,.T.);
#7137=FACE_BOUND('',#6545,.T.);
#7138=FACE_BOUND('',#6546,.T.);
#7139=FACE_BOUND('',#6547,.T.);
#7140=FACE_BOUND('',#6548,.T.);
#7141=FACE_BOUND('',#6549,.T.);
#7142=FACE_BOUND('',#6550,.T.);
#7143=FACE_BOUND('',#6551,.T.);
#7144=FACE_BOUND('',#6552,.T.);
#7145=FACE_BOUND('',#6553,.T.);
#7146=FACE_BOUND('',#6554,.T.);
#7147=FACE_BOUND('',#6555,.T.);
#7148=FACE_BOUND('',#6556,.T.);
#7149=FACE_BOUND('',#6557,.T.);
#7150=FACE_BOUND('',#6558,.T.);
#7151=FACE_BOUND('',#6559,.T.);
#7152=FACE_BOUND('',#6560,.T.);
#7153=FACE_BOUND('',#6561,.T.);
#7154=FACE_BOUND('',#6562,.T.);
#7155=FACE_BOUND('',#6563,.T.);
#7156=FACE_BOUND('',#6564,.T.);
#7157=FACE_BOUND('',#6565,.T.);
#7158=FACE_BOUND('',#6566,.T.);
#7159=FACE_BOUND('',#6567,.T.);
#7160=FACE_BOUND('',#6568,.T.);
#7161=FACE_BOUND('',#6569,.T.);
#7162=FACE_BOUND('',#6570,.T.);
#7163=FACE_BOUND('',#6571,.T.);
#7164=FACE_BOUND('',#6572,.T.);
#7165=FACE_BOUND('',#6573,.T.);
#7166=FACE_BOUND('',#6574,.T.);
#7167=FACE_BOUND('',#6575,.T.);
#7168=FACE_BOUND('',#6576,.T.);
#7169=FACE_BOUND('',#6577,.T.);
#7170=FACE_BOUND('',#6578,.T.);
#7171=FACE_BOUND('',#6579,.T.);
#7172=FACE_BOUND('',#6580,.T.);
#7173=FACE_BOUND('',#6581,.T.);
#7174=FACE_BOUND('',#6582,.T.);
#7175=FACE_BOUND('',#6583,.T.);
#7176=FACE_BOUND('',#6584,.T.);
#7177=FACE_BOUND('',#6585,.T.);
#7178=FACE_BOUND('',#6586,.T.);
#7179=FACE_BOUND('',#6587,.T.);
#7180=FACE_BOUND('',#6588,.T.);
#7181=FACE_BOUND('',#6589,.T.);
#7182=FACE_BOUND('',#6590,.T.);
#7183=FACE_BOUND('',#6591,.T.);
#7184=FACE_BOUND('',#6592,.T.);
#7185=FACE_BOUND('',#6593,.T.);
#7186=FACE_BOUND('',#6594,.T.);
#7187=FACE_BOUND('',#6595,.T.);
#7188=FACE_BOUND('',#6596,.T.);
#7189=FACE_BOUND('',#6597,.T.);
#7190=FACE_BOUND('',#6598,.T.);
#7191=FACE_BOUND('',#6599,.T.);
#7192=FACE_BOUND('',#6600,.T.);
#7193=FACE_BOUND('',#6601,.T.);
#7194=FACE_BOUND('',#6602,.T.);
#7195=FACE_BOUND('',#6603,.T.);
#7196=FACE_BOUND('',#6604,.T.);
#7197=FACE_BOUND('',#6605,.T.);
#7198=FACE_BOUND('',#6606,.T.);
#7199=FACE_BOUND('',#6607,.T.);
#7200=FACE_BOUND('',#6608,.T.);
#7201=FACE_BOUND('',#6609,.T.);
#7202=FACE_BOUND('',#6610,.T.);
#7203=FACE_BOUND('',#6611,.T.);
#7204=FACE_BOUND('',#6612,.T.);
#7205=FACE_BOUND('',#6613,.T.);
#7206=FACE_BOUND('',#6614,.T.);
#7207=FACE_BOUND('',#6615,.T.);
#7208=FACE_BOUND('',#6616,.T.);
#7209=FACE_BOUND('',#6617,.T.);
#7210=FACE_BOUND('',#6618,.T.);
#7211=FACE_BOUND('',#6619,.T.);
#7212=FACE_BOUND('',#6620,.T.);
#7213=FACE_BOUND('',#6621,.T.);
#7214=FACE_BOUND('',#6622,.T.);
#7215=FACE_BOUND('',#6623,.T.);
#7216=FACE_BOUND('',#6624,.T.);
#7217=FACE_BOUND('',#6625,.T.);
#7218=FACE_BOUND('',#6626,.T.);
#7219=FACE_BOUND('',#6627,.T.);
#7220=FACE_BOUND('',#6628,.T.);
#7221=FACE_BOUND('',#6629,.T.);
#7222=FACE_BOUND('',#6630,.T.);
#7223=FACE_BOUND('',#6631,.T.);
#7224=FACE_BOUND('',#6632,.T.);
#7225=FACE_BOUND('',#6633,.T.);
#7226=FACE_BOUND('',#6634,.T.);
#7227=FACE_BOUND('',#6635,.T.);
#7228=FACE_BOUND('',#6636,.T.);
#7229=FACE_BOUND('',#6637,.T.);
#7230=FACE_BOUND('',#6638,.T.);
#7231=FACE_BOUND('',#6639,.T.);
#7232=FACE_BOUND('',#6640,.T.);
#7233=FACE_BOUND('',#6641,.T.);
#7234=FACE_BOUND('',#6642,.T.);
#7235=FACE_BOUND('',#6643,.T.);
#7236=FACE_BOUND('',#6644,.T.);
#7237=FACE_BOUND('',#6645,.T.);
#7238=FACE_BOUND('',#6646,.T.);
#7239=FACE_BOUND('',#6647,.T.);
#7240=FACE_BOUND('',#6648,.T.);
#7241=FACE_BOUND('',#6649,.T.);
#7242=FACE_BOUND('',#6650,.T.);
#7243=FACE_BOUND('',#6651,.T.);
#7244=FACE_BOUND('',#6652,.T.);
#7245=FACE_BOUND('',#6653,.T.);
#7246=FACE_BOUND('',#6654,.T.);
#7247=FACE_BOUND('',#6655,.T.);
#7248=FACE_BOUND('',#6656,.T.);
#7249=FACE_BOUND('',#6657,.T.);
#7250=FACE_BOUND('',#6658,.T.);
#7251=FACE_BOUND('',#6659,.T.);
#7252=FACE_BOUND('',#6660,.T.);
#7253=FACE_BOUND('',#6661,.T.);
#7254=FACE_BOUND('',#6662,.T.);
#7255=FACE_BOUND('',#6663,.T.);
#7256=FACE_BOUND('',#6664,.T.);
#7257=FACE_BOUND('',#6665,.T.);
#7258=FACE_BOUND('',#6666,.T.);
#7259=FACE_BOUND('',#6667,.T.);
#7260=FACE_BOUND('',#6668,.T.);
#7261=FACE_BOUND('',#6669,.T.);
#7262=FACE_BOUND('',#6670,.T.);
#7263=FACE_BOUND('',#6671,.T.);
#7264=FACE_BOUND('',#6672,.T.);
#7265=FACE_BOUND('',#6673,.T.);
#7266=FACE_BOUND('',#6674,.T.);
#7267=FACE_BOUND('',#6675,.T.);
#7268=FACE_BOUND('',#6676,.T.);
#7269=FACE_BOUND('',#6677,.T.);
#7270=FACE_BOUND('',#6678,.T.);
#7271=FACE_BOUND('',#6679,.T.);
#7272=FACE_BOUND('',#6680,.T.);
#7273=FACE_BOUND('',#6681,.T.);
#7274=FACE_BOUND('',#6682,.T.);
#7275=FACE_BOUND('',#6683,.T.);
#7276=FACE_BOUND('',#6684,.T.);
#7277=FACE_BOUND('',#6685,.T.);
#7278=FACE_BOUND('',#6686,.T.);
#7279=FACE_BOUND('',#6687,.T.);
#7280=FACE_BOUND('',#6688,.T.);
#7281=FACE_BOUND('',#6689,.T.);
#7282=FACE_BOUND('',#6690,.T.);
#7283=FACE_BOUND('',#6691,.T.);
#7284=FACE_BOUND('',#6692,.T.);
#7285=FACE_BOUND('',#6693,.T.);
#7286=FACE_BOUND('',#6694,.T.);
#7287=FACE_BOUND('',#6695,.T.);
#7288=FACE_BOUND('',#6696,.T.);
#7289=FACE_BOUND('',#6697,.T.);
#7290=FACE_BOUND('',#6698,.T.);
#7291=FACE_BOUND('',#6699,.T.);
#7292=FACE_BOUND('',#6700,.T.);
#7293=FACE_BOUND('',#6701,.T.);
#7294=FACE_BOUND('',#6702,.T.);
#7295=FACE_BOUND('',#6703,.T.);
#7296=FACE_BOUND('',#6704,.T.);
#7297=FACE_BOUND('',#6705,.T.);
#7298=FACE_BOUND('',#6706,.T.);
#7299=FACE_BOUND('',#6707,.T.);
#7300=FACE_BOUND('',#6708,.T.);
#7301=FACE_BOUND('',#6709,.T.);
#7302=FACE_BOUND('',#6710,.T.);
#7303=FACE_BOUND('',#6711,.T.);
#7304=FACE_BOUND('',#6712,.T.);
#7305=FACE_BOUND('',#6713,.T.);
#7306=FACE_BOUND('',#6714,.T.);
#7307=FACE_BOUND('',#6715,.T.);
#7308=FACE_BOUND('',#6716,.T.);
#7309=FACE_BOUND('',#6717,.T.);
#7310=FACE_BOUND('',#6718,.T.);
#7311=FACE_BOUND('',#6719,.T.);
#7312=FACE_BOUND('',#6720,.T.);
#7313=FACE_BOUND('',#6721,.T.);
#7314=FACE_BOUND('',#6722,.T.);
#7315=FACE_BOUND('',#6723,.T.);
#7316=FACE_BOUND('',#6724,.T.);
#7317=FACE_BOUND('',#6725,.T.);
#7318=FACE_BOUND('',#6726,.T.);
#7319=FACE_BOUND('',#6727,.T.);
#7320=FACE_BOUND('',#6728,.T.);
#7321=FACE_BOUND('',#6729,.T.);
#7322=FACE_BOUND('',#6730,.T.);
#7323=FACE_BOUND('',#6731,.T.);
#7324=FACE_BOUND('',#6732,.T.);
#7325=FACE_BOUND('',#6733,.T.);
#7326=FACE_BOUND('',#6734,.T.);
#7327=FACE_BOUND('',#6735,.T.);
#7328=FACE_BOUND('',#6736,.T.);
#7329=FACE_BOUND('',#6737,.T.);
#7330=FACE_BOUND('',#6738,.T.);
#7331=FACE_BOUND('',#6739,.T.);
#7332=FACE_BOUND('',#6740,.T.);
#7333=FACE_BOUND('',#6741,.T.);
#7334=FACE_BOUND('',#6742,.T.);
#7335=FACE_BOUND('',#6743,.T.);
#7336=FACE_BOUND('',#6744,.T.);
#7337=FACE_BOUND('',#6745,.T.);
#7338=FACE_BOUND('',#6746,.T.);
#7339=FACE_BOUND('',#6747,.T.);
#7340=FACE_BOUND('',#6748,.T.);
#7341=FACE_BOUND('',#6749,.T.);
#7342=FACE_BOUND('',#6750,.T.);
#7343=FACE_BOUND('',#6751,.T.);
#7344=FACE_BOUND('',#6752,.T.);
#7345=FACE_BOUND('',#6753,.T.);
#7346=FACE_BOUND('',#6754,.T.);
#7347=FACE_BOUND('',#6755,.T.);
#7348=FACE_BOUND('',#6756,.T.);
#7349=FACE_BOUND('',#6757,.T.);
#7350=FACE_BOUND('',#6758,.T.);
#7351=FACE_BOUND('',#6759,.T.);
#7352=FACE_BOUND('',#6760,.T.);
#7353=FACE_BOUND('',#6761,.T.);
#7354=FACE_BOUND('',#6762,.T.);
#7355=FACE_BOUND('',#6763,.T.);
#7356=FACE_BOUND('',#6764,.T.);
#7357=FACE_BOUND('',#6765,.T.);
#7358=FACE_BOUND('',#6766,.T.);
#7359=FACE_BOUND('',#6767,.T.);
#7360=FACE_BOUND('',#6768,.T.);
#7361=FACE_BOUND('',#6769,.T.);
#7362=FACE_BOUND('',#6770,.T.);
#7363=FACE_BOUND('',#6771,.T.);
#7364=FACE_BOUND('',#6772,.T.);
#7365=FACE_BOUND('',#6773,.T.);
#7366=FACE_BOUND('',#6774,.T.);
#7367=FACE_BOUND('',#6775,.T.);
#7368=FACE_BOUND('',#6776,.T.);
#7369=FACE_BOUND('',#6777,.T.);
#7370=FACE_BOUND('',#6778,.T.);
#7371=FACE_BOUND('',#6779,.T.);
#7372=FACE_BOUND('',#6780,.T.);
#7373=FACE_BOUND('',#6781,.T.);
#7374=FACE_BOUND('',#6782,.T.);
#7375=FACE_BOUND('',#6783,.T.);
#7376=FACE_BOUND('',#6784,.T.);
#7377=FACE_BOUND('',#6785,.T.);
#7378=FACE_BOUND('',#6786,.T.);
#7379=FACE_BOUND('',#6787,.T.);
#7380=FACE_BOUND('',#6788,.T.);
#7381=FACE_BOUND('',#6789,.T.);
#7382=FACE_BOUND('',#6790,.T.);
#7383=FACE_BOUND('',#6791,.T.);
#7384=FACE_BOUND('',#6792,.T.);
#7385=FACE_BOUND('',#6793,.T.);
#7386=FACE_BOUND('',#6794,.T.);
#7387=FACE_BOUND('',#6795,.T.);
#7388=FACE_BOUND('',#6796,.T.);
#7389=FACE_BOUND('',#6797,.T.);
#7390=FACE_BOUND('',#6798,.T.);
#7391=FACE_BOUND('',#6799,.T.);
#7392=FACE_BOUND('',#6800,.T.);
#7393=FACE_BOUND('',#6801,.T.);
#7394=FACE_BOUND('',#6802,.T.);
#7395=FACE_BOUND('',#6803,.T.);
#7396=FACE_BOUND('',#6804,.T.);
#7397=FACE_BOUND('',#6805,.T.);
#7398=FACE_BOUND('',#6806,.T.);
#7399=FACE_BOUND('',#6807,.T.);
#7400=FACE_BOUND('',#6808,.T.);
#7401=FACE_BOUND('',#6809,.T.);
#7402=FACE_BOUND('',#6810,.T.);
#7403=FACE_BOUND('',#6811,.T.);
#7404=FACE_BOUND('',#6812,.T.);
#7405=FACE_BOUND('',#6813,.T.);
#7406=FACE_BOUND('',#6814,.T.);
#7407=FACE_BOUND('',#6815,.T.);
#7408=FACE_BOUND('',#6816,.T.);
#7409=FACE_BOUND('',#6817,.T.);
#7410=FACE_BOUND('',#6818,.T.);
#7411=FACE_BOUND('',#6819,.T.);
#7412=FACE_BOUND('',#6820,.T.);
#7413=FACE_BOUND('',#6821,.T.);
#7414=FACE_BOUND('',#6822,.T.);
#7415=FACE_BOUND('',#6823,.T.);
#7416=FACE_BOUND('',#6824,.T.);
#7417=FACE_BOUND('',#6825,.T.);
#7418=FACE_BOUND('',#6826,.T.);
#7419=FACE_BOUND('',#6827,.T.);
#7420=FACE_BOUND('',#6828,.T.);
#7421=FACE_BOUND('',#6829,.T.);
#7422=FACE_BOUND('',#6830,.T.);
#7423=FACE_BOUND('',#6831,.T.);
#7424=FACE_BOUND('',#6832,.T.);
#7425=FACE_BOUND('',#6833,.T.);
#7426=FACE_BOUND('',#6834,.T.);
#7427=FACE_BOUND('',#6835,.T.);
#7428=FACE_BOUND('',#6836,.T.);
#7429=FACE_BOUND('',#6837,.T.);
#7430=FACE_BOUND('',#6838,.T.);
#7431=FACE_BOUND('',#6839,.T.);
#7432=FACE_BOUND('',#6840,.T.);
#7433=FACE_BOUND('',#6841,.T.);
#7434=FACE_BOUND('',#6842,.T.);
#7435=FACE_BOUND('',#6843,.T.);
#7436=FACE_BOUND('',#6844,.T.);
#7437=FACE_BOUND('',#6845,.T.);
#7438=FACE_BOUND('',#6846,.T.);
#7439=FACE_BOUND('',#6847,.T.);
#7440=FACE_BOUND('',#6848,.T.);
#7441=FACE_BOUND('',#6849,.T.);
#7442=FACE_BOUND('',#6850,.T.);
#7443=FACE_BOUND('',#6851,.T.);
#7444=FACE_BOUND('',#6852,.T.);
#7445=FACE_BOUND('',#6853,.T.);
#7446=FACE_BOUND('',#6854,.T.);
#7447=FACE_BOUND('',#6855,.T.);
#7448=FACE_BOUND('',#6856,.T.);
#7449=FACE_BOUND('',#6857,.T.);
#7450=FACE_BOUND('',#6858,.T.);
#7451=FACE_BOUND('',#6859,.T.);
#7452=FACE_BOUND('',#6860,.T.);
#7453=FACE_BOUND('',#6861,.T.);
#7454=FACE_BOUND('',#6862,.T.);
#7455=FACE_BOUND('',#6863,.T.);
#7456=FACE_BOUND('',#6864,.T.);
#7457=FACE_BOUND('',#6865,.T.);
#7458=FACE_BOUND('',#6866,.T.);
#7459=FACE_BOUND('',#6867,.T.);
#7460=FACE_BOUND('',#6868,.T.);
#7461=FACE_BOUND('',#6869,.T.);
#7462=FACE_BOUND('',#6870,.T.);
#7463=FACE_BOUND('',#6871,.T.);
#7464=FACE_BOUND('',#6872,.T.);
#7465=FACE_BOUND('',#6873,.T.);
#7466=FACE_BOUND('',#6874,.T.);
#7467=FACE_BOUND('',#6875,.T.);
#7468=FACE_BOUND('',#6876,.T.);
#7469=FACE_BOUND('',#6877,.T.);
#7470=FACE_BOUND('',#6878,.T.);
#7471=FACE_BOUND('',#6879,.T.);
#7472=FACE_BOUND('',#6880,.T.);
#7473=FACE_BOUND('',#6881,.T.);
#7474=FACE_BOUND('',#6882,.T.);
#7475=FACE_BOUND('',#6883,.T.);
#7476=FACE_BOUND('',#6884,.T.);
#7477=FACE_BOUND('',#6885,.T.);
#7478=FACE_BOUND('',#6886,.T.);
#7479=FACE_BOUND('',#6887,.T.);
#7480=FACE_BOUND('',#6888,.T.);
#7481=FACE_BOUND('',#6889,.T.);
#7482=FACE_BOUND('',#6890,.T.);
#7483=FACE_BOUND('',#6891,.T.);
#7484=FACE_BOUND('',#6892,.T.);
#7485=FACE_BOUND('',#6893,.T.);
#7486=FACE_BOUND('',#6894,.T.);
#7487=FACE_BOUND('',#6895,.T.);
#7488=FACE_BOUND('',#6896,.T.);
#7489=FACE_BOUND('',#6897,.T.);
#7490=PLANE('',#8449);
#7491=PLANE('',#8450);
#7492=PLANE('',#8451);
#7493=PLANE('',#8452);
#7494=PLANE('',#8453);
#7495=PLANE('',#8454);
#7496=PLANE('',#8455);
#7497=PLANE('',#8456);
#7498=PLANE('',#8457);
#7499=PLANE('',#8458);
#7500=PLANE('',#8459);
#7501=PLANE('',#8460);
#7502=PLANE('',#8461);
#7503=PLANE('',#8462);
#7504=PLANE('',#8463);
#7505=PLANE('',#8464);
#7506=PLANE('',#8465);
#7507=PLANE('',#8466);
#7508=PLANE('',#8467);
#7509=PLANE('',#8468);
#7510=PLANE('',#8469);
#7511=PLANE('',#8472);
#7512=PLANE('',#8473);
#7513=PLANE('',#8474);
#7514=PLANE('',#8475);
#7515=PLANE('',#8476);
#7516=PLANE('',#8477);
#7517=PLANE('',#8478);
#7518=PLANE('',#8479);
#7519=PLANE('',#8480);
#7520=PLANE('',#8481);
#7521=PLANE('',#8482);
#7522=PLANE('',#8483);
#7523=PLANE('',#8484);
#7524=PLANE('',#8485);
#7525=PLANE('',#8486);
#7526=PLANE('',#8487);
#7527=PLANE('',#8488);
#7528=PLANE('',#8489);
#7529=PLANE('',#8490);
#7530=PLANE('',#8491);
#7531=PLANE('',#8492);
#7532=PLANE('',#8493);
#7533=PLANE('',#8494);
#7534=PLANE('',#8495);
#7535=PLANE('',#8496);
#7536=PLANE('',#8497);
#7537=PLANE('',#8498);
#7538=PLANE('',#8499);
#7539=PLANE('',#8500);
#7540=PLANE('',#8501);
#7541=PLANE('',#8502);
#7542=PLANE('',#8503);
#7543=PLANE('',#8504);
#7544=PLANE('',#8505);
#7545=PLANE('',#8506);
#7546=PLANE('',#8507);
#7547=PLANE('',#8518);
#7548=PLANE('',#8521);
#7549=PLANE('',#8522);
#7550=PLANE('',#8523);
#7551=PLANE('',#8526);
#7552=PLANE('',#8529);
#7553=PLANE('',#8530);
#7554=PLANE('',#8531);
#7555=PLANE('',#8532);
#7556=PLANE('',#8533);
#7557=PLANE('',#8534);
#7558=PLANE('',#8535);
#7559=PLANE('',#8536);
#7560=PLANE('',#8537);
#7561=PLANE('',#8538);
#7562=PLANE('',#8539);
#7563=PLANE('',#8540);
#7564=PLANE('',#8541);
#7565=PLANE('',#8542);
#7566=PLANE('',#8543);
#7567=PLANE('',#8544);
#7568=PLANE('',#8545);
#7569=PLANE('',#8546);
#7570=PLANE('',#8547);
#7571=PLANE('',#8548);
#7572=PLANE('',#8549);
#7573=PLANE('',#8550);
#7574=PLANE('',#8551);
#7575=PLANE('',#8552);
#7576=PLANE('',#8553);
#7577=PLANE('',#8554);
#7578=PLANE('',#8555);
#7579=PLANE('',#8556);
#7580=PLANE('',#8557);
#7581=PLANE('',#8558);
#7582=PLANE('',#8559);
#7583=PLANE('',#8561);
#7584=PLANE('',#8562);
#7585=PLANE('',#8563);
#7586=PLANE('',#8564);
#7587=PLANE('',#8565);
#7588=PLANE('',#8567);
#7589=PLANE('',#8570);
#7590=PLANE('',#8572);
#7591=PLANE('',#8573);
#7592=PLANE('',#8574);
#7593=PLANE('',#8575);
#7594=PLANE('',#8576);
#7595=PLANE('',#8578);
#7596=PLANE('',#8581);
#7597=PLANE('',#8583);
#7598=PLANE('',#8584);
#7599=PLANE('',#8585);
#7600=PLANE('',#8592);
#7601=PLANE('',#8593);
#7602=PLANE('',#8594);
#7603=PLANE('',#8595);
#7604=PLANE('',#8596);
#7605=PLANE('',#8597);
#7606=PLANE('',#8598);
#7607=PLANE('',#8605);
#7608=PLANE('',#8606);
#7609=PLANE('',#8607);
#7610=PLANE('',#8608);
#7611=PLANE('',#8609);
#7612=PLANE('',#8610);
#7613=PLANE('',#8615);
#7614=PLANE('',#8616);
#7615=PLANE('',#8617);
#7616=PLANE('',#8618);
#7617=PLANE('',#8621);
#7618=PLANE('',#8622);
#7619=PLANE('',#8623);
#7620=PLANE('',#8624);
#7621=PLANE('',#8625);
#7622=PLANE('',#8626);
#7623=PLANE('',#8627);
#7624=PLANE('',#8628);
#7625=PLANE('',#8629);
#7626=PLANE('',#8630);
#7627=PLANE('',#8631);
#7628=PLANE('',#8632);
#7629=PLANE('',#8633);
#7630=PLANE('',#8634);
#7631=PLANE('',#8635);
#7632=PLANE('',#8636);
#7633=PLANE('',#8637);
#7634=PLANE('',#8638);
#7635=PLANE('',#8639);
#7636=PLANE('',#8640);
#7637=PLANE('',#8641);
#7638=PLANE('',#8642);
#7639=PLANE('',#8643);
#7640=PLANE('',#8644);
#7641=PLANE('',#8645);
#7642=PLANE('',#8646);
#7643=PLANE('',#8647);
#7644=PLANE('',#8648);
#7645=PLANE('',#8649);
#7646=PLANE('',#8650);
#7647=PLANE('',#8653);
#7648=PLANE('',#8657);
#7649=PLANE('',#8661);
#7650=PLANE('',#8664);
#7651=PLANE('',#8665);
#7652=PLANE('',#8668);
#7653=PLANE('',#8673);
#7654=PLANE('',#8678);
#7655=PLANE('',#8681);
#7656=PLANE('',#8685);
#7657=PLANE('',#8689);
#7658=PLANE('',#8690);
#7659=PLANE('',#8691);
#7660=PLANE('',#8692);
#7661=PLANE('',#8693);
#7662=PLANE('',#8694);
#7663=PLANE('',#8695);
#7664=PLANE('',#8696);
#7665=PLANE('',#8697);
#7666=PLANE('',#8698);
#7667=PLANE('',#8699);
#7668=PLANE('',#8700);
#7669=PLANE('',#8705);
#7670=PLANE('',#8706);
#7671=PLANE('',#8707);
#7672=PLANE('',#8708);
#7673=PLANE('',#8709);
#7674=PLANE('',#8710);
#7675=PLANE('',#8711);
#7676=PLANE('',#8712);
#7677=PLANE('',#8713);
#7678=PLANE('',#8714);
#7679=PLANE('',#8715);
#7680=PLANE('',#8716);
#7681=PLANE('',#8717);
#7682=PLANE('',#8718);
#7683=PLANE('',#8719);
#7684=PLANE('',#8720);
#7685=PLANE('',#8722);
#7686=PLANE('',#8723);
#7687=PLANE('',#8724);
#7688=PLANE('',#8725);
#7689=PLANE('',#8726);
#7690=PLANE('',#8728);
#7691=PLANE('',#8731);
#7692=PLANE('',#8742);
#7693=PLANE('',#8743);
#7694=PLANE('',#8744);
#7695=PLANE('',#8745);
#7696=PLANE('',#8746);
#7697=PLANE('',#8748);
#7698=PLANE('',#8751);
#7699=PLANE('',#8765);
#7700=PLANE('',#8772);
#7701=PLANE('',#8776);
#7702=PLANE('',#8780);
#7703=PLANE('',#8781);
#7704=PLANE('',#8782);
#7705=PLANE('',#8783);
#7706=PLANE('',#8784);
#7707=PLANE('',#8796);
#7708=PLANE('',#8797);
#7709=PLANE('',#8798);
#7710=PLANE('',#8807);
#7711=PLANE('',#8808);
#7712=PLANE('',#8809);
#7713=PLANE('',#8818);
#7714=PLANE('',#8819);
#7715=PLANE('',#8820);
#7716=PLANE('',#8833);
#7717=PLANE('',#8834);
#7718=PLANE('',#8835);
#7719=PLANE('',#8856);
#7720=PLANE('',#8859);
#7721=PLANE('',#8862);
#7722=PLANE('',#8865);
#7723=PLANE('',#8878);
#7724=PLANE('',#8880);
#7725=PLANE('',#8884);
#7726=PLANE('',#8888);
#7727=PLANE('',#8889);
#7728=PLANE('',#8890);
#7729=PLANE('',#8891);
#7730=PLANE('',#8892);
#7731=PLANE('',#8904);
#7732=PLANE('',#8905);
#7733=PLANE('',#8906);
#7734=PLANE('',#8915);
#7735=PLANE('',#8916);
#7736=PLANE('',#8917);
#7737=PLANE('',#8926);
#7738=PLANE('',#8927);
#7739=PLANE('',#8928);
#7740=PLANE('',#8941);
#7741=PLANE('',#8942);
#7742=PLANE('',#8943);
#7743=PLANE('',#8954);
#7744=PLANE('',#8965);
#7745=PLANE('',#8968);
#7746=PLANE('',#8971);
#7747=PLANE('',#8974);
#7748=PLANE('',#8987);
#7749=PLANE('',#8989);
#7750=PLANE('',#8993);
#7751=PLANE('',#8997);
#7752=PLANE('',#8998);
#7753=PLANE('',#8999);
#7754=PLANE('',#9000);
#7755=PLANE('',#9001);
#7756=PLANE('',#9013);
#7757=PLANE('',#9014);
#7758=PLANE('',#9015);
#7759=PLANE('',#9024);
#7760=PLANE('',#9025);
#7761=PLANE('',#9026);
#7762=PLANE('',#9035);
#7763=PLANE('',#9036);
#7764=PLANE('',#9037);
#7765=PLANE('',#9050);
#7766=PLANE('',#9051);
#7767=PLANE('',#9052);
#7768=PLANE('',#9063);
#7769=PLANE('',#9077);
#7770=PLANE('',#9084);
#7771=PLANE('',#9088);
#7772=PLANE('',#9092);
#7773=PLANE('',#9093);
#7774=PLANE('',#9094);
#7775=PLANE('',#9095);
#7776=PLANE('',#9096);
#7777=PLANE('',#9108);
#7778=PLANE('',#9109);
#7779=PLANE('',#9110);
#7780=PLANE('',#9119);
#7781=PLANE('',#9120);
#7782=PLANE('',#9121);
#7783=PLANE('',#9130);
#7784=PLANE('',#9131);
#7785=PLANE('',#9132);
#7786=PLANE('',#9145);
#7787=PLANE('',#9146);
#7788=PLANE('',#9147);
#7789=ADVANCED_FACE('',(#6898),#7490,.T.);
#7790=ADVANCED_FACE('',(#6899),#7491,.T.);
#7791=ADVANCED_FACE('',(#6900),#7492,.T.);
#7792=ADVANCED_FACE('',(#6901),#7493,.T.);
#7793=ADVANCED_FACE('',(#6902),#7494,.T.);
#7794=ADVANCED_FACE('',(#6903),#7495,.F.);
#7795=ADVANCED_FACE('',(#6904),#7496,.F.);
#7796=ADVANCED_FACE('',(#6905),#7497,.F.);
#7797=ADVANCED_FACE('',(#6906),#7498,.T.);
#7798=ADVANCED_FACE('',(#6907),#7499,.F.);
#7799=ADVANCED_FACE('',(#6908),#7500,.F.);
#7800=ADVANCED_FACE('',(#6909),#7501,.F.);
#7801=ADVANCED_FACE('',(#6910),#7502,.T.);
#7802=ADVANCED_FACE('',(#6911),#7503,.T.);
#7803=ADVANCED_FACE('',(#6912),#7504,.F.);
#7804=ADVANCED_FACE('',(#6913),#7505,.T.);
#7805=ADVANCED_FACE('',(#6914),#7506,.F.);
#7806=ADVANCED_FACE('',(#6915),#7507,.F.);
#7807=ADVANCED_FACE('',(#6916),#7508,.T.);
#7808=ADVANCED_FACE('',(#6917),#7509,.T.);
#7809=ADVANCED_FACE('',(#6918,#6919,#6920,#6921,#6922,#6923),#7510,.T.);
#7810=ADVANCED_FACE('',(#6924),#7511,.T.);
#7811=ADVANCED_FACE('',(#6925),#7512,.F.);
#7812=ADVANCED_FACE('',(#6926),#7513,.F.);
#7813=ADVANCED_FACE('',(#6927),#7514,.F.);
#7814=ADVANCED_FACE('',(#6928),#7515,.T.);
#7815=ADVANCED_FACE('',(#6929),#7516,.F.);
#7816=ADVANCED_FACE('',(#6930),#7517,.F.);
#7817=ADVANCED_FACE('',(#6931),#7518,.F.);
#7818=ADVANCED_FACE('',(#6932),#7519,.T.);
#7819=ADVANCED_FACE('',(#6933),#7520,.T.);
#7820=ADVANCED_FACE('',(#6934),#7521,.F.);
#7821=ADVANCED_FACE('',(#6935),#7522,.T.);
#7822=ADVANCED_FACE('',(#6936),#7523,.F.);
#7823=ADVANCED_FACE('',(#6937),#7524,.F.);
#7824=ADVANCED_FACE('',(#6938),#7525,.T.);
#7825=ADVANCED_FACE('',(#6939),#7526,.T.);
#7826=ADVANCED_FACE('',(#6940),#7527,.T.);
#7827=ADVANCED_FACE('',(#6941),#7528,.F.);
#7828=ADVANCED_FACE('',(#6942),#7529,.F.);
#7829=ADVANCED_FACE('',(#6943),#7530,.T.);
#7830=ADVANCED_FACE('',(#6944),#7531,.F.);
#7831=ADVANCED_FACE('',(#6945),#7532,.T.);
#7832=ADVANCED_FACE('',(#6946),#7533,.T.);
#7833=ADVANCED_FACE('',(#6947),#7534,.F.);
#7834=ADVANCED_FACE('',(#6948),#7535,.F.);
#7835=ADVANCED_FACE('',(#6949),#7536,.T.);
#7836=ADVANCED_FACE('',(#6950),#7537,.F.);
#7837=ADVANCED_FACE('',(#6951),#7538,.T.);
#7838=ADVANCED_FACE('',(#6952),#7539,.T.);
#7839=ADVANCED_FACE('',(#6953),#7540,.F.);
#7840=ADVANCED_FACE('',(#6954),#7541,.F.);
#7841=ADVANCED_FACE('',(#6955),#7542,.T.);
#7842=ADVANCED_FACE('',(#6956),#7543,.F.);
#7843=ADVANCED_FACE('',(#6957),#7544,.T.);
#7844=ADVANCED_FACE('',(#6958),#7545,.T.);
#7845=ADVANCED_FACE('',(#6959,#6960,#6961,#6962,#6963,#6964,#6965),#7546,
 .F.);
#7846=ADVANCED_FACE('',(#6966,#6967),#226,.F.);
#7847=ADVANCED_FACE('',(#6968,#6969),#227,.F.);
#7848=ADVANCED_FACE('',(#6970,#6971),#228,.T.);
#7849=ADVANCED_FACE('',(#6972),#7547,.T.);
#7850=ADVANCED_FACE('',(#6973,#6974),#229,.T.);
#7851=ADVANCED_FACE('',(#6975),#7548,.T.);
#7852=ADVANCED_FACE('',(#6976),#7549,.T.);
#7853=ADVANCED_FACE('',(#6977),#7550,.T.);
#7854=ADVANCED_FACE('',(#6978,#6979),#230,.T.);
#7855=ADVANCED_FACE('',(#6980),#7551,.T.);
#7856=ADVANCED_FACE('',(#6981,#6982),#231,.T.);
#7857=ADVANCED_FACE('',(#6983),#7552,.T.);
#7858=ADVANCED_FACE('',(#6984),#7553,.T.);
#7859=ADVANCED_FACE('',(#6985),#7554,.T.);
#7860=ADVANCED_FACE('',(#6986),#7555,.F.);
#7861=ADVANCED_FACE('',(#6987),#7556,.F.);
#7862=ADVANCED_FACE('',(#6988),#7557,.T.);
#7863=ADVANCED_FACE('',(#6989),#7558,.T.);
#7864=ADVANCED_FACE('',(#6990),#7559,.F.);
#7865=ADVANCED_FACE('',(#6991),#7560,.T.);
#7866=ADVANCED_FACE('',(#6992),#7561,.F.);
#7867=ADVANCED_FACE('',(#6993),#7562,.F.);
#7868=ADVANCED_FACE('',(#6994),#7563,.T.);
#7869=ADVANCED_FACE('',(#6995),#7564,.T.);
#7870=ADVANCED_FACE('',(#6996),#7565,.T.);
#7871=ADVANCED_FACE('',(#6997),#7566,.F.);
#7872=ADVANCED_FACE('',(#6998),#7567,.T.);
#7873=ADVANCED_FACE('',(#6999),#7568,.T.);
#7874=ADVANCED_FACE('',(#7000),#7569,.F.);
#7875=ADVANCED_FACE('',(#7001),#7570,.T.);
#7876=ADVANCED_FACE('',(#7002),#7571,.T.);
#7877=ADVANCED_FACE('',(#7003),#7572,.T.);
#7878=ADVANCED_FACE('',(#7004),#7573,.T.);
#7879=ADVANCED_FACE('',(#7005),#7574,.T.);
#7880=ADVANCED_FACE('',(#7006),#7575,.F.);
#7881=ADVANCED_FACE('',(#7007),#7576,.T.);
#7882=ADVANCED_FACE('',(#7008),#7577,.F.);
#7883=ADVANCED_FACE('',(#7009),#7578,.T.);
#7884=ADVANCED_FACE('',(#7010),#7579,.T.);
#7885=ADVANCED_FACE('',(#7011),#7580,.T.);
#7886=ADVANCED_FACE('',(#7012),#7581,.T.);
#7887=ADVANCED_FACE('',(#7013),#7582,.F.);
#7888=ADVANCED_FACE('',(#7014),#7583,.T.);
#7889=ADVANCED_FACE('',(#7015),#7584,.F.);
#7890=ADVANCED_FACE('',(#7016),#7585,.F.);
#7891=ADVANCED_FACE('',(#7017),#7586,.T.);
#7892=ADVANCED_FACE('',(#7018,#7019),#7587,.T.);
#7893=ADVANCED_FACE('',(#7020),#7588,.F.);
#7894=ADVANCED_FACE('',(#7021,#7022),#232,.T.);
#7895=ADVANCED_FACE('',(#7023),#7589,.T.);
#7896=ADVANCED_FACE('',(#7024),#7590,.T.);
#7897=ADVANCED_FACE('',(#7025),#7591,.F.);
#7898=ADVANCED_FACE('',(#7026),#7592,.F.);
#7899=ADVANCED_FACE('',(#7027),#7593,.T.);
#7900=ADVANCED_FACE('',(#7028,#7029),#7594,.T.);
#7901=ADVANCED_FACE('',(#7030),#7595,.F.);
#7902=ADVANCED_FACE('',(#7031,#7032),#233,.T.);
#7903=ADVANCED_FACE('',(#7033),#7596,.T.);
#7904=ADVANCED_FACE('',(#7034),#7597,.F.);
#7905=ADVANCED_FACE('',(#7035),#7598,.F.);
#7906=ADVANCED_FACE('',(#7036,#7037,#7038,#7039,#7040),#7599,.T.);
#7907=ADVANCED_FACE('',(#7041),#7600,.T.);
#7908=ADVANCED_FACE('',(#7042),#7601,.T.);
#7909=ADVANCED_FACE('',(#7043),#7602,.T.);
#7910=ADVANCED_FACE('',(#7044),#7603,.F.);
#7911=ADVANCED_FACE('',(#7045),#7604,.F.);
#7912=ADVANCED_FACE('',(#7046),#7605,.T.);
#7913=ADVANCED_FACE('',(#7047,#7048,#7049,#7050,#7051,#7052,#7053),#7606,
 .F.);
#7914=ADVANCED_FACE('',(#7054),#7607,.T.);
#7915=ADVANCED_FACE('',(#7055),#7608,.T.);
#7916=ADVANCED_FACE('',(#7056),#7609,.F.);
#7917=ADVANCED_FACE('',(#7057),#7610,.F.);
#7918=ADVANCED_FACE('',(#7058),#7611,.T.);
#7919=ADVANCED_FACE('',(#7059),#7612,.T.);
#7920=ADVANCED_FACE('',(#7060,#7061),#234,.F.);
#7921=ADVANCED_FACE('',(#7062,#7063),#235,.F.);
#7922=ADVANCED_FACE('',(#7064),#7613,.F.);
#7923=ADVANCED_FACE('',(#7065),#7614,.T.);
#7924=ADVANCED_FACE('',(#7066),#7615,.F.);
#7925=ADVANCED_FACE('',(#7067),#7616,.F.);
#7926=ADVANCED_FACE('',(#7068,#7069),#236,.F.);
#7927=ADVANCED_FACE('',(#7070,#7071),#237,.F.);
#7928=ADVANCED_FACE('',(#7072),#7617,.T.);
#7929=ADVANCED_FACE('',(#7073),#7618,.T.);
#7930=ADVANCED_FACE('',(#7074),#7619,.F.);
#7931=ADVANCED_FACE('',(#7075),#7620,.F.);
#7932=ADVANCED_FACE('',(#7076),#7621,.T.);
#7933=ADVANCED_FACE('',(#7077),#7622,.F.);
#7934=ADVANCED_FACE('',(#7078),#7623,.T.);
#7935=ADVANCED_FACE('',(#7079),#7624,.T.);
#7936=ADVANCED_FACE('',(#7080),#7625,.F.);
#7937=ADVANCED_FACE('',(#7081),#7626,.F.);
#7938=ADVANCED_FACE('',(#7082),#7627,.T.);
#7939=ADVANCED_FACE('',(#7083),#7628,.F.);
#7940=ADVANCED_FACE('',(#7084),#7629,.F.);
#7941=ADVANCED_FACE('',(#7085),#7630,.T.);
#7942=ADVANCED_FACE('',(#7086),#7631,.F.);
#7943=ADVANCED_FACE('',(#7087),#7632,.T.);
#7944=ADVANCED_FACE('',(#7088),#7633,.T.);
#7945=ADVANCED_FACE('',(#7089),#7634,.F.);
#7946=ADVANCED_FACE('',(#7090),#7635,.F.);
#7947=ADVANCED_FACE('',(#7091),#7636,.T.);
#7948=ADVANCED_FACE('',(#7092),#7637,.F.);
#7949=ADVANCED_FACE('',(#7093),#7638,.T.);
#7950=ADVANCED_FACE('',(#7094),#7639,.T.);
#7951=ADVANCED_FACE('',(#7095),#7640,.F.);
#7952=ADVANCED_FACE('',(#7096),#7641,.F.);
#7953=ADVANCED_FACE('',(#7097),#7642,.T.);
#7954=ADVANCED_FACE('',(#7098),#7643,.F.);
#7955=ADVANCED_FACE('',(#7099),#7644,.F.);
#7956=ADVANCED_FACE('',(#7100),#7645,.T.);
#7957=ADVANCED_FACE('',(#7101),#7646,.F.);
#7958=ADVANCED_FACE('',(#7102,#7103),#238,.T.);
#7959=ADVANCED_FACE('',(#7104,#7105),#7647,.T.);
#7960=ADVANCED_FACE('',(#7106,#7107),#239,.T.);
#7961=ADVANCED_FACE('',(#7108,#7109),#7648,.T.);
#7962=ADVANCED_FACE('',(#7110,#7111),#240,.T.);
#7963=ADVANCED_FACE('',(#7112,#7113),#7649,.T.);
#7964=ADVANCED_FACE('',(#7114,#7115),#241,.T.);
#7965=ADVANCED_FACE('',(#7116,#7117),#7650,.T.);
#7966=ADVANCED_FACE('',(#7118),#7651,.F.);
#7967=ADVANCED_FACE('',(#7119,#7120),#242,.F.);
#7968=ADVANCED_FACE('',(#7121),#7652,.F.);
#7969=ADVANCED_FACE('',(#7122,#7123),#243,.F.);
#7970=ADVANCED_FACE('',(#7124,#7125),#244,.T.);
#7971=ADVANCED_FACE('',(#7126,#7127),#7653,.T.);
#7972=ADVANCED_FACE('',(#7128,#7129),#245,.T.);
#7973=ADVANCED_FACE('',(#7130,#7131),#7654,.T.);
#7974=ADVANCED_FACE('',(#7132),#7655,.T.);
#7975=ADVANCED_FACE('',(#7133,#7134),#246,.T.);
#7976=ADVANCED_FACE('',(#7135),#7656,.T.);
#7977=ADVANCED_FACE('',(#7136,#7137),#247,.T.);
#7978=ADVANCED_FACE('',(#7138),#7657,.T.);
#7979=ADVANCED_FACE('',(#7139),#7658,.T.);
#7980=ADVANCED_FACE('',(#7140),#7659,.T.);
#7981=ADVANCED_FACE('',(#7141),#7660,.T.);
#7982=ADVANCED_FACE('',(#7142),#7661,.T.);
#7983=ADVANCED_FACE('',(#7143),#7662,.T.);
#7984=ADVANCED_FACE('',(#7144),#7663,.T.);
#7985=ADVANCED_FACE('',(#7145),#7664,.T.);
#7986=ADVANCED_FACE('',(#7146),#7665,.T.);
#7987=ADVANCED_FACE('',(#7147),#7666,.T.);
#7988=ADVANCED_FACE('',(#7148),#7667,.T.);
#7989=ADVANCED_FACE('',(#7149),#7668,.T.);
#7990=ADVANCED_FACE('',(#7150,#7151),#190,.T.);
#7991=ADVANCED_FACE('',(#7152,#7153),#191,.T.);
#7992=ADVANCED_FACE('',(#7154,#7155),#192,.T.);
#7993=ADVANCED_FACE('',(#7156,#7157),#193,.T.);
#7994=ADVANCED_FACE('',(#7158),#7669,.F.);
#7995=ADVANCED_FACE('',(#7159),#7670,.F.);
#7996=ADVANCED_FACE('',(#7160),#7671,.T.);
#7997=ADVANCED_FACE('',(#7161),#7672,.F.);
#7998=ADVANCED_FACE('',(#7162),#7673,.F.);
#7999=ADVANCED_FACE('',(#7163),#7674,.T.);
#8000=ADVANCED_FACE('',(#7164),#7675,.F.);
#8001=ADVANCED_FACE('',(#7165),#7676,.T.);
#8002=ADVANCED_FACE('',(#7166),#7677,.F.);
#8003=ADVANCED_FACE('',(#7167),#7678,.T.);
#8004=ADVANCED_FACE('',(#7168),#7679,.T.);
#8005=ADVANCED_FACE('',(#7169),#7680,.F.);
#8006=ADVANCED_FACE('',(#7170),#7681,.T.);
#8007=ADVANCED_FACE('',(#7171),#7682,.T.);
#8008=ADVANCED_FACE('',(#7172),#7683,.F.);
#8009=ADVANCED_FACE('',(#7173),#7684,.T.);
#8010=ADVANCED_FACE('',(#7174),#7685,.T.);
#8011=ADVANCED_FACE('',(#7175),#7686,.F.);
#8012=ADVANCED_FACE('',(#7176),#7687,.F.);
#8013=ADVANCED_FACE('',(#7177),#7688,.T.);
#8014=ADVANCED_FACE('',(#7178,#7179),#7689,.T.);
#8015=ADVANCED_FACE('',(#7180),#7690,.F.);
#8016=ADVANCED_FACE('',(#7181,#7182),#248,.T.);
#8017=ADVANCED_FACE('',(#7183),#7691,.T.);
#8018=ADVANCED_FACE('',(#7184,#7185),#249,.F.);
#8019=ADVANCED_FACE('',(#7186,#7187),#250,.T.);
#8020=ADVANCED_FACE('',(#7188,#7189),#170,.T.);
#8021=ADVANCED_FACE('',(#7190,#7191),#171,.T.);
#8022=ADVANCED_FACE('',(#7192),#7692,.T.);
#8023=ADVANCED_FACE('',(#7193),#7693,.F.);
#8024=ADVANCED_FACE('',(#7194),#7694,.F.);
#8025=ADVANCED_FACE('',(#7195),#7695,.T.);
#8026=ADVANCED_FACE('',(#7196,#7197),#7696,.T.);
#8027=ADVANCED_FACE('',(#7198),#7697,.F.);
#8028=ADVANCED_FACE('',(#7199,#7200),#251,.T.);
#8029=ADVANCED_FACE('',(#7201),#7698,.T.);
#8030=ADVANCED_FACE('',(#7202,#7203),#252,.T.);
#8031=ADVANCED_FACE('',(#7204),#7699,.F.);
#8032=ADVANCED_FACE('',(#7205),#7700,.F.);
#8033=ADVANCED_FACE('',(#7206),#253,.F.);
#8034=ADVANCED_FACE('',(#7207),#7701,.T.);
#8035=ADVANCED_FACE('',(#7208),#254,.F.);
#8036=ADVANCED_FACE('',(#7209,#7210),#7702,.T.);
#8037=ADVANCED_FACE('',(#7211),#7703,.T.);
#8038=ADVANCED_FACE('',(#7212),#7704,.F.);
#8039=ADVANCED_FACE('',(#7213),#7705,.T.);
#8040=ADVANCED_FACE('',(#7214),#7706,.T.);
#8041=ADVANCED_FACE('',(#7215),#255,.T.);
#8042=ADVANCED_FACE('',(#7216),#256,.T.);
#8043=ADVANCED_FACE('',(#7217),#257,.T.);
#8044=ADVANCED_FACE('',(#7218),#258,.T.);
#8045=ADVANCED_FACE('',(#7219),#259,.F.);
#8046=ADVANCED_FACE('',(#7220),#260,.F.);
#8047=ADVANCED_FACE('',(#7221),#7707,.F.);
#8048=ADVANCED_FACE('',(#7222),#7708,.T.);
#8049=ADVANCED_FACE('',(#7223),#7709,.T.);
#8050=ADVANCED_FACE('',(#7224),#261,.T.);
#8051=ADVANCED_FACE('',(#7225),#262,.T.);
#8052=ADVANCED_FACE('',(#7226),#263,.T.);
#8053=ADVANCED_FACE('',(#7227),#264,.T.);
#8054=ADVANCED_FACE('',(#7228),#265,.F.);
#8055=ADVANCED_FACE('',(#7229),#7710,.F.);
#8056=ADVANCED_FACE('',(#7230),#7711,.T.);
#8057=ADVANCED_FACE('',(#7231),#7712,.T.);
#8058=ADVANCED_FACE('',(#7232),#266,.T.);
#8059=ADVANCED_FACE('',(#7233),#267,.T.);
#8060=ADVANCED_FACE('',(#7234),#268,.T.);
#8061=ADVANCED_FACE('',(#7235),#269,.T.);
#8062=ADVANCED_FACE('',(#7236),#270,.F.);
#8063=ADVANCED_FACE('',(#7237),#7713,.F.);
#8064=ADVANCED_FACE('',(#7238),#7714,.T.);
#8065=ADVANCED_FACE('',(#7239),#7715,.T.);
#8066=ADVANCED_FACE('',(#7240),#271,.T.);
#8067=ADVANCED_FACE('',(#7241),#272,.T.);
#8068=ADVANCED_FACE('',(#7242),#273,.T.);
#8069=ADVANCED_FACE('',(#7243),#274,.T.);
#8070=ADVANCED_FACE('',(#7244),#275,.T.);
#8071=ADVANCED_FACE('',(#7245),#276,.F.);
#8072=ADVANCED_FACE('',(#7246),#7716,.F.);
#8073=ADVANCED_FACE('',(#7247),#7717,.T.);
#8074=ADVANCED_FACE('',(#7248),#7718,.T.);
#8075=ADVANCED_FACE('',(#7249),#277,.T.);
#8076=ADVANCED_FACE('',(#7250),#278,.T.);
#8077=ADVANCED_FACE('',(#7251),#279,.T.);
#8078=ADVANCED_FACE('',(#7252),#280,.T.);
#8079=ADVANCED_FACE('',(#7253,#7254),#281,.T.);
#8080=ADVANCED_FACE('',(#7255,#7256),#172,.T.);
#8081=ADVANCED_FACE('',(#7257,#7258),#173,.T.);
#8082=ADVANCED_FACE('',(#7259,#7260),#282,.F.);
#8083=ADVANCED_FACE('',(#7261,#7262),#283,.T.);
#8084=ADVANCED_FACE('',(#7263,#7264),#174,.T.);
#8085=ADVANCED_FACE('',(#7265,#7266),#175,.T.);
#8086=ADVANCED_FACE('',(#7267),#7719,.F.);
#8087=ADVANCED_FACE('',(#7268),#7720,.F.);
#8088=ADVANCED_FACE('',(#7269),#7721,.F.);
#8089=ADVANCED_FACE('',(#7270),#7722,.F.);
#8090=ADVANCED_FACE('',(#7271,#7272,#7273,#7274,#7275,#7276,#7277),#284,
 .T.);
#8091=ADVANCED_FACE('',(#7278),#7723,.F.);
#8092=ADVANCED_FACE('',(#7279),#7724,.F.);
#8093=ADVANCED_FACE('',(#7280),#285,.F.);
#8094=ADVANCED_FACE('',(#7281),#7725,.T.);
#8095=ADVANCED_FACE('',(#7282),#286,.F.);
#8096=ADVANCED_FACE('',(#7283,#7284),#7726,.T.);
#8097=ADVANCED_FACE('',(#7285),#7727,.T.);
#8098=ADVANCED_FACE('',(#7286),#7728,.F.);
#8099=ADVANCED_FACE('',(#7287),#7729,.T.);
#8100=ADVANCED_FACE('',(#7288),#7730,.T.);
#8101=ADVANCED_FACE('',(#7289),#287,.T.);
#8102=ADVANCED_FACE('',(#7290),#288,.T.);
#8103=ADVANCED_FACE('',(#7291),#289,.T.);
#8104=ADVANCED_FACE('',(#7292),#290,.T.);
#8105=ADVANCED_FACE('',(#7293),#291,.F.);
#8106=ADVANCED_FACE('',(#7294),#292,.F.);
#8107=ADVANCED_FACE('',(#7295),#7731,.F.);
#8108=ADVANCED_FACE('',(#7296),#7732,.T.);
#8109=ADVANCED_FACE('',(#7297),#7733,.T.);
#8110=ADVANCED_FACE('',(#7298),#293,.T.);
#8111=ADVANCED_FACE('',(#7299),#294,.T.);
#8112=ADVANCED_FACE('',(#7300),#295,.T.);
#8113=ADVANCED_FACE('',(#7301),#296,.T.);
#8114=ADVANCED_FACE('',(#7302),#297,.F.);
#8115=ADVANCED_FACE('',(#7303),#7734,.F.);
#8116=ADVANCED_FACE('',(#7304),#7735,.T.);
#8117=ADVANCED_FACE('',(#7305),#7736,.T.);
#8118=ADVANCED_FACE('',(#7306),#298,.T.);
#8119=ADVANCED_FACE('',(#7307),#299,.T.);
#8120=ADVANCED_FACE('',(#7308),#300,.T.);
#8121=ADVANCED_FACE('',(#7309),#301,.T.);
#8122=ADVANCED_FACE('',(#7310),#302,.F.);
#8123=ADVANCED_FACE('',(#7311),#7737,.F.);
#8124=ADVANCED_FACE('',(#7312),#7738,.T.);
#8125=ADVANCED_FACE('',(#7313),#7739,.T.);
#8126=ADVANCED_FACE('',(#7314),#303,.T.);
#8127=ADVANCED_FACE('',(#7315),#304,.T.);
#8128=ADVANCED_FACE('',(#7316),#305,.T.);
#8129=ADVANCED_FACE('',(#7317),#306,.T.);
#8130=ADVANCED_FACE('',(#7318),#307,.T.);
#8131=ADVANCED_FACE('',(#7319),#308,.F.);
#8132=ADVANCED_FACE('',(#7320),#7740,.F.);
#8133=ADVANCED_FACE('',(#7321),#7741,.T.);
#8134=ADVANCED_FACE('',(#7322),#7742,.T.);
#8135=ADVANCED_FACE('',(#7323),#309,.T.);
#8136=ADVANCED_FACE('',(#7324),#310,.T.);
#8137=ADVANCED_FACE('',(#7325),#311,.T.);
#8138=ADVANCED_FACE('',(#7326),#312,.T.);
#8139=ADVANCED_FACE('',(#7327,#7328),#313,.T.);
#8140=ADVANCED_FACE('',(#7329,#7330),#176,.T.);
#8141=ADVANCED_FACE('',(#7331,#7332),#177,.T.);
#8142=ADVANCED_FACE('',(#7333),#7743,.T.);
#8143=ADVANCED_FACE('',(#7334,#7335),#314,.F.);
#8144=ADVANCED_FACE('',(#7336,#7337),#315,.T.);
#8145=ADVANCED_FACE('',(#7338,#7339),#178,.T.);
#8146=ADVANCED_FACE('',(#7340,#7341),#179,.T.);
#8147=ADVANCED_FACE('',(#7342),#7744,.F.);
#8148=ADVANCED_FACE('',(#7343),#7745,.F.);
#8149=ADVANCED_FACE('',(#7344),#7746,.F.);
#8150=ADVANCED_FACE('',(#7345),#7747,.F.);
#8151=ADVANCED_FACE('',(#7346,#7347,#7348,#7349,#7350,#7351,#7352),#316,
 .T.);
#8152=ADVANCED_FACE('',(#7353),#7748,.F.);
#8153=ADVANCED_FACE('',(#7354),#7749,.F.);
#8154=ADVANCED_FACE('',(#7355),#317,.F.);
#8155=ADVANCED_FACE('',(#7356),#7750,.T.);
#8156=ADVANCED_FACE('',(#7357),#318,.F.);
#8157=ADVANCED_FACE('',(#7358,#7359),#7751,.T.);
#8158=ADVANCED_FACE('',(#7360),#7752,.T.);
#8159=ADVANCED_FACE('',(#7361),#7753,.F.);
#8160=ADVANCED_FACE('',(#7362),#7754,.T.);
#8161=ADVANCED_FACE('',(#7363),#7755,.T.);
#8162=ADVANCED_FACE('',(#7364),#319,.T.);
#8163=ADVANCED_FACE('',(#7365),#320,.T.);
#8164=ADVANCED_FACE('',(#7366),#321,.T.);
#8165=ADVANCED_FACE('',(#7367),#322,.T.);
#8166=ADVANCED_FACE('',(#7368),#323,.F.);
#8167=ADVANCED_FACE('',(#7369),#324,.F.);
#8168=ADVANCED_FACE('',(#7370),#7756,.F.);
#8169=ADVANCED_FACE('',(#7371),#7757,.T.);
#8170=ADVANCED_FACE('',(#7372),#7758,.T.);
#8171=ADVANCED_FACE('',(#7373),#325,.T.);
#8172=ADVANCED_FACE('',(#7374),#326,.T.);
#8173=ADVANCED_FACE('',(#7375),#327,.T.);
#8174=ADVANCED_FACE('',(#7376),#328,.T.);
#8175=ADVANCED_FACE('',(#7377),#329,.F.);
#8176=ADVANCED_FACE('',(#7378),#7759,.F.);
#8177=ADVANCED_FACE('',(#7379),#7760,.T.);
#8178=ADVANCED_FACE('',(#7380),#7761,.T.);
#8179=ADVANCED_FACE('',(#7381),#330,.T.);
#8180=ADVANCED_FACE('',(#7382),#331,.T.);
#8181=ADVANCED_FACE('',(#7383),#332,.T.);
#8182=ADVANCED_FACE('',(#7384),#333,.T.);
#8183=ADVANCED_FACE('',(#7385),#334,.F.);
#8184=ADVANCED_FACE('',(#7386),#7762,.F.);
#8185=ADVANCED_FACE('',(#7387),#7763,.T.);
#8186=ADVANCED_FACE('',(#7388),#7764,.T.);
#8187=ADVANCED_FACE('',(#7389),#335,.T.);
#8188=ADVANCED_FACE('',(#7390),#336,.T.);
#8189=ADVANCED_FACE('',(#7391),#337,.T.);
#8190=ADVANCED_FACE('',(#7392),#338,.T.);
#8191=ADVANCED_FACE('',(#7393),#339,.T.);
#8192=ADVANCED_FACE('',(#7394),#340,.F.);
#8193=ADVANCED_FACE('',(#7395),#7765,.F.);
#8194=ADVANCED_FACE('',(#7396),#7766,.T.);
#8195=ADVANCED_FACE('',(#7397),#7767,.T.);
#8196=ADVANCED_FACE('',(#7398),#341,.T.);
#8197=ADVANCED_FACE('',(#7399),#342,.T.);
#8198=ADVANCED_FACE('',(#7400),#343,.T.);
#8199=ADVANCED_FACE('',(#7401),#344,.T.);
#8200=ADVANCED_FACE('',(#7402,#7403),#345,.T.);
#8201=ADVANCED_FACE('',(#7404,#7405),#180,.T.);
#8202=ADVANCED_FACE('',(#7406,#7407),#181,.T.);
#8203=ADVANCED_FACE('',(#7408),#7768,.T.);
#8204=ADVANCED_FACE('',(#7409,#7410),#346,.T.);
#8205=ADVANCED_FACE('',(#7411),#7769,.F.);
#8206=ADVANCED_FACE('',(#7412),#7770,.F.);
#8207=ADVANCED_FACE('',(#7413),#347,.F.);
#8208=ADVANCED_FACE('',(#7414),#7771,.T.);
#8209=ADVANCED_FACE('',(#7415),#348,.F.);
#8210=ADVANCED_FACE('',(#7416,#7417),#7772,.T.);
#8211=ADVANCED_FACE('',(#7418),#7773,.T.);
#8212=ADVANCED_FACE('',(#7419),#7774,.F.);
#8213=ADVANCED_FACE('',(#7420),#7775,.T.);
#8214=ADVANCED_FACE('',(#7421),#7776,.T.);
#8215=ADVANCED_FACE('',(#7422),#349,.T.);
#8216=ADVANCED_FACE('',(#7423),#350,.T.);
#8217=ADVANCED_FACE('',(#7424),#351,.T.);
#8218=ADVANCED_FACE('',(#7425),#352,.T.);
#8219=ADVANCED_FACE('',(#7426),#353,.F.);
#8220=ADVANCED_FACE('',(#7427),#354,.F.);
#8221=ADVANCED_FACE('',(#7428),#7777,.F.);
#8222=ADVANCED_FACE('',(#7429),#7778,.T.);
#8223=ADVANCED_FACE('',(#7430),#7779,.T.);
#8224=ADVANCED_FACE('',(#7431),#355,.T.);
#8225=ADVANCED_FACE('',(#7432),#356,.T.);
#8226=ADVANCED_FACE('',(#7433),#357,.T.);
#8227=ADVANCED_FACE('',(#7434),#358,.T.);
#8228=ADVANCED_FACE('',(#7435),#359,.F.);
#8229=ADVANCED_FACE('',(#7436),#7780,.F.);
#8230=ADVANCED_FACE('',(#7437),#7781,.T.);
#8231=ADVANCED_FACE('',(#7438),#7782,.T.);
#8232=ADVANCED_FACE('',(#7439),#360,.T.);
#8233=ADVANCED_FACE('',(#7440),#361,.T.);
#8234=ADVANCED_FACE('',(#7441),#362,.T.);
#8235=ADVANCED_FACE('',(#7442),#363,.T.);
#8236=ADVANCED_FACE('',(#7443),#364,.F.);
#8237=ADVANCED_FACE('',(#7444),#7783,.F.);
#8238=ADVANCED_FACE('',(#7445),#7784,.T.);
#8239=ADVANCED_FACE('',(#7446),#7785,.T.);
#8240=ADVANCED_FACE('',(#7447),#365,.T.);
#8241=ADVANCED_FACE('',(#7448),#366,.T.);
#8242=ADVANCED_FACE('',(#7449),#367,.T.);
#8243=ADVANCED_FACE('',(#7450),#368,.T.);
#8244=ADVANCED_FACE('',(#7451),#369,.T.);
#8245=ADVANCED_FACE('',(#7452),#370,.F.);
#8246=ADVANCED_FACE('',(#7453),#7786,.F.);
#8247=ADVANCED_FACE('',(#7454),#7787,.T.);
#8248=ADVANCED_FACE('',(#7455),#7788,.T.);
#8249=ADVANCED_FACE('',(#7456),#371,.T.);
#8250=ADVANCED_FACE('',(#7457),#372,.T.);
#8251=ADVANCED_FACE('',(#7458),#373,.T.);
#8252=ADVANCED_FACE('',(#7459),#374,.T.);
#8253=ADVANCED_FACE('',(#7460,#7461),#375,.T.);
#8254=ADVANCED_FACE('',(#7462,#7463),#182,.T.);
#8255=ADVANCED_FACE('',(#7464,#7465),#183,.T.);
#8256=ADVANCED_FACE('',(#7466,#7467),#376,.F.);
#8257=ADVANCED_FACE('',(#7468,#7469),#377,.T.);
#8258=ADVANCED_FACE('',(#7470,#7471),#184,.T.);
#8259=ADVANCED_FACE('',(#7472,#7473),#185,.T.);
#8260=ADVANCED_FACE('',(#7474,#7475),#378,.F.);
#8261=ADVANCED_FACE('',(#7476,#7477),#379,.T.);
#8262=ADVANCED_FACE('',(#7478,#7479),#186,.T.);
#8263=ADVANCED_FACE('',(#7480,#7481),#187,.T.);
#8264=ADVANCED_FACE('',(#7482,#7483),#380,.F.);
#8265=ADVANCED_FACE('',(#7484,#7485),#381,.T.);
#8266=ADVANCED_FACE('',(#7486,#7487),#188,.T.);
#8267=ADVANCED_FACE('',(#7488,#7489),#189,.T.);
#8268=CLOSED_SHELL('',(#7789,#7790,#7791,#7792,#7793,#7794,#7795,#7796,
#7797,#7798,#7799,#7800,#7801,#7802,#7803,#7804,#7805,#7806,#7807,#7808,
#7809,#7810,#7811,#7812,#7813,#7814,#7815,#7816,#7817,#7818,#7819,#7820,
#7821,#7822,#7823,#7824,#7825,#7826,#7827,#7828,#7829,#7830,#7831,#7832,
#7833,#7834,#7835,#7836,#7837,#7838,#7839,#7840,#7841,#7842,#7843,#7844,
#7845,#7846,#7847,#7848,#7849,#7850,#7851,#7852,#7853,#7854,#7855,#7856,
#7857,#7858,#7859,#7860,#7861,#7862,#7863,#7864,#7865,#7866,#7867,#7868,
#7869,#7870,#7871,#7872,#7873,#7874,#7875,#7876,#7877,#7878,#7879,#7880,
#7881,#7882,#7883,#7884,#7885,#7886,#7887));
#8269=CLOSED_SHELL('',(#7888,#7889,#7890,#7891,#7892,#7893,#7894,#7895));
#8270=CLOSED_SHELL('',(#7896,#7897,#7898,#7899,#7900,#7901,#7902,#7903));
#8271=CLOSED_SHELL('',(#7904,#7905,#7906,#7907,#7908,#7909,#7910,#7911,
#7912,#7913,#7914,#7915,#7916,#7917,#7918,#7919,#7920,#7921,#7922,#7923,
#7924,#7925,#7926,#7927,#7928,#7929,#7930,#7931,#7932,#7933,#7934,#7935,
#7936,#7937,#7938,#7939,#7940,#7941,#7942,#7943,#7944,#7945,#7946,#7947,
#7948,#7949,#7950,#7951,#7952,#7953,#7954,#7955,#7956,#7957,#7958,#7959,
#7960,#7961,#7962,#7963,#7964,#7965,#7966,#7967,#7968,#7969,#7970,#7971,
#7972,#7973,#7974,#7975,#7976,#7977,#7978,#7979,#7980,#7981,#7982,#7983,
#7984,#7985,#7986,#7987,#7988,#7989,#7990,#7991,#7992,#7993,#7994,#7995,
#7996,#7997,#7998,#7999,#8000,#8001,#8002,#8003,#8004,#8005,#8006,#8007,
#8008,#8009));
#8272=CLOSED_SHELL('',(#8010,#8011,#8012,#8013,#8014,#8015,#8016,#8017));
#8273=CLOSED_SHELL('',(#8018,#8019,#8020,#8021));
#8274=CLOSED_SHELL('',(#8022,#8023,#8024,#8025,#8026,#8027,#8028,#8029));
#8275=CLOSED_SHELL('',(#8030,#8031,#8032,#8033,#8034,#8035,#8036,#8037,
#8038,#8039,#8040,#8041,#8042,#8043,#8044,#8045,#8046,#8047,#8048,#8049,
#8050,#8051,#8052,#8053,#8054,#8055,#8056,#8057,#8058,#8059,#8060,#8061,
#8062,#8063,#8064,#8065,#8066,#8067,#8068,#8069,#8070,#8071,#8072,#8073,
#8074,#8075,#8076,#8077,#8078,#8079,#8080,#8081));
#8276=CLOSED_SHELL('',(#8082,#8083,#8084,#8085));
#8277=CLOSED_SHELL('',(#8086,#8087,#8088,#8089,#8090,#8091,#8092,#8093,
#8094,#8095,#8096,#8097,#8098,#8099,#8100,#8101,#8102,#8103,#8104,#8105,
#8106,#8107,#8108,#8109,#8110,#8111,#8112,#8113,#8114,#8115,#8116,#8117,
#8118,#8119,#8120,#8121,#8122,#8123,#8124,#8125,#8126,#8127,#8128,#8129,
#8130,#8131,#8132,#8133,#8134,#8135,#8136,#8137,#8138,#8139,#8140,#8141,
#8142));
#8278=CLOSED_SHELL('',(#8143,#8144,#8145,#8146));
#8279=CLOSED_SHELL('',(#8147,#8148,#8149,#8150,#8151,#8152,#8153,#8154,
#8155,#8156,#8157,#8158,#8159,#8160,#8161,#8162,#8163,#8164,#8165,#8166,
#8167,#8168,#8169,#8170,#8171,#8172,#8173,#8174,#8175,#8176,#8177,#8178,
#8179,#8180,#8181,#8182,#8183,#8184,#8185,#8186,#8187,#8188,#8189,#8190,
#8191,#8192,#8193,#8194,#8195,#8196,#8197,#8198,#8199,#8200,#8201,#8202,
#8203));
#8280=CLOSED_SHELL('',(#8204,#8205,#8206,#8207,#8208,#8209,#8210,#8211,
#8212,#8213,#8214,#8215,#8216,#8217,#8218,#8219,#8220,#8221,#8222,#8223,
#8224,#8225,#8226,#8227,#8228,#8229,#8230,#8231,#8232,#8233,#8234,#8235,
#8236,#8237,#8238,#8239,#8240,#8241,#8242,#8243,#8244,#8245,#8246,#8247,
#8248,#8249,#8250,#8251,#8252,#8253,#8254,#8255));
#8281=CLOSED_SHELL('',(#8256,#8257,#8258,#8259));
#8282=CLOSED_SHELL('',(#8260,#8261,#8262,#8263));
#8283=CLOSED_SHELL('',(#8264,#8265,#8266,#8267));
#8284=STYLED_ITEM('',(#8300),#8400);
#8285=STYLED_ITEM('',(#8301),#8401);
#8286=STYLED_ITEM('',(#8302),#8402);
#8287=STYLED_ITEM('',(#8303),#8403);
#8288=STYLED_ITEM('',(#8304),#8404);
#8289=STYLED_ITEM('',(#8305),#8405);
#8290=STYLED_ITEM('',(#8306),#8406);
#8291=STYLED_ITEM('',(#8307),#8407);
#8292=STYLED_ITEM('',(#8308),#8408);
#8293=STYLED_ITEM('',(#8309),#8409);
#8294=STYLED_ITEM('',(#8310),#8410);
#8295=STYLED_ITEM('',(#8311),#8411);
#8296=STYLED_ITEM('',(#8312),#8412);
#8297=STYLED_ITEM('',(#8313),#8413);
#8298=STYLED_ITEM('',(#8314),#8414);
#8299=STYLED_ITEM('',(#8315),#8415);
#8300=PRESENTATION_STYLE_ASSIGNMENT((#8316));
#8301=PRESENTATION_STYLE_ASSIGNMENT((#8317));
#8302=PRESENTATION_STYLE_ASSIGNMENT((#8318));
#8303=PRESENTATION_STYLE_ASSIGNMENT((#8319));
#8304=PRESENTATION_STYLE_ASSIGNMENT((#8320));
#8305=PRESENTATION_STYLE_ASSIGNMENT((#8321));
#8306=PRESENTATION_STYLE_ASSIGNMENT((#8322));
#8307=PRESENTATION_STYLE_ASSIGNMENT((#8323));
#8308=PRESENTATION_STYLE_ASSIGNMENT((#8324));
#8309=PRESENTATION_STYLE_ASSIGNMENT((#8325));
#8310=PRESENTATION_STYLE_ASSIGNMENT((#8326));
#8311=PRESENTATION_STYLE_ASSIGNMENT((#8327));
#8312=PRESENTATION_STYLE_ASSIGNMENT((#8328));
#8313=PRESENTATION_STYLE_ASSIGNMENT((#8329));
#8314=PRESENTATION_STYLE_ASSIGNMENT((#8330));
#8315=PRESENTATION_STYLE_ASSIGNMENT((#8331));
#8316=SURFACE_STYLE_USAGE(.BOTH.,#8332);
#8317=SURFACE_STYLE_USAGE(.BOTH.,#8333);
#8318=SURFACE_STYLE_USAGE(.BOTH.,#8334);
#8319=SURFACE_STYLE_USAGE(.BOTH.,#8335);
#8320=SURFACE_STYLE_USAGE(.BOTH.,#8336);
#8321=SURFACE_STYLE_USAGE(.BOTH.,#8337);
#8322=SURFACE_STYLE_USAGE(.BOTH.,#8338);
#8323=SURFACE_STYLE_USAGE(.BOTH.,#8339);
#8324=SURFACE_STYLE_USAGE(.BOTH.,#8340);
#8325=SURFACE_STYLE_USAGE(.BOTH.,#8341);
#8326=SURFACE_STYLE_USAGE(.BOTH.,#8342);
#8327=SURFACE_STYLE_USAGE(.BOTH.,#8343);
#8328=SURFACE_STYLE_USAGE(.BOTH.,#8344);
#8329=SURFACE_STYLE_USAGE(.BOTH.,#8345);
#8330=SURFACE_STYLE_USAGE(.BOTH.,#8346);
#8331=SURFACE_STYLE_USAGE(.BOTH.,#8347);
#8332=SURFACE_SIDE_STYLE('',(#8348));
#8333=SURFACE_SIDE_STYLE('',(#8349));
#8334=SURFACE_SIDE_STYLE('',(#8350));
#8335=SURFACE_SIDE_STYLE('',(#8351));
#8336=SURFACE_SIDE_STYLE('',(#8352));
#8337=SURFACE_SIDE_STYLE('',(#8353));
#8338=SURFACE_SIDE_STYLE('',(#8354));
#8339=SURFACE_SIDE_STYLE('',(#8355));
#8340=SURFACE_SIDE_STYLE('',(#8356));
#8341=SURFACE_SIDE_STYLE('',(#8357));
#8342=SURFACE_SIDE_STYLE('',(#8358));
#8343=SURFACE_SIDE_STYLE('',(#8359));
#8344=SURFACE_SIDE_STYLE('',(#8360));
#8345=SURFACE_SIDE_STYLE('',(#8361));
#8346=SURFACE_SIDE_STYLE('',(#8362));
#8347=SURFACE_SIDE_STYLE('',(#8363));
#8348=SURFACE_STYLE_FILL_AREA(#8364);
#8349=SURFACE_STYLE_FILL_AREA(#8365);
#8350=SURFACE_STYLE_FILL_AREA(#8366);
#8351=SURFACE_STYLE_FILL_AREA(#8367);
#8352=SURFACE_STYLE_FILL_AREA(#8368);
#8353=SURFACE_STYLE_FILL_AREA(#8369);
#8354=SURFACE_STYLE_FILL_AREA(#8370);
#8355=SURFACE_STYLE_FILL_AREA(#8371);
#8356=SURFACE_STYLE_FILL_AREA(#8372);
#8357=SURFACE_STYLE_FILL_AREA(#8373);
#8358=SURFACE_STYLE_FILL_AREA(#8374);
#8359=SURFACE_STYLE_FILL_AREA(#8375);
#8360=SURFACE_STYLE_FILL_AREA(#8376);
#8361=SURFACE_STYLE_FILL_AREA(#8377);
#8362=SURFACE_STYLE_FILL_AREA(#8378);
#8363=SURFACE_STYLE_FILL_AREA(#8379);
#8364=FILL_AREA_STYLE('',(#8380));
#8365=FILL_AREA_STYLE('',(#8381));
#8366=FILL_AREA_STYLE('',(#8382));
#8367=FILL_AREA_STYLE('',(#8383));
#8368=FILL_AREA_STYLE('',(#8384));
#8369=FILL_AREA_STYLE('',(#8385));
#8370=FILL_AREA_STYLE('',(#8386));
#8371=FILL_AREA_STYLE('',(#8387));
#8372=FILL_AREA_STYLE('',(#8388));
#8373=FILL_AREA_STYLE('',(#8389));
#8374=FILL_AREA_STYLE('',(#8390));
#8375=FILL_AREA_STYLE('',(#8391));
#8376=FILL_AREA_STYLE('',(#8392));
#8377=FILL_AREA_STYLE('',(#8393));
#8378=FILL_AREA_STYLE('',(#8394));
#8379=FILL_AREA_STYLE('',(#8395));
#8380=FILL_AREA_STYLE_COLOUR('',#8396);
#8381=FILL_AREA_STYLE_COLOUR('',#8397);
#8382=FILL_AREA_STYLE_COLOUR('',#8397);
#8383=FILL_AREA_STYLE_COLOUR('',#8398);
#8384=FILL_AREA_STYLE_COLOUR('',#8397);
#8385=FILL_AREA_STYLE_COLOUR('',#8399);
#8386=FILL_AREA_STYLE_COLOUR('',#8397);
#8387=FILL_AREA_STYLE_COLOUR('',#8399);
#8388=FILL_AREA_STYLE_COLOUR('',#8399);
#8389=FILL_AREA_STYLE_COLOUR('',#8399);
#8390=FILL_AREA_STYLE_COLOUR('',#8399);
#8391=FILL_AREA_STYLE_COLOUR('',#8399);
#8392=FILL_AREA_STYLE_COLOUR('',#8399);
#8393=FILL_AREA_STYLE_COLOUR('',#8399);
#8394=FILL_AREA_STYLE_COLOUR('',#8399);
#8395=FILL_AREA_STYLE_COLOUR('',#8399);
#8396=COLOUR_RGB('',0.768627450980392,0.886274509803922,0.952941176470588);
#8397=COLOUR_RGB('',0.917647058823529,0.917647058823529,0.917647058823529);
#8398=COLOUR_RGB('',0.231372549019608,0.380392156862745,0.705882352941177);
#8399=COLOUR_RGB('',0.647058823529412,0.647058823529412,0.647058823529412);
#8400=MANIFOLD_SOLID_BREP('Large casing (bottom section)',#8268);
#8401=MANIFOLD_SOLID_BREP('Motor model#3',#8269);
#8402=MANIFOLD_SOLID_BREP('Motor model#1',#8270);
#8403=MANIFOLD_SOLID_BREP('Large casing(top section)',#8271);
#8404=MANIFOLD_SOLID_BREP('Motor model #2',#8272);
#8405=MANIFOLD_SOLID_BREP('Wheel #2',#8273);
#8406=MANIFOLD_SOLID_BREP('Motor model#4',#8274);
#8407=MANIFOLD_SOLID_BREP('x-axis movement wheel mount #2',#8275);
#8408=MANIFOLD_SOLID_BREP('Top wheel #1',#8276);
#8409=MANIFOLD_SOLID_BREP('y-axis movement wheel mount#1',#8277);
#8410=MANIFOLD_SOLID_BREP('Wheel#3',#8278);
#8411=MANIFOLD_SOLID_BREP('y-axis movement wheel mount#2',#8279);
#8412=MANIFOLD_SOLID_BREP('x-axis movement wheel mount #1',#8280);
#8413=MANIFOLD_SOLID_BREP('Wheel#4',#8281);
#8414=MANIFOLD_SOLID_BREP('Top wheel #2',#8282);
#8415=MANIFOLD_SOLID_BREP('Wheel#1',#8283);
#8416=SHAPE_DEFINITION_REPRESENTATION(#14352,#8432);
#8417=SHAPE_DEFINITION_REPRESENTATION(#14353,#8433);
#8418=SHAPE_DEFINITION_REPRESENTATION(#14354,#8434);
#8419=SHAPE_DEFINITION_REPRESENTATION(#14355,#8435);
#8420=SHAPE_DEFINITION_REPRESENTATION(#14356,#8436);
#8421=SHAPE_DEFINITION_REPRESENTATION(#14357,#8437);
#8422=SHAPE_DEFINITION_REPRESENTATION(#14358,#8438);
#8423=SHAPE_DEFINITION_REPRESENTATION(#14359,#8439);
#8424=SHAPE_DEFINITION_REPRESENTATION(#14360,#8440);
#8425=SHAPE_DEFINITION_REPRESENTATION(#14361,#8441);
#8426=SHAPE_DEFINITION_REPRESENTATION(#14362,#8442);
#8427=SHAPE_DEFINITION_REPRESENTATION(#14363,#8443);
#8428=SHAPE_DEFINITION_REPRESENTATION(#14364,#8444);
#8429=SHAPE_DEFINITION_REPRESENTATION(#14365,#8445);
#8430=SHAPE_DEFINITION_REPRESENTATION(#14366,#8446);
#8431=SHAPE_DEFINITION_REPRESENTATION(#14367,#8447);
#8432=SHAPE_REPRESENTATION('Large casing (bottom section)',(#8448),#14272);
#8433=SHAPE_REPRESENTATION('Motor model#3',(#8560),#14273);
#8434=SHAPE_REPRESENTATION('Motor model#1',(#8571),#14274);
#8435=SHAPE_REPRESENTATION('Large casing(top section)',(#8582),#14275);
#8436=SHAPE_REPRESENTATION('Motor model #2',(#8721),#14276);
#8437=SHAPE_REPRESENTATION('Wheel #2',(#8732),#14277);
#8438=SHAPE_REPRESENTATION('Motor model#4',(#8741),#14278);
#8439=SHAPE_REPRESENTATION('x-axis movement wheel mount #2',(#8752),#14279);
#8440=SHAPE_REPRESENTATION('Top wheel #1',(#8846),#14280);
#8441=SHAPE_REPRESENTATION('y-axis movement wheel mount#1',(#8855),#14281);
#8442=SHAPE_REPRESENTATION('Wheel#3',(#8955),#14282);
#8443=SHAPE_REPRESENTATION('y-axis movement wheel mount#2',(#8964),#14283);
#8444=SHAPE_REPRESENTATION('x-axis movement wheel mount #1',(#9064),#14284);
#8445=SHAPE_REPRESENTATION('Wheel#4',(#9158),#14285);
#8446=SHAPE_REPRESENTATION('Top wheel #2',(#9167),#14286);
#8447=SHAPE_REPRESENTATION('Wheel#1',(#9176),#14287);
#8448=AXIS2_PLACEMENT_3D('',#11411,#9185,#9186);
#8449=AXIS2_PLACEMENT_3D('',#11412,#9187,#9188);
#8450=AXIS2_PLACEMENT_3D('',#11425,#9195,#9196);
#8451=AXIS2_PLACEMENT_3D('',#11438,#9203,#9204);
#8452=AXIS2_PLACEMENT_3D('',#11451,#9211,#9212);
#8453=AXIS2_PLACEMENT_3D('',#11464,#9219,#9220);
#8454=AXIS2_PLACEMENT_3D('',#11470,#9224,#9225);
#8455=AXIS2_PLACEMENT_3D('',#11476,#9229,#9230);
#8456=AXIS2_PLACEMENT_3D('',#11489,#9238,#9239);
#8457=AXIS2_PLACEMENT_3D('',#11495,#9243,#9244);
#8458=AXIS2_PLACEMENT_3D('',#11504,#9249,#9250);
#8459=AXIS2_PLACEMENT_3D('',#11513,#9255,#9256);
#8460=AXIS2_PLACEMENT_3D('',#11516,#9259,#9260);
#8461=AXIS2_PLACEMENT_3D('',#11525,#9266,#9267);
#8462=AXIS2_PLACEMENT_3D('',#11527,#9269,#9270);
#8463=AXIS2_PLACEMENT_3D('',#11529,#9272,#9273);
#8464=AXIS2_PLACEMENT_3D('',#11537,#9278,#9279);
#8465=AXIS2_PLACEMENT_3D('',#11545,#9284,#9285);
#8466=AXIS2_PLACEMENT_3D('',#11547,#9287,#9288);
#8467=AXIS2_PLACEMENT_3D('',#11549,#9290,#9291);
#8468=AXIS2_PLACEMENT_3D('',#11551,#9293,#9294);
#8469=AXIS2_PLACEMENT_3D('',#11552,#9295,#9296);
#8470=AXIS2_PLACEMENT_3D('',#11601,#9323,#9324);
#8471=AXIS2_PLACEMENT_3D('',#11603,#9325,#9326);
#8472=AXIS2_PLACEMENT_3D('',#11605,#9327,#9328);
#8473=AXIS2_PLACEMENT_3D('',#11611,#9332,#9333);
#8474=AXIS2_PLACEMENT_3D('',#11615,#9336,#9337);
#8475=AXIS2_PLACEMENT_3D('',#11628,#9345,#9346);
#8476=AXIS2_PLACEMENT_3D('',#11632,#9349,#9350);
#8477=AXIS2_PLACEMENT_3D('',#11638,#9354,#9355);
#8478=AXIS2_PLACEMENT_3D('',#11644,#9359,#9360);
#8479=AXIS2_PLACEMENT_3D('',#11646,#9362,#9363);
#8480=AXIS2_PLACEMENT_3D('',#11655,#9369,#9370);
#8481=AXIS2_PLACEMENT_3D('',#11656,#9371,#9372);
#8482=AXIS2_PLACEMENT_3D('',#11658,#9374,#9375);
#8483=AXIS2_PLACEMENT_3D('',#11666,#9380,#9381);
#8484=AXIS2_PLACEMENT_3D('',#11674,#9386,#9387);
#8485=AXIS2_PLACEMENT_3D('',#11676,#9389,#9390);
#8486=AXIS2_PLACEMENT_3D('',#11678,#9392,#9393);
#8487=AXIS2_PLACEMENT_3D('',#11680,#9395,#9396);
#8488=AXIS2_PLACEMENT_3D('',#11681,#9397,#9398);
#8489=AXIS2_PLACEMENT_3D('',#11687,#9402,#9403);
#8490=AXIS2_PLACEMENT_3D('',#11693,#9407,#9408);
#8491=AXIS2_PLACEMENT_3D('',#11699,#9412,#9413);
#8492=AXIS2_PLACEMENT_3D('',#11705,#9417,#9418);
#8493=AXIS2_PLACEMENT_3D('',#11714,#9423,#9424);
#8494=AXIS2_PLACEMENT_3D('',#11720,#9428,#9429);
#8495=AXIS2_PLACEMENT_3D('',#11726,#9433,#9434);
#8496=AXIS2_PLACEMENT_3D('',#11729,#9437,#9438);
#8497=AXIS2_PLACEMENT_3D('',#11730,#9439,#9440);
#8498=AXIS2_PLACEMENT_3D('',#11739,#9445,#9446);
#8499=AXIS2_PLACEMENT_3D('',#11748,#9451,#9452);
#8500=AXIS2_PLACEMENT_3D('',#11758,#9458,#9459);
#8501=AXIS2_PLACEMENT_3D('',#11773,#9468,#9469);
#8502=AXIS2_PLACEMENT_3D('',#11780,#9474,#9475);
#8503=AXIS2_PLACEMENT_3D('',#11783,#9478,#9479);
#8504=AXIS2_PLACEMENT_3D('',#11784,#9480,#9481);
#8505=AXIS2_PLACEMENT_3D('',#11791,#9486,#9487);
#8506=AXIS2_PLACEMENT_3D('',#11798,#9492,#9493);
#8507=AXIS2_PLACEMENT_3D('',#11799,#9494,#9495);
#8508=AXIS2_PLACEMENT_3D('',#11800,#9496,#9497);
#8509=AXIS2_PLACEMENT_3D('',#11803,#9499,#9500);
#8510=AXIS2_PLACEMENT_3D('',#11805,#9501,#9502);
#8511=AXIS2_PLACEMENT_3D('',#11807,#9503,#9504);
#8512=AXIS2_PLACEMENT_3D('',#11809,#9505,#9506);
#8513=AXIS2_PLACEMENT_3D('',#11811,#9507,#9508);
#8514=AXIS2_PLACEMENT_3D('',#11813,#9509,#9510);
#8515=AXIS2_PLACEMENT_3D('',#11814,#9511,#9512);
#8516=AXIS2_PLACEMENT_3D('',#11815,#9513,#9514);
#8517=AXIS2_PLACEMENT_3D('',#11816,#9515,#9516);
#8518=AXIS2_PLACEMENT_3D('',#11818,#9517,#9518);
#8519=AXIS2_PLACEMENT_3D('',#11819,#9519,#9520);
#8520=AXIS2_PLACEMENT_3D('',#11820,#9521,#9522);
#8521=AXIS2_PLACEMENT_3D('',#11822,#9523,#9524);
#8522=AXIS2_PLACEMENT_3D('',#11824,#9526,#9527);
#8523=AXIS2_PLACEMENT_3D('',#11825,#9528,#9529);
#8524=AXIS2_PLACEMENT_3D('',#11826,#9530,#9531);
#8525=AXIS2_PLACEMENT_3D('',#11827,#9532,#9533);
#8526=AXIS2_PLACEMENT_3D('',#11829,#9534,#9535);
#8527=AXIS2_PLACEMENT_3D('',#11831,#9537,#9538);
#8528=AXIS2_PLACEMENT_3D('',#11832,#9539,#9540);
#8529=AXIS2_PLACEMENT_3D('',#11834,#9541,#9542);
#8530=AXIS2_PLACEMENT_3D('',#11835,#9543,#9544);
#8531=AXIS2_PLACEMENT_3D('',#11836,#9545,#9546);
#8532=AXIS2_PLACEMENT_3D('',#11838,#9548,#9549);
#8533=AXIS2_PLACEMENT_3D('',#11840,#9551,#9552);
#8534=AXIS2_PLACEMENT_3D('',#11841,#9553,#9554);
#8535=AXIS2_PLACEMENT_3D('',#11843,#9556,#9557);
#8536=AXIS2_PLACEMENT_3D('',#11846,#9560,#9561);
#8537=AXIS2_PLACEMENT_3D('',#11848,#9563,#9564);
#8538=AXIS2_PLACEMENT_3D('',#11850,#9566,#9567);
#8539=AXIS2_PLACEMENT_3D('',#11852,#9569,#9570);
#8540=AXIS2_PLACEMENT_3D('',#11854,#9572,#9573);
#8541=AXIS2_PLACEMENT_3D('',#11856,#9575,#9576);
#8542=AXIS2_PLACEMENT_3D('',#11858,#9578,#9579);
#8543=AXIS2_PLACEMENT_3D('',#11860,#9581,#9582);
#8544=AXIS2_PLACEMENT_3D('',#11862,#9584,#9585);
#8545=AXIS2_PLACEMENT_3D('',#11864,#9587,#9588);
#8546=AXIS2_PLACEMENT_3D('',#11865,#9589,#9590);
#8547=AXIS2_PLACEMENT_3D('',#11867,#9592,#9593);
#8548=AXIS2_PLACEMENT_3D('',#11869,#9595,#9596);
#8549=AXIS2_PLACEMENT_3D('',#11871,#9598,#9599);
#8550=AXIS2_PLACEMENT_3D('',#11873,#9601,#9602);
#8551=AXIS2_PLACEMENT_3D('',#11875,#9604,#9605);
#8552=AXIS2_PLACEMENT_3D('',#11877,#9607,#9608);
#8553=AXIS2_PLACEMENT_3D('',#11878,#9609,#9610);
#8554=AXIS2_PLACEMENT_3D('',#11880,#9612,#9613);
#8555=AXIS2_PLACEMENT_3D('',#11882,#9615,#9616);
#8556=AXIS2_PLACEMENT_3D('',#11884,#9618,#9619);
#8557=AXIS2_PLACEMENT_3D('',#11886,#9621,#9622);
#8558=AXIS2_PLACEMENT_3D('',#11888,#9624,#9625);
#8559=AXIS2_PLACEMENT_3D('',#11890,#9627,#9628);
#8560=AXIS2_PLACEMENT_3D('',#11891,#9629,#9630);
#8561=AXIS2_PLACEMENT_3D('',#11892,#9631,#9632);
#8562=AXIS2_PLACEMENT_3D('',#11901,#9637,#9638);
#8563=AXIS2_PLACEMENT_3D('',#11907,#9642,#9643);
#8564=AXIS2_PLACEMENT_3D('',#11913,#9647,#9648);
#8565=AXIS2_PLACEMENT_3D('',#11916,#9651,#9652);
#8566=AXIS2_PLACEMENT_3D('',#11917,#9653,#9654);
#8567=AXIS2_PLACEMENT_3D('',#11919,#9655,#9656);
#8568=AXIS2_PLACEMENT_3D('',#11920,#9657,#9658);
#8569=AXIS2_PLACEMENT_3D('',#11921,#9659,#9660);
#8570=AXIS2_PLACEMENT_3D('',#11923,#9661,#9662);
#8571=AXIS2_PLACEMENT_3D('',#11924,#9663,#9664);
#8572=AXIS2_PLACEMENT_3D('',#11925,#9665,#9666);
#8573=AXIS2_PLACEMENT_3D('',#11934,#9671,#9672);
#8574=AXIS2_PLACEMENT_3D('',#11940,#9676,#9677);
#8575=AXIS2_PLACEMENT_3D('',#11946,#9681,#9682);
#8576=AXIS2_PLACEMENT_3D('',#11949,#9685,#9686);
#8577=AXIS2_PLACEMENT_3D('',#11950,#9687,#9688);
#8578=AXIS2_PLACEMENT_3D('',#11952,#9689,#9690);
#8579=AXIS2_PLACEMENT_3D('',#11953,#9691,#9692);
#8580=AXIS2_PLACEMENT_3D('',#11954,#9693,#9694);
#8581=AXIS2_PLACEMENT_3D('',#11956,#9695,#9696);
#8582=AXIS2_PLACEMENT_3D('',#11957,#9697,#9698);
#8583=AXIS2_PLACEMENT_3D('',#11958,#9699,#9700);
#8584=AXIS2_PLACEMENT_3D('',#11971,#9707,#9708);
#8585=AXIS2_PLACEMENT_3D('',#11984,#9715,#9716);
#8586=AXIS2_PLACEMENT_3D('',#11985,#9717,#9718);
#8587=AXIS2_PLACEMENT_3D('',#11987,#9719,#9720);
#8588=AXIS2_PLACEMENT_3D('',#11988,#9721,#9722);
#8589=AXIS2_PLACEMENT_3D('',#11990,#9723,#9724);
#8590=AXIS2_PLACEMENT_3D('',#11991,#9725,#9726);
#8591=AXIS2_PLACEMENT_3D('',#11993,#9727,#9728);
#8592=AXIS2_PLACEMENT_3D('',#12043,#9753,#9754);
#8593=AXIS2_PLACEMENT_3D('',#12052,#9759,#9760);
#8594=AXIS2_PLACEMENT_3D('',#12061,#9765,#9766);
#8595=AXIS2_PLACEMENT_3D('',#12071,#9772,#9773);
#8596=AXIS2_PLACEMENT_3D('',#12081,#9779,#9780);
#8597=AXIS2_PLACEMENT_3D('',#12091,#9786,#9787);
#8598=AXIS2_PLACEMENT_3D('',#12101,#9793,#9794);
#8599=AXIS2_PLACEMENT_3D('',#12102,#9795,#9796);
#8600=AXIS2_PLACEMENT_3D('',#12104,#9797,#9798);
#8601=AXIS2_PLACEMENT_3D('',#12106,#9799,#9800);
#8602=AXIS2_PLACEMENT_3D('',#12108,#9801,#9802);
#8603=AXIS2_PLACEMENT_3D('',#12110,#9803,#9804);
#8604=AXIS2_PLACEMENT_3D('',#12112,#9805,#9806);
#8605=AXIS2_PLACEMENT_3D('',#12116,#9809,#9810);
#8606=AXIS2_PLACEMENT_3D('',#12118,#9812,#9813);
#8607=AXIS2_PLACEMENT_3D('',#12120,#9815,#9816);
#8608=AXIS2_PLACEMENT_3D('',#12122,#9818,#9819);
#8609=AXIS2_PLACEMENT_3D('',#12124,#9821,#9822);
#8610=AXIS2_PLACEMENT_3D('',#12126,#9824,#9825);
#8611=AXIS2_PLACEMENT_3D('',#12128,#9827,#9828);
#8612=AXIS2_PLACEMENT_3D('',#12129,#9829,#9830);
#8613=AXIS2_PLACEMENT_3D('',#12131,#9831,#9832);
#8614=AXIS2_PLACEMENT_3D('',#12132,#9833,#9834);
#8615=AXIS2_PLACEMENT_3D('',#12134,#9835,#9836);
#8616=AXIS2_PLACEMENT_3D('',#12147,#9845,#9846);
#8617=AXIS2_PLACEMENT_3D('',#12149,#9848,#9849);
#8618=AXIS2_PLACEMENT_3D('',#12151,#9851,#9852);
#8619=AXIS2_PLACEMENT_3D('',#12152,#9853,#9854);
#8620=AXIS2_PLACEMENT_3D('',#12153,#9855,#9856);
#8621=AXIS2_PLACEMENT_3D('',#12154,#9857,#9858);
#8622=AXIS2_PLACEMENT_3D('',#12163,#9863,#9864);
#8623=AXIS2_PLACEMENT_3D('',#12169,#9868,#9869);
#8624=AXIS2_PLACEMENT_3D('',#12175,#9873,#9874);
#8625=AXIS2_PLACEMENT_3D('',#12181,#9878,#9879);
#8626=AXIS2_PLACEMENT_3D('',#12186,#9883,#9884);
#8627=AXIS2_PLACEMENT_3D('',#12191,#9888,#9889);
#8628=AXIS2_PLACEMENT_3D('',#12195,#9892,#9893);
#8629=AXIS2_PLACEMENT_3D('',#12201,#9897,#9898);
#8630=AXIS2_PLACEMENT_3D('',#12208,#9903,#9904);
#8631=AXIS2_PLACEMENT_3D('',#12212,#9907,#9908);
#8632=AXIS2_PLACEMENT_3D('',#12222,#9914,#9915);
#8633=AXIS2_PLACEMENT_3D('',#12228,#9919,#9920);
#8634=AXIS2_PLACEMENT_3D('',#12234,#9924,#9925);
#8635=AXIS2_PLACEMENT_3D('',#12236,#9927,#9928);
#8636=AXIS2_PLACEMENT_3D('',#12237,#9929,#9930);
#8637=AXIS2_PLACEMENT_3D('',#12246,#9935,#9936);
#8638=AXIS2_PLACEMENT_3D('',#12252,#9940,#9941);
#8639=AXIS2_PLACEMENT_3D('',#12258,#9945,#9946);
#8640=AXIS2_PLACEMENT_3D('',#12264,#9950,#9951);
#8641=AXIS2_PLACEMENT_3D('',#12269,#9955,#9956);
#8642=AXIS2_PLACEMENT_3D('',#12274,#9960,#9961);
#8643=AXIS2_PLACEMENT_3D('',#12278,#9964,#9965);
#8644=AXIS2_PLACEMENT_3D('',#12284,#9969,#9970);
#8645=AXIS2_PLACEMENT_3D('',#12291,#9975,#9976);
#8646=AXIS2_PLACEMENT_3D('',#12295,#9979,#9980);
#8647=AXIS2_PLACEMENT_3D('',#12305,#9986,#9987);
#8648=AXIS2_PLACEMENT_3D('',#12311,#9991,#9992);
#8649=AXIS2_PLACEMENT_3D('',#12317,#9996,#9997);
#8650=AXIS2_PLACEMENT_3D('',#12319,#9999,#10000);
#8651=AXIS2_PLACEMENT_3D('',#12320,#10001,#10002);
#8652=AXIS2_PLACEMENT_3D('',#12321,#10003,#10004);
#8653=AXIS2_PLACEMENT_3D('',#12323,#10005,#10006);
#8654=AXIS2_PLACEMENT_3D('',#12324,#10007,#10008);
#8655=AXIS2_PLACEMENT_3D('',#12326,#10009,#10010);
#8656=AXIS2_PLACEMENT_3D('',#12327,#10011,#10012);
#8657=AXIS2_PLACEMENT_3D('',#12329,#10013,#10014);
#8658=AXIS2_PLACEMENT_3D('',#12330,#10015,#10016);
#8659=AXIS2_PLACEMENT_3D('',#12332,#10017,#10018);
#8660=AXIS2_PLACEMENT_3D('',#12333,#10019,#10020);
#8661=AXIS2_PLACEMENT_3D('',#12335,#10021,#10022);
#8662=AXIS2_PLACEMENT_3D('',#12336,#10023,#10024);
#8663=AXIS2_PLACEMENT_3D('',#12337,#10025,#10026);
#8664=AXIS2_PLACEMENT_3D('',#12339,#10027,#10028);
#8665=AXIS2_PLACEMENT_3D('',#12340,#10029,#10030);
#8666=AXIS2_PLACEMENT_3D('',#12341,#10031,#10032);
#8667=AXIS2_PLACEMENT_3D('',#12343,#10033,#10034);
#8668=AXIS2_PLACEMENT_3D('',#12344,#10035,#10036);
#8669=AXIS2_PLACEMENT_3D('',#12345,#10037,#10038);
#8670=AXIS2_PLACEMENT_3D('',#12347,#10039,#10040);
#8671=AXIS2_PLACEMENT_3D('',#12348,#10041,#10042);
#8672=AXIS2_PLACEMENT_3D('',#12349,#10043,#10044);
#8673=AXIS2_PLACEMENT_3D('',#12351,#10045,#10046);
#8674=AXIS2_PLACEMENT_3D('',#12352,#10047,#10048);
#8675=AXIS2_PLACEMENT_3D('',#12354,#10049,#10050);
#8676=AXIS2_PLACEMENT_3D('',#12356,#10051,#10052);
#8677=AXIS2_PLACEMENT_3D('',#12357,#10053,#10054);
#8678=AXIS2_PLACEMENT_3D('',#12359,#10055,#10056);
#8679=AXIS2_PLACEMENT_3D('',#12360,#10057,#10058);
#8680=AXIS2_PLACEMENT_3D('',#12362,#10059,#10060);
#8681=AXIS2_PLACEMENT_3D('',#12364,#10061,#10062);
#8682=AXIS2_PLACEMENT_3D('',#12365,#10063,#10064);
#8683=AXIS2_PLACEMENT_3D('',#12367,#10065,#10066);
#8684=AXIS2_PLACEMENT_3D('',#12368,#10067,#10068);
#8685=AXIS2_PLACEMENT_3D('',#12370,#10069,#10070);
#8686=AXIS2_PLACEMENT_3D('',#12371,#10071,#10072);
#8687=AXIS2_PLACEMENT_3D('',#12373,#10073,#10074);
#8688=AXIS2_PLACEMENT_3D('',#12374,#10075,#10076);
#8689=AXIS2_PLACEMENT_3D('',#12376,#10077,#10078);
#8690=AXIS2_PLACEMENT_3D('',#12378,#10080,#10081);
#8691=AXIS2_PLACEMENT_3D('',#12381,#10084,#10085);
#8692=AXIS2_PLACEMENT_3D('',#12382,#10086,#10087);
#8693=AXIS2_PLACEMENT_3D('',#12384,#10089,#10090);
#8694=AXIS2_PLACEMENT_3D('',#12387,#10093,#10094);
#8695=AXIS2_PLACEMENT_3D('',#12388,#10095,#10096);
#8696=AXIS2_PLACEMENT_3D('',#12390,#10098,#10099);
#8697=AXIS2_PLACEMENT_3D('',#12393,#10102,#10103);
#8698=AXIS2_PLACEMENT_3D('',#12394,#10104,#10105);
#8699=AXIS2_PLACEMENT_3D('',#12396,#10107,#10108);
#8700=AXIS2_PLACEMENT_3D('',#12399,#10111,#10112);
#8701=AXIS2_PLACEMENT_3D('',#12400,#10113,#10114);
#8702=AXIS2_PLACEMENT_3D('',#12401,#10115,#10116);
#8703=AXIS2_PLACEMENT_3D('',#12402,#10117,#10118);
#8704=AXIS2_PLACEMENT_3D('',#12403,#10119,#10120);
#8705=AXIS2_PLACEMENT_3D('',#12404,#10121,#10122);
#8706=AXIS2_PLACEMENT_3D('',#12410,#10126,#10127);
#8707=AXIS2_PLACEMENT_3D('',#12416,#10131,#10132);
#8708=AXIS2_PLACEMENT_3D('',#12425,#10137,#10138);
#8709=AXIS2_PLACEMENT_3D('',#12431,#10142,#10143);
#8710=AXIS2_PLACEMENT_3D('',#12437,#10147,#10148);
#8711=AXIS2_PLACEMENT_3D('',#12446,#10153,#10154);
#8712=AXIS2_PLACEMENT_3D('',#12448,#10156,#10157);
#8713=AXIS2_PLACEMENT_3D('',#12451,#10160,#10161);
#8714=AXIS2_PLACEMENT_3D('',#12453,#10163,#10164);
#8715=AXIS2_PLACEMENT_3D('',#12456,#10167,#10168);
#8716=AXIS2_PLACEMENT_3D('',#12458,#10170,#10171);
#8717=AXIS2_PLACEMENT_3D('',#12460,#10173,#10174);
#8718=AXIS2_PLACEMENT_3D('',#12461,#10175,#10176);
#8719=AXIS2_PLACEMENT_3D('',#12463,#10178,#10179);
#8720=AXIS2_PLACEMENT_3D('',#12465,#10181,#10182);
#8721=AXIS2_PLACEMENT_3D('',#12466,#10183,#10184);
#8722=AXIS2_PLACEMENT_3D('',#12467,#10185,#10186);
#8723=AXIS2_PLACEMENT_3D('',#12476,#10191,#10192);
#8724=AXIS2_PLACEMENT_3D('',#12482,#10196,#10197);
#8725=AXIS2_PLACEMENT_3D('',#12488,#10201,#10202);
#8726=AXIS2_PLACEMENT_3D('',#12491,#10205,#10206);
#8727=AXIS2_PLACEMENT_3D('',#12492,#10207,#10208);
#8728=AXIS2_PLACEMENT_3D('',#12494,#10209,#10210);
#8729=AXIS2_PLACEMENT_3D('',#12495,#10211,#10212);
#8730=AXIS2_PLACEMENT_3D('',#12496,#10213,#10214);
#8731=AXIS2_PLACEMENT_3D('',#12498,#10215,#10216);
#8732=AXIS2_PLACEMENT_3D('',#12499,#10217,#10218);
#8733=AXIS2_PLACEMENT_3D('',#12500,#10219,#10220);
#8734=AXIS2_PLACEMENT_3D('',#12501,#10221,#10222);
#8735=AXIS2_PLACEMENT_3D('',#12503,#10223,#10224);
#8736=AXIS2_PLACEMENT_3D('',#12505,#10225,#10226);
#8737=AXIS2_PLACEMENT_3D('',#12506,#10227,#10228);
#8738=AXIS2_PLACEMENT_3D('',#12508,#10229,#10230);
#8739=AXIS2_PLACEMENT_3D('',#12510,#10231,#10232);
#8740=AXIS2_PLACEMENT_3D('',#12511,#10233,#10234);
#8741=AXIS2_PLACEMENT_3D('',#12512,#10235,#10236);
#8742=AXIS2_PLACEMENT_3D('',#12513,#10237,#10238);
#8743=AXIS2_PLACEMENT_3D('',#12522,#10243,#10244);
#8744=AXIS2_PLACEMENT_3D('',#12528,#10248,#10249);
#8745=AXIS2_PLACEMENT_3D('',#12534,#10253,#10254);
#8746=AXIS2_PLACEMENT_3D('',#12537,#10257,#10258);
#8747=AXIS2_PLACEMENT_3D('',#12538,#10259,#10260);
#8748=AXIS2_PLACEMENT_3D('',#12540,#10261,#10262);
#8749=AXIS2_PLACEMENT_3D('',#12541,#10263,#10264);
#8750=AXIS2_PLACEMENT_3D('',#12542,#10265,#10266);
#8751=AXIS2_PLACEMENT_3D('',#12544,#10267,#10268);
#8752=AXIS2_PLACEMENT_3D('',#12545,#10269,#10270);
#8753=AXIS2_PLACEMENT_3D('',#12546,#10271,#10272);
#8754=AXIS2_PLACEMENT_3D('',#12553,#10273,#10274);
#8755=AXIS2_PLACEMENT_3D('',#12567,#10276,#10277);
#8756=AXIS2_PLACEMENT_3D('',#12581,#10279,#10280);
#8757=AXIS2_PLACEMENT_3D('',#12595,#10282,#10283);
#8758=AXIS2_PLACEMENT_3D('',#12609,#10285,#10286);
#8759=AXIS2_PLACEMENT_3D('',#12623,#10288,#10289);
#8760=AXIS2_PLACEMENT_3D('',#12637,#10291,#10292);
#8761=AXIS2_PLACEMENT_3D('',#12651,#10294,#10295);
#8762=AXIS2_PLACEMENT_3D('',#12665,#10297,#10298);
#8763=AXIS2_PLACEMENT_3D('',#12679,#10300,#10301);
#8764=AXIS2_PLACEMENT_3D('',#12687,#10303,#10304);
#8765=AXIS2_PLACEMENT_3D('',#12689,#10305,#10306);
#8766=AXIS2_PLACEMENT_3D('',#12694,#10309,#10310);
#8767=AXIS2_PLACEMENT_3D('',#12696,#10311,#10312);
#8768=AXIS2_PLACEMENT_3D('',#12701,#10315,#10316);
#8769=AXIS2_PLACEMENT_3D('',#12706,#10319,#10320);
#8770=AXIS2_PLACEMENT_3D('',#12711,#10323,#10324);
#8771=AXIS2_PLACEMENT_3D('',#12716,#10327,#10328);
#8772=AXIS2_PLACEMENT_3D('',#12717,#10329,#10330);
#8773=AXIS2_PLACEMENT_3D('',#12726,#10335,#10336);
#8774=AXIS2_PLACEMENT_3D('',#12727,#10337,#10338);
#8775=AXIS2_PLACEMENT_3D('',#12731,#10340,#10341);
#8776=AXIS2_PLACEMENT_3D('',#12732,#10342,#10343);
#8777=AXIS2_PLACEMENT_3D('',#12738,#10347,#10348);
#8778=AXIS2_PLACEMENT_3D('',#12739,#10349,#10350);
#8779=AXIS2_PLACEMENT_3D('',#12740,#10351,#10352);
#8780=AXIS2_PLACEMENT_3D('',#12741,#10353,#10354);
#8781=AXIS2_PLACEMENT_3D('',#12742,#10355,#10356);
#8782=AXIS2_PLACEMENT_3D('',#12743,#10357,#10358);
#8783=AXIS2_PLACEMENT_3D('',#12749,#10362,#10363);
#8784=AXIS2_PLACEMENT_3D('',#12755,#10367,#10368);
#8785=AXIS2_PLACEMENT_3D('',#12756,#10369,#10370);
#8786=AXIS2_PLACEMENT_3D('',#12761,#10373,#10374);
#8787=AXIS2_PLACEMENT_3D('',#12766,#10375,#10376);
#8788=AXIS2_PLACEMENT_3D('',#12771,#10377,#10378);
#8789=AXIS2_PLACEMENT_3D('',#12776,#10379,#10380);
#8790=AXIS2_PLACEMENT_3D('',#12781,#10381,#10382);
#8791=AXIS2_PLACEMENT_3D('',#12782,#10383,#10384);
#8792=AXIS2_PLACEMENT_3D('',#12795,#10386,#10387);
#8793=AXIS2_PLACEMENT_3D('',#12796,#10388,#10389);
#8794=AXIS2_PLACEMENT_3D('',#12797,#10390,#10391);
#8795=AXIS2_PLACEMENT_3D('',#12810,#10393,#10394);
#8796=AXIS2_PLACEMENT_3D('',#12811,#10395,#10396);
#8797=AXIS2_PLACEMENT_3D('',#12817,#10400,#10401);
#8798=AXIS2_PLACEMENT_3D('',#12820,#10404,#10405);
#8799=AXIS2_PLACEMENT_3D('',#12821,#10406,#10407);
#8800=AXIS2_PLACEMENT_3D('',#12825,#10410,#10411);
#8801=AXIS2_PLACEMENT_3D('',#12826,#10412,#10413);
#8802=AXIS2_PLACEMENT_3D('',#12827,#10414,#10415);
#8803=AXIS2_PLACEMENT_3D('',#12832,#10416,#10417);
#8804=AXIS2_PLACEMENT_3D('',#12837,#10418,#10419);
#8805=AXIS2_PLACEMENT_3D('',#12838,#10420,#10421);
#8806=AXIS2_PLACEMENT_3D('',#12851,#10423,#10424);
#8807=AXIS2_PLACEMENT_3D('',#12852,#10425,#10426);
#8808=AXIS2_PLACEMENT_3D('',#12855,#10429,#10430);
#8809=AXIS2_PLACEMENT_3D('',#12861,#10434,#10435);
#8810=AXIS2_PLACEMENT_3D('',#12863,#10437,#10438);
#8811=AXIS2_PLACEMENT_3D('',#12866,#10440,#10441);
#8812=AXIS2_PLACEMENT_3D('',#12867,#10442,#10443);
#8813=AXIS2_PLACEMENT_3D('',#12872,#10444,#10445);
#8814=AXIS2_PLACEMENT_3D('',#12877,#10446,#10447);
#8815=AXIS2_PLACEMENT_3D('',#12878,#10448,#10449);
#8816=AXIS2_PLACEMENT_3D('',#12879,#10450,#10451);
#8817=AXIS2_PLACEMENT_3D('',#12882,#10453,#10454);
#8818=AXIS2_PLACEMENT_3D('',#12883,#10455,#10456);
#8819=AXIS2_PLACEMENT_3D('',#12889,#10460,#10461);
#8820=AXIS2_PLACEMENT_3D('',#12895,#10465,#10466);
#8821=AXIS2_PLACEMENT_3D('',#12896,#10467,#10468);
#8822=AXIS2_PLACEMENT_3D('',#12901,#10471,#10472);
#8823=AXIS2_PLACEMENT_3D('',#12902,#10473,#10474);
#8824=AXIS2_PLACEMENT_3D('',#12903,#10475,#10476);
#8825=AXIS2_PLACEMENT_3D('',#12904,#10477,#10478);
#8826=AXIS2_PLACEMENT_3D('',#12905,#10479,#10480);
#8827=AXIS2_PLACEMENT_3D('',#12906,#10481,#10482);
#8828=AXIS2_PLACEMENT_3D('',#12907,#10483,#10484);
#8829=AXIS2_PLACEMENT_3D('',#12912,#10485,#10486);
#8830=AXIS2_PLACEMENT_3D('',#12917,#10487,#10488);
#8831=AXIS2_PLACEMENT_3D('',#12918,#10489,#10490);
#8832=AXIS2_PLACEMENT_3D('',#12919,#10491,#10492);
#8833=AXIS2_PLACEMENT_3D('',#12932,#10494,#10495);
#8834=AXIS2_PLACEMENT_3D('',#12935,#10498,#10499);
#8835=AXIS2_PLACEMENT_3D('',#12938,#10502,#10503);
#8836=AXIS2_PLACEMENT_3D('',#12940,#10505,#10506);
#8837=AXIS2_PLACEMENT_3D('',#12942,#10508,#10509);
#8838=AXIS2_PLACEMENT_3D('',#12943,#10510,#10511);
#8839=AXIS2_PLACEMENT_3D('',#12944,#10512,#10513);
#8840=AXIS2_PLACEMENT_3D('',#12945,#10514,#10515);
#8841=AXIS2_PLACEMENT_3D('',#12946,#10516,#10517);
#8842=AXIS2_PLACEMENT_3D('',#12947,#10518,#10519);
#8843=AXIS2_PLACEMENT_3D('',#12949,#10520,#10521);
#8844=AXIS2_PLACEMENT_3D('',#12951,#10522,#10523);
#8845=AXIS2_PLACEMENT_3D('',#12952,#10524,#10525);
#8846=AXIS2_PLACEMENT_3D('',#12953,#10526,#10527);
#8847=AXIS2_PLACEMENT_3D('',#12954,#10528,#10529);
#8848=AXIS2_PLACEMENT_3D('',#12955,#10530,#10531);
#8849=AXIS2_PLACEMENT_3D('',#12957,#10532,#10533);
#8850=AXIS2_PLACEMENT_3D('',#12959,#10534,#10535);
#8851=AXIS2_PLACEMENT_3D('',#12960,#10536,#10537);
#8852=AXIS2_PLACEMENT_3D('',#12962,#10538,#10539);
#8853=AXIS2_PLACEMENT_3D('',#12964,#10540,#10541);
#8854=AXIS2_PLACEMENT_3D('',#12965,#10542,#10543);
#8855=AXIS2_PLACEMENT_3D('',#12966,#10544,#10545);
#8856=AXIS2_PLACEMENT_3D('',#12967,#10546,#10547);
#8857=AXIS2_PLACEMENT_3D('',#12971,#10549,#10550);
#8858=AXIS2_PLACEMENT_3D('',#12975,#10552,#10553);
#8859=AXIS2_PLACEMENT_3D('',#12976,#10554,#10555);
#8860=AXIS2_PLACEMENT_3D('',#12980,#10557,#10558);
#8861=AXIS2_PLACEMENT_3D('',#12984,#10560,#10561);
#8862=AXIS2_PLACEMENT_3D('',#12985,#10562,#10563);
#8863=AXIS2_PLACEMENT_3D('',#12989,#10565,#10566);
#8864=AXIS2_PLACEMENT_3D('',#12993,#10568,#10569);
#8865=AXIS2_PLACEMENT_3D('',#12994,#10570,#10571);
#8866=AXIS2_PLACEMENT_3D('',#12998,#10573,#10574);
#8867=AXIS2_PLACEMENT_3D('',#13002,#10576,#10577);
#8868=AXIS2_PLACEMENT_3D('',#13004,#10578,#10579);
#8869=AXIS2_PLACEMENT_3D('',#13005,#10580,#10581);
#8870=AXIS2_PLACEMENT_3D('',#13018,#10583,#10584);
#8871=AXIS2_PLACEMENT_3D('',#13043,#10587,#10588);
#8872=AXIS2_PLACEMENT_3D('',#13068,#10591,#10592);
#8873=AXIS2_PLACEMENT_3D('',#13081,#10594,#10595);
#8874=AXIS2_PLACEMENT_3D('',#13096,#10597,#10598);
#8875=AXIS2_PLACEMENT_3D('',#13126,#10601,#10602);
#8876=AXIS2_PLACEMENT_3D('',#13134,#10604,#10605);
#8877=AXIS2_PLACEMENT_3D('',#13136,#10606,#10607);
#8878=AXIS2_PLACEMENT_3D('',#13138,#10608,#10609);
#8879=AXIS2_PLACEMENT_3D('',#13143,#10612,#10613);
#8880=AXIS2_PLACEMENT_3D('',#13144,#10614,#10615);
#8881=AXIS2_PLACEMENT_3D('',#13153,#10620,#10621);
#8882=AXIS2_PLACEMENT_3D('',#13154,#10622,#10623);
#8883=AXIS2_PLACEMENT_3D('',#13158,#10625,#10626);
#8884=AXIS2_PLACEMENT_3D('',#13159,#10627,#10628);
#8885=AXIS2_PLACEMENT_3D('',#13165,#10632,#10633);
#8886=AXIS2_PLACEMENT_3D('',#13166,#10634,#10635);
#8887=AXIS2_PLACEMENT_3D('',#13167,#10636,#10637);
#8888=AXIS2_PLACEMENT_3D('',#13168,#10638,#10639);
#8889=AXIS2_PLACEMENT_3D('',#13169,#10640,#10641);
#8890=AXIS2_PLACEMENT_3D('',#13170,#10642,#10643);
#8891=AXIS2_PLACEMENT_3D('',#13176,#10647,#10648);
#8892=AXIS2_PLACEMENT_3D('',#13182,#10652,#10653);
#8893=AXIS2_PLACEMENT_3D('',#13183,#10654,#10655);
#8894=AXIS2_PLACEMENT_3D('',#13188,#10658,#10659);
#8895=AXIS2_PLACEMENT_3D('',#13193,#10660,#10661);
#8896=AXIS2_PLACEMENT_3D('',#13198,#10662,#10663);
#8897=AXIS2_PLACEMENT_3D('',#13203,#10664,#10665);
#8898=AXIS2_PLACEMENT_3D('',#13208,#10666,#10667);
#8899=AXIS2_PLACEMENT_3D('',#13209,#10668,#10669);
#8900=AXIS2_PLACEMENT_3D('',#13222,#10671,#10672);
#8901=AXIS2_PLACEMENT_3D('',#13223,#10673,#10674);
#8902=AXIS2_PLACEMENT_3D('',#13224,#10675,#10676);
#8903=AXIS2_PLACEMENT_3D('',#13237,#10678,#10679);
#8904=AXIS2_PLACEMENT_3D('',#13238,#10680,#10681);
#8905=AXIS2_PLACEMENT_3D('',#13244,#10685,#10686);
#8906=AXIS2_PLACEMENT_3D('',#13247,#10689,#10690);
#8907=AXIS2_PLACEMENT_3D('',#13248,#10691,#10692);
#8908=AXIS2_PLACEMENT_3D('',#13252,#10695,#10696);
#8909=AXIS2_PLACEMENT_3D('',#13253,#10697,#10698);
#8910=AXIS2_PLACEMENT_3D('',#13254,#10699,#10700);
#8911=AXIS2_PLACEMENT_3D('',#13259,#10701,#10702);
#8912=AXIS2_PLACEMENT_3D('',#13264,#10703,#10704);
#8913=AXIS2_PLACEMENT_3D('',#13265,#10705,#10706);
#8914=AXIS2_PLACEMENT_3D('',#13278,#10708,#10709);
#8915=AXIS2_PLACEMENT_3D('',#13279,#10710,#10711);
#8916=AXIS2_PLACEMENT_3D('',#13282,#10714,#10715);
#8917=AXIS2_PLACEMENT_3D('',#13288,#10719,#10720);
#8918=AXIS2_PLACEMENT_3D('',#13290,#10722,#10723);
#8919=AXIS2_PLACEMENT_3D('',#13293,#10725,#10726);
#8920=AXIS2_PLACEMENT_3D('',#13294,#10727,#10728);
#8921=AXIS2_PLACEMENT_3D('',#13299,#10729,#10730);
#8922=AXIS2_PLACEMENT_3D('',#13304,#10731,#10732);
#8923=AXIS2_PLACEMENT_3D('',#13305,#10733,#10734);
#8924=AXIS2_PLACEMENT_3D('',#13306,#10735,#10736);
#8925=AXIS2_PLACEMENT_3D('',#13309,#10738,#10739);
#8926=AXIS2_PLACEMENT_3D('',#13310,#10740,#10741);
#8927=AXIS2_PLACEMENT_3D('',#13316,#10745,#10746);
#8928=AXIS2_PLACEMENT_3D('',#13322,#10750,#10751);
#8929=AXIS2_PLACEMENT_3D('',#13323,#10752,#10753);
#8930=AXIS2_PLACEMENT_3D('',#13328,#10756,#10757);
#8931=AXIS2_PLACEMENT_3D('',#13329,#10758,#10759);
#8932=AXIS2_PLACEMENT_3D('',#13330,#10760,#10761);
#8933=AXIS2_PLACEMENT_3D('',#13331,#10762,#10763);
#8934=AXIS2_PLACEMENT_3D('',#13332,#10764,#10765);
#8935=AXIS2_PLACEMENT_3D('',#13333,#10766,#10767);
#8936=AXIS2_PLACEMENT_3D('',#13334,#10768,#10769);
#8937=AXIS2_PLACEMENT_3D('',#13339,#10770,#10771);
#8938=AXIS2_PLACEMENT_3D('',#13344,#10772,#10773);
#8939=AXIS2_PLACEMENT_3D('',#13345,#10774,#10775);
#8940=AXIS2_PLACEMENT_3D('',#13346,#10776,#10777);
#8941=AXIS2_PLACEMENT_3D('',#13359,#10779,#10780);
#8942=AXIS2_PLACEMENT_3D('',#13362,#10783,#10784);
#8943=AXIS2_PLACEMENT_3D('',#13365,#10787,#10788);
#8944=AXIS2_PLACEMENT_3D('',#13367,#10790,#10791);
#8945=AXIS2_PLACEMENT_3D('',#13369,#10793,#10794);
#8946=AXIS2_PLACEMENT_3D('',#13370,#10795,#10796);
#8947=AXIS2_PLACEMENT_3D('',#13371,#10797,#10798);
#8948=AXIS2_PLACEMENT_3D('',#13372,#10799,#10800);
#8949=AXIS2_PLACEMENT_3D('',#13373,#10801,#10802);
#8950=AXIS2_PLACEMENT_3D('',#13374,#10803,#10804);
#8951=AXIS2_PLACEMENT_3D('',#13376,#10805,#10806);
#8952=AXIS2_PLACEMENT_3D('',#13378,#10807,#10808);
#8953=AXIS2_PLACEMENT_3D('',#13379,#10809,#10810);
#8954=AXIS2_PLACEMENT_3D('',#13380,#10811,#10812);
#8955=AXIS2_PLACEMENT_3D('',#13381,#10813,#10814);
#8956=AXIS2_PLACEMENT_3D('',#13382,#10815,#10816);
#8957=AXIS2_PLACEMENT_3D('',#13383,#10817,#10818);
#8958=AXIS2_PLACEMENT_3D('',#13385,#10819,#10820);
#8959=AXIS2_PLACEMENT_3D('',#13387,#10821,#10822);
#8960=AXIS2_PLACEMENT_3D('',#13388,#10823,#10824);
#8961=AXIS2_PLACEMENT_3D('',#13390,#10825,#10826);
#8962=AXIS2_PLACEMENT_3D('',#13392,#10827,#10828);
#8963=AXIS2_PLACEMENT_3D('',#13393,#10829,#10830);
#8964=AXIS2_PLACEMENT_3D('',#13394,#10831,#10832);
#8965=AXIS2_PLACEMENT_3D('',#13395,#10833,#10834);
#8966=AXIS2_PLACEMENT_3D('',#13399,#10836,#10837);
#8967=AXIS2_PLACEMENT_3D('',#13403,#10839,#10840);
#8968=AXIS2_PLACEMENT_3D('',#13404,#10841,#10842);
#8969=AXIS2_PLACEMENT_3D('',#13408,#10844,#10845);
#8970=AXIS2_PLACEMENT_3D('',#13412,#10847,#10848);
#8971=AXIS2_PLACEMENT_3D('',#13413,#10849,#10850);
#8972=AXIS2_PLACEMENT_3D('',#13417,#10852,#10853);
#8973=AXIS2_PLACEMENT_3D('',#13421,#10855,#10856);
#8974=AXIS2_PLACEMENT_3D('',#13422,#10857,#10858);
#8975=AXIS2_PLACEMENT_3D('',#13426,#10860,#10861);
#8976=AXIS2_PLACEMENT_3D('',#13430,#10863,#10864);
#8977=AXIS2_PLACEMENT_3D('',#13432,#10865,#10866);
#8978=AXIS2_PLACEMENT_3D('',#13433,#10867,#10868);
#8979=AXIS2_PLACEMENT_3D('',#13446,#10870,#10871);
#8980=AXIS2_PLACEMENT_3D('',#13471,#10874,#10875);
#8981=AXIS2_PLACEMENT_3D('',#13496,#10878,#10879);
#8982=AXIS2_PLACEMENT_3D('',#13509,#10881,#10882);
#8983=AXIS2_PLACEMENT_3D('',#13524,#10884,#10885);
#8984=AXIS2_PLACEMENT_3D('',#13554,#10888,#10889);
#8985=AXIS2_PLACEMENT_3D('',#13562,#10891,#10892);
#8986=AXIS2_PLACEMENT_3D('',#13564,#10893,#10894);
#8987=AXIS2_PLACEMENT_3D('',#13566,#10895,#10896);
#8988=AXIS2_PLACEMENT_3D('',#13571,#10899,#10900);
#8989=AXIS2_PLACEMENT_3D('',#13572,#10901,#10902);
#8990=AXIS2_PLACEMENT_3D('',#13581,#10907,#10908);
#8991=AXIS2_PLACEMENT_3D('',#13582,#10909,#10910);
#8992=AXIS2_PLACEMENT_3D('',#13586,#10912,#10913);
#8993=AXIS2_PLACEMENT_3D('',#13587,#10914,#10915);
#8994=AXIS2_PLACEMENT_3D('',#13593,#10919,#10920);
#8995=AXIS2_PLACEMENT_3D('',#13594,#10921,#10922);
#8996=AXIS2_PLACEMENT_3D('',#13595,#10923,#10924);
#8997=AXIS2_PLACEMENT_3D('',#13596,#10925,#10926);
#8998=AXIS2_PLACEMENT_3D('',#13597,#10927,#10928);
#8999=AXIS2_PLACEMENT_3D('',#13598,#10929,#10930);
#9000=AXIS2_PLACEMENT_3D('',#13604,#10934,#10935);
#9001=AXIS2_PLACEMENT_3D('',#13610,#10939,#10940);
#9002=AXIS2_PLACEMENT_3D('',#13611,#10941,#10942);
#9003=AXIS2_PLACEMENT_3D('',#13616,#10945,#10946);
#9004=AXIS2_PLACEMENT_3D('',#13621,#10947,#10948);
#9005=AXIS2_PLACEMENT_3D('',#13626,#10949,#10950);
#9006=AXIS2_PLACEMENT_3D('',#13631,#10951,#10952);
#9007=AXIS2_PLACEMENT_3D('',#13636,#10953,#10954);
#9008=AXIS2_PLACEMENT_3D('',#13637,#10955,#10956);
#9009=AXIS2_PLACEMENT_3D('',#13650,#10958,#10959);
#9010=AXIS2_PLACEMENT_3D('',#13651,#10960,#10961);
#9011=AXIS2_PLACEMENT_3D('',#13652,#10962,#10963);
#9012=AXIS2_PLACEMENT_3D('',#13665,#10965,#10966);
#9013=AXIS2_PLACEMENT_3D('',#13666,#10967,#10968);
#9014=AXIS2_PLACEMENT_3D('',#13672,#10972,#10973);
#9015=AXIS2_PLACEMENT_3D('',#13675,#10976,#10977);
#9016=AXIS2_PLACEMENT_3D('',#13676,#10978,#10979);
#9017=AXIS2_PLACEMENT_3D('',#13680,#10982,#10983);
#9018=AXIS2_PLACEMENT_3D('',#13681,#10984,#10985);
#9019=AXIS2_PLACEMENT_3D('',#13682,#10986,#10987);
#9020=AXIS2_PLACEMENT_3D('',#13687,#10988,#10989);
#9021=AXIS2_PLACEMENT_3D('',#13692,#10990,#10991);
#9022=AXIS2_PLACEMENT_3D('',#13693,#10992,#10993);
#9023=AXIS2_PLACEMENT_3D('',#13706,#10995,#10996);
#9024=AXIS2_PLACEMENT_3D('',#13707,#10997,#10998);
#9025=AXIS2_PLACEMENT_3D('',#13710,#11001,#11002);
#9026=AXIS2_PLACEMENT_3D('',#13716,#11006,#11007);
#9027=AXIS2_PLACEMENT_3D('',#13718,#11009,#11010);
#9028=AXIS2_PLACEMENT_3D('',#13721,#11012,#11013);
#9029=AXIS2_PLACEMENT_3D('',#13722,#11014,#11015);
#9030=AXIS2_PLACEMENT_3D('',#13727,#11016,#11017);
#9031=AXIS2_PLACEMENT_3D('',#13732,#11018,#11019);
#9032=AXIS2_PLACEMENT_3D('',#13733,#11020,#11021);
#9033=AXIS2_PLACEMENT_3D('',#13734,#11022,#11023);
#9034=AXIS2_PLACEMENT_3D('',#13737,#11025,#11026);
#9035=AXIS2_PLACEMENT_3D('',#13738,#11027,#11028);
#9036=AXIS2_PLACEMENT_3D('',#13744,#11032,#11033);
#9037=AXIS2_PLACEMENT_3D('',#13750,#11037,#11038);
#9038=AXIS2_PLACEMENT_3D('',#13751,#11039,#11040);
#9039=AXIS2_PLACEMENT_3D('',#13756,#11043,#11044);
#9040=AXIS2_PLACEMENT_3D('',#13757,#11045,#11046);
#9041=AXIS2_PLACEMENT_3D('',#13758,#11047,#11048);
#9042=AXIS2_PLACEMENT_3D('',#13759,#11049,#11050);
#9043=AXIS2_PLACEMENT_3D('',#13760,#11051,#11052);
#9044=AXIS2_PLACEMENT_3D('',#13761,#11053,#11054);
#9045=AXIS2_PLACEMENT_3D('',#13762,#11055,#11056);
#9046=AXIS2_PLACEMENT_3D('',#13767,#11057,#11058);
#9047=AXIS2_PLACEMENT_3D('',#13772,#11059,#11060);
#9048=AXIS2_PLACEMENT_3D('',#13773,#11061,#11062);
#9049=AXIS2_PLACEMENT_3D('',#13774,#11063,#11064);
#9050=AXIS2_PLACEMENT_3D('',#13787,#11066,#11067);
#9051=AXIS2_PLACEMENT_3D('',#13790,#11070,#11071);
#9052=AXIS2_PLACEMENT_3D('',#13793,#11074,#11075);
#9053=AXIS2_PLACEMENT_3D('',#13795,#11077,#11078);
#9054=AXIS2_PLACEMENT_3D('',#13797,#11080,#11081);
#9055=AXIS2_PLACEMENT_3D('',#13798,#11082,#11083);
#9056=AXIS2_PLACEMENT_3D('',#13799,#11084,#11085);
#9057=AXIS2_PLACEMENT_3D('',#13800,#11086,#11087);
#9058=AXIS2_PLACEMENT_3D('',#13801,#11088,#11089);
#9059=AXIS2_PLACEMENT_3D('',#13802,#11090,#11091);
#9060=AXIS2_PLACEMENT_3D('',#13804,#11092,#11093);
#9061=AXIS2_PLACEMENT_3D('',#13806,#11094,#11095);
#9062=AXIS2_PLACEMENT_3D('',#13807,#11096,#11097);
#9063=AXIS2_PLACEMENT_3D('',#13808,#11098,#11099);
#9064=AXIS2_PLACEMENT_3D('',#13809,#11100,#11101);
#9065=AXIS2_PLACEMENT_3D('',#13810,#11102,#11103);
#9066=AXIS2_PLACEMENT_3D('',#13817,#11104,#11105);
#9067=AXIS2_PLACEMENT_3D('',#13831,#11107,#11108);
#9068=AXIS2_PLACEMENT_3D('',#13845,#11110,#11111);
#9069=AXIS2_PLACEMENT_3D('',#13859,#11113,#11114);
#9070=AXIS2_PLACEMENT_3D('',#13873,#11116,#11117);
#9071=AXIS2_PLACEMENT_3D('',#13887,#11119,#11120);
#9072=AXIS2_PLACEMENT_3D('',#13901,#11122,#11123);
#9073=AXIS2_PLACEMENT_3D('',#13915,#11125,#11126);
#9074=AXIS2_PLACEMENT_3D('',#13929,#11128,#11129);
#9075=AXIS2_PLACEMENT_3D('',#13943,#11131,#11132);
#9076=AXIS2_PLACEMENT_3D('',#13951,#11134,#11135);
#9077=AXIS2_PLACEMENT_3D('',#13953,#11136,#11137);
#9078=AXIS2_PLACEMENT_3D('',#13958,#11140,#11141);
#9079=AXIS2_PLACEMENT_3D('',#13960,#11142,#11143);
#9080=AXIS2_PLACEMENT_3D('',#13965,#11146,#11147);
#9081=AXIS2_PLACEMENT_3D('',#13970,#11150,#11151);
#9082=AXIS2_PLACEMENT_3D('',#13975,#11154,#11155);
#9083=AXIS2_PLACEMENT_3D('',#13980,#11158,#11159);
#9084=AXIS2_PLACEMENT_3D('',#13981,#11160,#11161);
#9085=AXIS2_PLACEMENT_3D('',#13990,#11166,#11167);
#9086=AXIS2_PLACEMENT_3D('',#13991,#11168,#11169);
#9087=AXIS2_PLACEMENT_3D('',#13995,#11171,#11172);
#9088=AXIS2_PLACEMENT_3D('',#13996,#11173,#11174);
#9089=AXIS2_PLACEMENT_3D('',#14002,#11178,#11179);
#9090=AXIS2_PLACEMENT_3D('',#14003,#11180,#11181);
#9091=AXIS2_PLACEMENT_3D('',#14004,#11182,#11183);
#9092=AXIS2_PLACEMENT_3D('',#14005,#11184,#11185);
#9093=AXIS2_PLACEMENT_3D('',#14006,#11186,#11187);
#9094=AXIS2_PLACEMENT_3D('',#14007,#11188,#11189);
#9095=AXIS2_PLACEMENT_3D('',#14013,#11193,#11194);
#9096=AXIS2_PLACEMENT_3D('',#14019,#11198,#11199);
#9097=AXIS2_PLACEMENT_3D('',#14020,#11200,#11201);
#9098=AXIS2_PLACEMENT_3D('',#14025,#11204,#11205);
#9099=AXIS2_PLACEMENT_3D('',#14030,#11206,#11207);
#9100=AXIS2_PLACEMENT_3D('',#14035,#11208,#11209);
#9101=AXIS2_PLACEMENT_3D('',#14040,#11210,#11211);
#9102=AXIS2_PLACEMENT_3D('',#14045,#11212,#11213);
#9103=AXIS2_PLACEMENT_3D('',#14046,#11214,#11215);
#9104=AXIS2_PLACEMENT_3D('',#14059,#11217,#11218);
#9105=AXIS2_PLACEMENT_3D('',#14060,#11219,#11220);
#9106=AXIS2_PLACEMENT_3D('',#14061,#11221,#11222);
#9107=AXIS2_PLACEMENT_3D('',#14074,#11224,#11225);
#9108=AXIS2_PLACEMENT_3D('',#14075,#11226,#11227);
#9109=AXIS2_PLACEMENT_3D('',#14081,#11231,#11232);
#9110=AXIS2_PLACEMENT_3D('',#14084,#11235,#11236);
#9111=AXIS2_PLACEMENT_3D('',#14085,#11237,#11238);
#9112=AXIS2_PLACEMENT_3D('',#14089,#11241,#11242);
#9113=AXIS2_PLACEMENT_3D('',#14090,#11243,#11244);
#9114=AXIS2_PLACEMENT_3D('',#14091,#11245,#11246);
#9115=AXIS2_PLACEMENT_3D('',#14096,#11247,#11248);
#9116=AXIS2_PLACEMENT_3D('',#14101,#11249,#11250);
#9117=AXIS2_PLACEMENT_3D('',#14102,#11251,#11252);
#9118=AXIS2_PLACEMENT_3D('',#14115,#11254,#11255);
#9119=AXIS2_PLACEMENT_3D('',#14116,#11256,#11257);
#9120=AXIS2_PLACEMENT_3D('',#14119,#11260,#11261);
#9121=AXIS2_PLACEMENT_3D('',#14125,#11265,#11266);
#9122=AXIS2_PLACEMENT_3D('',#14127,#11268,#11269);
#9123=AXIS2_PLACEMENT_3D('',#14130,#11271,#11272);
#9124=AXIS2_PLACEMENT_3D('',#14131,#11273,#11274);
#9125=AXIS2_PLACEMENT_3D('',#14136,#11275,#11276);
#9126=AXIS2_PLACEMENT_3D('',#14141,#11277,#11278);
#9127=AXIS2_PLACEMENT_3D('',#14142,#11279,#11280);
#9128=AXIS2_PLACEMENT_3D('',#14143,#11281,#11282);
#9129=AXIS2_PLACEMENT_3D('',#14146,#11284,#11285);
#9130=AXIS2_PLACEMENT_3D('',#14147,#11286,#11287);
#9131=AXIS2_PLACEMENT_3D('',#14153,#11291,#11292);
#9132=AXIS2_PLACEMENT_3D('',#14159,#11296,#11297);
#9133=AXIS2_PLACEMENT_3D('',#14160,#11298,#11299);
#9134=AXIS2_PLACEMENT_3D('',#14165,#11302,#11303);
#9135=AXIS2_PLACEMENT_3D('',#14166,#11304,#11305);
#9136=AXIS2_PLACEMENT_3D('',#14167,#11306,#11307);
#9137=AXIS2_PLACEMENT_3D('',#14168,#11308,#11309);
#9138=AXIS2_PLACEMENT_3D('',#14169,#11310,#11311);
#9139=AXIS2_PLACEMENT_3D('',#14170,#11312,#11313);
#9140=AXIS2_PLACEMENT_3D('',#14171,#11314,#11315);
#9141=AXIS2_PLACEMENT_3D('',#14176,#11316,#11317);
#9142=AXIS2_PLACEMENT_3D('',#14181,#11318,#11319);
#9143=AXIS2_PLACEMENT_3D('',#14182,#11320,#11321);
#9144=AXIS2_PLACEMENT_3D('',#14183,#11322,#11323);
#9145=AXIS2_PLACEMENT_3D('',#14196,#11325,#11326);
#9146=AXIS2_PLACEMENT_3D('',#14199,#11329,#11330);
#9147=AXIS2_PLACEMENT_3D('',#14202,#11333,#11334);
#9148=AXIS2_PLACEMENT_3D('',#14204,#11336,#11337);
#9149=AXIS2_PLACEMENT_3D('',#14206,#11339,#11340);
#9150=AXIS2_PLACEMENT_3D('',#14207,#11341,#11342);
#9151=AXIS2_PLACEMENT_3D('',#14208,#11343,#11344);
#9152=AXIS2_PLACEMENT_3D('',#14209,#11345,#11346);
#9153=AXIS2_PLACEMENT_3D('',#14210,#11347,#11348);
#9154=AXIS2_PLACEMENT_3D('',#14211,#11349,#11350);
#9155=AXIS2_PLACEMENT_3D('',#14213,#11351,#11352);
#9156=AXIS2_PLACEMENT_3D('',#14215,#11353,#11354);
#9157=AXIS2_PLACEMENT_3D('',#14216,#11355,#11356);
#9158=AXIS2_PLACEMENT_3D('',#14217,#11357,#11358);
#9159=AXIS2_PLACEMENT_3D('',#14218,#11359,#11360);
#9160=AXIS2_PLACEMENT_3D('',#14219,#11361,#11362);
#9161=AXIS2_PLACEMENT_3D('',#14221,#11363,#11364);
#9162=AXIS2_PLACEMENT_3D('',#14223,#11365,#11366);
#9163=AXIS2_PLACEMENT_3D('',#14224,#11367,#11368);
#9164=AXIS2_PLACEMENT_3D('',#14226,#11369,#11370);
#9165=AXIS2_PLACEMENT_3D('',#14228,#11371,#11372);
#9166=AXIS2_PLACEMENT_3D('',#14229,#11373,#11374);
#9167=AXIS2_PLACEMENT_3D('',#14230,#11375,#11376);
#9168=AXIS2_PLACEMENT_3D('',#14231,#11377,#11378);
#9169=AXIS2_PLACEMENT_3D('',#14232,#11379,#11380);
#9170=AXIS2_PLACEMENT_3D('',#14234,#11381,#11382);
#9171=AXIS2_PLACEMENT_3D('',#14236,#11383,#11384);
#9172=AXIS2_PLACEMENT_3D('',#14237,#11385,#11386);
#9173=AXIS2_PLACEMENT_3D('',#14239,#11387,#11388);
#9174=AXIS2_PLACEMENT_3D('',#14241,#11389,#11390);
#9175=AXIS2_PLACEMENT_3D('',#14242,#11391,#11392);
#9176=AXIS2_PLACEMENT_3D('',#14243,#11393,#11394);
#9177=AXIS2_PLACEMENT_3D('',#14244,#11395,#11396);
#9178=AXIS2_PLACEMENT_3D('',#14245,#11397,#11398);
#9179=AXIS2_PLACEMENT_3D('',#14247,#11399,#11400);
#9180=AXIS2_PLACEMENT_3D('',#14249,#11401,#11402);
#9181=AXIS2_PLACEMENT_3D('',#14250,#11403,#11404);
#9182=AXIS2_PLACEMENT_3D('',#14252,#11405,#11406);
#9183=AXIS2_PLACEMENT_3D('',#14254,#11407,#11408);
#9184=AXIS2_PLACEMENT_3D('',#14255,#11409,#11410);
#9185=DIRECTION('',(0.,0.,1.));
#9186=DIRECTION('',(1.,0.,0.));
#9187=DIRECTION('',(0.707106781186548,0.707106781186548,-5.30436641447221E-16));
#9188=DIRECTION('',(3.77876430012033E-32,-7.50150692314295E-16,-1.));
#9189=DIRECTION('',(-7.32981099112321E-34,-7.50150692314295E-16,-1.));
#9190=DIRECTION('',(-0.707106781186548,0.707106781186548,0.));
#9191=DIRECTION('',(-3.77876430012033E-32,7.50150692314295E-16,1.));
#9192=DIRECTION('',(-0.577350269189625,0.577350269189625,-0.577350269189627));
#9193=DIRECTION('',(3.77876430012033E-32,-7.50150692314295E-16,-1.));
#9194=DIRECTION('',(-0.707106781186548,0.707106781186548,-5.30436641447221E-16));
#9195=DIRECTION('',(-0.707106781186548,0.707106781186547,-5.00223963285972E-16));
#9196=DIRECTION('',(4.27271792112513E-17,7.50150692314295E-16,1.));
#9197=DIRECTION('',(-0.707106781186547,-0.707106781186548,5.30436641447222E-16));
#9198=DIRECTION('',(4.27271792112513E-17,7.50150692314295E-16,1.));
#9199=DIRECTION('',(0.577350269189626,0.577350269189626,-0.577350269189626));
#9200=DIRECTION('',(-4.27271792112513E-17,-7.50150692314295E-16,-1.));
#9201=DIRECTION('',(-0.707106781186547,-0.707106781186548,0.));
#9202=DIRECTION('',(-1.8833040637704E-33,7.07423513103044E-16,1.));
#9203=DIRECTION('',(-0.707106781186548,0.707106781186548,-4.70011285124724E-16));
#9204=DIRECTION('',(-8.54543584225028E-17,-7.50150692314295E-16,-1.));
#9205=DIRECTION('',(-0.707106781186548,-0.707106781186548,5.90861997769719E-16));
#9206=DIRECTION('',(8.54543584225028E-17,7.50150692314295E-16,1.));
#9207=DIRECTION('',(-0.577350269189626,-0.577350269189625,0.577350269189626));
#9208=DIRECTION('',(-8.54543584225028E-17,-7.50150692314295E-16,-1.));
#9209=DIRECTION('',(-0.707106781186548,-0.707106781186548,0.));
#9210=DIRECTION('',(8.54543584225027E-17,7.50150692314295E-16,1.));
#9211=DIRECTION('',(0.707106781186547,0.707106781186548,-5.6064931960847E-16));
#9212=DIRECTION('',(4.27271792112513E-17,7.50150692314295E-16,1.));
#9213=DIRECTION('',(-8.54543584225027E-17,-7.07423513103044E-16,-1.));
#9214=DIRECTION('',(-0.707106781186548,0.707106781186547,0.));
#9215=DIRECTION('',(4.27271792112513E-17,7.50150692314295E-16,1.));
#9216=DIRECTION('',(0.577350269189626,-0.577350269189625,0.577350269189627));
#9217=DIRECTION('',(-4.27271792112513E-17,-7.50150692314295E-16,-1.));
#9218=DIRECTION('',(-0.707106781186548,0.707106781186547,-4.70011285124723E-16));
#9219=DIRECTION('',(6.12323399573677E-17,1.,-7.50150692314295E-16));
#9220=DIRECTION('',(1.,-6.12323399573677E-17,-8.54543584225027E-17));
#9221=DIRECTION('',(-1.,6.12323399573677E-17,8.54543584225027E-17));
#9222=DIRECTION('',(-1.,6.12323399573677E-17,8.54543584225027E-17));
#9223=DIRECTION('',(8.54543584225027E-17,7.50150692314295E-16,1.));
#9224=DIRECTION('',(-1.,6.12323399573677E-17,4.27271792112513E-17));
#9225=DIRECTION('',(6.12323399573677E-17,1.,0.));
#9226=DIRECTION('',(6.12323399573677E-17,1.,-7.50150692314295E-16));
#9227=DIRECTION('',(6.12323399573677E-17,1.,-7.50150692314295E-16));
#9228=DIRECTION('',(-4.27271792112513E-17,-7.50150692314295E-16,-1.));
#9229=DIRECTION('',(8.54543584225027E-17,7.50150692314295E-16,1.));
#9230=DIRECTION('',(-1.22464679914735E-16,-1.,7.50150692314295E-16));
#9231=DIRECTION('',(-1.,6.12323399573677E-17,8.54543584225027E-17));
#9232=DIRECTION('',(-6.12323399573677E-17,-1.,7.50150692314295E-16));
#9233=DIRECTION('',(-1.,6.12323399573677E-17,8.54543584225027E-17));
#9234=DIRECTION('',(6.12323399573677E-17,1.,-7.50150692314295E-16));
#9235=DIRECTION('',(-6.12323399573677E-17,-1.,7.50150692314295E-16));
#9236=DIRECTION('',(-1.,6.12323399573677E-17,8.54543584225027E-17));
#9237=DIRECTION('',(-6.12323399573677E-17,-1.,7.50150692314295E-16));
#9238=DIRECTION('',(1.,-6.12323399573677E-17,-8.54543584225027E-17));
#9239=DIRECTION('',(-6.12323399573677E-17,-1.,2.0526832973508E-48));
#9240=DIRECTION('',(6.12323399573677E-17,1.,-7.50150692314295E-16));
#9241=DIRECTION('',(-6.12323399573677E-17,-1.,7.50150692314295E-16));
#9242=DIRECTION('',(8.54543584225028E-17,7.50150692314295E-16,1.));
#9243=DIRECTION('',(-6.12323399573677E-17,-1.,7.50150692314295E-16));
#9244=DIRECTION('',(-1.,6.12323399573677E-17,8.54543584225027E-17));
#9245=DIRECTION('',(-1.,6.12323399573677E-17,8.54543584225027E-17));
#9246=DIRECTION('',(-8.54543584225028E-17,-7.50150692314295E-16,-1.));
#9247=DIRECTION('',(1.,-6.12323399573677E-17,-8.54543584225027E-17));
#9248=DIRECTION('',(4.27271792112513E-17,7.50150692314295E-16,1.));
#9249=DIRECTION('',(-6.12323399573677E-17,-1.,7.50150692314295E-16));
#9250=DIRECTION('',(-1.,6.12323399573677E-17,8.54543584225027E-17));
#9251=DIRECTION('',(-1.,6.12323399573677E-17,8.54543584225027E-17));
#9252=DIRECTION('',(-8.54543584225027E-17,-7.50150692314295E-16,-1.));
#9253=DIRECTION('',(-1.,6.12323399573677E-17,8.54543584225027E-17));
#9254=DIRECTION('',(-8.54543584225027E-17,-7.50150692314295E-16,-1.));
#9255=DIRECTION('',(1.,-6.12323399573677E-17,-8.54543584225027E-17));
#9256=DIRECTION('',(-6.12323399573677E-17,-1.,3.42113882891801E-48));
#9257=DIRECTION('',(-6.12323399573677E-17,-1.,7.50150692314295E-16));
#9258=DIRECTION('',(-6.12323399573677E-17,-1.,7.50150692314295E-16));
#9259=DIRECTION('',(-8.54543584225027E-17,-7.50150692314295E-16,-1.));
#9260=DIRECTION('',(1.22464679914735E-16,1.,-7.50150692314295E-16));
#9261=DIRECTION('',(-1.,6.12323399573677E-17,8.54543584225027E-17));
#9262=DIRECTION('',(-6.12323399573677E-17,-1.,7.50150692314295E-16));
#9263=DIRECTION('',(-1.,6.12323399573677E-17,8.54543584225027E-17));
#9264=DIRECTION('',(-6.12323399573677E-17,-1.,7.50150692314295E-16));
#9265=DIRECTION('',(-6.12323399573677E-17,-1.,7.50150692314295E-16));
#9266=DIRECTION('',(1.,-6.12323399573677E-17,-8.54543584225027E-17));
#9267=DIRECTION('',(-6.12323399573677E-17,-1.,3.42113882891801E-48));
#9268=DIRECTION('',(-6.12323399573677E-17,-1.,7.50150692314295E-16));
#9269=DIRECTION('',(6.12323399573677E-17,1.,-7.50150692314295E-16));
#9270=DIRECTION('',(1.,-6.12323399573677E-17,-8.54543584225027E-17));
#9271=DIRECTION('',(8.54543584225027E-17,7.50150692314295E-16,1.));
#9272=DIRECTION('',(-1.,6.12323399573677E-17,8.54543584225026E-17));
#9273=DIRECTION('',(6.12323399573677E-17,1.,-2.0526832973508E-48));
#9274=DIRECTION('',(-6.12323399573677E-17,-1.,7.50150692314295E-16));
#9275=DIRECTION('',(8.54543584225027E-17,7.50150692314295E-16,1.));
#9276=DIRECTION('',(8.54543584225027E-17,7.50150692314295E-16,1.));
#9277=DIRECTION('',(-1.71275535107227E-17,0.707106781186548,-0.707106781186548));
#9278=DIRECTION('',(-1.,6.12323399573677E-17,8.54543584225026E-17));
#9279=DIRECTION('',(6.12323399573677E-17,1.,-2.0526832973508E-48));
#9280=DIRECTION('',(8.54543584225027E-17,7.50150692314295E-16,1.));
#9281=DIRECTION('',(8.54543584225027E-17,7.50150692314295E-16,1.));
#9282=DIRECTION('',(-6.12323399573677E-17,-1.,7.50150692314295E-16));
#9283=DIRECTION('',(1.71275535107227E-17,-0.707106781186548,0.707106781186548));
#9284=DIRECTION('',(6.12323399573677E-17,1.,-7.50150692314295E-16));
#9285=DIRECTION('',(1.,-6.12323399573677E-17,-8.54543584225027E-17));
#9286=DIRECTION('',(-1.,6.12323399573677E-17,8.54543584225027E-17));
#9287=DIRECTION('',(-8.54543584225027E-17,-7.50150692314295E-16,-1.));
#9288=DIRECTION('',(1.22464679914735E-16,1.,-7.50150692314295E-16));
#9289=DIRECTION('',(1.,-6.12323399573677E-17,-8.54543584225027E-17));
#9290=DIRECTION('',(6.12323399573677E-17,1.,-7.50150692314295E-16));
#9291=DIRECTION('',(1.,-6.12323399573677E-17,-8.54543584225027E-17));
#9292=DIRECTION('',(-1.,6.12323399573677E-17,8.54543584225027E-17));
#9293=DIRECTION('',(1.03723159134272E-16,0.707106781186548,0.707106781186548));
#9294=DIRECTION('',(1.,-6.12323399573677E-17,-8.54543584225027E-17));
#9295=DIRECTION('',(0.,0.,-1.));
#9296=DIRECTION('',(1.,0.,0.));
#9297=DIRECTION('',(-6.12323399573677E-17,-1.,7.50150692314295E-16));
#9298=DIRECTION('',(1.,-6.12323399573677E-17,4.59334822110436E-32));
#9299=DIRECTION('',(-6.12323399573677E-17,-1.,7.50150692314295E-16));
#9300=DIRECTION('',(6.12323399573677E-17,1.,-7.50150692314295E-16));
#9301=DIRECTION('',(0.707106781186547,-0.707106781186548,0.));
#9302=DIRECTION('',(1.,-6.12323399573677E-17,4.59334822110436E-32));
#9303=DIRECTION('',(0.707106781186547,0.707106781186548,0.));
#9304=DIRECTION('',(6.12323399573677E-17,1.,-7.50150692314295E-16));
#9305=DIRECTION('',(0.707106781186548,-0.707106781186548,0.));
#9306=DIRECTION('',(0.707106781186548,0.707106781186548,0.));
#9307=DIRECTION('',(-1.,0.,0.));
#9308=DIRECTION('',(0.707106781186548,0.707106781186547,0.));
#9309=DIRECTION('',(2.23835287222814E-16,1.,0.));
#9310=DIRECTION('',(0.707106781186548,-0.707106781186547,0.));
#9311=DIRECTION('',(-1.,0.,0.));
#9312=DIRECTION('',(-0.707106781186548,-0.707106781186548,0.));
#9313=DIRECTION('',(2.23835287222814E-16,1.,0.));
#9314=DIRECTION('',(-0.707106781186547,0.707106781186548,0.));
#9315=DIRECTION('',(-1.,6.12323399573677E-17,8.54543584225027E-17));
#9316=DIRECTION('',(1.,0.,0.));
#9317=DIRECTION('',(1.,-6.12323399573677E-17,4.59334822110436E-32));
#9318=DIRECTION('',(1.,0.,0.));
#9319=DIRECTION('',(1.7347234759768E-16,-1.,0.));
#9320=DIRECTION('',(-1.,0.,0.));
#9321=DIRECTION('',(-1.7347234759768E-16,1.,0.));
#9322=DIRECTION('',(1.,0.,0.));
#9323=DIRECTION('',(0.,0.,-1.));
#9324=DIRECTION('',(-1.,0.,0.));
#9325=DIRECTION('',(0.,0.,-1.));
#9326=DIRECTION('',(-1.,0.,0.));
#9327=DIRECTION('',(6.12323399573677E-17,1.,-7.50150692314295E-16));
#9328=DIRECTION('',(-1.,6.12323399573677E-17,-4.59334822110436E-32));
#9329=DIRECTION('',(1.,-6.12323399573677E-17,4.59334822110436E-32));
#9330=DIRECTION('',(1.,-6.12323399573677E-17,4.59334822110436E-32));
#9331=DIRECTION('',(4.59334822110436E-32,7.50150692314295E-16,1.));
#9332=DIRECTION('',(1.,-6.12323399573677E-17,-4.27271792112513E-17));
#9333=DIRECTION('',(6.12323399573677E-17,1.,0.));
#9334=DIRECTION('',(-6.12323399573677E-17,-1.,7.50150692314295E-16));
#9335=DIRECTION('',(4.27271792112513E-17,7.50150692314295E-16,1.));
#9336=DIRECTION('',(0.,7.50150692314295E-16,1.));
#9337=DIRECTION('',(0.,-1.,7.50150692314295E-16));
#9338=DIRECTION('',(-1.,6.12323399573677E-17,-4.59334822110436E-32));
#9339=DIRECTION('',(6.12323399573677E-17,1.,-7.50150692314295E-16));
#9340=DIRECTION('',(1.,-6.12323399573677E-17,4.59334822110436E-32));
#9341=DIRECTION('',(-6.12323399573677E-17,-1.,7.50150692314295E-16));
#9342=DIRECTION('',(1.,-6.12323399573677E-17,4.59334822110436E-32));
#9343=DIRECTION('',(-6.12323399573677E-17,-1.,7.50150692314295E-16));
#9344=DIRECTION('',(-6.12323399573677E-17,-1.,7.50150692314295E-16));
#9345=DIRECTION('',(-1.,6.12323399573677E-17,-8.3721125212247E-32));
#9346=DIRECTION('',(-6.12323399573677E-17,-1.,0.));
#9347=DIRECTION('',(6.12323399573677E-17,1.,-7.50150692314295E-16));
#9348=DIRECTION('',(3.77876430012033E-32,-7.50150692314295E-16,-1.));
#9349=DIRECTION('',(-6.12323399573677E-17,-1.,7.50150692314295E-16));
#9350=DIRECTION('',(1.,-6.12323399573677E-17,4.59334822110436E-32));
#9351=DIRECTION('',(1.,-6.12323399573677E-17,4.59334822110436E-32));
#9352=DIRECTION('',(-3.77876430012033E-32,7.50150692314295E-16,1.));
#9353=DIRECTION('',(-4.27271792112513E-17,-7.50150692314295E-16,-1.));
#9354=DIRECTION('',(-6.12323399573677E-17,-1.,7.50150692314295E-16));
#9355=DIRECTION('',(1.,-6.12323399573677E-17,4.59334822110436E-32));
#9356=DIRECTION('',(-7.32981099112324E-34,-7.50150692314295E-16,-1.));
#9357=DIRECTION('',(1.,-6.12323399573677E-17,4.59334822110436E-32));
#9358=DIRECTION('',(-7.32981099112324E-34,-7.50150692314295E-16,-1.));
#9359=DIRECTION('',(-1.,6.12323399573677E-17,-4.52005011119313E-32));
#9360=DIRECTION('',(-6.12323399573677E-17,-1.,0.));
#9361=DIRECTION('',(-6.12323399573677E-17,-1.,7.50150692314295E-16));
#9362=DIRECTION('',(-5.4825942771122E-48,-7.50150692314295E-16,-1.));
#9363=DIRECTION('',(0.,1.,-7.50150692314295E-16));
#9364=DIRECTION('',(1.,-6.12323399573677E-17,4.59334822110436E-32));
#9365=DIRECTION('',(-6.12323399573677E-17,-1.,7.50150692314295E-16));
#9366=DIRECTION('',(-6.12323399573677E-17,-1.,7.50150692314295E-16));
#9367=DIRECTION('',(1.,-6.12323399573677E-17,4.59334822110436E-32));
#9368=DIRECTION('',(-6.12323399573677E-17,-1.,7.50150692314295E-16));
#9369=DIRECTION('',(-1.,6.12323399573677E-17,-4.52005011119313E-32));
#9370=DIRECTION('',(-6.12323399573677E-17,-1.,0.));
#9371=DIRECTION('',(6.12323399573677E-17,1.,-7.50150692314295E-16));
#9372=DIRECTION('',(-1.,6.12323399573677E-17,-4.59334822110436E-32));
#9373=DIRECTION('',(4.59334822110436E-32,7.50150692314295E-16,1.));
#9374=DIRECTION('',(1.,-6.12323399573677E-17,5.1835436801788E-48));
#9375=DIRECTION('',(6.12323399573677E-17,1.,0.));
#9376=DIRECTION('',(-6.12323399573677E-17,-1.,7.50150692314295E-16));
#9377=DIRECTION('',(4.32978028117747E-17,0.707106781186548,-0.707106781186548));
#9378=DIRECTION('',(4.59334822110436E-32,7.50150692314295E-16,1.));
#9379=DIRECTION('',(4.59334822110436E-32,7.50150692314295E-16,1.));
#9380=DIRECTION('',(1.,-6.12323399573677E-17,5.1835436801788E-48));
#9381=DIRECTION('',(6.12323399573677E-17,1.,0.));
#9382=DIRECTION('',(4.59334822110436E-32,7.50150692314295E-16,1.));
#9383=DIRECTION('',(-4.32978028117747E-17,-0.707106781186548,0.707106781186548));
#9384=DIRECTION('',(-6.12323399573677E-17,-1.,7.50150692314295E-16));
#9385=DIRECTION('',(4.59334822110436E-32,7.50150692314295E-16,1.));
#9386=DIRECTION('',(6.12323399573677E-17,1.,-7.50150692314295E-16));
#9387=DIRECTION('',(-1.,6.12323399573677E-17,-4.59334822110436E-32));
#9388=DIRECTION('',(1.,-6.12323399573677E-17,4.59334822110436E-32));
#9389=DIRECTION('',(0.,-7.50150692314295E-16,-1.));
#9390=DIRECTION('',(0.,1.,-7.50150692314295E-16));
#9391=DIRECTION('',(-1.,6.12323399573677E-17,-4.59334822110436E-32));
#9392=DIRECTION('',(6.12323399573677E-17,1.,-7.50150692314295E-16));
#9393=DIRECTION('',(-1.,6.12323399573677E-17,-4.59334822110436E-32));
#9394=DIRECTION('',(1.,-6.12323399573677E-17,4.59334822110436E-32));
#9395=DIRECTION('',(4.32978028117746E-17,0.707106781186548,0.707106781186548));
#9396=DIRECTION('',(-1.,6.12323399573677E-17,-4.59334822110436E-32));
#9397=DIRECTION('',(0.,1.,6.12323399573677E-17));
#9398=DIRECTION('',(1.,0.,0.));
#9399=DIRECTION('',(0.,6.12323399573677E-17,-1.));
#9400=DIRECTION('',(-1.,0.,0.));
#9401=DIRECTION('',(0.,-6.12323399573677E-17,1.));
#9402=DIRECTION('',(1.,-2.23835287222814E-16,-1.37059584016824E-32));
#9403=DIRECTION('',(-2.23835287222814E-16,-1.,-6.12323399573677E-17));
#9404=DIRECTION('',(-2.23835287222814E-16,-1.,-6.12323399573677E-17));
#9405=DIRECTION('',(0.,-6.12323399573677E-17,1.));
#9406=DIRECTION('',(0.,6.12323399573677E-17,-1.));
#9407=DIRECTION('',(0.,1.,6.12323399573677E-17));
#9408=DIRECTION('',(1.,0.,0.));
#9409=DIRECTION('',(1.,0.,0.));
#9410=DIRECTION('',(0.,-6.12323399573677E-17,1.));
#9411=DIRECTION('',(0.,6.12323399573677E-17,-1.));
#9412=DIRECTION('',(1.,-2.23835287222814E-16,-1.37059584016824E-32));
#9413=DIRECTION('',(-2.23835287222814E-16,-1.,-6.12323399573677E-17));
#9414=DIRECTION('',(0.,6.12323399573677E-17,-1.));
#9415=DIRECTION('',(2.23835287222814E-16,1.,6.12323399573677E-17));
#9416=DIRECTION('',(0.,-6.12323399573677E-17,1.));
#9417=DIRECTION('',(0.,1.,6.12323399573677E-17));
#9418=DIRECTION('',(1.,0.,0.));
#9419=DIRECTION('',(1.,0.,0.));
#9420=DIRECTION('',(0.,6.12323399573677E-17,-1.));
#9421=DIRECTION('',(1.,0.,0.));
#9422=DIRECTION('',(0.,6.12323399573677E-17,-1.));
#9423=DIRECTION('',(1.,-2.23835287222814E-16,-1.37059584016824E-32));
#9424=DIRECTION('',(-2.23835287222814E-16,-1.,-6.12323399573677E-17));
#9425=DIRECTION('',(-2.23835287222814E-16,-1.,-6.12323399573677E-17));
#9426=DIRECTION('',(-2.23835287222814E-16,-1.,-6.12323399573677E-17));
#9427=DIRECTION('',(0.,6.12323399573677E-17,-1.));
#9428=DIRECTION('',(0.,1.,6.12323399573677E-17));
#9429=DIRECTION('',(1.,0.,0.));
#9430=DIRECTION('',(1.,0.,0.));
#9431=DIRECTION('',(1.,0.,0.));
#9432=DIRECTION('',(0.,6.12323399573677E-17,-1.));
#9433=DIRECTION('',(1.,-2.23835287222814E-16,-1.37059584016824E-32));
#9434=DIRECTION('',(-2.23835287222814E-16,-1.,-6.12323399573677E-17));
#9435=DIRECTION('',(-2.23835287222814E-16,-1.,-6.12323399573677E-17));
#9436=DIRECTION('',(-2.23835287222814E-16,-1.,-6.12323399573677E-17));
#9437=DIRECTION('',(0.,-6.12323399573677E-17,1.));
#9438=DIRECTION('',(1.,0.,0.));
#9439=DIRECTION('',(0.,-1.,0.));
#9440=DIRECTION('',(0.,0.,-1.));
#9441=DIRECTION('',(0.,0.,1.));
#9442=DIRECTION('',(1.,0.,0.));
#9443=DIRECTION('',(0.,0.,1.));
#9444=DIRECTION('',(1.,1.7347234759768E-16,0.));
#9445=DIRECTION('',(-1.7347234759768E-16,1.,0.));
#9446=DIRECTION('',(-1.,-1.7347234759768E-16,0.));
#9447=DIRECTION('',(-1.,1.7347234759768E-16,0.));
#9448=DIRECTION('',(0.,0.,-1.));
#9449=DIRECTION('',(-1.,-1.7347234759768E-16,0.));
#9450=DIRECTION('',(0.,0.,-1.));
#9451=DIRECTION('',(1.,1.7347234759768E-16,0.));
#9452=DIRECTION('',(-1.7347234759768E-16,1.,0.));
#9453=DIRECTION('',(0.,0.,-1.));
#9454=DIRECTION('',(1.7347234759768E-16,1.,0.));
#9455=DIRECTION('',(-1.7347234759768E-16,1.,0.));
#9456=DIRECTION('',(0.,0.,-1.));
#9457=DIRECTION('',(1.7347234759768E-16,-1.,0.));
#9458=DIRECTION('',(-1.7347234759768E-16,1.,0.));
#9459=DIRECTION('',(-1.,-1.7347234759768E-16,0.));
#9460=DIRECTION('',(0.,0.,-1.));
#9461=DIRECTION('',(0.707106781186547,1.2266347333467E-16,0.707106781186548));
#9462=DIRECTION('',(-0.707106781186547,-1.2266347333467E-16,0.707106781186548));
#9463=DIRECTION('',(0.,0.,-1.));
#9464=DIRECTION('',(1.,1.7347234759768E-16,0.));
#9465=DIRECTION('',(1.,0.,0.));
#9466=DIRECTION('',(0.,0.,-1.));
#9467=DIRECTION('',(-1.,-1.7347234759768E-16,0.));
#9468=DIRECTION('',(1.,1.7347234759768E-16,0.));
#9469=DIRECTION('',(-1.7347234759768E-16,1.,0.));
#9470=DIRECTION('',(1.7347234759768E-16,-1.,0.));
#9471=DIRECTION('',(1.7347234759768E-16,1.,0.));
#9472=DIRECTION('',(0.,0.,-1.));
#9473=DIRECTION('',(1.7347234759768E-16,-1.,0.));
#9474=DIRECTION('',(-1.7347234759768E-16,1.,0.));
#9475=DIRECTION('',(-1.,-1.7347234759768E-16,0.));
#9476=DIRECTION('',(1.,-1.7347234759768E-16,0.));
#9477=DIRECTION('',(1.,1.7347234759768E-16,0.));
#9478=DIRECTION('',(0.,0.,1.));
#9479=DIRECTION('',(1.,0.,0.));
#9480=DIRECTION('',(1.,1.7347234759768E-16,0.));
#9481=DIRECTION('',(-1.7347234759768E-16,1.,0.));
#9482=DIRECTION('',(-1.7347234759768E-16,1.,0.));
#9483=DIRECTION('',(0.,0.,1.));
#9484=DIRECTION('',(1.7347234759768E-16,1.,0.));
#9485=DIRECTION('',(1.7347234759768E-16,-1.,0.));
#9486=DIRECTION('',(1.,1.7347234759768E-16,0.));
#9487=DIRECTION('',(-1.7347234759768E-16,1.,0.));
#9488=DIRECTION('',(0.,0.,1.));
#9489=DIRECTION('',(-1.7347234759768E-16,1.,0.));
#9490=DIRECTION('',(1.7347234759768E-16,-1.,0.));
#9491=DIRECTION('',(1.7347234759768E-16,1.,0.));
#9492=DIRECTION('',(0.,0.,1.));
#9493=DIRECTION('',(-1.,-3.46944695195362E-16,0.));
#9494=DIRECTION('',(0.,0.,-1.));
#9495=DIRECTION('',(1.,0.,0.));
#9496=DIRECTION('',(0.,0.,-1.));
#9497=DIRECTION('',(-1.,0.,0.));
#9498=DIRECTION('',(1.,0.,0.));
#9499=DIRECTION('',(0.,0.,-1.));
#9500=DIRECTION('',(-1.,0.,0.));
#9501=DIRECTION('',(0.,0.,-1.));
#9502=DIRECTION('',(1.,0.,0.));
#9503=DIRECTION('',(0.,0.,1.));
#9504=DIRECTION('',(-1.,3.46944695195362E-16,0.));
#9505=DIRECTION('',(0.,0.,1.));
#9506=DIRECTION('',(1.,0.,0.));
#9507=DIRECTION('',(0.,0.,-1.));
#9508=DIRECTION('',(-1.,-3.46944695195362E-16,0.));
#9509=DIRECTION('',(0.,0.,1.));
#9510=DIRECTION('',(1.,0.,0.));
#9511=DIRECTION('',(0.,0.,1.));
#9512=DIRECTION('',(1.,0.,0.));
#9513=DIRECTION('',(0.,0.,-1.));
#9514=DIRECTION('',(-1.,0.,0.));
#9515=DIRECTION('',(0.,0.,-1.));
#9516=DIRECTION('',(1.,0.,0.));
#9517=DIRECTION('',(0.,0.,1.));
#9518=DIRECTION('',(1.,0.,0.));
#9519=DIRECTION('',(0.,0.,-1.));
#9520=DIRECTION('',(1.,-3.46944695195362E-16,0.));
#9521=DIRECTION('',(0.,0.,-1.));
#9522=DIRECTION('',(1.,0.,0.));
#9523=DIRECTION('',(0.,0.,1.));
#9524=DIRECTION('',(-1.,3.46944695195362E-16,0.));
#9525=DIRECTION('',(-1.,-1.7347234759768E-16,0.));
#9526=DIRECTION('',(0.,0.,1.));
#9527=DIRECTION('',(1.,0.,0.));
#9528=DIRECTION('',(0.,0.,1.));
#9529=DIRECTION('',(1.,0.,0.));
#9530=DIRECTION('',(0.,0.,-1.));
#9531=DIRECTION('',(-1.,0.,0.));
#9532=DIRECTION('',(0.,0.,1.));
#9533=DIRECTION('',(1.,0.,0.));
#9534=DIRECTION('',(0.,-1.,0.));
#9535=DIRECTION('',(0.,0.,-1.));
#9536=DIRECTION('',(1.,0.,0.));
#9537=DIRECTION('',(0.,0.,-1.));
#9538=DIRECTION('',(1.,3.46944695195362E-16,0.));
#9539=DIRECTION('',(0.,0.,1.));
#9540=DIRECTION('',(1.,0.,0.));
#9541=DIRECTION('',(0.,0.,1.));
#9542=DIRECTION('',(1.,0.,0.));
#9543=DIRECTION('',(0.,0.,1.));
#9544=DIRECTION('',(1.,0.,0.));
#9545=DIRECTION('',(-0.707106781186548,-1.2266347333467E-16,-0.707106781186547));
#9546=DIRECTION('',(1.7347234759768E-16,-1.,0.));
#9547=DIRECTION('',(0.577350269189626,0.577350269189625,-0.577350269189626));
#9548=DIRECTION('',(0.,0.707106781186548,0.707106781186547));
#9549=DIRECTION('',(1.,0.,0.));
#9550=DIRECTION('',(0.577350269189626,-0.577350269189625,0.577350269189626));
#9551=DIRECTION('',(-0.707106781186548,-1.2266347333467E-16,0.707106781186547));
#9552=DIRECTION('',(-1.7347234759768E-16,1.,0.));
#9553=DIRECTION('',(-0.707106781186548,0.707106781186548,4.32978028117746E-17));
#9554=DIRECTION('',(0.,-6.12323399573677E-17,1.));
#9555=DIRECTION('',(0.707106781186548,0.707106781186548,0.));
#9556=DIRECTION('',(-0.577350269189626,0.577350269189626,-0.577350269189625));
#9557=DIRECTION('',(-0.707106781186548,-0.707106781186548,0.));
#9558=DIRECTION('',(0.707106781186548,1.05762947751096E-15,-0.707106781186548));
#9559=DIRECTION('',(-9.61481343191781E-17,-0.707106781186547,-0.707106781186548));
#9560=DIRECTION('',(-0.707106781186547,-0.707106781186548,-4.32978028117747E-17));
#9561=DIRECTION('',(0.,6.12323399573677E-17,-1.));
#9562=DIRECTION('',(-0.707106781186548,0.707106781186547,8.82200137686988E-16));
#9563=DIRECTION('',(0.,0.707106781186548,-0.707106781186547));
#9564=DIRECTION('',(-1.,0.,0.));
#9565=DIRECTION('',(-8.93088784488234E-16,0.707106781186547,0.707106781186548));
#9566=DIRECTION('',(0.707106781186548,-2.01573252275865E-16,0.707106781186548));
#9567=DIRECTION('',(-2.23835287222814E-16,-1.,-6.12323399573677E-17));
#9568=DIRECTION('',(-0.707106781186548,2.88444402957535E-16,0.707106781186548));
#9569=DIRECTION('',(0.707106781186548,0.707106781186547,4.32978028117746E-17));
#9570=DIRECTION('',(0.,6.12323399573677E-17,-1.));
#9571=DIRECTION('',(0.707106781186547,-0.707106781186548,-7.90345805858573E-16));
#9572=DIRECTION('',(0.577350269189625,0.577350269189627,-0.577350269189625));
#9573=DIRECTION('',(0.,0.707106781186547,0.707106781186548));
#9574=DIRECTION('',(-0.707106781186548,0.,-0.707106781186548));
#9575=DIRECTION('',(-0.577350269189626,-0.577350269189625,-0.577350269189626));
#9576=DIRECTION('',(-0.707106781186547,0.,0.707106781186548));
#9577=DIRECTION('',(2.88444402957534E-16,0.707106781186548,-0.707106781186547));
#9578=DIRECTION('',(0.707106781186548,-1.14977646652315E-16,-0.707106781186548));
#9579=DIRECTION('',(2.23835287222814E-16,1.,6.12323399573677E-17));
#9580=DIRECTION('',(0.707106781186548,-6.73036940234247E-16,0.707106781186548));
#9581=DIRECTION('',(0.,0.707106781186547,0.707106781186548));
#9582=DIRECTION('',(1.,0.,0.));
#9583=DIRECTION('',(-6.73036940234248E-16,-0.707106781186548,0.707106781186547));
#9584=DIRECTION('',(0.577350269189625,-0.577350269189626,-0.577350269189626));
#9585=DIRECTION('',(0.,0.707106781186548,-0.707106781186548));
#9586=DIRECTION('',(-0.707106781186548,-0.707106781186547,-3.31074146716501E-16));
#9587=DIRECTION('',(0.707106781186547,-0.707106781186548,-4.32978028117747E-17));
#9588=DIRECTION('',(0.,-6.12323399573677E-17,1.));
#9589=DIRECTION('',(0.707106781186548,4.87138838635447E-16,0.707106781186548));
#9590=DIRECTION('',(6.12323399573677E-17,1.,-7.50150692314295E-16));
#9591=DIRECTION('',(-0.707106781186548,0.,0.707106781186548));
#9592=DIRECTION('',(-0.707106781186548,-0.707106781186548,5.90861997769719E-16));
#9593=DIRECTION('',(-8.54543584225028E-17,-7.50150692314295E-16,-1.));
#9594=DIRECTION('',(-0.707106781186548,0.707106781186548,-2.31552626634447E-15));
#9595=DIRECTION('',(-0.577350269189625,-0.577350269189627,-0.577350269189625));
#9596=DIRECTION('',(0.,0.707106781186546,-0.707106781186549));
#9597=DIRECTION('',(2.30755522366028E-15,-0.707106781186548,0.707106781186548));
#9598=DIRECTION('',(-1.03723159134272E-16,-0.707106781186548,-0.707106781186548));
#9599=DIRECTION('',(1.,-6.12323399573677E-17,-8.54543584225027E-17));
#9600=DIRECTION('',(2.30755522366029E-15,0.707106781186548,-0.707106781186548));
#9601=DIRECTION('',(0.707106781186548,-0.707106781186548,5.00223963285973E-16));
#9602=DIRECTION('',(4.27271792112513E-17,7.50150692314295E-16,1.));
#9603=DIRECTION('',(-0.707106781186548,-0.707106781186548,7.37809488255981E-15));
#9604=DIRECTION('',(0.577350269189622,-0.577350269189628,-0.577350269189627));
#9605=DIRECTION('',(0.,0.707106781186547,-0.707106781186549));
#9606=DIRECTION('',(-0.707106781186548,5.0680955433008E-15,-0.707106781186548));
#9607=DIRECTION('',(-0.707106781186548,5.73734444258996E-16,0.707106781186548));
#9608=DIRECTION('',(6.12323399573677E-17,1.,-7.50150692314295E-16));
#9609=DIRECTION('',(0.707106781186548,-0.707106781186547,5.30436641447221E-16));
#9610=DIRECTION('',(3.77876430012033E-32,-7.50150692314295E-16,-1.));
#9611=DIRECTION('',(-0.707106781186547,-0.707106781186548,7.31399612634703E-15));
#9612=DIRECTION('',(-0.707106781186548,5.73734444258996E-16,0.707106781186547));
#9613=DIRECTION('',(6.12323399573677E-17,1.,-7.50150692314295E-16));
#9614=DIRECTION('',(-0.707106781186547,4.75189556472764E-15,-0.707106781186548));
#9615=DIRECTION('',(0.577350269189623,-0.577350269189628,-0.577350269189626));
#9616=DIRECTION('',(0.,0.707106781186546,-0.707106781186549));
#9617=DIRECTION('',(2.59599962661783E-15,0.707106781186548,-0.707106781186548));
#9618=DIRECTION('',(-0.707106781186548,-0.707106781186547,5.6064931960847E-16));
#9619=DIRECTION('',(4.27271792112513E-17,7.50150692314295E-16,1.));
#9620=DIRECTION('',(-0.707106781186547,0.707106781186548,-2.40738059817288E-15));
#9621=DIRECTION('',(-4.32978028117746E-17,-0.707106781186548,-0.707106781186548));
#9622=DIRECTION('',(-1.,6.12323399573677E-17,-4.59334822110436E-32));
#9623=DIRECTION('',(2.18365151372547E-15,-0.707106781186548,0.707106781186548));
#9624=DIRECTION('',(-0.577350269189625,-0.577350269189627,-0.577350269189625));
#9625=DIRECTION('',(0.707106781186548,-0.707106781186547,0.));
#9626=DIRECTION('',(-0.707106781186547,2.7755575615629E-17,0.707106781186548));
#9627=DIRECTION('',(0.707106781186548,4.87138838635446E-16,0.707106781186547));
#9628=DIRECTION('',(6.12323399573677E-17,1.,-7.50150692314295E-16));
#9629=DIRECTION('',(0.,0.,1.));
#9630=DIRECTION('',(1.,0.,0.));
#9631=DIRECTION('',(-1.,-3.69627624575467E-16,7.50150692314295E-16));
#9632=DIRECTION('',(7.50150692314295E-16,-6.27686012399559E-16,1.));
#9633=DIRECTION('',(3.69627624575467E-16,-1.,-6.2768601239956E-16));
#9634=DIRECTION('',(-7.50150692314295E-16,6.27686012399559E-16,-1.));
#9635=DIRECTION('',(3.69627624575467E-16,-1.,-6.2768601239956E-16));
#9636=DIRECTION('',(-7.50150692314295E-16,6.27686012399559E-16,-1.));
#9637=DIRECTION('',(3.69627624575467E-16,-1.,-6.2768601239956E-16));
#9638=DIRECTION('',(-7.50150692314295E-16,6.27686012399559E-16,-1.));
#9639=DIRECTION('',(1.,3.69627624575467E-16,-7.50150692314295E-16));
#9640=DIRECTION('',(1.,3.69627624575467E-16,-7.50150692314295E-16));
#9641=DIRECTION('',(-7.50150692314295E-16,6.27686012399559E-16,-1.));
#9642=DIRECTION('',(-1.,-3.69627624575467E-16,7.50150692314295E-16));
#9643=DIRECTION('',(7.50150692314295E-16,-6.27686012399559E-16,1.));
#9644=DIRECTION('',(3.69627624575467E-16,-1.,-6.2768601239956E-16));
#9645=DIRECTION('',(3.69627624575467E-16,-1.,-6.2768601239956E-16));
#9646=DIRECTION('',(-7.50150692314295E-16,6.27686012399559E-16,-1.));
#9647=DIRECTION('',(3.69627624575467E-16,-1.,-6.2768601239956E-16));
#9648=DIRECTION('',(-7.50150692314295E-16,6.27686012399559E-16,-1.));
#9649=DIRECTION('',(1.,3.69627624575467E-16,-7.50150692314295E-16));
#9650=DIRECTION('',(1.,3.69627624575467E-16,-7.50150692314295E-16));
#9651=DIRECTION('',(7.50150692314295E-16,-6.27686012399559E-16,1.));
#9652=DIRECTION('',(3.69627624575467E-16,-1.,-6.2768601239956E-16));
#9653=DIRECTION('',(-7.50150692314295E-16,6.27686012399559E-16,-1.));
#9654=DIRECTION('',(1.,3.08395284618099E-16,-7.50150692314295E-16));
#9655=DIRECTION('',(7.50150692314295E-16,-6.27686012399559E-16,1.));
#9656=DIRECTION('',(3.69627624575467E-16,-1.,-6.2768601239956E-16));
#9657=DIRECTION('',(-7.50150692314295E-16,6.27686012399559E-16,-1.));
#9658=DIRECTION('',(-1.,-3.08395284618099E-16,7.50150692314295E-16));
#9659=DIRECTION('',(-7.50150692314295E-16,6.27686012399559E-16,-1.));
#9660=DIRECTION('',(1.,3.08395284618099E-16,-7.50150692314295E-16));
#9661=DIRECTION('',(7.50150692314295E-16,-6.27686012399559E-16,1.));
#9662=DIRECTION('',(1.,3.08395284618099E-16,-7.50150692314295E-16));
#9663=DIRECTION('',(0.,0.,1.));
#9664=DIRECTION('',(1.,0.,0.));
#9665=DIRECTION('',(-1.,6.12323399573682E-17,7.50150692314295E-16));
#9666=DIRECTION('',(7.50150692314295E-16,7.50150692314295E-16,1.));
#9667=DIRECTION('',(6.12323399573677E-17,1.,-7.50150692314295E-16));
#9668=DIRECTION('',(-7.50150692314295E-16,-7.50150692314295E-16,-1.));
#9669=DIRECTION('',(6.12323399573677E-17,1.,-7.50150692314295E-16));
#9670=DIRECTION('',(-7.50150692314295E-16,-7.50150692314295E-16,-1.));
#9671=DIRECTION('',(6.12323399573677E-17,1.,-7.50150692314295E-16));
#9672=DIRECTION('',(-7.50150692314295E-16,-7.50150692314295E-16,-1.));
#9673=DIRECTION('',(1.,-6.12323399573682E-17,-7.50150692314295E-16));
#9674=DIRECTION('',(-7.50150692314295E-16,-7.50150692314295E-16,-1.));
#9675=DIRECTION('',(1.,-6.12323399573682E-17,-7.50150692314295E-16));
#9676=DIRECTION('',(-1.,6.12323399573682E-17,7.50150692314295E-16));
#9677=DIRECTION('',(7.50150692314295E-16,7.50150692314295E-16,1.));
#9678=DIRECTION('',(6.12323399573677E-17,1.,-7.50150692314295E-16));
#9679=DIRECTION('',(-7.50150692314295E-16,-7.50150692314295E-16,-1.));
#9680=DIRECTION('',(6.12323399573677E-17,1.,-7.50150692314295E-16));
#9681=DIRECTION('',(6.12323399573677E-17,1.,-7.50150692314295E-16));
#9682=DIRECTION('',(-7.50150692314295E-16,-7.50150692314295E-16,-1.));
#9683=DIRECTION('',(1.,-6.12323399573682E-17,-7.50150692314295E-16));
#9684=DIRECTION('',(1.,-6.12323399573682E-17,-7.50150692314295E-16));
#9685=DIRECTION('',(7.50150692314295E-16,7.50150692314295E-16,1.));
#9686=DIRECTION('',(6.12323399573677E-17,1.,-7.50150692314295E-16));
#9687=DIRECTION('',(7.50150692314295E-16,7.50150692314295E-16,1.));
#9688=DIRECTION('',(1.,0.,-7.50150692314295E-16));
#9689=DIRECTION('',(7.50150692314295E-16,7.50150692314295E-16,1.));
#9690=DIRECTION('',(6.12323399573677E-17,1.,-7.50150692314295E-16));
#9691=DIRECTION('',(-7.50150692314295E-16,-7.50150692314295E-16,-1.));
#9692=DIRECTION('',(-1.,0.,7.50150692314295E-16));
#9693=DIRECTION('',(7.50150692314295E-16,7.50150692314295E-16,1.));
#9694=DIRECTION('',(1.,0.,-7.50150692314295E-16));
#9695=DIRECTION('',(7.50150692314295E-16,7.50150692314295E-16,1.));
#9696=DIRECTION('',(1.,-5.62726061179616E-31,-7.50150692314295E-16));
#9697=DIRECTION('',(0.,0.,1.));
#9698=DIRECTION('',(1.,0.,0.));
#9699=DIRECTION('',(-3.69627624575467E-16,1.,6.2768601239956E-16));
#9700=DIRECTION('',(1.,3.69627624575467E-16,1.95509183887497E-32));
#9701=DIRECTION('',(1.,3.69627624575467E-16,8.65385153700173E-33));
#9702=DIRECTION('',(-0.707106781186547,1.82474835972485E-16,-0.707106781186548));
#9703=DIRECTION('',(-2.13192152452859E-31,6.2768601239956E-16,-1.));
#9704=DIRECTION('',(1.,3.69627624575467E-16,1.95509183887497E-32));
#9705=DIRECTION('',(-2.13192152452859E-31,6.2768601239956E-16,-1.));
#9706=DIRECTION('',(-0.707106781186547,-7.0520723567486E-16,0.707106781186548));
#9707=DIRECTION('',(-3.69627624575467E-16,1.,6.2768601239956E-16));
#9708=DIRECTION('',(-1.,-3.69627624575467E-16,8.54543584225027E-17));
#9709=DIRECTION('',(1.,3.69627624575467E-16,8.65385153700173E-33));
#9710=DIRECTION('',(-0.707106781186546,1.82474835972486E-16,-0.707106781186549));
#9711=DIRECTION('',(-8.54543584225029E-17,6.2768601239956E-16,-1.));
#9712=DIRECTION('',(-1.,-3.69627624575467E-16,8.54543584225027E-17));
#9713=DIRECTION('',(-8.54543584225029E-17,6.2768601239956E-16,-1.));
#9714=DIRECTION('',(-0.707106781186547,-7.0520723567486E-16,0.707106781186548));
#9715=DIRECTION('',(0.,0.,1.));
#9716=DIRECTION('',(1.,0.,0.));
#9717=DIRECTION('',(0.,0.,1.));
#9718=DIRECTION('',(-1.,-3.46944695195362E-16,0.));
#9719=DIRECTION('',(0.,0.,1.));
#9720=DIRECTION('',(1.,0.,0.));
#9721=DIRECTION('',(0.,0.,1.));
#9722=DIRECTION('',(-1.,-3.46944695195362E-16,0.));
#9723=DIRECTION('',(0.,0.,1.));
#9724=DIRECTION('',(1.,0.,0.));
#9725=DIRECTION('',(0.,0.,1.));
#9726=DIRECTION('',(1.,0.,0.));
#9727=DIRECTION('',(0.,0.,1.));
#9728=DIRECTION('',(1.,0.,0.));
#9729=DIRECTION('',(-1.,-3.69627624575467E-16,8.54543584225027E-17));
#9730=DIRECTION('',(0.707106781186547,-0.707106781186548,0.));
#9731=DIRECTION('',(3.69627624575467E-16,-1.,-6.2768601239956E-16));
#9732=DIRECTION('',(-0.707106781186547,-0.707106781186548,0.));
#9733=DIRECTION('',(-1.,-3.69627624575467E-16,8.54543584225027E-17));
#9734=DIRECTION('',(1.,0.,0.));
#9735=DIRECTION('',(1.,3.69627624575467E-16,1.95509183887497E-32));
#9736=DIRECTION('',(-0.707106781186548,0.707106781186547,0.));
#9737=DIRECTION('',(3.69627624575467E-16,-1.,-6.2768601239956E-16));
#9738=DIRECTION('',(0.707106781186547,0.707106781186548,0.));
#9739=DIRECTION('',(1.,3.69627624575467E-16,1.95509183887497E-32));
#9740=DIRECTION('',(0.707106781186547,-0.707106781186548,0.));
#9741=DIRECTION('',(3.69627624575467E-16,-1.,-6.2768601239956E-16));
#9742=DIRECTION('',(-0.707106781186547,-0.707106781186548,0.));
#9743=DIRECTION('',(1.,3.69627624575467E-16,1.95509183887497E-32));
#9744=DIRECTION('',(1.,0.,0.));
#9745=DIRECTION('',(-1.7347234759768E-16,1.,0.));
#9746=DIRECTION('',(-1.,-1.7347234759768E-16,0.));
#9747=DIRECTION('',(1.7347234759768E-16,-1.,0.));
#9748=DIRECTION('',(1.,0.,0.));
#9749=DIRECTION('',(-1.,-3.69627624575467E-16,8.54543584225027E-17));
#9750=DIRECTION('',(-0.707106781186547,0.707106781186548,0.));
#9751=DIRECTION('',(3.69627624575467E-16,-1.,-6.2768601239956E-16));
#9752=DIRECTION('',(0.707106781186547,0.707106781186549,0.));
#9753=DIRECTION('',(-1.7347234759768E-16,1.,0.));
#9754=DIRECTION('',(-1.,-1.7347234759768E-16,0.));
#9755=DIRECTION('',(0.,0.,1.));
#9756=DIRECTION('',(1.,1.7347234759768E-16,0.));
#9757=DIRECTION('',(0.,0.,1.));
#9758=DIRECTION('',(1.,1.7347234759768E-16,0.));
#9759=DIRECTION('',(-1.7347234759768E-16,1.,0.));
#9760=DIRECTION('',(-1.,-1.7347234759768E-16,0.));
#9761=DIRECTION('',(0.,0.,1.));
#9762=DIRECTION('',(1.,1.7347234759768E-16,0.));
#9763=DIRECTION('',(0.,0.,1.));
#9764=DIRECTION('',(-1.,-1.7347234759768E-16,0.));
#9765=DIRECTION('',(1.,1.7347234759768E-16,0.));
#9766=DIRECTION('',(-1.7347234759768E-16,1.,0.));
#9767=DIRECTION('',(1.7347234759768E-16,-1.,0.));
#9768=DIRECTION('',(-1.7347234759768E-16,1.,0.));
#9769=DIRECTION('',(0.,0.,1.));
#9770=DIRECTION('',(-1.7347234759768E-16,1.,0.));
#9771=DIRECTION('',(0.,0.,1.));
#9772=DIRECTION('',(1.,1.7347234759768E-16,0.));
#9773=DIRECTION('',(-1.7347234759768E-16,1.,0.));
#9774=DIRECTION('',(0.,0.,1.));
#9775=DIRECTION('',(-1.7347234759768E-16,1.,0.));
#9776=DIRECTION('',(1.7347234759768E-16,-1.,0.));
#9777=DIRECTION('',(0.,0.,1.));
#9778=DIRECTION('',(-1.7347234759768E-16,1.,0.));
#9779=DIRECTION('',(1.,1.7347234759768E-16,0.));
#9780=DIRECTION('',(-1.7347234759768E-16,1.,0.));
#9781=DIRECTION('',(1.7347234759768E-16,-1.,0.));
#9782=DIRECTION('',(0.,0.,1.));
#9783=DIRECTION('',(-1.7347234759768E-16,1.,0.));
#9784=DIRECTION('',(0.,0.,1.));
#9785=DIRECTION('',(-1.7347234759768E-16,1.,0.));
#9786=DIRECTION('',(1.,1.7347234759768E-16,0.));
#9787=DIRECTION('',(-1.7347234759768E-16,1.,0.));
#9788=DIRECTION('',(1.7347234759768E-16,-1.,0.));
#9789=DIRECTION('',(0.,0.,1.));
#9790=DIRECTION('',(-1.7347234759768E-16,1.,0.));
#9791=DIRECTION('',(0.,0.,1.));
#9792=DIRECTION('',(1.7347234759768E-16,-1.,0.));
#9793=DIRECTION('',(0.,0.,1.));
#9794=DIRECTION('',(1.,0.,0.));
#9795=DIRECTION('',(0.,0.,1.));
#9796=DIRECTION('',(1.,0.,0.));
#9797=DIRECTION('',(0.,0.,1.));
#9798=DIRECTION('',(1.,0.,0.));
#9799=DIRECTION('',(0.,0.,1.));
#9800=DIRECTION('',(1.,0.,0.));
#9801=DIRECTION('',(0.,0.,1.));
#9802=DIRECTION('',(1.,0.,0.));
#9803=DIRECTION('',(0.,0.,1.));
#9804=DIRECTION('',(1.,0.,0.));
#9805=DIRECTION('',(0.,0.,1.));
#9806=DIRECTION('',(1.,0.,0.));
#9807=DIRECTION('',(1.,0.,0.));
#9808=DIRECTION('',(1.,0.,0.));
#9809=DIRECTION('',(0.,0.,-1.));
#9810=DIRECTION('',(-1.,-3.46944695195362E-16,0.));
#9811=DIRECTION('',(-1.,-1.7347234759768E-16,0.));
#9812=DIRECTION('',(0.,0.,-1.));
#9813=DIRECTION('',(1.,0.,0.));
#9814=DIRECTION('',(1.,1.7347234759768E-16,0.));
#9815=DIRECTION('',(1.7347234759768E-16,-1.,0.));
#9816=DIRECTION('',(-1.,-1.7347234759768E-16,0.));
#9817=DIRECTION('',(1.,1.7347234759768E-16,0.));
#9818=DIRECTION('',(1.7347234759768E-16,-1.,0.));
#9819=DIRECTION('',(-1.,-1.7347234759768E-16,0.));
#9820=DIRECTION('',(-1.,-1.7347234759768E-16,0.));
#9821=DIRECTION('',(0.,0.,-1.));
#9822=DIRECTION('',(1.,3.46944695195362E-16,0.));
#9823=DIRECTION('',(1.,1.7347234759768E-16,0.));
#9824=DIRECTION('',(0.,0.,-1.));
#9825=DIRECTION('',(-1.,4.93038065763132E-32,0.));
#9826=DIRECTION('',(-1.,-1.7347234759768E-16,0.));
#9827=DIRECTION('',(0.,0.,-1.));
#9828=DIRECTION('',(1.,3.46944695195362E-16,0.));
#9829=DIRECTION('',(0.,0.,1.));
#9830=DIRECTION('',(-1.,-3.46944695195362E-16,0.));
#9831=DIRECTION('',(0.,0.,-1.));
#9832=DIRECTION('',(1.,3.46944695195362E-16,0.));
#9833=DIRECTION('',(0.,0.,1.));
#9834=DIRECTION('',(-1.,-3.46944695195362E-16,0.));
#9835=DIRECTION('',(-1.7347234759768E-16,1.,0.));
#9836=DIRECTION('',(-1.,-1.7347234759768E-16,0.));
#9837=DIRECTION('',(0.707106781186547,1.2266347333467E-16,-0.707106781186548));
#9838=DIRECTION('',(1.,3.69627624575467E-16,1.95509183887497E-32));
#9839=DIRECTION('',(1.,0.,0.));
#9840=DIRECTION('',(1.,3.69627624575467E-16,1.95509183887497E-32));
#9841=DIRECTION('',(-1.,-3.69627624575467E-16,8.54543584225027E-17));
#9842=DIRECTION('',(1.,0.,0.));
#9843=DIRECTION('',(-1.,-3.69627624575467E-16,8.54543584225027E-17));
#9844=DIRECTION('',(-0.707106781186547,-1.2266347333467E-16,-0.707106781186548));
#9845=DIRECTION('',(-0.707106781186548,-1.2266347333467E-16,0.707106781186547));
#9846=DIRECTION('',(1.7347234759768E-16,-1.,0.));
#9847=DIRECTION('',(0.577350269189625,-0.577350269189627,0.577350269189626));
#9848=DIRECTION('',(1.2266347333467E-16,-0.707106781186547,-0.707106781186548));
#9849=DIRECTION('',(1.,1.7347234759768E-16,0.));
#9850=DIRECTION('',(0.577350269189625,0.577350269189627,-0.577350269189626));
#9851=DIRECTION('',(-0.707106781186548,-1.2266347333467E-16,-0.707106781186547));
#9852=DIRECTION('',(-1.7347234759768E-16,1.,0.));
#9853=DIRECTION('',(0.,0.,1.));
#9854=DIRECTION('',(1.,0.,0.));
#9855=DIRECTION('',(0.,0.,1.));
#9856=DIRECTION('',(1.,0.,0.));
#9857=DIRECTION('',(2.61366199851188E-16,-0.707106781186547,0.707106781186548));
#9858=DIRECTION('',(-1.,-3.69627624575467E-16,-1.95509183887497E-32));
#9859=DIRECTION('',(2.61366199851188E-16,-0.707106781186548,-0.707106781186548));
#9860=DIRECTION('',(1.,3.69627624575467E-16,1.95509183887497E-32));
#9861=DIRECTION('',(-2.61366199851188E-16,0.707106781186548,0.707106781186548));
#9862=DIRECTION('',(-1.,-3.69627624575467E-16,-1.95509183887497E-32));
#9863=DIRECTION('',(3.69627624575467E-16,-1.,-6.2768601239956E-16));
#9864=DIRECTION('',(-1.,-3.69627624575467E-16,-1.95509183887497E-32));
#9865=DIRECTION('',(2.5839265356479E-31,-6.2768601239956E-16,1.));
#9866=DIRECTION('',(1.,3.69627624575467E-16,1.95509183887497E-32));
#9867=DIRECTION('',(2.5839265356479E-31,-6.2768601239956E-16,1.));
#9868=DIRECTION('',(-2.12459171353747E-31,6.2768601239956E-16,-1.));
#9869=DIRECTION('',(3.08395284618099E-16,-1.,-6.2768601239956E-16));
#9870=DIRECTION('',(-3.69627624575467E-16,1.,6.2768601239956E-16));
#9871=DIRECTION('',(1.,3.69627624575467E-16,1.95509183887497E-32));
#9872=DIRECTION('',(-3.69627624575467E-16,1.,6.2768601239956E-16));
#9873=DIRECTION('',(3.69627624575467E-16,-1.,-6.2768601239956E-16));
#9874=DIRECTION('',(-1.,-3.69627624575467E-16,-1.95509183887497E-32));
#9875=DIRECTION('',(2.5839265356479E-31,-6.2768601239956E-16,1.));
#9876=DIRECTION('',(2.5839265356479E-31,-6.2768601239956E-16,1.));
#9877=DIRECTION('',(1.,3.69627624575467E-16,1.95509183887497E-32));
#9878=DIRECTION('',(1.,3.69627624575467E-16,-2.63825638222939E-32));
#9879=DIRECTION('',(3.69627624575467E-16,-1.,1.22464679914735E-16));
#9880=DIRECTION('',(-3.69627624575467E-16,1.,6.2768601239956E-16));
#9881=DIRECTION('',(2.5839265356479E-31,-6.2768601239956E-16,1.));
#9882=DIRECTION('',(-3.69627624575467E-16,1.,6.2768601239956E-16));
#9883=DIRECTION('',(1.,3.69627624575467E-16,-2.63825638222939E-32));
#9884=DIRECTION('',(3.69627624575467E-16,-1.,1.22464679914735E-16));
#9885=DIRECTION('',(-3.69627624575467E-16,1.,6.2768601239956E-16));
#9886=DIRECTION('',(2.5839265356479E-31,-6.2768601239956E-16,1.));
#9887=DIRECTION('',(-3.69627624575467E-16,1.,6.2768601239956E-16));
#9888=DIRECTION('',(3.69627624575467E-16,-1.,-6.2768601239956E-16));
#9889=DIRECTION('',(-1.,-3.69627624575467E-16,-1.95509183887497E-32));
#9890=DIRECTION('',(1.,3.69627624575467E-16,1.95509183887497E-32));
#9891=DIRECTION('',(-4.27271792112516E-17,6.2768601239956E-16,-1.));
#9892=DIRECTION('',(-1.,-3.69627624575467E-16,-1.88179372896374E-32));
#9893=DIRECTION('',(-3.69627624575467E-16,1.,-1.22464679914735E-16));
#9894=DIRECTION('',(-3.69627624575467E-16,1.,6.2768601239956E-16));
#9895=DIRECTION('',(2.13192152452859E-31,-6.2768601239956E-16,1.));
#9896=DIRECTION('',(-3.69627624575467E-16,1.,6.27686012399559E-16));
#9897=DIRECTION('',(-2.12459171353747E-31,6.2768601239956E-16,-1.));
#9898=DIRECTION('',(3.08395284618099E-16,-1.,-6.2768601239956E-16));
#9899=DIRECTION('',(1.,3.69627624575467E-16,1.95509183887497E-32));
#9900=DIRECTION('',(0.707106781186547,0.707106781186548,4.43841035823672E-16));
#9901=DIRECTION('',(-3.69627624575467E-16,1.,6.2768601239956E-16));
#9902=DIRECTION('',(0.707106781186548,-0.707106781186547,-4.43841035823672E-16));
#9903=DIRECTION('',(-1.,-3.69627624575467E-16,-1.88179372896374E-32));
#9904=DIRECTION('',(-3.69627624575467E-16,1.,-1.22464679914735E-16));
#9905=DIRECTION('',(3.69627624575467E-16,-1.,-6.2768601239956E-16));
#9906=DIRECTION('',(-1.97399006696194E-31,5.84958833188308E-16,-1.));
#9907=DIRECTION('',(-3.69627624575467E-16,1.,6.2768601239956E-16));
#9908=DIRECTION('',(1.,3.69627624575467E-16,1.95509183887497E-32));
#9909=DIRECTION('',(-8.54543584225029E-17,6.2768601239956E-16,-1.));
#9910=DIRECTION('',(1.,3.69627624575467E-16,1.95509183887497E-32));
#9911=DIRECTION('',(-8.54543584225029E-17,6.2768601239956E-16,-1.));
#9912=DIRECTION('',(-1.74671528352543E-31,6.2768601239956E-16,-1.));
#9913=DIRECTION('',(4.27271792112516E-17,-6.2768601239956E-16,1.));
#9914=DIRECTION('',(-1.,-3.69627624575467E-16,-5.73385613899531E-32));
#9915=DIRECTION('',(-3.69627624575467E-16,1.,-1.22464679914735E-16));
#9916=DIRECTION('',(3.69627624575467E-16,-1.,-6.2768601239956E-16));
#9917=DIRECTION('',(-1.74671528352543E-31,6.2768601239956E-16,-1.));
#9918=DIRECTION('',(1.74671528352543E-31,-6.2768601239956E-16,1.));
#9919=DIRECTION('',(1.,3.69627624575467E-16,-4.27271792112513E-17));
#9920=DIRECTION('',(3.69627624575467E-16,-1.,1.22464679914735E-16));
#9921=DIRECTION('',(-3.69627624575467E-16,1.,6.2768601239956E-16));
#9922=DIRECTION('',(-4.27271792112516E-17,6.2768601239956E-16,-1.));
#9923=DIRECTION('',(4.27271792112516E-17,-6.2768601239956E-16,1.));
#9924=DIRECTION('',(3.69627624575467E-16,-1.,-6.2768601239956E-16));
#9925=DIRECTION('',(-1.,-3.69627624575467E-16,-1.95509183887497E-32));
#9926=DIRECTION('',(1.74671528352543E-31,-6.2768601239956E-16,1.));
#9927=DIRECTION('',(2.12459171353747E-31,-6.2768601239956E-16,1.));
#9928=DIRECTION('',(-3.08395284618099E-16,1.,6.2768601239956E-16));
#9929=DIRECTION('',(3.21791556173685E-16,-0.707106781186547,0.707106781186548));
#9930=DIRECTION('',(1.,3.69627624575467E-16,-8.54543584225027E-17));
#9931=DIRECTION('',(2.0094084352869E-16,-0.707106781186548,-0.707106781186548));
#9932=DIRECTION('',(1.,3.69627624575467E-16,-8.54543584225027E-17));
#9933=DIRECTION('',(-2.0094084352869E-16,0.707106781186548,0.707106781186548));
#9934=DIRECTION('',(-1.,-3.69627624575467E-16,8.54543584225027E-17));
#9935=DIRECTION('',(3.69627624575467E-16,-1.,-6.2768601239956E-16));
#9936=DIRECTION('',(1.,3.69627624575467E-16,-8.54543584225027E-17));
#9937=DIRECTION('',(8.54543584225029E-17,-6.2768601239956E-16,1.));
#9938=DIRECTION('',(8.54543584225029E-17,-6.2768601239956E-16,1.));
#9939=DIRECTION('',(-1.,-3.69627624575467E-16,8.54543584225027E-17));
#9940=DIRECTION('',(-8.54543584225029E-17,6.2768601239956E-16,-1.));
#9941=DIRECTION('',(4.30859964532835E-16,-1.,-6.2768601239956E-16));
#9942=DIRECTION('',(-3.69627624575467E-16,1.,6.2768601239956E-16));
#9943=DIRECTION('',(-3.69627624575467E-16,1.,6.2768601239956E-16));
#9944=DIRECTION('',(-1.,-3.69627624575467E-16,8.54543584225027E-17));
#9945=DIRECTION('',(3.69627624575467E-16,-1.,-6.2768601239956E-16));
#9946=DIRECTION('',(1.,3.69627624575467E-16,-8.54543584225027E-17));
#9947=DIRECTION('',(8.54543584225029E-17,-6.2768601239956E-16,1.));
#9948=DIRECTION('',(-1.,-3.69627624575467E-16,8.54543584225027E-17));
#9949=DIRECTION('',(8.54543584225029E-17,-6.2768601239956E-16,1.));
#9950=DIRECTION('',(-1.,-3.69627624575467E-16,8.54543584225027E-17));
#9951=DIRECTION('',(3.69627624575467E-16,-1.,1.22464679914735E-16));
#9952=DIRECTION('',(-3.69627624575467E-16,1.,6.2768601239956E-16));
#9953=DIRECTION('',(8.54543584225029E-17,-6.2768601239956E-16,1.));
#9954=DIRECTION('',(-3.69627624575467E-16,1.,6.2768601239956E-16));
#9955=DIRECTION('',(-1.,-3.69627624575467E-16,8.54543584225027E-17));
#9956=DIRECTION('',(3.69627624575467E-16,-1.,1.22464679914735E-16));
#9957=DIRECTION('',(-3.69627624575467E-16,1.,6.2768601239956E-16));
#9958=DIRECTION('',(8.54543584225029E-17,-6.2768601239956E-16,1.));
#9959=DIRECTION('',(-3.69627624575467E-16,1.,6.2768601239956E-16));
#9960=DIRECTION('',(3.69627624575467E-16,-1.,-6.2768601239956E-16));
#9961=DIRECTION('',(1.,3.69627624575467E-16,-8.54543584225027E-17));
#9962=DIRECTION('',(4.27271792112516E-17,-6.2768601239956E-16,1.));
#9963=DIRECTION('',(-1.,-3.69627624575467E-16,8.54543584225027E-17));
#9964=DIRECTION('',(1.,3.69627624575467E-16,-8.54543584225027E-17));
#9965=DIRECTION('',(-3.69627624575467E-16,1.,-1.22464679914735E-16));
#9966=DIRECTION('',(3.69627624575467E-16,-1.,-6.2768601239956E-16));
#9967=DIRECTION('',(-8.54543584225029E-17,6.2768601239956E-16,-1.));
#9968=DIRECTION('',(-3.69627624575467E-16,1.,6.2768601239956E-16));
#9969=DIRECTION('',(-8.54543584225029E-17,6.2768601239956E-16,-1.));
#9970=DIRECTION('',(4.30859964532835E-16,-1.,-6.2768601239956E-16));
#9971=DIRECTION('',(0.707106781186547,-0.707106781186548,-5.0426639214617E-16));
#9972=DIRECTION('',(-1.,-3.69627624575467E-16,8.54543584225027E-17));
#9973=DIRECTION('',(0.707106781186547,0.707106781186548,3.83415679501175E-16));
#9974=DIRECTION('',(-3.69627624575467E-16,1.,6.2768601239956E-16));
#9975=DIRECTION('',(1.,3.69627624575467E-16,-8.54543584225027E-17));
#9976=DIRECTION('',(-3.69627624575467E-16,1.,-1.22464679914735E-16));
#9977=DIRECTION('',(8.54543584225029E-17,-5.84958833188308E-16,1.));
#9978=DIRECTION('',(-3.69627624575467E-16,1.,6.2768601239956E-16));
#9979=DIRECTION('',(-3.69627624575467E-16,1.,6.2768601239956E-16));
#9980=DIRECTION('',(-1.,-3.69627624575467E-16,8.54543584225027E-17));
#9981=DIRECTION('',(-8.54543584225029E-17,6.2768601239956E-16,-1.));
#9982=DIRECTION('',(1.,3.69627624575467E-16,-8.54543584225027E-17));
#9983=DIRECTION('',(-8.54543584225029E-17,6.2768601239956E-16,-1.));
#9984=DIRECTION('',(-4.27271792112516E-17,6.2768601239956E-16,-1.));
#9985=DIRECTION('',(8.5454358422503E-17,-6.2768601239956E-16,1.));
#9986=DIRECTION('',(1.,3.69627624575467E-16,-8.54543584225027E-17));
#9987=DIRECTION('',(-3.69627624575467E-16,1.,-1.22464679914735E-16));
#9988=DIRECTION('',(8.5454358422503E-17,-6.2768601239956E-16,1.));
#9989=DIRECTION('',(-3.69627624575467E-16,1.,6.2768601239956E-16));
#9990=DIRECTION('',(-8.5454358422503E-17,6.2768601239956E-16,-1.));
#9991=DIRECTION('',(-1.,-3.69627624575467E-16,4.27271792112513E-17));
#9992=DIRECTION('',(3.69627624575467E-16,-1.,1.22464679914735E-16));
#9993=DIRECTION('',(4.27271792112516E-17,-6.2768601239956E-16,1.));
#9994=DIRECTION('',(3.69627624575467E-16,-1.,-6.2768601239956E-16));
#9995=DIRECTION('',(-4.27271792112516E-17,6.2768601239956E-16,-1.));
#9996=DIRECTION('',(3.69627624575467E-16,-1.,-6.2768601239956E-16));
#9997=DIRECTION('',(1.,3.69627624575467E-16,-8.54543584225027E-17));
#9998=DIRECTION('',(-8.5454358422503E-17,6.2768601239956E-16,-1.));
#9999=DIRECTION('',(8.54543584225029E-17,-6.2768601239956E-16,1.));
#10000=DIRECTION('',(-4.30859964532835E-16,1.,6.2768601239956E-16));
#10001=DIRECTION('',(0.,0.,1.));
#10002=DIRECTION('',(1.,0.,0.));
#10003=DIRECTION('',(0.,0.,-1.));
#10004=DIRECTION('',(-1.,0.,0.));
#10005=DIRECTION('',(0.,0.,-1.));
#10006=DIRECTION('',(1.,0.,0.));
#10007=DIRECTION('',(0.,0.,-1.));
#10008=DIRECTION('',(-1.,0.,0.));
#10009=DIRECTION('',(0.,0.,1.));
#10010=DIRECTION('',(1.,0.,0.));
#10011=DIRECTION('',(0.,0.,-1.));
#10012=DIRECTION('',(-1.,0.,0.));
#10013=DIRECTION('',(0.,0.,-1.));
#10014=DIRECTION('',(1.,0.,0.));
#10015=DIRECTION('',(0.,0.,-1.));
#10016=DIRECTION('',(-1.,0.,0.));
#10017=DIRECTION('',(0.,0.,1.));
#10018=DIRECTION('',(1.,0.,0.));
#10019=DIRECTION('',(0.,0.,-1.));
#10020=DIRECTION('',(-1.,0.,0.));
#10021=DIRECTION('',(0.,0.,-1.));
#10022=DIRECTION('',(1.,0.,0.));
#10023=DIRECTION('',(0.,0.,1.));
#10024=DIRECTION('',(1.,0.,0.));
#10025=DIRECTION('',(0.,0.,-1.));
#10026=DIRECTION('',(-1.,0.,0.));
#10027=DIRECTION('',(0.,0.,-1.));
#10028=DIRECTION('',(1.,0.,0.));
#10029=DIRECTION('',(2.12459171353747E-31,-6.2768601239956E-16,1.));
#10030=DIRECTION('',(-3.08395284618099E-16,1.,6.2768601239956E-16));
#10031=DIRECTION('',(0.,0.,-1.));
#10032=DIRECTION('',(-1.,0.,0.));
#10033=DIRECTION('',(0.,0.,-1.));
#10034=DIRECTION('',(1.,0.,0.));
#10035=DIRECTION('',(8.54543584225029E-17,-6.2768601239956E-16,1.));
#10036=DIRECTION('',(-4.30859964532835E-16,1.,6.2768601239956E-16));
#10037=DIRECTION('',(0.,0.,-1.));
#10038=DIRECTION('',(-1.,0.,0.));
#10039=DIRECTION('',(0.,0.,-1.));
#10040=DIRECTION('',(1.,0.,0.));
#10041=DIRECTION('',(0.,0.,-1.));
#10042=DIRECTION('',(-1.,0.,0.));
#10043=DIRECTION('',(0.,0.,1.));
#10044=DIRECTION('',(1.,0.,0.));
#10045=DIRECTION('',(0.,0.,1.));
#10046=DIRECTION('',(1.,0.,0.));
#10047=DIRECTION('',(0.,0.,1.));
#10048=DIRECTION('',(1.,0.,0.));
#10049=DIRECTION('',(0.,0.,1.));
#10050=DIRECTION('',(1.,0.,0.));
#10051=DIRECTION('',(0.,0.,-1.));
#10052=DIRECTION('',(-1.,0.,0.));
#10053=DIRECTION('',(0.,0.,1.));
#10054=DIRECTION('',(1.,0.,0.));
#10055=DIRECTION('',(0.,0.,1.));
#10056=DIRECTION('',(1.,0.,0.));
#10057=DIRECTION('',(0.,0.,1.));
#10058=DIRECTION('',(1.,0.,0.));
#10059=DIRECTION('',(0.,0.,1.));
#10060=DIRECTION('',(1.,0.,0.));
#10061=DIRECTION('',(0.,0.,1.));
#10062=DIRECTION('',(1.,0.,0.));
#10063=DIRECTION('',(0.,0.,1.));
#10064=DIRECTION('',(1.,0.,0.));
#10065=DIRECTION('',(0.,0.,-1.));
#10066=DIRECTION('',(-1.,0.,0.));
#10067=DIRECTION('',(0.,0.,1.));
#10068=DIRECTION('',(1.,0.,0.));
#10069=DIRECTION('',(0.,0.,1.));
#10070=DIRECTION('',(1.,0.,0.));
#10071=DIRECTION('',(0.,0.,1.));
#10072=DIRECTION('',(1.,0.,0.));
#10073=DIRECTION('',(0.,0.,-1.));
#10074=DIRECTION('',(-1.,0.,0.));
#10075=DIRECTION('',(0.,0.,1.));
#10076=DIRECTION('',(1.,0.,0.));
#10077=DIRECTION('',(-0.707106781186549,0.707106781186547,5.04266392146169E-16));
#10078=DIRECTION('',(-8.5454358422503E-17,6.2768601239956E-16,-1.));
#10079=DIRECTION('',(0.577350269189624,0.577350269189626,0.577350269189627));
#10080=DIRECTION('',(-0.707106781186549,-7.05207235674859E-16,0.707106781186546));
#10081=DIRECTION('',(-3.69627624575467E-16,1.,6.2768601239956E-16));
#10082=DIRECTION('',(0.577350269189625,-0.577350269189626,0.577350269189627));
#10083=DIRECTION('',(3.69627624575467E-16,-1.,-6.2768601239956E-16));
#10084=DIRECTION('',(-0.707106781186548,-0.707106781186547,-3.83415679501174E-16));
#10085=DIRECTION('',(-8.5454358422503E-17,6.2768601239956E-16,-1.));
#10086=DIRECTION('',(0.707106781186548,-0.707106781186547,-4.7405371398492E-16));
#10087=DIRECTION('',(4.27271792112516E-17,-6.2768601239956E-16,1.));
#10088=DIRECTION('',(-0.577350269189625,-0.577350269189627,0.577350269189626));
#10089=DIRECTION('',(0.707106781186548,-1.82474835972483E-16,0.707106781186547));
#10090=DIRECTION('',(-3.69627624575467E-16,1.,6.2768601239956E-16));
#10091=DIRECTION('',(-0.577350269189626,0.577350269189626,0.577350269189626));
#10092=DIRECTION('',(-3.69627624575467E-16,1.,6.2768601239956E-16));
#10093=DIRECTION('',(0.707106781186548,0.707106781186547,4.13628357662423E-16));
#10094=DIRECTION('',(4.27271792112516E-17,-6.2768601239956E-16,1.));
#10095=DIRECTION('',(0.707106781186548,0.707106781186547,4.43841035823672E-16));
#10096=DIRECTION('',(-1.74671528352543E-31,6.2768601239956E-16,-1.));
#10097=DIRECTION('',(0.577350269189626,-0.577350269189626,-0.577350269189626));
#10098=DIRECTION('',(0.707106781186548,-1.82474835972483E-16,0.707106781186547));
#10099=DIRECTION('',(-3.69627624575467E-16,1.,6.2768601239956E-16));
#10100=DIRECTION('',(0.577350269189625,0.577350269189627,-0.577350269189626));
#10101=DIRECTION('',(-3.69627624575467E-16,1.,6.2768601239956E-16));
#10102=DIRECTION('',(0.707106781186548,-0.707106781186547,-4.43841035823672E-16));
#10103=DIRECTION('',(-1.74671528352543E-31,6.2768601239956E-16,-1.));
#10104=DIRECTION('',(-0.707106781186547,-0.707106781186548,-4.13628357662424E-16));
#10105=DIRECTION('',(4.27271792112516E-17,-6.2768601239956E-16,1.));
#10106=DIRECTION('',(-0.577350269189626,0.577350269189626,-0.577350269189626));
#10107=DIRECTION('',(-0.707106781186548,-7.0520723567486E-16,0.707106781186547));
#10108=DIRECTION('',(-3.69627624575467E-16,1.,6.2768601239956E-16));
#10109=DIRECTION('',(3.69627624575467E-16,-1.,-6.2768601239956E-16));
#10110=DIRECTION('',(-0.577350269189625,-0.577350269189626,-0.577350269189627));
#10111=DIRECTION('',(-0.707106781186548,0.707106781186547,4.74053713984921E-16));
#10112=DIRECTION('',(4.27271792112516E-17,-6.2768601239956E-16,1.));
#10113=DIRECTION('',(0.,0.,1.));
#10114=DIRECTION('',(1.,0.,0.));
#10115=DIRECTION('',(0.,0.,1.));
#10116=DIRECTION('',(1.,0.,0.));
#10117=DIRECTION('',(0.,0.,1.));
#10118=DIRECTION('',(1.,0.,0.));
#10119=DIRECTION('',(0.,0.,1.));
#10120=DIRECTION('',(1.,0.,0.));
#10121=DIRECTION('',(1.,3.69627624575467E-16,-8.54543584225027E-17));
#10122=DIRECTION('',(-3.69627624575467E-16,1.,0.));
#10123=DIRECTION('',(-8.54543584225029E-17,6.2768601239956E-16,-1.));
#10124=DIRECTION('',(-3.69627624575467E-16,1.,6.2768601239956E-16));
#10125=DIRECTION('',(-3.69627624575467E-16,1.,6.2768601239956E-16));
#10126=DIRECTION('',(-1.,-3.69627624575467E-16,8.54543584225027E-17));
#10127=DIRECTION('',(3.69627624575467E-16,-1.,0.));
#10128=DIRECTION('',(3.69627624575467E-16,-1.,-6.2768601239956E-16));
#10129=DIRECTION('',(-8.54543584225029E-17,6.2768601239956E-16,-1.));
#10130=DIRECTION('',(-3.69627624575467E-16,1.,6.2768601239956E-16));
#10131=DIRECTION('',(8.54543584225029E-17,-6.2768601239956E-16,1.));
#10132=DIRECTION('',(-4.30859964532835E-16,1.,6.2768601239956E-16));
#10133=DIRECTION('',(-1.,-3.69627624575467E-16,8.54543584225027E-17));
#10134=DIRECTION('',(3.69627624575467E-16,-1.,-6.2768601239956E-16));
#10135=DIRECTION('',(-1.,-3.69627624575467E-16,8.54543584225027E-17));
#10136=DIRECTION('',(-3.69627624575467E-16,1.,6.2768601239956E-16));
#10137=DIRECTION('',(-1.,-3.69627624575467E-16,8.54543584225027E-17));
#10138=DIRECTION('',(3.69627624575467E-16,-1.,0.));
#10139=DIRECTION('',(3.69627624575467E-16,-1.,-6.2768601239956E-16));
#10140=DIRECTION('',(-1.34390891812134E-31,-6.2768601239956E-16,1.));
#10141=DIRECTION('',(-3.69627624575467E-16,1.,6.2768601239956E-16));
#10142=DIRECTION('',(1.,3.69627624575467E-16,-8.54543584225027E-17));
#10143=DIRECTION('',(-3.69627624575467E-16,1.,0.));
#10144=DIRECTION('',(-1.34390891812134E-31,-6.2768601239956E-16,1.));
#10145=DIRECTION('',(-3.69627624575467E-16,1.,6.2768601239956E-16));
#10146=DIRECTION('',(-3.69627624575467E-16,1.,6.2768601239956E-16));
#10147=DIRECTION('',(2.12459171353747E-31,-6.2768601239956E-16,1.));
#10148=DIRECTION('',(-3.08395284618099E-16,1.,6.2768601239956E-16));
#10149=DIRECTION('',(1.,3.69627624575467E-16,8.65385153700173E-33));
#10150=DIRECTION('',(-3.69627624575467E-16,1.,6.2768601239956E-16));
#10151=DIRECTION('',(-1.,-3.69627624575467E-16,-1.95509183887497E-32));
#10152=DIRECTION('',(3.69627624575467E-16,-1.,-6.2768601239956E-16));
#10153=DIRECTION('',(2.23356238205495E-31,-6.2768601239956E-16,1.));
#10154=DIRECTION('',(0.,-1.,-6.2768601239956E-16));
#10155=DIRECTION('',(1.,3.69627624575467E-16,8.65385153700173E-33));
#10156=DIRECTION('',(3.69627624575467E-16,-1.,-6.2768601239956E-16));
#10157=DIRECTION('',(1.,3.69627624575467E-16,2.32010089742496E-31));
#10158=DIRECTION('',(-0.707106781186548,1.82474835972484E-16,-0.707106781186547));
#10159=DIRECTION('',(-0.707106781186547,-7.0520723567486E-16,0.707106781186548));
#10160=DIRECTION('',(2.23356238205495E-31,-6.2768601239956E-16,1.));
#10161=DIRECTION('',(0.,-1.,-6.2768601239956E-16));
#10162=DIRECTION('',(1.,3.69627624575467E-16,8.65385153700173E-33));
#10163=DIRECTION('',(3.69627624575467E-16,-1.,-6.2768601239956E-16));
#10164=DIRECTION('',(1.,3.69627624575467E-16,2.32010089742496E-31));
#10165=DIRECTION('',(-0.707106781186547,-7.0520723567486E-16,0.707106781186548));
#10166=DIRECTION('',(-0.707106781186547,1.82474835972485E-16,-0.707106781186548));
#10167=DIRECTION('',(0.707106781186548,-1.82474835972483E-16,0.707106781186547));
#10168=DIRECTION('',(3.69627624575467E-16,-1.,-6.2768601239956E-16));
#10169=DIRECTION('',(0.577350269189625,0.577350269189626,-0.577350269189626));
#10170=DIRECTION('',(2.0094084352869E-16,-0.707106781186547,-0.707106781186548));
#10171=DIRECTION('',(-1.,-3.69627624575467E-16,8.54543584225027E-17));
#10172=DIRECTION('',(-0.577350269189626,0.577350269189626,-0.577350269189626));
#10173=DIRECTION('',(-0.707106781186547,-7.0520723567486E-16,0.707106781186548));
#10174=DIRECTION('',(-3.69627624575467E-16,1.,6.2768601239956E-16));
#10175=DIRECTION('',(-0.707106781186548,-7.0520723567486E-16,0.707106781186547));
#10176=DIRECTION('',(-3.69627624575467E-16,1.,6.2768601239956E-16));
#10177=DIRECTION('',(0.577350269189626,-0.577350269189625,0.577350269189626));
#10178=DIRECTION('',(2.61366199851188E-16,-0.707106781186548,-0.707106781186547));
#10179=DIRECTION('',(1.,3.69627624575467E-16,1.95509183887497E-32));
#10180=DIRECTION('',(-0.577350269189626,-0.577350269189626,0.577350269189626));
#10181=DIRECTION('',(0.707106781186548,-1.82474835972483E-16,0.707106781186547));
#10182=DIRECTION('',(3.69627624575467E-16,-1.,-6.2768601239956E-16));
#10183=DIRECTION('',(0.,0.,1.));
#10184=DIRECTION('',(1.,0.,0.));
#10185=DIRECTION('',(1.,-6.12323399573672E-17,6.64696333891792E-16));
#10186=DIRECTION('',(-6.64696333891792E-16,7.50150692314295E-16,1.));
#10187=DIRECTION('',(6.12323399573677E-17,1.,-7.50150692314295E-16));
#10188=DIRECTION('',(6.64696333891792E-16,-7.50150692314295E-16,-1.));
#10189=DIRECTION('',(6.12323399573677E-17,1.,-7.50150692314295E-16));
#10190=DIRECTION('',(6.64696333891792E-16,-7.50150692314295E-16,-1.));
#10191=DIRECTION('',(6.12323399573677E-17,1.,-7.50150692314295E-16));
#10192=DIRECTION('',(6.64696333891792E-16,-7.50150692314295E-16,-1.));
#10193=DIRECTION('',(-1.,6.12323399573672E-17,-6.64696333891792E-16));
#10194=DIRECTION('',(-1.,6.12323399573672E-17,-6.64696333891792E-16));
#10195=DIRECTION('',(6.64696333891792E-16,-7.50150692314295E-16,-1.));
#10196=DIRECTION('',(1.,-6.12323399573672E-17,6.64696333891792E-16));
#10197=DIRECTION('',(-6.64696333891792E-16,7.50150692314295E-16,1.));
#10198=DIRECTION('',(6.12323399573677E-17,1.,-7.50150692314295E-16));
#10199=DIRECTION('',(6.12323399573677E-17,1.,-7.50150692314295E-16));
#10200=DIRECTION('',(6.64696333891792E-16,-7.50150692314295E-16,-1.));
#10201=DIRECTION('',(6.12323399573677E-17,1.,-7.50150692314295E-16));
#10202=DIRECTION('',(6.64696333891792E-16,-7.50150692314295E-16,-1.));
#10203=DIRECTION('',(-1.,6.12323399573672E-17,-6.64696333891792E-16));
#10204=DIRECTION('',(-1.,6.12323399573672E-17,-6.64696333891792E-16));
#10205=DIRECTION('',(-6.64696333891792E-16,7.50150692314295E-16,1.));
#10206=DIRECTION('',(6.12323399573677E-17,1.,-7.50150692314295E-16));
#10207=DIRECTION('',(6.64696333891792E-16,-7.50150692314295E-16,-1.));
#10208=DIRECTION('',(-1.,1.22464679914735E-16,-6.64696333891792E-16));
#10209=DIRECTION('',(-6.64696333891792E-16,7.50150692314295E-16,1.));
#10210=DIRECTION('',(6.12323399573677E-17,1.,-7.50150692314295E-16));
#10211=DIRECTION('',(6.64696333891792E-16,-7.50150692314295E-16,-1.));
#10212=DIRECTION('',(1.,-1.22464679914735E-16,6.64696333891792E-16));
#10213=DIRECTION('',(6.64696333891792E-16,-7.50150692314295E-16,-1.));
#10214=DIRECTION('',(-1.,1.22464679914735E-16,-6.64696333891792E-16));
#10215=DIRECTION('',(-6.64696333891792E-16,7.50150692314295E-16,1.));
#10216=DIRECTION('',(-1.,1.22464679914735E-16,-6.64696333891792E-16));
#10217=DIRECTION('',(0.,0.,1.));
#10218=DIRECTION('',(1.,0.,0.));
#10219=DIRECTION('',(0.,0.,1.));
#10220=DIRECTION('',(-1.,-3.46944695195362E-16,0.));
#10221=DIRECTION('',(0.,0.,-1.));
#10222=DIRECTION('',(-1.,-3.46944695195362E-16,0.));
#10223=DIRECTION('',(0.,0.,1.));
#10224=DIRECTION('',(1.,3.46944695195362E-16,0.));
#10225=DIRECTION('',(0.,0.,1.));
#10226=DIRECTION('',(-1.,-3.46944695195362E-16,0.));
#10227=DIRECTION('',(0.,0.,-1.));
#10228=DIRECTION('',(-1.,-3.46944695195362E-16,0.));
#10229=DIRECTION('',(0.,0.,-1.));
#10230=DIRECTION('',(-1.,-3.46944695195362E-16,0.));
#10231=DIRECTION('',(0.,0.,1.));
#10232=DIRECTION('',(-1.,-3.46944695195362E-16,0.));
#10233=DIRECTION('',(0.,0.,-1.));
#10234=DIRECTION('',(1.,3.46944695195362E-16,0.));
#10235=DIRECTION('',(0.,0.,1.));
#10236=DIRECTION('',(1.,0.,0.));
#10237=DIRECTION('',(1.,3.69627624575466E-16,6.64696333891792E-16));
#10238=DIRECTION('',(-6.64696333891792E-16,-6.2768601239956E-16,1.));
#10239=DIRECTION('',(3.69627624575467E-16,-1.,-6.2768601239956E-16));
#10240=DIRECTION('',(6.64696333891792E-16,6.2768601239956E-16,-1.));
#10241=DIRECTION('',(3.69627624575467E-16,-1.,-6.2768601239956E-16));
#10242=DIRECTION('',(6.64696333891792E-16,6.2768601239956E-16,-1.));
#10243=DIRECTION('',(3.69627624575467E-16,-1.,-6.2768601239956E-16));
#10244=DIRECTION('',(6.64696333891792E-16,6.2768601239956E-16,-1.));
#10245=DIRECTION('',(-1.,-3.69627624575466E-16,-6.64696333891792E-16));
#10246=DIRECTION('',(6.64696333891792E-16,6.2768601239956E-16,-1.));
#10247=DIRECTION('',(-1.,-3.69627624575466E-16,-6.64696333891792E-16));
#10248=DIRECTION('',(1.,3.69627624575466E-16,6.64696333891792E-16));
#10249=DIRECTION('',(-6.64696333891792E-16,-6.2768601239956E-16,1.));
#10250=DIRECTION('',(3.69627624575467E-16,-1.,-6.2768601239956E-16));
#10251=DIRECTION('',(6.64696333891792E-16,6.2768601239956E-16,-1.));
#10252=DIRECTION('',(3.69627624575467E-16,-1.,-6.2768601239956E-16));
#10253=DIRECTION('',(3.69627624575467E-16,-1.,-6.2768601239956E-16));
#10254=DIRECTION('',(6.64696333891792E-16,6.2768601239956E-16,-1.));
#10255=DIRECTION('',(-1.,-3.69627624575466E-16,-6.64696333891792E-16));
#10256=DIRECTION('',(-1.,-3.69627624575466E-16,-6.64696333891792E-16));
#10257=DIRECTION('',(-6.64696333891792E-16,-6.2768601239956E-16,1.));
#10258=DIRECTION('',(3.69627624575467E-16,-1.,-6.2768601239956E-16));
#10259=DIRECTION('',(-6.64696333891792E-16,-6.2768601239956E-16,1.));
#10260=DIRECTION('',(-1.,-4.30859964532835E-16,-6.64696333891792E-16));
#10261=DIRECTION('',(-6.64696333891792E-16,-6.2768601239956E-16,1.));
#10262=DIRECTION('',(3.69627624575467E-16,-1.,-6.2768601239956E-16));
#10263=DIRECTION('',(6.64696333891792E-16,6.2768601239956E-16,-1.));
#10264=DIRECTION('',(1.,4.30859964532835E-16,6.64696333891792E-16));
#10265=DIRECTION('',(-6.64696333891792E-16,-6.2768601239956E-16,1.));
#10266=DIRECTION('',(-1.,-4.30859964532835E-16,-6.64696333891792E-16));
#10267=DIRECTION('',(-6.64696333891792E-16,-6.2768601239956E-16,1.));
#10268=DIRECTION('',(-1.,-4.30859964532834E-16,-6.64696333891792E-16));
#10269=DIRECTION('',(0.,0.,1.));
#10270=DIRECTION('',(1.,0.,0.));
#10271=DIRECTION('',(0.,0.,-1.));
#10272=DIRECTION('',(-1.,0.,0.));
#10273=DIRECTION('',(0.,0.,1.));
#10274=DIRECTION('',(1.,0.,0.));
#10275=DIRECTION('',(0.,0.,-1.));
#10276=DIRECTION('',(0.,0.,1.));
#10277=DIRECTION('',(-0.809016994374948,-0.587785252292473,0.));
#10278=DIRECTION('',(0.,0.,-1.));
#10279=DIRECTION('',(0.,0.,1.));
#10280=DIRECTION('',(1.,0.,0.));
#10281=DIRECTION('',(0.,0.,-1.));
#10282=DIRECTION('',(0.,0.,1.));
#10283=DIRECTION('',(0.309016994374948,-0.951056516295154,0.));
#10284=DIRECTION('',(0.,0.,-1.));
#10285=DIRECTION('',(0.,0.,1.));
#10286=DIRECTION('',(1.,0.,0.));
#10287=DIRECTION('',(0.,0.,-1.));
#10288=DIRECTION('',(0.,0.,1.));
#10289=DIRECTION('',(1.,0.,0.));
#10290=DIRECTION('',(0.,0.,-1.));
#10291=DIRECTION('',(0.,0.,1.));
#10292=DIRECTION('',(1.,0.,0.));
#10293=DIRECTION('',(0.,0.,-1.));
#10294=DIRECTION('',(0.,0.,1.));
#10295=DIRECTION('',(0.309016994374948,0.951056516295154,0.));
#10296=DIRECTION('',(0.,0.,-1.));
#10297=DIRECTION('',(0.,0.,1.));
#10298=DIRECTION('',(1.,0.,0.));
#10299=DIRECTION('',(0.,0.,-1.));
#10300=DIRECTION('',(0.,0.,1.));
#10301=DIRECTION('',(-0.809016994374947,0.587785252292473,0.));
#10302=DIRECTION('',(0.,0.,-1.));
#10303=DIRECTION('',(0.,0.,1.));
#10304=DIRECTION('',(1.,0.,0.));
#10305=DIRECTION('',(0.,0.,1.));
#10306=DIRECTION('',(1.,0.,0.));
#10307=DIRECTION('',(0.857704565039234,-0.514142858659788,0.));
#10308=DIRECTION('',(0.293369986527146,-0.95599898065064,0.));
#10309=DIRECTION('',(0.,0.,1.));
#10310=DIRECTION('',(1.,0.,0.));
#10311=DIRECTION('',(0.,0.,1.));
#10312=DIRECTION('',(1.,0.,0.));
#10313=DIRECTION('',(-0.223933629284914,-0.974604396499055,0.));
#10314=DIRECTION('',(-0.818552748642878,-0.574431368998237,0.));
#10315=DIRECTION('',(0.,0.,1.));
#10316=DIRECTION('',(0.309016994374948,-0.951056516295154,0.));
#10317=DIRECTION('',(-0.99610315916143,-0.0881957839617069,0.));
#10318=DIRECTION('',(-0.799263406773094,0.600980870405597,0.));
#10319=DIRECTION('',(0.,0.,1.));
#10320=DIRECTION('',(-0.809016994374948,-0.587785252292473,0.));
#10321=DIRECTION('',(-0.391691979377996,0.920096404346277,0.));
#10322=DIRECTION('',(0.324580797293073,0.945857973497392,0.));
#10323=DIRECTION('',(0.,0.,1.));
#10324=DIRECTION('',(-0.809016994374947,0.587785252292473,0.));
#10325=DIRECTION('',(0.754024202785105,0.656846634774273,0.));
#10326=DIRECTION('',(0.999865371595753,-0.0164084942541112,0.));
#10327=DIRECTION('',(0.,0.,1.));
#10328=DIRECTION('',(1.,0.,0.));
#10329=DIRECTION('',(1.,0.,0.));
#10330=DIRECTION('',(0.,0.,-1.));
#10331=DIRECTION('',(0.,-1.,0.));
#10332=DIRECTION('',(0.,0.,-1.));
#10333=DIRECTION('',(0.,-1.,0.));
#10334=DIRECTION('',(0.,0.,-1.));
#10335=DIRECTION('',(0.,0.,-1.));
#10336=DIRECTION('',(-1.,0.,0.));
#10337=DIRECTION('',(0.,0.,1.));
#10338=DIRECTION('',(1.,0.,0.));
#10339=DIRECTION('',(0.,0.,-1.));
#10340=DIRECTION('',(0.,0.,1.));
#10341=DIRECTION('',(1.,0.,0.));
#10342=DIRECTION('',(1.,0.,0.));
#10343=DIRECTION('',(0.,0.,-1.));
#10344=DIRECTION('',(0.,-1.,0.));
#10345=DIRECTION('',(0.,0.,-1.));
#10346=DIRECTION('',(0.,-1.,0.));
#10347=DIRECTION('',(0.,0.,-1.));
#10348=DIRECTION('',(-1.,0.,0.));
#10349=DIRECTION('',(0.,0.,1.));
#10350=DIRECTION('',(1.,0.,0.));
#10351=DIRECTION('',(0.,0.,1.));
#10352=DIRECTION('',(1.,0.,0.));
#10353=DIRECTION('',(0.,0.,1.));
#10354=DIRECTION('',(1.,0.,0.));
#10355=DIRECTION('',(0.,0.,1.));
#10356=DIRECTION('',(1.,0.,0.));
#10357=DIRECTION('',(-0.920096404346277,-0.391691979377996,0.));
#10358=DIRECTION('',(0.391691979377996,-0.920096404346277,0.));
#10359=DIRECTION('',(-0.391691979377996,0.920096404346277,0.));
#10360=DIRECTION('',(0.,0.,-1.));
#10361=DIRECTION('',(-0.391691979377996,0.920096404346277,0.));
#10362=DIRECTION('',(-0.600980870405597,-0.799263406773094,0.));
#10363=DIRECTION('',(0.,0.,-1.));
#10364=DIRECTION('',(-0.799263406773094,0.600980870405597,0.));
#10365=DIRECTION('',(0.,0.,-1.));
#10366=DIRECTION('',(-0.799263406773094,0.600980870405597,0.));
#10367=DIRECTION('',(0.,0.,1.));
#10368=DIRECTION('',(-0.809016994374948,-0.587785252292473,0.));
#10369=DIRECTION('',(0.,0.,1.));
#10370=DIRECTION('',(-0.809016994374948,-0.587785252292473,0.));
#10371=DIRECTION('',(-0.799263406773094,0.600980870405597,0.));
#10372=DIRECTION('',(-0.391691979377996,0.920096404346277,0.));
#10373=DIRECTION('',(-0.799263406773093,0.600980870405597,0.));
#10374=DIRECTION('',(-0.600980870405597,-0.799263406773093,0.));
#10375=DIRECTION('',(0.799263406773093,-0.600980870405597,0.));
#10376=DIRECTION('',(0.600980870405597,0.799263406773093,0.));
#10377=DIRECTION('',(-0.391691979377996,0.920096404346277,0.));
#10378=DIRECTION('',(-0.920096404346277,-0.391691979377996,0.));
#10379=DIRECTION('',(0.391691979377996,-0.920096404346277,0.));
#10380=DIRECTION('',(0.920096404346277,0.391691979377996,0.));
#10381=DIRECTION('',(0.,0.,1.));
#10382=DIRECTION('',(1.,0.,0.));
#10383=DIRECTION('',(0.,0.,-1.));
#10384=DIRECTION('',(-1.,0.,0.));
#10385=DIRECTION('',(0.,0.,-1.));
#10386=DIRECTION('',(0.,0.,1.));
#10387=DIRECTION('',(1.,0.,0.));
#10388=DIRECTION('',(0.,0.,1.));
#10389=DIRECTION('',(1.,0.,0.));
#10390=DIRECTION('',(0.,0.,1.));
#10391=DIRECTION('',(1.,0.,0.));
#10392=DIRECTION('',(0.,0.,-1.));
#10393=DIRECTION('',(0.,0.,-1.));
#10394=DIRECTION('',(-1.,0.,0.));
#10395=DIRECTION('',(-0.656846634774273,0.754024202785105,0.));
#10396=DIRECTION('',(-0.754024202785105,-0.656846634774273,0.));
#10397=DIRECTION('',(0.754024202785105,0.656846634774273,0.));
#10398=DIRECTION('',(0.,0.,-1.));
#10399=DIRECTION('',(0.754024202785105,0.656846634774273,0.));
#10400=DIRECTION('',(-0.945857973497392,0.324580797293073,0.));
#10401=DIRECTION('',(0.,0.,-1.));
#10402=DIRECTION('',(0.324580797293073,0.945857973497392,0.));
#10403=DIRECTION('',(0.324580797293073,0.945857973497392,0.));
#10404=DIRECTION('',(0.,0.,1.));
#10405=DIRECTION('',(-0.809016994374947,0.587785252292473,0.));
#10406=DIRECTION('',(0.,0.,1.));
#10407=DIRECTION('',(-0.809016994374947,0.587785252292473,0.));
#10408=DIRECTION('',(0.324580797293073,0.945857973497392,0.));
#10409=DIRECTION('',(0.754024202785105,0.656846634774273,0.));
#10410=DIRECTION('',(0.324580797293073,0.945857973497392,0.));
#10411=DIRECTION('',(-0.945857973497392,0.324580797293073,0.));
#10412=DIRECTION('',(-0.324580797293073,-0.945857973497392,0.));
#10413=DIRECTION('',(0.945857973497392,-0.324580797293073,0.));
#10414=DIRECTION('',(0.754024202785105,0.656846634774273,0.));
#10415=DIRECTION('',(-0.656846634774273,0.754024202785105,0.));
#10416=DIRECTION('',(-0.754024202785105,-0.656846634774273,0.));
#10417=DIRECTION('',(0.656846634774273,-0.754024202785105,0.));
#10418=DIRECTION('',(0.,0.,1.));
#10419=DIRECTION('',(1.,0.,0.));
#10420=DIRECTION('',(0.,0.,1.));
#10421=DIRECTION('',(1.,0.,0.));
#10422=DIRECTION('',(0.,0.,-1.));
#10423=DIRECTION('',(0.,0.,-1.));
#10424=DIRECTION('',(-1.,0.,0.));
#10425=DIRECTION('',(0.0881957839617069,-0.996103159161429,0.));
#10426=DIRECTION('',(0.996103159161429,0.0881957839617069,0.));
#10427=DIRECTION('',(-0.99610315916143,-0.0881957839617069,0.));
#10428=DIRECTION('',(-0.99610315916143,-0.0881957839617069,0.));
#10429=DIRECTION('',(0.574431368998237,-0.818552748642878,0.));
#10430=DIRECTION('',(0.,0.,-1.));
#10431=DIRECTION('',(-0.818552748642878,-0.574431368998237,0.));
#10432=DIRECTION('',(0.,0.,-1.));
#10433=DIRECTION('',(-0.818552748642878,-0.574431368998237,0.));
#10434=DIRECTION('',(0.,0.,1.));
#10435=DIRECTION('',(0.309016994374948,-0.951056516295154,0.));
#10436=DIRECTION('',(-0.99610315916143,-0.0881957839617069,0.));
#10437=DIRECTION('',(0.,0.,1.));
#10438=DIRECTION('',(0.309016994374948,-0.951056516295154,0.));
#10439=DIRECTION('',(-0.818552748642878,-0.574431368998237,0.));
#10440=DIRECTION('',(0.99610315916143,0.0881957839617069,0.));
#10441=DIRECTION('',(-0.0881957839617069,0.996103159161429,0.));
#10442=DIRECTION('',(-0.818552748642878,-0.574431368998237,0.));
#10443=DIRECTION('',(0.574431368998237,-0.818552748642878,0.));
#10444=DIRECTION('',(0.818552748642878,0.574431368998237,0.));
#10445=DIRECTION('',(-0.574431368998237,0.818552748642878,0.));
#10446=DIRECTION('',(-0.99610315916143,-0.0881957839617069,0.));
#10447=DIRECTION('',(0.0881957839617069,-0.996103159161429,0.));
#10448=DIRECTION('',(0.,0.,1.));
#10449=DIRECTION('',(1.,0.,0.));
#10450=DIRECTION('',(0.,0.,-1.));
#10451=DIRECTION('',(-1.,0.,0.));
#10452=DIRECTION('',(0.,0.,-1.));
#10453=DIRECTION('',(0.,0.,1.));
#10454=DIRECTION('',(1.,0.,0.));
#10455=DIRECTION('',(0.974604396499055,-0.223933629284914,0.));
#10456=DIRECTION('',(0.223933629284914,0.974604396499055,0.));
#10457=DIRECTION('',(-0.223933629284914,-0.974604396499055,0.));
#10458=DIRECTION('',(0.,0.,-1.));
#10459=DIRECTION('',(-0.223933629284914,-0.974604396499055,0.));
#10460=DIRECTION('',(0.95599898065064,0.293369986527146,0.));
#10461=DIRECTION('',(0.,0.,-1.));
#10462=DIRECTION('',(0.,0.,-1.));
#10463=DIRECTION('',(0.293369986527146,-0.95599898065064,0.));
#10464=DIRECTION('',(0.293369986527146,-0.95599898065064,0.));
#10465=DIRECTION('',(0.,0.,1.));
#10466=DIRECTION('',(1.,0.,0.));
#10467=DIRECTION('',(0.,0.,1.));
#10468=DIRECTION('',(1.,0.,0.));
#10469=DIRECTION('',(0.293369986527146,-0.95599898065064,0.));
#10470=DIRECTION('',(-0.223933629284914,-0.974604396499055,0.));
#10471=DIRECTION('',(0.,0.,1.));
#10472=DIRECTION('',(1.,0.,0.));
#10473=DIRECTION('',(0.223933629284914,0.974604396499055,0.));
#10474=DIRECTION('',(-0.974604396499055,0.223933629284914,0.));
#10475=DIRECTION('',(0.158344987803077,0.689149377738704,0.707106781186548));
#10476=DIRECTION('',(0.158344987803077,0.689149377738704,-0.707106781186548));
#10477=DIRECTION('',(-0.223933629284914,-0.974604396499055,0.));
#10478=DIRECTION('',(0.974604396499055,-0.223933629284914,0.));
#10479=DIRECTION('',(-0.158344987803077,-0.689149377738704,0.707106781186548));
#10480=DIRECTION('',(-0.158344987803077,-0.689149377738704,-0.707106781186548));
#10481=DIRECTION('',(0.,0.,-1.));
#10482=DIRECTION('',(-1.,0.,0.));
#10483=DIRECTION('',(-0.293369986527146,0.95599898065064,0.));
#10484=DIRECTION('',(-0.95599898065064,-0.293369986527146,0.));
#10485=DIRECTION('',(0.293369986527146,-0.95599898065064,0.));
#10486=DIRECTION('',(0.95599898065064,0.293369986527146,0.));
#10487=DIRECTION('',(0.,0.,1.));
#10488=DIRECTION('',(1.,0.,0.));
#10489=DIRECTION('',(0.,0.,1.));
#10490=DIRECTION('',(1.,0.,0.));
#10491=DIRECTION('',(0.,0.,-1.));
#10492=DIRECTION('',(-1.,0.,0.));
#10493=DIRECTION('',(0.,0.,-1.));
#10494=DIRECTION('',(0.514142858659788,0.857704565039234,0.));
#10495=DIRECTION('',(-0.857704565039234,0.514142858659788,0.));
#10496=DIRECTION('',(0.857704565039234,-0.514142858659788,0.));
#10497=DIRECTION('',(0.857704565039234,-0.514142858659788,0.));
#10498=DIRECTION('',(0.0164084942541112,0.999865371595753,0.));
#10499=DIRECTION('',(0.,0.,-1.));
#10500=DIRECTION('',(0.999865371595753,-0.0164084942541112,0.));
#10501=DIRECTION('',(0.999865371595753,-0.0164084942541112,0.));
#10502=DIRECTION('',(0.,0.,1.));
#10503=DIRECTION('',(0.309016994374948,0.951056516295154,0.));
#10504=DIRECTION('',(0.857704565039234,-0.514142858659788,0.));
#10505=DIRECTION('',(0.,0.,-1.));
#10506=DIRECTION('',(-1.,0.,0.));
#10507=DIRECTION('',(0.999865371595753,-0.0164084942541112,0.));
#10508=DIRECTION('',(-0.857704565039234,0.514142858659788,0.));
#10509=DIRECTION('',(-0.514142858659788,-0.857704565039234,0.));
#10510=DIRECTION('',(0.999865371595753,-0.0164084942541112,0.));
#10511=DIRECTION('',(0.0164084942541112,0.999865371595753,0.));
#10512=DIRECTION('',(-0.999865371595753,0.0164084942541112,0.));
#10513=DIRECTION('',(-0.0164084942541112,-0.999865371595753,0.));
#10514=DIRECTION('',(0.857704565039234,-0.514142858659788,0.));
#10515=DIRECTION('',(0.514142858659788,0.857704565039234,0.));
#10516=DIRECTION('',(0.,0.,1.));
#10517=DIRECTION('',(1.,0.,0.));
#10518=DIRECTION('',(0.,0.,1.));
#10519=DIRECTION('',(1.,0.,0.));
#10520=DIRECTION('',(0.,0.,1.));
#10521=DIRECTION('',(1.,0.,0.));
#10522=DIRECTION('',(0.,0.,1.));
#10523=DIRECTION('',(1.,0.,0.));
#10524=DIRECTION('',(0.,0.,-1.));
#10525=DIRECTION('',(-1.,0.,0.));
#10526=DIRECTION('',(0.,0.,1.));
#10527=DIRECTION('',(1.,0.,0.));
#10528=DIRECTION('',(0.,0.,1.));
#10529=DIRECTION('',(1.,0.,0.));
#10530=DIRECTION('',(0.,0.,1.));
#10531=DIRECTION('',(1.,0.,0.));
#10532=DIRECTION('',(0.,0.,-1.));
#10533=DIRECTION('',(-1.,0.,0.));
#10534=DIRECTION('',(0.,0.,1.));
#10535=DIRECTION('',(1.,0.,0.));
#10536=DIRECTION('',(0.,0.,1.));
#10537=DIRECTION('',(1.,0.,0.));
#10538=DIRECTION('',(0.,0.,1.));
#10539=DIRECTION('',(1.,0.,0.));
#10540=DIRECTION('',(0.,0.,1.));
#10541=DIRECTION('',(1.,0.,0.));
#10542=DIRECTION('',(0.,0.,-1.));
#10543=DIRECTION('',(-1.,0.,0.));
#10544=DIRECTION('',(0.,0.,1.));
#10545=DIRECTION('',(1.,0.,0.));
#10546=DIRECTION('',(0.,0.,1.));
#10547=DIRECTION('',(1.,0.,0.));
#10548=DIRECTION('',(0.754024202785105,0.656846634774273,0.));
#10549=DIRECTION('',(0.,0.,1.));
#10550=DIRECTION('',(1.,0.,0.));
#10551=DIRECTION('',(0.324580797293073,0.945857973497392,0.));
#10552=DIRECTION('',(0.,0.,1.));
#10553=DIRECTION('',(-0.809016994374947,0.587785252292473,0.));
#10554=DIRECTION('',(0.,0.,1.));
#10555=DIRECTION('',(1.,0.,0.));
#10556=DIRECTION('',(-0.391691979377996,0.920096404346277,0.));
#10557=DIRECTION('',(0.,0.,1.));
#10558=DIRECTION('',(1.,0.,0.));
#10559=DIRECTION('',(-0.799263406773094,0.600980870405597,0.));
#10560=DIRECTION('',(0.,0.,1.));
#10561=DIRECTION('',(-0.809016994374948,-0.587785252292473,0.));
#10562=DIRECTION('',(0.,0.,1.));
#10563=DIRECTION('',(1.,0.,0.));
#10564=DIRECTION('',(-0.99610315916143,-0.0881957839617069,0.));
#10565=DIRECTION('',(0.,0.,1.));
#10566=DIRECTION('',(1.,0.,0.));
#10567=DIRECTION('',(-0.818552748642878,-0.574431368998237,0.));
#10568=DIRECTION('',(0.,0.,1.));
#10569=DIRECTION('',(0.309016994374948,-0.951056516295154,0.));
#10570=DIRECTION('',(0.,0.,1.));
#10571=DIRECTION('',(1.,0.,0.));
#10572=DIRECTION('',(-0.223933629284914,-0.974604396499055,0.));
#10573=DIRECTION('',(0.,0.,1.));
#10574=DIRECTION('',(1.,0.,0.));
#10575=DIRECTION('',(0.293369986527146,-0.95599898065064,0.));
#10576=DIRECTION('',(0.,0.,1.));
#10577=DIRECTION('',(1.,0.,0.));
#10578=DIRECTION('',(0.,0.,1.));
#10579=DIRECTION('',(1.,0.,0.));
#10580=DIRECTION('',(0.,0.,-1.));
#10581=DIRECTION('',(-1.,0.,0.));
#10582=DIRECTION('',(0.,0.,-1.));
#10583=DIRECTION('',(0.,0.,1.));
#10584=DIRECTION('',(-0.809016994374948,-0.587785252292473,0.));
#10585=DIRECTION('',(0.,0.,-1.));
#10586=DIRECTION('',(0.,0.,-1.));
#10587=DIRECTION('',(0.,0.,1.));
#10588=DIRECTION('',(0.309016994374948,-0.951056516295154,0.));
#10589=DIRECTION('',(0.,0.,-1.));
#10590=DIRECTION('',(0.,0.,-1.));
#10591=DIRECTION('',(0.,0.,1.));
#10592=DIRECTION('',(1.,0.,0.));
#10593=DIRECTION('',(0.,0.,-1.));
#10594=DIRECTION('',(0.,0.,1.));
#10595=DIRECTION('',(1.,0.,0.));
#10596=DIRECTION('',(0.,0.,-1.));
#10597=DIRECTION('',(0.,0.,1.));
#10598=DIRECTION('',(0.309016994374948,0.951056516295154,0.));
#10599=DIRECTION('',(0.,0.,-1.));
#10600=DIRECTION('',(0.,0.,-1.));
#10601=DIRECTION('',(0.,0.,1.));
#10602=DIRECTION('',(-0.809016994374947,0.587785252292473,0.));
#10603=DIRECTION('',(0.,0.,-1.));
#10604=DIRECTION('',(0.,0.,1.));
#10605=DIRECTION('',(1.,0.,0.));
#10606=DIRECTION('',(0.,0.,1.));
#10607=DIRECTION('',(1.,0.,0.));
#10608=DIRECTION('',(0.,0.,1.));
#10609=DIRECTION('',(1.,0.,0.));
#10610=DIRECTION('',(0.857704565039234,-0.514142858659788,0.));
#10611=DIRECTION('',(0.999865371595753,-0.0164084942541112,0.));
#10612=DIRECTION('',(0.,0.,1.));
#10613=DIRECTION('',(1.,0.,0.));
#10614=DIRECTION('',(1.,0.,0.));
#10615=DIRECTION('',(0.,0.,-1.));
#10616=DIRECTION('',(0.,-1.,0.));
#10617=DIRECTION('',(0.,0.,-1.));
#10618=DIRECTION('',(0.,-1.,0.));
#10619=DIRECTION('',(0.,0.,-1.));
#10620=DIRECTION('',(0.,0.,-1.));
#10621=DIRECTION('',(-1.,0.,0.));
#10622=DIRECTION('',(0.,0.,1.));
#10623=DIRECTION('',(1.,0.,0.));
#10624=DIRECTION('',(0.,0.,-1.));
#10625=DIRECTION('',(0.,0.,1.));
#10626=DIRECTION('',(1.,0.,0.));
#10627=DIRECTION('',(1.,0.,0.));
#10628=DIRECTION('',(0.,0.,-1.));
#10629=DIRECTION('',(0.,-1.,0.));
#10630=DIRECTION('',(0.,0.,-1.));
#10631=DIRECTION('',(0.,-1.,0.));
#10632=DIRECTION('',(0.,0.,-1.));
#10633=DIRECTION('',(-1.,0.,0.));
#10634=DIRECTION('',(0.,0.,1.));
#10635=DIRECTION('',(1.,0.,0.));
#10636=DIRECTION('',(0.,0.,1.));
#10637=DIRECTION('',(1.,0.,0.));
#10638=DIRECTION('',(0.,0.,1.));
#10639=DIRECTION('',(1.,0.,0.));
#10640=DIRECTION('',(0.,0.,1.));
#10641=DIRECTION('',(1.,0.,0.));
#10642=DIRECTION('',(-0.920096404346277,-0.391691979377996,0.));
#10643=DIRECTION('',(0.391691979377996,-0.920096404346277,0.));
#10644=DIRECTION('',(-0.391691979377996,0.920096404346277,0.));
#10645=DIRECTION('',(0.,0.,-1.));
#10646=DIRECTION('',(-0.391691979377996,0.920096404346277,0.));
#10647=DIRECTION('',(-0.600980870405597,-0.799263406773094,0.));
#10648=DIRECTION('',(0.,0.,-1.));
#10649=DIRECTION('',(-0.799263406773094,0.600980870405597,0.));
#10650=DIRECTION('',(0.,0.,-1.));
#10651=DIRECTION('',(-0.799263406773094,0.600980870405597,0.));
#10652=DIRECTION('',(0.,0.,1.));
#10653=DIRECTION('',(-0.809016994374948,-0.587785252292473,0.));
#10654=DIRECTION('',(0.,0.,1.));
#10655=DIRECTION('',(-0.809016994374948,-0.587785252292473,0.));
#10656=DIRECTION('',(-0.799263406773094,0.600980870405597,0.));
#10657=DIRECTION('',(-0.391691979377996,0.920096404346277,0.));
#10658=DIRECTION('',(-0.799263406773093,0.600980870405597,0.));
#10659=DIRECTION('',(-0.600980870405597,-0.799263406773093,0.));
#10660=DIRECTION('',(0.799263406773093,-0.600980870405597,0.));
#10661=DIRECTION('',(0.600980870405597,0.799263406773093,0.));
#10662=DIRECTION('',(-0.391691979377996,0.920096404346277,0.));
#10663=DIRECTION('',(-0.920096404346277,-0.391691979377996,0.));
#10664=DIRECTION('',(0.391691979377996,-0.920096404346277,0.));
#10665=DIRECTION('',(0.920096404346277,0.391691979377996,0.));
#10666=DIRECTION('',(0.,0.,1.));
#10667=DIRECTION('',(1.,0.,0.));
#10668=DIRECTION('',(0.,0.,-1.));
#10669=DIRECTION('',(-1.,0.,0.));
#10670=DIRECTION('',(0.,0.,-1.));
#10671=DIRECTION('',(0.,0.,1.));
#10672=DIRECTION('',(1.,0.,0.));
#10673=DIRECTION('',(0.,0.,1.));
#10674=DIRECTION('',(1.,0.,0.));
#10675=DIRECTION('',(0.,0.,1.));
#10676=DIRECTION('',(1.,0.,0.));
#10677=DIRECTION('',(0.,0.,-1.));
#10678=DIRECTION('',(0.,0.,-1.));
#10679=DIRECTION('',(-1.,0.,0.));
#10680=DIRECTION('',(-0.656846634774273,0.754024202785105,0.));
#10681=DIRECTION('',(-0.754024202785105,-0.656846634774273,0.));
#10682=DIRECTION('',(0.754024202785105,0.656846634774273,0.));
#10683=DIRECTION('',(0.,0.,-1.));
#10684=DIRECTION('',(0.754024202785105,0.656846634774273,0.));
#10685=DIRECTION('',(-0.945857973497392,0.324580797293073,0.));
#10686=DIRECTION('',(0.,0.,-1.));
#10687=DIRECTION('',(0.324580797293073,0.945857973497392,0.));
#10688=DIRECTION('',(0.324580797293073,0.945857973497392,0.));
#10689=DIRECTION('',(0.,0.,1.));
#10690=DIRECTION('',(-0.809016994374947,0.587785252292473,0.));
#10691=DIRECTION('',(0.,0.,1.));
#10692=DIRECTION('',(-0.809016994374947,0.587785252292473,0.));
#10693=DIRECTION('',(0.324580797293073,0.945857973497392,0.));
#10694=DIRECTION('',(0.754024202785105,0.656846634774273,0.));
#10695=DIRECTION('',(0.324580797293073,0.945857973497392,0.));
#10696=DIRECTION('',(-0.945857973497392,0.324580797293073,0.));
#10697=DIRECTION('',(-0.324580797293073,-0.945857973497392,0.));
#10698=DIRECTION('',(0.945857973497392,-0.324580797293073,0.));
#10699=DIRECTION('',(0.754024202785105,0.656846634774273,0.));
#10700=DIRECTION('',(-0.656846634774273,0.754024202785105,0.));
#10701=DIRECTION('',(-0.754024202785105,-0.656846634774273,0.));
#10702=DIRECTION('',(0.656846634774273,-0.754024202785105,0.));
#10703=DIRECTION('',(0.,0.,1.));
#10704=DIRECTION('',(1.,0.,0.));
#10705=DIRECTION('',(0.,0.,1.));
#10706=DIRECTION('',(1.,0.,0.));
#10707=DIRECTION('',(0.,0.,-1.));
#10708=DIRECTION('',(0.,0.,-1.));
#10709=DIRECTION('',(-1.,0.,0.));
#10710=DIRECTION('',(0.0881957839617069,-0.996103159161429,0.));
#10711=DIRECTION('',(0.996103159161429,0.0881957839617069,0.));
#10712=DIRECTION('',(-0.99610315916143,-0.0881957839617069,0.));
#10713=DIRECTION('',(-0.99610315916143,-0.0881957839617069,0.));
#10714=DIRECTION('',(0.574431368998237,-0.818552748642878,0.));
#10715=DIRECTION('',(0.,0.,-1.));
#10716=DIRECTION('',(-0.818552748642878,-0.574431368998237,0.));
#10717=DIRECTION('',(0.,0.,-1.));
#10718=DIRECTION('',(-0.818552748642878,-0.574431368998237,0.));
#10719=DIRECTION('',(0.,0.,1.));
#10720=DIRECTION('',(0.309016994374948,-0.951056516295154,0.));
#10721=DIRECTION('',(-0.99610315916143,-0.0881957839617069,0.));
#10722=DIRECTION('',(0.,0.,1.));
#10723=DIRECTION('',(0.309016994374948,-0.951056516295154,0.));
#10724=DIRECTION('',(-0.818552748642878,-0.574431368998237,0.));
#10725=DIRECTION('',(0.99610315916143,0.0881957839617069,0.));
#10726=DIRECTION('',(-0.0881957839617069,0.996103159161429,0.));
#10727=DIRECTION('',(-0.818552748642878,-0.574431368998237,0.));
#10728=DIRECTION('',(0.574431368998237,-0.818552748642878,0.));
#10729=DIRECTION('',(0.818552748642878,0.574431368998237,0.));
#10730=DIRECTION('',(-0.574431368998237,0.818552748642878,0.));
#10731=DIRECTION('',(-0.99610315916143,-0.0881957839617069,0.));
#10732=DIRECTION('',(0.0881957839617069,-0.996103159161429,0.));
#10733=DIRECTION('',(0.,0.,1.));
#10734=DIRECTION('',(1.,0.,0.));
#10735=DIRECTION('',(0.,0.,-1.));
#10736=DIRECTION('',(-1.,0.,0.));
#10737=DIRECTION('',(0.,0.,-1.));
#10738=DIRECTION('',(0.,0.,1.));
#10739=DIRECTION('',(1.,0.,0.));
#10740=DIRECTION('',(0.974604396499055,-0.223933629284914,0.));
#10741=DIRECTION('',(0.223933629284914,0.974604396499055,0.));
#10742=DIRECTION('',(-0.223933629284914,-0.974604396499055,0.));
#10743=DIRECTION('',(0.,0.,-1.));
#10744=DIRECTION('',(-0.223933629284914,-0.974604396499055,0.));
#10745=DIRECTION('',(0.95599898065064,0.293369986527146,0.));
#10746=DIRECTION('',(0.,0.,-1.));
#10747=DIRECTION('',(0.,0.,-1.));
#10748=DIRECTION('',(0.293369986527146,-0.95599898065064,0.));
#10749=DIRECTION('',(0.293369986527146,-0.95599898065064,0.));
#10750=DIRECTION('',(0.,0.,1.));
#10751=DIRECTION('',(1.,0.,0.));
#10752=DIRECTION('',(0.,0.,1.));
#10753=DIRECTION('',(1.,0.,0.));
#10754=DIRECTION('',(0.293369986527146,-0.95599898065064,0.));
#10755=DIRECTION('',(-0.223933629284914,-0.974604396499055,0.));
#10756=DIRECTION('',(0.,0.,1.));
#10757=DIRECTION('',(1.,0.,0.));
#10758=DIRECTION('',(0.223933629284914,0.974604396499055,0.));
#10759=DIRECTION('',(-0.974604396499055,0.223933629284914,0.));
#10760=DIRECTION('',(0.158344987803077,0.689149377738704,0.707106781186548));
#10761=DIRECTION('',(0.158344987803077,0.689149377738704,-0.707106781186548));
#10762=DIRECTION('',(-0.223933629284914,-0.974604396499055,0.));
#10763=DIRECTION('',(0.974604396499055,-0.223933629284914,0.));
#10764=DIRECTION('',(-0.158344987803077,-0.689149377738704,0.707106781186548));
#10765=DIRECTION('',(-0.158344987803077,-0.689149377738704,-0.707106781186548));
#10766=DIRECTION('',(0.,0.,-1.));
#10767=DIRECTION('',(-1.,0.,0.));
#10768=DIRECTION('',(-0.293369986527146,0.95599898065064,0.));
#10769=DIRECTION('',(-0.95599898065064,-0.293369986527146,0.));
#10770=DIRECTION('',(0.293369986527146,-0.95599898065064,0.));
#10771=DIRECTION('',(0.95599898065064,0.293369986527146,0.));
#10772=DIRECTION('',(0.,0.,1.));
#10773=DIRECTION('',(1.,0.,0.));
#10774=DIRECTION('',(0.,0.,1.));
#10775=DIRECTION('',(1.,0.,0.));
#10776=DIRECTION('',(0.,0.,-1.));
#10777=DIRECTION('',(-1.,0.,0.));
#10778=DIRECTION('',(0.,0.,-1.));
#10779=DIRECTION('',(0.514142858659788,0.857704565039234,0.));
#10780=DIRECTION('',(-0.857704565039234,0.514142858659788,0.));
#10781=DIRECTION('',(0.857704565039234,-0.514142858659788,0.));
#10782=DIRECTION('',(0.857704565039234,-0.514142858659788,0.));
#10783=DIRECTION('',(0.0164084942541112,0.999865371595753,0.));
#10784=DIRECTION('',(0.,0.,-1.));
#10785=DIRECTION('',(0.999865371595753,-0.0164084942541112,0.));
#10786=DIRECTION('',(0.999865371595753,-0.0164084942541112,0.));
#10787=DIRECTION('',(0.,0.,1.));
#10788=DIRECTION('',(0.309016994374948,0.951056516295154,0.));
#10789=DIRECTION('',(0.857704565039234,-0.514142858659788,0.));
#10790=DIRECTION('',(0.,0.,-1.));
#10791=DIRECTION('',(-1.,0.,0.));
#10792=DIRECTION('',(0.999865371595753,-0.0164084942541112,0.));
#10793=DIRECTION('',(-0.857704565039234,0.514142858659788,0.));
#10794=DIRECTION('',(-0.514142858659788,-0.857704565039234,0.));
#10795=DIRECTION('',(0.999865371595753,-0.0164084942541112,0.));
#10796=DIRECTION('',(0.0164084942541112,0.999865371595753,0.));
#10797=DIRECTION('',(-0.999865371595753,0.0164084942541112,0.));
#10798=DIRECTION('',(-0.0164084942541112,-0.999865371595753,0.));
#10799=DIRECTION('',(0.857704565039234,-0.514142858659788,0.));
#10800=DIRECTION('',(0.514142858659788,0.857704565039234,0.));
#10801=DIRECTION('',(0.,0.,1.));
#10802=DIRECTION('',(1.,0.,0.));
#10803=DIRECTION('',(0.,0.,1.));
#10804=DIRECTION('',(1.,0.,0.));
#10805=DIRECTION('',(0.,0.,1.));
#10806=DIRECTION('',(1.,0.,0.));
#10807=DIRECTION('',(0.,0.,1.));
#10808=DIRECTION('',(1.,0.,0.));
#10809=DIRECTION('',(0.,0.,-1.));
#10810=DIRECTION('',(-1.,0.,0.));
#10811=DIRECTION('',(0.,0.,-1.));
#10812=DIRECTION('',(1.,0.,0.));
#10813=DIRECTION('',(0.,0.,1.));
#10814=DIRECTION('',(1.,0.,0.));
#10815=DIRECTION('',(0.,0.,1.));
#10816=DIRECTION('',(1.,0.,0.));
#10817=DIRECTION('',(0.,0.,-1.));
#10818=DIRECTION('',(1.,0.,0.));
#10819=DIRECTION('',(0.,0.,1.));
#10820=DIRECTION('',(-1.,0.,0.));
#10821=DIRECTION('',(0.,0.,1.));
#10822=DIRECTION('',(1.,0.,0.));
#10823=DIRECTION('',(0.,0.,-1.));
#10824=DIRECTION('',(1.,0.,0.));
#10825=DIRECTION('',(0.,0.,-1.));
#10826=DIRECTION('',(1.,0.,0.));
#10827=DIRECTION('',(0.,0.,1.));
#10828=DIRECTION('',(1.,0.,0.));
#10829=DIRECTION('',(0.,0.,-1.));
#10830=DIRECTION('',(-1.,0.,0.));
#10831=DIRECTION('',(0.,0.,1.));
#10832=DIRECTION('',(1.,0.,0.));
#10833=DIRECTION('',(0.,0.,1.));
#10834=DIRECTION('',(1.,0.,0.));
#10835=DIRECTION('',(0.754024202785105,0.656846634774273,0.));
#10836=DIRECTION('',(0.,0.,1.));
#10837=DIRECTION('',(1.,0.,0.));
#10838=DIRECTION('',(0.324580797293073,0.945857973497392,0.));
#10839=DIRECTION('',(0.,0.,1.));
#10840=DIRECTION('',(-0.809016994374947,0.587785252292473,0.));
#10841=DIRECTION('',(0.,0.,1.));
#10842=DIRECTION('',(1.,0.,0.));
#10843=DIRECTION('',(-0.391691979377996,0.920096404346277,0.));
#10844=DIRECTION('',(0.,0.,1.));
#10845=DIRECTION('',(1.,0.,0.));
#10846=DIRECTION('',(-0.799263406773094,0.600980870405597,0.));
#10847=DIRECTION('',(0.,0.,1.));
#10848=DIRECTION('',(-0.809016994374948,-0.587785252292473,0.));
#10849=DIRECTION('',(0.,0.,1.));
#10850=DIRECTION('',(1.,0.,0.));
#10851=DIRECTION('',(-0.99610315916143,-0.0881957839617069,0.));
#10852=DIRECTION('',(0.,0.,1.));
#10853=DIRECTION('',(1.,0.,0.));
#10854=DIRECTION('',(-0.818552748642878,-0.574431368998237,0.));
#10855=DIRECTION('',(0.,0.,1.));
#10856=DIRECTION('',(0.309016994374948,-0.951056516295154,0.));
#10857=DIRECTION('',(0.,0.,1.));
#10858=DIRECTION('',(1.,0.,0.));
#10859=DIRECTION('',(-0.223933629284914,-0.974604396499055,0.));
#10860=DIRECTION('',(0.,0.,1.));
#10861=DIRECTION('',(1.,0.,0.));
#10862=DIRECTION('',(0.293369986527146,-0.95599898065064,0.));
#10863=DIRECTION('',(0.,0.,1.));
#10864=DIRECTION('',(1.,0.,0.));
#10865=DIRECTION('',(0.,0.,1.));
#10866=DIRECTION('',(1.,0.,0.));
#10867=DIRECTION('',(0.,0.,-1.));
#10868=DIRECTION('',(-1.,0.,0.));
#10869=DIRECTION('',(0.,0.,-1.));
#10870=DIRECTION('',(0.,0.,1.));
#10871=DIRECTION('',(-0.809016994374948,-0.587785252292473,0.));
#10872=DIRECTION('',(0.,0.,-1.));
#10873=DIRECTION('',(0.,0.,-1.));
#10874=DIRECTION('',(0.,0.,1.));
#10875=DIRECTION('',(0.309016994374948,-0.951056516295154,0.));
#10876=DIRECTION('',(0.,0.,-1.));
#10877=DIRECTION('',(0.,0.,-1.));
#10878=DIRECTION('',(0.,0.,1.));
#10879=DIRECTION('',(1.,0.,0.));
#10880=DIRECTION('',(0.,0.,-1.));
#10881=DIRECTION('',(0.,0.,1.));
#10882=DIRECTION('',(1.,0.,0.));
#10883=DIRECTION('',(0.,0.,-1.));
#10884=DIRECTION('',(0.,0.,1.));
#10885=DIRECTION('',(0.309016994374948,0.951056516295154,0.));
#10886=DIRECTION('',(0.,0.,-1.));
#10887=DIRECTION('',(0.,0.,-1.));
#10888=DIRECTION('',(0.,0.,1.));
#10889=DIRECTION('',(-0.809016994374947,0.587785252292473,0.));
#10890=DIRECTION('',(0.,0.,-1.));
#10891=DIRECTION('',(0.,0.,1.));
#10892=DIRECTION('',(1.,0.,0.));
#10893=DIRECTION('',(0.,0.,1.));
#10894=DIRECTION('',(1.,0.,0.));
#10895=DIRECTION('',(0.,0.,1.));
#10896=DIRECTION('',(1.,0.,0.));
#10897=DIRECTION('',(0.857704565039234,-0.514142858659788,0.));
#10898=DIRECTION('',(0.999865371595753,-0.0164084942541112,0.));
#10899=DIRECTION('',(0.,0.,1.));
#10900=DIRECTION('',(1.,0.,0.));
#10901=DIRECTION('',(1.,0.,0.));
#10902=DIRECTION('',(0.,0.,-1.));
#10903=DIRECTION('',(0.,-1.,0.));
#10904=DIRECTION('',(0.,0.,-1.));
#10905=DIRECTION('',(0.,-1.,0.));
#10906=DIRECTION('',(0.,0.,-1.));
#10907=DIRECTION('',(0.,0.,-1.));
#10908=DIRECTION('',(-1.,0.,0.));
#10909=DIRECTION('',(0.,0.,1.));
#10910=DIRECTION('',(1.,0.,0.));
#10911=DIRECTION('',(0.,0.,-1.));
#10912=DIRECTION('',(0.,0.,1.));
#10913=DIRECTION('',(1.,0.,0.));
#10914=DIRECTION('',(1.,0.,0.));
#10915=DIRECTION('',(0.,0.,-1.));
#10916=DIRECTION('',(0.,-1.,0.));
#10917=DIRECTION('',(0.,0.,-1.));
#10918=DIRECTION('',(0.,-1.,0.));
#10919=DIRECTION('',(0.,0.,-1.));
#10920=DIRECTION('',(-1.,0.,0.));
#10921=DIRECTION('',(0.,0.,1.));
#10922=DIRECTION('',(1.,0.,0.));
#10923=DIRECTION('',(0.,0.,1.));
#10924=DIRECTION('',(1.,0.,0.));
#10925=DIRECTION('',(0.,0.,1.));
#10926=DIRECTION('',(1.,0.,0.));
#10927=DIRECTION('',(0.,0.,1.));
#10928=DIRECTION('',(1.,0.,0.));
#10929=DIRECTION('',(-0.920096404346277,-0.391691979377996,0.));
#10930=DIRECTION('',(0.391691979377996,-0.920096404346277,0.));
#10931=DIRECTION('',(-0.391691979377996,0.920096404346277,0.));
#10932=DIRECTION('',(0.,0.,-1.));
#10933=DIRECTION('',(-0.391691979377996,0.920096404346277,0.));
#10934=DIRECTION('',(-0.600980870405597,-0.799263406773094,0.));
#10935=DIRECTION('',(0.,0.,-1.));
#10936=DIRECTION('',(-0.799263406773094,0.600980870405597,0.));
#10937=DIRECTION('',(0.,0.,-1.));
#10938=DIRECTION('',(-0.799263406773094,0.600980870405597,0.));
#10939=DIRECTION('',(0.,0.,1.));
#10940=DIRECTION('',(-0.809016994374948,-0.587785252292473,0.));
#10941=DIRECTION('',(0.,0.,1.));
#10942=DIRECTION('',(-0.809016994374948,-0.587785252292473,0.));
#10943=DIRECTION('',(-0.799263406773094,0.600980870405597,0.));
#10944=DIRECTION('',(-0.391691979377996,0.920096404346277,0.));
#10945=DIRECTION('',(-0.799263406773093,0.600980870405597,0.));
#10946=DIRECTION('',(-0.600980870405597,-0.799263406773093,0.));
#10947=DIRECTION('',(0.799263406773093,-0.600980870405597,0.));
#10948=DIRECTION('',(0.600980870405597,0.799263406773093,0.));
#10949=DIRECTION('',(-0.391691979377996,0.920096404346277,0.));
#10950=DIRECTION('',(-0.920096404346277,-0.391691979377996,0.));
#10951=DIRECTION('',(0.391691979377996,-0.920096404346277,0.));
#10952=DIRECTION('',(0.920096404346277,0.391691979377996,0.));
#10953=DIRECTION('',(0.,0.,1.));
#10954=DIRECTION('',(1.,0.,0.));
#10955=DIRECTION('',(0.,0.,-1.));
#10956=DIRECTION('',(-1.,0.,0.));
#10957=DIRECTION('',(0.,0.,-1.));
#10958=DIRECTION('',(0.,0.,1.));
#10959=DIRECTION('',(1.,0.,0.));
#10960=DIRECTION('',(0.,0.,1.));
#10961=DIRECTION('',(1.,0.,0.));
#10962=DIRECTION('',(0.,0.,1.));
#10963=DIRECTION('',(1.,0.,0.));
#10964=DIRECTION('',(0.,0.,-1.));
#10965=DIRECTION('',(0.,0.,-1.));
#10966=DIRECTION('',(-1.,0.,0.));
#10967=DIRECTION('',(-0.656846634774273,0.754024202785105,0.));
#10968=DIRECTION('',(-0.754024202785105,-0.656846634774273,0.));
#10969=DIRECTION('',(0.754024202785105,0.656846634774273,0.));
#10970=DIRECTION('',(0.,0.,-1.));
#10971=DIRECTION('',(0.754024202785105,0.656846634774273,0.));
#10972=DIRECTION('',(-0.945857973497392,0.324580797293073,0.));
#10973=DIRECTION('',(0.,0.,-1.));
#10974=DIRECTION('',(0.324580797293073,0.945857973497392,0.));
#10975=DIRECTION('',(0.324580797293073,0.945857973497392,0.));
#10976=DIRECTION('',(0.,0.,1.));
#10977=DIRECTION('',(-0.809016994374947,0.587785252292473,0.));
#10978=DIRECTION('',(0.,0.,1.));
#10979=DIRECTION('',(-0.809016994374947,0.587785252292473,0.));
#10980=DIRECTION('',(0.324580797293073,0.945857973497392,0.));
#10981=DIRECTION('',(0.754024202785105,0.656846634774273,0.));
#10982=DIRECTION('',(0.324580797293073,0.945857973497392,0.));
#10983=DIRECTION('',(-0.945857973497392,0.324580797293073,0.));
#10984=DIRECTION('',(-0.324580797293073,-0.945857973497392,0.));
#10985=DIRECTION('',(0.945857973497392,-0.324580797293073,0.));
#10986=DIRECTION('',(0.754024202785105,0.656846634774273,0.));
#10987=DIRECTION('',(-0.656846634774273,0.754024202785105,0.));
#10988=DIRECTION('',(-0.754024202785105,-0.656846634774273,0.));
#10989=DIRECTION('',(0.656846634774273,-0.754024202785105,0.));
#10990=DIRECTION('',(0.,0.,1.));
#10991=DIRECTION('',(1.,0.,0.));
#10992=DIRECTION('',(0.,0.,1.));
#10993=DIRECTION('',(1.,0.,0.));
#10994=DIRECTION('',(0.,0.,-1.));
#10995=DIRECTION('',(0.,0.,-1.));
#10996=DIRECTION('',(-1.,0.,0.));
#10997=DIRECTION('',(0.0881957839617069,-0.996103159161429,0.));
#10998=DIRECTION('',(0.996103159161429,0.0881957839617069,0.));
#10999=DIRECTION('',(-0.99610315916143,-0.0881957839617069,0.));
#11000=DIRECTION('',(-0.99610315916143,-0.0881957839617069,0.));
#11001=DIRECTION('',(0.574431368998237,-0.818552748642878,0.));
#11002=DIRECTION('',(0.,0.,-1.));
#11003=DIRECTION('',(-0.818552748642878,-0.574431368998237,0.));
#11004=DIRECTION('',(0.,0.,-1.));
#11005=DIRECTION('',(-0.818552748642878,-0.574431368998237,0.));
#11006=DIRECTION('',(0.,0.,1.));
#11007=DIRECTION('',(0.309016994374948,-0.951056516295154,0.));
#11008=DIRECTION('',(-0.99610315916143,-0.0881957839617069,0.));
#11009=DIRECTION('',(0.,0.,1.));
#11010=DIRECTION('',(0.309016994374948,-0.951056516295154,0.));
#11011=DIRECTION('',(-0.818552748642878,-0.574431368998237,0.));
#11012=DIRECTION('',(0.99610315916143,0.0881957839617069,0.));
#11013=DIRECTION('',(-0.0881957839617069,0.996103159161429,0.));
#11014=DIRECTION('',(-0.818552748642878,-0.574431368998237,0.));
#11015=DIRECTION('',(0.574431368998237,-0.818552748642878,0.));
#11016=DIRECTION('',(0.818552748642878,0.574431368998237,0.));
#11017=DIRECTION('',(-0.574431368998237,0.818552748642878,0.));
#11018=DIRECTION('',(-0.99610315916143,-0.0881957839617069,0.));
#11019=DIRECTION('',(0.0881957839617069,-0.996103159161429,0.));
#11020=DIRECTION('',(0.,0.,1.));
#11021=DIRECTION('',(1.,0.,0.));
#11022=DIRECTION('',(0.,0.,-1.));
#11023=DIRECTION('',(-1.,0.,0.));
#11024=DIRECTION('',(0.,0.,-1.));
#11025=DIRECTION('',(0.,0.,1.));
#11026=DIRECTION('',(1.,0.,0.));
#11027=DIRECTION('',(0.974604396499055,-0.223933629284914,0.));
#11028=DIRECTION('',(0.223933629284914,0.974604396499055,0.));
#11029=DIRECTION('',(-0.223933629284914,-0.974604396499055,0.));
#11030=DIRECTION('',(0.,0.,-1.));
#11031=DIRECTION('',(-0.223933629284914,-0.974604396499055,0.));
#11032=DIRECTION('',(0.95599898065064,0.293369986527146,0.));
#11033=DIRECTION('',(0.,0.,-1.));
#11034=DIRECTION('',(0.,0.,-1.));
#11035=DIRECTION('',(0.293369986527146,-0.95599898065064,0.));
#11036=DIRECTION('',(0.293369986527146,-0.95599898065064,0.));
#11037=DIRECTION('',(0.,0.,1.));
#11038=DIRECTION('',(1.,0.,0.));
#11039=DIRECTION('',(0.,0.,1.));
#11040=DIRECTION('',(1.,0.,0.));
#11041=DIRECTION('',(0.293369986527146,-0.95599898065064,0.));
#11042=DIRECTION('',(-0.223933629284914,-0.974604396499055,0.));
#11043=DIRECTION('',(0.,0.,1.));
#11044=DIRECTION('',(1.,0.,0.));
#11045=DIRECTION('',(0.223933629284914,0.974604396499055,0.));
#11046=DIRECTION('',(-0.974604396499055,0.223933629284914,0.));
#11047=DIRECTION('',(0.158344987803077,0.689149377738704,0.707106781186548));
#11048=DIRECTION('',(0.158344987803077,0.689149377738704,-0.707106781186548));
#11049=DIRECTION('',(-0.223933629284914,-0.974604396499055,0.));
#11050=DIRECTION('',(0.974604396499055,-0.223933629284914,0.));
#11051=DIRECTION('',(-0.158344987803077,-0.689149377738704,0.707106781186548));
#11052=DIRECTION('',(-0.158344987803077,-0.689149377738704,-0.707106781186548));
#11053=DIRECTION('',(0.,0.,-1.));
#11054=DIRECTION('',(-1.,0.,0.));
#11055=DIRECTION('',(-0.293369986527146,0.95599898065064,0.));
#11056=DIRECTION('',(-0.95599898065064,-0.293369986527146,0.));
#11057=DIRECTION('',(0.293369986527146,-0.95599898065064,0.));
#11058=DIRECTION('',(0.95599898065064,0.293369986527146,0.));
#11059=DIRECTION('',(0.,0.,1.));
#11060=DIRECTION('',(1.,0.,0.));
#11061=DIRECTION('',(0.,0.,1.));
#11062=DIRECTION('',(1.,0.,0.));
#11063=DIRECTION('',(0.,0.,-1.));
#11064=DIRECTION('',(-1.,0.,0.));
#11065=DIRECTION('',(0.,0.,-1.));
#11066=DIRECTION('',(0.514142858659788,0.857704565039234,0.));
#11067=DIRECTION('',(-0.857704565039234,0.514142858659788,0.));
#11068=DIRECTION('',(0.857704565039234,-0.514142858659788,0.));
#11069=DIRECTION('',(0.857704565039234,-0.514142858659788,0.));
#11070=DIRECTION('',(0.0164084942541112,0.999865371595753,0.));
#11071=DIRECTION('',(0.,0.,-1.));
#11072=DIRECTION('',(0.999865371595753,-0.0164084942541112,0.));
#11073=DIRECTION('',(0.999865371595753,-0.0164084942541112,0.));
#11074=DIRECTION('',(0.,0.,1.));
#11075=DIRECTION('',(0.309016994374948,0.951056516295154,0.));
#11076=DIRECTION('',(0.857704565039234,-0.514142858659788,0.));
#11077=DIRECTION('',(0.,0.,-1.));
#11078=DIRECTION('',(-1.,0.,0.));
#11079=DIRECTION('',(0.999865371595753,-0.0164084942541112,0.));
#11080=DIRECTION('',(-0.857704565039234,0.514142858659788,0.));
#11081=DIRECTION('',(-0.514142858659788,-0.857704565039234,0.));
#11082=DIRECTION('',(0.999865371595753,-0.0164084942541112,0.));
#11083=DIRECTION('',(0.0164084942541112,0.999865371595753,0.));
#11084=DIRECTION('',(-0.999865371595753,0.0164084942541112,0.));
#11085=DIRECTION('',(-0.0164084942541112,-0.999865371595753,0.));
#11086=DIRECTION('',(0.857704565039234,-0.514142858659788,0.));
#11087=DIRECTION('',(0.514142858659788,0.857704565039234,0.));
#11088=DIRECTION('',(0.,0.,1.));
#11089=DIRECTION('',(1.,0.,0.));
#11090=DIRECTION('',(0.,0.,1.));
#11091=DIRECTION('',(1.,0.,0.));
#11092=DIRECTION('',(0.,0.,1.));
#11093=DIRECTION('',(1.,0.,0.));
#11094=DIRECTION('',(0.,0.,1.));
#11095=DIRECTION('',(1.,0.,0.));
#11096=DIRECTION('',(0.,0.,-1.));
#11097=DIRECTION('',(-1.,0.,0.));
#11098=DIRECTION('',(0.,0.,-1.));
#11099=DIRECTION('',(1.,0.,0.));
#11100=DIRECTION('',(0.,0.,1.));
#11101=DIRECTION('',(1.,0.,0.));
#11102=DIRECTION('',(0.,0.,-1.));
#11103=DIRECTION('',(-1.,0.,0.));
#11104=DIRECTION('',(0.,0.,1.));
#11105=DIRECTION('',(1.,0.,0.));
#11106=DIRECTION('',(0.,0.,-1.));
#11107=DIRECTION('',(0.,0.,1.));
#11108=DIRECTION('',(-0.809016994374948,-0.587785252292473,0.));
#11109=DIRECTION('',(0.,0.,-1.));
#11110=DIRECTION('',(0.,0.,1.));
#11111=DIRECTION('',(1.,0.,0.));
#11112=DIRECTION('',(0.,0.,-1.));
#11113=DIRECTION('',(0.,0.,1.));
#11114=DIRECTION('',(0.309016994374948,-0.951056516295154,0.));
#11115=DIRECTION('',(0.,0.,-1.));
#11116=DIRECTION('',(0.,0.,1.));
#11117=DIRECTION('',(1.,0.,0.));
#11118=DIRECTION('',(0.,0.,-1.));
#11119=DIRECTION('',(0.,0.,1.));
#11120=DIRECTION('',(1.,0.,0.));
#11121=DIRECTION('',(0.,0.,-1.));
#11122=DIRECTION('',(0.,0.,1.));
#11123=DIRECTION('',(1.,0.,0.));
#11124=DIRECTION('',(0.,0.,-1.));
#11125=DIRECTION('',(0.,0.,1.));
#11126=DIRECTION('',(0.309016994374948,0.951056516295154,0.));
#11127=DIRECTION('',(0.,0.,-1.));
#11128=DIRECTION('',(0.,0.,1.));
#11129=DIRECTION('',(1.,0.,0.));
#11130=DIRECTION('',(0.,0.,-1.));
#11131=DIRECTION('',(0.,0.,1.));
#11132=DIRECTION('',(-0.809016994374947,0.587785252292473,0.));
#11133=DIRECTION('',(0.,0.,-1.));
#11134=DIRECTION('',(0.,0.,1.));
#11135=DIRECTION('',(1.,0.,0.));
#11136=DIRECTION('',(0.,0.,1.));
#11137=DIRECTION('',(1.,0.,0.));
#11138=DIRECTION('',(0.857704565039234,-0.514142858659788,0.));
#11139=DIRECTION('',(0.293369986527146,-0.95599898065064,0.));
#11140=DIRECTION('',(0.,0.,1.));
#11141=DIRECTION('',(1.,0.,0.));
#11142=DIRECTION('',(0.,0.,1.));
#11143=DIRECTION('',(1.,0.,0.));
#11144=DIRECTION('',(-0.223933629284914,-0.974604396499055,0.));
#11145=DIRECTION('',(-0.818552748642878,-0.574431368998237,0.));
#11146=DIRECTION('',(0.,0.,1.));
#11147=DIRECTION('',(0.309016994374948,-0.951056516295154,0.));
#11148=DIRECTION('',(-0.99610315916143,-0.0881957839617069,0.));
#11149=DIRECTION('',(-0.799263406773094,0.600980870405597,0.));
#11150=DIRECTION('',(0.,0.,1.));
#11151=DIRECTION('',(-0.809016994374948,-0.587785252292473,0.));
#11152=DIRECTION('',(-0.391691979377996,0.920096404346277,0.));
#11153=DIRECTION('',(0.324580797293073,0.945857973497392,0.));
#11154=DIRECTION('',(0.,0.,1.));
#11155=DIRECTION('',(-0.809016994374947,0.587785252292473,0.));
#11156=DIRECTION('',(0.754024202785105,0.656846634774273,0.));
#11157=DIRECTION('',(0.999865371595753,-0.0164084942541112,0.));
#11158=DIRECTION('',(0.,0.,1.));
#11159=DIRECTION('',(1.,0.,0.));
#11160=DIRECTION('',(1.,0.,0.));
#11161=DIRECTION('',(0.,0.,-1.));
#11162=DIRECTION('',(0.,-1.,0.));
#11163=DIRECTION('',(0.,0.,-1.));
#11164=DIRECTION('',(0.,-1.,0.));
#11165=DIRECTION('',(0.,0.,-1.));
#11166=DIRECTION('',(0.,0.,-1.));
#11167=DIRECTION('',(-1.,0.,0.));
#11168=DIRECTION('',(0.,0.,1.));
#11169=DIRECTION('',(1.,0.,0.));
#11170=DIRECTION('',(0.,0.,-1.));
#11171=DIRECTION('',(0.,0.,1.));
#11172=DIRECTION('',(1.,0.,0.));
#11173=DIRECTION('',(1.,0.,0.));
#11174=DIRECTION('',(0.,0.,-1.));
#11175=DIRECTION('',(0.,-1.,0.));
#11176=DIRECTION('',(0.,0.,-1.));
#11177=DIRECTION('',(0.,-1.,0.));
#11178=DIRECTION('',(0.,0.,-1.));
#11179=DIRECTION('',(-1.,0.,0.));
#11180=DIRECTION('',(0.,0.,1.));
#11181=DIRECTION('',(1.,0.,0.));
#11182=DIRECTION('',(0.,0.,1.));
#11183=DIRECTION('',(1.,0.,0.));
#11184=DIRECTION('',(0.,0.,1.));
#11185=DIRECTION('',(1.,0.,0.));
#11186=DIRECTION('',(0.,0.,1.));
#11187=DIRECTION('',(1.,0.,0.));
#11188=DIRECTION('',(-0.920096404346277,-0.391691979377996,0.));
#11189=DIRECTION('',(0.391691979377996,-0.920096404346277,0.));
#11190=DIRECTION('',(-0.391691979377996,0.920096404346277,0.));
#11191=DIRECTION('',(0.,0.,-1.));
#11192=DIRECTION('',(-0.391691979377996,0.920096404346277,0.));
#11193=DIRECTION('',(-0.600980870405597,-0.799263406773094,0.));
#11194=DIRECTION('',(0.,0.,-1.));
#11195=DIRECTION('',(-0.799263406773094,0.600980870405597,0.));
#11196=DIRECTION('',(0.,0.,-1.));
#11197=DIRECTION('',(-0.799263406773094,0.600980870405597,0.));
#11198=DIRECTION('',(0.,0.,1.));
#11199=DIRECTION('',(-0.809016994374948,-0.587785252292473,0.));
#11200=DIRECTION('',(0.,0.,1.));
#11201=DIRECTION('',(-0.809016994374948,-0.587785252292473,0.));
#11202=DIRECTION('',(-0.799263406773094,0.600980870405597,0.));
#11203=DIRECTION('',(-0.391691979377996,0.920096404346277,0.));
#11204=DIRECTION('',(-0.799263406773093,0.600980870405597,0.));
#11205=DIRECTION('',(-0.600980870405597,-0.799263406773093,0.));
#11206=DIRECTION('',(0.799263406773093,-0.600980870405597,0.));
#11207=DIRECTION('',(0.600980870405597,0.799263406773093,0.));
#11208=DIRECTION('',(-0.391691979377996,0.920096404346277,0.));
#11209=DIRECTION('',(-0.920096404346277,-0.391691979377996,0.));
#11210=DIRECTION('',(0.391691979377996,-0.920096404346277,0.));
#11211=DIRECTION('',(0.920096404346277,0.391691979377996,0.));
#11212=DIRECTION('',(0.,0.,1.));
#11213=DIRECTION('',(1.,0.,0.));
#11214=DIRECTION('',(0.,0.,-1.));
#11215=DIRECTION('',(-1.,0.,0.));
#11216=DIRECTION('',(0.,0.,-1.));
#11217=DIRECTION('',(0.,0.,1.));
#11218=DIRECTION('',(1.,0.,0.));
#11219=DIRECTION('',(0.,0.,1.));
#11220=DIRECTION('',(1.,0.,0.));
#11221=DIRECTION('',(0.,0.,1.));
#11222=DIRECTION('',(1.,0.,0.));
#11223=DIRECTION('',(0.,0.,-1.));
#11224=DIRECTION('',(0.,0.,-1.));
#11225=DIRECTION('',(-1.,0.,0.));
#11226=DIRECTION('',(-0.656846634774273,0.754024202785105,0.));
#11227=DIRECTION('',(-0.754024202785105,-0.656846634774273,0.));
#11228=DIRECTION('',(0.754024202785105,0.656846634774273,0.));
#11229=DIRECTION('',(0.,0.,-1.));
#11230=DIRECTION('',(0.754024202785105,0.656846634774273,0.));
#11231=DIRECTION('',(-0.945857973497392,0.324580797293073,0.));
#11232=DIRECTION('',(0.,0.,-1.));
#11233=DIRECTION('',(0.324580797293073,0.945857973497392,0.));
#11234=DIRECTION('',(0.324580797293073,0.945857973497392,0.));
#11235=DIRECTION('',(0.,0.,1.));
#11236=DIRECTION('',(-0.809016994374947,0.587785252292473,0.));
#11237=DIRECTION('',(0.,0.,1.));
#11238=DIRECTION('',(-0.809016994374947,0.587785252292473,0.));
#11239=DIRECTION('',(0.324580797293073,0.945857973497392,0.));
#11240=DIRECTION('',(0.754024202785105,0.656846634774273,0.));
#11241=DIRECTION('',(0.324580797293073,0.945857973497392,0.));
#11242=DIRECTION('',(-0.945857973497392,0.324580797293073,0.));
#11243=DIRECTION('',(-0.324580797293073,-0.945857973497392,0.));
#11244=DIRECTION('',(0.945857973497392,-0.324580797293073,0.));
#11245=DIRECTION('',(0.754024202785105,0.656846634774273,0.));
#11246=DIRECTION('',(-0.656846634774273,0.754024202785105,0.));
#11247=DIRECTION('',(-0.754024202785105,-0.656846634774273,0.));
#11248=DIRECTION('',(0.656846634774273,-0.754024202785105,0.));
#11249=DIRECTION('',(0.,0.,1.));
#11250=DIRECTION('',(1.,0.,0.));
#11251=DIRECTION('',(0.,0.,1.));
#11252=DIRECTION('',(1.,0.,0.));
#11253=DIRECTION('',(0.,0.,-1.));
#11254=DIRECTION('',(0.,0.,-1.));
#11255=DIRECTION('',(-1.,0.,0.));
#11256=DIRECTION('',(0.0881957839617069,-0.996103159161429,0.));
#11257=DIRECTION('',(0.996103159161429,0.0881957839617069,0.));
#11258=DIRECTION('',(-0.99610315916143,-0.0881957839617069,0.));
#11259=DIRECTION('',(-0.99610315916143,-0.0881957839617069,0.));
#11260=DIRECTION('',(0.574431368998237,-0.818552748642878,0.));
#11261=DIRECTION('',(0.,0.,-1.));
#11262=DIRECTION('',(-0.818552748642878,-0.574431368998237,0.));
#11263=DIRECTION('',(0.,0.,-1.));
#11264=DIRECTION('',(-0.818552748642878,-0.574431368998237,0.));
#11265=DIRECTION('',(0.,0.,1.));
#11266=DIRECTION('',(0.309016994374948,-0.951056516295154,0.));
#11267=DIRECTION('',(-0.99610315916143,-0.0881957839617069,0.));
#11268=DIRECTION('',(0.,0.,1.));
#11269=DIRECTION('',(0.309016994374948,-0.951056516295154,0.));
#11270=DIRECTION('',(-0.818552748642878,-0.574431368998237,0.));
#11271=DIRECTION('',(0.99610315916143,0.0881957839617069,0.));
#11272=DIRECTION('',(-0.0881957839617069,0.996103159161429,0.));
#11273=DIRECTION('',(-0.818552748642878,-0.574431368998237,0.));
#11274=DIRECTION('',(0.574431368998237,-0.818552748642878,0.));
#11275=DIRECTION('',(0.818552748642878,0.574431368998237,0.));
#11276=DIRECTION('',(-0.574431368998237,0.818552748642878,0.));
#11277=DIRECTION('',(-0.99610315916143,-0.0881957839617069,0.));
#11278=DIRECTION('',(0.0881957839617069,-0.996103159161429,0.));
#11279=DIRECTION('',(0.,0.,1.));
#11280=DIRECTION('',(1.,0.,0.));
#11281=DIRECTION('',(0.,0.,-1.));
#11282=DIRECTION('',(-1.,0.,0.));
#11283=DIRECTION('',(0.,0.,-1.));
#11284=DIRECTION('',(0.,0.,1.));
#11285=DIRECTION('',(1.,0.,0.));
#11286=DIRECTION('',(0.974604396499055,-0.223933629284914,0.));
#11287=DIRECTION('',(0.223933629284914,0.974604396499055,0.));
#11288=DIRECTION('',(-0.223933629284914,-0.974604396499055,0.));
#11289=DIRECTION('',(0.,0.,-1.));
#11290=DIRECTION('',(-0.223933629284914,-0.974604396499055,0.));
#11291=DIRECTION('',(0.95599898065064,0.293369986527146,0.));
#11292=DIRECTION('',(0.,0.,-1.));
#11293=DIRECTION('',(0.,0.,-1.));
#11294=DIRECTION('',(0.293369986527146,-0.95599898065064,0.));
#11295=DIRECTION('',(0.293369986527146,-0.95599898065064,0.));
#11296=DIRECTION('',(0.,0.,1.));
#11297=DIRECTION('',(1.,0.,0.));
#11298=DIRECTION('',(0.,0.,1.));
#11299=DIRECTION('',(1.,0.,0.));
#11300=DIRECTION('',(0.293369986527146,-0.95599898065064,0.));
#11301=DIRECTION('',(-0.223933629284914,-0.974604396499055,0.));
#11302=DIRECTION('',(0.,0.,1.));
#11303=DIRECTION('',(1.,0.,0.));
#11304=DIRECTION('',(0.223933629284914,0.974604396499055,0.));
#11305=DIRECTION('',(-0.974604396499055,0.223933629284914,0.));
#11306=DIRECTION('',(0.158344987803077,0.689149377738704,0.707106781186548));
#11307=DIRECTION('',(0.158344987803077,0.689149377738704,-0.707106781186548));
#11308=DIRECTION('',(-0.223933629284914,-0.974604396499055,0.));
#11309=DIRECTION('',(0.974604396499055,-0.223933629284914,0.));
#11310=DIRECTION('',(-0.158344987803077,-0.689149377738704,0.707106781186548));
#11311=DIRECTION('',(-0.158344987803077,-0.689149377738704,-0.707106781186548));
#11312=DIRECTION('',(0.,0.,-1.));
#11313=DIRECTION('',(-1.,0.,0.));
#11314=DIRECTION('',(-0.293369986527146,0.95599898065064,0.));
#11315=DIRECTION('',(-0.95599898065064,-0.293369986527146,0.));
#11316=DIRECTION('',(0.293369986527146,-0.95599898065064,0.));
#11317=DIRECTION('',(0.95599898065064,0.293369986527146,0.));
#11318=DIRECTION('',(0.,0.,1.));
#11319=DIRECTION('',(1.,0.,0.));
#11320=DIRECTION('',(0.,0.,1.));
#11321=DIRECTION('',(1.,0.,0.));
#11322=DIRECTION('',(0.,0.,-1.));
#11323=DIRECTION('',(-1.,0.,0.));
#11324=DIRECTION('',(0.,0.,-1.));
#11325=DIRECTION('',(0.514142858659788,0.857704565039234,0.));
#11326=DIRECTION('',(-0.857704565039234,0.514142858659788,0.));
#11327=DIRECTION('',(0.857704565039234,-0.514142858659788,0.));
#11328=DIRECTION('',(0.857704565039234,-0.514142858659788,0.));
#11329=DIRECTION('',(0.0164084942541112,0.999865371595753,0.));
#11330=DIRECTION('',(0.,0.,-1.));
#11331=DIRECTION('',(0.999865371595753,-0.0164084942541112,0.));
#11332=DIRECTION('',(0.999865371595753,-0.0164084942541112,0.));
#11333=DIRECTION('',(0.,0.,1.));
#11334=DIRECTION('',(0.309016994374948,0.951056516295154,0.));
#11335=DIRECTION('',(0.857704565039234,-0.514142858659788,0.));
#11336=DIRECTION('',(0.,0.,-1.));
#11337=DIRECTION('',(-1.,0.,0.));
#11338=DIRECTION('',(0.999865371595753,-0.0164084942541112,0.));
#11339=DIRECTION('',(-0.857704565039234,0.514142858659788,0.));
#11340=DIRECTION('',(-0.514142858659788,-0.857704565039234,0.));
#11341=DIRECTION('',(0.999865371595753,-0.0164084942541112,0.));
#11342=DIRECTION('',(0.0164084942541112,0.999865371595753,0.));
#11343=DIRECTION('',(-0.999865371595753,0.0164084942541112,0.));
#11344=DIRECTION('',(-0.0164084942541112,-0.999865371595753,0.));
#11345=DIRECTION('',(0.857704565039234,-0.514142858659788,0.));
#11346=DIRECTION('',(0.514142858659788,0.857704565039234,0.));
#11347=DIRECTION('',(0.,0.,1.));
#11348=DIRECTION('',(1.,0.,0.));
#11349=DIRECTION('',(0.,0.,1.));
#11350=DIRECTION('',(1.,0.,0.));
#11351=DIRECTION('',(0.,0.,1.));
#11352=DIRECTION('',(1.,0.,0.));
#11353=DIRECTION('',(0.,0.,1.));
#11354=DIRECTION('',(1.,0.,0.));
#11355=DIRECTION('',(0.,0.,-1.));
#11356=DIRECTION('',(-1.,0.,0.));
#11357=DIRECTION('',(0.,0.,1.));
#11358=DIRECTION('',(1.,0.,0.));
#11359=DIRECTION('',(0.,0.,1.));
#11360=DIRECTION('',(-1.,3.46944695195362E-16,0.));
#11361=DIRECTION('',(0.,0.,1.));
#11362=DIRECTION('',(-1.,3.46944695195362E-16,0.));
#11363=DIRECTION('',(0.,0.,-1.));
#11364=DIRECTION('',(1.,-3.46944695195362E-16,0.));
#11365=DIRECTION('',(0.,0.,1.));
#11366=DIRECTION('',(-1.,3.46944695195362E-16,0.));
#11367=DIRECTION('',(0.,0.,1.));
#11368=DIRECTION('',(-1.,3.46944695195362E-16,0.));
#11369=DIRECTION('',(0.,0.,1.));
#11370=DIRECTION('',(-1.,3.46944695195362E-16,0.));
#11371=DIRECTION('',(0.,0.,1.));
#11372=DIRECTION('',(-1.,3.46944695195362E-16,0.));
#11373=DIRECTION('',(0.,0.,-1.));
#11374=DIRECTION('',(1.,-3.46944695195362E-16,0.));
#11375=DIRECTION('',(0.,0.,1.));
#11376=DIRECTION('',(1.,0.,0.));
#11377=DIRECTION('',(0.,0.,1.));
#11378=DIRECTION('',(1.,0.,0.));
#11379=DIRECTION('',(0.,0.,1.));
#11380=DIRECTION('',(1.,0.,0.));
#11381=DIRECTION('',(0.,0.,-1.));
#11382=DIRECTION('',(-1.,0.,0.));
#11383=DIRECTION('',(0.,0.,1.));
#11384=DIRECTION('',(1.,0.,0.));
#11385=DIRECTION('',(0.,0.,1.));
#11386=DIRECTION('',(1.,0.,0.));
#11387=DIRECTION('',(0.,0.,1.));
#11388=DIRECTION('',(1.,0.,0.));
#11389=DIRECTION('',(0.,0.,1.));
#11390=DIRECTION('',(1.,0.,0.));
#11391=DIRECTION('',(0.,0.,-1.));
#11392=DIRECTION('',(-1.,0.,0.));
#11393=DIRECTION('',(0.,0.,1.));
#11394=DIRECTION('',(1.,0.,0.));
#11395=DIRECTION('',(0.,0.,1.));
#11396=DIRECTION('',(1.,0.,0.));
#11397=DIRECTION('',(0.,0.,1.));
#11398=DIRECTION('',(1.,0.,0.));
#11399=DIRECTION('',(0.,0.,-1.));
#11400=DIRECTION('',(-1.,0.,0.));
#11401=DIRECTION('',(0.,0.,1.));
#11402=DIRECTION('',(1.,0.,0.));
#11403=DIRECTION('',(0.,0.,1.));
#11404=DIRECTION('',(1.,0.,0.));
#11405=DIRECTION('',(0.,0.,1.));
#11406=DIRECTION('',(1.,0.,0.));
#11407=DIRECTION('',(0.,0.,1.));
#11408=DIRECTION('',(1.,0.,0.));
#11409=DIRECTION('',(0.,0.,-1.));
#11410=DIRECTION('',(-1.,0.,0.));
#11411=CARTESIAN_POINT('',(0.,0.,0.));
#11412=CARTESIAN_POINT('',(0.0227503276712895,0.0980001975368857,-0.02715));
#11413=CARTESIAN_POINT('',(0.0212503276712895,0.0995001975368857,-0.0264));
#11414=CARTESIAN_POINT('',(0.0212503276712895,0.0995001975368858,-0.017));
#11415=CARTESIAN_POINT('',(0.0212503276712895,0.0995001975368857,-0.0358));
#11416=CARTESIAN_POINT('',(0.0227503276712895,0.0980001975368857,-0.017));
#11417=CARTESIAN_POINT('',(0.0227503276712895,0.0980001975368857,-0.017));
#11418=CARTESIAN_POINT('',(0.0227503276712895,0.0980001975368857,-0.017));
#11419=CARTESIAN_POINT('',(0.0227503276712895,0.0980001975368857,-0.0353));
#11420=CARTESIAN_POINT('',(0.0341503276712894,0.0866001975368858,-0.0239));
#11421=CARTESIAN_POINT('',(0.0207503276712895,0.100000197536886,-0.0373));
#11422=CARTESIAN_POINT('',(0.0207503276712895,0.100000197536886,-0.0373));
#11423=CARTESIAN_POINT('',(0.0207503276712895,0.100000197536886,-0.0358));
#11424=CARTESIAN_POINT('',(0.0227503276712895,0.0980001975368857,-0.0358));
#11425=CARTESIAN_POINT('',(-0.00274967232871052,0.0980001975368857,-0.02715));
#11426=CARTESIAN_POINT('',(-0.00274967232871052,0.0980001975368857,-0.0358));
#11427=CARTESIAN_POINT('',(-0.000749672328710526,0.100000197536886,-0.0358));
#11428=CARTESIAN_POINT('',(-0.00124967232871055,0.0995001975368857,-0.0358));
#11429=CARTESIAN_POINT('',(-0.000749672328710524,0.100000197536886,-0.017));
#11430=CARTESIAN_POINT('',(-0.000749672328710526,0.100000197536886,-0.0373));
#11431=CARTESIAN_POINT('',(-0.00546633899537719,0.095283530870219,-0.0325833333333333));
#11432=CARTESIAN_POINT('',(-0.00274967232871052,0.0980001975368857,-0.0353));
#11433=CARTESIAN_POINT('',(-0.00274967232871052,0.0980001975368857,-0.0373));
#11434=CARTESIAN_POINT('',(-0.00274967232871052,0.0980001975368857,-0.017));
#11435=CARTESIAN_POINT('',(-0.00274967232871053,0.0980001975368857,-0.017));
#11436=CARTESIAN_POINT('',(-0.00124967232871055,0.0995001975368857,-0.017));
#11437=CARTESIAN_POINT('',(-0.00124967232871055,0.0995001975368857,-0.02715));
#11438=CARTESIAN_POINT('',(-0.0517496723287105,0.100000197536886,-0.02715));
#11439=CARTESIAN_POINT('',(-0.0517496723287105,0.100000197536886,-0.0358));
#11440=CARTESIAN_POINT('',(-0.0517496723287105,0.100000197536886,-0.0358));
#11441=CARTESIAN_POINT('',(-0.0522496723287105,0.0995001975368857,-0.0358));
#11442=CARTESIAN_POINT('',(-0.0517496723287105,0.100000197536886,-0.017));
#11443=CARTESIAN_POINT('',(-0.0517496723287105,0.100000197536886,-0.0373));
#11444=CARTESIAN_POINT('',(-0.0638163389953772,0.0879335308702191,-0.0252333333333333));
#11445=CARTESIAN_POINT('',(-0.0537496723287105,0.0980001975368857,-0.0353));
#11446=CARTESIAN_POINT('',(-0.0537496723287105,0.0980001975368857,-0.0373));
#11447=CARTESIAN_POINT('',(-0.0537496723287105,0.0980001975368857,-0.017));
#11448=CARTESIAN_POINT('',(-0.0517496723287105,0.100000197536886,-0.017));
#11449=CARTESIAN_POINT('',(-0.0522496723287105,0.0995001975368857,-0.017));
#11450=CARTESIAN_POINT('',(-0.0522496723287105,0.0995001975368857,-0.0264));
#11451=CARTESIAN_POINT('',(-0.0302496723287106,0.100000197536886,-0.02715));
#11452=CARTESIAN_POINT('',(-0.0297496723287105,0.0995001975368857,-0.02715));
#11453=CARTESIAN_POINT('',(-0.0297496723287105,0.0995001975368857,-0.017));
#11454=CARTESIAN_POINT('',(-0.0297496723287105,0.0995001975368857,-0.0358));
#11455=CARTESIAN_POINT('',(-0.0302496723287106,0.100000197536886,-0.017));
#11456=CARTESIAN_POINT('',(-0.0282496723287106,0.0980001975368857,-0.017));
#11457=CARTESIAN_POINT('',(-0.0282496723287106,0.0980001975368857,-0.017));
#11458=CARTESIAN_POINT('',(-0.0282496723287106,0.0980001975368857,-0.0353));
#11459=CARTESIAN_POINT('',(-0.0268663389953772,0.0966168642035524,-0.0339166666666667));
#11460=CARTESIAN_POINT('',(-0.0302496723287106,0.100000197536886,-0.0373));
#11461=CARTESIAN_POINT('',(-0.0302496723287106,0.100000197536886,-0.0373));
#11462=CARTESIAN_POINT('',(-0.0302496723287106,0.100000197536886,-0.0358));
#11463=CARTESIAN_POINT('',(-0.0302496723287106,0.100000197536886,-0.0358));
#11464=CARTESIAN_POINT('',(-0.0409996723287105,0.100000197536886,-0.02715));
#11465=CARTESIAN_POINT('',(-0.0409996723287105,0.100000197536886,-0.0373));
#11466=CARTESIAN_POINT('',(-0.0459996723287105,0.100000197536886,-0.0373));
#11467=CARTESIAN_POINT('',(-0.0409996723287105,0.100000197536886,-0.0358));
#11468=CARTESIAN_POINT('',(-0.0459996723287105,0.100000197536886,-0.0358));
#11469=CARTESIAN_POINT('',(-0.0459996723287105,0.100000197536886,-0.03655));
#11470=CARTESIAN_POINT('',(-0.0282496723287106,0.0638001975368857,-0.02715));
#11471=CARTESIAN_POINT('',(-0.0282496723287106,0.0638001975368857,-0.0353));
#11472=CARTESIAN_POINT('',(-0.0282496723287106,0.0658001975368857,-0.0353));
#11473=CARTESIAN_POINT('',(-0.0282496723287106,0.0638001975368858,-0.017));
#11474=CARTESIAN_POINT('',(-0.0282496723287106,0.0658001975368857,-0.017));
#11475=CARTESIAN_POINT('',(-0.0282496723287106,0.0658001975368857,-0.0373));
#11476=CARTESIAN_POINT('',(-0.0409996723287105,0.0638001975368857,-0.0373));
#11477=CARTESIAN_POINT('',(-0.0409996723287105,0.100000197536886,-0.0373));
#11478=CARTESIAN_POINT('',(-0.0359996723287105,0.100000197536886,-0.0373));
#11479=CARTESIAN_POINT('',(-0.0302496723287106,0.0638001975368857,-0.0373));
#11480=CARTESIAN_POINT('',(-0.0302496723287106,0.0658001975368857,-0.0373));
#11481=CARTESIAN_POINT('',(-0.0537496723287105,0.0658001975368857,-0.0373));
#11482=CARTESIAN_POINT('',(-0.0517496723287105,0.0658001975368857,-0.0373));
#11483=CARTESIAN_POINT('',(-0.0517496723287105,0.0638001975368857,-0.0373));
#11484=CARTESIAN_POINT('',(-0.0459996723287105,0.133000197536886,-0.0373));
#11485=CARTESIAN_POINT('',(-0.0459996723287105,0.138000197536886,-0.0373));
#11486=CARTESIAN_POINT('',(-0.0409996723287105,0.138000197536886,-0.0373));
#11487=CARTESIAN_POINT('',(-0.0359996723287105,0.138000197536886,-0.0373));
#11488=CARTESIAN_POINT('',(-0.0359996723287105,0.133000197536886,-0.0373));
#11489=CARTESIAN_POINT('',(-0.0537496723287105,0.0638001975368857,-0.02715));
#11490=CARTESIAN_POINT('',(-0.0537496723287105,0.0638001975368857,-0.017));
#11491=CARTESIAN_POINT('',(-0.0537496723287105,0.0658001975368858,-0.017));
#11492=CARTESIAN_POINT('',(-0.0537496723287105,0.0638001975368857,-0.0353));
#11493=CARTESIAN_POINT('',(-0.0537496723287105,0.0658001975368857,-0.0353));
#11494=CARTESIAN_POINT('',(-0.0537496723287105,0.0658001975368858,-0.017));
#11495=CARTESIAN_POINT('',(-0.0409996723287105,0.0638001975368857,-0.02715));
#11496=CARTESIAN_POINT('',(-0.0409996723287105,0.0638001975368858,-0.017));
#11497=CARTESIAN_POINT('',(-0.0302496723287106,0.0638001975368858,-0.017));
#11498=CARTESIAN_POINT('',(-0.0517496723287105,0.0638001975368858,-0.017));
#11499=CARTESIAN_POINT('',(-0.0517496723287105,0.0638001975368857,-0.0373));
#11500=CARTESIAN_POINT('',(-0.0517496723287105,0.0638001975368857,-0.0353));
#11501=CARTESIAN_POINT('',(-0.0282496723287106,0.0638001975368857,-0.0353));
#11502=CARTESIAN_POINT('',(-0.0302496723287106,0.0638001975368857,-0.0353));
#11503=CARTESIAN_POINT('',(-0.0302496723287106,0.0638001975368858,-0.017));
#11504=CARTESIAN_POINT('',(-0.0409996723287105,0.0688001975368857,-0.02715));
#11505=CARTESIAN_POINT('',(-0.0409996723287105,0.0688001975368858,-0.017));
#11506=CARTESIAN_POINT('',(-0.0297496723287105,0.0688001975368858,-0.017));
#11507=CARTESIAN_POINT('',(-0.0522496723287105,0.0688001975368858,-0.017));
#11508=CARTESIAN_POINT('',(-0.0297496723287105,0.0688001975368857,-0.0264));
#11509=CARTESIAN_POINT('',(-0.0297496723287105,0.0688001975368857,-0.0358));
#11510=CARTESIAN_POINT('',(-0.0409996723287105,0.0688001975368857,-0.0358));
#11511=CARTESIAN_POINT('',(-0.0522496723287105,0.0688001975368857,-0.0358));
#11512=CARTESIAN_POINT('',(-0.0522496723287105,0.0688001975368857,-0.0264));
#11513=CARTESIAN_POINT('',(-0.0297496723287105,0.100000197536886,-0.0264));
#11514=CARTESIAN_POINT('',(-0.0297496723287105,0.100000197536886,-0.017));
#11515=CARTESIAN_POINT('',(-0.0297496723287105,0.100000197536886,-0.0358));
#11516=CARTESIAN_POINT('',(-0.0409996723287105,0.100000197536886,-0.0358));
#11517=CARTESIAN_POINT('',(-0.0409996723287105,0.100000197536886,-0.0358));
#11518=CARTESIAN_POINT('',(-0.0359996723287105,0.100000197536886,-0.0358));
#11519=CARTESIAN_POINT('',(-0.0359996723287105,0.133000197536886,-0.0358));
#11520=CARTESIAN_POINT('',(-0.0359996723287105,0.133000197536886,-0.0358));
#11521=CARTESIAN_POINT('',(-0.0409996723287105,0.133000197536886,-0.0358));
#11522=CARTESIAN_POINT('',(-0.0459996723287105,0.133000197536886,-0.0358));
#11523=CARTESIAN_POINT('',(-0.0459996723287105,0.133000197536886,-0.0358));
#11524=CARTESIAN_POINT('',(-0.0522496723287105,0.100000197536886,-0.0358));
#11525=CARTESIAN_POINT('',(-0.0522496723287105,0.100000197536886,-0.0264));
#11526=CARTESIAN_POINT('',(-0.0522496723287105,0.100000197536886,-0.017));
#11527=CARTESIAN_POINT('',(-0.0409996723287105,0.100000197536886,-0.02715));
#11528=CARTESIAN_POINT('',(-0.0359996723287105,0.100000197536886,-0.03655));
#11529=CARTESIAN_POINT('',(-0.0359996723287105,0.133000197536886,-0.03655));
#11530=CARTESIAN_POINT('',(-0.0359996723287105,0.138000197536886,-0.0323));
#11531=CARTESIAN_POINT('',(-0.0359996723287105,0.135000197536886,-0.0323));
#11532=CARTESIAN_POINT('',(-0.0359996723287105,0.133000197536886,-0.0323));
#11533=CARTESIAN_POINT('',(-0.0359996723287105,0.133000197536886,-0.03655));
#11534=CARTESIAN_POINT('',(-0.0359996723287105,0.138000197536886,-0.03655));
#11535=CARTESIAN_POINT('',(-0.0359996723287105,0.138000197536886,-0.0353));
#11536=CARTESIAN_POINT('',(-0.0359996723287105,0.138000197536886,-0.0353));
#11537=CARTESIAN_POINT('',(-0.0459996723287105,0.133000197536886,-0.03655));
#11538=CARTESIAN_POINT('',(-0.0459996723287105,0.138000197536886,-0.03655));
#11539=CARTESIAN_POINT('',(-0.0459996723287105,0.138000197536886,-0.0353));
#11540=CARTESIAN_POINT('',(-0.0459996723287105,0.133000197536886,-0.03655));
#11541=CARTESIAN_POINT('',(-0.0459996723287105,0.133000197536886,-0.0323));
#11542=CARTESIAN_POINT('',(-0.0459996723287105,0.138000197536886,-0.0323));
#11543=CARTESIAN_POINT('',(-0.0459996723287105,0.135000197536886,-0.0323));
#11544=CARTESIAN_POINT('',(-0.0459996723287105,0.136125197536886,-0.033425));
#11545=CARTESIAN_POINT('',(-0.0409996723287105,0.133000197536886,-0.0348));
#11546=CARTESIAN_POINT('',(-0.0409996723287105,0.133000197536886,-0.0323));
#11547=CARTESIAN_POINT('',(-0.0409996723287105,0.138000197536886,-0.0323));
#11548=CARTESIAN_POINT('',(-0.0359996723287105,0.135000197536886,-0.0323));
#11549=CARTESIAN_POINT('',(-0.0409996723287105,0.138000197536886,-0.0348));
#11550=CARTESIAN_POINT('',(-0.0459996723287105,0.138000197536886,-0.0353));
#11551=CARTESIAN_POINT('',(-0.0409996723287105,0.138000197536886,-0.0353));
#11552=CARTESIAN_POINT('',(-0.04,0.08,-0.017));
#11553=CARTESIAN_POINT('',(0.0212503276712895,0.100000197536886,-0.017));
#11554=CARTESIAN_POINT('',(0.0212503276712895,0.0688001975368858,-0.017));
#11555=CARTESIAN_POINT('',(0.0100003276712895,0.0688001975368858,-0.017));
#11556=CARTESIAN_POINT('',(-0.00124967232871055,0.0688001975368858,-0.017));
#11557=CARTESIAN_POINT('',(-0.00124967232871055,0.100000197536886,-0.017));
#11558=CARTESIAN_POINT('',(-0.00274967232871053,0.0638001975368858,-0.017));
#11559=CARTESIAN_POINT('',(-0.00274967232871053,0.0658001975368858,-0.017));
#11560=CARTESIAN_POINT('',(-0.000749672328710523,0.0638001975368857,-0.017));
#11561=CARTESIAN_POINT('',(-0.000749672328710527,0.0638001975368858,-0.017));
#11562=CARTESIAN_POINT('',(0.0100003276712895,0.0638001975368858,-0.017));
#11563=CARTESIAN_POINT('',(0.0207503276712895,0.0638001975368858,-0.017));
#11564=CARTESIAN_POINT('',(0.0207503276712895,0.0638001975368857,-0.017));
#11565=CARTESIAN_POINT('',(0.0227503276712895,0.0658001975368857,-0.017));
#11566=CARTESIAN_POINT('',(0.0227503276712895,0.0638001975368857,-0.017));
#11567=CARTESIAN_POINT('',(-0.0537496723287105,0.0658001975368857,-0.017));
#11568=CARTESIAN_POINT('',(-0.0282496723287106,0.0658001975368857,-0.017));
#11569=CARTESIAN_POINT('',(-0.015,-0.0148,-0.017));
#11570=CARTESIAN_POINT('',(0.0225,-0.0148,-0.017));
#11571=CARTESIAN_POINT('',(-0.0525,-0.0148,-0.017));
#11572=CARTESIAN_POINT('',(0.0275,-0.0098,-0.017));
#11573=CARTESIAN_POINT('',(0.0275,-0.0098,-0.017));
#11574=CARTESIAN_POINT('',(0.0275,0.0162,-0.017));
#11575=CARTESIAN_POINT('',(0.0275,0.0422,-0.017));
#11576=CARTESIAN_POINT('',(0.0225,0.0472,-0.017));
#11577=CARTESIAN_POINT('',(0.0225,0.0472,-0.017));
#11578=CARTESIAN_POINT('',(-0.015,0.0472,-0.017));
#11579=CARTESIAN_POINT('',(-0.0525,0.0472,-0.017));
#11580=CARTESIAN_POINT('',(-0.0575,0.0422,-0.017));
#11581=CARTESIAN_POINT('',(-0.0575,0.0422,-0.017));
#11582=CARTESIAN_POINT('',(-0.0575,0.0162,-0.017));
#11583=CARTESIAN_POINT('',(-0.0575,-0.0098,-0.017));
#11584=CARTESIAN_POINT('',(-0.0525,-0.0148,-0.017));
#11585=CARTESIAN_POINT('',(-0.0409996723287105,0.100000197536886,-0.017));
#11586=CARTESIAN_POINT('',(-0.0522496723287105,0.1,-0.017));
#11587=CARTESIAN_POINT('',(-0.0537496723287105,0.1,-0.017));
#11588=CARTESIAN_POINT('',(-0.04,0.1,-0.017));
#11589=CARTESIAN_POINT('',(0.0212503276712895,0.1,-0.017));
#11590=CARTESIAN_POINT('',(0.0100003276712895,0.100000197536886,-0.017));
#11591=CARTESIAN_POINT('',(0.0227503276712895,0.1,-0.017));
#11592=CARTESIAN_POINT('',(-0.04,0.1,-0.017));
#11593=CARTESIAN_POINT('',(0.03,0.1,-0.017));
#11594=CARTESIAN_POINT('',(0.03,0.08,-0.017));
#11595=CARTESIAN_POINT('',(0.03,-0.015,-0.017));
#11596=CARTESIAN_POINT('',(-0.04,-0.015,-0.017));
#11597=CARTESIAN_POINT('',(-0.06,-0.015,-0.017));
#11598=CARTESIAN_POINT('',(-0.06,0.1,-0.017));
#11599=CARTESIAN_POINT('',(-0.06,0.1,-0.017));
#11600=CARTESIAN_POINT('',(-0.04,0.1,-0.017));
#11601=CARTESIAN_POINT('',(-0.04,0.08,-0.017));
#11602=CARTESIAN_POINT('',(-0.044,0.08,-0.017));
#11603=CARTESIAN_POINT('',(0.01,0.08,-0.017));
#11604=CARTESIAN_POINT('',(0.006,0.08,-0.017));
#11605=CARTESIAN_POINT('',(0.0100003276712895,0.100000197536886,-0.02715));
#11606=CARTESIAN_POINT('',(0.0100003276712894,0.100000197536886,-0.0358));
#11607=CARTESIAN_POINT('',(0.0150003276712895,0.100000197536886,-0.0358));
#11608=CARTESIAN_POINT('',(0.0100003276712895,0.100000197536886,-0.0373));
#11609=CARTESIAN_POINT('',(0.0150003276712895,0.100000197536886,-0.0373));
#11610=CARTESIAN_POINT('',(0.0150003276712895,0.100000197536886,-0.03655));
#11611=CARTESIAN_POINT('',(-0.00274967232871053,0.0638001975368857,-0.02715));
#11612=CARTESIAN_POINT('',(-0.00274967232871053,0.0638001975368857,-0.0353));
#11613=CARTESIAN_POINT('',(-0.00274967232871053,0.0658001975368857,-0.0353));
#11614=CARTESIAN_POINT('',(-0.00274967232871053,0.0658001975368858,-0.017));
#11615=CARTESIAN_POINT('',(0.0100003276712895,0.0638001975368857,-0.0373));
#11616=CARTESIAN_POINT('',(-0.00274967232871053,0.0658001975368857,-0.0373));
#11617=CARTESIAN_POINT('',(0.0207503276712895,0.0658001975368857,-0.0373));
#11618=CARTESIAN_POINT('',(-0.000749672328710527,0.0658001975368857,-0.0373));
#11619=CARTESIAN_POINT('',(-0.000749672328710527,0.0638001975368857,-0.0373));
#11620=CARTESIAN_POINT('',(0.0100003276712895,0.100000197536886,-0.0373));
#11621=CARTESIAN_POINT('',(0.00500032767128947,0.100000197536886,-0.0373));
#11622=CARTESIAN_POINT('',(0.00500032767128948,0.133000197536886,-0.0373));
#11623=CARTESIAN_POINT('',(0.00500032767128948,0.138000197536886,-0.0373));
#11624=CARTESIAN_POINT('',(0.0100003276712895,0.138000197536886,-0.0373));
#11625=CARTESIAN_POINT('',(0.0150003276712895,0.138000197536886,-0.0373));
#11626=CARTESIAN_POINT('',(0.0150003276712895,0.133000197536886,-0.0373));
#11627=CARTESIAN_POINT('',(0.0207503276712895,0.0638001975368857,-0.0373));
#11628=CARTESIAN_POINT('',(0.0227503276712895,0.0638001975368857,-0.02715));
#11629=CARTESIAN_POINT('',(0.0227503276712895,0.0638001975368857,-0.0353));
#11630=CARTESIAN_POINT('',(0.0227503276712895,0.0658001975368857,-0.0353));
#11631=CARTESIAN_POINT('',(0.0227503276712895,0.0658001975368857,-0.0373));
#11632=CARTESIAN_POINT('',(0.0100003276712895,0.0638001975368857,-0.02715));
#11633=CARTESIAN_POINT('',(0.0227503276712895,0.0638001975368857,-0.0353));
#11634=CARTESIAN_POINT('',(-0.000749672328710528,0.0638001975368857,-0.0353));
#11635=CARTESIAN_POINT('',(0.0207503276712895,0.0638001975368857,-0.0353));
#11636=CARTESIAN_POINT('',(0.0207503276712895,0.0638001975368858,-0.017));
#11637=CARTESIAN_POINT('',(-0.000749672328710529,0.0638001975368857,-0.0373));
#11638=CARTESIAN_POINT('',(0.0100003276712895,0.0688001975368857,-0.02715));
#11639=CARTESIAN_POINT('',(0.0212503276712895,0.0688001975368857,-0.0264));
#11640=CARTESIAN_POINT('',(0.0212503276712895,0.0688001975368857,-0.0358));
#11641=CARTESIAN_POINT('',(0.0100003276712894,0.0688001975368857,-0.0358));
#11642=CARTESIAN_POINT('',(-0.00124967232871055,0.0688001975368857,-0.0358));
#11643=CARTESIAN_POINT('',(-0.00124967232871055,0.0688001975368857,-0.0264));
#11644=CARTESIAN_POINT('',(-0.00124967232871055,0.100000197536886,-0.0264));
#11645=CARTESIAN_POINT('',(-0.00124967232871055,0.100000197536886,-0.0358));
#11646=CARTESIAN_POINT('',(0.0100003276712894,0.100000197536886,-0.0358));
#11647=CARTESIAN_POINT('',(0.0100003276712894,0.100000197536886,-0.0358));
#11648=CARTESIAN_POINT('',(0.00500032767128947,0.100000197536886,-0.0358));
#11649=CARTESIAN_POINT('',(0.0212503276712895,0.100000197536886,-0.0358));
#11650=CARTESIAN_POINT('',(0.0150003276712895,0.133000197536886,-0.0358));
#11651=CARTESIAN_POINT('',(0.0150003276712895,0.133000197536886,-0.0358));
#11652=CARTESIAN_POINT('',(0.0100003276712894,0.133000197536886,-0.0358));
#11653=CARTESIAN_POINT('',(0.00500032767128948,0.133000197536886,-0.0358));
#11654=CARTESIAN_POINT('',(0.00500032767128948,0.133000197536886,-0.0358));
#11655=CARTESIAN_POINT('',(0.0212503276712895,0.100000197536886,-0.0264));
#11656=CARTESIAN_POINT('',(0.0100003276712895,0.100000197536886,-0.02715));
#11657=CARTESIAN_POINT('',(0.00500032767128947,0.100000197536886,-0.03655));
#11658=CARTESIAN_POINT('',(0.00500032767128948,0.133000197536886,-0.03655));
#11659=CARTESIAN_POINT('',(0.00500032767128948,0.138000197536886,-0.0323));
#11660=CARTESIAN_POINT('',(0.00500032767128948,0.135000197536886,-0.0323));
#11661=CARTESIAN_POINT('',(0.00500032767128948,0.133000197536886,-0.0323));
#11662=CARTESIAN_POINT('',(0.00500032767128948,0.138000197536886,-0.0353));
#11663=CARTESIAN_POINT('',(0.00500032767128948,0.138000197536886,-0.0353));
#11664=CARTESIAN_POINT('',(0.00500032767128948,0.138000197536886,-0.03655));
#11665=CARTESIAN_POINT('',(0.00500032767128948,0.133000197536886,-0.03655));
#11666=CARTESIAN_POINT('',(0.0150003276712895,0.133000197536886,-0.03655));
#11667=CARTESIAN_POINT('',(0.0150003276712895,0.138000197536886,-0.03655));
#11668=CARTESIAN_POINT('',(0.0150003276712895,0.138000197536886,-0.0353));
#11669=CARTESIAN_POINT('',(0.0150003276712895,0.136125197536886,-0.033425));
#11670=CARTESIAN_POINT('',(0.0150003276712895,0.135000197536886,-0.0323));
#11671=CARTESIAN_POINT('',(0.0150003276712895,0.138000197536886,-0.0323));
#11672=CARTESIAN_POINT('',(0.0150003276712895,0.133000197536886,-0.0323));
#11673=CARTESIAN_POINT('',(0.0150003276712895,0.133000197536886,-0.03655));
#11674=CARTESIAN_POINT('',(0.0100003276712895,0.133000197536886,-0.0348));
#11675=CARTESIAN_POINT('',(0.0100003276712895,0.133000197536886,-0.0323));
#11676=CARTESIAN_POINT('',(0.0100003276712895,0.138000197536886,-0.0323));
#11677=CARTESIAN_POINT('',(0.00500032767128948,0.135000197536886,-0.0323));
#11678=CARTESIAN_POINT('',(0.0100003276712895,0.138000197536886,-0.0348));
#11679=CARTESIAN_POINT('',(0.0150003276712895,0.138000197536886,-0.0353));
#11680=CARTESIAN_POINT('',(0.0100003276712895,0.138000197536886,-0.0353));
#11681=CARTESIAN_POINT('',(-0.015,0.0472,-0.0145));
#11682=CARTESIAN_POINT('',(0.0225,0.0472,-0.0145));
#11683=CARTESIAN_POINT('',(0.0225,0.0472,-0.0345));
#11684=CARTESIAN_POINT('',(-0.0575,0.0472,-0.0345));
#11685=CARTESIAN_POINT('',(-0.0525,0.0472,-0.0345));
#11686=CARTESIAN_POINT('',(-0.0525,0.0472,-0.017));
#11687=CARTESIAN_POINT('',(-0.0575,0.0162,-0.0145));
#11688=CARTESIAN_POINT('',(-0.0575,0.0162,-0.0345));
#11689=CARTESIAN_POINT('',(-0.0575,0.0422,-0.0345));
#11690=CARTESIAN_POINT('',(-0.0575,-0.0098,-0.0345));
#11691=CARTESIAN_POINT('',(-0.0575,-0.0098,-0.0145));
#11692=CARTESIAN_POINT('',(-0.0575,0.0422,-0.0395));
#11693=CARTESIAN_POINT('',(-0.015,-0.0148,-0.0145));
#11694=CARTESIAN_POINT('',(-0.015,-0.0148,-0.0345));
#11695=CARTESIAN_POINT('',(-0.0525,-0.0148,-0.0345));
#11696=CARTESIAN_POINT('',(0.0225,-0.0148,-0.0345));
#11697=CARTESIAN_POINT('',(0.0225,-0.0148,-0.017));
#11698=CARTESIAN_POINT('',(-0.0525,-0.0148,-0.0145));
#11699=CARTESIAN_POINT('',(0.0275,0.0162,-0.0145));
#11700=CARTESIAN_POINT('',(0.0275,-0.0098,-0.0395));
#11701=CARTESIAN_POINT('',(0.0275,-0.0098,-0.0345));
#11702=CARTESIAN_POINT('',(0.0275,0.0472,-0.0345));
#11703=CARTESIAN_POINT('',(0.0275,0.0422,-0.0345));
#11704=CARTESIAN_POINT('',(0.0275,0.0422,-0.0145));
#11705=CARTESIAN_POINT('',(-0.015,0.0422,-0.0145));
#11706=CARTESIAN_POINT('',(-0.015,0.0422,-0.0395));
#11707=CARTESIAN_POINT('',(-0.0525,0.0422,-0.0395));
#11708=CARTESIAN_POINT('',(0.0225,0.0422,-0.0395));
#11709=CARTESIAN_POINT('',(0.0225,0.0422,-0.0145));
#11710=CARTESIAN_POINT('',(0.0225,0.0422,-0.0195));
#11711=CARTESIAN_POINT('',(-0.015,0.0422,-0.0195));
#11712=CARTESIAN_POINT('',(-0.0525,0.0422,-0.0195));
#11713=CARTESIAN_POINT('',(-0.0525,0.0422,-0.0145));
#11714=CARTESIAN_POINT('',(-0.0525,0.0162,-0.0145));
#11715=CARTESIAN_POINT('',(-0.0525,0.0162,-0.0395));
#11716=CARTESIAN_POINT('',(-0.0525,-0.0098,-0.0395));
#11717=CARTESIAN_POINT('',(-0.0525,0.0162,-0.0195));
#11718=CARTESIAN_POINT('',(-0.0525,-0.0098,-0.0195));
#11719=CARTESIAN_POINT('',(-0.0525,-0.0098,-0.0145));
#11720=CARTESIAN_POINT('',(-0.015,-0.0098,-0.0145));
#11721=CARTESIAN_POINT('',(-0.015,-0.0098,-0.0395));
#11722=CARTESIAN_POINT('',(0.0225,-0.0098,-0.0395));
#11723=CARTESIAN_POINT('',(-0.015,-0.0098,-0.0195));
#11724=CARTESIAN_POINT('',(0.0225,-0.0098,-0.0195));
#11725=CARTESIAN_POINT('',(0.0225,-0.0098,-0.0145));
#11726=CARTESIAN_POINT('',(0.0225,0.0162,-0.0145));
#11727=CARTESIAN_POINT('',(0.0225,0.0162,-0.0395));
#11728=CARTESIAN_POINT('',(0.0225,0.0162,-0.0195));
#11729=CARTESIAN_POINT('',(-0.015,0.0162,-0.0195));
#11730=CARTESIAN_POINT('',(-0.04,-0.02,-0.017));
#11731=CARTESIAN_POINT('',(-0.065,-0.02,-0.017));
#11732=CARTESIAN_POINT('',(-0.065,-0.02,-0.012));
#11733=CARTESIAN_POINT('',(-0.065,-0.02,0.0065));
#11734=CARTESIAN_POINT('',(-0.04,-0.02,-0.012));
#11735=CARTESIAN_POINT('',(-0.06,-0.02,-0.012));
#11736=CARTESIAN_POINT('',(-0.06,-0.02,-0.017));
#11737=CARTESIAN_POINT('',(-0.06,-0.02,0.0065));
#11738=CARTESIAN_POINT('',(-0.065,-0.02,0.0065));
#11739=CARTESIAN_POINT('',(-0.065,0.06,0.0085));
#11740=CARTESIAN_POINT('',(0.035,0.06,0.0065));
#11741=CARTESIAN_POINT('',(0.035,0.06,0.0065));
#11742=CARTESIAN_POINT('',(0.03,0.06,0.0065));
#11743=CARTESIAN_POINT('',(0.035,0.06,0.0085));
#11744=CARTESIAN_POINT('',(0.035,0.06,0.0085));
#11745=CARTESIAN_POINT('',(0.035,0.06,0.0085));
#11746=CARTESIAN_POINT('',(0.03,0.06,0.0085));
#11747=CARTESIAN_POINT('',(0.03,0.06,0.0085));
#11748=CARTESIAN_POINT('',(-0.06,0.08,0.0085));
#11749=CARTESIAN_POINT('',(-0.06,0.06,0.0085));
#11750=CARTESIAN_POINT('',(-0.06,0.06,0.0085));
#11751=CARTESIAN_POINT('',(-0.06,0.06,0.0065));
#11752=CARTESIAN_POINT('',(-0.06,0.04,0.0065));
#11753=CARTESIAN_POINT('',(-0.06,0.08,-0.012));
#11754=CARTESIAN_POINT('',(-0.06,0.1,-0.012));
#11755=CARTESIAN_POINT('',(-0.06,0.1,0.0085));
#11756=CARTESIAN_POINT('',(-0.06,0.1,0.0085));
#11757=CARTESIAN_POINT('',(-0.06,0.08,0.0085));
#11758=CARTESIAN_POINT('',(-0.065,0.1,0.0085));
#11759=CARTESIAN_POINT('',(0.035,0.1,0.0085));
#11760=CARTESIAN_POINT('',(0.035,0.1,0.0085));
#11761=CARTESIAN_POINT('',(0.035,0.1,-0.012));
#11762=CARTESIAN_POINT('',(-0.00475,0.1,-0.05175));
#11763=CARTESIAN_POINT('',(-0.07525,0.1,-0.00175));
#11764=CARTESIAN_POINT('',(-0.065,0.1,-0.012));
#11765=CARTESIAN_POINT('',(-0.065,0.1,0.0085));
#11766=CARTESIAN_POINT('',(-0.065,0.1,0.0085));
#11767=CARTESIAN_POINT('',(-0.065,0.1,0.0085));
#11768=CARTESIAN_POINT('',(-0.04,0.1,-0.012));
#11769=CARTESIAN_POINT('',(0.03,0.1,-0.012));
#11770=CARTESIAN_POINT('',(0.03,0.1,0.0085));
#11771=CARTESIAN_POINT('',(0.03,0.1,0.0085));
#11772=CARTESIAN_POINT('',(0.035,0.1,0.0085));
#11773=CARTESIAN_POINT('',(-0.065,0.08,0.0085));
#11774=CARTESIAN_POINT('',(-0.065,-0.02,-0.012));
#11775=CARTESIAN_POINT('',(-0.065,0.04,0.0065));
#11776=CARTESIAN_POINT('',(-0.065,0.06,0.0065));
#11777=CARTESIAN_POINT('',(-0.065,0.06,0.0085));
#11778=CARTESIAN_POINT('',(-0.065,0.06,0.0085));
#11779=CARTESIAN_POINT('',(-0.065,0.08,0.0085));
#11780=CARTESIAN_POINT('',(-0.065,0.06,0.0085));
#11781=CARTESIAN_POINT('',(-0.065,0.06,0.0065));
#11782=CARTESIAN_POINT('',(-0.065,0.06,0.0085));
#11783=CARTESIAN_POINT('',(-0.065,0.08,0.0085));
#11784=CARTESIAN_POINT('',(0.03,0.08,0.0085));
#11785=CARTESIAN_POINT('',(0.03,0.08,-0.012));
#11786=CARTESIAN_POINT('',(0.03,-0.02,-0.012));
#11787=CARTESIAN_POINT('',(0.03,-0.02,-0.017));
#11788=CARTESIAN_POINT('',(0.03,-0.02,0.0065));
#11789=CARTESIAN_POINT('',(0.03,0.04,0.0065));
#11790=CARTESIAN_POINT('',(0.03,0.08,0.0085));
#11791=CARTESIAN_POINT('',(0.035,0.08,0.0085));
#11792=CARTESIAN_POINT('',(0.035,-0.02,-0.017));
#11793=CARTESIAN_POINT('',(0.035,-0.02,-0.012));
#11794=CARTESIAN_POINT('',(0.035,-0.02,0.0065));
#11795=CARTESIAN_POINT('',(0.035,0.08,-0.012));
#11796=CARTESIAN_POINT('',(0.035,0.08,0.0085));
#11797=CARTESIAN_POINT('',(0.035,0.04,0.0065));
#11798=CARTESIAN_POINT('',(0.035,0.08,0.0085));
#11799=CARTESIAN_POINT('',(-0.04,0.08,-0.012));
#11800=CARTESIAN_POINT('',(-0.04,0.08,-0.012));
#11801=CARTESIAN_POINT('',(-0.044,0.08,-0.012));
#11802=CARTESIAN_POINT('',(-0.04,-0.02,-0.012));
#11803=CARTESIAN_POINT('',(0.01,0.08,-0.012));
#11804=CARTESIAN_POINT('',(0.006,0.08,-0.012));
#11805=CARTESIAN_POINT('',(-0.04,0.04,-0.012));
#11806=CARTESIAN_POINT('',(-0.036,0.04,-0.012));
#11807=CARTESIAN_POINT('',(0.01,0.04,-0.012));
#11808=CARTESIAN_POINT('',(0.006,0.04,-0.012));
#11809=CARTESIAN_POINT('',(-0.04,-7.56132628206616E-18,-0.012));
#11810=CARTESIAN_POINT('',(-0.036,-7.56132628206616E-18,-0.012));
#11811=CARTESIAN_POINT('',(0.01,1.11229109781787E-18,-0.012));
#11812=CARTESIAN_POINT('',(0.006,-2.75487682963572E-19,-0.012));
#11813=CARTESIAN_POINT('',(-0.04,0.08,-0.026));
#11814=CARTESIAN_POINT('',(0.01,0.08,-0.026));
#11815=CARTESIAN_POINT('',(-0.04,0.04,0.025));
#11816=CARTESIAN_POINT('',(-0.04,0.04,0.032));
#11817=CARTESIAN_POINT('',(-0.036,0.04,0.032));
#11818=CARTESIAN_POINT('',(-0.065,0.04,0.0065));
#11819=CARTESIAN_POINT('',(0.01,0.04,0.025));
#11820=CARTESIAN_POINT('',(0.01,0.04,0.032));
#11821=CARTESIAN_POINT('',(0.014,0.04,0.032));
#11822=CARTESIAN_POINT('',(0.035,0.04,0.0065));
#11823=CARTESIAN_POINT('',(0.035,-0.02,0.0065));
#11824=CARTESIAN_POINT('',(-0.015,0.04,0.032));
#11825=CARTESIAN_POINT('',(-0.015,0.04,0.032));
#11826=CARTESIAN_POINT('',(-0.04,-7.56132628206616E-18,0.025));
#11827=CARTESIAN_POINT('',(-0.04,-7.56132628206616E-18,0.032));
#11828=CARTESIAN_POINT('',(-0.036,-7.56132628206616E-18,0.032));
#11829=CARTESIAN_POINT('',(-0.04,-0.02,-0.017));
#11830=CARTESIAN_POINT('',(-0.04,-0.02,-0.012));
#11831=CARTESIAN_POINT('',(0.01,1.11229109781787E-18,0.025));
#11832=CARTESIAN_POINT('',(0.01,1.35722045764734E-18,0.032));
#11833=CARTESIAN_POINT('',(0.014,1.35722045764734E-18,0.032));
#11834=CARTESIAN_POINT('',(-0.015,-3.46944695195361E-18,0.032));
#11835=CARTESIAN_POINT('',(-0.015,-3.46944695195361E-18,0.032));
#11836=CARTESIAN_POINT('',(-0.06,0.08,-0.017));
#11837=CARTESIAN_POINT('',(-0.0283333333333333,0.0166666666666666,-0.0486666666666667));
#11838=CARTESIAN_POINT('',(-0.04,-0.02,-0.012));
#11839=CARTESIAN_POINT('',(0.01,0.005,-0.037));
#11840=CARTESIAN_POINT('',(0.035,0.08,-0.012));
#11841=CARTESIAN_POINT('',(-0.0575,0.0422,-0.0145));
#11842=CARTESIAN_POINT('',(-0.0575,0.0422,-0.0345));
#11843=CARTESIAN_POINT('',(-0.0575,0.0422,-0.0345));
#11844=CARTESIAN_POINT('',(-0.0575,0.0422,-0.0345));
#11845=CARTESIAN_POINT('',(-0.0525,0.0447,-0.037));
#11846=CARTESIAN_POINT('',(0.0225,0.0472,-0.0145));
#11847=CARTESIAN_POINT('',(0.0225,0.0472,-0.0345));
#11848=CARTESIAN_POINT('',(-0.015,0.0422,-0.0395));
#11849=CARTESIAN_POINT('',(0.0225,0.0472,-0.0345));
#11850=CARTESIAN_POINT('',(-0.0575,0.0162,-0.0345));
#11851=CARTESIAN_POINT('',(-0.055,-0.0098,-0.037));
#11852=CARTESIAN_POINT('',(-0.0525,-0.0148,-0.0145));
#11853=CARTESIAN_POINT('',(-0.0525,-0.0148,-0.0345));
#11854=CARTESIAN_POINT('',(0.0225,0.0472,-0.0345));
#11855=CARTESIAN_POINT('',(0.025,0.0422,-0.037));
#11856=CARTESIAN_POINT('',(-0.0525,-0.0148,-0.0345));
#11857=CARTESIAN_POINT('',(-0.0525,-0.0148,-0.0345));
#11858=CARTESIAN_POINT('',(0.0225,0.0162,-0.0395));
#11859=CARTESIAN_POINT('',(0.0275,-0.0098,-0.0345));
#11860=CARTESIAN_POINT('',(-0.015,-0.0148,-0.0345));
#11861=CARTESIAN_POINT('',(0.0225,-0.0123,-0.037));
#11862=CARTESIAN_POINT('',(0.0275,-0.0098,-0.0345));
#11863=CARTESIAN_POINT('',(0.0275,-0.0098,-0.0345));
#11864=CARTESIAN_POINT('',(0.0275,-0.0098,-0.0145));
#11865=CARTESIAN_POINT('',(-0.0517496723287105,0.0638001975368857,-0.0373));
#11866=CARTESIAN_POINT('',(-0.0537496723287105,0.0658001975368857,-0.0353));
#11867=CARTESIAN_POINT('',(-0.0537496723287105,0.0658001975368857,-0.02715));
#11868=CARTESIAN_POINT('',(-0.0537496723287105,0.0658001975368857,-0.0353));
#11869=CARTESIAN_POINT('',(-0.0537496723287105,0.0658001975368857,-0.0353));
#11870=CARTESIAN_POINT('',(-0.0517496723287105,0.0648001975368857,-0.0363));
#11871=CARTESIAN_POINT('',(-0.0409996723287105,0.0658001975368857,-0.0373));
#11872=CARTESIAN_POINT('',(-0.0302496723287106,0.0658001975368857,-0.0373));
#11873=CARTESIAN_POINT('',(-0.0282496723287106,0.0658001975368857,-0.02715));
#11874=CARTESIAN_POINT('',(-0.0292496723287105,0.0648001975368858,-0.0353));
#11875=CARTESIAN_POINT('',(-0.0302496723287106,0.0658001975368857,-0.0373));
#11876=CARTESIAN_POINT('',(-0.0302496723287106,0.0658001975368857,-0.0373));
#11877=CARTESIAN_POINT('',(-0.0282496723287106,0.0638001975368857,-0.0353));
#11878=CARTESIAN_POINT('',(0.0207503276712895,0.0638001975368857,-0.02715));
#11879=CARTESIAN_POINT('',(0.0217503276712895,0.0648001975368858,-0.0353));
#11880=CARTESIAN_POINT('',(0.0227503276712895,0.0638001975368857,-0.0353));
#11881=CARTESIAN_POINT('',(0.0207503276712895,0.0658001975368857,-0.0373));
#11882=CARTESIAN_POINT('',(0.0207503276712895,0.0658001975368857,-0.0373));
#11883=CARTESIAN_POINT('',(0.0207503276712895,0.0658001975368857,-0.0373));
#11884=CARTESIAN_POINT('',(-0.000749672328710527,0.0638001975368857,-0.02715));
#11885=CARTESIAN_POINT('',(-0.00274967232871053,0.0658001975368857,-0.0353));
#11886=CARTESIAN_POINT('',(0.0100003276712895,0.0638001975368857,-0.0353));
#11887=CARTESIAN_POINT('',(-0.000749672328710525,0.0648001975368857,-0.0363));
#11888=CARTESIAN_POINT('',(-0.00274967232871053,0.0658001975368857,-0.0353));
#11889=CARTESIAN_POINT('',(-0.00274967232871053,0.0658001975368857,-0.0353));
#11890=CARTESIAN_POINT('',(-0.000749672328710527,0.0638001975368857,-0.0373));
#11891=CARTESIAN_POINT('',(0.,0.,0.));
#11892=CARTESIAN_POINT('',(-0.00124967232871052,-0.0209001975368858,0.0523));
#11893=CARTESIAN_POINT('',(-0.00124967232871054,-0.0209001975368858,0.0335));
#11894=CARTESIAN_POINT('',(-0.00124967232871055,0.0111998024631142,0.0335));
#11895=CARTESIAN_POINT('',(-0.00124967232871053,-0.0530001975368858,0.0335));
#11896=CARTESIAN_POINT('',(-0.00124967232871051,-0.0530001975368858,0.0523));
#11897=CARTESIAN_POINT('',(-0.00124967232871051,-0.0530001975368858,0.0523));
#11898=CARTESIAN_POINT('',(-0.00124967232871052,-0.0209001975368858,0.0523));
#11899=CARTESIAN_POINT('',(-0.00124967232871054,0.0111998024631142,0.0523));
#11900=CARTESIAN_POINT('',(-0.00124967232871054,0.0111998024631142,0.0523));
#11901=CARTESIAN_POINT('',(0.0100003276712895,0.0111998024631142,0.0523));
#11902=CARTESIAN_POINT('',(0.0100003276712894,0.0111998024631142,0.0335));
#11903=CARTESIAN_POINT('',(0.0212503276712895,0.0111998024631142,0.0335));
#11904=CARTESIAN_POINT('',(0.0100003276712895,0.0111998024631142,0.0523));
#11905=CARTESIAN_POINT('',(0.0212503276712895,0.0111998024631142,0.0523));
#11906=CARTESIAN_POINT('',(0.0212503276712895,0.0111998024631142,0.0523));
#11907=CARTESIAN_POINT('',(0.0212503276712895,-0.0209001975368858,0.0523));
#11908=CARTESIAN_POINT('',(0.0212503276712895,-0.0209001975368858,0.0335));
#11909=CARTESIAN_POINT('',(0.0212503276712895,-0.0530001975368858,0.0335));
#11910=CARTESIAN_POINT('',(0.0212503276712895,-0.0209001975368858,0.0523));
#11911=CARTESIAN_POINT('',(0.0212503276712895,-0.0530001975368858,0.0523));
#11912=CARTESIAN_POINT('',(0.0212503276712895,-0.0530001975368858,0.0523));
#11913=CARTESIAN_POINT('',(0.0100003276712895,-0.0530001975368858,0.0523));
#11914=CARTESIAN_POINT('',(0.0100003276712895,-0.0530001975368858,0.0335));
#11915=CARTESIAN_POINT('',(0.0100003276712895,-0.0530001975368858,0.0523));
#11916=CARTESIAN_POINT('',(0.0100003276712895,-0.0209001975368858,0.0523));
#11917=CARTESIAN_POINT('',(0.0100003276712894,-1.97536885779281E-7,0.0523));
#11918=CARTESIAN_POINT('',(0.0109503276712894,-1.97536885778989E-7,0.0523));
#11919=CARTESIAN_POINT('',(0.0100003276712895,-0.0209001975368858,0.0335));
#11920=CARTESIAN_POINT('',(0.0100003276712895,-1.97536885793159E-7,0.0643));
#11921=CARTESIAN_POINT('',(0.0100003276712895,-1.97536885793159E-7,0.0643));
#11922=CARTESIAN_POINT('',(0.0109503276712895,-1.97536885792866E-7,0.0643));
#11923=CARTESIAN_POINT('',(0.0100003276712895,-0.0209001975368858,0.0643));
#11924=CARTESIAN_POINT('',(0.,0.,0.));
#11925=CARTESIAN_POINT('',(-0.00124967232871052,0.100900197536886,-0.017));
#11926=CARTESIAN_POINT('',(-0.00124967232871054,0.100900197536886,-0.0358));
#11927=CARTESIAN_POINT('',(-0.00124967232871054,0.0688001975368858,-0.0358));
#11928=CARTESIAN_POINT('',(-0.00124967232871054,0.133000197536886,-0.0358));
#11929=CARTESIAN_POINT('',(-0.00124967232871053,0.0688001975368858,-0.017));
#11930=CARTESIAN_POINT('',(-0.00124967232871053,0.0688001975368858,-0.017));
#11931=CARTESIAN_POINT('',(-0.00124967232871052,0.100900197536886,-0.017));
#11932=CARTESIAN_POINT('',(-0.00124967232871052,0.133000197536886,-0.017));
#11933=CARTESIAN_POINT('',(-0.00124967232871052,0.133000197536886,-0.017));
#11934=CARTESIAN_POINT('',(0.0100003276712895,0.0688001975368858,-0.017));
#11935=CARTESIAN_POINT('',(0.0100003276712895,0.0688001975368858,-0.0358));
#11936=CARTESIAN_POINT('',(0.0212503276712895,0.0688001975368858,-0.0358));
#11937=CARTESIAN_POINT('',(0.0212503276712895,0.0688001975368858,-0.017));
#11938=CARTESIAN_POINT('',(0.0212503276712895,0.0688001975368858,-0.017));
#11939=CARTESIAN_POINT('',(0.0100003276712895,0.0688001975368858,-0.017));
#11940=CARTESIAN_POINT('',(0.0212503276712895,0.100900197536886,-0.017));
#11941=CARTESIAN_POINT('',(0.0212503276712895,0.100900197536886,-0.0358));
#11942=CARTESIAN_POINT('',(0.0212503276712895,0.133000197536886,-0.0358));
#11943=CARTESIAN_POINT('',(0.0212503276712895,0.133000197536886,-0.017));
#11944=CARTESIAN_POINT('',(0.0212503276712895,0.133000197536886,-0.017));
#11945=CARTESIAN_POINT('',(0.0212503276712895,0.100900197536886,-0.017));
#11946=CARTESIAN_POINT('',(0.0100003276712895,0.133000197536886,-0.017));
#11947=CARTESIAN_POINT('',(0.0100003276712895,0.133000197536886,-0.0358));
#11948=CARTESIAN_POINT('',(0.0100003276712895,0.133000197536886,-0.017));
#11949=CARTESIAN_POINT('',(0.0100003276712895,0.100900197536886,-0.017));
#11950=CARTESIAN_POINT('',(0.0100003276712895,0.0800001975368858,-0.017));
#11951=CARTESIAN_POINT('',(0.0109503276712895,0.0800001975368858,-0.017));
#11952=CARTESIAN_POINT('',(0.0100003276712895,0.100900197536886,-0.0358));
#11953=CARTESIAN_POINT('',(0.0100003276712895,0.0800001975368858,-0.005));
#11954=CARTESIAN_POINT('',(0.0100003276712895,0.0800001975368858,-0.005));
#11955=CARTESIAN_POINT('',(0.0109503276712895,0.0800001975368858,-0.005));
#11956=CARTESIAN_POINT('',(0.0100003276712895,0.100900197536886,-0.005));
#11957=CARTESIAN_POINT('',(0.,0.,0.));
#11958=CARTESIAN_POINT('',(0.0100003276712895,0.0111998024631142,0.04215));
#11959=CARTESIAN_POINT('',(0.0100003276712895,0.0111998024631142,0.0523));
#11960=CARTESIAN_POINT('',(0.000250327671289463,0.0111998024631142,0.0523));
#11961=CARTESIAN_POINT('',(0.0197503276712895,0.0111998024631142,0.0523));
#11962=CARTESIAN_POINT('',(0.000250327671289463,0.0111998024631142,0.0523));
#11963=CARTESIAN_POINT('',(-0.00124967232871056,0.0111998024631142,0.0508));
#11964=CARTESIAN_POINT('',(-0.00124967232871056,0.0111998024631142,0.0429));
#11965=CARTESIAN_POINT('',(-0.00124967232871056,0.0111998024631142,0.0335));
#11966=CARTESIAN_POINT('',(0.0100003276712894,0.0111998024631142,0.0335));
#11967=CARTESIAN_POINT('',(0.0212503276712895,0.0111998024631143,0.0335));
#11968=CARTESIAN_POINT('',(0.0212503276712895,0.0111998024631142,0.0429));
#11969=CARTESIAN_POINT('',(0.0212503276712895,0.0111998024631142,0.0508));
#11970=CARTESIAN_POINT('',(0.0227503276712894,0.0111998024631142,0.0493));
#11971=CARTESIAN_POINT('',(-0.0409996723287105,0.0111998024631142,0.04215));
#11972=CARTESIAN_POINT('',(-0.0409996723287105,0.0111998024631142,0.0523));
#11973=CARTESIAN_POINT('',(-0.0507496723287105,0.0111998024631142,0.0523));
#11974=CARTESIAN_POINT('',(-0.0312496723287106,0.0111998024631142,0.0523));
#11975=CARTESIAN_POINT('',(-0.0507496723287105,0.0111998024631142,0.0523));
#11976=CARTESIAN_POINT('',(-0.0522496723287105,0.0111998024631142,0.0508));
#11977=CARTESIAN_POINT('',(-0.0522496723287105,0.0111998024631142,0.0429));
#11978=CARTESIAN_POINT('',(-0.0522496723287105,0.0111998024631142,0.0335));
#11979=CARTESIAN_POINT('',(-0.0409996723287105,0.0111998024631142,0.0335));
#11980=CARTESIAN_POINT('',(-0.0297496723287105,0.0111998024631142,0.0335));
#11981=CARTESIAN_POINT('',(-0.0297496723287105,0.0111998024631142,0.0429));
#11982=CARTESIAN_POINT('',(-0.0297496723287105,0.0111998024631142,0.0508));
#11983=CARTESIAN_POINT('',(-0.0282496723287106,0.0111998024631142,0.0493));
#11984=CARTESIAN_POINT('',(-0.04,0.08,0.032));
#11985=CARTESIAN_POINT('',(-0.04,0.04,0.032));
#11986=CARTESIAN_POINT('',(-0.04,0.044,0.032));
#11987=CARTESIAN_POINT('',(-0.04,0.05,0.032));
#11988=CARTESIAN_POINT('',(0.01,0.04,0.032));
#11989=CARTESIAN_POINT('',(0.01,0.044,0.032));
#11990=CARTESIAN_POINT('',(0.01,0.05,0.032));
#11991=CARTESIAN_POINT('',(-0.04,0.08,0.032));
#11992=CARTESIAN_POINT('',(-0.029,0.08,0.032));
#11993=CARTESIAN_POINT('',(0.01,0.08,0.032));
#11994=CARTESIAN_POINT('',(0.021,0.08,0.032));
#11995=CARTESIAN_POINT('',(-0.0409996723287105,0.0161998024631142,0.032));
#11996=CARTESIAN_POINT('',(-0.0312496723287106,0.0161998024631142,0.032));
#11997=CARTESIAN_POINT('',(-0.0507496723287105,0.0161998024631142,0.032));
#11998=CARTESIAN_POINT('',(-0.0312496723287106,0.0161998024631142,0.032));
#11999=CARTESIAN_POINT('',(-0.0282496723287106,0.0131998024631142,0.032));
#12000=CARTESIAN_POINT('',(-0.0282496723287106,0.0161998024631142,0.032));
#12001=CARTESIAN_POINT('',(-0.0282496723287106,-0.0170001975368857,0.032));
#12002=CARTESIAN_POINT('',(-0.0282496723287106,-0.0170001975368857,0.032));
#12003=CARTESIAN_POINT('',(-0.0312496723287105,-0.0200000987684428,0.032));
#12004=CARTESIAN_POINT('',(-0.0409996723287105,-0.0200001975368857,0.032));
#12005=CARTESIAN_POINT('',(-0.0282496723287106,-0.02,0.032));
#12006=CARTESIAN_POINT('',(-0.04,-0.02,0.032));
#12007=CARTESIAN_POINT('',(-0.00274967232871052,-0.02,0.032));
#12008=CARTESIAN_POINT('',(0.0100003276712895,-0.0200001975368857,0.032));
#12009=CARTESIAN_POINT('',(0.000250327671289477,-0.0200000987684428,0.032));
#12010=CARTESIAN_POINT('',(0.00025032767128948,-0.0200001975368857,0.032));
#12011=CARTESIAN_POINT('',(-0.00274967232871052,-0.0170001975368857,0.032));
#12012=CARTESIAN_POINT('',(-0.00274967232871054,0.0161998024631142,0.032));
#12013=CARTESIAN_POINT('',(-0.00274967232871053,0.0131998024631142,0.032));
#12014=CARTESIAN_POINT('',(-0.00274967232871054,0.0131998024631142,0.032));
#12015=CARTESIAN_POINT('',(0.000250327671289463,0.0161998024631142,0.032));
#12016=CARTESIAN_POINT('',(0.0100003276712895,0.0161998024631142,0.032));
#12017=CARTESIAN_POINT('',(0.0197503276712895,0.0161998024631142,0.032));
#12018=CARTESIAN_POINT('',(0.0227503276712894,0.0131998024631142,0.032));
#12019=CARTESIAN_POINT('',(0.0227503276712894,0.0131998024631142,0.032));
#12020=CARTESIAN_POINT('',(0.0227503276712894,0.0161998024631142,0.032));
#12021=CARTESIAN_POINT('',(0.0227503276712895,-0.0170001975368857,0.032));
#12022=CARTESIAN_POINT('',(0.0197503276712895,-0.0200001975368857,0.032));
#12023=CARTESIAN_POINT('',(0.0197503276712895,-0.0200000987684428,0.032));
#12024=CARTESIAN_POINT('',(0.0100003276712895,-0.0200001975368857,0.032));
#12025=CARTESIAN_POINT('',(0.0227503276712895,-0.02,0.032));
#12026=CARTESIAN_POINT('',(-0.04,-0.02,0.032));
#12027=CARTESIAN_POINT('',(0.03,-0.02,0.032));
#12028=CARTESIAN_POINT('',(0.03,0.08,0.032));
#12029=CARTESIAN_POINT('',(0.03,0.095,0.032));
#12030=CARTESIAN_POINT('',(-0.04,0.095,0.032));
#12031=CARTESIAN_POINT('',(-0.06,0.095,0.032));
#12032=CARTESIAN_POINT('',(-0.06,-0.02,0.032));
#12033=CARTESIAN_POINT('',(-0.06,-0.02,0.032));
#12034=CARTESIAN_POINT('',(-0.04,-0.02,0.032));
#12035=CARTESIAN_POINT('',(-0.0537496723287105,-0.02,0.032));
#12036=CARTESIAN_POINT('',(-0.0409996723287105,-0.0200001975368857,0.032));
#12037=CARTESIAN_POINT('',(-0.0507496723287105,-0.0200000987684428,0.032));
#12038=CARTESIAN_POINT('',(-0.0537496723287105,-0.0170001975368857,0.032));
#12039=CARTESIAN_POINT('',(-0.0537496723287105,-0.0170001975368857,0.032));
#12040=CARTESIAN_POINT('',(-0.0537496723287105,0.0161998024631142,0.032));
#12041=CARTESIAN_POINT('',(-0.0537496723287105,0.0131998024631142,0.032));
#12042=CARTESIAN_POINT('',(-0.0507496723287105,0.0161998024631142,0.032));
#12043=CARTESIAN_POINT('',(-0.065,0.1,0.0065));
#12044=CARTESIAN_POINT('',(-0.065,0.1,0.0065));
#12045=CARTESIAN_POINT('',(-0.065,0.1,0.0085));
#12046=CARTESIAN_POINT('',(-0.065,0.1,0.027));
#12047=CARTESIAN_POINT('',(-0.065,0.1,0.027));
#12048=CARTESIAN_POINT('',(-0.06,0.1,0.027));
#12049=CARTESIAN_POINT('',(-0.06,0.1,0.0065));
#12050=CARTESIAN_POINT('',(-0.06,0.1,0.0085));
#12051=CARTESIAN_POINT('',(-0.065,0.1,0.0085));
#12052=CARTESIAN_POINT('',(-0.065,0.1,0.0065));
#12053=CARTESIAN_POINT('',(0.03,0.1,0.0065));
#12054=CARTESIAN_POINT('',(0.03,0.1,0.0085));
#12055=CARTESIAN_POINT('',(0.03,0.1,0.027));
#12056=CARTESIAN_POINT('',(-0.065,0.1,0.027));
#12057=CARTESIAN_POINT('',(0.035,0.1,0.027));
#12058=CARTESIAN_POINT('',(0.035,0.1,0.0065));
#12059=CARTESIAN_POINT('',(0.035,0.1,0.0085));
#12060=CARTESIAN_POINT('',(0.035,0.1,0.0085));
#12061=CARTESIAN_POINT('',(-0.06,0.08,0.0065));
#12062=CARTESIAN_POINT('',(-0.06,0.08,0.0085));
#12063=CARTESIAN_POINT('',(-0.06,0.06,0.0085));
#12064=CARTESIAN_POINT('',(-0.06,0.08,0.027));
#12065=CARTESIAN_POINT('',(-0.06,-0.02,0.027));
#12066=CARTESIAN_POINT('',(-0.06,-0.02,0.0065));
#12067=CARTESIAN_POINT('',(-0.06,-0.02,0.0065));
#12068=CARTESIAN_POINT('',(-0.06,0.04,0.0065));
#12069=CARTESIAN_POINT('',(-0.06,0.06,0.0065));
#12070=CARTESIAN_POINT('',(-0.06,0.06,0.0065));
#12071=CARTESIAN_POINT('',(-0.065,0.08,0.0065));
#12072=CARTESIAN_POINT('',(-0.065,-0.02,0.0065));
#12073=CARTESIAN_POINT('',(-0.065,-0.02,0.0065));
#12074=CARTESIAN_POINT('',(-0.065,-0.02,0.027));
#12075=CARTESIAN_POINT('',(-0.065,0.1,0.027));
#12076=CARTESIAN_POINT('',(-0.065,0.08,0.0085));
#12077=CARTESIAN_POINT('',(-0.065,0.06,0.0085));
#12078=CARTESIAN_POINT('',(-0.065,0.06,0.0065));
#12079=CARTESIAN_POINT('',(-0.065,0.06,0.0065));
#12080=CARTESIAN_POINT('',(-0.065,0.04,0.0065));
#12081=CARTESIAN_POINT('',(0.03,0.08,0.0065));
#12082=CARTESIAN_POINT('',(0.03,0.08,0.0085));
#12083=CARTESIAN_POINT('',(0.03,0.06,0.0085));
#12084=CARTESIAN_POINT('',(0.03,0.06,0.0065));
#12085=CARTESIAN_POINT('',(0.03,0.06,0.0065));
#12086=CARTESIAN_POINT('',(0.03,0.04,0.0065));
#12087=CARTESIAN_POINT('',(0.03,-0.02,0.0065));
#12088=CARTESIAN_POINT('',(0.03,-0.02,0.0065));
#12089=CARTESIAN_POINT('',(0.03,-0.02,0.027));
#12090=CARTESIAN_POINT('',(0.03,0.08,0.027));
#12091=CARTESIAN_POINT('',(0.035,0.08,0.0065));
#12092=CARTESIAN_POINT('',(0.035,0.08,0.027));
#12093=CARTESIAN_POINT('',(0.035,-0.02,0.027));
#12094=CARTESIAN_POINT('',(0.035,-0.02,0.0065));
#12095=CARTESIAN_POINT('',(0.035,-0.02,0.0065));
#12096=CARTESIAN_POINT('',(0.035,0.04,0.0065));
#12097=CARTESIAN_POINT('',(0.035,0.06,0.0065));
#12098=CARTESIAN_POINT('',(0.035,0.06,0.0065));
#12099=CARTESIAN_POINT('',(0.035,0.06,0.0085));
#12100=CARTESIAN_POINT('',(0.035,0.08,0.0085));
#12101=CARTESIAN_POINT('',(-0.04,0.08,0.027));
#12102=CARTESIAN_POINT('',(0.01,1.59288398090079E-16,0.027));
#12103=CARTESIAN_POINT('',(0.015,1.59288398090079E-16,0.027));
#12104=CARTESIAN_POINT('',(-0.04,1.52349504186172E-16,0.027));
#12105=CARTESIAN_POINT('',(-0.035,1.52349504186172E-16,0.027));
#12106=CARTESIAN_POINT('',(-0.04,0.04,0.027));
#12107=CARTESIAN_POINT('',(-0.035,0.04,0.027));
#12108=CARTESIAN_POINT('',(0.01,0.04,0.027));
#12109=CARTESIAN_POINT('',(0.015,0.04,0.027));
#12110=CARTESIAN_POINT('',(0.01,0.08,0.027));
#12111=CARTESIAN_POINT('',(0.021,0.08,0.027));
#12112=CARTESIAN_POINT('',(-0.04,0.08,0.027));
#12113=CARTESIAN_POINT('',(-0.029,0.08,0.027));
#12114=CARTESIAN_POINT('',(-0.04,-0.02,0.027));
#12115=CARTESIAN_POINT('',(-0.04,0.1,0.027));
#12116=CARTESIAN_POINT('',(0.035,0.08,0.0085));
#12117=CARTESIAN_POINT('',(0.035,0.06,0.0085));
#12118=CARTESIAN_POINT('',(-0.065,0.08,0.0085));
#12119=CARTESIAN_POINT('',(-0.065,0.06,0.0085));
#12120=CARTESIAN_POINT('',(-0.065,0.06,0.0065));
#12121=CARTESIAN_POINT('',(-0.065,0.06,0.0065));
#12122=CARTESIAN_POINT('',(-0.065,0.06,0.0065));
#12123=CARTESIAN_POINT('',(0.035,0.06,0.0065));
#12124=CARTESIAN_POINT('',(-0.065,0.04,0.0065));
#12125=CARTESIAN_POINT('',(-0.065,-0.02,0.0065));
#12126=CARTESIAN_POINT('',(0.035,0.04,0.0065));
#12127=CARTESIAN_POINT('',(0.035,-0.02,0.0065));
#12128=CARTESIAN_POINT('',(-0.04,0.04,0.041));
#12129=CARTESIAN_POINT('',(-0.04,0.04,0.0095));
#12130=CARTESIAN_POINT('',(-0.044,0.04,0.0095));
#12131=CARTESIAN_POINT('',(0.01,0.04,0.041));
#12132=CARTESIAN_POINT('',(0.01,0.04,0.0095));
#12133=CARTESIAN_POINT('',(0.006,0.04,0.0095));
#12134=CARTESIAN_POINT('',(-0.065,-0.02,0.0065));
#12135=CARTESIAN_POINT('',(0.03,-0.02,0.032));
#12136=CARTESIAN_POINT('',(0.0100003276712895,-0.0200001975368857,0.032));
#12137=CARTESIAN_POINT('',(0.0150003276712895,-0.02,0.032));
#12138=CARTESIAN_POINT('',(-0.04,-0.02,0.032));
#12139=CARTESIAN_POINT('',(0.00500032767128945,-0.02,0.032));
#12140=CARTESIAN_POINT('',(0.0100003276712895,-0.0200001975368857,0.032));
#12141=CARTESIAN_POINT('',(-0.0409996723287105,-0.0200001975368857,0.032));
#12142=CARTESIAN_POINT('',(-0.0359996723287105,-0.02,0.032));
#12143=CARTESIAN_POINT('',(-0.04,-0.02,0.032));
#12144=CARTESIAN_POINT('',(-0.0459996723287105,-0.02,0.032));
#12145=CARTESIAN_POINT('',(-0.0409996723287105,-0.0200001975368857,0.032));
#12146=CARTESIAN_POINT('',(-0.065,-0.02,0.027));
#12147=CARTESIAN_POINT('',(-0.065,0.08,0.027));
#12148=CARTESIAN_POINT('',(-0.0583333333333334,0.0933333333333333,0.0336666666666667));
#12149=CARTESIAN_POINT('',(-0.065,0.1,0.027));
#12150=CARTESIAN_POINT('',(0.00166666666666673,0.0666666666666667,0.0603333333333333));
#12151=CARTESIAN_POINT('',(0.03,0.08,0.032));
#12152=CARTESIAN_POINT('',(-0.04,0.08,0.0261));
#12153=CARTESIAN_POINT('',(0.01,0.08,0.0261));
#12154=CARTESIAN_POINT('',(0.0100003276712895,-0.0580001975368857,0.034));
#12155=CARTESIAN_POINT('',(0.00500032767128949,-0.0580001975368857,0.034));
#12156=CARTESIAN_POINT('',(0.00500032767128949,-0.0550001975368857,0.037));
#12157=CARTESIAN_POINT('',(0.00500032767128949,-0.0580001975368857,0.034));
#12158=CARTESIAN_POINT('',(0.0150003276712895,-0.0580001975368857,0.034));
#12159=CARTESIAN_POINT('',(0.0150003276712895,-0.0580001975368857,0.034));
#12160=CARTESIAN_POINT('',(0.0150003276712895,-0.0561251975368857,0.035875));
#12161=CARTESIAN_POINT('',(0.0150003276712895,-0.0550001975368857,0.037));
#12162=CARTESIAN_POINT('',(0.00500032767128949,-0.0550001975368857,0.037));
#12163=CARTESIAN_POINT('',(0.0100003276712895,-0.0580001975368857,0.0345));
#12164=CARTESIAN_POINT('',(0.00500032767128949,-0.0580001975368857,0.03275));
#12165=CARTESIAN_POINT('',(0.00500032767128949,-0.0580001975368858,0.032));
#12166=CARTESIAN_POINT('',(0.0100003276712895,-0.0580001975368858,0.032));
#12167=CARTESIAN_POINT('',(0.0150003276712895,-0.0580001975368857,0.032));
#12168=CARTESIAN_POINT('',(0.0150003276712895,-0.0580001975368857,0.03275));
#12169=CARTESIAN_POINT('',(0.0100003276712895,-0.0580001975368857,0.037));
#12170=CARTESIAN_POINT('',(0.0150003276712895,-0.0580001975368857,0.037));
#12171=CARTESIAN_POINT('',(0.0150003276712895,-0.0530001975368857,0.037));
#12172=CARTESIAN_POINT('',(0.0100003276712895,-0.0530001975368857,0.037));
#12173=CARTESIAN_POINT('',(0.00500032767128949,-0.0530001975368857,0.037));
#12174=CARTESIAN_POINT('',(0.00500032767128949,-0.0580001975368857,0.037));
#12175=CARTESIAN_POINT('',(0.0100003276712895,-0.0530001975368857,0.0345));
#12176=CARTESIAN_POINT('',(0.00500032767128949,-0.0530001975368857,0.03275));
#12177=CARTESIAN_POINT('',(0.00500032767128949,-0.0530001975368857,0.0335));
#12178=CARTESIAN_POINT('',(0.0150003276712895,-0.0530001975368857,0.03275));
#12179=CARTESIAN_POINT('',(0.0150003276712895,-0.0530001975368857,0.0335));
#12180=CARTESIAN_POINT('',(0.0100003276712895,-0.0530001975368857,0.0335));
#12181=CARTESIAN_POINT('',(0.0150003276712895,-0.0530001975368857,0.03275));
#12182=CARTESIAN_POINT('',(0.0150003276712895,-0.0530001975368857,0.032));
#12183=CARTESIAN_POINT('',(0.0150003276712895,-0.0200001975368857,0.03275));
#12184=CARTESIAN_POINT('',(0.0150003276712895,-0.0200001975368857,0.0335));
#12185=CARTESIAN_POINT('',(0.0150003276712895,-0.0530001975368857,0.0335));
#12186=CARTESIAN_POINT('',(0.00500032767128949,-0.0530001975368857,0.03275));
#12187=CARTESIAN_POINT('',(0.00500032767128949,-0.0530001975368857,0.0335));
#12188=CARTESIAN_POINT('',(0.00500032767128948,-0.0200001975368857,0.0335));
#12189=CARTESIAN_POINT('',(0.00500032767128948,-0.0200001975368857,0.03275));
#12190=CARTESIAN_POINT('',(0.00500032767128949,-0.0530001975368857,0.032));
#12191=CARTESIAN_POINT('',(0.0100003276712895,-0.0200001975368857,0.04215));
#12192=CARTESIAN_POINT('',(0.0100003276712894,-0.0200001975368857,0.0335));
#12193=CARTESIAN_POINT('',(0.000250327671289477,-0.0200001975368857,0.0335));
#12194=CARTESIAN_POINT('',(0.000250327671289476,-0.0200001975368857,0.032));
#12195=CARTESIAN_POINT('',(0.0212503276712895,-0.0200001975368857,0.0429));
#12196=CARTESIAN_POINT('',(0.0212503276712895,-0.0200001975368857,0.0335));
#12197=CARTESIAN_POINT('',(0.0212503276712895,-0.0185001975368858,0.0335));
#12198=CARTESIAN_POINT('',(0.0212503276712895,-0.0185001975368858,0.0429));
#12199=CARTESIAN_POINT('',(0.0212503276712895,-0.0185001975368858,0.0508));
#12200=CARTESIAN_POINT('',(0.0212503276712895,-0.0200001975368857,0.0508));
#12201=CARTESIAN_POINT('',(0.0100003276712894,-0.0200001975368857,0.0335));
#12202=CARTESIAN_POINT('',(0.0100003276712894,-0.0200001975368857,0.0335));
#12203=CARTESIAN_POINT('',(0.0197503276712895,-0.0200001975368857,0.0335));
#12204=CARTESIAN_POINT('',(0.0197503276712895,-0.0200001975368857,0.0335));
#12205=CARTESIAN_POINT('',(-0.00124967232871055,-0.0200001975368857,0.0335));
#12206=CARTESIAN_POINT('',(-0.00124967232871055,-0.0185001975368857,0.0335));
#12207=CARTESIAN_POINT('',(0.000250327671289477,-0.0200001975368857,0.0335));
#12208=CARTESIAN_POINT('',(-0.00124967232871054,-0.0200001975368857,0.0429));
#12209=CARTESIAN_POINT('',(-0.00124967232871056,0.0161998024631142,0.0508));
#12210=CARTESIAN_POINT('',(-0.00124967232871055,-0.0185001975368858,0.0508));
#12211=CARTESIAN_POINT('',(-0.00124967232871055,-0.0185001975368857,0.04215));
#12212=CARTESIAN_POINT('',(0.0100003276712895,0.0161998024631142,0.04215));
#12213=CARTESIAN_POINT('',(0.000250327671289461,0.0161998024631142,0.0558));
#12214=CARTESIAN_POINT('',(0.000250327671289461,0.0161998024631142,0.0528));
#12215=CARTESIAN_POINT('',(0.000250327671289461,0.0161998024631142,0.0523));
#12216=CARTESIAN_POINT('',(0.0100003276712895,0.0161998024631142,0.0528));
#12217=CARTESIAN_POINT('',(0.0197503276712895,0.0161998024631142,0.0528));
#12218=CARTESIAN_POINT('',(0.0197503276712895,0.0161998024631142,0.0558));
#12219=CARTESIAN_POINT('',(0.0197503276712895,0.0161998024631142,0.0523));
#12220=CARTESIAN_POINT('',(0.0197503276712895,0.0161998024631142,0.032));
#12221=CARTESIAN_POINT('',(0.000250327671289463,0.0161998024631142,0.0523));
#12222=CARTESIAN_POINT('',(0.0227503276712894,0.0161998024631142,0.04215));
#12223=CARTESIAN_POINT('',(0.0227503276712895,-0.0200001975368857,0.0493));
#12224=CARTESIAN_POINT('',(0.0227503276712894,0.0131998024631142,0.0493));
#12225=CARTESIAN_POINT('',(0.0227503276712895,-0.0170001975368857,0.0493));
#12226=CARTESIAN_POINT('',(0.0227503276712895,-0.0170001975368857,0.032));
#12227=CARTESIAN_POINT('',(0.0227503276712894,0.0131998024631142,0.0523));
#12228=CARTESIAN_POINT('',(-0.00274967232871054,0.0161998024631142,0.04215));
#12229=CARTESIAN_POINT('',(-0.00274967232871054,0.0161998024631142,0.0493));
#12230=CARTESIAN_POINT('',(-0.00274967232871052,-0.0170001975368857,0.0493));
#12231=CARTESIAN_POINT('',(-0.00274967232871053,0.0131998024631142,0.0493));
#12232=CARTESIAN_POINT('',(-0.00274967232871053,0.0131998024631142,0.032));
#12233=CARTESIAN_POINT('',(-0.00274967232871052,-0.0170001975368857,0.0523));
#12234=CARTESIAN_POINT('',(0.0100003276712895,-0.0200001975368857,0.04215));
#12235=CARTESIAN_POINT('',(0.0197503276712895,-0.0200001975368857,0.0523));
#12236=CARTESIAN_POINT('',(0.0100003276712895,0.0161998024631142,0.032));
#12237=CARTESIAN_POINT('',(-0.0409996723287105,-0.0580001975368857,0.034));
#12238=CARTESIAN_POINT('',(-0.0359996723287105,-0.0580001975368857,0.034));
#12239=CARTESIAN_POINT('',(-0.0359996723287105,-0.0550001975368857,0.037));
#12240=CARTESIAN_POINT('',(-0.0359996723287105,-0.0580001975368857,0.034));
#12241=CARTESIAN_POINT('',(-0.0359996723287105,-0.0550001975368857,0.037));
#12242=CARTESIAN_POINT('',(-0.0459996723287105,-0.0550001975368857,0.037));
#12243=CARTESIAN_POINT('',(-0.0459996723287105,-0.0561251975368857,0.035875));
#12244=CARTESIAN_POINT('',(-0.0459996723287105,-0.0580001975368858,0.034));
#12245=CARTESIAN_POINT('',(-0.0459996723287105,-0.0580001975368858,0.034));
#12246=CARTESIAN_POINT('',(-0.0409996723287105,-0.0580001975368857,0.0345));
#12247=CARTESIAN_POINT('',(-0.0359996723287105,-0.0580001975368857,0.03275));
#12248=CARTESIAN_POINT('',(-0.0359996723287105,-0.0580001975368858,0.032));
#12249=CARTESIAN_POINT('',(-0.0459996723287105,-0.0580001975368858,0.03275));
#12250=CARTESIAN_POINT('',(-0.0459996723287105,-0.0580001975368858,0.032));
#12251=CARTESIAN_POINT('',(-0.0409996723287105,-0.0580001975368858,0.032));
#12252=CARTESIAN_POINT('',(-0.0409996723287105,-0.0580001975368857,0.037));
#12253=CARTESIAN_POINT('',(-0.0459996723287105,-0.0580001975368858,0.037));
#12254=CARTESIAN_POINT('',(-0.0459996723287105,-0.0530001975368857,0.037));
#12255=CARTESIAN_POINT('',(-0.0359996723287105,-0.0580001975368857,0.037));
#12256=CARTESIAN_POINT('',(-0.0359996723287105,-0.0530001975368857,0.037));
#12257=CARTESIAN_POINT('',(-0.0409996723287105,-0.0530001975368857,0.037));
#12258=CARTESIAN_POINT('',(-0.0409996723287105,-0.0530001975368857,0.0345));
#12259=CARTESIAN_POINT('',(-0.0359996723287105,-0.0530001975368857,0.03275));
#12260=CARTESIAN_POINT('',(-0.0359996723287105,-0.0530001975368857,0.0335));
#12261=CARTESIAN_POINT('',(-0.0409996723287105,-0.0530001975368857,0.0335));
#12262=CARTESIAN_POINT('',(-0.0459996723287105,-0.0530001975368857,0.0335));
#12263=CARTESIAN_POINT('',(-0.0459996723287105,-0.0530001975368857,0.03275));
#12264=CARTESIAN_POINT('',(-0.0459996723287105,-0.0530001975368857,0.03275));
#12265=CARTESIAN_POINT('',(-0.0459996723287105,-0.0530001975368857,0.0335));
#12266=CARTESIAN_POINT('',(-0.0459996723287105,-0.0200001975368857,0.0335));
#12267=CARTESIAN_POINT('',(-0.0459996723287105,-0.0200001975368857,0.03275));
#12268=CARTESIAN_POINT('',(-0.0459996723287105,-0.0530001975368857,0.032));
#12269=CARTESIAN_POINT('',(-0.0359996723287105,-0.0530001975368857,0.03275));
#12270=CARTESIAN_POINT('',(-0.0359996723287105,-0.0530001975368857,0.032));
#12271=CARTESIAN_POINT('',(-0.0359996723287105,-0.0200001975368857,0.03275));
#12272=CARTESIAN_POINT('',(-0.0359996723287105,-0.0200001975368857,0.0335));
#12273=CARTESIAN_POINT('',(-0.0359996723287105,-0.0530001975368857,0.0335));
#12274=CARTESIAN_POINT('',(-0.0409996723287105,-0.0200001975368857,0.04215));
#12275=CARTESIAN_POINT('',(-0.0312496723287105,-0.0200001975368857,0.0523));
#12276=CARTESIAN_POINT('',(-0.0312496723287105,-0.0200001975368857,0.0335));
#12277=CARTESIAN_POINT('',(-0.0409996723287105,-0.0200001975368857,0.0335));
#12278=CARTESIAN_POINT('',(-0.0522496723287105,-0.0200001975368857,0.0429));
#12279=CARTESIAN_POINT('',(-0.0522496723287105,-0.0200001975368857,0.0508));
#12280=CARTESIAN_POINT('',(-0.0522496723287105,-0.0185001975368858,0.0508));
#12281=CARTESIAN_POINT('',(-0.0522496723287105,-0.0185001975368858,0.0429));
#12282=CARTESIAN_POINT('',(-0.0522496723287105,-0.0185001975368858,0.0335));
#12283=CARTESIAN_POINT('',(-0.0522496723287105,-0.0200001975368857,0.0335));
#12284=CARTESIAN_POINT('',(-0.0409996723287105,-0.0200001975368857,0.0335));
#12285=CARTESIAN_POINT('',(-0.0537496723287105,-0.0170001975368857,0.0335));
#12286=CARTESIAN_POINT('',(-0.0507496723287105,-0.0200001975368857,0.0335));
#12287=CARTESIAN_POINT('',(-0.0409996723287105,-0.0200001975368857,0.0335));
#12288=CARTESIAN_POINT('',(-0.0282496723287105,-0.0170001975368857,0.0335));
#12289=CARTESIAN_POINT('',(-0.0297496723287105,-0.0185001975368858,0.0335));
#12290=CARTESIAN_POINT('',(-0.0297496723287105,-0.0200001975368857,0.0335));
#12291=CARTESIAN_POINT('',(-0.0297496723287105,-0.0200001975368857,0.0429));
#12292=CARTESIAN_POINT('',(-0.0297496723287105,-0.0185001975368858,0.04215));
#12293=CARTESIAN_POINT('',(-0.0297496723287105,-0.0185001975368858,0.0508));
#12294=CARTESIAN_POINT('',(-0.0297496723287105,0.0161998024631142,0.0508));
#12295=CARTESIAN_POINT('',(-0.0409996723287105,0.0161998024631142,0.04215));
#12296=CARTESIAN_POINT('',(-0.0507496723287105,0.0161998024631142,0.0558));
#12297=CARTESIAN_POINT('',(-0.0507496723287105,0.0161998024631142,0.0528));
#12298=CARTESIAN_POINT('',(-0.0507496723287105,0.0161998024631142,0.0523));
#12299=CARTESIAN_POINT('',(-0.0409996723287105,0.0161998024631142,0.0528));
#12300=CARTESIAN_POINT('',(-0.0312496723287106,0.0161998024631142,0.0528));
#12301=CARTESIAN_POINT('',(-0.0312496723287106,0.0161998024631142,0.0558));
#12302=CARTESIAN_POINT('',(-0.0312496723287106,0.0161998024631142,0.0523));
#12303=CARTESIAN_POINT('',(-0.0312496723287106,0.0161998024631142,0.032));
#12304=CARTESIAN_POINT('',(-0.0507496723287105,0.0161998024631142,0.0523));
#12305=CARTESIAN_POINT('',(-0.0537496723287105,0.0161998024631142,0.04215));
#12306=CARTESIAN_POINT('',(-0.0537496723287105,-0.0170001975368857,0.0523));
#12307=CARTESIAN_POINT('',(-0.0537496723287105,-0.0170001975368857,0.0493));
#12308=CARTESIAN_POINT('',(-0.0537496723287105,0.0161998024631142,0.0493));
#12309=CARTESIAN_POINT('',(-0.0537496723287105,0.0131998024631142,0.0493));
#12310=CARTESIAN_POINT('',(-0.0537496723287105,0.0131998024631142,0.032));
#12311=CARTESIAN_POINT('',(-0.0282496723287106,0.0161998024631142,0.04215));
#12312=CARTESIAN_POINT('',(-0.0282496723287106,0.0131998024631142,0.0523));
#12313=CARTESIAN_POINT('',(-0.0282496723287106,0.0131998024631142,0.0493));
#12314=CARTESIAN_POINT('',(-0.0282496723287105,-0.0200001975368858,0.0493));
#12315=CARTESIAN_POINT('',(-0.0282496723287105,-0.0170001975368857,0.0493));
#12316=CARTESIAN_POINT('',(-0.0282496723287106,-0.0170001975368857,0.032));
#12317=CARTESIAN_POINT('',(-0.0409996723287105,-0.0200001975368857,0.04215));
#12318=CARTESIAN_POINT('',(-0.0507496723287105,-0.0200001975368857,0.032));
#12319=CARTESIAN_POINT('',(-0.0409996723287105,0.0161998024631142,0.032));
#12320=CARTESIAN_POINT('',(0.01,1.59288398090079E-16,0.0095));
#12321=CARTESIAN_POINT('',(0.01,1.59288398090079E-16,0.0095));
#12322=CARTESIAN_POINT('',(0.005,1.59288398090079E-16,0.0095));
#12323=CARTESIAN_POINT('',(-0.015,0.04,0.0095));
#12324=CARTESIAN_POINT('',(0.01,1.59594559789866E-16,0.0095));
#12325=CARTESIAN_POINT('',(0.006,1.59594559789866E-16,0.0095));
#12326=CARTESIAN_POINT('',(-0.04,1.52349504186172E-16,0.0095));
#12327=CARTESIAN_POINT('',(-0.04,1.52349504186172E-16,0.0095));
#12328=CARTESIAN_POINT('',(-0.045,1.52349504186172E-16,0.0095));
#12329=CARTESIAN_POINT('',(-0.015,0.04,0.0095));
#12330=CARTESIAN_POINT('',(-0.04,1.52655665885959E-16,0.0095));
#12331=CARTESIAN_POINT('',(-0.044,1.52655665885959E-16,0.0095));
#12332=CARTESIAN_POINT('',(0.01,0.04,0.0095));
#12333=CARTESIAN_POINT('',(0.01,0.04,0.0095));
#12334=CARTESIAN_POINT('',(0.005,0.04,0.0095));
#12335=CARTESIAN_POINT('',(-0.015,0.04,0.0095));
#12336=CARTESIAN_POINT('',(-0.04,0.04,0.0095));
#12337=CARTESIAN_POINT('',(-0.04,0.04,0.0095));
#12338=CARTESIAN_POINT('',(-0.045,0.04,0.0095));
#12339=CARTESIAN_POINT('',(-0.015,0.04,0.0095));
#12340=CARTESIAN_POINT('',(0.0100003276712895,0.0161998024631142,0.032));
#12341=CARTESIAN_POINT('',(0.01,1.59594559789866E-16,0.032));
#12342=CARTESIAN_POINT('',(0.006,1.59594559789866E-16,0.032));
#12343=CARTESIAN_POINT('',(0.01,1.59594559789866E-16,0.041));
#12344=CARTESIAN_POINT('',(-0.0409996723287105,0.0161998024631142,0.032));
#12345=CARTESIAN_POINT('',(-0.04,1.52655665885959E-16,0.032));
#12346=CARTESIAN_POINT('',(-0.044,1.52655665885959E-16,0.032));
#12347=CARTESIAN_POINT('',(-0.04,1.52655665885959E-16,0.041));
#12348=CARTESIAN_POINT('',(0.01,0.05,0.057));
#12349=CARTESIAN_POINT('',(0.01,0.05,0.056));
#12350=CARTESIAN_POINT('',(0.016,0.05,0.056));
#12351=CARTESIAN_POINT('',(-0.015,0.0375,0.057));
#12352=CARTESIAN_POINT('',(0.01,0.05,0.057));
#12353=CARTESIAN_POINT('',(0.015,0.05,0.057));
#12354=CARTESIAN_POINT('',(0.01,0.05,0.057));
#12355=CARTESIAN_POINT('',(0.014,0.05,0.057));
#12356=CARTESIAN_POINT('',(-0.04,0.05,0.057));
#12357=CARTESIAN_POINT('',(-0.04,0.05,0.056));
#12358=CARTESIAN_POINT('',(-0.034,0.05,0.056));
#12359=CARTESIAN_POINT('',(-0.015,0.0375,0.057));
#12360=CARTESIAN_POINT('',(-0.04,0.05,0.057));
#12361=CARTESIAN_POINT('',(-0.035,0.05,0.057));
#12362=CARTESIAN_POINT('',(-0.04,0.05,0.057));
#12363=CARTESIAN_POINT('',(-0.036,0.05,0.057));
#12364=CARTESIAN_POINT('',(-0.015,0.0375,0.087));
#12365=CARTESIAN_POINT('',(0.01,0.05,0.087));
#12366=CARTESIAN_POINT('',(0.013,0.05,0.087));
#12367=CARTESIAN_POINT('',(0.01,0.05,0.087));
#12368=CARTESIAN_POINT('',(0.01,0.05,0.086));
#12369=CARTESIAN_POINT('',(0.014,0.05,0.086));
#12370=CARTESIAN_POINT('',(-0.015,0.0375,0.087));
#12371=CARTESIAN_POINT('',(-0.04,0.05,0.087));
#12372=CARTESIAN_POINT('',(-0.037,0.05,0.087));
#12373=CARTESIAN_POINT('',(-0.04,0.05,0.087));
#12374=CARTESIAN_POINT('',(-0.04,0.05,0.086));
#12375=CARTESIAN_POINT('',(-0.036,0.05,0.086));
#12376=CARTESIAN_POINT('',(-0.0507496723287105,0.0161998024631142,0.04215));
#12377=CARTESIAN_POINT('',(-0.0541330056620439,0.0128164691297809,0.0489166666666667));
#12378=CARTESIAN_POINT('',(-0.0507496723287105,0.0161998024631142,0.0523));
#12379=CARTESIAN_POINT('',(-0.0628163389953772,-0.00793353087021911,0.0402333333333334));
#12380=CARTESIAN_POINT('',(-0.0507496723287105,-0.0200001975368858,0.0523));
#12381=CARTESIAN_POINT('',(-0.0537496723287105,-0.0170001975368857,0.04215));
#12382=CARTESIAN_POINT('',(-0.0282496723287105,-0.0170001975368857,0.04215));
#12383=CARTESIAN_POINT('',(-0.0258663389953772,-0.0146168642035524,0.0469166666666667));
#12384=CARTESIAN_POINT('',(-0.0282496723287106,0.0161998024631142,0.0493));
#12385=CARTESIAN_POINT('',(-0.0292496723287106,0.0141998024631142,0.0503));
#12386=CARTESIAN_POINT('',(-0.0312496723287106,0.0161998024631142,0.0523));
#12387=CARTESIAN_POINT('',(-0.0312496723287106,0.0161998024631142,0.04215));
#12388=CARTESIAN_POINT('',(0.0227503276712894,0.0131998024631142,0.04215));
#12389=CARTESIAN_POINT('',(0.0251336610046228,0.0108164691297809,0.0469166666666667));
#12390=CARTESIAN_POINT('',(0.0227503276712894,0.0161998024631142,0.0493));
#12391=CARTESIAN_POINT('',(0.0338169943379562,-0.00593353087021905,0.0382333333333333));
#12392=CARTESIAN_POINT('',(0.0197503276712895,0.0161998024631142,0.0523));
#12393=CARTESIAN_POINT('',(0.0197503276712895,-0.0200001975368857,0.04215));
#12394=CARTESIAN_POINT('',(0.000250327671289477,-0.0200001975368857,0.04215));
#12395=CARTESIAN_POINT('',(-0.00313300566204386,-0.0166168642035524,0.0489166666666667));
#12396=CARTESIAN_POINT('',(0.000250327671289461,0.0161998024631142,0.0523));
#12397=CARTESIAN_POINT('',(0.000250327671289475,-0.0200001975368857,0.0523));
#12398=CARTESIAN_POINT('',(0.000250327671289465,0.0161998024631142,0.0523));
#12399=CARTESIAN_POINT('',(-0.00274967232871053,0.0131998024631142,0.04215));
#12400=CARTESIAN_POINT('',(-0.04,0.05,0.086));
#12401=CARTESIAN_POINT('',(0.01,0.05,0.086));
#12402=CARTESIAN_POINT('',(0.01,0.05,0.056));
#12403=CARTESIAN_POINT('',(-0.04,0.05,0.056));
#12404=CARTESIAN_POINT('',(-0.0507496723287105,-0.0200001975368858,0.0558));
#12405=CARTESIAN_POINT('',(-0.0507496723287105,0.0071998024631142,0.0558));
#12406=CARTESIAN_POINT('',(-0.0507496723287105,0.00719980246311421,0.0528));
#12407=CARTESIAN_POINT('',(-0.0507496723287105,0.00719980246311421,0.0523));
#12408=CARTESIAN_POINT('',(-0.0507496723287105,0.0161998024631142,0.0528));
#12409=CARTESIAN_POINT('',(-0.0507496723287105,0.00719980246311421,0.0523));
#12410=CARTESIAN_POINT('',(-0.0312496723287106,0.0161998024631142,0.0558));
#12411=CARTESIAN_POINT('',(-0.0312496723287106,0.00719980246311421,0.0528));
#12412=CARTESIAN_POINT('',(-0.0312496723287106,0.00719980246311421,0.0528));
#12413=CARTESIAN_POINT('',(-0.0312496723287106,0.00719980246311421,0.0558));
#12414=CARTESIAN_POINT('',(-0.0312496723287106,0.00719980246311421,0.0523));
#12415=CARTESIAN_POINT('',(-0.0312496723287106,0.00719980246311421,0.0523));
#12416=CARTESIAN_POINT('',(-0.0409996723287105,0.0161998024631142,0.0558));
#12417=CARTESIAN_POINT('',(-0.0409996723287105,0.0131998024631142,0.0558));
#12418=CARTESIAN_POINT('',(-0.0342496723287105,0.0131998024631142,0.0558));
#12419=CARTESIAN_POINT('',(-0.0477496723287105,0.0131998024631142,0.0558));
#12420=CARTESIAN_POINT('',(-0.0477496723287105,0.00719980246311421,0.0558));
#12421=CARTESIAN_POINT('',(-0.0477496723287105,0.0071998024631142,0.0558));
#12422=CARTESIAN_POINT('',(-0.0409996723287105,0.00719980246311421,0.0558));
#12423=CARTESIAN_POINT('',(-0.0342496723287105,0.00719980246311421,0.0558));
#12424=CARTESIAN_POINT('',(-0.0342496723287105,0.0161998024631142,0.0558));
#12425=CARTESIAN_POINT('',(0.0197503276712895,0.0161998024631142,0.0558));
#12426=CARTESIAN_POINT('',(0.0197503276712895,0.00719980246311424,0.0528));
#12427=CARTESIAN_POINT('',(0.0197503276712895,0.00719980246311424,0.0528));
#12428=CARTESIAN_POINT('',(0.0197503276712895,0.00719980246311424,0.05405));
#12429=CARTESIAN_POINT('',(0.0197503276712895,0.00719980246311424,0.0523));
#12430=CARTESIAN_POINT('',(0.0197503276712895,0.00719980246311424,0.0523));
#12431=CARTESIAN_POINT('',(0.000250327671289475,-0.0200001975368858,0.0558));
#12432=CARTESIAN_POINT('',(0.000250327671289465,0.00719980246311423,0.05405));
#12433=CARTESIAN_POINT('',(0.000250327671289465,0.00719980246311423,0.0523));
#12434=CARTESIAN_POINT('',(0.000250327671289465,0.00719980246311423,0.0528));
#12435=CARTESIAN_POINT('',(0.000250327671289461,0.0161998024631142,0.0528));
#12436=CARTESIAN_POINT('',(0.000250327671289465,0.00719980246311423,0.0523));
#12437=CARTESIAN_POINT('',(0.0100003276712895,0.0161998024631142,0.0558));
#12438=CARTESIAN_POINT('',(0.0100003276712895,0.00719980246311423,0.0558));
#12439=CARTESIAN_POINT('',(0.00325032767128946,0.00719980246311423,0.0558));
#12440=CARTESIAN_POINT('',(0.0167503276712894,0.00719980246311424,0.0558));
#12441=CARTESIAN_POINT('',(0.0167503276712894,0.0161998024631142,0.0558));
#12442=CARTESIAN_POINT('',(0.0167503276712894,0.0131998024631142,0.0558));
#12443=CARTESIAN_POINT('',(0.0100003276712895,0.0131998024631142,0.0558));
#12444=CARTESIAN_POINT('',(0.00325032767128946,0.0131998024631142,0.0558));
#12445=CARTESIAN_POINT('',(0.00325032767128946,0.00719980246311423,0.0558));
#12446=CARTESIAN_POINT('',(-0.0409996723287105,0.00719980246311422,0.0523));
#12447=CARTESIAN_POINT('',(-0.0409996723287105,0.00719980246311422,0.0523));
#12448=CARTESIAN_POINT('',(-0.0162496723287105,0.00719980246311423,0.04465));
#12449=CARTESIAN_POINT('',(-0.0375746723287105,0.00719980246311421,0.065975));
#12450=CARTESIAN_POINT('',(-0.0196746723287105,0.00719980246311423,0.041225));
#12451=CARTESIAN_POINT('',(0.0100003276712895,0.00719980246311423,0.0523));
#12452=CARTESIAN_POINT('',(0.0100003276712895,0.00719980246311423,0.0523));
#12453=CARTESIAN_POINT('',(-0.0162496723287105,0.00719980246311423,0.04465));
#12454=CARTESIAN_POINT('',(0.00582532767128949,0.00719980246311422,0.066725));
#12455=CARTESIAN_POINT('',(-0.0120746723287105,0.00719980246311423,0.040475));
#12456=CARTESIAN_POINT('',(-0.0342496723287105,0.0161998024631142,0.0558));
#12457=CARTESIAN_POINT('',(-0.0332496723287105,0.0141998024631142,0.0548));
#12458=CARTESIAN_POINT('',(-0.0409996723287105,0.0131998024631142,0.0558));
#12459=CARTESIAN_POINT('',(-0.0454996723287105,0.0109498024631142,0.05805));
#12460=CARTESIAN_POINT('',(-0.0477496723287105,0.0161998024631142,0.0558));
#12461=CARTESIAN_POINT('',(0.00325032767128946,0.0161998024631142,0.0558));
#12462=CARTESIAN_POINT('',(0.00225032767128946,0.0141998024631142,0.0548));
#12463=CARTESIAN_POINT('',(0.0100003276712895,0.0161998024631142,0.0528));
#12464=CARTESIAN_POINT('',(0.0165003276712894,0.0129498024631142,0.05605));
#12465=CARTESIAN_POINT('',(0.0167503276712894,0.0161998024631142,0.0558));
#12466=CARTESIAN_POINT('',(0.,0.,0.));
#12467=CARTESIAN_POINT('',(-0.0297496723287105,0.100900197536886,-0.017));
#12468=CARTESIAN_POINT('',(-0.0297496723287105,0.100900197536886,-0.0358));
#12469=CARTESIAN_POINT('',(-0.0297496723287105,0.0688001975368858,-0.0358));
#12470=CARTESIAN_POINT('',(-0.0297496723287105,0.133000197536886,-0.0358));
#12471=CARTESIAN_POINT('',(-0.0297496723287105,0.133000197536886,-0.017));
#12472=CARTESIAN_POINT('',(-0.0297496723287105,0.133000197536886,-0.017));
#12473=CARTESIAN_POINT('',(-0.0297496723287105,0.100900197536886,-0.017));
#12474=CARTESIAN_POINT('',(-0.0297496723287105,0.0688001975368858,-0.017));
#12475=CARTESIAN_POINT('',(-0.0297496723287105,0.0688001975368858,-0.017));
#12476=CARTESIAN_POINT('',(-0.0409996723287105,0.0688001975368858,-0.017));
#12477=CARTESIAN_POINT('',(-0.0409996723287105,0.0688001975368858,-0.0358));
#12478=CARTESIAN_POINT('',(-0.0522496723287105,0.0688001975368858,-0.0358));
#12479=CARTESIAN_POINT('',(-0.0409996723287105,0.0688001975368858,-0.017));
#12480=CARTESIAN_POINT('',(-0.0522496723287105,0.0688001975368858,-0.017));
#12481=CARTESIAN_POINT('',(-0.0522496723287105,0.0688001975368858,-0.017));
#12482=CARTESIAN_POINT('',(-0.0522496723287105,0.100900197536886,-0.017));
#12483=CARTESIAN_POINT('',(-0.0522496723287105,0.100900197536886,-0.0358));
#12484=CARTESIAN_POINT('',(-0.0522496723287105,0.133000197536886,-0.0358));
#12485=CARTESIAN_POINT('',(-0.0522496723287105,0.100900197536886,-0.017));
#12486=CARTESIAN_POINT('',(-0.0522496723287105,0.133000197536886,-0.017));
#12487=CARTESIAN_POINT('',(-0.0522496723287105,0.133000197536886,-0.017));
#12488=CARTESIAN_POINT('',(-0.0409996723287105,0.133000197536886,-0.017));
#12489=CARTESIAN_POINT('',(-0.0409996723287105,0.133000197536886,-0.0358));
#12490=CARTESIAN_POINT('',(-0.0409996723287105,0.133000197536886,-0.017));
#12491=CARTESIAN_POINT('',(-0.0409996723287105,0.100900197536886,-0.017));
#12492=CARTESIAN_POINT('',(-0.0409996723287105,0.0800001975368858,-0.017));
#12493=CARTESIAN_POINT('',(-0.0419496723287105,0.0800001975368858,-0.017));
#12494=CARTESIAN_POINT('',(-0.0409996723287105,0.100900197536886,-0.0358));
#12495=CARTESIAN_POINT('',(-0.0409996723287105,0.0800001975368858,-0.005));
#12496=CARTESIAN_POINT('',(-0.0409996723287105,0.0800001975368858,-0.005));
#12497=CARTESIAN_POINT('',(-0.0419496723287105,0.0800001975368858,-0.005));
#12498=CARTESIAN_POINT('',(-0.0409996723287105,0.100900197536886,-0.005));
#12499=CARTESIAN_POINT('',(0.,0.,0.));
#12500=CARTESIAN_POINT('',(0.0099999999999998,-2.37501353931281E-17,-0.001));
#12501=CARTESIAN_POINT('',(0.01,9.59210247924455E-18,-1.99493199737333E-16));
#12502=CARTESIAN_POINT('',(-0.0009999999999998,5.77571083209564E-18,-1.99493199737333E-16));
#12503=CARTESIAN_POINT('',(0.01,9.59210247924455E-18,0.0130000000000002));
#12504=CARTESIAN_POINT('',(0.0209999999999998,1.34084941263935E-17,0.0130000000000002));
#12505=CARTESIAN_POINT('',(0.01,9.59210247924455E-18,-0.001));
#12506=CARTESIAN_POINT('',(0.01,9.59210247924455E-18,0.004));
#12507=CARTESIAN_POINT('',(-0.005,4.38793205131413E-18,0.004));
#12508=CARTESIAN_POINT('',(0.01,9.59210247924455E-18,0.009));
#12509=CARTESIAN_POINT('',(-0.005,4.38793205131413E-18,0.009));
#12510=CARTESIAN_POINT('',(0.01,9.59210247924455E-18,0.004));
#12511=CARTESIAN_POINT('',(0.01,9.59210247924455E-18,0.014));
#12512=CARTESIAN_POINT('',(0.,0.,0.));
#12513=CARTESIAN_POINT('',(-0.0297496723287105,-0.0209001975368858,0.0523));
#12514=CARTESIAN_POINT('',(-0.0297496723287105,-0.0209001975368858,0.0335));
#12515=CARTESIAN_POINT('',(-0.0297496723287105,0.0111998024631142,0.0335));
#12516=CARTESIAN_POINT('',(-0.0297496723287105,-0.0530001975368858,0.0335));
#12517=CARTESIAN_POINT('',(-0.0297496723287105,0.0111998024631142,0.0523));
#12518=CARTESIAN_POINT('',(-0.0297496723287105,0.0111998024631142,0.0523));
#12519=CARTESIAN_POINT('',(-0.0297496723287105,-0.0209001975368858,0.0523));
#12520=CARTESIAN_POINT('',(-0.0297496723287105,-0.0530001975368858,0.0523));
#12521=CARTESIAN_POINT('',(-0.0297496723287105,-0.0530001975368858,0.0523));
#12522=CARTESIAN_POINT('',(-0.0409996723287105,0.0111998024631142,0.0523));
#12523=CARTESIAN_POINT('',(-0.0409996723287105,0.0111998024631142,0.0335));
#12524=CARTESIAN_POINT('',(-0.0522496723287105,0.0111998024631142,0.0335));
#12525=CARTESIAN_POINT('',(-0.0522496723287105,0.0111998024631142,0.0523));
#12526=CARTESIAN_POINT('',(-0.0522496723287105,0.0111998024631142,0.0523));
#12527=CARTESIAN_POINT('',(-0.0409996723287105,0.0111998024631142,0.0523));
#12528=CARTESIAN_POINT('',(-0.0522496723287105,-0.0209001975368858,0.0523));
#12529=CARTESIAN_POINT('',(-0.0522496723287105,-0.0209001975368858,0.0335));
#12530=CARTESIAN_POINT('',(-0.0522496723287105,-0.0530001975368858,0.0335));
#12531=CARTESIAN_POINT('',(-0.0522496723287105,-0.0530001975368859,0.0523));
#12532=CARTESIAN_POINT('',(-0.0522496723287105,-0.0530001975368859,0.0523));
#12533=CARTESIAN_POINT('',(-0.0522496723287105,-0.0209001975368858,0.0523));
#12534=CARTESIAN_POINT('',(-0.0409996723287105,-0.0530001975368858,0.0523));
#12535=CARTESIAN_POINT('',(-0.0409996723287105,-0.0530001975368858,0.0335));
#12536=CARTESIAN_POINT('',(-0.0409996723287105,-0.0530001975368858,0.0523));
#12537=CARTESIAN_POINT('',(-0.0409996723287105,-0.0209001975368858,0.0523));
#12538=CARTESIAN_POINT('',(-0.0409996723287105,-1.97536885793159E-7,0.0523));
#12539=CARTESIAN_POINT('',(-0.0419496723287105,-1.97536885793568E-7,0.0523));
#12540=CARTESIAN_POINT('',(-0.0409996723287105,-0.0209001975368858,0.0335));
#12541=CARTESIAN_POINT('',(-0.0409996723287105,-1.97536885807037E-7,0.0643));
#12542=CARTESIAN_POINT('',(-0.0409996723287105,-1.97536885807037E-7,0.0643));
#12543=CARTESIAN_POINT('',(-0.0419496723287105,-1.97536885807446E-7,0.0643));
#12544=CARTESIAN_POINT('',(-0.0409996723287105,-0.0209001975368858,0.0643));
#12545=CARTESIAN_POINT('',(0.,0.,0.));
#12546=CARTESIAN_POINT('',(0.09,-0.1714,-0.01495));
#12547=CARTESIAN_POINT('',(0.0914334717981812,-0.167665678294011,-0.03945));
#12548=CARTESIAN_POINT('',(0.0914334717981812,-0.167665678294011,-0.0397149607144022));
#12549=CARTESIAN_POINT('',(0.0916568336027028,-0.167749645094832,-0.03995));
#12550=CARTESIAN_POINT('',(0.0918903143964076,-0.167874845892343,-0.03995));
#12551=CARTESIAN_POINT('',(0.0914334717981812,-0.167665678294011,-0.03945));
#12552=CARTESIAN_POINT('',(0.0918903143964076,-0.167874845892343,-0.03995));
#12553=CARTESIAN_POINT('',(0.09,-0.1714,-0.03995));
#12554=CARTESIAN_POINT('',(0.0881116931419221,-0.167873770113885,-0.03995));
#12555=CARTESIAN_POINT('',(0.0881116931419221,-0.167873770113884,-0.03995));
#12556=CARTESIAN_POINT('',(0.0883446527518154,-0.167749019532321,-0.03995));
#12557=CARTESIAN_POINT('',(0.0885665282018188,-0.167665678294011,-0.0397142601455253));
#12558=CARTESIAN_POINT('',(0.0885665282018188,-0.167665678294011,-0.03945));
#12559=CARTESIAN_POINT('',(0.0885665282018188,-0.167665678294011,-0.03945));
#12560=CARTESIAN_POINT('',(0.0885665282018188,-0.167665678294011,-0.02695));
#12561=CARTESIAN_POINT('',(0.0885665282018188,-0.167665678294011,-0.02745));
#12562=CARTESIAN_POINT('',(0.0885665282018188,-0.167665678294011,-0.02745));
#12563=CARTESIAN_POINT('',(0.0885665282018188,-0.167665678294011,-0.0271857293871787));
#12564=CARTESIAN_POINT('',(0.088344668189088,-0.167749011265615,-0.0269500000000001));
#12565=CARTESIAN_POINT('',(0.0881116931419221,-0.167873770113884,-0.02695));
#12566=CARTESIAN_POINT('',(0.0881116931419221,-0.167873770113885,-0.02695));
#12567=CARTESIAN_POINT('',(0.09,-0.1714,-0.02695));
#12568=CARTESIAN_POINT('',(0.0872315184881694,-0.168512871648393,-0.02695));
#12569=CARTESIAN_POINT('',(0.0872315184881694,-0.168512871648393,-0.02695));
#12570=CARTESIAN_POINT('',(0.087040302138312,-0.168696229942473,-0.0269499999999998));
#12571=CARTESIAN_POINT('',(0.0868914161541721,-0.1688827184358,-0.0271850297767353));
#12572=CARTESIAN_POINT('',(0.0868914161541721,-0.1688827184358,-0.02745));
#12573=CARTESIAN_POINT('',(0.0868914161541721,-0.1688827184358,-0.02745));
#12574=CARTESIAN_POINT('',(0.0868914161541721,-0.1688827184358,-0.02695));
#12575=CARTESIAN_POINT('',(0.0868914161541721,-0.1688827184358,-0.03945));
#12576=CARTESIAN_POINT('',(0.0868914161541721,-0.1688827184358,-0.03945));
#12577=CARTESIAN_POINT('',(0.0868914161541721,-0.1688827184358,-0.0397149607144021));
#12578=CARTESIAN_POINT('',(0.087040295920737,-0.168696235904536,-0.0399500000000002));
#12579=CARTESIAN_POINT('',(0.0872315184881694,-0.168512871648393,-0.03995));
#12580=CARTESIAN_POINT('',(0.0872315184881694,-0.168512871648393,-0.03995));
#12581=CARTESIAN_POINT('',(0.09,-0.1714,-0.03995));
#12582=CARTESIAN_POINT('',(0.0860628371791141,-0.172106221581257,-0.03995));
#12583=CARTESIAN_POINT('',(0.0860628371791141,-0.172106221581257,-0.03995));
#12584=CARTESIAN_POINT('',(0.0860161808040673,-0.171846113776473,-0.0399499999999999));
#12585=CARTESIAN_POINT('',(0.0860054818609817,-0.171609343824972,-0.0397142601455252));
#12586=CARTESIAN_POINT('',(0.0860054818609817,-0.171609343824972,-0.03945));
#12587=CARTESIAN_POINT('',(0.0860054818609817,-0.171609343824972,-0.03945));
#12588=CARTESIAN_POINT('',(0.0860054818609817,-0.171609343824972,-0.02695));
#12589=CARTESIAN_POINT('',(0.0860054818609817,-0.171609343824972,-0.02745));
#12590=CARTESIAN_POINT('',(0.0860054818609817,-0.171609343824972,-0.02745));
#12591=CARTESIAN_POINT('',(0.0860054818609817,-0.171609343824972,-0.027185729387179));
#12592=CARTESIAN_POINT('',(0.0860161777123417,-0.171846096540202,-0.02695));
#12593=CARTESIAN_POINT('',(0.0860628371791141,-0.172106221581257,-0.02695));
#12594=CARTESIAN_POINT('',(0.0860628371791141,-0.172106221581257,-0.02695));
#12595=CARTESIAN_POINT('',(0.09,-0.1714,-0.02695));
#12596=CARTESIAN_POINT('',(0.0863986699320553,-0.173140810656481,-0.02695));
#12597=CARTESIAN_POINT('',(0.0863986699320553,-0.173140810656481,-0.02695));
#12598=CARTESIAN_POINT('',(0.0865139649307483,-0.173379329040965,-0.0269500000000001));
#12599=CARTESIAN_POINT('',(0.0866453177282183,-0.17357855614006,-0.0271850297767353));
#12600=CARTESIAN_POINT('',(0.0866453177282183,-0.17357855614006,-0.02745));
#12601=CARTESIAN_POINT('',(0.0866453177282183,-0.17357855614006,-0.02745));
#12602=CARTESIAN_POINT('',(0.0866453177282183,-0.17357855614006,-0.02695));
#12603=CARTESIAN_POINT('',(0.0866453177282183,-0.17357855614006,-0.03945));
#12604=CARTESIAN_POINT('',(0.0866453177282183,-0.17357855614006,-0.03945));
#12605=CARTESIAN_POINT('',(0.0866453177282183,-0.17357855614006,-0.0397149607144021));
#12606=CARTESIAN_POINT('',(0.0865139686796709,-0.173379336796609,-0.0399499999999999));
#12607=CARTESIAN_POINT('',(0.0863986699320553,-0.173140810656481,-0.03995));
#12608=CARTESIAN_POINT('',(0.0863986699320554,-0.173140810656481,-0.03995));
#12609=CARTESIAN_POINT('',(0.09,-0.1714,-0.03995));
#12610=CARTESIAN_POINT('',(0.089455006415528,-0.175362698826921,-0.03995));
#12611=CARTESIAN_POINT('',(0.089455006415528,-0.175362698826921,-0.03995));
#12612=CARTESIAN_POINT('',(0.0891932115800638,-0.175326693944389,-0.0399500000000001));
#12613=CARTESIAN_POINT('',(0.0889647238195899,-0.175263703305156,-0.0397142601455254));
#12614=CARTESIAN_POINT('',(0.0889647238195899,-0.175263703305156,-0.03945));
#12615=CARTESIAN_POINT('',(0.0889647238195899,-0.175263703305156,-0.03945));
#12616=CARTESIAN_POINT('',(0.0889647238195899,-0.175263703305156,-0.02695));
#12617=CARTESIAN_POINT('',(0.0889647238195899,-0.175263703305156,-0.02745));
#12618=CARTESIAN_POINT('',(0.0889647238195899,-0.175263703305156,-0.02745));
#12619=CARTESIAN_POINT('',(0.0889647238195899,-0.175263703305156,-0.0271857293871788));
#12620=CARTESIAN_POINT('',(0.0891931942319998,-0.175326691558494,-0.02695));
#12621=CARTESIAN_POINT('',(0.089455006415528,-0.175362698826921,-0.02695));
#12622=CARTESIAN_POINT('',(0.089455006415528,-0.175362698826921,-0.02695));
#12623=CARTESIAN_POINT('',(0.09,-0.1714,-0.02695));
#12624=CARTESIAN_POINT('',(0.0905427371251339,-0.17536300850529,-0.02695));
#12625=CARTESIAN_POINT('',(0.0905427371251339,-0.17536300850529,-0.02695));
#12626=CARTESIAN_POINT('',(0.0908052097029164,-0.175327062679763,-0.02695));
#12627=CARTESIAN_POINT('',(0.0910352761804101,-0.175263703305157,-0.0271850297767354));
#12628=CARTESIAN_POINT('',(0.0910352761804101,-0.175263703305157,-0.02745));
#12629=CARTESIAN_POINT('',(0.0910352761804101,-0.175263703305156,-0.02745));
#12630=CARTESIAN_POINT('',(0.0910352761804101,-0.175263703305156,-0.02695));
#12631=CARTESIAN_POINT('',(0.0910352761804101,-0.175263703305156,-0.03945));
#12632=CARTESIAN_POINT('',(0.0910352761804101,-0.175263703305157,-0.03945));
#12633=CARTESIAN_POINT('',(0.0910352761804101,-0.175263703305157,-0.0397149607144021));
#12634=CARTESIAN_POINT('',(0.090805218237453,-0.175327061510952,-0.03995));
#12635=CARTESIAN_POINT('',(0.0905427371251339,-0.17536300850529,-0.03995));
#12636=CARTESIAN_POINT('',(0.0905427371251339,-0.17536300850529,-0.03995));
#12637=CARTESIAN_POINT('',(0.09,-0.1714,-0.03995));
#12638=CARTESIAN_POINT('',(0.0936003382620316,-0.173142860980959,-0.03995));
#12639=CARTESIAN_POINT('',(0.0936003382620316,-0.173142860980959,-0.03995));
#12640=CARTESIAN_POINT('',(0.0934851965306823,-0.173380716544577,-0.0399500000000001));
#12641=CARTESIAN_POINT('',(0.0933546822717817,-0.17357855614006,-0.0397142601455253));
#12642=CARTESIAN_POINT('',(0.0933546822717817,-0.17357855614006,-0.03945));
#12643=CARTESIAN_POINT('',(0.0933546822717817,-0.17357855614006,-0.03945));
#12644=CARTESIAN_POINT('',(0.0933546822717817,-0.17357855614006,-0.02695));
#12645=CARTESIAN_POINT('',(0.0933546822717817,-0.17357855614006,-0.02745));
#12646=CARTESIAN_POINT('',(0.0933546822717817,-0.17357855614006,-0.02745));
#12647=CARTESIAN_POINT('',(0.0933546822717817,-0.17357855614006,-0.0271857293871788));
#12648=CARTESIAN_POINT('',(0.0934851889007148,-0.173380732306284,-0.0269500000000001));
#12649=CARTESIAN_POINT('',(0.0936003382620316,-0.173142860980959,-0.02695));
#12650=CARTESIAN_POINT('',(0.0936003382620316,-0.173142860980959,-0.02695));
#12651=CARTESIAN_POINT('',(0.09,-0.1714,-0.02695));
#12652=CARTESIAN_POINT('',(0.0939367600582338,-0.172108463297493,-0.02695));
#12653=CARTESIAN_POINT('',(0.0939367600582338,-0.172108463297493,-0.02695));
#12654=CARTESIAN_POINT('',(0.0939836820337252,-0.17184772917108,-0.02695));
#12655=CARTESIAN_POINT('',(0.0939945181390183,-0.171609343824972,-0.0271850297767355));
#12656=CARTESIAN_POINT('',(0.0939945181390183,-0.171609343824972,-0.02745));
#12657=CARTESIAN_POINT('',(0.0939945181390183,-0.171609343824972,-0.02745));
#12658=CARTESIAN_POINT('',(0.0939945181390183,-0.171609343824972,-0.02695));
#12659=CARTESIAN_POINT('',(0.0939945181390183,-0.171609343824972,-0.03945));
#12660=CARTESIAN_POINT('',(0.0939945181390183,-0.171609343824972,-0.03945));
#12661=CARTESIAN_POINT('',(0.0939945181390183,-0.171609343824972,-0.0397149607144019));
#12662=CARTESIAN_POINT('',(0.0939836835594362,-0.17184772069307,-0.03995));
#12663=CARTESIAN_POINT('',(0.0939367600582338,-0.172108463297493,-0.03995));
#12664=CARTESIAN_POINT('',(0.0939367600582338,-0.172108463297493,-0.03995));
#12665=CARTESIAN_POINT('',(0.09,-0.1714,-0.03995));
#12666=CARTESIAN_POINT('',(0.0927701250014043,-0.168514448496977,-0.03995));
#12667=CARTESIAN_POINT('',(0.0927701250014043,-0.168514448496977,-0.03995));
#12668=CARTESIAN_POINT('',(0.0929607583333712,-0.168697456202239,-0.0399500000000001));
#12669=CARTESIAN_POINT('',(0.0931085838458279,-0.1688827184358,-0.0397142601455253));
#12670=CARTESIAN_POINT('',(0.0931085838458279,-0.1688827184358,-0.03945));
#12671=CARTESIAN_POINT('',(0.0931085838458279,-0.1688827184358,-0.03945));
#12672=CARTESIAN_POINT('',(0.0931085838458279,-0.1688827184358,-0.02695));
#12673=CARTESIAN_POINT('',(0.0931085838458279,-0.1688827184358,-0.02745));
#12674=CARTESIAN_POINT('',(0.0931085838458279,-0.1688827184358,-0.02745));
#12675=CARTESIAN_POINT('',(0.0931085838458279,-0.1688827184358,-0.0271857293871789));
#12676=CARTESIAN_POINT('',(0.0929607709658558,-0.168697468329405,-0.02695));
#12677=CARTESIAN_POINT('',(0.0927701250014043,-0.168514448496977,-0.02695));
#12678=CARTESIAN_POINT('',(0.0927701250014043,-0.168514448496977,-0.02695));
#12679=CARTESIAN_POINT('',(0.09,-0.1714,-0.02695));
#12680=CARTESIAN_POINT('',(0.0918903143964076,-0.167874845892343,-0.02695));
#12681=CARTESIAN_POINT('',(0.0918903143964076,-0.167874845892343,-0.02695));
#12682=CARTESIAN_POINT('',(0.0916568411942981,-0.167749649165719,-0.02695));
#12683=CARTESIAN_POINT('',(0.0914334717981812,-0.167665678294011,-0.0271850297767353));
#12684=CARTESIAN_POINT('',(0.0914334717981812,-0.167665678294011,-0.02745));
#12685=CARTESIAN_POINT('',(0.0914334717981812,-0.167665678294011,-0.02745));
#12686=CARTESIAN_POINT('',(0.0914334717981812,-0.167665678294011,-0.02695));
#12687=CARTESIAN_POINT('',(0.09,-0.1714,-0.00895));
#12688=CARTESIAN_POINT('',(0.094,-0.1714,-0.00895));
#12689=CARTESIAN_POINT('',(0.09,-0.1714,-0.03995));
#12690=CARTESIAN_POINT('',(0.0901831522810148,-0.171094461286629,-0.03995));
#12691=CARTESIAN_POINT('',(0.0996129538548664,-0.176747066315673,-0.03995));
#12692=CARTESIAN_POINT('',(0.0926113491957009,-0.182103953801821,-0.03995));
#12693=CARTESIAN_POINT('',(0.092606093522799,-0.182086827244342,-0.03995));
#12694=CARTESIAN_POINT('',(0.09,-0.1714,-0.03995));
#12695=CARTESIAN_POINT('',(0.0879018623241604,-0.182198046966615,-0.03995));
#12696=CARTESIAN_POINT('',(0.0879972322185167,-0.18170722664995,-0.03995));
#12697=CARTESIAN_POINT('',(0.0878852654038743,-0.1821945288482,-0.03995));
#12698=CARTESIAN_POINT('',(0.0903471817517238,-0.171479771515462,-0.03995));
#12699=CARTESIAN_POINT('',(0.0806268862663744,-0.17719124430066,-0.03995));
#12700=CARTESIAN_POINT('',(0.0806415504982227,-0.177180953461384,-0.03995));
#12701=CARTESIAN_POINT('',(0.09,-0.1714,-0.03995));
#12702=CARTESIAN_POINT('',(0.0790800302418885,-0.172724484987429,-0.03995));
#12703=CARTESIAN_POINT('',(0.0900314178418243,-0.171754840221261,-0.03995));
#12704=CARTESIAN_POINT('',(0.0815957479365001,-0.164275232013141,-0.03995));
#12705=CARTESIAN_POINT('',(0.0816100666031031,-0.164285998482174,-0.03995));
#12706=CARTESIAN_POINT('',(0.09,-0.1714,-0.03995));
#12707=CARTESIAN_POINT('',(0.0853658836886533,-0.161423779973712,-0.03995));
#12708=CARTESIAN_POINT('',(0.0896722355423767,-0.171539531801852,-0.03995));
#12709=CARTESIAN_POINT('',(0.0941790003083612,-0.161205406921503,-0.03995));
#12710=CARTESIAN_POINT('',(0.0941731854991472,-0.161222351804581,-0.03995));
#12711=CARTESIAN_POINT('',(0.09,-0.1714,-0.03995));
#12712=CARTESIAN_POINT('',(0.0980559283698792,-0.163909871957078,-0.03995));
#12713=CARTESIAN_POINT('',(0.0897660125830604,-0.171131395174796,-0.03995));
#12714=CARTESIAN_POINT('',(0.100987016293063,-0.172224162962874,-0.03995));
#12715=CARTESIAN_POINT('',(0.100969103876728,-0.172223869007519,-0.03995));
#12716=CARTESIAN_POINT('',(0.09,-0.1714,-0.03995));
#12717=CARTESIAN_POINT('',(0.0918,-0.1714,-0.00895));
#12718=CARTESIAN_POINT('',(0.0918,-0.1714,-0.01495));
#12719=CARTESIAN_POINT('',(0.0918,-0.169455134966122,-0.01495));
#12720=CARTESIAN_POINT('',(0.0918,-0.173344865033877,-0.01495));
#12721=CARTESIAN_POINT('',(0.0918,-0.173344865033877,-0.00895));
#12722=CARTESIAN_POINT('',(0.0918,-0.173344865033877,-0.00895));
#12723=CARTESIAN_POINT('',(0.0918,-0.1714,-0.00895));
#12724=CARTESIAN_POINT('',(0.0918,-0.169455134966122,-0.00895));
#12725=CARTESIAN_POINT('',(0.0918,-0.169455134966122,-0.00895));
#12726=CARTESIAN_POINT('',(0.09,-0.1714,-0.00895));
#12727=CARTESIAN_POINT('',(0.09,-0.1714,-0.01495));
#12728=CARTESIAN_POINT('',(0.0882,-0.173344865033877,-0.01495));
#12729=CARTESIAN_POINT('',(0.0882,-0.173344865033877,-0.00895));
#12730=CARTESIAN_POINT('',(0.0882,-0.173344865033877,-0.00895));
#12731=CARTESIAN_POINT('',(0.09,-0.1714,-0.00895));
#12732=CARTESIAN_POINT('',(0.0882,-0.1714,-0.00895));
#12733=CARTESIAN_POINT('',(0.0882,-0.1714,-0.01495));
#12734=CARTESIAN_POINT('',(0.0882,-0.169455134966122,-0.01495));
#12735=CARTESIAN_POINT('',(0.0882,-0.169455134966122,-0.00895));
#12736=CARTESIAN_POINT('',(0.0882,-0.169455134966122,-0.00895));
#12737=CARTESIAN_POINT('',(0.0882,-0.1714,-0.00895));
#12738=CARTESIAN_POINT('',(0.09,-0.1714,-0.00895));
#12739=CARTESIAN_POINT('',(0.09,-0.1714,-0.01495));
#12740=CARTESIAN_POINT('',(0.09,-0.1714,-0.00895));
#12741=CARTESIAN_POINT('',(0.09,-0.1714,-0.00895));
#12742=CARTESIAN_POINT('',(0.09,-0.1714,-0.01495));
#12743=CARTESIAN_POINT('',(0.0871952841031383,-0.16444458408963,-0.02695));
#12744=CARTESIAN_POINT('',(0.0871952841031383,-0.16444458408963,-0.03945));
#12745=CARTESIAN_POINT('',(0.0858240400044577,-0.161223489885249,-0.03945));
#12746=CARTESIAN_POINT('',(0.0858240400044577,-0.161223489885249,-0.02695));
#12747=CARTESIAN_POINT('',(0.0858240400044578,-0.161223489885249,-0.02745));
#12748=CARTESIAN_POINT('',(0.0885665282018188,-0.167665678294011,-0.02745));
#12749=CARTESIAN_POINT('',(0.0900864039893696,-0.171285088610465,-0.03995));
#12750=CARTESIAN_POINT('',(0.0900864039893696,-0.171285088610465,-0.02745));
#12751=CARTESIAN_POINT('',(0.0812952575012973,-0.164674863716528,-0.02745));
#12752=CARTESIAN_POINT('',(0.0812952575012973,-0.164674863716528,-0.02695));
#12753=CARTESIAN_POINT('',(0.0812952575012973,-0.164674863716528,-0.03945));
#12754=CARTESIAN_POINT('',(0.0868914161541721,-0.1688827184358,-0.03945));
#12755=CARTESIAN_POINT('',(0.09,-0.1714,-0.02695));
#12756=CARTESIAN_POINT('',(0.09,-0.1714,-0.02695));
#12757=CARTESIAN_POINT('',(0.0853658836886533,-0.161423779973712,-0.02695));
#12758=CARTESIAN_POINT('',(0.0816100666031031,-0.164285998482174,-0.02695));
#12759=CARTESIAN_POINT('',(0.0903868944245723,-0.170885456907079,-0.02695));
#12760=CARTESIAN_POINT('',(0.0853639918022845,-0.161419335874938,-0.02695));
#12761=CARTESIAN_POINT('',(0.0903868944245723,-0.170885456907079,-0.02745));
#12762=CARTESIAN_POINT('',(0.0812952575012973,-0.164674863716528,-0.02745));
#12763=CARTESIAN_POINT('',(0.0812952575012973,-0.164674863716528,-0.0271857800922256));
#12764=CARTESIAN_POINT('',(0.0814391908653349,-0.164487521641177,-0.02695));
#12765=CARTESIAN_POINT('',(0.0816100666031031,-0.164285998482174,-0.02695));
#12766=CARTESIAN_POINT('',(0.0903868944245723,-0.170885456907079,-0.03945));
#12767=CARTESIAN_POINT('',(0.0816100666031031,-0.164285998482174,-0.03995));
#12768=CARTESIAN_POINT('',(0.0814391916093174,-0.164487520763757,-0.03995));
#12769=CARTESIAN_POINT('',(0.0812952575012973,-0.164674863716528,-0.0397142211646424));
#12770=CARTESIAN_POINT('',(0.0812952575012973,-0.164674863716528,-0.03945));
#12771=CARTESIAN_POINT('',(0.0867352359009651,-0.164640430079319,-0.03945));
#12772=CARTESIAN_POINT('',(0.0858240400044577,-0.161223489885249,-0.03945));
#12773=CARTESIAN_POINT('',(0.0858240400044577,-0.161223489885249,-0.039714129880948));
#12774=CARTESIAN_POINT('',(0.0856054314902245,-0.161312506127337,-0.03995));
#12775=CARTESIAN_POINT('',(0.0853658836886533,-0.161423779973712,-0.03995));
#12776=CARTESIAN_POINT('',(0.0896722355423767,-0.171539531801852,-0.02745));
#12777=CARTESIAN_POINT('',(0.0853658836886533,-0.161423779973712,-0.02695));
#12778=CARTESIAN_POINT('',(0.0856054293357321,-0.161312507128134,-0.0269500000000001));
#12779=CARTESIAN_POINT('',(0.0858240400044577,-0.161223489885249,-0.0271858715520768));
#12780=CARTESIAN_POINT('',(0.0858240400044577,-0.161223489885249,-0.02745));
#12781=CARTESIAN_POINT('',(0.09,-0.1714,-0.04095));
#12782=CARTESIAN_POINT('',(0.09,-0.1714,-0.02695));
#12783=CARTESIAN_POINT('',(0.0790800302418883,-0.172724484987429,-0.02695));
#12784=CARTESIAN_POINT('',(0.0790800302418883,-0.172724484987429,-0.02695));
#12785=CARTESIAN_POINT('',(0.0790482271528903,-0.172462278338528,-0.02695));
#12786=CARTESIAN_POINT('',(0.07903112113577,-0.172226859396662,-0.0271858715520771));
#12787=CARTESIAN_POINT('',(0.07903112113577,-0.172226859396662,-0.02745));
#12788=CARTESIAN_POINT('',(0.07903112113577,-0.172226859396662,-0.02745));
#12789=CARTESIAN_POINT('',(0.07903112113577,-0.172226859396662,-0.02695));
#12790=CARTESIAN_POINT('',(0.07903112113577,-0.172226859396662,-0.03945));
#12791=CARTESIAN_POINT('',(0.07903112113577,-0.172226859396662,-0.03945));
#12792=CARTESIAN_POINT('',(0.07903112113577,-0.172226859396662,-0.0397141298809478));
#12793=CARTESIAN_POINT('',(0.0790482268668508,-0.172462275980221,-0.0399499999999999));
#12794=CARTESIAN_POINT('',(0.0790800302418883,-0.172724484987429,-0.03995));
#12795=CARTESIAN_POINT('',(0.09,-0.1714,-0.03995));
#12796=CARTESIAN_POINT('',(0.09,-0.1714,-0.04095));
#12797=CARTESIAN_POINT('',(0.09,-0.1714,-0.03995));
#12798=CARTESIAN_POINT('',(0.0941731854991472,-0.161222351804581,-0.03995));
#12799=CARTESIAN_POINT('',(0.0939287231430755,-0.161122113838024,-0.03995));
#12800=CARTESIAN_POINT('',(0.0937060713216125,-0.161043116522857,-0.0397142211646425));
#12801=CARTESIAN_POINT('',(0.0937060713216125,-0.161043116522857,-0.03945));
#12802=CARTESIAN_POINT('',(0.0937060713216125,-0.161043116522857,-0.03945));
#12803=CARTESIAN_POINT('',(0.0937060713216125,-0.161043116522857,-0.02695));
#12804=CARTESIAN_POINT('',(0.0937060713216125,-0.161043116522857,-0.02745));
#12805=CARTESIAN_POINT('',(0.0937060713216125,-0.161043116522857,-0.02745));
#12806=CARTESIAN_POINT('',(0.0937060713216125,-0.161043116522857,-0.0271857800922255));
#12807=CARTESIAN_POINT('',(0.0939287220786967,-0.161122113401592,-0.02695));
#12808=CARTESIAN_POINT('',(0.0941731854991472,-0.161222351804581,-0.02695));
#12809=CARTESIAN_POINT('',(0.0941731854991472,-0.161222351804581,-0.02695));
#12810=CARTESIAN_POINT('',(0.09,-0.1714,-0.02695));
#12811=CARTESIAN_POINT('',(0.0957482887485764,-0.166583214950683,-0.02695));
#12812=CARTESIAN_POINT('',(0.0957482887485764,-0.166583214950683,-0.03945));
#12813=CARTESIAN_POINT('',(0.098387993651325,-0.164283711465565,-0.03945));
#12814=CARTESIAN_POINT('',(0.098387993651325,-0.164283711465565,-0.02695));
#12815=CARTESIAN_POINT('',(0.098387993651325,-0.164283711465565,-0.02745));
#12816=CARTESIAN_POINT('',(0.0931085838458279,-0.1688827184358,-0.02745));
#12817=CARTESIAN_POINT('',(0.0901359875269108,-0.171446665504911,-0.03995));
#12818=CARTESIAN_POINT('',(0.0901359875269108,-0.171446665504911,-0.02745));
#12819=CARTESIAN_POINT('',(0.0914334717981812,-0.167665678294011,-0.03945));
#12820=CARTESIAN_POINT('',(0.09,-0.1714,-0.02695));
#12821=CARTESIAN_POINT('',(0.09,-0.1714,-0.02695));
#12822=CARTESIAN_POINT('',(0.0980559283698792,-0.163909871957078,-0.02695));
#12823=CARTESIAN_POINT('',(0.0906089165136595,-0.171608955903557,-0.02695));
#12824=CARTESIAN_POINT('',(0.0980595703339379,-0.163906699364173,-0.02695));
#12825=CARTESIAN_POINT('',(0.0906089165136595,-0.171608955903557,-0.02745));
#12826=CARTESIAN_POINT('',(0.0906089165136595,-0.171608955903557,-0.03945));
#12827=CARTESIAN_POINT('',(0.0954198654311893,-0.16620620284929,-0.03945));
#12828=CARTESIAN_POINT('',(0.098387993651325,-0.164283711465565,-0.03945));
#12829=CARTESIAN_POINT('',(0.098387993651325,-0.164283711465565,-0.039714129880948));
#12830=CARTESIAN_POINT('',(0.098235780428218,-0.164103309945167,-0.03995));
#12831=CARTESIAN_POINT('',(0.0980559283698792,-0.163909871957078,-0.03995));
#12832=CARTESIAN_POINT('',(0.0897660125830604,-0.171131395174796,-0.02745));
#12833=CARTESIAN_POINT('',(0.0980559283698792,-0.163909871957078,-0.02695));
#12834=CARTESIAN_POINT('',(0.098235778810629,-0.164103308205386,-0.0269500000000001));
#12835=CARTESIAN_POINT('',(0.098387993651325,-0.164283711465565,-0.0271858715520769));
#12836=CARTESIAN_POINT('',(0.098387993651325,-0.164283711465565,-0.02745));
#12837=CARTESIAN_POINT('',(0.09,-0.1714,-0.04095));
#12838=CARTESIAN_POINT('',(0.09,-0.1714,-0.03995));
#12839=CARTESIAN_POINT('',(0.100969103876728,-0.172223869007519,-0.03995));
#12840=CARTESIAN_POINT('',(0.100988892825492,-0.17196039625564,-0.0399500000000001));
#12841=CARTESIAN_POINT('',(0.10099522054019,-0.171724230277076,-0.0397142211646424));
#12842=CARTESIAN_POINT('',(0.10099522054019,-0.171724230277076,-0.03945));
#12843=CARTESIAN_POINT('',(0.10099522054019,-0.171724230277076,-0.03945));
#12844=CARTESIAN_POINT('',(0.10099522054019,-0.171724230277076,-0.02695));
#12845=CARTESIAN_POINT('',(0.10099522054019,-0.171724230277076,-0.02745));
#12846=CARTESIAN_POINT('',(0.10099522054019,-0.171724230277076,-0.02745));
#12847=CARTESIAN_POINT('',(0.10099522054019,-0.171724230277076,-0.0271857800922256));
#12848=CARTESIAN_POINT('',(0.100988892911652,-0.17196039510849,-0.0269499999999999));
#12849=CARTESIAN_POINT('',(0.100969103876728,-0.172223869007519,-0.02695));
#12850=CARTESIAN_POINT('',(0.100969103876728,-0.172223869007519,-0.02695));
#12851=CARTESIAN_POINT('',(0.09,-0.1714,-0.02695));
#12852=CARTESIAN_POINT('',(0.0825183014983758,-0.171918101610817,-0.02695));
#12853=CARTESIAN_POINT('',(0.0860054818609817,-0.171609343824972,-0.02745));
#12854=CARTESIAN_POINT('',(0.0825183014983758,-0.171918101610817,-0.03945));
#12855=CARTESIAN_POINT('',(0.0899174130752831,-0.171282315350662,-0.03995));
#12856=CARTESIAN_POINT('',(0.0899174130752831,-0.171282315350662,-0.02745));
#12857=CARTESIAN_POINT('',(0.0809141019508735,-0.177600520674982,-0.02745));
#12858=CARTESIAN_POINT('',(0.0809141019508735,-0.177600520674982,-0.02695));
#12859=CARTESIAN_POINT('',(0.0809141019508735,-0.177600520674982,-0.03945));
#12860=CARTESIAN_POINT('',(0.0866453177282183,-0.17357855614006,-0.03945));
#12861=CARTESIAN_POINT('',(0.09,-0.1714,-0.02695));
#12862=CARTESIAN_POINT('',(0.0790752190277508,-0.172724910976243,-0.02695));
#12863=CARTESIAN_POINT('',(0.09,-0.1714,-0.02695));
#12864=CARTESIAN_POINT('',(0.0806415504982227,-0.177180953461384,-0.02695));
#12865=CARTESIAN_POINT('',(0.089630197390784,-0.170873038976341,-0.02695));
#12866=CARTESIAN_POINT('',(0.0900314178418243,-0.171754840221261,-0.02745));
#12867=CARTESIAN_POINT('',(0.089630197390784,-0.170873038976341,-0.02745));
#12868=CARTESIAN_POINT('',(0.0809141019508735,-0.177600520674982,-0.02745));
#12869=CARTESIAN_POINT('',(0.0809141019508735,-0.177600520674982,-0.0271857800922254));
#12870=CARTESIAN_POINT('',(0.0807804069048797,-0.177405740026157,-0.02695));
#12871=CARTESIAN_POINT('',(0.0806415504982227,-0.177180953461384,-0.02695));
#12872=CARTESIAN_POINT('',(0.089630197390784,-0.170873038976341,-0.03945));
#12873=CARTESIAN_POINT('',(0.0806415504982227,-0.177180953461384,-0.03995));
#12874=CARTESIAN_POINT('',(0.0807804063003074,-0.17740573904745,-0.03995));
#12875=CARTESIAN_POINT('',(0.0809141019508735,-0.177600520674982,-0.0397142211646426));
#12876=CARTESIAN_POINT('',(0.0809141019508735,-0.177600520674982,-0.03945));
#12877=CARTESIAN_POINT('',(0.0825623993903567,-0.172416153190397,-0.03945));
#12878=CARTESIAN_POINT('',(0.09,-0.1714,-0.04095));
#12879=CARTESIAN_POINT('',(0.09,-0.1714,-0.02695));
#12880=CARTESIAN_POINT('',(0.0879018623241604,-0.182198046966615,-0.02695));
#12881=CARTESIAN_POINT('',(0.0879018623241604,-0.182198046966615,-0.02695));
#12882=CARTESIAN_POINT('',(0.09,-0.1714,-0.03995));
#12883=CARTESIAN_POINT('',(0.0881807719292789,-0.178675620315481,-0.02695));
#12884=CARTESIAN_POINT('',(0.0881807719292789,-0.178675620315481,-0.03945));
#12885=CARTESIAN_POINT('',(0.0875099300202672,-0.181595259835308,-0.03945));
#12886=CARTESIAN_POINT('',(0.0875099300202672,-0.181595259835308,-0.02695));
#12887=CARTESIAN_POINT('',(0.0875099300202672,-0.181595259835308,-0.02745));
#12888=CARTESIAN_POINT('',(0.0889647238195899,-0.175263703305156,-0.02745));
#12889=CARTESIAN_POINT('',(0.0898625544841291,-0.17144217827629,-0.03995));
#12890=CARTESIAN_POINT('',(0.0930893486860262,-0.181957268808558,-0.02695));
#12891=CARTESIAN_POINT('',(0.0930893486860262,-0.181957268808558,-0.02745));
#12892=CARTESIAN_POINT('',(0.0930893486860262,-0.181957268808558,-0.03945));
#12893=CARTESIAN_POINT('',(0.0910352761804101,-0.175263703305156,-0.03945));
#12894=CARTESIAN_POINT('',(0.0898625544841291,-0.17144217827629,-0.02745));
#12895=CARTESIAN_POINT('',(0.09,-0.1714,-0.02695));
#12896=CARTESIAN_POINT('',(0.09,-0.1714,-0.02695));
#12897=CARTESIAN_POINT('',(0.0926060935227989,-0.182086827244342,-0.02695));
#12898=CARTESIAN_POINT('',(0.0893845549938038,-0.171588863269554,-0.02695));
#12899=CARTESIAN_POINT('',(0.0878841222372173,-0.182199504140447,-0.02695));
#12900=CARTESIAN_POINT('',(0.0878852654038743,-0.1821945288482,-0.02695));
#12901=CARTESIAN_POINT('',(0.0879972322185167,-0.18170722664995,-0.02695));
#12902=CARTESIAN_POINT('',(0.0903471817517238,-0.171479771515462,-0.02745));
#12903=CARTESIAN_POINT('',(0.0879972322185167,-0.18170722664995,-0.02745));
#12904=CARTESIAN_POINT('',(0.0886680741275284,-0.178787587130123,-0.03945));
#12905=CARTESIAN_POINT('',(0.0879972322185167,-0.18170722664995,-0.03945));
#12906=CARTESIAN_POINT('',(0.0879972322185167,-0.18170722664995,-0.02695));
#12907=CARTESIAN_POINT('',(0.0893845549938038,-0.171588863269554,-0.03945));
#12908=CARTESIAN_POINT('',(0.092606093522799,-0.182086827244342,-0.03995));
#12909=CARTESIAN_POINT('',(0.0928627861218082,-0.182024230095129,-0.03995));
#12910=CARTESIAN_POINT('',(0.0930893486860262,-0.181957268808558,-0.0397142211646425));
#12911=CARTESIAN_POINT('',(0.0930893486860262,-0.181957268808558,-0.03945));
#12912=CARTESIAN_POINT('',(0.0893845549938038,-0.171588863269554,-0.02745));
#12913=CARTESIAN_POINT('',(0.0930893486860262,-0.181957268808558,-0.02745));
#12914=CARTESIAN_POINT('',(0.0930893486860262,-0.181957268808558,-0.0271857800922255));
#12915=CARTESIAN_POINT('',(0.092862787239437,-0.182024229822584,-0.02695));
#12916=CARTESIAN_POINT('',(0.092606093522799,-0.182086827244342,-0.02695));
#12917=CARTESIAN_POINT('',(0.09,-0.1714,-0.04095));
#12918=CARTESIAN_POINT('',(0.09,-0.1714,-0.03995));
#12919=CARTESIAN_POINT('',(0.09,-0.1714,-0.02695));
#12920=CARTESIAN_POINT('',(0.0996129538548665,-0.176747066315673,-0.02695));
#12921=CARTESIAN_POINT('',(0.0996129538548665,-0.176747066315673,-0.02695));
#12922=CARTESIAN_POINT('',(0.0994845618930628,-0.176977889337362,-0.0269500000000001));
#12923=CARTESIAN_POINT('',(0.0993600251694795,-0.177178401926719,-0.0271858715520768));
#12924=CARTESIAN_POINT('',(0.0993600251694795,-0.177178401926719,-0.02745));
#12925=CARTESIAN_POINT('',(0.0993600251694795,-0.177178401926719,-0.02745));
#12926=CARTESIAN_POINT('',(0.0993600251694795,-0.177178401926719,-0.02695));
#12927=CARTESIAN_POINT('',(0.0993600251694795,-0.177178401926719,-0.03945));
#12928=CARTESIAN_POINT('',(0.0993600251694795,-0.177178401926719,-0.03945));
#12929=CARTESIAN_POINT('',(0.0993600251694795,-0.177178401926719,-0.039714129880948));
#12930=CARTESIAN_POINT('',(0.0994845607382953,-0.176977891413402,-0.0399500000000001));
#12931=CARTESIAN_POINT('',(0.0996129538548665,-0.176747066315673,-0.03995));
#12932=CARTESIAN_POINT('',(0.0963573537206306,-0.17537847903339,-0.02695));
#12933=CARTESIAN_POINT('',(0.0933546822717817,-0.17357855614006,-0.02745));
#12934=CARTESIAN_POINT('',(0.0963573537206306,-0.17537847903339,-0.03945));
#12935=CARTESIAN_POINT('',(0.0899976409243074,-0.171543752257672,-0.03995));
#12936=CARTESIAN_POINT('',(0.0899976409243074,-0.171543752257672,-0.02745));
#12937=CARTESIAN_POINT('',(0.0939945181390183,-0.171609343824972,-0.03945));
#12938=CARTESIAN_POINT('',(0.09,-0.1714,-0.02695));
#12939=CARTESIAN_POINT('',(0.0996170965988094,-0.1767495496442,-0.02695));
#12940=CARTESIAN_POINT('',(0.09,-0.1714,-0.02695));
#12941=CARTESIAN_POINT('',(0.0899894366771803,-0.172043684943469,-0.02695));
#12942=CARTESIAN_POINT('',(0.0901831522810148,-0.171094461286629,-0.02745));
#12943=CARTESIAN_POINT('',(0.0899894366771803,-0.172043684943469,-0.02745));
#12944=CARTESIAN_POINT('',(0.0899894366771803,-0.172043684943469,-0.03945));
#12945=CARTESIAN_POINT('',(0.0966144251499605,-0.17494962675087,-0.03945));
#12946=CARTESIAN_POINT('',(0.09,-0.1714,-0.04095));
#12947=CARTESIAN_POINT('',(0.09,-0.1714,-0.03595));
#12948=CARTESIAN_POINT('',(0.105,-0.1714,-0.03595));
#12949=CARTESIAN_POINT('',(0.09,-0.1714,-0.03095));
#12950=CARTESIAN_POINT('',(0.105,-0.1714,-0.03095));
#12951=CARTESIAN_POINT('',(0.09,-0.1714,-0.03595));
#12952=CARTESIAN_POINT('',(0.09,-0.1714,-0.02595));
#12953=CARTESIAN_POINT('',(0.,0.,0.));
#12954=CARTESIAN_POINT('',(-0.04,-0.1117,-0.001));
#12955=CARTESIAN_POINT('',(-0.04,-0.1117,-1.99493199737333E-16));
#12956=CARTESIAN_POINT('',(-0.0290000000000002,-0.1117,-1.99493199737333E-16));
#12957=CARTESIAN_POINT('',(-0.04,-0.1117,0.0130000000000002));
#12958=CARTESIAN_POINT('',(-0.0509999999999998,-0.1117,0.0130000000000002));
#12959=CARTESIAN_POINT('',(-0.04,-0.1117,-0.001));
#12960=CARTESIAN_POINT('',(-0.04,-0.1117,0.004));
#12961=CARTESIAN_POINT('',(-0.025,-0.1117,0.004));
#12962=CARTESIAN_POINT('',(-0.04,-0.1117,0.009));
#12963=CARTESIAN_POINT('',(-0.025,-0.1117,0.009));
#12964=CARTESIAN_POINT('',(-0.04,-0.1117,0.004));
#12965=CARTESIAN_POINT('',(-0.04,-0.1117,0.014));
#12966=CARTESIAN_POINT('',(0.,0.,0.));
#12967=CARTESIAN_POINT('',(0.01,-0.1714,-0.03995));
#12968=CARTESIAN_POINT('',(0.00976601258306035,-0.171131395174796,-0.03995));
#12969=CARTESIAN_POINT('',(0.0180559283698792,-0.163909871957078,-0.03995));
#12970=CARTESIAN_POINT('',(0.0127701250014043,-0.168514448496977,-0.03995));
#12971=CARTESIAN_POINT('',(0.01,-0.1714,-0.03995));
#12972=CARTESIAN_POINT('',(0.0118903143964076,-0.167874845892343,-0.03995));
#12973=CARTESIAN_POINT('',(0.0141790003083612,-0.161205406921503,-0.03995));
#12974=CARTESIAN_POINT('',(0.0141731854991472,-0.161222351804581,-0.03995));
#12975=CARTESIAN_POINT('',(0.01,-0.1714,-0.03995));
#12976=CARTESIAN_POINT('',(0.01,-0.1714,-0.03995));
#12977=CARTESIAN_POINT('',(0.00967223554237675,-0.171539531801852,-0.03995));
#12978=CARTESIAN_POINT('',(0.00536588368865332,-0.161423779973712,-0.03995));
#12979=CARTESIAN_POINT('',(0.00811169314192212,-0.167873770113884,-0.03995));
#12980=CARTESIAN_POINT('',(0.01,-0.1714,-0.03995));
#12981=CARTESIAN_POINT('',(0.00723151848816935,-0.168512871648393,-0.03995));
#12982=CARTESIAN_POINT('',(0.00159574793650008,-0.164275232013141,-0.03995));
#12983=CARTESIAN_POINT('',(0.00161006660310309,-0.164285998482174,-0.03995));
#12984=CARTESIAN_POINT('',(0.01,-0.1714,-0.03995));
#12985=CARTESIAN_POINT('',(0.01,-0.1714,-0.03995));
#12986=CARTESIAN_POINT('',(0.0100314178418243,-0.171754840221261,-0.03995));
#12987=CARTESIAN_POINT('',(-0.000919969758111524,-0.172724484987429,-0.03995));
#12988=CARTESIAN_POINT('',(0.00606283717911405,-0.172106221581257,-0.03995));
#12989=CARTESIAN_POINT('',(0.01,-0.1714,-0.03995));
#12990=CARTESIAN_POINT('',(0.00639866993205534,-0.173140810656481,-0.03995));
#12991=CARTESIAN_POINT('',(0.000626886266374366,-0.17719124430066,-0.03995));
#12992=CARTESIAN_POINT('',(0.000641550498222679,-0.177180953461384,-0.03995));
#12993=CARTESIAN_POINT('',(0.01,-0.1714,-0.03995));
#12994=CARTESIAN_POINT('',(0.01,-0.1714,-0.03995));
#12995=CARTESIAN_POINT('',(0.0103471817517238,-0.171479771515462,-0.03995));
#12996=CARTESIAN_POINT('',(0.00788526540387425,-0.1821945288482,-0.03995));
#12997=CARTESIAN_POINT('',(0.00945500641552795,-0.175362698826921,-0.03995));
#12998=CARTESIAN_POINT('',(0.01,-0.1714,-0.03995));
#12999=CARTESIAN_POINT('',(0.0105427371251339,-0.17536300850529,-0.03995));
#13000=CARTESIAN_POINT('',(0.0126113491957008,-0.182103953801821,-0.03995));
#13001=CARTESIAN_POINT('',(0.012606093522799,-0.182086827244342,-0.03995));
#13002=CARTESIAN_POINT('',(0.01,-0.1714,-0.03995));
#13003=CARTESIAN_POINT('',(0.00790186232416035,-0.182198046966615,-0.03995));
#13004=CARTESIAN_POINT('',(0.0079972322185167,-0.18170722664995,-0.03995));
#13005=CARTESIAN_POINT('',(0.01,-0.1714,-0.01495));
#13006=CARTESIAN_POINT('',(0.00811169314192212,-0.167873770113884,-0.03995));
#13007=CARTESIAN_POINT('',(0.0083446527518155,-0.167749019532321,-0.03995));
#13008=CARTESIAN_POINT('',(0.0085665282018188,-0.167665678294011,-0.0397142601455254));
#13009=CARTESIAN_POINT('',(0.0085665282018188,-0.167665678294011,-0.03945));
#13010=CARTESIAN_POINT('',(0.0085665282018188,-0.167665678294011,-0.03945));
#13011=CARTESIAN_POINT('',(0.0085665282018188,-0.167665678294011,-0.02695));
#13012=CARTESIAN_POINT('',(0.0085665282018188,-0.167665678294011,-0.02745));
#13013=CARTESIAN_POINT('',(0.0085665282018188,-0.167665678294011,-0.02745));
#13014=CARTESIAN_POINT('',(0.0085665282018188,-0.167665678294011,-0.0271857293871787));
#13015=CARTESIAN_POINT('',(0.00834466818908803,-0.167749011265615,-0.0269500000000001));
#13016=CARTESIAN_POINT('',(0.00811169314192212,-0.167873770113884,-0.02695));
#13017=CARTESIAN_POINT('',(0.00811169314192212,-0.167873770113885,-0.02695));
#13018=CARTESIAN_POINT('',(0.01,-0.1714,-0.02695));
#13019=CARTESIAN_POINT('',(0.00723151848816935,-0.168512871648393,-0.02695));
#13020=CARTESIAN_POINT('',(0.00723151848816935,-0.168512871648393,-0.02695));
#13021=CARTESIAN_POINT('',(0.00704030213831197,-0.168696229942473,-0.0269499999999999));
#13022=CARTESIAN_POINT('',(0.00689141615417212,-0.1688827184358,-0.0271850297767354));
#13023=CARTESIAN_POINT('',(0.00689141615417212,-0.1688827184358,-0.02745));
#13024=CARTESIAN_POINT('',(0.00689141615417211,-0.1688827184358,-0.02745));
#13025=CARTESIAN_POINT('',(0.00689141615417211,-0.1688827184358,-0.02695));
#13026=CARTESIAN_POINT('',(0.00689141615417211,-0.1688827184358,-0.03945));
#13027=CARTESIAN_POINT('',(0.00689141615417211,-0.1688827184358,-0.03945));
#13028=CARTESIAN_POINT('',(0.00689141615417211,-0.1688827184358,-0.0397149607144021));
#13029=CARTESIAN_POINT('',(0.00704029592073697,-0.168696235904536,-0.0399500000000001));
#13030=CARTESIAN_POINT('',(0.00723151848816935,-0.168512871648393,-0.03995));
#13031=CARTESIAN_POINT('',(0.00606283717911405,-0.172106221581257,-0.03995));
#13032=CARTESIAN_POINT('',(0.00601618080406724,-0.171846113776473,-0.0399499999999999));
#13033=CARTESIAN_POINT('',(0.0060054818609817,-0.171609343824972,-0.0397142601455252));
#13034=CARTESIAN_POINT('',(0.0060054818609817,-0.171609343824972,-0.03945));
#13035=CARTESIAN_POINT('',(0.0060054818609817,-0.171609343824972,-0.03945));
#13036=CARTESIAN_POINT('',(0.0060054818609817,-0.171609343824972,-0.02695));
#13037=CARTESIAN_POINT('',(0.0060054818609817,-0.171609343824972,-0.02745));
#13038=CARTESIAN_POINT('',(0.0060054818609817,-0.171609343824972,-0.02745));
#13039=CARTESIAN_POINT('',(0.0060054818609817,-0.171609343824972,-0.0271857293871791));
#13040=CARTESIAN_POINT('',(0.0060161777123417,-0.171846096540202,-0.02695));
#13041=CARTESIAN_POINT('',(0.00606283717911405,-0.172106221581257,-0.02695));
#13042=CARTESIAN_POINT('',(0.00606283717911405,-0.172106221581257,-0.02695));
#13043=CARTESIAN_POINT('',(0.01,-0.1714,-0.02695));
#13044=CARTESIAN_POINT('',(0.00639866993205534,-0.173140810656481,-0.02695));
#13045=CARTESIAN_POINT('',(0.00639866993205534,-0.173140810656481,-0.02695));
#13046=CARTESIAN_POINT('',(0.00651396493074831,-0.173379329040965,-0.0269500000000001));
#13047=CARTESIAN_POINT('',(0.0066453177282183,-0.17357855614006,-0.0271850297767353));
#13048=CARTESIAN_POINT('',(0.0066453177282183,-0.17357855614006,-0.02745));
#13049=CARTESIAN_POINT('',(0.0066453177282183,-0.17357855614006,-0.02745));
#13050=CARTESIAN_POINT('',(0.0066453177282183,-0.17357855614006,-0.02695));
#13051=CARTESIAN_POINT('',(0.0066453177282183,-0.17357855614006,-0.03945));
#13052=CARTESIAN_POINT('',(0.0066453177282183,-0.17357855614006,-0.03945));
#13053=CARTESIAN_POINT('',(0.0066453177282183,-0.17357855614006,-0.0397149607144021));
#13054=CARTESIAN_POINT('',(0.00651396867967094,-0.173379336796609,-0.0399499999999999));
#13055=CARTESIAN_POINT('',(0.00639866993205534,-0.173140810656481,-0.03995));
#13056=CARTESIAN_POINT('',(0.00945500641552795,-0.175362698826921,-0.03995));
#13057=CARTESIAN_POINT('',(0.00919321158006373,-0.175326693944389,-0.03995));
#13058=CARTESIAN_POINT('',(0.00896472381958992,-0.175263703305157,-0.0397142601455253));
#13059=CARTESIAN_POINT('',(0.00896472381958992,-0.175263703305156,-0.03945));
#13060=CARTESIAN_POINT('',(0.00896472381958992,-0.175263703305156,-0.03945));
#13061=CARTESIAN_POINT('',(0.00896472381958992,-0.175263703305156,-0.02695));
#13062=CARTESIAN_POINT('',(0.00896472381958992,-0.175263703305156,-0.02745));
#13063=CARTESIAN_POINT('',(0.00896472381958992,-0.175263703305156,-0.02745));
#13064=CARTESIAN_POINT('',(0.00896472381958992,-0.175263703305156,-0.0271857293871789));
#13065=CARTESIAN_POINT('',(0.0091931942319998,-0.175326691558494,-0.02695));
#13066=CARTESIAN_POINT('',(0.00945500641552795,-0.175362698826921,-0.02695));
#13067=CARTESIAN_POINT('',(0.00945500641552795,-0.175362698826921,-0.02695));
#13068=CARTESIAN_POINT('',(0.01,-0.1714,-0.02695));
#13069=CARTESIAN_POINT('',(0.0105427371251339,-0.17536300850529,-0.02695));
#13070=CARTESIAN_POINT('',(0.0105427371251339,-0.17536300850529,-0.02695));
#13071=CARTESIAN_POINT('',(0.0108052097029163,-0.175327062679763,-0.02695));
#13072=CARTESIAN_POINT('',(0.0110352761804101,-0.175263703305156,-0.0271850297767354));
#13073=CARTESIAN_POINT('',(0.0110352761804101,-0.175263703305156,-0.02745));
#13074=CARTESIAN_POINT('',(0.0110352761804101,-0.175263703305156,-0.02745));
#13075=CARTESIAN_POINT('',(0.0110352761804101,-0.175263703305156,-0.02695));
#13076=CARTESIAN_POINT('',(0.0110352761804101,-0.175263703305156,-0.03945));
#13077=CARTESIAN_POINT('',(0.0110352761804101,-0.175263703305156,-0.03945));
#13078=CARTESIAN_POINT('',(0.0110352761804101,-0.175263703305156,-0.0397149607144021));
#13079=CARTESIAN_POINT('',(0.010805218237453,-0.175327061510952,-0.03995));
#13080=CARTESIAN_POINT('',(0.0105427371251339,-0.17536300850529,-0.03995));
#13081=CARTESIAN_POINT('',(0.01,-0.1714,-0.03995));
#13082=CARTESIAN_POINT('',(0.0136003382620316,-0.173142860980959,-0.03995));
#13083=CARTESIAN_POINT('',(0.0139367600582338,-0.172108463297493,-0.03995));
#13084=CARTESIAN_POINT('',(0.0136003382620316,-0.173142860980959,-0.03995));
#13085=CARTESIAN_POINT('',(0.0134851965306824,-0.173380716544577,-0.0399500000000001));
#13086=CARTESIAN_POINT('',(0.0133546822717817,-0.17357855614006,-0.0397142601455253));
#13087=CARTESIAN_POINT('',(0.0133546822717817,-0.17357855614006,-0.03945));
#13088=CARTESIAN_POINT('',(0.0133546822717817,-0.17357855614006,-0.03945));
#13089=CARTESIAN_POINT('',(0.0133546822717817,-0.17357855614006,-0.02695));
#13090=CARTESIAN_POINT('',(0.0133546822717817,-0.17357855614006,-0.02745));
#13091=CARTESIAN_POINT('',(0.0133546822717817,-0.17357855614006,-0.02745));
#13092=CARTESIAN_POINT('',(0.0133546822717817,-0.17357855614006,-0.0271857293871788));
#13093=CARTESIAN_POINT('',(0.0134851889007148,-0.173380732306284,-0.02695));
#13094=CARTESIAN_POINT('',(0.0136003382620316,-0.17314286098096,-0.02695));
#13095=CARTESIAN_POINT('',(0.0136003382620316,-0.173142860980959,-0.02695));
#13096=CARTESIAN_POINT('',(0.01,-0.1714,-0.02695));
#13097=CARTESIAN_POINT('',(0.0139367600582338,-0.172108463297493,-0.02695));
#13098=CARTESIAN_POINT('',(0.0139367600582338,-0.172108463297493,-0.02695));
#13099=CARTESIAN_POINT('',(0.0139836820337252,-0.17184772917108,-0.02695));
#13100=CARTESIAN_POINT('',(0.0139945181390183,-0.171609343824972,-0.0271850297767355));
#13101=CARTESIAN_POINT('',(0.0139945181390183,-0.171609343824972,-0.02745));
#13102=CARTESIAN_POINT('',(0.0139945181390183,-0.171609343824972,-0.02745));
#13103=CARTESIAN_POINT('',(0.0139945181390183,-0.171609343824972,-0.02695));
#13104=CARTESIAN_POINT('',(0.0139945181390183,-0.171609343824972,-0.03945));
#13105=CARTESIAN_POINT('',(0.0139945181390183,-0.171609343824972,-0.03945));
#13106=CARTESIAN_POINT('',(0.0139945181390183,-0.171609343824972,-0.0397149607144019));
#13107=CARTESIAN_POINT('',(0.0139836835594362,-0.17184772069307,-0.03995));
#13108=CARTESIAN_POINT('',(0.0139367600582338,-0.172108463297493,-0.03995));
#13109=CARTESIAN_POINT('',(0.0114334717981812,-0.167665678294011,-0.03945));
#13110=CARTESIAN_POINT('',(0.0114334717981812,-0.167665678294011,-0.0397149607144022));
#13111=CARTESIAN_POINT('',(0.0116568336027028,-0.167749645094832,-0.03995));
#13112=CARTESIAN_POINT('',(0.0118903143964076,-0.167874845892343,-0.03995));
#13113=CARTESIAN_POINT('',(0.0114334717981812,-0.167665678294011,-0.03945));
#13114=CARTESIAN_POINT('',(0.0127701250014043,-0.168514448496977,-0.03995));
#13115=CARTESIAN_POINT('',(0.0129607583333712,-0.168697456202239,-0.0399500000000001));
#13116=CARTESIAN_POINT('',(0.0131085838458279,-0.168882718435801,-0.0397142601455253));
#13117=CARTESIAN_POINT('',(0.0131085838458279,-0.1688827184358,-0.03945));
#13118=CARTESIAN_POINT('',(0.0131085838458279,-0.1688827184358,-0.03945));
#13119=CARTESIAN_POINT('',(0.0131085838458279,-0.1688827184358,-0.02695));
#13120=CARTESIAN_POINT('',(0.0131085838458279,-0.1688827184358,-0.02745));
#13121=CARTESIAN_POINT('',(0.0131085838458279,-0.1688827184358,-0.02745));
#13122=CARTESIAN_POINT('',(0.0131085838458279,-0.1688827184358,-0.0271857293871789));
#13123=CARTESIAN_POINT('',(0.0129607709658558,-0.168697468329405,-0.02695));
#13124=CARTESIAN_POINT('',(0.0127701250014043,-0.168514448496977,-0.02695));
#13125=CARTESIAN_POINT('',(0.0127701250014043,-0.168514448496977,-0.02695));
#13126=CARTESIAN_POINT('',(0.01,-0.1714,-0.02695));
#13127=CARTESIAN_POINT('',(0.0118903143964076,-0.167874845892343,-0.02695));
#13128=CARTESIAN_POINT('',(0.0118903143964076,-0.167874845892343,-0.02695));
#13129=CARTESIAN_POINT('',(0.0116568411942981,-0.167749649165719,-0.02695));
#13130=CARTESIAN_POINT('',(0.0114334717981812,-0.167665678294011,-0.0271850297767353));
#13131=CARTESIAN_POINT('',(0.0114334717981812,-0.167665678294011,-0.02745));
#13132=CARTESIAN_POINT('',(0.0114334717981812,-0.167665678294011,-0.02745));
#13133=CARTESIAN_POINT('',(0.0114334717981812,-0.167665678294011,-0.02695));
#13134=CARTESIAN_POINT('',(0.01,-0.1714,-0.00895));
#13135=CARTESIAN_POINT('',(0.014,-0.1714,-0.00895));
#13136=CARTESIAN_POINT('',(0.01,-0.1714,-0.05895));
#13137=CARTESIAN_POINT('',(0.014,-0.1714,-0.05895));
#13138=CARTESIAN_POINT('',(0.01,-0.1714,-0.03995));
#13139=CARTESIAN_POINT('',(0.0101831522810147,-0.171094461286629,-0.03995));
#13140=CARTESIAN_POINT('',(0.0196129538548664,-0.176747066315673,-0.03995));
#13141=CARTESIAN_POINT('',(0.0209870162930634,-0.172224162962874,-0.03995));
#13142=CARTESIAN_POINT('',(0.020969103876728,-0.172223869007519,-0.03995));
#13143=CARTESIAN_POINT('',(0.01,-0.1714,-0.03995));
#13144=CARTESIAN_POINT('',(0.0118,-0.1714,-0.00895));
#13145=CARTESIAN_POINT('',(0.0118,-0.1714,-0.01495));
#13146=CARTESIAN_POINT('',(0.0118,-0.169455134966122,-0.01495));
#13147=CARTESIAN_POINT('',(0.0118,-0.173344865033877,-0.01495));
#13148=CARTESIAN_POINT('',(0.0118,-0.173344865033877,-0.00895));
#13149=CARTESIAN_POINT('',(0.0118,-0.173344865033877,-0.00895));
#13150=CARTESIAN_POINT('',(0.0118,-0.1714,-0.00895));
#13151=CARTESIAN_POINT('',(0.0118,-0.169455134966122,-0.00895));
#13152=CARTESIAN_POINT('',(0.0118,-0.169455134966122,-0.00895));
#13153=CARTESIAN_POINT('',(0.01,-0.1714,-0.00895));
#13154=CARTESIAN_POINT('',(0.01,-0.1714,-0.01495));
#13155=CARTESIAN_POINT('',(0.0082,-0.173344865033877,-0.01495));
#13156=CARTESIAN_POINT('',(0.0082,-0.173344865033877,-0.00895));
#13157=CARTESIAN_POINT('',(0.0082,-0.173344865033877,-0.00895));
#13158=CARTESIAN_POINT('',(0.01,-0.1714,-0.00895));
#13159=CARTESIAN_POINT('',(0.0082,-0.1714,-0.00895));
#13160=CARTESIAN_POINT('',(0.0082,-0.1714,-0.01495));
#13161=CARTESIAN_POINT('',(0.0082,-0.169455134966122,-0.01495));
#13162=CARTESIAN_POINT('',(0.0082,-0.169455134966122,-0.00895));
#13163=CARTESIAN_POINT('',(0.0082,-0.169455134966122,-0.00895));
#13164=CARTESIAN_POINT('',(0.0082,-0.1714,-0.00895));
#13165=CARTESIAN_POINT('',(0.01,-0.1714,-0.00895));
#13166=CARTESIAN_POINT('',(0.01,-0.1714,-0.01495));
#13167=CARTESIAN_POINT('',(0.01,-0.1714,-0.00895));
#13168=CARTESIAN_POINT('',(0.01,-0.1714,-0.00895));
#13169=CARTESIAN_POINT('',(0.01,-0.1714,-0.01495));
#13170=CARTESIAN_POINT('',(0.00719528410313824,-0.16444458408963,-0.02695));
#13171=CARTESIAN_POINT('',(0.00719528410313824,-0.16444458408963,-0.03945));
#13172=CARTESIAN_POINT('',(0.00582404000445768,-0.161223489885249,-0.03945));
#13173=CARTESIAN_POINT('',(0.00582404000445768,-0.161223489885249,-0.02695));
#13174=CARTESIAN_POINT('',(0.00582404000445781,-0.161223489885249,-0.02745));
#13175=CARTESIAN_POINT('',(0.0085665282018188,-0.167665678294011,-0.02745));
#13176=CARTESIAN_POINT('',(0.0100864039893696,-0.171285088610465,-0.03995));
#13177=CARTESIAN_POINT('',(0.0100864039893696,-0.171285088610465,-0.02745));
#13178=CARTESIAN_POINT('',(0.00129525750129728,-0.164674863716528,-0.02745));
#13179=CARTESIAN_POINT('',(0.00129525750129728,-0.164674863716528,-0.02695));
#13180=CARTESIAN_POINT('',(0.00129525750129728,-0.164674863716528,-0.03945));
#13181=CARTESIAN_POINT('',(0.00689141615417212,-0.1688827184358,-0.03945));
#13182=CARTESIAN_POINT('',(0.01,-0.1714,-0.02695));
#13183=CARTESIAN_POINT('',(0.01,-0.1714,-0.02695));
#13184=CARTESIAN_POINT('',(0.00536588368865332,-0.161423779973712,-0.02695));
#13185=CARTESIAN_POINT('',(0.00161006660310309,-0.164285998482174,-0.02695));
#13186=CARTESIAN_POINT('',(0.0103868944245723,-0.170885456907079,-0.02695));
#13187=CARTESIAN_POINT('',(0.00536399180228455,-0.161419335874938,-0.02695));
#13188=CARTESIAN_POINT('',(0.0103868944245723,-0.170885456907079,-0.02745));
#13189=CARTESIAN_POINT('',(0.00129525750129728,-0.164674863716528,-0.02745));
#13190=CARTESIAN_POINT('',(0.00129525750129728,-0.164674863716528,-0.0271857800922256));
#13191=CARTESIAN_POINT('',(0.00143919086533483,-0.164487521641177,-0.02695));
#13192=CARTESIAN_POINT('',(0.00161006660310309,-0.164285998482174,-0.02695));
#13193=CARTESIAN_POINT('',(0.0103868944245723,-0.170885456907079,-0.03945));
#13194=CARTESIAN_POINT('',(0.00161006660310309,-0.164285998482174,-0.03995));
#13195=CARTESIAN_POINT('',(0.00143919160931737,-0.164487520763757,-0.03995));
#13196=CARTESIAN_POINT('',(0.00129525750129728,-0.164674863716528,-0.0397142211646424));
#13197=CARTESIAN_POINT('',(0.00129525750129728,-0.164674863716528,-0.03945));
#13198=CARTESIAN_POINT('',(0.00673523590096511,-0.164640430079319,-0.03945));
#13199=CARTESIAN_POINT('',(0.00582404000445769,-0.161223489885249,-0.03945));
#13200=CARTESIAN_POINT('',(0.00582404000445769,-0.161223489885249,-0.039714129880948));
#13201=CARTESIAN_POINT('',(0.0056054314902245,-0.161312506127337,-0.03995));
#13202=CARTESIAN_POINT('',(0.00536588368865332,-0.161423779973712,-0.03995));
#13203=CARTESIAN_POINT('',(0.00967223554237675,-0.171539531801852,-0.02745));
#13204=CARTESIAN_POINT('',(0.00536588368865332,-0.161423779973712,-0.02695));
#13205=CARTESIAN_POINT('',(0.00560542933573211,-0.161312507128134,-0.02695));
#13206=CARTESIAN_POINT('',(0.00582404000445769,-0.161223489885249,-0.0271858715520768));
#13207=CARTESIAN_POINT('',(0.00582404000445769,-0.161223489885249,-0.02745));
#13208=CARTESIAN_POINT('',(0.0100000000000002,-0.1714,-0.04095));
#13209=CARTESIAN_POINT('',(0.01,-0.1714,-0.02695));
#13210=CARTESIAN_POINT('',(-0.000919969758111721,-0.172724484987429,-0.02695));
#13211=CARTESIAN_POINT('',(-0.000919969758111725,-0.172724484987429,-0.02695));
#13212=CARTESIAN_POINT('',(-0.00095177284710974,-0.172462278338528,-0.02695));
#13213=CARTESIAN_POINT('',(-0.000968878864230019,-0.172226859396662,-0.0271858715520771));
#13214=CARTESIAN_POINT('',(-0.000968878864230019,-0.172226859396662,-0.02745));
#13215=CARTESIAN_POINT('',(-0.000968878864230023,-0.172226859396662,-0.02745));
#13216=CARTESIAN_POINT('',(-0.000968878864230023,-0.172226859396662,-0.02695));
#13217=CARTESIAN_POINT('',(-0.000968878864230023,-0.172226859396662,-0.03945));
#13218=CARTESIAN_POINT('',(-0.000968878864230023,-0.172226859396662,-0.03945));
#13219=CARTESIAN_POINT('',(-0.000968878864230023,-0.172226859396662,-0.0397141298809479));
#13220=CARTESIAN_POINT('',(-0.000951773133149211,-0.172462275980221,-0.0399499999999999));
#13221=CARTESIAN_POINT('',(-0.000919969758111721,-0.172724484987429,-0.03995));
#13222=CARTESIAN_POINT('',(0.01,-0.1714,-0.03995));
#13223=CARTESIAN_POINT('',(0.0100000000000002,-0.1714,-0.04095));
#13224=CARTESIAN_POINT('',(0.01,-0.1714,-0.03995));
#13225=CARTESIAN_POINT('',(0.0141731854991472,-0.161222351804581,-0.03995));
#13226=CARTESIAN_POINT('',(0.0139287231430755,-0.161122113838024,-0.03995));
#13227=CARTESIAN_POINT('',(0.0137060713216125,-0.161043116522857,-0.0397142211646425));
#13228=CARTESIAN_POINT('',(0.0137060713216125,-0.161043116522857,-0.03945));
#13229=CARTESIAN_POINT('',(0.0137060713216125,-0.161043116522857,-0.03945));
#13230=CARTESIAN_POINT('',(0.0137060713216125,-0.161043116522857,-0.02695));
#13231=CARTESIAN_POINT('',(0.0137060713216125,-0.161043116522857,-0.02745));
#13232=CARTESIAN_POINT('',(0.0137060713216125,-0.161043116522857,-0.02745));
#13233=CARTESIAN_POINT('',(0.0137060713216125,-0.161043116522857,-0.0271857800922255));
#13234=CARTESIAN_POINT('',(0.0139287220786966,-0.161122113401592,-0.02695));
#13235=CARTESIAN_POINT('',(0.0141731854991472,-0.161222351804581,-0.02695));
#13236=CARTESIAN_POINT('',(0.0141731854991472,-0.161222351804581,-0.02695));
#13237=CARTESIAN_POINT('',(0.01,-0.1714,-0.02695));
#13238=CARTESIAN_POINT('',(0.0157482887485765,-0.166583214950683,-0.02695));
#13239=CARTESIAN_POINT('',(0.0157482887485765,-0.166583214950683,-0.03945));
#13240=CARTESIAN_POINT('',(0.018387993651325,-0.164283711465565,-0.03945));
#13241=CARTESIAN_POINT('',(0.018387993651325,-0.164283711465565,-0.02695));
#13242=CARTESIAN_POINT('',(0.018387993651325,-0.164283711465565,-0.02745));
#13243=CARTESIAN_POINT('',(0.0131085838458279,-0.1688827184358,-0.02745));
#13244=CARTESIAN_POINT('',(0.0101359875269108,-0.171446665504911,-0.03995));
#13245=CARTESIAN_POINT('',(0.0101359875269108,-0.171446665504911,-0.02745));
#13246=CARTESIAN_POINT('',(0.0114334717981812,-0.167665678294011,-0.03945));
#13247=CARTESIAN_POINT('',(0.01,-0.1714,-0.02695));
#13248=CARTESIAN_POINT('',(0.01,-0.1714,-0.02695));
#13249=CARTESIAN_POINT('',(0.0180559283698792,-0.163909871957078,-0.02695));
#13250=CARTESIAN_POINT('',(0.0106089165136595,-0.171608955903557,-0.02695));
#13251=CARTESIAN_POINT('',(0.0180595703339379,-0.163906699364173,-0.02695));
#13252=CARTESIAN_POINT('',(0.0106089165136595,-0.171608955903557,-0.02745));
#13253=CARTESIAN_POINT('',(0.0106089165136595,-0.171608955903557,-0.03945));
#13254=CARTESIAN_POINT('',(0.0154198654311893,-0.16620620284929,-0.03945));
#13255=CARTESIAN_POINT('',(0.018387993651325,-0.164283711465565,-0.03945));
#13256=CARTESIAN_POINT('',(0.018387993651325,-0.164283711465565,-0.039714129880948));
#13257=CARTESIAN_POINT('',(0.018235780428218,-0.164103309945167,-0.03995));
#13258=CARTESIAN_POINT('',(0.0180559283698792,-0.163909871957078,-0.03995));
#13259=CARTESIAN_POINT('',(0.00976601258306035,-0.171131395174796,-0.02745));
#13260=CARTESIAN_POINT('',(0.0180559283698792,-0.163909871957078,-0.02695));
#13261=CARTESIAN_POINT('',(0.018235778810629,-0.164103308205386,-0.0269500000000001));
#13262=CARTESIAN_POINT('',(0.018387993651325,-0.164283711465565,-0.0271858715520769));
#13263=CARTESIAN_POINT('',(0.018387993651325,-0.164283711465565,-0.02745));
#13264=CARTESIAN_POINT('',(0.0100000000000002,-0.1714,-0.04095));
#13265=CARTESIAN_POINT('',(0.01,-0.1714,-0.03995));
#13266=CARTESIAN_POINT('',(0.020969103876728,-0.172223869007519,-0.03995));
#13267=CARTESIAN_POINT('',(0.0209888928254916,-0.17196039625564,-0.0399500000000001));
#13268=CARTESIAN_POINT('',(0.0209952205401905,-0.171724230277076,-0.0397142211646424));
#13269=CARTESIAN_POINT('',(0.0209952205401905,-0.171724230277076,-0.03945));
#13270=CARTESIAN_POINT('',(0.0209952205401905,-0.171724230277076,-0.03945));
#13271=CARTESIAN_POINT('',(0.0209952205401905,-0.171724230277076,-0.02695));
#13272=CARTESIAN_POINT('',(0.0209952205401905,-0.171724230277076,-0.02745));
#13273=CARTESIAN_POINT('',(0.0209952205401905,-0.171724230277076,-0.02745));
#13274=CARTESIAN_POINT('',(0.0209952205401905,-0.171724230277076,-0.0271857800922256));
#13275=CARTESIAN_POINT('',(0.0209888929116518,-0.17196039510849,-0.0269499999999999));
#13276=CARTESIAN_POINT('',(0.020969103876728,-0.172223869007519,-0.02695));
#13277=CARTESIAN_POINT('',(0.020969103876728,-0.172223869007519,-0.02695));
#13278=CARTESIAN_POINT('',(0.01,-0.1714,-0.02695));
#13279=CARTESIAN_POINT('',(0.00251830149837584,-0.171918101610817,-0.02695));
#13280=CARTESIAN_POINT('',(0.0060054818609817,-0.171609343824972,-0.02745));
#13281=CARTESIAN_POINT('',(0.00251830149837584,-0.171918101610817,-0.03945));
#13282=CARTESIAN_POINT('',(0.00991741307528313,-0.171282315350662,-0.03995));
#13283=CARTESIAN_POINT('',(0.00991741307528313,-0.171282315350662,-0.02745));
#13284=CARTESIAN_POINT('',(0.000914101950873485,-0.177600520674982,-0.02745));
#13285=CARTESIAN_POINT('',(0.000914101950873485,-0.177600520674982,-0.02695));
#13286=CARTESIAN_POINT('',(0.000914101950873485,-0.177600520674982,-0.03945));
#13287=CARTESIAN_POINT('',(0.0066453177282183,-0.17357855614006,-0.03945));
#13288=CARTESIAN_POINT('',(0.01,-0.1714,-0.02695));
#13289=CARTESIAN_POINT('',(-0.000924780972249174,-0.172724910976243,-0.02695));
#13290=CARTESIAN_POINT('',(0.01,-0.1714,-0.02695));
#13291=CARTESIAN_POINT('',(0.000641550498222679,-0.177180953461384,-0.02695));
#13292=CARTESIAN_POINT('',(0.00963019739078402,-0.170873038976341,-0.02695));
#13293=CARTESIAN_POINT('',(0.0100314178418243,-0.171754840221261,-0.02745));
#13294=CARTESIAN_POINT('',(0.00963019739078402,-0.170873038976341,-0.02745));
#13295=CARTESIAN_POINT('',(0.000914101950873485,-0.177600520674982,-0.02745));
#13296=CARTESIAN_POINT('',(0.000914101950873485,-0.177600520674982,-0.0271857800922254));
#13297=CARTESIAN_POINT('',(0.000780406904879698,-0.177405740026157,-0.02695));
#13298=CARTESIAN_POINT('',(0.000641550498222679,-0.177180953461384,-0.02695));
#13299=CARTESIAN_POINT('',(0.00963019739078402,-0.170873038976341,-0.03945));
#13300=CARTESIAN_POINT('',(0.000641550498222675,-0.177180953461384,-0.03995));
#13301=CARTESIAN_POINT('',(0.000780406300307368,-0.17740573904745,-0.03995));
#13302=CARTESIAN_POINT('',(0.000914101950873487,-0.177600520674982,-0.0397142211646426));
#13303=CARTESIAN_POINT('',(0.000914101950873487,-0.177600520674982,-0.03945));
#13304=CARTESIAN_POINT('',(0.0025623993903567,-0.172416153190397,-0.03945));
#13305=CARTESIAN_POINT('',(0.0100000000000002,-0.1714,-0.04095));
#13306=CARTESIAN_POINT('',(0.01,-0.1714,-0.02695));
#13307=CARTESIAN_POINT('',(0.00790186232416035,-0.182198046966615,-0.02695));
#13308=CARTESIAN_POINT('',(0.00790186232416035,-0.182198046966615,-0.02695));
#13309=CARTESIAN_POINT('',(0.01,-0.1714,-0.03995));
#13310=CARTESIAN_POINT('',(0.00818077192927887,-0.178675620315481,-0.02695));
#13311=CARTESIAN_POINT('',(0.00818077192927887,-0.178675620315481,-0.03945));
#13312=CARTESIAN_POINT('',(0.00750993002026717,-0.181595259835308,-0.03945));
#13313=CARTESIAN_POINT('',(0.00750993002026717,-0.181595259835308,-0.02695));
#13314=CARTESIAN_POINT('',(0.00750993002026717,-0.181595259835308,-0.02745));
#13315=CARTESIAN_POINT('',(0.00896472381958992,-0.175263703305156,-0.02745));
#13316=CARTESIAN_POINT('',(0.00986255448412909,-0.17144217827629,-0.03995));
#13317=CARTESIAN_POINT('',(0.0130893486860262,-0.181957268808558,-0.02695));
#13318=CARTESIAN_POINT('',(0.0130893486860262,-0.181957268808558,-0.02745));
#13319=CARTESIAN_POINT('',(0.0130893486860262,-0.181957268808558,-0.03945));
#13320=CARTESIAN_POINT('',(0.0110352761804101,-0.175263703305156,-0.03945));
#13321=CARTESIAN_POINT('',(0.00986255448412909,-0.17144217827629,-0.02745));
#13322=CARTESIAN_POINT('',(0.01,-0.1714,-0.02695));
#13323=CARTESIAN_POINT('',(0.01,-0.1714,-0.02695));
#13324=CARTESIAN_POINT('',(0.0126060935227989,-0.182086827244342,-0.02695));
#13325=CARTESIAN_POINT('',(0.00938455499380377,-0.171588863269554,-0.02695));
#13326=CARTESIAN_POINT('',(0.00788412223721734,-0.182199504140447,-0.02695));
#13327=CARTESIAN_POINT('',(0.00788526540387425,-0.1821945288482,-0.02695));
#13328=CARTESIAN_POINT('',(0.0079972322185167,-0.18170722664995,-0.02695));
#13329=CARTESIAN_POINT('',(0.0103471817517238,-0.171479771515462,-0.02745));
#13330=CARTESIAN_POINT('',(0.0079972322185167,-0.18170722664995,-0.02745));
#13331=CARTESIAN_POINT('',(0.0086680741275284,-0.178787587130123,-0.03945));
#13332=CARTESIAN_POINT('',(0.0079972322185167,-0.18170722664995,-0.03945));
#13333=CARTESIAN_POINT('',(0.0079972322185167,-0.18170722664995,-0.02695));
#13334=CARTESIAN_POINT('',(0.00938455499380377,-0.171588863269554,-0.03945));
#13335=CARTESIAN_POINT('',(0.012606093522799,-0.182086827244342,-0.03995));
#13336=CARTESIAN_POINT('',(0.0128627861218082,-0.182024230095129,-0.03995));
#13337=CARTESIAN_POINT('',(0.0130893486860262,-0.181957268808558,-0.0397142211646425));
#13338=CARTESIAN_POINT('',(0.0130893486860262,-0.181957268808558,-0.03945));
#13339=CARTESIAN_POINT('',(0.00938455499380377,-0.171588863269554,-0.02745));
#13340=CARTESIAN_POINT('',(0.0130893486860262,-0.181957268808558,-0.02745));
#13341=CARTESIAN_POINT('',(0.0130893486860262,-0.181957268808558,-0.0271857800922255));
#13342=CARTESIAN_POINT('',(0.012862787239437,-0.182024229822584,-0.02695));
#13343=CARTESIAN_POINT('',(0.012606093522799,-0.182086827244343,-0.02695));
#13344=CARTESIAN_POINT('',(0.0100000000000002,-0.1714,-0.04095));
#13345=CARTESIAN_POINT('',(0.01,-0.1714,-0.03995));
#13346=CARTESIAN_POINT('',(0.01,-0.1714,-0.02695));
#13347=CARTESIAN_POINT('',(0.0196129538548666,-0.176747066315673,-0.02695));
#13348=CARTESIAN_POINT('',(0.0196129538548666,-0.176747066315673,-0.02695));
#13349=CARTESIAN_POINT('',(0.0194845618930628,-0.176977889337362,-0.02695));
#13350=CARTESIAN_POINT('',(0.0193600251694795,-0.177178401926719,-0.0271858715520768));
#13351=CARTESIAN_POINT('',(0.0193600251694795,-0.177178401926719,-0.02745));
#13352=CARTESIAN_POINT('',(0.0193600251694795,-0.177178401926719,-0.02745));
#13353=CARTESIAN_POINT('',(0.0193600251694795,-0.177178401926719,-0.02695));
#13354=CARTESIAN_POINT('',(0.0193600251694795,-0.177178401926719,-0.03945));
#13355=CARTESIAN_POINT('',(0.0193600251694795,-0.177178401926719,-0.03945));
#13356=CARTESIAN_POINT('',(0.0193600251694795,-0.177178401926719,-0.039714129880948));
#13357=CARTESIAN_POINT('',(0.0194845607382954,-0.176977891413402,-0.0399500000000001));
#13358=CARTESIAN_POINT('',(0.0196129538548666,-0.176747066315673,-0.03995));
#13359=CARTESIAN_POINT('',(0.0163573537206306,-0.17537847903339,-0.02695));
#13360=CARTESIAN_POINT('',(0.0133546822717817,-0.17357855614006,-0.02745));
#13361=CARTESIAN_POINT('',(0.0163573537206306,-0.17537847903339,-0.03945));
#13362=CARTESIAN_POINT('',(0.00999764092430738,-0.171543752257672,-0.03995));
#13363=CARTESIAN_POINT('',(0.00999764092430738,-0.171543752257672,-0.02745));
#13364=CARTESIAN_POINT('',(0.0139945181390183,-0.171609343824972,-0.03945));
#13365=CARTESIAN_POINT('',(0.01,-0.1714,-0.02695));
#13366=CARTESIAN_POINT('',(0.0196170965988094,-0.1767495496442,-0.02695));
#13367=CARTESIAN_POINT('',(0.01,-0.1714,-0.02695));
#13368=CARTESIAN_POINT('',(0.00998943667718033,-0.172043684943469,-0.02695));
#13369=CARTESIAN_POINT('',(0.0101831522810147,-0.171094461286629,-0.02745));
#13370=CARTESIAN_POINT('',(0.00998943667718033,-0.172043684943469,-0.02745));
#13371=CARTESIAN_POINT('',(0.00998943667718033,-0.172043684943469,-0.03945));
#13372=CARTESIAN_POINT('',(0.0166144251499605,-0.17494962675087,-0.03945));
#13373=CARTESIAN_POINT('',(0.01,-0.1714,-0.04095));
#13374=CARTESIAN_POINT('',(0.01,-0.1714,-0.03595));
#13375=CARTESIAN_POINT('',(0.025,-0.1714,-0.03595));
#13376=CARTESIAN_POINT('',(0.01,-0.1714,-0.03095));
#13377=CARTESIAN_POINT('',(0.025,-0.1714,-0.03095));
#13378=CARTESIAN_POINT('',(0.01,-0.1714,-0.03595));
#13379=CARTESIAN_POINT('',(0.01,-0.1714,-0.02595));
#13380=CARTESIAN_POINT('',(0.0100245670593082,-0.171811175902291,-0.05895));
#13381=CARTESIAN_POINT('',(0.,0.,0.));
#13382=CARTESIAN_POINT('',(-0.04,0.04,-0.001));
#13383=CARTESIAN_POINT('',(-0.04,0.04,-1.99493199737333E-16));
#13384=CARTESIAN_POINT('',(-0.0290000000000002,0.04,-1.99493199737333E-16));
#13385=CARTESIAN_POINT('',(-0.04,0.04,0.0130000000000002));
#13386=CARTESIAN_POINT('',(-0.0509999999999998,0.04,0.0130000000000002));
#13387=CARTESIAN_POINT('',(-0.04,0.04,-0.001));
#13388=CARTESIAN_POINT('',(-0.04,0.04,0.004));
#13389=CARTESIAN_POINT('',(-0.025,0.04,0.004));
#13390=CARTESIAN_POINT('',(-0.04,0.04,0.009));
#13391=CARTESIAN_POINT('',(-0.025,0.04,0.009));
#13392=CARTESIAN_POINT('',(-0.04,0.04,0.004));
#13393=CARTESIAN_POINT('',(-0.04,0.04,0.014));
#13394=CARTESIAN_POINT('',(0.,0.,0.));
#13395=CARTESIAN_POINT('',(-0.0401,-0.1694,-0.03995));
#13396=CARTESIAN_POINT('',(-0.0403339874169397,-0.169131395174796,-0.03995));
#13397=CARTESIAN_POINT('',(-0.0320440716301208,-0.161909871957078,-0.03995));
#13398=CARTESIAN_POINT('',(-0.0373298749985957,-0.166514448496977,-0.03995));
#13399=CARTESIAN_POINT('',(-0.0401,-0.1694,-0.03995));
#13400=CARTESIAN_POINT('',(-0.0382096856035923,-0.165874845892342,-0.03995));
#13401=CARTESIAN_POINT('',(-0.0359209996916388,-0.159205406921504,-0.03995));
#13402=CARTESIAN_POINT('',(-0.0359268145008529,-0.159222351804581,-0.03995));
#13403=CARTESIAN_POINT('',(-0.0401,-0.1694,-0.03995));
#13404=CARTESIAN_POINT('',(-0.0401,-0.1694,-0.03995));
#13405=CARTESIAN_POINT('',(-0.0404277644576233,-0.169539531801852,-0.03995));
#13406=CARTESIAN_POINT('',(-0.0447341163113467,-0.159423779973712,-0.03995));
#13407=CARTESIAN_POINT('',(-0.0419883068580779,-0.165873770113884,-0.03995));
#13408=CARTESIAN_POINT('',(-0.0401,-0.1694,-0.03995));
#13409=CARTESIAN_POINT('',(-0.0428684815118306,-0.166512871648393,-0.03995));
#13410=CARTESIAN_POINT('',(-0.0485042520634999,-0.162275232013141,-0.03995));
#13411=CARTESIAN_POINT('',(-0.0484899333968969,-0.162285998482174,-0.03995));
#13412=CARTESIAN_POINT('',(-0.0401,-0.1694,-0.03995));
#13413=CARTESIAN_POINT('',(-0.0401,-0.1694,-0.03995));
#13414=CARTESIAN_POINT('',(-0.0400685821581757,-0.169754840221261,-0.03995));
#13415=CARTESIAN_POINT('',(-0.0510199697581115,-0.170724484987429,-0.03995));
#13416=CARTESIAN_POINT('',(-0.044037162820886,-0.170106221581257,-0.03995));
#13417=CARTESIAN_POINT('',(-0.0401,-0.1694,-0.03995));
#13418=CARTESIAN_POINT('',(-0.0437013300679446,-0.171140810656481,-0.03995));
#13419=CARTESIAN_POINT('',(-0.0494731137336256,-0.17519124430066,-0.03995));
#13420=CARTESIAN_POINT('',(-0.0494584495017773,-0.175180953461384,-0.03995));
#13421=CARTESIAN_POINT('',(-0.0401,-0.1694,-0.03995));
#13422=CARTESIAN_POINT('',(-0.0401,-0.1694,-0.03995));
#13423=CARTESIAN_POINT('',(-0.0397528182482761,-0.169479771515462,-0.03995));
#13424=CARTESIAN_POINT('',(-0.0422147345961257,-0.1801945288482,-0.03995));
#13425=CARTESIAN_POINT('',(-0.040644993584472,-0.173362698826921,-0.03995));
#13426=CARTESIAN_POINT('',(-0.0401,-0.1694,-0.03995));
#13427=CARTESIAN_POINT('',(-0.0395572628748661,-0.17336300850529,-0.03995));
#13428=CARTESIAN_POINT('',(-0.0374886508042992,-0.180103953801821,-0.03995));
#13429=CARTESIAN_POINT('',(-0.037493906477201,-0.180086827244342,-0.03995));
#13430=CARTESIAN_POINT('',(-0.0401,-0.1694,-0.03995));
#13431=CARTESIAN_POINT('',(-0.0421981376758396,-0.180198046966615,-0.03995));
#13432=CARTESIAN_POINT('',(-0.0421027677814833,-0.17970722664995,-0.03995));
#13433=CARTESIAN_POINT('',(-0.0401,-0.1694,-0.01495));
#13434=CARTESIAN_POINT('',(-0.0419883068580779,-0.165873770113884,-0.03995));
#13435=CARTESIAN_POINT('',(-0.0417553472481845,-0.165749019532321,-0.03995));
#13436=CARTESIAN_POINT('',(-0.0415334717981812,-0.165665678294011,-0.0397142601455254));
#13437=CARTESIAN_POINT('',(-0.0415334717981812,-0.165665678294011,-0.03945));
#13438=CARTESIAN_POINT('',(-0.0415334717981812,-0.165665678294011,-0.03945));
#13439=CARTESIAN_POINT('',(-0.0415334717981812,-0.165665678294011,-0.02695));
#13440=CARTESIAN_POINT('',(-0.0415334717981812,-0.165665678294011,-0.02745));
#13441=CARTESIAN_POINT('',(-0.0415334717981812,-0.165665678294011,-0.02745));
#13442=CARTESIAN_POINT('',(-0.0415334717981812,-0.165665678294011,-0.0271857293871787));
#13443=CARTESIAN_POINT('',(-0.041755331810912,-0.165749011265615,-0.0269500000000001));
#13444=CARTESIAN_POINT('',(-0.0419883068580779,-0.165873770113884,-0.02695));
#13445=CARTESIAN_POINT('',(-0.0419883068580779,-0.165873770113885,-0.02695));
#13446=CARTESIAN_POINT('',(-0.0401,-0.1694,-0.02695));
#13447=CARTESIAN_POINT('',(-0.0428684815118306,-0.166512871648393,-0.02695));
#13448=CARTESIAN_POINT('',(-0.0428684815118306,-0.166512871648393,-0.02695));
#13449=CARTESIAN_POINT('',(-0.043059697861688,-0.166696229942473,-0.0269499999999999));
#13450=CARTESIAN_POINT('',(-0.0432085838458279,-0.1668827184358,-0.0271850297767354));
#13451=CARTESIAN_POINT('',(-0.0432085838458279,-0.1668827184358,-0.02745));
#13452=CARTESIAN_POINT('',(-0.0432085838458279,-0.1668827184358,-0.02745));
#13453=CARTESIAN_POINT('',(-0.0432085838458279,-0.1668827184358,-0.02695));
#13454=CARTESIAN_POINT('',(-0.0432085838458279,-0.1668827184358,-0.03945));
#13455=CARTESIAN_POINT('',(-0.0432085838458279,-0.1668827184358,-0.03945));
#13456=CARTESIAN_POINT('',(-0.0432085838458279,-0.1668827184358,-0.0397149607144021));
#13457=CARTESIAN_POINT('',(-0.043059704079263,-0.166696235904536,-0.0399500000000001));
#13458=CARTESIAN_POINT('',(-0.0428684815118306,-0.166512871648393,-0.03995));
#13459=CARTESIAN_POINT('',(-0.044037162820886,-0.170106221581257,-0.03995));
#13460=CARTESIAN_POINT('',(-0.0440838191959328,-0.169846113776473,-0.0399499999999999));
#13461=CARTESIAN_POINT('',(-0.0440945181390183,-0.169609343824972,-0.0397142601455252));
#13462=CARTESIAN_POINT('',(-0.0440945181390183,-0.169609343824972,-0.03945));
#13463=CARTESIAN_POINT('',(-0.0440945181390183,-0.169609343824972,-0.03945));
#13464=CARTESIAN_POINT('',(-0.0440945181390183,-0.169609343824972,-0.02695));
#13465=CARTESIAN_POINT('',(-0.0440945181390183,-0.169609343824972,-0.02745));
#13466=CARTESIAN_POINT('',(-0.0440945181390183,-0.169609343824972,-0.02745));
#13467=CARTESIAN_POINT('',(-0.0440945181390183,-0.169609343824972,-0.0271857293871791));
#13468=CARTESIAN_POINT('',(-0.0440838222876583,-0.169846096540202,-0.02695));
#13469=CARTESIAN_POINT('',(-0.044037162820886,-0.170106221581257,-0.02695));
#13470=CARTESIAN_POINT('',(-0.044037162820886,-0.170106221581257,-0.02695));
#13471=CARTESIAN_POINT('',(-0.0401,-0.1694,-0.02695));
#13472=CARTESIAN_POINT('',(-0.0437013300679446,-0.171140810656481,-0.02695));
#13473=CARTESIAN_POINT('',(-0.0437013300679446,-0.171140810656481,-0.02695));
#13474=CARTESIAN_POINT('',(-0.0435860350692517,-0.171379329040965,-0.0269500000000001));
#13475=CARTESIAN_POINT('',(-0.0434546822717817,-0.17157855614006,-0.0271850297767353));
#13476=CARTESIAN_POINT('',(-0.0434546822717817,-0.17157855614006,-0.02745));
#13477=CARTESIAN_POINT('',(-0.0434546822717817,-0.17157855614006,-0.02745));
#13478=CARTESIAN_POINT('',(-0.0434546822717817,-0.17157855614006,-0.02695));
#13479=CARTESIAN_POINT('',(-0.0434546822717817,-0.17157855614006,-0.03945));
#13480=CARTESIAN_POINT('',(-0.0434546822717817,-0.17157855614006,-0.03945));
#13481=CARTESIAN_POINT('',(-0.0434546822717817,-0.17157855614006,-0.0397149607144021));
#13482=CARTESIAN_POINT('',(-0.0435860313203291,-0.171379336796609,-0.0399499999999999));
#13483=CARTESIAN_POINT('',(-0.0437013300679446,-0.171140810656481,-0.03995));
#13484=CARTESIAN_POINT('',(-0.040644993584472,-0.173362698826921,-0.03995));
#13485=CARTESIAN_POINT('',(-0.0409067884199363,-0.173326693944389,-0.03995));
#13486=CARTESIAN_POINT('',(-0.0411352761804101,-0.173263703305156,-0.0397142601455253));
#13487=CARTESIAN_POINT('',(-0.0411352761804101,-0.173263703305156,-0.03945));
#13488=CARTESIAN_POINT('',(-0.0411352761804101,-0.173263703305156,-0.03945));
#13489=CARTESIAN_POINT('',(-0.0411352761804101,-0.173263703305156,-0.02695));
#13490=CARTESIAN_POINT('',(-0.0411352761804101,-0.173263703305156,-0.02745));
#13491=CARTESIAN_POINT('',(-0.0411352761804101,-0.173263703305157,-0.02745));
#13492=CARTESIAN_POINT('',(-0.0411352761804101,-0.173263703305157,-0.0271857293871788));
#13493=CARTESIAN_POINT('',(-0.0409068057680002,-0.173326691558494,-0.02695));
#13494=CARTESIAN_POINT('',(-0.0406449935844721,-0.173362698826922,-0.02695));
#13495=CARTESIAN_POINT('',(-0.040644993584472,-0.173362698826921,-0.02695));
#13496=CARTESIAN_POINT('',(-0.0401,-0.1694,-0.02695));
#13497=CARTESIAN_POINT('',(-0.0395572628748661,-0.17336300850529,-0.02695));
#13498=CARTESIAN_POINT('',(-0.0395572628748661,-0.17336300850529,-0.02695));
#13499=CARTESIAN_POINT('',(-0.0392947902970836,-0.173327062679763,-0.02695));
#13500=CARTESIAN_POINT('',(-0.0390647238195899,-0.173263703305157,-0.0271850297767354));
#13501=CARTESIAN_POINT('',(-0.0390647238195899,-0.173263703305157,-0.02745));
#13502=CARTESIAN_POINT('',(-0.0390647238195899,-0.173263703305156,-0.02745));
#13503=CARTESIAN_POINT('',(-0.0390647238195899,-0.173263703305156,-0.02695));
#13504=CARTESIAN_POINT('',(-0.0390647238195899,-0.173263703305156,-0.03945));
#13505=CARTESIAN_POINT('',(-0.0390647238195899,-0.173263703305156,-0.03945));
#13506=CARTESIAN_POINT('',(-0.0390647238195899,-0.173263703305156,-0.0397149607144021));
#13507=CARTESIAN_POINT('',(-0.039294781762547,-0.173327061510952,-0.03995));
#13508=CARTESIAN_POINT('',(-0.0395572628748661,-0.17336300850529,-0.03995));
#13509=CARTESIAN_POINT('',(-0.0401,-0.1694,-0.03995));
#13510=CARTESIAN_POINT('',(-0.0364996617379684,-0.171142860980959,-0.03995));
#13511=CARTESIAN_POINT('',(-0.0361632399417662,-0.170108463297493,-0.03995));
#13512=CARTESIAN_POINT('',(-0.0364996617379684,-0.171142860980959,-0.03995));
#13513=CARTESIAN_POINT('',(-0.0366148034693176,-0.171380716544577,-0.0399500000000001));
#13514=CARTESIAN_POINT('',(-0.0367453177282183,-0.17157855614006,-0.0397142601455253));
#13515=CARTESIAN_POINT('',(-0.0367453177282183,-0.17157855614006,-0.03945));
#13516=CARTESIAN_POINT('',(-0.0367453177282183,-0.17157855614006,-0.03945));
#13517=CARTESIAN_POINT('',(-0.0367453177282183,-0.17157855614006,-0.02695));
#13518=CARTESIAN_POINT('',(-0.0367453177282183,-0.17157855614006,-0.02745));
#13519=CARTESIAN_POINT('',(-0.0367453177282183,-0.17157855614006,-0.02745));
#13520=CARTESIAN_POINT('',(-0.0367453177282183,-0.17157855614006,-0.0271857293871788));
#13521=CARTESIAN_POINT('',(-0.0366148110992852,-0.171380732306284,-0.02695));
#13522=CARTESIAN_POINT('',(-0.0364996617379684,-0.171142860980959,-0.02695));
#13523=CARTESIAN_POINT('',(-0.0364996617379684,-0.171142860980959,-0.02695));
#13524=CARTESIAN_POINT('',(-0.0401,-0.1694,-0.02695));
#13525=CARTESIAN_POINT('',(-0.0361632399417662,-0.170108463297493,-0.02695));
#13526=CARTESIAN_POINT('',(-0.0361632399417662,-0.170108463297493,-0.02695));
#13527=CARTESIAN_POINT('',(-0.0361163179662748,-0.16984772917108,-0.02695));
#13528=CARTESIAN_POINT('',(-0.0361054818609817,-0.169609343824972,-0.0271850297767355));
#13529=CARTESIAN_POINT('',(-0.0361054818609817,-0.169609343824972,-0.02745));
#13530=CARTESIAN_POINT('',(-0.0361054818609817,-0.169609343824972,-0.02745));
#13531=CARTESIAN_POINT('',(-0.0361054818609817,-0.169609343824972,-0.02695));
#13532=CARTESIAN_POINT('',(-0.0361054818609817,-0.169609343824972,-0.03945));
#13533=CARTESIAN_POINT('',(-0.0361054818609817,-0.169609343824972,-0.03945));
#13534=CARTESIAN_POINT('',(-0.0361054818609817,-0.169609343824972,-0.0397149607144019));
#13535=CARTESIAN_POINT('',(-0.0361163164405638,-0.16984772069307,-0.03995));
#13536=CARTESIAN_POINT('',(-0.0361632399417662,-0.170108463297493,-0.03995));
#13537=CARTESIAN_POINT('',(-0.0386665282018188,-0.165665678294011,-0.03945));
#13538=CARTESIAN_POINT('',(-0.0386665282018188,-0.165665678294011,-0.0397149607144022));
#13539=CARTESIAN_POINT('',(-0.0384431663972971,-0.165749645094832,-0.03995));
#13540=CARTESIAN_POINT('',(-0.0382096856035924,-0.165874845892343,-0.03995));
#13541=CARTESIAN_POINT('',(-0.0386665282018188,-0.165665678294011,-0.03945));
#13542=CARTESIAN_POINT('',(-0.0373298749985957,-0.166514448496977,-0.03995));
#13543=CARTESIAN_POINT('',(-0.0371392416666288,-0.166697456202239,-0.0399500000000001));
#13544=CARTESIAN_POINT('',(-0.0369914161541721,-0.1668827184358,-0.0397142601455253));
#13545=CARTESIAN_POINT('',(-0.0369914161541721,-0.1668827184358,-0.03945));
#13546=CARTESIAN_POINT('',(-0.0369914161541721,-0.1668827184358,-0.03945));
#13547=CARTESIAN_POINT('',(-0.0369914161541721,-0.1668827184358,-0.02695));
#13548=CARTESIAN_POINT('',(-0.0369914161541721,-0.1668827184358,-0.02745));
#13549=CARTESIAN_POINT('',(-0.0369914161541721,-0.1668827184358,-0.02745));
#13550=CARTESIAN_POINT('',(-0.0369914161541721,-0.1668827184358,-0.0271857293871789));
#13551=CARTESIAN_POINT('',(-0.0371392290341442,-0.166697468329405,-0.02695));
#13552=CARTESIAN_POINT('',(-0.0373298749985957,-0.166514448496977,-0.02695));
#13553=CARTESIAN_POINT('',(-0.0373298749985957,-0.166514448496977,-0.02695));
#13554=CARTESIAN_POINT('',(-0.0401,-0.1694,-0.02695));
#13555=CARTESIAN_POINT('',(-0.0382096856035923,-0.165874845892342,-0.02695));
#13556=CARTESIAN_POINT('',(-0.0382096856035923,-0.165874845892342,-0.02695));
#13557=CARTESIAN_POINT('',(-0.0384431588057018,-0.165749649165719,-0.02695));
#13558=CARTESIAN_POINT('',(-0.0386665282018188,-0.165665678294011,-0.0271850297767353));
#13559=CARTESIAN_POINT('',(-0.0386665282018188,-0.165665678294011,-0.02745));
#13560=CARTESIAN_POINT('',(-0.0386665282018188,-0.165665678294011,-0.02745));
#13561=CARTESIAN_POINT('',(-0.0386665282018188,-0.165665678294011,-0.02695));
#13562=CARTESIAN_POINT('',(-0.0401,-0.1694,-0.00895));
#13563=CARTESIAN_POINT('',(-0.0361,-0.1694,-0.00895));
#13564=CARTESIAN_POINT('',(-0.0401,-0.1694,-0.05895));
#13565=CARTESIAN_POINT('',(-0.0361,-0.1694,-0.05895));
#13566=CARTESIAN_POINT('',(-0.0401,-0.1694,-0.03995));
#13567=CARTESIAN_POINT('',(-0.0399168477189853,-0.169094461286629,-0.03995));
#13568=CARTESIAN_POINT('',(-0.0304870461451336,-0.174747066315673,-0.03995));
#13569=CARTESIAN_POINT('',(-0.0291129837069365,-0.170224162962874,-0.03995));
#13570=CARTESIAN_POINT('',(-0.029130896123272,-0.170223869007519,-0.03995));
#13571=CARTESIAN_POINT('',(-0.0401,-0.1694,-0.03995));
#13572=CARTESIAN_POINT('',(-0.0383,-0.1694,-0.00895));
#13573=CARTESIAN_POINT('',(-0.0383,-0.1694,-0.01495));
#13574=CARTESIAN_POINT('',(-0.0383,-0.167455134966122,-0.01495));
#13575=CARTESIAN_POINT('',(-0.0383,-0.171344865033878,-0.01495));
#13576=CARTESIAN_POINT('',(-0.0383,-0.171344865033878,-0.00895));
#13577=CARTESIAN_POINT('',(-0.0383,-0.171344865033878,-0.00895));
#13578=CARTESIAN_POINT('',(-0.0383,-0.1694,-0.00895));
#13579=CARTESIAN_POINT('',(-0.0383,-0.167455134966122,-0.00895));
#13580=CARTESIAN_POINT('',(-0.0383,-0.167455134966122,-0.00895));
#13581=CARTESIAN_POINT('',(-0.0401,-0.1694,-0.00895));
#13582=CARTESIAN_POINT('',(-0.0401,-0.1694,-0.01495));
#13583=CARTESIAN_POINT('',(-0.0419,-0.171344865033878,-0.01495));
#13584=CARTESIAN_POINT('',(-0.0419,-0.171344865033878,-0.00895));
#13585=CARTESIAN_POINT('',(-0.0419,-0.171344865033878,-0.00895));
#13586=CARTESIAN_POINT('',(-0.0401,-0.1694,-0.00895));
#13587=CARTESIAN_POINT('',(-0.0419,-0.1694,-0.00895));
#13588=CARTESIAN_POINT('',(-0.0419,-0.1694,-0.01495));
#13589=CARTESIAN_POINT('',(-0.0419,-0.167455134966122,-0.01495));
#13590=CARTESIAN_POINT('',(-0.0419,-0.167455134966122,-0.00895));
#13591=CARTESIAN_POINT('',(-0.0419,-0.167455134966122,-0.00895));
#13592=CARTESIAN_POINT('',(-0.0419,-0.1694,-0.00895));
#13593=CARTESIAN_POINT('',(-0.0401,-0.1694,-0.00895));
#13594=CARTESIAN_POINT('',(-0.0401,-0.1694,-0.01495));
#13595=CARTESIAN_POINT('',(-0.0401,-0.1694,-0.00895));
#13596=CARTESIAN_POINT('',(-0.0401,-0.1694,-0.00895));
#13597=CARTESIAN_POINT('',(-0.0401,-0.1694,-0.01495));
#13598=CARTESIAN_POINT('',(-0.0429047158968617,-0.16244458408963,-0.02695));
#13599=CARTESIAN_POINT('',(-0.0429047158968617,-0.16244458408963,-0.03945));
#13600=CARTESIAN_POINT('',(-0.0442759599955423,-0.159223489885249,-0.03945));
#13601=CARTESIAN_POINT('',(-0.0442759599955423,-0.159223489885249,-0.02695));
#13602=CARTESIAN_POINT('',(-0.0442759599955422,-0.159223489885249,-0.02745));
#13603=CARTESIAN_POINT('',(-0.0415334717981812,-0.165665678294011,-0.02745));
#13604=CARTESIAN_POINT('',(-0.0400135960106304,-0.169285088610465,-0.03995));
#13605=CARTESIAN_POINT('',(-0.0400135960106304,-0.169285088610465,-0.02745));
#13606=CARTESIAN_POINT('',(-0.0488047424987027,-0.162674863716528,-0.02745));
#13607=CARTESIAN_POINT('',(-0.0488047424987027,-0.162674863716528,-0.02695));
#13608=CARTESIAN_POINT('',(-0.0488047424987027,-0.162674863716528,-0.03945));
#13609=CARTESIAN_POINT('',(-0.0432085838458279,-0.1668827184358,-0.03945));
#13610=CARTESIAN_POINT('',(-0.0401,-0.1694,-0.02695));
#13611=CARTESIAN_POINT('',(-0.0401,-0.1694,-0.02695));
#13612=CARTESIAN_POINT('',(-0.0447341163113467,-0.159423779973712,-0.02695));
#13613=CARTESIAN_POINT('',(-0.0484899333968969,-0.162285998482174,-0.02695));
#13614=CARTESIAN_POINT('',(-0.0397131055754276,-0.168885456907079,-0.02695));
#13615=CARTESIAN_POINT('',(-0.0447360081977154,-0.159419335874938,-0.02695));
#13616=CARTESIAN_POINT('',(-0.0397131055754276,-0.168885456907079,-0.02745));
#13617=CARTESIAN_POINT('',(-0.0488047424987027,-0.162674863716528,-0.02745));
#13618=CARTESIAN_POINT('',(-0.0488047424987027,-0.162674863716528,-0.0271857800922256));
#13619=CARTESIAN_POINT('',(-0.0486608091346652,-0.162487521641177,-0.02695));
#13620=CARTESIAN_POINT('',(-0.0484899333968969,-0.162285998482174,-0.02695));
#13621=CARTESIAN_POINT('',(-0.0397131055754276,-0.168885456907079,-0.03945));
#13622=CARTESIAN_POINT('',(-0.0484899333968969,-0.162285998482174,-0.03995));
#13623=CARTESIAN_POINT('',(-0.0486608083906826,-0.162487520763757,-0.03995));
#13624=CARTESIAN_POINT('',(-0.0488047424987027,-0.162674863716528,-0.0397142211646424));
#13625=CARTESIAN_POINT('',(-0.0488047424987027,-0.162674863716528,-0.03945));
#13626=CARTESIAN_POINT('',(-0.0433647640990349,-0.162640430079319,-0.03945));
#13627=CARTESIAN_POINT('',(-0.0442759599955423,-0.159223489885249,-0.03945));
#13628=CARTESIAN_POINT('',(-0.0442759599955423,-0.159223489885249,-0.039714129880948));
#13629=CARTESIAN_POINT('',(-0.0444945685097755,-0.159312506127337,-0.03995));
#13630=CARTESIAN_POINT('',(-0.0447341163113467,-0.159423779973712,-0.03995));
#13631=CARTESIAN_POINT('',(-0.0404277644576233,-0.169539531801852,-0.02745));
#13632=CARTESIAN_POINT('',(-0.0447341163113467,-0.159423779973712,-0.02695));
#13633=CARTESIAN_POINT('',(-0.0444945706642679,-0.159312507128134,-0.02695));
#13634=CARTESIAN_POINT('',(-0.0442759599955423,-0.159223489885249,-0.0271858715520768));
#13635=CARTESIAN_POINT('',(-0.0442759599955423,-0.159223489885249,-0.02745));
#13636=CARTESIAN_POINT('',(-0.0401,-0.1694,-0.04095));
#13637=CARTESIAN_POINT('',(-0.0401,-0.1694,-0.02695));
#13638=CARTESIAN_POINT('',(-0.0510199697581117,-0.170724484987429,-0.02695));
#13639=CARTESIAN_POINT('',(-0.0510199697581117,-0.170724484987429,-0.02695));
#13640=CARTESIAN_POINT('',(-0.0510517728471097,-0.170462278338528,-0.02695));
#13641=CARTESIAN_POINT('',(-0.05106887886423,-0.170226859396662,-0.0271858715520771));
#13642=CARTESIAN_POINT('',(-0.05106887886423,-0.170226859396662,-0.02745));
#13643=CARTESIAN_POINT('',(-0.05106887886423,-0.170226859396662,-0.02745));
#13644=CARTESIAN_POINT('',(-0.05106887886423,-0.170226859396662,-0.02695));
#13645=CARTESIAN_POINT('',(-0.05106887886423,-0.170226859396662,-0.03945));
#13646=CARTESIAN_POINT('',(-0.05106887886423,-0.170226859396662,-0.03945));
#13647=CARTESIAN_POINT('',(-0.05106887886423,-0.170226859396662,-0.0397141298809478));
#13648=CARTESIAN_POINT('',(-0.0510517731331492,-0.170462275980221,-0.0399499999999999));
#13649=CARTESIAN_POINT('',(-0.0510199697581117,-0.170724484987429,-0.03995));
#13650=CARTESIAN_POINT('',(-0.0401,-0.1694,-0.03995));
#13651=CARTESIAN_POINT('',(-0.0401,-0.1694,-0.04095));
#13652=CARTESIAN_POINT('',(-0.0401,-0.1694,-0.03995));
#13653=CARTESIAN_POINT('',(-0.0359268145008529,-0.159222351804581,-0.03995));
#13654=CARTESIAN_POINT('',(-0.0361712768569245,-0.159122113838024,-0.03995));
#13655=CARTESIAN_POINT('',(-0.0363939286783874,-0.159043116522857,-0.0397142211646425));
#13656=CARTESIAN_POINT('',(-0.0363939286783874,-0.159043116522857,-0.03945));
#13657=CARTESIAN_POINT('',(-0.0363939286783874,-0.159043116522857,-0.03945));
#13658=CARTESIAN_POINT('',(-0.0363939286783874,-0.159043116522857,-0.02695));
#13659=CARTESIAN_POINT('',(-0.0363939286783874,-0.159043116522857,-0.02745));
#13660=CARTESIAN_POINT('',(-0.0363939286783874,-0.159043116522857,-0.02745));
#13661=CARTESIAN_POINT('',(-0.0363939286783874,-0.159043116522857,-0.0271857800922255));
#13662=CARTESIAN_POINT('',(-0.0361712779213034,-0.159122113401592,-0.02695));
#13663=CARTESIAN_POINT('',(-0.0359268145008529,-0.159222351804581,-0.02695));
#13664=CARTESIAN_POINT('',(-0.0359268145008529,-0.159222351804581,-0.02695));
#13665=CARTESIAN_POINT('',(-0.0401,-0.1694,-0.02695));
#13666=CARTESIAN_POINT('',(-0.0343517112514236,-0.164583214950683,-0.02695));
#13667=CARTESIAN_POINT('',(-0.0343517112514236,-0.164583214950683,-0.03945));
#13668=CARTESIAN_POINT('',(-0.031712006348675,-0.162283711465565,-0.03945));
#13669=CARTESIAN_POINT('',(-0.031712006348675,-0.162283711465565,-0.02695));
#13670=CARTESIAN_POINT('',(-0.031712006348675,-0.162283711465565,-0.02745));
#13671=CARTESIAN_POINT('',(-0.0369914161541721,-0.1668827184358,-0.02745));
#13672=CARTESIAN_POINT('',(-0.0399640124730892,-0.16944666550491,-0.03995));
#13673=CARTESIAN_POINT('',(-0.0399640124730892,-0.16944666550491,-0.02745));
#13674=CARTESIAN_POINT('',(-0.0386665282018188,-0.165665678294011,-0.03945));
#13675=CARTESIAN_POINT('',(-0.0401,-0.1694,-0.02695));
#13676=CARTESIAN_POINT('',(-0.0401,-0.1694,-0.02695));
#13677=CARTESIAN_POINT('',(-0.0320440716301208,-0.161909871957078,-0.02695));
#13678=CARTESIAN_POINT('',(-0.0394910834863405,-0.169608955903557,-0.02695));
#13679=CARTESIAN_POINT('',(-0.0320404296660621,-0.161906699364173,-0.02695));
#13680=CARTESIAN_POINT('',(-0.0394910834863405,-0.169608955903557,-0.02745));
#13681=CARTESIAN_POINT('',(-0.0394910834863405,-0.169608955903557,-0.03945));
#13682=CARTESIAN_POINT('',(-0.0346801345688107,-0.16420620284929,-0.03945));
#13683=CARTESIAN_POINT('',(-0.031712006348675,-0.162283711465565,-0.03945));
#13684=CARTESIAN_POINT('',(-0.031712006348675,-0.162283711465565,-0.039714129880948));
#13685=CARTESIAN_POINT('',(-0.031864219571782,-0.162103309945167,-0.03995));
#13686=CARTESIAN_POINT('',(-0.0320440716301208,-0.161909871957078,-0.03995));
#13687=CARTESIAN_POINT('',(-0.0403339874169397,-0.169131395174796,-0.02745));
#13688=CARTESIAN_POINT('',(-0.0320440716301208,-0.161909871957078,-0.02695));
#13689=CARTESIAN_POINT('',(-0.031864221189371,-0.162103308205386,-0.0269500000000001));
#13690=CARTESIAN_POINT('',(-0.031712006348675,-0.162283711465565,-0.0271858715520769));
#13691=CARTESIAN_POINT('',(-0.031712006348675,-0.162283711465565,-0.02745));
#13692=CARTESIAN_POINT('',(-0.0401,-0.1694,-0.04095));
#13693=CARTESIAN_POINT('',(-0.0401,-0.1694,-0.03995));
#13694=CARTESIAN_POINT('',(-0.029130896123272,-0.170223869007519,-0.03995));
#13695=CARTESIAN_POINT('',(-0.0291111071745084,-0.16996039625564,-0.0399500000000001));
#13696=CARTESIAN_POINT('',(-0.0291047794598095,-0.169724230277076,-0.0397142211646424));
#13697=CARTESIAN_POINT('',(-0.0291047794598095,-0.169724230277076,-0.03945));
#13698=CARTESIAN_POINT('',(-0.0291047794598095,-0.169724230277076,-0.03945));
#13699=CARTESIAN_POINT('',(-0.0291047794598095,-0.169724230277076,-0.02695));
#13700=CARTESIAN_POINT('',(-0.0291047794598095,-0.169724230277076,-0.02745));
#13701=CARTESIAN_POINT('',(-0.0291047794598095,-0.169724230277076,-0.02745));
#13702=CARTESIAN_POINT('',(-0.0291047794598095,-0.169724230277076,-0.0271857800922256));
#13703=CARTESIAN_POINT('',(-0.0291111070883482,-0.16996039510849,-0.0269499999999999));
#13704=CARTESIAN_POINT('',(-0.029130896123272,-0.170223869007519,-0.02695));
#13705=CARTESIAN_POINT('',(-0.029130896123272,-0.170223869007519,-0.02695));
#13706=CARTESIAN_POINT('',(-0.0401,-0.1694,-0.02695));
#13707=CARTESIAN_POINT('',(-0.0475816985016242,-0.169918101610817,-0.02695));
#13708=CARTESIAN_POINT('',(-0.0440945181390183,-0.169609343824972,-0.02745));
#13709=CARTESIAN_POINT('',(-0.0475816985016242,-0.169918101610817,-0.03945));
#13710=CARTESIAN_POINT('',(-0.0401825869247168,-0.169282315350663,-0.03995));
#13711=CARTESIAN_POINT('',(-0.0401825869247168,-0.169282315350663,-0.02745));
#13712=CARTESIAN_POINT('',(-0.0491858980491265,-0.175600520674982,-0.02745));
#13713=CARTESIAN_POINT('',(-0.0491858980491265,-0.175600520674982,-0.02695));
#13714=CARTESIAN_POINT('',(-0.0491858980491265,-0.175600520674982,-0.03945));
#13715=CARTESIAN_POINT('',(-0.0434546822717817,-0.17157855614006,-0.03945));
#13716=CARTESIAN_POINT('',(-0.0401,-0.1694,-0.02695));
#13717=CARTESIAN_POINT('',(-0.0510247809722492,-0.170724910976243,-0.02695));
#13718=CARTESIAN_POINT('',(-0.0401,-0.1694,-0.02695));
#13719=CARTESIAN_POINT('',(-0.0494584495017773,-0.175180953461384,-0.02695));
#13720=CARTESIAN_POINT('',(-0.040469802609216,-0.168873038976341,-0.02695));
#13721=CARTESIAN_POINT('',(-0.0400685821581757,-0.169754840221261,-0.02745));
#13722=CARTESIAN_POINT('',(-0.040469802609216,-0.168873038976341,-0.02745));
#13723=CARTESIAN_POINT('',(-0.0491858980491265,-0.175600520674982,-0.02745));
#13724=CARTESIAN_POINT('',(-0.0491858980491265,-0.175600520674982,-0.0271857800922254));
#13725=CARTESIAN_POINT('',(-0.0493195930951203,-0.175405740026157,-0.02695));
#13726=CARTESIAN_POINT('',(-0.0494584495017773,-0.175180953461384,-0.02695));
#13727=CARTESIAN_POINT('',(-0.040469802609216,-0.168873038976341,-0.03945));
#13728=CARTESIAN_POINT('',(-0.0494584495017773,-0.175180953461384,-0.03995));
#13729=CARTESIAN_POINT('',(-0.0493195936996926,-0.17540573904745,-0.03995));
#13730=CARTESIAN_POINT('',(-0.0491858980491265,-0.175600520674982,-0.0397142211646426));
#13731=CARTESIAN_POINT('',(-0.0491858980491265,-0.175600520674982,-0.03945));
#13732=CARTESIAN_POINT('',(-0.0475376006096433,-0.170416153190397,-0.03945));
#13733=CARTESIAN_POINT('',(-0.0401,-0.1694,-0.04095));
#13734=CARTESIAN_POINT('',(-0.0401,-0.1694,-0.02695));
#13735=CARTESIAN_POINT('',(-0.0421981376758396,-0.180198046966615,-0.02695));
#13736=CARTESIAN_POINT('',(-0.0421981376758396,-0.180198046966615,-0.02695));
#13737=CARTESIAN_POINT('',(-0.0401,-0.1694,-0.03995));
#13738=CARTESIAN_POINT('',(-0.0419192280707212,-0.176675620315481,-0.02695));
#13739=CARTESIAN_POINT('',(-0.0419192280707212,-0.176675620315481,-0.03945));
#13740=CARTESIAN_POINT('',(-0.0425900699797328,-0.179595259835308,-0.03945));
#13741=CARTESIAN_POINT('',(-0.0425900699797328,-0.179595259835308,-0.02695));
#13742=CARTESIAN_POINT('',(-0.0425900699797328,-0.179595259835308,-0.02745));
#13743=CARTESIAN_POINT('',(-0.0411352761804101,-0.173263703305156,-0.02745));
#13744=CARTESIAN_POINT('',(-0.0402374455158709,-0.16944217827629,-0.03995));
#13745=CARTESIAN_POINT('',(-0.0370106513139739,-0.179957268808558,-0.02695));
#13746=CARTESIAN_POINT('',(-0.0370106513139739,-0.179957268808558,-0.02745));
#13747=CARTESIAN_POINT('',(-0.0370106513139739,-0.179957268808558,-0.03945));
#13748=CARTESIAN_POINT('',(-0.0390647238195899,-0.173263703305156,-0.03945));
#13749=CARTESIAN_POINT('',(-0.0402374455158709,-0.16944217827629,-0.02745));
#13750=CARTESIAN_POINT('',(-0.0401,-0.1694,-0.02695));
#13751=CARTESIAN_POINT('',(-0.0401,-0.1694,-0.02695));
#13752=CARTESIAN_POINT('',(-0.037493906477201,-0.180086827244342,-0.02695));
#13753=CARTESIAN_POINT('',(-0.0407154450061962,-0.169588863269554,-0.02695));
#13754=CARTESIAN_POINT('',(-0.0422158777627826,-0.180199504140447,-0.02695));
#13755=CARTESIAN_POINT('',(-0.0422147345961257,-0.1801945288482,-0.02695));
#13756=CARTESIAN_POINT('',(-0.0421027677814833,-0.17970722664995,-0.02695));
#13757=CARTESIAN_POINT('',(-0.0397528182482761,-0.169479771515462,-0.02745));
#13758=CARTESIAN_POINT('',(-0.0421027677814833,-0.17970722664995,-0.02745));
#13759=CARTESIAN_POINT('',(-0.0414319258724716,-0.176787587130123,-0.03945));
#13760=CARTESIAN_POINT('',(-0.0421027677814833,-0.17970722664995,-0.03945));
#13761=CARTESIAN_POINT('',(-0.0421027677814833,-0.17970722664995,-0.02695));
#13762=CARTESIAN_POINT('',(-0.0407154450061962,-0.169588863269554,-0.03945));
#13763=CARTESIAN_POINT('',(-0.037493906477201,-0.180086827244342,-0.03995));
#13764=CARTESIAN_POINT('',(-0.0372372138781918,-0.180024230095129,-0.03995));
#13765=CARTESIAN_POINT('',(-0.0370106513139739,-0.179957268808558,-0.0397142211646424));
#13766=CARTESIAN_POINT('',(-0.0370106513139739,-0.179957268808558,-0.03945));
#13767=CARTESIAN_POINT('',(-0.0407154450061962,-0.169588863269554,-0.02745));
#13768=CARTESIAN_POINT('',(-0.0370106513139739,-0.179957268808558,-0.02745));
#13769=CARTESIAN_POINT('',(-0.0370106513139739,-0.179957268808558,-0.0271857800922255));
#13770=CARTESIAN_POINT('',(-0.037237212760563,-0.180024229822584,-0.02695));
#13771=CARTESIAN_POINT('',(-0.037493906477201,-0.180086827244342,-0.02695));
#13772=CARTESIAN_POINT('',(-0.0401,-0.1694,-0.04095));
#13773=CARTESIAN_POINT('',(-0.0401,-0.1694,-0.03995));
#13774=CARTESIAN_POINT('',(-0.0401,-0.1694,-0.02695));
#13775=CARTESIAN_POINT('',(-0.0304870461451335,-0.174747066315673,-0.02695));
#13776=CARTESIAN_POINT('',(-0.0304870461451335,-0.174747066315673,-0.02695));
#13777=CARTESIAN_POINT('',(-0.0306154381069372,-0.174977889337362,-0.02695));
#13778=CARTESIAN_POINT('',(-0.0307399748305205,-0.175178401926719,-0.0271858715520768));
#13779=CARTESIAN_POINT('',(-0.0307399748305205,-0.175178401926719,-0.02745));
#13780=CARTESIAN_POINT('',(-0.0307399748305205,-0.175178401926719,-0.02745));
#13781=CARTESIAN_POINT('',(-0.0307399748305205,-0.175178401926719,-0.02695));
#13782=CARTESIAN_POINT('',(-0.0307399748305205,-0.175178401926719,-0.03945));
#13783=CARTESIAN_POINT('',(-0.0307399748305205,-0.175178401926719,-0.03945));
#13784=CARTESIAN_POINT('',(-0.0307399748305205,-0.175178401926719,-0.039714129880948));
#13785=CARTESIAN_POINT('',(-0.0306154392617046,-0.174977891413403,-0.0399500000000001));
#13786=CARTESIAN_POINT('',(-0.0304870461451335,-0.174747066315673,-0.03995));
#13787=CARTESIAN_POINT('',(-0.0337426462793694,-0.17337847903339,-0.02695));
#13788=CARTESIAN_POINT('',(-0.0367453177282183,-0.17157855614006,-0.02745));
#13789=CARTESIAN_POINT('',(-0.0337426462793694,-0.17337847903339,-0.03945));
#13790=CARTESIAN_POINT('',(-0.0401023590756926,-0.169543752257672,-0.03995));
#13791=CARTESIAN_POINT('',(-0.0401023590756926,-0.169543752257672,-0.02745));
#13792=CARTESIAN_POINT('',(-0.0361054818609817,-0.169609343824972,-0.03945));
#13793=CARTESIAN_POINT('',(-0.0401,-0.1694,-0.02695));
#13794=CARTESIAN_POINT('',(-0.0304829034011906,-0.1747495496442,-0.02695));
#13795=CARTESIAN_POINT('',(-0.0401,-0.1694,-0.02695));
#13796=CARTESIAN_POINT('',(-0.0401105633228196,-0.170043684943469,-0.02695));
#13797=CARTESIAN_POINT('',(-0.0399168477189853,-0.169094461286629,-0.02745));
#13798=CARTESIAN_POINT('',(-0.0401105633228196,-0.170043684943469,-0.02745));
#13799=CARTESIAN_POINT('',(-0.0401105633228196,-0.170043684943469,-0.03945));
#13800=CARTESIAN_POINT('',(-0.0334855748500395,-0.17294962675087,-0.03945));
#13801=CARTESIAN_POINT('',(-0.0401,-0.1694,-0.04095));
#13802=CARTESIAN_POINT('',(-0.0401,-0.1694,-0.03595));
#13803=CARTESIAN_POINT('',(-0.0251,-0.1694,-0.03595));
#13804=CARTESIAN_POINT('',(-0.0401,-0.1694,-0.03095));
#13805=CARTESIAN_POINT('',(-0.0251,-0.1694,-0.03095));
#13806=CARTESIAN_POINT('',(-0.0401,-0.1694,-0.03595));
#13807=CARTESIAN_POINT('',(-0.0401,-0.1694,-0.02595));
#13808=CARTESIAN_POINT('',(-0.0400754329406919,-0.169811175902291,-0.05895));
#13809=CARTESIAN_POINT('',(0.,0.,0.));
#13810=CARTESIAN_POINT('',(0.05,-0.1714,-0.01495));
#13811=CARTESIAN_POINT('',(0.0514334717981812,-0.167665678294011,-0.03945));
#13812=CARTESIAN_POINT('',(0.0514334717981812,-0.167665678294011,-0.0397149607144022));
#13813=CARTESIAN_POINT('',(0.0516568336027028,-0.167749645094832,-0.03995));
#13814=CARTESIAN_POINT('',(0.0518903143964076,-0.167874845892343,-0.03995));
#13815=CARTESIAN_POINT('',(0.0514334717981812,-0.167665678294011,-0.03945));
#13816=CARTESIAN_POINT('',(0.0518903143964076,-0.167874845892343,-0.03995));
#13817=CARTESIAN_POINT('',(0.05,-0.1714,-0.03995));
#13818=CARTESIAN_POINT('',(0.0481116931419221,-0.167873770113885,-0.03995));
#13819=CARTESIAN_POINT('',(0.0481116931419221,-0.167873770113884,-0.03995));
#13820=CARTESIAN_POINT('',(0.0483446527518154,-0.167749019532321,-0.03995));
#13821=CARTESIAN_POINT('',(0.0485665282018188,-0.167665678294011,-0.0397142601455253));
#13822=CARTESIAN_POINT('',(0.0485665282018188,-0.167665678294011,-0.03945));
#13823=CARTESIAN_POINT('',(0.0485665282018188,-0.167665678294011,-0.03945));
#13824=CARTESIAN_POINT('',(0.0485665282018188,-0.167665678294011,-0.02695));
#13825=CARTESIAN_POINT('',(0.0485665282018188,-0.167665678294011,-0.02745));
#13826=CARTESIAN_POINT('',(0.0485665282018188,-0.167665678294011,-0.02745));
#13827=CARTESIAN_POINT('',(0.0485665282018188,-0.167665678294011,-0.0271857293871787));
#13828=CARTESIAN_POINT('',(0.048344668189088,-0.167749011265615,-0.0269500000000001));
#13829=CARTESIAN_POINT('',(0.0481116931419221,-0.167873770113884,-0.02695));
#13830=CARTESIAN_POINT('',(0.0481116931419221,-0.167873770113885,-0.02695));
#13831=CARTESIAN_POINT('',(0.05,-0.1714,-0.02695));
#13832=CARTESIAN_POINT('',(0.0472315184881694,-0.168512871648393,-0.02695));
#13833=CARTESIAN_POINT('',(0.0472315184881694,-0.168512871648393,-0.02695));
#13834=CARTESIAN_POINT('',(0.047040302138312,-0.168696229942473,-0.0269499999999999));
#13835=CARTESIAN_POINT('',(0.0468914161541721,-0.1688827184358,-0.0271850297767353));
#13836=CARTESIAN_POINT('',(0.0468914161541721,-0.1688827184358,-0.02745));
#13837=CARTESIAN_POINT('',(0.0468914161541721,-0.1688827184358,-0.02745));
#13838=CARTESIAN_POINT('',(0.0468914161541721,-0.1688827184358,-0.02695));
#13839=CARTESIAN_POINT('',(0.0468914161541721,-0.1688827184358,-0.03945));
#13840=CARTESIAN_POINT('',(0.0468914161541721,-0.1688827184358,-0.03945));
#13841=CARTESIAN_POINT('',(0.0468914161541721,-0.1688827184358,-0.0397149607144021));
#13842=CARTESIAN_POINT('',(0.047040295920737,-0.168696235904536,-0.0399500000000001));
#13843=CARTESIAN_POINT('',(0.0472315184881694,-0.168512871648393,-0.03995));
#13844=CARTESIAN_POINT('',(0.0472315184881694,-0.168512871648393,-0.03995));
#13845=CARTESIAN_POINT('',(0.05,-0.1714,-0.03995));
#13846=CARTESIAN_POINT('',(0.0460628371791141,-0.172106221581257,-0.03995));
#13847=CARTESIAN_POINT('',(0.0460628371791141,-0.172106221581257,-0.03995));
#13848=CARTESIAN_POINT('',(0.0460161808040673,-0.171846113776473,-0.0399499999999999));
#13849=CARTESIAN_POINT('',(0.0460054818609817,-0.171609343824972,-0.0397142601455252));
#13850=CARTESIAN_POINT('',(0.0460054818609817,-0.171609343824972,-0.03945));
#13851=CARTESIAN_POINT('',(0.0460054818609817,-0.171609343824972,-0.03945));
#13852=CARTESIAN_POINT('',(0.0460054818609817,-0.171609343824972,-0.02695));
#13853=CARTESIAN_POINT('',(0.0460054818609817,-0.171609343824972,-0.02745));
#13854=CARTESIAN_POINT('',(0.0460054818609817,-0.171609343824972,-0.02745));
#13855=CARTESIAN_POINT('',(0.0460054818609817,-0.171609343824972,-0.027185729387179));
#13856=CARTESIAN_POINT('',(0.0460161777123417,-0.171846096540202,-0.02695));
#13857=CARTESIAN_POINT('',(0.0460628371791141,-0.172106221581257,-0.02695));
#13858=CARTESIAN_POINT('',(0.0460628371791141,-0.172106221581257,-0.02695));
#13859=CARTESIAN_POINT('',(0.05,-0.1714,-0.02695));
#13860=CARTESIAN_POINT('',(0.0463986699320553,-0.173140810656481,-0.02695));
#13861=CARTESIAN_POINT('',(0.0463986699320553,-0.173140810656481,-0.02695));
#13862=CARTESIAN_POINT('',(0.0465139649307483,-0.173379329040965,-0.0269500000000001));
#13863=CARTESIAN_POINT('',(0.0466453177282183,-0.17357855614006,-0.0271850297767353));
#13864=CARTESIAN_POINT('',(0.0466453177282183,-0.17357855614006,-0.02745));
#13865=CARTESIAN_POINT('',(0.0466453177282183,-0.17357855614006,-0.02745));
#13866=CARTESIAN_POINT('',(0.0466453177282183,-0.17357855614006,-0.02695));
#13867=CARTESIAN_POINT('',(0.0466453177282183,-0.17357855614006,-0.03945));
#13868=CARTESIAN_POINT('',(0.0466453177282183,-0.17357855614006,-0.03945));
#13869=CARTESIAN_POINT('',(0.0466453177282183,-0.17357855614006,-0.0397149607144021));
#13870=CARTESIAN_POINT('',(0.0465139686796709,-0.173379336796609,-0.0399499999999999));
#13871=CARTESIAN_POINT('',(0.0463986699320553,-0.173140810656481,-0.03995));
#13872=CARTESIAN_POINT('',(0.0463986699320554,-0.173140810656481,-0.03995));
#13873=CARTESIAN_POINT('',(0.05,-0.1714,-0.03995));
#13874=CARTESIAN_POINT('',(0.049455006415528,-0.175362698826921,-0.03995));
#13875=CARTESIAN_POINT('',(0.049455006415528,-0.175362698826921,-0.03995));
#13876=CARTESIAN_POINT('',(0.0491932115800638,-0.175326693944389,-0.0399500000000001));
#13877=CARTESIAN_POINT('',(0.0489647238195899,-0.175263703305156,-0.0397142601455254));
#13878=CARTESIAN_POINT('',(0.0489647238195899,-0.175263703305156,-0.03945));
#13879=CARTESIAN_POINT('',(0.0489647238195899,-0.175263703305156,-0.03945));
#13880=CARTESIAN_POINT('',(0.0489647238195899,-0.175263703305156,-0.02695));
#13881=CARTESIAN_POINT('',(0.0489647238195899,-0.175263703305156,-0.02745));
#13882=CARTESIAN_POINT('',(0.0489647238195899,-0.175263703305157,-0.02745));
#13883=CARTESIAN_POINT('',(0.0489647238195899,-0.175263703305157,-0.0271857293871788));
#13884=CARTESIAN_POINT('',(0.0491931942319998,-0.175326691558494,-0.02695));
#13885=CARTESIAN_POINT('',(0.049455006415528,-0.175362698826922,-0.02695));
#13886=CARTESIAN_POINT('',(0.049455006415528,-0.175362698826921,-0.02695));
#13887=CARTESIAN_POINT('',(0.05,-0.1714,-0.02695));
#13888=CARTESIAN_POINT('',(0.0505427371251339,-0.17536300850529,-0.02695));
#13889=CARTESIAN_POINT('',(0.0505427371251339,-0.17536300850529,-0.02695));
#13890=CARTESIAN_POINT('',(0.0508052097029164,-0.175327062679763,-0.02695));
#13891=CARTESIAN_POINT('',(0.0510352761804101,-0.175263703305157,-0.0271850297767354));
#13892=CARTESIAN_POINT('',(0.0510352761804101,-0.175263703305156,-0.02745));
#13893=CARTESIAN_POINT('',(0.0510352761804101,-0.175263703305156,-0.02745));
#13894=CARTESIAN_POINT('',(0.0510352761804101,-0.175263703305156,-0.02695));
#13895=CARTESIAN_POINT('',(0.0510352761804101,-0.175263703305156,-0.03945));
#13896=CARTESIAN_POINT('',(0.0510352761804101,-0.175263703305156,-0.03945));
#13897=CARTESIAN_POINT('',(0.0510352761804101,-0.175263703305156,-0.0397149607144021));
#13898=CARTESIAN_POINT('',(0.050805218237453,-0.175327061510952,-0.03995));
#13899=CARTESIAN_POINT('',(0.0505427371251339,-0.17536300850529,-0.03995));
#13900=CARTESIAN_POINT('',(0.0505427371251339,-0.17536300850529,-0.03995));
#13901=CARTESIAN_POINT('',(0.05,-0.1714,-0.03995));
#13902=CARTESIAN_POINT('',(0.0536003382620316,-0.173142860980959,-0.03995));
#13903=CARTESIAN_POINT('',(0.0536003382620316,-0.173142860980959,-0.03995));
#13904=CARTESIAN_POINT('',(0.0534851965306824,-0.173380716544577,-0.0399500000000001));
#13905=CARTESIAN_POINT('',(0.0533546822717817,-0.17357855614006,-0.0397142601455253));
#13906=CARTESIAN_POINT('',(0.0533546822717817,-0.17357855614006,-0.03945));
#13907=CARTESIAN_POINT('',(0.0533546822717817,-0.17357855614006,-0.03945));
#13908=CARTESIAN_POINT('',(0.0533546822717817,-0.17357855614006,-0.02695));
#13909=CARTESIAN_POINT('',(0.0533546822717817,-0.17357855614006,-0.02745));
#13910=CARTESIAN_POINT('',(0.0533546822717817,-0.17357855614006,-0.02745));
#13911=CARTESIAN_POINT('',(0.0533546822717817,-0.17357855614006,-0.0271857293871788));
#13912=CARTESIAN_POINT('',(0.0534851889007148,-0.173380732306284,-0.0269500000000001));
#13913=CARTESIAN_POINT('',(0.0536003382620316,-0.173142860980959,-0.02695));
#13914=CARTESIAN_POINT('',(0.0536003382620316,-0.173142860980959,-0.02695));
#13915=CARTESIAN_POINT('',(0.05,-0.1714,-0.02695));
#13916=CARTESIAN_POINT('',(0.0539367600582338,-0.172108463297493,-0.02695));
#13917=CARTESIAN_POINT('',(0.0539367600582338,-0.172108463297493,-0.02695));
#13918=CARTESIAN_POINT('',(0.0539836820337251,-0.17184772917108,-0.02695));
#13919=CARTESIAN_POINT('',(0.0539945181390183,-0.171609343824972,-0.0271850297767355));
#13920=CARTESIAN_POINT('',(0.0539945181390183,-0.171609343824972,-0.02745));
#13921=CARTESIAN_POINT('',(0.0539945181390183,-0.171609343824972,-0.02745));
#13922=CARTESIAN_POINT('',(0.0539945181390183,-0.171609343824972,-0.02695));
#13923=CARTESIAN_POINT('',(0.0539945181390183,-0.171609343824972,-0.03945));
#13924=CARTESIAN_POINT('',(0.0539945181390183,-0.171609343824972,-0.03945));
#13925=CARTESIAN_POINT('',(0.0539945181390183,-0.171609343824972,-0.0397149607144019));
#13926=CARTESIAN_POINT('',(0.0539836835594362,-0.17184772069307,-0.03995));
#13927=CARTESIAN_POINT('',(0.0539367600582338,-0.172108463297493,-0.03995));
#13928=CARTESIAN_POINT('',(0.0539367600582338,-0.172108463297493,-0.03995));
#13929=CARTESIAN_POINT('',(0.05,-0.1714,-0.03995));
#13930=CARTESIAN_POINT('',(0.0527701250014043,-0.168514448496977,-0.03995));
#13931=CARTESIAN_POINT('',(0.0527701250014043,-0.168514448496977,-0.03995));
#13932=CARTESIAN_POINT('',(0.0529607583333712,-0.168697456202239,-0.0399500000000001));
#13933=CARTESIAN_POINT('',(0.0531085838458279,-0.1688827184358,-0.0397142601455253));
#13934=CARTESIAN_POINT('',(0.0531085838458279,-0.1688827184358,-0.03945));
#13935=CARTESIAN_POINT('',(0.0531085838458279,-0.1688827184358,-0.03945));
#13936=CARTESIAN_POINT('',(0.0531085838458279,-0.1688827184358,-0.02695));
#13937=CARTESIAN_POINT('',(0.0531085838458279,-0.1688827184358,-0.02745));
#13938=CARTESIAN_POINT('',(0.0531085838458279,-0.1688827184358,-0.02745));
#13939=CARTESIAN_POINT('',(0.0531085838458279,-0.1688827184358,-0.0271857293871789));
#13940=CARTESIAN_POINT('',(0.0529607709658558,-0.168697468329405,-0.02695));
#13941=CARTESIAN_POINT('',(0.0527701250014043,-0.168514448496977,-0.02695));
#13942=CARTESIAN_POINT('',(0.0527701250014043,-0.168514448496977,-0.02695));
#13943=CARTESIAN_POINT('',(0.05,-0.1714,-0.02695));
#13944=CARTESIAN_POINT('',(0.0518903143964076,-0.167874845892343,-0.02695));
#13945=CARTESIAN_POINT('',(0.0518903143964076,-0.167874845892343,-0.02695));
#13946=CARTESIAN_POINT('',(0.0516568411942981,-0.167749649165719,-0.02695));
#13947=CARTESIAN_POINT('',(0.0514334717981812,-0.167665678294011,-0.0271850297767353));
#13948=CARTESIAN_POINT('',(0.0514334717981812,-0.167665678294011,-0.02745));
#13949=CARTESIAN_POINT('',(0.0514334717981812,-0.167665678294011,-0.02745));
#13950=CARTESIAN_POINT('',(0.0514334717981812,-0.167665678294011,-0.02695));
#13951=CARTESIAN_POINT('',(0.05,-0.1714,-0.00895));
#13952=CARTESIAN_POINT('',(0.054,-0.1714,-0.00895));
#13953=CARTESIAN_POINT('',(0.05,-0.1714,-0.03995));
#13954=CARTESIAN_POINT('',(0.0501831522810148,-0.171094461286629,-0.03995));
#13955=CARTESIAN_POINT('',(0.0596129538548664,-0.176747066315673,-0.03995));
#13956=CARTESIAN_POINT('',(0.0526113491957009,-0.182103953801821,-0.03995));
#13957=CARTESIAN_POINT('',(0.052606093522799,-0.182086827244342,-0.03995));
#13958=CARTESIAN_POINT('',(0.05,-0.1714,-0.03995));
#13959=CARTESIAN_POINT('',(0.0479018623241604,-0.182198046966615,-0.03995));
#13960=CARTESIAN_POINT('',(0.0479972322185167,-0.18170722664995,-0.03995));
#13961=CARTESIAN_POINT('',(0.0478852654038743,-0.1821945288482,-0.03995));
#13962=CARTESIAN_POINT('',(0.0503471817517238,-0.171479771515462,-0.03995));
#13963=CARTESIAN_POINT('',(0.0406268862663743,-0.17719124430066,-0.03995));
#13964=CARTESIAN_POINT('',(0.0406415504982227,-0.177180953461384,-0.03995));
#13965=CARTESIAN_POINT('',(0.05,-0.1714,-0.03995));
#13966=CARTESIAN_POINT('',(0.0390800302418885,-0.172724484987429,-0.03995));
#13967=CARTESIAN_POINT('',(0.0500314178418243,-0.171754840221261,-0.03995));
#13968=CARTESIAN_POINT('',(0.0415957479365001,-0.164275232013141,-0.03995));
#13969=CARTESIAN_POINT('',(0.0416100666031031,-0.164285998482174,-0.03995));
#13970=CARTESIAN_POINT('',(0.05,-0.1714,-0.03995));
#13971=CARTESIAN_POINT('',(0.0453658836886533,-0.161423779973712,-0.03995));
#13972=CARTESIAN_POINT('',(0.0496722355423768,-0.171539531801852,-0.03995));
#13973=CARTESIAN_POINT('',(0.0541790003083612,-0.161205406921503,-0.03995));
#13974=CARTESIAN_POINT('',(0.0541731854991472,-0.161222351804581,-0.03995));
#13975=CARTESIAN_POINT('',(0.05,-0.1714,-0.03995));
#13976=CARTESIAN_POINT('',(0.0580559283698792,-0.163909871957078,-0.03995));
#13977=CARTESIAN_POINT('',(0.0497660125830604,-0.171131395174796,-0.03995));
#13978=CARTESIAN_POINT('',(0.0609870162930635,-0.172224162962874,-0.03995));
#13979=CARTESIAN_POINT('',(0.0609691038767281,-0.172223869007519,-0.03995));
#13980=CARTESIAN_POINT('',(0.05,-0.1714,-0.03995));
#13981=CARTESIAN_POINT('',(0.0518,-0.1714,-0.00895));
#13982=CARTESIAN_POINT('',(0.0518,-0.1714,-0.01495));
#13983=CARTESIAN_POINT('',(0.0518,-0.169455134966122,-0.01495));
#13984=CARTESIAN_POINT('',(0.0518,-0.173344865033877,-0.01495));
#13985=CARTESIAN_POINT('',(0.0518,-0.173344865033877,-0.00895));
#13986=CARTESIAN_POINT('',(0.0518,-0.173344865033877,-0.00895));
#13987=CARTESIAN_POINT('',(0.0518,-0.1714,-0.00895));
#13988=CARTESIAN_POINT('',(0.0518,-0.169455134966122,-0.00895));
#13989=CARTESIAN_POINT('',(0.0518,-0.169455134966122,-0.00895));
#13990=CARTESIAN_POINT('',(0.05,-0.1714,-0.00895));
#13991=CARTESIAN_POINT('',(0.05,-0.1714,-0.01495));
#13992=CARTESIAN_POINT('',(0.0482,-0.173344865033877,-0.01495));
#13993=CARTESIAN_POINT('',(0.0482,-0.173344865033877,-0.00895));
#13994=CARTESIAN_POINT('',(0.0482,-0.173344865033877,-0.00895));
#13995=CARTESIAN_POINT('',(0.05,-0.1714,-0.00895));
#13996=CARTESIAN_POINT('',(0.0482,-0.1714,-0.00895));
#13997=CARTESIAN_POINT('',(0.0482,-0.1714,-0.01495));
#13998=CARTESIAN_POINT('',(0.0482,-0.169455134966122,-0.01495));
#13999=CARTESIAN_POINT('',(0.0482,-0.169455134966122,-0.00895));
#14000=CARTESIAN_POINT('',(0.0482,-0.169455134966122,-0.00895));
#14001=CARTESIAN_POINT('',(0.0482,-0.1714,-0.00895));
#14002=CARTESIAN_POINT('',(0.05,-0.1714,-0.00895));
#14003=CARTESIAN_POINT('',(0.05,-0.1714,-0.01495));
#14004=CARTESIAN_POINT('',(0.05,-0.1714,-0.00895));
#14005=CARTESIAN_POINT('',(0.05,-0.1714,-0.00895));
#14006=CARTESIAN_POINT('',(0.05,-0.1714,-0.01495));
#14007=CARTESIAN_POINT('',(0.0471952841031383,-0.16444458408963,-0.02695));
#14008=CARTESIAN_POINT('',(0.0471952841031383,-0.16444458408963,-0.03945));
#14009=CARTESIAN_POINT('',(0.0458240400044577,-0.161223489885249,-0.03945));
#14010=CARTESIAN_POINT('',(0.0458240400044577,-0.161223489885249,-0.02695));
#14011=CARTESIAN_POINT('',(0.0458240400044578,-0.161223489885249,-0.02745));
#14012=CARTESIAN_POINT('',(0.0485665282018188,-0.167665678294011,-0.02745));
#14013=CARTESIAN_POINT('',(0.0500864039893696,-0.171285088610465,-0.03995));
#14014=CARTESIAN_POINT('',(0.0500864039893696,-0.171285088610465,-0.02745));
#14015=CARTESIAN_POINT('',(0.0412952575012973,-0.164674863716528,-0.02745));
#14016=CARTESIAN_POINT('',(0.0412952575012973,-0.164674863716528,-0.02695));
#14017=CARTESIAN_POINT('',(0.0412952575012973,-0.164674863716528,-0.03945));
#14018=CARTESIAN_POINT('',(0.0468914161541721,-0.1688827184358,-0.03945));
#14019=CARTESIAN_POINT('',(0.05,-0.1714,-0.02695));
#14020=CARTESIAN_POINT('',(0.05,-0.1714,-0.02695));
#14021=CARTESIAN_POINT('',(0.0453658836886533,-0.161423779973712,-0.02695));
#14022=CARTESIAN_POINT('',(0.0416100666031031,-0.164285998482174,-0.02695));
#14023=CARTESIAN_POINT('',(0.0503868944245724,-0.170885456907079,-0.02695));
#14024=CARTESIAN_POINT('',(0.0453639918022846,-0.161419335874938,-0.02695));
#14025=CARTESIAN_POINT('',(0.0503868944245724,-0.170885456907079,-0.02745));
#14026=CARTESIAN_POINT('',(0.0412952575012973,-0.164674863716528,-0.02745));
#14027=CARTESIAN_POINT('',(0.0412952575012973,-0.164674863716528,-0.0271857800922256));
#14028=CARTESIAN_POINT('',(0.0414391908653349,-0.164487521641177,-0.0269500000000001));
#14029=CARTESIAN_POINT('',(0.0416100666031031,-0.164285998482174,-0.02695));
#14030=CARTESIAN_POINT('',(0.0503868944245724,-0.170885456907079,-0.03945));
#14031=CARTESIAN_POINT('',(0.0416100666031031,-0.164285998482174,-0.03995));
#14032=CARTESIAN_POINT('',(0.0414391916093174,-0.164487520763757,-0.0399499999999999));
#14033=CARTESIAN_POINT('',(0.0412952575012973,-0.164674863716528,-0.0397142211646424));
#14034=CARTESIAN_POINT('',(0.0412952575012973,-0.164674863716528,-0.03945));
#14035=CARTESIAN_POINT('',(0.0467352359009651,-0.164640430079319,-0.03945));
#14036=CARTESIAN_POINT('',(0.0458240400044577,-0.161223489885249,-0.03945));
#14037=CARTESIAN_POINT('',(0.0458240400044577,-0.161223489885249,-0.039714129880948));
#14038=CARTESIAN_POINT('',(0.0456054314902245,-0.161312506127337,-0.03995));
#14039=CARTESIAN_POINT('',(0.0453658836886533,-0.161423779973712,-0.03995));
#14040=CARTESIAN_POINT('',(0.0496722355423768,-0.171539531801852,-0.02745));
#14041=CARTESIAN_POINT('',(0.0453658836886533,-0.161423779973712,-0.02695));
#14042=CARTESIAN_POINT('',(0.0456054293357321,-0.161312507128134,-0.02695));
#14043=CARTESIAN_POINT('',(0.0458240400044577,-0.161223489885249,-0.0271858715520768));
#14044=CARTESIAN_POINT('',(0.0458240400044577,-0.161223489885249,-0.02745));
#14045=CARTESIAN_POINT('',(0.05,-0.1714,-0.04095));
#14046=CARTESIAN_POINT('',(0.05,-0.1714,-0.02695));
#14047=CARTESIAN_POINT('',(0.0390800302418883,-0.172724484987429,-0.02695));
#14048=CARTESIAN_POINT('',(0.0390800302418883,-0.172724484987429,-0.02695));
#14049=CARTESIAN_POINT('',(0.0390482271528903,-0.172462278338528,-0.02695));
#14050=CARTESIAN_POINT('',(0.03903112113577,-0.172226859396662,-0.0271858715520771));
#14051=CARTESIAN_POINT('',(0.03903112113577,-0.172226859396662,-0.02745));
#14052=CARTESIAN_POINT('',(0.03903112113577,-0.172226859396662,-0.02745));
#14053=CARTESIAN_POINT('',(0.03903112113577,-0.172226859396662,-0.02695));
#14054=CARTESIAN_POINT('',(0.03903112113577,-0.172226859396662,-0.03945));
#14055=CARTESIAN_POINT('',(0.03903112113577,-0.172226859396662,-0.03945));
#14056=CARTESIAN_POINT('',(0.03903112113577,-0.172226859396662,-0.0397141298809478));
#14057=CARTESIAN_POINT('',(0.0390482268668508,-0.172462275980221,-0.0399499999999999));
#14058=CARTESIAN_POINT('',(0.0390800302418883,-0.172724484987429,-0.03995));
#14059=CARTESIAN_POINT('',(0.05,-0.1714,-0.03995));
#14060=CARTESIAN_POINT('',(0.05,-0.1714,-0.04095));
#14061=CARTESIAN_POINT('',(0.05,-0.1714,-0.03995));
#14062=CARTESIAN_POINT('',(0.0541731854991472,-0.161222351804582,-0.03995));
#14063=CARTESIAN_POINT('',(0.0539287231430755,-0.161122113838024,-0.03995));
#14064=CARTESIAN_POINT('',(0.0537060713216126,-0.161043116522857,-0.0397142211646425));
#14065=CARTESIAN_POINT('',(0.0537060713216126,-0.161043116522857,-0.03945));
#14066=CARTESIAN_POINT('',(0.0537060713216126,-0.161043116522857,-0.03945));
#14067=CARTESIAN_POINT('',(0.0537060713216126,-0.161043116522857,-0.02695));
#14068=CARTESIAN_POINT('',(0.0537060713216126,-0.161043116522857,-0.02745));
#14069=CARTESIAN_POINT('',(0.0537060713216126,-0.161043116522857,-0.02745));
#14070=CARTESIAN_POINT('',(0.0537060713216126,-0.161043116522857,-0.0271857800922255));
#14071=CARTESIAN_POINT('',(0.0539287220786967,-0.161122113401592,-0.02695));
#14072=CARTESIAN_POINT('',(0.0541731854991472,-0.161222351804582,-0.02695));
#14073=CARTESIAN_POINT('',(0.0541731854991472,-0.161222351804581,-0.02695));
#14074=CARTESIAN_POINT('',(0.05,-0.1714,-0.02695));
#14075=CARTESIAN_POINT('',(0.0557482887485764,-0.166583214950683,-0.02695));
#14076=CARTESIAN_POINT('',(0.0557482887485764,-0.166583214950683,-0.03945));
#14077=CARTESIAN_POINT('',(0.058387993651325,-0.164283711465565,-0.03945));
#14078=CARTESIAN_POINT('',(0.058387993651325,-0.164283711465565,-0.02695));
#14079=CARTESIAN_POINT('',(0.058387993651325,-0.164283711465565,-0.02745));
#14080=CARTESIAN_POINT('',(0.0531085838458279,-0.1688827184358,-0.02745));
#14081=CARTESIAN_POINT('',(0.0501359875269108,-0.171446665504911,-0.03995));
#14082=CARTESIAN_POINT('',(0.0501359875269108,-0.171446665504911,-0.02745));
#14083=CARTESIAN_POINT('',(0.0514334717981812,-0.167665678294011,-0.03945));
#14084=CARTESIAN_POINT('',(0.05,-0.1714,-0.02695));
#14085=CARTESIAN_POINT('',(0.05,-0.1714,-0.02695));
#14086=CARTESIAN_POINT('',(0.0580559283698792,-0.163909871957078,-0.02695));
#14087=CARTESIAN_POINT('',(0.0506089165136595,-0.171608955903557,-0.02695));
#14088=CARTESIAN_POINT('',(0.0580595703339379,-0.163906699364173,-0.02695));
#14089=CARTESIAN_POINT('',(0.0506089165136595,-0.171608955903557,-0.02745));
#14090=CARTESIAN_POINT('',(0.0506089165136595,-0.171608955903557,-0.03945));
#14091=CARTESIAN_POINT('',(0.0554198654311893,-0.16620620284929,-0.03945));
#14092=CARTESIAN_POINT('',(0.058387993651325,-0.164283711465565,-0.03945));
#14093=CARTESIAN_POINT('',(0.058387993651325,-0.164283711465565,-0.039714129880948));
#14094=CARTESIAN_POINT('',(0.058235780428218,-0.164103309945167,-0.03995));
#14095=CARTESIAN_POINT('',(0.0580559283698792,-0.163909871957078,-0.03995));
#14096=CARTESIAN_POINT('',(0.0497660125830604,-0.171131395174796,-0.02745));
#14097=CARTESIAN_POINT('',(0.0580559283698792,-0.163909871957078,-0.02695));
#14098=CARTESIAN_POINT('',(0.058235778810629,-0.164103308205386,-0.0269500000000001));
#14099=CARTESIAN_POINT('',(0.058387993651325,-0.164283711465565,-0.0271858715520769));
#14100=CARTESIAN_POINT('',(0.058387993651325,-0.164283711465565,-0.02745));
#14101=CARTESIAN_POINT('',(0.05,-0.1714,-0.04095));
#14102=CARTESIAN_POINT('',(0.05,-0.1714,-0.03995));
#14103=CARTESIAN_POINT('',(0.0609691038767281,-0.172223869007519,-0.03995));
#14104=CARTESIAN_POINT('',(0.0609888928254916,-0.17196039625564,-0.0399500000000001));
#14105=CARTESIAN_POINT('',(0.0609952205401905,-0.171724230277076,-0.0397142211646424));
#14106=CARTESIAN_POINT('',(0.0609952205401905,-0.171724230277076,-0.03945));
#14107=CARTESIAN_POINT('',(0.0609952205401905,-0.171724230277076,-0.03945));
#14108=CARTESIAN_POINT('',(0.0609952205401905,-0.171724230277076,-0.02695));
#14109=CARTESIAN_POINT('',(0.0609952205401905,-0.171724230277076,-0.02745));
#14110=CARTESIAN_POINT('',(0.0609952205401905,-0.171724230277076,-0.02745));
#14111=CARTESIAN_POINT('',(0.0609952205401905,-0.171724230277076,-0.0271857800922256));
#14112=CARTESIAN_POINT('',(0.0609888929116519,-0.17196039510849,-0.0269499999999999));
#14113=CARTESIAN_POINT('',(0.0609691038767281,-0.172223869007519,-0.02695));
#14114=CARTESIAN_POINT('',(0.0609691038767281,-0.172223869007519,-0.02695));
#14115=CARTESIAN_POINT('',(0.05,-0.1714,-0.02695));
#14116=CARTESIAN_POINT('',(0.0425183014983758,-0.171918101610817,-0.02695));
#14117=CARTESIAN_POINT('',(0.0460054818609817,-0.171609343824972,-0.02745));
#14118=CARTESIAN_POINT('',(0.0425183014983758,-0.171918101610817,-0.03945));
#14119=CARTESIAN_POINT('',(0.0499174130752831,-0.171282315350662,-0.03995));
#14120=CARTESIAN_POINT('',(0.0499174130752831,-0.171282315350662,-0.02745));
#14121=CARTESIAN_POINT('',(0.0409141019508735,-0.177600520674982,-0.02745));
#14122=CARTESIAN_POINT('',(0.0409141019508735,-0.177600520674982,-0.02695));
#14123=CARTESIAN_POINT('',(0.0409141019508735,-0.177600520674982,-0.03945));
#14124=CARTESIAN_POINT('',(0.0466453177282183,-0.17357855614006,-0.03945));
#14125=CARTESIAN_POINT('',(0.05,-0.1714,-0.02695));
#14126=CARTESIAN_POINT('',(0.0390752190277509,-0.172724910976243,-0.02695));
#14127=CARTESIAN_POINT('',(0.05,-0.1714,-0.02695));
#14128=CARTESIAN_POINT('',(0.0406415504982227,-0.177180953461384,-0.02695));
#14129=CARTESIAN_POINT('',(0.049630197390784,-0.170873038976341,-0.02695));
#14130=CARTESIAN_POINT('',(0.0500314178418243,-0.171754840221261,-0.02745));
#14131=CARTESIAN_POINT('',(0.049630197390784,-0.170873038976341,-0.02745));
#14132=CARTESIAN_POINT('',(0.0409141019508735,-0.177600520674982,-0.02745));
#14133=CARTESIAN_POINT('',(0.0409141019508735,-0.177600520674982,-0.0271857800922254));
#14134=CARTESIAN_POINT('',(0.0407804069048797,-0.177405740026157,-0.02695));
#14135=CARTESIAN_POINT('',(0.0406415504982227,-0.177180953461384,-0.02695));
#14136=CARTESIAN_POINT('',(0.049630197390784,-0.170873038976341,-0.03945));
#14137=CARTESIAN_POINT('',(0.0406415504982227,-0.177180953461384,-0.03995));
#14138=CARTESIAN_POINT('',(0.0407804063003074,-0.17740573904745,-0.03995));
#14139=CARTESIAN_POINT('',(0.0409141019508735,-0.177600520674982,-0.0397142211646426));
#14140=CARTESIAN_POINT('',(0.0409141019508735,-0.177600520674982,-0.03945));
#14141=CARTESIAN_POINT('',(0.0425623993903567,-0.172416153190397,-0.03945));
#14142=CARTESIAN_POINT('',(0.05,-0.1714,-0.04095));
#14143=CARTESIAN_POINT('',(0.05,-0.1714,-0.02695));
#14144=CARTESIAN_POINT('',(0.0479018623241604,-0.182198046966615,-0.02695));
#14145=CARTESIAN_POINT('',(0.0479018623241604,-0.182198046966615,-0.02695));
#14146=CARTESIAN_POINT('',(0.05,-0.1714,-0.03995));
#14147=CARTESIAN_POINT('',(0.0481807719292789,-0.178675620315481,-0.02695));
#14148=CARTESIAN_POINT('',(0.0481807719292789,-0.178675620315481,-0.03945));
#14149=CARTESIAN_POINT('',(0.0475099300202672,-0.181595259835308,-0.03945));
#14150=CARTESIAN_POINT('',(0.0475099300202672,-0.181595259835308,-0.02695));
#14151=CARTESIAN_POINT('',(0.0475099300202672,-0.181595259835308,-0.02745));
#14152=CARTESIAN_POINT('',(0.0489647238195899,-0.175263703305156,-0.02745));
#14153=CARTESIAN_POINT('',(0.0498625544841291,-0.17144217827629,-0.03995));
#14154=CARTESIAN_POINT('',(0.0530893486860262,-0.181957268808558,-0.02695));
#14155=CARTESIAN_POINT('',(0.0530893486860262,-0.181957268808558,-0.02745));
#14156=CARTESIAN_POINT('',(0.0530893486860262,-0.181957268808558,-0.03945));
#14157=CARTESIAN_POINT('',(0.0510352761804101,-0.175263703305156,-0.03945));
#14158=CARTESIAN_POINT('',(0.0498625544841291,-0.17144217827629,-0.02745));
#14159=CARTESIAN_POINT('',(0.05,-0.1714,-0.02695));
#14160=CARTESIAN_POINT('',(0.05,-0.1714,-0.02695));
#14161=CARTESIAN_POINT('',(0.052606093522799,-0.182086827244342,-0.02695));
#14162=CARTESIAN_POINT('',(0.0493845549938038,-0.171588863269554,-0.02695));
#14163=CARTESIAN_POINT('',(0.0478841222372173,-0.182199504140447,-0.02695));
#14164=CARTESIAN_POINT('',(0.0478852654038743,-0.1821945288482,-0.02695));
#14165=CARTESIAN_POINT('',(0.0479972322185167,-0.18170722664995,-0.02695));
#14166=CARTESIAN_POINT('',(0.0503471817517238,-0.171479771515462,-0.02745));
#14167=CARTESIAN_POINT('',(0.0479972322185167,-0.18170722664995,-0.02745));
#14168=CARTESIAN_POINT('',(0.0486680741275284,-0.178787587130123,-0.03945));
#14169=CARTESIAN_POINT('',(0.0479972322185167,-0.18170722664995,-0.03945));
#14170=CARTESIAN_POINT('',(0.0479972322185167,-0.18170722664995,-0.02695));
#14171=CARTESIAN_POINT('',(0.0493845549938038,-0.171588863269554,-0.03945));
#14172=CARTESIAN_POINT('',(0.052606093522799,-0.182086827244342,-0.03995));
#14173=CARTESIAN_POINT('',(0.0528627861218082,-0.182024230095129,-0.03995));
#14174=CARTESIAN_POINT('',(0.0530893486860262,-0.181957268808558,-0.0397142211646425));
#14175=CARTESIAN_POINT('',(0.0530893486860262,-0.181957268808558,-0.03945));
#14176=CARTESIAN_POINT('',(0.0493845549938038,-0.171588863269554,-0.02745));
#14177=CARTESIAN_POINT('',(0.0530893486860262,-0.181957268808558,-0.02745));
#14178=CARTESIAN_POINT('',(0.0530893486860262,-0.181957268808558,-0.0271857800922255));
#14179=CARTESIAN_POINT('',(0.052862787239437,-0.182024229822584,-0.02695));
#14180=CARTESIAN_POINT('',(0.052606093522799,-0.182086827244343,-0.02695));
#14181=CARTESIAN_POINT('',(0.05,-0.1714,-0.04095));
#14182=CARTESIAN_POINT('',(0.05,-0.1714,-0.03995));
#14183=CARTESIAN_POINT('',(0.05,-0.1714,-0.02695));
#14184=CARTESIAN_POINT('',(0.0596129538548666,-0.176747066315673,-0.02695));
#14185=CARTESIAN_POINT('',(0.0596129538548666,-0.176747066315673,-0.02695));
#14186=CARTESIAN_POINT('',(0.0594845618930628,-0.176977889337362,-0.02695));
#14187=CARTESIAN_POINT('',(0.0593600251694795,-0.177178401926719,-0.0271858715520768));
#14188=CARTESIAN_POINT('',(0.0593600251694795,-0.177178401926719,-0.02745));
#14189=CARTESIAN_POINT('',(0.0593600251694795,-0.177178401926719,-0.02745));
#14190=CARTESIAN_POINT('',(0.0593600251694795,-0.177178401926719,-0.02695));
#14191=CARTESIAN_POINT('',(0.0593600251694795,-0.177178401926719,-0.03945));
#14192=CARTESIAN_POINT('',(0.0593600251694795,-0.177178401926719,-0.03945));
#14193=CARTESIAN_POINT('',(0.0593600251694795,-0.177178401926719,-0.039714129880948));
#14194=CARTESIAN_POINT('',(0.0594845607382954,-0.176977891413402,-0.0399500000000001));
#14195=CARTESIAN_POINT('',(0.0596129538548666,-0.176747066315673,-0.03995));
#14196=CARTESIAN_POINT('',(0.0563573537206306,-0.17537847903339,-0.02695));
#14197=CARTESIAN_POINT('',(0.0533546822717817,-0.17357855614006,-0.02745));
#14198=CARTESIAN_POINT('',(0.0563573537206306,-0.17537847903339,-0.03945));
#14199=CARTESIAN_POINT('',(0.0499976409243074,-0.171543752257672,-0.03995));
#14200=CARTESIAN_POINT('',(0.0499976409243074,-0.171543752257672,-0.02745));
#14201=CARTESIAN_POINT('',(0.0539945181390183,-0.171609343824972,-0.03945));
#14202=CARTESIAN_POINT('',(0.05,-0.1714,-0.02695));
#14203=CARTESIAN_POINT('',(0.0596170965988094,-0.1767495496442,-0.02695));
#14204=CARTESIAN_POINT('',(0.05,-0.1714,-0.02695));
#14205=CARTESIAN_POINT('',(0.0499894366771803,-0.172043684943469,-0.02695));
#14206=CARTESIAN_POINT('',(0.0501831522810148,-0.171094461286629,-0.02745));
#14207=CARTESIAN_POINT('',(0.0499894366771803,-0.172043684943469,-0.02745));
#14208=CARTESIAN_POINT('',(0.0499894366771803,-0.172043684943469,-0.03945));
#14209=CARTESIAN_POINT('',(0.0566144251499605,-0.17494962675087,-0.03945));
#14210=CARTESIAN_POINT('',(0.05,-0.1714,-0.04095));
#14211=CARTESIAN_POINT('',(0.05,-0.1714,-0.03595));
#14212=CARTESIAN_POINT('',(0.065,-0.1714,-0.03595));
#14213=CARTESIAN_POINT('',(0.05,-0.1714,-0.03095));
#14214=CARTESIAN_POINT('',(0.065,-0.1714,-0.03095));
#14215=CARTESIAN_POINT('',(0.05,-0.1714,-0.03595));
#14216=CARTESIAN_POINT('',(0.05,-0.1714,-0.02595));
#14217=CARTESIAN_POINT('',(0.,0.,0.));
#14218=CARTESIAN_POINT('',(0.0099999999999998,0.04,-0.001));
#14219=CARTESIAN_POINT('',(0.01,0.04,-1.99493199737333E-16));
#14220=CARTESIAN_POINT('',(-0.0009999999999998,0.04,-1.99493199737333E-16));
#14221=CARTESIAN_POINT('',(0.01,0.04,0.0130000000000002));
#14222=CARTESIAN_POINT('',(0.0209999999999998,0.04,0.0130000000000002));
#14223=CARTESIAN_POINT('',(0.01,0.04,-0.001));
#14224=CARTESIAN_POINT('',(0.01,0.04,0.004));
#14225=CARTESIAN_POINT('',(-0.005,0.04,0.004));
#14226=CARTESIAN_POINT('',(0.01,0.04,0.009));
#14227=CARTESIAN_POINT('',(-0.005,0.04,0.009));
#14228=CARTESIAN_POINT('',(0.01,0.04,0.004));
#14229=CARTESIAN_POINT('',(0.01,0.04,0.014));
#14230=CARTESIAN_POINT('',(0.,0.,0.));
#14231=CARTESIAN_POINT('',(2.01227923213309E-16,-0.1117,-0.001));
#14232=CARTESIAN_POINT('',(0.,-0.1117,-1.99493199737333E-16));
#14233=CARTESIAN_POINT('',(0.0109999999999998,-0.1117,-1.99493199737333E-16));
#14234=CARTESIAN_POINT('',(0.,-0.1117,0.0130000000000002));
#14235=CARTESIAN_POINT('',(-0.0109999999999998,-0.1117,0.0130000000000002));
#14236=CARTESIAN_POINT('',(0.,-0.1117,-0.001));
#14237=CARTESIAN_POINT('',(0.,-0.1117,0.004));
#14238=CARTESIAN_POINT('',(0.015,-0.1117,0.004));
#14239=CARTESIAN_POINT('',(0.,-0.1117,0.009));
#14240=CARTESIAN_POINT('',(0.015,-0.1117,0.009));
#14241=CARTESIAN_POINT('',(0.,-0.1117,0.004));
#14242=CARTESIAN_POINT('',(0.,-0.1117,0.014));
#14243=CARTESIAN_POINT('',(0.,0.,0.));
#14244=CARTESIAN_POINT('',(-0.04,-3.24237527730122E-17,-0.001));
#14245=CARTESIAN_POINT('',(-0.04,9.18485099360515E-19,-1.99493199737333E-16));
#14246=CARTESIAN_POINT('',(-0.0290000000000002,9.18485099360515E-19,-1.99493199737333E-16));
#14247=CARTESIAN_POINT('',(-0.04,9.18485099360515E-19,0.0130000000000002));
#14248=CARTESIAN_POINT('',(-0.0509999999999998,9.18485099360515E-19,0.0130000000000002));
#14249=CARTESIAN_POINT('',(-0.04,9.18485099360515E-19,-0.001));
#14250=CARTESIAN_POINT('',(-0.04,9.18485099360515E-19,0.004));
#14251=CARTESIAN_POINT('',(-0.025,9.18485099360515E-19,0.004));
#14252=CARTESIAN_POINT('',(-0.04,9.18485099360515E-19,0.009));
#14253=CARTESIAN_POINT('',(-0.025,9.18485099360515E-19,0.009));
#14254=CARTESIAN_POINT('',(-0.04,9.18485099360515E-19,0.004));
#14255=CARTESIAN_POINT('',(-0.04,9.18485099360515E-19,0.014));
#14256=MECHANICAL_DESIGN_GEOMETRIC_PRESENTATION_REPRESENTATION('',(#8284),
#14272);
#14257=MECHANICAL_DESIGN_GEOMETRIC_PRESENTATION_REPRESENTATION('',(#8285),
#14273);
#14258=MECHANICAL_DESIGN_GEOMETRIC_PRESENTATION_REPRESENTATION('',(#8286),
#14274);
#14259=MECHANICAL_DESIGN_GEOMETRIC_PRESENTATION_REPRESENTATION('',(#8287),
#14275);
#14260=MECHANICAL_DESIGN_GEOMETRIC_PRESENTATION_REPRESENTATION('',(#8288),
#14276);
#14261=MECHANICAL_DESIGN_GEOMETRIC_PRESENTATION_REPRESENTATION('',(#8289),
#14277);
#14262=MECHANICAL_DESIGN_GEOMETRIC_PRESENTATION_REPRESENTATION('',(#8290),
#14278);
#14263=MECHANICAL_DESIGN_GEOMETRIC_PRESENTATION_REPRESENTATION('',(#8291),
#14279);
#14264=MECHANICAL_DESIGN_GEOMETRIC_PRESENTATION_REPRESENTATION('',(#8292),
#14280);
#14265=MECHANICAL_DESIGN_GEOMETRIC_PRESENTATION_REPRESENTATION('',(#8293),
#14281);
#14266=MECHANICAL_DESIGN_GEOMETRIC_PRESENTATION_REPRESENTATION('',(#8294),
#14282);
#14267=MECHANICAL_DESIGN_GEOMETRIC_PRESENTATION_REPRESENTATION('',(#8295),
#14283);
#14268=MECHANICAL_DESIGN_GEOMETRIC_PRESENTATION_REPRESENTATION('',(#8296),
#14284);
#14269=MECHANICAL_DESIGN_GEOMETRIC_PRESENTATION_REPRESENTATION('',(#8297),
#14285);
#14270=MECHANICAL_DESIGN_GEOMETRIC_PRESENTATION_REPRESENTATION('',(#8298),
#14286);
#14271=MECHANICAL_DESIGN_GEOMETRIC_PRESENTATION_REPRESENTATION('',(#8299),
#14287);
#14272=(
GEOMETRIC_REPRESENTATION_CONTEXT(3)
GLOBAL_UNCERTAINTY_ASSIGNED_CONTEXT((#14288))
GLOBAL_UNIT_ASSIGNED_CONTEXT((#14336,#14320,#14304))
REPRESENTATION_CONTEXT('Large casing (bottom section)',
'TOP_LEVEL_ASSEMBLY_PART')
);
#14273=(
GEOMETRIC_REPRESENTATION_CONTEXT(3)
GLOBAL_UNCERTAINTY_ASSIGNED_CONTEXT((#14289))
GLOBAL_UNIT_ASSIGNED_CONTEXT((#14337,#14321,#14305))
REPRESENTATION_CONTEXT('Motor model#3','TOP_LEVEL_ASSEMBLY_PART')
);
#14274=(
GEOMETRIC_REPRESENTATION_CONTEXT(3)
GLOBAL_UNCERTAINTY_ASSIGNED_CONTEXT((#14290))
GLOBAL_UNIT_ASSIGNED_CONTEXT((#14338,#14322,#14306))
REPRESENTATION_CONTEXT('Motor model#1','TOP_LEVEL_ASSEMBLY_PART')
);
#14275=(
GEOMETRIC_REPRESENTATION_CONTEXT(3)
GLOBAL_UNCERTAINTY_ASSIGNED_CONTEXT((#14291))
GLOBAL_UNIT_ASSIGNED_CONTEXT((#14339,#14323,#14307))
REPRESENTATION_CONTEXT('Large casing(top section)',
'TOP_LEVEL_ASSEMBLY_PART')
);
#14276=(
GEOMETRIC_REPRESENTATION_CONTEXT(3)
GLOBAL_UNCERTAINTY_ASSIGNED_CONTEXT((#14292))
GLOBAL_UNIT_ASSIGNED_CONTEXT((#14340,#14324,#14308))
REPRESENTATION_CONTEXT('Motor model #2','TOP_LEVEL_ASSEMBLY_PART')
);
#14277=(
GEOMETRIC_REPRESENTATION_CONTEXT(3)
GLOBAL_UNCERTAINTY_ASSIGNED_CONTEXT((#14293))
GLOBAL_UNIT_ASSIGNED_CONTEXT((#14341,#14325,#14309))
REPRESENTATION_CONTEXT('Wheel #2','TOP_LEVEL_ASSEMBLY_PART')
);
#14278=(
GEOMETRIC_REPRESENTATION_CONTEXT(3)
GLOBAL_UNCERTAINTY_ASSIGNED_CONTEXT((#14294))
GLOBAL_UNIT_ASSIGNED_CONTEXT((#14342,#14326,#14310))
REPRESENTATION_CONTEXT('Motor model#4','TOP_LEVEL_ASSEMBLY_PART')
);
#14279=(
GEOMETRIC_REPRESENTATION_CONTEXT(3)
GLOBAL_UNCERTAINTY_ASSIGNED_CONTEXT((#14295))
GLOBAL_UNIT_ASSIGNED_CONTEXT((#14343,#14327,#14311))
REPRESENTATION_CONTEXT('x-axis movement wheel mount #2',
'TOP_LEVEL_ASSEMBLY_PART')
);
#14280=(
GEOMETRIC_REPRESENTATION_CONTEXT(3)
GLOBAL_UNCERTAINTY_ASSIGNED_CONTEXT((#14296))
GLOBAL_UNIT_ASSIGNED_CONTEXT((#14344,#14328,#14312))
REPRESENTATION_CONTEXT('Top wheel #1','TOP_LEVEL_ASSEMBLY_PART')
);
#14281=(
GEOMETRIC_REPRESENTATION_CONTEXT(3)
GLOBAL_UNCERTAINTY_ASSIGNED_CONTEXT((#14297))
GLOBAL_UNIT_ASSIGNED_CONTEXT((#14345,#14329,#14313))
REPRESENTATION_CONTEXT('y-axis movement wheel mount#1',
'TOP_LEVEL_ASSEMBLY_PART')
);
#14282=(
GEOMETRIC_REPRESENTATION_CONTEXT(3)
GLOBAL_UNCERTAINTY_ASSIGNED_CONTEXT((#14298))
GLOBAL_UNIT_ASSIGNED_CONTEXT((#14346,#14330,#14314))
REPRESENTATION_CONTEXT('Wheel#3','TOP_LEVEL_ASSEMBLY_PART')
);
#14283=(
GEOMETRIC_REPRESENTATION_CONTEXT(3)
GLOBAL_UNCERTAINTY_ASSIGNED_CONTEXT((#14299))
GLOBAL_UNIT_ASSIGNED_CONTEXT((#14347,#14331,#14315))
REPRESENTATION_CONTEXT('y-axis movement wheel mount#2',
'TOP_LEVEL_ASSEMBLY_PART')
);
#14284=(
GEOMETRIC_REPRESENTATION_CONTEXT(3)
GLOBAL_UNCERTAINTY_ASSIGNED_CONTEXT((#14300))
GLOBAL_UNIT_ASSIGNED_CONTEXT((#14348,#14332,#14316))
REPRESENTATION_CONTEXT('x-axis movement wheel mount #1',
'TOP_LEVEL_ASSEMBLY_PART')
);
#14285=(
GEOMETRIC_REPRESENTATION_CONTEXT(3)
GLOBAL_UNCERTAINTY_ASSIGNED_CONTEXT((#14301))
GLOBAL_UNIT_ASSIGNED_CONTEXT((#14349,#14333,#14317))
REPRESENTATION_CONTEXT('Wheel#4','TOP_LEVEL_ASSEMBLY_PART')
);
#14286=(
GEOMETRIC_REPRESENTATION_CONTEXT(3)
GLOBAL_UNCERTAINTY_ASSIGNED_CONTEXT((#14302))
GLOBAL_UNIT_ASSIGNED_CONTEXT((#14350,#14334,#14318))
REPRESENTATION_CONTEXT('Top wheel #2','TOP_LEVEL_ASSEMBLY_PART')
);
#14287=(
GEOMETRIC_REPRESENTATION_CONTEXT(3)
GLOBAL_UNCERTAINTY_ASSIGNED_CONTEXT((#14303))
GLOBAL_UNIT_ASSIGNED_CONTEXT((#14351,#14335,#14319))
REPRESENTATION_CONTEXT('Wheel#1','TOP_LEVEL_ASSEMBLY_PART')
);
#14288=UNCERTAINTY_MEASURE_WITH_UNIT(LENGTH_MEASURE(2.10000000000354E-5),
#14336,'DISTANCE_ACCURACY_VALUE','Maximum Tolerance applied to model');
#14289=UNCERTAINTY_MEASURE_WITH_UNIT(LENGTH_MEASURE(1.E-8),#14337,
'DISTANCE_ACCURACY_VALUE','Maximum Tolerance applied to model');
#14290=UNCERTAINTY_MEASURE_WITH_UNIT(LENGTH_MEASURE(1.E-8),#14338,
'DISTANCE_ACCURACY_VALUE','Maximum Tolerance applied to model');
#14291=UNCERTAINTY_MEASURE_WITH_UNIT(LENGTH_MEASURE(2.10000000000833E-5),
#14339,'DISTANCE_ACCURACY_VALUE','Maximum Tolerance applied to model');
#14292=UNCERTAINTY_MEASURE_WITH_UNIT(LENGTH_MEASURE(1.E-8),#14340,
'DISTANCE_ACCURACY_VALUE','Maximum Tolerance applied to model');
#14293=UNCERTAINTY_MEASURE_WITH_UNIT(LENGTH_MEASURE(1.E-8),#14341,
'DISTANCE_ACCURACY_VALUE','Maximum Tolerance applied to model');
#14294=UNCERTAINTY_MEASURE_WITH_UNIT(LENGTH_MEASURE(1.E-8),#14342,
'DISTANCE_ACCURACY_VALUE','Maximum Tolerance applied to model');
#14295=UNCERTAINTY_MEASURE_WITH_UNIT(LENGTH_MEASURE(2.E-5),#14343,
'DISTANCE_ACCURACY_VALUE','Maximum Tolerance applied to model');
#14296=UNCERTAINTY_MEASURE_WITH_UNIT(LENGTH_MEASURE(1.E-8),#14344,
'DISTANCE_ACCURACY_VALUE','Maximum Tolerance applied to model');
#14297=UNCERTAINTY_MEASURE_WITH_UNIT(LENGTH_MEASURE(2.E-5),#14345,
'DISTANCE_ACCURACY_VALUE','Maximum Tolerance applied to model');
#14298=UNCERTAINTY_MEASURE_WITH_UNIT(LENGTH_MEASURE(1.E-8),#14346,
'DISTANCE_ACCURACY_VALUE','Maximum Tolerance applied to model');
#14299=UNCERTAINTY_MEASURE_WITH_UNIT(LENGTH_MEASURE(2.E-5),#14347,
'DISTANCE_ACCURACY_VALUE','Maximum Tolerance applied to model');
#14300=UNCERTAINTY_MEASURE_WITH_UNIT(LENGTH_MEASURE(2.E-5),#14348,
'DISTANCE_ACCURACY_VALUE','Maximum Tolerance applied to model');
#14301=UNCERTAINTY_MEASURE_WITH_UNIT(LENGTH_MEASURE(1.E-8),#14349,
'DISTANCE_ACCURACY_VALUE','Maximum Tolerance applied to model');
#14302=UNCERTAINTY_MEASURE_WITH_UNIT(LENGTH_MEASURE(1.E-8),#14350,
'DISTANCE_ACCURACY_VALUE','Maximum Tolerance applied to model');
#14303=UNCERTAINTY_MEASURE_WITH_UNIT(LENGTH_MEASURE(1.E-8),#14351,
'DISTANCE_ACCURACY_VALUE','Maximum Tolerance applied to model');
#14304=(
NAMED_UNIT(*)
SI_UNIT($,.STERADIAN.)
SOLID_ANGLE_UNIT()
);
#14305=(
NAMED_UNIT(*)
SI_UNIT($,.STERADIAN.)
SOLID_ANGLE_UNIT()
);
#14306=(
NAMED_UNIT(*)
SI_UNIT($,.STERADIAN.)
SOLID_ANGLE_UNIT()
);
#14307=(
NAMED_UNIT(*)
SI_UNIT($,.STERADIAN.)
SOLID_ANGLE_UNIT()
);
#14308=(
NAMED_UNIT(*)
SI_UNIT($,.STERADIAN.)
SOLID_ANGLE_UNIT()
);
#14309=(
NAMED_UNIT(*)
SI_UNIT($,.STERADIAN.)
SOLID_ANGLE_UNIT()
);
#14310=(
NAMED_UNIT(*)
SI_UNIT($,.STERADIAN.)
SOLID_ANGLE_UNIT()
);
#14311=(
NAMED_UNIT(*)
SI_UNIT($,.STERADIAN.)
SOLID_ANGLE_UNIT()
);
#14312=(
NAMED_UNIT(*)
SI_UNIT($,.STERADIAN.)
SOLID_ANGLE_UNIT()
);
#14313=(
NAMED_UNIT(*)
SI_UNIT($,.STERADIAN.)
SOLID_ANGLE_UNIT()
);
#14314=(
NAMED_UNIT(*)
SI_UNIT($,.STERADIAN.)
SOLID_ANGLE_UNIT()
);
#14315=(
NAMED_UNIT(*)
SI_UNIT($,.STERADIAN.)
SOLID_ANGLE_UNIT()
);
#14316=(
NAMED_UNIT(*)
SI_UNIT($,.STERADIAN.)
SOLID_ANGLE_UNIT()
);
#14317=(
NAMED_UNIT(*)
SI_UNIT($,.STERADIAN.)
SOLID_ANGLE_UNIT()
);
#14318=(
NAMED_UNIT(*)
SI_UNIT($,.STERADIAN.)
SOLID_ANGLE_UNIT()
);
#14319=(
NAMED_UNIT(*)
SI_UNIT($,.STERADIAN.)
SOLID_ANGLE_UNIT()
);
#14320=(
NAMED_UNIT(*)
PLANE_ANGLE_UNIT()
SI_UNIT($,.RADIAN.)
);
#14321=(
NAMED_UNIT(*)
PLANE_ANGLE_UNIT()
SI_UNIT($,.RADIAN.)
);
#14322=(
NAMED_UNIT(*)
PLANE_ANGLE_UNIT()
SI_UNIT($,.RADIAN.)
);
#14323=(
NAMED_UNIT(*)
PLANE_ANGLE_UNIT()
SI_UNIT($,.RADIAN.)
);
#14324=(
NAMED_UNIT(*)
PLANE_ANGLE_UNIT()
SI_UNIT($,.RADIAN.)
);
#14325=(
NAMED_UNIT(*)
PLANE_ANGLE_UNIT()
SI_UNIT($,.RADIAN.)
);
#14326=(
NAMED_UNIT(*)
PLANE_ANGLE_UNIT()
SI_UNIT($,.RADIAN.)
);
#14327=(
NAMED_UNIT(*)
PLANE_ANGLE_UNIT()
SI_UNIT($,.RADIAN.)
);
#14328=(
NAMED_UNIT(*)
PLANE_ANGLE_UNIT()
SI_UNIT($,.RADIAN.)
);
#14329=(
NAMED_UNIT(*)
PLANE_ANGLE_UNIT()
SI_UNIT($,.RADIAN.)
);
#14330=(
NAMED_UNIT(*)
PLANE_ANGLE_UNIT()
SI_UNIT($,.RADIAN.)
);
#14331=(
NAMED_UNIT(*)
PLANE_ANGLE_UNIT()
SI_UNIT($,.RADIAN.)
);
#14332=(
NAMED_UNIT(*)
PLANE_ANGLE_UNIT()
SI_UNIT($,.RADIAN.)
);
#14333=(
NAMED_UNIT(*)
PLANE_ANGLE_UNIT()
SI_UNIT($,.RADIAN.)
);
#14334=(
NAMED_UNIT(*)
PLANE_ANGLE_UNIT()
SI_UNIT($,.RADIAN.)
);
#14335=(
NAMED_UNIT(*)
PLANE_ANGLE_UNIT()
SI_UNIT($,.RADIAN.)
);
#14336=(
LENGTH_UNIT()
NAMED_UNIT(*)
SI_UNIT($,.METRE.)
);
#14337=(
LENGTH_UNIT()
NAMED_UNIT(*)
SI_UNIT($,.METRE.)
);
#14338=(
LENGTH_UNIT()
NAMED_UNIT(*)
SI_UNIT($,.METRE.)
);
#14339=(
LENGTH_UNIT()
NAMED_UNIT(*)
SI_UNIT($,.METRE.)
);
#14340=(
LENGTH_UNIT()
NAMED_UNIT(*)
SI_UNIT($,.METRE.)
);
#14341=(
LENGTH_UNIT()
NAMED_UNIT(*)
SI_UNIT($,.METRE.)
);
#14342=(
LENGTH_UNIT()
NAMED_UNIT(*)
SI_UNIT($,.METRE.)
);
#14343=(
LENGTH_UNIT()
NAMED_UNIT(*)
SI_UNIT($,.METRE.)
);
#14344=(
LENGTH_UNIT()
NAMED_UNIT(*)
SI_UNIT($,.METRE.)
);
#14345=(
LENGTH_UNIT()
NAMED_UNIT(*)
SI_UNIT($,.METRE.)
);
#14346=(
LENGTH_UNIT()
NAMED_UNIT(*)
SI_UNIT($,.METRE.)
);
#14347=(
LENGTH_UNIT()
NAMED_UNIT(*)
SI_UNIT($,.METRE.)
);
#14348=(
LENGTH_UNIT()
NAMED_UNIT(*)
SI_UNIT($,.METRE.)
);
#14349=(
LENGTH_UNIT()
NAMED_UNIT(*)
SI_UNIT($,.METRE.)
);
#14350=(
LENGTH_UNIT()
NAMED_UNIT(*)
SI_UNIT($,.METRE.)
);
#14351=(
LENGTH_UNIT()
NAMED_UNIT(*)
SI_UNIT($,.METRE.)
);
#14352=PRODUCT_DEFINITION_SHAPE('','',#14368);
#14353=PRODUCT_DEFINITION_SHAPE('','',#14369);
#14354=PRODUCT_DEFINITION_SHAPE('','',#14370);
#14355=PRODUCT_DEFINITION_SHAPE('','',#14371);
#14356=PRODUCT_DEFINITION_SHAPE('','',#14372);
#14357=PRODUCT_DEFINITION_SHAPE('','',#14373);
#14358=PRODUCT_DEFINITION_SHAPE('','',#14374);
#14359=PRODUCT_DEFINITION_SHAPE('','',#14375);
#14360=PRODUCT_DEFINITION_SHAPE('','',#14376);
#14361=PRODUCT_DEFINITION_SHAPE('','',#14377);
#14362=PRODUCT_DEFINITION_SHAPE('','',#14378);
#14363=PRODUCT_DEFINITION_SHAPE('','',#14379);
#14364=PRODUCT_DEFINITION_SHAPE('','',#14380);
#14365=PRODUCT_DEFINITION_SHAPE('','',#14381);
#14366=PRODUCT_DEFINITION_SHAPE('','',#14382);
#14367=PRODUCT_DEFINITION_SHAPE('','',#14383);
#14368=PRODUCT_DEFINITION('','',#14400,#14384);
#14369=PRODUCT_DEFINITION('','',#14401,#14385);
#14370=PRODUCT_DEFINITION('','',#14402,#14386);
#14371=PRODUCT_DEFINITION('','',#14403,#14387);
#14372=PRODUCT_DEFINITION('','',#14404,#14388);
#14373=PRODUCT_DEFINITION('','',#14405,#14389);
#14374=PRODUCT_DEFINITION('','',#14406,#14390);
#14375=PRODUCT_DEFINITION('','',#14407,#14391);
#14376=PRODUCT_DEFINITION('','',#14408,#14392);
#14377=PRODUCT_DEFINITION('','',#14409,#14393);
#14378=PRODUCT_DEFINITION('','',#14410,#14394);
#14379=PRODUCT_DEFINITION('','',#14411,#14395);
#14380=PRODUCT_DEFINITION('','',#14412,#14396);
#14381=PRODUCT_DEFINITION('','',#14413,#14397);
#14382=PRODUCT_DEFINITION('','',#14414,#14398);
#14383=PRODUCT_DEFINITION('','',#14415,#14399);
#14384=PRODUCT_DEFINITION_CONTEXT('',#14496,'design');
#14385=PRODUCT_DEFINITION_CONTEXT('',#14497,'design');
#14386=PRODUCT_DEFINITION_CONTEXT('',#14498,'design');
#14387=PRODUCT_DEFINITION_CONTEXT('',#14499,'design');
#14388=PRODUCT_DEFINITION_CONTEXT('',#14500,'design');
#14389=PRODUCT_DEFINITION_CONTEXT('',#14501,'design');
#14390=PRODUCT_DEFINITION_CONTEXT('',#14502,'design');
#14391=PRODUCT_DEFINITION_CONTEXT('',#14503,'design');
#14392=PRODUCT_DEFINITION_CONTEXT('',#14504,'design');
#14393=PRODUCT_DEFINITION_CONTEXT('',#14505,'design');
#14394=PRODUCT_DEFINITION_CONTEXT('',#14506,'design');
#14395=PRODUCT_DEFINITION_CONTEXT('',#14507,'design');
#14396=PRODUCT_DEFINITION_CONTEXT('',#14508,'design');
#14397=PRODUCT_DEFINITION_CONTEXT('',#14509,'design');
#14398=PRODUCT_DEFINITION_CONTEXT('',#14510,'design');
#14399=PRODUCT_DEFINITION_CONTEXT('',#14511,'design');
#14400=PRODUCT_DEFINITION_FORMATION_WITH_SPECIFIED_SOURCE('','',#14432,
 .NOT_KNOWN.);
#14401=PRODUCT_DEFINITION_FORMATION_WITH_SPECIFIED_SOURCE('','',#14433,
 .NOT_KNOWN.);
#14402=PRODUCT_DEFINITION_FORMATION_WITH_SPECIFIED_SOURCE('','',#14434,
 .NOT_KNOWN.);
#14403=PRODUCT_DEFINITION_FORMATION_WITH_SPECIFIED_SOURCE('','',#14435,
 .NOT_KNOWN.);
#14404=PRODUCT_DEFINITION_FORMATION_WITH_SPECIFIED_SOURCE('','',#14436,
 .NOT_KNOWN.);
#14405=PRODUCT_DEFINITION_FORMATION_WITH_SPECIFIED_SOURCE('','',#14437,
 .NOT_KNOWN.);
#14406=PRODUCT_DEFINITION_FORMATION_WITH_SPECIFIED_SOURCE('','',#14438,
 .NOT_KNOWN.);
#14407=PRODUCT_DEFINITION_FORMATION_WITH_SPECIFIED_SOURCE('','',#14439,
 .NOT_KNOWN.);
#14408=PRODUCT_DEFINITION_FORMATION_WITH_SPECIFIED_SOURCE('','',#14440,
 .NOT_KNOWN.);
#14409=PRODUCT_DEFINITION_FORMATION_WITH_SPECIFIED_SOURCE('','',#14441,
 .NOT_KNOWN.);
#14410=PRODUCT_DEFINITION_FORMATION_WITH_SPECIFIED_SOURCE('','',#14442,
 .NOT_KNOWN.);
#14411=PRODUCT_DEFINITION_FORMATION_WITH_SPECIFIED_SOURCE('','',#14443,
 .NOT_KNOWN.);
#14412=PRODUCT_DEFINITION_FORMATION_WITH_SPECIFIED_SOURCE('','',#14444,
 .NOT_KNOWN.);
#14413=PRODUCT_DEFINITION_FORMATION_WITH_SPECIFIED_SOURCE('','',#14445,
 .NOT_KNOWN.);
#14414=PRODUCT_DEFINITION_FORMATION_WITH_SPECIFIED_SOURCE('','',#14446,
 .NOT_KNOWN.);
#14415=PRODUCT_DEFINITION_FORMATION_WITH_SPECIFIED_SOURCE('','',#14447,
 .NOT_KNOWN.);
#14416=PRODUCT_RELATED_PRODUCT_CATEGORY('','',(#14432));
#14417=PRODUCT_RELATED_PRODUCT_CATEGORY('','',(#14433));
#14418=PRODUCT_RELATED_PRODUCT_CATEGORY('','',(#14434));
#14419=PRODUCT_RELATED_PRODUCT_CATEGORY('','',(#14435));
#14420=PRODUCT_RELATED_PRODUCT_CATEGORY('','',(#14436));
#14421=PRODUCT_RELATED_PRODUCT_CATEGORY('','',(#14437));
#14422=PRODUCT_RELATED_PRODUCT_CATEGORY('','',(#14438));
#14423=PRODUCT_RELATED_PRODUCT_CATEGORY('','',(#14439));
#14424=PRODUCT_RELATED_PRODUCT_CATEGORY('','',(#14440));
#14425=PRODUCT_RELATED_PRODUCT_CATEGORY('','',(#14441));
#14426=PRODUCT_RELATED_PRODUCT_CATEGORY('','',(#14442));
#14427=PRODUCT_RELATED_PRODUCT_CATEGORY('','',(#14443));
#14428=PRODUCT_RELATED_PRODUCT_CATEGORY('','',(#14444));
#14429=PRODUCT_RELATED_PRODUCT_CATEGORY('','',(#14445));
#14430=PRODUCT_RELATED_PRODUCT_CATEGORY('','',(#14446));
#14431=PRODUCT_RELATED_PRODUCT_CATEGORY('','',(#14447));
#14432=PRODUCT('Large casing (bottom section)',
'Large casing (bottom section)','Large casing (bottom section)',(#14464));
#14433=PRODUCT('Motor model#3','Motor model#3','Motor model#3',(#14465));
#14434=PRODUCT('Motor model#1','Motor model#1','Motor model#1',(#14466));
#14435=PRODUCT('Large casing(top section)','Large casing(top section)',
'Large casing(top section)',(#14467));
#14436=PRODUCT('Motor model #2','Motor model #2','Motor model #2',(#14468));
#14437=PRODUCT('Wheel #2','Wheel #2','Wheel #2',(#14469));
#14438=PRODUCT('Motor model#4','Motor model#4','Motor model#4',(#14470));
#14439=PRODUCT('x-axis movement wheel mount #2',
'x-axis movement wheel mount #2','x-axis movement wheel mount #2',(#14471));
#14440=PRODUCT('Top wheel #1','Top wheel #1','Top wheel #1',(#14472));
#14441=PRODUCT('y-axis movement wheel mount#1',
'y-axis movement wheel mount#1','y-axis movement wheel mount#1',(#14473));
#14442=PRODUCT('Wheel#3','Wheel#3','Wheel#3',(#14474));
#14443=PRODUCT('y-axis movement wheel mount#2',
'y-axis movement wheel mount#2','y-axis movement wheel mount#2',(#14475));
#14444=PRODUCT('x-axis movement wheel mount #1',
'x-axis movement wheel mount #1','x-axis movement wheel mount #1',(#14476));
#14445=PRODUCT('Wheel#4','Wheel#4','Wheel#4',(#14477));
#14446=PRODUCT('Top wheel #2','Top wheel #2','Top wheel #2',(#14478));
#14447=PRODUCT('Wheel#1','Wheel#1','Wheel#1',(#14479));
#14448=PRODUCT_CATEGORY('','');
#14449=PRODUCT_CATEGORY('','');
#14450=PRODUCT_CATEGORY('','');
#14451=PRODUCT_CATEGORY('','');
#14452=PRODUCT_CATEGORY('','');
#14453=PRODUCT_CATEGORY('','');
#14454=PRODUCT_CATEGORY('','');
#14455=PRODUCT_CATEGORY('','');
#14456=PRODUCT_CATEGORY('','');
#14457=PRODUCT_CATEGORY('','');
#14458=PRODUCT_CATEGORY('','');
#14459=PRODUCT_CATEGORY('','');
#14460=PRODUCT_CATEGORY('','');
#14461=PRODUCT_CATEGORY('','');
#14462=PRODUCT_CATEGORY('','');
#14463=PRODUCT_CATEGORY('','');
#14464=PRODUCT_CONTEXT('',#14496,'mechanical');
#14465=PRODUCT_CONTEXT('',#14497,'mechanical');
#14466=PRODUCT_CONTEXT('',#14498,'mechanical');
#14467=PRODUCT_CONTEXT('',#14499,'mechanical');
#14468=PRODUCT_CONTEXT('',#14500,'mechanical');
#14469=PRODUCT_CONTEXT('',#14501,'mechanical');
#14470=PRODUCT_CONTEXT('',#14502,'mechanical');
#14471=PRODUCT_CONTEXT('',#14503,'mechanical');
#14472=PRODUCT_CONTEXT('',#14504,'mechanical');
#14473=PRODUCT_CONTEXT('',#14505,'mechanical');
#14474=PRODUCT_CONTEXT('',#14506,'mechanical');
#14475=PRODUCT_CONTEXT('',#14507,'mechanical');
#14476=PRODUCT_CONTEXT('',#14508,'mechanical');
#14477=PRODUCT_CONTEXT('',#14509,'mechanical');
#14478=PRODUCT_CONTEXT('',#14510,'mechanical');
#14479=PRODUCT_CONTEXT('',#14511,'mechanical');
#14480=APPLICATION_PROTOCOL_DEFINITION('international standard',
'ap242_managed_model_based_3d_engineering',2020,#14496);
#14481=APPLICATION_PROTOCOL_DEFINITION('international standard',
'ap242_managed_model_based_3d_engineering',2020,#14497);
#14482=APPLICATION_PROTOCOL_DEFINITION('international standard',
'ap242_managed_model_based_3d_engineering',2020,#14498);
#14483=APPLICATION_PROTOCOL_DEFINITION('international standard',
'ap242_managed_model_based_3d_engineering',2020,#14499);
#14484=APPLICATION_PROTOCOL_DEFINITION('international standard',
'ap242_managed_model_based_3d_engineering',2020,#14500);
#14485=APPLICATION_PROTOCOL_DEFINITION('international standard',
'ap242_managed_model_based_3d_engineering',2020,#14501);
#14486=APPLICATION_PROTOCOL_DEFINITION('international standard',
'ap242_managed_model_based_3d_engineering',2020,#14502);
#14487=APPLICATION_PROTOCOL_DEFINITION('international standard',
'ap242_managed_model_based_3d_engineering',2020,#14503);
#14488=APPLICATION_PROTOCOL_DEFINITION('international standard',
'ap242_managed_model_based_3d_engineering',2020,#14504);
#14489=APPLICATION_PROTOCOL_DEFINITION('international standard',
'ap242_managed_model_based_3d_engineering',2020,#14505);
#14490=APPLICATION_PROTOCOL_DEFINITION('international standard',
'ap242_managed_model_based_3d_engineering',2020,#14506);
#14491=APPLICATION_PROTOCOL_DEFINITION('international standard',
'ap242_managed_model_based_3d_engineering',2020,#14507);
#14492=APPLICATION_PROTOCOL_DEFINITION('international standard',
'ap242_managed_model_based_3d_engineering',2020,#14508);
#14493=APPLICATION_PROTOCOL_DEFINITION('international standard',
'ap242_managed_model_based_3d_engineering',2020,#14509);
#14494=APPLICATION_PROTOCOL_DEFINITION('international standard',
'ap242_managed_model_based_3d_engineering',2020,#14510);
#14495=APPLICATION_PROTOCOL_DEFINITION('international standard',
'ap242_managed_model_based_3d_engineering',2020,#14511);
#14496=APPLICATION_CONTEXT('managed model based 3d engineering');
#14497=APPLICATION_CONTEXT('managed model based 3d engineering');
#14498=APPLICATION_CONTEXT('managed model based 3d engineering');
#14499=APPLICATION_CONTEXT('managed model based 3d engineering');
#14500=APPLICATION_CONTEXT('managed model based 3d engineering');
#14501=APPLICATION_CONTEXT('managed model based 3d engineering');
#14502=APPLICATION_CONTEXT('managed model based 3d engineering');
#14503=APPLICATION_CONTEXT('managed model based 3d engineering');
#14504=APPLICATION_CONTEXT('managed model based 3d engineering');
#14505=APPLICATION_CONTEXT('managed model based 3d engineering');
#14506=APPLICATION_CONTEXT('managed model based 3d engineering');
#14507=APPLICATION_CONTEXT('managed model based 3d engineering');
#14508=APPLICATION_CONTEXT('managed model based 3d engineering');
#14509=APPLICATION_CONTEXT('managed model based 3d engineering');
#14510=APPLICATION_CONTEXT('managed model based 3d engineering');
#14511=APPLICATION_CONTEXT('managed model based 3d engineering');
ENDSEC;
END-ISO-10303-21;
