ISO-10303-21;
HEADER;
/* Generated by software containing ST-Developer
 * from STEP Tools, Inc. (www.steptools.com) 
 */
/* OPTION: using custom renumber hook */

FILE_DESCRIPTION(
/* description */ ('STEP AP242 Edition 2',
'CAx-IF Rec.Pracs.---Representation and Presentation of Product Manufa
cturing Information (PMI)---4.0---2014-10-13',
'CAx-IF Rec.Pracs.---3D Tessellated Geometry---0.4---2014-09-14','2;1',
'CAx-IF Rec.Pracs.---User Defined Attributes---1.5---2016-08-15'),
/* implementation_level */ '2;1');

FILE_NAME(
/* name */ '6a94af0e4478638833c02c76',
/* time_stamp */ '2026-08-30T22:30:39Z',
/* author */ (''),
/* organization */ (''),
/* preprocessor_version */ 'ST-DEVELOPER v20',
/* originating_system */ 'ONSHAPE BY PTC INC, 1.220',
/* authorisation */ '  ');

FILE_SCHEMA (('AP242_MANAGED_MODEL_BASED_3D_ENGINEERING_MIM_LF { 1 0 10303 442 3 1 4 }'));
ENDSEC;

DATA;
#10=TOROIDAL_SURFACE('',#11211,0.003,0.001);
#11=TOROIDAL_SURFACE('',#11212,0.003,0.001);
#12=TOROIDAL_SURFACE('',#11213,0.005,0.001);
#13=TOROIDAL_SURFACE('',#11214,0.005,0.001);
#14=ORIENTED_CLOSED_SHELL('',*,#10179,.F.);
#15=ORIENTED_CLOSED_SHELL('',*,#10181,.F.);
#16=BREP_WITH_VOIDS('Rail connector piece',#10178,(#14));
#17=BREP_WITH_VOIDS('Rail end piece',#10180,(#15));
#18=ELLIPSE('',#10572,0.000707106781186548,0.0005);
#19=ELLIPSE('',#10574,0.000707106781186548,0.0005);
#20=ELLIPSE('',#10863,0.000707106781186548,0.0005);
#21=ELLIPSE('',#10865,0.000707106781186548,0.0005);
#22=ELLIPSE('',#10972,0.000707106781186548,0.0005);
#23=ELLIPSE('',#10974,0.000707106781186548,0.0005);
#24=ELLIPSE('',#11069,0.000707106781186548,0.0005);
#25=ELLIPSE('',#11071,0.000707106781186548,0.0005);
#26=B_SPLINE_CURVE_WITH_KNOTS('',3,(#14472,#14473,#14474,#14475),
 .UNSPECIFIED.,.F.,.F.,(4,4),(0.,0.000783607851989802),.UNSPECIFIED.);
#27=B_SPLINE_CURVE_WITH_KNOTS('',3,(#14480,#14481,#14482,#14483),
 .UNSPECIFIED.,.F.,.F.,(4,4),(2.26446207231011E-16,0.000781562377073732),
 .UNSPECIFIED.);
#28=B_SPLINE_CURVE_WITH_KNOTS('',3,(#14487,#14488,#14489,#14490),
 .UNSPECIFIED.,.F.,.F.,(4,4),(0.,0.000781551389541066),.UNSPECIFIED.);
#29=B_SPLINE_CURVE_WITH_KNOTS('',3,(#14494,#14495,#14496,#14497),
 .UNSPECIFIED.,.F.,.F.,(4,4),(0.,0.000783627061013169),.UNSPECIFIED.);
#30=B_SPLINE_CURVE_WITH_KNOTS('',3,(#14501,#14502,#14503,#14504),
 .UNSPECIFIED.,.F.,.F.,(4,4),(0.,0.000783607851989731),.UNSPECIFIED.);
#31=B_SPLINE_CURVE_WITH_KNOTS('',3,(#14508,#14509,#14510,#14511),
 .UNSPECIFIED.,.F.,.F.,(4,4),(0.,0.000781562377073601),.UNSPECIFIED.);
#32=B_SPLINE_CURVE_WITH_KNOTS('',3,(#14515,#14516,#14517,#14518),
 .UNSPECIFIED.,.F.,.F.,(4,4),(0.,0.000781551389540491),.UNSPECIFIED.);
#33=B_SPLINE_CURVE_WITH_KNOTS('',3,(#14522,#14523,#14524,#14525),
 .UNSPECIFIED.,.F.,.F.,(4,4),(0.,0.000783627061012785),.UNSPECIFIED.);
#34=B_SPLINE_CURVE_WITH_KNOTS('',3,(#14529,#14530,#14531,#14532),
 .UNSPECIFIED.,.F.,.F.,(4,4),(0.,0.000783607851989792),.UNSPECIFIED.);
#35=B_SPLINE_CURVE_WITH_KNOTS('',3,(#14536,#14537,#14538,#14539),
 .UNSPECIFIED.,.F.,.F.,(4,4),(0.,0.000781562377073852),.UNSPECIFIED.);
#36=B_SPLINE_CURVE_WITH_KNOTS('',3,(#14543,#14544,#14545,#14546),
 .UNSPECIFIED.,.F.,.F.,(4,4),(0.,0.000781551389540793),.UNSPECIFIED.);
#37=B_SPLINE_CURVE_WITH_KNOTS('',3,(#14550,#14551,#14552,#14553),
 .UNSPECIFIED.,.F.,.F.,(4,4),(0.,0.000783627061012925),.UNSPECIFIED.);
#38=B_SPLINE_CURVE_WITH_KNOTS('',3,(#14557,#14558,#14559,#14560),
 .UNSPECIFIED.,.F.,.F.,(4,4),(0.,0.000783607851989753),.UNSPECIFIED.);
#39=B_SPLINE_CURVE_WITH_KNOTS('',3,(#14564,#14565,#14566,#14567),
 .UNSPECIFIED.,.F.,.F.,(4,4),(0.,0.000781562377073914),.UNSPECIFIED.);
#40=B_SPLINE_CURVE_WITH_KNOTS('',3,(#14571,#14572,#14573,#14574),
 .UNSPECIFIED.,.F.,.F.,(4,4),(0.,0.000781551389540872),.UNSPECIFIED.);
#41=B_SPLINE_CURVE_WITH_KNOTS('',3,(#14578,#14579,#14580,#14581),
 .UNSPECIFIED.,.F.,.F.,(4,4),(0.,0.000783627061012883),.UNSPECIFIED.);
#42=B_SPLINE_CURVE_WITH_KNOTS('',3,(#14585,#14586,#14587,#14588),
 .UNSPECIFIED.,.F.,.F.,(4,4),(0.,0.000783607851989519),.UNSPECIFIED.);
#43=B_SPLINE_CURVE_WITH_KNOTS('',3,(#14592,#14593,#14594,#14595),
 .UNSPECIFIED.,.F.,.F.,(4,4),(0.,0.000781562377073958),.UNSPECIFIED.);
#44=B_SPLINE_CURVE_WITH_KNOTS('',3,(#14599,#14600,#14601,#14602),
 .UNSPECIFIED.,.F.,.F.,(4,4),(0.,0.000781551389540886),.UNSPECIFIED.);
#45=B_SPLINE_CURVE_WITH_KNOTS('',3,(#14606,#14607,#14608,#14609),
 .UNSPECIFIED.,.F.,.F.,(4,4),(0.,0.000783627061012887),.UNSPECIFIED.);
#46=B_SPLINE_CURVE_WITH_KNOTS('',3,(#14687,#14688,#14689,#14690),
 .UNSPECIFIED.,.F.,.F.,(4,4),(0.,0.000781410122785761),.UNSPECIFIED.);
#47=B_SPLINE_CURVE_WITH_KNOTS('',3,(#14692,#14693,#14694,#14695),
 .UNSPECIFIED.,.F.,.F.,(4,4),(0.,0.000781412866621172),.UNSPECIFIED.);
#48=B_SPLINE_CURVE_WITH_KNOTS('',3,(#14697,#14698,#14699,#14700),
 .UNSPECIFIED.,.F.,.F.,(4,4),(0.,0.000781141826626882),.UNSPECIFIED.);
#49=B_SPLINE_CURVE_WITH_KNOTS('',3,(#14702,#14703,#14704,#14705),
 .UNSPECIFIED.,.F.,.F.,(4,4),(0.,0.000781143139734392),.UNSPECIFIED.);
#50=B_SPLINE_CURVE_WITH_KNOTS('',3,(#14709,#14710,#14711,#14712),
 .UNSPECIFIED.,.F.,.F.,(4,4),(0.,0.00078114313973437),.UNSPECIFIED.);
#51=B_SPLINE_CURVE_WITH_KNOTS('',3,(#14716,#14717,#14718,#14719),
 .UNSPECIFIED.,.F.,.F.,(4,4),(0.,0.000781141826626467),.UNSPECIFIED.);
#52=B_SPLINE_CURVE_WITH_KNOTS('',3,(#14723,#14724,#14725,#14726),
 .UNSPECIFIED.,.F.,.F.,(4,4),(0.,0.000781412866621234),.UNSPECIFIED.);
#53=B_SPLINE_CURVE_WITH_KNOTS('',3,(#14730,#14731,#14732,#14733),
 .UNSPECIFIED.,.F.,.F.,(4,4),(0.,0.00078141012278615),.UNSPECIFIED.);
#54=B_SPLINE_CURVE_WITH_KNOTS('',3,(#14753,#14754,#14755,#14756),
 .UNSPECIFIED.,.F.,.F.,(4,4),(0.,0.000781141826626572),.UNSPECIFIED.);
#55=B_SPLINE_CURVE_WITH_KNOTS('',3,(#14758,#14759,#14760,#14761),
 .UNSPECIFIED.,.F.,.F.,(4,4),(0.,0.00078114313973436),.UNSPECIFIED.);
#56=B_SPLINE_CURVE_WITH_KNOTS('',3,(#14764,#14765,#14766,#14767),
 .UNSPECIFIED.,.F.,.F.,(4,4),(0.,0.000781412866621318),.UNSPECIFIED.);
#57=B_SPLINE_CURVE_WITH_KNOTS('',3,(#14771,#14772,#14773,#14774),
 .UNSPECIFIED.,.F.,.F.,(4,4),(0.,0.000781410122785883),.UNSPECIFIED.);
#58=B_SPLINE_CURVE_WITH_KNOTS('',3,(#14793,#14794,#14795,#14796),
 .UNSPECIFIED.,.F.,.F.,(4,4),(0.,0.000781410122786289),.UNSPECIFIED.);
#59=B_SPLINE_CURVE_WITH_KNOTS('',3,(#14798,#14799,#14800,#14801),
 .UNSPECIFIED.,.F.,.F.,(4,4),(0.,0.000781412866621199),.UNSPECIFIED.);
#60=B_SPLINE_CURVE_WITH_KNOTS('',3,(#14833,#14834,#14835,#14836),
 .UNSPECIFIED.,.F.,.F.,(4,4),(0.,0.000781412866621199),.UNSPECIFIED.);
#61=B_SPLINE_CURVE_WITH_KNOTS('',3,(#14838,#14839,#14840,#14841),
 .UNSPECIFIED.,.F.,.F.,(4,4),(0.,0.000781410122785979),.UNSPECIFIED.);
#62=B_SPLINE_CURVE_WITH_KNOTS('',3,(#14846,#14847,#14848,#14849),
 .UNSPECIFIED.,.F.,.F.,(4,4),(0.,0.000781143139734413),.UNSPECIFIED.);
#63=B_SPLINE_CURVE_WITH_KNOTS('',3,(#14853,#14854,#14855,#14856),
 .UNSPECIFIED.,.F.,.F.,(4,4),(0.,0.000781141826626831),.UNSPECIFIED.);
#64=B_SPLINE_CURVE_WITH_KNOTS('',3,(#15556,#15557,#15558,#15559),
 .UNSPECIFIED.,.F.,.F.,(4,4),(0.,0.000781562377073722),.UNSPECIFIED.);
#65=B_SPLINE_CURVE_WITH_KNOTS('',3,(#15563,#15564,#15565,#15566),
 .UNSPECIFIED.,.F.,.F.,(4,4),(0.,0.00078155138954099),.UNSPECIFIED.);
#66=B_SPLINE_CURVE_WITH_KNOTS('',3,(#15570,#15571,#15572,#15573),
 .UNSPECIFIED.,.F.,.F.,(4,4),(0.,0.000783627061013121),.UNSPECIFIED.);
#67=B_SPLINE_CURVE_WITH_KNOTS('',3,(#15577,#15578,#15579,#15580),
 .UNSPECIFIED.,.F.,.F.,(4,4),(0.,0.000783607851989715),.UNSPECIFIED.);
#68=B_SPLINE_CURVE_WITH_KNOTS('',3,(#15581,#15582,#15583,#15584),
 .UNSPECIFIED.,.F.,.F.,(4,4),(0.,0.000781562377073602),.UNSPECIFIED.);
#69=B_SPLINE_CURVE_WITH_KNOTS('',3,(#15588,#15589,#15590,#15591),
 .UNSPECIFIED.,.F.,.F.,(4,4),(0.,0.00078155138954049),.UNSPECIFIED.);
#70=B_SPLINE_CURVE_WITH_KNOTS('',3,(#15595,#15596,#15597,#15598),
 .UNSPECIFIED.,.F.,.F.,(4,4),(0.,0.000783627061012772),.UNSPECIFIED.);
#71=B_SPLINE_CURVE_WITH_KNOTS('',3,(#15602,#15603,#15604,#15605),
 .UNSPECIFIED.,.F.,.F.,(4,4),(0.,0.000783607851989803),.UNSPECIFIED.);
#72=B_SPLINE_CURVE_WITH_KNOTS('',3,(#15606,#15607,#15608,#15609),
 .UNSPECIFIED.,.F.,.F.,(4,4),(0.,0.000781562377073814),.UNSPECIFIED.);
#73=B_SPLINE_CURVE_WITH_KNOTS('',3,(#15613,#15614,#15615,#15616),
 .UNSPECIFIED.,.F.,.F.,(4,4),(0.,0.000781551389540797),.UNSPECIFIED.);
#74=B_SPLINE_CURVE_WITH_KNOTS('',3,(#15620,#15621,#15622,#15623),
 .UNSPECIFIED.,.F.,.F.,(4,4),(0.,0.00078362706101291),.UNSPECIFIED.);
#75=B_SPLINE_CURVE_WITH_KNOTS('',3,(#15627,#15628,#15629,#15630),
 .UNSPECIFIED.,.F.,.F.,(4,4),(0.,0.000783607851989779),.UNSPECIFIED.);
#76=B_SPLINE_CURVE_WITH_KNOTS('',3,(#15634,#15635,#15636,#15637),
 .UNSPECIFIED.,.F.,.F.,(4,4),(0.,0.000781562377073916),.UNSPECIFIED.);
#77=B_SPLINE_CURVE_WITH_KNOTS('',3,(#15641,#15642,#15643,#15644),
 .UNSPECIFIED.,.F.,.F.,(4,4),(0.,0.000781551389540871),.UNSPECIFIED.);
#78=B_SPLINE_CURVE_WITH_KNOTS('',3,(#15648,#15649,#15650,#15651),
 .UNSPECIFIED.,.F.,.F.,(4,4),(0.,0.000783627061012887),.UNSPECIFIED.);
#79=B_SPLINE_CURVE_WITH_KNOTS('',3,(#15655,#15656,#15657,#15658),
 .UNSPECIFIED.,.F.,.F.,(4,4),(0.,0.000783607851989515),.UNSPECIFIED.);
#80=B_SPLINE_CURVE_WITH_KNOTS('',3,(#15659,#15660,#15661,#15662),
 .UNSPECIFIED.,.F.,.F.,(4,4),(0.,0.00078360785198986),.UNSPECIFIED.);
#81=B_SPLINE_CURVE_WITH_KNOTS('',3,(#15664,#15665,#15666,#15667),
 .UNSPECIFIED.,.F.,.F.,(4,4),(0.,0.000781562377073955),.UNSPECIFIED.);
#82=B_SPLINE_CURVE_WITH_KNOTS('',3,(#15671,#15672,#15673,#15674),
 .UNSPECIFIED.,.F.,.F.,(4,4),(0.,0.00078155138954091),.UNSPECIFIED.);
#83=B_SPLINE_CURVE_WITH_KNOTS('',3,(#15678,#15679,#15680,#15681),
 .UNSPECIFIED.,.F.,.F.,(4,4),(0.,0.000783627061012887),.UNSPECIFIED.);
#84=B_SPLINE_CURVE_WITH_KNOTS('',3,(#15739,#15740,#15741,#15742),
 .UNSPECIFIED.,.F.,.F.,(4,4),(0.,0.000781410122785753),.UNSPECIFIED.);
#85=B_SPLINE_CURVE_WITH_KNOTS('',3,(#15744,#15745,#15746,#15747),
 .UNSPECIFIED.,.F.,.F.,(4,4),(0.,0.000781412866621151),.UNSPECIFIED.);
#86=B_SPLINE_CURVE_WITH_KNOTS('',3,(#15749,#15750,#15751,#15752),
 .UNSPECIFIED.,.F.,.F.,(4,4),(0.,0.000781141826626842),.UNSPECIFIED.);
#87=B_SPLINE_CURVE_WITH_KNOTS('',3,(#15754,#15755,#15756,#15757),
 .UNSPECIFIED.,.F.,.F.,(4,4),(0.,0.000781143139734411),.UNSPECIFIED.);
#88=B_SPLINE_CURVE_WITH_KNOTS('',3,(#15761,#15762,#15763,#15764),
 .UNSPECIFIED.,.F.,.F.,(4,4),(0.,0.000781143139734371),.UNSPECIFIED.);
#89=B_SPLINE_CURVE_WITH_KNOTS('',3,(#15768,#15769,#15770,#15771),
 .UNSPECIFIED.,.F.,.F.,(4,4),(0.,0.00078114182662647),.UNSPECIFIED.);
#90=B_SPLINE_CURVE_WITH_KNOTS('',3,(#15775,#15776,#15777,#15778),
 .UNSPECIFIED.,.F.,.F.,(4,4),(0.,0.00078141286662119),.UNSPECIFIED.);
#91=B_SPLINE_CURVE_WITH_KNOTS('',3,(#15782,#15783,#15784,#15785),
 .UNSPECIFIED.,.F.,.F.,(4,4),(0.,0.000781410122786097),.UNSPECIFIED.);
#92=B_SPLINE_CURVE_WITH_KNOTS('',3,(#15805,#15806,#15807,#15808),
 .UNSPECIFIED.,.F.,.F.,(4,4),(0.,0.000781141826626573),.UNSPECIFIED.);
#93=B_SPLINE_CURVE_WITH_KNOTS('',3,(#15810,#15811,#15812,#15813),
 .UNSPECIFIED.,.F.,.F.,(4,4),(0.,0.000781143139734324),.UNSPECIFIED.);
#94=B_SPLINE_CURVE_WITH_KNOTS('',3,(#15816,#15817,#15818,#15819),
 .UNSPECIFIED.,.F.,.F.,(4,4),(0.,0.000781412866621321),.UNSPECIFIED.);
#95=B_SPLINE_CURVE_WITH_KNOTS('',3,(#15823,#15824,#15825,#15826),
 .UNSPECIFIED.,.F.,.F.,(4,4),(0.,0.000781410122785881),.UNSPECIFIED.);
#96=B_SPLINE_CURVE_WITH_KNOTS('',3,(#15845,#15846,#15847,#15848),
 .UNSPECIFIED.,.F.,.F.,(4,4),(0.,0.00078141012278631),.UNSPECIFIED.);
#97=B_SPLINE_CURVE_WITH_KNOTS('',3,(#15850,#15851,#15852,#15853),
 .UNSPECIFIED.,.F.,.F.,(4,4),(1.0842021724855E-18,0.000781412866621209),
 .UNSPECIFIED.);
#98=B_SPLINE_CURVE_WITH_KNOTS('',3,(#15885,#15886,#15887,#15888),
 .UNSPECIFIED.,.F.,.F.,(4,4),(0.,0.000781412866621181),.UNSPECIFIED.);
#99=B_SPLINE_CURVE_WITH_KNOTS('',3,(#15890,#15891,#15892,#15893),
 .UNSPECIFIED.,.F.,.F.,(4,4),(0.,0.000781410122785926),.UNSPECIFIED.);
#100=B_SPLINE_CURVE_WITH_KNOTS('',3,(#15898,#15899,#15900,#15901),
 .UNSPECIFIED.,.F.,.F.,(4,4),(0.,0.000781143139734461),.UNSPECIFIED.);
#101=B_SPLINE_CURVE_WITH_KNOTS('',3,(#15905,#15906,#15907,#15908),
 .UNSPECIFIED.,.F.,.F.,(4,4),(0.,0.000781141826626836),.UNSPECIFIED.);
#102=B_SPLINE_CURVE_WITH_KNOTS('',3,(#15984,#15985,#15986,#15987),
 .UNSPECIFIED.,.F.,.F.,(4,4),(0.,0.00078156237707373),.UNSPECIFIED.);
#103=B_SPLINE_CURVE_WITH_KNOTS('',3,(#15991,#15992,#15993,#15994),
 .UNSPECIFIED.,.F.,.F.,(4,4),(0.,0.000781551389541009),.UNSPECIFIED.);
#104=B_SPLINE_CURVE_WITH_KNOTS('',3,(#15998,#15999,#16000,#16001),
 .UNSPECIFIED.,.F.,.F.,(4,4),(0.,0.00078362706101312),.UNSPECIFIED.);
#105=B_SPLINE_CURVE_WITH_KNOTS('',3,(#16005,#16006,#16007,#16008),
 .UNSPECIFIED.,.F.,.F.,(4,4),(0.,0.000783607851989722),.UNSPECIFIED.);
#106=B_SPLINE_CURVE_WITH_KNOTS('',3,(#16009,#16010,#16011,#16012),
 .UNSPECIFIED.,.F.,.F.,(4,4),(0.,0.000781562377073599),.UNSPECIFIED.);
#107=B_SPLINE_CURVE_WITH_KNOTS('',3,(#16016,#16017,#16018,#16019),
 .UNSPECIFIED.,.F.,.F.,(4,4),(0.,0.000781551389540487),.UNSPECIFIED.);
#108=B_SPLINE_CURVE_WITH_KNOTS('',3,(#16023,#16024,#16025,#16026),
 .UNSPECIFIED.,.F.,.F.,(4,4),(0.,0.000783627061012757),.UNSPECIFIED.);
#109=B_SPLINE_CURVE_WITH_KNOTS('',3,(#16030,#16031,#16032,#16033),
 .UNSPECIFIED.,.F.,.F.,(4,4),(0.,0.00078360785198981),.UNSPECIFIED.);
#110=B_SPLINE_CURVE_WITH_KNOTS('',3,(#16034,#16035,#16036,#16037),
 .UNSPECIFIED.,.F.,.F.,(4,4),(0.,0.000781562377073817),.UNSPECIFIED.);
#111=B_SPLINE_CURVE_WITH_KNOTS('',3,(#16041,#16042,#16043,#16044),
 .UNSPECIFIED.,.F.,.F.,(4,4),(0.,0.000781551389540832),.UNSPECIFIED.);
#112=B_SPLINE_CURVE_WITH_KNOTS('',3,(#16048,#16049,#16050,#16051),
 .UNSPECIFIED.,.F.,.F.,(4,4),(0.,0.000783627061012928),.UNSPECIFIED.);
#113=B_SPLINE_CURVE_WITH_KNOTS('',3,(#16055,#16056,#16057,#16058),
 .UNSPECIFIED.,.F.,.F.,(4,4),(0.,0.000783607851989784),.UNSPECIFIED.);
#114=B_SPLINE_CURVE_WITH_KNOTS('',3,(#16062,#16063,#16064,#16065),
 .UNSPECIFIED.,.F.,.F.,(4,4),(0.,0.000781562377073918),.UNSPECIFIED.);
#115=B_SPLINE_CURVE_WITH_KNOTS('',3,(#16069,#16070,#16071,#16072),
 .UNSPECIFIED.,.F.,.F.,(4,4),(0.,0.00078155138954086),.UNSPECIFIED.);
#116=B_SPLINE_CURVE_WITH_KNOTS('',3,(#16076,#16077,#16078,#16079),
 .UNSPECIFIED.,.F.,.F.,(4,4),(0.,0.00078362706101289),.UNSPECIFIED.);
#117=B_SPLINE_CURVE_WITH_KNOTS('',3,(#16083,#16084,#16085,#16086),
 .UNSPECIFIED.,.F.,.F.,(4,4),(0.,0.000783607851989515),.UNSPECIFIED.);
#118=B_SPLINE_CURVE_WITH_KNOTS('',3,(#16087,#16088,#16089,#16090),
 .UNSPECIFIED.,.F.,.F.,(4,4),(0.,0.00078360785198991),.UNSPECIFIED.);
#119=B_SPLINE_CURVE_WITH_KNOTS('',3,(#16092,#16093,#16094,#16095),
 .UNSPECIFIED.,.F.,.F.,(4,4),(0.,0.000781562377073951),.UNSPECIFIED.);
#120=B_SPLINE_CURVE_WITH_KNOTS('',3,(#16099,#16100,#16101,#16102),
 .UNSPECIFIED.,.F.,.F.,(4,4),(0.,0.000781551389540923),.UNSPECIFIED.);
#121=B_SPLINE_CURVE_WITH_KNOTS('',3,(#16106,#16107,#16108,#16109),
 .UNSPECIFIED.,.F.,.F.,(4,4),(0.,0.000783627061012891),.UNSPECIFIED.);
#122=B_SPLINE_CURVE_WITH_KNOTS('',3,(#16167,#16168,#16169,#16170),
 .UNSPECIFIED.,.F.,.F.,(4,4),(0.,0.00078141012278577),.UNSPECIFIED.);
#123=B_SPLINE_CURVE_WITH_KNOTS('',3,(#16172,#16173,#16174,#16175),
 .UNSPECIFIED.,.F.,.F.,(4,4),(0.,0.000781412866621158),.UNSPECIFIED.);
#124=B_SPLINE_CURVE_WITH_KNOTS('',3,(#16177,#16178,#16179,#16180),
 .UNSPECIFIED.,.F.,.F.,(4,4),(0.,0.000781141826626883),.UNSPECIFIED.);
#125=B_SPLINE_CURVE_WITH_KNOTS('',3,(#16182,#16183,#16184,#16185),
 .UNSPECIFIED.,.F.,.F.,(4,4),(5.05159101305033E-17,0.000781143139734422),
 .UNSPECIFIED.);
#126=B_SPLINE_CURVE_WITH_KNOTS('',3,(#16189,#16190,#16191,#16192),
 .UNSPECIFIED.,.F.,.F.,(4,4),(0.,0.00078114313973437),.UNSPECIFIED.);
#127=B_SPLINE_CURVE_WITH_KNOTS('',3,(#16196,#16197,#16198,#16199),
 .UNSPECIFIED.,.F.,.F.,(4,4),(0.,0.000781141826626467),.UNSPECIFIED.);
#128=B_SPLINE_CURVE_WITH_KNOTS('',3,(#16203,#16204,#16205,#16206),
 .UNSPECIFIED.,.F.,.F.,(4,4),(0.,0.000781412866621159),.UNSPECIFIED.);
#129=B_SPLINE_CURVE_WITH_KNOTS('',3,(#16210,#16211,#16212,#16213),
 .UNSPECIFIED.,.F.,.F.,(4,4),(0.,0.000781410122786088),.UNSPECIFIED.);
#130=B_SPLINE_CURVE_WITH_KNOTS('',3,(#16233,#16234,#16235,#16236),
 .UNSPECIFIED.,.F.,.F.,(4,4),(0.,0.000781141826626602),.UNSPECIFIED.);
#131=B_SPLINE_CURVE_WITH_KNOTS('',3,(#16238,#16239,#16240,#16241),
 .UNSPECIFIED.,.F.,.F.,(4,4),(0.,0.000781143139734326),.UNSPECIFIED.);
#132=B_SPLINE_CURVE_WITH_KNOTS('',3,(#16244,#16245,#16246,#16247),
 .UNSPECIFIED.,.F.,.F.,(4,4),(0.,0.000781412866621321),.UNSPECIFIED.);
#133=B_SPLINE_CURVE_WITH_KNOTS('',3,(#16251,#16252,#16253,#16254),
 .UNSPECIFIED.,.F.,.F.,(4,4),(0.,0.000781410122785881),.UNSPECIFIED.);
#134=B_SPLINE_CURVE_WITH_KNOTS('',3,(#16273,#16274,#16275,#16276),
 .UNSPECIFIED.,.F.,.F.,(4,4),(0.,0.000781410122786335),.UNSPECIFIED.);
#135=B_SPLINE_CURVE_WITH_KNOTS('',3,(#16278,#16279,#16280,#16281),
 .UNSPECIFIED.,.F.,.F.,(4,4),(0.,0.000781412866621189),.UNSPECIFIED.);
#136=B_SPLINE_CURVE_WITH_KNOTS('',3,(#16313,#16314,#16315,#16316),
 .UNSPECIFIED.,.F.,.F.,(4,4),(0.,0.000781412866621199),.UNSPECIFIED.);
#137=B_SPLINE_CURVE_WITH_KNOTS('',3,(#16318,#16319,#16320,#16321),
 .UNSPECIFIED.,.F.,.F.,(4,4),(0.,0.000781410122785891),.UNSPECIFIED.);
#138=B_SPLINE_CURVE_WITH_KNOTS('',3,(#16326,#16327,#16328,#16329),
 .UNSPECIFIED.,.F.,.F.,(4,4),(0.,0.000781143139734457),.UNSPECIFIED.);
#139=B_SPLINE_CURVE_WITH_KNOTS('',3,(#16333,#16334,#16335,#16336),
 .UNSPECIFIED.,.F.,.F.,(4,4),(0.,0.000781141826626834),.UNSPECIFIED.);
#140=B_SPLINE_CURVE_WITH_KNOTS('',3,(#16363,#16364,#16365,#16366),
 .UNSPECIFIED.,.F.,.F.,(4,4),(0.,0.000783607851989798),.UNSPECIFIED.);
#141=B_SPLINE_CURVE_WITH_KNOTS('',3,(#16371,#16372,#16373,#16374),
 .UNSPECIFIED.,.F.,.F.,(4,4),(2.26446207231011E-16,0.000781562377073738),
 .UNSPECIFIED.);
#142=B_SPLINE_CURVE_WITH_KNOTS('',3,(#16378,#16379,#16380,#16381),
 .UNSPECIFIED.,.F.,.F.,(4,4),(0.,0.000781551389541019),.UNSPECIFIED.);
#143=B_SPLINE_CURVE_WITH_KNOTS('',3,(#16385,#16386,#16387,#16388),
 .UNSPECIFIED.,.F.,.F.,(4,4),(0.,0.000783627061013125),.UNSPECIFIED.);
#144=B_SPLINE_CURVE_WITH_KNOTS('',3,(#16392,#16393,#16394,#16395),
 .UNSPECIFIED.,.F.,.F.,(4,4),(0.,0.000783607851989761),.UNSPECIFIED.);
#145=B_SPLINE_CURVE_WITH_KNOTS('',3,(#16399,#16400,#16401,#16402),
 .UNSPECIFIED.,.F.,.F.,(4,4),(0.,0.0007815623770736),.UNSPECIFIED.);
#146=B_SPLINE_CURVE_WITH_KNOTS('',3,(#16406,#16407,#16408,#16409),
 .UNSPECIFIED.,.F.,.F.,(4,4),(0.,0.000781551389540494),.UNSPECIFIED.);
#147=B_SPLINE_CURVE_WITH_KNOTS('',3,(#16413,#16414,#16415,#16416),
 .UNSPECIFIED.,.F.,.F.,(4,4),(0.,0.000783627061012779),.UNSPECIFIED.);
#148=B_SPLINE_CURVE_WITH_KNOTS('',3,(#16420,#16421,#16422,#16423),
 .UNSPECIFIED.,.F.,.F.,(4,4),(0.,0.000783607851989796),.UNSPECIFIED.);
#149=B_SPLINE_CURVE_WITH_KNOTS('',3,(#16427,#16428,#16429,#16430),
 .UNSPECIFIED.,.F.,.F.,(4,4),(0.,0.000781562377073852),.UNSPECIFIED.);
#150=B_SPLINE_CURVE_WITH_KNOTS('',3,(#16434,#16435,#16436,#16437),
 .UNSPECIFIED.,.F.,.F.,(4,4),(0.,0.000781551389540808),.UNSPECIFIED.);
#151=B_SPLINE_CURVE_WITH_KNOTS('',3,(#16441,#16442,#16443,#16444),
 .UNSPECIFIED.,.F.,.F.,(4,4),(0.,0.00078362706101293),.UNSPECIFIED.);
#152=B_SPLINE_CURVE_WITH_KNOTS('',3,(#16448,#16449,#16450,#16451),
 .UNSPECIFIED.,.F.,.F.,(4,4),(0.,0.000783607851989744),.UNSPECIFIED.);
#153=B_SPLINE_CURVE_WITH_KNOTS('',3,(#16455,#16456,#16457,#16458),
 .UNSPECIFIED.,.F.,.F.,(4,4),(0.,0.000781562377073915),.UNSPECIFIED.);
#154=B_SPLINE_CURVE_WITH_KNOTS('',3,(#16462,#16463,#16464,#16465),
 .UNSPECIFIED.,.F.,.F.,(4,4),(0.,0.000781551389540871),.UNSPECIFIED.);
#155=B_SPLINE_CURVE_WITH_KNOTS('',3,(#16469,#16470,#16471,#16472),
 .UNSPECIFIED.,.F.,.F.,(4,4),(0.,0.00078362706101288),.UNSPECIFIED.);
#156=B_SPLINE_CURVE_WITH_KNOTS('',3,(#16476,#16477,#16478,#16479),
 .UNSPECIFIED.,.F.,.F.,(4,4),(0.,0.000783607851989521),.UNSPECIFIED.);
#157=B_SPLINE_CURVE_WITH_KNOTS('',3,(#16483,#16484,#16485,#16486),
 .UNSPECIFIED.,.F.,.F.,(4,4),(0.,0.000781562377073949),.UNSPECIFIED.);
#158=B_SPLINE_CURVE_WITH_KNOTS('',3,(#16490,#16491,#16492,#16493),
 .UNSPECIFIED.,.F.,.F.,(4,4),(0.,0.000781551389540929),.UNSPECIFIED.);
#159=B_SPLINE_CURVE_WITH_KNOTS('',3,(#16497,#16498,#16499,#16500),
 .UNSPECIFIED.,.F.,.F.,(4,4),(0.,0.000783627061012885),.UNSPECIFIED.);
#160=B_SPLINE_CURVE_WITH_KNOTS('',3,(#16578,#16579,#16580,#16581),
 .UNSPECIFIED.,.F.,.F.,(4,4),(0.,0.000781410122785766),.UNSPECIFIED.);
#161=B_SPLINE_CURVE_WITH_KNOTS('',3,(#16583,#16584,#16585,#16586),
 .UNSPECIFIED.,.F.,.F.,(4,4),(0.,0.000781412866621135),.UNSPECIFIED.);
#162=B_SPLINE_CURVE_WITH_KNOTS('',3,(#16588,#16589,#16590,#16591),
 .UNSPECIFIED.,.F.,.F.,(4,4),(0.,0.000781141826626894),.UNSPECIFIED.);
#163=B_SPLINE_CURVE_WITH_KNOTS('',3,(#16593,#16594,#16595,#16596),
 .UNSPECIFIED.,.F.,.F.,(4,4),(0.,0.00078114313973447),.UNSPECIFIED.);
#164=B_SPLINE_CURVE_WITH_KNOTS('',3,(#16600,#16601,#16602,#16603),
 .UNSPECIFIED.,.F.,.F.,(4,4),(0.,0.000781143139734372),.UNSPECIFIED.);
#165=B_SPLINE_CURVE_WITH_KNOTS('',3,(#16607,#16608,#16609,#16610),
 .UNSPECIFIED.,.F.,.F.,(4,4),(0.,0.000781141826626471),.UNSPECIFIED.);
#166=B_SPLINE_CURVE_WITH_KNOTS('',3,(#16614,#16615,#16616,#16617),
 .UNSPECIFIED.,.F.,.F.,(4,4),(0.,0.000781412866621233),.UNSPECIFIED.);
#167=B_SPLINE_CURVE_WITH_KNOTS('',3,(#16621,#16622,#16623,#16624),
 .UNSPECIFIED.,.F.,.F.,(4,4),(0.,0.000781410122786068),.UNSPECIFIED.);
#168=B_SPLINE_CURVE_WITH_KNOTS('',3,(#16644,#16645,#16646,#16647),
 .UNSPECIFIED.,.F.,.F.,(4,4),(0.,0.000781141826626577),.UNSPECIFIED.);
#169=B_SPLINE_CURVE_WITH_KNOTS('',3,(#16649,#16650,#16651,#16652),
 .UNSPECIFIED.,.F.,.F.,(4,4),(0.,0.000781143139734353),.UNSPECIFIED.);
#170=B_SPLINE_CURVE_WITH_KNOTS('',3,(#16655,#16656,#16657,#16658),
 .UNSPECIFIED.,.F.,.F.,(4,4),(0.,0.000781412866621319),.UNSPECIFIED.);
#171=B_SPLINE_CURVE_WITH_KNOTS('',3,(#16662,#16663,#16664,#16665),
 .UNSPECIFIED.,.F.,.F.,(4,4),(0.,0.000781410122785878),.UNSPECIFIED.);
#172=B_SPLINE_CURVE_WITH_KNOTS('',3,(#16684,#16685,#16686,#16687),
 .UNSPECIFIED.,.F.,.F.,(4,4),(0.,0.000781410122786313),.UNSPECIFIED.);
#173=B_SPLINE_CURVE_WITH_KNOTS('',3,(#16689,#16690,#16691,#16692),
 .UNSPECIFIED.,.F.,.F.,(4,4),(0.,0.000781412866621187),.UNSPECIFIED.);
#174=B_SPLINE_CURVE_WITH_KNOTS('',3,(#16724,#16725,#16726,#16727),
 .UNSPECIFIED.,.F.,.F.,(4,4),(0.,0.000781412866621204),.UNSPECIFIED.);
#175=B_SPLINE_CURVE_WITH_KNOTS('',3,(#16729,#16730,#16731,#16732),
 .UNSPECIFIED.,.F.,.F.,(4,4),(0.,0.00078141012278588),.UNSPECIFIED.);
#176=B_SPLINE_CURVE_WITH_KNOTS('',3,(#16737,#16738,#16739,#16740),
 .UNSPECIFIED.,.F.,.F.,(4,4),(0.,0.000781143139734463),.UNSPECIFIED.);
#177=B_SPLINE_CURVE_WITH_KNOTS('',3,(#16744,#16745,#16746,#16747),
 .UNSPECIFIED.,.F.,.F.,(4,4),(0.,0.000781141826626827),.UNSPECIFIED.);
#178=CONICAL_SURFACE('',#10498,0.015,0.785398163397448);
#179=CONICAL_SURFACE('',#10499,0.01,0.785398163397448);
#180=CONICAL_SURFACE('',#10592,0.015,0.785398163397448);
#181=CONICAL_SURFACE('',#10593,0.01,0.785398163397448);
#182=CONICAL_SURFACE('',#10601,0.015,0.785398163397448);
#183=CONICAL_SURFACE('',#10602,0.01,0.785398163397448);
#184=CONICAL_SURFACE('',#10742,0.015,0.785398163397448);
#185=CONICAL_SURFACE('',#10743,0.01,0.785398163397448);
#186=CONICAL_SURFACE('',#10751,0.015,0.785398163397448);
#187=CONICAL_SURFACE('',#10752,0.01,0.785398163397448);
#188=CONICAL_SURFACE('',#10760,0.015,0.785398163397448);
#189=CONICAL_SURFACE('',#10761,0.01,0.785398163397448);
#190=CONICAL_SURFACE('',#10883,0.015,0.785398163397448);
#191=CONICAL_SURFACE('',#10884,0.01,0.785398163397448);
#192=CONICAL_SURFACE('',#10893,0.015,0.785398163397448);
#193=CONICAL_SURFACE('',#10894,0.01,0.785398163397448);
#194=CONICAL_SURFACE('',#10992,0.015,0.785398163397448);
#195=CONICAL_SURFACE('',#10993,0.01,0.785398163397448);
#196=CONICAL_SURFACE('',#11089,0.015,0.785398163397448);
#197=CONICAL_SURFACE('',#11090,0.01,0.785398163397448);
#198=CONTEXT_DEPENDENT_SHAPE_REPRESENTATION(#246,#17391);
#199=CONTEXT_DEPENDENT_SHAPE_REPRESENTATION(#247,#17393);
#200=CONTEXT_DEPENDENT_SHAPE_REPRESENTATION(#248,#17395);
#201=CONTEXT_DEPENDENT_SHAPE_REPRESENTATION(#249,#17397);
#202=CONTEXT_DEPENDENT_SHAPE_REPRESENTATION(#250,#17399);
#203=CONTEXT_DEPENDENT_SHAPE_REPRESENTATION(#251,#17401);
#204=CONTEXT_DEPENDENT_SHAPE_REPRESENTATION(#252,#17403);
#205=CONTEXT_DEPENDENT_SHAPE_REPRESENTATION(#253,#17405);
#206=CONTEXT_DEPENDENT_SHAPE_REPRESENTATION(#254,#17407);
#207=CONTEXT_DEPENDENT_SHAPE_REPRESENTATION(#255,#17408);
#208=CONTEXT_DEPENDENT_SHAPE_REPRESENTATION(#256,#17410);
#209=CONTEXT_DEPENDENT_SHAPE_REPRESENTATION(#257,#17412);
#210=CONTEXT_DEPENDENT_SHAPE_REPRESENTATION(#258,#17413);
#211=CONTEXT_DEPENDENT_SHAPE_REPRESENTATION(#259,#17415);
#212=CONTEXT_DEPENDENT_SHAPE_REPRESENTATION(#260,#17417);
#213=CONTEXT_DEPENDENT_SHAPE_REPRESENTATION(#261,#17419);
#214=CONTEXT_DEPENDENT_SHAPE_REPRESENTATION(#262,#17420);
#215=CONTEXT_DEPENDENT_SHAPE_REPRESENTATION(#263,#17421);
#216=CONTEXT_DEPENDENT_SHAPE_REPRESENTATION(#264,#17423);
#217=CONTEXT_DEPENDENT_SHAPE_REPRESENTATION(#265,#17424);
#218=CONTEXT_DEPENDENT_SHAPE_REPRESENTATION(#266,#17426);
#219=CONTEXT_DEPENDENT_SHAPE_REPRESENTATION(#267,#17428);
#220=CONTEXT_DEPENDENT_SHAPE_REPRESENTATION(#268,#17429);
#221=CONTEXT_DEPENDENT_SHAPE_REPRESENTATION(#269,#17431);
#222=NEXT_ASSEMBLY_USAGE_OCCURRENCE('NAUO1',
'Large casing (bottom section)','Large casing (bottom section)',#17432,
#17433,'');
#223=NEXT_ASSEMBLY_USAGE_OCCURRENCE('NAUO2','Wheel#4','Wheel#4',#17432,
#17434,'');
#224=NEXT_ASSEMBLY_USAGE_OCCURRENCE('NAUO3',
'x-axis movement wheel mount #2','x-axis movement wheel mount #2',#17432,
#17435,'');
#225=NEXT_ASSEMBLY_USAGE_OCCURRENCE('NAUO4','Top wheel #1',
'Top wheel #1',#17432,#17436,'');
#226=NEXT_ASSEMBLY_USAGE_OCCURRENCE('NAUO5','Rail connector piece',
'Rail connector piece',#17432,#17437,'');
#227=NEXT_ASSEMBLY_USAGE_OCCURRENCE('NAUO6','Rail end piece',
'Rail end piece',#17432,#17438,'');
#228=NEXT_ASSEMBLY_USAGE_OCCURRENCE('NAUO7','Wheel#3','Wheel#3',#17432,
#17439,'');
#229=NEXT_ASSEMBLY_USAGE_OCCURRENCE('NAUO8','Wheel #2','Wheel #2',#17432,
#17440,'');
#230=NEXT_ASSEMBLY_USAGE_OCCURRENCE('NAUO9','Top wheel #2',
'Top wheel #2',#17432,#17441,'');
#231=NEXT_ASSEMBLY_USAGE_OCCURRENCE('NAUO10','Rail end piece',
'Rail end piece',#17432,#17438,'');
#232=NEXT_ASSEMBLY_USAGE_OCCURRENCE('NAUO11','Motor model#4',
'Motor model#4',#17432,#17442,'');
#233=NEXT_ASSEMBLY_USAGE_OCCURRENCE('NAUO12','Motor model#3',
'Motor model#3',#17432,#17443,'');
#234=NEXT_ASSEMBLY_USAGE_OCCURRENCE('NAUO13','Rail connector piece',
'Rail connector piece',#17432,#17437,'');
#235=NEXT_ASSEMBLY_USAGE_OCCURRENCE('NAUO14',
'y-axis movement wheel mount#1','y-axis movement wheel mount#1',#17432,
#17444,'');
#236=NEXT_ASSEMBLY_USAGE_OCCURRENCE('NAUO15','Wheel#1','Wheel#1',#17432,
#17445,'');
#237=NEXT_ASSEMBLY_USAGE_OCCURRENCE('NAUO16',
'y-axis movement wheel mount#2','y-axis movement wheel mount#2',#17432,
#17446,'');
#238=NEXT_ASSEMBLY_USAGE_OCCURRENCE('NAUO17','Rail end piece',
'Rail end piece',#17432,#17438,'');
#239=NEXT_ASSEMBLY_USAGE_OCCURRENCE('NAUO18','Rail end piece',
'Rail end piece',#17432,#17438,'');
#240=NEXT_ASSEMBLY_USAGE_OCCURRENCE('NAUO19',
'x-axis movement wheel mount #1','x-axis movement wheel mount #1',#17432,
#17447,'');
#241=NEXT_ASSEMBLY_USAGE_OCCURRENCE('NAUO20','Rail connector piece',
'Rail connector piece',#17432,#17437,'');
#242=NEXT_ASSEMBLY_USAGE_OCCURRENCE('NAUO21',
'Large casing(top section)','Large casing(top section)',#17432,#17448,
'');
#243=NEXT_ASSEMBLY_USAGE_OCCURRENCE('NAUO22','Motor model#1',
'Motor model#1',#17432,#17449,'');
#244=NEXT_ASSEMBLY_USAGE_OCCURRENCE('NAUO23','Rail connector piece',
'Rail connector piece',#17432,#17437,'');
#245=NEXT_ASSEMBLY_USAGE_OCCURRENCE('NAUO24','Motor model #2',
'Motor model #2',#17432,#17450,'');
#246=(
REPRESENTATION_RELATIONSHIP(' ',' ',#10361,#10360)
REPRESENTATION_RELATIONSHIP_WITH_TRANSFORMATION(#270)
SHAPE_REPRESENTATION_RELATIONSHIP()
);
#247=(
REPRESENTATION_RELATIONSHIP(' ',' ',#10362,#10360)
REPRESENTATION_RELATIONSHIP_WITH_TRANSFORMATION(#271)
SHAPE_REPRESENTATION_RELATIONSHIP()
);
#248=(
REPRESENTATION_RELATIONSHIP(' ',' ',#10363,#10360)
REPRESENTATION_RELATIONSHIP_WITH_TRANSFORMATION(#272)
SHAPE_REPRESENTATION_RELATIONSHIP()
);
#249=(
REPRESENTATION_RELATIONSHIP(' ',' ',#10364,#10360)
REPRESENTATION_RELATIONSHIP_WITH_TRANSFORMATION(#273)
SHAPE_REPRESENTATION_RELATIONSHIP()
);
#250=(
REPRESENTATION_RELATIONSHIP(' ',' ',#10365,#10360)
REPRESENTATION_RELATIONSHIP_WITH_TRANSFORMATION(#274)
SHAPE_REPRESENTATION_RELATIONSHIP()
);
#251=(
REPRESENTATION_RELATIONSHIP(' ',' ',#10366,#10360)
REPRESENTATION_RELATIONSHIP_WITH_TRANSFORMATION(#275)
SHAPE_REPRESENTATION_RELATIONSHIP()
);
#252=(
REPRESENTATION_RELATIONSHIP(' ',' ',#10367,#10360)
REPRESENTATION_RELATIONSHIP_WITH_TRANSFORMATION(#276)
SHAPE_REPRESENTATION_RELATIONSHIP()
);
#253=(
REPRESENTATION_RELATIONSHIP(' ',' ',#10368,#10360)
REPRESENTATION_RELATIONSHIP_WITH_TRANSFORMATION(#277)
SHAPE_REPRESENTATION_RELATIONSHIP()
);
#254=(
REPRESENTATION_RELATIONSHIP(' ',' ',#10369,#10360)
REPRESENTATION_RELATIONSHIP_WITH_TRANSFORMATION(#278)
SHAPE_REPRESENTATION_RELATIONSHIP()
);
#255=(
REPRESENTATION_RELATIONSHIP(' ',' ',#10366,#10360)
REPRESENTATION_RELATIONSHIP_WITH_TRANSFORMATION(#279)
SHAPE_REPRESENTATION_RELATIONSHIP()
);
#256=(
REPRESENTATION_RELATIONSHIP(' ',' ',#10370,#10360)
REPRESENTATION_RELATIONSHIP_WITH_TRANSFORMATION(#280)
SHAPE_REPRESENTATION_RELATIONSHIP()
);
#257=(
REPRESENTATION_RELATIONSHIP(' ',' ',#10371,#10360)
REPRESENTATION_RELATIONSHIP_WITH_TRANSFORMATION(#281)
SHAPE_REPRESENTATION_RELATIONSHIP()
);
#258=(
REPRESENTATION_RELATIONSHIP(' ',' ',#10365,#10360)
REPRESENTATION_RELATIONSHIP_WITH_TRANSFORMATION(#282)
SHAPE_REPRESENTATION_RELATIONSHIP()
);
#259=(
REPRESENTATION_RELATIONSHIP(' ',' ',#10372,#10360)
REPRESENTATION_RELATIONSHIP_WITH_TRANSFORMATION(#283)
SHAPE_REPRESENTATION_RELATIONSHIP()
);
#260=(
REPRESENTATION_RELATIONSHIP(' ',' ',#10373,#10360)
REPRESENTATION_RELATIONSHIP_WITH_TRANSFORMATION(#284)
SHAPE_REPRESENTATION_RELATIONSHIP()
);
#261=(
REPRESENTATION_RELATIONSHIP(' ',' ',#10374,#10360)
REPRESENTATION_RELATIONSHIP_WITH_TRANSFORMATION(#285)
SHAPE_REPRESENTATION_RELATIONSHIP()
);
#262=(
REPRESENTATION_RELATIONSHIP(' ',' ',#10366,#10360)
REPRESENTATION_RELATIONSHIP_WITH_TRANSFORMATION(#286)
SHAPE_REPRESENTATION_RELATIONSHIP()
);
#263=(
REPRESENTATION_RELATIONSHIP(' ',' ',#10366,#10360)
REPRESENTATION_RELATIONSHIP_WITH_TRANSFORMATION(#287)
SHAPE_REPRESENTATION_RELATIONSHIP()
);
#264=(
REPRESENTATION_RELATIONSHIP(' ',' ',#10375,#10360)
REPRESENTATION_RELATIONSHIP_WITH_TRANSFORMATION(#288)
SHAPE_REPRESENTATION_RELATIONSHIP()
);
#265=(
REPRESENTATION_RELATIONSHIP(' ',' ',#10365,#10360)
REPRESENTATION_RELATIONSHIP_WITH_TRANSFORMATION(#289)
SHAPE_REPRESENTATION_RELATIONSHIP()
);
#266=(
REPRESENTATION_RELATIONSHIP(' ',' ',#10376,#10360)
REPRESENTATION_RELATIONSHIP_WITH_TRANSFORMATION(#290)
SHAPE_REPRESENTATION_RELATIONSHIP()
);
#267=(
REPRESENTATION_RELATIONSHIP(' ',' ',#10377,#10360)
REPRESENTATION_RELATIONSHIP_WITH_TRANSFORMATION(#291)
SHAPE_REPRESENTATION_RELATIONSHIP()
);
#268=(
REPRESENTATION_RELATIONSHIP(' ',' ',#10365,#10360)
REPRESENTATION_RELATIONSHIP_WITH_TRANSFORMATION(#292)
SHAPE_REPRESENTATION_RELATIONSHIP()
);
#269=(
REPRESENTATION_RELATIONSHIP(' ',' ',#10378,#10360)
REPRESENTATION_RELATIONSHIP_WITH_TRANSFORMATION(#293)
SHAPE_REPRESENTATION_RELATIONSHIP()
);
#270=ITEM_DEFINED_TRANSFORMATION(' ',' ',#10379,#10491);
#271=ITEM_DEFINED_TRANSFORMATION(' ',' ',#10379,#10500);
#272=ITEM_DEFINED_TRANSFORMATION(' ',' ',#10379,#10594);
#273=ITEM_DEFINED_TRANSFORMATION(' ',' ',#10379,#10603);
#274=ITEM_DEFINED_TRANSFORMATION(' ',' ',#10379,#10676);
#275=ITEM_DEFINED_TRANSFORMATION(' ',' ',#10379,#10735);
#276=ITEM_DEFINED_TRANSFORMATION(' ',' ',#10379,#10744);
#277=ITEM_DEFINED_TRANSFORMATION(' ',' ',#10379,#10753);
#278=ITEM_DEFINED_TRANSFORMATION(' ',' ',#10379,#10762);
#279=ITEM_DEFINED_TRANSFORMATION(' ',' ',#10379,#10763);
#280=ITEM_DEFINED_TRANSFORMATION(' ',' ',#10379,#10774);
#281=ITEM_DEFINED_TRANSFORMATION(' ',' ',#10379,#10785);
#282=ITEM_DEFINED_TRANSFORMATION(' ',' ',#10379,#10786);
#283=ITEM_DEFINED_TRANSFORMATION(' ',' ',#10379,#10886);
#284=ITEM_DEFINED_TRANSFORMATION(' ',' ',#10379,#10895);
#285=ITEM_DEFINED_TRANSFORMATION(' ',' ',#10379,#10995);
#286=ITEM_DEFINED_TRANSFORMATION(' ',' ',#10379,#10996);
#287=ITEM_DEFINED_TRANSFORMATION(' ',' ',#10379,#10997);
#288=ITEM_DEFINED_TRANSFORMATION(' ',' ',#10379,#11091);
#289=ITEM_DEFINED_TRANSFORMATION(' ',' ',#10379,#11092);
#290=ITEM_DEFINED_TRANSFORMATION(' ',' ',#10379,#11231);
#291=ITEM_DEFINED_TRANSFORMATION(' ',' ',#10379,#11242);
#292=ITEM_DEFINED_TRANSFORMATION(' ',' ',#10379,#11243);
#293=ITEM_DEFINED_TRANSFORMATION(' ',' ',#10379,#11254);
#294=SHAPE_REPRESENTATION_RELATIONSHIP('','',#10361,#312);
#295=SHAPE_REPRESENTATION_RELATIONSHIP('','',#10362,#313);
#296=SHAPE_REPRESENTATION_RELATIONSHIP('','',#10363,#314);
#297=SHAPE_REPRESENTATION_RELATIONSHIP('','',#10364,#315);
#298=SHAPE_REPRESENTATION_RELATIONSHIP('','',#10365,#316);
#299=SHAPE_REPRESENTATION_RELATIONSHIP('','',#10366,#317);
#300=SHAPE_REPRESENTATION_RELATIONSHIP('','',#10367,#318);
#301=SHAPE_REPRESENTATION_RELATIONSHIP('','',#10368,#319);
#302=SHAPE_REPRESENTATION_RELATIONSHIP('','',#10369,#320);
#303=SHAPE_REPRESENTATION_RELATIONSHIP('','',#10370,#321);
#304=SHAPE_REPRESENTATION_RELATIONSHIP('','',#10371,#322);
#305=SHAPE_REPRESENTATION_RELATIONSHIP('','',#10372,#323);
#306=SHAPE_REPRESENTATION_RELATIONSHIP('','',#10373,#324);
#307=SHAPE_REPRESENTATION_RELATIONSHIP('','',#10374,#325);
#308=SHAPE_REPRESENTATION_RELATIONSHIP('','',#10375,#326);
#309=SHAPE_REPRESENTATION_RELATIONSHIP('','',#10376,#327);
#310=SHAPE_REPRESENTATION_RELATIONSHIP('','',#10377,#328);
#311=SHAPE_REPRESENTATION_RELATIONSHIP('','',#10378,#329);
#312=ADVANCED_BREP_SHAPE_REPRESENTATION('',(#10325),#17349);
#313=ADVANCED_BREP_SHAPE_REPRESENTATION('',(#10326),#17350);
#314=ADVANCED_BREP_SHAPE_REPRESENTATION('',(#10327),#17351);
#315=ADVANCED_BREP_SHAPE_REPRESENTATION('',(#10328),#17352);
#316=ADVANCED_BREP_SHAPE_REPRESENTATION('',(#16),#17353);
#317=ADVANCED_BREP_SHAPE_REPRESENTATION('',(#17),#17354);
#318=ADVANCED_BREP_SHAPE_REPRESENTATION('',(#10329),#17355);
#319=ADVANCED_BREP_SHAPE_REPRESENTATION('',(#10330),#17356);
#320=ADVANCED_BREP_SHAPE_REPRESENTATION('',(#10331),#17357);
#321=ADVANCED_BREP_SHAPE_REPRESENTATION('',(#10332),#17358);
#322=ADVANCED_BREP_SHAPE_REPRESENTATION('',(#10333),#17359);
#323=ADVANCED_BREP_SHAPE_REPRESENTATION('',(#10334),#17360);
#324=ADVANCED_BREP_SHAPE_REPRESENTATION('',(#10335),#17361);
#325=ADVANCED_BREP_SHAPE_REPRESENTATION('',(#10336),#17362);
#326=ADVANCED_BREP_SHAPE_REPRESENTATION('',(#10337),#17363);
#327=ADVANCED_BREP_SHAPE_REPRESENTATION('',(#10338),#17364);
#328=ADVANCED_BREP_SHAPE_REPRESENTATION('',(#10339),#17365);
#329=ADVANCED_BREP_SHAPE_REPRESENTATION('',(#10340),#17366);
#330=CYLINDRICAL_SURFACE('',#10445,0.004);
#331=CYLINDRICAL_SURFACE('',#10446,0.004);
#332=CYLINDRICAL_SURFACE('',#10447,0.004);
#333=CYLINDRICAL_SURFACE('',#10450,0.004);
#334=CYLINDRICAL_SURFACE('',#10455,0.004);
#335=CYLINDRICAL_SURFACE('',#10458,0.004);
#336=CYLINDRICAL_SURFACE('',#10492,0.0109999999999998);
#337=CYLINDRICAL_SURFACE('',#10495,0.015);
#338=CYLINDRICAL_SURFACE('',#10501,0.004);
#339=CYLINDRICAL_SURFACE('',#10521,0.00265);
#340=CYLINDRICAL_SURFACE('',#10525,0.00265);
#341=CYLINDRICAL_SURFACE('',#10534,0.0005);
#342=CYLINDRICAL_SURFACE('',#10535,0.0005);
#343=CYLINDRICAL_SURFACE('',#10536,0.0005);
#344=CYLINDRICAL_SURFACE('',#10537,0.0005);
#345=CYLINDRICAL_SURFACE('',#10538,0.0109999999999998);
#346=CYLINDRICAL_SURFACE('',#10541,0.0109999999999998);
#347=CYLINDRICAL_SURFACE('',#10548,0.0005);
#348=CYLINDRICAL_SURFACE('',#10549,0.0005);
#349=CYLINDRICAL_SURFACE('',#10550,0.0005);
#350=CYLINDRICAL_SURFACE('',#10551,0.0005);
#351=CYLINDRICAL_SURFACE('',#10552,0.0109999999999998);
#352=CYLINDRICAL_SURFACE('',#10559,0.0005);
#353=CYLINDRICAL_SURFACE('',#10560,0.0005);
#354=CYLINDRICAL_SURFACE('',#10561,0.0005);
#355=CYLINDRICAL_SURFACE('',#10562,0.0005);
#356=CYLINDRICAL_SURFACE('',#10563,0.0109999999999998);
#357=CYLINDRICAL_SURFACE('',#10571,0.0005);
#358=CYLINDRICAL_SURFACE('',#10573,0.0005);
#359=CYLINDRICAL_SURFACE('',#10575,0.0005);
#360=CYLINDRICAL_SURFACE('',#10576,0.0005);
#361=CYLINDRICAL_SURFACE('',#10577,0.0005);
#362=CYLINDRICAL_SURFACE('',#10578,0.0109999999999998);
#363=CYLINDRICAL_SURFACE('',#10585,0.0005);
#364=CYLINDRICAL_SURFACE('',#10586,0.0005);
#365=CYLINDRICAL_SURFACE('',#10587,0.0005);
#366=CYLINDRICAL_SURFACE('',#10588,0.0005);
#367=CYLINDRICAL_SURFACE('',#10589,0.015);
#368=CYLINDRICAL_SURFACE('',#10595,0.0109999999999998);
#369=CYLINDRICAL_SURFACE('',#10598,0.015);
#370=CYLINDRICAL_SURFACE('',#10615,0.005);
#371=CYLINDRICAL_SURFACE('',#10625,0.005);
#372=CYLINDRICAL_SURFACE('',#10632,0.005);
#373=CYLINDRICAL_SURFACE('',#10635,0.005);
#374=CYLINDRICAL_SURFACE('',#10652,0.01);
#375=CYLINDRICAL_SURFACE('',#10654,0.01);
#376=CYLINDRICAL_SURFACE('',#10656,0.01);
#377=CYLINDRICAL_SURFACE('',#10658,0.01);
#378=CYLINDRICAL_SURFACE('',#10667,0.01);
#379=CYLINDRICAL_SURFACE('',#10675,0.01);
#380=CYLINDRICAL_SURFACE('',#10686,0.005);
#381=CYLINDRICAL_SURFACE('',#10694,0.005);
#382=CYLINDRICAL_SURFACE('',#10717,0.01);
#383=CYLINDRICAL_SURFACE('',#10719,0.01);
#384=CYLINDRICAL_SURFACE('',#10727,0.01);
#385=CYLINDRICAL_SURFACE('',#10736,0.0109999999999998);
#386=CYLINDRICAL_SURFACE('',#10739,0.015);
#387=CYLINDRICAL_SURFACE('',#10745,0.0109999999999998);
#388=CYLINDRICAL_SURFACE('',#10748,0.015);
#389=CYLINDRICAL_SURFACE('',#10754,0.0109999999999998);
#390=CYLINDRICAL_SURFACE('',#10757,0.015);
#391=CYLINDRICAL_SURFACE('',#10771,0.00095);
#392=CYLINDRICAL_SURFACE('',#10782,0.00095);
#393=CYLINDRICAL_SURFACE('',#10800,0.004);
#394=CYLINDRICAL_SURFACE('',#10812,0.00265);
#395=CYLINDRICAL_SURFACE('',#10816,0.00265);
#396=CYLINDRICAL_SURFACE('',#10825,0.0005);
#397=CYLINDRICAL_SURFACE('',#10826,0.0005);
#398=CYLINDRICAL_SURFACE('',#10827,0.0005);
#399=CYLINDRICAL_SURFACE('',#10828,0.0005);
#400=CYLINDRICAL_SURFACE('',#10829,0.0109999999999998);
#401=CYLINDRICAL_SURFACE('',#10832,0.0109999999999998);
#402=CYLINDRICAL_SURFACE('',#10839,0.0005);
#403=CYLINDRICAL_SURFACE('',#10840,0.0005);
#404=CYLINDRICAL_SURFACE('',#10841,0.0005);
#405=CYLINDRICAL_SURFACE('',#10842,0.0005);
#406=CYLINDRICAL_SURFACE('',#10843,0.0109999999999998);
#407=CYLINDRICAL_SURFACE('',#10850,0.0005);
#408=CYLINDRICAL_SURFACE('',#10851,0.0005);
#409=CYLINDRICAL_SURFACE('',#10852,0.0005);
#410=CYLINDRICAL_SURFACE('',#10853,0.0005);
#411=CYLINDRICAL_SURFACE('',#10854,0.0109999999999998);
#412=CYLINDRICAL_SURFACE('',#10862,0.0005);
#413=CYLINDRICAL_SURFACE('',#10864,0.0005);
#414=CYLINDRICAL_SURFACE('',#10866,0.0005);
#415=CYLINDRICAL_SURFACE('',#10867,0.0005);
#416=CYLINDRICAL_SURFACE('',#10868,0.0005);
#417=CYLINDRICAL_SURFACE('',#10869,0.0109999999999998);
#418=CYLINDRICAL_SURFACE('',#10876,0.0005);
#419=CYLINDRICAL_SURFACE('',#10877,0.0005);
#420=CYLINDRICAL_SURFACE('',#10878,0.0005);
#421=CYLINDRICAL_SURFACE('',#10879,0.0005);
#422=CYLINDRICAL_SURFACE('',#10880,0.015);
#423=CYLINDRICAL_SURFACE('',#10887,0.0109999999999998);
#424=CYLINDRICAL_SURFACE('',#10890,0.015);
#425=CYLINDRICAL_SURFACE('',#10909,0.004);
#426=CYLINDRICAL_SURFACE('',#10921,0.00265);
#427=CYLINDRICAL_SURFACE('',#10925,0.00265);
#428=CYLINDRICAL_SURFACE('',#10934,0.0005);
#429=CYLINDRICAL_SURFACE('',#10935,0.0005);
#430=CYLINDRICAL_SURFACE('',#10936,0.0005);
#431=CYLINDRICAL_SURFACE('',#10937,0.0005);
#432=CYLINDRICAL_SURFACE('',#10938,0.0109999999999998);
#433=CYLINDRICAL_SURFACE('',#10941,0.0109999999999998);
#434=CYLINDRICAL_SURFACE('',#10948,0.0005);
#435=CYLINDRICAL_SURFACE('',#10949,0.0005);
#436=CYLINDRICAL_SURFACE('',#10950,0.0005);
#437=CYLINDRICAL_SURFACE('',#10951,0.0005);
#438=CYLINDRICAL_SURFACE('',#10952,0.0109999999999998);
#439=CYLINDRICAL_SURFACE('',#10959,0.0005);
#440=CYLINDRICAL_SURFACE('',#10960,0.0005);
#441=CYLINDRICAL_SURFACE('',#10961,0.0005);
#442=CYLINDRICAL_SURFACE('',#10962,0.0005);
#443=CYLINDRICAL_SURFACE('',#10963,0.0109999999999998);
#444=CYLINDRICAL_SURFACE('',#10971,0.0005);
#445=CYLINDRICAL_SURFACE('',#10973,0.0005);
#446=CYLINDRICAL_SURFACE('',#10975,0.0005);
#447=CYLINDRICAL_SURFACE('',#10976,0.0005);
#448=CYLINDRICAL_SURFACE('',#10977,0.0005);
#449=CYLINDRICAL_SURFACE('',#10978,0.0109999999999998);
#450=CYLINDRICAL_SURFACE('',#10985,0.0005);
#451=CYLINDRICAL_SURFACE('',#10986,0.0005);
#452=CYLINDRICAL_SURFACE('',#10987,0.0005);
#453=CYLINDRICAL_SURFACE('',#10988,0.0005);
#454=CYLINDRICAL_SURFACE('',#10989,0.015);
#455=CYLINDRICAL_SURFACE('',#10998,0.004);
#456=CYLINDRICAL_SURFACE('',#11018,0.00265);
#457=CYLINDRICAL_SURFACE('',#11022,0.00265);
#458=CYLINDRICAL_SURFACE('',#11031,0.0005);
#459=CYLINDRICAL_SURFACE('',#11032,0.0005);
#460=CYLINDRICAL_SURFACE('',#11033,0.0005);
#461=CYLINDRICAL_SURFACE('',#11034,0.0005);
#462=CYLINDRICAL_SURFACE('',#11035,0.0109999999999998);
#463=CYLINDRICAL_SURFACE('',#11038,0.0109999999999998);
#464=CYLINDRICAL_SURFACE('',#11045,0.0005);
#465=CYLINDRICAL_SURFACE('',#11046,0.0005);
#466=CYLINDRICAL_SURFACE('',#11047,0.0005);
#467=CYLINDRICAL_SURFACE('',#11048,0.0005);
#468=CYLINDRICAL_SURFACE('',#11049,0.0109999999999998);
#469=CYLINDRICAL_SURFACE('',#11056,0.0005);
#470=CYLINDRICAL_SURFACE('',#11057,0.0005);
#471=CYLINDRICAL_SURFACE('',#11058,0.0005);
#472=CYLINDRICAL_SURFACE('',#11059,0.0005);
#473=CYLINDRICAL_SURFACE('',#11060,0.0109999999999998);
#474=CYLINDRICAL_SURFACE('',#11068,0.0005);
#475=CYLINDRICAL_SURFACE('',#11070,0.0005);
#476=CYLINDRICAL_SURFACE('',#11072,0.0005);
#477=CYLINDRICAL_SURFACE('',#11073,0.0005);
#478=CYLINDRICAL_SURFACE('',#11074,0.0005);
#479=CYLINDRICAL_SURFACE('',#11075,0.0109999999999998);
#480=CYLINDRICAL_SURFACE('',#11082,0.0005);
#481=CYLINDRICAL_SURFACE('',#11083,0.0005);
#482=CYLINDRICAL_SURFACE('',#11084,0.0005);
#483=CYLINDRICAL_SURFACE('',#11085,0.0005);
#484=CYLINDRICAL_SURFACE('',#11086,0.015);
#485=CYLINDRICAL_SURFACE('',#11121,0.004);
#486=CYLINDRICAL_SURFACE('',#11123,0.004);
#487=CYLINDRICAL_SURFACE('',#11129,0.011);
#488=CYLINDRICAL_SURFACE('',#11130,0.011);
#489=CYLINDRICAL_SURFACE('',#11161,0.005);
#490=CYLINDRICAL_SURFACE('',#11165,0.005);
#491=CYLINDRICAL_SURFACE('',#11169,0.005);
#492=CYLINDRICAL_SURFACE('',#11172,0.005);
#493=CYLINDRICAL_SURFACE('',#11177,0.004);
#494=CYLINDRICAL_SURFACE('',#11180,0.004);
#495=CYLINDRICAL_SURFACE('',#11181,0.006);
#496=CYLINDRICAL_SURFACE('',#11186,0.006);
#497=CYLINDRICAL_SURFACE('',#11193,0.004);
#498=CYLINDRICAL_SURFACE('',#11197,0.004);
#499=CYLINDRICAL_SURFACE('',#11239,0.00095);
#500=CYLINDRICAL_SURFACE('',#11251,0.00095);
#501=CIRCLE('',#10401,0.004);
#502=CIRCLE('',#10402,0.004);
#503=CIRCLE('',#10439,0.004);
#504=CIRCLE('',#10440,0.004);
#505=CIRCLE('',#10441,0.004);
#506=CIRCLE('',#10442,0.004);
#507=CIRCLE('',#10443,0.004);
#508=CIRCLE('',#10444,0.004);
#509=CIRCLE('',#10448,0.004);
#510=CIRCLE('',#10451,0.004);
#511=CIRCLE('',#10456,0.004);
#512=CIRCLE('',#10459,0.004);
#513=CIRCLE('',#10493,0.0109999999999998);
#514=CIRCLE('',#10494,0.0109999999999998);
#515=CIRCLE('',#10496,0.015);
#516=CIRCLE('',#10497,0.015);
#517=CIRCLE('',#10502,0.004);
#518=CIRCLE('',#10503,0.004);
#519=CIRCLE('',#10504,0.004);
#520=CIRCLE('',#10505,0.004);
#521=CIRCLE('',#10506,0.004);
#522=CIRCLE('',#10507,0.004);
#523=CIRCLE('',#10508,0.004);
#524=CIRCLE('',#10509,0.004);
#525=CIRCLE('',#10510,0.004);
#526=CIRCLE('',#10511,0.004);
#527=CIRCLE('',#10512,0.004);
#528=CIRCLE('',#10514,0.011);
#529=CIRCLE('',#10515,0.0005);
#530=CIRCLE('',#10516,0.011);
#531=CIRCLE('',#10517,0.011);
#532=CIRCLE('',#10518,0.011);
#533=CIRCLE('',#10519,0.0109999999999998);
#534=CIRCLE('',#10522,0.00265);
#535=CIRCLE('',#10523,0.00265);
#536=CIRCLE('',#10526,0.00265);
#537=CIRCLE('',#10527,0.00265);
#538=CIRCLE('',#10533,0.011);
#539=CIRCLE('',#10539,0.0109999999999998);
#540=CIRCLE('',#10540,0.0109999999999998);
#541=CIRCLE('',#10542,0.0109999999999998);
#542=CIRCLE('',#10543,0.0109999999999998);
#543=CIRCLE('',#10547,0.011);
#544=CIRCLE('',#10553,0.0109999999999998);
#545=CIRCLE('',#10554,0.0109999999999998);
#546=CIRCLE('',#10558,0.011);
#547=CIRCLE('',#10564,0.0109999999999998);
#548=CIRCLE('',#10565,0.0109999999999998);
#549=CIRCLE('',#10569,0.011);
#550=CIRCLE('',#10570,0.0005);
#551=CIRCLE('',#10579,0.0109999999999998);
#552=CIRCLE('',#10580,0.0109999999999998);
#553=CIRCLE('',#10584,0.0109999999999998);
#554=CIRCLE('',#10590,0.015);
#555=CIRCLE('',#10591,0.015);
#556=CIRCLE('',#10596,0.0109999999999998);
#557=CIRCLE('',#10597,0.0109999999999998);
#558=CIRCLE('',#10599,0.015);
#559=CIRCLE('',#10600,0.015);
#560=CIRCLE('',#10616,0.005);
#561=CIRCLE('',#10617,0.005);
#562=CIRCLE('',#10620,0.005);
#563=CIRCLE('',#10622,0.005);
#564=CIRCLE('',#10623,0.005);
#565=CIRCLE('',#10626,0.005);
#566=CIRCLE('',#10633,0.005);
#567=CIRCLE('',#10636,0.005);
#568=CIRCLE('',#10640,0.01);
#569=CIRCLE('',#10641,0.01);
#570=CIRCLE('',#10642,0.01);
#571=CIRCLE('',#10645,0.01);
#572=CIRCLE('',#10646,0.01);
#573=CIRCLE('',#10647,0.01);
#574=CIRCLE('',#10653,0.01);
#575=CIRCLE('',#10655,0.01);
#576=CIRCLE('',#10657,0.01);
#577=CIRCLE('',#10659,0.01);
#578=CIRCLE('',#10662,0.01);
#579=CIRCLE('',#10664,0.01);
#580=CIRCLE('',#10687,0.005);
#581=CIRCLE('',#10688,0.005);
#582=CIRCLE('',#10691,0.005);
#583=CIRCLE('',#10695,0.005);
#584=CIRCLE('',#10713,0.01);
#585=CIRCLE('',#10714,0.01);
#586=CIRCLE('',#10715,0.01);
#587=CIRCLE('',#10718,0.01);
#588=CIRCLE('',#10720,0.01);
#589=CIRCLE('',#10722,0.01);
#590=CIRCLE('',#10737,0.0109999999999998);
#591=CIRCLE('',#10738,0.0109999999999998);
#592=CIRCLE('',#10740,0.015);
#593=CIRCLE('',#10741,0.015);
#594=CIRCLE('',#10746,0.0109999999999998);
#595=CIRCLE('',#10747,0.0109999999999998);
#596=CIRCLE('',#10749,0.015);
#597=CIRCLE('',#10750,0.015);
#598=CIRCLE('',#10755,0.0109999999999998);
#599=CIRCLE('',#10756,0.0109999999999998);
#600=CIRCLE('',#10758,0.015);
#601=CIRCLE('',#10759,0.015);
#602=CIRCLE('',#10769,0.00095);
#603=CIRCLE('',#10772,0.00095);
#604=CIRCLE('',#10780,0.00095);
#605=CIRCLE('',#10783,0.00095);
#606=CIRCLE('',#10788,0.004);
#607=CIRCLE('',#10789,0.011);
#608=CIRCLE('',#10791,0.004);
#609=CIRCLE('',#10792,0.011);
#610=CIRCLE('',#10794,0.004);
#611=CIRCLE('',#10795,0.011);
#612=CIRCLE('',#10797,0.004);
#613=CIRCLE('',#10798,0.011);
#614=CIRCLE('',#10799,0.0005);
#615=CIRCLE('',#10801,0.004);
#616=CIRCLE('',#10802,0.004);
#617=CIRCLE('',#10803,0.004);
#618=CIRCLE('',#10804,0.004);
#619=CIRCLE('',#10805,0.004);
#620=CIRCLE('',#10806,0.004);
#621=CIRCLE('',#10807,0.004);
#622=CIRCLE('',#10808,0.004);
#623=CIRCLE('',#10810,0.0109999999999998);
#624=CIRCLE('',#10813,0.00265);
#625=CIRCLE('',#10814,0.00265);
#626=CIRCLE('',#10817,0.00265);
#627=CIRCLE('',#10818,0.00265);
#628=CIRCLE('',#10824,0.011);
#629=CIRCLE('',#10830,0.0109999999999998);
#630=CIRCLE('',#10831,0.0109999999999998);
#631=CIRCLE('',#10833,0.0109999999999998);
#632=CIRCLE('',#10834,0.0109999999999998);
#633=CIRCLE('',#10838,0.011);
#634=CIRCLE('',#10844,0.0109999999999998);
#635=CIRCLE('',#10845,0.0109999999999998);
#636=CIRCLE('',#10849,0.011);
#637=CIRCLE('',#10855,0.0109999999999998);
#638=CIRCLE('',#10856,0.0109999999999998);
#639=CIRCLE('',#10860,0.011);
#640=CIRCLE('',#10861,0.0005);
#641=CIRCLE('',#10870,0.0109999999999998);
#642=CIRCLE('',#10871,0.0109999999999998);
#643=CIRCLE('',#10875,0.0109999999999998);
#644=CIRCLE('',#10881,0.015);
#645=CIRCLE('',#10882,0.015);
#646=CIRCLE('',#10888,0.0109999999999998);
#647=CIRCLE('',#10889,0.0109999999999998);
#648=CIRCLE('',#10891,0.015);
#649=CIRCLE('',#10892,0.015);
#650=CIRCLE('',#10897,0.004);
#651=CIRCLE('',#10898,0.011);
#652=CIRCLE('',#10900,0.004);
#653=CIRCLE('',#10901,0.011);
#654=CIRCLE('',#10903,0.004);
#655=CIRCLE('',#10904,0.011);
#656=CIRCLE('',#10906,0.004);
#657=CIRCLE('',#10907,0.011);
#658=CIRCLE('',#10908,0.0005);
#659=CIRCLE('',#10910,0.004);
#660=CIRCLE('',#10911,0.004);
#661=CIRCLE('',#10912,0.004);
#662=CIRCLE('',#10913,0.004);
#663=CIRCLE('',#10914,0.004);
#664=CIRCLE('',#10915,0.004);
#665=CIRCLE('',#10916,0.004);
#666=CIRCLE('',#10917,0.004);
#667=CIRCLE('',#10919,0.0109999999999998);
#668=CIRCLE('',#10922,0.00265);
#669=CIRCLE('',#10923,0.00265);
#670=CIRCLE('',#10926,0.00265);
#671=CIRCLE('',#10927,0.00265);
#672=CIRCLE('',#10933,0.011);
#673=CIRCLE('',#10939,0.0109999999999998);
#674=CIRCLE('',#10940,0.0109999999999998);
#675=CIRCLE('',#10942,0.0109999999999998);
#676=CIRCLE('',#10943,0.0109999999999998);
#677=CIRCLE('',#10947,0.011);
#678=CIRCLE('',#10953,0.0109999999999998);
#679=CIRCLE('',#10954,0.0109999999999998);
#680=CIRCLE('',#10958,0.011);
#681=CIRCLE('',#10964,0.0109999999999998);
#682=CIRCLE('',#10965,0.0109999999999998);
#683=CIRCLE('',#10969,0.011);
#684=CIRCLE('',#10970,0.0005);
#685=CIRCLE('',#10979,0.0109999999999998);
#686=CIRCLE('',#10980,0.0109999999999998);
#687=CIRCLE('',#10984,0.0109999999999998);
#688=CIRCLE('',#10990,0.015);
#689=CIRCLE('',#10991,0.015);
#690=CIRCLE('',#10999,0.004);
#691=CIRCLE('',#11000,0.004);
#692=CIRCLE('',#11001,0.004);
#693=CIRCLE('',#11002,0.004);
#694=CIRCLE('',#11003,0.004);
#695=CIRCLE('',#11004,0.004);
#696=CIRCLE('',#11005,0.004);
#697=CIRCLE('',#11006,0.004);
#698=CIRCLE('',#11007,0.004);
#699=CIRCLE('',#11008,0.004);
#700=CIRCLE('',#11009,0.004);
#701=CIRCLE('',#11011,0.011);
#702=CIRCLE('',#11012,0.0005);
#703=CIRCLE('',#11013,0.011);
#704=CIRCLE('',#11014,0.011);
#705=CIRCLE('',#11015,0.011);
#706=CIRCLE('',#11016,0.0109999999999998);
#707=CIRCLE('',#11019,0.00265);
#708=CIRCLE('',#11020,0.00265);
#709=CIRCLE('',#11023,0.00265);
#710=CIRCLE('',#11024,0.00265);
#711=CIRCLE('',#11030,0.011);
#712=CIRCLE('',#11036,0.0109999999999998);
#713=CIRCLE('',#11037,0.0109999999999998);
#714=CIRCLE('',#11039,0.0109999999999998);
#715=CIRCLE('',#11040,0.0109999999999998);
#716=CIRCLE('',#11044,0.011);
#717=CIRCLE('',#11050,0.0109999999999998);
#718=CIRCLE('',#11051,0.0109999999999998);
#719=CIRCLE('',#11055,0.011);
#720=CIRCLE('',#11061,0.0109999999999998);
#721=CIRCLE('',#11062,0.0109999999999998);
#722=CIRCLE('',#11066,0.011);
#723=CIRCLE('',#11067,0.0005);
#724=CIRCLE('',#11076,0.0109999999999998);
#725=CIRCLE('',#11077,0.0109999999999998);
#726=CIRCLE('',#11081,0.0109999999999998);
#727=CIRCLE('',#11087,0.015);
#728=CIRCLE('',#11088,0.015);
#729=CIRCLE('',#11096,0.004);
#730=CIRCLE('',#11097,0.006);
#731=CIRCLE('',#11098,0.004);
#732=CIRCLE('',#11099,0.006);
#733=CIRCLE('',#11100,0.011);
#734=CIRCLE('',#11101,0.011);
#735=CIRCLE('',#11109,0.005);
#736=CIRCLE('',#11110,0.005);
#737=CIRCLE('',#11111,0.005);
#738=CIRCLE('',#11112,0.005);
#739=CIRCLE('',#11113,0.011);
#740=CIRCLE('',#11114,0.011);
#741=CIRCLE('',#11122,0.004);
#742=CIRCLE('',#11124,0.004);
#743=CIRCLE('',#11162,0.005);
#744=CIRCLE('',#11164,0.004);
#745=CIRCLE('',#11166,0.005);
#746=CIRCLE('',#11168,0.004);
#747=CIRCLE('',#11170,0.005);
#748=CIRCLE('',#11173,0.005);
#749=CIRCLE('',#11176,0.004);
#750=CIRCLE('',#11179,0.004);
#751=CIRCLE('',#11182,0.006);
#752=CIRCLE('',#11184,0.005);
#753=CIRCLE('',#11185,0.004);
#754=CIRCLE('',#11187,0.006);
#755=CIRCLE('',#11189,0.005);
#756=CIRCLE('',#11190,0.004);
#757=CIRCLE('',#11192,0.003);
#758=CIRCLE('',#11194,0.004);
#759=CIRCLE('',#11196,0.003);
#760=CIRCLE('',#11198,0.004);
#761=CIRCLE('',#11237,0.00095);
#762=CIRCLE('',#11240,0.00095);
#763=CIRCLE('',#11249,0.00095);
#764=CIRCLE('',#11252,0.00095);
#765=ORIENTED_EDGE('',*,*,#3553,.F.);
#766=ORIENTED_EDGE('',*,*,#3554,.F.);
#767=ORIENTED_EDGE('',*,*,#3555,.F.);
#768=ORIENTED_EDGE('',*,*,#3556,.F.);
#769=ORIENTED_EDGE('',*,*,#3557,.F.);
#770=ORIENTED_EDGE('',*,*,#3558,.F.);
#771=ORIENTED_EDGE('',*,*,#3559,.F.);
#772=ORIENTED_EDGE('',*,*,#3560,.F.);
#773=ORIENTED_EDGE('',*,*,#3561,.F.);
#774=ORIENTED_EDGE('',*,*,#3562,.F.);
#775=ORIENTED_EDGE('',*,*,#3563,.F.);
#776=ORIENTED_EDGE('',*,*,#3564,.F.);
#777=ORIENTED_EDGE('',*,*,#3565,.F.);
#778=ORIENTED_EDGE('',*,*,#3566,.F.);
#779=ORIENTED_EDGE('',*,*,#3567,.F.);
#780=ORIENTED_EDGE('',*,*,#3568,.F.);
#781=ORIENTED_EDGE('',*,*,#3569,.F.);
#782=ORIENTED_EDGE('',*,*,#3570,.F.);
#783=ORIENTED_EDGE('',*,*,#3571,.F.);
#784=ORIENTED_EDGE('',*,*,#3572,.F.);
#785=ORIENTED_EDGE('',*,*,#3573,.F.);
#786=ORIENTED_EDGE('',*,*,#3574,.F.);
#787=ORIENTED_EDGE('',*,*,#3575,.F.);
#788=ORIENTED_EDGE('',*,*,#3576,.F.);
#789=ORIENTED_EDGE('',*,*,#3577,.T.);
#790=ORIENTED_EDGE('',*,*,#3566,.T.);
#791=ORIENTED_EDGE('',*,*,#3578,.F.);
#792=ORIENTED_EDGE('',*,*,#3579,.F.);
#793=ORIENTED_EDGE('',*,*,#3580,.T.);
#794=ORIENTED_EDGE('',*,*,#3573,.T.);
#795=ORIENTED_EDGE('',*,*,#3581,.F.);
#796=ORIENTED_EDGE('',*,*,#3582,.T.);
#797=ORIENTED_EDGE('',*,*,#3583,.F.);
#798=ORIENTED_EDGE('',*,*,#3584,.T.);
#799=ORIENTED_EDGE('',*,*,#3585,.T.);
#800=ORIENTED_EDGE('',*,*,#3586,.T.);
#801=ORIENTED_EDGE('',*,*,#3577,.F.);
#802=ORIENTED_EDGE('',*,*,#3587,.F.);
#803=ORIENTED_EDGE('',*,*,#3588,.F.);
#804=ORIENTED_EDGE('',*,*,#3589,.T.);
#805=ORIENTED_EDGE('',*,*,#3590,.T.);
#806=ORIENTED_EDGE('',*,*,#3568,.T.);
#807=ORIENTED_EDGE('',*,*,#3591,.T.);
#808=ORIENTED_EDGE('',*,*,#3592,.T.);
#809=ORIENTED_EDGE('',*,*,#3593,.T.);
#810=ORIENTED_EDGE('',*,*,#3594,.T.);
#811=ORIENTED_EDGE('',*,*,#3595,.T.);
#812=ORIENTED_EDGE('',*,*,#3596,.T.);
#813=ORIENTED_EDGE('',*,*,#3597,.F.);
#814=ORIENTED_EDGE('',*,*,#3598,.T.);
#815=ORIENTED_EDGE('',*,*,#3599,.T.);
#816=ORIENTED_EDGE('',*,*,#3600,.F.);
#817=ORIENTED_EDGE('',*,*,#3601,.F.);
#818=ORIENTED_EDGE('',*,*,#3571,.T.);
#819=ORIENTED_EDGE('',*,*,#3602,.T.);
#820=ORIENTED_EDGE('',*,*,#3598,.F.);
#821=ORIENTED_EDGE('',*,*,#3602,.F.);
#822=ORIENTED_EDGE('',*,*,#3576,.T.);
#823=ORIENTED_EDGE('',*,*,#3603,.T.);
#824=ORIENTED_EDGE('',*,*,#3604,.F.);
#825=ORIENTED_EDGE('',*,*,#3605,.T.);
#826=ORIENTED_EDGE('',*,*,#3606,.T.);
#827=ORIENTED_EDGE('',*,*,#3578,.T.);
#828=ORIENTED_EDGE('',*,*,#3565,.T.);
#829=ORIENTED_EDGE('',*,*,#3607,.T.);
#830=ORIENTED_EDGE('',*,*,#3599,.F.);
#831=ORIENTED_EDGE('',*,*,#3607,.F.);
#832=ORIENTED_EDGE('',*,*,#3570,.T.);
#833=ORIENTED_EDGE('',*,*,#3608,.T.);
#834=ORIENTED_EDGE('',*,*,#3600,.T.);
#835=ORIENTED_EDGE('',*,*,#3603,.F.);
#836=ORIENTED_EDGE('',*,*,#3575,.T.);
#837=ORIENTED_EDGE('',*,*,#3583,.T.);
#838=ORIENTED_EDGE('',*,*,#3609,.T.);
#839=ORIENTED_EDGE('',*,*,#3610,.T.);
#840=ORIENTED_EDGE('',*,*,#3611,.F.);
#841=ORIENTED_EDGE('',*,*,#3604,.T.);
#842=ORIENTED_EDGE('',*,*,#3609,.F.);
#843=ORIENTED_EDGE('',*,*,#3589,.F.);
#844=ORIENTED_EDGE('',*,*,#3612,.T.);
#845=ORIENTED_EDGE('',*,*,#3613,.F.);
#846=ORIENTED_EDGE('',*,*,#3614,.F.);
#847=ORIENTED_EDGE('',*,*,#3587,.T.);
#848=ORIENTED_EDGE('',*,*,#3579,.T.);
#849=ORIENTED_EDGE('',*,*,#3606,.F.);
#850=ORIENTED_EDGE('',*,*,#3615,.T.);
#851=ORIENTED_EDGE('',*,*,#3616,.F.);
#852=ORIENTED_EDGE('',*,*,#3617,.F.);
#853=ORIENTED_EDGE('',*,*,#3611,.T.);
#854=ORIENTED_EDGE('',*,*,#3618,.T.);
#855=ORIENTED_EDGE('',*,*,#3615,.F.);
#856=ORIENTED_EDGE('',*,*,#3605,.F.);
#857=ORIENTED_EDGE('',*,*,#3616,.T.);
#858=ORIENTED_EDGE('',*,*,#3618,.F.);
#859=ORIENTED_EDGE('',*,*,#3610,.F.);
#860=ORIENTED_EDGE('',*,*,#3619,.F.);
#861=ORIENTED_EDGE('',*,*,#3612,.F.);
#862=ORIENTED_EDGE('',*,*,#3588,.T.);
#863=ORIENTED_EDGE('',*,*,#3614,.T.);
#864=ORIENTED_EDGE('',*,*,#3620,.F.);
#865=ORIENTED_EDGE('',*,*,#3613,.T.);
#866=ORIENTED_EDGE('',*,*,#3620,.T.);
#867=ORIENTED_EDGE('',*,*,#3617,.T.);
#868=ORIENTED_EDGE('',*,*,#3619,.T.);
#869=ORIENTED_EDGE('',*,*,#3554,.T.);
#870=ORIENTED_EDGE('',*,*,#3621,.T.);
#871=ORIENTED_EDGE('',*,*,#3622,.F.);
#872=ORIENTED_EDGE('',*,*,#3623,.F.);
#873=ORIENTED_EDGE('',*,*,#3563,.T.);
#874=ORIENTED_EDGE('',*,*,#3624,.F.);
#875=ORIENTED_EDGE('',*,*,#3625,.T.);
#876=ORIENTED_EDGE('',*,*,#3626,.T.);
#877=ORIENTED_EDGE('',*,*,#3627,.T.);
#878=ORIENTED_EDGE('',*,*,#3628,.T.);
#879=ORIENTED_EDGE('',*,*,#3608,.F.);
#880=ORIENTED_EDGE('',*,*,#3569,.T.);
#881=ORIENTED_EDGE('',*,*,#3590,.F.);
#882=ORIENTED_EDGE('',*,*,#3629,.T.);
#883=ORIENTED_EDGE('',*,*,#3593,.F.);
#884=ORIENTED_EDGE('',*,*,#3630,.T.);
#885=ORIENTED_EDGE('',*,*,#3581,.T.);
#886=ORIENTED_EDGE('',*,*,#3572,.T.);
#887=ORIENTED_EDGE('',*,*,#3601,.T.);
#888=ORIENTED_EDGE('',*,*,#3597,.T.);
#889=ORIENTED_EDGE('',*,*,#3631,.F.);
#890=ORIENTED_EDGE('',*,*,#3632,.T.);
#891=ORIENTED_EDGE('',*,*,#3633,.T.);
#892=ORIENTED_EDGE('',*,*,#3634,.T.);
#893=ORIENTED_EDGE('',*,*,#3635,.T.);
#894=ORIENTED_EDGE('',*,*,#3636,.T.);
#895=ORIENTED_EDGE('',*,*,#3637,.F.);
#896=ORIENTED_EDGE('',*,*,#3638,.T.);
#897=ORIENTED_EDGE('',*,*,#3639,.F.);
#898=ORIENTED_EDGE('',*,*,#3640,.T.);
#899=ORIENTED_EDGE('',*,*,#3641,.T.);
#900=ORIENTED_EDGE('',*,*,#3642,.T.);
#901=ORIENTED_EDGE('',*,*,#3643,.T.);
#902=ORIENTED_EDGE('',*,*,#3644,.T.);
#903=ORIENTED_EDGE('',*,*,#3645,.T.);
#904=ORIENTED_EDGE('',*,*,#3646,.T.);
#905=ORIENTED_EDGE('',*,*,#3647,.F.);
#906=ORIENTED_EDGE('',*,*,#3648,.F.);
#907=ORIENTED_EDGE('',*,*,#3649,.T.);
#908=ORIENTED_EDGE('',*,*,#3557,.T.);
#909=ORIENTED_EDGE('',*,*,#3650,.F.);
#910=ORIENTED_EDGE('',*,*,#3651,.T.);
#911=ORIENTED_EDGE('',*,*,#3624,.T.);
#912=ORIENTED_EDGE('',*,*,#3562,.T.);
#913=ORIENTED_EDGE('',*,*,#3652,.T.);
#914=ORIENTED_EDGE('',*,*,#3653,.T.);
#915=ORIENTED_EDGE('',*,*,#3654,.T.);
#916=ORIENTED_EDGE('',*,*,#3655,.T.);
#917=ORIENTED_EDGE('',*,*,#3656,.T.);
#918=ORIENTED_EDGE('',*,*,#3657,.F.);
#919=ORIENTED_EDGE('',*,*,#3658,.T.);
#920=ORIENTED_EDGE('',*,*,#3659,.T.);
#921=ORIENTED_EDGE('',*,*,#3650,.T.);
#922=ORIENTED_EDGE('',*,*,#3660,.T.);
#923=ORIENTED_EDGE('',*,*,#3661,.T.);
#924=ORIENTED_EDGE('',*,*,#3555,.T.);
#925=ORIENTED_EDGE('',*,*,#3628,.F.);
#926=ORIENTED_EDGE('',*,*,#3662,.T.);
#927=ORIENTED_EDGE('',*,*,#3663,.T.);
#928=ORIENTED_EDGE('',*,*,#3664,.T.);
#929=ORIENTED_EDGE('',*,*,#3626,.F.);
#930=ORIENTED_EDGE('',*,*,#3665,.T.);
#931=ORIENTED_EDGE('',*,*,#3622,.T.);
#932=ORIENTED_EDGE('',*,*,#3666,.T.);
#933=ORIENTED_EDGE('',*,*,#3667,.F.);
#934=ORIENTED_EDGE('',*,*,#3668,.F.);
#935=ORIENTED_EDGE('',*,*,#3669,.F.);
#936=ORIENTED_EDGE('',*,*,#3564,.T.);
#937=ORIENTED_EDGE('',*,*,#3623,.T.);
#938=ORIENTED_EDGE('',*,*,#3668,.T.);
#939=ORIENTED_EDGE('',*,*,#3670,.F.);
#940=ORIENTED_EDGE('',*,*,#3559,.T.);
#941=ORIENTED_EDGE('',*,*,#3669,.T.);
#942=ORIENTED_EDGE('',*,*,#3667,.T.);
#943=ORIENTED_EDGE('',*,*,#3671,.F.);
#944=ORIENTED_EDGE('',*,*,#3558,.T.);
#945=ORIENTED_EDGE('',*,*,#3649,.F.);
#946=ORIENTED_EDGE('',*,*,#3672,.F.);
#947=ORIENTED_EDGE('',*,*,#3673,.F.);
#948=ORIENTED_EDGE('',*,*,#3674,.T.);
#949=ORIENTED_EDGE('',*,*,#3621,.F.);
#950=ORIENTED_EDGE('',*,*,#3553,.T.);
#951=ORIENTED_EDGE('',*,*,#3671,.T.);
#952=ORIENTED_EDGE('',*,*,#3666,.F.);
#953=ORIENTED_EDGE('',*,*,#3656,.F.);
#954=ORIENTED_EDGE('',*,*,#3560,.T.);
#955=ORIENTED_EDGE('',*,*,#3670,.T.);
#956=ORIENTED_EDGE('',*,*,#3675,.F.);
#957=ORIENTED_EDGE('',*,*,#3676,.F.);
#958=ORIENTED_EDGE('',*,*,#3677,.T.);
#959=ORIENTED_EDGE('',*,*,#3678,.F.);
#960=ORIENTED_EDGE('',*,*,#3657,.T.);
#961=ORIENTED_EDGE('',*,*,#3675,.T.);
#962=ORIENTED_EDGE('',*,*,#3674,.F.);
#963=ORIENTED_EDGE('',*,*,#3679,.T.);
#964=ORIENTED_EDGE('',*,*,#3680,.T.);
#965=ORIENTED_EDGE('',*,*,#3681,.T.);
#966=ORIENTED_EDGE('',*,*,#3682,.T.);
#967=ORIENTED_EDGE('',*,*,#3683,.F.);
#968=ORIENTED_EDGE('',*,*,#3672,.T.);
#969=ORIENTED_EDGE('',*,*,#3651,.F.);
#970=ORIENTED_EDGE('',*,*,#3659,.F.);
#971=ORIENTED_EDGE('',*,*,#3679,.F.);
#972=ORIENTED_EDGE('',*,*,#3673,.T.);
#973=ORIENTED_EDGE('',*,*,#3683,.T.);
#974=ORIENTED_EDGE('',*,*,#3684,.F.);
#975=ORIENTED_EDGE('',*,*,#3682,.F.);
#976=ORIENTED_EDGE('',*,*,#3685,.T.);
#977=ORIENTED_EDGE('',*,*,#3676,.T.);
#978=ORIENTED_EDGE('',*,*,#3684,.T.);
#979=ORIENTED_EDGE('',*,*,#3678,.T.);
#980=ORIENTED_EDGE('',*,*,#3686,.T.);
#981=ORIENTED_EDGE('',*,*,#3680,.F.);
#982=ORIENTED_EDGE('',*,*,#3658,.F.);
#983=ORIENTED_EDGE('',*,*,#3677,.F.);
#984=ORIENTED_EDGE('',*,*,#3685,.F.);
#985=ORIENTED_EDGE('',*,*,#3681,.F.);
#986=ORIENTED_EDGE('',*,*,#3686,.F.);
#987=ORIENTED_EDGE('',*,*,#3635,.F.);
#988=ORIENTED_EDGE('',*,*,#3687,.T.);
#989=ORIENTED_EDGE('',*,*,#3688,.T.);
#990=ORIENTED_EDGE('',*,*,#3689,.T.);
#991=ORIENTED_EDGE('',*,*,#3690,.T.);
#992=ORIENTED_EDGE('',*,*,#3691,.T.);
#993=ORIENTED_EDGE('',*,*,#3637,.T.);
#994=ORIENTED_EDGE('',*,*,#3692,.T.);
#995=ORIENTED_EDGE('',*,*,#3693,.T.);
#996=ORIENTED_EDGE('',*,*,#3694,.T.);
#997=ORIENTED_EDGE('',*,*,#3631,.T.);
#998=ORIENTED_EDGE('',*,*,#3695,.T.);
#999=ORIENTED_EDGE('',*,*,#3633,.F.);
#1000=ORIENTED_EDGE('',*,*,#3696,.T.);
#1001=ORIENTED_EDGE('',*,*,#3697,.T.);
#1002=ORIENTED_EDGE('',*,*,#3698,.T.);
#1003=ORIENTED_EDGE('',*,*,#3699,.T.);
#1004=ORIENTED_EDGE('',*,*,#3700,.F.);
#1005=ORIENTED_EDGE('',*,*,#3701,.F.);
#1006=ORIENTED_EDGE('',*,*,#3702,.T.);
#1007=ORIENTED_EDGE('',*,*,#3703,.F.);
#1008=ORIENTED_EDGE('',*,*,#3702,.F.);
#1009=ORIENTED_EDGE('',*,*,#3704,.T.);
#1010=ORIENTED_EDGE('',*,*,#3705,.T.);
#1011=ORIENTED_EDGE('',*,*,#3706,.F.);
#1012=ORIENTED_EDGE('',*,*,#3705,.F.);
#1013=ORIENTED_EDGE('',*,*,#3707,.T.);
#1014=ORIENTED_EDGE('',*,*,#3708,.T.);
#1015=ORIENTED_EDGE('',*,*,#3709,.T.);
#1016=ORIENTED_EDGE('',*,*,#3708,.F.);
#1017=ORIENTED_EDGE('',*,*,#3710,.F.);
#1018=ORIENTED_EDGE('',*,*,#3700,.T.);
#1019=ORIENTED_EDGE('',*,*,#3701,.T.);
#1020=ORIENTED_EDGE('',*,*,#3710,.T.);
#1021=ORIENTED_EDGE('',*,*,#3707,.F.);
#1022=ORIENTED_EDGE('',*,*,#3704,.F.);
#1023=ORIENTED_EDGE('',*,*,#3711,.F.);
#1024=ORIENTED_EDGE('',*,*,#3712,.T.);
#1025=ORIENTED_EDGE('',*,*,#3713,.T.);
#1026=ORIENTED_EDGE('',*,*,#3714,.F.);
#1027=ORIENTED_EDGE('',*,*,#3715,.F.);
#1028=ORIENTED_EDGE('',*,*,#3716,.F.);
#1029=ORIENTED_EDGE('',*,*,#3717,.T.);
#1030=ORIENTED_EDGE('',*,*,#3718,.T.);
#1031=ORIENTED_EDGE('',*,*,#3719,.T.);
#1032=ORIENTED_EDGE('',*,*,#3720,.F.);
#1033=ORIENTED_EDGE('',*,*,#3713,.F.);
#1034=ORIENTED_EDGE('',*,*,#3721,.T.);
#1035=ORIENTED_EDGE('',*,*,#3722,.F.);
#1036=ORIENTED_EDGE('',*,*,#3723,.T.);
#1037=ORIENTED_EDGE('',*,*,#3724,.T.);
#1038=ORIENTED_EDGE('',*,*,#3725,.T.);
#1039=ORIENTED_EDGE('',*,*,#3642,.F.);
#1040=ORIENTED_EDGE('',*,*,#3641,.F.);
#1041=ORIENTED_EDGE('',*,*,#3640,.F.);
#1042=ORIENTED_EDGE('',*,*,#3639,.T.);
#1043=ORIENTED_EDGE('',*,*,#3646,.F.);
#1044=ORIENTED_EDGE('',*,*,#3726,.T.);
#1045=ORIENTED_EDGE('',*,*,#3727,.F.);
#1046=ORIENTED_EDGE('',*,*,#3728,.T.);
#1047=ORIENTED_EDGE('',*,*,#3722,.T.);
#1048=ORIENTED_EDGE('',*,*,#3729,.T.);
#1049=ORIENTED_EDGE('',*,*,#3730,.F.);
#1050=ORIENTED_EDGE('',*,*,#3731,.F.);
#1051=ORIENTED_EDGE('',*,*,#3727,.T.);
#1052=ORIENTED_EDGE('',*,*,#3732,.T.);
#1053=ORIENTED_EDGE('',*,*,#3711,.T.);
#1054=ORIENTED_EDGE('',*,*,#3733,.T.);
#1055=ORIENTED_EDGE('',*,*,#3734,.F.);
#1056=ORIENTED_EDGE('',*,*,#3735,.F.);
#1057=ORIENTED_EDGE('',*,*,#3734,.T.);
#1058=ORIENTED_EDGE('',*,*,#3736,.T.);
#1059=ORIENTED_EDGE('',*,*,#3719,.F.);
#1060=ORIENTED_EDGE('',*,*,#3737,.F.);
#1061=ORIENTED_EDGE('',*,*,#3723,.F.);
#1062=ORIENTED_EDGE('',*,*,#3728,.F.);
#1063=ORIENTED_EDGE('',*,*,#3735,.T.);
#1064=ORIENTED_EDGE('',*,*,#3737,.T.);
#1065=ORIENTED_EDGE('',*,*,#3730,.T.);
#1066=ORIENTED_EDGE('',*,*,#3738,.F.);
#1067=ORIENTED_EDGE('',*,*,#3739,.T.);
#1068=ORIENTED_EDGE('',*,*,#3740,.T.);
#1069=ORIENTED_EDGE('',*,*,#3718,.F.);
#1070=ORIENTED_EDGE('',*,*,#3741,.F.);
#1071=ORIENTED_EDGE('',*,*,#3742,.F.);
#1072=ORIENTED_EDGE('',*,*,#3743,.T.);
#1073=ORIENTED_EDGE('',*,*,#3724,.F.);
#1074=ORIENTED_EDGE('',*,*,#3744,.T.);
#1075=ORIENTED_EDGE('',*,*,#3716,.T.);
#1076=ORIENTED_EDGE('',*,*,#3745,.F.);
#1077=ORIENTED_EDGE('',*,*,#3741,.T.);
#1078=ORIENTED_EDGE('',*,*,#3717,.F.);
#1079=ORIENTED_EDGE('',*,*,#3744,.F.);
#1080=ORIENTED_EDGE('',*,*,#3731,.T.);
#1081=ORIENTED_EDGE('',*,*,#3746,.T.);
#1082=ORIENTED_EDGE('',*,*,#3721,.F.);
#1083=ORIENTED_EDGE('',*,*,#3747,.T.);
#1084=ORIENTED_EDGE('',*,*,#3738,.T.);
#1085=ORIENTED_EDGE('',*,*,#3729,.F.);
#1086=ORIENTED_EDGE('',*,*,#3748,.T.);
#1087=ORIENTED_EDGE('',*,*,#3749,.T.);
#1088=ORIENTED_EDGE('',*,*,#3750,.F.);
#1089=ORIENTED_EDGE('',*,*,#3751,.F.);
#1090=ORIENTED_EDGE('',*,*,#3752,.T.);
#1091=ORIENTED_EDGE('',*,*,#3647,.T.);
#1092=ORIENTED_EDGE('',*,*,#3746,.F.);
#1093=ORIENTED_EDGE('',*,*,#3648,.T.);
#1094=ORIENTED_EDGE('',*,*,#3748,.F.);
#1095=ORIENTED_EDGE('',*,*,#3749,.F.);
#1096=ORIENTED_EDGE('',*,*,#3753,.T.);
#1097=ORIENTED_EDGE('',*,*,#3720,.T.);
#1098=ORIENTED_EDGE('',*,*,#3736,.F.);
#1099=ORIENTED_EDGE('',*,*,#3733,.F.);
#1100=ORIENTED_EDGE('',*,*,#3714,.T.);
#1101=ORIENTED_EDGE('',*,*,#3750,.T.);
#1102=ORIENTED_EDGE('',*,*,#3754,.T.);
#1103=ORIENTED_EDGE('',*,*,#3740,.F.);
#1104=ORIENTED_EDGE('',*,*,#3755,.F.);
#1105=ORIENTED_EDGE('',*,*,#3745,.T.);
#1106=ORIENTED_EDGE('',*,*,#3715,.T.);
#1107=ORIENTED_EDGE('',*,*,#3754,.F.);
#1108=ORIENTED_EDGE('',*,*,#3753,.F.);
#1109=ORIENTED_EDGE('',*,*,#3751,.T.);
#1110=ORIENTED_EDGE('',*,*,#3756,.F.);
#1111=ORIENTED_EDGE('',*,*,#3739,.F.);
#1112=ORIENTED_EDGE('',*,*,#3757,.T.);
#1113=ORIENTED_EDGE('',*,*,#3742,.T.);
#1114=ORIENTED_EDGE('',*,*,#3755,.T.);
#1115=ORIENTED_EDGE('',*,*,#3752,.F.);
#1116=ORIENTED_EDGE('',*,*,#3758,.F.);
#1117=ORIENTED_EDGE('',*,*,#3758,.T.);
#1118=ORIENTED_EDGE('',*,*,#3756,.T.);
#1119=ORIENTED_EDGE('',*,*,#3726,.F.);
#1120=ORIENTED_EDGE('',*,*,#3645,.F.);
#1121=ORIENTED_EDGE('',*,*,#3759,.F.);
#1122=ORIENTED_EDGE('',*,*,#3732,.F.);
#1123=ORIENTED_EDGE('',*,*,#3759,.T.);
#1124=ORIENTED_EDGE('',*,*,#3644,.F.);
#1125=ORIENTED_EDGE('',*,*,#3760,.F.);
#1126=ORIENTED_EDGE('',*,*,#3757,.F.);
#1127=ORIENTED_EDGE('',*,*,#3747,.F.);
#1128=ORIENTED_EDGE('',*,*,#3712,.F.);
#1129=ORIENTED_EDGE('',*,*,#3760,.T.);
#1130=ORIENTED_EDGE('',*,*,#3643,.F.);
#1131=ORIENTED_EDGE('',*,*,#3725,.F.);
#1132=ORIENTED_EDGE('',*,*,#3743,.F.);
#1133=ORIENTED_EDGE('',*,*,#3761,.F.);
#1134=ORIENTED_EDGE('',*,*,#3692,.F.);
#1135=ORIENTED_EDGE('',*,*,#3636,.F.);
#1136=ORIENTED_EDGE('',*,*,#3689,.F.);
#1137=ORIENTED_EDGE('',*,*,#3762,.F.);
#1138=ORIENTED_EDGE('',*,*,#3761,.T.);
#1139=ORIENTED_EDGE('',*,*,#3763,.F.);
#1140=ORIENTED_EDGE('',*,*,#3634,.F.);
#1141=ORIENTED_EDGE('',*,*,#3698,.F.);
#1142=ORIENTED_EDGE('',*,*,#3764,.F.);
#1143=ORIENTED_EDGE('',*,*,#3687,.F.);
#1144=ORIENTED_EDGE('',*,*,#3763,.T.);
#1145=ORIENTED_EDGE('',*,*,#3688,.F.);
#1146=ORIENTED_EDGE('',*,*,#3765,.F.);
#1147=ORIENTED_EDGE('',*,*,#3699,.F.);
#1148=ORIENTED_EDGE('',*,*,#3762,.T.);
#1149=ORIENTED_EDGE('',*,*,#3703,.T.);
#1150=ORIENTED_EDGE('',*,*,#3766,.F.);
#1151=ORIENTED_EDGE('',*,*,#3690,.F.);
#1152=ORIENTED_EDGE('',*,*,#3638,.F.);
#1153=ORIENTED_EDGE('',*,*,#3691,.F.);
#1154=ORIENTED_EDGE('',*,*,#3767,.F.);
#1155=ORIENTED_EDGE('',*,*,#3695,.F.);
#1156=ORIENTED_EDGE('',*,*,#3765,.T.);
#1157=ORIENTED_EDGE('',*,*,#3764,.T.);
#1158=ORIENTED_EDGE('',*,*,#3768,.F.);
#1159=ORIENTED_EDGE('',*,*,#3767,.T.);
#1160=ORIENTED_EDGE('',*,*,#3766,.T.);
#1161=ORIENTED_EDGE('',*,*,#3769,.F.);
#1162=ORIENTED_EDGE('',*,*,#3768,.T.);
#1163=ORIENTED_EDGE('',*,*,#3697,.F.);
#1164=ORIENTED_EDGE('',*,*,#3770,.F.);
#1165=ORIENTED_EDGE('',*,*,#3709,.F.);
#1166=ORIENTED_EDGE('',*,*,#3769,.T.);
#1167=ORIENTED_EDGE('',*,*,#3706,.T.);
#1168=ORIENTED_EDGE('',*,*,#3771,.F.);
#1169=ORIENTED_EDGE('',*,*,#3693,.F.);
#1170=ORIENTED_EDGE('',*,*,#3771,.T.);
#1171=ORIENTED_EDGE('',*,*,#3770,.T.);
#1172=ORIENTED_EDGE('',*,*,#3772,.F.);
#1173=ORIENTED_EDGE('',*,*,#3632,.F.);
#1174=ORIENTED_EDGE('',*,*,#3694,.F.);
#1175=ORIENTED_EDGE('',*,*,#3772,.T.);
#1176=ORIENTED_EDGE('',*,*,#3696,.F.);
#1177=ORIENTED_EDGE('',*,*,#3567,.T.);
#1178=ORIENTED_EDGE('',*,*,#3586,.F.);
#1179=ORIENTED_EDGE('',*,*,#3773,.F.);
#1180=ORIENTED_EDGE('',*,*,#3591,.F.);
#1181=ORIENTED_EDGE('',*,*,#3629,.F.);
#1182=ORIENTED_EDGE('',*,*,#3592,.F.);
#1183=ORIENTED_EDGE('',*,*,#3774,.F.);
#1184=ORIENTED_EDGE('',*,*,#3594,.F.);
#1185=ORIENTED_EDGE('',*,*,#3774,.T.);
#1186=ORIENTED_EDGE('',*,*,#3773,.T.);
#1187=ORIENTED_EDGE('',*,*,#3775,.F.);
#1188=ORIENTED_EDGE('',*,*,#3775,.T.);
#1189=ORIENTED_EDGE('',*,*,#3585,.F.);
#1190=ORIENTED_EDGE('',*,*,#3776,.F.);
#1191=ORIENTED_EDGE('',*,*,#3595,.F.);
#1192=ORIENTED_EDGE('',*,*,#3630,.F.);
#1193=ORIENTED_EDGE('',*,*,#3596,.F.);
#1194=ORIENTED_EDGE('',*,*,#3777,.F.);
#1195=ORIENTED_EDGE('',*,*,#3582,.F.);
#1196=ORIENTED_EDGE('',*,*,#3777,.T.);
#1197=ORIENTED_EDGE('',*,*,#3776,.T.);
#1198=ORIENTED_EDGE('',*,*,#3778,.F.);
#1199=ORIENTED_EDGE('',*,*,#3778,.T.);
#1200=ORIENTED_EDGE('',*,*,#3584,.F.);
#1201=ORIENTED_EDGE('',*,*,#3574,.T.);
#1202=ORIENTED_EDGE('',*,*,#3580,.F.);
#1203=ORIENTED_EDGE('',*,*,#3627,.F.);
#1204=ORIENTED_EDGE('',*,*,#3664,.F.);
#1205=ORIENTED_EDGE('',*,*,#3779,.F.);
#1206=ORIENTED_EDGE('',*,*,#3662,.F.);
#1207=ORIENTED_EDGE('',*,*,#3556,.T.);
#1208=ORIENTED_EDGE('',*,*,#3661,.F.);
#1209=ORIENTED_EDGE('',*,*,#3780,.F.);
#1210=ORIENTED_EDGE('',*,*,#3660,.F.);
#1211=ORIENTED_EDGE('',*,*,#3780,.T.);
#1212=ORIENTED_EDGE('',*,*,#3779,.T.);
#1213=ORIENTED_EDGE('',*,*,#3781,.F.);
#1214=ORIENTED_EDGE('',*,*,#3625,.F.);
#1215=ORIENTED_EDGE('',*,*,#3653,.F.);
#1216=ORIENTED_EDGE('',*,*,#3782,.F.);
#1217=ORIENTED_EDGE('',*,*,#3665,.F.);
#1218=ORIENTED_EDGE('',*,*,#3781,.T.);
#1219=ORIENTED_EDGE('',*,*,#3663,.F.);
#1220=ORIENTED_EDGE('',*,*,#3783,.F.);
#1221=ORIENTED_EDGE('',*,*,#3654,.F.);
#1222=ORIENTED_EDGE('',*,*,#3783,.T.);
#1223=ORIENTED_EDGE('',*,*,#3782,.T.);
#1224=ORIENTED_EDGE('',*,*,#3784,.F.);
#1225=ORIENTED_EDGE('',*,*,#3784,.T.);
#1226=ORIENTED_EDGE('',*,*,#3652,.F.);
#1227=ORIENTED_EDGE('',*,*,#3561,.T.);
#1228=ORIENTED_EDGE('',*,*,#3655,.F.);
#1229=ORIENTED_EDGE('',*,*,#3785,.T.);
#1230=ORIENTED_EDGE('',*,*,#3786,.T.);
#1231=ORIENTED_EDGE('',*,*,#3787,.T.);
#1232=ORIENTED_EDGE('',*,*,#3788,.T.);
#1233=ORIENTED_EDGE('',*,*,#3785,.F.);
#1234=ORIENTED_EDGE('',*,*,#3787,.F.);
#1235=ORIENTED_EDGE('',*,*,#3788,.F.);
#1236=ORIENTED_EDGE('',*,*,#3786,.F.);
#1237=ORIENTED_EDGE('',*,*,#3789,.T.);
#1238=ORIENTED_EDGE('',*,*,#3790,.T.);
#1239=ORIENTED_EDGE('',*,*,#3791,.T.);
#1240=ORIENTED_EDGE('',*,*,#3792,.F.);
#1241=ORIENTED_EDGE('',*,*,#3793,.T.);
#1242=ORIENTED_EDGE('',*,*,#3794,.T.);
#1243=ORIENTED_EDGE('',*,*,#3795,.T.);
#1244=ORIENTED_EDGE('',*,*,#3796,.T.);
#1245=ORIENTED_EDGE('',*,*,#3797,.T.);
#1246=ORIENTED_EDGE('',*,*,#3798,.T.);
#1247=ORIENTED_EDGE('',*,*,#3799,.T.);
#1248=ORIENTED_EDGE('',*,*,#3800,.F.);
#1249=ORIENTED_EDGE('',*,*,#3801,.T.);
#1250=ORIENTED_EDGE('',*,*,#3802,.T.);
#1251=ORIENTED_EDGE('',*,*,#3803,.T.);
#1252=ORIENTED_EDGE('',*,*,#3804,.T.);
#1253=ORIENTED_EDGE('',*,*,#3805,.T.);
#1254=ORIENTED_EDGE('',*,*,#3806,.T.);
#1255=ORIENTED_EDGE('',*,*,#3807,.T.);
#1256=ORIENTED_EDGE('',*,*,#3808,.F.);
#1257=ORIENTED_EDGE('',*,*,#3809,.T.);
#1258=ORIENTED_EDGE('',*,*,#3810,.T.);
#1259=ORIENTED_EDGE('',*,*,#3811,.T.);
#1260=ORIENTED_EDGE('',*,*,#3812,.T.);
#1261=ORIENTED_EDGE('',*,*,#3813,.T.);
#1262=ORIENTED_EDGE('',*,*,#3814,.T.);
#1263=ORIENTED_EDGE('',*,*,#3815,.T.);
#1264=ORIENTED_EDGE('',*,*,#3816,.F.);
#1265=ORIENTED_EDGE('',*,*,#3817,.T.);
#1266=ORIENTED_EDGE('',*,*,#3818,.T.);
#1267=ORIENTED_EDGE('',*,*,#3819,.T.);
#1268=ORIENTED_EDGE('',*,*,#3820,.T.);
#1269=ORIENTED_EDGE('',*,*,#3821,.T.);
#1270=ORIENTED_EDGE('',*,*,#3822,.T.);
#1271=ORIENTED_EDGE('',*,*,#3823,.T.);
#1272=ORIENTED_EDGE('',*,*,#3824,.F.);
#1273=ORIENTED_EDGE('',*,*,#3825,.T.);
#1274=ORIENTED_EDGE('',*,*,#3826,.T.);
#1275=ORIENTED_EDGE('',*,*,#3827,.T.);
#1276=ORIENTED_EDGE('',*,*,#3828,.T.);
#1277=ORIENTED_EDGE('',*,*,#3829,.F.);
#1278=ORIENTED_EDGE('',*,*,#3830,.T.);
#1279=ORIENTED_EDGE('',*,*,#3814,.F.);
#1280=ORIENTED_EDGE('',*,*,#3831,.T.);
#1281=ORIENTED_EDGE('',*,*,#3832,.F.);
#1282=ORIENTED_EDGE('',*,*,#3833,.T.);
#1283=ORIENTED_EDGE('',*,*,#3834,.T.);
#1284=ORIENTED_EDGE('',*,*,#3806,.F.);
#1285=ORIENTED_EDGE('',*,*,#3835,.T.);
#1286=ORIENTED_EDGE('',*,*,#3836,.F.);
#1287=ORIENTED_EDGE('',*,*,#3837,.T.);
#1288=ORIENTED_EDGE('',*,*,#3798,.F.);
#1289=ORIENTED_EDGE('',*,*,#3838,.T.);
#1290=ORIENTED_EDGE('',*,*,#3839,.F.);
#1291=ORIENTED_EDGE('',*,*,#3840,.T.);
#1292=ORIENTED_EDGE('',*,*,#3790,.F.);
#1293=ORIENTED_EDGE('',*,*,#3841,.T.);
#1294=ORIENTED_EDGE('',*,*,#3842,.F.);
#1295=ORIENTED_EDGE('',*,*,#3843,.T.);
#1296=ORIENTED_EDGE('',*,*,#3822,.F.);
#1297=ORIENTED_EDGE('',*,*,#3844,.T.);
#1298=ORIENTED_EDGE('',*,*,#3845,.T.);
#1299=ORIENTED_EDGE('',*,*,#3846,.T.);
#1300=ORIENTED_EDGE('',*,*,#3847,.F.);
#1301=ORIENTED_EDGE('',*,*,#3848,.F.);
#1302=ORIENTED_EDGE('',*,*,#3849,.T.);
#1303=ORIENTED_EDGE('',*,*,#3850,.F.);
#1304=ORIENTED_EDGE('',*,*,#3851,.F.);
#1305=ORIENTED_EDGE('',*,*,#3852,.T.);
#1306=ORIENTED_EDGE('',*,*,#3847,.T.);
#1307=ORIENTED_EDGE('',*,*,#3853,.F.);
#1308=ORIENTED_EDGE('',*,*,#3854,.F.);
#1309=ORIENTED_EDGE('',*,*,#3855,.T.);
#1310=ORIENTED_EDGE('',*,*,#3851,.T.);
#1311=ORIENTED_EDGE('',*,*,#3856,.F.);
#1312=ORIENTED_EDGE('',*,*,#3849,.F.);
#1313=ORIENTED_EDGE('',*,*,#3857,.T.);
#1314=ORIENTED_EDGE('',*,*,#3854,.T.);
#1315=ORIENTED_EDGE('',*,*,#3848,.T.);
#1316=ORIENTED_EDGE('',*,*,#3852,.F.);
#1317=ORIENTED_EDGE('',*,*,#3855,.F.);
#1318=ORIENTED_EDGE('',*,*,#3857,.F.);
#1319=ORIENTED_EDGE('',*,*,#3829,.T.);
#1320=ORIENTED_EDGE('',*,*,#3846,.F.);
#1321=ORIENTED_EDGE('',*,*,#3856,.T.);
#1322=ORIENTED_EDGE('',*,*,#3853,.T.);
#1323=ORIENTED_EDGE('',*,*,#3850,.T.);
#1324=ORIENTED_EDGE('',*,*,#3792,.T.);
#1325=ORIENTED_EDGE('',*,*,#3858,.T.);
#1326=ORIENTED_EDGE('',*,*,#3859,.F.);
#1327=ORIENTED_EDGE('',*,*,#3860,.T.);
#1328=ORIENTED_EDGE('',*,*,#3796,.F.);
#1329=ORIENTED_EDGE('',*,*,#3861,.T.);
#1330=ORIENTED_EDGE('',*,*,#3862,.T.);
#1331=ORIENTED_EDGE('',*,*,#3863,.T.);
#1332=ORIENTED_EDGE('',*,*,#3864,.T.);
#1333=ORIENTED_EDGE('',*,*,#3865,.T.);
#1334=ORIENTED_EDGE('',*,*,#3794,.F.);
#1335=ORIENTED_EDGE('',*,*,#3866,.T.);
#1336=ORIENTED_EDGE('',*,*,#3795,.F.);
#1337=ORIENTED_EDGE('',*,*,#3865,.F.);
#1338=ORIENTED_EDGE('',*,*,#3867,.F.);
#1339=ORIENTED_EDGE('',*,*,#3861,.F.);
#1340=ORIENTED_EDGE('',*,*,#3797,.F.);
#1341=ORIENTED_EDGE('',*,*,#3863,.F.);
#1342=ORIENTED_EDGE('',*,*,#3868,.F.);
#1343=ORIENTED_EDGE('',*,*,#3838,.F.);
#1344=ORIENTED_EDGE('',*,*,#3791,.F.);
#1345=ORIENTED_EDGE('',*,*,#3840,.F.);
#1346=ORIENTED_EDGE('',*,*,#3869,.F.);
#1347=ORIENTED_EDGE('',*,*,#3858,.F.);
#1348=ORIENTED_EDGE('',*,*,#3793,.F.);
#1349=ORIENTED_EDGE('',*,*,#3860,.F.);
#1350=ORIENTED_EDGE('',*,*,#3870,.F.);
#1351=ORIENTED_EDGE('',*,*,#3866,.F.);
#1352=ORIENTED_EDGE('',*,*,#3862,.F.);
#1353=ORIENTED_EDGE('',*,*,#3867,.T.);
#1354=ORIENTED_EDGE('',*,*,#3871,.T.);
#1355=ORIENTED_EDGE('',*,*,#3872,.T.);
#1356=ORIENTED_EDGE('',*,*,#3873,.T.);
#1357=ORIENTED_EDGE('',*,*,#3874,.T.);
#1358=ORIENTED_EDGE('',*,*,#3875,.T.);
#1359=ORIENTED_EDGE('',*,*,#3868,.T.);
#1360=ORIENTED_EDGE('',*,*,#3859,.T.);
#1361=ORIENTED_EDGE('',*,*,#3869,.T.);
#1362=ORIENTED_EDGE('',*,*,#3876,.T.);
#1363=ORIENTED_EDGE('',*,*,#3877,.T.);
#1364=ORIENTED_EDGE('',*,*,#3878,.F.);
#1365=ORIENTED_EDGE('',*,*,#3879,.T.);
#1366=ORIENTED_EDGE('',*,*,#3880,.T.);
#1367=ORIENTED_EDGE('',*,*,#3870,.T.);
#1368=ORIENTED_EDGE('',*,*,#3824,.T.);
#1369=ORIENTED_EDGE('',*,*,#3881,.T.);
#1370=ORIENTED_EDGE('',*,*,#3882,.F.);
#1371=ORIENTED_EDGE('',*,*,#3883,.T.);
#1372=ORIENTED_EDGE('',*,*,#3828,.F.);
#1373=ORIENTED_EDGE('',*,*,#3884,.T.);
#1374=ORIENTED_EDGE('',*,*,#3878,.T.);
#1375=ORIENTED_EDGE('',*,*,#3885,.T.);
#1376=ORIENTED_EDGE('',*,*,#3886,.T.);
#1377=ORIENTED_EDGE('',*,*,#3887,.T.);
#1378=ORIENTED_EDGE('',*,*,#3826,.F.);
#1379=ORIENTED_EDGE('',*,*,#3888,.T.);
#1380=ORIENTED_EDGE('',*,*,#3827,.F.);
#1381=ORIENTED_EDGE('',*,*,#3887,.F.);
#1382=ORIENTED_EDGE('',*,*,#3879,.F.);
#1383=ORIENTED_EDGE('',*,*,#3884,.F.);
#1384=ORIENTED_EDGE('',*,*,#3789,.F.);
#1385=ORIENTED_EDGE('',*,*,#3885,.F.);
#1386=ORIENTED_EDGE('',*,*,#3877,.F.);
#1387=ORIENTED_EDGE('',*,*,#3841,.F.);
#1388=ORIENTED_EDGE('',*,*,#3823,.F.);
#1389=ORIENTED_EDGE('',*,*,#3843,.F.);
#1390=ORIENTED_EDGE('',*,*,#3889,.F.);
#1391=ORIENTED_EDGE('',*,*,#3881,.F.);
#1392=ORIENTED_EDGE('',*,*,#3825,.F.);
#1393=ORIENTED_EDGE('',*,*,#3883,.F.);
#1394=ORIENTED_EDGE('',*,*,#3890,.F.);
#1395=ORIENTED_EDGE('',*,*,#3888,.F.);
#1396=ORIENTED_EDGE('',*,*,#3882,.T.);
#1397=ORIENTED_EDGE('',*,*,#3889,.T.);
#1398=ORIENTED_EDGE('',*,*,#3891,.T.);
#1399=ORIENTED_EDGE('',*,*,#3892,.T.);
#1400=ORIENTED_EDGE('',*,*,#3893,.F.);
#1401=ORIENTED_EDGE('',*,*,#3894,.T.);
#1402=ORIENTED_EDGE('',*,*,#3895,.T.);
#1403=ORIENTED_EDGE('',*,*,#3890,.T.);
#1404=ORIENTED_EDGE('',*,*,#3873,.F.);
#1405=ORIENTED_EDGE('',*,*,#3896,.T.);
#1406=ORIENTED_EDGE('',*,*,#3800,.T.);
#1407=ORIENTED_EDGE('',*,*,#3897,.T.);
#1408=ORIENTED_EDGE('',*,*,#3804,.F.);
#1409=ORIENTED_EDGE('',*,*,#3898,.T.);
#1410=ORIENTED_EDGE('',*,*,#3899,.T.);
#1411=ORIENTED_EDGE('',*,*,#3900,.T.);
#1412=ORIENTED_EDGE('',*,*,#3802,.F.);
#1413=ORIENTED_EDGE('',*,*,#3901,.T.);
#1414=ORIENTED_EDGE('',*,*,#3902,.T.);
#1415=ORIENTED_EDGE('',*,*,#3903,.T.);
#1416=ORIENTED_EDGE('',*,*,#3801,.F.);
#1417=ORIENTED_EDGE('',*,*,#3896,.F.);
#1418=ORIENTED_EDGE('',*,*,#3872,.F.);
#1419=ORIENTED_EDGE('',*,*,#3901,.F.);
#1420=ORIENTED_EDGE('',*,*,#3803,.F.);
#1421=ORIENTED_EDGE('',*,*,#3903,.F.);
#1422=ORIENTED_EDGE('',*,*,#3904,.F.);
#1423=ORIENTED_EDGE('',*,*,#3898,.F.);
#1424=ORIENTED_EDGE('',*,*,#3805,.F.);
#1425=ORIENTED_EDGE('',*,*,#3900,.F.);
#1426=ORIENTED_EDGE('',*,*,#3905,.F.);
#1427=ORIENTED_EDGE('',*,*,#3835,.F.);
#1428=ORIENTED_EDGE('',*,*,#3799,.F.);
#1429=ORIENTED_EDGE('',*,*,#3837,.F.);
#1430=ORIENTED_EDGE('',*,*,#3874,.F.);
#1431=ORIENTED_EDGE('',*,*,#3897,.F.);
#1432=ORIENTED_EDGE('',*,*,#3899,.F.);
#1433=ORIENTED_EDGE('',*,*,#3904,.T.);
#1434=ORIENTED_EDGE('',*,*,#3906,.T.);
#1435=ORIENTED_EDGE('',*,*,#3907,.T.);
#1436=ORIENTED_EDGE('',*,*,#3908,.T.);
#1437=ORIENTED_EDGE('',*,*,#3905,.T.);
#1438=ORIENTED_EDGE('',*,*,#3808,.T.);
#1439=ORIENTED_EDGE('',*,*,#3909,.T.);
#1440=ORIENTED_EDGE('',*,*,#3910,.T.);
#1441=ORIENTED_EDGE('',*,*,#3911,.T.);
#1442=ORIENTED_EDGE('',*,*,#3912,.T.);
#1443=ORIENTED_EDGE('',*,*,#3913,.T.);
#1444=ORIENTED_EDGE('',*,*,#3812,.F.);
#1445=ORIENTED_EDGE('',*,*,#3914,.T.);
#1446=ORIENTED_EDGE('',*,*,#3915,.T.);
#1447=ORIENTED_EDGE('',*,*,#3916,.T.);
#1448=ORIENTED_EDGE('',*,*,#3810,.F.);
#1449=ORIENTED_EDGE('',*,*,#3917,.T.);
#1450=ORIENTED_EDGE('',*,*,#3918,.T.);
#1451=ORIENTED_EDGE('',*,*,#3809,.F.);
#1452=ORIENTED_EDGE('',*,*,#3911,.F.);
#1453=ORIENTED_EDGE('',*,*,#3919,.F.);
#1454=ORIENTED_EDGE('',*,*,#3917,.F.);
#1455=ORIENTED_EDGE('',*,*,#3807,.F.);
#1456=ORIENTED_EDGE('',*,*,#3834,.F.);
#1457=ORIENTED_EDGE('',*,*,#3920,.F.);
#1458=ORIENTED_EDGE('',*,*,#3909,.F.);
#1459=ORIENTED_EDGE('',*,*,#3919,.T.);
#1460=ORIENTED_EDGE('',*,*,#3910,.F.);
#1461=ORIENTED_EDGE('',*,*,#3920,.T.);
#1462=ORIENTED_EDGE('',*,*,#3833,.F.);
#1463=ORIENTED_EDGE('',*,*,#3907,.F.);
#1464=ORIENTED_EDGE('',*,*,#3918,.F.);
#1465=ORIENTED_EDGE('',*,*,#3813,.F.);
#1466=ORIENTED_EDGE('',*,*,#3913,.F.);
#1467=ORIENTED_EDGE('',*,*,#3921,.F.);
#1468=ORIENTED_EDGE('',*,*,#3831,.F.);
#1469=ORIENTED_EDGE('',*,*,#3811,.F.);
#1470=ORIENTED_EDGE('',*,*,#3916,.F.);
#1471=ORIENTED_EDGE('',*,*,#3922,.F.);
#1472=ORIENTED_EDGE('',*,*,#3914,.F.);
#1473=ORIENTED_EDGE('',*,*,#3923,.T.);
#1474=ORIENTED_EDGE('',*,*,#3921,.T.);
#1475=ORIENTED_EDGE('',*,*,#3912,.F.);
#1476=ORIENTED_EDGE('',*,*,#3922,.T.);
#1477=ORIENTED_EDGE('',*,*,#3924,.T.);
#1478=ORIENTED_EDGE('',*,*,#3925,.T.);
#1479=ORIENTED_EDGE('',*,*,#3926,.T.);
#1480=ORIENTED_EDGE('',*,*,#3927,.T.);
#1481=ORIENTED_EDGE('',*,*,#3926,.F.);
#1482=ORIENTED_EDGE('',*,*,#3928,.T.);
#1483=ORIENTED_EDGE('',*,*,#3816,.T.);
#1484=ORIENTED_EDGE('',*,*,#3929,.T.);
#1485=ORIENTED_EDGE('',*,*,#3820,.F.);
#1486=ORIENTED_EDGE('',*,*,#3930,.T.);
#1487=ORIENTED_EDGE('',*,*,#3893,.T.);
#1488=ORIENTED_EDGE('',*,*,#3931,.T.);
#1489=ORIENTED_EDGE('',*,*,#3818,.F.);
#1490=ORIENTED_EDGE('',*,*,#3932,.T.);
#1491=ORIENTED_EDGE('',*,*,#3933,.T.);
#1492=ORIENTED_EDGE('',*,*,#3934,.T.);
#1493=ORIENTED_EDGE('',*,*,#3817,.F.);
#1494=ORIENTED_EDGE('',*,*,#3928,.F.);
#1495=ORIENTED_EDGE('',*,*,#3925,.F.);
#1496=ORIENTED_EDGE('',*,*,#3932,.F.);
#1497=ORIENTED_EDGE('',*,*,#3819,.F.);
#1498=ORIENTED_EDGE('',*,*,#3934,.F.);
#1499=ORIENTED_EDGE('',*,*,#3894,.F.);
#1500=ORIENTED_EDGE('',*,*,#3930,.F.);
#1501=ORIENTED_EDGE('',*,*,#3821,.F.);
#1502=ORIENTED_EDGE('',*,*,#3931,.F.);
#1503=ORIENTED_EDGE('',*,*,#3892,.F.);
#1504=ORIENTED_EDGE('',*,*,#3844,.F.);
#1505=ORIENTED_EDGE('',*,*,#3815,.F.);
#1506=ORIENTED_EDGE('',*,*,#3830,.F.);
#1507=ORIENTED_EDGE('',*,*,#3927,.F.);
#1508=ORIENTED_EDGE('',*,*,#3929,.F.);
#1509=ORIENTED_EDGE('',*,*,#3935,.T.);
#1510=ORIENTED_EDGE('',*,*,#3936,.T.);
#1511=ORIENTED_EDGE('',*,*,#3845,.F.);
#1512=ORIENTED_EDGE('',*,*,#3891,.F.);
#1513=ORIENTED_EDGE('',*,*,#3842,.T.);
#1514=ORIENTED_EDGE('',*,*,#3876,.F.);
#1515=ORIENTED_EDGE('',*,*,#3839,.T.);
#1516=ORIENTED_EDGE('',*,*,#3875,.F.);
#1517=ORIENTED_EDGE('',*,*,#3836,.T.);
#1518=ORIENTED_EDGE('',*,*,#3908,.F.);
#1519=ORIENTED_EDGE('',*,*,#3832,.T.);
#1520=ORIENTED_EDGE('',*,*,#3923,.F.);
#1521=ORIENTED_EDGE('',*,*,#3935,.F.);
#1522=ORIENTED_EDGE('',*,*,#3936,.F.);
#1523=ORIENTED_EDGE('',*,*,#3933,.F.);
#1524=ORIENTED_EDGE('',*,*,#3924,.F.);
#1525=ORIENTED_EDGE('',*,*,#3915,.F.);
#1526=ORIENTED_EDGE('',*,*,#3906,.F.);
#1527=ORIENTED_EDGE('',*,*,#3902,.F.);
#1528=ORIENTED_EDGE('',*,*,#3871,.F.);
#1529=ORIENTED_EDGE('',*,*,#3864,.F.);
#1530=ORIENTED_EDGE('',*,*,#3880,.F.);
#1531=ORIENTED_EDGE('',*,*,#3886,.F.);
#1532=ORIENTED_EDGE('',*,*,#3895,.F.);
#1533=ORIENTED_EDGE('',*,*,#3937,.T.);
#1534=ORIENTED_EDGE('',*,*,#3938,.T.);
#1535=ORIENTED_EDGE('',*,*,#3939,.T.);
#1536=ORIENTED_EDGE('',*,*,#3940,.T.);
#1537=ORIENTED_EDGE('',*,*,#3937,.F.);
#1538=ORIENTED_EDGE('',*,*,#3939,.F.);
#1539=ORIENTED_EDGE('',*,*,#3940,.F.);
#1540=ORIENTED_EDGE('',*,*,#3938,.F.);
#1541=ORIENTED_EDGE('',*,*,#3941,.F.);
#1542=ORIENTED_EDGE('',*,*,#3942,.T.);
#1543=ORIENTED_EDGE('',*,*,#3943,.T.);
#1544=ORIENTED_EDGE('',*,*,#3944,.T.);
#1545=ORIENTED_EDGE('',*,*,#3945,.F.);
#1546=ORIENTED_EDGE('',*,*,#3946,.T.);
#1547=ORIENTED_EDGE('',*,*,#3947,.T.);
#1548=ORIENTED_EDGE('',*,*,#3948,.F.);
#1549=ORIENTED_EDGE('',*,*,#3949,.T.);
#1550=ORIENTED_EDGE('',*,*,#3950,.F.);
#1551=ORIENTED_EDGE('',*,*,#3951,.F.);
#1552=ORIENTED_EDGE('',*,*,#3948,.T.);
#1553=ORIENTED_EDGE('',*,*,#3952,.T.);
#1554=ORIENTED_EDGE('',*,*,#3953,.T.);
#1555=ORIENTED_EDGE('',*,*,#3954,.F.);
#1556=ORIENTED_EDGE('',*,*,#3950,.T.);
#1557=ORIENTED_EDGE('',*,*,#3955,.T.);
#1558=ORIENTED_EDGE('',*,*,#3956,.T.);
#1559=ORIENTED_EDGE('',*,*,#3957,.F.);
#1560=ORIENTED_EDGE('',*,*,#3958,.F.);
#1561=ORIENTED_EDGE('',*,*,#3959,.T.);
#1562=ORIENTED_EDGE('',*,*,#3960,.F.);
#1563=ORIENTED_EDGE('',*,*,#3961,.F.);
#1564=ORIENTED_EDGE('',*,*,#3958,.T.);
#1565=ORIENTED_EDGE('',*,*,#3962,.T.);
#1566=ORIENTED_EDGE('',*,*,#3963,.T.);
#1567=ORIENTED_EDGE('',*,*,#3964,.F.);
#1568=ORIENTED_EDGE('',*,*,#3960,.T.);
#1569=ORIENTED_EDGE('',*,*,#3965,.F.);
#1570=ORIENTED_EDGE('',*,*,#3966,.T.);
#1571=ORIENTED_EDGE('',*,*,#3967,.T.);
#1572=ORIENTED_EDGE('',*,*,#3968,.F.);
#1573=ORIENTED_EDGE('',*,*,#3969,.T.);
#1574=ORIENTED_EDGE('',*,*,#3970,.F.);
#1575=ORIENTED_EDGE('',*,*,#3971,.F.);
#1576=ORIENTED_EDGE('',*,*,#3968,.T.);
#1577=ORIENTED_EDGE('',*,*,#3972,.T.);
#1578=ORIENTED_EDGE('',*,*,#3973,.T.);
#1579=ORIENTED_EDGE('',*,*,#3974,.F.);
#1580=ORIENTED_EDGE('',*,*,#3970,.T.);
#1581=ORIENTED_EDGE('',*,*,#3975,.F.);
#1582=ORIENTED_EDGE('',*,*,#3976,.T.);
#1583=ORIENTED_EDGE('',*,*,#3977,.T.);
#1584=ORIENTED_EDGE('',*,*,#3978,.F.);
#1585=ORIENTED_EDGE('',*,*,#3979,.F.);
#1586=ORIENTED_EDGE('',*,*,#3980,.T.);
#1587=ORIENTED_EDGE('',*,*,#3981,.F.);
#1588=ORIENTED_EDGE('',*,*,#3944,.F.);
#1589=ORIENTED_EDGE('',*,*,#3982,.T.);
#1590=ORIENTED_EDGE('',*,*,#3978,.T.);
#1591=ORIENTED_EDGE('',*,*,#3983,.F.);
#1592=ORIENTED_EDGE('',*,*,#3980,.F.);
#1593=ORIENTED_EDGE('',*,*,#3974,.T.);
#1594=ORIENTED_EDGE('',*,*,#3984,.T.);
#1595=ORIENTED_EDGE('',*,*,#3975,.T.);
#1596=ORIENTED_EDGE('',*,*,#3982,.F.);
#1597=ORIENTED_EDGE('',*,*,#3943,.F.);
#1598=ORIENTED_EDGE('',*,*,#3985,.T.);
#1599=ORIENTED_EDGE('',*,*,#3945,.T.);
#1600=ORIENTED_EDGE('',*,*,#3951,.T.);
#1601=ORIENTED_EDGE('',*,*,#3954,.T.);
#1602=ORIENTED_EDGE('',*,*,#3986,.T.);
#1603=ORIENTED_EDGE('',*,*,#3955,.F.);
#1604=ORIENTED_EDGE('',*,*,#3961,.T.);
#1605=ORIENTED_EDGE('',*,*,#3964,.T.);
#1606=ORIENTED_EDGE('',*,*,#3987,.T.);
#1607=ORIENTED_EDGE('',*,*,#3965,.T.);
#1608=ORIENTED_EDGE('',*,*,#3971,.T.);
#1609=ORIENTED_EDGE('',*,*,#3988,.F.);
#1610=ORIENTED_EDGE('',*,*,#3989,.F.);
#1611=ORIENTED_EDGE('',*,*,#3977,.F.);
#1612=ORIENTED_EDGE('',*,*,#3990,.T.);
#1613=ORIENTED_EDGE('',*,*,#3972,.F.);
#1614=ORIENTED_EDGE('',*,*,#3969,.F.);
#1615=ORIENTED_EDGE('',*,*,#3967,.F.);
#1616=ORIENTED_EDGE('',*,*,#3991,.T.);
#1617=ORIENTED_EDGE('',*,*,#3962,.F.);
#1618=ORIENTED_EDGE('',*,*,#3959,.F.);
#1619=ORIENTED_EDGE('',*,*,#3957,.T.);
#1620=ORIENTED_EDGE('',*,*,#3992,.T.);
#1621=ORIENTED_EDGE('',*,*,#3952,.F.);
#1622=ORIENTED_EDGE('',*,*,#3949,.F.);
#1623=ORIENTED_EDGE('',*,*,#3947,.F.);
#1624=ORIENTED_EDGE('',*,*,#3993,.T.);
#1625=ORIENTED_EDGE('',*,*,#3941,.T.);
#1626=ORIENTED_EDGE('',*,*,#3981,.T.);
#1627=ORIENTED_EDGE('',*,*,#3979,.T.);
#1628=ORIENTED_EDGE('',*,*,#3983,.T.);
#1629=ORIENTED_EDGE('',*,*,#3994,.F.);
#1630=ORIENTED_EDGE('',*,*,#3994,.T.);
#1631=ORIENTED_EDGE('',*,*,#3986,.F.);
#1632=ORIENTED_EDGE('',*,*,#3953,.F.);
#1633=ORIENTED_EDGE('',*,*,#3992,.F.);
#1634=ORIENTED_EDGE('',*,*,#3956,.F.);
#1635=ORIENTED_EDGE('',*,*,#3985,.F.);
#1636=ORIENTED_EDGE('',*,*,#3942,.F.);
#1637=ORIENTED_EDGE('',*,*,#3993,.F.);
#1638=ORIENTED_EDGE('',*,*,#3946,.F.);
#1639=ORIENTED_EDGE('',*,*,#3984,.F.);
#1640=ORIENTED_EDGE('',*,*,#3973,.F.);
#1641=ORIENTED_EDGE('',*,*,#3990,.F.);
#1642=ORIENTED_EDGE('',*,*,#3976,.F.);
#1643=ORIENTED_EDGE('',*,*,#3987,.F.);
#1644=ORIENTED_EDGE('',*,*,#3963,.F.);
#1645=ORIENTED_EDGE('',*,*,#3991,.F.);
#1646=ORIENTED_EDGE('',*,*,#3966,.F.);
#1647=ORIENTED_EDGE('',*,*,#3995,.F.);
#1648=ORIENTED_EDGE('',*,*,#3989,.T.);
#1649=ORIENTED_EDGE('',*,*,#3995,.T.);
#1650=ORIENTED_EDGE('',*,*,#3996,.F.);
#1651=ORIENTED_EDGE('',*,*,#3988,.T.);
#1652=ORIENTED_EDGE('',*,*,#3996,.T.);
#1653=ORIENTED_EDGE('',*,*,#3997,.T.);
#1654=ORIENTED_EDGE('',*,*,#3998,.F.);
#1655=ORIENTED_EDGE('',*,*,#3999,.T.);
#1656=ORIENTED_EDGE('',*,*,#4000,.F.);
#1657=ORIENTED_EDGE('',*,*,#4001,.T.);
#1658=ORIENTED_EDGE('',*,*,#4002,.T.);
#1659=ORIENTED_EDGE('',*,*,#4003,.F.);
#1660=ORIENTED_EDGE('',*,*,#4004,.T.);
#1661=ORIENTED_EDGE('',*,*,#4005,.F.);
#1662=ORIENTED_EDGE('',*,*,#4006,.T.);
#1663=ORIENTED_EDGE('',*,*,#4007,.F.);
#1664=ORIENTED_EDGE('',*,*,#4008,.F.);
#1665=ORIENTED_EDGE('',*,*,#4009,.T.);
#1666=ORIENTED_EDGE('',*,*,#4010,.F.);
#1667=ORIENTED_EDGE('',*,*,#4011,.F.);
#1668=ORIENTED_EDGE('',*,*,#3997,.F.);
#1669=ORIENTED_EDGE('',*,*,#4012,.T.);
#1670=ORIENTED_EDGE('',*,*,#4013,.T.);
#1671=ORIENTED_EDGE('',*,*,#4014,.F.);
#1672=ORIENTED_EDGE('',*,*,#4015,.F.);
#1673=ORIENTED_EDGE('',*,*,#4016,.T.);
#1674=ORIENTED_EDGE('',*,*,#4017,.F.);
#1675=ORIENTED_EDGE('',*,*,#4018,.F.);
#1676=ORIENTED_EDGE('',*,*,#4019,.F.);
#1677=ORIENTED_EDGE('',*,*,#4020,.F.);
#1678=ORIENTED_EDGE('',*,*,#4021,.T.);
#1679=ORIENTED_EDGE('',*,*,#4001,.F.);
#1680=ORIENTED_EDGE('',*,*,#4022,.F.);
#1681=ORIENTED_EDGE('',*,*,#4023,.F.);
#1682=ORIENTED_EDGE('',*,*,#4012,.F.);
#1683=ORIENTED_EDGE('',*,*,#4019,.T.);
#1684=ORIENTED_EDGE('',*,*,#4024,.T.);
#1685=ORIENTED_EDGE('',*,*,#4025,.T.);
#1686=ORIENTED_EDGE('',*,*,#4026,.T.);
#1687=ORIENTED_EDGE('',*,*,#4027,.F.);
#1688=ORIENTED_EDGE('',*,*,#4028,.F.);
#1689=ORIENTED_EDGE('',*,*,#4029,.T.);
#1690=ORIENTED_EDGE('',*,*,#4030,.F.);
#1691=ORIENTED_EDGE('',*,*,#4011,.T.);
#1692=ORIENTED_EDGE('',*,*,#4031,.F.);
#1693=ORIENTED_EDGE('',*,*,#4032,.F.);
#1694=ORIENTED_EDGE('',*,*,#4033,.F.);
#1695=ORIENTED_EDGE('',*,*,#4034,.T.);
#1696=ORIENTED_EDGE('',*,*,#3998,.T.);
#1697=ORIENTED_EDGE('',*,*,#4035,.F.);
#1698=ORIENTED_EDGE('',*,*,#4036,.F.);
#1699=ORIENTED_EDGE('',*,*,#4013,.F.);
#1700=ORIENTED_EDGE('',*,*,#4023,.T.);
#1701=ORIENTED_EDGE('',*,*,#4037,.T.);
#1702=ORIENTED_EDGE('',*,*,#4038,.T.);
#1703=ORIENTED_EDGE('',*,*,#4039,.T.);
#1704=ORIENTED_EDGE('',*,*,#4006,.F.);
#1705=ORIENTED_EDGE('',*,*,#4007,.T.);
#1706=ORIENTED_EDGE('',*,*,#4039,.F.);
#1707=ORIENTED_EDGE('',*,*,#4040,.T.);
#1708=ORIENTED_EDGE('',*,*,#4041,.F.);
#1709=ORIENTED_EDGE('',*,*,#4042,.F.);
#1710=ORIENTED_EDGE('',*,*,#4043,.T.);
#1711=ORIENTED_EDGE('',*,*,#4022,.T.);
#1712=ORIENTED_EDGE('',*,*,#4000,.T.);
#1713=ORIENTED_EDGE('',*,*,#4044,.F.);
#1714=ORIENTED_EDGE('',*,*,#4037,.F.);
#1715=ORIENTED_EDGE('',*,*,#4030,.T.);
#1716=ORIENTED_EDGE('',*,*,#4045,.F.);
#1717=ORIENTED_EDGE('',*,*,#4046,.F.);
#1718=ORIENTED_EDGE('',*,*,#4020,.T.);
#1719=ORIENTED_EDGE('',*,*,#4031,.T.);
#1720=ORIENTED_EDGE('',*,*,#4010,.T.);
#1721=ORIENTED_EDGE('',*,*,#4047,.T.);
#1722=ORIENTED_EDGE('',*,*,#4048,.F.);
#1723=ORIENTED_EDGE('',*,*,#4049,.F.);
#1724=ORIENTED_EDGE('',*,*,#4035,.T.);
#1725=ORIENTED_EDGE('',*,*,#4005,.T.);
#1726=ORIENTED_EDGE('',*,*,#4004,.F.);
#1727=ORIENTED_EDGE('',*,*,#4050,.F.);
#1728=ORIENTED_EDGE('',*,*,#4051,.F.);
#1729=ORIENTED_EDGE('',*,*,#4032,.T.);
#1730=ORIENTED_EDGE('',*,*,#4048,.T.);
#1731=ORIENTED_EDGE('',*,*,#4052,.T.);
#1732=ORIENTED_EDGE('',*,*,#4042,.T.);
#1733=ORIENTED_EDGE('',*,*,#4053,.F.);
#1734=ORIENTED_EDGE('',*,*,#4054,.F.);
#1735=ORIENTED_EDGE('',*,*,#4055,.T.);
#1736=ORIENTED_EDGE('',*,*,#4016,.F.);
#1737=ORIENTED_EDGE('',*,*,#4056,.F.);
#1738=ORIENTED_EDGE('',*,*,#4025,.F.);
#1739=ORIENTED_EDGE('',*,*,#3999,.F.);
#1740=ORIENTED_EDGE('',*,*,#4034,.F.);
#1741=ORIENTED_EDGE('',*,*,#4057,.F.);
#1742=ORIENTED_EDGE('',*,*,#4058,.T.);
#1743=ORIENTED_EDGE('',*,*,#4059,.F.);
#1744=ORIENTED_EDGE('',*,*,#4040,.F.);
#1745=ORIENTED_EDGE('',*,*,#4038,.F.);
#1746=ORIENTED_EDGE('',*,*,#4044,.T.);
#1747=ORIENTED_EDGE('',*,*,#4046,.T.);
#1748=ORIENTED_EDGE('',*,*,#4060,.T.);
#1749=ORIENTED_EDGE('',*,*,#4061,.F.);
#1750=ORIENTED_EDGE('',*,*,#4062,.F.);
#1751=ORIENTED_EDGE('',*,*,#4002,.F.);
#1752=ORIENTED_EDGE('',*,*,#4021,.F.);
#1753=ORIENTED_EDGE('',*,*,#4017,.T.);
#1754=ORIENTED_EDGE('',*,*,#4055,.F.);
#1755=ORIENTED_EDGE('',*,*,#4024,.F.);
#1756=ORIENTED_EDGE('',*,*,#4018,.T.);
#1757=ORIENTED_EDGE('',*,*,#4063,.T.);
#1758=ORIENTED_EDGE('',*,*,#4054,.T.);
#1759=ORIENTED_EDGE('',*,*,#4064,.T.);
#1760=ORIENTED_EDGE('',*,*,#4058,.F.);
#1761=ORIENTED_EDGE('',*,*,#4065,.F.);
#1762=ORIENTED_EDGE('',*,*,#4050,.T.);
#1763=ORIENTED_EDGE('',*,*,#4047,.F.);
#1764=ORIENTED_EDGE('',*,*,#4009,.F.);
#1765=ORIENTED_EDGE('',*,*,#4029,.F.);
#1766=ORIENTED_EDGE('',*,*,#4066,.F.);
#1767=ORIENTED_EDGE('',*,*,#4060,.F.);
#1768=ORIENTED_EDGE('',*,*,#4045,.T.);
#1769=ORIENTED_EDGE('',*,*,#4003,.T.);
#1770=ORIENTED_EDGE('',*,*,#4062,.T.);
#1771=ORIENTED_EDGE('',*,*,#4067,.F.);
#1772=ORIENTED_EDGE('',*,*,#4027,.T.);
#1773=ORIENTED_EDGE('',*,*,#4068,.F.);
#1774=ORIENTED_EDGE('',*,*,#4014,.T.);
#1775=ORIENTED_EDGE('',*,*,#4036,.T.);
#1776=ORIENTED_EDGE('',*,*,#4049,.T.);
#1777=ORIENTED_EDGE('',*,*,#4028,.T.);
#1778=ORIENTED_EDGE('',*,*,#4067,.T.);
#1779=ORIENTED_EDGE('',*,*,#4061,.T.);
#1780=ORIENTED_EDGE('',*,*,#4066,.T.);
#1781=ORIENTED_EDGE('',*,*,#4065,.T.);
#1782=ORIENTED_EDGE('',*,*,#4057,.T.);
#1783=ORIENTED_EDGE('',*,*,#4033,.T.);
#1784=ORIENTED_EDGE('',*,*,#4051,.T.);
#1785=ORIENTED_EDGE('',*,*,#4053,.T.);
#1786=ORIENTED_EDGE('',*,*,#4041,.T.);
#1787=ORIENTED_EDGE('',*,*,#4059,.T.);
#1788=ORIENTED_EDGE('',*,*,#4064,.F.);
#1789=ORIENTED_EDGE('',*,*,#4056,.T.);
#1790=ORIENTED_EDGE('',*,*,#4015,.T.);
#1791=ORIENTED_EDGE('',*,*,#4068,.T.);
#1792=ORIENTED_EDGE('',*,*,#4026,.F.);
#1793=ORIENTED_EDGE('',*,*,#4052,.F.);
#1794=ORIENTED_EDGE('',*,*,#4063,.F.);
#1795=ORIENTED_EDGE('',*,*,#4008,.T.);
#1796=ORIENTED_EDGE('',*,*,#4043,.F.);
#1797=ORIENTED_EDGE('',*,*,#4069,.F.);
#1798=ORIENTED_EDGE('',*,*,#4070,.F.);
#1799=ORIENTED_EDGE('',*,*,#4071,.F.);
#1800=ORIENTED_EDGE('',*,*,#4072,.T.);
#1801=ORIENTED_EDGE('',*,*,#4073,.F.);
#1802=ORIENTED_EDGE('',*,*,#4074,.T.);
#1803=ORIENTED_EDGE('',*,*,#4075,.F.);
#1804=ORIENTED_EDGE('',*,*,#4070,.T.);
#1805=ORIENTED_EDGE('',*,*,#4076,.F.);
#1806=ORIENTED_EDGE('',*,*,#4077,.F.);
#1807=ORIENTED_EDGE('',*,*,#4078,.F.);
#1808=ORIENTED_EDGE('',*,*,#4079,.T.);
#1809=ORIENTED_EDGE('',*,*,#4080,.F.);
#1810=ORIENTED_EDGE('',*,*,#4081,.T.);
#1811=ORIENTED_EDGE('',*,*,#4082,.F.);
#1812=ORIENTED_EDGE('',*,*,#4077,.T.);
#1813=ORIENTED_EDGE('',*,*,#4083,.F.);
#1814=ORIENTED_EDGE('',*,*,#4084,.T.);
#1815=ORIENTED_EDGE('',*,*,#4085,.T.);
#1816=ORIENTED_EDGE('',*,*,#4079,.F.);
#1817=ORIENTED_EDGE('',*,*,#4086,.T.);
#1818=ORIENTED_EDGE('',*,*,#4087,.T.);
#1819=ORIENTED_EDGE('',*,*,#4088,.F.);
#1820=ORIENTED_EDGE('',*,*,#4089,.T.);
#1821=ORIENTED_EDGE('',*,*,#4090,.T.);
#1822=ORIENTED_EDGE('',*,*,#4091,.T.);
#1823=ORIENTED_EDGE('',*,*,#4092,.T.);
#1824=ORIENTED_EDGE('',*,*,#4093,.T.);
#1825=ORIENTED_EDGE('',*,*,#4088,.T.);
#1826=ORIENTED_EDGE('',*,*,#4094,.T.);
#1827=ORIENTED_EDGE('',*,*,#4095,.F.);
#1828=ORIENTED_EDGE('',*,*,#4096,.F.);
#1829=ORIENTED_EDGE('',*,*,#4097,.F.);
#1830=ORIENTED_EDGE('',*,*,#4098,.T.);
#1831=ORIENTED_EDGE('',*,*,#4099,.T.);
#1832=ORIENTED_EDGE('',*,*,#4072,.F.);
#1833=ORIENTED_EDGE('',*,*,#4095,.T.);
#1834=ORIENTED_EDGE('',*,*,#4100,.T.);
#1835=ORIENTED_EDGE('',*,*,#4101,.F.);
#1836=ORIENTED_EDGE('',*,*,#4102,.F.);
#1837=ORIENTED_EDGE('',*,*,#4103,.T.);
#1838=ORIENTED_EDGE('',*,*,#4104,.T.);
#1839=ORIENTED_EDGE('',*,*,#4105,.T.);
#1840=ORIENTED_EDGE('',*,*,#4106,.F.);
#1841=ORIENTED_EDGE('',*,*,#4107,.F.);
#1842=ORIENTED_EDGE('',*,*,#4108,.T.);
#1843=ORIENTED_EDGE('',*,*,#4101,.T.);
#1844=ORIENTED_EDGE('',*,*,#4109,.T.);
#1845=ORIENTED_EDGE('',*,*,#4086,.F.);
#1846=ORIENTED_EDGE('',*,*,#4110,.T.);
#1847=ORIENTED_EDGE('',*,*,#4111,.F.);
#1848=ORIENTED_EDGE('',*,*,#4108,.F.);
#1849=ORIENTED_EDGE('',*,*,#4075,.T.);
#1850=ORIENTED_EDGE('',*,*,#4112,.T.);
#1851=ORIENTED_EDGE('',*,*,#4102,.T.);
#1852=ORIENTED_EDGE('',*,*,#4110,.F.);
#1853=ORIENTED_EDGE('',*,*,#4093,.F.);
#1854=ORIENTED_EDGE('',*,*,#4113,.T.);
#1855=ORIENTED_EDGE('',*,*,#4083,.T.);
#1856=ORIENTED_EDGE('',*,*,#4078,.T.);
#1857=ORIENTED_EDGE('',*,*,#4082,.T.);
#1858=ORIENTED_EDGE('',*,*,#4114,.T.);
#1859=ORIENTED_EDGE('',*,*,#4089,.F.);
#1860=ORIENTED_EDGE('',*,*,#4096,.T.);
#1861=ORIENTED_EDGE('',*,*,#4106,.T.);
#1862=ORIENTED_EDGE('',*,*,#4115,.T.);
#1863=ORIENTED_EDGE('',*,*,#4097,.T.);
#1864=ORIENTED_EDGE('',*,*,#4071,.T.);
#1865=ORIENTED_EDGE('',*,*,#4116,.T.);
#1866=ORIENTED_EDGE('',*,*,#4117,.T.);
#1867=ORIENTED_EDGE('',*,*,#4118,.T.);
#1868=ORIENTED_EDGE('',*,*,#4119,.T.);
#1869=ORIENTED_EDGE('',*,*,#4107,.T.);
#1870=ORIENTED_EDGE('',*,*,#4111,.T.);
#1871=ORIENTED_EDGE('',*,*,#4120,.F.);
#1872=ORIENTED_EDGE('',*,*,#4120,.T.);
#1873=ORIENTED_EDGE('',*,*,#4076,.T.);
#1874=ORIENTED_EDGE('',*,*,#4085,.F.);
#1875=ORIENTED_EDGE('',*,*,#4121,.T.);
#1876=ORIENTED_EDGE('',*,*,#4091,.F.);
#1877=ORIENTED_EDGE('',*,*,#4122,.T.);
#1878=ORIENTED_EDGE('',*,*,#4080,.T.);
#1879=ORIENTED_EDGE('',*,*,#4114,.F.);
#1880=ORIENTED_EDGE('',*,*,#4081,.F.);
#1881=ORIENTED_EDGE('',*,*,#4122,.F.);
#1882=ORIENTED_EDGE('',*,*,#4090,.F.);
#1883=ORIENTED_EDGE('',*,*,#4113,.F.);
#1884=ORIENTED_EDGE('',*,*,#4092,.F.);
#1885=ORIENTED_EDGE('',*,*,#4121,.F.);
#1886=ORIENTED_EDGE('',*,*,#4084,.F.);
#1887=ORIENTED_EDGE('',*,*,#4069,.T.);
#1888=ORIENTED_EDGE('',*,*,#4099,.F.);
#1889=ORIENTED_EDGE('',*,*,#4123,.T.);
#1890=ORIENTED_EDGE('',*,*,#4104,.F.);
#1891=ORIENTED_EDGE('',*,*,#4124,.T.);
#1892=ORIENTED_EDGE('',*,*,#4073,.T.);
#1893=ORIENTED_EDGE('',*,*,#4112,.F.);
#1894=ORIENTED_EDGE('',*,*,#4074,.F.);
#1895=ORIENTED_EDGE('',*,*,#4124,.F.);
#1896=ORIENTED_EDGE('',*,*,#4103,.F.);
#1897=ORIENTED_EDGE('',*,*,#4115,.F.);
#1898=ORIENTED_EDGE('',*,*,#4105,.F.);
#1899=ORIENTED_EDGE('',*,*,#4123,.F.);
#1900=ORIENTED_EDGE('',*,*,#4098,.F.);
#1901=ORIENTED_EDGE('',*,*,#4125,.F.);
#1902=ORIENTED_EDGE('',*,*,#4119,.F.);
#1903=ORIENTED_EDGE('',*,*,#4126,.F.);
#1904=ORIENTED_EDGE('',*,*,#4087,.F.);
#1905=ORIENTED_EDGE('',*,*,#4126,.T.);
#1906=ORIENTED_EDGE('',*,*,#4118,.F.);
#1907=ORIENTED_EDGE('',*,*,#4127,.F.);
#1908=ORIENTED_EDGE('',*,*,#4094,.F.);
#1909=ORIENTED_EDGE('',*,*,#4125,.T.);
#1910=ORIENTED_EDGE('',*,*,#4109,.F.);
#1911=ORIENTED_EDGE('',*,*,#4128,.F.);
#1912=ORIENTED_EDGE('',*,*,#4116,.F.);
#1913=ORIENTED_EDGE('',*,*,#4127,.T.);
#1914=ORIENTED_EDGE('',*,*,#4117,.F.);
#1915=ORIENTED_EDGE('',*,*,#4128,.T.);
#1916=ORIENTED_EDGE('',*,*,#4100,.F.);
#1917=ORIENTED_EDGE('',*,*,#4129,.T.);
#1918=ORIENTED_EDGE('',*,*,#4130,.T.);
#1919=ORIENTED_EDGE('',*,*,#4131,.T.);
#1920=ORIENTED_EDGE('',*,*,#4132,.T.);
#1921=ORIENTED_EDGE('',*,*,#4133,.T.);
#1922=ORIENTED_EDGE('',*,*,#4134,.T.);
#1923=ORIENTED_EDGE('',*,*,#4135,.T.);
#1924=ORIENTED_EDGE('',*,*,#4136,.T.);
#1925=ORIENTED_EDGE('',*,*,#4137,.T.);
#1926=ORIENTED_EDGE('',*,*,#4138,.T.);
#1927=ORIENTED_EDGE('',*,*,#4139,.T.);
#1928=ORIENTED_EDGE('',*,*,#4140,.T.);
#1929=ORIENTED_EDGE('',*,*,#4141,.T.);
#1930=ORIENTED_EDGE('',*,*,#4142,.F.);
#1931=ORIENTED_EDGE('',*,*,#4143,.T.);
#1932=ORIENTED_EDGE('',*,*,#4142,.T.);
#1933=ORIENTED_EDGE('',*,*,#4144,.F.);
#1934=ORIENTED_EDGE('',*,*,#4145,.F.);
#1935=ORIENTED_EDGE('',*,*,#4146,.T.);
#1936=ORIENTED_EDGE('',*,*,#4147,.F.);
#1937=ORIENTED_EDGE('',*,*,#4148,.T.);
#1938=ORIENTED_EDGE('',*,*,#4149,.T.);
#1939=ORIENTED_EDGE('',*,*,#4150,.T.);
#1940=ORIENTED_EDGE('',*,*,#4151,.F.);
#1941=ORIENTED_EDGE('',*,*,#4132,.F.);
#1942=ORIENTED_EDGE('',*,*,#4152,.T.);
#1943=ORIENTED_EDGE('',*,*,#4153,.T.);
#1944=ORIENTED_EDGE('',*,*,#4154,.F.);
#1945=ORIENTED_EDGE('',*,*,#4143,.F.);
#1946=ORIENTED_EDGE('',*,*,#4155,.F.);
#1947=ORIENTED_EDGE('',*,*,#4148,.F.);
#1948=ORIENTED_EDGE('',*,*,#4156,.F.);
#1949=ORIENTED_EDGE('',*,*,#4157,.T.);
#1950=ORIENTED_EDGE('',*,*,#4158,.F.);
#1951=ORIENTED_EDGE('',*,*,#4159,.F.);
#1952=ORIENTED_EDGE('',*,*,#4137,.F.);
#1953=ORIENTED_EDGE('',*,*,#4158,.T.);
#1954=ORIENTED_EDGE('',*,*,#4160,.T.);
#1955=ORIENTED_EDGE('',*,*,#4161,.T.);
#1956=ORIENTED_EDGE('',*,*,#4162,.F.);
#1957=ORIENTED_EDGE('',*,*,#4163,.T.);
#1958=ORIENTED_EDGE('',*,*,#4164,.F.);
#1959=ORIENTED_EDGE('',*,*,#4159,.T.);
#1960=ORIENTED_EDGE('',*,*,#4164,.T.);
#1961=ORIENTED_EDGE('',*,*,#4165,.F.);
#1962=ORIENTED_EDGE('',*,*,#4138,.F.);
#1963=ORIENTED_EDGE('',*,*,#4154,.T.);
#1964=ORIENTED_EDGE('',*,*,#4166,.F.);
#1965=ORIENTED_EDGE('',*,*,#4167,.F.);
#1966=ORIENTED_EDGE('',*,*,#4156,.T.);
#1967=ORIENTED_EDGE('',*,*,#4168,.T.);
#1968=ORIENTED_EDGE('',*,*,#4146,.F.);
#1969=ORIENTED_EDGE('',*,*,#4169,.F.);
#1970=ORIENTED_EDGE('',*,*,#4150,.F.);
#1971=ORIENTED_EDGE('',*,*,#4163,.F.);
#1972=ORIENTED_EDGE('',*,*,#4170,.F.);
#1973=ORIENTED_EDGE('',*,*,#4171,.F.);
#1974=ORIENTED_EDGE('',*,*,#4172,.T.);
#1975=ORIENTED_EDGE('',*,*,#4173,.F.);
#1976=ORIENTED_EDGE('',*,*,#4174,.F.);
#1977=ORIENTED_EDGE('',*,*,#4139,.F.);
#1978=ORIENTED_EDGE('',*,*,#4165,.T.);
#1979=ORIENTED_EDGE('',*,*,#4175,.T.);
#1980=ORIENTED_EDGE('',*,*,#4140,.F.);
#1981=ORIENTED_EDGE('',*,*,#4174,.T.);
#1982=ORIENTED_EDGE('',*,*,#4176,.F.);
#1983=ORIENTED_EDGE('',*,*,#4167,.T.);
#1984=ORIENTED_EDGE('',*,*,#4177,.T.);
#1985=ORIENTED_EDGE('',*,*,#4178,.F.);
#1986=ORIENTED_EDGE('',*,*,#4179,.T.);
#1987=ORIENTED_EDGE('',*,*,#4160,.F.);
#1988=ORIENTED_EDGE('',*,*,#4157,.F.);
#1989=ORIENTED_EDGE('',*,*,#4170,.T.);
#1990=ORIENTED_EDGE('',*,*,#4162,.T.);
#1991=ORIENTED_EDGE('',*,*,#4180,.T.);
#1992=ORIENTED_EDGE('',*,*,#4181,.F.);
#1993=ORIENTED_EDGE('',*,*,#4147,.T.);
#1994=ORIENTED_EDGE('',*,*,#4168,.F.);
#1995=ORIENTED_EDGE('',*,*,#4149,.F.);
#1996=ORIENTED_EDGE('',*,*,#4155,.T.);
#1997=ORIENTED_EDGE('',*,*,#4182,.T.);
#1998=ORIENTED_EDGE('',*,*,#4136,.F.);
#1999=ORIENTED_EDGE('',*,*,#4183,.F.);
#2000=ORIENTED_EDGE('',*,*,#4172,.F.);
#2001=ORIENTED_EDGE('',*,*,#4153,.F.);
#2002=ORIENTED_EDGE('',*,*,#4184,.F.);
#2003=ORIENTED_EDGE('',*,*,#4177,.F.);
#2004=ORIENTED_EDGE('',*,*,#4166,.T.);
#2005=ORIENTED_EDGE('',*,*,#4179,.F.);
#2006=ORIENTED_EDGE('',*,*,#4185,.F.);
#2007=ORIENTED_EDGE('',*,*,#4130,.F.);
#2008=ORIENTED_EDGE('',*,*,#4186,.F.);
#2009=ORIENTED_EDGE('',*,*,#4144,.T.);
#2010=ORIENTED_EDGE('',*,*,#4141,.F.);
#2011=ORIENTED_EDGE('',*,*,#4175,.F.);
#2012=ORIENTED_EDGE('',*,*,#4187,.F.);
#2013=ORIENTED_EDGE('',*,*,#4134,.F.);
#2014=ORIENTED_EDGE('',*,*,#4188,.F.);
#2015=ORIENTED_EDGE('',*,*,#4180,.F.);
#2016=ORIENTED_EDGE('',*,*,#4161,.F.);
#2017=ORIENTED_EDGE('',*,*,#4185,.T.);
#2018=ORIENTED_EDGE('',*,*,#4178,.T.);
#2019=ORIENTED_EDGE('',*,*,#4184,.T.);
#2020=ORIENTED_EDGE('',*,*,#4152,.F.);
#2021=ORIENTED_EDGE('',*,*,#4131,.F.);
#2022=ORIENTED_EDGE('',*,*,#4182,.F.);
#2023=ORIENTED_EDGE('',*,*,#4171,.T.);
#2024=ORIENTED_EDGE('',*,*,#4181,.T.);
#2025=ORIENTED_EDGE('',*,*,#4188,.T.);
#2026=ORIENTED_EDGE('',*,*,#4133,.F.);
#2027=ORIENTED_EDGE('',*,*,#4187,.T.);
#2028=ORIENTED_EDGE('',*,*,#4176,.T.);
#2029=ORIENTED_EDGE('',*,*,#4173,.T.);
#2030=ORIENTED_EDGE('',*,*,#4183,.T.);
#2031=ORIENTED_EDGE('',*,*,#4135,.F.);
#2032=ORIENTED_EDGE('',*,*,#4151,.T.);
#2033=ORIENTED_EDGE('',*,*,#4169,.T.);
#2034=ORIENTED_EDGE('',*,*,#4145,.T.);
#2035=ORIENTED_EDGE('',*,*,#4186,.T.);
#2036=ORIENTED_EDGE('',*,*,#4129,.F.);
#2037=ORIENTED_EDGE('',*,*,#4189,.F.);
#2038=ORIENTED_EDGE('',*,*,#4190,.F.);
#2039=ORIENTED_EDGE('',*,*,#4191,.F.);
#2040=ORIENTED_EDGE('',*,*,#4192,.F.);
#2041=ORIENTED_EDGE('',*,*,#4189,.T.);
#2042=ORIENTED_EDGE('',*,*,#4191,.T.);
#2043=ORIENTED_EDGE('',*,*,#4192,.T.);
#2044=ORIENTED_EDGE('',*,*,#4190,.T.);
#2045=ORIENTED_EDGE('',*,*,#4193,.F.);
#2046=ORIENTED_EDGE('',*,*,#4194,.F.);
#2047=ORIENTED_EDGE('',*,*,#4195,.F.);
#2048=ORIENTED_EDGE('',*,*,#4196,.F.);
#2049=ORIENTED_EDGE('',*,*,#4193,.T.);
#2050=ORIENTED_EDGE('',*,*,#4195,.T.);
#2051=ORIENTED_EDGE('',*,*,#4196,.T.);
#2052=ORIENTED_EDGE('',*,*,#4194,.T.);
#2053=ORIENTED_EDGE('',*,*,#4197,.T.);
#2054=ORIENTED_EDGE('',*,*,#4198,.T.);
#2055=ORIENTED_EDGE('',*,*,#4199,.T.);
#2056=ORIENTED_EDGE('',*,*,#4200,.T.);
#2057=ORIENTED_EDGE('',*,*,#4197,.F.);
#2058=ORIENTED_EDGE('',*,*,#4199,.F.);
#2059=ORIENTED_EDGE('',*,*,#4200,.F.);
#2060=ORIENTED_EDGE('',*,*,#4198,.F.);
#2061=ORIENTED_EDGE('',*,*,#4201,.F.);
#2062=ORIENTED_EDGE('',*,*,#4202,.F.);
#2063=ORIENTED_EDGE('',*,*,#4203,.T.);
#2064=ORIENTED_EDGE('',*,*,#4204,.T.);
#2065=ORIENTED_EDGE('',*,*,#4205,.T.);
#2066=ORIENTED_EDGE('',*,*,#4206,.F.);
#2067=ORIENTED_EDGE('',*,*,#4207,.F.);
#2068=ORIENTED_EDGE('',*,*,#4202,.T.);
#2069=ORIENTED_EDGE('',*,*,#4208,.T.);
#2070=ORIENTED_EDGE('',*,*,#4209,.F.);
#2071=ORIENTED_EDGE('',*,*,#4210,.F.);
#2072=ORIENTED_EDGE('',*,*,#4206,.T.);
#2073=ORIENTED_EDGE('',*,*,#4211,.F.);
#2074=ORIENTED_EDGE('',*,*,#4204,.F.);
#2075=ORIENTED_EDGE('',*,*,#4212,.T.);
#2076=ORIENTED_EDGE('',*,*,#4209,.T.);
#2077=ORIENTED_EDGE('',*,*,#4213,.F.);
#2078=ORIENTED_EDGE('',*,*,#4203,.F.);
#2079=ORIENTED_EDGE('',*,*,#4207,.T.);
#2080=ORIENTED_EDGE('',*,*,#4210,.T.);
#2081=ORIENTED_EDGE('',*,*,#4212,.F.);
#2082=ORIENTED_EDGE('',*,*,#4201,.T.);
#2083=ORIENTED_EDGE('',*,*,#4211,.T.);
#2084=ORIENTED_EDGE('',*,*,#4208,.F.);
#2085=ORIENTED_EDGE('',*,*,#4205,.F.);
#2086=ORIENTED_EDGE('',*,*,#4214,.F.);
#2087=ORIENTED_EDGE('',*,*,#4213,.T.);
#2088=ORIENTED_EDGE('',*,*,#4214,.T.);
#2089=ORIENTED_EDGE('',*,*,#4215,.T.);
#2090=ORIENTED_EDGE('',*,*,#4216,.F.);
#2091=ORIENTED_EDGE('',*,*,#4217,.F.);
#2092=ORIENTED_EDGE('',*,*,#4218,.T.);
#2093=ORIENTED_EDGE('',*,*,#4219,.F.);
#2094=ORIENTED_EDGE('',*,*,#4218,.F.);
#2095=ORIENTED_EDGE('',*,*,#4220,.T.);
#2096=ORIENTED_EDGE('',*,*,#4221,.T.);
#2097=ORIENTED_EDGE('',*,*,#4222,.F.);
#2098=ORIENTED_EDGE('',*,*,#4221,.F.);
#2099=ORIENTED_EDGE('',*,*,#4223,.T.);
#2100=ORIENTED_EDGE('',*,*,#4224,.T.);
#2101=ORIENTED_EDGE('',*,*,#4225,.T.);
#2102=ORIENTED_EDGE('',*,*,#4224,.F.);
#2103=ORIENTED_EDGE('',*,*,#4226,.F.);
#2104=ORIENTED_EDGE('',*,*,#4216,.T.);
#2105=ORIENTED_EDGE('',*,*,#4227,.T.);
#2106=ORIENTED_EDGE('',*,*,#4217,.T.);
#2107=ORIENTED_EDGE('',*,*,#4226,.T.);
#2108=ORIENTED_EDGE('',*,*,#4223,.F.);
#2109=ORIENTED_EDGE('',*,*,#4220,.F.);
#2110=ORIENTED_EDGE('',*,*,#4215,.F.);
#2111=ORIENTED_EDGE('',*,*,#4219,.T.);
#2112=ORIENTED_EDGE('',*,*,#4222,.T.);
#2113=ORIENTED_EDGE('',*,*,#4225,.F.);
#2114=ORIENTED_EDGE('',*,*,#4228,.T.);
#2115=ORIENTED_EDGE('',*,*,#4227,.F.);
#2116=ORIENTED_EDGE('',*,*,#4228,.F.);
#2117=ORIENTED_EDGE('',*,*,#4229,.T.);
#2118=ORIENTED_EDGE('',*,*,#4230,.T.);
#2119=ORIENTED_EDGE('',*,*,#4231,.T.);
#2120=ORIENTED_EDGE('',*,*,#4232,.F.);
#2121=ORIENTED_EDGE('',*,*,#4233,.T.);
#2122=ORIENTED_EDGE('',*,*,#4234,.T.);
#2123=ORIENTED_EDGE('',*,*,#4235,.T.);
#2124=ORIENTED_EDGE('',*,*,#4236,.F.);
#2125=ORIENTED_EDGE('',*,*,#4237,.T.);
#2126=ORIENTED_EDGE('',*,*,#4238,.T.);
#2127=ORIENTED_EDGE('',*,*,#4239,.T.);
#2128=ORIENTED_EDGE('',*,*,#4240,.F.);
#2129=ORIENTED_EDGE('',*,*,#4241,.T.);
#2130=ORIENTED_EDGE('',*,*,#4242,.T.);
#2131=ORIENTED_EDGE('',*,*,#4243,.T.);
#2132=ORIENTED_EDGE('',*,*,#4244,.F.);
#2133=ORIENTED_EDGE('',*,*,#4245,.T.);
#2134=ORIENTED_EDGE('',*,*,#4234,.F.);
#2135=ORIENTED_EDGE('',*,*,#4246,.T.);
#2136=ORIENTED_EDGE('',*,*,#4247,.F.);
#2137=ORIENTED_EDGE('',*,*,#4248,.T.);
#2138=ORIENTED_EDGE('',*,*,#4249,.T.);
#2139=ORIENTED_EDGE('',*,*,#4250,.T.);
#2140=ORIENTED_EDGE('',*,*,#4251,.T.);
#2141=ORIENTED_EDGE('',*,*,#4252,.T.);
#2142=ORIENTED_EDGE('',*,*,#4238,.F.);
#2143=ORIENTED_EDGE('',*,*,#4253,.T.);
#2144=ORIENTED_EDGE('',*,*,#4254,.F.);
#2145=ORIENTED_EDGE('',*,*,#4255,.T.);
#2146=ORIENTED_EDGE('',*,*,#4256,.T.);
#2147=ORIENTED_EDGE('',*,*,#4257,.T.);
#2148=ORIENTED_EDGE('',*,*,#4258,.T.);
#2149=ORIENTED_EDGE('',*,*,#4259,.T.);
#2150=ORIENTED_EDGE('',*,*,#4242,.F.);
#2151=ORIENTED_EDGE('',*,*,#4260,.T.);
#2152=ORIENTED_EDGE('',*,*,#4261,.F.);
#2153=ORIENTED_EDGE('',*,*,#4262,.T.);
#2154=ORIENTED_EDGE('',*,*,#4263,.T.);
#2155=ORIENTED_EDGE('',*,*,#4264,.T.);
#2156=ORIENTED_EDGE('',*,*,#4265,.T.);
#2157=ORIENTED_EDGE('',*,*,#4266,.T.);
#2158=ORIENTED_EDGE('',*,*,#4267,.F.);
#2159=ORIENTED_EDGE('',*,*,#4268,.T.);
#2160=ORIENTED_EDGE('',*,*,#4269,.F.);
#2161=ORIENTED_EDGE('',*,*,#4270,.T.);
#2162=ORIENTED_EDGE('',*,*,#4271,.T.);
#2163=ORIENTED_EDGE('',*,*,#4272,.T.);
#2164=ORIENTED_EDGE('',*,*,#4273,.T.);
#2165=ORIENTED_EDGE('',*,*,#4274,.T.);
#2166=ORIENTED_EDGE('',*,*,#4275,.T.);
#2167=ORIENTED_EDGE('',*,*,#4230,.F.);
#2168=ORIENTED_EDGE('',*,*,#4276,.T.);
#2169=ORIENTED_EDGE('',*,*,#4277,.F.);
#2170=ORIENTED_EDGE('',*,*,#4278,.T.);
#2171=ORIENTED_EDGE('',*,*,#4279,.T.);
#2172=ORIENTED_EDGE('',*,*,#4280,.T.);
#2173=ORIENTED_EDGE('',*,*,#4281,.T.);
#2174=ORIENTED_EDGE('',*,*,#4282,.F.);
#2175=ORIENTED_EDGE('',*,*,#4283,.T.);
#2176=ORIENTED_EDGE('',*,*,#4284,.T.);
#2177=ORIENTED_EDGE('',*,*,#4267,.T.);
#2178=ORIENTED_EDGE('',*,*,#4285,.T.);
#2179=ORIENTED_EDGE('',*,*,#4286,.T.);
#2180=ORIENTED_EDGE('',*,*,#4287,.T.);
#2181=ORIENTED_EDGE('',*,*,#4288,.F.);
#2182=ORIENTED_EDGE('',*,*,#4289,.F.);
#2183=ORIENTED_EDGE('',*,*,#4290,.T.);
#2184=ORIENTED_EDGE('',*,*,#4291,.F.);
#2185=ORIENTED_EDGE('',*,*,#4292,.F.);
#2186=ORIENTED_EDGE('',*,*,#4293,.T.);
#2187=ORIENTED_EDGE('',*,*,#4288,.T.);
#2188=ORIENTED_EDGE('',*,*,#4294,.F.);
#2189=ORIENTED_EDGE('',*,*,#4295,.F.);
#2190=ORIENTED_EDGE('',*,*,#4296,.T.);
#2191=ORIENTED_EDGE('',*,*,#4292,.T.);
#2192=ORIENTED_EDGE('',*,*,#4297,.F.);
#2193=ORIENTED_EDGE('',*,*,#4290,.F.);
#2194=ORIENTED_EDGE('',*,*,#4298,.T.);
#2195=ORIENTED_EDGE('',*,*,#4295,.T.);
#2196=ORIENTED_EDGE('',*,*,#4289,.T.);
#2197=ORIENTED_EDGE('',*,*,#4293,.F.);
#2198=ORIENTED_EDGE('',*,*,#4296,.F.);
#2199=ORIENTED_EDGE('',*,*,#4298,.F.);
#2200=ORIENTED_EDGE('',*,*,#4282,.T.);
#2201=ORIENTED_EDGE('',*,*,#4287,.F.);
#2202=ORIENTED_EDGE('',*,*,#4297,.T.);
#2203=ORIENTED_EDGE('',*,*,#4294,.T.);
#2204=ORIENTED_EDGE('',*,*,#4291,.T.);
#2205=ORIENTED_EDGE('',*,*,#4247,.T.);
#2206=ORIENTED_EDGE('',*,*,#4299,.T.);
#2207=ORIENTED_EDGE('',*,*,#4300,.F.);
#2208=ORIENTED_EDGE('',*,*,#4301,.T.);
#2209=ORIENTED_EDGE('',*,*,#4251,.F.);
#2210=ORIENTED_EDGE('',*,*,#4302,.T.);
#2211=ORIENTED_EDGE('',*,*,#4303,.T.);
#2212=ORIENTED_EDGE('',*,*,#4304,.T.);
#2213=ORIENTED_EDGE('',*,*,#4305,.T.);
#2214=ORIENTED_EDGE('',*,*,#4306,.T.);
#2215=ORIENTED_EDGE('',*,*,#4249,.F.);
#2216=ORIENTED_EDGE('',*,*,#4307,.T.);
#2217=ORIENTED_EDGE('',*,*,#4250,.F.);
#2218=ORIENTED_EDGE('',*,*,#4306,.F.);
#2219=ORIENTED_EDGE('',*,*,#4308,.F.);
#2220=ORIENTED_EDGE('',*,*,#4302,.F.);
#2221=ORIENTED_EDGE('',*,*,#4252,.F.);
#2222=ORIENTED_EDGE('',*,*,#4304,.F.);
#2223=ORIENTED_EDGE('',*,*,#4309,.F.);
#2224=ORIENTED_EDGE('',*,*,#4235,.F.);
#2225=ORIENTED_EDGE('',*,*,#4246,.F.);
#2226=ORIENTED_EDGE('',*,*,#4233,.F.);
#2227=ORIENTED_EDGE('',*,*,#4310,.F.);
#2228=ORIENTED_EDGE('',*,*,#4299,.F.);
#2229=ORIENTED_EDGE('',*,*,#4248,.F.);
#2230=ORIENTED_EDGE('',*,*,#4301,.F.);
#2231=ORIENTED_EDGE('',*,*,#4311,.F.);
#2232=ORIENTED_EDGE('',*,*,#4307,.F.);
#2233=ORIENTED_EDGE('',*,*,#4303,.F.);
#2234=ORIENTED_EDGE('',*,*,#4308,.T.);
#2235=ORIENTED_EDGE('',*,*,#4312,.T.);
#2236=ORIENTED_EDGE('',*,*,#4313,.T.);
#2237=ORIENTED_EDGE('',*,*,#4314,.T.);
#2238=ORIENTED_EDGE('',*,*,#4315,.T.);
#2239=ORIENTED_EDGE('',*,*,#4316,.T.);
#2240=ORIENTED_EDGE('',*,*,#4309,.T.);
#2241=ORIENTED_EDGE('',*,*,#4300,.T.);
#2242=ORIENTED_EDGE('',*,*,#4310,.T.);
#2243=ORIENTED_EDGE('',*,*,#4317,.T.);
#2244=ORIENTED_EDGE('',*,*,#4318,.T.);
#2245=ORIENTED_EDGE('',*,*,#4319,.F.);
#2246=ORIENTED_EDGE('',*,*,#4320,.T.);
#2247=ORIENTED_EDGE('',*,*,#4321,.T.);
#2248=ORIENTED_EDGE('',*,*,#4311,.T.);
#2249=ORIENTED_EDGE('',*,*,#4277,.T.);
#2250=ORIENTED_EDGE('',*,*,#4322,.T.);
#2251=ORIENTED_EDGE('',*,*,#4323,.F.);
#2252=ORIENTED_EDGE('',*,*,#4324,.T.);
#2253=ORIENTED_EDGE('',*,*,#4281,.F.);
#2254=ORIENTED_EDGE('',*,*,#4325,.T.);
#2255=ORIENTED_EDGE('',*,*,#4319,.T.);
#2256=ORIENTED_EDGE('',*,*,#4326,.T.);
#2257=ORIENTED_EDGE('',*,*,#4327,.T.);
#2258=ORIENTED_EDGE('',*,*,#4328,.T.);
#2259=ORIENTED_EDGE('',*,*,#4279,.F.);
#2260=ORIENTED_EDGE('',*,*,#4329,.T.);
#2261=ORIENTED_EDGE('',*,*,#4280,.F.);
#2262=ORIENTED_EDGE('',*,*,#4328,.F.);
#2263=ORIENTED_EDGE('',*,*,#4320,.F.);
#2264=ORIENTED_EDGE('',*,*,#4325,.F.);
#2265=ORIENTED_EDGE('',*,*,#4275,.F.);
#2266=ORIENTED_EDGE('',*,*,#4326,.F.);
#2267=ORIENTED_EDGE('',*,*,#4318,.F.);
#2268=ORIENTED_EDGE('',*,*,#4231,.F.);
#2269=ORIENTED_EDGE('',*,*,#4276,.F.);
#2270=ORIENTED_EDGE('',*,*,#4229,.F.);
#2271=ORIENTED_EDGE('',*,*,#4330,.F.);
#2272=ORIENTED_EDGE('',*,*,#4322,.F.);
#2273=ORIENTED_EDGE('',*,*,#4278,.F.);
#2274=ORIENTED_EDGE('',*,*,#4324,.F.);
#2275=ORIENTED_EDGE('',*,*,#4331,.F.);
#2276=ORIENTED_EDGE('',*,*,#4329,.F.);
#2277=ORIENTED_EDGE('',*,*,#4323,.T.);
#2278=ORIENTED_EDGE('',*,*,#4330,.T.);
#2279=ORIENTED_EDGE('',*,*,#4332,.T.);
#2280=ORIENTED_EDGE('',*,*,#4333,.T.);
#2281=ORIENTED_EDGE('',*,*,#4334,.F.);
#2282=ORIENTED_EDGE('',*,*,#4335,.T.);
#2283=ORIENTED_EDGE('',*,*,#4336,.T.);
#2284=ORIENTED_EDGE('',*,*,#4331,.T.);
#2285=ORIENTED_EDGE('',*,*,#4314,.F.);
#2286=ORIENTED_EDGE('',*,*,#4337,.T.);
#2287=ORIENTED_EDGE('',*,*,#4254,.T.);
#2288=ORIENTED_EDGE('',*,*,#4338,.T.);
#2289=ORIENTED_EDGE('',*,*,#4258,.F.);
#2290=ORIENTED_EDGE('',*,*,#4339,.T.);
#2291=ORIENTED_EDGE('',*,*,#4340,.T.);
#2292=ORIENTED_EDGE('',*,*,#4341,.T.);
#2293=ORIENTED_EDGE('',*,*,#4256,.F.);
#2294=ORIENTED_EDGE('',*,*,#4342,.T.);
#2295=ORIENTED_EDGE('',*,*,#4343,.T.);
#2296=ORIENTED_EDGE('',*,*,#4344,.T.);
#2297=ORIENTED_EDGE('',*,*,#4255,.F.);
#2298=ORIENTED_EDGE('',*,*,#4337,.F.);
#2299=ORIENTED_EDGE('',*,*,#4313,.F.);
#2300=ORIENTED_EDGE('',*,*,#4342,.F.);
#2301=ORIENTED_EDGE('',*,*,#4257,.F.);
#2302=ORIENTED_EDGE('',*,*,#4344,.F.);
#2303=ORIENTED_EDGE('',*,*,#4345,.F.);
#2304=ORIENTED_EDGE('',*,*,#4339,.F.);
#2305=ORIENTED_EDGE('',*,*,#4259,.F.);
#2306=ORIENTED_EDGE('',*,*,#4341,.F.);
#2307=ORIENTED_EDGE('',*,*,#4346,.F.);
#2308=ORIENTED_EDGE('',*,*,#4239,.F.);
#2309=ORIENTED_EDGE('',*,*,#4253,.F.);
#2310=ORIENTED_EDGE('',*,*,#4237,.F.);
#2311=ORIENTED_EDGE('',*,*,#4315,.F.);
#2312=ORIENTED_EDGE('',*,*,#4338,.F.);
#2313=ORIENTED_EDGE('',*,*,#4340,.F.);
#2314=ORIENTED_EDGE('',*,*,#4345,.T.);
#2315=ORIENTED_EDGE('',*,*,#4347,.T.);
#2316=ORIENTED_EDGE('',*,*,#4348,.T.);
#2317=ORIENTED_EDGE('',*,*,#4349,.T.);
#2318=ORIENTED_EDGE('',*,*,#4346,.T.);
#2319=ORIENTED_EDGE('',*,*,#4261,.T.);
#2320=ORIENTED_EDGE('',*,*,#4350,.T.);
#2321=ORIENTED_EDGE('',*,*,#4351,.T.);
#2322=ORIENTED_EDGE('',*,*,#4352,.T.);
#2323=ORIENTED_EDGE('',*,*,#4353,.T.);
#2324=ORIENTED_EDGE('',*,*,#4354,.T.);
#2325=ORIENTED_EDGE('',*,*,#4265,.F.);
#2326=ORIENTED_EDGE('',*,*,#4355,.T.);
#2327=ORIENTED_EDGE('',*,*,#4356,.T.);
#2328=ORIENTED_EDGE('',*,*,#4357,.T.);
#2329=ORIENTED_EDGE('',*,*,#4263,.F.);
#2330=ORIENTED_EDGE('',*,*,#4358,.T.);
#2331=ORIENTED_EDGE('',*,*,#4359,.T.);
#2332=ORIENTED_EDGE('',*,*,#4262,.F.);
#2333=ORIENTED_EDGE('',*,*,#4352,.F.);
#2334=ORIENTED_EDGE('',*,*,#4360,.F.);
#2335=ORIENTED_EDGE('',*,*,#4358,.F.);
#2336=ORIENTED_EDGE('',*,*,#4260,.F.);
#2337=ORIENTED_EDGE('',*,*,#4241,.F.);
#2338=ORIENTED_EDGE('',*,*,#4361,.F.);
#2339=ORIENTED_EDGE('',*,*,#4350,.F.);
#2340=ORIENTED_EDGE('',*,*,#4360,.T.);
#2341=ORIENTED_EDGE('',*,*,#4351,.F.);
#2342=ORIENTED_EDGE('',*,*,#4361,.T.);
#2343=ORIENTED_EDGE('',*,*,#4245,.F.);
#2344=ORIENTED_EDGE('',*,*,#4348,.F.);
#2345=ORIENTED_EDGE('',*,*,#4359,.F.);
#2346=ORIENTED_EDGE('',*,*,#4266,.F.);
#2347=ORIENTED_EDGE('',*,*,#4354,.F.);
#2348=ORIENTED_EDGE('',*,*,#4362,.F.);
#2349=ORIENTED_EDGE('',*,*,#4243,.F.);
#2350=ORIENTED_EDGE('',*,*,#4264,.F.);
#2351=ORIENTED_EDGE('',*,*,#4357,.F.);
#2352=ORIENTED_EDGE('',*,*,#4363,.F.);
#2353=ORIENTED_EDGE('',*,*,#4355,.F.);
#2354=ORIENTED_EDGE('',*,*,#4364,.T.);
#2355=ORIENTED_EDGE('',*,*,#4362,.T.);
#2356=ORIENTED_EDGE('',*,*,#4353,.F.);
#2357=ORIENTED_EDGE('',*,*,#4363,.T.);
#2358=ORIENTED_EDGE('',*,*,#4365,.T.);
#2359=ORIENTED_EDGE('',*,*,#4366,.T.);
#2360=ORIENTED_EDGE('',*,*,#4367,.T.);
#2361=ORIENTED_EDGE('',*,*,#4368,.T.);
#2362=ORIENTED_EDGE('',*,*,#4367,.F.);
#2363=ORIENTED_EDGE('',*,*,#4369,.T.);
#2364=ORIENTED_EDGE('',*,*,#4269,.T.);
#2365=ORIENTED_EDGE('',*,*,#4370,.T.);
#2366=ORIENTED_EDGE('',*,*,#4273,.F.);
#2367=ORIENTED_EDGE('',*,*,#4371,.T.);
#2368=ORIENTED_EDGE('',*,*,#4334,.T.);
#2369=ORIENTED_EDGE('',*,*,#4372,.T.);
#2370=ORIENTED_EDGE('',*,*,#4271,.F.);
#2371=ORIENTED_EDGE('',*,*,#4373,.T.);
#2372=ORIENTED_EDGE('',*,*,#4374,.T.);
#2373=ORIENTED_EDGE('',*,*,#4375,.T.);
#2374=ORIENTED_EDGE('',*,*,#4270,.F.);
#2375=ORIENTED_EDGE('',*,*,#4369,.F.);
#2376=ORIENTED_EDGE('',*,*,#4366,.F.);
#2377=ORIENTED_EDGE('',*,*,#4373,.F.);
#2378=ORIENTED_EDGE('',*,*,#4272,.F.);
#2379=ORIENTED_EDGE('',*,*,#4375,.F.);
#2380=ORIENTED_EDGE('',*,*,#4335,.F.);
#2381=ORIENTED_EDGE('',*,*,#4371,.F.);
#2382=ORIENTED_EDGE('',*,*,#4274,.F.);
#2383=ORIENTED_EDGE('',*,*,#4372,.F.);
#2384=ORIENTED_EDGE('',*,*,#4333,.F.);
#2385=ORIENTED_EDGE('',*,*,#4285,.F.);
#2386=ORIENTED_EDGE('',*,*,#4268,.F.);
#2387=ORIENTED_EDGE('',*,*,#4284,.F.);
#2388=ORIENTED_EDGE('',*,*,#4368,.F.);
#2389=ORIENTED_EDGE('',*,*,#4370,.F.);
#2390=ORIENTED_EDGE('',*,*,#4376,.T.);
#2391=ORIENTED_EDGE('',*,*,#4377,.T.);
#2392=ORIENTED_EDGE('',*,*,#4286,.F.);
#2393=ORIENTED_EDGE('',*,*,#4332,.F.);
#2394=ORIENTED_EDGE('',*,*,#4232,.T.);
#2395=ORIENTED_EDGE('',*,*,#4317,.F.);
#2396=ORIENTED_EDGE('',*,*,#4236,.T.);
#2397=ORIENTED_EDGE('',*,*,#4316,.F.);
#2398=ORIENTED_EDGE('',*,*,#4240,.T.);
#2399=ORIENTED_EDGE('',*,*,#4349,.F.);
#2400=ORIENTED_EDGE('',*,*,#4244,.T.);
#2401=ORIENTED_EDGE('',*,*,#4364,.F.);
#2402=ORIENTED_EDGE('',*,*,#4376,.F.);
#2403=ORIENTED_EDGE('',*,*,#4377,.F.);
#2404=ORIENTED_EDGE('',*,*,#4374,.F.);
#2405=ORIENTED_EDGE('',*,*,#4365,.F.);
#2406=ORIENTED_EDGE('',*,*,#4356,.F.);
#2407=ORIENTED_EDGE('',*,*,#4347,.F.);
#2408=ORIENTED_EDGE('',*,*,#4343,.F.);
#2409=ORIENTED_EDGE('',*,*,#4312,.F.);
#2410=ORIENTED_EDGE('',*,*,#4305,.F.);
#2411=ORIENTED_EDGE('',*,*,#4321,.F.);
#2412=ORIENTED_EDGE('',*,*,#4327,.F.);
#2413=ORIENTED_EDGE('',*,*,#4336,.F.);
#2414=ORIENTED_EDGE('',*,*,#4283,.F.);
#2415=ORIENTED_EDGE('',*,*,#4378,.T.);
#2416=ORIENTED_EDGE('',*,*,#4379,.T.);
#2417=ORIENTED_EDGE('',*,*,#4380,.T.);
#2418=ORIENTED_EDGE('',*,*,#4381,.T.);
#2419=ORIENTED_EDGE('',*,*,#4378,.F.);
#2420=ORIENTED_EDGE('',*,*,#4380,.F.);
#2421=ORIENTED_EDGE('',*,*,#4381,.F.);
#2422=ORIENTED_EDGE('',*,*,#4379,.F.);
#2423=ORIENTED_EDGE('',*,*,#4382,.T.);
#2424=ORIENTED_EDGE('',*,*,#4383,.T.);
#2425=ORIENTED_EDGE('',*,*,#4384,.T.);
#2426=ORIENTED_EDGE('',*,*,#4385,.F.);
#2427=ORIENTED_EDGE('',*,*,#4386,.T.);
#2428=ORIENTED_EDGE('',*,*,#4387,.T.);
#2429=ORIENTED_EDGE('',*,*,#4388,.T.);
#2430=ORIENTED_EDGE('',*,*,#4389,.F.);
#2431=ORIENTED_EDGE('',*,*,#4390,.T.);
#2432=ORIENTED_EDGE('',*,*,#4391,.T.);
#2433=ORIENTED_EDGE('',*,*,#4392,.T.);
#2434=ORIENTED_EDGE('',*,*,#4393,.F.);
#2435=ORIENTED_EDGE('',*,*,#4394,.T.);
#2436=ORIENTED_EDGE('',*,*,#4395,.T.);
#2437=ORIENTED_EDGE('',*,*,#4396,.T.);
#2438=ORIENTED_EDGE('',*,*,#4397,.F.);
#2439=ORIENTED_EDGE('',*,*,#4398,.T.);
#2440=ORIENTED_EDGE('',*,*,#4387,.F.);
#2441=ORIENTED_EDGE('',*,*,#4399,.T.);
#2442=ORIENTED_EDGE('',*,*,#4400,.F.);
#2443=ORIENTED_EDGE('',*,*,#4401,.T.);
#2444=ORIENTED_EDGE('',*,*,#4402,.T.);
#2445=ORIENTED_EDGE('',*,*,#4403,.T.);
#2446=ORIENTED_EDGE('',*,*,#4404,.T.);
#2447=ORIENTED_EDGE('',*,*,#4405,.T.);
#2448=ORIENTED_EDGE('',*,*,#4391,.F.);
#2449=ORIENTED_EDGE('',*,*,#4406,.T.);
#2450=ORIENTED_EDGE('',*,*,#4407,.F.);
#2451=ORIENTED_EDGE('',*,*,#4408,.T.);
#2452=ORIENTED_EDGE('',*,*,#4409,.T.);
#2453=ORIENTED_EDGE('',*,*,#4410,.T.);
#2454=ORIENTED_EDGE('',*,*,#4411,.T.);
#2455=ORIENTED_EDGE('',*,*,#4412,.T.);
#2456=ORIENTED_EDGE('',*,*,#4395,.F.);
#2457=ORIENTED_EDGE('',*,*,#4413,.T.);
#2458=ORIENTED_EDGE('',*,*,#4414,.F.);
#2459=ORIENTED_EDGE('',*,*,#4415,.T.);
#2460=ORIENTED_EDGE('',*,*,#4416,.T.);
#2461=ORIENTED_EDGE('',*,*,#4417,.T.);
#2462=ORIENTED_EDGE('',*,*,#4418,.T.);
#2463=ORIENTED_EDGE('',*,*,#4419,.T.);
#2464=ORIENTED_EDGE('',*,*,#4420,.F.);
#2465=ORIENTED_EDGE('',*,*,#4421,.T.);
#2466=ORIENTED_EDGE('',*,*,#4422,.F.);
#2467=ORIENTED_EDGE('',*,*,#4423,.T.);
#2468=ORIENTED_EDGE('',*,*,#4424,.T.);
#2469=ORIENTED_EDGE('',*,*,#4425,.T.);
#2470=ORIENTED_EDGE('',*,*,#4426,.T.);
#2471=ORIENTED_EDGE('',*,*,#4427,.T.);
#2472=ORIENTED_EDGE('',*,*,#4428,.T.);
#2473=ORIENTED_EDGE('',*,*,#4383,.F.);
#2474=ORIENTED_EDGE('',*,*,#4429,.T.);
#2475=ORIENTED_EDGE('',*,*,#4430,.F.);
#2476=ORIENTED_EDGE('',*,*,#4431,.T.);
#2477=ORIENTED_EDGE('',*,*,#4432,.T.);
#2478=ORIENTED_EDGE('',*,*,#4433,.T.);
#2479=ORIENTED_EDGE('',*,*,#4434,.T.);
#2480=ORIENTED_EDGE('',*,*,#4435,.F.);
#2481=ORIENTED_EDGE('',*,*,#4436,.T.);
#2482=ORIENTED_EDGE('',*,*,#4437,.T.);
#2483=ORIENTED_EDGE('',*,*,#4420,.T.);
#2484=ORIENTED_EDGE('',*,*,#4438,.T.);
#2485=ORIENTED_EDGE('',*,*,#4439,.T.);
#2486=ORIENTED_EDGE('',*,*,#4440,.T.);
#2487=ORIENTED_EDGE('',*,*,#4441,.F.);
#2488=ORIENTED_EDGE('',*,*,#4442,.F.);
#2489=ORIENTED_EDGE('',*,*,#4443,.T.);
#2490=ORIENTED_EDGE('',*,*,#4444,.F.);
#2491=ORIENTED_EDGE('',*,*,#4445,.F.);
#2492=ORIENTED_EDGE('',*,*,#4446,.T.);
#2493=ORIENTED_EDGE('',*,*,#4441,.T.);
#2494=ORIENTED_EDGE('',*,*,#4447,.F.);
#2495=ORIENTED_EDGE('',*,*,#4448,.F.);
#2496=ORIENTED_EDGE('',*,*,#4449,.T.);
#2497=ORIENTED_EDGE('',*,*,#4445,.T.);
#2498=ORIENTED_EDGE('',*,*,#4450,.F.);
#2499=ORIENTED_EDGE('',*,*,#4443,.F.);
#2500=ORIENTED_EDGE('',*,*,#4451,.T.);
#2501=ORIENTED_EDGE('',*,*,#4448,.T.);
#2502=ORIENTED_EDGE('',*,*,#4442,.T.);
#2503=ORIENTED_EDGE('',*,*,#4446,.F.);
#2504=ORIENTED_EDGE('',*,*,#4449,.F.);
#2505=ORIENTED_EDGE('',*,*,#4451,.F.);
#2506=ORIENTED_EDGE('',*,*,#4435,.T.);
#2507=ORIENTED_EDGE('',*,*,#4440,.F.);
#2508=ORIENTED_EDGE('',*,*,#4450,.T.);
#2509=ORIENTED_EDGE('',*,*,#4447,.T.);
#2510=ORIENTED_EDGE('',*,*,#4444,.T.);
#2511=ORIENTED_EDGE('',*,*,#4400,.T.);
#2512=ORIENTED_EDGE('',*,*,#4452,.T.);
#2513=ORIENTED_EDGE('',*,*,#4453,.F.);
#2514=ORIENTED_EDGE('',*,*,#4454,.T.);
#2515=ORIENTED_EDGE('',*,*,#4404,.F.);
#2516=ORIENTED_EDGE('',*,*,#4455,.T.);
#2517=ORIENTED_EDGE('',*,*,#4456,.T.);
#2518=ORIENTED_EDGE('',*,*,#4457,.T.);
#2519=ORIENTED_EDGE('',*,*,#4458,.T.);
#2520=ORIENTED_EDGE('',*,*,#4459,.T.);
#2521=ORIENTED_EDGE('',*,*,#4402,.F.);
#2522=ORIENTED_EDGE('',*,*,#4460,.T.);
#2523=ORIENTED_EDGE('',*,*,#4403,.F.);
#2524=ORIENTED_EDGE('',*,*,#4459,.F.);
#2525=ORIENTED_EDGE('',*,*,#4461,.F.);
#2526=ORIENTED_EDGE('',*,*,#4455,.F.);
#2527=ORIENTED_EDGE('',*,*,#4405,.F.);
#2528=ORIENTED_EDGE('',*,*,#4457,.F.);
#2529=ORIENTED_EDGE('',*,*,#4462,.F.);
#2530=ORIENTED_EDGE('',*,*,#4388,.F.);
#2531=ORIENTED_EDGE('',*,*,#4399,.F.);
#2532=ORIENTED_EDGE('',*,*,#4386,.F.);
#2533=ORIENTED_EDGE('',*,*,#4463,.F.);
#2534=ORIENTED_EDGE('',*,*,#4452,.F.);
#2535=ORIENTED_EDGE('',*,*,#4401,.F.);
#2536=ORIENTED_EDGE('',*,*,#4454,.F.);
#2537=ORIENTED_EDGE('',*,*,#4464,.F.);
#2538=ORIENTED_EDGE('',*,*,#4460,.F.);
#2539=ORIENTED_EDGE('',*,*,#4456,.F.);
#2540=ORIENTED_EDGE('',*,*,#4461,.T.);
#2541=ORIENTED_EDGE('',*,*,#4465,.T.);
#2542=ORIENTED_EDGE('',*,*,#4466,.T.);
#2543=ORIENTED_EDGE('',*,*,#4467,.T.);
#2544=ORIENTED_EDGE('',*,*,#4468,.T.);
#2545=ORIENTED_EDGE('',*,*,#4469,.T.);
#2546=ORIENTED_EDGE('',*,*,#4462,.T.);
#2547=ORIENTED_EDGE('',*,*,#4453,.T.);
#2548=ORIENTED_EDGE('',*,*,#4463,.T.);
#2549=ORIENTED_EDGE('',*,*,#4470,.T.);
#2550=ORIENTED_EDGE('',*,*,#4471,.T.);
#2551=ORIENTED_EDGE('',*,*,#4472,.F.);
#2552=ORIENTED_EDGE('',*,*,#4473,.T.);
#2553=ORIENTED_EDGE('',*,*,#4474,.T.);
#2554=ORIENTED_EDGE('',*,*,#4464,.T.);
#2555=ORIENTED_EDGE('',*,*,#4430,.T.);
#2556=ORIENTED_EDGE('',*,*,#4475,.T.);
#2557=ORIENTED_EDGE('',*,*,#4476,.F.);
#2558=ORIENTED_EDGE('',*,*,#4477,.T.);
#2559=ORIENTED_EDGE('',*,*,#4434,.F.);
#2560=ORIENTED_EDGE('',*,*,#4478,.T.);
#2561=ORIENTED_EDGE('',*,*,#4472,.T.);
#2562=ORIENTED_EDGE('',*,*,#4479,.T.);
#2563=ORIENTED_EDGE('',*,*,#4480,.T.);
#2564=ORIENTED_EDGE('',*,*,#4481,.T.);
#2565=ORIENTED_EDGE('',*,*,#4432,.F.);
#2566=ORIENTED_EDGE('',*,*,#4482,.T.);
#2567=ORIENTED_EDGE('',*,*,#4433,.F.);
#2568=ORIENTED_EDGE('',*,*,#4481,.F.);
#2569=ORIENTED_EDGE('',*,*,#4473,.F.);
#2570=ORIENTED_EDGE('',*,*,#4478,.F.);
#2571=ORIENTED_EDGE('',*,*,#4428,.F.);
#2572=ORIENTED_EDGE('',*,*,#4479,.F.);
#2573=ORIENTED_EDGE('',*,*,#4471,.F.);
#2574=ORIENTED_EDGE('',*,*,#4384,.F.);
#2575=ORIENTED_EDGE('',*,*,#4429,.F.);
#2576=ORIENTED_EDGE('',*,*,#4382,.F.);
#2577=ORIENTED_EDGE('',*,*,#4483,.F.);
#2578=ORIENTED_EDGE('',*,*,#4475,.F.);
#2579=ORIENTED_EDGE('',*,*,#4431,.F.);
#2580=ORIENTED_EDGE('',*,*,#4477,.F.);
#2581=ORIENTED_EDGE('',*,*,#4484,.F.);
#2582=ORIENTED_EDGE('',*,*,#4482,.F.);
#2583=ORIENTED_EDGE('',*,*,#4476,.T.);
#2584=ORIENTED_EDGE('',*,*,#4483,.T.);
#2585=ORIENTED_EDGE('',*,*,#4485,.T.);
#2586=ORIENTED_EDGE('',*,*,#4486,.T.);
#2587=ORIENTED_EDGE('',*,*,#4487,.F.);
#2588=ORIENTED_EDGE('',*,*,#4488,.T.);
#2589=ORIENTED_EDGE('',*,*,#4489,.T.);
#2590=ORIENTED_EDGE('',*,*,#4484,.T.);
#2591=ORIENTED_EDGE('',*,*,#4467,.F.);
#2592=ORIENTED_EDGE('',*,*,#4490,.T.);
#2593=ORIENTED_EDGE('',*,*,#4407,.T.);
#2594=ORIENTED_EDGE('',*,*,#4491,.T.);
#2595=ORIENTED_EDGE('',*,*,#4411,.F.);
#2596=ORIENTED_EDGE('',*,*,#4492,.T.);
#2597=ORIENTED_EDGE('',*,*,#4493,.T.);
#2598=ORIENTED_EDGE('',*,*,#4494,.T.);
#2599=ORIENTED_EDGE('',*,*,#4409,.F.);
#2600=ORIENTED_EDGE('',*,*,#4495,.T.);
#2601=ORIENTED_EDGE('',*,*,#4496,.T.);
#2602=ORIENTED_EDGE('',*,*,#4497,.T.);
#2603=ORIENTED_EDGE('',*,*,#4408,.F.);
#2604=ORIENTED_EDGE('',*,*,#4490,.F.);
#2605=ORIENTED_EDGE('',*,*,#4466,.F.);
#2606=ORIENTED_EDGE('',*,*,#4495,.F.);
#2607=ORIENTED_EDGE('',*,*,#4410,.F.);
#2608=ORIENTED_EDGE('',*,*,#4497,.F.);
#2609=ORIENTED_EDGE('',*,*,#4498,.F.);
#2610=ORIENTED_EDGE('',*,*,#4492,.F.);
#2611=ORIENTED_EDGE('',*,*,#4412,.F.);
#2612=ORIENTED_EDGE('',*,*,#4494,.F.);
#2613=ORIENTED_EDGE('',*,*,#4499,.F.);
#2614=ORIENTED_EDGE('',*,*,#4392,.F.);
#2615=ORIENTED_EDGE('',*,*,#4406,.F.);
#2616=ORIENTED_EDGE('',*,*,#4390,.F.);
#2617=ORIENTED_EDGE('',*,*,#4468,.F.);
#2618=ORIENTED_EDGE('',*,*,#4491,.F.);
#2619=ORIENTED_EDGE('',*,*,#4493,.F.);
#2620=ORIENTED_EDGE('',*,*,#4498,.T.);
#2621=ORIENTED_EDGE('',*,*,#4500,.T.);
#2622=ORIENTED_EDGE('',*,*,#4501,.T.);
#2623=ORIENTED_EDGE('',*,*,#4502,.T.);
#2624=ORIENTED_EDGE('',*,*,#4499,.T.);
#2625=ORIENTED_EDGE('',*,*,#4414,.T.);
#2626=ORIENTED_EDGE('',*,*,#4503,.T.);
#2627=ORIENTED_EDGE('',*,*,#4504,.T.);
#2628=ORIENTED_EDGE('',*,*,#4505,.T.);
#2629=ORIENTED_EDGE('',*,*,#4506,.T.);
#2630=ORIENTED_EDGE('',*,*,#4507,.T.);
#2631=ORIENTED_EDGE('',*,*,#4418,.F.);
#2632=ORIENTED_EDGE('',*,*,#4508,.T.);
#2633=ORIENTED_EDGE('',*,*,#4509,.T.);
#2634=ORIENTED_EDGE('',*,*,#4510,.T.);
#2635=ORIENTED_EDGE('',*,*,#4416,.F.);
#2636=ORIENTED_EDGE('',*,*,#4511,.T.);
#2637=ORIENTED_EDGE('',*,*,#4512,.T.);
#2638=ORIENTED_EDGE('',*,*,#4415,.F.);
#2639=ORIENTED_EDGE('',*,*,#4505,.F.);
#2640=ORIENTED_EDGE('',*,*,#4513,.F.);
#2641=ORIENTED_EDGE('',*,*,#4511,.F.);
#2642=ORIENTED_EDGE('',*,*,#4413,.F.);
#2643=ORIENTED_EDGE('',*,*,#4394,.F.);
#2644=ORIENTED_EDGE('',*,*,#4514,.F.);
#2645=ORIENTED_EDGE('',*,*,#4503,.F.);
#2646=ORIENTED_EDGE('',*,*,#4513,.T.);
#2647=ORIENTED_EDGE('',*,*,#4504,.F.);
#2648=ORIENTED_EDGE('',*,*,#4514,.T.);
#2649=ORIENTED_EDGE('',*,*,#4398,.F.);
#2650=ORIENTED_EDGE('',*,*,#4501,.F.);
#2651=ORIENTED_EDGE('',*,*,#4512,.F.);
#2652=ORIENTED_EDGE('',*,*,#4419,.F.);
#2653=ORIENTED_EDGE('',*,*,#4507,.F.);
#2654=ORIENTED_EDGE('',*,*,#4515,.F.);
#2655=ORIENTED_EDGE('',*,*,#4396,.F.);
#2656=ORIENTED_EDGE('',*,*,#4417,.F.);
#2657=ORIENTED_EDGE('',*,*,#4510,.F.);
#2658=ORIENTED_EDGE('',*,*,#4516,.F.);
#2659=ORIENTED_EDGE('',*,*,#4508,.F.);
#2660=ORIENTED_EDGE('',*,*,#4517,.T.);
#2661=ORIENTED_EDGE('',*,*,#4515,.T.);
#2662=ORIENTED_EDGE('',*,*,#4506,.F.);
#2663=ORIENTED_EDGE('',*,*,#4516,.T.);
#2664=ORIENTED_EDGE('',*,*,#4518,.T.);
#2665=ORIENTED_EDGE('',*,*,#4519,.T.);
#2666=ORIENTED_EDGE('',*,*,#4520,.T.);
#2667=ORIENTED_EDGE('',*,*,#4521,.T.);
#2668=ORIENTED_EDGE('',*,*,#4520,.F.);
#2669=ORIENTED_EDGE('',*,*,#4522,.T.);
#2670=ORIENTED_EDGE('',*,*,#4422,.T.);
#2671=ORIENTED_EDGE('',*,*,#4523,.T.);
#2672=ORIENTED_EDGE('',*,*,#4426,.F.);
#2673=ORIENTED_EDGE('',*,*,#4524,.T.);
#2674=ORIENTED_EDGE('',*,*,#4487,.T.);
#2675=ORIENTED_EDGE('',*,*,#4525,.T.);
#2676=ORIENTED_EDGE('',*,*,#4424,.F.);
#2677=ORIENTED_EDGE('',*,*,#4526,.T.);
#2678=ORIENTED_EDGE('',*,*,#4527,.T.);
#2679=ORIENTED_EDGE('',*,*,#4528,.T.);
#2680=ORIENTED_EDGE('',*,*,#4423,.F.);
#2681=ORIENTED_EDGE('',*,*,#4522,.F.);
#2682=ORIENTED_EDGE('',*,*,#4519,.F.);
#2683=ORIENTED_EDGE('',*,*,#4526,.F.);
#2684=ORIENTED_EDGE('',*,*,#4425,.F.);
#2685=ORIENTED_EDGE('',*,*,#4528,.F.);
#2686=ORIENTED_EDGE('',*,*,#4488,.F.);
#2687=ORIENTED_EDGE('',*,*,#4524,.F.);
#2688=ORIENTED_EDGE('',*,*,#4427,.F.);
#2689=ORIENTED_EDGE('',*,*,#4525,.F.);
#2690=ORIENTED_EDGE('',*,*,#4486,.F.);
#2691=ORIENTED_EDGE('',*,*,#4438,.F.);
#2692=ORIENTED_EDGE('',*,*,#4421,.F.);
#2693=ORIENTED_EDGE('',*,*,#4437,.F.);
#2694=ORIENTED_EDGE('',*,*,#4521,.F.);
#2695=ORIENTED_EDGE('',*,*,#4523,.F.);
#2696=ORIENTED_EDGE('',*,*,#4529,.T.);
#2697=ORIENTED_EDGE('',*,*,#4530,.T.);
#2698=ORIENTED_EDGE('',*,*,#4439,.F.);
#2699=ORIENTED_EDGE('',*,*,#4485,.F.);
#2700=ORIENTED_EDGE('',*,*,#4385,.T.);
#2701=ORIENTED_EDGE('',*,*,#4470,.F.);
#2702=ORIENTED_EDGE('',*,*,#4389,.T.);
#2703=ORIENTED_EDGE('',*,*,#4469,.F.);
#2704=ORIENTED_EDGE('',*,*,#4393,.T.);
#2705=ORIENTED_EDGE('',*,*,#4502,.F.);
#2706=ORIENTED_EDGE('',*,*,#4397,.T.);
#2707=ORIENTED_EDGE('',*,*,#4517,.F.);
#2708=ORIENTED_EDGE('',*,*,#4529,.F.);
#2709=ORIENTED_EDGE('',*,*,#4530,.F.);
#2710=ORIENTED_EDGE('',*,*,#4527,.F.);
#2711=ORIENTED_EDGE('',*,*,#4518,.F.);
#2712=ORIENTED_EDGE('',*,*,#4509,.F.);
#2713=ORIENTED_EDGE('',*,*,#4500,.F.);
#2714=ORIENTED_EDGE('',*,*,#4496,.F.);
#2715=ORIENTED_EDGE('',*,*,#4465,.F.);
#2716=ORIENTED_EDGE('',*,*,#4458,.F.);
#2717=ORIENTED_EDGE('',*,*,#4474,.F.);
#2718=ORIENTED_EDGE('',*,*,#4480,.F.);
#2719=ORIENTED_EDGE('',*,*,#4489,.F.);
#2720=ORIENTED_EDGE('',*,*,#4436,.F.);
#2721=ORIENTED_EDGE('',*,*,#4531,.T.);
#2722=ORIENTED_EDGE('',*,*,#4532,.T.);
#2723=ORIENTED_EDGE('',*,*,#4533,.T.);
#2724=ORIENTED_EDGE('',*,*,#4534,.F.);
#2725=ORIENTED_EDGE('',*,*,#4535,.T.);
#2726=ORIENTED_EDGE('',*,*,#4536,.T.);
#2727=ORIENTED_EDGE('',*,*,#4537,.T.);
#2728=ORIENTED_EDGE('',*,*,#4538,.T.);
#2729=ORIENTED_EDGE('',*,*,#4539,.T.);
#2730=ORIENTED_EDGE('',*,*,#4540,.T.);
#2731=ORIENTED_EDGE('',*,*,#4541,.T.);
#2732=ORIENTED_EDGE('',*,*,#4542,.F.);
#2733=ORIENTED_EDGE('',*,*,#4543,.T.);
#2734=ORIENTED_EDGE('',*,*,#4544,.T.);
#2735=ORIENTED_EDGE('',*,*,#4545,.T.);
#2736=ORIENTED_EDGE('',*,*,#4546,.T.);
#2737=ORIENTED_EDGE('',*,*,#4547,.T.);
#2738=ORIENTED_EDGE('',*,*,#4548,.T.);
#2739=ORIENTED_EDGE('',*,*,#4549,.T.);
#2740=ORIENTED_EDGE('',*,*,#4550,.F.);
#2741=ORIENTED_EDGE('',*,*,#4551,.T.);
#2742=ORIENTED_EDGE('',*,*,#4552,.T.);
#2743=ORIENTED_EDGE('',*,*,#4553,.T.);
#2744=ORIENTED_EDGE('',*,*,#4554,.T.);
#2745=ORIENTED_EDGE('',*,*,#4555,.T.);
#2746=ORIENTED_EDGE('',*,*,#4556,.T.);
#2747=ORIENTED_EDGE('',*,*,#4557,.T.);
#2748=ORIENTED_EDGE('',*,*,#4558,.F.);
#2749=ORIENTED_EDGE('',*,*,#4559,.T.);
#2750=ORIENTED_EDGE('',*,*,#4560,.T.);
#2751=ORIENTED_EDGE('',*,*,#4561,.T.);
#2752=ORIENTED_EDGE('',*,*,#4562,.T.);
#2753=ORIENTED_EDGE('',*,*,#4563,.T.);
#2754=ORIENTED_EDGE('',*,*,#4564,.T.);
#2755=ORIENTED_EDGE('',*,*,#4565,.T.);
#2756=ORIENTED_EDGE('',*,*,#4566,.F.);
#2757=ORIENTED_EDGE('',*,*,#4567,.T.);
#2758=ORIENTED_EDGE('',*,*,#4568,.T.);
#2759=ORIENTED_EDGE('',*,*,#4569,.T.);
#2760=ORIENTED_EDGE('',*,*,#4570,.T.);
#2761=ORIENTED_EDGE('',*,*,#4571,.F.);
#2762=ORIENTED_EDGE('',*,*,#4572,.T.);
#2763=ORIENTED_EDGE('',*,*,#4556,.F.);
#2764=ORIENTED_EDGE('',*,*,#4573,.T.);
#2765=ORIENTED_EDGE('',*,*,#4574,.F.);
#2766=ORIENTED_EDGE('',*,*,#4575,.T.);
#2767=ORIENTED_EDGE('',*,*,#4576,.T.);
#2768=ORIENTED_EDGE('',*,*,#4548,.F.);
#2769=ORIENTED_EDGE('',*,*,#4577,.T.);
#2770=ORIENTED_EDGE('',*,*,#4578,.F.);
#2771=ORIENTED_EDGE('',*,*,#4579,.T.);
#2772=ORIENTED_EDGE('',*,*,#4540,.F.);
#2773=ORIENTED_EDGE('',*,*,#4580,.T.);
#2774=ORIENTED_EDGE('',*,*,#4581,.F.);
#2775=ORIENTED_EDGE('',*,*,#4582,.T.);
#2776=ORIENTED_EDGE('',*,*,#4532,.F.);
#2777=ORIENTED_EDGE('',*,*,#4583,.T.);
#2778=ORIENTED_EDGE('',*,*,#4584,.F.);
#2779=ORIENTED_EDGE('',*,*,#4585,.T.);
#2780=ORIENTED_EDGE('',*,*,#4564,.F.);
#2781=ORIENTED_EDGE('',*,*,#4586,.T.);
#2782=ORIENTED_EDGE('',*,*,#4587,.T.);
#2783=ORIENTED_EDGE('',*,*,#4588,.T.);
#2784=ORIENTED_EDGE('',*,*,#4589,.F.);
#2785=ORIENTED_EDGE('',*,*,#4590,.F.);
#2786=ORIENTED_EDGE('',*,*,#4591,.T.);
#2787=ORIENTED_EDGE('',*,*,#4592,.F.);
#2788=ORIENTED_EDGE('',*,*,#4593,.F.);
#2789=ORIENTED_EDGE('',*,*,#4594,.T.);
#2790=ORIENTED_EDGE('',*,*,#4589,.T.);
#2791=ORIENTED_EDGE('',*,*,#4595,.F.);
#2792=ORIENTED_EDGE('',*,*,#4596,.F.);
#2793=ORIENTED_EDGE('',*,*,#4597,.T.);
#2794=ORIENTED_EDGE('',*,*,#4593,.T.);
#2795=ORIENTED_EDGE('',*,*,#4598,.F.);
#2796=ORIENTED_EDGE('',*,*,#4591,.F.);
#2797=ORIENTED_EDGE('',*,*,#4599,.T.);
#2798=ORIENTED_EDGE('',*,*,#4596,.T.);
#2799=ORIENTED_EDGE('',*,*,#4590,.T.);
#2800=ORIENTED_EDGE('',*,*,#4594,.F.);
#2801=ORIENTED_EDGE('',*,*,#4597,.F.);
#2802=ORIENTED_EDGE('',*,*,#4599,.F.);
#2803=ORIENTED_EDGE('',*,*,#4571,.T.);
#2804=ORIENTED_EDGE('',*,*,#4588,.F.);
#2805=ORIENTED_EDGE('',*,*,#4598,.T.);
#2806=ORIENTED_EDGE('',*,*,#4595,.T.);
#2807=ORIENTED_EDGE('',*,*,#4592,.T.);
#2808=ORIENTED_EDGE('',*,*,#4534,.T.);
#2809=ORIENTED_EDGE('',*,*,#4600,.T.);
#2810=ORIENTED_EDGE('',*,*,#4601,.F.);
#2811=ORIENTED_EDGE('',*,*,#4602,.T.);
#2812=ORIENTED_EDGE('',*,*,#4538,.F.);
#2813=ORIENTED_EDGE('',*,*,#4603,.T.);
#2814=ORIENTED_EDGE('',*,*,#4604,.T.);
#2815=ORIENTED_EDGE('',*,*,#4605,.T.);
#2816=ORIENTED_EDGE('',*,*,#4606,.T.);
#2817=ORIENTED_EDGE('',*,*,#4607,.T.);
#2818=ORIENTED_EDGE('',*,*,#4536,.F.);
#2819=ORIENTED_EDGE('',*,*,#4608,.T.);
#2820=ORIENTED_EDGE('',*,*,#4537,.F.);
#2821=ORIENTED_EDGE('',*,*,#4607,.F.);
#2822=ORIENTED_EDGE('',*,*,#4609,.F.);
#2823=ORIENTED_EDGE('',*,*,#4603,.F.);
#2824=ORIENTED_EDGE('',*,*,#4539,.F.);
#2825=ORIENTED_EDGE('',*,*,#4605,.F.);
#2826=ORIENTED_EDGE('',*,*,#4610,.F.);
#2827=ORIENTED_EDGE('',*,*,#4580,.F.);
#2828=ORIENTED_EDGE('',*,*,#4533,.F.);
#2829=ORIENTED_EDGE('',*,*,#4582,.F.);
#2830=ORIENTED_EDGE('',*,*,#4611,.F.);
#2831=ORIENTED_EDGE('',*,*,#4600,.F.);
#2832=ORIENTED_EDGE('',*,*,#4535,.F.);
#2833=ORIENTED_EDGE('',*,*,#4602,.F.);
#2834=ORIENTED_EDGE('',*,*,#4612,.F.);
#2835=ORIENTED_EDGE('',*,*,#4608,.F.);
#2836=ORIENTED_EDGE('',*,*,#4604,.F.);
#2837=ORIENTED_EDGE('',*,*,#4609,.T.);
#2838=ORIENTED_EDGE('',*,*,#4613,.T.);
#2839=ORIENTED_EDGE('',*,*,#4614,.T.);
#2840=ORIENTED_EDGE('',*,*,#4615,.T.);
#2841=ORIENTED_EDGE('',*,*,#4616,.T.);
#2842=ORIENTED_EDGE('',*,*,#4617,.T.);
#2843=ORIENTED_EDGE('',*,*,#4610,.T.);
#2844=ORIENTED_EDGE('',*,*,#4601,.T.);
#2845=ORIENTED_EDGE('',*,*,#4611,.T.);
#2846=ORIENTED_EDGE('',*,*,#4618,.T.);
#2847=ORIENTED_EDGE('',*,*,#4619,.T.);
#2848=ORIENTED_EDGE('',*,*,#4620,.F.);
#2849=ORIENTED_EDGE('',*,*,#4621,.T.);
#2850=ORIENTED_EDGE('',*,*,#4622,.T.);
#2851=ORIENTED_EDGE('',*,*,#4612,.T.);
#2852=ORIENTED_EDGE('',*,*,#4566,.T.);
#2853=ORIENTED_EDGE('',*,*,#4623,.T.);
#2854=ORIENTED_EDGE('',*,*,#4624,.F.);
#2855=ORIENTED_EDGE('',*,*,#4625,.T.);
#2856=ORIENTED_EDGE('',*,*,#4570,.F.);
#2857=ORIENTED_EDGE('',*,*,#4626,.T.);
#2858=ORIENTED_EDGE('',*,*,#4620,.T.);
#2859=ORIENTED_EDGE('',*,*,#4627,.T.);
#2860=ORIENTED_EDGE('',*,*,#4628,.T.);
#2861=ORIENTED_EDGE('',*,*,#4629,.T.);
#2862=ORIENTED_EDGE('',*,*,#4568,.F.);
#2863=ORIENTED_EDGE('',*,*,#4630,.T.);
#2864=ORIENTED_EDGE('',*,*,#4569,.F.);
#2865=ORIENTED_EDGE('',*,*,#4629,.F.);
#2866=ORIENTED_EDGE('',*,*,#4621,.F.);
#2867=ORIENTED_EDGE('',*,*,#4626,.F.);
#2868=ORIENTED_EDGE('',*,*,#4531,.F.);
#2869=ORIENTED_EDGE('',*,*,#4627,.F.);
#2870=ORIENTED_EDGE('',*,*,#4619,.F.);
#2871=ORIENTED_EDGE('',*,*,#4583,.F.);
#2872=ORIENTED_EDGE('',*,*,#4565,.F.);
#2873=ORIENTED_EDGE('',*,*,#4585,.F.);
#2874=ORIENTED_EDGE('',*,*,#4631,.F.);
#2875=ORIENTED_EDGE('',*,*,#4623,.F.);
#2876=ORIENTED_EDGE('',*,*,#4567,.F.);
#2877=ORIENTED_EDGE('',*,*,#4625,.F.);
#2878=ORIENTED_EDGE('',*,*,#4632,.F.);
#2879=ORIENTED_EDGE('',*,*,#4630,.F.);
#2880=ORIENTED_EDGE('',*,*,#4624,.T.);
#2881=ORIENTED_EDGE('',*,*,#4631,.T.);
#2882=ORIENTED_EDGE('',*,*,#4633,.T.);
#2883=ORIENTED_EDGE('',*,*,#4634,.T.);
#2884=ORIENTED_EDGE('',*,*,#4635,.F.);
#2885=ORIENTED_EDGE('',*,*,#4636,.T.);
#2886=ORIENTED_EDGE('',*,*,#4637,.T.);
#2887=ORIENTED_EDGE('',*,*,#4632,.T.);
#2888=ORIENTED_EDGE('',*,*,#4615,.F.);
#2889=ORIENTED_EDGE('',*,*,#4638,.T.);
#2890=ORIENTED_EDGE('',*,*,#4542,.T.);
#2891=ORIENTED_EDGE('',*,*,#4639,.T.);
#2892=ORIENTED_EDGE('',*,*,#4546,.F.);
#2893=ORIENTED_EDGE('',*,*,#4640,.T.);
#2894=ORIENTED_EDGE('',*,*,#4641,.T.);
#2895=ORIENTED_EDGE('',*,*,#4642,.T.);
#2896=ORIENTED_EDGE('',*,*,#4544,.F.);
#2897=ORIENTED_EDGE('',*,*,#4643,.T.);
#2898=ORIENTED_EDGE('',*,*,#4644,.T.);
#2899=ORIENTED_EDGE('',*,*,#4645,.T.);
#2900=ORIENTED_EDGE('',*,*,#4543,.F.);
#2901=ORIENTED_EDGE('',*,*,#4638,.F.);
#2902=ORIENTED_EDGE('',*,*,#4614,.F.);
#2903=ORIENTED_EDGE('',*,*,#4643,.F.);
#2904=ORIENTED_EDGE('',*,*,#4545,.F.);
#2905=ORIENTED_EDGE('',*,*,#4645,.F.);
#2906=ORIENTED_EDGE('',*,*,#4646,.F.);
#2907=ORIENTED_EDGE('',*,*,#4640,.F.);
#2908=ORIENTED_EDGE('',*,*,#4547,.F.);
#2909=ORIENTED_EDGE('',*,*,#4642,.F.);
#2910=ORIENTED_EDGE('',*,*,#4647,.F.);
#2911=ORIENTED_EDGE('',*,*,#4577,.F.);
#2912=ORIENTED_EDGE('',*,*,#4541,.F.);
#2913=ORIENTED_EDGE('',*,*,#4579,.F.);
#2914=ORIENTED_EDGE('',*,*,#4616,.F.);
#2915=ORIENTED_EDGE('',*,*,#4639,.F.);
#2916=ORIENTED_EDGE('',*,*,#4641,.F.);
#2917=ORIENTED_EDGE('',*,*,#4646,.T.);
#2918=ORIENTED_EDGE('',*,*,#4648,.T.);
#2919=ORIENTED_EDGE('',*,*,#4649,.T.);
#2920=ORIENTED_EDGE('',*,*,#4650,.T.);
#2921=ORIENTED_EDGE('',*,*,#4647,.T.);
#2922=ORIENTED_EDGE('',*,*,#4550,.T.);
#2923=ORIENTED_EDGE('',*,*,#4651,.T.);
#2924=ORIENTED_EDGE('',*,*,#4652,.T.);
#2925=ORIENTED_EDGE('',*,*,#4653,.T.);
#2926=ORIENTED_EDGE('',*,*,#4654,.T.);
#2927=ORIENTED_EDGE('',*,*,#4655,.T.);
#2928=ORIENTED_EDGE('',*,*,#4554,.F.);
#2929=ORIENTED_EDGE('',*,*,#4656,.T.);
#2930=ORIENTED_EDGE('',*,*,#4657,.T.);
#2931=ORIENTED_EDGE('',*,*,#4658,.T.);
#2932=ORIENTED_EDGE('',*,*,#4552,.F.);
#2933=ORIENTED_EDGE('',*,*,#4659,.T.);
#2934=ORIENTED_EDGE('',*,*,#4660,.T.);
#2935=ORIENTED_EDGE('',*,*,#4551,.F.);
#2936=ORIENTED_EDGE('',*,*,#4653,.F.);
#2937=ORIENTED_EDGE('',*,*,#4661,.F.);
#2938=ORIENTED_EDGE('',*,*,#4659,.F.);
#2939=ORIENTED_EDGE('',*,*,#4549,.F.);
#2940=ORIENTED_EDGE('',*,*,#4576,.F.);
#2941=ORIENTED_EDGE('',*,*,#4662,.F.);
#2942=ORIENTED_EDGE('',*,*,#4651,.F.);
#2943=ORIENTED_EDGE('',*,*,#4661,.T.);
#2944=ORIENTED_EDGE('',*,*,#4652,.F.);
#2945=ORIENTED_EDGE('',*,*,#4662,.T.);
#2946=ORIENTED_EDGE('',*,*,#4575,.F.);
#2947=ORIENTED_EDGE('',*,*,#4649,.F.);
#2948=ORIENTED_EDGE('',*,*,#4660,.F.);
#2949=ORIENTED_EDGE('',*,*,#4555,.F.);
#2950=ORIENTED_EDGE('',*,*,#4655,.F.);
#2951=ORIENTED_EDGE('',*,*,#4663,.F.);
#2952=ORIENTED_EDGE('',*,*,#4573,.F.);
#2953=ORIENTED_EDGE('',*,*,#4553,.F.);
#2954=ORIENTED_EDGE('',*,*,#4658,.F.);
#2955=ORIENTED_EDGE('',*,*,#4664,.F.);
#2956=ORIENTED_EDGE('',*,*,#4656,.F.);
#2957=ORIENTED_EDGE('',*,*,#4665,.T.);
#2958=ORIENTED_EDGE('',*,*,#4663,.T.);
#2959=ORIENTED_EDGE('',*,*,#4654,.F.);
#2960=ORIENTED_EDGE('',*,*,#4664,.T.);
#2961=ORIENTED_EDGE('',*,*,#4666,.T.);
#2962=ORIENTED_EDGE('',*,*,#4667,.T.);
#2963=ORIENTED_EDGE('',*,*,#4668,.T.);
#2964=ORIENTED_EDGE('',*,*,#4669,.T.);
#2965=ORIENTED_EDGE('',*,*,#4668,.F.);
#2966=ORIENTED_EDGE('',*,*,#4670,.T.);
#2967=ORIENTED_EDGE('',*,*,#4558,.T.);
#2968=ORIENTED_EDGE('',*,*,#4671,.T.);
#2969=ORIENTED_EDGE('',*,*,#4562,.F.);
#2970=ORIENTED_EDGE('',*,*,#4672,.T.);
#2971=ORIENTED_EDGE('',*,*,#4635,.T.);
#2972=ORIENTED_EDGE('',*,*,#4673,.T.);
#2973=ORIENTED_EDGE('',*,*,#4560,.F.);
#2974=ORIENTED_EDGE('',*,*,#4674,.T.);
#2975=ORIENTED_EDGE('',*,*,#4675,.T.);
#2976=ORIENTED_EDGE('',*,*,#4676,.T.);
#2977=ORIENTED_EDGE('',*,*,#4559,.F.);
#2978=ORIENTED_EDGE('',*,*,#4670,.F.);
#2979=ORIENTED_EDGE('',*,*,#4667,.F.);
#2980=ORIENTED_EDGE('',*,*,#4674,.F.);
#2981=ORIENTED_EDGE('',*,*,#4561,.F.);
#2982=ORIENTED_EDGE('',*,*,#4676,.F.);
#2983=ORIENTED_EDGE('',*,*,#4636,.F.);
#2984=ORIENTED_EDGE('',*,*,#4672,.F.);
#2985=ORIENTED_EDGE('',*,*,#4563,.F.);
#2986=ORIENTED_EDGE('',*,*,#4673,.F.);
#2987=ORIENTED_EDGE('',*,*,#4634,.F.);
#2988=ORIENTED_EDGE('',*,*,#4586,.F.);
#2989=ORIENTED_EDGE('',*,*,#4557,.F.);
#2990=ORIENTED_EDGE('',*,*,#4572,.F.);
#2991=ORIENTED_EDGE('',*,*,#4669,.F.);
#2992=ORIENTED_EDGE('',*,*,#4671,.F.);
#2993=ORIENTED_EDGE('',*,*,#4677,.T.);
#2994=ORIENTED_EDGE('',*,*,#4678,.T.);
#2995=ORIENTED_EDGE('',*,*,#4587,.F.);
#2996=ORIENTED_EDGE('',*,*,#4633,.F.);
#2997=ORIENTED_EDGE('',*,*,#4584,.T.);
#2998=ORIENTED_EDGE('',*,*,#4618,.F.);
#2999=ORIENTED_EDGE('',*,*,#4581,.T.);
#3000=ORIENTED_EDGE('',*,*,#4617,.F.);
#3001=ORIENTED_EDGE('',*,*,#4578,.T.);
#3002=ORIENTED_EDGE('',*,*,#4650,.F.);
#3003=ORIENTED_EDGE('',*,*,#4574,.T.);
#3004=ORIENTED_EDGE('',*,*,#4665,.F.);
#3005=ORIENTED_EDGE('',*,*,#4677,.F.);
#3006=ORIENTED_EDGE('',*,*,#4678,.F.);
#3007=ORIENTED_EDGE('',*,*,#4675,.F.);
#3008=ORIENTED_EDGE('',*,*,#4666,.F.);
#3009=ORIENTED_EDGE('',*,*,#4657,.F.);
#3010=ORIENTED_EDGE('',*,*,#4648,.F.);
#3011=ORIENTED_EDGE('',*,*,#4644,.F.);
#3012=ORIENTED_EDGE('',*,*,#4613,.F.);
#3013=ORIENTED_EDGE('',*,*,#4606,.F.);
#3014=ORIENTED_EDGE('',*,*,#4622,.F.);
#3015=ORIENTED_EDGE('',*,*,#4628,.F.);
#3016=ORIENTED_EDGE('',*,*,#4637,.F.);
#3017=ORIENTED_EDGE('',*,*,#4679,.F.);
#3018=ORIENTED_EDGE('',*,*,#4680,.T.);
#3019=ORIENTED_EDGE('',*,*,#4681,.T.);
#3020=ORIENTED_EDGE('',*,*,#4682,.T.);
#3021=ORIENTED_EDGE('',*,*,#4683,.F.);
#3022=ORIENTED_EDGE('',*,*,#4684,.T.);
#3023=ORIENTED_EDGE('',*,*,#4685,.F.);
#3024=ORIENTED_EDGE('',*,*,#4686,.T.);
#3025=ORIENTED_EDGE('',*,*,#4687,.T.);
#3026=ORIENTED_EDGE('',*,*,#4688,.F.);
#3027=ORIENTED_EDGE('',*,*,#4689,.F.);
#3028=ORIENTED_EDGE('',*,*,#4690,.T.);
#3029=ORIENTED_EDGE('',*,*,#4691,.F.);
#3030=ORIENTED_EDGE('',*,*,#4692,.F.);
#3031=ORIENTED_EDGE('',*,*,#4693,.F.);
#3032=ORIENTED_EDGE('',*,*,#4694,.F.);
#3033=ORIENTED_EDGE('',*,*,#4695,.F.);
#3034=ORIENTED_EDGE('',*,*,#4696,.F.);
#3035=ORIENTED_EDGE('',*,*,#4697,.F.);
#3036=ORIENTED_EDGE('',*,*,#4698,.T.);
#3037=ORIENTED_EDGE('',*,*,#4699,.T.);
#3038=ORIENTED_EDGE('',*,*,#4700,.T.);
#3039=ORIENTED_EDGE('',*,*,#4701,.F.);
#3040=ORIENTED_EDGE('',*,*,#4702,.T.);
#3041=ORIENTED_EDGE('',*,*,#4703,.T.);
#3042=ORIENTED_EDGE('',*,*,#4704,.T.);
#3043=ORIENTED_EDGE('',*,*,#4705,.F.);
#3044=ORIENTED_EDGE('',*,*,#4706,.T.);
#3045=ORIENTED_EDGE('',*,*,#4707,.T.);
#3046=ORIENTED_EDGE('',*,*,#4708,.T.);
#3047=ORIENTED_EDGE('',*,*,#4709,.T.);
#3048=ORIENTED_EDGE('',*,*,#4710,.T.);
#3049=ORIENTED_EDGE('',*,*,#4711,.T.);
#3050=ORIENTED_EDGE('',*,*,#4712,.T.);
#3051=ORIENTED_EDGE('',*,*,#4713,.T.);
#3052=ORIENTED_EDGE('',*,*,#4714,.T.);
#3053=ORIENTED_EDGE('',*,*,#4715,.T.);
#3054=ORIENTED_EDGE('',*,*,#4716,.T.);
#3055=ORIENTED_EDGE('',*,*,#4717,.F.);
#3056=ORIENTED_EDGE('',*,*,#4718,.T.);
#3057=ORIENTED_EDGE('',*,*,#4719,.F.);
#3058=ORIENTED_EDGE('',*,*,#4720,.T.);
#3059=ORIENTED_EDGE('',*,*,#4721,.T.);
#3060=ORIENTED_EDGE('',*,*,#4722,.T.);
#3061=ORIENTED_EDGE('',*,*,#4723,.F.);
#3062=ORIENTED_EDGE('',*,*,#4724,.F.);
#3063=ORIENTED_EDGE('',*,*,#4725,.T.);
#3064=ORIENTED_EDGE('',*,*,#4726,.T.);
#3065=ORIENTED_EDGE('',*,*,#4727,.F.);
#3066=ORIENTED_EDGE('',*,*,#4728,.T.);
#3067=ORIENTED_EDGE('',*,*,#4729,.F.);
#3068=ORIENTED_EDGE('',*,*,#4723,.T.);
#3069=ORIENTED_EDGE('',*,*,#4730,.F.);
#3070=ORIENTED_EDGE('',*,*,#4731,.F.);
#3071=ORIENTED_EDGE('',*,*,#4732,.T.);
#3072=ORIENTED_EDGE('',*,*,#4733,.T.);
#3073=ORIENTED_EDGE('',*,*,#4734,.T.);
#3074=ORIENTED_EDGE('',*,*,#4735,.T.);
#3075=ORIENTED_EDGE('',*,*,#4721,.F.);
#3076=ORIENTED_EDGE('',*,*,#4736,.T.);
#3077=ORIENTED_EDGE('',*,*,#4737,.F.);
#3078=ORIENTED_EDGE('',*,*,#4738,.F.);
#3079=ORIENTED_EDGE('',*,*,#4725,.F.);
#3080=ORIENTED_EDGE('',*,*,#4739,.T.);
#3081=ORIENTED_EDGE('',*,*,#4740,.F.);
#3082=ORIENTED_EDGE('',*,*,#4741,.F.);
#3083=ORIENTED_EDGE('',*,*,#4742,.T.);
#3084=ORIENTED_EDGE('',*,*,#4743,.T.);
#3085=ORIENTED_EDGE('',*,*,#4727,.T.);
#3086=ORIENTED_EDGE('',*,*,#4744,.T.);
#3087=ORIENTED_EDGE('',*,*,#4745,.F.);
#3088=ORIENTED_EDGE('',*,*,#4746,.T.);
#3089=ORIENTED_EDGE('',*,*,#4747,.T.);
#3090=ORIENTED_EDGE('',*,*,#4748,.F.);
#3091=ORIENTED_EDGE('',*,*,#4749,.F.);
#3092=ORIENTED_EDGE('',*,*,#4750,.F.);
#3093=ORIENTED_EDGE('',*,*,#4751,.F.);
#3094=ORIENTED_EDGE('',*,*,#4752,.F.);
#3095=ORIENTED_EDGE('',*,*,#4753,.T.);
#3096=ORIENTED_EDGE('',*,*,#4754,.T.);
#3097=ORIENTED_EDGE('',*,*,#4743,.F.);
#3098=ORIENTED_EDGE('',*,*,#4755,.F.);
#3099=ORIENTED_EDGE('',*,*,#4730,.T.);
#3100=ORIENTED_EDGE('',*,*,#4756,.T.);
#3101=ORIENTED_EDGE('',*,*,#4739,.F.);
#3102=ORIENTED_EDGE('',*,*,#4728,.F.);
#3103=ORIENTED_EDGE('',*,*,#4748,.T.);
#3104=ORIENTED_EDGE('',*,*,#4757,.T.);
#3105=ORIENTED_EDGE('',*,*,#4729,.T.);
#3106=ORIENTED_EDGE('',*,*,#4758,.F.);
#3107=ORIENTED_EDGE('',*,*,#4736,.F.);
#3108=ORIENTED_EDGE('',*,*,#4724,.T.);
#3109=ORIENTED_EDGE('',*,*,#4737,.T.);
#3110=ORIENTED_EDGE('',*,*,#4758,.T.);
#3111=ORIENTED_EDGE('',*,*,#4733,.F.);
#3112=ORIENTED_EDGE('',*,*,#4759,.F.);
#3113=ORIENTED_EDGE('',*,*,#4757,.F.);
#3114=ORIENTED_EDGE('',*,*,#4747,.F.);
#3115=ORIENTED_EDGE('',*,*,#4760,.T.);
#3116=ORIENTED_EDGE('',*,*,#4740,.T.);
#3117=ORIENTED_EDGE('',*,*,#4732,.F.);
#3118=ORIENTED_EDGE('',*,*,#4761,.F.);
#3119=ORIENTED_EDGE('',*,*,#4738,.T.);
#3120=ORIENTED_EDGE('',*,*,#4759,.T.);
#3121=ORIENTED_EDGE('',*,*,#4741,.T.);
#3122=ORIENTED_EDGE('',*,*,#4760,.F.);
#3123=ORIENTED_EDGE('',*,*,#4746,.F.);
#3124=ORIENTED_EDGE('',*,*,#4762,.T.);
#3125=ORIENTED_EDGE('',*,*,#4691,.T.);
#3126=ORIENTED_EDGE('',*,*,#4763,.F.);
#3127=ORIENTED_EDGE('',*,*,#4693,.T.);
#3128=ORIENTED_EDGE('',*,*,#4764,.F.);
#3129=ORIENTED_EDGE('',*,*,#4745,.T.);
#3130=ORIENTED_EDGE('',*,*,#4765,.T.);
#3131=ORIENTED_EDGE('',*,*,#4712,.F.);
#3132=ORIENTED_EDGE('',*,*,#4711,.F.);
#3133=ORIENTED_EDGE('',*,*,#4766,.F.);
#3134=ORIENTED_EDGE('',*,*,#4767,.F.);
#3135=ORIENTED_EDGE('',*,*,#4768,.F.);
#3136=ORIENTED_EDGE('',*,*,#4703,.F.);
#3137=ORIENTED_EDGE('',*,*,#4702,.F.);
#3138=ORIENTED_EDGE('',*,*,#4701,.T.);
#3139=ORIENTED_EDGE('',*,*,#4769,.T.);
#3140=ORIENTED_EDGE('',*,*,#4770,.F.);
#3141=ORIENTED_EDGE('',*,*,#4771,.T.);
#3142=ORIENTED_EDGE('',*,*,#4717,.T.);
#3143=ORIENTED_EDGE('',*,*,#4716,.F.);
#3144=ORIENTED_EDGE('',*,*,#4772,.T.);
#3145=ORIENTED_EDGE('',*,*,#4734,.F.);
#3146=ORIENTED_EDGE('',*,*,#4761,.T.);
#3147=ORIENTED_EDGE('',*,*,#4731,.T.);
#3148=ORIENTED_EDGE('',*,*,#4755,.T.);
#3149=ORIENTED_EDGE('',*,*,#4742,.F.);
#3150=ORIENTED_EDGE('',*,*,#4762,.F.);
#3151=ORIENTED_EDGE('',*,*,#4772,.F.);
#3152=ORIENTED_EDGE('',*,*,#4715,.F.);
#3153=ORIENTED_EDGE('',*,*,#4773,.F.);
#3154=ORIENTED_EDGE('',*,*,#4735,.F.);
#3155=ORIENTED_EDGE('',*,*,#4773,.T.);
#3156=ORIENTED_EDGE('',*,*,#4714,.F.);
#3157=ORIENTED_EDGE('',*,*,#4774,.F.);
#3158=ORIENTED_EDGE('',*,*,#4726,.F.);
#3159=ORIENTED_EDGE('',*,*,#4756,.F.);
#3160=ORIENTED_EDGE('',*,*,#4722,.F.);
#3161=ORIENTED_EDGE('',*,*,#4765,.F.);
#3162=ORIENTED_EDGE('',*,*,#4744,.F.);
#3163=ORIENTED_EDGE('',*,*,#4774,.T.);
#3164=ORIENTED_EDGE('',*,*,#4713,.F.);
#3165=ORIENTED_EDGE('',*,*,#4695,.T.);
#3166=ORIENTED_EDGE('',*,*,#4754,.F.);
#3167=ORIENTED_EDGE('',*,*,#4696,.T.);
#3168=ORIENTED_EDGE('',*,*,#4753,.F.);
#3169=ORIENTED_EDGE('',*,*,#4775,.T.);
#3170=ORIENTED_EDGE('',*,*,#4776,.T.);
#3171=ORIENTED_EDGE('',*,*,#4777,.T.);
#3172=ORIENTED_EDGE('',*,*,#4778,.T.);
#3173=ORIENTED_EDGE('',*,*,#4779,.F.);
#3174=ORIENTED_EDGE('',*,*,#4780,.T.);
#3175=ORIENTED_EDGE('',*,*,#4781,.T.);
#3176=ORIENTED_EDGE('',*,*,#4776,.F.);
#3177=ORIENTED_EDGE('',*,*,#4782,.T.);
#3178=ORIENTED_EDGE('',*,*,#4783,.F.);
#3179=ORIENTED_EDGE('',*,*,#4784,.F.);
#3180=ORIENTED_EDGE('',*,*,#4778,.F.);
#3181=ORIENTED_EDGE('',*,*,#4785,.T.);
#3182=ORIENTED_EDGE('',*,*,#4783,.T.);
#3183=ORIENTED_EDGE('',*,*,#4786,.F.);
#3184=ORIENTED_EDGE('',*,*,#4787,.F.);
#3185=ORIENTED_EDGE('',*,*,#4781,.F.);
#3186=ORIENTED_EDGE('',*,*,#4788,.T.);
#3187=ORIENTED_EDGE('',*,*,#4789,.T.);
#3188=ORIENTED_EDGE('',*,*,#4790,.F.);
#3189=ORIENTED_EDGE('',*,*,#4786,.T.);
#3190=ORIENTED_EDGE('',*,*,#4782,.F.);
#3191=ORIENTED_EDGE('',*,*,#4777,.F.);
#3192=ORIENTED_EDGE('',*,*,#4784,.T.);
#3193=ORIENTED_EDGE('',*,*,#4785,.F.);
#3194=ORIENTED_EDGE('',*,*,#4791,.T.);
#3195=ORIENTED_EDGE('',*,*,#4792,.F.);
#3196=ORIENTED_EDGE('',*,*,#4793,.F.);
#3197=ORIENTED_EDGE('',*,*,#4779,.T.);
#3198=ORIENTED_EDGE('',*,*,#4775,.F.);
#3199=ORIENTED_EDGE('',*,*,#4794,.F.);
#3200=ORIENTED_EDGE('',*,*,#4795,.T.);
#3201=ORIENTED_EDGE('',*,*,#4768,.T.);
#3202=ORIENTED_EDGE('',*,*,#4792,.T.);
#3203=ORIENTED_EDGE('',*,*,#4796,.F.);
#3204=ORIENTED_EDGE('',*,*,#4797,.T.);
#3205=ORIENTED_EDGE('',*,*,#4798,.T.);
#3206=ORIENTED_EDGE('',*,*,#4683,.T.);
#3207=ORIENTED_EDGE('',*,*,#4799,.T.);
#3208=ORIENTED_EDGE('',*,*,#4800,.T.);
#3209=ORIENTED_EDGE('',*,*,#4796,.T.);
#3210=ORIENTED_EDGE('',*,*,#4682,.F.);
#3211=ORIENTED_EDGE('',*,*,#4801,.F.);
#3212=ORIENTED_EDGE('',*,*,#4802,.T.);
#3213=ORIENTED_EDGE('',*,*,#4794,.T.);
#3214=ORIENTED_EDGE('',*,*,#4791,.F.);
#3215=ORIENTED_EDGE('',*,*,#4787,.T.);
#3216=ORIENTED_EDGE('',*,*,#4790,.T.);
#3217=ORIENTED_EDGE('',*,*,#4681,.F.);
#3218=ORIENTED_EDGE('',*,*,#4803,.T.);
#3219=ORIENTED_EDGE('',*,*,#4804,.T.);
#3220=ORIENTED_EDGE('',*,*,#4801,.T.);
#3221=ORIENTED_EDGE('',*,*,#4805,.F.);
#3222=ORIENTED_EDGE('',*,*,#4806,.T.);
#3223=ORIENTED_EDGE('',*,*,#4807,.T.);
#3224=ORIENTED_EDGE('',*,*,#4808,.T.);
#3225=ORIENTED_EDGE('',*,*,#4707,.F.);
#3226=ORIENTED_EDGE('',*,*,#4809,.T.);
#3227=ORIENTED_EDGE('',*,*,#4810,.T.);
#3228=ORIENTED_EDGE('',*,*,#4811,.T.);
#3229=ORIENTED_EDGE('',*,*,#4709,.F.);
#3230=ORIENTED_EDGE('',*,*,#4812,.T.);
#3231=ORIENTED_EDGE('',*,*,#4813,.T.);
#3232=ORIENTED_EDGE('',*,*,#4814,.T.);
#3233=ORIENTED_EDGE('',*,*,#4705,.T.);
#3234=ORIENTED_EDGE('',*,*,#4815,.T.);
#3235=ORIENTED_EDGE('',*,*,#4766,.T.);
#3236=ORIENTED_EDGE('',*,*,#4816,.T.);
#3237=ORIENTED_EDGE('',*,*,#4799,.F.);
#3238=ORIENTED_EDGE('',*,*,#4789,.F.);
#3239=ORIENTED_EDGE('',*,*,#4793,.T.);
#3240=ORIENTED_EDGE('',*,*,#4767,.T.);
#3241=ORIENTED_EDGE('',*,*,#4788,.F.);
#3242=ORIENTED_EDGE('',*,*,#4780,.F.);
#3243=ORIENTED_EDGE('',*,*,#4817,.F.);
#3244=ORIENTED_EDGE('',*,*,#4818,.F.);
#3245=ORIENTED_EDGE('',*,*,#4819,.F.);
#3246=ORIENTED_EDGE('',*,*,#4820,.F.);
#3247=ORIENTED_EDGE('',*,*,#4821,.T.);
#3248=ORIENTED_EDGE('',*,*,#4820,.T.);
#3249=ORIENTED_EDGE('',*,*,#4822,.F.);
#3250=ORIENTED_EDGE('',*,*,#4823,.F.);
#3251=ORIENTED_EDGE('',*,*,#4824,.F.);
#3252=ORIENTED_EDGE('',*,*,#4818,.T.);
#3253=ORIENTED_EDGE('',*,*,#4825,.T.);
#3254=ORIENTED_EDGE('',*,*,#4826,.T.);
#3255=ORIENTED_EDGE('',*,*,#4827,.F.);
#3256=ORIENTED_EDGE('',*,*,#4828,.T.);
#3257=ORIENTED_EDGE('',*,*,#4829,.T.);
#3258=ORIENTED_EDGE('',*,*,#4826,.F.);
#3259=ORIENTED_EDGE('',*,*,#4822,.T.);
#3260=ORIENTED_EDGE('',*,*,#4819,.T.);
#3261=ORIENTED_EDGE('',*,*,#4824,.T.);
#3262=ORIENTED_EDGE('',*,*,#4829,.F.);
#3263=ORIENTED_EDGE('',*,*,#4830,.T.);
#3264=ORIENTED_EDGE('',*,*,#4831,.F.);
#3265=ORIENTED_EDGE('',*,*,#4832,.F.);
#3266=ORIENTED_EDGE('',*,*,#4825,.F.);
#3267=ORIENTED_EDGE('',*,*,#4817,.T.);
#3268=ORIENTED_EDGE('',*,*,#4821,.F.);
#3269=ORIENTED_EDGE('',*,*,#4833,.T.);
#3270=ORIENTED_EDGE('',*,*,#4834,.T.);
#3271=ORIENTED_EDGE('',*,*,#4835,.F.);
#3272=ORIENTED_EDGE('',*,*,#4827,.T.);
#3273=ORIENTED_EDGE('',*,*,#4769,.F.);
#3274=ORIENTED_EDGE('',*,*,#4836,.T.);
#3275=ORIENTED_EDGE('',*,*,#4837,.T.);
#3276=ORIENTED_EDGE('',*,*,#4834,.F.);
#3277=ORIENTED_EDGE('',*,*,#4838,.T.);
#3278=ORIENTED_EDGE('',*,*,#4839,.T.);
#3279=ORIENTED_EDGE('',*,*,#4840,.T.);
#3280=ORIENTED_EDGE('',*,*,#4687,.F.);
#3281=ORIENTED_EDGE('',*,*,#4840,.F.);
#3282=ORIENTED_EDGE('',*,*,#4841,.T.);
#3283=ORIENTED_EDGE('',*,*,#4842,.F.);
#3284=ORIENTED_EDGE('',*,*,#4830,.F.);
#3285=ORIENTED_EDGE('',*,*,#4828,.F.);
#3286=ORIENTED_EDGE('',*,*,#4835,.T.);
#3287=ORIENTED_EDGE('',*,*,#4837,.F.);
#3288=ORIENTED_EDGE('',*,*,#4843,.T.);
#3289=ORIENTED_EDGE('',*,*,#4844,.T.);
#3290=ORIENTED_EDGE('',*,*,#4688,.T.);
#3291=ORIENTED_EDGE('',*,*,#4845,.T.);
#3292=ORIENTED_EDGE('',*,*,#4846,.T.);
#3293=ORIENTED_EDGE('',*,*,#4689,.T.);
#3294=ORIENTED_EDGE('',*,*,#4844,.F.);
#3295=ORIENTED_EDGE('',*,*,#4847,.F.);
#3296=ORIENTED_EDGE('',*,*,#4848,.T.);
#3297=ORIENTED_EDGE('',*,*,#4849,.T.);
#3298=ORIENTED_EDGE('',*,*,#4850,.T.);
#3299=ORIENTED_EDGE('',*,*,#4697,.T.);
#3300=ORIENTED_EDGE('',*,*,#4851,.T.);
#3301=ORIENTED_EDGE('',*,*,#4719,.T.);
#3302=ORIENTED_EDGE('',*,*,#4852,.T.);
#3303=ORIENTED_EDGE('',*,*,#4853,.T.);
#3304=ORIENTED_EDGE('',*,*,#4854,.T.);
#3305=ORIENTED_EDGE('',*,*,#4699,.F.);
#3306=ORIENTED_EDGE('',*,*,#4855,.T.);
#3307=ORIENTED_EDGE('',*,*,#4856,.T.);
#3308=ORIENTED_EDGE('',*,*,#4857,.T.);
#3309=ORIENTED_EDGE('',*,*,#4842,.T.);
#3310=ORIENTED_EDGE('',*,*,#4858,.T.);
#3311=ORIENTED_EDGE('',*,*,#4771,.F.);
#3312=ORIENTED_EDGE('',*,*,#4831,.T.);
#3313=ORIENTED_EDGE('',*,*,#4832,.T.);
#3314=ORIENTED_EDGE('',*,*,#4770,.T.);
#3315=ORIENTED_EDGE('',*,*,#4833,.F.);
#3316=ORIENTED_EDGE('',*,*,#4823,.T.);
#3317=ORIENTED_EDGE('',*,*,#4859,.F.);
#3318=ORIENTED_EDGE('',*,*,#4749,.T.);
#3319=ORIENTED_EDGE('',*,*,#4860,.F.);
#3320=ORIENTED_EDGE('',*,*,#4859,.T.);
#3321=ORIENTED_EDGE('',*,*,#4861,.F.);
#3322=ORIENTED_EDGE('',*,*,#4750,.T.);
#3323=ORIENTED_EDGE('',*,*,#4862,.F.);
#3324=ORIENTED_EDGE('',*,*,#4861,.T.);
#3325=ORIENTED_EDGE('',*,*,#4863,.F.);
#3326=ORIENTED_EDGE('',*,*,#4752,.T.);
#3327=ORIENTED_EDGE('',*,*,#4764,.T.);
#3328=ORIENTED_EDGE('',*,*,#4863,.T.);
#3329=ORIENTED_EDGE('',*,*,#4864,.F.);
#3330=ORIENTED_EDGE('',*,*,#4751,.T.);
#3331=ORIENTED_EDGE('',*,*,#4763,.T.);
#3332=ORIENTED_EDGE('',*,*,#4864,.T.);
#3333=ORIENTED_EDGE('',*,*,#4865,.T.);
#3334=ORIENTED_EDGE('',*,*,#4865,.F.);
#3335=ORIENTED_EDGE('',*,*,#4860,.T.);
#3336=ORIENTED_EDGE('',*,*,#4866,.T.);
#3337=ORIENTED_EDGE('',*,*,#4866,.F.);
#3338=ORIENTED_EDGE('',*,*,#4862,.T.);
#3339=ORIENTED_EDGE('',*,*,#4867,.T.);
#3340=ORIENTED_EDGE('',*,*,#4694,.T.);
#3341=ORIENTED_EDGE('',*,*,#4868,.T.);
#3342=ORIENTED_EDGE('',*,*,#4869,.F.);
#3343=ORIENTED_EDGE('',*,*,#4870,.T.);
#3344=ORIENTED_EDGE('',*,*,#4692,.T.);
#3345=ORIENTED_EDGE('',*,*,#4871,.T.);
#3346=ORIENTED_EDGE('',*,*,#4872,.F.);
#3347=ORIENTED_EDGE('',*,*,#4873,.T.);
#3348=ORIENTED_EDGE('',*,*,#4874,.T.);
#3349=ORIENTED_EDGE('',*,*,#4869,.T.);
#3350=ORIENTED_EDGE('',*,*,#4875,.T.);
#3351=ORIENTED_EDGE('',*,*,#4876,.T.);
#3352=ORIENTED_EDGE('',*,*,#4872,.T.);
#3353=ORIENTED_EDGE('',*,*,#4720,.F.);
#3354=ORIENTED_EDGE('',*,*,#4854,.F.);
#3355=ORIENTED_EDGE('',*,*,#4877,.F.);
#3356=ORIENTED_EDGE('',*,*,#4851,.F.);
#3357=ORIENTED_EDGE('',*,*,#4877,.T.);
#3358=ORIENTED_EDGE('',*,*,#4853,.F.);
#3359=ORIENTED_EDGE('',*,*,#4878,.F.);
#3360=ORIENTED_EDGE('',*,*,#4838,.F.);
#3361=ORIENTED_EDGE('',*,*,#4686,.F.);
#3362=ORIENTED_EDGE('',*,*,#4879,.F.);
#3363=ORIENTED_EDGE('',*,*,#4718,.F.);
#3364=ORIENTED_EDGE('',*,*,#4858,.F.);
#3365=ORIENTED_EDGE('',*,*,#4841,.F.);
#3366=ORIENTED_EDGE('',*,*,#4839,.F.);
#3367=ORIENTED_EDGE('',*,*,#4878,.T.);
#3368=ORIENTED_EDGE('',*,*,#4852,.F.);
#3369=ORIENTED_EDGE('',*,*,#4700,.F.);
#3370=ORIENTED_EDGE('',*,*,#4857,.F.);
#3371=ORIENTED_EDGE('',*,*,#4880,.F.);
#3372=ORIENTED_EDGE('',*,*,#4845,.F.);
#3373=ORIENTED_EDGE('',*,*,#4843,.F.);
#3374=ORIENTED_EDGE('',*,*,#4836,.F.);
#3375=ORIENTED_EDGE('',*,*,#4880,.T.);
#3376=ORIENTED_EDGE('',*,*,#4856,.F.);
#3377=ORIENTED_EDGE('',*,*,#4881,.F.);
#3378=ORIENTED_EDGE('',*,*,#4882,.F.);
#3379=ORIENTED_EDGE('',*,*,#4690,.F.);
#3380=ORIENTED_EDGE('',*,*,#4846,.F.);
#3381=ORIENTED_EDGE('',*,*,#4881,.T.);
#3382=ORIENTED_EDGE('',*,*,#4855,.F.);
#3383=ORIENTED_EDGE('',*,*,#4698,.F.);
#3384=ORIENTED_EDGE('',*,*,#4850,.F.);
#3385=ORIENTED_EDGE('',*,*,#4708,.F.);
#3386=ORIENTED_EDGE('',*,*,#4808,.F.);
#3387=ORIENTED_EDGE('',*,*,#4883,.F.);
#3388=ORIENTED_EDGE('',*,*,#4812,.F.);
#3389=ORIENTED_EDGE('',*,*,#4684,.F.);
#3390=ORIENTED_EDGE('',*,*,#4798,.F.);
#3391=ORIENTED_EDGE('',*,*,#4884,.F.);
#3392=ORIENTED_EDGE('',*,*,#4810,.F.);
#3393=ORIENTED_EDGE('',*,*,#4883,.T.);
#3394=ORIENTED_EDGE('',*,*,#4885,.F.);
#3395=ORIENTED_EDGE('',*,*,#4710,.F.);
#3396=ORIENTED_EDGE('',*,*,#4811,.F.);
#3397=ORIENTED_EDGE('',*,*,#4884,.T.);
#3398=ORIENTED_EDGE('',*,*,#4797,.F.);
#3399=ORIENTED_EDGE('',*,*,#4800,.F.);
#3400=ORIENTED_EDGE('',*,*,#4816,.F.);
#3401=ORIENTED_EDGE('',*,*,#4802,.F.);
#3402=ORIENTED_EDGE('',*,*,#4804,.F.);
#3403=ORIENTED_EDGE('',*,*,#4886,.F.);
#3404=ORIENTED_EDGE('',*,*,#4815,.F.);
#3405=ORIENTED_EDGE('',*,*,#4704,.F.);
#3406=ORIENTED_EDGE('',*,*,#4795,.F.);
#3407=ORIENTED_EDGE('',*,*,#4680,.F.);
#3408=ORIENTED_EDGE('',*,*,#4887,.F.);
#3409=ORIENTED_EDGE('',*,*,#4888,.F.);
#3410=ORIENTED_EDGE('',*,*,#4813,.F.);
#3411=ORIENTED_EDGE('',*,*,#4886,.T.);
#3412=ORIENTED_EDGE('',*,*,#4803,.F.);
#3413=ORIENTED_EDGE('',*,*,#4888,.T.);
#3414=ORIENTED_EDGE('',*,*,#4809,.F.);
#3415=ORIENTED_EDGE('',*,*,#4706,.F.);
#3416=ORIENTED_EDGE('',*,*,#4814,.F.);
#3417=ORIENTED_EDGE('',*,*,#4876,.F.);
#3418=ORIENTED_EDGE('',*,*,#4875,.F.);
#3419=ORIENTED_EDGE('',*,*,#4874,.F.);
#3420=ORIENTED_EDGE('',*,*,#4873,.F.);
#3421=ORIENTED_EDGE('',*,*,#4867,.F.);
#3422=ORIENTED_EDGE('',*,*,#4868,.F.);
#3423=ORIENTED_EDGE('',*,*,#4870,.F.);
#3424=ORIENTED_EDGE('',*,*,#4871,.F.);
#3425=ORIENTED_EDGE('',*,*,#4889,.F.);
#3426=ORIENTED_EDGE('',*,*,#4890,.T.);
#3427=ORIENTED_EDGE('',*,*,#4847,.T.);
#3428=ORIENTED_EDGE('',*,*,#4879,.T.);
#3429=ORIENTED_EDGE('',*,*,#4891,.F.);
#3430=ORIENTED_EDGE('',*,*,#4849,.F.);
#3431=ORIENTED_EDGE('',*,*,#4892,.T.);
#3432=ORIENTED_EDGE('',*,*,#4893,.T.);
#3433=ORIENTED_EDGE('',*,*,#4894,.T.);
#3434=ORIENTED_EDGE('',*,*,#4882,.T.);
#3435=ORIENTED_EDGE('',*,*,#4895,.T.);
#3436=ORIENTED_EDGE('',*,*,#4896,.T.);
#3437=ORIENTED_EDGE('',*,*,#4897,.F.);
#3438=ORIENTED_EDGE('',*,*,#4898,.T.);
#3439=ORIENTED_EDGE('',*,*,#4807,.F.);
#3440=ORIENTED_EDGE('',*,*,#4899,.T.);
#3441=ORIENTED_EDGE('',*,*,#4900,.F.);
#3442=ORIENTED_EDGE('',*,*,#4901,.T.);
#3443=ORIENTED_EDGE('',*,*,#4885,.T.);
#3444=ORIENTED_EDGE('',*,*,#4902,.T.);
#3445=ORIENTED_EDGE('',*,*,#4903,.T.);
#3446=ORIENTED_EDGE('',*,*,#4805,.T.);
#3447=ORIENTED_EDGE('',*,*,#4887,.T.);
#3448=ORIENTED_EDGE('',*,*,#4904,.F.);
#3449=ORIENTED_EDGE('',*,*,#4905,.T.);
#3450=ORIENTED_EDGE('',*,*,#4906,.T.);
#3451=ORIENTED_EDGE('',*,*,#4907,.T.);
#3452=ORIENTED_EDGE('',*,*,#4908,.T.);
#3453=ORIENTED_EDGE('',*,*,#4685,.T.);
#3454=ORIENTED_EDGE('',*,*,#4894,.F.);
#3455=ORIENTED_EDGE('',*,*,#4909,.F.);
#3456=ORIENTED_EDGE('',*,*,#4891,.T.);
#3457=ORIENTED_EDGE('',*,*,#4897,.T.);
#3458=ORIENTED_EDGE('',*,*,#4910,.T.);
#3459=ORIENTED_EDGE('',*,*,#4889,.T.);
#3460=ORIENTED_EDGE('',*,*,#4909,.T.);
#3461=ORIENTED_EDGE('',*,*,#4893,.F.);
#3462=ORIENTED_EDGE('',*,*,#4911,.T.);
#3463=ORIENTED_EDGE('',*,*,#4679,.T.);
#3464=ORIENTED_EDGE('',*,*,#4901,.F.);
#3465=ORIENTED_EDGE('',*,*,#4912,.F.);
#3466=ORIENTED_EDGE('',*,*,#4904,.T.);
#3467=ORIENTED_EDGE('',*,*,#4900,.T.);
#3468=ORIENTED_EDGE('',*,*,#4913,.T.);
#3469=ORIENTED_EDGE('',*,*,#4905,.F.);
#3470=ORIENTED_EDGE('',*,*,#4914,.T.);
#3471=ORIENTED_EDGE('',*,*,#4902,.F.);
#3472=ORIENTED_EDGE('',*,*,#4912,.T.);
#3473=ORIENTED_EDGE('',*,*,#4911,.F.);
#3474=ORIENTED_EDGE('',*,*,#4892,.F.);
#3475=ORIENTED_EDGE('',*,*,#4915,.F.);
#3476=ORIENTED_EDGE('',*,*,#4898,.F.);
#3477=ORIENTED_EDGE('',*,*,#4915,.T.);
#3478=ORIENTED_EDGE('',*,*,#4848,.F.);
#3479=ORIENTED_EDGE('',*,*,#4916,.F.);
#3480=ORIENTED_EDGE('',*,*,#4895,.F.);
#3481=ORIENTED_EDGE('',*,*,#4916,.T.);
#3482=ORIENTED_EDGE('',*,*,#4890,.F.);
#3483=ORIENTED_EDGE('',*,*,#4910,.F.);
#3484=ORIENTED_EDGE('',*,*,#4896,.F.);
#3485=ORIENTED_EDGE('',*,*,#4914,.F.);
#3486=ORIENTED_EDGE('',*,*,#4908,.F.);
#3487=ORIENTED_EDGE('',*,*,#4917,.F.);
#3488=ORIENTED_EDGE('',*,*,#4903,.F.);
#3489=ORIENTED_EDGE('',*,*,#4917,.T.);
#3490=ORIENTED_EDGE('',*,*,#4907,.F.);
#3491=ORIENTED_EDGE('',*,*,#4918,.F.);
#3492=ORIENTED_EDGE('',*,*,#4806,.F.);
#3493=ORIENTED_EDGE('',*,*,#4913,.F.);
#3494=ORIENTED_EDGE('',*,*,#4899,.F.);
#3495=ORIENTED_EDGE('',*,*,#4918,.T.);
#3496=ORIENTED_EDGE('',*,*,#4906,.F.);
#3497=ORIENTED_EDGE('',*,*,#4919,.F.);
#3498=ORIENTED_EDGE('',*,*,#4920,.F.);
#3499=ORIENTED_EDGE('',*,*,#4921,.T.);
#3500=ORIENTED_EDGE('',*,*,#4922,.T.);
#3501=ORIENTED_EDGE('',*,*,#4923,.T.);
#3502=ORIENTED_EDGE('',*,*,#4924,.F.);
#3503=ORIENTED_EDGE('',*,*,#4925,.F.);
#3504=ORIENTED_EDGE('',*,*,#4920,.T.);
#3505=ORIENTED_EDGE('',*,*,#4926,.T.);
#3506=ORIENTED_EDGE('',*,*,#4927,.F.);
#3507=ORIENTED_EDGE('',*,*,#4928,.F.);
#3508=ORIENTED_EDGE('',*,*,#4924,.T.);
#3509=ORIENTED_EDGE('',*,*,#4929,.F.);
#3510=ORIENTED_EDGE('',*,*,#4922,.F.);
#3511=ORIENTED_EDGE('',*,*,#4930,.T.);
#3512=ORIENTED_EDGE('',*,*,#4927,.T.);
#3513=ORIENTED_EDGE('',*,*,#4931,.F.);
#3514=ORIENTED_EDGE('',*,*,#4921,.F.);
#3515=ORIENTED_EDGE('',*,*,#4925,.T.);
#3516=ORIENTED_EDGE('',*,*,#4928,.T.);
#3517=ORIENTED_EDGE('',*,*,#4930,.F.);
#3518=ORIENTED_EDGE('',*,*,#4919,.T.);
#3519=ORIENTED_EDGE('',*,*,#4929,.T.);
#3520=ORIENTED_EDGE('',*,*,#4926,.F.);
#3521=ORIENTED_EDGE('',*,*,#4923,.F.);
#3522=ORIENTED_EDGE('',*,*,#4932,.F.);
#3523=ORIENTED_EDGE('',*,*,#4931,.T.);
#3524=ORIENTED_EDGE('',*,*,#4932,.T.);
#3525=ORIENTED_EDGE('',*,*,#4933,.T.);
#3526=ORIENTED_EDGE('',*,*,#4934,.F.);
#3527=ORIENTED_EDGE('',*,*,#4935,.F.);
#3528=ORIENTED_EDGE('',*,*,#4936,.T.);
#3529=ORIENTED_EDGE('',*,*,#4937,.F.);
#3530=ORIENTED_EDGE('',*,*,#4936,.F.);
#3531=ORIENTED_EDGE('',*,*,#4938,.T.);
#3532=ORIENTED_EDGE('',*,*,#4939,.T.);
#3533=ORIENTED_EDGE('',*,*,#4940,.F.);
#3534=ORIENTED_EDGE('',*,*,#4939,.F.);
#3535=ORIENTED_EDGE('',*,*,#4941,.T.);
#3536=ORIENTED_EDGE('',*,*,#4942,.T.);
#3537=ORIENTED_EDGE('',*,*,#4943,.T.);
#3538=ORIENTED_EDGE('',*,*,#4942,.F.);
#3539=ORIENTED_EDGE('',*,*,#4944,.F.);
#3540=ORIENTED_EDGE('',*,*,#4934,.T.);
#3541=ORIENTED_EDGE('',*,*,#4945,.T.);
#3542=ORIENTED_EDGE('',*,*,#4935,.T.);
#3543=ORIENTED_EDGE('',*,*,#4944,.T.);
#3544=ORIENTED_EDGE('',*,*,#4941,.F.);
#3545=ORIENTED_EDGE('',*,*,#4938,.F.);
#3546=ORIENTED_EDGE('',*,*,#4933,.F.);
#3547=ORIENTED_EDGE('',*,*,#4937,.T.);
#3548=ORIENTED_EDGE('',*,*,#4940,.T.);
#3549=ORIENTED_EDGE('',*,*,#4943,.F.);
#3550=ORIENTED_EDGE('',*,*,#4946,.T.);
#3551=ORIENTED_EDGE('',*,*,#4945,.F.);
#3552=ORIENTED_EDGE('',*,*,#4946,.F.);
#3553=EDGE_CURVE('',#4947,#4948,#5863,.T.);
#3554=EDGE_CURVE('',#4949,#4947,#5864,.T.);
#3555=EDGE_CURVE('',#4950,#4949,#5865,.T.);
#3556=EDGE_CURVE('',#4951,#4950,#5866,.F.);
#3557=EDGE_CURVE('',#4952,#4951,#5867,.T.);
#3558=EDGE_CURVE('',#4948,#4952,#5868,.T.);
#3559=EDGE_CURVE('',#4953,#4954,#5869,.T.);
#3560=EDGE_CURVE('',#4955,#4953,#5870,.T.);
#3561=EDGE_CURVE('',#4956,#4955,#5871,.T.);
#3562=EDGE_CURVE('',#4957,#4956,#5872,.T.);
#3563=EDGE_CURVE('',#4958,#4957,#5873,.T.);
#3564=EDGE_CURVE('',#4954,#4958,#5874,.T.);
#3565=EDGE_CURVE('',#4959,#4960,#5875,.T.);
#3566=EDGE_CURVE('',#4961,#4959,#5876,.T.);
#3567=EDGE_CURVE('',#4962,#4961,#5877,.F.);
#3568=EDGE_CURVE('',#4963,#4962,#5878,.T.);
#3569=EDGE_CURVE('',#4964,#4963,#5879,.T.);
#3570=EDGE_CURVE('',#4960,#4964,#5880,.T.);
#3571=EDGE_CURVE('',#4965,#4966,#5881,.T.);
#3572=EDGE_CURVE('',#4967,#4965,#5882,.T.);
#3573=EDGE_CURVE('',#4968,#4967,#5883,.T.);
#3574=EDGE_CURVE('',#4969,#4968,#5884,.T.);
#3575=EDGE_CURVE('',#4970,#4969,#5885,.T.);
#3576=EDGE_CURVE('',#4966,#4970,#5886,.T.);
#3577=EDGE_CURVE('',#4971,#4961,#5887,.T.);
#3578=EDGE_CURVE('',#4972,#4959,#5888,.T.);
#3579=EDGE_CURVE('',#4971,#4972,#5889,.T.);
#3580=EDGE_CURVE('',#4973,#4968,#5890,.T.);
#3581=EDGE_CURVE('',#4974,#4967,#5891,.T.);
#3582=EDGE_CURVE('',#4974,#4973,#5892,.T.);
#3583=EDGE_CURVE('',#4969,#4975,#5893,.T.);
#3584=EDGE_CURVE('',#4969,#4976,#5894,.T.);
#3585=EDGE_CURVE('',#4976,#4977,#5895,.T.);
#3586=EDGE_CURVE('',#4977,#4961,#5896,.T.);
#3587=EDGE_CURVE('',#4978,#4971,#5897,.T.);
#3588=EDGE_CURVE('',#4979,#4978,#5898,.T.);
#3589=EDGE_CURVE('',#4979,#4975,#5899,.T.);
#3590=EDGE_CURVE('',#4980,#4963,#5900,.T.);
#3591=EDGE_CURVE('',#4962,#4981,#5901,.T.);
#3592=EDGE_CURVE('',#4981,#4980,#5902,.T.);
#3593=EDGE_CURVE('',#4982,#4983,#5903,.T.);
#3594=EDGE_CURVE('',#4983,#4984,#5904,.T.);
#3595=EDGE_CURVE('',#4984,#4985,#5905,.T.);
#3596=EDGE_CURVE('',#4985,#4982,#5906,.T.);
#3597=EDGE_CURVE('',#4986,#4987,#5907,.T.);
#3598=EDGE_CURVE('',#4986,#4988,#5908,.T.);
#3599=EDGE_CURVE('',#4988,#4989,#5909,.T.);
#3600=EDGE_CURVE('',#4987,#4989,#5910,.T.);
#3601=EDGE_CURVE('',#4965,#4986,#5911,.T.);
#3602=EDGE_CURVE('',#4966,#4988,#5912,.T.);
#3603=EDGE_CURVE('',#4970,#4990,#5913,.T.);
#3604=EDGE_CURVE('',#4991,#4990,#5914,.T.);
#3605=EDGE_CURVE('',#4991,#4992,#5915,.T.);
#3606=EDGE_CURVE('',#4992,#4972,#5916,.T.);
#3607=EDGE_CURVE('',#4960,#4989,#5917,.T.);
#3608=EDGE_CURVE('',#4964,#4987,#5918,.T.);
#3609=EDGE_CURVE('',#4975,#4990,#5919,.T.);
#3610=EDGE_CURVE('',#4993,#4994,#5920,.T.);
#3611=EDGE_CURVE('',#4991,#4994,#5921,.T.);
#3612=EDGE_CURVE('',#4979,#4995,#5922,.T.);
#3613=EDGE_CURVE('',#4993,#4995,#5923,.T.);
#3614=EDGE_CURVE('',#4978,#4996,#5924,.T.);
#3615=EDGE_CURVE('',#4992,#4997,#5925,.T.);
#3616=EDGE_CURVE('',#4998,#4997,#5926,.T.);
#3617=EDGE_CURVE('',#4996,#4998,#5927,.T.);
#3618=EDGE_CURVE('',#4994,#4997,#5928,.T.);
#3619=EDGE_CURVE('',#4998,#4993,#5929,.T.);
#3620=EDGE_CURVE('',#4995,#4996,#5930,.T.);
#3621=EDGE_CURVE('',#4947,#4999,#5931,.T.);
#3622=EDGE_CURVE('',#5000,#4999,#5932,.T.);
#3623=EDGE_CURVE('',#4958,#5000,#5933,.T.);
#3624=EDGE_CURVE('',#5001,#4957,#5934,.T.);
#3625=EDGE_CURVE('',#5001,#5002,#5935,.T.);
#3626=EDGE_CURVE('',#5002,#5003,#5936,.T.);
#3627=EDGE_CURVE('',#5003,#5004,#5937,.T.);
#3628=EDGE_CURVE('',#5004,#4949,#5938,.T.);
#3629=EDGE_CURVE('',#4980,#4983,#5939,.T.);
#3630=EDGE_CURVE('',#4982,#4974,#5940,.T.);
#3631=EDGE_CURVE('',#5005,#5006,#5941,.T.);
#3632=EDGE_CURVE('',#5005,#5007,#5942,.T.);
#3633=EDGE_CURVE('',#5007,#5008,#5943,.T.);
#3634=EDGE_CURVE('',#5008,#5009,#5944,.F.);
#3635=EDGE_CURVE('',#5009,#5010,#5945,.T.);
#3636=EDGE_CURVE('',#5010,#5011,#5946,.T.);
#3637=EDGE_CURVE('',#5012,#5011,#5947,.T.);
#3638=EDGE_CURVE('',#5012,#5006,#5948,.F.);
#3639=EDGE_CURVE('',#5013,#5014,#5949,.T.);
#3640=EDGE_CURVE('',#5013,#5015,#5950,.T.);
#3641=EDGE_CURVE('',#5015,#5016,#5951,.T.);
#3642=EDGE_CURVE('',#5016,#5017,#5952,.T.);
#3643=EDGE_CURVE('',#5017,#5018,#5953,.T.);
#3644=EDGE_CURVE('',#5018,#5019,#5954,.T.);
#3645=EDGE_CURVE('',#5019,#5020,#5955,.T.);
#3646=EDGE_CURVE('',#5020,#5014,#5956,.T.);
#3647=EDGE_CURVE('',#5021,#5021,#501,.T.);
#3648=EDGE_CURVE('',#5022,#5022,#502,.T.);
#3649=EDGE_CURVE('',#5023,#4952,#5957,.T.);
#3650=EDGE_CURVE('',#5024,#4951,#5958,.T.);
#3651=EDGE_CURVE('',#5024,#5023,#5959,.T.);
#3652=EDGE_CURVE('',#4956,#5025,#5960,.T.);
#3653=EDGE_CURVE('',#5025,#5001,#5961,.T.);
#3654=EDGE_CURVE('',#5026,#5027,#5962,.T.);
#3655=EDGE_CURVE('',#5027,#4955,#5963,.T.);
#3656=EDGE_CURVE('',#4955,#5028,#5964,.T.);
#3657=EDGE_CURVE('',#5029,#5028,#5965,.T.);
#3658=EDGE_CURVE('',#5029,#5030,#5966,.T.);
#3659=EDGE_CURVE('',#5030,#5024,#5967,.T.);
#3660=EDGE_CURVE('',#4951,#5026,#5968,.T.);
#3661=EDGE_CURVE('',#5031,#4950,#5969,.T.);
#3662=EDGE_CURVE('',#5004,#5031,#5970,.T.);
#3663=EDGE_CURVE('',#5032,#5033,#5971,.T.);
#3664=EDGE_CURVE('',#5033,#5003,#5972,.T.);
#3665=EDGE_CURVE('',#5002,#5032,#5973,.T.);
#3666=EDGE_CURVE('',#4999,#5034,#5974,.T.);
#3667=EDGE_CURVE('',#5035,#5034,#5975,.T.);
#3668=EDGE_CURVE('',#5000,#5035,#5976,.T.);
#3669=EDGE_CURVE('',#4954,#5035,#5977,.T.);
#3670=EDGE_CURVE('',#4953,#5036,#5978,.T.);
#3671=EDGE_CURVE('',#4948,#5034,#5979,.T.);
#3672=EDGE_CURVE('',#5037,#5023,#5980,.T.);
#3673=EDGE_CURVE('',#5038,#5037,#5981,.T.);
#3674=EDGE_CURVE('',#5038,#5036,#5982,.T.);
#3675=EDGE_CURVE('',#5028,#5036,#5983,.T.);
#3676=EDGE_CURVE('',#5039,#5040,#5984,.T.);
#3677=EDGE_CURVE('',#5039,#5041,#5985,.T.);
#3678=EDGE_CURVE('',#5029,#5041,#5986,.T.);
#3679=EDGE_CURVE('',#5038,#5040,#5987,.T.);
#3680=EDGE_CURVE('',#5030,#5042,#5988,.T.);
#3681=EDGE_CURVE('',#5042,#5043,#5989,.T.);
#3682=EDGE_CURVE('',#5043,#5044,#5990,.T.);
#3683=EDGE_CURVE('',#5037,#5044,#5991,.T.);
#3684=EDGE_CURVE('',#5040,#5044,#5992,.T.);
#3685=EDGE_CURVE('',#5043,#5039,#5993,.T.);
#3686=EDGE_CURVE('',#5041,#5042,#5994,.T.);
#3687=EDGE_CURVE('',#5009,#5045,#5995,.T.);
#3688=EDGE_CURVE('',#5045,#5046,#5996,.T.);
#3689=EDGE_CURVE('',#5046,#5010,#5997,.T.);
#3690=EDGE_CURVE('',#5047,#5048,#5998,.T.);
#3691=EDGE_CURVE('',#5048,#5012,#5999,.T.);
#3692=EDGE_CURVE('',#5011,#5047,#6000,.T.);
#3693=EDGE_CURVE('',#5049,#5050,#6001,.T.);
#3694=EDGE_CURVE('',#5050,#5005,#6002,.T.);
#3695=EDGE_CURVE('',#5006,#5049,#6003,.T.);
#3696=EDGE_CURVE('',#5007,#5051,#6004,.T.);
#3697=EDGE_CURVE('',#5051,#5052,#6005,.T.);
#3698=EDGE_CURVE('',#5052,#5008,#6006,.T.);
#3699=EDGE_CURVE('',#5053,#5054,#6007,.T.);
#3700=EDGE_CURVE('',#5055,#5054,#6008,.T.);
#3701=EDGE_CURVE('',#5056,#5055,#6009,.T.);
#3702=EDGE_CURVE('',#5056,#5053,#6010,.T.);
#3703=EDGE_CURVE('',#5053,#5057,#6011,.T.);
#3704=EDGE_CURVE('',#5056,#5058,#6012,.T.);
#3705=EDGE_CURVE('',#5058,#5057,#6013,.T.);
#3706=EDGE_CURVE('',#5057,#5059,#6014,.T.);
#3707=EDGE_CURVE('',#5058,#5060,#6015,.T.);
#3708=EDGE_CURVE('',#5060,#5059,#6016,.T.);
#3709=EDGE_CURVE('',#5054,#5059,#6017,.T.);
#3710=EDGE_CURVE('',#5055,#5060,#6018,.T.);
#3711=EDGE_CURVE('',#5061,#5062,#6019,.T.);
#3712=EDGE_CURVE('',#5061,#5063,#6020,.T.);
#3713=EDGE_CURVE('',#5063,#5064,#6021,.T.);
#3714=EDGE_CURVE('',#5062,#5064,#6022,.T.);
#3715=EDGE_CURVE('',#5065,#5066,#6023,.T.);
#3716=EDGE_CURVE('',#5067,#5065,#6024,.T.);
#3717=EDGE_CURVE('',#5067,#5068,#6025,.T.);
#3718=EDGE_CURVE('',#5068,#5066,#6026,.T.);
#3719=EDGE_CURVE('',#5069,#5070,#6027,.T.);
#3720=EDGE_CURVE('',#5064,#5070,#6028,.T.);
#3721=EDGE_CURVE('',#5063,#5071,#6029,.T.);
#3722=EDGE_CURVE('',#5072,#5071,#6030,.T.);
#3723=EDGE_CURVE('',#5072,#5069,#6031,.T.);
#3724=EDGE_CURVE('',#5073,#5074,#6032,.T.);
#3725=EDGE_CURVE('',#5074,#5017,#6033,.F.);
#3726=EDGE_CURVE('',#5020,#5075,#6034,.T.);
#3727=EDGE_CURVE('',#5076,#5075,#6035,.T.);
#3728=EDGE_CURVE('',#5076,#5072,#6036,.T.);
#3729=EDGE_CURVE('',#5071,#5077,#6037,.T.);
#3730=EDGE_CURVE('',#5078,#5077,#6038,.T.);
#3731=EDGE_CURVE('',#5073,#5078,#6039,.T.);
#3732=EDGE_CURVE('',#5075,#5061,#6040,.T.);
#3733=EDGE_CURVE('',#5062,#5079,#6041,.T.);
#3734=EDGE_CURVE('',#5080,#5079,#6042,.T.);
#3735=EDGE_CURVE('',#5076,#5080,#6043,.T.);
#3736=EDGE_CURVE('',#5079,#5070,#6044,.T.);
#3737=EDGE_CURVE('',#5080,#5069,#6045,.T.);
#3738=EDGE_CURVE('',#5081,#5077,#6046,.T.);
#3739=EDGE_CURVE('',#5081,#5082,#6047,.T.);
#3740=EDGE_CURVE('',#5082,#5066,#6048,.T.);
#3741=EDGE_CURVE('',#5078,#5068,#6049,.T.);
#3742=EDGE_CURVE('',#5083,#5084,#6050,.T.);
#3743=EDGE_CURVE('',#5083,#5074,#6051,.T.);
#3744=EDGE_CURVE('',#5073,#5067,#6052,.T.);
#3745=EDGE_CURVE('',#5084,#5065,#6053,.T.);
#3746=EDGE_CURVE('',#5085,#5085,#503,.T.);
#3747=EDGE_CURVE('',#5063,#5081,#6054,.T.);
#3748=EDGE_CURVE('',#5086,#5086,#504,.T.);
#3749=EDGE_CURVE('',#5087,#5087,#505,.T.);
#3750=EDGE_CURVE('',#5088,#5088,#506,.T.);
#3751=EDGE_CURVE('',#5089,#5089,#507,.T.);
#3752=EDGE_CURVE('',#5090,#5090,#508,.T.);
#3753=EDGE_CURVE('',#5091,#5091,#509,.T.);
#3754=EDGE_CURVE('',#5092,#5092,#510,.T.);
#3755=EDGE_CURVE('',#5084,#5082,#6055,.T.);
#3756=EDGE_CURVE('',#5093,#5093,#511,.T.);
#3757=EDGE_CURVE('',#5081,#5083,#6056,.T.);
#3758=EDGE_CURVE('',#5094,#5094,#512,.T.);
#3759=EDGE_CURVE('',#5061,#5019,#6057,.T.);
#3760=EDGE_CURVE('',#5083,#5018,#6058,.F.);
#3761=EDGE_CURVE('',#5047,#5046,#6059,.T.);
#3762=EDGE_CURVE('',#5047,#5053,#6060,.T.);
#3763=EDGE_CURVE('',#5053,#5046,#6061,.F.);
#3764=EDGE_CURVE('',#5045,#5052,#6062,.F.);
#3765=EDGE_CURVE('',#5054,#5045,#6063,.T.);
#3766=EDGE_CURVE('',#5048,#5057,#6064,.F.);
#3767=EDGE_CURVE('',#5049,#5048,#6065,.F.);
#3768=EDGE_CURVE('',#5054,#5052,#6066,.F.);
#3769=EDGE_CURVE('',#5049,#5057,#6067,.T.);
#3770=EDGE_CURVE('',#5059,#5051,#6068,.T.);
#3771=EDGE_CURVE('',#5050,#5059,#6069,.F.);
#3772=EDGE_CURVE('',#5050,#5051,#6070,.F.);
#3773=EDGE_CURVE('',#4981,#4977,#6071,.F.);
#3774=EDGE_CURVE('',#4984,#4981,#6072,.T.);
#3775=EDGE_CURVE('',#4984,#4977,#6073,.F.);
#3776=EDGE_CURVE('',#4985,#4976,#6074,.T.);
#3777=EDGE_CURVE('',#4973,#4985,#6075,.T.);
#3778=EDGE_CURVE('',#4973,#4976,#6076,.T.);
#3779=EDGE_CURVE('',#5031,#5033,#6077,.T.);
#3780=EDGE_CURVE('',#5026,#5031,#6078,.F.);
#3781=EDGE_CURVE('',#5026,#5033,#6079,.F.);
#3782=EDGE_CURVE('',#5032,#5025,#6080,.T.);
#3783=EDGE_CURVE('',#5027,#5032,#6081,.T.);
#3784=EDGE_CURVE('',#5027,#5025,#6082,.T.);
#3785=EDGE_CURVE('',#5095,#5095,#513,.F.);
#3786=EDGE_CURVE('',#5096,#5096,#514,.F.);
#3787=EDGE_CURVE('',#5097,#5097,#515,.T.);
#3788=EDGE_CURVE('',#5098,#5098,#516,.F.);
#3789=EDGE_CURVE('',#5099,#5100,#26,.T.);
#3790=EDGE_CURVE('',#5100,#5101,#517,.T.);
#3791=EDGE_CURVE('',#5101,#5102,#27,.T.);
#3792=EDGE_CURVE('',#5103,#5102,#6083,.T.);
#3793=EDGE_CURVE('',#5103,#5104,#28,.T.);
#3794=EDGE_CURVE('',#5104,#5105,#518,.T.);
#3795=EDGE_CURVE('',#5105,#5106,#29,.T.);
#3796=EDGE_CURVE('',#5106,#5107,#6084,.T.);
#3797=EDGE_CURVE('',#5107,#5108,#30,.T.);
#3798=EDGE_CURVE('',#5108,#5109,#519,.T.);
#3799=EDGE_CURVE('',#5109,#5110,#31,.T.);
#3800=EDGE_CURVE('',#5111,#5110,#6085,.T.);
#3801=EDGE_CURVE('',#5111,#5112,#32,.T.);
#3802=EDGE_CURVE('',#5112,#5113,#520,.T.);
#3803=EDGE_CURVE('',#5113,#5114,#33,.T.);
#3804=EDGE_CURVE('',#5114,#5115,#6086,.T.);
#3805=EDGE_CURVE('',#5115,#5116,#34,.T.);
#3806=EDGE_CURVE('',#5116,#5117,#521,.T.);
#3807=EDGE_CURVE('',#5117,#5118,#35,.T.);
#3808=EDGE_CURVE('',#5119,#5118,#6087,.T.);
#3809=EDGE_CURVE('',#5119,#5120,#36,.T.);
#3810=EDGE_CURVE('',#5120,#5121,#522,.T.);
#3811=EDGE_CURVE('',#5121,#5122,#37,.T.);
#3812=EDGE_CURVE('',#5122,#5123,#6088,.T.);
#3813=EDGE_CURVE('',#5123,#5124,#38,.T.);
#3814=EDGE_CURVE('',#5124,#5125,#523,.T.);
#3815=EDGE_CURVE('',#5125,#5126,#39,.T.);
#3816=EDGE_CURVE('',#5127,#5126,#6089,.T.);
#3817=EDGE_CURVE('',#5127,#5128,#40,.T.);
#3818=EDGE_CURVE('',#5128,#5129,#524,.T.);
#3819=EDGE_CURVE('',#5129,#5130,#41,.T.);
#3820=EDGE_CURVE('',#5130,#5131,#6090,.T.);
#3821=EDGE_CURVE('',#5131,#5132,#42,.T.);
#3822=EDGE_CURVE('',#5132,#5133,#525,.T.);
#3823=EDGE_CURVE('',#5133,#5134,#43,.T.);
#3824=EDGE_CURVE('',#5135,#5134,#6091,.T.);
#3825=EDGE_CURVE('',#5135,#5136,#44,.T.);
#3826=EDGE_CURVE('',#5136,#5137,#526,.T.);
#3827=EDGE_CURVE('',#5137,#5138,#45,.T.);
#3828=EDGE_CURVE('',#5138,#5099,#6092,.T.);
#3829=EDGE_CURVE('',#5139,#5139,#527,.T.);
#3830=EDGE_CURVE('',#5140,#5125,#6093,.F.);
#3831=EDGE_CURVE('',#5124,#5141,#6094,.T.);
#3832=EDGE_CURVE('',#5142,#5141,#528,.T.);
#3833=EDGE_CURVE('',#5142,#5143,#529,.F.);
#3834=EDGE_CURVE('',#5143,#5117,#6095,.F.);
#3835=EDGE_CURVE('',#5116,#5144,#6096,.T.);
#3836=EDGE_CURVE('',#5145,#5144,#530,.T.);
#3837=EDGE_CURVE('',#5145,#5109,#6097,.F.);
#3838=EDGE_CURVE('',#5108,#5146,#6098,.T.);
#3839=EDGE_CURVE('',#5147,#5146,#531,.T.);
#3840=EDGE_CURVE('',#5147,#5101,#6099,.F.);
#3841=EDGE_CURVE('',#5100,#5148,#6100,.T.);
#3842=EDGE_CURVE('',#5149,#5148,#532,.T.);
#3843=EDGE_CURVE('',#5149,#5133,#6101,.F.);
#3844=EDGE_CURVE('',#5132,#5150,#6102,.T.);
#3845=EDGE_CURVE('',#5150,#5140,#533,.F.);
#3846=EDGE_CURVE('',#5151,#5152,#6103,.T.);
#3847=EDGE_CURVE('',#5153,#5152,#6104,.T.);
#3848=EDGE_CURVE('',#5154,#5153,#6105,.T.);
#3849=EDGE_CURVE('',#5154,#5151,#6106,.T.);
#3850=EDGE_CURVE('',#5155,#5152,#534,.T.);
#3851=EDGE_CURVE('',#5156,#5155,#6107,.T.);
#3852=EDGE_CURVE('',#5156,#5153,#535,.T.);
#3853=EDGE_CURVE('',#5157,#5155,#6108,.T.);
#3854=EDGE_CURVE('',#5158,#5157,#6109,.T.);
#3855=EDGE_CURVE('',#5158,#5156,#6110,.T.);
#3856=EDGE_CURVE('',#5151,#5157,#536,.T.);
#3857=EDGE_CURVE('',#5154,#5158,#537,.T.);
#3858=EDGE_CURVE('',#5102,#5159,#6111,.T.);
#3859=EDGE_CURVE('',#5160,#5159,#6112,.T.);
#3860=EDGE_CURVE('',#5160,#5103,#6113,.F.);
#3861=EDGE_CURVE('',#5106,#5161,#6114,.T.);
#3862=EDGE_CURVE('',#5161,#5162,#6115,.T.);
#3863=EDGE_CURVE('',#5162,#5107,#6116,.F.);
#3864=EDGE_CURVE('',#5163,#5164,#538,.T.);
#3865=EDGE_CURVE('',#5164,#5105,#6117,.F.);
#3866=EDGE_CURVE('',#5104,#5163,#6118,.T.);
#3867=EDGE_CURVE('',#5161,#5164,#46,.T.);
#3868=EDGE_CURVE('',#5146,#5162,#47,.T.);
#3869=EDGE_CURVE('',#5159,#5147,#48,.T.);
#3870=EDGE_CURVE('',#5163,#5160,#49,.T.);
#3871=EDGE_CURVE('',#5164,#5165,#539,.F.);
#3872=EDGE_CURVE('',#5165,#5166,#50,.T.);
#3873=EDGE_CURVE('',#5166,#5167,#6119,.T.);
#3874=EDGE_CURVE('',#5167,#5145,#51,.T.);
#3875=EDGE_CURVE('',#5145,#5146,#540,.F.);
#3876=EDGE_CURVE('',#5147,#5148,#541,.F.);
#3877=EDGE_CURVE('',#5148,#5168,#52,.T.);
#3878=EDGE_CURVE('',#5169,#5168,#6120,.T.);
#3879=EDGE_CURVE('',#5169,#5170,#53,.T.);
#3880=EDGE_CURVE('',#5170,#5163,#542,.F.);
#3881=EDGE_CURVE('',#5134,#5171,#6121,.T.);
#3882=EDGE_CURVE('',#5172,#5171,#6122,.T.);
#3883=EDGE_CURVE('',#5172,#5135,#6123,.F.);
#3884=EDGE_CURVE('',#5138,#5169,#6124,.T.);
#3885=EDGE_CURVE('',#5168,#5099,#6125,.F.);
#3886=EDGE_CURVE('',#5173,#5170,#543,.T.);
#3887=EDGE_CURVE('',#5170,#5137,#6126,.F.);
#3888=EDGE_CURVE('',#5136,#5173,#6127,.T.);
#3889=EDGE_CURVE('',#5171,#5149,#54,.T.);
#3890=EDGE_CURVE('',#5173,#5172,#55,.T.);
#3891=EDGE_CURVE('',#5149,#5150,#544,.F.);
#3892=EDGE_CURVE('',#5150,#5174,#56,.T.);
#3893=EDGE_CURVE('',#5175,#5174,#6128,.T.);
#3894=EDGE_CURVE('',#5175,#5176,#57,.T.);
#3895=EDGE_CURVE('',#5176,#5173,#545,.F.);
#3896=EDGE_CURVE('',#5166,#5111,#6129,.F.);
#3897=EDGE_CURVE('',#5110,#5167,#6130,.T.);
#3898=EDGE_CURVE('',#5114,#5177,#6131,.T.);
#3899=EDGE_CURVE('',#5177,#5178,#6132,.T.);
#3900=EDGE_CURVE('',#5178,#5115,#6133,.F.);
#3901=EDGE_CURVE('',#5112,#5165,#6134,.T.);
#3902=EDGE_CURVE('',#5165,#5179,#546,.T.);
#3903=EDGE_CURVE('',#5179,#5113,#6135,.F.);
#3904=EDGE_CURVE('',#5177,#5179,#58,.T.);
#3905=EDGE_CURVE('',#5144,#5178,#59,.T.);
#3906=EDGE_CURVE('',#5179,#5180,#547,.F.);
#3907=EDGE_CURVE('',#5180,#5142,#6136,.T.);
#3908=EDGE_CURVE('',#5142,#5144,#548,.F.);
#3909=EDGE_CURVE('',#5118,#5181,#6137,.T.);
#3910=EDGE_CURVE('',#5181,#5182,#6138,.F.);
#3911=EDGE_CURVE('',#5182,#5119,#6139,.F.);
#3912=EDGE_CURVE('',#5183,#5184,#6140,.T.);
#3913=EDGE_CURVE('',#5184,#5123,#6141,.F.);
#3914=EDGE_CURVE('',#5122,#5183,#6142,.T.);
#3915=EDGE_CURVE('',#5180,#5185,#549,.T.);
#3916=EDGE_CURVE('',#5185,#5121,#6143,.F.);
#3917=EDGE_CURVE('',#5120,#5186,#6144,.T.);
#3918=EDGE_CURVE('',#5186,#5180,#550,.T.);
#3919=EDGE_CURVE('',#5186,#5182,#18,.F.);
#3920=EDGE_CURVE('',#5181,#5143,#19,.T.);
#3921=EDGE_CURVE('',#5141,#5184,#60,.T.);
#3922=EDGE_CURVE('',#5183,#5185,#61,.T.);
#3923=EDGE_CURVE('',#5140,#5141,#551,.F.);
#3924=EDGE_CURVE('',#5185,#5187,#552,.F.);
#3925=EDGE_CURVE('',#5187,#5188,#62,.T.);
#3926=EDGE_CURVE('',#5188,#5189,#6145,.T.);
#3927=EDGE_CURVE('',#5189,#5140,#63,.T.);
#3928=EDGE_CURVE('',#5188,#5127,#6146,.F.);
#3929=EDGE_CURVE('',#5126,#5189,#6147,.T.);
#3930=EDGE_CURVE('',#5130,#5175,#6148,.T.);
#3931=EDGE_CURVE('',#5174,#5131,#6149,.F.);
#3932=EDGE_CURVE('',#5128,#5187,#6150,.T.);
#3933=EDGE_CURVE('',#5187,#5176,#553,.F.);
#3934=EDGE_CURVE('',#5176,#5129,#6151,.F.);
#3935=EDGE_CURVE('',#5190,#5190,#554,.T.);
#3936=EDGE_CURVE('',#5191,#5191,#555,.F.);
#3937=EDGE_CURVE('',#5192,#5192,#556,.F.);
#3938=EDGE_CURVE('',#5193,#5193,#557,.F.);
#3939=EDGE_CURVE('',#5194,#5194,#558,.T.);
#3940=EDGE_CURVE('',#5195,#5195,#559,.F.);
#3941=EDGE_CURVE('',#5196,#5197,#6152,.T.);
#3942=EDGE_CURVE('',#5196,#5198,#6153,.T.);
#3943=EDGE_CURVE('',#5198,#5199,#6154,.T.);
#3944=EDGE_CURVE('',#5199,#5197,#6155,.T.);
#3945=EDGE_CURVE('',#5200,#5201,#6156,.T.);
#3946=EDGE_CURVE('',#5200,#5202,#6157,.T.);
#3947=EDGE_CURVE('',#5202,#5203,#6158,.T.);
#3948=EDGE_CURVE('',#5201,#5203,#6159,.T.);
#3949=EDGE_CURVE('',#5203,#5204,#6160,.T.);
#3950=EDGE_CURVE('',#5205,#5204,#6161,.T.);
#3951=EDGE_CURVE('',#5201,#5205,#6162,.T.);
#3952=EDGE_CURVE('',#5204,#5206,#6163,.T.);
#3953=EDGE_CURVE('',#5206,#5207,#6164,.T.);
#3954=EDGE_CURVE('',#5205,#5207,#6165,.T.);
#3955=EDGE_CURVE('',#5208,#5209,#6166,.T.);
#3956=EDGE_CURVE('',#5209,#5210,#6167,.T.);
#3957=EDGE_CURVE('',#5211,#5210,#6168,.T.);
#3958=EDGE_CURVE('',#5208,#5211,#6169,.T.);
#3959=EDGE_CURVE('',#5211,#5212,#6170,.T.);
#3960=EDGE_CURVE('',#5213,#5212,#6171,.T.);
#3961=EDGE_CURVE('',#5208,#5213,#6172,.T.);
#3962=EDGE_CURVE('',#5212,#5214,#6173,.T.);
#3963=EDGE_CURVE('',#5214,#5215,#6174,.T.);
#3964=EDGE_CURVE('',#5213,#5215,#6175,.T.);
#3965=EDGE_CURVE('',#5216,#5217,#6176,.T.);
#3966=EDGE_CURVE('',#5216,#5218,#6177,.T.);
#3967=EDGE_CURVE('',#5218,#5219,#6178,.T.);
#3968=EDGE_CURVE('',#5217,#5219,#6179,.T.);
#3969=EDGE_CURVE('',#5219,#5220,#6180,.T.);
#3970=EDGE_CURVE('',#5221,#5220,#6181,.T.);
#3971=EDGE_CURVE('',#5217,#5221,#6182,.T.);
#3972=EDGE_CURVE('',#5220,#5222,#6183,.T.);
#3973=EDGE_CURVE('',#5222,#5223,#6184,.T.);
#3974=EDGE_CURVE('',#5221,#5223,#6185,.T.);
#3975=EDGE_CURVE('',#5224,#5225,#6186,.T.);
#3976=EDGE_CURVE('',#5224,#5226,#6187,.T.);
#3977=EDGE_CURVE('',#5226,#5227,#6188,.T.);
#3978=EDGE_CURVE('',#5225,#5227,#6189,.T.);
#3979=EDGE_CURVE('',#5228,#5228,#560,.T.);
#3980=EDGE_CURVE('',#5229,#5229,#561,.T.);
#3981=EDGE_CURVE('',#5197,#5227,#6190,.T.);
#3982=EDGE_CURVE('',#5199,#5225,#6191,.T.);
#3983=EDGE_CURVE('',#5230,#5230,#562,.T.);
#3984=EDGE_CURVE('',#5223,#5224,#6192,.F.);
#3985=EDGE_CURVE('',#5198,#5200,#6193,.T.);
#3986=EDGE_CURVE('',#5207,#5209,#6194,.T.);
#3987=EDGE_CURVE('',#5215,#5216,#6195,.F.);
#3988=EDGE_CURVE('',#5231,#5231,#563,.T.);
#3989=EDGE_CURVE('',#5232,#5232,#564,.T.);
#3990=EDGE_CURVE('',#5226,#5222,#6196,.F.);
#3991=EDGE_CURVE('',#5218,#5214,#6197,.F.);
#3992=EDGE_CURVE('',#5210,#5206,#6198,.T.);
#3993=EDGE_CURVE('',#5202,#5196,#6199,.T.);
#3994=EDGE_CURVE('',#5233,#5233,#565,.T.);
#3995=EDGE_CURVE('',#5234,#5234,#566,.T.);
#3996=EDGE_CURVE('',#5235,#5235,#567,.T.);
#3997=EDGE_CURVE('',#5236,#5237,#6200,.T.);
#3998=EDGE_CURVE('',#5238,#5237,#6201,.T.);
#3999=EDGE_CURVE('',#5238,#5239,#6202,.T.);
#4000=EDGE_CURVE('',#5240,#5239,#6203,.F.);
#4001=EDGE_CURVE('',#5240,#5241,#6204,.T.);
#4002=EDGE_CURVE('',#5241,#5242,#6205,.T.);
#4003=EDGE_CURVE('',#5243,#5242,#6206,.T.);
#4004=EDGE_CURVE('',#5243,#5236,#6207,.F.);
#4005=EDGE_CURVE('',#5244,#5236,#568,.T.);
#4006=EDGE_CURVE('',#5244,#5245,#6208,.T.);
#4007=EDGE_CURVE('',#5246,#5245,#6209,.T.);
#4008=EDGE_CURVE('',#5247,#5246,#569,.T.);
#4009=EDGE_CURVE('',#5247,#5248,#6210,.T.);
#4010=EDGE_CURVE('',#5249,#5248,#570,.T.);
#4011=EDGE_CURVE('',#5237,#5249,#6211,.T.);
#4012=EDGE_CURVE('',#5250,#5251,#6212,.T.);
#4013=EDGE_CURVE('',#5251,#5252,#6213,.T.);
#4014=EDGE_CURVE('',#5253,#5252,#6214,.T.);
#4015=EDGE_CURVE('',#5254,#5253,#6215,.F.);
#4016=EDGE_CURVE('',#5254,#5255,#6216,.T.);
#4017=EDGE_CURVE('',#5250,#5255,#6217,.F.);
#4018=EDGE_CURVE('',#5256,#5250,#571,.T.);
#4019=EDGE_CURVE('',#5257,#5256,#6218,.T.);
#4020=EDGE_CURVE('',#5258,#5257,#572,.T.);
#4021=EDGE_CURVE('',#5258,#5241,#6219,.T.);
#4022=EDGE_CURVE('',#5259,#5240,#573,.T.);
#4023=EDGE_CURVE('',#5251,#5259,#6220,.T.);
#4024=EDGE_CURVE('',#5256,#5260,#6221,.F.);
#4025=EDGE_CURVE('',#5260,#5261,#6222,.T.);
#4026=EDGE_CURVE('',#5261,#5262,#6223,.F.);
#4027=EDGE_CURVE('',#5263,#5262,#6224,.T.);
#4028=EDGE_CURVE('',#5264,#5263,#6225,.T.);
#4029=EDGE_CURVE('',#5264,#5265,#6226,.T.);
#4030=EDGE_CURVE('',#5257,#5265,#6227,.F.);
#4031=EDGE_CURVE('',#5266,#5249,#6228,.F.);
#4032=EDGE_CURVE('',#5267,#5266,#6229,.T.);
#4033=EDGE_CURVE('',#5268,#5267,#6230,.T.);
#4034=EDGE_CURVE('',#5268,#5238,#6231,.T.);
#4035=EDGE_CURVE('',#5269,#5244,#6232,.F.);
#4036=EDGE_CURVE('',#5252,#5269,#6233,.T.);
#4037=EDGE_CURVE('',#5259,#5270,#6234,.F.);
#4038=EDGE_CURVE('',#5270,#5271,#6235,.T.);
#4039=EDGE_CURVE('',#5271,#5245,#6236,.T.);
#4040=EDGE_CURVE('',#5271,#5272,#6237,.T.);
#4041=EDGE_CURVE('',#5273,#5272,#6238,.F.);
#4042=EDGE_CURVE('',#5274,#5273,#6239,.T.);
#4043=EDGE_CURVE('',#5274,#5246,#6240,.F.);
#4044=EDGE_CURVE('',#5270,#5239,#574,.T.);
#4045=EDGE_CURVE('',#5275,#5265,#575,.T.);
#4046=EDGE_CURVE('',#5258,#5275,#6241,.F.);
#4047=EDGE_CURVE('',#5248,#5276,#6242,.T.);
#4048=EDGE_CURVE('',#5266,#5276,#576,.F.);
#4049=EDGE_CURVE('',#5269,#5243,#577,.F.);
#4050=EDGE_CURVE('',#5277,#5276,#6243,.T.);
#4051=EDGE_CURVE('',#5267,#5277,#6244,.T.);
#4052=EDGE_CURVE('',#5278,#5274,#578,.F.);
#4053=EDGE_CURVE('',#5279,#5273,#6245,.F.);
#4054=EDGE_CURVE('',#5278,#5279,#6246,.T.);
#4055=EDGE_CURVE('',#5260,#5255,#579,.T.);
#4056=EDGE_CURVE('',#5261,#5254,#6247,.F.);
#4057=EDGE_CURVE('',#5280,#5268,#6248,.T.);
#4058=EDGE_CURVE('',#5280,#5281,#6249,.T.);
#4059=EDGE_CURVE('',#5272,#5281,#6250,.F.);
#4060=EDGE_CURVE('',#5275,#5282,#6251,.T.);
#4061=EDGE_CURVE('',#5283,#5282,#6252,.T.);
#4062=EDGE_CURVE('',#5242,#5283,#6253,.T.);
#4063=EDGE_CURVE('',#5247,#5278,#6254,.T.);
#4064=EDGE_CURVE('',#5279,#5281,#6255,.F.);
#4065=EDGE_CURVE('',#5277,#5280,#6256,.T.);
#4066=EDGE_CURVE('',#5282,#5264,#6257,.T.);
#4067=EDGE_CURVE('',#5263,#5283,#6258,.T.);
#4068=EDGE_CURVE('',#5253,#5262,#6259,.F.);
#4069=EDGE_CURVE('',#5284,#5285,#6260,.T.);
#4070=EDGE_CURVE('',#5286,#5284,#6261,.T.);
#4071=EDGE_CURVE('',#5287,#5286,#6262,.T.);
#4072=EDGE_CURVE('',#5287,#5285,#6263,.T.);
#4073=EDGE_CURVE('',#5288,#5284,#6264,.T.);
#4074=EDGE_CURVE('',#5288,#5289,#6265,.T.);
#4075=EDGE_CURVE('',#5286,#5289,#6266,.T.);
#4076=EDGE_CURVE('',#5290,#5291,#6267,.T.);
#4077=EDGE_CURVE('',#5292,#5290,#6268,.T.);
#4078=EDGE_CURVE('',#5293,#5292,#6269,.T.);
#4079=EDGE_CURVE('',#5293,#5291,#6270,.T.);
#4080=EDGE_CURVE('',#5294,#5290,#6271,.T.);
#4081=EDGE_CURVE('',#5294,#5295,#6272,.T.);
#4082=EDGE_CURVE('',#5292,#5295,#6273,.T.);
#4083=EDGE_CURVE('',#5296,#5293,#6274,.T.);
#4084=EDGE_CURVE('',#5296,#5297,#6275,.T.);
#4085=EDGE_CURVE('',#5297,#5291,#6276,.T.);
#4086=EDGE_CURVE('',#5298,#5299,#6277,.T.);
#4087=EDGE_CURVE('',#5299,#5300,#6278,.T.);
#4088=EDGE_CURVE('',#5301,#5300,#6279,.T.);
#4089=EDGE_CURVE('',#5301,#5302,#6280,.T.);
#4090=EDGE_CURVE('',#5302,#5303,#6281,.T.);
#4091=EDGE_CURVE('',#5303,#5304,#6282,.T.);
#4092=EDGE_CURVE('',#5304,#5305,#6283,.T.);
#4093=EDGE_CURVE('',#5305,#5298,#6284,.T.);
#4094=EDGE_CURVE('',#5300,#5306,#6285,.T.);
#4095=EDGE_CURVE('',#5307,#5306,#6286,.T.);
#4096=EDGE_CURVE('',#5301,#5307,#6287,.T.);
#4097=EDGE_CURVE('',#5308,#5287,#6288,.T.);
#4098=EDGE_CURVE('',#5308,#5309,#6289,.T.);
#4099=EDGE_CURVE('',#5309,#5285,#6290,.T.);
#4100=EDGE_CURVE('',#5306,#5310,#6291,.T.);
#4101=EDGE_CURVE('',#5311,#5310,#6292,.T.);
#4102=EDGE_CURVE('',#5312,#5311,#6293,.T.);
#4103=EDGE_CURVE('',#5312,#5313,#6294,.T.);
#4104=EDGE_CURVE('',#5313,#5314,#6295,.T.);
#4105=EDGE_CURVE('',#5314,#5315,#6296,.T.);
#4106=EDGE_CURVE('',#5307,#5315,#6297,.T.);
#4107=EDGE_CURVE('',#5316,#5316,#580,.T.);
#4108=EDGE_CURVE('',#5317,#5317,#581,.T.);
#4109=EDGE_CURVE('',#5310,#5299,#6298,.T.);
#4110=EDGE_CURVE('',#5298,#5311,#6299,.T.);
#4111=EDGE_CURVE('',#5318,#5318,#582,.T.);
#4112=EDGE_CURVE('',#5289,#5312,#6300,.F.);
#4113=EDGE_CURVE('',#5305,#5296,#6301,.T.);
#4114=EDGE_CURVE('',#5295,#5302,#6302,.T.);
#4115=EDGE_CURVE('',#5315,#5308,#6303,.F.);
#4116=EDGE_CURVE('',#5319,#5320,#6304,.T.);
#4117=EDGE_CURVE('',#5320,#5321,#6305,.T.);
#4118=EDGE_CURVE('',#5321,#5322,#6306,.T.);
#4119=EDGE_CURVE('',#5322,#5319,#6307,.T.);
#4120=EDGE_CURVE('',#5323,#5323,#583,.T.);
#4121=EDGE_CURVE('',#5297,#5304,#6308,.T.);
#4122=EDGE_CURVE('',#5303,#5294,#6309,.T.);
#4123=EDGE_CURVE('',#5309,#5314,#6310,.F.);
#4124=EDGE_CURVE('',#5313,#5288,#6311,.F.);
#4125=EDGE_CURVE('',#5319,#5299,#6312,.T.);
#4126=EDGE_CURVE('',#5300,#5322,#6313,.T.);
#4127=EDGE_CURVE('',#5306,#5321,#6314,.F.);
#4128=EDGE_CURVE('',#5320,#5310,#6315,.T.);
#4129=EDGE_CURVE('',#5324,#5325,#6316,.T.);
#4130=EDGE_CURVE('',#5325,#5326,#6317,.F.);
#4131=EDGE_CURVE('',#5326,#5327,#6318,.F.);
#4132=EDGE_CURVE('',#5327,#5324,#6319,.F.);
#4133=EDGE_CURVE('',#5328,#5329,#6320,.T.);
#4134=EDGE_CURVE('',#5329,#5330,#6321,.T.);
#4135=EDGE_CURVE('',#5330,#5331,#6322,.F.);
#4136=EDGE_CURVE('',#5331,#5328,#6323,.T.);
#4137=EDGE_CURVE('',#5332,#5333,#6324,.T.);
#4138=EDGE_CURVE('',#5333,#5334,#6325,.F.);
#4139=EDGE_CURVE('',#5334,#5335,#6326,.T.);
#4140=EDGE_CURVE('',#5335,#5336,#6327,.T.);
#4141=EDGE_CURVE('',#5336,#5337,#6328,.T.);
#4142=EDGE_CURVE('',#5332,#5337,#6329,.T.);
#4143=EDGE_CURVE('',#5338,#5332,#6330,.T.);
#4144=EDGE_CURVE('',#5339,#5337,#6331,.T.);
#4145=EDGE_CURVE('',#5340,#5339,#6332,.F.);
#4146=EDGE_CURVE('',#5340,#5341,#6333,.T.);
#4147=EDGE_CURVE('',#5338,#5341,#6334,.F.);
#4148=EDGE_CURVE('',#5342,#5343,#6335,.T.);
#4149=EDGE_CURVE('',#5343,#5344,#6336,.F.);
#4150=EDGE_CURVE('',#5344,#5345,#6337,.T.);
#4151=EDGE_CURVE('',#5324,#5345,#6338,.F.);
#4152=EDGE_CURVE('',#5327,#5346,#6339,.T.);
#4153=EDGE_CURVE('',#5346,#5347,#6340,.T.);
#4154=EDGE_CURVE('',#5342,#5347,#6341,.F.);
#4155=EDGE_CURVE('',#5343,#5338,#584,.T.);
#4156=EDGE_CURVE('',#5348,#5342,#585,.T.);
#4157=EDGE_CURVE('',#5348,#5349,#6342,.T.);
#4158=EDGE_CURVE('',#5350,#5349,#6343,.T.);
#4159=EDGE_CURVE('',#5333,#5350,#586,.T.);
#4160=EDGE_CURVE('',#5349,#5351,#6344,.T.);
#4161=EDGE_CURVE('',#5351,#5352,#6345,.T.);
#4162=EDGE_CURVE('',#5353,#5352,#6346,.T.);
#4163=EDGE_CURVE('',#5353,#5354,#6347,.T.);
#4164=EDGE_CURVE('',#5350,#5354,#6348,.F.);
#4165=EDGE_CURVE('',#5334,#5354,#587,.T.);
#4166=EDGE_CURVE('',#5355,#5347,#588,.T.);
#4167=EDGE_CURVE('',#5348,#5355,#6349,.F.);
#4168=EDGE_CURVE('',#5344,#5341,#589,.T.);
#4169=EDGE_CURVE('',#5345,#5340,#6350,.F.);
#4170=EDGE_CURVE('',#5356,#5353,#6351,.T.);
#4171=EDGE_CURVE('',#5357,#5356,#6352,.T.);
#4172=EDGE_CURVE('',#5357,#5358,#6353,.T.);
#4173=EDGE_CURVE('',#5359,#5358,#6354,.F.);
#4174=EDGE_CURVE('',#5335,#5359,#6355,.T.);
#4175=EDGE_CURVE('',#5360,#5336,#6356,.T.);
#4176=EDGE_CURVE('',#5360,#5359,#6357,.F.);
#4177=EDGE_CURVE('',#5355,#5361,#6358,.T.);
#4178=EDGE_CURVE('',#5362,#5361,#6359,.T.);
#4179=EDGE_CURVE('',#5362,#5351,#6360,.T.);
#4180=EDGE_CURVE('',#5352,#5363,#6361,.T.);
#4181=EDGE_CURVE('',#5356,#5363,#6362,.T.);
#4182=EDGE_CURVE('',#5357,#5328,#6363,.T.);
#4183=EDGE_CURVE('',#5358,#5331,#6364,.F.);
#4184=EDGE_CURVE('',#5361,#5346,#6365,.T.);
#4185=EDGE_CURVE('',#5326,#5362,#6366,.T.);
#4186=EDGE_CURVE('',#5339,#5325,#6367,.F.);
#4187=EDGE_CURVE('',#5330,#5360,#6368,.F.);
#4188=EDGE_CURVE('',#5363,#5329,#6369,.T.);
#4189=EDGE_CURVE('',#5364,#5364,#590,.F.);
#4190=EDGE_CURVE('',#5365,#5365,#591,.F.);
#4191=EDGE_CURVE('',#5366,#5366,#592,.T.);
#4192=EDGE_CURVE('',#5367,#5367,#593,.F.);
#4193=EDGE_CURVE('',#5368,#5368,#594,.F.);
#4194=EDGE_CURVE('',#5369,#5369,#595,.F.);
#4195=EDGE_CURVE('',#5370,#5370,#596,.T.);
#4196=EDGE_CURVE('',#5371,#5371,#597,.F.);
#4197=EDGE_CURVE('',#5372,#5372,#598,.F.);
#4198=EDGE_CURVE('',#5373,#5373,#599,.F.);
#4199=EDGE_CURVE('',#5374,#5374,#600,.T.);
#4200=EDGE_CURVE('',#5375,#5375,#601,.F.);
#4201=EDGE_CURVE('',#5376,#5377,#6370,.T.);
#4202=EDGE_CURVE('',#5378,#5376,#6371,.T.);
#4203=EDGE_CURVE('',#5378,#5379,#6372,.T.);
#4204=EDGE_CURVE('',#5379,#5377,#6373,.T.);
#4205=EDGE_CURVE('',#5376,#5380,#6374,.T.);
#4206=EDGE_CURVE('',#5381,#5380,#6375,.T.);
#4207=EDGE_CURVE('',#5378,#5381,#6376,.T.);
#4208=EDGE_CURVE('',#5380,#5382,#6377,.T.);
#4209=EDGE_CURVE('',#5383,#5382,#6378,.T.);
#4210=EDGE_CURVE('',#5381,#5383,#6379,.T.);
#4211=EDGE_CURVE('',#5377,#5382,#6380,.T.);
#4212=EDGE_CURVE('',#5379,#5383,#6381,.T.);
#4213=EDGE_CURVE('',#5384,#5384,#602,.T.);
#4214=EDGE_CURVE('',#5385,#5385,#603,.T.);
#4215=EDGE_CURVE('',#5386,#5387,#6382,.T.);
#4216=EDGE_CURVE('',#5388,#5387,#6383,.T.);
#4217=EDGE_CURVE('',#5389,#5388,#6384,.T.);
#4218=EDGE_CURVE('',#5389,#5386,#6385,.T.);
#4219=EDGE_CURVE('',#5386,#5390,#6386,.T.);
#4220=EDGE_CURVE('',#5389,#5391,#6387,.T.);
#4221=EDGE_CURVE('',#5391,#5390,#6388,.T.);
#4222=EDGE_CURVE('',#5390,#5392,#6389,.T.);
#4223=EDGE_CURVE('',#5391,#5393,#6390,.T.);
#4224=EDGE_CURVE('',#5393,#5392,#6391,.T.);
#4225=EDGE_CURVE('',#5387,#5392,#6392,.T.);
#4226=EDGE_CURVE('',#5388,#5393,#6393,.T.);
#4227=EDGE_CURVE('',#5394,#5394,#604,.T.);
#4228=EDGE_CURVE('',#5395,#5395,#605,.T.);
#4229=EDGE_CURVE('',#5396,#5397,#6394,.F.);
#4230=EDGE_CURVE('',#5397,#5398,#606,.T.);
#4231=EDGE_CURVE('',#5398,#5399,#6395,.T.);
#4232=EDGE_CURVE('',#5396,#5399,#607,.T.);
#4233=EDGE_CURVE('',#5400,#5401,#6396,.F.);
#4234=EDGE_CURVE('',#5401,#5402,#608,.T.);
#4235=EDGE_CURVE('',#5402,#5403,#6397,.T.);
#4236=EDGE_CURVE('',#5400,#5403,#609,.T.);
#4237=EDGE_CURVE('',#5404,#5405,#6398,.F.);
#4238=EDGE_CURVE('',#5405,#5406,#610,.T.);
#4239=EDGE_CURVE('',#5406,#5407,#6399,.T.);
#4240=EDGE_CURVE('',#5404,#5407,#611,.T.);
#4241=EDGE_CURVE('',#5408,#5409,#6400,.F.);
#4242=EDGE_CURVE('',#5409,#5410,#612,.T.);
#4243=EDGE_CURVE('',#5410,#5411,#6401,.T.);
#4244=EDGE_CURVE('',#5412,#5411,#613,.T.);
#4245=EDGE_CURVE('',#5412,#5408,#614,.F.);
#4246=EDGE_CURVE('',#5401,#5413,#64,.T.);
#4247=EDGE_CURVE('',#5414,#5413,#6402,.T.);
#4248=EDGE_CURVE('',#5414,#5415,#65,.T.);
#4249=EDGE_CURVE('',#5415,#5416,#615,.T.);
#4250=EDGE_CURVE('',#5416,#5417,#66,.T.);
#4251=EDGE_CURVE('',#5417,#5418,#6403,.T.);
#4252=EDGE_CURVE('',#5418,#5402,#67,.T.);
#4253=EDGE_CURVE('',#5405,#5419,#68,.T.);
#4254=EDGE_CURVE('',#5420,#5419,#6404,.T.);
#4255=EDGE_CURVE('',#5420,#5421,#69,.T.);
#4256=EDGE_CURVE('',#5421,#5422,#616,.T.);
#4257=EDGE_CURVE('',#5422,#5423,#70,.T.);
#4258=EDGE_CURVE('',#5423,#5424,#6405,.T.);
#4259=EDGE_CURVE('',#5424,#5406,#71,.T.);
#4260=EDGE_CURVE('',#5409,#5425,#72,.T.);
#4261=EDGE_CURVE('',#5426,#5425,#6406,.T.);
#4262=EDGE_CURVE('',#5426,#5427,#73,.T.);
#4263=EDGE_CURVE('',#5427,#5428,#617,.T.);
#4264=EDGE_CURVE('',#5428,#5429,#74,.T.);
#4265=EDGE_CURVE('',#5429,#5430,#6407,.T.);
#4266=EDGE_CURVE('',#5430,#5410,#75,.T.);
#4267=EDGE_CURVE('',#5431,#5432,#618,.T.);
#4268=EDGE_CURVE('',#5431,#5433,#76,.T.);
#4269=EDGE_CURVE('',#5434,#5433,#6408,.T.);
#4270=EDGE_CURVE('',#5434,#5435,#77,.T.);
#4271=EDGE_CURVE('',#5435,#5436,#619,.T.);
#4272=EDGE_CURVE('',#5436,#5437,#78,.T.);
#4273=EDGE_CURVE('',#5437,#5438,#6409,.T.);
#4274=EDGE_CURVE('',#5438,#5432,#79,.T.);
#4275=EDGE_CURVE('',#5439,#5398,#80,.T.);
#4276=EDGE_CURVE('',#5397,#5440,#81,.T.);
#4277=EDGE_CURVE('',#5441,#5440,#6410,.T.);
#4278=EDGE_CURVE('',#5441,#5442,#82,.T.);
#4279=EDGE_CURVE('',#5442,#5443,#620,.T.);
#4280=EDGE_CURVE('',#5443,#5444,#83,.T.);
#4281=EDGE_CURVE('',#5444,#5439,#6411,.T.);
#4282=EDGE_CURVE('',#5445,#5445,#621,.T.);
#4283=EDGE_CURVE('',#5446,#5446,#622,.T.);
#4284=EDGE_CURVE('',#5447,#5431,#6412,.F.);
#4285=EDGE_CURVE('',#5432,#5448,#6413,.T.);
#4286=EDGE_CURVE('',#5448,#5447,#623,.F.);
#4287=EDGE_CURVE('',#5449,#5450,#6414,.T.);
#4288=EDGE_CURVE('',#5451,#5450,#6415,.T.);
#4289=EDGE_CURVE('',#5452,#5451,#6416,.T.);
#4290=EDGE_CURVE('',#5452,#5449,#6417,.T.);
#4291=EDGE_CURVE('',#5453,#5450,#624,.T.);
#4292=EDGE_CURVE('',#5454,#5453,#6418,.T.);
#4293=EDGE_CURVE('',#5454,#5451,#625,.T.);
#4294=EDGE_CURVE('',#5455,#5453,#6419,.T.);
#4295=EDGE_CURVE('',#5456,#5455,#6420,.T.);
#4296=EDGE_CURVE('',#5456,#5454,#6421,.T.);
#4297=EDGE_CURVE('',#5449,#5455,#626,.T.);
#4298=EDGE_CURVE('',#5452,#5456,#627,.T.);
#4299=EDGE_CURVE('',#5413,#5457,#6422,.T.);
#4300=EDGE_CURVE('',#5458,#5457,#6423,.T.);
#4301=EDGE_CURVE('',#5458,#5414,#6424,.F.);
#4302=EDGE_CURVE('',#5417,#5459,#6425,.T.);
#4303=EDGE_CURVE('',#5459,#5460,#6426,.T.);
#4304=EDGE_CURVE('',#5460,#5418,#6427,.F.);
#4305=EDGE_CURVE('',#5461,#5462,#628,.T.);
#4306=EDGE_CURVE('',#5462,#5416,#6428,.F.);
#4307=EDGE_CURVE('',#5415,#5461,#6429,.T.);
#4308=EDGE_CURVE('',#5459,#5462,#84,.T.);
#4309=EDGE_CURVE('',#5403,#5460,#85,.T.);
#4310=EDGE_CURVE('',#5457,#5400,#86,.T.);
#4311=EDGE_CURVE('',#5461,#5458,#87,.T.);
#4312=EDGE_CURVE('',#5462,#5463,#629,.F.);
#4313=EDGE_CURVE('',#5463,#5464,#88,.T.);
#4314=EDGE_CURVE('',#5464,#5465,#6430,.T.);
#4315=EDGE_CURVE('',#5465,#5404,#89,.T.);
#4316=EDGE_CURVE('',#5404,#5403,#630,.F.);
#4317=EDGE_CURVE('',#5400,#5399,#631,.F.);
#4318=EDGE_CURVE('',#5399,#5466,#90,.T.);
#4319=EDGE_CURVE('',#5467,#5466,#6431,.T.);
#4320=EDGE_CURVE('',#5467,#5468,#91,.T.);
#4321=EDGE_CURVE('',#5468,#5461,#632,.F.);
#4322=EDGE_CURVE('',#5440,#5469,#6432,.T.);
#4323=EDGE_CURVE('',#5470,#5469,#6433,.T.);
#4324=EDGE_CURVE('',#5470,#5441,#6434,.F.);
#4325=EDGE_CURVE('',#5444,#5467,#6435,.T.);
#4326=EDGE_CURVE('',#5466,#5439,#6436,.F.);
#4327=EDGE_CURVE('',#5471,#5468,#633,.T.);
#4328=EDGE_CURVE('',#5468,#5443,#6437,.F.);
#4329=EDGE_CURVE('',#5442,#5471,#6438,.T.);
#4330=EDGE_CURVE('',#5469,#5396,#92,.T.);
#4331=EDGE_CURVE('',#5471,#5470,#93,.T.);
#4332=EDGE_CURVE('',#5396,#5448,#634,.F.);
#4333=EDGE_CURVE('',#5448,#5472,#94,.T.);
#4334=EDGE_CURVE('',#5473,#5472,#6439,.T.);
#4335=EDGE_CURVE('',#5473,#5474,#95,.T.);
#4336=EDGE_CURVE('',#5474,#5471,#635,.F.);
#4337=EDGE_CURVE('',#5464,#5420,#6440,.F.);
#4338=EDGE_CURVE('',#5419,#5465,#6441,.T.);
#4339=EDGE_CURVE('',#5423,#5475,#6442,.T.);
#4340=EDGE_CURVE('',#5475,#5476,#6443,.T.);
#4341=EDGE_CURVE('',#5476,#5424,#6444,.F.);
#4342=EDGE_CURVE('',#5421,#5463,#6445,.T.);
#4343=EDGE_CURVE('',#5463,#5477,#636,.T.);
#4344=EDGE_CURVE('',#5477,#5422,#6446,.F.);
#4345=EDGE_CURVE('',#5475,#5477,#96,.T.);
#4346=EDGE_CURVE('',#5407,#5476,#97,.T.);
#4347=EDGE_CURVE('',#5477,#5478,#637,.F.);
#4348=EDGE_CURVE('',#5478,#5412,#6447,.T.);
#4349=EDGE_CURVE('',#5412,#5407,#638,.F.);
#4350=EDGE_CURVE('',#5425,#5479,#6448,.T.);
#4351=EDGE_CURVE('',#5479,#5480,#6449,.F.);
#4352=EDGE_CURVE('',#5480,#5426,#6450,.F.);
#4353=EDGE_CURVE('',#5481,#5482,#6451,.T.);
#4354=EDGE_CURVE('',#5482,#5430,#6452,.F.);
#4355=EDGE_CURVE('',#5429,#5481,#6453,.T.);
#4356=EDGE_CURVE('',#5478,#5483,#639,.T.);
#4357=EDGE_CURVE('',#5483,#5428,#6454,.F.);
#4358=EDGE_CURVE('',#5427,#5484,#6455,.T.);
#4359=EDGE_CURVE('',#5484,#5478,#640,.T.);
#4360=EDGE_CURVE('',#5484,#5480,#20,.F.);
#4361=EDGE_CURVE('',#5479,#5408,#21,.T.);
#4362=EDGE_CURVE('',#5411,#5482,#98,.T.);
#4363=EDGE_CURVE('',#5481,#5483,#99,.T.);
#4364=EDGE_CURVE('',#5447,#5411,#641,.F.);
#4365=EDGE_CURVE('',#5483,#5485,#642,.F.);
#4366=EDGE_CURVE('',#5485,#5486,#100,.T.);
#4367=EDGE_CURVE('',#5486,#5487,#6456,.T.);
#4368=EDGE_CURVE('',#5487,#5447,#101,.T.);
#4369=EDGE_CURVE('',#5486,#5434,#6457,.F.);
#4370=EDGE_CURVE('',#5433,#5487,#6458,.T.);
#4371=EDGE_CURVE('',#5437,#5473,#6459,.T.);
#4372=EDGE_CURVE('',#5472,#5438,#6460,.F.);
#4373=EDGE_CURVE('',#5435,#5485,#6461,.T.);
#4374=EDGE_CURVE('',#5485,#5474,#643,.F.);
#4375=EDGE_CURVE('',#5474,#5436,#6462,.F.);
#4376=EDGE_CURVE('',#5488,#5488,#644,.T.);
#4377=EDGE_CURVE('',#5489,#5489,#645,.F.);
#4378=EDGE_CURVE('',#5490,#5490,#646,.F.);
#4379=EDGE_CURVE('',#5491,#5491,#647,.F.);
#4380=EDGE_CURVE('',#5492,#5492,#648,.T.);
#4381=EDGE_CURVE('',#5493,#5493,#649,.F.);
#4382=EDGE_CURVE('',#5494,#5495,#6463,.F.);
#4383=EDGE_CURVE('',#5495,#5496,#650,.T.);
#4384=EDGE_CURVE('',#5496,#5497,#6464,.T.);
#4385=EDGE_CURVE('',#5494,#5497,#651,.T.);
#4386=EDGE_CURVE('',#5498,#5499,#6465,.F.);
#4387=EDGE_CURVE('',#5499,#5500,#652,.T.);
#4388=EDGE_CURVE('',#5500,#5501,#6466,.T.);
#4389=EDGE_CURVE('',#5498,#5501,#653,.T.);
#4390=EDGE_CURVE('',#5502,#5503,#6467,.F.);
#4391=EDGE_CURVE('',#5503,#5504,#654,.T.);
#4392=EDGE_CURVE('',#5504,#5505,#6468,.T.);
#4393=EDGE_CURVE('',#5502,#5505,#655,.T.);
#4394=EDGE_CURVE('',#5506,#5507,#6469,.F.);
#4395=EDGE_CURVE('',#5507,#5508,#656,.T.);
#4396=EDGE_CURVE('',#5508,#5509,#6470,.T.);
#4397=EDGE_CURVE('',#5510,#5509,#657,.T.);
#4398=EDGE_CURVE('',#5510,#5506,#658,.F.);
#4399=EDGE_CURVE('',#5499,#5511,#102,.T.);
#4400=EDGE_CURVE('',#5512,#5511,#6471,.T.);
#4401=EDGE_CURVE('',#5512,#5513,#103,.T.);
#4402=EDGE_CURVE('',#5513,#5514,#659,.T.);
#4403=EDGE_CURVE('',#5514,#5515,#104,.T.);
#4404=EDGE_CURVE('',#5515,#5516,#6472,.T.);
#4405=EDGE_CURVE('',#5516,#5500,#105,.T.);
#4406=EDGE_CURVE('',#5503,#5517,#106,.T.);
#4407=EDGE_CURVE('',#5518,#5517,#6473,.T.);
#4408=EDGE_CURVE('',#5518,#5519,#107,.T.);
#4409=EDGE_CURVE('',#5519,#5520,#660,.T.);
#4410=EDGE_CURVE('',#5520,#5521,#108,.T.);
#4411=EDGE_CURVE('',#5521,#5522,#6474,.T.);
#4412=EDGE_CURVE('',#5522,#5504,#109,.T.);
#4413=EDGE_CURVE('',#5507,#5523,#110,.T.);
#4414=EDGE_CURVE('',#5524,#5523,#6475,.T.);
#4415=EDGE_CURVE('',#5524,#5525,#111,.T.);
#4416=EDGE_CURVE('',#5525,#5526,#661,.T.);
#4417=EDGE_CURVE('',#5526,#5527,#112,.T.);
#4418=EDGE_CURVE('',#5527,#5528,#6476,.T.);
#4419=EDGE_CURVE('',#5528,#5508,#113,.T.);
#4420=EDGE_CURVE('',#5529,#5530,#662,.T.);
#4421=EDGE_CURVE('',#5529,#5531,#114,.T.);
#4422=EDGE_CURVE('',#5532,#5531,#6477,.T.);
#4423=EDGE_CURVE('',#5532,#5533,#115,.T.);
#4424=EDGE_CURVE('',#5533,#5534,#663,.T.);
#4425=EDGE_CURVE('',#5534,#5535,#116,.T.);
#4426=EDGE_CURVE('',#5535,#5536,#6478,.T.);
#4427=EDGE_CURVE('',#5536,#5530,#117,.T.);
#4428=EDGE_CURVE('',#5537,#5496,#118,.T.);
#4429=EDGE_CURVE('',#5495,#5538,#119,.T.);
#4430=EDGE_CURVE('',#5539,#5538,#6479,.T.);
#4431=EDGE_CURVE('',#5539,#5540,#120,.T.);
#4432=EDGE_CURVE('',#5540,#5541,#664,.T.);
#4433=EDGE_CURVE('',#5541,#5542,#121,.T.);
#4434=EDGE_CURVE('',#5542,#5537,#6480,.T.);
#4435=EDGE_CURVE('',#5543,#5543,#665,.T.);
#4436=EDGE_CURVE('',#5544,#5544,#666,.T.);
#4437=EDGE_CURVE('',#5545,#5529,#6481,.F.);
#4438=EDGE_CURVE('',#5530,#5546,#6482,.T.);
#4439=EDGE_CURVE('',#5546,#5545,#667,.F.);
#4440=EDGE_CURVE('',#5547,#5548,#6483,.T.);
#4441=EDGE_CURVE('',#5549,#5548,#6484,.T.);
#4442=EDGE_CURVE('',#5550,#5549,#6485,.T.);
#4443=EDGE_CURVE('',#5550,#5547,#6486,.T.);
#4444=EDGE_CURVE('',#5551,#5548,#668,.T.);
#4445=EDGE_CURVE('',#5552,#5551,#6487,.T.);
#4446=EDGE_CURVE('',#5552,#5549,#669,.T.);
#4447=EDGE_CURVE('',#5553,#5551,#6488,.T.);
#4448=EDGE_CURVE('',#5554,#5553,#6489,.T.);
#4449=EDGE_CURVE('',#5554,#5552,#6490,.T.);
#4450=EDGE_CURVE('',#5547,#5553,#670,.T.);
#4451=EDGE_CURVE('',#5550,#5554,#671,.T.);
#4452=EDGE_CURVE('',#5511,#5555,#6491,.T.);
#4453=EDGE_CURVE('',#5556,#5555,#6492,.T.);
#4454=EDGE_CURVE('',#5556,#5512,#6493,.F.);
#4455=EDGE_CURVE('',#5515,#5557,#6494,.T.);
#4456=EDGE_CURVE('',#5557,#5558,#6495,.T.);
#4457=EDGE_CURVE('',#5558,#5516,#6496,.F.);
#4458=EDGE_CURVE('',#5559,#5560,#672,.T.);
#4459=EDGE_CURVE('',#5560,#5514,#6497,.F.);
#4460=EDGE_CURVE('',#5513,#5559,#6498,.T.);
#4461=EDGE_CURVE('',#5557,#5560,#122,.T.);
#4462=EDGE_CURVE('',#5501,#5558,#123,.T.);
#4463=EDGE_CURVE('',#5555,#5498,#124,.T.);
#4464=EDGE_CURVE('',#5559,#5556,#125,.T.);
#4465=EDGE_CURVE('',#5560,#5561,#673,.F.);
#4466=EDGE_CURVE('',#5561,#5562,#126,.T.);
#4467=EDGE_CURVE('',#5562,#5563,#6499,.T.);
#4468=EDGE_CURVE('',#5563,#5502,#127,.T.);
#4469=EDGE_CURVE('',#5502,#5501,#674,.F.);
#4470=EDGE_CURVE('',#5498,#5497,#675,.F.);
#4471=EDGE_CURVE('',#5497,#5564,#128,.T.);
#4472=EDGE_CURVE('',#5565,#5564,#6500,.T.);
#4473=EDGE_CURVE('',#5565,#5566,#129,.T.);
#4474=EDGE_CURVE('',#5566,#5559,#676,.F.);
#4475=EDGE_CURVE('',#5538,#5567,#6501,.T.);
#4476=EDGE_CURVE('',#5568,#5567,#6502,.T.);
#4477=EDGE_CURVE('',#5568,#5539,#6503,.F.);
#4478=EDGE_CURVE('',#5542,#5565,#6504,.T.);
#4479=EDGE_CURVE('',#5564,#5537,#6505,.F.);
#4480=EDGE_CURVE('',#5569,#5566,#677,.T.);
#4481=EDGE_CURVE('',#5566,#5541,#6506,.F.);
#4482=EDGE_CURVE('',#5540,#5569,#6507,.T.);
#4483=EDGE_CURVE('',#5567,#5494,#130,.T.);
#4484=EDGE_CURVE('',#5569,#5568,#131,.T.);
#4485=EDGE_CURVE('',#5494,#5546,#678,.F.);
#4486=EDGE_CURVE('',#5546,#5570,#132,.T.);
#4487=EDGE_CURVE('',#5571,#5570,#6508,.T.);
#4488=EDGE_CURVE('',#5571,#5572,#133,.T.);
#4489=EDGE_CURVE('',#5572,#5569,#679,.F.);
#4490=EDGE_CURVE('',#5562,#5518,#6509,.F.);
#4491=EDGE_CURVE('',#5517,#5563,#6510,.T.);
#4492=EDGE_CURVE('',#5521,#5573,#6511,.T.);
#4493=EDGE_CURVE('',#5573,#5574,#6512,.T.);
#4494=EDGE_CURVE('',#5574,#5522,#6513,.F.);
#4495=EDGE_CURVE('',#5519,#5561,#6514,.T.);
#4496=EDGE_CURVE('',#5561,#5575,#680,.T.);
#4497=EDGE_CURVE('',#5575,#5520,#6515,.F.);
#4498=EDGE_CURVE('',#5573,#5575,#134,.T.);
#4499=EDGE_CURVE('',#5505,#5574,#135,.T.);
#4500=EDGE_CURVE('',#5575,#5576,#681,.F.);
#4501=EDGE_CURVE('',#5576,#5510,#6516,.T.);
#4502=EDGE_CURVE('',#5510,#5505,#682,.F.);
#4503=EDGE_CURVE('',#5523,#5577,#6517,.T.);
#4504=EDGE_CURVE('',#5577,#5578,#6518,.F.);
#4505=EDGE_CURVE('',#5578,#5524,#6519,.F.);
#4506=EDGE_CURVE('',#5579,#5580,#6520,.T.);
#4507=EDGE_CURVE('',#5580,#5528,#6521,.F.);
#4508=EDGE_CURVE('',#5527,#5579,#6522,.T.);
#4509=EDGE_CURVE('',#5576,#5581,#683,.T.);
#4510=EDGE_CURVE('',#5581,#5526,#6523,.F.);
#4511=EDGE_CURVE('',#5525,#5582,#6524,.T.);
#4512=EDGE_CURVE('',#5582,#5576,#684,.T.);
#4513=EDGE_CURVE('',#5582,#5578,#22,.F.);
#4514=EDGE_CURVE('',#5577,#5506,#23,.T.);
#4515=EDGE_CURVE('',#5509,#5580,#136,.T.);
#4516=EDGE_CURVE('',#5579,#5581,#137,.T.);
#4517=EDGE_CURVE('',#5545,#5509,#685,.F.);
#4518=EDGE_CURVE('',#5581,#5583,#686,.F.);
#4519=EDGE_CURVE('',#5583,#5584,#138,.T.);
#4520=EDGE_CURVE('',#5584,#5585,#6525,.T.);
#4521=EDGE_CURVE('',#5585,#5545,#139,.T.);
#4522=EDGE_CURVE('',#5584,#5532,#6526,.F.);
#4523=EDGE_CURVE('',#5531,#5585,#6527,.T.);
#4524=EDGE_CURVE('',#5535,#5571,#6528,.T.);
#4525=EDGE_CURVE('',#5570,#5536,#6529,.F.);
#4526=EDGE_CURVE('',#5533,#5583,#6530,.T.);
#4527=EDGE_CURVE('',#5583,#5572,#687,.F.);
#4528=EDGE_CURVE('',#5572,#5534,#6531,.F.);
#4529=EDGE_CURVE('',#5586,#5586,#688,.T.);
#4530=EDGE_CURVE('',#5587,#5587,#689,.F.);
#4531=EDGE_CURVE('',#5588,#5589,#140,.T.);
#4532=EDGE_CURVE('',#5589,#5590,#690,.T.);
#4533=EDGE_CURVE('',#5590,#5591,#141,.T.);
#4534=EDGE_CURVE('',#5592,#5591,#6532,.T.);
#4535=EDGE_CURVE('',#5592,#5593,#142,.T.);
#4536=EDGE_CURVE('',#5593,#5594,#691,.T.);
#4537=EDGE_CURVE('',#5594,#5595,#143,.T.);
#4538=EDGE_CURVE('',#5595,#5596,#6533,.T.);
#4539=EDGE_CURVE('',#5596,#5597,#144,.T.);
#4540=EDGE_CURVE('',#5597,#5598,#692,.T.);
#4541=EDGE_CURVE('',#5598,#5599,#145,.T.);
#4542=EDGE_CURVE('',#5600,#5599,#6534,.T.);
#4543=EDGE_CURVE('',#5600,#5601,#146,.T.);
#4544=EDGE_CURVE('',#5601,#5602,#693,.T.);
#4545=EDGE_CURVE('',#5602,#5603,#147,.T.);
#4546=EDGE_CURVE('',#5603,#5604,#6535,.T.);
#4547=EDGE_CURVE('',#5604,#5605,#148,.T.);
#4548=EDGE_CURVE('',#5605,#5606,#694,.T.);
#4549=EDGE_CURVE('',#5606,#5607,#149,.T.);
#4550=EDGE_CURVE('',#5608,#5607,#6536,.T.);
#4551=EDGE_CURVE('',#5608,#5609,#150,.T.);
#4552=EDGE_CURVE('',#5609,#5610,#695,.T.);
#4553=EDGE_CURVE('',#5610,#5611,#151,.T.);
#4554=EDGE_CURVE('',#5611,#5612,#6537,.T.);
#4555=EDGE_CURVE('',#5612,#5613,#152,.T.);
#4556=EDGE_CURVE('',#5613,#5614,#696,.T.);
#4557=EDGE_CURVE('',#5614,#5615,#153,.T.);
#4558=EDGE_CURVE('',#5616,#5615,#6538,.T.);
#4559=EDGE_CURVE('',#5616,#5617,#154,.T.);
#4560=EDGE_CURVE('',#5617,#5618,#697,.T.);
#4561=EDGE_CURVE('',#5618,#5619,#155,.T.);
#4562=EDGE_CURVE('',#5619,#5620,#6539,.T.);
#4563=EDGE_CURVE('',#5620,#5621,#156,.T.);
#4564=EDGE_CURVE('',#5621,#5622,#698,.T.);
#4565=EDGE_CURVE('',#5622,#5623,#157,.T.);
#4566=EDGE_CURVE('',#5624,#5623,#6540,.T.);
#4567=EDGE_CURVE('',#5624,#5625,#158,.T.);
#4568=EDGE_CURVE('',#5625,#5626,#699,.T.);
#4569=EDGE_CURVE('',#5626,#5627,#159,.T.);
#4570=EDGE_CURVE('',#5627,#5588,#6541,.T.);
#4571=EDGE_CURVE('',#5628,#5628,#700,.T.);
#4572=EDGE_CURVE('',#5629,#5614,#6542,.F.);
#4573=EDGE_CURVE('',#5613,#5630,#6543,.T.);
#4574=EDGE_CURVE('',#5631,#5630,#701,.T.);
#4575=EDGE_CURVE('',#5631,#5632,#702,.F.);
#4576=EDGE_CURVE('',#5632,#5606,#6544,.F.);
#4577=EDGE_CURVE('',#5605,#5633,#6545,.T.);
#4578=EDGE_CURVE('',#5634,#5633,#703,.T.);
#4579=EDGE_CURVE('',#5634,#5598,#6546,.F.);
#4580=EDGE_CURVE('',#5597,#5635,#6547,.T.);
#4581=EDGE_CURVE('',#5636,#5635,#704,.T.);
#4582=EDGE_CURVE('',#5636,#5590,#6548,.F.);
#4583=EDGE_CURVE('',#5589,#5637,#6549,.T.);
#4584=EDGE_CURVE('',#5638,#5637,#705,.T.);
#4585=EDGE_CURVE('',#5638,#5622,#6550,.F.);
#4586=EDGE_CURVE('',#5621,#5639,#6551,.T.);
#4587=EDGE_CURVE('',#5639,#5629,#706,.F.);
#4588=EDGE_CURVE('',#5640,#5641,#6552,.T.);
#4589=EDGE_CURVE('',#5642,#5641,#6553,.T.);
#4590=EDGE_CURVE('',#5643,#5642,#6554,.T.);
#4591=EDGE_CURVE('',#5643,#5640,#6555,.T.);
#4592=EDGE_CURVE('',#5644,#5641,#707,.T.);
#4593=EDGE_CURVE('',#5645,#5644,#6556,.T.);
#4594=EDGE_CURVE('',#5645,#5642,#708,.T.);
#4595=EDGE_CURVE('',#5646,#5644,#6557,.T.);
#4596=EDGE_CURVE('',#5647,#5646,#6558,.T.);
#4597=EDGE_CURVE('',#5647,#5645,#6559,.T.);
#4598=EDGE_CURVE('',#5640,#5646,#709,.T.);
#4599=EDGE_CURVE('',#5643,#5647,#710,.T.);
#4600=EDGE_CURVE('',#5591,#5648,#6560,.T.);
#4601=EDGE_CURVE('',#5649,#5648,#6561,.T.);
#4602=EDGE_CURVE('',#5649,#5592,#6562,.F.);
#4603=EDGE_CURVE('',#5595,#5650,#6563,.T.);
#4604=EDGE_CURVE('',#5650,#5651,#6564,.T.);
#4605=EDGE_CURVE('',#5651,#5596,#6565,.F.);
#4606=EDGE_CURVE('',#5652,#5653,#711,.T.);
#4607=EDGE_CURVE('',#5653,#5594,#6566,.F.);
#4608=EDGE_CURVE('',#5593,#5652,#6567,.T.);
#4609=EDGE_CURVE('',#5650,#5653,#160,.T.);
#4610=EDGE_CURVE('',#5635,#5651,#161,.T.);
#4611=EDGE_CURVE('',#5648,#5636,#162,.T.);
#4612=EDGE_CURVE('',#5652,#5649,#163,.T.);
#4613=EDGE_CURVE('',#5653,#5654,#712,.F.);
#4614=EDGE_CURVE('',#5654,#5655,#164,.T.);
#4615=EDGE_CURVE('',#5655,#5656,#6568,.T.);
#4616=EDGE_CURVE('',#5656,#5634,#165,.T.);
#4617=EDGE_CURVE('',#5634,#5635,#713,.F.);
#4618=EDGE_CURVE('',#5636,#5637,#714,.F.);
#4619=EDGE_CURVE('',#5637,#5657,#166,.T.);
#4620=EDGE_CURVE('',#5658,#5657,#6569,.T.);
#4621=EDGE_CURVE('',#5658,#5659,#167,.T.);
#4622=EDGE_CURVE('',#5659,#5652,#715,.F.);
#4623=EDGE_CURVE('',#5623,#5660,#6570,.T.);
#4624=EDGE_CURVE('',#5661,#5660,#6571,.T.);
#4625=EDGE_CURVE('',#5661,#5624,#6572,.F.);
#4626=EDGE_CURVE('',#5627,#5658,#6573,.T.);
#4627=EDGE_CURVE('',#5657,#5588,#6574,.F.);
#4628=EDGE_CURVE('',#5662,#5659,#716,.T.);
#4629=EDGE_CURVE('',#5659,#5626,#6575,.F.);
#4630=EDGE_CURVE('',#5625,#5662,#6576,.T.);
#4631=EDGE_CURVE('',#5660,#5638,#168,.T.);
#4632=EDGE_CURVE('',#5662,#5661,#169,.T.);
#4633=EDGE_CURVE('',#5638,#5639,#717,.F.);
#4634=EDGE_CURVE('',#5639,#5663,#170,.T.);
#4635=EDGE_CURVE('',#5664,#5663,#6577,.T.);
#4636=EDGE_CURVE('',#5664,#5665,#171,.T.);
#4637=EDGE_CURVE('',#5665,#5662,#718,.F.);
#4638=EDGE_CURVE('',#5655,#5600,#6578,.F.);
#4639=EDGE_CURVE('',#5599,#5656,#6579,.T.);
#4640=EDGE_CURVE('',#5603,#5666,#6580,.T.);
#4641=EDGE_CURVE('',#5666,#5667,#6581,.T.);
#4642=EDGE_CURVE('',#5667,#5604,#6582,.F.);
#4643=EDGE_CURVE('',#5601,#5654,#6583,.T.);
#4644=EDGE_CURVE('',#5654,#5668,#719,.T.);
#4645=EDGE_CURVE('',#5668,#5602,#6584,.F.);
#4646=EDGE_CURVE('',#5666,#5668,#172,.T.);
#4647=EDGE_CURVE('',#5633,#5667,#173,.T.);
#4648=EDGE_CURVE('',#5668,#5669,#720,.F.);
#4649=EDGE_CURVE('',#5669,#5631,#6585,.T.);
#4650=EDGE_CURVE('',#5631,#5633,#721,.F.);
#4651=EDGE_CURVE('',#5607,#5670,#6586,.T.);
#4652=EDGE_CURVE('',#5670,#5671,#6587,.F.);
#4653=EDGE_CURVE('',#5671,#5608,#6588,.F.);
#4654=EDGE_CURVE('',#5672,#5673,#6589,.T.);
#4655=EDGE_CURVE('',#5673,#5612,#6590,.F.);
#4656=EDGE_CURVE('',#5611,#5672,#6591,.T.);
#4657=EDGE_CURVE('',#5669,#5674,#722,.T.);
#4658=EDGE_CURVE('',#5674,#5610,#6592,.F.);
#4659=EDGE_CURVE('',#5609,#5675,#6593,.T.);
#4660=EDGE_CURVE('',#5675,#5669,#723,.T.);
#4661=EDGE_CURVE('',#5675,#5671,#24,.F.);
#4662=EDGE_CURVE('',#5670,#5632,#25,.T.);
#4663=EDGE_CURVE('',#5630,#5673,#174,.T.);
#4664=EDGE_CURVE('',#5672,#5674,#175,.T.);
#4665=EDGE_CURVE('',#5629,#5630,#724,.F.);
#4666=EDGE_CURVE('',#5674,#5676,#725,.F.);
#4667=EDGE_CURVE('',#5676,#5677,#176,.T.);
#4668=EDGE_CURVE('',#5677,#5678,#6594,.T.);
#4669=EDGE_CURVE('',#5678,#5629,#177,.T.);
#4670=EDGE_CURVE('',#5677,#5616,#6595,.F.);
#4671=EDGE_CURVE('',#5615,#5678,#6596,.T.);
#4672=EDGE_CURVE('',#5619,#5664,#6597,.T.);
#4673=EDGE_CURVE('',#5663,#5620,#6598,.F.);
#4674=EDGE_CURVE('',#5617,#5676,#6599,.T.);
#4675=EDGE_CURVE('',#5676,#5665,#726,.F.);
#4676=EDGE_CURVE('',#5665,#5618,#6600,.F.);
#4677=EDGE_CURVE('',#5679,#5679,#727,.T.);
#4678=EDGE_CURVE('',#5680,#5680,#728,.F.);
#4679=EDGE_CURVE('',#5681,#5682,#6601,.T.);
#4680=EDGE_CURVE('',#5681,#5683,#6602,.T.);
#4681=EDGE_CURVE('',#5683,#5684,#6603,.T.);
#4682=EDGE_CURVE('',#5684,#5685,#6604,.T.);
#4683=EDGE_CURVE('',#5686,#5685,#6605,.T.);
#4684=EDGE_CURVE('',#5686,#5682,#6606,.T.);
#4685=EDGE_CURVE('',#5687,#5688,#6607,.T.);
#4686=EDGE_CURVE('',#5687,#5689,#6608,.T.);
#4687=EDGE_CURVE('',#5689,#5690,#6609,.T.);
#4688=EDGE_CURVE('',#5691,#5690,#6610,.T.);
#4689=EDGE_CURVE('',#5692,#5691,#6611,.T.);
#4690=EDGE_CURVE('',#5692,#5688,#6612,.T.);
#4691=EDGE_CURVE('',#5693,#5693,#729,.T.);
#4692=EDGE_CURVE('',#5693,#5693,#730,.T.);
#4693=EDGE_CURVE('',#5694,#5694,#731,.T.);
#4694=EDGE_CURVE('',#5694,#5694,#732,.T.);
#4695=EDGE_CURVE('',#5695,#5695,#733,.T.);
#4696=EDGE_CURVE('',#5696,#5696,#734,.T.);
#4697=EDGE_CURVE('',#5697,#5698,#6613,.T.);
#4698=EDGE_CURVE('',#5697,#5699,#6614,.T.);
#4699=EDGE_CURVE('',#5699,#5700,#6615,.T.);
#4700=EDGE_CURVE('',#5700,#5701,#6616,.T.);
#4701=EDGE_CURVE('',#5702,#5701,#6617,.T.);
#4702=EDGE_CURVE('',#5702,#5703,#6618,.T.);
#4703=EDGE_CURVE('',#5703,#5704,#6619,.T.);
#4704=EDGE_CURVE('',#5704,#5705,#6620,.T.);
#4705=EDGE_CURVE('',#5706,#5705,#6621,.T.);
#4706=EDGE_CURVE('',#5706,#5707,#6622,.T.);
#4707=EDGE_CURVE('',#5707,#5708,#6623,.T.);
#4708=EDGE_CURVE('',#5708,#5709,#6624,.T.);
#4709=EDGE_CURVE('',#5709,#5710,#6625,.T.);
#4710=EDGE_CURVE('',#5710,#5711,#6626,.T.);
#4711=EDGE_CURVE('',#5711,#5712,#6627,.T.);
#4712=EDGE_CURVE('',#5712,#5713,#6628,.T.);
#4713=EDGE_CURVE('',#5713,#5714,#6629,.T.);
#4714=EDGE_CURVE('',#5714,#5715,#6630,.T.);
#4715=EDGE_CURVE('',#5715,#5716,#6631,.T.);
#4716=EDGE_CURVE('',#5716,#5717,#6632,.T.);
#4717=EDGE_CURVE('',#5718,#5717,#6633,.T.);
#4718=EDGE_CURVE('',#5718,#5719,#6634,.T.);
#4719=EDGE_CURVE('',#5720,#5719,#6635,.T.);
#4720=EDGE_CURVE('',#5720,#5698,#6636,.T.);
#4721=EDGE_CURVE('',#5721,#5722,#6637,.T.);
#4722=EDGE_CURVE('',#5722,#5723,#6638,.T.);
#4723=EDGE_CURVE('',#5724,#5723,#6639,.T.);
#4724=EDGE_CURVE('',#5721,#5724,#6640,.T.);
#4725=EDGE_CURVE('',#5725,#5726,#6641,.T.);
#4726=EDGE_CURVE('',#5726,#5727,#6642,.T.);
#4727=EDGE_CURVE('',#5728,#5727,#6643,.T.);
#4728=EDGE_CURVE('',#5728,#5725,#6644,.T.);
#4729=EDGE_CURVE('',#5724,#5729,#6645,.T.);
#4730=EDGE_CURVE('',#5730,#5723,#6646,.T.);
#4731=EDGE_CURVE('',#5731,#5730,#6647,.T.);
#4732=EDGE_CURVE('',#5731,#5732,#6648,.T.);
#4733=EDGE_CURVE('',#5732,#5729,#6649,.T.);
#4734=EDGE_CURVE('',#5733,#5734,#6650,.T.);
#4735=EDGE_CURVE('',#5734,#5722,#6651,.T.);
#4736=EDGE_CURVE('',#5721,#5735,#6652,.T.);
#4737=EDGE_CURVE('',#5736,#5735,#6653,.T.);
#4738=EDGE_CURVE('',#5733,#5736,#6654,.T.);
#4739=EDGE_CURVE('',#5725,#5737,#6655,.T.);
#4740=EDGE_CURVE('',#5738,#5737,#6656,.T.);
#4741=EDGE_CURVE('',#5739,#5738,#6657,.T.);
#4742=EDGE_CURVE('',#5739,#5740,#6658,.T.);
#4743=EDGE_CURVE('',#5740,#5726,#6659,.T.);
#4744=EDGE_CURVE('',#5727,#5741,#6660,.T.);
#4745=EDGE_CURVE('',#5742,#5741,#6661,.T.);
#4746=EDGE_CURVE('',#5742,#5743,#6662,.T.);
#4747=EDGE_CURVE('',#5743,#5744,#6663,.T.);
#4748=EDGE_CURVE('',#5728,#5744,#6664,.T.);
#4749=EDGE_CURVE('',#5745,#5745,#735,.F.);
#4750=EDGE_CURVE('',#5746,#5746,#736,.F.);
#4751=EDGE_CURVE('',#5747,#5747,#737,.F.);
#4752=EDGE_CURVE('',#5748,#5748,#738,.F.);
#4753=EDGE_CURVE('',#5749,#5749,#739,.T.);
#4754=EDGE_CURVE('',#5750,#5750,#740,.T.);
#4755=EDGE_CURVE('',#5730,#5740,#6665,.T.);
#4756=EDGE_CURVE('',#5723,#5726,#6666,.T.);
#4757=EDGE_CURVE('',#5744,#5737,#6667,.T.);
#4758=EDGE_CURVE('',#5735,#5729,#6668,.T.);
#4759=EDGE_CURVE('',#5736,#5732,#6669,.T.);
#4760=EDGE_CURVE('',#5743,#5738,#6670,.T.);
#4761=EDGE_CURVE('',#5733,#5731,#6671,.T.);
#4762=EDGE_CURVE('',#5742,#5739,#6672,.T.);
#4763=EDGE_CURVE('',#5751,#5751,#741,.T.);
#4764=EDGE_CURVE('',#5752,#5752,#742,.T.);
#4765=EDGE_CURVE('',#5741,#5713,#6673,.F.);
#4766=EDGE_CURVE('',#5753,#5711,#6674,.T.);
#4767=EDGE_CURVE('',#5754,#5753,#6675,.T.);
#4768=EDGE_CURVE('',#5704,#5754,#6676,.T.);
#4769=EDGE_CURVE('',#5701,#5755,#6677,.T.);
#4770=EDGE_CURVE('',#5756,#5755,#6678,.T.);
#4771=EDGE_CURVE('',#5756,#5718,#6679,.T.);
#4772=EDGE_CURVE('',#5716,#5734,#6680,.T.);
#4773=EDGE_CURVE('',#5722,#5715,#6681,.T.);
#4774=EDGE_CURVE('',#5727,#5714,#6682,.F.);
#4775=EDGE_CURVE('',#5757,#5758,#6683,.T.);
#4776=EDGE_CURVE('',#5758,#5759,#6684,.T.);
#4777=EDGE_CURVE('',#5759,#5760,#6685,.T.);
#4778=EDGE_CURVE('',#5760,#5757,#6686,.T.);
#4779=EDGE_CURVE('',#5761,#5758,#6687,.T.);
#4780=EDGE_CURVE('',#5761,#5762,#6688,.T.);
#4781=EDGE_CURVE('',#5762,#5759,#6689,.T.);
#4782=EDGE_CURVE('',#5760,#5763,#6690,.T.);
#4783=EDGE_CURVE('',#5764,#5763,#6691,.T.);
#4784=EDGE_CURVE('',#5757,#5764,#6692,.T.);
#4785=EDGE_CURVE('',#5765,#5764,#6693,.T.);
#4786=EDGE_CURVE('',#5766,#5763,#6694,.T.);
#4787=EDGE_CURVE('',#5765,#5766,#6695,.T.);
#4788=EDGE_CURVE('',#5762,#5753,#6696,.T.);
#4789=EDGE_CURVE('',#5753,#5767,#6697,.T.);
#4790=EDGE_CURVE('',#5766,#5767,#6698,.T.);
#4791=EDGE_CURVE('',#5765,#5768,#6699,.T.);
#4792=EDGE_CURVE('',#5754,#5768,#6700,.T.);
#4793=EDGE_CURVE('',#5761,#5754,#6701,.T.);
#4794=EDGE_CURVE('',#5769,#5768,#6702,.T.);
#4795=EDGE_CURVE('',#5769,#5704,#6703,.T.);
#4796=EDGE_CURVE('',#5770,#5685,#6704,.T.);
#4797=EDGE_CURVE('',#5770,#5771,#6705,.T.);
#4798=EDGE_CURVE('',#5771,#5686,#6706,.T.);
#4799=EDGE_CURVE('',#5767,#5772,#6707,.T.);
#4800=EDGE_CURVE('',#5772,#5770,#6708,.T.);
#4801=EDGE_CURVE('',#5773,#5684,#6709,.T.);
#4802=EDGE_CURVE('',#5773,#5769,#6710,.T.);
#4803=EDGE_CURVE('',#5683,#5774,#6711,.T.);
#4804=EDGE_CURVE('',#5774,#5773,#6712,.T.);
#4805=EDGE_CURVE('',#5775,#5776,#6713,.T.);
#4806=EDGE_CURVE('',#5775,#5777,#6714,.T.);
#4807=EDGE_CURVE('',#5777,#5778,#6715,.T.);
#4808=EDGE_CURVE('',#5778,#5708,#6716,.T.);
#4809=EDGE_CURVE('',#5707,#5776,#6717,.T.);
#4810=EDGE_CURVE('',#5779,#5780,#6718,.T.);
#4811=EDGE_CURVE('',#5780,#5710,#6719,.T.);
#4812=EDGE_CURVE('',#5709,#5779,#6720,.T.);
#4813=EDGE_CURVE('',#5781,#5782,#6721,.T.);
#4814=EDGE_CURVE('',#5782,#5706,#6722,.T.);
#4815=EDGE_CURVE('',#5705,#5781,#6723,.T.);
#4816=EDGE_CURVE('',#5711,#5772,#6724,.T.);
#4817=EDGE_CURVE('',#5783,#5784,#6725,.T.);
#4818=EDGE_CURVE('',#5785,#5783,#6726,.T.);
#4819=EDGE_CURVE('',#5786,#5785,#6727,.T.);
#4820=EDGE_CURVE('',#5784,#5786,#6728,.T.);
#4821=EDGE_CURVE('',#5787,#5784,#6729,.T.);
#4822=EDGE_CURVE('',#5788,#5786,#6730,.T.);
#4823=EDGE_CURVE('',#5787,#5788,#6731,.T.);
#4824=EDGE_CURVE('',#5785,#5789,#6732,.T.);
#4825=EDGE_CURVE('',#5783,#5790,#6733,.T.);
#4826=EDGE_CURVE('',#5790,#5789,#6734,.T.);
#4827=EDGE_CURVE('',#5791,#5790,#6735,.T.);
#4828=EDGE_CURVE('',#5791,#5792,#6736,.T.);
#4829=EDGE_CURVE('',#5792,#5789,#6737,.T.);
#4830=EDGE_CURVE('',#5792,#5793,#6738,.T.);
#4831=EDGE_CURVE('',#5756,#5793,#6739,.T.);
#4832=EDGE_CURVE('',#5788,#5756,#6740,.T.);
#4833=EDGE_CURVE('',#5787,#5755,#6741,.T.);
#4834=EDGE_CURVE('',#5755,#5794,#6742,.T.);
#4835=EDGE_CURVE('',#5791,#5794,#6743,.T.);
#4836=EDGE_CURVE('',#5701,#5795,#6744,.T.);
#4837=EDGE_CURVE('',#5795,#5794,#6745,.T.);
#4838=EDGE_CURVE('',#5689,#5796,#6746,.T.);
#4839=EDGE_CURVE('',#5796,#5797,#6747,.T.);
#4840=EDGE_CURVE('',#5797,#5690,#6748,.T.);
#4841=EDGE_CURVE('',#5797,#5798,#6749,.T.);
#4842=EDGE_CURVE('',#5793,#5798,#6750,.T.);
#4843=EDGE_CURVE('',#5795,#5799,#6751,.T.);
#4844=EDGE_CURVE('',#5799,#5691,#6752,.T.);
#4845=EDGE_CURVE('',#5799,#5800,#6753,.T.);
#4846=EDGE_CURVE('',#5800,#5692,#6754,.T.);
#4847=EDGE_CURVE('',#5801,#5802,#6755,.T.);
#4848=EDGE_CURVE('',#5801,#5803,#6756,.T.);
#4849=EDGE_CURVE('',#5803,#5804,#6757,.T.);
#4850=EDGE_CURVE('',#5804,#5697,#6758,.T.);
#4851=EDGE_CURVE('',#5698,#5802,#6759,.T.);
#4852=EDGE_CURVE('',#5719,#5805,#6760,.T.);
#4853=EDGE_CURVE('',#5805,#5806,#6761,.T.);
#4854=EDGE_CURVE('',#5806,#5720,#6762,.T.);
#4855=EDGE_CURVE('',#5699,#5807,#6763,.T.);
#4856=EDGE_CURVE('',#5807,#5808,#6764,.T.);
#4857=EDGE_CURVE('',#5808,#5700,#6765,.T.);
#4858=EDGE_CURVE('',#5798,#5718,#6766,.T.);
#4859=EDGE_CURVE('',#5809,#5809,#743,.T.);
#4860=EDGE_CURVE('',#5810,#5810,#744,.T.);
#4861=EDGE_CURVE('',#5811,#5811,#745,.T.);
#4862=EDGE_CURVE('',#5812,#5812,#746,.T.);
#4863=EDGE_CURVE('',#5813,#5813,#747,.T.);
#4864=EDGE_CURVE('',#5814,#5814,#748,.T.);
#4865=EDGE_CURVE('',#5815,#5815,#749,.T.);
#4866=EDGE_CURVE('',#5816,#5816,#750,.T.);
#4867=EDGE_CURVE('',#5817,#5817,#751,.F.);
#4868=EDGE_CURVE('',#5818,#5818,#752,.T.);
#4869=EDGE_CURVE('',#5819,#5819,#753,.T.);
#4870=EDGE_CURVE('',#5820,#5820,#754,.F.);
#4871=EDGE_CURVE('',#5821,#5821,#755,.T.);
#4872=EDGE_CURVE('',#5822,#5822,#756,.T.);
#4873=EDGE_CURVE('',#5823,#5823,#757,.T.);
#4874=EDGE_CURVE('',#5824,#5824,#758,.F.);
#4875=EDGE_CURVE('',#5825,#5825,#759,.T.);
#4876=EDGE_CURVE('',#5826,#5826,#760,.F.);
#4877=EDGE_CURVE('',#5802,#5806,#6767,.F.);
#4878=EDGE_CURVE('',#5796,#5805,#6768,.F.);
#4879=EDGE_CURVE('',#5802,#5687,#6769,.T.);
#4880=EDGE_CURVE('',#5800,#5808,#6770,.F.);
#4881=EDGE_CURVE('',#5804,#5807,#6771,.F.);
#4882=EDGE_CURVE('',#5688,#5804,#6772,.T.);
#4883=EDGE_CURVE('',#5779,#5778,#6773,.F.);
#4884=EDGE_CURVE('',#5780,#5771,#6774,.F.);
#4885=EDGE_CURVE('',#5682,#5778,#6775,.T.);
#4886=EDGE_CURVE('',#5781,#5774,#6776,.F.);
#4887=EDGE_CURVE('',#5776,#5681,#6777,.T.);
#4888=EDGE_CURVE('',#5782,#5776,#6778,.F.);
#4889=EDGE_CURVE('',#5827,#5828,#6779,.T.);
#4890=EDGE_CURVE('',#5827,#5801,#6780,.T.);
#4891=EDGE_CURVE('',#5828,#5687,#6781,.T.);
#4892=EDGE_CURVE('',#5803,#5829,#6782,.T.);
#4893=EDGE_CURVE('',#5829,#5830,#6783,.T.);
#4894=EDGE_CURVE('',#5830,#5688,#6784,.T.);
#4895=EDGE_CURVE('',#5831,#5832,#6785,.T.);
#4896=EDGE_CURVE('',#5832,#5833,#6786,.T.);
#4897=EDGE_CURVE('',#5834,#5833,#6787,.T.);
#4898=EDGE_CURVE('',#5834,#5831,#6788,.T.);
#4899=EDGE_CURVE('',#5777,#5835,#6789,.T.);
#4900=EDGE_CURVE('',#5836,#5835,#6790,.T.);
#4901=EDGE_CURVE('',#5836,#5682,#6791,.T.);
#4902=EDGE_CURVE('',#5837,#5838,#6792,.T.);
#4903=EDGE_CURVE('',#5838,#5775,#6793,.T.);
#4904=EDGE_CURVE('',#5837,#5681,#6794,.T.);
#4905=EDGE_CURVE('',#5839,#5840,#6795,.T.);
#4906=EDGE_CURVE('',#5840,#5841,#6796,.T.);
#4907=EDGE_CURVE('',#5841,#5842,#6797,.T.);
#4908=EDGE_CURVE('',#5842,#5839,#6798,.T.);
#4909=EDGE_CURVE('',#5828,#5830,#6799,.T.);
#4910=EDGE_CURVE('',#5833,#5827,#6800,.T.);
#4911=EDGE_CURVE('',#5829,#5834,#6801,.T.);
#4912=EDGE_CURVE('',#5837,#5836,#6802,.T.);
#4913=EDGE_CURVE('',#5835,#5840,#6803,.T.);
#4914=EDGE_CURVE('',#5839,#5838,#6804,.T.);
#4915=EDGE_CURVE('',#5831,#5803,#6805,.T.);
#4916=EDGE_CURVE('',#5832,#5801,#6806,.T.);
#4917=EDGE_CURVE('',#5775,#5842,#6807,.T.);
#4918=EDGE_CURVE('',#5777,#5841,#6808,.T.);
#4919=EDGE_CURVE('',#5843,#5844,#6809,.T.);
#4920=EDGE_CURVE('',#5845,#5843,#6810,.T.);
#4921=EDGE_CURVE('',#5845,#5846,#6811,.T.);
#4922=EDGE_CURVE('',#5846,#5844,#6812,.T.);
#4923=EDGE_CURVE('',#5843,#5847,#6813,.T.);
#4924=EDGE_CURVE('',#5848,#5847,#6814,.T.);
#4925=EDGE_CURVE('',#5845,#5848,#6815,.T.);
#4926=EDGE_CURVE('',#5847,#5849,#6816,.T.);
#4927=EDGE_CURVE('',#5850,#5849,#6817,.T.);
#4928=EDGE_CURVE('',#5848,#5850,#6818,.T.);
#4929=EDGE_CURVE('',#5844,#5849,#6819,.T.);
#4930=EDGE_CURVE('',#5846,#5850,#6820,.T.);
#4931=EDGE_CURVE('',#5851,#5851,#761,.T.);
#4932=EDGE_CURVE('',#5852,#5852,#762,.T.);
#4933=EDGE_CURVE('',#5853,#5854,#6821,.T.);
#4934=EDGE_CURVE('',#5855,#5854,#6822,.T.);
#4935=EDGE_CURVE('',#5856,#5855,#6823,.T.);
#4936=EDGE_CURVE('',#5856,#5853,#6824,.T.);
#4937=EDGE_CURVE('',#5853,#5857,#6825,.T.);
#4938=EDGE_CURVE('',#5856,#5858,#6826,.T.);
#4939=EDGE_CURVE('',#5858,#5857,#6827,.T.);
#4940=EDGE_CURVE('',#5857,#5859,#6828,.T.);
#4941=EDGE_CURVE('',#5858,#5860,#6829,.T.);
#4942=EDGE_CURVE('',#5860,#5859,#6830,.T.);
#4943=EDGE_CURVE('',#5854,#5859,#6831,.T.);
#4944=EDGE_CURVE('',#5855,#5860,#6832,.T.);
#4945=EDGE_CURVE('',#5861,#5861,#763,.T.);
#4946=EDGE_CURVE('',#5862,#5862,#764,.T.);
#4947=VERTEX_POINT('',#13980);
#4948=VERTEX_POINT('',#13981);
#4949=VERTEX_POINT('',#13983);
#4950=VERTEX_POINT('',#13985);
#4951=VERTEX_POINT('',#13987);
#4952=VERTEX_POINT('',#13989);
#4953=VERTEX_POINT('',#13993);
#4954=VERTEX_POINT('',#13994);
#4955=VERTEX_POINT('',#13996);
#4956=VERTEX_POINT('',#13998);
#4957=VERTEX_POINT('',#14000);
#4958=VERTEX_POINT('',#14002);
#4959=VERTEX_POINT('',#14006);
#4960=VERTEX_POINT('',#14007);
#4961=VERTEX_POINT('',#14009);
#4962=VERTEX_POINT('',#14011);
#4963=VERTEX_POINT('',#14013);
#4964=VERTEX_POINT('',#14015);
#4965=VERTEX_POINT('',#14019);
#4966=VERTEX_POINT('',#14020);
#4967=VERTEX_POINT('',#14022);
#4968=VERTEX_POINT('',#14024);
#4969=VERTEX_POINT('',#14026);
#4970=VERTEX_POINT('',#14028);
#4971=VERTEX_POINT('',#14032);
#4972=VERTEX_POINT('',#14034);
#4973=VERTEX_POINT('',#14038);
#4974=VERTEX_POINT('',#14040);
#4975=VERTEX_POINT('',#14044);
#4976=VERTEX_POINT('',#14046);
#4977=VERTEX_POINT('',#14048);
#4978=VERTEX_POINT('',#14051);
#4979=VERTEX_POINT('',#14053);
#4980=VERTEX_POINT('',#14057);
#4981=VERTEX_POINT('',#14059);
#4982=VERTEX_POINT('',#14063);
#4983=VERTEX_POINT('',#14064);
#4984=VERTEX_POINT('',#14066);
#4985=VERTEX_POINT('',#14068);
#4986=VERTEX_POINT('',#14072);
#4987=VERTEX_POINT('',#14073);
#4988=VERTEX_POINT('',#14075);
#4989=VERTEX_POINT('',#14077);
#4990=VERTEX_POINT('',#14084);
#4991=VERTEX_POINT('',#14086);
#4992=VERTEX_POINT('',#14088);
#4993=VERTEX_POINT('',#14097);
#4994=VERTEX_POINT('',#14098);
#4995=VERTEX_POINT('',#14101);
#4996=VERTEX_POINT('',#14105);
#4997=VERTEX_POINT('',#14107);
#4998=VERTEX_POINT('',#14109);
#4999=VERTEX_POINT('',#14120);
#5000=VERTEX_POINT('',#14122);
#5001=VERTEX_POINT('',#14125);
#5002=VERTEX_POINT('',#14127);
#5003=VERTEX_POINT('',#14129);
#5004=VERTEX_POINT('',#14131);
#5005=VERTEX_POINT('',#14136);
#5006=VERTEX_POINT('',#14137);
#5007=VERTEX_POINT('',#14139);
#5008=VERTEX_POINT('',#14141);
#5009=VERTEX_POINT('',#14143);
#5010=VERTEX_POINT('',#14145);
#5011=VERTEX_POINT('',#14147);
#5012=VERTEX_POINT('',#14149);
#5013=VERTEX_POINT('',#14152);
#5014=VERTEX_POINT('',#14153);
#5015=VERTEX_POINT('',#14155);
#5016=VERTEX_POINT('',#14157);
#5017=VERTEX_POINT('',#14159);
#5018=VERTEX_POINT('',#14161);
#5019=VERTEX_POINT('',#14163);
#5020=VERTEX_POINT('',#14165);
#5021=VERTEX_POINT('',#14168);
#5022=VERTEX_POINT('',#14170);
#5023=VERTEX_POINT('',#14173);
#5024=VERTEX_POINT('',#14175);
#5025=VERTEX_POINT('',#14179);
#5026=VERTEX_POINT('',#14183);
#5027=VERTEX_POINT('',#14184);
#5028=VERTEX_POINT('',#14187);
#5029=VERTEX_POINT('',#14189);
#5030=VERTEX_POINT('',#14191);
#5031=VERTEX_POINT('',#14196);
#5032=VERTEX_POINT('',#14200);
#5033=VERTEX_POINT('',#14201);
#5034=VERTEX_POINT('',#14206);
#5035=VERTEX_POINT('',#14208);
#5036=VERTEX_POINT('',#14214);
#5037=VERTEX_POINT('',#14217);
#5038=VERTEX_POINT('',#14219);
#5039=VERTEX_POINT('',#14226);
#5040=VERTEX_POINT('',#14227);
#5041=VERTEX_POINT('',#14229);
#5042=VERTEX_POINT('',#14234);
#5043=VERTEX_POINT('',#14236);
#5044=VERTEX_POINT('',#14238);
#5045=VERTEX_POINT('',#14249);
#5046=VERTEX_POINT('',#14251);
#5047=VERTEX_POINT('',#14255);
#5048=VERTEX_POINT('',#14256);
#5049=VERTEX_POINT('',#14261);
#5050=VERTEX_POINT('',#14262);
#5051=VERTEX_POINT('',#14267);
#5052=VERTEX_POINT('',#14269);
#5053=VERTEX_POINT('',#14273);
#5054=VERTEX_POINT('',#14274);
#5055=VERTEX_POINT('',#14276);
#5056=VERTEX_POINT('',#14278);
#5057=VERTEX_POINT('',#14282);
#5058=VERTEX_POINT('',#14284);
#5059=VERTEX_POINT('',#14288);
#5060=VERTEX_POINT('',#14290);
#5061=VERTEX_POINT('',#14298);
#5062=VERTEX_POINT('',#14299);
#5063=VERTEX_POINT('',#14301);
#5064=VERTEX_POINT('',#14303);
#5065=VERTEX_POINT('',#14307);
#5066=VERTEX_POINT('',#14308);
#5067=VERTEX_POINT('',#14310);
#5068=VERTEX_POINT('',#14312);
#5069=VERTEX_POINT('',#14316);
#5070=VERTEX_POINT('',#14317);
#5071=VERTEX_POINT('',#14320);
#5072=VERTEX_POINT('',#14322);
#5073=VERTEX_POINT('',#14326);
#5074=VERTEX_POINT('',#14327);
#5075=VERTEX_POINT('',#14330);
#5076=VERTEX_POINT('',#14332);
#5077=VERTEX_POINT('',#14335);
#5078=VERTEX_POINT('',#14337);
#5079=VERTEX_POINT('',#14342);
#5080=VERTEX_POINT('',#14344);
#5081=VERTEX_POINT('',#14352);
#5082=VERTEX_POINT('',#14354);
#5083=VERTEX_POINT('',#14359);
#5084=VERTEX_POINT('',#14360);
#5085=VERTEX_POINT('',#14367);
#5086=VERTEX_POINT('',#14370);
#5087=VERTEX_POINT('',#14372);
#5088=VERTEX_POINT('',#14374);
#5089=VERTEX_POINT('',#14376);
#5090=VERTEX_POINT('',#14378);
#5091=VERTEX_POINT('',#14383);
#5092=VERTEX_POINT('',#14387);
#5093=VERTEX_POINT('',#14394);
#5094=VERTEX_POINT('',#14399);
#5095=VERTEX_POINT('',#14460);
#5096=VERTEX_POINT('',#14462);
#5097=VERTEX_POINT('',#14465);
#5098=VERTEX_POINT('',#14467);
#5099=VERTEX_POINT('',#14476);
#5100=VERTEX_POINT('',#14477);
#5101=VERTEX_POINT('',#14479);
#5102=VERTEX_POINT('',#14484);
#5103=VERTEX_POINT('',#14486);
#5104=VERTEX_POINT('',#14491);
#5105=VERTEX_POINT('',#14493);
#5106=VERTEX_POINT('',#14498);
#5107=VERTEX_POINT('',#14500);
#5108=VERTEX_POINT('',#14505);
#5109=VERTEX_POINT('',#14507);
#5110=VERTEX_POINT('',#14512);
#5111=VERTEX_POINT('',#14514);
#5112=VERTEX_POINT('',#14519);
#5113=VERTEX_POINT('',#14521);
#5114=VERTEX_POINT('',#14526);
#5115=VERTEX_POINT('',#14528);
#5116=VERTEX_POINT('',#14533);
#5117=VERTEX_POINT('',#14535);
#5118=VERTEX_POINT('',#14540);
#5119=VERTEX_POINT('',#14542);
#5120=VERTEX_POINT('',#14547);
#5121=VERTEX_POINT('',#14549);
#5122=VERTEX_POINT('',#14554);
#5123=VERTEX_POINT('',#14556);
#5124=VERTEX_POINT('',#14561);
#5125=VERTEX_POINT('',#14563);
#5126=VERTEX_POINT('',#14568);
#5127=VERTEX_POINT('',#14570);
#5128=VERTEX_POINT('',#14575);
#5129=VERTEX_POINT('',#14577);
#5130=VERTEX_POINT('',#14582);
#5131=VERTEX_POINT('',#14584);
#5132=VERTEX_POINT('',#14589);
#5133=VERTEX_POINT('',#14591);
#5134=VERTEX_POINT('',#14596);
#5135=VERTEX_POINT('',#14598);
#5136=VERTEX_POINT('',#14603);
#5137=VERTEX_POINT('',#14605);
#5138=VERTEX_POINT('',#14610);
#5139=VERTEX_POINT('',#14613);
#5140=VERTEX_POINT('',#14616);
#5141=VERTEX_POINT('',#14618);
#5142=VERTEX_POINT('',#14620);
#5143=VERTEX_POINT('',#14622);
#5144=VERTEX_POINT('',#14625);
#5145=VERTEX_POINT('',#14627);
#5146=VERTEX_POINT('',#14630);
#5147=VERTEX_POINT('',#14632);
#5148=VERTEX_POINT('',#14635);
#5149=VERTEX_POINT('',#14637);
#5150=VERTEX_POINT('',#14640);
#5151=VERTEX_POINT('',#14644);
#5152=VERTEX_POINT('',#14645);
#5153=VERTEX_POINT('',#14647);
#5154=VERTEX_POINT('',#14649);
#5155=VERTEX_POINT('',#14653);
#5156=VERTEX_POINT('',#14655);
#5157=VERTEX_POINT('',#14659);
#5158=VERTEX_POINT('',#14661);
#5159=VERTEX_POINT('',#14670);
#5160=VERTEX_POINT('',#14672);
#5161=VERTEX_POINT('',#14676);
#5162=VERTEX_POINT('',#14678);
#5163=VERTEX_POINT('',#14682);
#5164=VERTEX_POINT('',#14683);
#5165=VERTEX_POINT('',#14708);
#5166=VERTEX_POINT('',#14713);
#5167=VERTEX_POINT('',#14715);
#5168=VERTEX_POINT('',#14727);
#5169=VERTEX_POINT('',#14729);
#5170=VERTEX_POINT('',#14734);
#5171=VERTEX_POINT('',#14738);
#5172=VERTEX_POINT('',#14740);
#5173=VERTEX_POINT('',#14747);
#5174=VERTEX_POINT('',#14768);
#5175=VERTEX_POINT('',#14770);
#5176=VERTEX_POINT('',#14775);
#5177=VERTEX_POINT('',#14782);
#5178=VERTEX_POINT('',#14784);
#5179=VERTEX_POINT('',#14789);
#5180=VERTEX_POINT('',#14805);
#5181=VERTEX_POINT('',#14810);
#5182=VERTEX_POINT('',#14812);
#5183=VERTEX_POINT('',#14816);
#5184=VERTEX_POINT('',#14817);
#5185=VERTEX_POINT('',#14822);
#5186=VERTEX_POINT('',#14825);
#5187=VERTEX_POINT('',#14845);
#5188=VERTEX_POINT('',#14850);
#5189=VERTEX_POINT('',#14852);
#5190=VERTEX_POINT('',#14873);
#5191=VERTEX_POINT('',#14875);
#5192=VERTEX_POINT('',#14881);
#5193=VERTEX_POINT('',#14883);
#5194=VERTEX_POINT('',#14886);
#5195=VERTEX_POINT('',#14888);
#5196=VERTEX_POINT('',#14894);
#5197=VERTEX_POINT('',#14895);
#5198=VERTEX_POINT('',#14897);
#5199=VERTEX_POINT('',#14899);
#5200=VERTEX_POINT('',#14903);
#5201=VERTEX_POINT('',#14904);
#5202=VERTEX_POINT('',#14906);
#5203=VERTEX_POINT('',#14908);
#5204=VERTEX_POINT('',#14912);
#5205=VERTEX_POINT('',#14914);
#5206=VERTEX_POINT('',#14918);
#5207=VERTEX_POINT('',#14920);
#5208=VERTEX_POINT('',#14924);
#5209=VERTEX_POINT('',#14925);
#5210=VERTEX_POINT('',#14927);
#5211=VERTEX_POINT('',#14929);
#5212=VERTEX_POINT('',#14933);
#5213=VERTEX_POINT('',#14935);
#5214=VERTEX_POINT('',#14939);
#5215=VERTEX_POINT('',#14941);
#5216=VERTEX_POINT('',#14945);
#5217=VERTEX_POINT('',#14946);
#5218=VERTEX_POINT('',#14948);
#5219=VERTEX_POINT('',#14950);
#5220=VERTEX_POINT('',#14954);
#5221=VERTEX_POINT('',#14956);
#5222=VERTEX_POINT('',#14960);
#5223=VERTEX_POINT('',#14962);
#5224=VERTEX_POINT('',#14966);
#5225=VERTEX_POINT('',#14967);
#5226=VERTEX_POINT('',#14969);
#5227=VERTEX_POINT('',#14971);
#5228=VERTEX_POINT('',#14975);
#5229=VERTEX_POINT('',#14977);
#5230=VERTEX_POINT('',#14983);
#5231=VERTEX_POINT('',#14990);
#5232=VERTEX_POINT('',#14992);
#5233=VERTEX_POINT('',#15000);
#5234=VERTEX_POINT('',#15008);
#5235=VERTEX_POINT('',#15012);
#5236=VERTEX_POINT('',#15016);
#5237=VERTEX_POINT('',#15017);
#5238=VERTEX_POINT('',#15019);
#5239=VERTEX_POINT('',#15021);
#5240=VERTEX_POINT('',#15023);
#5241=VERTEX_POINT('',#15025);
#5242=VERTEX_POINT('',#15027);
#5243=VERTEX_POINT('',#15029);
#5244=VERTEX_POINT('',#15033);
#5245=VERTEX_POINT('',#15035);
#5246=VERTEX_POINT('',#15037);
#5247=VERTEX_POINT('',#15039);
#5248=VERTEX_POINT('',#15041);
#5249=VERTEX_POINT('',#15043);
#5250=VERTEX_POINT('',#15047);
#5251=VERTEX_POINT('',#15048);
#5252=VERTEX_POINT('',#15050);
#5253=VERTEX_POINT('',#15052);
#5254=VERTEX_POINT('',#15054);
#5255=VERTEX_POINT('',#15056);
#5256=VERTEX_POINT('',#15060);
#5257=VERTEX_POINT('',#15062);
#5258=VERTEX_POINT('',#15064);
#5259=VERTEX_POINT('',#15067);
#5260=VERTEX_POINT('',#15071);
#5261=VERTEX_POINT('',#15073);
#5262=VERTEX_POINT('',#15075);
#5263=VERTEX_POINT('',#15077);
#5264=VERTEX_POINT('',#15079);
#5265=VERTEX_POINT('',#15081);
#5266=VERTEX_POINT('',#15085);
#5267=VERTEX_POINT('',#15087);
#5268=VERTEX_POINT('',#15089);
#5269=VERTEX_POINT('',#15093);
#5270=VERTEX_POINT('',#15096);
#5271=VERTEX_POINT('',#15098);
#5272=VERTEX_POINT('',#15102);
#5273=VERTEX_POINT('',#15104);
#5274=VERTEX_POINT('',#15106);
#5275=VERTEX_POINT('',#15112);
#5276=VERTEX_POINT('',#15116);
#5277=VERTEX_POINT('',#15122);
#5278=VERTEX_POINT('',#15126);
#5279=VERTEX_POINT('',#15128);
#5280=VERTEX_POINT('',#15135);
#5281=VERTEX_POINT('',#15137);
#5282=VERTEX_POINT('',#15141);
#5283=VERTEX_POINT('',#15143);
#5284=VERTEX_POINT('',#15163);
#5285=VERTEX_POINT('',#15164);
#5286=VERTEX_POINT('',#15166);
#5287=VERTEX_POINT('',#15168);
#5288=VERTEX_POINT('',#15172);
#5289=VERTEX_POINT('',#15174);
#5290=VERTEX_POINT('',#15178);
#5291=VERTEX_POINT('',#15179);
#5292=VERTEX_POINT('',#15181);
#5293=VERTEX_POINT('',#15183);
#5294=VERTEX_POINT('',#15187);
#5295=VERTEX_POINT('',#15189);
#5296=VERTEX_POINT('',#15193);
#5297=VERTEX_POINT('',#15195);
#5298=VERTEX_POINT('',#15199);
#5299=VERTEX_POINT('',#15200);
#5300=VERTEX_POINT('',#15202);
#5301=VERTEX_POINT('',#15204);
#5302=VERTEX_POINT('',#15206);
#5303=VERTEX_POINT('',#15208);
#5304=VERTEX_POINT('',#15210);
#5305=VERTEX_POINT('',#15212);
#5306=VERTEX_POINT('',#15216);
#5307=VERTEX_POINT('',#15218);
#5308=VERTEX_POINT('',#15222);
#5309=VERTEX_POINT('',#15224);
#5310=VERTEX_POINT('',#15228);
#5311=VERTEX_POINT('',#15230);
#5312=VERTEX_POINT('',#15232);
#5313=VERTEX_POINT('',#15234);
#5314=VERTEX_POINT('',#15236);
#5315=VERTEX_POINT('',#15238);
#5316=VERTEX_POINT('',#15242);
#5317=VERTEX_POINT('',#15244);
#5318=VERTEX_POINT('',#15250);
#5319=VERTEX_POINT('',#15257);
#5320=VERTEX_POINT('',#15258);
#5321=VERTEX_POINT('',#15260);
#5322=VERTEX_POINT('',#15262);
#5323=VERTEX_POINT('',#15267);
#5324=VERTEX_POINT('',#15289);
#5325=VERTEX_POINT('',#15290);
#5326=VERTEX_POINT('',#15292);
#5327=VERTEX_POINT('',#15294);
#5328=VERTEX_POINT('',#15298);
#5329=VERTEX_POINT('',#15299);
#5330=VERTEX_POINT('',#15301);
#5331=VERTEX_POINT('',#15303);
#5332=VERTEX_POINT('',#15307);
#5333=VERTEX_POINT('',#15308);
#5334=VERTEX_POINT('',#15310);
#5335=VERTEX_POINT('',#15312);
#5336=VERTEX_POINT('',#15314);
#5337=VERTEX_POINT('',#15316);
#5338=VERTEX_POINT('',#15320);
#5339=VERTEX_POINT('',#15322);
#5340=VERTEX_POINT('',#15324);
#5341=VERTEX_POINT('',#15326);
#5342=VERTEX_POINT('',#15330);
#5343=VERTEX_POINT('',#15331);
#5344=VERTEX_POINT('',#15333);
#5345=VERTEX_POINT('',#15335);
#5346=VERTEX_POINT('',#15338);
#5347=VERTEX_POINT('',#15340);
#5348=VERTEX_POINT('',#15345);
#5349=VERTEX_POINT('',#15347);
#5350=VERTEX_POINT('',#15349);
#5351=VERTEX_POINT('',#15353);
#5352=VERTEX_POINT('',#15355);
#5353=VERTEX_POINT('',#15357);
#5354=VERTEX_POINT('',#15359);
#5355=VERTEX_POINT('',#15365);
#5356=VERTEX_POINT('',#15372);
#5357=VERTEX_POINT('',#15374);
#5358=VERTEX_POINT('',#15376);
#5359=VERTEX_POINT('',#15378);
#5360=VERTEX_POINT('',#15382);
#5361=VERTEX_POINT('',#15386);
#5362=VERTEX_POINT('',#15388);
#5363=VERTEX_POINT('',#15392);
#5364=VERTEX_POINT('',#15412);
#5365=VERTEX_POINT('',#15414);
#5366=VERTEX_POINT('',#15417);
#5367=VERTEX_POINT('',#15419);
#5368=VERTEX_POINT('',#15425);
#5369=VERTEX_POINT('',#15427);
#5370=VERTEX_POINT('',#15430);
#5371=VERTEX_POINT('',#15432);
#5372=VERTEX_POINT('',#15438);
#5373=VERTEX_POINT('',#15440);
#5374=VERTEX_POINT('',#15443);
#5375=VERTEX_POINT('',#15445);
#5376=VERTEX_POINT('',#15452);
#5377=VERTEX_POINT('',#15453);
#5378=VERTEX_POINT('',#15455);
#5379=VERTEX_POINT('',#15457);
#5380=VERTEX_POINT('',#15461);
#5381=VERTEX_POINT('',#15463);
#5382=VERTEX_POINT('',#15467);
#5383=VERTEX_POINT('',#15469);
#5384=VERTEX_POINT('',#15476);
#5385=VERTEX_POINT('',#15480);
#5386=VERTEX_POINT('',#15485);
#5387=VERTEX_POINT('',#15486);
#5388=VERTEX_POINT('',#15488);
#5389=VERTEX_POINT('',#15490);
#5390=VERTEX_POINT('',#15494);
#5391=VERTEX_POINT('',#15496);
#5392=VERTEX_POINT('',#15500);
#5393=VERTEX_POINT('',#15502);
#5394=VERTEX_POINT('',#15509);
#5395=VERTEX_POINT('',#15513);
#5396=VERTEX_POINT('',#15519);
#5397=VERTEX_POINT('',#15520);
#5398=VERTEX_POINT('',#15522);
#5399=VERTEX_POINT('',#15524);
#5400=VERTEX_POINT('',#15528);
#5401=VERTEX_POINT('',#15529);
#5402=VERTEX_POINT('',#15531);
#5403=VERTEX_POINT('',#15533);
#5404=VERTEX_POINT('',#15537);
#5405=VERTEX_POINT('',#15538);
#5406=VERTEX_POINT('',#15540);
#5407=VERTEX_POINT('',#15542);
#5408=VERTEX_POINT('',#15546);
#5409=VERTEX_POINT('',#15547);
#5410=VERTEX_POINT('',#15549);
#5411=VERTEX_POINT('',#15551);
#5412=VERTEX_POINT('',#15553);
#5413=VERTEX_POINT('',#15560);
#5414=VERTEX_POINT('',#15562);
#5415=VERTEX_POINT('',#15567);
#5416=VERTEX_POINT('',#15569);
#5417=VERTEX_POINT('',#15574);
#5418=VERTEX_POINT('',#15576);
#5419=VERTEX_POINT('',#15585);
#5420=VERTEX_POINT('',#15587);
#5421=VERTEX_POINT('',#15592);
#5422=VERTEX_POINT('',#15594);
#5423=VERTEX_POINT('',#15599);
#5424=VERTEX_POINT('',#15601);
#5425=VERTEX_POINT('',#15610);
#5426=VERTEX_POINT('',#15612);
#5427=VERTEX_POINT('',#15617);
#5428=VERTEX_POINT('',#15619);
#5429=VERTEX_POINT('',#15624);
#5430=VERTEX_POINT('',#15626);
#5431=VERTEX_POINT('',#15632);
#5432=VERTEX_POINT('',#15633);
#5433=VERTEX_POINT('',#15638);
#5434=VERTEX_POINT('',#15640);
#5435=VERTEX_POINT('',#15645);
#5436=VERTEX_POINT('',#15647);
#5437=VERTEX_POINT('',#15652);
#5438=VERTEX_POINT('',#15654);
#5439=VERTEX_POINT('',#15663);
#5440=VERTEX_POINT('',#15668);
#5441=VERTEX_POINT('',#15670);
#5442=VERTEX_POINT('',#15675);
#5443=VERTEX_POINT('',#15677);
#5444=VERTEX_POINT('',#15682);
#5445=VERTEX_POINT('',#15685);
#5446=VERTEX_POINT('',#15687);
#5447=VERTEX_POINT('',#15690);
#5448=VERTEX_POINT('',#15692);
#5449=VERTEX_POINT('',#15696);
#5450=VERTEX_POINT('',#15697);
#5451=VERTEX_POINT('',#15699);
#5452=VERTEX_POINT('',#15701);
#5453=VERTEX_POINT('',#15705);
#5454=VERTEX_POINT('',#15707);
#5455=VERTEX_POINT('',#15711);
#5456=VERTEX_POINT('',#15713);
#5457=VERTEX_POINT('',#15722);
#5458=VERTEX_POINT('',#15724);
#5459=VERTEX_POINT('',#15728);
#5460=VERTEX_POINT('',#15730);
#5461=VERTEX_POINT('',#15734);
#5462=VERTEX_POINT('',#15735);
#5463=VERTEX_POINT('',#15760);
#5464=VERTEX_POINT('',#15765);
#5465=VERTEX_POINT('',#15767);
#5466=VERTEX_POINT('',#15779);
#5467=VERTEX_POINT('',#15781);
#5468=VERTEX_POINT('',#15786);
#5469=VERTEX_POINT('',#15790);
#5470=VERTEX_POINT('',#15792);
#5471=VERTEX_POINT('',#15799);
#5472=VERTEX_POINT('',#15820);
#5473=VERTEX_POINT('',#15822);
#5474=VERTEX_POINT('',#15827);
#5475=VERTEX_POINT('',#15834);
#5476=VERTEX_POINT('',#15836);
#5477=VERTEX_POINT('',#15841);
#5478=VERTEX_POINT('',#15857);
#5479=VERTEX_POINT('',#15862);
#5480=VERTEX_POINT('',#15864);
#5481=VERTEX_POINT('',#15868);
#5482=VERTEX_POINT('',#15869);
#5483=VERTEX_POINT('',#15874);
#5484=VERTEX_POINT('',#15877);
#5485=VERTEX_POINT('',#15897);
#5486=VERTEX_POINT('',#15902);
#5487=VERTEX_POINT('',#15904);
#5488=VERTEX_POINT('',#15925);
#5489=VERTEX_POINT('',#15927);
#5490=VERTEX_POINT('',#15934);
#5491=VERTEX_POINT('',#15936);
#5492=VERTEX_POINT('',#15939);
#5493=VERTEX_POINT('',#15941);
#5494=VERTEX_POINT('',#15947);
#5495=VERTEX_POINT('',#15948);
#5496=VERTEX_POINT('',#15950);
#5497=VERTEX_POINT('',#15952);
#5498=VERTEX_POINT('',#15956);
#5499=VERTEX_POINT('',#15957);
#5500=VERTEX_POINT('',#15959);
#5501=VERTEX_POINT('',#15961);
#5502=VERTEX_POINT('',#15965);
#5503=VERTEX_POINT('',#15966);
#5504=VERTEX_POINT('',#15968);
#5505=VERTEX_POINT('',#15970);
#5506=VERTEX_POINT('',#15974);
#5507=VERTEX_POINT('',#15975);
#5508=VERTEX_POINT('',#15977);
#5509=VERTEX_POINT('',#15979);
#5510=VERTEX_POINT('',#15981);
#5511=VERTEX_POINT('',#15988);
#5512=VERTEX_POINT('',#15990);
#5513=VERTEX_POINT('',#15995);
#5514=VERTEX_POINT('',#15997);
#5515=VERTEX_POINT('',#16002);
#5516=VERTEX_POINT('',#16004);
#5517=VERTEX_POINT('',#16013);
#5518=VERTEX_POINT('',#16015);
#5519=VERTEX_POINT('',#16020);
#5520=VERTEX_POINT('',#16022);
#5521=VERTEX_POINT('',#16027);
#5522=VERTEX_POINT('',#16029);
#5523=VERTEX_POINT('',#16038);
#5524=VERTEX_POINT('',#16040);
#5525=VERTEX_POINT('',#16045);
#5526=VERTEX_POINT('',#16047);
#5527=VERTEX_POINT('',#16052);
#5528=VERTEX_POINT('',#16054);
#5529=VERTEX_POINT('',#16060);
#5530=VERTEX_POINT('',#16061);
#5531=VERTEX_POINT('',#16066);
#5532=VERTEX_POINT('',#16068);
#5533=VERTEX_POINT('',#16073);
#5534=VERTEX_POINT('',#16075);
#5535=VERTEX_POINT('',#16080);
#5536=VERTEX_POINT('',#16082);
#5537=VERTEX_POINT('',#16091);
#5538=VERTEX_POINT('',#16096);
#5539=VERTEX_POINT('',#16098);
#5540=VERTEX_POINT('',#16103);
#5541=VERTEX_POINT('',#16105);
#5542=VERTEX_POINT('',#16110);
#5543=VERTEX_POINT('',#16113);
#5544=VERTEX_POINT('',#16115);
#5545=VERTEX_POINT('',#16118);
#5546=VERTEX_POINT('',#16120);
#5547=VERTEX_POINT('',#16124);
#5548=VERTEX_POINT('',#16125);
#5549=VERTEX_POINT('',#16127);
#5550=VERTEX_POINT('',#16129);
#5551=VERTEX_POINT('',#16133);
#5552=VERTEX_POINT('',#16135);
#5553=VERTEX_POINT('',#16139);
#5554=VERTEX_POINT('',#16141);
#5555=VERTEX_POINT('',#16150);
#5556=VERTEX_POINT('',#16152);
#5557=VERTEX_POINT('',#16156);
#5558=VERTEX_POINT('',#16158);
#5559=VERTEX_POINT('',#16162);
#5560=VERTEX_POINT('',#16163);
#5561=VERTEX_POINT('',#16188);
#5562=VERTEX_POINT('',#16193);
#5563=VERTEX_POINT('',#16195);
#5564=VERTEX_POINT('',#16207);
#5565=VERTEX_POINT('',#16209);
#5566=VERTEX_POINT('',#16214);
#5567=VERTEX_POINT('',#16218);
#5568=VERTEX_POINT('',#16220);
#5569=VERTEX_POINT('',#16227);
#5570=VERTEX_POINT('',#16248);
#5571=VERTEX_POINT('',#16250);
#5572=VERTEX_POINT('',#16255);
#5573=VERTEX_POINT('',#16262);
#5574=VERTEX_POINT('',#16264);
#5575=VERTEX_POINT('',#16269);
#5576=VERTEX_POINT('',#16285);
#5577=VERTEX_POINT('',#16290);
#5578=VERTEX_POINT('',#16292);
#5579=VERTEX_POINT('',#16296);
#5580=VERTEX_POINT('',#16297);
#5581=VERTEX_POINT('',#16302);
#5582=VERTEX_POINT('',#16305);
#5583=VERTEX_POINT('',#16325);
#5584=VERTEX_POINT('',#16330);
#5585=VERTEX_POINT('',#16332);
#5586=VERTEX_POINT('',#16353);
#5587=VERTEX_POINT('',#16355);
#5588=VERTEX_POINT('',#16367);
#5589=VERTEX_POINT('',#16368);
#5590=VERTEX_POINT('',#16370);
#5591=VERTEX_POINT('',#16375);
#5592=VERTEX_POINT('',#16377);
#5593=VERTEX_POINT('',#16382);
#5594=VERTEX_POINT('',#16384);
#5595=VERTEX_POINT('',#16389);
#5596=VERTEX_POINT('',#16391);
#5597=VERTEX_POINT('',#16396);
#5598=VERTEX_POINT('',#16398);
#5599=VERTEX_POINT('',#16403);
#5600=VERTEX_POINT('',#16405);
#5601=VERTEX_POINT('',#16410);
#5602=VERTEX_POINT('',#16412);
#5603=VERTEX_POINT('',#16417);
#5604=VERTEX_POINT('',#16419);
#5605=VERTEX_POINT('',#16424);
#5606=VERTEX_POINT('',#16426);
#5607=VERTEX_POINT('',#16431);
#5608=VERTEX_POINT('',#16433);
#5609=VERTEX_POINT('',#16438);
#5610=VERTEX_POINT('',#16440);
#5611=VERTEX_POINT('',#16445);
#5612=VERTEX_POINT('',#16447);
#5613=VERTEX_POINT('',#16452);
#5614=VERTEX_POINT('',#16454);
#5615=VERTEX_POINT('',#16459);
#5616=VERTEX_POINT('',#16461);
#5617=VERTEX_POINT('',#16466);
#5618=VERTEX_POINT('',#16468);
#5619=VERTEX_POINT('',#16473);
#5620=VERTEX_POINT('',#16475);
#5621=VERTEX_POINT('',#16480);
#5622=VERTEX_POINT('',#16482);
#5623=VERTEX_POINT('',#16487);
#5624=VERTEX_POINT('',#16489);
#5625=VERTEX_POINT('',#16494);
#5626=VERTEX_POINT('',#16496);
#5627=VERTEX_POINT('',#16501);
#5628=VERTEX_POINT('',#16504);
#5629=VERTEX_POINT('',#16507);
#5630=VERTEX_POINT('',#16509);
#5631=VERTEX_POINT('',#16511);
#5632=VERTEX_POINT('',#16513);
#5633=VERTEX_POINT('',#16516);
#5634=VERTEX_POINT('',#16518);
#5635=VERTEX_POINT('',#16521);
#5636=VERTEX_POINT('',#16523);
#5637=VERTEX_POINT('',#16526);
#5638=VERTEX_POINT('',#16528);
#5639=VERTEX_POINT('',#16531);
#5640=VERTEX_POINT('',#16535);
#5641=VERTEX_POINT('',#16536);
#5642=VERTEX_POINT('',#16538);
#5643=VERTEX_POINT('',#16540);
#5644=VERTEX_POINT('',#16544);
#5645=VERTEX_POINT('',#16546);
#5646=VERTEX_POINT('',#16550);
#5647=VERTEX_POINT('',#16552);
#5648=VERTEX_POINT('',#16561);
#5649=VERTEX_POINT('',#16563);
#5650=VERTEX_POINT('',#16567);
#5651=VERTEX_POINT('',#16569);
#5652=VERTEX_POINT('',#16573);
#5653=VERTEX_POINT('',#16574);
#5654=VERTEX_POINT('',#16599);
#5655=VERTEX_POINT('',#16604);
#5656=VERTEX_POINT('',#16606);
#5657=VERTEX_POINT('',#16618);
#5658=VERTEX_POINT('',#16620);
#5659=VERTEX_POINT('',#16625);
#5660=VERTEX_POINT('',#16629);
#5661=VERTEX_POINT('',#16631);
#5662=VERTEX_POINT('',#16638);
#5663=VERTEX_POINT('',#16659);
#5664=VERTEX_POINT('',#16661);
#5665=VERTEX_POINT('',#16666);
#5666=VERTEX_POINT('',#16673);
#5667=VERTEX_POINT('',#16675);
#5668=VERTEX_POINT('',#16680);
#5669=VERTEX_POINT('',#16696);
#5670=VERTEX_POINT('',#16701);
#5671=VERTEX_POINT('',#16703);
#5672=VERTEX_POINT('',#16707);
#5673=VERTEX_POINT('',#16708);
#5674=VERTEX_POINT('',#16713);
#5675=VERTEX_POINT('',#16716);
#5676=VERTEX_POINT('',#16736);
#5677=VERTEX_POINT('',#16741);
#5678=VERTEX_POINT('',#16743);
#5679=VERTEX_POINT('',#16764);
#5680=VERTEX_POINT('',#16766);
#5681=VERTEX_POINT('',#16773);
#5682=VERTEX_POINT('',#16774);
#5683=VERTEX_POINT('',#16776);
#5684=VERTEX_POINT('',#16778);
#5685=VERTEX_POINT('',#16780);
#5686=VERTEX_POINT('',#16782);
#5687=VERTEX_POINT('',#16786);
#5688=VERTEX_POINT('',#16787);
#5689=VERTEX_POINT('',#16789);
#5690=VERTEX_POINT('',#16791);
#5691=VERTEX_POINT('',#16793);
#5692=VERTEX_POINT('',#16795);
#5693=VERTEX_POINT('',#16799);
#5694=VERTEX_POINT('',#16802);
#5695=VERTEX_POINT('',#16805);
#5696=VERTEX_POINT('',#16807);
#5697=VERTEX_POINT('',#16809);
#5698=VERTEX_POINT('',#16810);
#5699=VERTEX_POINT('',#16812);
#5700=VERTEX_POINT('',#16814);
#5701=VERTEX_POINT('',#16816);
#5702=VERTEX_POINT('',#16818);
#5703=VERTEX_POINT('',#16820);
#5704=VERTEX_POINT('',#16822);
#5705=VERTEX_POINT('',#16824);
#5706=VERTEX_POINT('',#16826);
#5707=VERTEX_POINT('',#16828);
#5708=VERTEX_POINT('',#16830);
#5709=VERTEX_POINT('',#16832);
#5710=VERTEX_POINT('',#16834);
#5711=VERTEX_POINT('',#16836);
#5712=VERTEX_POINT('',#16838);
#5713=VERTEX_POINT('',#16840);
#5714=VERTEX_POINT('',#16842);
#5715=VERTEX_POINT('',#16844);
#5716=VERTEX_POINT('',#16846);
#5717=VERTEX_POINT('',#16848);
#5718=VERTEX_POINT('',#16850);
#5719=VERTEX_POINT('',#16852);
#5720=VERTEX_POINT('',#16854);
#5721=VERTEX_POINT('',#16858);
#5722=VERTEX_POINT('',#16859);
#5723=VERTEX_POINT('',#16861);
#5724=VERTEX_POINT('',#16863);
#5725=VERTEX_POINT('',#16867);
#5726=VERTEX_POINT('',#16868);
#5727=VERTEX_POINT('',#16870);
#5728=VERTEX_POINT('',#16872);
#5729=VERTEX_POINT('',#16876);
#5730=VERTEX_POINT('',#16878);
#5731=VERTEX_POINT('',#16880);
#5732=VERTEX_POINT('',#16882);
#5733=VERTEX_POINT('',#16886);
#5734=VERTEX_POINT('',#16887);
#5735=VERTEX_POINT('',#16890);
#5736=VERTEX_POINT('',#16892);
#5737=VERTEX_POINT('',#16896);
#5738=VERTEX_POINT('',#16898);
#5739=VERTEX_POINT('',#16900);
#5740=VERTEX_POINT('',#16902);
#5741=VERTEX_POINT('',#16906);
#5742=VERTEX_POINT('',#16908);
#5743=VERTEX_POINT('',#16910);
#5744=VERTEX_POINT('',#16912);
#5745=VERTEX_POINT('',#16916);
#5746=VERTEX_POINT('',#16918);
#5747=VERTEX_POINT('',#16920);
#5748=VERTEX_POINT('',#16922);
#5749=VERTEX_POINT('',#16924);
#5750=VERTEX_POINT('',#16926);
#5751=VERTEX_POINT('',#16943);
#5752=VERTEX_POINT('',#16946);
#5753=VERTEX_POINT('',#16950);
#5754=VERTEX_POINT('',#16952);
#5755=VERTEX_POINT('',#16955);
#5756=VERTEX_POINT('',#16957);
#5757=VERTEX_POINT('',#16969);
#5758=VERTEX_POINT('',#16970);
#5759=VERTEX_POINT('',#16972);
#5760=VERTEX_POINT('',#16974);
#5761=VERTEX_POINT('',#16978);
#5762=VERTEX_POINT('',#16980);
#5763=VERTEX_POINT('',#16984);
#5764=VERTEX_POINT('',#16986);
#5765=VERTEX_POINT('',#16990);
#5766=VERTEX_POINT('',#16992);
#5767=VERTEX_POINT('',#16997);
#5768=VERTEX_POINT('',#17001);
#5769=VERTEX_POINT('',#17006);
#5770=VERTEX_POINT('',#17010);
#5771=VERTEX_POINT('',#17012);
#5772=VERTEX_POINT('',#17016);
#5773=VERTEX_POINT('',#17019);
#5774=VERTEX_POINT('',#17023);
#5775=VERTEX_POINT('',#17027);
#5776=VERTEX_POINT('',#17028);
#5777=VERTEX_POINT('',#17030);
#5778=VERTEX_POINT('',#17032);
#5779=VERTEX_POINT('',#17037);
#5780=VERTEX_POINT('',#17038);
#5781=VERTEX_POINT('',#17043);
#5782=VERTEX_POINT('',#17044);
#5783=VERTEX_POINT('',#17052);
#5784=VERTEX_POINT('',#17053);
#5785=VERTEX_POINT('',#17055);
#5786=VERTEX_POINT('',#17057);
#5787=VERTEX_POINT('',#17061);
#5788=VERTEX_POINT('',#17063);
#5789=VERTEX_POINT('',#17067);
#5790=VERTEX_POINT('',#17069);
#5791=VERTEX_POINT('',#17073);
#5792=VERTEX_POINT('',#17075);
#5793=VERTEX_POINT('',#17079);
#5794=VERTEX_POINT('',#17085);
#5795=VERTEX_POINT('',#17089);
#5796=VERTEX_POINT('',#17093);
#5797=VERTEX_POINT('',#17095);
#5798=VERTEX_POINT('',#17099);
#5799=VERTEX_POINT('',#17102);
#5800=VERTEX_POINT('',#17106);
#5801=VERTEX_POINT('',#17110);
#5802=VERTEX_POINT('',#17111);
#5803=VERTEX_POINT('',#17113);
#5804=VERTEX_POINT('',#17115);
#5805=VERTEX_POINT('',#17120);
#5806=VERTEX_POINT('',#17122);
#5807=VERTEX_POINT('',#17126);
#5808=VERTEX_POINT('',#17128);
#5809=VERTEX_POINT('',#17135);
#5810=VERTEX_POINT('',#17138);
#5811=VERTEX_POINT('',#17141);
#5812=VERTEX_POINT('',#17144);
#5813=VERTEX_POINT('',#17147);
#5814=VERTEX_POINT('',#17151);
#5815=VERTEX_POINT('',#17155);
#5816=VERTEX_POINT('',#17159);
#5817=VERTEX_POINT('',#17163);
#5818=VERTEX_POINT('',#17166);
#5819=VERTEX_POINT('',#17168);
#5820=VERTEX_POINT('',#17171);
#5821=VERTEX_POINT('',#17174);
#5822=VERTEX_POINT('',#17176);
#5823=VERTEX_POINT('',#17179);
#5824=VERTEX_POINT('',#17182);
#5825=VERTEX_POINT('',#17185);
#5826=VERTEX_POINT('',#17188);
#5827=VERTEX_POINT('',#17219);
#5828=VERTEX_POINT('',#17220);
#5829=VERTEX_POINT('',#17225);
#5830=VERTEX_POINT('',#17227);
#5831=VERTEX_POINT('',#17231);
#5832=VERTEX_POINT('',#17232);
#5833=VERTEX_POINT('',#17234);
#5834=VERTEX_POINT('',#17236);
#5835=VERTEX_POINT('',#17240);
#5836=VERTEX_POINT('',#17242);
#5837=VERTEX_POINT('',#17246);
#5838=VERTEX_POINT('',#17247);
#5839=VERTEX_POINT('',#17252);
#5840=VERTEX_POINT('',#17253);
#5841=VERTEX_POINT('',#17255);
#5842=VERTEX_POINT('',#17257);
#5843=VERTEX_POINT('',#17282);
#5844=VERTEX_POINT('',#17283);
#5845=VERTEX_POINT('',#17285);
#5846=VERTEX_POINT('',#17287);
#5847=VERTEX_POINT('',#17291);
#5848=VERTEX_POINT('',#17293);
#5849=VERTEX_POINT('',#17297);
#5850=VERTEX_POINT('',#17299);
#5851=VERTEX_POINT('',#17306);
#5852=VERTEX_POINT('',#17310);
#5853=VERTEX_POINT('',#17316);
#5854=VERTEX_POINT('',#17317);
#5855=VERTEX_POINT('',#17319);
#5856=VERTEX_POINT('',#17321);
#5857=VERTEX_POINT('',#17325);
#5858=VERTEX_POINT('',#17327);
#5859=VERTEX_POINT('',#17331);
#5860=VERTEX_POINT('',#17333);
#5861=VERTEX_POINT('',#17340);
#5862=VERTEX_POINT('',#17344);
#5863=LINE('',#13979,#6833);
#5864=LINE('',#13982,#6834);
#5865=LINE('',#13984,#6835);
#5866=LINE('',#13986,#6836);
#5867=LINE('',#13988,#6837);
#5868=LINE('',#13990,#6838);
#5869=LINE('',#13992,#6839);
#5870=LINE('',#13995,#6840);
#5871=LINE('',#13997,#6841);
#5872=LINE('',#13999,#6842);
#5873=LINE('',#14001,#6843);
#5874=LINE('',#14003,#6844);
#5875=LINE('',#14005,#6845);
#5876=LINE('',#14008,#6846);
#5877=LINE('',#14010,#6847);
#5878=LINE('',#14012,#6848);
#5879=LINE('',#14014,#6849);
#5880=LINE('',#14016,#6850);
#5881=LINE('',#14018,#6851);
#5882=LINE('',#14021,#6852);
#5883=LINE('',#14023,#6853);
#5884=LINE('',#14025,#6854);
#5885=LINE('',#14027,#6855);
#5886=LINE('',#14029,#6856);
#5887=LINE('',#14031,#6857);
#5888=LINE('',#14033,#6858);
#5889=LINE('',#14035,#6859);
#5890=LINE('',#14037,#6860);
#5891=LINE('',#14039,#6861);
#5892=LINE('',#14041,#6862);
#5893=LINE('',#14043,#6863);
#5894=LINE('',#14045,#6864);
#5895=LINE('',#14047,#6865);
#5896=LINE('',#14049,#6866);
#5897=LINE('',#14050,#6867);
#5898=LINE('',#14052,#6868);
#5899=LINE('',#14054,#6869);
#5900=LINE('',#14056,#6870);
#5901=LINE('',#14058,#6871);
#5902=LINE('',#14060,#6872);
#5903=LINE('',#14062,#6873);
#5904=LINE('',#14065,#6874);
#5905=LINE('',#14067,#6875);
#5906=LINE('',#14069,#6876);
#5907=LINE('',#14071,#6877);
#5908=LINE('',#14074,#6878);
#5909=LINE('',#14076,#6879);
#5910=LINE('',#14078,#6880);
#5911=LINE('',#14080,#6881);
#5912=LINE('',#14081,#6882);
#5913=LINE('',#14083,#6883);
#5914=LINE('',#14085,#6884);
#5915=LINE('',#14087,#6885);
#5916=LINE('',#14089,#6886);
#5917=LINE('',#14090,#6887);
#5918=LINE('',#14092,#6888);
#5919=LINE('',#14094,#6889);
#5920=LINE('',#14096,#6890);
#5921=LINE('',#14099,#6891);
#5922=LINE('',#14100,#6892);
#5923=LINE('',#14102,#6893);
#5924=LINE('',#14104,#6894);
#5925=LINE('',#14106,#6895);
#5926=LINE('',#14108,#6896);
#5927=LINE('',#14110,#6897);
#5928=LINE('',#14112,#6898);
#5929=LINE('',#14114,#6899);
#5930=LINE('',#14116,#6900);
#5931=LINE('',#14119,#6901);
#5932=LINE('',#14121,#6902);
#5933=LINE('',#14123,#6903);
#5934=LINE('',#14124,#6904);
#5935=LINE('',#14126,#6905);
#5936=LINE('',#14128,#6906);
#5937=LINE('',#14130,#6907);
#5938=LINE('',#14132,#6908);
#5939=LINE('',#14133,#6909);
#5940=LINE('',#14134,#6910);
#5941=LINE('',#14135,#6911);
#5942=LINE('',#14138,#6912);
#5943=LINE('',#14140,#6913);
#5944=LINE('',#14142,#6914);
#5945=LINE('',#14144,#6915);
#5946=LINE('',#14146,#6916);
#5947=LINE('',#14148,#6917);
#5948=LINE('',#14150,#6918);
#5949=LINE('',#14151,#6919);
#5950=LINE('',#14154,#6920);
#5951=LINE('',#14156,#6921);
#5952=LINE('',#14158,#6922);
#5953=LINE('',#14160,#6923);
#5954=LINE('',#14162,#6924);
#5955=LINE('',#14164,#6925);
#5956=LINE('',#14166,#6926);
#5957=LINE('',#14172,#6927);
#5958=LINE('',#14174,#6928);
#5959=LINE('',#14176,#6929);
#5960=LINE('',#14178,#6930);
#5961=LINE('',#14180,#6931);
#5962=LINE('',#14182,#6932);
#5963=LINE('',#14185,#6933);
#5964=LINE('',#14186,#6934);
#5965=LINE('',#14188,#6935);
#5966=LINE('',#14190,#6936);
#5967=LINE('',#14192,#6937);
#5968=LINE('',#14193,#6938);
#5969=LINE('',#14195,#6939);
#5970=LINE('',#14197,#6940);
#5971=LINE('',#14199,#6941);
#5972=LINE('',#14202,#6942);
#5973=LINE('',#14203,#6943);
#5974=LINE('',#14205,#6944);
#5975=LINE('',#14207,#6945);
#5976=LINE('',#14209,#6946);
#5977=LINE('',#14211,#6947);
#5978=LINE('',#14213,#6948);
#5979=LINE('',#14215,#6949);
#5980=LINE('',#14216,#6950);
#5981=LINE('',#14218,#6951);
#5982=LINE('',#14220,#6952);
#5983=LINE('',#14223,#6953);
#5984=LINE('',#14225,#6954);
#5985=LINE('',#14228,#6955);
#5986=LINE('',#14230,#6956);
#5987=LINE('',#14231,#6957);
#5988=LINE('',#14233,#6958);
#5989=LINE('',#14235,#6959);
#5990=LINE('',#14237,#6960);
#5991=LINE('',#14239,#6961);
#5992=LINE('',#14241,#6962);
#5993=LINE('',#14243,#6963);
#5994=LINE('',#14245,#6964);
#5995=LINE('',#14248,#6965);
#5996=LINE('',#14250,#6966);
#5997=LINE('',#14252,#6967);
#5998=LINE('',#14254,#6968);
#5999=LINE('',#14257,#6969);
#6000=LINE('',#14258,#6970);
#6001=LINE('',#14260,#6971);
#6002=LINE('',#14263,#6972);
#6003=LINE('',#14264,#6973);
#6004=LINE('',#14266,#6974);
#6005=LINE('',#14268,#6975);
#6006=LINE('',#14270,#6976);
#6007=LINE('',#14272,#6977);
#6008=LINE('',#14275,#6978);
#6009=LINE('',#14277,#6979);
#6010=LINE('',#14279,#6980);
#6011=LINE('',#14281,#6981);
#6012=LINE('',#14283,#6982);
#6013=LINE('',#14285,#6983);
#6014=LINE('',#14287,#6984);
#6015=LINE('',#14289,#6985);
#6016=LINE('',#14291,#6986);
#6017=LINE('',#14293,#6987);
#6018=LINE('',#14294,#6988);
#6019=LINE('',#14297,#6989);
#6020=LINE('',#14300,#6990);
#6021=LINE('',#14302,#6991);
#6022=LINE('',#14304,#6992);
#6023=LINE('',#14306,#6993);
#6024=LINE('',#14309,#6994);
#6025=LINE('',#14311,#6995);
#6026=LINE('',#14313,#6996);
#6027=LINE('',#14315,#6997);
#6028=LINE('',#14318,#6998);
#6029=LINE('',#14319,#6999);
#6030=LINE('',#14321,#7000);
#6031=LINE('',#14323,#7001);
#6032=LINE('',#14325,#7002);
#6033=LINE('',#14328,#7003);
#6034=LINE('',#14329,#7004);
#6035=LINE('',#14331,#7005);
#6036=LINE('',#14333,#7006);
#6037=LINE('',#14334,#7007);
#6038=LINE('',#14336,#7008);
#6039=LINE('',#14338,#7009);
#6040=LINE('',#14340,#7010);
#6041=LINE('',#14341,#7011);
#6042=LINE('',#14343,#7012);
#6043=LINE('',#14345,#7013);
#6044=LINE('',#14347,#7014);
#6045=LINE('',#14348,#7015);
#6046=LINE('',#14351,#7016);
#6047=LINE('',#14353,#7017);
#6048=LINE('',#14355,#7018);
#6049=LINE('',#14356,#7019);
#6050=LINE('',#14358,#7020);
#6051=LINE('',#14361,#7021);
#6052=LINE('',#14362,#7022);
#6053=LINE('',#14363,#7023);
#6054=LINE('',#14368,#7024);
#6055=LINE('',#14389,#7025);
#6056=LINE('',#14396,#7026);
#6057=LINE('',#14403,#7027);
#6058=LINE('',#14405,#7028);
#6059=LINE('',#14408,#7029);
#6060=LINE('',#14410,#7030);
#6061=LINE('',#14411,#7031);
#6062=LINE('',#14413,#7032);
#6063=LINE('',#14415,#7033);
#6064=LINE('',#14417,#7034);
#6065=LINE('',#14419,#7035);
#6066=LINE('',#14421,#7036);
#6067=LINE('',#14423,#7037);
#6068=LINE('',#14425,#7038);
#6069=LINE('',#14427,#7039);
#6070=LINE('',#14429,#7040);
#6071=LINE('',#14432,#7041);
#6072=LINE('',#14434,#7042);
#6073=LINE('',#14436,#7043);
#6074=LINE('',#14438,#7044);
#6075=LINE('',#14440,#7045);
#6076=LINE('',#14442,#7046);
#6077=LINE('',#14445,#7047);
#6078=LINE('',#14447,#7048);
#6079=LINE('',#14449,#7049);
#6080=LINE('',#14451,#7050);
#6081=LINE('',#14453,#7051);
#6082=LINE('',#14455,#7052);
#6083=LINE('',#14485,#7053);
#6084=LINE('',#14499,#7054);
#6085=LINE('',#14513,#7055);
#6086=LINE('',#14527,#7056);
#6087=LINE('',#14541,#7057);
#6088=LINE('',#14555,#7058);
#6089=LINE('',#14569,#7059);
#6090=LINE('',#14583,#7060);
#6091=LINE('',#14597,#7061);
#6092=LINE('',#14611,#7062);
#6093=LINE('',#14615,#7063);
#6094=LINE('',#14617,#7064);
#6095=LINE('',#14623,#7065);
#6096=LINE('',#14624,#7066);
#6097=LINE('',#14628,#7067);
#6098=LINE('',#14629,#7068);
#6099=LINE('',#14633,#7069);
#6100=LINE('',#14634,#7070);
#6101=LINE('',#14638,#7071);
#6102=LINE('',#14639,#7072);
#6103=LINE('',#14643,#7073);
#6104=LINE('',#14646,#7074);
#6105=LINE('',#14648,#7075);
#6106=LINE('',#14650,#7076);
#6107=LINE('',#14654,#7077);
#6108=LINE('',#14658,#7078);
#6109=LINE('',#14660,#7079);
#6110=LINE('',#14662,#7080);
#6111=LINE('',#14669,#7081);
#6112=LINE('',#14671,#7082);
#6113=LINE('',#14673,#7083);
#6114=LINE('',#14675,#7084);
#6115=LINE('',#14677,#7085);
#6116=LINE('',#14679,#7086);
#6117=LINE('',#14684,#7087);
#6118=LINE('',#14685,#7088);
#6119=LINE('',#14714,#7089);
#6120=LINE('',#14728,#7090);
#6121=LINE('',#14737,#7091);
#6122=LINE('',#14739,#7092);
#6123=LINE('',#14741,#7093);
#6124=LINE('',#14743,#7094);
#6125=LINE('',#14744,#7095);
#6126=LINE('',#14748,#7096);
#6127=LINE('',#14749,#7097);
#6128=LINE('',#14769,#7098);
#6129=LINE('',#14778,#7099);
#6130=LINE('',#14779,#7100);
#6131=LINE('',#14781,#7101);
#6132=LINE('',#14783,#7102);
#6133=LINE('',#14785,#7103);
#6134=LINE('',#14787,#7104);
#6135=LINE('',#14790,#7105);
#6136=LINE('',#14806,#7106);
#6137=LINE('',#14809,#7107);
#6138=LINE('',#14811,#7108);
#6139=LINE('',#14813,#7109);
#6140=LINE('',#14815,#7110);
#6141=LINE('',#14818,#7111);
#6142=LINE('',#14819,#7112);
#6143=LINE('',#14823,#7113);
#6144=LINE('',#14824,#7114);
#6145=LINE('',#14851,#7115);
#6146=LINE('',#14858,#7116);
#6147=LINE('',#14859,#7117);
#6148=LINE('',#14861,#7118);
#6149=LINE('',#14862,#7119);
#6150=LINE('',#14864,#7120);
#6151=LINE('',#14866,#7121);
#6152=LINE('',#14893,#7122);
#6153=LINE('',#14896,#7123);
#6154=LINE('',#14898,#7124);
#6155=LINE('',#14900,#7125);
#6156=LINE('',#14902,#7126);
#6157=LINE('',#14905,#7127);
#6158=LINE('',#14907,#7128);
#6159=LINE('',#14909,#7129);
#6160=LINE('',#14911,#7130);
#6161=LINE('',#14913,#7131);
#6162=LINE('',#14915,#7132);
#6163=LINE('',#14917,#7133);
#6164=LINE('',#14919,#7134);
#6165=LINE('',#14921,#7135);
#6166=LINE('',#14923,#7136);
#6167=LINE('',#14926,#7137);
#6168=LINE('',#14928,#7138);
#6169=LINE('',#14930,#7139);
#6170=LINE('',#14932,#7140);
#6171=LINE('',#14934,#7141);
#6172=LINE('',#14936,#7142);
#6173=LINE('',#14938,#7143);
#6174=LINE('',#14940,#7144);
#6175=LINE('',#14942,#7145);
#6176=LINE('',#14944,#7146);
#6177=LINE('',#14947,#7147);
#6178=LINE('',#14949,#7148);
#6179=LINE('',#14951,#7149);
#6180=LINE('',#14953,#7150);
#6181=LINE('',#14955,#7151);
#6182=LINE('',#14957,#7152);
#6183=LINE('',#14959,#7153);
#6184=LINE('',#14961,#7154);
#6185=LINE('',#14963,#7155);
#6186=LINE('',#14965,#7156);
#6187=LINE('',#14968,#7157);
#6188=LINE('',#14970,#7158);
#6189=LINE('',#14972,#7159);
#6190=LINE('',#14979,#7160);
#6191=LINE('',#14980,#7161);
#6192=LINE('',#14984,#7162);
#6193=LINE('',#14985,#7163);
#6194=LINE('',#14986,#7164);
#6195=LINE('',#14987,#7165);
#6196=LINE('',#14993,#7166);
#6197=LINE('',#14994,#7167);
#6198=LINE('',#14995,#7168);
#6199=LINE('',#14996,#7169);
#6200=LINE('',#15015,#7170);
#6201=LINE('',#15018,#7171);
#6202=LINE('',#15020,#7172);
#6203=LINE('',#15022,#7173);
#6204=LINE('',#15024,#7174);
#6205=LINE('',#15026,#7175);
#6206=LINE('',#15028,#7176);
#6207=LINE('',#15030,#7177);
#6208=LINE('',#15034,#7178);
#6209=LINE('',#15036,#7179);
#6210=LINE('',#15040,#7180);
#6211=LINE('',#15044,#7181);
#6212=LINE('',#15046,#7182);
#6213=LINE('',#15049,#7183);
#6214=LINE('',#15051,#7184);
#6215=LINE('',#15053,#7185);
#6216=LINE('',#15055,#7186);
#6217=LINE('',#15057,#7187);
#6218=LINE('',#15061,#7188);
#6219=LINE('',#15065,#7189);
#6220=LINE('',#15068,#7190);
#6221=LINE('',#15070,#7191);
#6222=LINE('',#15072,#7192);
#6223=LINE('',#15074,#7193);
#6224=LINE('',#15076,#7194);
#6225=LINE('',#15078,#7195);
#6226=LINE('',#15080,#7196);
#6227=LINE('',#15082,#7197);
#6228=LINE('',#15084,#7198);
#6229=LINE('',#15086,#7199);
#6230=LINE('',#15088,#7200);
#6231=LINE('',#15090,#7201);
#6232=LINE('',#15092,#7202);
#6233=LINE('',#15094,#7203);
#6234=LINE('',#15095,#7204);
#6235=LINE('',#15097,#7205);
#6236=LINE('',#15099,#7206);
#6237=LINE('',#15101,#7207);
#6238=LINE('',#15103,#7208);
#6239=LINE('',#15105,#7209);
#6240=LINE('',#15107,#7210);
#6241=LINE('',#15113,#7211);
#6242=LINE('',#15115,#7212);
#6243=LINE('',#15121,#7213);
#6244=LINE('',#15123,#7214);
#6245=LINE('',#15127,#7215);
#6246=LINE('',#15129,#7216);
#6247=LINE('',#15132,#7217);
#6248=LINE('',#15134,#7218);
#6249=LINE('',#15136,#7219);
#6250=LINE('',#15138,#7220);
#6251=LINE('',#15140,#7221);
#6252=LINE('',#15142,#7222);
#6253=LINE('',#15144,#7223);
#6254=LINE('',#15147,#7224);
#6255=LINE('',#15148,#7225);
#6256=LINE('',#15149,#7226);
#6257=LINE('',#15151,#7227);
#6258=LINE('',#15153,#7228);
#6259=LINE('',#15154,#7229);
#6260=LINE('',#15162,#7230);
#6261=LINE('',#15165,#7231);
#6262=LINE('',#15167,#7232);
#6263=LINE('',#15169,#7233);
#6264=LINE('',#15171,#7234);
#6265=LINE('',#15173,#7235);
#6266=LINE('',#15175,#7236);
#6267=LINE('',#15177,#7237);
#6268=LINE('',#15180,#7238);
#6269=LINE('',#15182,#7239);
#6270=LINE('',#15184,#7240);
#6271=LINE('',#15186,#7241);
#6272=LINE('',#15188,#7242);
#6273=LINE('',#15190,#7243);
#6274=LINE('',#15192,#7244);
#6275=LINE('',#15194,#7245);
#6276=LINE('',#15196,#7246);
#6277=LINE('',#15198,#7247);
#6278=LINE('',#15201,#7248);
#6279=LINE('',#15203,#7249);
#6280=LINE('',#15205,#7250);
#6281=LINE('',#15207,#7251);
#6282=LINE('',#15209,#7252);
#6283=LINE('',#15211,#7253);
#6284=LINE('',#15213,#7254);
#6285=LINE('',#15215,#7255);
#6286=LINE('',#15217,#7256);
#6287=LINE('',#15219,#7257);
#6288=LINE('',#15221,#7258);
#6289=LINE('',#15223,#7259);
#6290=LINE('',#15225,#7260);
#6291=LINE('',#15227,#7261);
#6292=LINE('',#15229,#7262);
#6293=LINE('',#15231,#7263);
#6294=LINE('',#15233,#7264);
#6295=LINE('',#15235,#7265);
#6296=LINE('',#15237,#7266);
#6297=LINE('',#15239,#7267);
#6298=LINE('',#15246,#7268);
#6299=LINE('',#15247,#7269);
#6300=LINE('',#15251,#7270);
#6301=LINE('',#15252,#7271);
#6302=LINE('',#15253,#7272);
#6303=LINE('',#15254,#7273);
#6304=LINE('',#15256,#7274);
#6305=LINE('',#15259,#7275);
#6306=LINE('',#15261,#7276);
#6307=LINE('',#15263,#7277);
#6308=LINE('',#15270,#7278);
#6309=LINE('',#15271,#7279);
#6310=LINE('',#15275,#7280);
#6311=LINE('',#15276,#7281);
#6312=LINE('',#15280,#7282);
#6313=LINE('',#15281,#7283);
#6314=LINE('',#15283,#7284);
#6315=LINE('',#15285,#7285);
#6316=LINE('',#15288,#7286);
#6317=LINE('',#15291,#7287);
#6318=LINE('',#15293,#7288);
#6319=LINE('',#15295,#7289);
#6320=LINE('',#15297,#7290);
#6321=LINE('',#15300,#7291);
#6322=LINE('',#15302,#7292);
#6323=LINE('',#15304,#7293);
#6324=LINE('',#15306,#7294);
#6325=LINE('',#15309,#7295);
#6326=LINE('',#15311,#7296);
#6327=LINE('',#15313,#7297);
#6328=LINE('',#15315,#7298);
#6329=LINE('',#15317,#7299);
#6330=LINE('',#15319,#7300);
#6331=LINE('',#15321,#7301);
#6332=LINE('',#15323,#7302);
#6333=LINE('',#15325,#7303);
#6334=LINE('',#15327,#7304);
#6335=LINE('',#15329,#7305);
#6336=LINE('',#15332,#7306);
#6337=LINE('',#15334,#7307);
#6338=LINE('',#15336,#7308);
#6339=LINE('',#15337,#7309);
#6340=LINE('',#15339,#7310);
#6341=LINE('',#15341,#7311);
#6342=LINE('',#15346,#7312);
#6343=LINE('',#15348,#7313);
#6344=LINE('',#15352,#7314);
#6345=LINE('',#15354,#7315);
#6346=LINE('',#15356,#7316);
#6347=LINE('',#15358,#7317);
#6348=LINE('',#15360,#7318);
#6349=LINE('',#15366,#7319);
#6350=LINE('',#15369,#7320);
#6351=LINE('',#15371,#7321);
#6352=LINE('',#15373,#7322);
#6353=LINE('',#15375,#7323);
#6354=LINE('',#15377,#7324);
#6355=LINE('',#15379,#7325);
#6356=LINE('',#15381,#7326);
#6357=LINE('',#15383,#7327);
#6358=LINE('',#15385,#7328);
#6359=LINE('',#15387,#7329);
#6360=LINE('',#15389,#7330);
#6361=LINE('',#15391,#7331);
#6362=LINE('',#15393,#7332);
#6363=LINE('',#15396,#7333);
#6364=LINE('',#15397,#7334);
#6365=LINE('',#15399,#7335);
#6366=LINE('',#15401,#7336);
#6367=LINE('',#15402,#7337);
#6368=LINE('',#15403,#7338);
#6369=LINE('',#15404,#7339);
#6370=LINE('',#15451,#7340);
#6371=LINE('',#15454,#7341);
#6372=LINE('',#15456,#7342);
#6373=LINE('',#15458,#7343);
#6374=LINE('',#15460,#7344);
#6375=LINE('',#15462,#7345);
#6376=LINE('',#15464,#7346);
#6377=LINE('',#15466,#7347);
#6378=LINE('',#15468,#7348);
#6379=LINE('',#15470,#7349);
#6380=LINE('',#15472,#7350);
#6381=LINE('',#15473,#7351);
#6382=LINE('',#15484,#7352);
#6383=LINE('',#15487,#7353);
#6384=LINE('',#15489,#7354);
#6385=LINE('',#15491,#7355);
#6386=LINE('',#15493,#7356);
#6387=LINE('',#15495,#7357);
#6388=LINE('',#15497,#7358);
#6389=LINE('',#15499,#7359);
#6390=LINE('',#15501,#7360);
#6391=LINE('',#15503,#7361);
#6392=LINE('',#15505,#7362);
#6393=LINE('',#15506,#7363);
#6394=LINE('',#15518,#7364);
#6395=LINE('',#15523,#7365);
#6396=LINE('',#15527,#7366);
#6397=LINE('',#15532,#7367);
#6398=LINE('',#15536,#7368);
#6399=LINE('',#15541,#7369);
#6400=LINE('',#15545,#7370);
#6401=LINE('',#15550,#7371);
#6402=LINE('',#15561,#7372);
#6403=LINE('',#15575,#7373);
#6404=LINE('',#15586,#7374);
#6405=LINE('',#15600,#7375);
#6406=LINE('',#15611,#7376);
#6407=LINE('',#15625,#7377);
#6408=LINE('',#15639,#7378);
#6409=LINE('',#15653,#7379);
#6410=LINE('',#15669,#7380);
#6411=LINE('',#15683,#7381);
#6412=LINE('',#15689,#7382);
#6413=LINE('',#15691,#7383);
#6414=LINE('',#15695,#7384);
#6415=LINE('',#15698,#7385);
#6416=LINE('',#15700,#7386);
#6417=LINE('',#15702,#7387);
#6418=LINE('',#15706,#7388);
#6419=LINE('',#15710,#7389);
#6420=LINE('',#15712,#7390);
#6421=LINE('',#15714,#7391);
#6422=LINE('',#15721,#7392);
#6423=LINE('',#15723,#7393);
#6424=LINE('',#15725,#7394);
#6425=LINE('',#15727,#7395);
#6426=LINE('',#15729,#7396);
#6427=LINE('',#15731,#7397);
#6428=LINE('',#15736,#7398);
#6429=LINE('',#15737,#7399);
#6430=LINE('',#15766,#7400);
#6431=LINE('',#15780,#7401);
#6432=LINE('',#15789,#7402);
#6433=LINE('',#15791,#7403);
#6434=LINE('',#15793,#7404);
#6435=LINE('',#15795,#7405);
#6436=LINE('',#15796,#7406);
#6437=LINE('',#15800,#7407);
#6438=LINE('',#15801,#7408);
#6439=LINE('',#15821,#7409);
#6440=LINE('',#15830,#7410);
#6441=LINE('',#15831,#7411);
#6442=LINE('',#15833,#7412);
#6443=LINE('',#15835,#7413);
#6444=LINE('',#15837,#7414);
#6445=LINE('',#15839,#7415);
#6446=LINE('',#15842,#7416);
#6447=LINE('',#15858,#7417);
#6448=LINE('',#15861,#7418);
#6449=LINE('',#15863,#7419);
#6450=LINE('',#15865,#7420);
#6451=LINE('',#15867,#7421);
#6452=LINE('',#15870,#7422);
#6453=LINE('',#15871,#7423);
#6454=LINE('',#15875,#7424);
#6455=LINE('',#15876,#7425);
#6456=LINE('',#15903,#7426);
#6457=LINE('',#15910,#7427);
#6458=LINE('',#15911,#7428);
#6459=LINE('',#15913,#7429);
#6460=LINE('',#15914,#7430);
#6461=LINE('',#15916,#7431);
#6462=LINE('',#15918,#7432);
#6463=LINE('',#15946,#7433);
#6464=LINE('',#15951,#7434);
#6465=LINE('',#15955,#7435);
#6466=LINE('',#15960,#7436);
#6467=LINE('',#15964,#7437);
#6468=LINE('',#15969,#7438);
#6469=LINE('',#15973,#7439);
#6470=LINE('',#15978,#7440);
#6471=LINE('',#15989,#7441);
#6472=LINE('',#16003,#7442);
#6473=LINE('',#16014,#7443);
#6474=LINE('',#16028,#7444);
#6475=LINE('',#16039,#7445);
#6476=LINE('',#16053,#7446);
#6477=LINE('',#16067,#7447);
#6478=LINE('',#16081,#7448);
#6479=LINE('',#16097,#7449);
#6480=LINE('',#16111,#7450);
#6481=LINE('',#16117,#7451);
#6482=LINE('',#16119,#7452);
#6483=LINE('',#16123,#7453);
#6484=LINE('',#16126,#7454);
#6485=LINE('',#16128,#7455);
#6486=LINE('',#16130,#7456);
#6487=LINE('',#16134,#7457);
#6488=LINE('',#16138,#7458);
#6489=LINE('',#16140,#7459);
#6490=LINE('',#16142,#7460);
#6491=LINE('',#16149,#7461);
#6492=LINE('',#16151,#7462);
#6493=LINE('',#16153,#7463);
#6494=LINE('',#16155,#7464);
#6495=LINE('',#16157,#7465);
#6496=LINE('',#16159,#7466);
#6497=LINE('',#16164,#7467);
#6498=LINE('',#16165,#7468);
#6499=LINE('',#16194,#7469);
#6500=LINE('',#16208,#7470);
#6501=LINE('',#16217,#7471);
#6502=LINE('',#16219,#7472);
#6503=LINE('',#16221,#7473);
#6504=LINE('',#16223,#7474);
#6505=LINE('',#16224,#7475);
#6506=LINE('',#16228,#7476);
#6507=LINE('',#16229,#7477);
#6508=LINE('',#16249,#7478);
#6509=LINE('',#16258,#7479);
#6510=LINE('',#16259,#7480);
#6511=LINE('',#16261,#7481);
#6512=LINE('',#16263,#7482);
#6513=LINE('',#16265,#7483);
#6514=LINE('',#16267,#7484);
#6515=LINE('',#16270,#7485);
#6516=LINE('',#16286,#7486);
#6517=LINE('',#16289,#7487);
#6518=LINE('',#16291,#7488);
#6519=LINE('',#16293,#7489);
#6520=LINE('',#16295,#7490);
#6521=LINE('',#16298,#7491);
#6522=LINE('',#16299,#7492);
#6523=LINE('',#16303,#7493);
#6524=LINE('',#16304,#7494);
#6525=LINE('',#16331,#7495);
#6526=LINE('',#16338,#7496);
#6527=LINE('',#16339,#7497);
#6528=LINE('',#16341,#7498);
#6529=LINE('',#16342,#7499);
#6530=LINE('',#16344,#7500);
#6531=LINE('',#16346,#7501);
#6532=LINE('',#16376,#7502);
#6533=LINE('',#16390,#7503);
#6534=LINE('',#16404,#7504);
#6535=LINE('',#16418,#7505);
#6536=LINE('',#16432,#7506);
#6537=LINE('',#16446,#7507);
#6538=LINE('',#16460,#7508);
#6539=LINE('',#16474,#7509);
#6540=LINE('',#16488,#7510);
#6541=LINE('',#16502,#7511);
#6542=LINE('',#16506,#7512);
#6543=LINE('',#16508,#7513);
#6544=LINE('',#16514,#7514);
#6545=LINE('',#16515,#7515);
#6546=LINE('',#16519,#7516);
#6547=LINE('',#16520,#7517);
#6548=LINE('',#16524,#7518);
#6549=LINE('',#16525,#7519);
#6550=LINE('',#16529,#7520);
#6551=LINE('',#16530,#7521);
#6552=LINE('',#16534,#7522);
#6553=LINE('',#16537,#7523);
#6554=LINE('',#16539,#7524);
#6555=LINE('',#16541,#7525);
#6556=LINE('',#16545,#7526);
#6557=LINE('',#16549,#7527);
#6558=LINE('',#16551,#7528);
#6559=LINE('',#16553,#7529);
#6560=LINE('',#16560,#7530);
#6561=LINE('',#16562,#7531);
#6562=LINE('',#16564,#7532);
#6563=LINE('',#16566,#7533);
#6564=LINE('',#16568,#7534);
#6565=LINE('',#16570,#7535);
#6566=LINE('',#16575,#7536);
#6567=LINE('',#16576,#7537);
#6568=LINE('',#16605,#7538);
#6569=LINE('',#16619,#7539);
#6570=LINE('',#16628,#7540);
#6571=LINE('',#16630,#7541);
#6572=LINE('',#16632,#7542);
#6573=LINE('',#16634,#7543);
#6574=LINE('',#16635,#7544);
#6575=LINE('',#16639,#7545);
#6576=LINE('',#16640,#7546);
#6577=LINE('',#16660,#7547);
#6578=LINE('',#16669,#7548);
#6579=LINE('',#16670,#7549);
#6580=LINE('',#16672,#7550);
#6581=LINE('',#16674,#7551);
#6582=LINE('',#16676,#7552);
#6583=LINE('',#16678,#7553);
#6584=LINE('',#16681,#7554);
#6585=LINE('',#16697,#7555);
#6586=LINE('',#16700,#7556);
#6587=LINE('',#16702,#7557);
#6588=LINE('',#16704,#7558);
#6589=LINE('',#16706,#7559);
#6590=LINE('',#16709,#7560);
#6591=LINE('',#16710,#7561);
#6592=LINE('',#16714,#7562);
#6593=LINE('',#16715,#7563);
#6594=LINE('',#16742,#7564);
#6595=LINE('',#16749,#7565);
#6596=LINE('',#16750,#7566);
#6597=LINE('',#16752,#7567);
#6598=LINE('',#16753,#7568);
#6599=LINE('',#16755,#7569);
#6600=LINE('',#16757,#7570);
#6601=LINE('',#16772,#7571);
#6602=LINE('',#16775,#7572);
#6603=LINE('',#16777,#7573);
#6604=LINE('',#16779,#7574);
#6605=LINE('',#16781,#7575);
#6606=LINE('',#16783,#7576);
#6607=LINE('',#16785,#7577);
#6608=LINE('',#16788,#7578);
#6609=LINE('',#16790,#7579);
#6610=LINE('',#16792,#7580);
#6611=LINE('',#16794,#7581);
#6612=LINE('',#16796,#7582);
#6613=LINE('',#16808,#7583);
#6614=LINE('',#16811,#7584);
#6615=LINE('',#16813,#7585);
#6616=LINE('',#16815,#7586);
#6617=LINE('',#16817,#7587);
#6618=LINE('',#16819,#7588);
#6619=LINE('',#16821,#7589);
#6620=LINE('',#16823,#7590);
#6621=LINE('',#16825,#7591);
#6622=LINE('',#16827,#7592);
#6623=LINE('',#16829,#7593);
#6624=LINE('',#16831,#7594);
#6625=LINE('',#16833,#7595);
#6626=LINE('',#16835,#7596);
#6627=LINE('',#16837,#7597);
#6628=LINE('',#16839,#7598);
#6629=LINE('',#16841,#7599);
#6630=LINE('',#16843,#7600);
#6631=LINE('',#16845,#7601);
#6632=LINE('',#16847,#7602);
#6633=LINE('',#16849,#7603);
#6634=LINE('',#16851,#7604);
#6635=LINE('',#16853,#7605);
#6636=LINE('',#16855,#7606);
#6637=LINE('',#16857,#7607);
#6638=LINE('',#16860,#7608);
#6639=LINE('',#16862,#7609);
#6640=LINE('',#16864,#7610);
#6641=LINE('',#16866,#7611);
#6642=LINE('',#16869,#7612);
#6643=LINE('',#16871,#7613);
#6644=LINE('',#16873,#7614);
#6645=LINE('',#16875,#7615);
#6646=LINE('',#16877,#7616);
#6647=LINE('',#16879,#7617);
#6648=LINE('',#16881,#7618);
#6649=LINE('',#16883,#7619);
#6650=LINE('',#16885,#7620);
#6651=LINE('',#16888,#7621);
#6652=LINE('',#16889,#7622);
#6653=LINE('',#16891,#7623);
#6654=LINE('',#16893,#7624);
#6655=LINE('',#16895,#7625);
#6656=LINE('',#16897,#7626);
#6657=LINE('',#16899,#7627);
#6658=LINE('',#16901,#7628);
#6659=LINE('',#16903,#7629);
#6660=LINE('',#16905,#7630);
#6661=LINE('',#16907,#7631);
#6662=LINE('',#16909,#7632);
#6663=LINE('',#16911,#7633);
#6664=LINE('',#16913,#7634);
#6665=LINE('',#16927,#7635);
#6666=LINE('',#16928,#7636);
#6667=LINE('',#16930,#7637);
#6668=LINE('',#16932,#7638);
#6669=LINE('',#16934,#7639);
#6670=LINE('',#16936,#7640);
#6671=LINE('',#16938,#7641);
#6672=LINE('',#16940,#7642);
#6673=LINE('',#16948,#7643);
#6674=LINE('',#16949,#7644);
#6675=LINE('',#16951,#7645);
#6676=LINE('',#16953,#7646);
#6677=LINE('',#16954,#7647);
#6678=LINE('',#16956,#7648);
#6679=LINE('',#16958,#7649);
#6680=LINE('',#16959,#7650);
#6681=LINE('',#16961,#7651);
#6682=LINE('',#16963,#7652);
#6683=LINE('',#16968,#7653);
#6684=LINE('',#16971,#7654);
#6685=LINE('',#16973,#7655);
#6686=LINE('',#16975,#7656);
#6687=LINE('',#16977,#7657);
#6688=LINE('',#16979,#7658);
#6689=LINE('',#16981,#7659);
#6690=LINE('',#16983,#7660);
#6691=LINE('',#16985,#7661);
#6692=LINE('',#16987,#7662);
#6693=LINE('',#16989,#7663);
#6694=LINE('',#16991,#7664);
#6695=LINE('',#16993,#7665);
#6696=LINE('',#16995,#7666);
#6697=LINE('',#16996,#7667);
#6698=LINE('',#16998,#7668);
#6699=LINE('',#17000,#7669);
#6700=LINE('',#17002,#7670);
#6701=LINE('',#17003,#7671);
#6702=LINE('',#17005,#7672);
#6703=LINE('',#17007,#7673);
#6704=LINE('',#17009,#7674);
#6705=LINE('',#17011,#7675);
#6706=LINE('',#17013,#7676);
#6707=LINE('',#17015,#7677);
#6708=LINE('',#17017,#7678);
#6709=LINE('',#17018,#7679);
#6710=LINE('',#17020,#7680);
#6711=LINE('',#17022,#7681);
#6712=LINE('',#17024,#7682);
#6713=LINE('',#17026,#7683);
#6714=LINE('',#17029,#7684);
#6715=LINE('',#17031,#7685);
#6716=LINE('',#17033,#7686);
#6717=LINE('',#17034,#7687);
#6718=LINE('',#17036,#7688);
#6719=LINE('',#17039,#7689);
#6720=LINE('',#17040,#7690);
#6721=LINE('',#17042,#7691);
#6722=LINE('',#17045,#7692);
#6723=LINE('',#17046,#7693);
#6724=LINE('',#17048,#7694);
#6725=LINE('',#17051,#7695);
#6726=LINE('',#17054,#7696);
#6727=LINE('',#17056,#7697);
#6728=LINE('',#17058,#7698);
#6729=LINE('',#17060,#7699);
#6730=LINE('',#17062,#7700);
#6731=LINE('',#17064,#7701);
#6732=LINE('',#17066,#7702);
#6733=LINE('',#17068,#7703);
#6734=LINE('',#17070,#7704);
#6735=LINE('',#17072,#7705);
#6736=LINE('',#17074,#7706);
#6737=LINE('',#17076,#7707);
#6738=LINE('',#17078,#7708);
#6739=LINE('',#17080,#7709);
#6740=LINE('',#17081,#7710);
#6741=LINE('',#17083,#7711);
#6742=LINE('',#17084,#7712);
#6743=LINE('',#17086,#7713);
#6744=LINE('',#17088,#7714);
#6745=LINE('',#17090,#7715);
#6746=LINE('',#17092,#7716);
#6747=LINE('',#17094,#7717);
#6748=LINE('',#17096,#7718);
#6749=LINE('',#17098,#7719);
#6750=LINE('',#17100,#7720);
#6751=LINE('',#17101,#7721);
#6752=LINE('',#17103,#7722);
#6753=LINE('',#17105,#7723);
#6754=LINE('',#17107,#7724);
#6755=LINE('',#17109,#7725);
#6756=LINE('',#17112,#7726);
#6757=LINE('',#17114,#7727);
#6758=LINE('',#17116,#7728);
#6759=LINE('',#17117,#7729);
#6760=LINE('',#17119,#7730);
#6761=LINE('',#17121,#7731);
#6762=LINE('',#17123,#7732);
#6763=LINE('',#17125,#7733);
#6764=LINE('',#17127,#7734);
#6765=LINE('',#17129,#7735);
#6766=LINE('',#17131,#7736);
#6767=LINE('',#17190,#7737);
#6768=LINE('',#17192,#7738);
#6769=LINE('',#17193,#7739);
#6770=LINE('',#17196,#7740);
#6771=LINE('',#17198,#7741);
#6772=LINE('',#17199,#7742);
#6773=LINE('',#17202,#7743);
#6774=LINE('',#17204,#7744);
#6775=LINE('',#17205,#7745);
#6776=LINE('',#17208,#7746);
#6777=LINE('',#17210,#7747);
#6778=LINE('',#17211,#7748);
#6779=LINE('',#17218,#7749);
#6780=LINE('',#17221,#7750);
#6781=LINE('',#17222,#7751);
#6782=LINE('',#17224,#7752);
#6783=LINE('',#17226,#7753);
#6784=LINE('',#17228,#7754);
#6785=LINE('',#17230,#7755);
#6786=LINE('',#17233,#7756);
#6787=LINE('',#17235,#7757);
#6788=LINE('',#17237,#7758);
#6789=LINE('',#17239,#7759);
#6790=LINE('',#17241,#7760);
#6791=LINE('',#17243,#7761);
#6792=LINE('',#17245,#7762);
#6793=LINE('',#17248,#7763);
#6794=LINE('',#17249,#7764);
#6795=LINE('',#17251,#7765);
#6796=LINE('',#17254,#7766);
#6797=LINE('',#17256,#7767);
#6798=LINE('',#17258,#7768);
#6799=LINE('',#17260,#7769);
#6800=LINE('',#17262,#7770);
#6801=LINE('',#17263,#7771);
#6802=LINE('',#17265,#7772);
#6803=LINE('',#17267,#7773);
#6804=LINE('',#17268,#7774);
#6805=LINE('',#17270,#7775);
#6806=LINE('',#17272,#7776);
#6807=LINE('',#17275,#7777);
#6808=LINE('',#17277,#7778);
#6809=LINE('',#17281,#7779);
#6810=LINE('',#17284,#7780);
#6811=LINE('',#17286,#7781);
#6812=LINE('',#17288,#7782);
#6813=LINE('',#17290,#7783);
#6814=LINE('',#17292,#7784);
#6815=LINE('',#17294,#7785);
#6816=LINE('',#17296,#7786);
#6817=LINE('',#17298,#7787);
#6818=LINE('',#17300,#7788);
#6819=LINE('',#17302,#7789);
#6820=LINE('',#17303,#7790);
#6821=LINE('',#17315,#7791);
#6822=LINE('',#17318,#7792);
#6823=LINE('',#17320,#7793);
#6824=LINE('',#17322,#7794);
#6825=LINE('',#17324,#7795);
#6826=LINE('',#17326,#7796);
#6827=LINE('',#17328,#7797);
#6828=LINE('',#17330,#7798);
#6829=LINE('',#17332,#7799);
#6830=LINE('',#17334,#7800);
#6831=LINE('',#17336,#7801);
#6832=LINE('',#17337,#7802);
#6833=VECTOR('',#11259,1.);
#6834=VECTOR('',#11260,1.);
#6835=VECTOR('',#11261,1.);
#6836=VECTOR('',#11262,1.);
#6837=VECTOR('',#11263,1.);
#6838=VECTOR('',#11264,1.);
#6839=VECTOR('',#11267,1.);
#6840=VECTOR('',#11268,1.);
#6841=VECTOR('',#11269,1.);
#6842=VECTOR('',#11270,1.);
#6843=VECTOR('',#11271,1.);
#6844=VECTOR('',#11272,1.);
#6845=VECTOR('',#11275,1.);
#6846=VECTOR('',#11276,1.);
#6847=VECTOR('',#11277,1.);
#6848=VECTOR('',#11278,1.);
#6849=VECTOR('',#11279,1.);
#6850=VECTOR('',#11280,1.);
#6851=VECTOR('',#11283,1.);
#6852=VECTOR('',#11284,1.);
#6853=VECTOR('',#11285,1.);
#6854=VECTOR('',#11286,1.);
#6855=VECTOR('',#11287,1.);
#6856=VECTOR('',#11288,1.);
#6857=VECTOR('',#11291,1.);
#6858=VECTOR('',#11292,1.);
#6859=VECTOR('',#11293,1.);
#6860=VECTOR('',#11296,1.);
#6861=VECTOR('',#11297,1.);
#6862=VECTOR('',#11298,1.);
#6863=VECTOR('',#11301,1.);
#6864=VECTOR('',#11302,1.);
#6865=VECTOR('',#11303,1.);
#6866=VECTOR('',#11304,1.);
#6867=VECTOR('',#11305,1.);
#6868=VECTOR('',#11306,1.);
#6869=VECTOR('',#11307,1.);
#6870=VECTOR('',#11310,1.);
#6871=VECTOR('',#11311,1.);
#6872=VECTOR('',#11312,1.);
#6873=VECTOR('',#11315,1.);
#6874=VECTOR('',#11316,1.);
#6875=VECTOR('',#11317,1.);
#6876=VECTOR('',#11318,1.);
#6877=VECTOR('',#11321,1.);
#6878=VECTOR('',#11322,1.);
#6879=VECTOR('',#11323,1.);
#6880=VECTOR('',#11324,1.);
#6881=VECTOR('',#11327,1.);
#6882=VECTOR('',#11328,1.);
#6883=VECTOR('',#11331,1.);
#6884=VECTOR('',#11332,1.);
#6885=VECTOR('',#11333,1.);
#6886=VECTOR('',#11334,1.);
#6887=VECTOR('',#11335,1.);
#6888=VECTOR('',#11338,1.);
#6889=VECTOR('',#11341,1.);
#6890=VECTOR('',#11344,1.);
#6891=VECTOR('',#11345,1.);
#6892=VECTOR('',#11346,1.);
#6893=VECTOR('',#11347,1.);
#6894=VECTOR('',#11350,1.);
#6895=VECTOR('',#11351,1.);
#6896=VECTOR('',#11352,1.);
#6897=VECTOR('',#11353,1.);
#6898=VECTOR('',#11356,1.);
#6899=VECTOR('',#11359,1.);
#6900=VECTOR('',#11362,1.);
#6901=VECTOR('',#11367,1.);
#6902=VECTOR('',#11368,1.);
#6903=VECTOR('',#11369,1.);
#6904=VECTOR('',#11370,1.);
#6905=VECTOR('',#11371,1.);
#6906=VECTOR('',#11372,1.);
#6907=VECTOR('',#11373,1.);
#6908=VECTOR('',#11374,1.);
#6909=VECTOR('',#11375,1.);
#6910=VECTOR('',#11376,1.);
#6911=VECTOR('',#11377,1.);
#6912=VECTOR('',#11378,1.);
#6913=VECTOR('',#11379,1.);
#6914=VECTOR('',#11380,1.);
#6915=VECTOR('',#11381,1.);
#6916=VECTOR('',#11382,1.);
#6917=VECTOR('',#11383,1.);
#6918=VECTOR('',#11384,1.);
#6919=VECTOR('',#11385,1.);
#6920=VECTOR('',#11386,1.);
#6921=VECTOR('',#11387,1.);
#6922=VECTOR('',#11388,1.);
#6923=VECTOR('',#11389,1.);
#6924=VECTOR('',#11390,1.);
#6925=VECTOR('',#11391,1.);
#6926=VECTOR('',#11392,1.);
#6927=VECTOR('',#11399,1.);
#6928=VECTOR('',#11400,1.);
#6929=VECTOR('',#11401,1.);
#6930=VECTOR('',#11404,1.);
#6931=VECTOR('',#11405,1.);
#6932=VECTOR('',#11408,1.);
#6933=VECTOR('',#11409,1.);
#6934=VECTOR('',#11410,1.);
#6935=VECTOR('',#11411,1.);
#6936=VECTOR('',#11412,1.);
#6937=VECTOR('',#11413,1.);
#6938=VECTOR('',#11414,1.);
#6939=VECTOR('',#11417,1.);
#6940=VECTOR('',#11418,1.);
#6941=VECTOR('',#11421,1.);
#6942=VECTOR('',#11422,1.);
#6943=VECTOR('',#11423,1.);
#6944=VECTOR('',#11426,1.);
#6945=VECTOR('',#11427,1.);
#6946=VECTOR('',#11428,1.);
#6947=VECTOR('',#11431,1.);
#6948=VECTOR('',#11434,1.);
#6949=VECTOR('',#11435,1.);
#6950=VECTOR('',#11436,1.);
#6951=VECTOR('',#11437,1.);
#6952=VECTOR('',#11438,1.);
#6953=VECTOR('',#11443,1.);
#6954=VECTOR('',#11446,1.);
#6955=VECTOR('',#11447,1.);
#6956=VECTOR('',#11448,1.);
#6957=VECTOR('',#11449,1.);
#6958=VECTOR('',#11452,1.);
#6959=VECTOR('',#11453,1.);
#6960=VECTOR('',#11454,1.);
#6961=VECTOR('',#11455,1.);
#6962=VECTOR('',#11458,1.);
#6963=VECTOR('',#11461,1.);
#6964=VECTOR('',#11464,1.);
#6965=VECTOR('',#11469,1.);
#6966=VECTOR('',#11470,1.);
#6967=VECTOR('',#11471,1.);
#6968=VECTOR('',#11474,1.);
#6969=VECTOR('',#11475,1.);
#6970=VECTOR('',#11476,1.);
#6971=VECTOR('',#11479,1.);
#6972=VECTOR('',#11480,1.);
#6973=VECTOR('',#11481,1.);
#6974=VECTOR('',#11484,1.);
#6975=VECTOR('',#11485,1.);
#6976=VECTOR('',#11486,1.);
#6977=VECTOR('',#11489,1.);
#6978=VECTOR('',#11490,1.);
#6979=VECTOR('',#11491,1.);
#6980=VECTOR('',#11492,1.);
#6981=VECTOR('',#11495,1.);
#6982=VECTOR('',#11496,1.);
#6983=VECTOR('',#11497,1.);
#6984=VECTOR('',#11500,1.);
#6985=VECTOR('',#11501,1.);
#6986=VECTOR('',#11502,1.);
#6987=VECTOR('',#11505,1.);
#6988=VECTOR('',#11506,1.);
#6989=VECTOR('',#11511,1.);
#6990=VECTOR('',#11512,1.);
#6991=VECTOR('',#11513,1.);
#6992=VECTOR('',#11514,1.);
#6993=VECTOR('',#11517,1.);
#6994=VECTOR('',#11518,1.);
#6995=VECTOR('',#11519,1.);
#6996=VECTOR('',#11520,1.);
#6997=VECTOR('',#11523,1.);
#6998=VECTOR('',#11524,1.);
#6999=VECTOR('',#11525,1.);
#7000=VECTOR('',#11526,1.);
#7001=VECTOR('',#11527,1.);
#7002=VECTOR('',#11530,1.);
#7003=VECTOR('',#11531,1.);
#7004=VECTOR('',#11532,1.);
#7005=VECTOR('',#11533,1.);
#7006=VECTOR('',#11534,1.);
#7007=VECTOR('',#11535,1.);
#7008=VECTOR('',#11536,1.);
#7009=VECTOR('',#11537,1.);
#7010=VECTOR('',#11540,1.);
#7011=VECTOR('',#11541,1.);
#7012=VECTOR('',#11542,1.);
#7013=VECTOR('',#11543,1.);
#7014=VECTOR('',#11546,1.);
#7015=VECTOR('',#11547,1.);
#7016=VECTOR('',#11552,1.);
#7017=VECTOR('',#11553,1.);
#7018=VECTOR('',#11554,1.);
#7019=VECTOR('',#11555,1.);
#7020=VECTOR('',#11558,1.);
#7021=VECTOR('',#11559,1.);
#7022=VECTOR('',#11560,1.);
#7023=VECTOR('',#11561,1.);
#7024=VECTOR('',#11568,1.);
#7025=VECTOR('',#11595,1.);
#7026=VECTOR('',#11606,1.);
#7027=VECTOR('',#11617,1.);
#7028=VECTOR('',#11620,1.);
#7029=VECTOR('',#11625,1.);
#7030=VECTOR('',#11628,1.);
#7031=VECTOR('',#11629,1.);
#7032=VECTOR('',#11632,1.);
#7033=VECTOR('',#11635,1.);
#7034=VECTOR('',#11638,1.);
#7035=VECTOR('',#11641,1.);
#7036=VECTOR('',#11644,1.);
#7037=VECTOR('',#11647,1.);
#7038=VECTOR('',#11650,1.);
#7039=VECTOR('',#11653,1.);
#7040=VECTOR('',#11656,1.);
#7041=VECTOR('',#11661,1.);
#7042=VECTOR('',#11664,1.);
#7043=VECTOR('',#11667,1.);
#7044=VECTOR('',#11670,1.);
#7045=VECTOR('',#11673,1.);
#7046=VECTOR('',#11676,1.);
#7047=VECTOR('',#11681,1.);
#7048=VECTOR('',#11684,1.);
#7049=VECTOR('',#11687,1.);
#7050=VECTOR('',#11690,1.);
#7051=VECTOR('',#11693,1.);
#7052=VECTOR('',#11696,1.);
#7053=VECTOR('',#11723,1.);
#7054=VECTOR('',#11726,1.);
#7055=VECTOR('',#11729,1.);
#7056=VECTOR('',#11732,1.);
#7057=VECTOR('',#11735,1.);
#7058=VECTOR('',#11738,1.);
#7059=VECTOR('',#11741,1.);
#7060=VECTOR('',#11744,1.);
#7061=VECTOR('',#11747,1.);
#7062=VECTOR('',#11750,1.);
#7063=VECTOR('',#11755,1.);
#7064=VECTOR('',#11756,1.);
#7065=VECTOR('',#11761,1.);
#7066=VECTOR('',#11762,1.);
#7067=VECTOR('',#11765,1.);
#7068=VECTOR('',#11766,1.);
#7069=VECTOR('',#11769,1.);
#7070=VECTOR('',#11770,1.);
#7071=VECTOR('',#11773,1.);
#7072=VECTOR('',#11774,1.);
#7073=VECTOR('',#11779,1.);
#7074=VECTOR('',#11780,1.);
#7075=VECTOR('',#11781,1.);
#7076=VECTOR('',#11782,1.);
#7077=VECTOR('',#11787,1.);
#7078=VECTOR('',#11792,1.);
#7079=VECTOR('',#11793,1.);
#7080=VECTOR('',#11794,1.);
#7081=VECTOR('',#11807,1.);
#7082=VECTOR('',#11808,1.);
#7083=VECTOR('',#11809,1.);
#7084=VECTOR('',#11812,1.);
#7085=VECTOR('',#11813,1.);
#7086=VECTOR('',#11814,1.);
#7087=VECTOR('',#11819,1.);
#7088=VECTOR('',#11820,1.);
#7089=VECTOR('',#11833,1.);
#7090=VECTOR('',#11840,1.);
#7091=VECTOR('',#11845,1.);
#7092=VECTOR('',#11846,1.);
#7093=VECTOR('',#11847,1.);
#7094=VECTOR('',#11850,1.);
#7095=VECTOR('',#11851,1.);
#7096=VECTOR('',#11856,1.);
#7097=VECTOR('',#11857,1.);
#7098=VECTOR('',#11870,1.);
#7099=VECTOR('',#11875,1.);
#7100=VECTOR('',#11876,1.);
#7101=VECTOR('',#11879,1.);
#7102=VECTOR('',#11880,1.);
#7103=VECTOR('',#11881,1.);
#7104=VECTOR('',#11884,1.);
#7105=VECTOR('',#11887,1.);
#7106=VECTOR('',#11900,1.);
#7107=VECTOR('',#11905,1.);
#7108=VECTOR('',#11906,1.);
#7109=VECTOR('',#11907,1.);
#7110=VECTOR('',#11910,1.);
#7111=VECTOR('',#11911,1.);
#7112=VECTOR('',#11912,1.);
#7113=VECTOR('',#11917,1.);
#7114=VECTOR('',#11918,1.);
#7115=VECTOR('',#11941,1.);
#7116=VECTOR('',#11944,1.);
#7117=VECTOR('',#11945,1.);
#7118=VECTOR('',#11948,1.);
#7119=VECTOR('',#11949,1.);
#7120=VECTOR('',#11952,1.);
#7121=VECTOR('',#11955,1.);
#7122=VECTOR('',#11996,1.);
#7123=VECTOR('',#11997,1.);
#7124=VECTOR('',#11998,1.);
#7125=VECTOR('',#11999,1.);
#7126=VECTOR('',#12002,1.);
#7127=VECTOR('',#12003,1.);
#7128=VECTOR('',#12004,1.);
#7129=VECTOR('',#12005,1.);
#7130=VECTOR('',#12008,1.);
#7131=VECTOR('',#12009,1.);
#7132=VECTOR('',#12010,1.);
#7133=VECTOR('',#12013,1.);
#7134=VECTOR('',#12014,1.);
#7135=VECTOR('',#12015,1.);
#7136=VECTOR('',#12018,1.);
#7137=VECTOR('',#12019,1.);
#7138=VECTOR('',#12020,1.);
#7139=VECTOR('',#12021,1.);
#7140=VECTOR('',#12024,1.);
#7141=VECTOR('',#12025,1.);
#7142=VECTOR('',#12026,1.);
#7143=VECTOR('',#12029,1.);
#7144=VECTOR('',#12030,1.);
#7145=VECTOR('',#12031,1.);
#7146=VECTOR('',#12034,1.);
#7147=VECTOR('',#12035,1.);
#7148=VECTOR('',#12036,1.);
#7149=VECTOR('',#12037,1.);
#7150=VECTOR('',#12040,1.);
#7151=VECTOR('',#12041,1.);
#7152=VECTOR('',#12042,1.);
#7153=VECTOR('',#12045,1.);
#7154=VECTOR('',#12046,1.);
#7155=VECTOR('',#12047,1.);
#7156=VECTOR('',#12050,1.);
#7157=VECTOR('',#12051,1.);
#7158=VECTOR('',#12052,1.);
#7159=VECTOR('',#12053,1.);
#7160=VECTOR('',#12062,1.);
#7161=VECTOR('',#12063,1.);
#7162=VECTOR('',#12068,1.);
#7163=VECTOR('',#12069,1.);
#7164=VECTOR('',#12070,1.);
#7165=VECTOR('',#12071,1.);
#7166=VECTOR('',#12078,1.);
#7167=VECTOR('',#12079,1.);
#7168=VECTOR('',#12080,1.);
#7169=VECTOR('',#12081,1.);
#7170=VECTOR('',#12112,1.);
#7171=VECTOR('',#12113,1.);
#7172=VECTOR('',#12114,1.);
#7173=VECTOR('',#12115,1.);
#7174=VECTOR('',#12116,1.);
#7175=VECTOR('',#12117,1.);
#7176=VECTOR('',#12118,1.);
#7177=VECTOR('',#12119,1.);
#7178=VECTOR('',#12124,1.);
#7179=VECTOR('',#12125,1.);
#7180=VECTOR('',#12128,1.);
#7181=VECTOR('',#12131,1.);
#7182=VECTOR('',#12134,1.);
#7183=VECTOR('',#12135,1.);
#7184=VECTOR('',#12136,1.);
#7185=VECTOR('',#12137,1.);
#7186=VECTOR('',#12138,1.);
#7187=VECTOR('',#12139,1.);
#7188=VECTOR('',#12144,1.);
#7189=VECTOR('',#12147,1.);
#7190=VECTOR('',#12150,1.);
#7191=VECTOR('',#12153,1.);
#7192=VECTOR('',#12154,1.);
#7193=VECTOR('',#12155,1.);
#7194=VECTOR('',#12156,1.);
#7195=VECTOR('',#12157,1.);
#7196=VECTOR('',#12158,1.);
#7197=VECTOR('',#12159,1.);
#7198=VECTOR('',#12162,1.);
#7199=VECTOR('',#12163,1.);
#7200=VECTOR('',#12164,1.);
#7201=VECTOR('',#12165,1.);
#7202=VECTOR('',#12168,1.);
#7203=VECTOR('',#12169,1.);
#7204=VECTOR('',#12170,1.);
#7205=VECTOR('',#12171,1.);
#7206=VECTOR('',#12172,1.);
#7207=VECTOR('',#12175,1.);
#7208=VECTOR('',#12176,1.);
#7209=VECTOR('',#12177,1.);
#7210=VECTOR('',#12178,1.);
#7211=VECTOR('',#12187,1.);
#7212=VECTOR('',#12190,1.);
#7213=VECTOR('',#12199,1.);
#7214=VECTOR('',#12200,1.);
#7215=VECTOR('',#12205,1.);
#7216=VECTOR('',#12206,1.);
#7217=VECTOR('',#12211,1.);
#7218=VECTOR('',#12214,1.);
#7219=VECTOR('',#12215,1.);
#7220=VECTOR('',#12216,1.);
#7221=VECTOR('',#12219,1.);
#7222=VECTOR('',#12220,1.);
#7223=VECTOR('',#12221,1.);
#7224=VECTOR('',#12226,1.);
#7225=VECTOR('',#12227,1.);
#7226=VECTOR('',#12228,1.);
#7227=VECTOR('',#12231,1.);
#7228=VECTOR('',#12234,1.);
#7229=VECTOR('',#12235,1.);
#7230=VECTOR('',#12250,1.);
#7231=VECTOR('',#12251,1.);
#7232=VECTOR('',#12252,1.);
#7233=VECTOR('',#12253,1.);
#7234=VECTOR('',#12256,1.);
#7235=VECTOR('',#12257,1.);
#7236=VECTOR('',#12258,1.);
#7237=VECTOR('',#12261,1.);
#7238=VECTOR('',#12262,1.);
#7239=VECTOR('',#12263,1.);
#7240=VECTOR('',#12264,1.);
#7241=VECTOR('',#12267,1.);
#7242=VECTOR('',#12268,1.);
#7243=VECTOR('',#12269,1.);
#7244=VECTOR('',#12272,1.);
#7245=VECTOR('',#12273,1.);
#7246=VECTOR('',#12274,1.);
#7247=VECTOR('',#12277,1.);
#7248=VECTOR('',#12278,1.);
#7249=VECTOR('',#12279,1.);
#7250=VECTOR('',#12280,1.);
#7251=VECTOR('',#12281,1.);
#7252=VECTOR('',#12282,1.);
#7253=VECTOR('',#12283,1.);
#7254=VECTOR('',#12284,1.);
#7255=VECTOR('',#12287,1.);
#7256=VECTOR('',#12288,1.);
#7257=VECTOR('',#12289,1.);
#7258=VECTOR('',#12292,1.);
#7259=VECTOR('',#12293,1.);
#7260=VECTOR('',#12294,1.);
#7261=VECTOR('',#12297,1.);
#7262=VECTOR('',#12298,1.);
#7263=VECTOR('',#12299,1.);
#7264=VECTOR('',#12300,1.);
#7265=VECTOR('',#12301,1.);
#7266=VECTOR('',#12302,1.);
#7267=VECTOR('',#12303,1.);
#7268=VECTOR('',#12312,1.);
#7269=VECTOR('',#12313,1.);
#7270=VECTOR('',#12318,1.);
#7271=VECTOR('',#12319,1.);
#7272=VECTOR('',#12320,1.);
#7273=VECTOR('',#12321,1.);
#7274=VECTOR('',#12324,1.);
#7275=VECTOR('',#12325,1.);
#7276=VECTOR('',#12326,1.);
#7277=VECTOR('',#12327,1.);
#7278=VECTOR('',#12338,1.);
#7279=VECTOR('',#12339,1.);
#7280=VECTOR('',#12346,1.);
#7281=VECTOR('',#12347,1.);
#7282=VECTOR('',#12354,1.);
#7283=VECTOR('',#12355,1.);
#7284=VECTOR('',#12358,1.);
#7285=VECTOR('',#12361,1.);
#7286=VECTOR('',#12366,1.);
#7287=VECTOR('',#12367,1.);
#7288=VECTOR('',#12368,1.);
#7289=VECTOR('',#12369,1.);
#7290=VECTOR('',#12372,1.);
#7291=VECTOR('',#12373,1.);
#7292=VECTOR('',#12374,1.);
#7293=VECTOR('',#12375,1.);
#7294=VECTOR('',#12378,1.);
#7295=VECTOR('',#12379,1.);
#7296=VECTOR('',#12380,1.);
#7297=VECTOR('',#12381,1.);
#7298=VECTOR('',#12382,1.);
#7299=VECTOR('',#12383,1.);
#7300=VECTOR('',#12386,1.);
#7301=VECTOR('',#12387,1.);
#7302=VECTOR('',#12388,1.);
#7303=VECTOR('',#12389,1.);
#7304=VECTOR('',#12390,1.);
#7305=VECTOR('',#12393,1.);
#7306=VECTOR('',#12394,1.);
#7307=VECTOR('',#12395,1.);
#7308=VECTOR('',#12396,1.);
#7309=VECTOR('',#12397,1.);
#7310=VECTOR('',#12398,1.);
#7311=VECTOR('',#12399,1.);
#7312=VECTOR('',#12406,1.);
#7313=VECTOR('',#12407,1.);
#7314=VECTOR('',#12412,1.);
#7315=VECTOR('',#12413,1.);
#7316=VECTOR('',#12414,1.);
#7317=VECTOR('',#12415,1.);
#7318=VECTOR('',#12416,1.);
#7319=VECTOR('',#12425,1.);
#7320=VECTOR('',#12430,1.);
#7321=VECTOR('',#12433,1.);
#7322=VECTOR('',#12434,1.);
#7323=VECTOR('',#12435,1.);
#7324=VECTOR('',#12436,1.);
#7325=VECTOR('',#12437,1.);
#7326=VECTOR('',#12440,1.);
#7327=VECTOR('',#12441,1.);
#7328=VECTOR('',#12444,1.);
#7329=VECTOR('',#12445,1.);
#7330=VECTOR('',#12446,1.);
#7331=VECTOR('',#12449,1.);
#7332=VECTOR('',#12450,1.);
#7333=VECTOR('',#12455,1.);
#7334=VECTOR('',#12456,1.);
#7335=VECTOR('',#12459,1.);
#7336=VECTOR('',#12462,1.);
#7337=VECTOR('',#12463,1.);
#7338=VECTOR('',#12464,1.);
#7339=VECTOR('',#12465,1.);
#7340=VECTOR('',#12534,1.);
#7341=VECTOR('',#12535,1.);
#7342=VECTOR('',#12536,1.);
#7343=VECTOR('',#12537,1.);
#7344=VECTOR('',#12540,1.);
#7345=VECTOR('',#12541,1.);
#7346=VECTOR('',#12542,1.);
#7347=VECTOR('',#12545,1.);
#7348=VECTOR('',#12546,1.);
#7349=VECTOR('',#12547,1.);
#7350=VECTOR('',#12550,1.);
#7351=VECTOR('',#12551,1.);
#7352=VECTOR('',#12568,1.);
#7353=VECTOR('',#12569,1.);
#7354=VECTOR('',#12570,1.);
#7355=VECTOR('',#12571,1.);
#7356=VECTOR('',#12574,1.);
#7357=VECTOR('',#12575,1.);
#7358=VECTOR('',#12576,1.);
#7359=VECTOR('',#12579,1.);
#7360=VECTOR('',#12580,1.);
#7361=VECTOR('',#12581,1.);
#7362=VECTOR('',#12584,1.);
#7363=VECTOR('',#12585,1.);
#7364=VECTOR('',#12604,1.);
#7365=VECTOR('',#12607,1.);
#7366=VECTOR('',#12612,1.);
#7367=VECTOR('',#12615,1.);
#7368=VECTOR('',#12620,1.);
#7369=VECTOR('',#12623,1.);
#7370=VECTOR('',#12628,1.);
#7371=VECTOR('',#12631,1.);
#7372=VECTOR('',#12638,1.);
#7373=VECTOR('',#12641,1.);
#7374=VECTOR('',#12642,1.);
#7375=VECTOR('',#12645,1.);
#7376=VECTOR('',#12646,1.);
#7377=VECTOR('',#12649,1.);
#7378=VECTOR('',#12652,1.);
#7379=VECTOR('',#12655,1.);
#7380=VECTOR('',#12656,1.);
#7381=VECTOR('',#12659,1.);
#7382=VECTOR('',#12666,1.);
#7383=VECTOR('',#12667,1.);
#7384=VECTOR('',#12672,1.);
#7385=VECTOR('',#12673,1.);
#7386=VECTOR('',#12674,1.);
#7387=VECTOR('',#12675,1.);
#7388=VECTOR('',#12680,1.);
#7389=VECTOR('',#12685,1.);
#7390=VECTOR('',#12686,1.);
#7391=VECTOR('',#12687,1.);
#7392=VECTOR('',#12700,1.);
#7393=VECTOR('',#12701,1.);
#7394=VECTOR('',#12702,1.);
#7395=VECTOR('',#12705,1.);
#7396=VECTOR('',#12706,1.);
#7397=VECTOR('',#12707,1.);
#7398=VECTOR('',#12712,1.);
#7399=VECTOR('',#12713,1.);
#7400=VECTOR('',#12726,1.);
#7401=VECTOR('',#12733,1.);
#7402=VECTOR('',#12738,1.);
#7403=VECTOR('',#12739,1.);
#7404=VECTOR('',#12740,1.);
#7405=VECTOR('',#12743,1.);
#7406=VECTOR('',#12744,1.);
#7407=VECTOR('',#12749,1.);
#7408=VECTOR('',#12750,1.);
#7409=VECTOR('',#12763,1.);
#7410=VECTOR('',#12768,1.);
#7411=VECTOR('',#12769,1.);
#7412=VECTOR('',#12772,1.);
#7413=VECTOR('',#12773,1.);
#7414=VECTOR('',#12774,1.);
#7415=VECTOR('',#12777,1.);
#7416=VECTOR('',#12780,1.);
#7417=VECTOR('',#12793,1.);
#7418=VECTOR('',#12798,1.);
#7419=VECTOR('',#12799,1.);
#7420=VECTOR('',#12800,1.);
#7421=VECTOR('',#12803,1.);
#7422=VECTOR('',#12804,1.);
#7423=VECTOR('',#12805,1.);
#7424=VECTOR('',#12810,1.);
#7425=VECTOR('',#12811,1.);
#7426=VECTOR('',#12834,1.);
#7427=VECTOR('',#12837,1.);
#7428=VECTOR('',#12838,1.);
#7429=VECTOR('',#12841,1.);
#7430=VECTOR('',#12842,1.);
#7431=VECTOR('',#12845,1.);
#7432=VECTOR('',#12848,1.);
#7433=VECTOR('',#12891,1.);
#7434=VECTOR('',#12894,1.);
#7435=VECTOR('',#12899,1.);
#7436=VECTOR('',#12902,1.);
#7437=VECTOR('',#12907,1.);
#7438=VECTOR('',#12910,1.);
#7439=VECTOR('',#12915,1.);
#7440=VECTOR('',#12918,1.);
#7441=VECTOR('',#12925,1.);
#7442=VECTOR('',#12928,1.);
#7443=VECTOR('',#12929,1.);
#7444=VECTOR('',#12932,1.);
#7445=VECTOR('',#12933,1.);
#7446=VECTOR('',#12936,1.);
#7447=VECTOR('',#12939,1.);
#7448=VECTOR('',#12942,1.);
#7449=VECTOR('',#12943,1.);
#7450=VECTOR('',#12946,1.);
#7451=VECTOR('',#12953,1.);
#7452=VECTOR('',#12954,1.);
#7453=VECTOR('',#12959,1.);
#7454=VECTOR('',#12960,1.);
#7455=VECTOR('',#12961,1.);
#7456=VECTOR('',#12962,1.);
#7457=VECTOR('',#12967,1.);
#7458=VECTOR('',#12972,1.);
#7459=VECTOR('',#12973,1.);
#7460=VECTOR('',#12974,1.);
#7461=VECTOR('',#12987,1.);
#7462=VECTOR('',#12988,1.);
#7463=VECTOR('',#12989,1.);
#7464=VECTOR('',#12992,1.);
#7465=VECTOR('',#12993,1.);
#7466=VECTOR('',#12994,1.);
#7467=VECTOR('',#12999,1.);
#7468=VECTOR('',#13000,1.);
#7469=VECTOR('',#13013,1.);
#7470=VECTOR('',#13020,1.);
#7471=VECTOR('',#13025,1.);
#7472=VECTOR('',#13026,1.);
#7473=VECTOR('',#13027,1.);
#7474=VECTOR('',#13030,1.);
#7475=VECTOR('',#13031,1.);
#7476=VECTOR('',#13036,1.);
#7477=VECTOR('',#13037,1.);
#7478=VECTOR('',#13050,1.);
#7479=VECTOR('',#13055,1.);
#7480=VECTOR('',#13056,1.);
#7481=VECTOR('',#13059,1.);
#7482=VECTOR('',#13060,1.);
#7483=VECTOR('',#13061,1.);
#7484=VECTOR('',#13064,1.);
#7485=VECTOR('',#13067,1.);
#7486=VECTOR('',#13080,1.);
#7487=VECTOR('',#13085,1.);
#7488=VECTOR('',#13086,1.);
#7489=VECTOR('',#13087,1.);
#7490=VECTOR('',#13090,1.);
#7491=VECTOR('',#13091,1.);
#7492=VECTOR('',#13092,1.);
#7493=VECTOR('',#13097,1.);
#7494=VECTOR('',#13098,1.);
#7495=VECTOR('',#13121,1.);
#7496=VECTOR('',#13124,1.);
#7497=VECTOR('',#13125,1.);
#7498=VECTOR('',#13128,1.);
#7499=VECTOR('',#13129,1.);
#7500=VECTOR('',#13132,1.);
#7501=VECTOR('',#13135,1.);
#7502=VECTOR('',#13166,1.);
#7503=VECTOR('',#13169,1.);
#7504=VECTOR('',#13172,1.);
#7505=VECTOR('',#13175,1.);
#7506=VECTOR('',#13178,1.);
#7507=VECTOR('',#13181,1.);
#7508=VECTOR('',#13184,1.);
#7509=VECTOR('',#13187,1.);
#7510=VECTOR('',#13190,1.);
#7511=VECTOR('',#13193,1.);
#7512=VECTOR('',#13198,1.);
#7513=VECTOR('',#13199,1.);
#7514=VECTOR('',#13204,1.);
#7515=VECTOR('',#13205,1.);
#7516=VECTOR('',#13208,1.);
#7517=VECTOR('',#13209,1.);
#7518=VECTOR('',#13212,1.);
#7519=VECTOR('',#13213,1.);
#7520=VECTOR('',#13216,1.);
#7521=VECTOR('',#13217,1.);
#7522=VECTOR('',#13222,1.);
#7523=VECTOR('',#13223,1.);
#7524=VECTOR('',#13224,1.);
#7525=VECTOR('',#13225,1.);
#7526=VECTOR('',#13230,1.);
#7527=VECTOR('',#13235,1.);
#7528=VECTOR('',#13236,1.);
#7529=VECTOR('',#13237,1.);
#7530=VECTOR('',#13250,1.);
#7531=VECTOR('',#13251,1.);
#7532=VECTOR('',#13252,1.);
#7533=VECTOR('',#13255,1.);
#7534=VECTOR('',#13256,1.);
#7535=VECTOR('',#13257,1.);
#7536=VECTOR('',#13262,1.);
#7537=VECTOR('',#13263,1.);
#7538=VECTOR('',#13276,1.);
#7539=VECTOR('',#13283,1.);
#7540=VECTOR('',#13288,1.);
#7541=VECTOR('',#13289,1.);
#7542=VECTOR('',#13290,1.);
#7543=VECTOR('',#13293,1.);
#7544=VECTOR('',#13294,1.);
#7545=VECTOR('',#13299,1.);
#7546=VECTOR('',#13300,1.);
#7547=VECTOR('',#13313,1.);
#7548=VECTOR('',#13318,1.);
#7549=VECTOR('',#13319,1.);
#7550=VECTOR('',#13322,1.);
#7551=VECTOR('',#13323,1.);
#7552=VECTOR('',#13324,1.);
#7553=VECTOR('',#13327,1.);
#7554=VECTOR('',#13330,1.);
#7555=VECTOR('',#13343,1.);
#7556=VECTOR('',#13348,1.);
#7557=VECTOR('',#13349,1.);
#7558=VECTOR('',#13350,1.);
#7559=VECTOR('',#13353,1.);
#7560=VECTOR('',#13354,1.);
#7561=VECTOR('',#13355,1.);
#7562=VECTOR('',#13360,1.);
#7563=VECTOR('',#13361,1.);
#7564=VECTOR('',#13384,1.);
#7565=VECTOR('',#13387,1.);
#7566=VECTOR('',#13388,1.);
#7567=VECTOR('',#13391,1.);
#7568=VECTOR('',#13392,1.);
#7569=VECTOR('',#13395,1.);
#7570=VECTOR('',#13398,1.);
#7571=VECTOR('',#13423,1.);
#7572=VECTOR('',#13424,1.);
#7573=VECTOR('',#13425,1.);
#7574=VECTOR('',#13426,1.);
#7575=VECTOR('',#13427,1.);
#7576=VECTOR('',#13428,1.);
#7577=VECTOR('',#13431,1.);
#7578=VECTOR('',#13432,1.);
#7579=VECTOR('',#13433,1.);
#7580=VECTOR('',#13434,1.);
#7581=VECTOR('',#13435,1.);
#7582=VECTOR('',#13436,1.);
#7583=VECTOR('',#13451,1.);
#7584=VECTOR('',#13452,1.);
#7585=VECTOR('',#13453,1.);
#7586=VECTOR('',#13454,1.);
#7587=VECTOR('',#13455,1.);
#7588=VECTOR('',#13456,1.);
#7589=VECTOR('',#13457,1.);
#7590=VECTOR('',#13458,1.);
#7591=VECTOR('',#13459,1.);
#7592=VECTOR('',#13460,1.);
#7593=VECTOR('',#13461,1.);
#7594=VECTOR('',#13462,1.);
#7595=VECTOR('',#13463,1.);
#7596=VECTOR('',#13464,1.);
#7597=VECTOR('',#13465,1.);
#7598=VECTOR('',#13466,1.);
#7599=VECTOR('',#13467,1.);
#7600=VECTOR('',#13468,1.);
#7601=VECTOR('',#13469,1.);
#7602=VECTOR('',#13470,1.);
#7603=VECTOR('',#13471,1.);
#7604=VECTOR('',#13472,1.);
#7605=VECTOR('',#13473,1.);
#7606=VECTOR('',#13474,1.);
#7607=VECTOR('',#13477,1.);
#7608=VECTOR('',#13478,1.);
#7609=VECTOR('',#13479,1.);
#7610=VECTOR('',#13480,1.);
#7611=VECTOR('',#13483,1.);
#7612=VECTOR('',#13484,1.);
#7613=VECTOR('',#13485,1.);
#7614=VECTOR('',#13486,1.);
#7615=VECTOR('',#13489,1.);
#7616=VECTOR('',#13490,1.);
#7617=VECTOR('',#13491,1.);
#7618=VECTOR('',#13492,1.);
#7619=VECTOR('',#13493,1.);
#7620=VECTOR('',#13496,1.);
#7621=VECTOR('',#13497,1.);
#7622=VECTOR('',#13498,1.);
#7623=VECTOR('',#13499,1.);
#7624=VECTOR('',#13500,1.);
#7625=VECTOR('',#13503,1.);
#7626=VECTOR('',#13504,1.);
#7627=VECTOR('',#13505,1.);
#7628=VECTOR('',#13506,1.);
#7629=VECTOR('',#13507,1.);
#7630=VECTOR('',#13510,1.);
#7631=VECTOR('',#13511,1.);
#7632=VECTOR('',#13512,1.);
#7633=VECTOR('',#13513,1.);
#7634=VECTOR('',#13514,1.);
#7635=VECTOR('',#13529,1.);
#7636=VECTOR('',#13530,1.);
#7637=VECTOR('',#13533,1.);
#7638=VECTOR('',#13536,1.);
#7639=VECTOR('',#13539,1.);
#7640=VECTOR('',#13542,1.);
#7641=VECTOR('',#13545,1.);
#7642=VECTOR('',#13548,1.);
#7643=VECTOR('',#13559,1.);
#7644=VECTOR('',#13560,1.);
#7645=VECTOR('',#13561,1.);
#7646=VECTOR('',#13562,1.);
#7647=VECTOR('',#13563,1.);
#7648=VECTOR('',#13564,1.);
#7649=VECTOR('',#13565,1.);
#7650=VECTOR('',#13566,1.);
#7651=VECTOR('',#13569,1.);
#7652=VECTOR('',#13572,1.);
#7653=VECTOR('',#13581,1.);
#7654=VECTOR('',#13582,1.);
#7655=VECTOR('',#13583,1.);
#7656=VECTOR('',#13584,1.);
#7657=VECTOR('',#13587,1.);
#7658=VECTOR('',#13588,1.);
#7659=VECTOR('',#13589,1.);
#7660=VECTOR('',#13592,1.);
#7661=VECTOR('',#13593,1.);
#7662=VECTOR('',#13594,1.);
#7663=VECTOR('',#13597,1.);
#7664=VECTOR('',#13598,1.);
#7665=VECTOR('',#13599,1.);
#7666=VECTOR('',#13602,1.);
#7667=VECTOR('',#13603,1.);
#7668=VECTOR('',#13604,1.);
#7669=VECTOR('',#13607,1.);
#7670=VECTOR('',#13608,1.);
#7671=VECTOR('',#13609,1.);
#7672=VECTOR('',#13612,1.);
#7673=VECTOR('',#13613,1.);
#7674=VECTOR('',#13616,1.);
#7675=VECTOR('',#13617,1.);
#7676=VECTOR('',#13618,1.);
#7677=VECTOR('',#13621,1.);
#7678=VECTOR('',#13622,1.);
#7679=VECTOR('',#13623,1.);
#7680=VECTOR('',#13624,1.);
#7681=VECTOR('',#13627,1.);
#7682=VECTOR('',#13628,1.);
#7683=VECTOR('',#13631,1.);
#7684=VECTOR('',#13632,1.);
#7685=VECTOR('',#13633,1.);
#7686=VECTOR('',#13634,1.);
#7687=VECTOR('',#13635,1.);
#7688=VECTOR('',#13638,1.);
#7689=VECTOR('',#13639,1.);
#7690=VECTOR('',#13640,1.);
#7691=VECTOR('',#13643,1.);
#7692=VECTOR('',#13644,1.);
#7693=VECTOR('',#13645,1.);
#7694=VECTOR('',#13648,1.);
#7695=VECTOR('',#13653,1.);
#7696=VECTOR('',#13654,1.);
#7697=VECTOR('',#13655,1.);
#7698=VECTOR('',#13656,1.);
#7699=VECTOR('',#13659,1.);
#7700=VECTOR('',#13660,1.);
#7701=VECTOR('',#13661,1.);
#7702=VECTOR('',#13664,1.);
#7703=VECTOR('',#13665,1.);
#7704=VECTOR('',#13666,1.);
#7705=VECTOR('',#13669,1.);
#7706=VECTOR('',#13670,1.);
#7707=VECTOR('',#13671,1.);
#7708=VECTOR('',#13674,1.);
#7709=VECTOR('',#13675,1.);
#7710=VECTOR('',#13676,1.);
#7711=VECTOR('',#13679,1.);
#7712=VECTOR('',#13680,1.);
#7713=VECTOR('',#13681,1.);
#7714=VECTOR('',#13684,1.);
#7715=VECTOR('',#13685,1.);
#7716=VECTOR('',#13688,1.);
#7717=VECTOR('',#13689,1.);
#7718=VECTOR('',#13690,1.);
#7719=VECTOR('',#13693,1.);
#7720=VECTOR('',#13694,1.);
#7721=VECTOR('',#13695,1.);
#7722=VECTOR('',#13696,1.);
#7723=VECTOR('',#13699,1.);
#7724=VECTOR('',#13700,1.);
#7725=VECTOR('',#13703,1.);
#7726=VECTOR('',#13704,1.);
#7727=VECTOR('',#13705,1.);
#7728=VECTOR('',#13706,1.);
#7729=VECTOR('',#13707,1.);
#7730=VECTOR('',#13710,1.);
#7731=VECTOR('',#13711,1.);
#7732=VECTOR('',#13712,1.);
#7733=VECTOR('',#13715,1.);
#7734=VECTOR('',#13716,1.);
#7735=VECTOR('',#13717,1.);
#7736=VECTOR('',#13720,1.);
#7737=VECTOR('',#13801,1.);
#7738=VECTOR('',#13804,1.);
#7739=VECTOR('',#13805,1.);
#7740=VECTOR('',#13810,1.);
#7741=VECTOR('',#13813,1.);
#7742=VECTOR('',#13814,1.);
#7743=VECTOR('',#13819,1.);
#7744=VECTOR('',#13822,1.);
#7745=VECTOR('',#13823,1.);
#7746=VECTOR('',#13828,1.);
#7747=VECTOR('',#13831,1.);
#7748=VECTOR('',#13832,1.);
#7749=VECTOR('',#13845,1.);
#7750=VECTOR('',#13846,1.);
#7751=VECTOR('',#13847,1.);
#7752=VECTOR('',#13850,1.);
#7753=VECTOR('',#13851,1.);
#7754=VECTOR('',#13852,1.);
#7755=VECTOR('',#13855,1.);
#7756=VECTOR('',#13856,1.);
#7757=VECTOR('',#13857,1.);
#7758=VECTOR('',#13858,1.);
#7759=VECTOR('',#13861,1.);
#7760=VECTOR('',#13862,1.);
#7761=VECTOR('',#13863,1.);
#7762=VECTOR('',#13866,1.);
#7763=VECTOR('',#13867,1.);
#7764=VECTOR('',#13868,1.);
#7765=VECTOR('',#13871,1.);
#7766=VECTOR('',#13872,1.);
#7767=VECTOR('',#13873,1.);
#7768=VECTOR('',#13874,1.);
#7769=VECTOR('',#13877,1.);
#7770=VECTOR('',#13880,1.);
#7771=VECTOR('',#13881,1.);
#7772=VECTOR('',#13884,1.);
#7773=VECTOR('',#13887,1.);
#7774=VECTOR('',#13888,1.);
#7775=VECTOR('',#13891,1.);
#7776=VECTOR('',#13894,1.);
#7777=VECTOR('',#13899,1.);
#7778=VECTOR('',#13902,1.);
#7779=VECTOR('',#13909,1.);
#7780=VECTOR('',#13910,1.);
#7781=VECTOR('',#13911,1.);
#7782=VECTOR('',#13912,1.);
#7783=VECTOR('',#13915,1.);
#7784=VECTOR('',#13916,1.);
#7785=VECTOR('',#13917,1.);
#7786=VECTOR('',#13920,1.);
#7787=VECTOR('',#13921,1.);
#7788=VECTOR('',#13922,1.);
#7789=VECTOR('',#13925,1.);
#7790=VECTOR('',#13926,1.);
#7791=VECTOR('',#13945,1.);
#7792=VECTOR('',#13946,1.);
#7793=VECTOR('',#13947,1.);
#7794=VECTOR('',#13948,1.);
#7795=VECTOR('',#13951,1.);
#7796=VECTOR('',#13952,1.);
#7797=VECTOR('',#13953,1.);
#7798=VECTOR('',#13956,1.);
#7799=VECTOR('',#13957,1.);
#7800=VECTOR('',#13958,1.);
#7801=VECTOR('',#13961,1.);
#7802=VECTOR('',#13962,1.);
#7803=EDGE_LOOP('',(#765,#766,#767,#768,#769,#770));
#7804=EDGE_LOOP('',(#771,#772,#773,#774,#775,#776));
#7805=EDGE_LOOP('',(#777,#778,#779,#780,#781,#782));
#7806=EDGE_LOOP('',(#783,#784,#785,#786,#787,#788));
#7807=EDGE_LOOP('',(#789,#790,#791,#792));
#7808=EDGE_LOOP('',(#793,#794,#795,#796));
#7809=EDGE_LOOP('',(#797,#798,#799,#800,#801,#802,#803,#804));
#7810=EDGE_LOOP('',(#805,#806,#807,#808));
#7811=EDGE_LOOP('',(#809,#810,#811,#812));
#7812=EDGE_LOOP('',(#813,#814,#815,#816));
#7813=EDGE_LOOP('',(#817,#818,#819,#820));
#7814=EDGE_LOOP('',(#821,#822,#823,#824,#825,#826,#827,#828,#829,#830));
#7815=EDGE_LOOP('',(#831,#832,#833,#834));
#7816=EDGE_LOOP('',(#835,#836,#837,#838));
#7817=EDGE_LOOP('',(#839,#840,#841,#842,#843,#844,#845));
#7818=EDGE_LOOP('',(#846,#847,#848,#849,#850,#851,#852));
#7819=EDGE_LOOP('',(#853,#854,#855,#856));
#7820=EDGE_LOOP('',(#857,#858,#859,#860));
#7821=EDGE_LOOP('',(#861,#862,#863,#864));
#7822=EDGE_LOOP('',(#865,#866,#867,#868));
#7823=EDGE_LOOP('',(#869,#870,#871,#872,#873,#874,#875,#876,#877,#878));
#7824=EDGE_LOOP('',(#879,#880,#881,#882,#883,#884,#885,#886,#887,#888));
#7825=EDGE_LOOP('',(#889,#890,#891,#892,#893,#894,#895,#896));
#7826=EDGE_LOOP('',(#897,#898,#899,#900,#901,#902,#903,#904));
#7827=EDGE_LOOP('',(#905));
#7828=EDGE_LOOP('',(#906));
#7829=EDGE_LOOP('',(#907,#908,#909,#910));
#7830=EDGE_LOOP('',(#911,#912,#913,#914));
#7831=EDGE_LOOP('',(#915,#916,#917,#918,#919,#920,#921,#922));
#7832=EDGE_LOOP('',(#923,#924,#925,#926));
#7833=EDGE_LOOP('',(#927,#928,#929,#930));
#7834=EDGE_LOOP('',(#931,#932,#933,#934));
#7835=EDGE_LOOP('',(#935,#936,#937,#938));
#7836=EDGE_LOOP('',(#939,#940,#941,#942,#943,#944,#945,#946,#947,#948));
#7837=EDGE_LOOP('',(#949,#950,#951,#952));
#7838=EDGE_LOOP('',(#953,#954,#955,#956));
#7839=EDGE_LOOP('',(#957,#958,#959,#960,#961,#962,#963));
#7840=EDGE_LOOP('',(#964,#965,#966,#967,#968,#969,#970));
#7841=EDGE_LOOP('',(#971,#972,#973,#974));
#7842=EDGE_LOOP('',(#975,#976,#977,#978));
#7843=EDGE_LOOP('',(#979,#980,#981,#982));
#7844=EDGE_LOOP('',(#983,#984,#985,#986));
#7845=EDGE_LOOP('',(#987,#988,#989,#990));
#7846=EDGE_LOOP('',(#991,#992,#993,#994));
#7847=EDGE_LOOP('',(#995,#996,#997,#998));
#7848=EDGE_LOOP('',(#999,#1000,#1001,#1002));
#7849=EDGE_LOOP('',(#1003,#1004,#1005,#1006));
#7850=EDGE_LOOP('',(#1007,#1008,#1009,#1010));
#7851=EDGE_LOOP('',(#1011,#1012,#1013,#1014));
#7852=EDGE_LOOP('',(#1015,#1016,#1017,#1018));
#7853=EDGE_LOOP('',(#1019,#1020,#1021,#1022));
#7854=EDGE_LOOP('',(#1023,#1024,#1025,#1026));
#7855=EDGE_LOOP('',(#1027,#1028,#1029,#1030));
#7856=EDGE_LOOP('',(#1031,#1032,#1033,#1034,#1035,#1036));
#7857=EDGE_LOOP('',(#1037,#1038,#1039,#1040,#1041,#1042,#1043,#1044,#1045,
#1046,#1047,#1048,#1049,#1050));
#7858=EDGE_LOOP('',(#1051,#1052,#1053,#1054,#1055,#1056));
#7859=EDGE_LOOP('',(#1057,#1058,#1059,#1060));
#7860=EDGE_LOOP('',(#1061,#1062,#1063,#1064));
#7861=EDGE_LOOP('',(#1065,#1066,#1067,#1068,#1069,#1070));
#7862=EDGE_LOOP('',(#1071,#1072,#1073,#1074,#1075,#1076));
#7863=EDGE_LOOP('',(#1077,#1078,#1079,#1080));
#7864=EDGE_LOOP('',(#1081));
#7865=EDGE_LOOP('',(#1082,#1083,#1084,#1085));
#7866=EDGE_LOOP('',(#1086));
#7867=EDGE_LOOP('',(#1087));
#7868=EDGE_LOOP('',(#1088));
#7869=EDGE_LOOP('',(#1089));
#7870=EDGE_LOOP('',(#1090));
#7871=EDGE_LOOP('',(#1091));
#7872=EDGE_LOOP('',(#1092));
#7873=EDGE_LOOP('',(#1093));
#7874=EDGE_LOOP('',(#1094));
#7875=EDGE_LOOP('',(#1095));
#7876=EDGE_LOOP('',(#1096));
#7877=EDGE_LOOP('',(#1097,#1098,#1099,#1100));
#7878=EDGE_LOOP('',(#1101));
#7879=EDGE_LOOP('',(#1102));
#7880=EDGE_LOOP('',(#1103,#1104,#1105,#1106));
#7881=EDGE_LOOP('',(#1107));
#7882=EDGE_LOOP('',(#1108));
#7883=EDGE_LOOP('',(#1109));
#7884=EDGE_LOOP('',(#1110));
#7885=EDGE_LOOP('',(#1111,#1112,#1113,#1114));
#7886=EDGE_LOOP('',(#1115));
#7887=EDGE_LOOP('',(#1116));
#7888=EDGE_LOOP('',(#1117));
#7889=EDGE_LOOP('',(#1118));
#7890=EDGE_LOOP('',(#1119,#1120,#1121,#1122));
#7891=EDGE_LOOP('',(#1123,#1124,#1125,#1126,#1127,#1128));
#7892=EDGE_LOOP('',(#1129,#1130,#1131,#1132));
#7893=EDGE_LOOP('',(#1133,#1134,#1135,#1136));
#7894=EDGE_LOOP('',(#1137,#1138,#1139));
#7895=EDGE_LOOP('',(#1140,#1141,#1142,#1143));
#7896=EDGE_LOOP('',(#1144,#1145,#1146,#1147));
#7897=EDGE_LOOP('',(#1148,#1149,#1150,#1151));
#7898=EDGE_LOOP('',(#1152,#1153,#1154,#1155));
#7899=EDGE_LOOP('',(#1156,#1157,#1158));
#7900=EDGE_LOOP('',(#1159,#1160,#1161));
#7901=EDGE_LOOP('',(#1162,#1163,#1164,#1165));
#7902=EDGE_LOOP('',(#1166,#1167,#1168,#1169));
#7903=EDGE_LOOP('',(#1170,#1171,#1172));
#7904=EDGE_LOOP('',(#1173,#1174,#1175,#1176));
#7905=EDGE_LOOP('',(#1177,#1178,#1179,#1180));
#7906=EDGE_LOOP('',(#1181,#1182,#1183,#1184));
#7907=EDGE_LOOP('',(#1185,#1186,#1187));
#7908=EDGE_LOOP('',(#1188,#1189,#1190,#1191));
#7909=EDGE_LOOP('',(#1192,#1193,#1194,#1195));
#7910=EDGE_LOOP('',(#1196,#1197,#1198));
#7911=EDGE_LOOP('',(#1199,#1200,#1201,#1202));
#7912=EDGE_LOOP('',(#1203,#1204,#1205,#1206));
#7913=EDGE_LOOP('',(#1207,#1208,#1209,#1210));
#7914=EDGE_LOOP('',(#1211,#1212,#1213));
#7915=EDGE_LOOP('',(#1214,#1215,#1216,#1217));
#7916=EDGE_LOOP('',(#1218,#1219,#1220,#1221));
#7917=EDGE_LOOP('',(#1222,#1223,#1224));
#7918=EDGE_LOOP('',(#1225,#1226,#1227,#1228));
#7919=EDGE_LOOP('',(#1229));
#7920=EDGE_LOOP('',(#1230));
#7921=EDGE_LOOP('',(#1231));
#7922=EDGE_LOOP('',(#1232));
#7923=EDGE_LOOP('',(#1233));
#7924=EDGE_LOOP('',(#1234));
#7925=EDGE_LOOP('',(#1235));
#7926=EDGE_LOOP('',(#1236));
#7927=EDGE_LOOP('',(#1237,#1238,#1239,#1240,#1241,#1242,#1243,#1244,#1245,
#1246,#1247,#1248,#1249,#1250,#1251,#1252,#1253,#1254,#1255,#1256,#1257,
#1258,#1259,#1260,#1261,#1262,#1263,#1264,#1265,#1266,#1267,#1268,#1269,
#1270,#1271,#1272,#1273,#1274,#1275,#1276));
#7928=EDGE_LOOP('',(#1277));
#7929=EDGE_LOOP('',(#1278,#1279,#1280,#1281,#1282,#1283,#1284,#1285,#1286,
#1287,#1288,#1289,#1290,#1291,#1292,#1293,#1294,#1295,#1296,#1297,#1298));
#7930=EDGE_LOOP('',(#1299,#1300,#1301,#1302));
#7931=EDGE_LOOP('',(#1303,#1304,#1305,#1306));
#7932=EDGE_LOOP('',(#1307,#1308,#1309,#1310));
#7933=EDGE_LOOP('',(#1311,#1312,#1313,#1314));
#7934=EDGE_LOOP('',(#1315,#1316,#1317,#1318));
#7935=EDGE_LOOP('',(#1319));
#7936=EDGE_LOOP('',(#1320,#1321,#1322,#1323));
#7937=EDGE_LOOP('',(#1324,#1325,#1326,#1327));
#7938=EDGE_LOOP('',(#1328,#1329,#1330,#1331));
#7939=EDGE_LOOP('',(#1332,#1333,#1334,#1335));
#7940=EDGE_LOOP('',(#1336,#1337,#1338,#1339));
#7941=EDGE_LOOP('',(#1340,#1341,#1342,#1343));
#7942=EDGE_LOOP('',(#1344,#1345,#1346,#1347));
#7943=EDGE_LOOP('',(#1348,#1349,#1350,#1351));
#7944=EDGE_LOOP('',(#1352,#1353,#1354,#1355,#1356,#1357,#1358,#1359));
#7945=EDGE_LOOP('',(#1360,#1361,#1362,#1363,#1364,#1365,#1366,#1367));
#7946=EDGE_LOOP('',(#1368,#1369,#1370,#1371));
#7947=EDGE_LOOP('',(#1372,#1373,#1374,#1375));
#7948=EDGE_LOOP('',(#1376,#1377,#1378,#1379));
#7949=EDGE_LOOP('',(#1380,#1381,#1382,#1383));
#7950=EDGE_LOOP('',(#1384,#1385,#1386,#1387));
#7951=EDGE_LOOP('',(#1388,#1389,#1390,#1391));
#7952=EDGE_LOOP('',(#1392,#1393,#1394,#1395));
#7953=EDGE_LOOP('',(#1396,#1397,#1398,#1399,#1400,#1401,#1402,#1403));
#7954=EDGE_LOOP('',(#1404,#1405,#1406,#1407));
#7955=EDGE_LOOP('',(#1408,#1409,#1410,#1411));
#7956=EDGE_LOOP('',(#1412,#1413,#1414,#1415));
#7957=EDGE_LOOP('',(#1416,#1417,#1418,#1419));
#7958=EDGE_LOOP('',(#1420,#1421,#1422,#1423));
#7959=EDGE_LOOP('',(#1424,#1425,#1426,#1427));
#7960=EDGE_LOOP('',(#1428,#1429,#1430,#1431));
#7961=EDGE_LOOP('',(#1432,#1433,#1434,#1435,#1436,#1437));
#7962=EDGE_LOOP('',(#1438,#1439,#1440,#1441));
#7963=EDGE_LOOP('',(#1442,#1443,#1444,#1445));
#7964=EDGE_LOOP('',(#1446,#1447,#1448,#1449,#1450));
#7965=EDGE_LOOP('',(#1451,#1452,#1453,#1454));
#7966=EDGE_LOOP('',(#1455,#1456,#1457,#1458));
#7967=EDGE_LOOP('',(#1459,#1460,#1461,#1462,#1463,#1464));
#7968=EDGE_LOOP('',(#1465,#1466,#1467,#1468));
#7969=EDGE_LOOP('',(#1469,#1470,#1471,#1472));
#7970=EDGE_LOOP('',(#1473,#1474,#1475,#1476,#1477,#1478,#1479,#1480));
#7971=EDGE_LOOP('',(#1481,#1482,#1483,#1484));
#7972=EDGE_LOOP('',(#1485,#1486,#1487,#1488));
#7973=EDGE_LOOP('',(#1489,#1490,#1491,#1492));
#7974=EDGE_LOOP('',(#1493,#1494,#1495,#1496));
#7975=EDGE_LOOP('',(#1497,#1498,#1499,#1500));
#7976=EDGE_LOOP('',(#1501,#1502,#1503,#1504));
#7977=EDGE_LOOP('',(#1505,#1506,#1507,#1508));
#7978=EDGE_LOOP('',(#1509));
#7979=EDGE_LOOP('',(#1510));
#7980=EDGE_LOOP('',(#1511,#1512,#1513,#1514,#1515,#1516,#1517,#1518,#1519,
#1520));
#7981=EDGE_LOOP('',(#1521));
#7982=EDGE_LOOP('',(#1522));
#7983=EDGE_LOOP('',(#1523,#1524,#1525,#1526,#1527,#1528,#1529,#1530,#1531,
#1532));
#7984=EDGE_LOOP('',(#1533));
#7985=EDGE_LOOP('',(#1534));
#7986=EDGE_LOOP('',(#1535));
#7987=EDGE_LOOP('',(#1536));
#7988=EDGE_LOOP('',(#1537));
#7989=EDGE_LOOP('',(#1538));
#7990=EDGE_LOOP('',(#1539));
#7991=EDGE_LOOP('',(#1540));
#7992=EDGE_LOOP('',(#1541,#1542,#1543,#1544));
#7993=EDGE_LOOP('',(#1545,#1546,#1547,#1548));
#7994=EDGE_LOOP('',(#1549,#1550,#1551,#1552));
#7995=EDGE_LOOP('',(#1553,#1554,#1555,#1556));
#7996=EDGE_LOOP('',(#1557,#1558,#1559,#1560));
#7997=EDGE_LOOP('',(#1561,#1562,#1563,#1564));
#7998=EDGE_LOOP('',(#1565,#1566,#1567,#1568));
#7999=EDGE_LOOP('',(#1569,#1570,#1571,#1572));
#8000=EDGE_LOOP('',(#1573,#1574,#1575,#1576));
#8001=EDGE_LOOP('',(#1577,#1578,#1579,#1580));
#8002=EDGE_LOOP('',(#1581,#1582,#1583,#1584));
#8003=EDGE_LOOP('',(#1585));
#8004=EDGE_LOOP('',(#1586));
#8005=EDGE_LOOP('',(#1587,#1588,#1589,#1590));
#8006=EDGE_LOOP('',(#1591));
#8007=EDGE_LOOP('',(#1592));
#8008=EDGE_LOOP('',(#1593,#1594,#1595,#1596,#1597,#1598,#1599,#1600,#1601,
#1602,#1603,#1604,#1605,#1606,#1607,#1608));
#8009=EDGE_LOOP('',(#1609));
#8010=EDGE_LOOP('',(#1610));
#8011=EDGE_LOOP('',(#1611,#1612,#1613,#1614,#1615,#1616,#1617,#1618,#1619,
#1620,#1621,#1622,#1623,#1624,#1625,#1626));
#8012=EDGE_LOOP('',(#1627));
#8013=EDGE_LOOP('',(#1628));
#8014=EDGE_LOOP('',(#1629));
#8015=EDGE_LOOP('',(#1630));
#8016=EDGE_LOOP('',(#1631,#1632,#1633,#1634));
#8017=EDGE_LOOP('',(#1635,#1636,#1637,#1638));
#8018=EDGE_LOOP('',(#1639,#1640,#1641,#1642));
#8019=EDGE_LOOP('',(#1643,#1644,#1645,#1646));
#8020=EDGE_LOOP('',(#1647));
#8021=EDGE_LOOP('',(#1648));
#8022=EDGE_LOOP('',(#1649));
#8023=EDGE_LOOP('',(#1650));
#8024=EDGE_LOOP('',(#1651));
#8025=EDGE_LOOP('',(#1652));
#8026=EDGE_LOOP('',(#1653,#1654,#1655,#1656,#1657,#1658,#1659,#1660));
#8027=EDGE_LOOP('',(#1661,#1662,#1663,#1664,#1665,#1666,#1667,#1668));
#8028=EDGE_LOOP('',(#1669,#1670,#1671,#1672,#1673,#1674));
#8029=EDGE_LOOP('',(#1675,#1676,#1677,#1678,#1679,#1680,#1681,#1682));
#8030=EDGE_LOOP('',(#1683,#1684,#1685,#1686,#1687,#1688,#1689,#1690));
#8031=EDGE_LOOP('',(#1691,#1692,#1693,#1694,#1695,#1696));
#8032=EDGE_LOOP('',(#1697,#1698,#1699,#1700,#1701,#1702,#1703,#1704));
#8033=EDGE_LOOP('',(#1705,#1706,#1707,#1708,#1709,#1710));
#8034=EDGE_LOOP('',(#1711,#1712,#1713,#1714));
#8035=EDGE_LOOP('',(#1715,#1716,#1717,#1718));
#8036=EDGE_LOOP('',(#1719,#1720,#1721,#1722));
#8037=EDGE_LOOP('',(#1723,#1724,#1725,#1726));
#8038=EDGE_LOOP('',(#1727,#1728,#1729,#1730));
#8039=EDGE_LOOP('',(#1731,#1732,#1733,#1734));
#8040=EDGE_LOOP('',(#1735,#1736,#1737,#1738));
#8041=EDGE_LOOP('',(#1739,#1740,#1741,#1742,#1743,#1744,#1745,#1746));
#8042=EDGE_LOOP('',(#1747,#1748,#1749,#1750,#1751,#1752));
#8043=EDGE_LOOP('',(#1753,#1754,#1755,#1756));
#8044=EDGE_LOOP('',(#1757,#1758,#1759,#1760,#1761,#1762,#1763,#1764));
#8045=EDGE_LOOP('',(#1765,#1766,#1767,#1768));
#8046=EDGE_LOOP('',(#1769,#1770,#1771,#1772,#1773,#1774,#1775,#1776));
#8047=EDGE_LOOP('',(#1777,#1778,#1779,#1780));
#8048=EDGE_LOOP('',(#1781,#1782,#1783,#1784));
#8049=EDGE_LOOP('',(#1785,#1786,#1787,#1788));
#8050=EDGE_LOOP('',(#1789,#1790,#1791,#1792));
#8051=EDGE_LOOP('',(#1793,#1794,#1795,#1796));
#8052=EDGE_LOOP('',(#1797,#1798,#1799,#1800));
#8053=EDGE_LOOP('',(#1801,#1802,#1803,#1804));
#8054=EDGE_LOOP('',(#1805,#1806,#1807,#1808));
#8055=EDGE_LOOP('',(#1809,#1810,#1811,#1812));
#8056=EDGE_LOOP('',(#1813,#1814,#1815,#1816));
#8057=EDGE_LOOP('',(#1817,#1818,#1819,#1820,#1821,#1822,#1823,#1824));
#8058=EDGE_LOOP('',(#1825,#1826,#1827,#1828));
#8059=EDGE_LOOP('',(#1829,#1830,#1831,#1832));
#8060=EDGE_LOOP('',(#1833,#1834,#1835,#1836,#1837,#1838,#1839,#1840));
#8061=EDGE_LOOP('',(#1841));
#8062=EDGE_LOOP('',(#1842));
#8063=EDGE_LOOP('',(#1843,#1844,#1845,#1846));
#8064=EDGE_LOOP('',(#1847));
#8065=EDGE_LOOP('',(#1848));
#8066=EDGE_LOOP('',(#1849,#1850,#1851,#1852,#1853,#1854,#1855,#1856,#1857,
#1858,#1859,#1860,#1861,#1862,#1863,#1864));
#8067=EDGE_LOOP('',(#1865,#1866,#1867,#1868));
#8068=EDGE_LOOP('',(#1869));
#8069=EDGE_LOOP('',(#1870));
#8070=EDGE_LOOP('',(#1871));
#8071=EDGE_LOOP('',(#1872));
#8072=EDGE_LOOP('',(#1873,#1874,#1875,#1876,#1877,#1878));
#8073=EDGE_LOOP('',(#1879,#1880,#1881,#1882));
#8074=EDGE_LOOP('',(#1883,#1884,#1885,#1886));
#8075=EDGE_LOOP('',(#1887,#1888,#1889,#1890,#1891,#1892));
#8076=EDGE_LOOP('',(#1893,#1894,#1895,#1896));
#8077=EDGE_LOOP('',(#1897,#1898,#1899,#1900));
#8078=EDGE_LOOP('',(#1901,#1902,#1903,#1904));
#8079=EDGE_LOOP('',(#1905,#1906,#1907,#1908));
#8080=EDGE_LOOP('',(#1909,#1910,#1911,#1912));
#8081=EDGE_LOOP('',(#1913,#1914,#1915,#1916));
#8082=EDGE_LOOP('',(#1917,#1918,#1919,#1920));
#8083=EDGE_LOOP('',(#1921,#1922,#1923,#1924));
#8084=EDGE_LOOP('',(#1925,#1926,#1927,#1928,#1929,#1930));
#8085=EDGE_LOOP('',(#1931,#1932,#1933,#1934,#1935,#1936));
#8086=EDGE_LOOP('',(#1937,#1938,#1939,#1940,#1941,#1942,#1943,#1944));
#8087=EDGE_LOOP('',(#1945,#1946,#1947,#1948,#1949,#1950,#1951,#1952));
#8088=EDGE_LOOP('',(#1953,#1954,#1955,#1956,#1957,#1958));
#8089=EDGE_LOOP('',(#1959,#1960,#1961,#1962));
#8090=EDGE_LOOP('',(#1963,#1964,#1965,#1966));
#8091=EDGE_LOOP('',(#1967,#1968,#1969,#1970));
#8092=EDGE_LOOP('',(#1971,#1972,#1973,#1974,#1975,#1976,#1977,#1978));
#8093=EDGE_LOOP('',(#1979,#1980,#1981,#1982));
#8094=EDGE_LOOP('',(#1983,#1984,#1985,#1986,#1987,#1988));
#8095=EDGE_LOOP('',(#1989,#1990,#1991,#1992));
#8096=EDGE_LOOP('',(#1993,#1994,#1995,#1996));
#8097=EDGE_LOOP('',(#1997,#1998,#1999,#2000));
#8098=EDGE_LOOP('',(#2001,#2002,#2003,#2004));
#8099=EDGE_LOOP('',(#2005,#2006,#2007,#2008,#2009,#2010,#2011,#2012,#2013,
#2014,#2015,#2016));
#8100=EDGE_LOOP('',(#2017,#2018,#2019,#2020,#2021));
#8101=EDGE_LOOP('',(#2022,#2023,#2024,#2025,#2026));
#8102=EDGE_LOOP('',(#2027,#2028,#2029,#2030,#2031));
#8103=EDGE_LOOP('',(#2032,#2033,#2034,#2035,#2036));
#8104=EDGE_LOOP('',(#2037));
#8105=EDGE_LOOP('',(#2038));
#8106=EDGE_LOOP('',(#2039));
#8107=EDGE_LOOP('',(#2040));
#8108=EDGE_LOOP('',(#2041));
#8109=EDGE_LOOP('',(#2042));
#8110=EDGE_LOOP('',(#2043));
#8111=EDGE_LOOP('',(#2044));
#8112=EDGE_LOOP('',(#2045));
#8113=EDGE_LOOP('',(#2046));
#8114=EDGE_LOOP('',(#2047));
#8115=EDGE_LOOP('',(#2048));
#8116=EDGE_LOOP('',(#2049));
#8117=EDGE_LOOP('',(#2050));
#8118=EDGE_LOOP('',(#2051));
#8119=EDGE_LOOP('',(#2052));
#8120=EDGE_LOOP('',(#2053));
#8121=EDGE_LOOP('',(#2054));
#8122=EDGE_LOOP('',(#2055));
#8123=EDGE_LOOP('',(#2056));
#8124=EDGE_LOOP('',(#2057));
#8125=EDGE_LOOP('',(#2058));
#8126=EDGE_LOOP('',(#2059));
#8127=EDGE_LOOP('',(#2060));
#8128=EDGE_LOOP('',(#2061,#2062,#2063,#2064));
#8129=EDGE_LOOP('',(#2065,#2066,#2067,#2068));
#8130=EDGE_LOOP('',(#2069,#2070,#2071,#2072));
#8131=EDGE_LOOP('',(#2073,#2074,#2075,#2076));
#8132=EDGE_LOOP('',(#2077));
#8133=EDGE_LOOP('',(#2078,#2079,#2080,#2081));
#8134=EDGE_LOOP('',(#2082,#2083,#2084,#2085));
#8135=EDGE_LOOP('',(#2086));
#8136=EDGE_LOOP('',(#2087));
#8137=EDGE_LOOP('',(#2088));
#8138=EDGE_LOOP('',(#2089,#2090,#2091,#2092));
#8139=EDGE_LOOP('',(#2093,#2094,#2095,#2096));
#8140=EDGE_LOOP('',(#2097,#2098,#2099,#2100));
#8141=EDGE_LOOP('',(#2101,#2102,#2103,#2104));
#8142=EDGE_LOOP('',(#2105));
#8143=EDGE_LOOP('',(#2106,#2107,#2108,#2109));
#8144=EDGE_LOOP('',(#2110,#2111,#2112,#2113));
#8145=EDGE_LOOP('',(#2114));
#8146=EDGE_LOOP('',(#2115));
#8147=EDGE_LOOP('',(#2116));
#8148=EDGE_LOOP('',(#2117,#2118,#2119,#2120));
#8149=EDGE_LOOP('',(#2121,#2122,#2123,#2124));
#8150=EDGE_LOOP('',(#2125,#2126,#2127,#2128));
#8151=EDGE_LOOP('',(#2129,#2130,#2131,#2132,#2133));
#8152=EDGE_LOOP('',(#2134,#2135,#2136,#2137,#2138,#2139,#2140,#2141));
#8153=EDGE_LOOP('',(#2142,#2143,#2144,#2145,#2146,#2147,#2148,#2149));
#8154=EDGE_LOOP('',(#2150,#2151,#2152,#2153,#2154,#2155,#2156,#2157));
#8155=EDGE_LOOP('',(#2158,#2159,#2160,#2161,#2162,#2163,#2164,#2165));
#8156=EDGE_LOOP('',(#2166,#2167,#2168,#2169,#2170,#2171,#2172,#2173));
#8157=EDGE_LOOP('',(#2174));
#8158=EDGE_LOOP('',(#2175));
#8159=EDGE_LOOP('',(#2176,#2177,#2178,#2179));
#8160=EDGE_LOOP('',(#2180,#2181,#2182,#2183));
#8161=EDGE_LOOP('',(#2184,#2185,#2186,#2187));
#8162=EDGE_LOOP('',(#2188,#2189,#2190,#2191));
#8163=EDGE_LOOP('',(#2192,#2193,#2194,#2195));
#8164=EDGE_LOOP('',(#2196,#2197,#2198,#2199));
#8165=EDGE_LOOP('',(#2200));
#8166=EDGE_LOOP('',(#2201,#2202,#2203,#2204));
#8167=EDGE_LOOP('',(#2205,#2206,#2207,#2208));
#8168=EDGE_LOOP('',(#2209,#2210,#2211,#2212));
#8169=EDGE_LOOP('',(#2213,#2214,#2215,#2216));
#8170=EDGE_LOOP('',(#2217,#2218,#2219,#2220));
#8171=EDGE_LOOP('',(#2221,#2222,#2223,#2224));
#8172=EDGE_LOOP('',(#2225,#2226,#2227,#2228));
#8173=EDGE_LOOP('',(#2229,#2230,#2231,#2232));
#8174=EDGE_LOOP('',(#2233,#2234,#2235,#2236,#2237,#2238,#2239,#2240));
#8175=EDGE_LOOP('',(#2241,#2242,#2243,#2244,#2245,#2246,#2247,#2248));
#8176=EDGE_LOOP('',(#2249,#2250,#2251,#2252));
#8177=EDGE_LOOP('',(#2253,#2254,#2255,#2256));
#8178=EDGE_LOOP('',(#2257,#2258,#2259,#2260));
#8179=EDGE_LOOP('',(#2261,#2262,#2263,#2264));
#8180=EDGE_LOOP('',(#2265,#2266,#2267,#2268));
#8181=EDGE_LOOP('',(#2269,#2270,#2271,#2272));
#8182=EDGE_LOOP('',(#2273,#2274,#2275,#2276));
#8183=EDGE_LOOP('',(#2277,#2278,#2279,#2280,#2281,#2282,#2283,#2284));
#8184=EDGE_LOOP('',(#2285,#2286,#2287,#2288));
#8185=EDGE_LOOP('',(#2289,#2290,#2291,#2292));
#8186=EDGE_LOOP('',(#2293,#2294,#2295,#2296));
#8187=EDGE_LOOP('',(#2297,#2298,#2299,#2300));
#8188=EDGE_LOOP('',(#2301,#2302,#2303,#2304));
#8189=EDGE_LOOP('',(#2305,#2306,#2307,#2308));
#8190=EDGE_LOOP('',(#2309,#2310,#2311,#2312));
#8191=EDGE_LOOP('',(#2313,#2314,#2315,#2316,#2317,#2318));
#8192=EDGE_LOOP('',(#2319,#2320,#2321,#2322));
#8193=EDGE_LOOP('',(#2323,#2324,#2325,#2326));
#8194=EDGE_LOOP('',(#2327,#2328,#2329,#2330,#2331));
#8195=EDGE_LOOP('',(#2332,#2333,#2334,#2335));
#8196=EDGE_LOOP('',(#2336,#2337,#2338,#2339));
#8197=EDGE_LOOP('',(#2340,#2341,#2342,#2343,#2344,#2345));
#8198=EDGE_LOOP('',(#2346,#2347,#2348,#2349));
#8199=EDGE_LOOP('',(#2350,#2351,#2352,#2353));
#8200=EDGE_LOOP('',(#2354,#2355,#2356,#2357,#2358,#2359,#2360,#2361));
#8201=EDGE_LOOP('',(#2362,#2363,#2364,#2365));
#8202=EDGE_LOOP('',(#2366,#2367,#2368,#2369));
#8203=EDGE_LOOP('',(#2370,#2371,#2372,#2373));
#8204=EDGE_LOOP('',(#2374,#2375,#2376,#2377));
#8205=EDGE_LOOP('',(#2378,#2379,#2380,#2381));
#8206=EDGE_LOOP('',(#2382,#2383,#2384,#2385));
#8207=EDGE_LOOP('',(#2386,#2387,#2388,#2389));
#8208=EDGE_LOOP('',(#2390));
#8209=EDGE_LOOP('',(#2391));
#8210=EDGE_LOOP('',(#2392,#2393,#2394,#2395,#2396,#2397,#2398,#2399,#2400,
#2401));
#8211=EDGE_LOOP('',(#2402));
#8212=EDGE_LOOP('',(#2403));
#8213=EDGE_LOOP('',(#2404,#2405,#2406,#2407,#2408,#2409,#2410,#2411,#2412,
#2413));
#8214=EDGE_LOOP('',(#2414));
#8215=EDGE_LOOP('',(#2415));
#8216=EDGE_LOOP('',(#2416));
#8217=EDGE_LOOP('',(#2417));
#8218=EDGE_LOOP('',(#2418));
#8219=EDGE_LOOP('',(#2419));
#8220=EDGE_LOOP('',(#2420));
#8221=EDGE_LOOP('',(#2421));
#8222=EDGE_LOOP('',(#2422));
#8223=EDGE_LOOP('',(#2423,#2424,#2425,#2426));
#8224=EDGE_LOOP('',(#2427,#2428,#2429,#2430));
#8225=EDGE_LOOP('',(#2431,#2432,#2433,#2434));
#8226=EDGE_LOOP('',(#2435,#2436,#2437,#2438,#2439));
#8227=EDGE_LOOP('',(#2440,#2441,#2442,#2443,#2444,#2445,#2446,#2447));
#8228=EDGE_LOOP('',(#2448,#2449,#2450,#2451,#2452,#2453,#2454,#2455));
#8229=EDGE_LOOP('',(#2456,#2457,#2458,#2459,#2460,#2461,#2462,#2463));
#8230=EDGE_LOOP('',(#2464,#2465,#2466,#2467,#2468,#2469,#2470,#2471));
#8231=EDGE_LOOP('',(#2472,#2473,#2474,#2475,#2476,#2477,#2478,#2479));
#8232=EDGE_LOOP('',(#2480));
#8233=EDGE_LOOP('',(#2481));
#8234=EDGE_LOOP('',(#2482,#2483,#2484,#2485));
#8235=EDGE_LOOP('',(#2486,#2487,#2488,#2489));
#8236=EDGE_LOOP('',(#2490,#2491,#2492,#2493));
#8237=EDGE_LOOP('',(#2494,#2495,#2496,#2497));
#8238=EDGE_LOOP('',(#2498,#2499,#2500,#2501));
#8239=EDGE_LOOP('',(#2502,#2503,#2504,#2505));
#8240=EDGE_LOOP('',(#2506));
#8241=EDGE_LOOP('',(#2507,#2508,#2509,#2510));
#8242=EDGE_LOOP('',(#2511,#2512,#2513,#2514));
#8243=EDGE_LOOP('',(#2515,#2516,#2517,#2518));
#8244=EDGE_LOOP('',(#2519,#2520,#2521,#2522));
#8245=EDGE_LOOP('',(#2523,#2524,#2525,#2526));
#8246=EDGE_LOOP('',(#2527,#2528,#2529,#2530));
#8247=EDGE_LOOP('',(#2531,#2532,#2533,#2534));
#8248=EDGE_LOOP('',(#2535,#2536,#2537,#2538));
#8249=EDGE_LOOP('',(#2539,#2540,#2541,#2542,#2543,#2544,#2545,#2546));
#8250=EDGE_LOOP('',(#2547,#2548,#2549,#2550,#2551,#2552,#2553,#2554));
#8251=EDGE_LOOP('',(#2555,#2556,#2557,#2558));
#8252=EDGE_LOOP('',(#2559,#2560,#2561,#2562));
#8253=EDGE_LOOP('',(#2563,#2564,#2565,#2566));
#8254=EDGE_LOOP('',(#2567,#2568,#2569,#2570));
#8255=EDGE_LOOP('',(#2571,#2572,#2573,#2574));
#8256=EDGE_LOOP('',(#2575,#2576,#2577,#2578));
#8257=EDGE_LOOP('',(#2579,#2580,#2581,#2582));
#8258=EDGE_LOOP('',(#2583,#2584,#2585,#2586,#2587,#2588,#2589,#2590));
#8259=EDGE_LOOP('',(#2591,#2592,#2593,#2594));
#8260=EDGE_LOOP('',(#2595,#2596,#2597,#2598));
#8261=EDGE_LOOP('',(#2599,#2600,#2601,#2602));
#8262=EDGE_LOOP('',(#2603,#2604,#2605,#2606));
#8263=EDGE_LOOP('',(#2607,#2608,#2609,#2610));
#8264=EDGE_LOOP('',(#2611,#2612,#2613,#2614));
#8265=EDGE_LOOP('',(#2615,#2616,#2617,#2618));
#8266=EDGE_LOOP('',(#2619,#2620,#2621,#2622,#2623,#2624));
#8267=EDGE_LOOP('',(#2625,#2626,#2627,#2628));
#8268=EDGE_LOOP('',(#2629,#2630,#2631,#2632));
#8269=EDGE_LOOP('',(#2633,#2634,#2635,#2636,#2637));
#8270=EDGE_LOOP('',(#2638,#2639,#2640,#2641));
#8271=EDGE_LOOP('',(#2642,#2643,#2644,#2645));
#8272=EDGE_LOOP('',(#2646,#2647,#2648,#2649,#2650,#2651));
#8273=EDGE_LOOP('',(#2652,#2653,#2654,#2655));
#8274=EDGE_LOOP('',(#2656,#2657,#2658,#2659));
#8275=EDGE_LOOP('',(#2660,#2661,#2662,#2663,#2664,#2665,#2666,#2667));
#8276=EDGE_LOOP('',(#2668,#2669,#2670,#2671));
#8277=EDGE_LOOP('',(#2672,#2673,#2674,#2675));
#8278=EDGE_LOOP('',(#2676,#2677,#2678,#2679));
#8279=EDGE_LOOP('',(#2680,#2681,#2682,#2683));
#8280=EDGE_LOOP('',(#2684,#2685,#2686,#2687));
#8281=EDGE_LOOP('',(#2688,#2689,#2690,#2691));
#8282=EDGE_LOOP('',(#2692,#2693,#2694,#2695));
#8283=EDGE_LOOP('',(#2696));
#8284=EDGE_LOOP('',(#2697));
#8285=EDGE_LOOP('',(#2698,#2699,#2700,#2701,#2702,#2703,#2704,#2705,#2706,
#2707));
#8286=EDGE_LOOP('',(#2708));
#8287=EDGE_LOOP('',(#2709));
#8288=EDGE_LOOP('',(#2710,#2711,#2712,#2713,#2714,#2715,#2716,#2717,#2718,
#2719));
#8289=EDGE_LOOP('',(#2720));
#8290=EDGE_LOOP('',(#2721,#2722,#2723,#2724,#2725,#2726,#2727,#2728,#2729,
#2730,#2731,#2732,#2733,#2734,#2735,#2736,#2737,#2738,#2739,#2740,#2741,
#2742,#2743,#2744,#2745,#2746,#2747,#2748,#2749,#2750,#2751,#2752,#2753,
#2754,#2755,#2756,#2757,#2758,#2759,#2760));
#8291=EDGE_LOOP('',(#2761));
#8292=EDGE_LOOP('',(#2762,#2763,#2764,#2765,#2766,#2767,#2768,#2769,#2770,
#2771,#2772,#2773,#2774,#2775,#2776,#2777,#2778,#2779,#2780,#2781,#2782));
#8293=EDGE_LOOP('',(#2783,#2784,#2785,#2786));
#8294=EDGE_LOOP('',(#2787,#2788,#2789,#2790));
#8295=EDGE_LOOP('',(#2791,#2792,#2793,#2794));
#8296=EDGE_LOOP('',(#2795,#2796,#2797,#2798));
#8297=EDGE_LOOP('',(#2799,#2800,#2801,#2802));
#8298=EDGE_LOOP('',(#2803));
#8299=EDGE_LOOP('',(#2804,#2805,#2806,#2807));
#8300=EDGE_LOOP('',(#2808,#2809,#2810,#2811));
#8301=EDGE_LOOP('',(#2812,#2813,#2814,#2815));
#8302=EDGE_LOOP('',(#2816,#2817,#2818,#2819));
#8303=EDGE_LOOP('',(#2820,#2821,#2822,#2823));
#8304=EDGE_LOOP('',(#2824,#2825,#2826,#2827));
#8305=EDGE_LOOP('',(#2828,#2829,#2830,#2831));
#8306=EDGE_LOOP('',(#2832,#2833,#2834,#2835));
#8307=EDGE_LOOP('',(#2836,#2837,#2838,#2839,#2840,#2841,#2842,#2843));
#8308=EDGE_LOOP('',(#2844,#2845,#2846,#2847,#2848,#2849,#2850,#2851));
#8309=EDGE_LOOP('',(#2852,#2853,#2854,#2855));
#8310=EDGE_LOOP('',(#2856,#2857,#2858,#2859));
#8311=EDGE_LOOP('',(#2860,#2861,#2862,#2863));
#8312=EDGE_LOOP('',(#2864,#2865,#2866,#2867));
#8313=EDGE_LOOP('',(#2868,#2869,#2870,#2871));
#8314=EDGE_LOOP('',(#2872,#2873,#2874,#2875));
#8315=EDGE_LOOP('',(#2876,#2877,#2878,#2879));
#8316=EDGE_LOOP('',(#2880,#2881,#2882,#2883,#2884,#2885,#2886,#2887));
#8317=EDGE_LOOP('',(#2888,#2889,#2890,#2891));
#8318=EDGE_LOOP('',(#2892,#2893,#2894,#2895));
#8319=EDGE_LOOP('',(#2896,#2897,#2898,#2899));
#8320=EDGE_LOOP('',(#2900,#2901,#2902,#2903));
#8321=EDGE_LOOP('',(#2904,#2905,#2906,#2907));
#8322=EDGE_LOOP('',(#2908,#2909,#2910,#2911));
#8323=EDGE_LOOP('',(#2912,#2913,#2914,#2915));
#8324=EDGE_LOOP('',(#2916,#2917,#2918,#2919,#2920,#2921));
#8325=EDGE_LOOP('',(#2922,#2923,#2924,#2925));
#8326=EDGE_LOOP('',(#2926,#2927,#2928,#2929));
#8327=EDGE_LOOP('',(#2930,#2931,#2932,#2933,#2934));
#8328=EDGE_LOOP('',(#2935,#2936,#2937,#2938));
#8329=EDGE_LOOP('',(#2939,#2940,#2941,#2942));
#8330=EDGE_LOOP('',(#2943,#2944,#2945,#2946,#2947,#2948));
#8331=EDGE_LOOP('',(#2949,#2950,#2951,#2952));
#8332=EDGE_LOOP('',(#2953,#2954,#2955,#2956));
#8333=EDGE_LOOP('',(#2957,#2958,#2959,#2960,#2961,#2962,#2963,#2964));
#8334=EDGE_LOOP('',(#2965,#2966,#2967,#2968));
#8335=EDGE_LOOP('',(#2969,#2970,#2971,#2972));
#8336=EDGE_LOOP('',(#2973,#2974,#2975,#2976));
#8337=EDGE_LOOP('',(#2977,#2978,#2979,#2980));
#8338=EDGE_LOOP('',(#2981,#2982,#2983,#2984));
#8339=EDGE_LOOP('',(#2985,#2986,#2987,#2988));
#8340=EDGE_LOOP('',(#2989,#2990,#2991,#2992));
#8341=EDGE_LOOP('',(#2993));
#8342=EDGE_LOOP('',(#2994));
#8343=EDGE_LOOP('',(#2995,#2996,#2997,#2998,#2999,#3000,#3001,#3002,#3003,
#3004));
#8344=EDGE_LOOP('',(#3005));
#8345=EDGE_LOOP('',(#3006));
#8346=EDGE_LOOP('',(#3007,#3008,#3009,#3010,#3011,#3012,#3013,#3014,#3015,
#3016));
#8347=EDGE_LOOP('',(#3017,#3018,#3019,#3020,#3021,#3022));
#8348=EDGE_LOOP('',(#3023,#3024,#3025,#3026,#3027,#3028));
#8349=EDGE_LOOP('',(#3029,#3030));
#8350=EDGE_LOOP('',(#3031,#3032));
#8351=EDGE_LOOP('',(#3033));
#8352=EDGE_LOOP('',(#3034));
#8353=EDGE_LOOP('',(#3035,#3036,#3037,#3038,#3039,#3040,#3041,#3042,#3043,
#3044,#3045,#3046,#3047,#3048,#3049,#3050,#3051,#3052,#3053,#3054,#3055,
#3056,#3057,#3058));
#8354=EDGE_LOOP('',(#3059,#3060,#3061,#3062));
#8355=EDGE_LOOP('',(#3063,#3064,#3065,#3066));
#8356=EDGE_LOOP('',(#3067,#3068,#3069,#3070,#3071,#3072));
#8357=EDGE_LOOP('',(#3073,#3074,#3075,#3076,#3077,#3078));
#8358=EDGE_LOOP('',(#3079,#3080,#3081,#3082,#3083,#3084));
#8359=EDGE_LOOP('',(#3085,#3086,#3087,#3088,#3089,#3090));
#8360=EDGE_LOOP('',(#3091));
#8361=EDGE_LOOP('',(#3092));
#8362=EDGE_LOOP('',(#3093));
#8363=EDGE_LOOP('',(#3094));
#8364=EDGE_LOOP('',(#3095));
#8365=EDGE_LOOP('',(#3096));
#8366=EDGE_LOOP('',(#3097,#3098,#3099,#3100));
#8367=EDGE_LOOP('',(#3101,#3102,#3103,#3104));
#8368=EDGE_LOOP('',(#3105,#3106,#3107,#3108));
#8369=EDGE_LOOP('',(#3109,#3110,#3111,#3112));
#8370=EDGE_LOOP('',(#3113,#3114,#3115,#3116));
#8371=EDGE_LOOP('',(#3117,#3118,#3119,#3120));
#8372=EDGE_LOOP('',(#3121,#3122,#3123,#3124));
#8373=EDGE_LOOP('',(#3125));
#8374=EDGE_LOOP('',(#3126));
#8375=EDGE_LOOP('',(#3127));
#8376=EDGE_LOOP('',(#3128));
#8377=EDGE_LOOP('',(#3129,#3130,#3131,#3132,#3133,#3134,#3135,#3136,#3137,
#3138,#3139,#3140,#3141,#3142,#3143,#3144,#3145,#3146,#3147,#3148,#3149,
#3150));
#8378=EDGE_LOOP('',(#3151,#3152,#3153,#3154));
#8379=EDGE_LOOP('',(#3155,#3156,#3157,#3158,#3159,#3160));
#8380=EDGE_LOOP('',(#3161,#3162,#3163,#3164));
#8381=EDGE_LOOP('',(#3165));
#8382=EDGE_LOOP('',(#3166));
#8383=EDGE_LOOP('',(#3167));
#8384=EDGE_LOOP('',(#3168));
#8385=EDGE_LOOP('',(#3169,#3170,#3171,#3172));
#8386=EDGE_LOOP('',(#3173,#3174,#3175,#3176));
#8387=EDGE_LOOP('',(#3177,#3178,#3179,#3180));
#8388=EDGE_LOOP('',(#3181,#3182,#3183,#3184));
#8389=EDGE_LOOP('',(#3185,#3186,#3187,#3188,#3189,#3190,#3191));
#8390=EDGE_LOOP('',(#3192,#3193,#3194,#3195,#3196,#3197,#3198));
#8391=EDGE_LOOP('',(#3199,#3200,#3201,#3202));
#8392=EDGE_LOOP('',(#3203,#3204,#3205,#3206));
#8393=EDGE_LOOP('',(#3207,#3208,#3209,#3210,#3211,#3212,#3213,#3214,#3215,
#3216));
#8394=EDGE_LOOP('',(#3217,#3218,#3219,#3220));
#8395=EDGE_LOOP('',(#3221,#3222,#3223,#3224,#3225,#3226));
#8396=EDGE_LOOP('',(#3227,#3228,#3229,#3230));
#8397=EDGE_LOOP('',(#3231,#3232,#3233,#3234));
#8398=EDGE_LOOP('',(#3235,#3236,#3237,#3238));
#8399=EDGE_LOOP('',(#3239,#3240,#3241,#3242));
#8400=EDGE_LOOP('',(#3243,#3244,#3245,#3246));
#8401=EDGE_LOOP('',(#3247,#3248,#3249,#3250));
#8402=EDGE_LOOP('',(#3251,#3252,#3253,#3254));
#8403=EDGE_LOOP('',(#3255,#3256,#3257,#3258));
#8404=EDGE_LOOP('',(#3259,#3260,#3261,#3262,#3263,#3264,#3265));
#8405=EDGE_LOOP('',(#3266,#3267,#3268,#3269,#3270,#3271,#3272));
#8406=EDGE_LOOP('',(#3273,#3274,#3275,#3276));
#8407=EDGE_LOOP('',(#3277,#3278,#3279,#3280));
#8408=EDGE_LOOP('',(#3281,#3282,#3283,#3284,#3285,#3286,#3287,#3288,#3289,
#3290));
#8409=EDGE_LOOP('',(#3291,#3292,#3293,#3294));
#8410=EDGE_LOOP('',(#3295,#3296,#3297,#3298,#3299,#3300));
#8411=EDGE_LOOP('',(#3301,#3302,#3303,#3304));
#8412=EDGE_LOOP('',(#3305,#3306,#3307,#3308));
#8413=EDGE_LOOP('',(#3309,#3310,#3311,#3312));
#8414=EDGE_LOOP('',(#3313,#3314,#3315,#3316));
#8415=EDGE_LOOP('',(#3317));
#8416=EDGE_LOOP('',(#3318));
#8417=EDGE_LOOP('',(#3319));
#8418=EDGE_LOOP('',(#3320));
#8419=EDGE_LOOP('',(#3321));
#8420=EDGE_LOOP('',(#3322));
#8421=EDGE_LOOP('',(#3323));
#8422=EDGE_LOOP('',(#3324));
#8423=EDGE_LOOP('',(#3325));
#8424=EDGE_LOOP('',(#3326));
#8425=EDGE_LOOP('',(#3327));
#8426=EDGE_LOOP('',(#3328));
#8427=EDGE_LOOP('',(#3329));
#8428=EDGE_LOOP('',(#3330));
#8429=EDGE_LOOP('',(#3331));
#8430=EDGE_LOOP('',(#3332));
#8431=EDGE_LOOP('',(#3333));
#8432=EDGE_LOOP('',(#3334));
#8433=EDGE_LOOP('',(#3335));
#8434=EDGE_LOOP('',(#3336));
#8435=EDGE_LOOP('',(#3337));
#8436=EDGE_LOOP('',(#3338));
#8437=EDGE_LOOP('',(#3339));
#8438=EDGE_LOOP('',(#3340));
#8439=EDGE_LOOP('',(#3341));
#8440=EDGE_LOOP('',(#3342));
#8441=EDGE_LOOP('',(#3343));
#8442=EDGE_LOOP('',(#3344));
#8443=EDGE_LOOP('',(#3345));
#8444=EDGE_LOOP('',(#3346));
#8445=EDGE_LOOP('',(#3347));
#8446=EDGE_LOOP('',(#3348));
#8447=EDGE_LOOP('',(#3349));
#8448=EDGE_LOOP('',(#3350));
#8449=EDGE_LOOP('',(#3351));
#8450=EDGE_LOOP('',(#3352));
#8451=EDGE_LOOP('',(#3353,#3354,#3355,#3356));
#8452=EDGE_LOOP('',(#3357,#3358,#3359,#3360,#3361,#3362));
#8453=EDGE_LOOP('',(#3363,#3364,#3365,#3366,#3367,#3368));
#8454=EDGE_LOOP('',(#3369,#3370,#3371,#3372,#3373,#3374));
#8455=EDGE_LOOP('',(#3375,#3376,#3377,#3378,#3379,#3380));
#8456=EDGE_LOOP('',(#3381,#3382,#3383,#3384));
#8457=EDGE_LOOP('',(#3385,#3386,#3387,#3388));
#8458=EDGE_LOOP('',(#3389,#3390,#3391,#3392,#3393,#3394));
#8459=EDGE_LOOP('',(#3395,#3396,#3397,#3398,#3399,#3400));
#8460=EDGE_LOOP('',(#3401,#3402,#3403,#3404,#3405,#3406));
#8461=EDGE_LOOP('',(#3407,#3408,#3409,#3410,#3411,#3412));
#8462=EDGE_LOOP('',(#3413,#3414,#3415,#3416));
#8463=EDGE_LOOP('',(#3417));
#8464=EDGE_LOOP('',(#3418));
#8465=EDGE_LOOP('',(#3419));
#8466=EDGE_LOOP('',(#3420));
#8467=EDGE_LOOP('',(#3421));
#8468=EDGE_LOOP('',(#3422));
#8469=EDGE_LOOP('',(#3423));
#8470=EDGE_LOOP('',(#3424));
#8471=EDGE_LOOP('',(#3425,#3426,#3427,#3428,#3429));
#8472=EDGE_LOOP('',(#3430,#3431,#3432,#3433,#3434));
#8473=EDGE_LOOP('',(#3435,#3436,#3437,#3438));
#8474=EDGE_LOOP('',(#3439,#3440,#3441,#3442,#3443));
#8475=EDGE_LOOP('',(#3444,#3445,#3446,#3447,#3448));
#8476=EDGE_LOOP('',(#3449,#3450,#3451,#3452));
#8477=EDGE_LOOP('',(#3453,#3454,#3455,#3456));
#8478=EDGE_LOOP('',(#3457,#3458,#3459,#3460,#3461,#3462));
#8479=EDGE_LOOP('',(#3463,#3464,#3465,#3466));
#8480=EDGE_LOOP('',(#3467,#3468,#3469,#3470,#3471,#3472));
#8481=EDGE_LOOP('',(#3473,#3474,#3475,#3476));
#8482=EDGE_LOOP('',(#3477,#3478,#3479,#3480));
#8483=EDGE_LOOP('',(#3481,#3482,#3483,#3484));
#8484=EDGE_LOOP('',(#3485,#3486,#3487,#3488));
#8485=EDGE_LOOP('',(#3489,#3490,#3491,#3492));
#8486=EDGE_LOOP('',(#3493,#3494,#3495,#3496));
#8487=EDGE_LOOP('',(#3497,#3498,#3499,#3500));
#8488=EDGE_LOOP('',(#3501,#3502,#3503,#3504));
#8489=EDGE_LOOP('',(#3505,#3506,#3507,#3508));
#8490=EDGE_LOOP('',(#3509,#3510,#3511,#3512));
#8491=EDGE_LOOP('',(#3513));
#8492=EDGE_LOOP('',(#3514,#3515,#3516,#3517));
#8493=EDGE_LOOP('',(#3518,#3519,#3520,#3521));
#8494=EDGE_LOOP('',(#3522));
#8495=EDGE_LOOP('',(#3523));
#8496=EDGE_LOOP('',(#3524));
#8497=EDGE_LOOP('',(#3525,#3526,#3527,#3528));
#8498=EDGE_LOOP('',(#3529,#3530,#3531,#3532));
#8499=EDGE_LOOP('',(#3533,#3534,#3535,#3536));
#8500=EDGE_LOOP('',(#3537,#3538,#3539,#3540));
#8501=EDGE_LOOP('',(#3541));
#8502=EDGE_LOOP('',(#3542,#3543,#3544,#3545));
#8503=EDGE_LOOP('',(#3546,#3547,#3548,#3549));
#8504=EDGE_LOOP('',(#3550));
#8505=EDGE_LOOP('',(#3551));
#8506=EDGE_LOOP('',(#3552));
#8507=FACE_BOUND('',#7803,.T.);
#8508=FACE_BOUND('',#7804,.T.);
#8509=FACE_BOUND('',#7805,.T.);
#8510=FACE_BOUND('',#7806,.T.);
#8511=FACE_BOUND('',#7807,.T.);
#8512=FACE_BOUND('',#7808,.T.);
#8513=FACE_BOUND('',#7809,.T.);
#8514=FACE_BOUND('',#7810,.T.);
#8515=FACE_BOUND('',#7811,.T.);
#8516=FACE_BOUND('',#7812,.T.);
#8517=FACE_BOUND('',#7813,.T.);
#8518=FACE_BOUND('',#7814,.T.);
#8519=FACE_BOUND('',#7815,.T.);
#8520=FACE_BOUND('',#7816,.T.);
#8521=FACE_BOUND('',#7817,.T.);
#8522=FACE_BOUND('',#7818,.T.);
#8523=FACE_BOUND('',#7819,.T.);
#8524=FACE_BOUND('',#7820,.T.);
#8525=FACE_BOUND('',#7821,.T.);
#8526=FACE_BOUND('',#7822,.T.);
#8527=FACE_BOUND('',#7823,.T.);
#8528=FACE_BOUND('',#7824,.T.);
#8529=FACE_BOUND('',#7825,.T.);
#8530=FACE_BOUND('',#7826,.T.);
#8531=FACE_BOUND('',#7827,.T.);
#8532=FACE_BOUND('',#7828,.T.);
#8533=FACE_BOUND('',#7829,.T.);
#8534=FACE_BOUND('',#7830,.T.);
#8535=FACE_BOUND('',#7831,.T.);
#8536=FACE_BOUND('',#7832,.T.);
#8537=FACE_BOUND('',#7833,.T.);
#8538=FACE_BOUND('',#7834,.T.);
#8539=FACE_BOUND('',#7835,.T.);
#8540=FACE_BOUND('',#7836,.T.);
#8541=FACE_BOUND('',#7837,.T.);
#8542=FACE_BOUND('',#7838,.T.);
#8543=FACE_BOUND('',#7839,.T.);
#8544=FACE_BOUND('',#7840,.T.);
#8545=FACE_BOUND('',#7841,.T.);
#8546=FACE_BOUND('',#7842,.T.);
#8547=FACE_BOUND('',#7843,.T.);
#8548=FACE_BOUND('',#7844,.T.);
#8549=FACE_BOUND('',#7845,.T.);
#8550=FACE_BOUND('',#7846,.T.);
#8551=FACE_BOUND('',#7847,.T.);
#8552=FACE_BOUND('',#7848,.T.);
#8553=FACE_BOUND('',#7849,.T.);
#8554=FACE_BOUND('',#7850,.T.);
#8555=FACE_BOUND('',#7851,.T.);
#8556=FACE_BOUND('',#7852,.T.);
#8557=FACE_BOUND('',#7853,.T.);
#8558=FACE_BOUND('',#7854,.T.);
#8559=FACE_BOUND('',#7855,.T.);
#8560=FACE_BOUND('',#7856,.T.);
#8561=FACE_BOUND('',#7857,.T.);
#8562=FACE_BOUND('',#7858,.T.);
#8563=FACE_BOUND('',#7859,.T.);
#8564=FACE_BOUND('',#7860,.T.);
#8565=FACE_BOUND('',#7861,.T.);
#8566=FACE_BOUND('',#7862,.T.);
#8567=FACE_BOUND('',#7863,.T.);
#8568=FACE_BOUND('',#7864,.T.);
#8569=FACE_BOUND('',#7865,.T.);
#8570=FACE_BOUND('',#7866,.T.);
#8571=FACE_BOUND('',#7867,.T.);
#8572=FACE_BOUND('',#7868,.T.);
#8573=FACE_BOUND('',#7869,.T.);
#8574=FACE_BOUND('',#7870,.T.);
#8575=FACE_BOUND('',#7871,.T.);
#8576=FACE_BOUND('',#7872,.T.);
#8577=FACE_BOUND('',#7873,.T.);
#8578=FACE_BOUND('',#7874,.T.);
#8579=FACE_BOUND('',#7875,.T.);
#8580=FACE_BOUND('',#7876,.T.);
#8581=FACE_BOUND('',#7877,.T.);
#8582=FACE_BOUND('',#7878,.T.);
#8583=FACE_BOUND('',#7879,.T.);
#8584=FACE_BOUND('',#7880,.T.);
#8585=FACE_BOUND('',#7881,.T.);
#8586=FACE_BOUND('',#7882,.T.);
#8587=FACE_BOUND('',#7883,.T.);
#8588=FACE_BOUND('',#7884,.T.);
#8589=FACE_BOUND('',#7885,.T.);
#8590=FACE_BOUND('',#7886,.T.);
#8591=FACE_BOUND('',#7887,.T.);
#8592=FACE_BOUND('',#7888,.T.);
#8593=FACE_BOUND('',#7889,.T.);
#8594=FACE_BOUND('',#7890,.T.);
#8595=FACE_BOUND('',#7891,.T.);
#8596=FACE_BOUND('',#7892,.T.);
#8597=FACE_BOUND('',#7893,.T.);
#8598=FACE_BOUND('',#7894,.T.);
#8599=FACE_BOUND('',#7895,.T.);
#8600=FACE_BOUND('',#7896,.T.);
#8601=FACE_BOUND('',#7897,.T.);
#8602=FACE_BOUND('',#7898,.T.);
#8603=FACE_BOUND('',#7899,.T.);
#8604=FACE_BOUND('',#7900,.T.);
#8605=FACE_BOUND('',#7901,.T.);
#8606=FACE_BOUND('',#7902,.T.);
#8607=FACE_BOUND('',#7903,.T.);
#8608=FACE_BOUND('',#7904,.T.);
#8609=FACE_BOUND('',#7905,.T.);
#8610=FACE_BOUND('',#7906,.T.);
#8611=FACE_BOUND('',#7907,.T.);
#8612=FACE_BOUND('',#7908,.T.);
#8613=FACE_BOUND('',#7909,.T.);
#8614=FACE_BOUND('',#7910,.T.);
#8615=FACE_BOUND('',#7911,.T.);
#8616=FACE_BOUND('',#7912,.T.);
#8617=FACE_BOUND('',#7913,.T.);
#8618=FACE_BOUND('',#7914,.T.);
#8619=FACE_BOUND('',#7915,.T.);
#8620=FACE_BOUND('',#7916,.T.);
#8621=FACE_BOUND('',#7917,.T.);
#8622=FACE_BOUND('',#7918,.T.);
#8623=FACE_BOUND('',#7919,.T.);
#8624=FACE_BOUND('',#7920,.T.);
#8625=FACE_BOUND('',#7921,.T.);
#8626=FACE_BOUND('',#7922,.T.);
#8627=FACE_BOUND('',#7923,.T.);
#8628=FACE_BOUND('',#7924,.T.);
#8629=FACE_BOUND('',#7925,.T.);
#8630=FACE_BOUND('',#7926,.T.);
#8631=FACE_BOUND('',#7927,.T.);
#8632=FACE_BOUND('',#7928,.T.);
#8633=FACE_BOUND('',#7929,.T.);
#8634=FACE_BOUND('',#7930,.T.);
#8635=FACE_BOUND('',#7931,.T.);
#8636=FACE_BOUND('',#7932,.T.);
#8637=FACE_BOUND('',#7933,.T.);
#8638=FACE_BOUND('',#7934,.T.);
#8639=FACE_BOUND('',#7935,.T.);
#8640=FACE_BOUND('',#7936,.T.);
#8641=FACE_BOUND('',#7937,.T.);
#8642=FACE_BOUND('',#7938,.T.);
#8643=FACE_BOUND('',#7939,.T.);
#8644=FACE_BOUND('',#7940,.T.);
#8645=FACE_BOUND('',#7941,.T.);
#8646=FACE_BOUND('',#7942,.T.);
#8647=FACE_BOUND('',#7943,.T.);
#8648=FACE_BOUND('',#7944,.T.);
#8649=FACE_BOUND('',#7945,.T.);
#8650=FACE_BOUND('',#7946,.T.);
#8651=FACE_BOUND('',#7947,.T.);
#8652=FACE_BOUND('',#7948,.T.);
#8653=FACE_BOUND('',#7949,.T.);
#8654=FACE_BOUND('',#7950,.T.);
#8655=FACE_BOUND('',#7951,.T.);
#8656=FACE_BOUND('',#7952,.T.);
#8657=FACE_BOUND('',#7953,.T.);
#8658=FACE_BOUND('',#7954,.T.);
#8659=FACE_BOUND('',#7955,.T.);
#8660=FACE_BOUND('',#7956,.T.);
#8661=FACE_BOUND('',#7957,.T.);
#8662=FACE_BOUND('',#7958,.T.);
#8663=FACE_BOUND('',#7959,.T.);
#8664=FACE_BOUND('',#7960,.T.);
#8665=FACE_BOUND('',#7961,.T.);
#8666=FACE_BOUND('',#7962,.T.);
#8667=FACE_BOUND('',#7963,.T.);
#8668=FACE_BOUND('',#7964,.T.);
#8669=FACE_BOUND('',#7965,.T.);
#8670=FACE_BOUND('',#7966,.T.);
#8671=FACE_BOUND('',#7967,.T.);
#8672=FACE_BOUND('',#7968,.T.);
#8673=FACE_BOUND('',#7969,.T.);
#8674=FACE_BOUND('',#7970,.T.);
#8675=FACE_BOUND('',#7971,.T.);
#8676=FACE_BOUND('',#7972,.T.);
#8677=FACE_BOUND('',#7973,.T.);
#8678=FACE_BOUND('',#7974,.T.);
#8679=FACE_BOUND('',#7975,.T.);
#8680=FACE_BOUND('',#7976,.T.);
#8681=FACE_BOUND('',#7977,.T.);
#8682=FACE_BOUND('',#7978,.T.);
#8683=FACE_BOUND('',#7979,.T.);
#8684=FACE_BOUND('',#7980,.T.);
#8685=FACE_BOUND('',#7981,.T.);
#8686=FACE_BOUND('',#7982,.T.);
#8687=FACE_BOUND('',#7983,.T.);
#8688=FACE_BOUND('',#7984,.T.);
#8689=FACE_BOUND('',#7985,.T.);
#8690=FACE_BOUND('',#7986,.T.);
#8691=FACE_BOUND('',#7987,.T.);
#8692=FACE_BOUND('',#7988,.T.);
#8693=FACE_BOUND('',#7989,.T.);
#8694=FACE_BOUND('',#7990,.T.);
#8695=FACE_BOUND('',#7991,.T.);
#8696=FACE_BOUND('',#7992,.T.);
#8697=FACE_BOUND('',#7993,.T.);
#8698=FACE_BOUND('',#7994,.T.);
#8699=FACE_BOUND('',#7995,.T.);
#8700=FACE_BOUND('',#7996,.T.);
#8701=FACE_BOUND('',#7997,.T.);
#8702=FACE_BOUND('',#7998,.T.);
#8703=FACE_BOUND('',#7999,.T.);
#8704=FACE_BOUND('',#8000,.T.);
#8705=FACE_BOUND('',#8001,.T.);
#8706=FACE_BOUND('',#8002,.T.);
#8707=FACE_BOUND('',#8003,.T.);
#8708=FACE_BOUND('',#8004,.T.);
#8709=FACE_BOUND('',#8005,.T.);
#8710=FACE_BOUND('',#8006,.T.);
#8711=FACE_BOUND('',#8007,.T.);
#8712=FACE_BOUND('',#8008,.T.);
#8713=FACE_BOUND('',#8009,.T.);
#8714=FACE_BOUND('',#8010,.T.);
#8715=FACE_BOUND('',#8011,.T.);
#8716=FACE_BOUND('',#8012,.T.);
#8717=FACE_BOUND('',#8013,.T.);
#8718=FACE_BOUND('',#8014,.T.);
#8719=FACE_BOUND('',#8015,.T.);
#8720=FACE_BOUND('',#8016,.T.);
#8721=FACE_BOUND('',#8017,.T.);
#8722=FACE_BOUND('',#8018,.T.);
#8723=FACE_BOUND('',#8019,.T.);
#8724=FACE_BOUND('',#8020,.T.);
#8725=FACE_BOUND('',#8021,.T.);
#8726=FACE_BOUND('',#8022,.T.);
#8727=FACE_BOUND('',#8023,.T.);
#8728=FACE_BOUND('',#8024,.T.);
#8729=FACE_BOUND('',#8025,.T.);
#8730=FACE_BOUND('',#8026,.T.);
#8731=FACE_BOUND('',#8027,.T.);
#8732=FACE_BOUND('',#8028,.T.);
#8733=FACE_BOUND('',#8029,.T.);
#8734=FACE_BOUND('',#8030,.T.);
#8735=FACE_BOUND('',#8031,.T.);
#8736=FACE_BOUND('',#8032,.T.);
#8737=FACE_BOUND('',#8033,.T.);
#8738=FACE_BOUND('',#8034,.T.);
#8739=FACE_BOUND('',#8035,.T.);
#8740=FACE_BOUND('',#8036,.T.);
#8741=FACE_BOUND('',#8037,.T.);
#8742=FACE_BOUND('',#8038,.T.);
#8743=FACE_BOUND('',#8039,.T.);
#8744=FACE_BOUND('',#8040,.T.);
#8745=FACE_BOUND('',#8041,.T.);
#8746=FACE_BOUND('',#8042,.T.);
#8747=FACE_BOUND('',#8043,.T.);
#8748=FACE_BOUND('',#8044,.T.);
#8749=FACE_BOUND('',#8045,.T.);
#8750=FACE_BOUND('',#8046,.T.);
#8751=FACE_BOUND('',#8047,.T.);
#8752=FACE_BOUND('',#8048,.T.);
#8753=FACE_BOUND('',#8049,.T.);
#8754=FACE_BOUND('',#8050,.T.);
#8755=FACE_BOUND('',#8051,.T.);
#8756=FACE_BOUND('',#8052,.T.);
#8757=FACE_BOUND('',#8053,.T.);
#8758=FACE_BOUND('',#8054,.T.);
#8759=FACE_BOUND('',#8055,.T.);
#8760=FACE_BOUND('',#8056,.T.);
#8761=FACE_BOUND('',#8057,.T.);
#8762=FACE_BOUND('',#8058,.T.);
#8763=FACE_BOUND('',#8059,.T.);
#8764=FACE_BOUND('',#8060,.T.);
#8765=FACE_BOUND('',#8061,.T.);
#8766=FACE_BOUND('',#8062,.T.);
#8767=FACE_BOUND('',#8063,.T.);
#8768=FACE_BOUND('',#8064,.T.);
#8769=FACE_BOUND('',#8065,.T.);
#8770=FACE_BOUND('',#8066,.T.);
#8771=FACE_BOUND('',#8067,.T.);
#8772=FACE_BOUND('',#8068,.T.);
#8773=FACE_BOUND('',#8069,.T.);
#8774=FACE_BOUND('',#8070,.T.);
#8775=FACE_BOUND('',#8071,.T.);
#8776=FACE_BOUND('',#8072,.T.);
#8777=FACE_BOUND('',#8073,.T.);
#8778=FACE_BOUND('',#8074,.T.);
#8779=FACE_BOUND('',#8075,.T.);
#8780=FACE_BOUND('',#8076,.T.);
#8781=FACE_BOUND('',#8077,.T.);
#8782=FACE_BOUND('',#8078,.T.);
#8783=FACE_BOUND('',#8079,.T.);
#8784=FACE_BOUND('',#8080,.T.);
#8785=FACE_BOUND('',#8081,.T.);
#8786=FACE_BOUND('',#8082,.T.);
#8787=FACE_BOUND('',#8083,.T.);
#8788=FACE_BOUND('',#8084,.T.);
#8789=FACE_BOUND('',#8085,.T.);
#8790=FACE_BOUND('',#8086,.T.);
#8791=FACE_BOUND('',#8087,.T.);
#8792=FACE_BOUND('',#8088,.T.);
#8793=FACE_BOUND('',#8089,.T.);
#8794=FACE_BOUND('',#8090,.T.);
#8795=FACE_BOUND('',#8091,.T.);
#8796=FACE_BOUND('',#8092,.T.);
#8797=FACE_BOUND('',#8093,.T.);
#8798=FACE_BOUND('',#8094,.T.);
#8799=FACE_BOUND('',#8095,.T.);
#8800=FACE_BOUND('',#8096,.T.);
#8801=FACE_BOUND('',#8097,.T.);
#8802=FACE_BOUND('',#8098,.T.);
#8803=FACE_BOUND('',#8099,.T.);
#8804=FACE_BOUND('',#8100,.T.);
#8805=FACE_BOUND('',#8101,.T.);
#8806=FACE_BOUND('',#8102,.T.);
#8807=FACE_BOUND('',#8103,.T.);
#8808=FACE_BOUND('',#8104,.T.);
#8809=FACE_BOUND('',#8105,.T.);
#8810=FACE_BOUND('',#8106,.T.);
#8811=FACE_BOUND('',#8107,.T.);
#8812=FACE_BOUND('',#8108,.T.);
#8813=FACE_BOUND('',#8109,.T.);
#8814=FACE_BOUND('',#8110,.T.);
#8815=FACE_BOUND('',#8111,.T.);
#8816=FACE_BOUND('',#8112,.T.);
#8817=FACE_BOUND('',#8113,.T.);
#8818=FACE_BOUND('',#8114,.T.);
#8819=FACE_BOUND('',#8115,.T.);
#8820=FACE_BOUND('',#8116,.T.);
#8821=FACE_BOUND('',#8117,.T.);
#8822=FACE_BOUND('',#8118,.T.);
#8823=FACE_BOUND('',#8119,.T.);
#8824=FACE_BOUND('',#8120,.T.);
#8825=FACE_BOUND('',#8121,.T.);
#8826=FACE_BOUND('',#8122,.T.);
#8827=FACE_BOUND('',#8123,.T.);
#8828=FACE_BOUND('',#8124,.T.);
#8829=FACE_BOUND('',#8125,.T.);
#8830=FACE_BOUND('',#8126,.T.);
#8831=FACE_BOUND('',#8127,.T.);
#8832=FACE_BOUND('',#8128,.T.);
#8833=FACE_BOUND('',#8129,.T.);
#8834=FACE_BOUND('',#8130,.T.);
#8835=FACE_BOUND('',#8131,.T.);
#8836=FACE_BOUND('',#8132,.T.);
#8837=FACE_BOUND('',#8133,.T.);
#8838=FACE_BOUND('',#8134,.T.);
#8839=FACE_BOUND('',#8135,.T.);
#8840=FACE_BOUND('',#8136,.T.);
#8841=FACE_BOUND('',#8137,.T.);
#8842=FACE_BOUND('',#8138,.T.);
#8843=FACE_BOUND('',#8139,.T.);
#8844=FACE_BOUND('',#8140,.T.);
#8845=FACE_BOUND('',#8141,.T.);
#8846=FACE_BOUND('',#8142,.T.);
#8847=FACE_BOUND('',#8143,.T.);
#8848=FACE_BOUND('',#8144,.T.);
#8849=FACE_BOUND('',#8145,.T.);
#8850=FACE_BOUND('',#8146,.T.);
#8851=FACE_BOUND('',#8147,.T.);
#8852=FACE_BOUND('',#8148,.T.);
#8853=FACE_BOUND('',#8149,.T.);
#8854=FACE_BOUND('',#8150,.T.);
#8855=FACE_BOUND('',#8151,.T.);
#8856=FACE_BOUND('',#8152,.T.);
#8857=FACE_BOUND('',#8153,.T.);
#8858=FACE_BOUND('',#8154,.T.);
#8859=FACE_BOUND('',#8155,.T.);
#8860=FACE_BOUND('',#8156,.T.);
#8861=FACE_BOUND('',#8157,.T.);
#8862=FACE_BOUND('',#8158,.T.);
#8863=FACE_BOUND('',#8159,.T.);
#8864=FACE_BOUND('',#8160,.T.);
#8865=FACE_BOUND('',#8161,.T.);
#8866=FACE_BOUND('',#8162,.T.);
#8867=FACE_BOUND('',#8163,.T.);
#8868=FACE_BOUND('',#8164,.T.);
#8869=FACE_BOUND('',#8165,.T.);
#8870=FACE_BOUND('',#8166,.T.);
#8871=FACE_BOUND('',#8167,.T.);
#8872=FACE_BOUND('',#8168,.T.);
#8873=FACE_BOUND('',#8169,.T.);
#8874=FACE_BOUND('',#8170,.T.);
#8875=FACE_BOUND('',#8171,.T.);
#8876=FACE_BOUND('',#8172,.T.);
#8877=FACE_BOUND('',#8173,.T.);
#8878=FACE_BOUND('',#8174,.T.);
#8879=FACE_BOUND('',#8175,.T.);
#8880=FACE_BOUND('',#8176,.T.);
#8881=FACE_BOUND('',#8177,.T.);
#8882=FACE_BOUND('',#8178,.T.);
#8883=FACE_BOUND('',#8179,.T.);
#8884=FACE_BOUND('',#8180,.T.);
#8885=FACE_BOUND('',#8181,.T.);
#8886=FACE_BOUND('',#8182,.T.);
#8887=FACE_BOUND('',#8183,.T.);
#8888=FACE_BOUND('',#8184,.T.);
#8889=FACE_BOUND('',#8185,.T.);
#8890=FACE_BOUND('',#8186,.T.);
#8891=FACE_BOUND('',#8187,.T.);
#8892=FACE_BOUND('',#8188,.T.);
#8893=FACE_BOUND('',#8189,.T.);
#8894=FACE_BOUND('',#8190,.T.);
#8895=FACE_BOUND('',#8191,.T.);
#8896=FACE_BOUND('',#8192,.T.);
#8897=FACE_BOUND('',#8193,.T.);
#8898=FACE_BOUND('',#8194,.T.);
#8899=FACE_BOUND('',#8195,.T.);
#8900=FACE_BOUND('',#8196,.T.);
#8901=FACE_BOUND('',#8197,.T.);
#8902=FACE_BOUND('',#8198,.T.);
#8903=FACE_BOUND('',#8199,.T.);
#8904=FACE_BOUND('',#8200,.T.);
#8905=FACE_BOUND('',#8201,.T.);
#8906=FACE_BOUND('',#8202,.T.);
#8907=FACE_BOUND('',#8203,.T.);
#8908=FACE_BOUND('',#8204,.T.);
#8909=FACE_BOUND('',#8205,.T.);
#8910=FACE_BOUND('',#8206,.T.);
#8911=FACE_BOUND('',#8207,.T.);
#8912=FACE_BOUND('',#8208,.T.);
#8913=FACE_BOUND('',#8209,.T.);
#8914=FACE_BOUND('',#8210,.T.);
#8915=FACE_BOUND('',#8211,.T.);
#8916=FACE_BOUND('',#8212,.T.);
#8917=FACE_BOUND('',#8213,.T.);
#8918=FACE_BOUND('',#8214,.T.);
#8919=FACE_BOUND('',#8215,.T.);
#8920=FACE_BOUND('',#8216,.T.);
#8921=FACE_BOUND('',#8217,.T.);
#8922=FACE_BOUND('',#8218,.T.);
#8923=FACE_BOUND('',#8219,.T.);
#8924=FACE_BOUND('',#8220,.T.);
#8925=FACE_BOUND('',#8221,.T.);
#8926=FACE_BOUND('',#8222,.T.);
#8927=FACE_BOUND('',#8223,.T.);
#8928=FACE_BOUND('',#8224,.T.);
#8929=FACE_BOUND('',#8225,.T.);
#8930=FACE_BOUND('',#8226,.T.);
#8931=FACE_BOUND('',#8227,.T.);
#8932=FACE_BOUND('',#8228,.T.);
#8933=FACE_BOUND('',#8229,.T.);
#8934=FACE_BOUND('',#8230,.T.);
#8935=FACE_BOUND('',#8231,.T.);
#8936=FACE_BOUND('',#8232,.T.);
#8937=FACE_BOUND('',#8233,.T.);
#8938=FACE_BOUND('',#8234,.T.);
#8939=FACE_BOUND('',#8235,.T.);
#8940=FACE_BOUND('',#8236,.T.);
#8941=FACE_BOUND('',#8237,.T.);
#8942=FACE_BOUND('',#8238,.T.);
#8943=FACE_BOUND('',#8239,.T.);
#8944=FACE_BOUND('',#8240,.T.);
#8945=FACE_BOUND('',#8241,.T.);
#8946=FACE_BOUND('',#8242,.T.);
#8947=FACE_BOUND('',#8243,.T.);
#8948=FACE_BOUND('',#8244,.T.);
#8949=FACE_BOUND('',#8245,.T.);
#8950=FACE_BOUND('',#8246,.T.);
#8951=FACE_BOUND('',#8247,.T.);
#8952=FACE_BOUND('',#8248,.T.);
#8953=FACE_BOUND('',#8249,.T.);
#8954=FACE_BOUND('',#8250,.T.);
#8955=FACE_BOUND('',#8251,.T.);
#8956=FACE_BOUND('',#8252,.T.);
#8957=FACE_BOUND('',#8253,.T.);
#8958=FACE_BOUND('',#8254,.T.);
#8959=FACE_BOUND('',#8255,.T.);
#8960=FACE_BOUND('',#8256,.T.);
#8961=FACE_BOUND('',#8257,.T.);
#8962=FACE_BOUND('',#8258,.T.);
#8963=FACE_BOUND('',#8259,.T.);
#8964=FACE_BOUND('',#8260,.T.);
#8965=FACE_BOUND('',#8261,.T.);
#8966=FACE_BOUND('',#8262,.T.);
#8967=FACE_BOUND('',#8263,.T.);
#8968=FACE_BOUND('',#8264,.T.);
#8969=FACE_BOUND('',#8265,.T.);
#8970=FACE_BOUND('',#8266,.T.);
#8971=FACE_BOUND('',#8267,.T.);
#8972=FACE_BOUND('',#8268,.T.);
#8973=FACE_BOUND('',#8269,.T.);
#8974=FACE_BOUND('',#8270,.T.);
#8975=FACE_BOUND('',#8271,.T.);
#8976=FACE_BOUND('',#8272,.T.);
#8977=FACE_BOUND('',#8273,.T.);
#8978=FACE_BOUND('',#8274,.T.);
#8979=FACE_BOUND('',#8275,.T.);
#8980=FACE_BOUND('',#8276,.T.);
#8981=FACE_BOUND('',#8277,.T.);
#8982=FACE_BOUND('',#8278,.T.);
#8983=FACE_BOUND('',#8279,.T.);
#8984=FACE_BOUND('',#8280,.T.);
#8985=FACE_BOUND('',#8281,.T.);
#8986=FACE_BOUND('',#8282,.T.);
#8987=FACE_BOUND('',#8283,.T.);
#8988=FACE_BOUND('',#8284,.T.);
#8989=FACE_BOUND('',#8285,.T.);
#8990=FACE_BOUND('',#8286,.T.);
#8991=FACE_BOUND('',#8287,.T.);
#8992=FACE_BOUND('',#8288,.T.);
#8993=FACE_BOUND('',#8289,.T.);
#8994=FACE_BOUND('',#8290,.T.);
#8995=FACE_BOUND('',#8291,.T.);
#8996=FACE_BOUND('',#8292,.T.);
#8997=FACE_BOUND('',#8293,.T.);
#8998=FACE_BOUND('',#8294,.T.);
#8999=FACE_BOUND('',#8295,.T.);
#9000=FACE_BOUND('',#8296,.T.);
#9001=FACE_BOUND('',#8297,.T.);
#9002=FACE_BOUND('',#8298,.T.);
#9003=FACE_BOUND('',#8299,.T.);
#9004=FACE_BOUND('',#8300,.T.);
#9005=FACE_BOUND('',#8301,.T.);
#9006=FACE_BOUND('',#8302,.T.);
#9007=FACE_BOUND('',#8303,.T.);
#9008=FACE_BOUND('',#8304,.T.);
#9009=FACE_BOUND('',#8305,.T.);
#9010=FACE_BOUND('',#8306,.T.);
#9011=FACE_BOUND('',#8307,.T.);
#9012=FACE_BOUND('',#8308,.T.);
#9013=FACE_BOUND('',#8309,.T.);
#9014=FACE_BOUND('',#8310,.T.);
#9015=FACE_BOUND('',#8311,.T.);
#9016=FACE_BOUND('',#8312,.T.);
#9017=FACE_BOUND('',#8313,.T.);
#9018=FACE_BOUND('',#8314,.T.);
#9019=FACE_BOUND('',#8315,.T.);
#9020=FACE_BOUND('',#8316,.T.);
#9021=FACE_BOUND('',#8317,.T.);
#9022=FACE_BOUND('',#8318,.T.);
#9023=FACE_BOUND('',#8319,.T.);
#9024=FACE_BOUND('',#8320,.T.);
#9025=FACE_BOUND('',#8321,.T.);
#9026=FACE_BOUND('',#8322,.T.);
#9027=FACE_BOUND('',#8323,.T.);
#9028=FACE_BOUND('',#8324,.T.);
#9029=FACE_BOUND('',#8325,.T.);
#9030=FACE_BOUND('',#8326,.T.);
#9031=FACE_BOUND('',#8327,.T.);
#9032=FACE_BOUND('',#8328,.T.);
#9033=FACE_BOUND('',#8329,.T.);
#9034=FACE_BOUND('',#8330,.T.);
#9035=FACE_BOUND('',#8331,.T.);
#9036=FACE_BOUND('',#8332,.T.);
#9037=FACE_BOUND('',#8333,.T.);
#9038=FACE_BOUND('',#8334,.T.);
#9039=FACE_BOUND('',#8335,.T.);
#9040=FACE_BOUND('',#8336,.T.);
#9041=FACE_BOUND('',#8337,.T.);
#9042=FACE_BOUND('',#8338,.T.);
#9043=FACE_BOUND('',#8339,.T.);
#9044=FACE_BOUND('',#8340,.T.);
#9045=FACE_BOUND('',#8341,.T.);
#9046=FACE_BOUND('',#8342,.T.);
#9047=FACE_BOUND('',#8343,.T.);
#9048=FACE_BOUND('',#8344,.T.);
#9049=FACE_BOUND('',#8345,.T.);
#9050=FACE_BOUND('',#8346,.T.);
#9051=FACE_BOUND('',#8347,.T.);
#9052=FACE_BOUND('',#8348,.T.);
#9053=FACE_BOUND('',#8349,.T.);
#9054=FACE_BOUND('',#8350,.T.);
#9055=FACE_BOUND('',#8351,.T.);
#9056=FACE_BOUND('',#8352,.T.);
#9057=FACE_BOUND('',#8353,.T.);
#9058=FACE_BOUND('',#8354,.T.);
#9059=FACE_BOUND('',#8355,.T.);
#9060=FACE_BOUND('',#8356,.T.);
#9061=FACE_BOUND('',#8357,.T.);
#9062=FACE_BOUND('',#8358,.T.);
#9063=FACE_BOUND('',#8359,.T.);
#9064=FACE_BOUND('',#8360,.T.);
#9065=FACE_BOUND('',#8361,.T.);
#9066=FACE_BOUND('',#8362,.T.);
#9067=FACE_BOUND('',#8363,.T.);
#9068=FACE_BOUND('',#8364,.T.);
#9069=FACE_BOUND('',#8365,.T.);
#9070=FACE_BOUND('',#8366,.T.);
#9071=FACE_BOUND('',#8367,.T.);
#9072=FACE_BOUND('',#8368,.T.);
#9073=FACE_BOUND('',#8369,.T.);
#9074=FACE_BOUND('',#8370,.T.);
#9075=FACE_BOUND('',#8371,.T.);
#9076=FACE_BOUND('',#8372,.T.);
#9077=FACE_BOUND('',#8373,.T.);
#9078=FACE_BOUND('',#8374,.T.);
#9079=FACE_BOUND('',#8375,.T.);
#9080=FACE_BOUND('',#8376,.T.);
#9081=FACE_BOUND('',#8377,.T.);
#9082=FACE_BOUND('',#8378,.T.);
#9083=FACE_BOUND('',#8379,.T.);
#9084=FACE_BOUND('',#8380,.T.);
#9085=FACE_BOUND('',#8381,.T.);
#9086=FACE_BOUND('',#8382,.T.);
#9087=FACE_BOUND('',#8383,.T.);
#9088=FACE_BOUND('',#8384,.T.);
#9089=FACE_BOUND('',#8385,.T.);
#9090=FACE_BOUND('',#8386,.T.);
#9091=FACE_BOUND('',#8387,.T.);
#9092=FACE_BOUND('',#8388,.T.);
#9093=FACE_BOUND('',#8389,.T.);
#9094=FACE_BOUND('',#8390,.T.);
#9095=FACE_BOUND('',#8391,.T.);
#9096=FACE_BOUND('',#8392,.T.);
#9097=FACE_BOUND('',#8393,.T.);
#9098=FACE_BOUND('',#8394,.T.);
#9099=FACE_BOUND('',#8395,.T.);
#9100=FACE_BOUND('',#8396,.T.);
#9101=FACE_BOUND('',#8397,.T.);
#9102=FACE_BOUND('',#8398,.T.);
#9103=FACE_BOUND('',#8399,.T.);
#9104=FACE_BOUND('',#8400,.T.);
#9105=FACE_BOUND('',#8401,.T.);
#9106=FACE_BOUND('',#8402,.T.);
#9107=FACE_BOUND('',#8403,.T.);
#9108=FACE_BOUND('',#8404,.T.);
#9109=FACE_BOUND('',#8405,.T.);
#9110=FACE_BOUND('',#8406,.T.);
#9111=FACE_BOUND('',#8407,.T.);
#9112=FACE_BOUND('',#8408,.T.);
#9113=FACE_BOUND('',#8409,.T.);
#9114=FACE_BOUND('',#8410,.T.);
#9115=FACE_BOUND('',#8411,.T.);
#9116=FACE_BOUND('',#8412,.T.);
#9117=FACE_BOUND('',#8413,.T.);
#9118=FACE_BOUND('',#8414,.T.);
#9119=FACE_BOUND('',#8415,.T.);
#9120=FACE_BOUND('',#8416,.T.);
#9121=FACE_BOUND('',#8417,.T.);
#9122=FACE_BOUND('',#8418,.T.);
#9123=FACE_BOUND('',#8419,.T.);
#9124=FACE_BOUND('',#8420,.T.);
#9125=FACE_BOUND('',#8421,.T.);
#9126=FACE_BOUND('',#8422,.T.);
#9127=FACE_BOUND('',#8423,.T.);
#9128=FACE_BOUND('',#8424,.T.);
#9129=FACE_BOUND('',#8425,.T.);
#9130=FACE_BOUND('',#8426,.T.);
#9131=FACE_BOUND('',#8427,.T.);
#9132=FACE_BOUND('',#8428,.T.);
#9133=FACE_BOUND('',#8429,.T.);
#9134=FACE_BOUND('',#8430,.T.);
#9135=FACE_BOUND('',#8431,.T.);
#9136=FACE_BOUND('',#8432,.T.);
#9137=FACE_BOUND('',#8433,.T.);
#9138=FACE_BOUND('',#8434,.T.);
#9139=FACE_BOUND('',#8435,.T.);
#9140=FACE_BOUND('',#8436,.T.);
#9141=FACE_BOUND('',#8437,.T.);
#9142=FACE_BOUND('',#8438,.T.);
#9143=FACE_BOUND('',#8439,.T.);
#9144=FACE_BOUND('',#8440,.T.);
#9145=FACE_BOUND('',#8441,.T.);
#9146=FACE_BOUND('',#8442,.T.);
#9147=FACE_BOUND('',#8443,.T.);
#9148=FACE_BOUND('',#8444,.T.);
#9149=FACE_BOUND('',#8445,.T.);
#9150=FACE_BOUND('',#8446,.T.);
#9151=FACE_BOUND('',#8447,.T.);
#9152=FACE_BOUND('',#8448,.T.);
#9153=FACE_BOUND('',#8449,.T.);
#9154=FACE_BOUND('',#8450,.T.);
#9155=FACE_BOUND('',#8451,.T.);
#9156=FACE_BOUND('',#8452,.T.);
#9157=FACE_BOUND('',#8453,.T.);
#9158=FACE_BOUND('',#8454,.T.);
#9159=FACE_BOUND('',#8455,.T.);
#9160=FACE_BOUND('',#8456,.T.);
#9161=FACE_BOUND('',#8457,.T.);
#9162=FACE_BOUND('',#8458,.T.);
#9163=FACE_BOUND('',#8459,.T.);
#9164=FACE_BOUND('',#8460,.T.);
#9165=FACE_BOUND('',#8461,.T.);
#9166=FACE_BOUND('',#8462,.T.);
#9167=FACE_BOUND('',#8463,.T.);
#9168=FACE_BOUND('',#8464,.T.);
#9169=FACE_BOUND('',#8465,.T.);
#9170=FACE_BOUND('',#8466,.T.);
#9171=FACE_BOUND('',#8467,.T.);
#9172=FACE_BOUND('',#8468,.T.);
#9173=FACE_BOUND('',#8469,.T.);
#9174=FACE_BOUND('',#8470,.T.);
#9175=FACE_BOUND('',#8471,.T.);
#9176=FACE_BOUND('',#8472,.T.);
#9177=FACE_BOUND('',#8473,.T.);
#9178=FACE_BOUND('',#8474,.T.);
#9179=FACE_BOUND('',#8475,.T.);
#9180=FACE_BOUND('',#8476,.T.);
#9181=FACE_BOUND('',#8477,.T.);
#9182=FACE_BOUND('',#8478,.T.);
#9183=FACE_BOUND('',#8479,.T.);
#9184=FACE_BOUND('',#8480,.T.);
#9185=FACE_BOUND('',#8481,.T.);
#9186=FACE_BOUND('',#8482,.T.);
#9187=FACE_BOUND('',#8483,.T.);
#9188=FACE_BOUND('',#8484,.T.);
#9189=FACE_BOUND('',#8485,.T.);
#9190=FACE_BOUND('',#8486,.T.);
#9191=FACE_BOUND('',#8487,.T.);
#9192=FACE_BOUND('',#8488,.T.);
#9193=FACE_BOUND('',#8489,.T.);
#9194=FACE_BOUND('',#8490,.T.);
#9195=FACE_BOUND('',#8491,.T.);
#9196=FACE_BOUND('',#8492,.T.);
#9197=FACE_BOUND('',#8493,.T.);
#9198=FACE_BOUND('',#8494,.T.);
#9199=FACE_BOUND('',#8495,.T.);
#9200=FACE_BOUND('',#8496,.T.);
#9201=FACE_BOUND('',#8497,.T.);
#9202=FACE_BOUND('',#8498,.T.);
#9203=FACE_BOUND('',#8499,.T.);
#9204=FACE_BOUND('',#8500,.T.);
#9205=FACE_BOUND('',#8501,.T.);
#9206=FACE_BOUND('',#8502,.T.);
#9207=FACE_BOUND('',#8503,.T.);
#9208=FACE_BOUND('',#8504,.T.);
#9209=FACE_BOUND('',#8505,.T.);
#9210=FACE_BOUND('',#8506,.T.);
#9211=PLANE('',#10380);
#9212=PLANE('',#10381);
#9213=PLANE('',#10382);
#9214=PLANE('',#10383);
#9215=PLANE('',#10384);
#9216=PLANE('',#10385);
#9217=PLANE('',#10386);
#9218=PLANE('',#10387);
#9219=PLANE('',#10388);
#9220=PLANE('',#10389);
#9221=PLANE('',#10390);
#9222=PLANE('',#10391);
#9223=PLANE('',#10392);
#9224=PLANE('',#10393);
#9225=PLANE('',#10394);
#9226=PLANE('',#10395);
#9227=PLANE('',#10396);
#9228=PLANE('',#10397);
#9229=PLANE('',#10398);
#9230=PLANE('',#10399);
#9231=PLANE('',#10400);
#9232=PLANE('',#10403);
#9233=PLANE('',#10404);
#9234=PLANE('',#10405);
#9235=PLANE('',#10406);
#9236=PLANE('',#10407);
#9237=PLANE('',#10408);
#9238=PLANE('',#10409);
#9239=PLANE('',#10410);
#9240=PLANE('',#10411);
#9241=PLANE('',#10412);
#9242=PLANE('',#10413);
#9243=PLANE('',#10414);
#9244=PLANE('',#10415);
#9245=PLANE('',#10416);
#9246=PLANE('',#10417);
#9247=PLANE('',#10418);
#9248=PLANE('',#10419);
#9249=PLANE('',#10420);
#9250=PLANE('',#10421);
#9251=PLANE('',#10422);
#9252=PLANE('',#10423);
#9253=PLANE('',#10424);
#9254=PLANE('',#10425);
#9255=PLANE('',#10426);
#9256=PLANE('',#10427);
#9257=PLANE('',#10428);
#9258=PLANE('',#10429);
#9259=PLANE('',#10430);
#9260=PLANE('',#10431);
#9261=PLANE('',#10432);
#9262=PLANE('',#10433);
#9263=PLANE('',#10434);
#9264=PLANE('',#10435);
#9265=PLANE('',#10436);
#9266=PLANE('',#10437);
#9267=PLANE('',#10438);
#9268=PLANE('',#10449);
#9269=PLANE('',#10452);
#9270=PLANE('',#10453);
#9271=PLANE('',#10454);
#9272=PLANE('',#10457);
#9273=PLANE('',#10460);
#9274=PLANE('',#10461);
#9275=PLANE('',#10462);
#9276=PLANE('',#10463);
#9277=PLANE('',#10464);
#9278=PLANE('',#10465);
#9279=PLANE('',#10466);
#9280=PLANE('',#10467);
#9281=PLANE('',#10468);
#9282=PLANE('',#10469);
#9283=PLANE('',#10470);
#9284=PLANE('',#10471);
#9285=PLANE('',#10472);
#9286=PLANE('',#10473);
#9287=PLANE('',#10474);
#9288=PLANE('',#10475);
#9289=PLANE('',#10476);
#9290=PLANE('',#10477);
#9291=PLANE('',#10478);
#9292=PLANE('',#10479);
#9293=PLANE('',#10480);
#9294=PLANE('',#10481);
#9295=PLANE('',#10482);
#9296=PLANE('',#10483);
#9297=PLANE('',#10484);
#9298=PLANE('',#10485);
#9299=PLANE('',#10486);
#9300=PLANE('',#10487);
#9301=PLANE('',#10488);
#9302=PLANE('',#10489);
#9303=PLANE('',#10490);
#9304=PLANE('',#10513);
#9305=PLANE('',#10520);
#9306=PLANE('',#10524);
#9307=PLANE('',#10528);
#9308=PLANE('',#10529);
#9309=PLANE('',#10530);
#9310=PLANE('',#10531);
#9311=PLANE('',#10532);
#9312=PLANE('',#10544);
#9313=PLANE('',#10545);
#9314=PLANE('',#10546);
#9315=PLANE('',#10555);
#9316=PLANE('',#10556);
#9317=PLANE('',#10557);
#9318=PLANE('',#10566);
#9319=PLANE('',#10567);
#9320=PLANE('',#10568);
#9321=PLANE('',#10581);
#9322=PLANE('',#10582);
#9323=PLANE('',#10583);
#9324=PLANE('',#10604);
#9325=PLANE('',#10605);
#9326=PLANE('',#10606);
#9327=PLANE('',#10607);
#9328=PLANE('',#10608);
#9329=PLANE('',#10609);
#9330=PLANE('',#10610);
#9331=PLANE('',#10611);
#9332=PLANE('',#10612);
#9333=PLANE('',#10613);
#9334=PLANE('',#10614);
#9335=PLANE('',#10618);
#9336=PLANE('',#10619);
#9337=PLANE('',#10621);
#9338=PLANE('',#10624);
#9339=PLANE('',#10627);
#9340=PLANE('',#10628);
#9341=PLANE('',#10629);
#9342=PLANE('',#10630);
#9343=PLANE('',#10631);
#9344=PLANE('',#10634);
#9345=PLANE('',#10637);
#9346=PLANE('',#10638);
#9347=PLANE('',#10639);
#9348=PLANE('',#10643);
#9349=PLANE('',#10644);
#9350=PLANE('',#10648);
#9351=PLANE('',#10649);
#9352=PLANE('',#10650);
#9353=PLANE('',#10651);
#9354=PLANE('',#10660);
#9355=PLANE('',#10661);
#9356=PLANE('',#10663);
#9357=PLANE('',#10665);
#9358=PLANE('',#10666);
#9359=PLANE('',#10668);
#9360=PLANE('',#10669);
#9361=PLANE('',#10670);
#9362=PLANE('',#10671);
#9363=PLANE('',#10672);
#9364=PLANE('',#10673);
#9365=PLANE('',#10674);
#9366=PLANE('',#10677);
#9367=PLANE('',#10678);
#9368=PLANE('',#10679);
#9369=PLANE('',#10680);
#9370=PLANE('',#10681);
#9371=PLANE('',#10682);
#9372=PLANE('',#10683);
#9373=PLANE('',#10684);
#9374=PLANE('',#10685);
#9375=PLANE('',#10689);
#9376=PLANE('',#10690);
#9377=PLANE('',#10692);
#9378=PLANE('',#10693);
#9379=PLANE('',#10696);
#9380=PLANE('',#10697);
#9381=PLANE('',#10698);
#9382=PLANE('',#10699);
#9383=PLANE('',#10700);
#9384=PLANE('',#10701);
#9385=PLANE('',#10702);
#9386=PLANE('',#10703);
#9387=PLANE('',#10704);
#9388=PLANE('',#10705);
#9389=PLANE('',#10706);
#9390=PLANE('',#10707);
#9391=PLANE('',#10708);
#9392=PLANE('',#10709);
#9393=PLANE('',#10710);
#9394=PLANE('',#10711);
#9395=PLANE('',#10712);
#9396=PLANE('',#10716);
#9397=PLANE('',#10721);
#9398=PLANE('',#10723);
#9399=PLANE('',#10724);
#9400=PLANE('',#10725);
#9401=PLANE('',#10726);
#9402=PLANE('',#10728);
#9403=PLANE('',#10729);
#9404=PLANE('',#10730);
#9405=PLANE('',#10731);
#9406=PLANE('',#10732);
#9407=PLANE('',#10733);
#9408=PLANE('',#10734);
#9409=PLANE('',#10764);
#9410=PLANE('',#10765);
#9411=PLANE('',#10766);
#9412=PLANE('',#10767);
#9413=PLANE('',#10768);
#9414=PLANE('',#10770);
#9415=PLANE('',#10773);
#9416=PLANE('',#10775);
#9417=PLANE('',#10776);
#9418=PLANE('',#10777);
#9419=PLANE('',#10778);
#9420=PLANE('',#10779);
#9421=PLANE('',#10781);
#9422=PLANE('',#10784);
#9423=PLANE('',#10787);
#9424=PLANE('',#10790);
#9425=PLANE('',#10793);
#9426=PLANE('',#10796);
#9427=PLANE('',#10809);
#9428=PLANE('',#10811);
#9429=PLANE('',#10815);
#9430=PLANE('',#10819);
#9431=PLANE('',#10820);
#9432=PLANE('',#10821);
#9433=PLANE('',#10822);
#9434=PLANE('',#10823);
#9435=PLANE('',#10835);
#9436=PLANE('',#10836);
#9437=PLANE('',#10837);
#9438=PLANE('',#10846);
#9439=PLANE('',#10847);
#9440=PLANE('',#10848);
#9441=PLANE('',#10857);
#9442=PLANE('',#10858);
#9443=PLANE('',#10859);
#9444=PLANE('',#10872);
#9445=PLANE('',#10873);
#9446=PLANE('',#10874);
#9447=PLANE('',#10885);
#9448=PLANE('',#10896);
#9449=PLANE('',#10899);
#9450=PLANE('',#10902);
#9451=PLANE('',#10905);
#9452=PLANE('',#10918);
#9453=PLANE('',#10920);
#9454=PLANE('',#10924);
#9455=PLANE('',#10928);
#9456=PLANE('',#10929);
#9457=PLANE('',#10930);
#9458=PLANE('',#10931);
#9459=PLANE('',#10932);
#9460=PLANE('',#10944);
#9461=PLANE('',#10945);
#9462=PLANE('',#10946);
#9463=PLANE('',#10955);
#9464=PLANE('',#10956);
#9465=PLANE('',#10957);
#9466=PLANE('',#10966);
#9467=PLANE('',#10967);
#9468=PLANE('',#10968);
#9469=PLANE('',#10981);
#9470=PLANE('',#10982);
#9471=PLANE('',#10983);
#9472=PLANE('',#10994);
#9473=PLANE('',#11010);
#9474=PLANE('',#11017);
#9475=PLANE('',#11021);
#9476=PLANE('',#11025);
#9477=PLANE('',#11026);
#9478=PLANE('',#11027);
#9479=PLANE('',#11028);
#9480=PLANE('',#11029);
#9481=PLANE('',#11041);
#9482=PLANE('',#11042);
#9483=PLANE('',#11043);
#9484=PLANE('',#11052);
#9485=PLANE('',#11053);
#9486=PLANE('',#11054);
#9487=PLANE('',#11063);
#9488=PLANE('',#11064);
#9489=PLANE('',#11065);
#9490=PLANE('',#11078);
#9491=PLANE('',#11079);
#9492=PLANE('',#11080);
#9493=PLANE('',#11093);
#9494=PLANE('',#11094);
#9495=PLANE('',#11095);
#9496=PLANE('',#11102);
#9497=PLANE('',#11103);
#9498=PLANE('',#11104);
#9499=PLANE('',#11105);
#9500=PLANE('',#11106);
#9501=PLANE('',#11107);
#9502=PLANE('',#11108);
#9503=PLANE('',#11115);
#9504=PLANE('',#11116);
#9505=PLANE('',#11117);
#9506=PLANE('',#11118);
#9507=PLANE('',#11119);
#9508=PLANE('',#11120);
#9509=PLANE('',#11125);
#9510=PLANE('',#11126);
#9511=PLANE('',#11127);
#9512=PLANE('',#11128);
#9513=PLANE('',#11131);
#9514=PLANE('',#11132);
#9515=PLANE('',#11133);
#9516=PLANE('',#11134);
#9517=PLANE('',#11135);
#9518=PLANE('',#11136);
#9519=PLANE('',#11137);
#9520=PLANE('',#11138);
#9521=PLANE('',#11139);
#9522=PLANE('',#11140);
#9523=PLANE('',#11141);
#9524=PLANE('',#11142);
#9525=PLANE('',#11143);
#9526=PLANE('',#11144);
#9527=PLANE('',#11145);
#9528=PLANE('',#11146);
#9529=PLANE('',#11147);
#9530=PLANE('',#11148);
#9531=PLANE('',#11149);
#9532=PLANE('',#11150);
#9533=PLANE('',#11151);
#9534=PLANE('',#11152);
#9535=PLANE('',#11153);
#9536=PLANE('',#11154);
#9537=PLANE('',#11155);
#9538=PLANE('',#11156);
#9539=PLANE('',#11157);
#9540=PLANE('',#11158);
#9541=PLANE('',#11159);
#9542=PLANE('',#11160);
#9543=PLANE('',#11163);
#9544=PLANE('',#11167);
#9545=PLANE('',#11171);
#9546=PLANE('',#11174);
#9547=PLANE('',#11175);
#9548=PLANE('',#11178);
#9549=PLANE('',#11183);
#9550=PLANE('',#11188);
#9551=PLANE('',#11191);
#9552=PLANE('',#11195);
#9553=PLANE('',#11199);
#9554=PLANE('',#11200);
#9555=PLANE('',#11201);
#9556=PLANE('',#11202);
#9557=PLANE('',#11203);
#9558=PLANE('',#11204);
#9559=PLANE('',#11205);
#9560=PLANE('',#11206);
#9561=PLANE('',#11207);
#9562=PLANE('',#11208);
#9563=PLANE('',#11209);
#9564=PLANE('',#11210);
#9565=PLANE('',#11215);
#9566=PLANE('',#11216);
#9567=PLANE('',#11217);
#9568=PLANE('',#11218);
#9569=PLANE('',#11219);
#9570=PLANE('',#11220);
#9571=PLANE('',#11221);
#9572=PLANE('',#11222);
#9573=PLANE('',#11223);
#9574=PLANE('',#11224);
#9575=PLANE('',#11225);
#9576=PLANE('',#11226);
#9577=PLANE('',#11227);
#9578=PLANE('',#11228);
#9579=PLANE('',#11229);
#9580=PLANE('',#11230);
#9581=PLANE('',#11232);
#9582=PLANE('',#11233);
#9583=PLANE('',#11234);
#9584=PLANE('',#11235);
#9585=PLANE('',#11236);
#9586=PLANE('',#11238);
#9587=PLANE('',#11241);
#9588=PLANE('',#11244);
#9589=PLANE('',#11245);
#9590=PLANE('',#11246);
#9591=PLANE('',#11247);
#9592=PLANE('',#11248);
#9593=PLANE('',#11250);
#9594=PLANE('',#11253);
#9595=ADVANCED_FACE('',(#8507),#9211,.T.);
#9596=ADVANCED_FACE('',(#8508),#9212,.T.);
#9597=ADVANCED_FACE('',(#8509),#9213,.T.);
#9598=ADVANCED_FACE('',(#8510),#9214,.T.);
#9599=ADVANCED_FACE('',(#8511),#9215,.T.);
#9600=ADVANCED_FACE('',(#8512),#9216,.F.);
#9601=ADVANCED_FACE('',(#8513),#9217,.F.);
#9602=ADVANCED_FACE('',(#8514),#9218,.F.);
#9603=ADVANCED_FACE('',(#8515),#9219,.T.);
#9604=ADVANCED_FACE('',(#8516),#9220,.F.);
#9605=ADVANCED_FACE('',(#8517),#9221,.F.);
#9606=ADVANCED_FACE('',(#8518),#9222,.F.);
#9607=ADVANCED_FACE('',(#8519),#9223,.T.);
#9608=ADVANCED_FACE('',(#8520),#9224,.T.);
#9609=ADVANCED_FACE('',(#8521),#9225,.F.);
#9610=ADVANCED_FACE('',(#8522),#9226,.T.);
#9611=ADVANCED_FACE('',(#8523),#9227,.F.);
#9612=ADVANCED_FACE('',(#8524),#9228,.F.);
#9613=ADVANCED_FACE('',(#8525),#9229,.T.);
#9614=ADVANCED_FACE('',(#8526),#9230,.T.);
#9615=ADVANCED_FACE('',(#8527,#8528,#8529,#8530,#8531,#8532),#9231,.T.);
#9616=ADVANCED_FACE('',(#8533),#9232,.T.);
#9617=ADVANCED_FACE('',(#8534),#9233,.F.);
#9618=ADVANCED_FACE('',(#8535),#9234,.F.);
#9619=ADVANCED_FACE('',(#8536),#9235,.F.);
#9620=ADVANCED_FACE('',(#8537),#9236,.T.);
#9621=ADVANCED_FACE('',(#8538),#9237,.F.);
#9622=ADVANCED_FACE('',(#8539),#9238,.F.);
#9623=ADVANCED_FACE('',(#8540),#9239,.F.);
#9624=ADVANCED_FACE('',(#8541),#9240,.T.);
#9625=ADVANCED_FACE('',(#8542),#9241,.T.);
#9626=ADVANCED_FACE('',(#8543),#9242,.F.);
#9627=ADVANCED_FACE('',(#8544),#9243,.T.);
#9628=ADVANCED_FACE('',(#8545),#9244,.F.);
#9629=ADVANCED_FACE('',(#8546),#9245,.F.);
#9630=ADVANCED_FACE('',(#8547),#9246,.T.);
#9631=ADVANCED_FACE('',(#8548),#9247,.T.);
#9632=ADVANCED_FACE('',(#8549),#9248,.T.);
#9633=ADVANCED_FACE('',(#8550),#9249,.F.);
#9634=ADVANCED_FACE('',(#8551),#9250,.F.);
#9635=ADVANCED_FACE('',(#8552),#9251,.T.);
#9636=ADVANCED_FACE('',(#8553),#9252,.F.);
#9637=ADVANCED_FACE('',(#8554),#9253,.T.);
#9638=ADVANCED_FACE('',(#8555),#9254,.T.);
#9639=ADVANCED_FACE('',(#8556),#9255,.F.);
#9640=ADVANCED_FACE('',(#8557),#9256,.F.);
#9641=ADVANCED_FACE('',(#8558),#9257,.T.);
#9642=ADVANCED_FACE('',(#8559),#9258,.F.);
#9643=ADVANCED_FACE('',(#8560),#9259,.T.);
#9644=ADVANCED_FACE('',(#8561),#9260,.T.);
#9645=ADVANCED_FACE('',(#8562),#9261,.F.);
#9646=ADVANCED_FACE('',(#8563),#9262,.F.);
#9647=ADVANCED_FACE('',(#8564),#9263,.T.);
#9648=ADVANCED_FACE('',(#8565),#9264,.F.);
#9649=ADVANCED_FACE('',(#8566),#9265,.T.);
#9650=ADVANCED_FACE('',(#8567),#9266,.T.);
#9651=ADVANCED_FACE('',(#8568,#8569,#8570,#8571,#8572,#8573,#8574),#9267,
 .F.);
#9652=ADVANCED_FACE('',(#8575,#8576),#330,.F.);
#9653=ADVANCED_FACE('',(#8577,#8578),#331,.F.);
#9654=ADVANCED_FACE('',(#8579,#8580),#332,.T.);
#9655=ADVANCED_FACE('',(#8581),#9268,.T.);
#9656=ADVANCED_FACE('',(#8582,#8583),#333,.T.);
#9657=ADVANCED_FACE('',(#8584),#9269,.T.);
#9658=ADVANCED_FACE('',(#8585),#9270,.T.);
#9659=ADVANCED_FACE('',(#8586),#9271,.T.);
#9660=ADVANCED_FACE('',(#8587,#8588),#334,.T.);
#9661=ADVANCED_FACE('',(#8589),#9272,.T.);
#9662=ADVANCED_FACE('',(#8590,#8591),#335,.T.);
#9663=ADVANCED_FACE('',(#8592),#9273,.T.);
#9664=ADVANCED_FACE('',(#8593),#9274,.T.);
#9665=ADVANCED_FACE('',(#8594),#9275,.T.);
#9666=ADVANCED_FACE('',(#8595),#9276,.F.);
#9667=ADVANCED_FACE('',(#8596),#9277,.F.);
#9668=ADVANCED_FACE('',(#8597),#9278,.T.);
#9669=ADVANCED_FACE('',(#8598),#9279,.T.);
#9670=ADVANCED_FACE('',(#8599),#9280,.F.);
#9671=ADVANCED_FACE('',(#8600),#9281,.T.);
#9672=ADVANCED_FACE('',(#8601),#9282,.F.);
#9673=ADVANCED_FACE('',(#8602),#9283,.F.);
#9674=ADVANCED_FACE('',(#8603),#9284,.T.);
#9675=ADVANCED_FACE('',(#8604),#9285,.T.);
#9676=ADVANCED_FACE('',(#8605),#9286,.T.);
#9677=ADVANCED_FACE('',(#8606),#9287,.F.);
#9678=ADVANCED_FACE('',(#8607),#9288,.T.);
#9679=ADVANCED_FACE('',(#8608),#9289,.T.);
#9680=ADVANCED_FACE('',(#8609),#9290,.F.);
#9681=ADVANCED_FACE('',(#8610),#9291,.T.);
#9682=ADVANCED_FACE('',(#8611),#9292,.T.);
#9683=ADVANCED_FACE('',(#8612),#9293,.T.);
#9684=ADVANCED_FACE('',(#8613),#9294,.T.);
#9685=ADVANCED_FACE('',(#8614),#9295,.T.);
#9686=ADVANCED_FACE('',(#8615),#9296,.F.);
#9687=ADVANCED_FACE('',(#8616),#9297,.T.);
#9688=ADVANCED_FACE('',(#8617),#9298,.F.);
#9689=ADVANCED_FACE('',(#8618),#9299,.T.);
#9690=ADVANCED_FACE('',(#8619),#9300,.T.);
#9691=ADVANCED_FACE('',(#8620),#9301,.T.);
#9692=ADVANCED_FACE('',(#8621),#9302,.T.);
#9693=ADVANCED_FACE('',(#8622),#9303,.F.);
#9694=ADVANCED_FACE('',(#8623,#8624),#336,.F.);
#9695=ADVANCED_FACE('',(#8625,#8626),#337,.T.);
#9696=ADVANCED_FACE('',(#8627,#8628),#178,.T.);
#9697=ADVANCED_FACE('',(#8629,#8630),#179,.T.);
#9698=ADVANCED_FACE('',(#8631,#8632),#338,.T.);
#9699=ADVANCED_FACE('',(#8633),#9304,.F.);
#9700=ADVANCED_FACE('',(#8634),#9305,.F.);
#9701=ADVANCED_FACE('',(#8635),#339,.F.);
#9702=ADVANCED_FACE('',(#8636),#9306,.T.);
#9703=ADVANCED_FACE('',(#8637),#340,.F.);
#9704=ADVANCED_FACE('',(#8638,#8639),#9307,.T.);
#9705=ADVANCED_FACE('',(#8640),#9308,.T.);
#9706=ADVANCED_FACE('',(#8641),#9309,.F.);
#9707=ADVANCED_FACE('',(#8642),#9310,.T.);
#9708=ADVANCED_FACE('',(#8643),#9311,.T.);
#9709=ADVANCED_FACE('',(#8644),#341,.T.);
#9710=ADVANCED_FACE('',(#8645),#342,.T.);
#9711=ADVANCED_FACE('',(#8646),#343,.T.);
#9712=ADVANCED_FACE('',(#8647),#344,.T.);
#9713=ADVANCED_FACE('',(#8648),#345,.F.);
#9714=ADVANCED_FACE('',(#8649),#346,.F.);
#9715=ADVANCED_FACE('',(#8650),#9312,.F.);
#9716=ADVANCED_FACE('',(#8651),#9313,.T.);
#9717=ADVANCED_FACE('',(#8652),#9314,.T.);
#9718=ADVANCED_FACE('',(#8653),#347,.T.);
#9719=ADVANCED_FACE('',(#8654),#348,.T.);
#9720=ADVANCED_FACE('',(#8655),#349,.T.);
#9721=ADVANCED_FACE('',(#8656),#350,.T.);
#9722=ADVANCED_FACE('',(#8657),#351,.F.);
#9723=ADVANCED_FACE('',(#8658),#9315,.F.);
#9724=ADVANCED_FACE('',(#8659),#9316,.T.);
#9725=ADVANCED_FACE('',(#8660),#9317,.T.);
#9726=ADVANCED_FACE('',(#8661),#352,.T.);
#9727=ADVANCED_FACE('',(#8662),#353,.T.);
#9728=ADVANCED_FACE('',(#8663),#354,.T.);
#9729=ADVANCED_FACE('',(#8664),#355,.T.);
#9730=ADVANCED_FACE('',(#8665),#356,.F.);
#9731=ADVANCED_FACE('',(#8666),#9318,.F.);
#9732=ADVANCED_FACE('',(#8667),#9319,.T.);
#9733=ADVANCED_FACE('',(#8668),#9320,.T.);
#9734=ADVANCED_FACE('',(#8669),#357,.T.);
#9735=ADVANCED_FACE('',(#8670),#358,.T.);
#9736=ADVANCED_FACE('',(#8671),#359,.T.);
#9737=ADVANCED_FACE('',(#8672),#360,.T.);
#9738=ADVANCED_FACE('',(#8673),#361,.T.);
#9739=ADVANCED_FACE('',(#8674),#362,.F.);
#9740=ADVANCED_FACE('',(#8675),#9321,.F.);
#9741=ADVANCED_FACE('',(#8676),#9322,.T.);
#9742=ADVANCED_FACE('',(#8677),#9323,.T.);
#9743=ADVANCED_FACE('',(#8678),#363,.T.);
#9744=ADVANCED_FACE('',(#8679),#364,.T.);
#9745=ADVANCED_FACE('',(#8680),#365,.T.);
#9746=ADVANCED_FACE('',(#8681),#366,.T.);
#9747=ADVANCED_FACE('',(#8682,#8683),#367,.T.);
#9748=ADVANCED_FACE('',(#8684,#8685),#180,.T.);
#9749=ADVANCED_FACE('',(#8686,#8687),#181,.T.);
#9750=ADVANCED_FACE('',(#8688,#8689),#368,.F.);
#9751=ADVANCED_FACE('',(#8690,#8691),#369,.T.);
#9752=ADVANCED_FACE('',(#8692,#8693),#182,.T.);
#9753=ADVANCED_FACE('',(#8694,#8695),#183,.T.);
#9754=ADVANCED_FACE('',(#8696),#9324,.T.);
#9755=ADVANCED_FACE('',(#8697),#9325,.F.);
#9756=ADVANCED_FACE('',(#8698),#9326,.F.);
#9757=ADVANCED_FACE('',(#8699),#9327,.F.);
#9758=ADVANCED_FACE('',(#8700),#9328,.T.);
#9759=ADVANCED_FACE('',(#8701),#9329,.F.);
#9760=ADVANCED_FACE('',(#8702),#9330,.F.);
#9761=ADVANCED_FACE('',(#8703),#9331,.F.);
#9762=ADVANCED_FACE('',(#8704),#9332,.F.);
#9763=ADVANCED_FACE('',(#8705),#9333,.F.);
#9764=ADVANCED_FACE('',(#8706),#9334,.F.);
#9765=ADVANCED_FACE('',(#8707,#8708),#370,.F.);
#9766=ADVANCED_FACE('',(#8709),#9335,.T.);
#9767=ADVANCED_FACE('',(#8710,#8711,#8712),#9336,.T.);
#9768=ADVANCED_FACE('',(#8713,#8714,#8715),#9337,.F.);
#9769=ADVANCED_FACE('',(#8716),#9338,.T.);
#9770=ADVANCED_FACE('',(#8717,#8718),#371,.T.);
#9771=ADVANCED_FACE('',(#8719),#9339,.T.);
#9772=ADVANCED_FACE('',(#8720),#9340,.T.);
#9773=ADVANCED_FACE('',(#8721),#9341,.T.);
#9774=ADVANCED_FACE('',(#8722),#9342,.F.);
#9775=ADVANCED_FACE('',(#8723),#9343,.F.);
#9776=ADVANCED_FACE('',(#8724,#8725),#372,.F.);
#9777=ADVANCED_FACE('',(#8726),#9344,.T.);
#9778=ADVANCED_FACE('',(#8727,#8728),#373,.T.);
#9779=ADVANCED_FACE('',(#8729),#9345,.T.);
#9780=ADVANCED_FACE('',(#8730),#9346,.T.);
#9781=ADVANCED_FACE('',(#8731),#9347,.F.);
#9782=ADVANCED_FACE('',(#8732),#9348,.T.);
#9783=ADVANCED_FACE('',(#8733),#9349,.F.);
#9784=ADVANCED_FACE('',(#8734),#9350,.T.);
#9785=ADVANCED_FACE('',(#8735),#9351,.T.);
#9786=ADVANCED_FACE('',(#8736),#9352,.T.);
#9787=ADVANCED_FACE('',(#8737),#9353,.T.);
#9788=ADVANCED_FACE('',(#8738),#374,.T.);
#9789=ADVANCED_FACE('',(#8739),#375,.T.);
#9790=ADVANCED_FACE('',(#8740),#376,.T.);
#9791=ADVANCED_FACE('',(#8741),#377,.T.);
#9792=ADVANCED_FACE('',(#8742),#9354,.T.);
#9793=ADVANCED_FACE('',(#8743),#9355,.T.);
#9794=ADVANCED_FACE('',(#8744),#9356,.F.);
#9795=ADVANCED_FACE('',(#8745),#9357,.F.);
#9796=ADVANCED_FACE('',(#8746),#9358,.T.);
#9797=ADVANCED_FACE('',(#8747),#378,.T.);
#9798=ADVANCED_FACE('',(#8748),#9359,.F.);
#9799=ADVANCED_FACE('',(#8749),#9360,.F.);
#9800=ADVANCED_FACE('',(#8750),#9361,.T.);
#9801=ADVANCED_FACE('',(#8751),#9362,.F.);
#9802=ADVANCED_FACE('',(#8752),#9363,.F.);
#9803=ADVANCED_FACE('',(#8753),#9364,.T.);
#9804=ADVANCED_FACE('',(#8754),#9365,.T.);
#9805=ADVANCED_FACE('',(#8755),#379,.T.);
#9806=ADVANCED_FACE('',(#8756),#9366,.F.);
#9807=ADVANCED_FACE('',(#8757),#9367,.F.);
#9808=ADVANCED_FACE('',(#8758),#9368,.F.);
#9809=ADVANCED_FACE('',(#8759),#9369,.F.);
#9810=ADVANCED_FACE('',(#8760),#9370,.F.);
#9811=ADVANCED_FACE('',(#8761),#9371,.T.);
#9812=ADVANCED_FACE('',(#8762),#9372,.F.);
#9813=ADVANCED_FACE('',(#8763),#9373,.F.);
#9814=ADVANCED_FACE('',(#8764),#9374,.F.);
#9815=ADVANCED_FACE('',(#8765,#8766),#380,.F.);
#9816=ADVANCED_FACE('',(#8767),#9375,.T.);
#9817=ADVANCED_FACE('',(#8768,#8769,#8770),#9376,.T.);
#9818=ADVANCED_FACE('',(#8771),#9377,.F.);
#9819=ADVANCED_FACE('',(#8772),#9378,.T.);
#9820=ADVANCED_FACE('',(#8773,#8774),#381,.T.);
#9821=ADVANCED_FACE('',(#8775),#9379,.T.);
#9822=ADVANCED_FACE('',(#8776),#9380,.F.);
#9823=ADVANCED_FACE('',(#8777),#9381,.T.);
#9824=ADVANCED_FACE('',(#8778),#9382,.T.);
#9825=ADVANCED_FACE('',(#8779),#9383,.F.);
#9826=ADVANCED_FACE('',(#8780),#9384,.F.);
#9827=ADVANCED_FACE('',(#8781),#9385,.F.);
#9828=ADVANCED_FACE('',(#8782),#9386,.T.);
#9829=ADVANCED_FACE('',(#8783),#9387,.F.);
#9830=ADVANCED_FACE('',(#8784),#9388,.T.);
#9831=ADVANCED_FACE('',(#8785),#9389,.F.);
#9832=ADVANCED_FACE('',(#8786),#9390,.T.);
#9833=ADVANCED_FACE('',(#8787),#9391,.F.);
#9834=ADVANCED_FACE('',(#8788),#9392,.T.);
#9835=ADVANCED_FACE('',(#8789),#9393,.T.);
#9836=ADVANCED_FACE('',(#8790),#9394,.T.);
#9837=ADVANCED_FACE('',(#8791),#9395,.F.);
#9838=ADVANCED_FACE('',(#8792),#9396,.T.);
#9839=ADVANCED_FACE('',(#8793),#382,.T.);
#9840=ADVANCED_FACE('',(#8794),#383,.T.);
#9841=ADVANCED_FACE('',(#8795),#9397,.F.);
#9842=ADVANCED_FACE('',(#8796),#9398,.F.);
#9843=ADVANCED_FACE('',(#8797),#9399,.T.);
#9844=ADVANCED_FACE('',(#8798),#9400,.T.);
#9845=ADVANCED_FACE('',(#8799),#9401,.T.);
#9846=ADVANCED_FACE('',(#8800),#384,.T.);
#9847=ADVANCED_FACE('',(#8801),#9402,.F.);
#9848=ADVANCED_FACE('',(#8802),#9403,.F.);
#9849=ADVANCED_FACE('',(#8803),#9404,.T.);
#9850=ADVANCED_FACE('',(#8804),#9405,.F.);
#9851=ADVANCED_FACE('',(#8805),#9406,.F.);
#9852=ADVANCED_FACE('',(#8806),#9407,.T.);
#9853=ADVANCED_FACE('',(#8807),#9408,.T.);
#9854=ADVANCED_FACE('',(#8808,#8809),#385,.F.);
#9855=ADVANCED_FACE('',(#8810,#8811),#386,.T.);
#9856=ADVANCED_FACE('',(#8812,#8813),#184,.T.);
#9857=ADVANCED_FACE('',(#8814,#8815),#185,.T.);
#9858=ADVANCED_FACE('',(#8816,#8817),#387,.F.);
#9859=ADVANCED_FACE('',(#8818,#8819),#388,.T.);
#9860=ADVANCED_FACE('',(#8820,#8821),#186,.T.);
#9861=ADVANCED_FACE('',(#8822,#8823),#187,.T.);
#9862=ADVANCED_FACE('',(#8824,#8825),#389,.F.);
#9863=ADVANCED_FACE('',(#8826,#8827),#390,.T.);
#9864=ADVANCED_FACE('',(#8828,#8829),#188,.T.);
#9865=ADVANCED_FACE('',(#8830,#8831),#189,.T.);
#9866=ADVANCED_FACE('',(#8832),#9409,.T.);
#9867=ADVANCED_FACE('',(#8833),#9410,.F.);
#9868=ADVANCED_FACE('',(#8834),#9411,.F.);
#9869=ADVANCED_FACE('',(#8835),#9412,.T.);
#9870=ADVANCED_FACE('',(#8836,#8837),#9413,.T.);
#9871=ADVANCED_FACE('',(#8838),#9414,.F.);
#9872=ADVANCED_FACE('',(#8839,#8840),#391,.T.);
#9873=ADVANCED_FACE('',(#8841),#9415,.T.);
#9874=ADVANCED_FACE('',(#8842),#9416,.T.);
#9875=ADVANCED_FACE('',(#8843),#9417,.F.);
#9876=ADVANCED_FACE('',(#8844),#9418,.F.);
#9877=ADVANCED_FACE('',(#8845),#9419,.T.);
#9878=ADVANCED_FACE('',(#8846,#8847),#9420,.T.);
#9879=ADVANCED_FACE('',(#8848),#9421,.F.);
#9880=ADVANCED_FACE('',(#8849,#8850),#392,.T.);
#9881=ADVANCED_FACE('',(#8851),#9422,.T.);
#9882=ADVANCED_FACE('',(#8852),#9423,.F.);
#9883=ADVANCED_FACE('',(#8853),#9424,.F.);
#9884=ADVANCED_FACE('',(#8854),#9425,.F.);
#9885=ADVANCED_FACE('',(#8855),#9426,.F.);
#9886=ADVANCED_FACE('',(#8856,#8857,#8858,#8859,#8860,#8861,#8862),#393,
 .T.);
#9887=ADVANCED_FACE('',(#8863),#9427,.F.);
#9888=ADVANCED_FACE('',(#8864),#9428,.F.);
#9889=ADVANCED_FACE('',(#8865),#394,.F.);
#9890=ADVANCED_FACE('',(#8866),#9429,.T.);
#9891=ADVANCED_FACE('',(#8867),#395,.F.);
#9892=ADVANCED_FACE('',(#8868,#8869),#9430,.T.);
#9893=ADVANCED_FACE('',(#8870),#9431,.T.);
#9894=ADVANCED_FACE('',(#8871),#9432,.F.);
#9895=ADVANCED_FACE('',(#8872),#9433,.T.);
#9896=ADVANCED_FACE('',(#8873),#9434,.T.);
#9897=ADVANCED_FACE('',(#8874),#396,.T.);
#9898=ADVANCED_FACE('',(#8875),#397,.T.);
#9899=ADVANCED_FACE('',(#8876),#398,.T.);
#9900=ADVANCED_FACE('',(#8877),#399,.T.);
#9901=ADVANCED_FACE('',(#8878),#400,.F.);
#9902=ADVANCED_FACE('',(#8879),#401,.F.);
#9903=ADVANCED_FACE('',(#8880),#9435,.F.);
#9904=ADVANCED_FACE('',(#8881),#9436,.T.);
#9905=ADVANCED_FACE('',(#8882),#9437,.T.);
#9906=ADVANCED_FACE('',(#8883),#402,.T.);
#9907=ADVANCED_FACE('',(#8884),#403,.T.);
#9908=ADVANCED_FACE('',(#8885),#404,.T.);
#9909=ADVANCED_FACE('',(#8886),#405,.T.);
#9910=ADVANCED_FACE('',(#8887),#406,.F.);
#9911=ADVANCED_FACE('',(#8888),#9438,.F.);
#9912=ADVANCED_FACE('',(#8889),#9439,.T.);
#9913=ADVANCED_FACE('',(#8890),#9440,.T.);
#9914=ADVANCED_FACE('',(#8891),#407,.T.);
#9915=ADVANCED_FACE('',(#8892),#408,.T.);
#9916=ADVANCED_FACE('',(#8893),#409,.T.);
#9917=ADVANCED_FACE('',(#8894),#410,.T.);
#9918=ADVANCED_FACE('',(#8895),#411,.F.);
#9919=ADVANCED_FACE('',(#8896),#9441,.F.);
#9920=ADVANCED_FACE('',(#8897),#9442,.T.);
#9921=ADVANCED_FACE('',(#8898),#9443,.T.);
#9922=ADVANCED_FACE('',(#8899),#412,.T.);
#9923=ADVANCED_FACE('',(#8900),#413,.T.);
#9924=ADVANCED_FACE('',(#8901),#414,.T.);
#9925=ADVANCED_FACE('',(#8902),#415,.T.);
#9926=ADVANCED_FACE('',(#8903),#416,.T.);
#9927=ADVANCED_FACE('',(#8904),#417,.F.);
#9928=ADVANCED_FACE('',(#8905),#9444,.F.);
#9929=ADVANCED_FACE('',(#8906),#9445,.T.);
#9930=ADVANCED_FACE('',(#8907),#9446,.T.);
#9931=ADVANCED_FACE('',(#8908),#418,.T.);
#9932=ADVANCED_FACE('',(#8909),#419,.T.);
#9933=ADVANCED_FACE('',(#8910),#420,.T.);
#9934=ADVANCED_FACE('',(#8911),#421,.T.);
#9935=ADVANCED_FACE('',(#8912,#8913),#422,.T.);
#9936=ADVANCED_FACE('',(#8914,#8915),#190,.T.);
#9937=ADVANCED_FACE('',(#8916,#8917),#191,.T.);
#9938=ADVANCED_FACE('',(#8918),#9447,.T.);
#9939=ADVANCED_FACE('',(#8919,#8920),#423,.F.);
#9940=ADVANCED_FACE('',(#8921,#8922),#424,.T.);
#9941=ADVANCED_FACE('',(#8923,#8924),#192,.T.);
#9942=ADVANCED_FACE('',(#8925,#8926),#193,.T.);
#9943=ADVANCED_FACE('',(#8927),#9448,.F.);
#9944=ADVANCED_FACE('',(#8928),#9449,.F.);
#9945=ADVANCED_FACE('',(#8929),#9450,.F.);
#9946=ADVANCED_FACE('',(#8930),#9451,.F.);
#9947=ADVANCED_FACE('',(#8931,#8932,#8933,#8934,#8935,#8936,#8937),#425,
 .T.);
#9948=ADVANCED_FACE('',(#8938),#9452,.F.);
#9949=ADVANCED_FACE('',(#8939),#9453,.F.);
#9950=ADVANCED_FACE('',(#8940),#426,.F.);
#9951=ADVANCED_FACE('',(#8941),#9454,.T.);
#9952=ADVANCED_FACE('',(#8942),#427,.F.);
#9953=ADVANCED_FACE('',(#8943,#8944),#9455,.T.);
#9954=ADVANCED_FACE('',(#8945),#9456,.T.);
#9955=ADVANCED_FACE('',(#8946),#9457,.F.);
#9956=ADVANCED_FACE('',(#8947),#9458,.T.);
#9957=ADVANCED_FACE('',(#8948),#9459,.T.);
#9958=ADVANCED_FACE('',(#8949),#428,.T.);
#9959=ADVANCED_FACE('',(#8950),#429,.T.);
#9960=ADVANCED_FACE('',(#8951),#430,.T.);
#9961=ADVANCED_FACE('',(#8952),#431,.T.);
#9962=ADVANCED_FACE('',(#8953),#432,.F.);
#9963=ADVANCED_FACE('',(#8954),#433,.F.);
#9964=ADVANCED_FACE('',(#8955),#9460,.F.);
#9965=ADVANCED_FACE('',(#8956),#9461,.T.);
#9966=ADVANCED_FACE('',(#8957),#9462,.T.);
#9967=ADVANCED_FACE('',(#8958),#434,.T.);
#9968=ADVANCED_FACE('',(#8959),#435,.T.);
#9969=ADVANCED_FACE('',(#8960),#436,.T.);
#9970=ADVANCED_FACE('',(#8961),#437,.T.);
#9971=ADVANCED_FACE('',(#8962),#438,.F.);
#9972=ADVANCED_FACE('',(#8963),#9463,.F.);
#9973=ADVANCED_FACE('',(#8964),#9464,.T.);
#9974=ADVANCED_FACE('',(#8965),#9465,.T.);
#9975=ADVANCED_FACE('',(#8966),#439,.T.);
#9976=ADVANCED_FACE('',(#8967),#440,.T.);
#9977=ADVANCED_FACE('',(#8968),#441,.T.);
#9978=ADVANCED_FACE('',(#8969),#442,.T.);
#9979=ADVANCED_FACE('',(#8970),#443,.F.);
#9980=ADVANCED_FACE('',(#8971),#9466,.F.);
#9981=ADVANCED_FACE('',(#8972),#9467,.T.);
#9982=ADVANCED_FACE('',(#8973),#9468,.T.);
#9983=ADVANCED_FACE('',(#8974),#444,.T.);
#9984=ADVANCED_FACE('',(#8975),#445,.T.);
#9985=ADVANCED_FACE('',(#8976),#446,.T.);
#9986=ADVANCED_FACE('',(#8977),#447,.T.);
#9987=ADVANCED_FACE('',(#8978),#448,.T.);
#9988=ADVANCED_FACE('',(#8979),#449,.F.);
#9989=ADVANCED_FACE('',(#8980),#9469,.F.);
#9990=ADVANCED_FACE('',(#8981),#9470,.T.);
#9991=ADVANCED_FACE('',(#8982),#9471,.T.);
#9992=ADVANCED_FACE('',(#8983),#450,.T.);
#9993=ADVANCED_FACE('',(#8984),#451,.T.);
#9994=ADVANCED_FACE('',(#8985),#452,.T.);
#9995=ADVANCED_FACE('',(#8986),#453,.T.);
#9996=ADVANCED_FACE('',(#8987,#8988),#454,.T.);
#9997=ADVANCED_FACE('',(#8989,#8990),#194,.T.);
#9998=ADVANCED_FACE('',(#8991,#8992),#195,.T.);
#9999=ADVANCED_FACE('',(#8993),#9472,.T.);
#10000=ADVANCED_FACE('',(#8994,#8995),#455,.T.);
#10001=ADVANCED_FACE('',(#8996),#9473,.F.);
#10002=ADVANCED_FACE('',(#8997),#9474,.F.);
#10003=ADVANCED_FACE('',(#8998),#456,.F.);
#10004=ADVANCED_FACE('',(#8999),#9475,.T.);
#10005=ADVANCED_FACE('',(#9000),#457,.F.);
#10006=ADVANCED_FACE('',(#9001,#9002),#9476,.T.);
#10007=ADVANCED_FACE('',(#9003),#9477,.T.);
#10008=ADVANCED_FACE('',(#9004),#9478,.F.);
#10009=ADVANCED_FACE('',(#9005),#9479,.T.);
#10010=ADVANCED_FACE('',(#9006),#9480,.T.);
#10011=ADVANCED_FACE('',(#9007),#458,.T.);
#10012=ADVANCED_FACE('',(#9008),#459,.T.);
#10013=ADVANCED_FACE('',(#9009),#460,.T.);
#10014=ADVANCED_FACE('',(#9010),#461,.T.);
#10015=ADVANCED_FACE('',(#9011),#462,.F.);
#10016=ADVANCED_FACE('',(#9012),#463,.F.);
#10017=ADVANCED_FACE('',(#9013),#9481,.F.);
#10018=ADVANCED_FACE('',(#9014),#9482,.T.);
#10019=ADVANCED_FACE('',(#9015),#9483,.T.);
#10020=ADVANCED_FACE('',(#9016),#464,.T.);
#10021=ADVANCED_FACE('',(#9017),#465,.T.);
#10022=ADVANCED_FACE('',(#9018),#466,.T.);
#10023=ADVANCED_FACE('',(#9019),#467,.T.);
#10024=ADVANCED_FACE('',(#9020),#468,.F.);
#10025=ADVANCED_FACE('',(#9021),#9484,.F.);
#10026=ADVANCED_FACE('',(#9022),#9485,.T.);
#10027=ADVANCED_FACE('',(#9023),#9486,.T.);
#10028=ADVANCED_FACE('',(#9024),#469,.T.);
#10029=ADVANCED_FACE('',(#9025),#470,.T.);
#10030=ADVANCED_FACE('',(#9026),#471,.T.);
#10031=ADVANCED_FACE('',(#9027),#472,.T.);
#10032=ADVANCED_FACE('',(#9028),#473,.F.);
#10033=ADVANCED_FACE('',(#9029),#9487,.F.);
#10034=ADVANCED_FACE('',(#9030),#9488,.T.);
#10035=ADVANCED_FACE('',(#9031),#9489,.T.);
#10036=ADVANCED_FACE('',(#9032),#474,.T.);
#10037=ADVANCED_FACE('',(#9033),#475,.T.);
#10038=ADVANCED_FACE('',(#9034),#476,.T.);
#10039=ADVANCED_FACE('',(#9035),#477,.T.);
#10040=ADVANCED_FACE('',(#9036),#478,.T.);
#10041=ADVANCED_FACE('',(#9037),#479,.F.);
#10042=ADVANCED_FACE('',(#9038),#9490,.F.);
#10043=ADVANCED_FACE('',(#9039),#9491,.T.);
#10044=ADVANCED_FACE('',(#9040),#9492,.T.);
#10045=ADVANCED_FACE('',(#9041),#480,.T.);
#10046=ADVANCED_FACE('',(#9042),#481,.T.);
#10047=ADVANCED_FACE('',(#9043),#482,.T.);
#10048=ADVANCED_FACE('',(#9044),#483,.T.);
#10049=ADVANCED_FACE('',(#9045,#9046),#484,.T.);
#10050=ADVANCED_FACE('',(#9047,#9048),#196,.T.);
#10051=ADVANCED_FACE('',(#9049,#9050),#197,.T.);
#10052=ADVANCED_FACE('',(#9051),#9493,.F.);
#10053=ADVANCED_FACE('',(#9052),#9494,.F.);
#10054=ADVANCED_FACE('',(#9053,#9054,#9055,#9056,#9057),#9495,.T.);
#10055=ADVANCED_FACE('',(#9058),#9496,.T.);
#10056=ADVANCED_FACE('',(#9059),#9497,.T.);
#10057=ADVANCED_FACE('',(#9060),#9498,.T.);
#10058=ADVANCED_FACE('',(#9061),#9499,.F.);
#10059=ADVANCED_FACE('',(#9062),#9500,.F.);
#10060=ADVANCED_FACE('',(#9063),#9501,.T.);
#10061=ADVANCED_FACE('',(#9064,#9065,#9066,#9067,#9068,#9069,#9070),#9502,
 .F.);
#10062=ADVANCED_FACE('',(#9071),#9503,.T.);
#10063=ADVANCED_FACE('',(#9072),#9504,.T.);
#10064=ADVANCED_FACE('',(#9073),#9505,.F.);
#10065=ADVANCED_FACE('',(#9074),#9506,.F.);
#10066=ADVANCED_FACE('',(#9075),#9507,.T.);
#10067=ADVANCED_FACE('',(#9076),#9508,.T.);
#10068=ADVANCED_FACE('',(#9077,#9078),#485,.F.);
#10069=ADVANCED_FACE('',(#9079,#9080),#486,.F.);
#10070=ADVANCED_FACE('',(#9081),#9509,.F.);
#10071=ADVANCED_FACE('',(#9082),#9510,.T.);
#10072=ADVANCED_FACE('',(#9083),#9511,.F.);
#10073=ADVANCED_FACE('',(#9084),#9512,.F.);
#10074=ADVANCED_FACE('',(#9085,#9086),#487,.F.);
#10075=ADVANCED_FACE('',(#9087,#9088),#488,.F.);
#10076=ADVANCED_FACE('',(#9089),#9513,.T.);
#10077=ADVANCED_FACE('',(#9090),#9514,.T.);
#10078=ADVANCED_FACE('',(#9091),#9515,.F.);
#10079=ADVANCED_FACE('',(#9092),#9516,.F.);
#10080=ADVANCED_FACE('',(#9093),#9517,.T.);
#10081=ADVANCED_FACE('',(#9094),#9518,.F.);
#10082=ADVANCED_FACE('',(#9095),#9519,.T.);
#10083=ADVANCED_FACE('',(#9096),#9520,.T.);
#10084=ADVANCED_FACE('',(#9097),#9521,.F.);
#10085=ADVANCED_FACE('',(#9098),#9522,.F.);
#10086=ADVANCED_FACE('',(#9099),#9523,.T.);
#10087=ADVANCED_FACE('',(#9100),#9524,.F.);
#10088=ADVANCED_FACE('',(#9101),#9525,.F.);
#10089=ADVANCED_FACE('',(#9102),#9526,.T.);
#10090=ADVANCED_FACE('',(#9103),#9527,.F.);
#10091=ADVANCED_FACE('',(#9104),#9528,.T.);
#10092=ADVANCED_FACE('',(#9105),#9529,.T.);
#10093=ADVANCED_FACE('',(#9106),#9530,.F.);
#10094=ADVANCED_FACE('',(#9107),#9531,.F.);
#10095=ADVANCED_FACE('',(#9108),#9532,.T.);
#10096=ADVANCED_FACE('',(#9109),#9533,.F.);
#10097=ADVANCED_FACE('',(#9110),#9534,.T.);
#10098=ADVANCED_FACE('',(#9111),#9535,.T.);
#10099=ADVANCED_FACE('',(#9112),#9536,.F.);
#10100=ADVANCED_FACE('',(#9113),#9537,.F.);
#10101=ADVANCED_FACE('',(#9114),#9538,.T.);
#10102=ADVANCED_FACE('',(#9115),#9539,.F.);
#10103=ADVANCED_FACE('',(#9116),#9540,.F.);
#10104=ADVANCED_FACE('',(#9117),#9541,.T.);
#10105=ADVANCED_FACE('',(#9118),#9542,.F.);
#10106=ADVANCED_FACE('',(#9119,#9120),#489,.T.);
#10107=ADVANCED_FACE('',(#9121,#9122),#9543,.T.);
#10108=ADVANCED_FACE('',(#9123,#9124),#490,.T.);
#10109=ADVANCED_FACE('',(#9125,#9126),#9544,.T.);
#10110=ADVANCED_FACE('',(#9127,#9128),#491,.T.);
#10111=ADVANCED_FACE('',(#9129,#9130),#9545,.T.);
#10112=ADVANCED_FACE('',(#9131,#9132),#492,.T.);
#10113=ADVANCED_FACE('',(#9133,#9134),#9546,.T.);
#10114=ADVANCED_FACE('',(#9135),#9547,.F.);
#10115=ADVANCED_FACE('',(#9136,#9137),#493,.F.);
#10116=ADVANCED_FACE('',(#9138),#9548,.F.);
#10117=ADVANCED_FACE('',(#9139,#9140),#494,.F.);
#10118=ADVANCED_FACE('',(#9141,#9142),#495,.T.);
#10119=ADVANCED_FACE('',(#9143,#9144),#9549,.T.);
#10120=ADVANCED_FACE('',(#9145,#9146),#496,.T.);
#10121=ADVANCED_FACE('',(#9147,#9148),#9550,.T.);
#10122=ADVANCED_FACE('',(#9149),#9551,.T.);
#10123=ADVANCED_FACE('',(#9150,#9151),#497,.T.);
#10124=ADVANCED_FACE('',(#9152),#9552,.T.);
#10125=ADVANCED_FACE('',(#9153,#9154),#498,.T.);
#10126=ADVANCED_FACE('',(#9155),#9553,.T.);
#10127=ADVANCED_FACE('',(#9156),#9554,.T.);
#10128=ADVANCED_FACE('',(#9157),#9555,.T.);
#10129=ADVANCED_FACE('',(#9158),#9556,.T.);
#10130=ADVANCED_FACE('',(#9159),#9557,.T.);
#10131=ADVANCED_FACE('',(#9160),#9558,.T.);
#10132=ADVANCED_FACE('',(#9161),#9559,.T.);
#10133=ADVANCED_FACE('',(#9162),#9560,.T.);
#10134=ADVANCED_FACE('',(#9163),#9561,.T.);
#10135=ADVANCED_FACE('',(#9164),#9562,.T.);
#10136=ADVANCED_FACE('',(#9165),#9563,.T.);
#10137=ADVANCED_FACE('',(#9166),#9564,.T.);
#10138=ADVANCED_FACE('',(#9167,#9168),#10,.T.);
#10139=ADVANCED_FACE('',(#9169,#9170),#11,.T.);
#10140=ADVANCED_FACE('',(#9171,#9172),#12,.T.);
#10141=ADVANCED_FACE('',(#9173,#9174),#13,.T.);
#10142=ADVANCED_FACE('',(#9175),#9565,.F.);
#10143=ADVANCED_FACE('',(#9176),#9566,.F.);
#10144=ADVANCED_FACE('',(#9177),#9567,.T.);
#10145=ADVANCED_FACE('',(#9178),#9568,.F.);
#10146=ADVANCED_FACE('',(#9179),#9569,.F.);
#10147=ADVANCED_FACE('',(#9180),#9570,.T.);
#10148=ADVANCED_FACE('',(#9181),#9571,.F.);
#10149=ADVANCED_FACE('',(#9182),#9572,.T.);
#10150=ADVANCED_FACE('',(#9183),#9573,.F.);
#10151=ADVANCED_FACE('',(#9184),#9574,.T.);
#10152=ADVANCED_FACE('',(#9185),#9575,.T.);
#10153=ADVANCED_FACE('',(#9186),#9576,.F.);
#10154=ADVANCED_FACE('',(#9187),#9577,.T.);
#10155=ADVANCED_FACE('',(#9188),#9578,.T.);
#10156=ADVANCED_FACE('',(#9189),#9579,.F.);
#10157=ADVANCED_FACE('',(#9190),#9580,.T.);
#10158=ADVANCED_FACE('',(#9191),#9581,.T.);
#10159=ADVANCED_FACE('',(#9192),#9582,.F.);
#10160=ADVANCED_FACE('',(#9193),#9583,.F.);
#10161=ADVANCED_FACE('',(#9194),#9584,.T.);
#10162=ADVANCED_FACE('',(#9195,#9196),#9585,.T.);
#10163=ADVANCED_FACE('',(#9197),#9586,.F.);
#10164=ADVANCED_FACE('',(#9198,#9199),#499,.T.);
#10165=ADVANCED_FACE('',(#9200),#9587,.T.);
#10166=ADVANCED_FACE('',(#9201),#9588,.T.);
#10167=ADVANCED_FACE('',(#9202),#9589,.F.);
#10168=ADVANCED_FACE('',(#9203),#9590,.F.);
#10169=ADVANCED_FACE('',(#9204),#9591,.T.);
#10170=ADVANCED_FACE('',(#9205,#9206),#9592,.T.);
#10171=ADVANCED_FACE('',(#9207),#9593,.F.);
#10172=ADVANCED_FACE('',(#9208,#9209),#500,.T.);
#10173=ADVANCED_FACE('',(#9210),#9594,.T.);
#10174=CLOSED_SHELL('',(#9595,#9596,#9597,#9598,#9599,#9600,#9601,#9602,
#9603,#9604,#9605,#9606,#9607,#9608,#9609,#9610,#9611,#9612,#9613,#9614,
#9615,#9616,#9617,#9618,#9619,#9620,#9621,#9622,#9623,#9624,#9625,#9626,
#9627,#9628,#9629,#9630,#9631,#9632,#9633,#9634,#9635,#9636,#9637,#9638,
#9639,#9640,#9641,#9642,#9643,#9644,#9645,#9646,#9647,#9648,#9649,#9650,
#9651,#9652,#9653,#9654,#9655,#9656,#9657,#9658,#9659,#9660,#9661,#9662,
#9663,#9664,#9665,#9666,#9667,#9668,#9669,#9670,#9671,#9672,#9673,#9674,
#9675,#9676,#9677,#9678,#9679,#9680,#9681,#9682,#9683,#9684,#9685,#9686,
#9687,#9688,#9689,#9690,#9691,#9692,#9693));
#10175=CLOSED_SHELL('',(#9694,#9695,#9696,#9697));
#10176=CLOSED_SHELL('',(#9698,#9699,#9700,#9701,#9702,#9703,#9704,#9705,
#9706,#9707,#9708,#9709,#9710,#9711,#9712,#9713,#9714,#9715,#9716,#9717,
#9718,#9719,#9720,#9721,#9722,#9723,#9724,#9725,#9726,#9727,#9728,#9729,
#9730,#9731,#9732,#9733,#9734,#9735,#9736,#9737,#9738,#9739,#9740,#9741,
#9742,#9743,#9744,#9745,#9746,#9747,#9748,#9749));
#10177=CLOSED_SHELL('',(#9750,#9751,#9752,#9753));
#10178=CLOSED_SHELL('',(#9754,#9755,#9756,#9757,#9758,#9759,#9760,#9761,
#9762,#9763,#9764,#9765,#9766,#9767,#9768,#9769,#9770,#9771,#9772,#9773,
#9774,#9775,#9776,#9777,#9778,#9779));
#10179=CLOSED_SHELL('',(#9780,#9781,#9782,#9783,#9784,#9785,#9786,#9787,
#9788,#9789,#9790,#9791,#9792,#9793,#9794,#9795,#9796,#9797,#9798,#9799,
#9800,#9801,#9802,#9803,#9804,#9805));
#10180=CLOSED_SHELL('',(#9806,#9807,#9808,#9809,#9810,#9811,#9812,#9813,
#9814,#9815,#9816,#9817,#9818,#9819,#9820,#9821,#9822,#9823,#9824,#9825,
#9826,#9827,#9828,#9829,#9830,#9831));
#10181=CLOSED_SHELL('',(#9832,#9833,#9834,#9835,#9836,#9837,#9838,#9839,
#9840,#9841,#9842,#9843,#9844,#9845,#9846,#9847,#9848,#9849,#9850,#9851,
#9852,#9853));
#10182=CLOSED_SHELL('',(#9854,#9855,#9856,#9857));
#10183=CLOSED_SHELL('',(#9858,#9859,#9860,#9861));
#10184=CLOSED_SHELL('',(#9862,#9863,#9864,#9865));
#10185=CLOSED_SHELL('',(#9866,#9867,#9868,#9869,#9870,#9871,#9872,#9873));
#10186=CLOSED_SHELL('',(#9874,#9875,#9876,#9877,#9878,#9879,#9880,#9881));
#10187=CLOSED_SHELL('',(#9882,#9883,#9884,#9885,#9886,#9887,#9888,#9889,
#9890,#9891,#9892,#9893,#9894,#9895,#9896,#9897,#9898,#9899,#9900,#9901,
#9902,#9903,#9904,#9905,#9906,#9907,#9908,#9909,#9910,#9911,#9912,#9913,
#9914,#9915,#9916,#9917,#9918,#9919,#9920,#9921,#9922,#9923,#9924,#9925,
#9926,#9927,#9928,#9929,#9930,#9931,#9932,#9933,#9934,#9935,#9936,#9937,
#9938));
#10188=CLOSED_SHELL('',(#9939,#9940,#9941,#9942));
#10189=CLOSED_SHELL('',(#9943,#9944,#9945,#9946,#9947,#9948,#9949,#9950,
#9951,#9952,#9953,#9954,#9955,#9956,#9957,#9958,#9959,#9960,#9961,#9962,
#9963,#9964,#9965,#9966,#9967,#9968,#9969,#9970,#9971,#9972,#9973,#9974,
#9975,#9976,#9977,#9978,#9979,#9980,#9981,#9982,#9983,#9984,#9985,#9986,
#9987,#9988,#9989,#9990,#9991,#9992,#9993,#9994,#9995,#9996,#9997,#9998,
#9999));
#10190=CLOSED_SHELL('',(#10000,#10001,#10002,#10003,#10004,#10005,#10006,
#10007,#10008,#10009,#10010,#10011,#10012,#10013,#10014,#10015,#10016,#10017,
#10018,#10019,#10020,#10021,#10022,#10023,#10024,#10025,#10026,#10027,#10028,
#10029,#10030,#10031,#10032,#10033,#10034,#10035,#10036,#10037,#10038,#10039,
#10040,#10041,#10042,#10043,#10044,#10045,#10046,#10047,#10048,#10049,#10050,
#10051));
#10191=CLOSED_SHELL('',(#10052,#10053,#10054,#10055,#10056,#10057,#10058,
#10059,#10060,#10061,#10062,#10063,#10064,#10065,#10066,#10067,#10068,#10069,
#10070,#10071,#10072,#10073,#10074,#10075,#10076,#10077,#10078,#10079,#10080,
#10081,#10082,#10083,#10084,#10085,#10086,#10087,#10088,#10089,#10090,#10091,
#10092,#10093,#10094,#10095,#10096,#10097,#10098,#10099,#10100,#10101,#10102,
#10103,#10104,#10105,#10106,#10107,#10108,#10109,#10110,#10111,#10112,#10113,
#10114,#10115,#10116,#10117,#10118,#10119,#10120,#10121,#10122,#10123,#10124,
#10125,#10126,#10127,#10128,#10129,#10130,#10131,#10132,#10133,#10134,#10135,
#10136,#10137,#10138,#10139,#10140,#10141,#10142,#10143,#10144,#10145,#10146,
#10147,#10148,#10149,#10150,#10151,#10152,#10153,#10154,#10155,#10156,#10157));
#10192=CLOSED_SHELL('',(#10158,#10159,#10160,#10161,#10162,#10163,#10164,
#10165));
#10193=CLOSED_SHELL('',(#10166,#10167,#10168,#10169,#10170,#10171,#10172,
#10173));
#10194=STYLED_ITEM('',(#10212),#10325);
#10195=STYLED_ITEM('',(#10213),#10326);
#10196=STYLED_ITEM('',(#10214),#10327);
#10197=STYLED_ITEM('',(#10215),#10328);
#10198=STYLED_ITEM('',(#10216),#16);
#10199=STYLED_ITEM('',(#10217),#17);
#10200=STYLED_ITEM('',(#10218),#10329);
#10201=STYLED_ITEM('',(#10219),#10330);
#10202=STYLED_ITEM('',(#10220),#10331);
#10203=STYLED_ITEM('',(#10221),#10332);
#10204=STYLED_ITEM('',(#10222),#10333);
#10205=STYLED_ITEM('',(#10223),#10334);
#10206=STYLED_ITEM('',(#10224),#10335);
#10207=STYLED_ITEM('',(#10225),#10336);
#10208=STYLED_ITEM('',(#10226),#10337);
#10209=STYLED_ITEM('',(#10227),#10338);
#10210=STYLED_ITEM('',(#10228),#10339);
#10211=STYLED_ITEM('',(#10229),#10340);
#10212=PRESENTATION_STYLE_ASSIGNMENT((#10230));
#10213=PRESENTATION_STYLE_ASSIGNMENT((#10231));
#10214=PRESENTATION_STYLE_ASSIGNMENT((#10232));
#10215=PRESENTATION_STYLE_ASSIGNMENT((#10233));
#10216=PRESENTATION_STYLE_ASSIGNMENT((#10234));
#10217=PRESENTATION_STYLE_ASSIGNMENT((#10235));
#10218=PRESENTATION_STYLE_ASSIGNMENT((#10236));
#10219=PRESENTATION_STYLE_ASSIGNMENT((#10237));
#10220=PRESENTATION_STYLE_ASSIGNMENT((#10238));
#10221=PRESENTATION_STYLE_ASSIGNMENT((#10239));
#10222=PRESENTATION_STYLE_ASSIGNMENT((#10240));
#10223=PRESENTATION_STYLE_ASSIGNMENT((#10241));
#10224=PRESENTATION_STYLE_ASSIGNMENT((#10242));
#10225=PRESENTATION_STYLE_ASSIGNMENT((#10243));
#10226=PRESENTATION_STYLE_ASSIGNMENT((#10244));
#10227=PRESENTATION_STYLE_ASSIGNMENT((#10245));
#10228=PRESENTATION_STYLE_ASSIGNMENT((#10246));
#10229=PRESENTATION_STYLE_ASSIGNMENT((#10247));
#10230=SURFACE_STYLE_USAGE(.BOTH.,#10248);
#10231=SURFACE_STYLE_USAGE(.BOTH.,#10249);
#10232=SURFACE_STYLE_USAGE(.BOTH.,#10250);
#10233=SURFACE_STYLE_USAGE(.BOTH.,#10251);
#10234=SURFACE_STYLE_USAGE(.BOTH.,#10252);
#10235=SURFACE_STYLE_USAGE(.BOTH.,#10253);
#10236=SURFACE_STYLE_USAGE(.BOTH.,#10254);
#10237=SURFACE_STYLE_USAGE(.BOTH.,#10255);
#10238=SURFACE_STYLE_USAGE(.BOTH.,#10256);
#10239=SURFACE_STYLE_USAGE(.BOTH.,#10257);
#10240=SURFACE_STYLE_USAGE(.BOTH.,#10258);
#10241=SURFACE_STYLE_USAGE(.BOTH.,#10259);
#10242=SURFACE_STYLE_USAGE(.BOTH.,#10260);
#10243=SURFACE_STYLE_USAGE(.BOTH.,#10261);
#10244=SURFACE_STYLE_USAGE(.BOTH.,#10262);
#10245=SURFACE_STYLE_USAGE(.BOTH.,#10263);
#10246=SURFACE_STYLE_USAGE(.BOTH.,#10264);
#10247=SURFACE_STYLE_USAGE(.BOTH.,#10265);
#10248=SURFACE_SIDE_STYLE('',(#10266));
#10249=SURFACE_SIDE_STYLE('',(#10267));
#10250=SURFACE_SIDE_STYLE('',(#10268));
#10251=SURFACE_SIDE_STYLE('',(#10269));
#10252=SURFACE_SIDE_STYLE('',(#10270));
#10253=SURFACE_SIDE_STYLE('',(#10271));
#10254=SURFACE_SIDE_STYLE('',(#10272));
#10255=SURFACE_SIDE_STYLE('',(#10273));
#10256=SURFACE_SIDE_STYLE('',(#10274));
#10257=SURFACE_SIDE_STYLE('',(#10275));
#10258=SURFACE_SIDE_STYLE('',(#10276));
#10259=SURFACE_SIDE_STYLE('',(#10277));
#10260=SURFACE_SIDE_STYLE('',(#10278));
#10261=SURFACE_SIDE_STYLE('',(#10279));
#10262=SURFACE_SIDE_STYLE('',(#10280));
#10263=SURFACE_SIDE_STYLE('',(#10281));
#10264=SURFACE_SIDE_STYLE('',(#10282));
#10265=SURFACE_SIDE_STYLE('',(#10283));
#10266=SURFACE_STYLE_FILL_AREA(#10284);
#10267=SURFACE_STYLE_FILL_AREA(#10285);
#10268=SURFACE_STYLE_FILL_AREA(#10286);
#10269=SURFACE_STYLE_FILL_AREA(#10287);
#10270=SURFACE_STYLE_FILL_AREA(#10288);
#10271=SURFACE_STYLE_FILL_AREA(#10289);
#10272=SURFACE_STYLE_FILL_AREA(#10290);
#10273=SURFACE_STYLE_FILL_AREA(#10291);
#10274=SURFACE_STYLE_FILL_AREA(#10292);
#10275=SURFACE_STYLE_FILL_AREA(#10293);
#10276=SURFACE_STYLE_FILL_AREA(#10294);
#10277=SURFACE_STYLE_FILL_AREA(#10295);
#10278=SURFACE_STYLE_FILL_AREA(#10296);
#10279=SURFACE_STYLE_FILL_AREA(#10297);
#10280=SURFACE_STYLE_FILL_AREA(#10298);
#10281=SURFACE_STYLE_FILL_AREA(#10299);
#10282=SURFACE_STYLE_FILL_AREA(#10300);
#10283=SURFACE_STYLE_FILL_AREA(#10301);
#10284=FILL_AREA_STYLE('',(#10302));
#10285=FILL_AREA_STYLE('',(#10303));
#10286=FILL_AREA_STYLE('',(#10304));
#10287=FILL_AREA_STYLE('',(#10305));
#10288=FILL_AREA_STYLE('',(#10306));
#10289=FILL_AREA_STYLE('',(#10307));
#10290=FILL_AREA_STYLE('',(#10308));
#10291=FILL_AREA_STYLE('',(#10309));
#10292=FILL_AREA_STYLE('',(#10310));
#10293=FILL_AREA_STYLE('',(#10311));
#10294=FILL_AREA_STYLE('',(#10312));
#10295=FILL_AREA_STYLE('',(#10313));
#10296=FILL_AREA_STYLE('',(#10314));
#10297=FILL_AREA_STYLE('',(#10315));
#10298=FILL_AREA_STYLE('',(#10316));
#10299=FILL_AREA_STYLE('',(#10317));
#10300=FILL_AREA_STYLE('',(#10318));
#10301=FILL_AREA_STYLE('',(#10319));
#10302=FILL_AREA_STYLE_COLOUR('',#10320);
#10303=FILL_AREA_STYLE_COLOUR('',#10321);
#10304=FILL_AREA_STYLE_COLOUR('',#10321);
#10305=FILL_AREA_STYLE_COLOUR('',#10321);
#10306=FILL_AREA_STYLE_COLOUR('',#10322);
#10307=FILL_AREA_STYLE_COLOUR('',#10322);
#10308=FILL_AREA_STYLE_COLOUR('',#10321);
#10309=FILL_AREA_STYLE_COLOUR('',#10321);
#10310=FILL_AREA_STYLE_COLOUR('',#10321);
#10311=FILL_AREA_STYLE_COLOUR('',#10323);
#10312=FILL_AREA_STYLE_COLOUR('',#10323);
#10313=FILL_AREA_STYLE_COLOUR('',#10321);
#10314=FILL_AREA_STYLE_COLOUR('',#10321);
#10315=FILL_AREA_STYLE_COLOUR('',#10321);
#10316=FILL_AREA_STYLE_COLOUR('',#10321);
#10317=FILL_AREA_STYLE_COLOUR('',#10324);
#10318=FILL_AREA_STYLE_COLOUR('',#10323);
#10319=FILL_AREA_STYLE_COLOUR('',#10323);
#10320=COLOUR_RGB('',0.768627450980392,0.886274509803922,0.952941176470588);
#10321=COLOUR_RGB('',0.647058823529412,0.647058823529412,0.647058823529412);
#10322=COLOUR_RGB('',0.615686274509804,0.811764705882353,0.929411764705882);
#10323=COLOUR_RGB('',0.917647058823529,0.917647058823529,0.917647058823529);
#10324=COLOUR_RGB('',0.231372549019608,0.380392156862745,0.705882352941177);
#10325=MANIFOLD_SOLID_BREP('Large casing (bottom section)',#10174);
#10326=MANIFOLD_SOLID_BREP('Wheel#4',#10175);
#10327=MANIFOLD_SOLID_BREP('x-axis movement wheel mount #2',#10176);
#10328=MANIFOLD_SOLID_BREP('Top wheel #1',#10177);
#10329=MANIFOLD_SOLID_BREP('Wheel#3',#10182);
#10330=MANIFOLD_SOLID_BREP('Wheel #2',#10183);
#10331=MANIFOLD_SOLID_BREP('Top wheel #2',#10184);
#10332=MANIFOLD_SOLID_BREP('Motor model#4',#10185);
#10333=MANIFOLD_SOLID_BREP('Motor model#3',#10186);
#10334=MANIFOLD_SOLID_BREP('y-axis movement wheel mount#1',#10187);
#10335=MANIFOLD_SOLID_BREP('Wheel#1',#10188);
#10336=MANIFOLD_SOLID_BREP('y-axis movement wheel mount#2',#10189);
#10337=MANIFOLD_SOLID_BREP('x-axis movement wheel mount #1',#10190);
#10338=MANIFOLD_SOLID_BREP('Large casing(top section)',#10191);
#10339=MANIFOLD_SOLID_BREP('Motor model#1',#10192);
#10340=MANIFOLD_SOLID_BREP('Motor model #2',#10193);
#10341=SHAPE_DEFINITION_REPRESENTATION(#17389,#10360);
#10342=SHAPE_DEFINITION_REPRESENTATION(#17390,#10361);
#10343=SHAPE_DEFINITION_REPRESENTATION(#17392,#10362);
#10344=SHAPE_DEFINITION_REPRESENTATION(#17394,#10363);
#10345=SHAPE_DEFINITION_REPRESENTATION(#17396,#10364);
#10346=SHAPE_DEFINITION_REPRESENTATION(#17398,#10365);
#10347=SHAPE_DEFINITION_REPRESENTATION(#17400,#10366);
#10348=SHAPE_DEFINITION_REPRESENTATION(#17402,#10367);
#10349=SHAPE_DEFINITION_REPRESENTATION(#17404,#10368);
#10350=SHAPE_DEFINITION_REPRESENTATION(#17406,#10369);
#10351=SHAPE_DEFINITION_REPRESENTATION(#17409,#10370);
#10352=SHAPE_DEFINITION_REPRESENTATION(#17411,#10371);
#10353=SHAPE_DEFINITION_REPRESENTATION(#17414,#10372);
#10354=SHAPE_DEFINITION_REPRESENTATION(#17416,#10373);
#10355=SHAPE_DEFINITION_REPRESENTATION(#17418,#10374);
#10356=SHAPE_DEFINITION_REPRESENTATION(#17422,#10375);
#10357=SHAPE_DEFINITION_REPRESENTATION(#17425,#10376);
#10358=SHAPE_DEFINITION_REPRESENTATION(#17427,#10377);
#10359=SHAPE_DEFINITION_REPRESENTATION(#17430,#10378);
#10360=SHAPE_REPRESENTATION('Concept',(#10379,#10491,#10500,#10594,#10603,
#10676,#10735,#10744,#10753,#10762,#10763,#10774,#10785,#10786,#10886,#10895,
#10995,#10996,#10997,#11091,#11092,#11231,#11242,#11243,#11254),#17348);
#10361=SHAPE_REPRESENTATION('Large casing (bottom section)',(#10379),#17349);
#10362=SHAPE_REPRESENTATION('Wheel#4',(#10379),#17350);
#10363=SHAPE_REPRESENTATION('x-axis movement wheel mount #2',(#10379),#17351);
#10364=SHAPE_REPRESENTATION('Top wheel #1',(#10379),#17352);
#10365=SHAPE_REPRESENTATION('Rail connector piece',(#10379),#17353);
#10366=SHAPE_REPRESENTATION('Rail end piece',(#10379),#17354);
#10367=SHAPE_REPRESENTATION('Wheel#3',(#10379),#17355);
#10368=SHAPE_REPRESENTATION('Wheel #2',(#10379),#17356);
#10369=SHAPE_REPRESENTATION('Top wheel #2',(#10379),#17357);
#10370=SHAPE_REPRESENTATION('Motor model#4',(#10379),#17358);
#10371=SHAPE_REPRESENTATION('Motor model#3',(#10379),#17359);
#10372=SHAPE_REPRESENTATION('y-axis movement wheel mount#1',(#10379),#17360);
#10373=SHAPE_REPRESENTATION('Wheel#1',(#10379),#17361);
#10374=SHAPE_REPRESENTATION('y-axis movement wheel mount#2',(#10379),#17362);
#10375=SHAPE_REPRESENTATION('x-axis movement wheel mount #1',(#10379),#17363);
#10376=SHAPE_REPRESENTATION('Large casing(top section)',(#10379),#17364);
#10377=SHAPE_REPRESENTATION('Motor model#1',(#10379),#17365);
#10378=SHAPE_REPRESENTATION('Motor model #2',(#10379),#17366);
#10379=AXIS2_PLACEMENT_3D('',#13977,#11255,#11256);
#10380=AXIS2_PLACEMENT_3D('',#13978,#11257,#11258);
#10381=AXIS2_PLACEMENT_3D('',#13991,#11265,#11266);
#10382=AXIS2_PLACEMENT_3D('',#14004,#11273,#11274);
#10383=AXIS2_PLACEMENT_3D('',#14017,#11281,#11282);
#10384=AXIS2_PLACEMENT_3D('',#14030,#11289,#11290);
#10385=AXIS2_PLACEMENT_3D('',#14036,#11294,#11295);
#10386=AXIS2_PLACEMENT_3D('',#14042,#11299,#11300);
#10387=AXIS2_PLACEMENT_3D('',#14055,#11308,#11309);
#10388=AXIS2_PLACEMENT_3D('',#14061,#11313,#11314);
#10389=AXIS2_PLACEMENT_3D('',#14070,#11319,#11320);
#10390=AXIS2_PLACEMENT_3D('',#14079,#11325,#11326);
#10391=AXIS2_PLACEMENT_3D('',#14082,#11329,#11330);
#10392=AXIS2_PLACEMENT_3D('',#14091,#11336,#11337);
#10393=AXIS2_PLACEMENT_3D('',#14093,#11339,#11340);
#10394=AXIS2_PLACEMENT_3D('',#14095,#11342,#11343);
#10395=AXIS2_PLACEMENT_3D('',#14103,#11348,#11349);
#10396=AXIS2_PLACEMENT_3D('',#14111,#11354,#11355);
#10397=AXIS2_PLACEMENT_3D('',#14113,#11357,#11358);
#10398=AXIS2_PLACEMENT_3D('',#14115,#11360,#11361);
#10399=AXIS2_PLACEMENT_3D('',#14117,#11363,#11364);
#10400=AXIS2_PLACEMENT_3D('',#14118,#11365,#11366);
#10401=AXIS2_PLACEMENT_3D('',#14167,#11393,#11394);
#10402=AXIS2_PLACEMENT_3D('',#14169,#11395,#11396);
#10403=AXIS2_PLACEMENT_3D('',#14171,#11397,#11398);
#10404=AXIS2_PLACEMENT_3D('',#14177,#11402,#11403);
#10405=AXIS2_PLACEMENT_3D('',#14181,#11406,#11407);
#10406=AXIS2_PLACEMENT_3D('',#14194,#11415,#11416);
#10407=AXIS2_PLACEMENT_3D('',#14198,#11419,#11420);
#10408=AXIS2_PLACEMENT_3D('',#14204,#11424,#11425);
#10409=AXIS2_PLACEMENT_3D('',#14210,#11429,#11430);
#10410=AXIS2_PLACEMENT_3D('',#14212,#11432,#11433);
#10411=AXIS2_PLACEMENT_3D('',#14221,#11439,#11440);
#10412=AXIS2_PLACEMENT_3D('',#14222,#11441,#11442);
#10413=AXIS2_PLACEMENT_3D('',#14224,#11444,#11445);
#10414=AXIS2_PLACEMENT_3D('',#14232,#11450,#11451);
#10415=AXIS2_PLACEMENT_3D('',#14240,#11456,#11457);
#10416=AXIS2_PLACEMENT_3D('',#14242,#11459,#11460);
#10417=AXIS2_PLACEMENT_3D('',#14244,#11462,#11463);
#10418=AXIS2_PLACEMENT_3D('',#14246,#11465,#11466);
#10419=AXIS2_PLACEMENT_3D('',#14247,#11467,#11468);
#10420=AXIS2_PLACEMENT_3D('',#14253,#11472,#11473);
#10421=AXIS2_PLACEMENT_3D('',#14259,#11477,#11478);
#10422=AXIS2_PLACEMENT_3D('',#14265,#11482,#11483);
#10423=AXIS2_PLACEMENT_3D('',#14271,#11487,#11488);
#10424=AXIS2_PLACEMENT_3D('',#14280,#11493,#11494);
#10425=AXIS2_PLACEMENT_3D('',#14286,#11498,#11499);
#10426=AXIS2_PLACEMENT_3D('',#14292,#11503,#11504);
#10427=AXIS2_PLACEMENT_3D('',#14295,#11507,#11508);
#10428=AXIS2_PLACEMENT_3D('',#14296,#11509,#11510);
#10429=AXIS2_PLACEMENT_3D('',#14305,#11515,#11516);
#10430=AXIS2_PLACEMENT_3D('',#14314,#11521,#11522);
#10431=AXIS2_PLACEMENT_3D('',#14324,#11528,#11529);
#10432=AXIS2_PLACEMENT_3D('',#14339,#11538,#11539);
#10433=AXIS2_PLACEMENT_3D('',#14346,#11544,#11545);
#10434=AXIS2_PLACEMENT_3D('',#14349,#11548,#11549);
#10435=AXIS2_PLACEMENT_3D('',#14350,#11550,#11551);
#10436=AXIS2_PLACEMENT_3D('',#14357,#11556,#11557);
#10437=AXIS2_PLACEMENT_3D('',#14364,#11562,#11563);
#10438=AXIS2_PLACEMENT_3D('',#14365,#11564,#11565);
#10439=AXIS2_PLACEMENT_3D('',#14366,#11566,#11567);
#10440=AXIS2_PLACEMENT_3D('',#14369,#11569,#11570);
#10441=AXIS2_PLACEMENT_3D('',#14371,#11571,#11572);
#10442=AXIS2_PLACEMENT_3D('',#14373,#11573,#11574);
#10443=AXIS2_PLACEMENT_3D('',#14375,#11575,#11576);
#10444=AXIS2_PLACEMENT_3D('',#14377,#11577,#11578);
#10445=AXIS2_PLACEMENT_3D('',#14379,#11579,#11580);
#10446=AXIS2_PLACEMENT_3D('',#14380,#11581,#11582);
#10447=AXIS2_PLACEMENT_3D('',#14381,#11583,#11584);
#10448=AXIS2_PLACEMENT_3D('',#14382,#11585,#11586);
#10449=AXIS2_PLACEMENT_3D('',#14384,#11587,#11588);
#10450=AXIS2_PLACEMENT_3D('',#14385,#11589,#11590);
#10451=AXIS2_PLACEMENT_3D('',#14386,#11591,#11592);
#10452=AXIS2_PLACEMENT_3D('',#14388,#11593,#11594);
#10453=AXIS2_PLACEMENT_3D('',#14390,#11596,#11597);
#10454=AXIS2_PLACEMENT_3D('',#14391,#11598,#11599);
#10455=AXIS2_PLACEMENT_3D('',#14392,#11600,#11601);
#10456=AXIS2_PLACEMENT_3D('',#14393,#11602,#11603);
#10457=AXIS2_PLACEMENT_3D('',#14395,#11604,#11605);
#10458=AXIS2_PLACEMENT_3D('',#14397,#11607,#11608);
#10459=AXIS2_PLACEMENT_3D('',#14398,#11609,#11610);
#10460=AXIS2_PLACEMENT_3D('',#14400,#11611,#11612);
#10461=AXIS2_PLACEMENT_3D('',#14401,#11613,#11614);
#10462=AXIS2_PLACEMENT_3D('',#14402,#11615,#11616);
#10463=AXIS2_PLACEMENT_3D('',#14404,#11618,#11619);
#10464=AXIS2_PLACEMENT_3D('',#14406,#11621,#11622);
#10465=AXIS2_PLACEMENT_3D('',#14407,#11623,#11624);
#10466=AXIS2_PLACEMENT_3D('',#14409,#11626,#11627);
#10467=AXIS2_PLACEMENT_3D('',#14412,#11630,#11631);
#10468=AXIS2_PLACEMENT_3D('',#14414,#11633,#11634);
#10469=AXIS2_PLACEMENT_3D('',#14416,#11636,#11637);
#10470=AXIS2_PLACEMENT_3D('',#14418,#11639,#11640);
#10471=AXIS2_PLACEMENT_3D('',#14420,#11642,#11643);
#10472=AXIS2_PLACEMENT_3D('',#14422,#11645,#11646);
#10473=AXIS2_PLACEMENT_3D('',#14424,#11648,#11649);
#10474=AXIS2_PLACEMENT_3D('',#14426,#11651,#11652);
#10475=AXIS2_PLACEMENT_3D('',#14428,#11654,#11655);
#10476=AXIS2_PLACEMENT_3D('',#14430,#11657,#11658);
#10477=AXIS2_PLACEMENT_3D('',#14431,#11659,#11660);
#10478=AXIS2_PLACEMENT_3D('',#14433,#11662,#11663);
#10479=AXIS2_PLACEMENT_3D('',#14435,#11665,#11666);
#10480=AXIS2_PLACEMENT_3D('',#14437,#11668,#11669);
#10481=AXIS2_PLACEMENT_3D('',#14439,#11671,#11672);
#10482=AXIS2_PLACEMENT_3D('',#14441,#11674,#11675);
#10483=AXIS2_PLACEMENT_3D('',#14443,#11677,#11678);
#10484=AXIS2_PLACEMENT_3D('',#14444,#11679,#11680);
#10485=AXIS2_PLACEMENT_3D('',#14446,#11682,#11683);
#10486=AXIS2_PLACEMENT_3D('',#14448,#11685,#11686);
#10487=AXIS2_PLACEMENT_3D('',#14450,#11688,#11689);
#10488=AXIS2_PLACEMENT_3D('',#14452,#11691,#11692);
#10489=AXIS2_PLACEMENT_3D('',#14454,#11694,#11695);
#10490=AXIS2_PLACEMENT_3D('',#14456,#11697,#11698);
#10491=AXIS2_PLACEMENT_3D('',#14457,#11699,#11700);
#10492=AXIS2_PLACEMENT_3D('',#14458,#11701,#11702);
#10493=AXIS2_PLACEMENT_3D('',#14459,#11703,#11704);
#10494=AXIS2_PLACEMENT_3D('',#14461,#11705,#11706);
#10495=AXIS2_PLACEMENT_3D('',#14463,#11707,#11708);
#10496=AXIS2_PLACEMENT_3D('',#14464,#11709,#11710);
#10497=AXIS2_PLACEMENT_3D('',#14466,#11711,#11712);
#10498=AXIS2_PLACEMENT_3D('',#14468,#11713,#11714);
#10499=AXIS2_PLACEMENT_3D('',#14469,#11715,#11716);
#10500=AXIS2_PLACEMENT_3D('',#14470,#11717,#11718);
#10501=AXIS2_PLACEMENT_3D('',#14471,#11719,#11720);
#10502=AXIS2_PLACEMENT_3D('',#14478,#11721,#11722);
#10503=AXIS2_PLACEMENT_3D('',#14492,#11724,#11725);
#10504=AXIS2_PLACEMENT_3D('',#14506,#11727,#11728);
#10505=AXIS2_PLACEMENT_3D('',#14520,#11730,#11731);
#10506=AXIS2_PLACEMENT_3D('',#14534,#11733,#11734);
#10507=AXIS2_PLACEMENT_3D('',#14548,#11736,#11737);
#10508=AXIS2_PLACEMENT_3D('',#14562,#11739,#11740);
#10509=AXIS2_PLACEMENT_3D('',#14576,#11742,#11743);
#10510=AXIS2_PLACEMENT_3D('',#14590,#11745,#11746);
#10511=AXIS2_PLACEMENT_3D('',#14604,#11748,#11749);
#10512=AXIS2_PLACEMENT_3D('',#14612,#11751,#11752);
#10513=AXIS2_PLACEMENT_3D('',#14614,#11753,#11754);
#10514=AXIS2_PLACEMENT_3D('',#14619,#11757,#11758);
#10515=AXIS2_PLACEMENT_3D('',#14621,#11759,#11760);
#10516=AXIS2_PLACEMENT_3D('',#14626,#11763,#11764);
#10517=AXIS2_PLACEMENT_3D('',#14631,#11767,#11768);
#10518=AXIS2_PLACEMENT_3D('',#14636,#11771,#11772);
#10519=AXIS2_PLACEMENT_3D('',#14641,#11775,#11776);
#10520=AXIS2_PLACEMENT_3D('',#14642,#11777,#11778);
#10521=AXIS2_PLACEMENT_3D('',#14651,#11783,#11784);
#10522=AXIS2_PLACEMENT_3D('',#14652,#11785,#11786);
#10523=AXIS2_PLACEMENT_3D('',#14656,#11788,#11789);
#10524=AXIS2_PLACEMENT_3D('',#14657,#11790,#11791);
#10525=AXIS2_PLACEMENT_3D('',#14663,#11795,#11796);
#10526=AXIS2_PLACEMENT_3D('',#14664,#11797,#11798);
#10527=AXIS2_PLACEMENT_3D('',#14665,#11799,#11800);
#10528=AXIS2_PLACEMENT_3D('',#14666,#11801,#11802);
#10529=AXIS2_PLACEMENT_3D('',#14667,#11803,#11804);
#10530=AXIS2_PLACEMENT_3D('',#14668,#11805,#11806);
#10531=AXIS2_PLACEMENT_3D('',#14674,#11810,#11811);
#10532=AXIS2_PLACEMENT_3D('',#14680,#11815,#11816);
#10533=AXIS2_PLACEMENT_3D('',#14681,#11817,#11818);
#10534=AXIS2_PLACEMENT_3D('',#14686,#11821,#11822);
#10535=AXIS2_PLACEMENT_3D('',#14691,#11823,#11824);
#10536=AXIS2_PLACEMENT_3D('',#14696,#11825,#11826);
#10537=AXIS2_PLACEMENT_3D('',#14701,#11827,#11828);
#10538=AXIS2_PLACEMENT_3D('',#14706,#11829,#11830);
#10539=AXIS2_PLACEMENT_3D('',#14707,#11831,#11832);
#10540=AXIS2_PLACEMENT_3D('',#14720,#11834,#11835);
#10541=AXIS2_PLACEMENT_3D('',#14721,#11836,#11837);
#10542=AXIS2_PLACEMENT_3D('',#14722,#11838,#11839);
#10543=AXIS2_PLACEMENT_3D('',#14735,#11841,#11842);
#10544=AXIS2_PLACEMENT_3D('',#14736,#11843,#11844);
#10545=AXIS2_PLACEMENT_3D('',#14742,#11848,#11849);
#10546=AXIS2_PLACEMENT_3D('',#14745,#11852,#11853);
#10547=AXIS2_PLACEMENT_3D('',#14746,#11854,#11855);
#10548=AXIS2_PLACEMENT_3D('',#14750,#11858,#11859);
#10549=AXIS2_PLACEMENT_3D('',#14751,#11860,#11861);
#10550=AXIS2_PLACEMENT_3D('',#14752,#11862,#11863);
#10551=AXIS2_PLACEMENT_3D('',#14757,#11864,#11865);
#10552=AXIS2_PLACEMENT_3D('',#14762,#11866,#11867);
#10553=AXIS2_PLACEMENT_3D('',#14763,#11868,#11869);
#10554=AXIS2_PLACEMENT_3D('',#14776,#11871,#11872);
#10555=AXIS2_PLACEMENT_3D('',#14777,#11873,#11874);
#10556=AXIS2_PLACEMENT_3D('',#14780,#11877,#11878);
#10557=AXIS2_PLACEMENT_3D('',#14786,#11882,#11883);
#10558=AXIS2_PLACEMENT_3D('',#14788,#11885,#11886);
#10559=AXIS2_PLACEMENT_3D('',#14791,#11888,#11889);
#10560=AXIS2_PLACEMENT_3D('',#14792,#11890,#11891);
#10561=AXIS2_PLACEMENT_3D('',#14797,#11892,#11893);
#10562=AXIS2_PLACEMENT_3D('',#14802,#11894,#11895);
#10563=AXIS2_PLACEMENT_3D('',#14803,#11896,#11897);
#10564=AXIS2_PLACEMENT_3D('',#14804,#11898,#11899);
#10565=AXIS2_PLACEMENT_3D('',#14807,#11901,#11902);
#10566=AXIS2_PLACEMENT_3D('',#14808,#11903,#11904);
#10567=AXIS2_PLACEMENT_3D('',#14814,#11908,#11909);
#10568=AXIS2_PLACEMENT_3D('',#14820,#11913,#11914);
#10569=AXIS2_PLACEMENT_3D('',#14821,#11915,#11916);
#10570=AXIS2_PLACEMENT_3D('',#14826,#11919,#11920);
#10571=AXIS2_PLACEMENT_3D('',#14827,#11921,#11922);
#10572=AXIS2_PLACEMENT_3D('',#14828,#11923,#11924);
#10573=AXIS2_PLACEMENT_3D('',#14829,#11925,#11926);
#10574=AXIS2_PLACEMENT_3D('',#14830,#11927,#11928);
#10575=AXIS2_PLACEMENT_3D('',#14831,#11929,#11930);
#10576=AXIS2_PLACEMENT_3D('',#14832,#11931,#11932);
#10577=AXIS2_PLACEMENT_3D('',#14837,#11933,#11934);
#10578=AXIS2_PLACEMENT_3D('',#14842,#11935,#11936);
#10579=AXIS2_PLACEMENT_3D('',#14843,#11937,#11938);
#10580=AXIS2_PLACEMENT_3D('',#14844,#11939,#11940);
#10581=AXIS2_PLACEMENT_3D('',#14857,#11942,#11943);
#10582=AXIS2_PLACEMENT_3D('',#14860,#11946,#11947);
#10583=AXIS2_PLACEMENT_3D('',#14863,#11950,#11951);
#10584=AXIS2_PLACEMENT_3D('',#14865,#11953,#11954);
#10585=AXIS2_PLACEMENT_3D('',#14867,#11956,#11957);
#10586=AXIS2_PLACEMENT_3D('',#14868,#11958,#11959);
#10587=AXIS2_PLACEMENT_3D('',#14869,#11960,#11961);
#10588=AXIS2_PLACEMENT_3D('',#14870,#11962,#11963);
#10589=AXIS2_PLACEMENT_3D('',#14871,#11964,#11965);
#10590=AXIS2_PLACEMENT_3D('',#14872,#11966,#11967);
#10591=AXIS2_PLACEMENT_3D('',#14874,#11968,#11969);
#10592=AXIS2_PLACEMENT_3D('',#14876,#11970,#11971);
#10593=AXIS2_PLACEMENT_3D('',#14877,#11972,#11973);
#10594=AXIS2_PLACEMENT_3D('',#14878,#11974,#11975);
#10595=AXIS2_PLACEMENT_3D('',#14879,#11976,#11977);
#10596=AXIS2_PLACEMENT_3D('',#14880,#11978,#11979);
#10597=AXIS2_PLACEMENT_3D('',#14882,#11980,#11981);
#10598=AXIS2_PLACEMENT_3D('',#14884,#11982,#11983);
#10599=AXIS2_PLACEMENT_3D('',#14885,#11984,#11985);
#10600=AXIS2_PLACEMENT_3D('',#14887,#11986,#11987);
#10601=AXIS2_PLACEMENT_3D('',#14889,#11988,#11989);
#10602=AXIS2_PLACEMENT_3D('',#14890,#11990,#11991);
#10603=AXIS2_PLACEMENT_3D('',#14891,#11992,#11993);
#10604=AXIS2_PLACEMENT_3D('',#14892,#11994,#11995);
#10605=AXIS2_PLACEMENT_3D('',#14901,#12000,#12001);
#10606=AXIS2_PLACEMENT_3D('',#14910,#12006,#12007);
#10607=AXIS2_PLACEMENT_3D('',#14916,#12011,#12012);
#10608=AXIS2_PLACEMENT_3D('',#14922,#12016,#12017);
#10609=AXIS2_PLACEMENT_3D('',#14931,#12022,#12023);
#10610=AXIS2_PLACEMENT_3D('',#14937,#12027,#12028);
#10611=AXIS2_PLACEMENT_3D('',#14943,#12032,#12033);
#10612=AXIS2_PLACEMENT_3D('',#14952,#12038,#12039);
#10613=AXIS2_PLACEMENT_3D('',#14958,#12043,#12044);
#10614=AXIS2_PLACEMENT_3D('',#14964,#12048,#12049);
#10615=AXIS2_PLACEMENT_3D('',#14973,#12054,#12055);
#10616=AXIS2_PLACEMENT_3D('',#14974,#12056,#12057);
#10617=AXIS2_PLACEMENT_3D('',#14976,#12058,#12059);
#10618=AXIS2_PLACEMENT_3D('',#14978,#12060,#12061);
#10619=AXIS2_PLACEMENT_3D('',#14981,#12064,#12065);
#10620=AXIS2_PLACEMENT_3D('',#14982,#12066,#12067);
#10621=AXIS2_PLACEMENT_3D('',#14988,#12072,#12073);
#10622=AXIS2_PLACEMENT_3D('',#14989,#12074,#12075);
#10623=AXIS2_PLACEMENT_3D('',#14991,#12076,#12077);
#10624=AXIS2_PLACEMENT_3D('',#14997,#12082,#12083);
#10625=AXIS2_PLACEMENT_3D('',#14998,#12084,#12085);
#10626=AXIS2_PLACEMENT_3D('',#14999,#12086,#12087);
#10627=AXIS2_PLACEMENT_3D('',#15001,#12088,#12089);
#10628=AXIS2_PLACEMENT_3D('',#15002,#12090,#12091);
#10629=AXIS2_PLACEMENT_3D('',#15003,#12092,#12093);
#10630=AXIS2_PLACEMENT_3D('',#15004,#12094,#12095);
#10631=AXIS2_PLACEMENT_3D('',#15005,#12096,#12097);
#10632=AXIS2_PLACEMENT_3D('',#15006,#12098,#12099);
#10633=AXIS2_PLACEMENT_3D('',#15007,#12100,#12101);
#10634=AXIS2_PLACEMENT_3D('',#15009,#12102,#12103);
#10635=AXIS2_PLACEMENT_3D('',#15010,#12104,#12105);
#10636=AXIS2_PLACEMENT_3D('',#15011,#12106,#12107);
#10637=AXIS2_PLACEMENT_3D('',#15013,#12108,#12109);
#10638=AXIS2_PLACEMENT_3D('',#15014,#12110,#12111);
#10639=AXIS2_PLACEMENT_3D('',#15031,#12120,#12121);
#10640=AXIS2_PLACEMENT_3D('',#15032,#12122,#12123);
#10641=AXIS2_PLACEMENT_3D('',#15038,#12126,#12127);
#10642=AXIS2_PLACEMENT_3D('',#15042,#12129,#12130);
#10643=AXIS2_PLACEMENT_3D('',#15045,#12132,#12133);
#10644=AXIS2_PLACEMENT_3D('',#15058,#12140,#12141);
#10645=AXIS2_PLACEMENT_3D('',#15059,#12142,#12143);
#10646=AXIS2_PLACEMENT_3D('',#15063,#12145,#12146);
#10647=AXIS2_PLACEMENT_3D('',#15066,#12148,#12149);
#10648=AXIS2_PLACEMENT_3D('',#15069,#12151,#12152);
#10649=AXIS2_PLACEMENT_3D('',#15083,#12160,#12161);
#10650=AXIS2_PLACEMENT_3D('',#15091,#12166,#12167);
#10651=AXIS2_PLACEMENT_3D('',#15100,#12173,#12174);
#10652=AXIS2_PLACEMENT_3D('',#15108,#12179,#12180);
#10653=AXIS2_PLACEMENT_3D('',#15109,#12181,#12182);
#10654=AXIS2_PLACEMENT_3D('',#15110,#12183,#12184);
#10655=AXIS2_PLACEMENT_3D('',#15111,#12185,#12186);
#10656=AXIS2_PLACEMENT_3D('',#15114,#12188,#12189);
#10657=AXIS2_PLACEMENT_3D('',#15117,#12191,#12192);
#10658=AXIS2_PLACEMENT_3D('',#15118,#12193,#12194);
#10659=AXIS2_PLACEMENT_3D('',#15119,#12195,#12196);
#10660=AXIS2_PLACEMENT_3D('',#15120,#12197,#12198);
#10661=AXIS2_PLACEMENT_3D('',#15124,#12201,#12202);
#10662=AXIS2_PLACEMENT_3D('',#15125,#12203,#12204);
#10663=AXIS2_PLACEMENT_3D('',#15130,#12207,#12208);
#10664=AXIS2_PLACEMENT_3D('',#15131,#12209,#12210);
#10665=AXIS2_PLACEMENT_3D('',#15133,#12212,#12213);
#10666=AXIS2_PLACEMENT_3D('',#15139,#12217,#12218);
#10667=AXIS2_PLACEMENT_3D('',#15145,#12222,#12223);
#10668=AXIS2_PLACEMENT_3D('',#15146,#12224,#12225);
#10669=AXIS2_PLACEMENT_3D('',#15150,#12229,#12230);
#10670=AXIS2_PLACEMENT_3D('',#15152,#12232,#12233);
#10671=AXIS2_PLACEMENT_3D('',#15155,#12236,#12237);
#10672=AXIS2_PLACEMENT_3D('',#15156,#12238,#12239);
#10673=AXIS2_PLACEMENT_3D('',#15157,#12240,#12241);
#10674=AXIS2_PLACEMENT_3D('',#15158,#12242,#12243);
#10675=AXIS2_PLACEMENT_3D('',#15159,#12244,#12245);
#10676=AXIS2_PLACEMENT_3D('',#15160,#12246,#12247);
#10677=AXIS2_PLACEMENT_3D('',#15161,#12248,#12249);
#10678=AXIS2_PLACEMENT_3D('',#15170,#12254,#12255);
#10679=AXIS2_PLACEMENT_3D('',#15176,#12259,#12260);
#10680=AXIS2_PLACEMENT_3D('',#15185,#12265,#12266);
#10681=AXIS2_PLACEMENT_3D('',#15191,#12270,#12271);
#10682=AXIS2_PLACEMENT_3D('',#15197,#12275,#12276);
#10683=AXIS2_PLACEMENT_3D('',#15214,#12285,#12286);
#10684=AXIS2_PLACEMENT_3D('',#15220,#12290,#12291);
#10685=AXIS2_PLACEMENT_3D('',#15226,#12295,#12296);
#10686=AXIS2_PLACEMENT_3D('',#15240,#12304,#12305);
#10687=AXIS2_PLACEMENT_3D('',#15241,#12306,#12307);
#10688=AXIS2_PLACEMENT_3D('',#15243,#12308,#12309);
#10689=AXIS2_PLACEMENT_3D('',#15245,#12310,#12311);
#10690=AXIS2_PLACEMENT_3D('',#15248,#12314,#12315);
#10691=AXIS2_PLACEMENT_3D('',#15249,#12316,#12317);
#10692=AXIS2_PLACEMENT_3D('',#15255,#12322,#12323);
#10693=AXIS2_PLACEMENT_3D('',#15264,#12328,#12329);
#10694=AXIS2_PLACEMENT_3D('',#15265,#12330,#12331);
#10695=AXIS2_PLACEMENT_3D('',#15266,#12332,#12333);
#10696=AXIS2_PLACEMENT_3D('',#15268,#12334,#12335);
#10697=AXIS2_PLACEMENT_3D('',#15269,#12336,#12337);
#10698=AXIS2_PLACEMENT_3D('',#15272,#12340,#12341);
#10699=AXIS2_PLACEMENT_3D('',#15273,#12342,#12343);
#10700=AXIS2_PLACEMENT_3D('',#15274,#12344,#12345);
#10701=AXIS2_PLACEMENT_3D('',#15277,#12348,#12349);
#10702=AXIS2_PLACEMENT_3D('',#15278,#12350,#12351);
#10703=AXIS2_PLACEMENT_3D('',#15279,#12352,#12353);
#10704=AXIS2_PLACEMENT_3D('',#15282,#12356,#12357);
#10705=AXIS2_PLACEMENT_3D('',#15284,#12359,#12360);
#10706=AXIS2_PLACEMENT_3D('',#15286,#12362,#12363);
#10707=AXIS2_PLACEMENT_3D('',#15287,#12364,#12365);
#10708=AXIS2_PLACEMENT_3D('',#15296,#12370,#12371);
#10709=AXIS2_PLACEMENT_3D('',#15305,#12376,#12377);
#10710=AXIS2_PLACEMENT_3D('',#15318,#12384,#12385);
#10711=AXIS2_PLACEMENT_3D('',#15328,#12391,#12392);
#10712=AXIS2_PLACEMENT_3D('',#15342,#12400,#12401);
#10713=AXIS2_PLACEMENT_3D('',#15343,#12402,#12403);
#10714=AXIS2_PLACEMENT_3D('',#15344,#12404,#12405);
#10715=AXIS2_PLACEMENT_3D('',#15350,#12408,#12409);
#10716=AXIS2_PLACEMENT_3D('',#15351,#12410,#12411);
#10717=AXIS2_PLACEMENT_3D('',#15361,#12417,#12418);
#10718=AXIS2_PLACEMENT_3D('',#15362,#12419,#12420);
#10719=AXIS2_PLACEMENT_3D('',#15363,#12421,#12422);
#10720=AXIS2_PLACEMENT_3D('',#15364,#12423,#12424);
#10721=AXIS2_PLACEMENT_3D('',#15367,#12426,#12427);
#10722=AXIS2_PLACEMENT_3D('',#15368,#12428,#12429);
#10723=AXIS2_PLACEMENT_3D('',#15370,#12431,#12432);
#10724=AXIS2_PLACEMENT_3D('',#15380,#12438,#12439);
#10725=AXIS2_PLACEMENT_3D('',#15384,#12442,#12443);
#10726=AXIS2_PLACEMENT_3D('',#15390,#12447,#12448);
#10727=AXIS2_PLACEMENT_3D('',#15394,#12451,#12452);
#10728=AXIS2_PLACEMENT_3D('',#15395,#12453,#12454);
#10729=AXIS2_PLACEMENT_3D('',#15398,#12457,#12458);
#10730=AXIS2_PLACEMENT_3D('',#15400,#12460,#12461);
#10731=AXIS2_PLACEMENT_3D('',#15405,#12466,#12467);
#10732=AXIS2_PLACEMENT_3D('',#15406,#12468,#12469);
#10733=AXIS2_PLACEMENT_3D('',#15407,#12470,#12471);
#10734=AXIS2_PLACEMENT_3D('',#15408,#12472,#12473);
#10735=AXIS2_PLACEMENT_3D('',#15409,#12474,#12475);
#10736=AXIS2_PLACEMENT_3D('',#15410,#12476,#12477);
#10737=AXIS2_PLACEMENT_3D('',#15411,#12478,#12479);
#10738=AXIS2_PLACEMENT_3D('',#15413,#12480,#12481);
#10739=AXIS2_PLACEMENT_3D('',#15415,#12482,#12483);
#10740=AXIS2_PLACEMENT_3D('',#15416,#12484,#12485);
#10741=AXIS2_PLACEMENT_3D('',#15418,#12486,#12487);
#10742=AXIS2_PLACEMENT_3D('',#15420,#12488,#12489);
#10743=AXIS2_PLACEMENT_3D('',#15421,#12490,#12491);
#10744=AXIS2_PLACEMENT_3D('',#15422,#12492,#12493);
#10745=AXIS2_PLACEMENT_3D('',#15423,#12494,#12495);
#10746=AXIS2_PLACEMENT_3D('',#15424,#12496,#12497);
#10747=AXIS2_PLACEMENT_3D('',#15426,#12498,#12499);
#10748=AXIS2_PLACEMENT_3D('',#15428,#12500,#12501);
#10749=AXIS2_PLACEMENT_3D('',#15429,#12502,#12503);
#10750=AXIS2_PLACEMENT_3D('',#15431,#12504,#12505);
#10751=AXIS2_PLACEMENT_3D('',#15433,#12506,#12507);
#10752=AXIS2_PLACEMENT_3D('',#15434,#12508,#12509);
#10753=AXIS2_PLACEMENT_3D('',#15435,#12510,#12511);
#10754=AXIS2_PLACEMENT_3D('',#15436,#12512,#12513);
#10755=AXIS2_PLACEMENT_3D('',#15437,#12514,#12515);
#10756=AXIS2_PLACEMENT_3D('',#15439,#12516,#12517);
#10757=AXIS2_PLACEMENT_3D('',#15441,#12518,#12519);
#10758=AXIS2_PLACEMENT_3D('',#15442,#12520,#12521);
#10759=AXIS2_PLACEMENT_3D('',#15444,#12522,#12523);
#10760=AXIS2_PLACEMENT_3D('',#15446,#12524,#12525);
#10761=AXIS2_PLACEMENT_3D('',#15447,#12526,#12527);
#10762=AXIS2_PLACEMENT_3D('',#15448,#12528,#12529);
#10763=AXIS2_PLACEMENT_3D('',#15449,#12530,#12531);
#10764=AXIS2_PLACEMENT_3D('',#15450,#12532,#12533);
#10765=AXIS2_PLACEMENT_3D('',#15459,#12538,#12539);
#10766=AXIS2_PLACEMENT_3D('',#15465,#12543,#12544);
#10767=AXIS2_PLACEMENT_3D('',#15471,#12548,#12549);
#10768=AXIS2_PLACEMENT_3D('',#15474,#12552,#12553);
#10769=AXIS2_PLACEMENT_3D('',#15475,#12554,#12555);
#10770=AXIS2_PLACEMENT_3D('',#15477,#12556,#12557);
#10771=AXIS2_PLACEMENT_3D('',#15478,#12558,#12559);
#10772=AXIS2_PLACEMENT_3D('',#15479,#12560,#12561);
#10773=AXIS2_PLACEMENT_3D('',#15481,#12562,#12563);
#10774=AXIS2_PLACEMENT_3D('',#15482,#12564,#12565);
#10775=AXIS2_PLACEMENT_3D('',#15483,#12566,#12567);
#10776=AXIS2_PLACEMENT_3D('',#15492,#12572,#12573);
#10777=AXIS2_PLACEMENT_3D('',#15498,#12577,#12578);
#10778=AXIS2_PLACEMENT_3D('',#15504,#12582,#12583);
#10779=AXIS2_PLACEMENT_3D('',#15507,#12586,#12587);
#10780=AXIS2_PLACEMENT_3D('',#15508,#12588,#12589);
#10781=AXIS2_PLACEMENT_3D('',#15510,#12590,#12591);
#10782=AXIS2_PLACEMENT_3D('',#15511,#12592,#12593);
#10783=AXIS2_PLACEMENT_3D('',#15512,#12594,#12595);
#10784=AXIS2_PLACEMENT_3D('',#15514,#12596,#12597);
#10785=AXIS2_PLACEMENT_3D('',#15515,#12598,#12599);
#10786=AXIS2_PLACEMENT_3D('',#15516,#12600,#12601);
#10787=AXIS2_PLACEMENT_3D('',#15517,#12602,#12603);
#10788=AXIS2_PLACEMENT_3D('',#15521,#12605,#12606);
#10789=AXIS2_PLACEMENT_3D('',#15525,#12608,#12609);
#10790=AXIS2_PLACEMENT_3D('',#15526,#12610,#12611);
#10791=AXIS2_PLACEMENT_3D('',#15530,#12613,#12614);
#10792=AXIS2_PLACEMENT_3D('',#15534,#12616,#12617);
#10793=AXIS2_PLACEMENT_3D('',#15535,#12618,#12619);
#10794=AXIS2_PLACEMENT_3D('',#15539,#12621,#12622);
#10795=AXIS2_PLACEMENT_3D('',#15543,#12624,#12625);
#10796=AXIS2_PLACEMENT_3D('',#15544,#12626,#12627);
#10797=AXIS2_PLACEMENT_3D('',#15548,#12629,#12630);
#10798=AXIS2_PLACEMENT_3D('',#15552,#12632,#12633);
#10799=AXIS2_PLACEMENT_3D('',#15554,#12634,#12635);
#10800=AXIS2_PLACEMENT_3D('',#15555,#12636,#12637);
#10801=AXIS2_PLACEMENT_3D('',#15568,#12639,#12640);
#10802=AXIS2_PLACEMENT_3D('',#15593,#12643,#12644);
#10803=AXIS2_PLACEMENT_3D('',#15618,#12647,#12648);
#10804=AXIS2_PLACEMENT_3D('',#15631,#12650,#12651);
#10805=AXIS2_PLACEMENT_3D('',#15646,#12653,#12654);
#10806=AXIS2_PLACEMENT_3D('',#15676,#12657,#12658);
#10807=AXIS2_PLACEMENT_3D('',#15684,#12660,#12661);
#10808=AXIS2_PLACEMENT_3D('',#15686,#12662,#12663);
#10809=AXIS2_PLACEMENT_3D('',#15688,#12664,#12665);
#10810=AXIS2_PLACEMENT_3D('',#15693,#12668,#12669);
#10811=AXIS2_PLACEMENT_3D('',#15694,#12670,#12671);
#10812=AXIS2_PLACEMENT_3D('',#15703,#12676,#12677);
#10813=AXIS2_PLACEMENT_3D('',#15704,#12678,#12679);
#10814=AXIS2_PLACEMENT_3D('',#15708,#12681,#12682);
#10815=AXIS2_PLACEMENT_3D('',#15709,#12683,#12684);
#10816=AXIS2_PLACEMENT_3D('',#15715,#12688,#12689);
#10817=AXIS2_PLACEMENT_3D('',#15716,#12690,#12691);
#10818=AXIS2_PLACEMENT_3D('',#15717,#12692,#12693);
#10819=AXIS2_PLACEMENT_3D('',#15718,#12694,#12695);
#10820=AXIS2_PLACEMENT_3D('',#15719,#12696,#12697);
#10821=AXIS2_PLACEMENT_3D('',#15720,#12698,#12699);
#10822=AXIS2_PLACEMENT_3D('',#15726,#12703,#12704);
#10823=AXIS2_PLACEMENT_3D('',#15732,#12708,#12709);
#10824=AXIS2_PLACEMENT_3D('',#15733,#12710,#12711);
#10825=AXIS2_PLACEMENT_3D('',#15738,#12714,#12715);
#10826=AXIS2_PLACEMENT_3D('',#15743,#12716,#12717);
#10827=AXIS2_PLACEMENT_3D('',#15748,#12718,#12719);
#10828=AXIS2_PLACEMENT_3D('',#15753,#12720,#12721);
#10829=AXIS2_PLACEMENT_3D('',#15758,#12722,#12723);
#10830=AXIS2_PLACEMENT_3D('',#15759,#12724,#12725);
#10831=AXIS2_PLACEMENT_3D('',#15772,#12727,#12728);
#10832=AXIS2_PLACEMENT_3D('',#15773,#12729,#12730);
#10833=AXIS2_PLACEMENT_3D('',#15774,#12731,#12732);
#10834=AXIS2_PLACEMENT_3D('',#15787,#12734,#12735);
#10835=AXIS2_PLACEMENT_3D('',#15788,#12736,#12737);
#10836=AXIS2_PLACEMENT_3D('',#15794,#12741,#12742);
#10837=AXIS2_PLACEMENT_3D('',#15797,#12745,#12746);
#10838=AXIS2_PLACEMENT_3D('',#15798,#12747,#12748);
#10839=AXIS2_PLACEMENT_3D('',#15802,#12751,#12752);
#10840=AXIS2_PLACEMENT_3D('',#15803,#12753,#12754);
#10841=AXIS2_PLACEMENT_3D('',#15804,#12755,#12756);
#10842=AXIS2_PLACEMENT_3D('',#15809,#12757,#12758);
#10843=AXIS2_PLACEMENT_3D('',#15814,#12759,#12760);
#10844=AXIS2_PLACEMENT_3D('',#15815,#12761,#12762);
#10845=AXIS2_PLACEMENT_3D('',#15828,#12764,#12765);
#10846=AXIS2_PLACEMENT_3D('',#15829,#12766,#12767);
#10847=AXIS2_PLACEMENT_3D('',#15832,#12770,#12771);
#10848=AXIS2_PLACEMENT_3D('',#15838,#12775,#12776);
#10849=AXIS2_PLACEMENT_3D('',#15840,#12778,#12779);
#10850=AXIS2_PLACEMENT_3D('',#15843,#12781,#12782);
#10851=AXIS2_PLACEMENT_3D('',#15844,#12783,#12784);
#10852=AXIS2_PLACEMENT_3D('',#15849,#12785,#12786);
#10853=AXIS2_PLACEMENT_3D('',#15854,#12787,#12788);
#10854=AXIS2_PLACEMENT_3D('',#15855,#12789,#12790);
#10855=AXIS2_PLACEMENT_3D('',#15856,#12791,#12792);
#10856=AXIS2_PLACEMENT_3D('',#15859,#12794,#12795);
#10857=AXIS2_PLACEMENT_3D('',#15860,#12796,#12797);
#10858=AXIS2_PLACEMENT_3D('',#15866,#12801,#12802);
#10859=AXIS2_PLACEMENT_3D('',#15872,#12806,#12807);
#10860=AXIS2_PLACEMENT_3D('',#15873,#12808,#12809);
#10861=AXIS2_PLACEMENT_3D('',#15878,#12812,#12813);
#10862=AXIS2_PLACEMENT_3D('',#15879,#12814,#12815);
#10863=AXIS2_PLACEMENT_3D('',#15880,#12816,#12817);
#10864=AXIS2_PLACEMENT_3D('',#15881,#12818,#12819);
#10865=AXIS2_PLACEMENT_3D('',#15882,#12820,#12821);
#10866=AXIS2_PLACEMENT_3D('',#15883,#12822,#12823);
#10867=AXIS2_PLACEMENT_3D('',#15884,#12824,#12825);
#10868=AXIS2_PLACEMENT_3D('',#15889,#12826,#12827);
#10869=AXIS2_PLACEMENT_3D('',#15894,#12828,#12829);
#10870=AXIS2_PLACEMENT_3D('',#15895,#12830,#12831);
#10871=AXIS2_PLACEMENT_3D('',#15896,#12832,#12833);
#10872=AXIS2_PLACEMENT_3D('',#15909,#12835,#12836);
#10873=AXIS2_PLACEMENT_3D('',#15912,#12839,#12840);
#10874=AXIS2_PLACEMENT_3D('',#15915,#12843,#12844);
#10875=AXIS2_PLACEMENT_3D('',#15917,#12846,#12847);
#10876=AXIS2_PLACEMENT_3D('',#15919,#12849,#12850);
#10877=AXIS2_PLACEMENT_3D('',#15920,#12851,#12852);
#10878=AXIS2_PLACEMENT_3D('',#15921,#12853,#12854);
#10879=AXIS2_PLACEMENT_3D('',#15922,#12855,#12856);
#10880=AXIS2_PLACEMENT_3D('',#15923,#12857,#12858);
#10881=AXIS2_PLACEMENT_3D('',#15924,#12859,#12860);
#10882=AXIS2_PLACEMENT_3D('',#15926,#12861,#12862);
#10883=AXIS2_PLACEMENT_3D('',#15928,#12863,#12864);
#10884=AXIS2_PLACEMENT_3D('',#15929,#12865,#12866);
#10885=AXIS2_PLACEMENT_3D('',#15930,#12867,#12868);
#10886=AXIS2_PLACEMENT_3D('',#15931,#12869,#12870);
#10887=AXIS2_PLACEMENT_3D('',#15932,#12871,#12872);
#10888=AXIS2_PLACEMENT_3D('',#15933,#12873,#12874);
#10889=AXIS2_PLACEMENT_3D('',#15935,#12875,#12876);
#10890=AXIS2_PLACEMENT_3D('',#15937,#12877,#12878);
#10891=AXIS2_PLACEMENT_3D('',#15938,#12879,#12880);
#10892=AXIS2_PLACEMENT_3D('',#15940,#12881,#12882);
#10893=AXIS2_PLACEMENT_3D('',#15942,#12883,#12884);
#10894=AXIS2_PLACEMENT_3D('',#15943,#12885,#12886);
#10895=AXIS2_PLACEMENT_3D('',#15944,#12887,#12888);
#10896=AXIS2_PLACEMENT_3D('',#15945,#12889,#12890);
#10897=AXIS2_PLACEMENT_3D('',#15949,#12892,#12893);
#10898=AXIS2_PLACEMENT_3D('',#15953,#12895,#12896);
#10899=AXIS2_PLACEMENT_3D('',#15954,#12897,#12898);
#10900=AXIS2_PLACEMENT_3D('',#15958,#12900,#12901);
#10901=AXIS2_PLACEMENT_3D('',#15962,#12903,#12904);
#10902=AXIS2_PLACEMENT_3D('',#15963,#12905,#12906);
#10903=AXIS2_PLACEMENT_3D('',#15967,#12908,#12909);
#10904=AXIS2_PLACEMENT_3D('',#15971,#12911,#12912);
#10905=AXIS2_PLACEMENT_3D('',#15972,#12913,#12914);
#10906=AXIS2_PLACEMENT_3D('',#15976,#12916,#12917);
#10907=AXIS2_PLACEMENT_3D('',#15980,#12919,#12920);
#10908=AXIS2_PLACEMENT_3D('',#15982,#12921,#12922);
#10909=AXIS2_PLACEMENT_3D('',#15983,#12923,#12924);
#10910=AXIS2_PLACEMENT_3D('',#15996,#12926,#12927);
#10911=AXIS2_PLACEMENT_3D('',#16021,#12930,#12931);
#10912=AXIS2_PLACEMENT_3D('',#16046,#12934,#12935);
#10913=AXIS2_PLACEMENT_3D('',#16059,#12937,#12938);
#10914=AXIS2_PLACEMENT_3D('',#16074,#12940,#12941);
#10915=AXIS2_PLACEMENT_3D('',#16104,#12944,#12945);
#10916=AXIS2_PLACEMENT_3D('',#16112,#12947,#12948);
#10917=AXIS2_PLACEMENT_3D('',#16114,#12949,#12950);
#10918=AXIS2_PLACEMENT_3D('',#16116,#12951,#12952);
#10919=AXIS2_PLACEMENT_3D('',#16121,#12955,#12956);
#10920=AXIS2_PLACEMENT_3D('',#16122,#12957,#12958);
#10921=AXIS2_PLACEMENT_3D('',#16131,#12963,#12964);
#10922=AXIS2_PLACEMENT_3D('',#16132,#12965,#12966);
#10923=AXIS2_PLACEMENT_3D('',#16136,#12968,#12969);
#10924=AXIS2_PLACEMENT_3D('',#16137,#12970,#12971);
#10925=AXIS2_PLACEMENT_3D('',#16143,#12975,#12976);
#10926=AXIS2_PLACEMENT_3D('',#16144,#12977,#12978);
#10927=AXIS2_PLACEMENT_3D('',#16145,#12979,#12980);
#10928=AXIS2_PLACEMENT_3D('',#16146,#12981,#12982);
#10929=AXIS2_PLACEMENT_3D('',#16147,#12983,#12984);
#10930=AXIS2_PLACEMENT_3D('',#16148,#12985,#12986);
#10931=AXIS2_PLACEMENT_3D('',#16154,#12990,#12991);
#10932=AXIS2_PLACEMENT_3D('',#16160,#12995,#12996);
#10933=AXIS2_PLACEMENT_3D('',#16161,#12997,#12998);
#10934=AXIS2_PLACEMENT_3D('',#16166,#13001,#13002);
#10935=AXIS2_PLACEMENT_3D('',#16171,#13003,#13004);
#10936=AXIS2_PLACEMENT_3D('',#16176,#13005,#13006);
#10937=AXIS2_PLACEMENT_3D('',#16181,#13007,#13008);
#10938=AXIS2_PLACEMENT_3D('',#16186,#13009,#13010);
#10939=AXIS2_PLACEMENT_3D('',#16187,#13011,#13012);
#10940=AXIS2_PLACEMENT_3D('',#16200,#13014,#13015);
#10941=AXIS2_PLACEMENT_3D('',#16201,#13016,#13017);
#10942=AXIS2_PLACEMENT_3D('',#16202,#13018,#13019);
#10943=AXIS2_PLACEMENT_3D('',#16215,#13021,#13022);
#10944=AXIS2_PLACEMENT_3D('',#16216,#13023,#13024);
#10945=AXIS2_PLACEMENT_3D('',#16222,#13028,#13029);
#10946=AXIS2_PLACEMENT_3D('',#16225,#13032,#13033);
#10947=AXIS2_PLACEMENT_3D('',#16226,#13034,#13035);
#10948=AXIS2_PLACEMENT_3D('',#16230,#13038,#13039);
#10949=AXIS2_PLACEMENT_3D('',#16231,#13040,#13041);
#10950=AXIS2_PLACEMENT_3D('',#16232,#13042,#13043);
#10951=AXIS2_PLACEMENT_3D('',#16237,#13044,#13045);
#10952=AXIS2_PLACEMENT_3D('',#16242,#13046,#13047);
#10953=AXIS2_PLACEMENT_3D('',#16243,#13048,#13049);
#10954=AXIS2_PLACEMENT_3D('',#16256,#13051,#13052);
#10955=AXIS2_PLACEMENT_3D('',#16257,#13053,#13054);
#10956=AXIS2_PLACEMENT_3D('',#16260,#13057,#13058);
#10957=AXIS2_PLACEMENT_3D('',#16266,#13062,#13063);
#10958=AXIS2_PLACEMENT_3D('',#16268,#13065,#13066);
#10959=AXIS2_PLACEMENT_3D('',#16271,#13068,#13069);
#10960=AXIS2_PLACEMENT_3D('',#16272,#13070,#13071);
#10961=AXIS2_PLACEMENT_3D('',#16277,#13072,#13073);
#10962=AXIS2_PLACEMENT_3D('',#16282,#13074,#13075);
#10963=AXIS2_PLACEMENT_3D('',#16283,#13076,#13077);
#10964=AXIS2_PLACEMENT_3D('',#16284,#13078,#13079);
#10965=AXIS2_PLACEMENT_3D('',#16287,#13081,#13082);
#10966=AXIS2_PLACEMENT_3D('',#16288,#13083,#13084);
#10967=AXIS2_PLACEMENT_3D('',#16294,#13088,#13089);
#10968=AXIS2_PLACEMENT_3D('',#16300,#13093,#13094);
#10969=AXIS2_PLACEMENT_3D('',#16301,#13095,#13096);
#10970=AXIS2_PLACEMENT_3D('',#16306,#13099,#13100);
#10971=AXIS2_PLACEMENT_3D('',#16307,#13101,#13102);
#10972=AXIS2_PLACEMENT_3D('',#16308,#13103,#13104);
#10973=AXIS2_PLACEMENT_3D('',#16309,#13105,#13106);
#10974=AXIS2_PLACEMENT_3D('',#16310,#13107,#13108);
#10975=AXIS2_PLACEMENT_3D('',#16311,#13109,#13110);
#10976=AXIS2_PLACEMENT_3D('',#16312,#13111,#13112);
#10977=AXIS2_PLACEMENT_3D('',#16317,#13113,#13114);
#10978=AXIS2_PLACEMENT_3D('',#16322,#13115,#13116);
#10979=AXIS2_PLACEMENT_3D('',#16323,#13117,#13118);
#10980=AXIS2_PLACEMENT_3D('',#16324,#13119,#13120);
#10981=AXIS2_PLACEMENT_3D('',#16337,#13122,#13123);
#10982=AXIS2_PLACEMENT_3D('',#16340,#13126,#13127);
#10983=AXIS2_PLACEMENT_3D('',#16343,#13130,#13131);
#10984=AXIS2_PLACEMENT_3D('',#16345,#13133,#13134);
#10985=AXIS2_PLACEMENT_3D('',#16347,#13136,#13137);
#10986=AXIS2_PLACEMENT_3D('',#16348,#13138,#13139);
#10987=AXIS2_PLACEMENT_3D('',#16349,#13140,#13141);
#10988=AXIS2_PLACEMENT_3D('',#16350,#13142,#13143);
#10989=AXIS2_PLACEMENT_3D('',#16351,#13144,#13145);
#10990=AXIS2_PLACEMENT_3D('',#16352,#13146,#13147);
#10991=AXIS2_PLACEMENT_3D('',#16354,#13148,#13149);
#10992=AXIS2_PLACEMENT_3D('',#16356,#13150,#13151);
#10993=AXIS2_PLACEMENT_3D('',#16357,#13152,#13153);
#10994=AXIS2_PLACEMENT_3D('',#16358,#13154,#13155);
#10995=AXIS2_PLACEMENT_3D('',#16359,#13156,#13157);
#10996=AXIS2_PLACEMENT_3D('',#16360,#13158,#13159);
#10997=AXIS2_PLACEMENT_3D('',#16361,#13160,#13161);
#10998=AXIS2_PLACEMENT_3D('',#16362,#13162,#13163);
#10999=AXIS2_PLACEMENT_3D('',#16369,#13164,#13165);
#11000=AXIS2_PLACEMENT_3D('',#16383,#13167,#13168);
#11001=AXIS2_PLACEMENT_3D('',#16397,#13170,#13171);
#11002=AXIS2_PLACEMENT_3D('',#16411,#13173,#13174);
#11003=AXIS2_PLACEMENT_3D('',#16425,#13176,#13177);
#11004=AXIS2_PLACEMENT_3D('',#16439,#13179,#13180);
#11005=AXIS2_PLACEMENT_3D('',#16453,#13182,#13183);
#11006=AXIS2_PLACEMENT_3D('',#16467,#13185,#13186);
#11007=AXIS2_PLACEMENT_3D('',#16481,#13188,#13189);
#11008=AXIS2_PLACEMENT_3D('',#16495,#13191,#13192);
#11009=AXIS2_PLACEMENT_3D('',#16503,#13194,#13195);
#11010=AXIS2_PLACEMENT_3D('',#16505,#13196,#13197);
#11011=AXIS2_PLACEMENT_3D('',#16510,#13200,#13201);
#11012=AXIS2_PLACEMENT_3D('',#16512,#13202,#13203);
#11013=AXIS2_PLACEMENT_3D('',#16517,#13206,#13207);
#11014=AXIS2_PLACEMENT_3D('',#16522,#13210,#13211);
#11015=AXIS2_PLACEMENT_3D('',#16527,#13214,#13215);
#11016=AXIS2_PLACEMENT_3D('',#16532,#13218,#13219);
#11017=AXIS2_PLACEMENT_3D('',#16533,#13220,#13221);
#11018=AXIS2_PLACEMENT_3D('',#16542,#13226,#13227);
#11019=AXIS2_PLACEMENT_3D('',#16543,#13228,#13229);
#11020=AXIS2_PLACEMENT_3D('',#16547,#13231,#13232);
#11021=AXIS2_PLACEMENT_3D('',#16548,#13233,#13234);
#11022=AXIS2_PLACEMENT_3D('',#16554,#13238,#13239);
#11023=AXIS2_PLACEMENT_3D('',#16555,#13240,#13241);
#11024=AXIS2_PLACEMENT_3D('',#16556,#13242,#13243);
#11025=AXIS2_PLACEMENT_3D('',#16557,#13244,#13245);
#11026=AXIS2_PLACEMENT_3D('',#16558,#13246,#13247);
#11027=AXIS2_PLACEMENT_3D('',#16559,#13248,#13249);
#11028=AXIS2_PLACEMENT_3D('',#16565,#13253,#13254);
#11029=AXIS2_PLACEMENT_3D('',#16571,#13258,#13259);
#11030=AXIS2_PLACEMENT_3D('',#16572,#13260,#13261);
#11031=AXIS2_PLACEMENT_3D('',#16577,#13264,#13265);
#11032=AXIS2_PLACEMENT_3D('',#16582,#13266,#13267);
#11033=AXIS2_PLACEMENT_3D('',#16587,#13268,#13269);
#11034=AXIS2_PLACEMENT_3D('',#16592,#13270,#13271);
#11035=AXIS2_PLACEMENT_3D('',#16597,#13272,#13273);
#11036=AXIS2_PLACEMENT_3D('',#16598,#13274,#13275);
#11037=AXIS2_PLACEMENT_3D('',#16611,#13277,#13278);
#11038=AXIS2_PLACEMENT_3D('',#16612,#13279,#13280);
#11039=AXIS2_PLACEMENT_3D('',#16613,#13281,#13282);
#11040=AXIS2_PLACEMENT_3D('',#16626,#13284,#13285);
#11041=AXIS2_PLACEMENT_3D('',#16627,#13286,#13287);
#11042=AXIS2_PLACEMENT_3D('',#16633,#13291,#13292);
#11043=AXIS2_PLACEMENT_3D('',#16636,#13295,#13296);
#11044=AXIS2_PLACEMENT_3D('',#16637,#13297,#13298);
#11045=AXIS2_PLACEMENT_3D('',#16641,#13301,#13302);
#11046=AXIS2_PLACEMENT_3D('',#16642,#13303,#13304);
#11047=AXIS2_PLACEMENT_3D('',#16643,#13305,#13306);
#11048=AXIS2_PLACEMENT_3D('',#16648,#13307,#13308);
#11049=AXIS2_PLACEMENT_3D('',#16653,#13309,#13310);
#11050=AXIS2_PLACEMENT_3D('',#16654,#13311,#13312);
#11051=AXIS2_PLACEMENT_3D('',#16667,#13314,#13315);
#11052=AXIS2_PLACEMENT_3D('',#16668,#13316,#13317);
#11053=AXIS2_PLACEMENT_3D('',#16671,#13320,#13321);
#11054=AXIS2_PLACEMENT_3D('',#16677,#13325,#13326);
#11055=AXIS2_PLACEMENT_3D('',#16679,#13328,#13329);
#11056=AXIS2_PLACEMENT_3D('',#16682,#13331,#13332);
#11057=AXIS2_PLACEMENT_3D('',#16683,#13333,#13334);
#11058=AXIS2_PLACEMENT_3D('',#16688,#13335,#13336);
#11059=AXIS2_PLACEMENT_3D('',#16693,#13337,#13338);
#11060=AXIS2_PLACEMENT_3D('',#16694,#13339,#13340);
#11061=AXIS2_PLACEMENT_3D('',#16695,#13341,#13342);
#11062=AXIS2_PLACEMENT_3D('',#16698,#13344,#13345);
#11063=AXIS2_PLACEMENT_3D('',#16699,#13346,#13347);
#11064=AXIS2_PLACEMENT_3D('',#16705,#13351,#13352);
#11065=AXIS2_PLACEMENT_3D('',#16711,#13356,#13357);
#11066=AXIS2_PLACEMENT_3D('',#16712,#13358,#13359);
#11067=AXIS2_PLACEMENT_3D('',#16717,#13362,#13363);
#11068=AXIS2_PLACEMENT_3D('',#16718,#13364,#13365);
#11069=AXIS2_PLACEMENT_3D('',#16719,#13366,#13367);
#11070=AXIS2_PLACEMENT_3D('',#16720,#13368,#13369);
#11071=AXIS2_PLACEMENT_3D('',#16721,#13370,#13371);
#11072=AXIS2_PLACEMENT_3D('',#16722,#13372,#13373);
#11073=AXIS2_PLACEMENT_3D('',#16723,#13374,#13375);
#11074=AXIS2_PLACEMENT_3D('',#16728,#13376,#13377);
#11075=AXIS2_PLACEMENT_3D('',#16733,#13378,#13379);
#11076=AXIS2_PLACEMENT_3D('',#16734,#13380,#13381);
#11077=AXIS2_PLACEMENT_3D('',#16735,#13382,#13383);
#11078=AXIS2_PLACEMENT_3D('',#16748,#13385,#13386);
#11079=AXIS2_PLACEMENT_3D('',#16751,#13389,#13390);
#11080=AXIS2_PLACEMENT_3D('',#16754,#13393,#13394);
#11081=AXIS2_PLACEMENT_3D('',#16756,#13396,#13397);
#11082=AXIS2_PLACEMENT_3D('',#16758,#13399,#13400);
#11083=AXIS2_PLACEMENT_3D('',#16759,#13401,#13402);
#11084=AXIS2_PLACEMENT_3D('',#16760,#13403,#13404);
#11085=AXIS2_PLACEMENT_3D('',#16761,#13405,#13406);
#11086=AXIS2_PLACEMENT_3D('',#16762,#13407,#13408);
#11087=AXIS2_PLACEMENT_3D('',#16763,#13409,#13410);
#11088=AXIS2_PLACEMENT_3D('',#16765,#13411,#13412);
#11089=AXIS2_PLACEMENT_3D('',#16767,#13413,#13414);
#11090=AXIS2_PLACEMENT_3D('',#16768,#13415,#13416);
#11091=AXIS2_PLACEMENT_3D('',#16769,#13417,#13418);
#11092=AXIS2_PLACEMENT_3D('',#16770,#13419,#13420);
#11093=AXIS2_PLACEMENT_3D('',#16771,#13421,#13422);
#11094=AXIS2_PLACEMENT_3D('',#16784,#13429,#13430);
#11095=AXIS2_PLACEMENT_3D('',#16797,#13437,#13438);
#11096=AXIS2_PLACEMENT_3D('',#16798,#13439,#13440);
#11097=AXIS2_PLACEMENT_3D('',#16800,#13441,#13442);
#11098=AXIS2_PLACEMENT_3D('',#16801,#13443,#13444);
#11099=AXIS2_PLACEMENT_3D('',#16803,#13445,#13446);
#11100=AXIS2_PLACEMENT_3D('',#16804,#13447,#13448);
#11101=AXIS2_PLACEMENT_3D('',#16806,#13449,#13450);
#11102=AXIS2_PLACEMENT_3D('',#16856,#13475,#13476);
#11103=AXIS2_PLACEMENT_3D('',#16865,#13481,#13482);
#11104=AXIS2_PLACEMENT_3D('',#16874,#13487,#13488);
#11105=AXIS2_PLACEMENT_3D('',#16884,#13494,#13495);
#11106=AXIS2_PLACEMENT_3D('',#16894,#13501,#13502);
#11107=AXIS2_PLACEMENT_3D('',#16904,#13508,#13509);
#11108=AXIS2_PLACEMENT_3D('',#16914,#13515,#13516);
#11109=AXIS2_PLACEMENT_3D('',#16915,#13517,#13518);
#11110=AXIS2_PLACEMENT_3D('',#16917,#13519,#13520);
#11111=AXIS2_PLACEMENT_3D('',#16919,#13521,#13522);
#11112=AXIS2_PLACEMENT_3D('',#16921,#13523,#13524);
#11113=AXIS2_PLACEMENT_3D('',#16923,#13525,#13526);
#11114=AXIS2_PLACEMENT_3D('',#16925,#13527,#13528);
#11115=AXIS2_PLACEMENT_3D('',#16929,#13531,#13532);
#11116=AXIS2_PLACEMENT_3D('',#16931,#13534,#13535);
#11117=AXIS2_PLACEMENT_3D('',#16933,#13537,#13538);
#11118=AXIS2_PLACEMENT_3D('',#16935,#13540,#13541);
#11119=AXIS2_PLACEMENT_3D('',#16937,#13543,#13544);
#11120=AXIS2_PLACEMENT_3D('',#16939,#13546,#13547);
#11121=AXIS2_PLACEMENT_3D('',#16941,#13549,#13550);
#11122=AXIS2_PLACEMENT_3D('',#16942,#13551,#13552);
#11123=AXIS2_PLACEMENT_3D('',#16944,#13553,#13554);
#11124=AXIS2_PLACEMENT_3D('',#16945,#13555,#13556);
#11125=AXIS2_PLACEMENT_3D('',#16947,#13557,#13558);
#11126=AXIS2_PLACEMENT_3D('',#16960,#13567,#13568);
#11127=AXIS2_PLACEMENT_3D('',#16962,#13570,#13571);
#11128=AXIS2_PLACEMENT_3D('',#16964,#13573,#13574);
#11129=AXIS2_PLACEMENT_3D('',#16965,#13575,#13576);
#11130=AXIS2_PLACEMENT_3D('',#16966,#13577,#13578);
#11131=AXIS2_PLACEMENT_3D('',#16967,#13579,#13580);
#11132=AXIS2_PLACEMENT_3D('',#16976,#13585,#13586);
#11133=AXIS2_PLACEMENT_3D('',#16982,#13590,#13591);
#11134=AXIS2_PLACEMENT_3D('',#16988,#13595,#13596);
#11135=AXIS2_PLACEMENT_3D('',#16994,#13600,#13601);
#11136=AXIS2_PLACEMENT_3D('',#16999,#13605,#13606);
#11137=AXIS2_PLACEMENT_3D('',#17004,#13610,#13611);
#11138=AXIS2_PLACEMENT_3D('',#17008,#13614,#13615);
#11139=AXIS2_PLACEMENT_3D('',#17014,#13619,#13620);
#11140=AXIS2_PLACEMENT_3D('',#17021,#13625,#13626);
#11141=AXIS2_PLACEMENT_3D('',#17025,#13629,#13630);
#11142=AXIS2_PLACEMENT_3D('',#17035,#13636,#13637);
#11143=AXIS2_PLACEMENT_3D('',#17041,#13641,#13642);
#11144=AXIS2_PLACEMENT_3D('',#17047,#13646,#13647);
#11145=AXIS2_PLACEMENT_3D('',#17049,#13649,#13650);
#11146=AXIS2_PLACEMENT_3D('',#17050,#13651,#13652);
#11147=AXIS2_PLACEMENT_3D('',#17059,#13657,#13658);
#11148=AXIS2_PLACEMENT_3D('',#17065,#13662,#13663);
#11149=AXIS2_PLACEMENT_3D('',#17071,#13667,#13668);
#11150=AXIS2_PLACEMENT_3D('',#17077,#13672,#13673);
#11151=AXIS2_PLACEMENT_3D('',#17082,#13677,#13678);
#11152=AXIS2_PLACEMENT_3D('',#17087,#13682,#13683);
#11153=AXIS2_PLACEMENT_3D('',#17091,#13686,#13687);
#11154=AXIS2_PLACEMENT_3D('',#17097,#13691,#13692);
#11155=AXIS2_PLACEMENT_3D('',#17104,#13697,#13698);
#11156=AXIS2_PLACEMENT_3D('',#17108,#13701,#13702);
#11157=AXIS2_PLACEMENT_3D('',#17118,#13708,#13709);
#11158=AXIS2_PLACEMENT_3D('',#17124,#13713,#13714);
#11159=AXIS2_PLACEMENT_3D('',#17130,#13718,#13719);
#11160=AXIS2_PLACEMENT_3D('',#17132,#13721,#13722);
#11161=AXIS2_PLACEMENT_3D('',#17133,#13723,#13724);
#11162=AXIS2_PLACEMENT_3D('',#17134,#13725,#13726);
#11163=AXIS2_PLACEMENT_3D('',#17136,#13727,#13728);
#11164=AXIS2_PLACEMENT_3D('',#17137,#13729,#13730);
#11165=AXIS2_PLACEMENT_3D('',#17139,#13731,#13732);
#11166=AXIS2_PLACEMENT_3D('',#17140,#13733,#13734);
#11167=AXIS2_PLACEMENT_3D('',#17142,#13735,#13736);
#11168=AXIS2_PLACEMENT_3D('',#17143,#13737,#13738);
#11169=AXIS2_PLACEMENT_3D('',#17145,#13739,#13740);
#11170=AXIS2_PLACEMENT_3D('',#17146,#13741,#13742);
#11171=AXIS2_PLACEMENT_3D('',#17148,#13743,#13744);
#11172=AXIS2_PLACEMENT_3D('',#17149,#13745,#13746);
#11173=AXIS2_PLACEMENT_3D('',#17150,#13747,#13748);
#11174=AXIS2_PLACEMENT_3D('',#17152,#13749,#13750);
#11175=AXIS2_PLACEMENT_3D('',#17153,#13751,#13752);
#11176=AXIS2_PLACEMENT_3D('',#17154,#13753,#13754);
#11177=AXIS2_PLACEMENT_3D('',#17156,#13755,#13756);
#11178=AXIS2_PLACEMENT_3D('',#17157,#13757,#13758);
#11179=AXIS2_PLACEMENT_3D('',#17158,#13759,#13760);
#11180=AXIS2_PLACEMENT_3D('',#17160,#13761,#13762);
#11181=AXIS2_PLACEMENT_3D('',#17161,#13763,#13764);
#11182=AXIS2_PLACEMENT_3D('',#17162,#13765,#13766);
#11183=AXIS2_PLACEMENT_3D('',#17164,#13767,#13768);
#11184=AXIS2_PLACEMENT_3D('',#17165,#13769,#13770);
#11185=AXIS2_PLACEMENT_3D('',#17167,#13771,#13772);
#11186=AXIS2_PLACEMENT_3D('',#17169,#13773,#13774);
#11187=AXIS2_PLACEMENT_3D('',#17170,#13775,#13776);
#11188=AXIS2_PLACEMENT_3D('',#17172,#13777,#13778);
#11189=AXIS2_PLACEMENT_3D('',#17173,#13779,#13780);
#11190=AXIS2_PLACEMENT_3D('',#17175,#13781,#13782);
#11191=AXIS2_PLACEMENT_3D('',#17177,#13783,#13784);
#11192=AXIS2_PLACEMENT_3D('',#17178,#13785,#13786);
#11193=AXIS2_PLACEMENT_3D('',#17180,#13787,#13788);
#11194=AXIS2_PLACEMENT_3D('',#17181,#13789,#13790);
#11195=AXIS2_PLACEMENT_3D('',#17183,#13791,#13792);
#11196=AXIS2_PLACEMENT_3D('',#17184,#13793,#13794);
#11197=AXIS2_PLACEMENT_3D('',#17186,#13795,#13796);
#11198=AXIS2_PLACEMENT_3D('',#17187,#13797,#13798);
#11199=AXIS2_PLACEMENT_3D('',#17189,#13799,#13800);
#11200=AXIS2_PLACEMENT_3D('',#17191,#13802,#13803);
#11201=AXIS2_PLACEMENT_3D('',#17194,#13806,#13807);
#11202=AXIS2_PLACEMENT_3D('',#17195,#13808,#13809);
#11203=AXIS2_PLACEMENT_3D('',#17197,#13811,#13812);
#11204=AXIS2_PLACEMENT_3D('',#17200,#13815,#13816);
#11205=AXIS2_PLACEMENT_3D('',#17201,#13817,#13818);
#11206=AXIS2_PLACEMENT_3D('',#17203,#13820,#13821);
#11207=AXIS2_PLACEMENT_3D('',#17206,#13824,#13825);
#11208=AXIS2_PLACEMENT_3D('',#17207,#13826,#13827);
#11209=AXIS2_PLACEMENT_3D('',#17209,#13829,#13830);
#11210=AXIS2_PLACEMENT_3D('',#17212,#13833,#13834);
#11211=AXIS2_PLACEMENT_3D('',#17213,#13835,#13836);
#11212=AXIS2_PLACEMENT_3D('',#17214,#13837,#13838);
#11213=AXIS2_PLACEMENT_3D('',#17215,#13839,#13840);
#11214=AXIS2_PLACEMENT_3D('',#17216,#13841,#13842);
#11215=AXIS2_PLACEMENT_3D('',#17217,#13843,#13844);
#11216=AXIS2_PLACEMENT_3D('',#17223,#13848,#13849);
#11217=AXIS2_PLACEMENT_3D('',#17229,#13853,#13854);
#11218=AXIS2_PLACEMENT_3D('',#17238,#13859,#13860);
#11219=AXIS2_PLACEMENT_3D('',#17244,#13864,#13865);
#11220=AXIS2_PLACEMENT_3D('',#17250,#13869,#13870);
#11221=AXIS2_PLACEMENT_3D('',#17259,#13875,#13876);
#11222=AXIS2_PLACEMENT_3D('',#17261,#13878,#13879);
#11223=AXIS2_PLACEMENT_3D('',#17264,#13882,#13883);
#11224=AXIS2_PLACEMENT_3D('',#17266,#13885,#13886);
#11225=AXIS2_PLACEMENT_3D('',#17269,#13889,#13890);
#11226=AXIS2_PLACEMENT_3D('',#17271,#13892,#13893);
#11227=AXIS2_PLACEMENT_3D('',#17273,#13895,#13896);
#11228=AXIS2_PLACEMENT_3D('',#17274,#13897,#13898);
#11229=AXIS2_PLACEMENT_3D('',#17276,#13900,#13901);
#11230=AXIS2_PLACEMENT_3D('',#17278,#13903,#13904);
#11231=AXIS2_PLACEMENT_3D('',#17279,#13905,#13906);
#11232=AXIS2_PLACEMENT_3D('',#17280,#13907,#13908);
#11233=AXIS2_PLACEMENT_3D('',#17289,#13913,#13914);
#11234=AXIS2_PLACEMENT_3D('',#17295,#13918,#13919);
#11235=AXIS2_PLACEMENT_3D('',#17301,#13923,#13924);
#11236=AXIS2_PLACEMENT_3D('',#17304,#13927,#13928);
#11237=AXIS2_PLACEMENT_3D('',#17305,#13929,#13930);
#11238=AXIS2_PLACEMENT_3D('',#17307,#13931,#13932);
#11239=AXIS2_PLACEMENT_3D('',#17308,#13933,#13934);
#11240=AXIS2_PLACEMENT_3D('',#17309,#13935,#13936);
#11241=AXIS2_PLACEMENT_3D('',#17311,#13937,#13938);
#11242=AXIS2_PLACEMENT_3D('',#17312,#13939,#13940);
#11243=AXIS2_PLACEMENT_3D('',#17313,#13941,#13942);
#11244=AXIS2_PLACEMENT_3D('',#17314,#13943,#13944);
#11245=AXIS2_PLACEMENT_3D('',#17323,#13949,#13950);
#11246=AXIS2_PLACEMENT_3D('',#17329,#13954,#13955);
#11247=AXIS2_PLACEMENT_3D('',#17335,#13959,#13960);
#11248=AXIS2_PLACEMENT_3D('',#17338,#13963,#13964);
#11249=AXIS2_PLACEMENT_3D('',#17339,#13965,#13966);
#11250=AXIS2_PLACEMENT_3D('',#17341,#13967,#13968);
#11251=AXIS2_PLACEMENT_3D('',#17342,#13969,#13970);
#11252=AXIS2_PLACEMENT_3D('',#17343,#13971,#13972);
#11253=AXIS2_PLACEMENT_3D('',#17345,#13973,#13974);
#11254=AXIS2_PLACEMENT_3D('',#17346,#13975,#13976);
#11255=DIRECTION('',(0.,0.,1.));
#11256=DIRECTION('',(1.,0.,0.));
#11257=DIRECTION('',(0.707106781186548,0.707106781186548,-5.30436641447221E-16));
#11258=DIRECTION('',(3.77876430012033E-32,-7.50150692314295E-16,-1.));
#11259=DIRECTION('',(-7.32981099112321E-34,-7.50150692314295E-16,-1.));
#11260=DIRECTION('',(-0.707106781186548,0.707106781186548,0.));
#11261=DIRECTION('',(-3.77876430012033E-32,7.50150692314295E-16,1.));
#11262=DIRECTION('',(-0.577350269189625,0.577350269189625,-0.577350269189627));
#11263=DIRECTION('',(3.77876430012033E-32,-7.50150692314295E-16,-1.));
#11264=DIRECTION('',(-0.707106781186548,0.707106781186548,-5.30436641447221E-16));
#11265=DIRECTION('',(-0.707106781186548,0.707106781186547,-5.00223963285972E-16));
#11266=DIRECTION('',(4.27271792112513E-17,7.50150692314295E-16,1.));
#11267=DIRECTION('',(-0.707106781186547,-0.707106781186548,5.30436641447222E-16));
#11268=DIRECTION('',(4.27271792112513E-17,7.50150692314295E-16,1.));
#11269=DIRECTION('',(0.577350269189626,0.577350269189626,-0.577350269189626));
#11270=DIRECTION('',(-4.27271792112513E-17,-7.50150692314295E-16,-1.));
#11271=DIRECTION('',(-0.707106781186547,-0.707106781186548,0.));
#11272=DIRECTION('',(-1.8833040637704E-33,7.07423513103044E-16,1.));
#11273=DIRECTION('',(-0.707106781186548,0.707106781186548,-4.70011285124724E-16));
#11274=DIRECTION('',(-8.54543584225028E-17,-7.50150692314295E-16,-1.));
#11275=DIRECTION('',(-0.707106781186548,-0.707106781186548,5.90861997769719E-16));
#11276=DIRECTION('',(8.54543584225028E-17,7.50150692314295E-16,1.));
#11277=DIRECTION('',(-0.577350269189626,-0.577350269189625,0.577350269189626));
#11278=DIRECTION('',(-8.54543584225028E-17,-7.50150692314295E-16,-1.));
#11279=DIRECTION('',(-0.707106781186548,-0.707106781186548,0.));
#11280=DIRECTION('',(8.54543584225027E-17,7.50150692314295E-16,1.));
#11281=DIRECTION('',(0.707106781186547,0.707106781186548,-5.6064931960847E-16));
#11282=DIRECTION('',(4.27271792112513E-17,7.50150692314295E-16,1.));
#11283=DIRECTION('',(-8.54543584225027E-17,-7.07423513103044E-16,-1.));
#11284=DIRECTION('',(-0.707106781186548,0.707106781186547,0.));
#11285=DIRECTION('',(4.27271792112513E-17,7.50150692314295E-16,1.));
#11286=DIRECTION('',(0.577350269189626,-0.577350269189625,0.577350269189627));
#11287=DIRECTION('',(-4.27271792112513E-17,-7.50150692314295E-16,-1.));
#11288=DIRECTION('',(-0.707106781186548,0.707106781186547,-4.70011285124723E-16));
#11289=DIRECTION('',(6.12323399573677E-17,1.,-7.50150692314295E-16));
#11290=DIRECTION('',(1.,-6.12323399573677E-17,-8.54543584225027E-17));
#11291=DIRECTION('',(-1.,6.12323399573677E-17,8.54543584225027E-17));
#11292=DIRECTION('',(-1.,6.12323399573677E-17,8.54543584225027E-17));
#11293=DIRECTION('',(8.54543584225027E-17,7.50150692314295E-16,1.));
#11294=DIRECTION('',(-1.,6.12323399573677E-17,4.27271792112513E-17));
#11295=DIRECTION('',(6.12323399573677E-17,1.,0.));
#11296=DIRECTION('',(6.12323399573677E-17,1.,-7.50150692314295E-16));
#11297=DIRECTION('',(6.12323399573677E-17,1.,-7.50150692314295E-16));
#11298=DIRECTION('',(-4.27271792112513E-17,-7.50150692314295E-16,-1.));
#11299=DIRECTION('',(8.54543584225027E-17,7.50150692314295E-16,1.));
#11300=DIRECTION('',(-1.22464679914735E-16,-1.,7.50150692314295E-16));
#11301=DIRECTION('',(-1.,6.12323399573677E-17,8.54543584225027E-17));
#11302=DIRECTION('',(-6.12323399573677E-17,-1.,7.50150692314295E-16));
#11303=DIRECTION('',(-1.,6.12323399573677E-17,8.54543584225027E-17));
#11304=DIRECTION('',(6.12323399573677E-17,1.,-7.50150692314295E-16));
#11305=DIRECTION('',(-6.12323399573677E-17,-1.,7.50150692314295E-16));
#11306=DIRECTION('',(-1.,6.12323399573677E-17,8.54543584225027E-17));
#11307=DIRECTION('',(-6.12323399573677E-17,-1.,7.50150692314295E-16));
#11308=DIRECTION('',(1.,-6.12323399573677E-17,-8.54543584225027E-17));
#11309=DIRECTION('',(-6.12323399573677E-17,-1.,2.0526832973508E-48));
#11310=DIRECTION('',(6.12323399573677E-17,1.,-7.50150692314295E-16));
#11311=DIRECTION('',(-6.12323399573677E-17,-1.,7.50150692314295E-16));
#11312=DIRECTION('',(8.54543584225028E-17,7.50150692314295E-16,1.));
#11313=DIRECTION('',(-6.12323399573677E-17,-1.,7.50150692314295E-16));
#11314=DIRECTION('',(-1.,6.12323399573677E-17,8.54543584225027E-17));
#11315=DIRECTION('',(-1.,6.12323399573677E-17,8.54543584225027E-17));
#11316=DIRECTION('',(-8.54543584225028E-17,-7.50150692314295E-16,-1.));
#11317=DIRECTION('',(1.,-6.12323399573677E-17,-8.54543584225027E-17));
#11318=DIRECTION('',(4.27271792112513E-17,7.50150692314295E-16,1.));
#11319=DIRECTION('',(-6.12323399573677E-17,-1.,7.50150692314295E-16));
#11320=DIRECTION('',(-1.,6.12323399573677E-17,8.54543584225027E-17));
#11321=DIRECTION('',(-1.,6.12323399573677E-17,8.54543584225027E-17));
#11322=DIRECTION('',(-8.54543584225027E-17,-7.50150692314295E-16,-1.));
#11323=DIRECTION('',(-1.,6.12323399573677E-17,8.54543584225027E-17));
#11324=DIRECTION('',(-8.54543584225027E-17,-7.50150692314295E-16,-1.));
#11325=DIRECTION('',(1.,-6.12323399573677E-17,-8.54543584225027E-17));
#11326=DIRECTION('',(-6.12323399573677E-17,-1.,3.42113882891801E-48));
#11327=DIRECTION('',(-6.12323399573677E-17,-1.,7.50150692314295E-16));
#11328=DIRECTION('',(-6.12323399573677E-17,-1.,7.50150692314295E-16));
#11329=DIRECTION('',(-8.54543584225027E-17,-7.50150692314295E-16,-1.));
#11330=DIRECTION('',(1.22464679914735E-16,1.,-7.50150692314295E-16));
#11331=DIRECTION('',(-1.,6.12323399573677E-17,8.54543584225027E-17));
#11332=DIRECTION('',(-6.12323399573677E-17,-1.,7.50150692314295E-16));
#11333=DIRECTION('',(-1.,6.12323399573677E-17,8.54543584225027E-17));
#11334=DIRECTION('',(-6.12323399573677E-17,-1.,7.50150692314295E-16));
#11335=DIRECTION('',(-6.12323399573677E-17,-1.,7.50150692314295E-16));
#11336=DIRECTION('',(1.,-6.12323399573677E-17,-8.54543584225027E-17));
#11337=DIRECTION('',(-6.12323399573677E-17,-1.,3.42113882891801E-48));
#11338=DIRECTION('',(-6.12323399573677E-17,-1.,7.50150692314295E-16));
#11339=DIRECTION('',(6.12323399573677E-17,1.,-7.50150692314295E-16));
#11340=DIRECTION('',(1.,-6.12323399573677E-17,-8.54543584225027E-17));
#11341=DIRECTION('',(8.54543584225027E-17,7.50150692314295E-16,1.));
#11342=DIRECTION('',(-1.,6.12323399573677E-17,8.54543584225026E-17));
#11343=DIRECTION('',(6.12323399573677E-17,1.,-2.0526832973508E-48));
#11344=DIRECTION('',(-6.12323399573677E-17,-1.,7.50150692314295E-16));
#11345=DIRECTION('',(8.54543584225027E-17,7.50150692314295E-16,1.));
#11346=DIRECTION('',(8.54543584225027E-17,7.50150692314295E-16,1.));
#11347=DIRECTION('',(-1.71275535107227E-17,0.707106781186548,-0.707106781186548));
#11348=DIRECTION('',(-1.,6.12323399573677E-17,8.54543584225026E-17));
#11349=DIRECTION('',(6.12323399573677E-17,1.,-2.0526832973508E-48));
#11350=DIRECTION('',(8.54543584225027E-17,7.50150692314295E-16,1.));
#11351=DIRECTION('',(8.54543584225027E-17,7.50150692314295E-16,1.));
#11352=DIRECTION('',(-6.12323399573677E-17,-1.,7.50150692314295E-16));
#11353=DIRECTION('',(1.71275535107227E-17,-0.707106781186548,0.707106781186548));
#11354=DIRECTION('',(6.12323399573677E-17,1.,-7.50150692314295E-16));
#11355=DIRECTION('',(1.,-6.12323399573677E-17,-8.54543584225027E-17));
#11356=DIRECTION('',(-1.,6.12323399573677E-17,8.54543584225027E-17));
#11357=DIRECTION('',(-8.54543584225027E-17,-7.50150692314295E-16,-1.));
#11358=DIRECTION('',(1.22464679914735E-16,1.,-7.50150692314295E-16));
#11359=DIRECTION('',(1.,-6.12323399573677E-17,-8.54543584225027E-17));
#11360=DIRECTION('',(6.12323399573677E-17,1.,-7.50150692314295E-16));
#11361=DIRECTION('',(1.,-6.12323399573677E-17,-8.54543584225027E-17));
#11362=DIRECTION('',(-1.,6.12323399573677E-17,8.54543584225027E-17));
#11363=DIRECTION('',(1.03723159134272E-16,0.707106781186548,0.707106781186548));
#11364=DIRECTION('',(1.,-6.12323399573677E-17,-8.54543584225027E-17));
#11365=DIRECTION('',(0.,0.,-1.));
#11366=DIRECTION('',(1.,0.,0.));
#11367=DIRECTION('',(-6.12323399573677E-17,-1.,7.50150692314295E-16));
#11368=DIRECTION('',(1.,-6.12323399573677E-17,4.59334822110436E-32));
#11369=DIRECTION('',(-6.12323399573677E-17,-1.,7.50150692314295E-16));
#11370=DIRECTION('',(6.12323399573677E-17,1.,-7.50150692314295E-16));
#11371=DIRECTION('',(0.707106781186547,-0.707106781186548,0.));
#11372=DIRECTION('',(1.,-6.12323399573677E-17,4.59334822110436E-32));
#11373=DIRECTION('',(0.707106781186547,0.707106781186548,0.));
#11374=DIRECTION('',(6.12323399573677E-17,1.,-7.50150692314295E-16));
#11375=DIRECTION('',(0.707106781186548,-0.707106781186548,0.));
#11376=DIRECTION('',(0.707106781186548,0.707106781186548,0.));
#11377=DIRECTION('',(-1.,0.,0.));
#11378=DIRECTION('',(0.707106781186548,0.707106781186547,0.));
#11379=DIRECTION('',(2.23835287222814E-16,1.,0.));
#11380=DIRECTION('',(0.707106781186548,-0.707106781186547,0.));
#11381=DIRECTION('',(-1.,0.,0.));
#11382=DIRECTION('',(-0.707106781186548,-0.707106781186548,0.));
#11383=DIRECTION('',(2.23835287222814E-16,1.,0.));
#11384=DIRECTION('',(-0.707106781186547,0.707106781186548,0.));
#11385=DIRECTION('',(-1.,6.12323399573677E-17,8.54543584225027E-17));
#11386=DIRECTION('',(1.,0.,0.));
#11387=DIRECTION('',(1.,-6.12323399573677E-17,4.59334822110436E-32));
#11388=DIRECTION('',(1.,0.,0.));
#11389=DIRECTION('',(1.7347234759768E-16,-1.,0.));
#11390=DIRECTION('',(-1.,0.,0.));
#11391=DIRECTION('',(-1.7347234759768E-16,1.,0.));
#11392=DIRECTION('',(1.,0.,0.));
#11393=DIRECTION('',(0.,0.,-1.));
#11394=DIRECTION('',(-1.,0.,0.));
#11395=DIRECTION('',(0.,0.,-1.));
#11396=DIRECTION('',(-1.,0.,0.));
#11397=DIRECTION('',(6.12323399573677E-17,1.,-7.50150692314295E-16));
#11398=DIRECTION('',(-1.,6.12323399573677E-17,-4.59334822110436E-32));
#11399=DIRECTION('',(1.,-6.12323399573677E-17,4.59334822110436E-32));
#11400=DIRECTION('',(1.,-6.12323399573677E-17,4.59334822110436E-32));
#11401=DIRECTION('',(4.59334822110436E-32,7.50150692314295E-16,1.));
#11402=DIRECTION('',(1.,-6.12323399573677E-17,-4.27271792112513E-17));
#11403=DIRECTION('',(6.12323399573677E-17,1.,0.));
#11404=DIRECTION('',(-6.12323399573677E-17,-1.,7.50150692314295E-16));
#11405=DIRECTION('',(4.27271792112513E-17,7.50150692314295E-16,1.));
#11406=DIRECTION('',(0.,7.50150692314295E-16,1.));
#11407=DIRECTION('',(0.,-1.,7.50150692314295E-16));
#11408=DIRECTION('',(-1.,6.12323399573677E-17,-4.59334822110436E-32));
#11409=DIRECTION('',(6.12323399573677E-17,1.,-7.50150692314295E-16));
#11410=DIRECTION('',(1.,-6.12323399573677E-17,4.59334822110436E-32));
#11411=DIRECTION('',(-6.12323399573677E-17,-1.,7.50150692314295E-16));
#11412=DIRECTION('',(1.,-6.12323399573677E-17,4.59334822110436E-32));
#11413=DIRECTION('',(-6.12323399573677E-17,-1.,7.50150692314295E-16));
#11414=DIRECTION('',(-6.12323399573677E-17,-1.,7.50150692314295E-16));
#11415=DIRECTION('',(-1.,6.12323399573677E-17,-8.3721125212247E-32));
#11416=DIRECTION('',(-6.12323399573677E-17,-1.,0.));
#11417=DIRECTION('',(6.12323399573677E-17,1.,-7.50150692314295E-16));
#11418=DIRECTION('',(3.77876430012033E-32,-7.50150692314295E-16,-1.));
#11419=DIRECTION('',(-6.12323399573677E-17,-1.,7.50150692314295E-16));
#11420=DIRECTION('',(1.,-6.12323399573677E-17,4.59334822110436E-32));
#11421=DIRECTION('',(1.,-6.12323399573677E-17,4.59334822110436E-32));
#11422=DIRECTION('',(-3.77876430012033E-32,7.50150692314295E-16,1.));
#11423=DIRECTION('',(-4.27271792112513E-17,-7.50150692314295E-16,-1.));
#11424=DIRECTION('',(-6.12323399573677E-17,-1.,7.50150692314295E-16));
#11425=DIRECTION('',(1.,-6.12323399573677E-17,4.59334822110436E-32));
#11426=DIRECTION('',(-7.32981099112324E-34,-7.50150692314295E-16,-1.));
#11427=DIRECTION('',(1.,-6.12323399573677E-17,4.59334822110436E-32));
#11428=DIRECTION('',(-7.32981099112324E-34,-7.50150692314295E-16,-1.));
#11429=DIRECTION('',(-1.,6.12323399573677E-17,-4.52005011119313E-32));
#11430=DIRECTION('',(-6.12323399573677E-17,-1.,0.));
#11431=DIRECTION('',(-6.12323399573677E-17,-1.,7.50150692314295E-16));
#11432=DIRECTION('',(-5.4825942771122E-48,-7.50150692314295E-16,-1.));
#11433=DIRECTION('',(0.,1.,-7.50150692314295E-16));
#11434=DIRECTION('',(1.,-6.12323399573677E-17,4.59334822110436E-32));
#11435=DIRECTION('',(-6.12323399573677E-17,-1.,7.50150692314295E-16));
#11436=DIRECTION('',(-6.12323399573677E-17,-1.,7.50150692314295E-16));
#11437=DIRECTION('',(1.,-6.12323399573677E-17,4.59334822110436E-32));
#11438=DIRECTION('',(-6.12323399573677E-17,-1.,7.50150692314295E-16));
#11439=DIRECTION('',(-1.,6.12323399573677E-17,-4.52005011119313E-32));
#11440=DIRECTION('',(-6.12323399573677E-17,-1.,0.));
#11441=DIRECTION('',(6.12323399573677E-17,1.,-7.50150692314295E-16));
#11442=DIRECTION('',(-1.,6.12323399573677E-17,-4.59334822110436E-32));
#11443=DIRECTION('',(4.59334822110436E-32,7.50150692314295E-16,1.));
#11444=DIRECTION('',(1.,-6.12323399573677E-17,5.1835436801788E-48));
#11445=DIRECTION('',(6.12323399573677E-17,1.,0.));
#11446=DIRECTION('',(-6.12323399573677E-17,-1.,7.50150692314295E-16));
#11447=DIRECTION('',(4.32978028117747E-17,0.707106781186548,-0.707106781186548));
#11448=DIRECTION('',(4.59334822110436E-32,7.50150692314295E-16,1.));
#11449=DIRECTION('',(4.59334822110436E-32,7.50150692314295E-16,1.));
#11450=DIRECTION('',(1.,-6.12323399573677E-17,5.1835436801788E-48));
#11451=DIRECTION('',(6.12323399573677E-17,1.,0.));
#11452=DIRECTION('',(4.59334822110436E-32,7.50150692314295E-16,1.));
#11453=DIRECTION('',(-4.32978028117747E-17,-0.707106781186548,0.707106781186548));
#11454=DIRECTION('',(-6.12323399573677E-17,-1.,7.50150692314295E-16));
#11455=DIRECTION('',(4.59334822110436E-32,7.50150692314295E-16,1.));
#11456=DIRECTION('',(6.12323399573677E-17,1.,-7.50150692314295E-16));
#11457=DIRECTION('',(-1.,6.12323399573677E-17,-4.59334822110436E-32));
#11458=DIRECTION('',(1.,-6.12323399573677E-17,4.59334822110436E-32));
#11459=DIRECTION('',(0.,-7.50150692314295E-16,-1.));
#11460=DIRECTION('',(0.,1.,-7.50150692314295E-16));
#11461=DIRECTION('',(-1.,6.12323399573677E-17,-4.59334822110436E-32));
#11462=DIRECTION('',(6.12323399573677E-17,1.,-7.50150692314295E-16));
#11463=DIRECTION('',(-1.,6.12323399573677E-17,-4.59334822110436E-32));
#11464=DIRECTION('',(1.,-6.12323399573677E-17,4.59334822110436E-32));
#11465=DIRECTION('',(4.32978028117746E-17,0.707106781186548,0.707106781186548));
#11466=DIRECTION('',(-1.,6.12323399573677E-17,-4.59334822110436E-32));
#11467=DIRECTION('',(0.,1.,6.12323399573677E-17));
#11468=DIRECTION('',(1.,0.,0.));
#11469=DIRECTION('',(0.,6.12323399573677E-17,-1.));
#11470=DIRECTION('',(-1.,0.,0.));
#11471=DIRECTION('',(0.,-6.12323399573677E-17,1.));
#11472=DIRECTION('',(1.,-2.23835287222814E-16,-1.37059584016824E-32));
#11473=DIRECTION('',(-2.23835287222814E-16,-1.,-6.12323399573677E-17));
#11474=DIRECTION('',(-2.23835287222814E-16,-1.,-6.12323399573677E-17));
#11475=DIRECTION('',(0.,-6.12323399573677E-17,1.));
#11476=DIRECTION('',(0.,6.12323399573677E-17,-1.));
#11477=DIRECTION('',(0.,1.,6.12323399573677E-17));
#11478=DIRECTION('',(1.,0.,0.));
#11479=DIRECTION('',(1.,0.,0.));
#11480=DIRECTION('',(0.,-6.12323399573677E-17,1.));
#11481=DIRECTION('',(0.,6.12323399573677E-17,-1.));
#11482=DIRECTION('',(1.,-2.23835287222814E-16,-1.37059584016824E-32));
#11483=DIRECTION('',(-2.23835287222814E-16,-1.,-6.12323399573677E-17));
#11484=DIRECTION('',(0.,6.12323399573677E-17,-1.));
#11485=DIRECTION('',(2.23835287222814E-16,1.,6.12323399573677E-17));
#11486=DIRECTION('',(0.,-6.12323399573677E-17,1.));
#11487=DIRECTION('',(0.,1.,6.12323399573677E-17));
#11488=DIRECTION('',(1.,0.,0.));
#11489=DIRECTION('',(1.,0.,0.));
#11490=DIRECTION('',(0.,6.12323399573677E-17,-1.));
#11491=DIRECTION('',(1.,0.,0.));
#11492=DIRECTION('',(0.,6.12323399573677E-17,-1.));
#11493=DIRECTION('',(1.,-2.23835287222814E-16,-1.37059584016824E-32));
#11494=DIRECTION('',(-2.23835287222814E-16,-1.,-6.12323399573677E-17));
#11495=DIRECTION('',(-2.23835287222814E-16,-1.,-6.12323399573677E-17));
#11496=DIRECTION('',(-2.23835287222814E-16,-1.,-6.12323399573677E-17));
#11497=DIRECTION('',(0.,6.12323399573677E-17,-1.));
#11498=DIRECTION('',(0.,1.,6.12323399573677E-17));
#11499=DIRECTION('',(1.,0.,0.));
#11500=DIRECTION('',(1.,0.,0.));
#11501=DIRECTION('',(1.,0.,0.));
#11502=DIRECTION('',(0.,6.12323399573677E-17,-1.));
#11503=DIRECTION('',(1.,-2.23835287222814E-16,-1.37059584016824E-32));
#11504=DIRECTION('',(-2.23835287222814E-16,-1.,-6.12323399573677E-17));
#11505=DIRECTION('',(-2.23835287222814E-16,-1.,-6.12323399573677E-17));
#11506=DIRECTION('',(-2.23835287222814E-16,-1.,-6.12323399573677E-17));
#11507=DIRECTION('',(0.,-6.12323399573677E-17,1.));
#11508=DIRECTION('',(1.,0.,0.));
#11509=DIRECTION('',(0.,-1.,0.));
#11510=DIRECTION('',(0.,0.,-1.));
#11511=DIRECTION('',(0.,0.,1.));
#11512=DIRECTION('',(1.,0.,0.));
#11513=DIRECTION('',(0.,0.,1.));
#11514=DIRECTION('',(1.,1.7347234759768E-16,0.));
#11515=DIRECTION('',(-1.7347234759768E-16,1.,0.));
#11516=DIRECTION('',(-1.,-1.7347234759768E-16,0.));
#11517=DIRECTION('',(-1.,1.7347234759768E-16,0.));
#11518=DIRECTION('',(0.,0.,-1.));
#11519=DIRECTION('',(-1.,-1.7347234759768E-16,0.));
#11520=DIRECTION('',(0.,0.,-1.));
#11521=DIRECTION('',(1.,1.7347234759768E-16,0.));
#11522=DIRECTION('',(-1.7347234759768E-16,1.,0.));
#11523=DIRECTION('',(0.,0.,-1.));
#11524=DIRECTION('',(1.7347234759768E-16,1.,0.));
#11525=DIRECTION('',(-1.7347234759768E-16,1.,0.));
#11526=DIRECTION('',(0.,0.,-1.));
#11527=DIRECTION('',(1.7347234759768E-16,-1.,0.));
#11528=DIRECTION('',(-1.7347234759768E-16,1.,0.));
#11529=DIRECTION('',(-1.,-1.7347234759768E-16,0.));
#11530=DIRECTION('',(0.,0.,-1.));
#11531=DIRECTION('',(0.707106781186547,1.2266347333467E-16,0.707106781186548));
#11532=DIRECTION('',(-0.707106781186547,-1.2266347333467E-16,0.707106781186548));
#11533=DIRECTION('',(0.,0.,-1.));
#11534=DIRECTION('',(1.,1.7347234759768E-16,0.));
#11535=DIRECTION('',(1.,0.,0.));
#11536=DIRECTION('',(0.,0.,-1.));
#11537=DIRECTION('',(-1.,-1.7347234759768E-16,0.));
#11538=DIRECTION('',(1.,1.7347234759768E-16,0.));
#11539=DIRECTION('',(-1.7347234759768E-16,1.,0.));
#11540=DIRECTION('',(1.7347234759768E-16,-1.,0.));
#11541=DIRECTION('',(1.7347234759768E-16,1.,0.));
#11542=DIRECTION('',(0.,0.,-1.));
#11543=DIRECTION('',(1.7347234759768E-16,-1.,0.));
#11544=DIRECTION('',(-1.7347234759768E-16,1.,0.));
#11545=DIRECTION('',(-1.,-1.7347234759768E-16,0.));
#11546=DIRECTION('',(1.,-1.7347234759768E-16,0.));
#11547=DIRECTION('',(1.,1.7347234759768E-16,0.));
#11548=DIRECTION('',(0.,0.,1.));
#11549=DIRECTION('',(1.,0.,0.));
#11550=DIRECTION('',(1.,1.7347234759768E-16,0.));
#11551=DIRECTION('',(-1.7347234759768E-16,1.,0.));
#11552=DIRECTION('',(-1.7347234759768E-16,1.,0.));
#11553=DIRECTION('',(0.,0.,1.));
#11554=DIRECTION('',(1.7347234759768E-16,1.,0.));
#11555=DIRECTION('',(1.7347234759768E-16,-1.,0.));
#11556=DIRECTION('',(1.,1.7347234759768E-16,0.));
#11557=DIRECTION('',(-1.7347234759768E-16,1.,0.));
#11558=DIRECTION('',(0.,0.,1.));
#11559=DIRECTION('',(-1.7347234759768E-16,1.,0.));
#11560=DIRECTION('',(1.7347234759768E-16,-1.,0.));
#11561=DIRECTION('',(1.7347234759768E-16,1.,0.));
#11562=DIRECTION('',(0.,0.,1.));
#11563=DIRECTION('',(-1.,-3.46944695195362E-16,0.));
#11564=DIRECTION('',(0.,0.,-1.));
#11565=DIRECTION('',(1.,0.,0.));
#11566=DIRECTION('',(0.,0.,-1.));
#11567=DIRECTION('',(-1.,0.,0.));
#11568=DIRECTION('',(1.,0.,0.));
#11569=DIRECTION('',(0.,0.,-1.));
#11570=DIRECTION('',(-1.,0.,0.));
#11571=DIRECTION('',(0.,0.,-1.));
#11572=DIRECTION('',(1.,0.,0.));
#11573=DIRECTION('',(0.,0.,1.));
#11574=DIRECTION('',(-1.,3.46944695195362E-16,0.));
#11575=DIRECTION('',(0.,0.,1.));
#11576=DIRECTION('',(1.,0.,0.));
#11577=DIRECTION('',(0.,0.,-1.));
#11578=DIRECTION('',(-1.,-3.46944695195362E-16,0.));
#11579=DIRECTION('',(0.,0.,1.));
#11580=DIRECTION('',(1.,0.,0.));
#11581=DIRECTION('',(0.,0.,1.));
#11582=DIRECTION('',(1.,0.,0.));
#11583=DIRECTION('',(0.,0.,-1.));
#11584=DIRECTION('',(-1.,0.,0.));
#11585=DIRECTION('',(0.,0.,-1.));
#11586=DIRECTION('',(1.,0.,0.));
#11587=DIRECTION('',(0.,0.,1.));
#11588=DIRECTION('',(1.,0.,0.));
#11589=DIRECTION('',(0.,0.,-1.));
#11590=DIRECTION('',(1.,-3.46944695195362E-16,0.));
#11591=DIRECTION('',(0.,0.,-1.));
#11592=DIRECTION('',(1.,0.,0.));
#11593=DIRECTION('',(0.,0.,1.));
#11594=DIRECTION('',(-1.,3.46944695195362E-16,0.));
#11595=DIRECTION('',(-1.,-1.7347234759768E-16,0.));
#11596=DIRECTION('',(0.,0.,1.));
#11597=DIRECTION('',(1.,0.,0.));
#11598=DIRECTION('',(0.,0.,1.));
#11599=DIRECTION('',(1.,0.,0.));
#11600=DIRECTION('',(0.,0.,-1.));
#11601=DIRECTION('',(-1.,0.,0.));
#11602=DIRECTION('',(0.,0.,1.));
#11603=DIRECTION('',(1.,0.,0.));
#11604=DIRECTION('',(0.,-1.,0.));
#11605=DIRECTION('',(0.,0.,-1.));
#11606=DIRECTION('',(1.,0.,0.));
#11607=DIRECTION('',(0.,0.,-1.));
#11608=DIRECTION('',(1.,3.46944695195362E-16,0.));
#11609=DIRECTION('',(0.,0.,1.));
#11610=DIRECTION('',(1.,0.,0.));
#11611=DIRECTION('',(0.,0.,1.));
#11612=DIRECTION('',(1.,0.,0.));
#11613=DIRECTION('',(0.,0.,1.));
#11614=DIRECTION('',(1.,0.,0.));
#11615=DIRECTION('',(-0.707106781186548,-1.2266347333467E-16,-0.707106781186547));
#11616=DIRECTION('',(1.7347234759768E-16,-1.,0.));
#11617=DIRECTION('',(0.577350269189626,0.577350269189625,-0.577350269189626));
#11618=DIRECTION('',(0.,0.707106781186548,0.707106781186547));
#11619=DIRECTION('',(1.,0.,0.));
#11620=DIRECTION('',(0.577350269189626,-0.577350269189625,0.577350269189626));
#11621=DIRECTION('',(-0.707106781186548,-1.2266347333467E-16,0.707106781186547));
#11622=DIRECTION('',(-1.7347234759768E-16,1.,0.));
#11623=DIRECTION('',(-0.707106781186548,0.707106781186548,4.32978028117746E-17));
#11624=DIRECTION('',(0.,-6.12323399573677E-17,1.));
#11625=DIRECTION('',(0.707106781186548,0.707106781186548,0.));
#11626=DIRECTION('',(-0.577350269189626,0.577350269189626,-0.577350269189625));
#11627=DIRECTION('',(-0.707106781186548,-0.707106781186548,0.));
#11628=DIRECTION('',(0.707106781186548,1.05762947751096E-15,-0.707106781186548));
#11629=DIRECTION('',(-9.61481343191781E-17,-0.707106781186547,-0.707106781186548));
#11630=DIRECTION('',(-0.707106781186547,-0.707106781186548,-4.32978028117747E-17));
#11631=DIRECTION('',(0.,6.12323399573677E-17,-1.));
#11632=DIRECTION('',(-0.707106781186548,0.707106781186547,8.82200137686988E-16));
#11633=DIRECTION('',(0.,0.707106781186548,-0.707106781186547));
#11634=DIRECTION('',(-1.,0.,0.));
#11635=DIRECTION('',(-8.93088784488234E-16,0.707106781186547,0.707106781186548));
#11636=DIRECTION('',(0.707106781186548,-2.01573252275865E-16,0.707106781186548));
#11637=DIRECTION('',(-2.23835287222814E-16,-1.,-6.12323399573677E-17));
#11638=DIRECTION('',(-0.707106781186548,2.88444402957535E-16,0.707106781186548));
#11639=DIRECTION('',(0.707106781186548,0.707106781186547,4.32978028117746E-17));
#11640=DIRECTION('',(0.,6.12323399573677E-17,-1.));
#11641=DIRECTION('',(0.707106781186547,-0.707106781186548,-7.90345805858573E-16));
#11642=DIRECTION('',(0.577350269189625,0.577350269189627,-0.577350269189625));
#11643=DIRECTION('',(0.,0.707106781186547,0.707106781186548));
#11644=DIRECTION('',(-0.707106781186548,0.,-0.707106781186548));
#11645=DIRECTION('',(-0.577350269189626,-0.577350269189625,-0.577350269189626));
#11646=DIRECTION('',(-0.707106781186547,0.,0.707106781186548));
#11647=DIRECTION('',(2.88444402957534E-16,0.707106781186548,-0.707106781186547));
#11648=DIRECTION('',(0.707106781186548,-1.14977646652315E-16,-0.707106781186548));
#11649=DIRECTION('',(2.23835287222814E-16,1.,6.12323399573677E-17));
#11650=DIRECTION('',(0.707106781186548,-6.73036940234247E-16,0.707106781186548));
#11651=DIRECTION('',(0.,0.707106781186547,0.707106781186548));
#11652=DIRECTION('',(1.,0.,0.));
#11653=DIRECTION('',(-6.73036940234248E-16,-0.707106781186548,0.707106781186547));
#11654=DIRECTION('',(0.577350269189625,-0.577350269189626,-0.577350269189626));
#11655=DIRECTION('',(0.,0.707106781186548,-0.707106781186548));
#11656=DIRECTION('',(-0.707106781186548,-0.707106781186547,-3.31074146716501E-16));
#11657=DIRECTION('',(0.707106781186547,-0.707106781186548,-4.32978028117747E-17));
#11658=DIRECTION('',(0.,-6.12323399573677E-17,1.));
#11659=DIRECTION('',(0.707106781186548,4.87138838635447E-16,0.707106781186548));
#11660=DIRECTION('',(6.12323399573677E-17,1.,-7.50150692314295E-16));
#11661=DIRECTION('',(-0.707106781186548,0.,0.707106781186548));
#11662=DIRECTION('',(-0.707106781186548,-0.707106781186548,5.90861997769719E-16));
#11663=DIRECTION('',(-8.54543584225028E-17,-7.50150692314295E-16,-1.));
#11664=DIRECTION('',(-0.707106781186548,0.707106781186548,-2.31552626634447E-15));
#11665=DIRECTION('',(-0.577350269189625,-0.577350269189627,-0.577350269189625));
#11666=DIRECTION('',(0.,0.707106781186546,-0.707106781186549));
#11667=DIRECTION('',(2.30755522366028E-15,-0.707106781186548,0.707106781186548));
#11668=DIRECTION('',(-1.03723159134272E-16,-0.707106781186548,-0.707106781186548));
#11669=DIRECTION('',(1.,-6.12323399573677E-17,-8.54543584225027E-17));
#11670=DIRECTION('',(2.30755522366029E-15,0.707106781186548,-0.707106781186548));
#11671=DIRECTION('',(0.707106781186548,-0.707106781186548,5.00223963285973E-16));
#11672=DIRECTION('',(4.27271792112513E-17,7.50150692314295E-16,1.));
#11673=DIRECTION('',(-0.707106781186548,-0.707106781186548,7.37809488255981E-15));
#11674=DIRECTION('',(0.577350269189622,-0.577350269189628,-0.577350269189627));
#11675=DIRECTION('',(0.,0.707106781186547,-0.707106781186549));
#11676=DIRECTION('',(-0.707106781186548,5.0680955433008E-15,-0.707106781186548));
#11677=DIRECTION('',(-0.707106781186548,5.73734444258996E-16,0.707106781186548));
#11678=DIRECTION('',(6.12323399573677E-17,1.,-7.50150692314295E-16));
#11679=DIRECTION('',(0.707106781186548,-0.707106781186547,5.30436641447221E-16));
#11680=DIRECTION('',(3.77876430012033E-32,-7.50150692314295E-16,-1.));
#11681=DIRECTION('',(-0.707106781186547,-0.707106781186548,7.31399612634703E-15));
#11682=DIRECTION('',(-0.707106781186548,5.73734444258996E-16,0.707106781186547));
#11683=DIRECTION('',(6.12323399573677E-17,1.,-7.50150692314295E-16));
#11684=DIRECTION('',(-0.707106781186547,4.75189556472764E-15,-0.707106781186548));
#11685=DIRECTION('',(0.577350269189623,-0.577350269189628,-0.577350269189626));
#11686=DIRECTION('',(0.,0.707106781186546,-0.707106781186549));
#11687=DIRECTION('',(2.59599962661783E-15,0.707106781186548,-0.707106781186548));
#11688=DIRECTION('',(-0.707106781186548,-0.707106781186547,5.6064931960847E-16));
#11689=DIRECTION('',(4.27271792112513E-17,7.50150692314295E-16,1.));
#11690=DIRECTION('',(-0.707106781186547,0.707106781186548,-2.40738059817288E-15));
#11691=DIRECTION('',(-4.32978028117746E-17,-0.707106781186548,-0.707106781186548));
#11692=DIRECTION('',(-1.,6.12323399573677E-17,-4.59334822110436E-32));
#11693=DIRECTION('',(2.18365151372547E-15,-0.707106781186548,0.707106781186548));
#11694=DIRECTION('',(-0.577350269189625,-0.577350269189627,-0.577350269189625));
#11695=DIRECTION('',(0.707106781186548,-0.707106781186547,0.));
#11696=DIRECTION('',(-0.707106781186547,2.7755575615629E-17,0.707106781186548));
#11697=DIRECTION('',(0.707106781186548,4.87138838635446E-16,0.707106781186547));
#11698=DIRECTION('',(6.12323399573677E-17,1.,-7.50150692314295E-16));
#11699=DIRECTION('',(0.,0.,1.));
#11700=DIRECTION('',(1.,0.,0.));
#11701=DIRECTION('',(0.,0.,1.));
#11702=DIRECTION('',(-1.,3.46944695195362E-16,0.));
#11703=DIRECTION('',(0.,0.,1.));
#11704=DIRECTION('',(-1.,3.46944695195362E-16,0.));
#11705=DIRECTION('',(0.,0.,-1.));
#11706=DIRECTION('',(1.,-3.46944695195362E-16,0.));
#11707=DIRECTION('',(0.,0.,1.));
#11708=DIRECTION('',(-1.,3.46944695195362E-16,0.));
#11709=DIRECTION('',(0.,0.,1.));
#11710=DIRECTION('',(-1.,3.46944695195362E-16,0.));
#11711=DIRECTION('',(0.,0.,1.));
#11712=DIRECTION('',(-1.,3.46944695195362E-16,0.));
#11713=DIRECTION('',(0.,0.,1.));
#11714=DIRECTION('',(-1.,3.46944695195362E-16,0.));
#11715=DIRECTION('',(0.,0.,-1.));
#11716=DIRECTION('',(1.,-3.46944695195362E-16,0.));
#11717=DIRECTION('',(0.,0.,1.));
#11718=DIRECTION('',(1.,0.,0.));
#11719=DIRECTION('',(0.,0.,-1.));
#11720=DIRECTION('',(-1.,0.,0.));
#11721=DIRECTION('',(0.,0.,1.));
#11722=DIRECTION('',(1.,0.,0.));
#11723=DIRECTION('',(0.,0.,-1.));
#11724=DIRECTION('',(0.,0.,1.));
#11725=DIRECTION('',(-0.809016994374948,-0.587785252292473,0.));
#11726=DIRECTION('',(0.,0.,-1.));
#11727=DIRECTION('',(0.,0.,1.));
#11728=DIRECTION('',(1.,0.,0.));
#11729=DIRECTION('',(0.,0.,-1.));
#11730=DIRECTION('',(0.,0.,1.));
#11731=DIRECTION('',(0.309016994374948,-0.951056516295154,0.));
#11732=DIRECTION('',(0.,0.,-1.));
#11733=DIRECTION('',(0.,0.,1.));
#11734=DIRECTION('',(1.,0.,0.));
#11735=DIRECTION('',(0.,0.,-1.));
#11736=DIRECTION('',(0.,0.,1.));
#11737=DIRECTION('',(1.,0.,0.));
#11738=DIRECTION('',(0.,0.,-1.));
#11739=DIRECTION('',(0.,0.,1.));
#11740=DIRECTION('',(1.,0.,0.));
#11741=DIRECTION('',(0.,0.,-1.));
#11742=DIRECTION('',(0.,0.,1.));
#11743=DIRECTION('',(0.309016994374948,0.951056516295154,0.));
#11744=DIRECTION('',(0.,0.,-1.));
#11745=DIRECTION('',(0.,0.,1.));
#11746=DIRECTION('',(1.,0.,0.));
#11747=DIRECTION('',(0.,0.,-1.));
#11748=DIRECTION('',(0.,0.,1.));
#11749=DIRECTION('',(-0.809016994374947,0.587785252292473,0.));
#11750=DIRECTION('',(0.,0.,-1.));
#11751=DIRECTION('',(0.,0.,1.));
#11752=DIRECTION('',(1.,0.,0.));
#11753=DIRECTION('',(0.,0.,1.));
#11754=DIRECTION('',(1.,0.,0.));
#11755=DIRECTION('',(0.857704565039234,-0.514142858659788,0.));
#11756=DIRECTION('',(0.293369986527146,-0.95599898065064,0.));
#11757=DIRECTION('',(0.,0.,1.));
#11758=DIRECTION('',(1.,0.,0.));
#11759=DIRECTION('',(0.,0.,1.));
#11760=DIRECTION('',(1.,0.,0.));
#11761=DIRECTION('',(-0.223933629284914,-0.974604396499055,0.));
#11762=DIRECTION('',(-0.818552748642878,-0.574431368998237,0.));
#11763=DIRECTION('',(0.,0.,1.));
#11764=DIRECTION('',(0.309016994374948,-0.951056516295154,0.));
#11765=DIRECTION('',(-0.99610315916143,-0.0881957839617069,0.));
#11766=DIRECTION('',(-0.799263406773094,0.600980870405597,0.));
#11767=DIRECTION('',(0.,0.,1.));
#11768=DIRECTION('',(-0.809016994374948,-0.587785252292473,0.));
#11769=DIRECTION('',(-0.391691979377996,0.920096404346277,0.));
#11770=DIRECTION('',(0.324580797293073,0.945857973497392,0.));
#11771=DIRECTION('',(0.,0.,1.));
#11772=DIRECTION('',(-0.809016994374947,0.587785252292473,0.));
#11773=DIRECTION('',(0.754024202785105,0.656846634774273,0.));
#11774=DIRECTION('',(0.999865371595753,-0.0164084942541112,0.));
#11775=DIRECTION('',(0.,0.,1.));
#11776=DIRECTION('',(1.,0.,0.));
#11777=DIRECTION('',(1.,0.,0.));
#11778=DIRECTION('',(0.,0.,-1.));
#11779=DIRECTION('',(0.,-1.,0.));
#11780=DIRECTION('',(0.,0.,-1.));
#11781=DIRECTION('',(0.,-1.,0.));
#11782=DIRECTION('',(0.,0.,-1.));
#11783=DIRECTION('',(0.,0.,-1.));
#11784=DIRECTION('',(-1.,0.,0.));
#11785=DIRECTION('',(0.,0.,1.));
#11786=DIRECTION('',(1.,0.,0.));
#11787=DIRECTION('',(0.,0.,-1.));
#11788=DIRECTION('',(0.,0.,1.));
#11789=DIRECTION('',(1.,0.,0.));
#11790=DIRECTION('',(1.,0.,0.));
#11791=DIRECTION('',(0.,0.,-1.));
#11792=DIRECTION('',(0.,-1.,0.));
#11793=DIRECTION('',(0.,0.,-1.));
#11794=DIRECTION('',(0.,-1.,0.));
#11795=DIRECTION('',(0.,0.,-1.));
#11796=DIRECTION('',(-1.,0.,0.));
#11797=DIRECTION('',(0.,0.,1.));
#11798=DIRECTION('',(1.,0.,0.));
#11799=DIRECTION('',(0.,0.,1.));
#11800=DIRECTION('',(1.,0.,0.));
#11801=DIRECTION('',(0.,0.,1.));
#11802=DIRECTION('',(1.,0.,0.));
#11803=DIRECTION('',(0.,0.,1.));
#11804=DIRECTION('',(1.,0.,0.));
#11805=DIRECTION('',(-0.920096404346277,-0.391691979377996,0.));
#11806=DIRECTION('',(0.391691979377996,-0.920096404346277,0.));
#11807=DIRECTION('',(-0.391691979377996,0.920096404346277,0.));
#11808=DIRECTION('',(0.,0.,-1.));
#11809=DIRECTION('',(-0.391691979377996,0.920096404346277,0.));
#11810=DIRECTION('',(-0.600980870405597,-0.799263406773094,0.));
#11811=DIRECTION('',(0.,0.,-1.));
#11812=DIRECTION('',(-0.799263406773094,0.600980870405597,0.));
#11813=DIRECTION('',(0.,0.,-1.));
#11814=DIRECTION('',(-0.799263406773094,0.600980870405597,0.));
#11815=DIRECTION('',(0.,0.,1.));
#11816=DIRECTION('',(-0.809016994374948,-0.587785252292473,0.));
#11817=DIRECTION('',(0.,0.,1.));
#11818=DIRECTION('',(-0.809016994374948,-0.587785252292473,0.));
#11819=DIRECTION('',(-0.799263406773094,0.600980870405597,0.));
#11820=DIRECTION('',(-0.391691979377996,0.920096404346277,0.));
#11821=DIRECTION('',(-0.799263406773093,0.600980870405597,0.));
#11822=DIRECTION('',(-0.600980870405597,-0.799263406773093,0.));
#11823=DIRECTION('',(0.799263406773093,-0.600980870405597,0.));
#11824=DIRECTION('',(0.600980870405597,0.799263406773093,0.));
#11825=DIRECTION('',(-0.391691979377996,0.920096404346277,0.));
#11826=DIRECTION('',(-0.920096404346277,-0.391691979377996,0.));
#11827=DIRECTION('',(0.391691979377996,-0.920096404346277,0.));
#11828=DIRECTION('',(0.920096404346277,0.391691979377996,0.));
#11829=DIRECTION('',(0.,0.,1.));
#11830=DIRECTION('',(1.,0.,0.));
#11831=DIRECTION('',(0.,0.,-1.));
#11832=DIRECTION('',(-1.,0.,0.));
#11833=DIRECTION('',(0.,0.,-1.));
#11834=DIRECTION('',(0.,0.,1.));
#11835=DIRECTION('',(1.,0.,0.));
#11836=DIRECTION('',(0.,0.,1.));
#11837=DIRECTION('',(1.,0.,0.));
#11838=DIRECTION('',(0.,0.,1.));
#11839=DIRECTION('',(1.,0.,0.));
#11840=DIRECTION('',(0.,0.,-1.));
#11841=DIRECTION('',(0.,0.,-1.));
#11842=DIRECTION('',(-1.,0.,0.));
#11843=DIRECTION('',(-0.656846634774273,0.754024202785105,0.));
#11844=DIRECTION('',(-0.754024202785105,-0.656846634774273,0.));
#11845=DIRECTION('',(0.754024202785105,0.656846634774273,0.));
#11846=DIRECTION('',(0.,0.,-1.));
#11847=DIRECTION('',(0.754024202785105,0.656846634774273,0.));
#11848=DIRECTION('',(-0.945857973497392,0.324580797293073,0.));
#11849=DIRECTION('',(0.,0.,-1.));
#11850=DIRECTION('',(0.324580797293073,0.945857973497392,0.));
#11851=DIRECTION('',(0.324580797293073,0.945857973497392,0.));
#11852=DIRECTION('',(0.,0.,1.));
#11853=DIRECTION('',(-0.809016994374947,0.587785252292473,0.));
#11854=DIRECTION('',(0.,0.,1.));
#11855=DIRECTION('',(-0.809016994374947,0.587785252292473,0.));
#11856=DIRECTION('',(0.324580797293073,0.945857973497392,0.));
#11857=DIRECTION('',(0.754024202785105,0.656846634774273,0.));
#11858=DIRECTION('',(0.324580797293073,0.945857973497392,0.));
#11859=DIRECTION('',(-0.945857973497392,0.324580797293073,0.));
#11860=DIRECTION('',(-0.324580797293073,-0.945857973497392,0.));
#11861=DIRECTION('',(0.945857973497392,-0.324580797293073,0.));
#11862=DIRECTION('',(0.754024202785105,0.656846634774273,0.));
#11863=DIRECTION('',(-0.656846634774273,0.754024202785105,0.));
#11864=DIRECTION('',(-0.754024202785105,-0.656846634774273,0.));
#11865=DIRECTION('',(0.656846634774273,-0.754024202785105,0.));
#11866=DIRECTION('',(0.,0.,1.));
#11867=DIRECTION('',(1.,0.,0.));
#11868=DIRECTION('',(0.,0.,1.));
#11869=DIRECTION('',(1.,0.,0.));
#11870=DIRECTION('',(0.,0.,-1.));
#11871=DIRECTION('',(0.,0.,-1.));
#11872=DIRECTION('',(-1.,0.,0.));
#11873=DIRECTION('',(0.0881957839617069,-0.996103159161429,0.));
#11874=DIRECTION('',(0.996103159161429,0.0881957839617069,0.));
#11875=DIRECTION('',(-0.99610315916143,-0.0881957839617069,0.));
#11876=DIRECTION('',(-0.99610315916143,-0.0881957839617069,0.));
#11877=DIRECTION('',(0.574431368998237,-0.818552748642878,0.));
#11878=DIRECTION('',(0.,0.,-1.));
#11879=DIRECTION('',(-0.818552748642878,-0.574431368998237,0.));
#11880=DIRECTION('',(0.,0.,-1.));
#11881=DIRECTION('',(-0.818552748642878,-0.574431368998237,0.));
#11882=DIRECTION('',(0.,0.,1.));
#11883=DIRECTION('',(0.309016994374948,-0.951056516295154,0.));
#11884=DIRECTION('',(-0.99610315916143,-0.0881957839617069,0.));
#11885=DIRECTION('',(0.,0.,1.));
#11886=DIRECTION('',(0.309016994374948,-0.951056516295154,0.));
#11887=DIRECTION('',(-0.818552748642878,-0.574431368998237,0.));
#11888=DIRECTION('',(0.99610315916143,0.0881957839617069,0.));
#11889=DIRECTION('',(-0.0881957839617069,0.996103159161429,0.));
#11890=DIRECTION('',(-0.818552748642878,-0.574431368998237,0.));
#11891=DIRECTION('',(0.574431368998237,-0.818552748642878,0.));
#11892=DIRECTION('',(0.818552748642878,0.574431368998237,0.));
#11893=DIRECTION('',(-0.574431368998237,0.818552748642878,0.));
#11894=DIRECTION('',(-0.99610315916143,-0.0881957839617069,0.));
#11895=DIRECTION('',(0.0881957839617069,-0.996103159161429,0.));
#11896=DIRECTION('',(0.,0.,1.));
#11897=DIRECTION('',(1.,0.,0.));
#11898=DIRECTION('',(0.,0.,-1.));
#11899=DIRECTION('',(-1.,0.,0.));
#11900=DIRECTION('',(0.,0.,-1.));
#11901=DIRECTION('',(0.,0.,1.));
#11902=DIRECTION('',(1.,0.,0.));
#11903=DIRECTION('',(0.974604396499055,-0.223933629284914,0.));
#11904=DIRECTION('',(0.223933629284914,0.974604396499055,0.));
#11905=DIRECTION('',(-0.223933629284914,-0.974604396499055,0.));
#11906=DIRECTION('',(0.,0.,-1.));
#11907=DIRECTION('',(-0.223933629284914,-0.974604396499055,0.));
#11908=DIRECTION('',(0.95599898065064,0.293369986527146,0.));
#11909=DIRECTION('',(0.,0.,-1.));
#11910=DIRECTION('',(0.,0.,-1.));
#11911=DIRECTION('',(0.293369986527146,-0.95599898065064,0.));
#11912=DIRECTION('',(0.293369986527146,-0.95599898065064,0.));
#11913=DIRECTION('',(0.,0.,1.));
#11914=DIRECTION('',(1.,0.,0.));
#11915=DIRECTION('',(0.,0.,1.));
#11916=DIRECTION('',(1.,0.,0.));
#11917=DIRECTION('',(0.293369986527146,-0.95599898065064,0.));
#11918=DIRECTION('',(-0.223933629284914,-0.974604396499055,0.));
#11919=DIRECTION('',(0.,0.,1.));
#11920=DIRECTION('',(1.,0.,0.));
#11921=DIRECTION('',(0.223933629284914,0.974604396499055,0.));
#11922=DIRECTION('',(-0.974604396499055,0.223933629284914,0.));
#11923=DIRECTION('',(0.158344987803077,0.689149377738704,0.707106781186548));
#11924=DIRECTION('',(0.158344987803077,0.689149377738704,-0.707106781186548));
#11925=DIRECTION('',(-0.223933629284914,-0.974604396499055,0.));
#11926=DIRECTION('',(0.974604396499055,-0.223933629284914,0.));
#11927=DIRECTION('',(-0.158344987803077,-0.689149377738704,0.707106781186548));
#11928=DIRECTION('',(-0.158344987803077,-0.689149377738704,-0.707106781186548));
#11929=DIRECTION('',(0.,0.,-1.));
#11930=DIRECTION('',(-1.,0.,0.));
#11931=DIRECTION('',(-0.293369986527146,0.95599898065064,0.));
#11932=DIRECTION('',(-0.95599898065064,-0.293369986527146,0.));
#11933=DIRECTION('',(0.293369986527146,-0.95599898065064,0.));
#11934=DIRECTION('',(0.95599898065064,0.293369986527146,0.));
#11935=DIRECTION('',(0.,0.,1.));
#11936=DIRECTION('',(1.,0.,0.));
#11937=DIRECTION('',(0.,0.,1.));
#11938=DIRECTION('',(1.,0.,0.));
#11939=DIRECTION('',(0.,0.,-1.));
#11940=DIRECTION('',(-1.,0.,0.));
#11941=DIRECTION('',(0.,0.,-1.));
#11942=DIRECTION('',(0.514142858659788,0.857704565039234,0.));
#11943=DIRECTION('',(-0.857704565039234,0.514142858659788,0.));
#11944=DIRECTION('',(0.857704565039234,-0.514142858659788,0.));
#11945=DIRECTION('',(0.857704565039234,-0.514142858659788,0.));
#11946=DIRECTION('',(0.0164084942541112,0.999865371595753,0.));
#11947=DIRECTION('',(0.,0.,-1.));
#11948=DIRECTION('',(0.999865371595753,-0.0164084942541112,0.));
#11949=DIRECTION('',(0.999865371595753,-0.0164084942541112,0.));
#11950=DIRECTION('',(0.,0.,1.));
#11951=DIRECTION('',(0.309016994374948,0.951056516295154,0.));
#11952=DIRECTION('',(0.857704565039234,-0.514142858659788,0.));
#11953=DIRECTION('',(0.,0.,-1.));
#11954=DIRECTION('',(-1.,0.,0.));
#11955=DIRECTION('',(0.999865371595753,-0.0164084942541112,0.));
#11956=DIRECTION('',(-0.857704565039234,0.514142858659788,0.));
#11957=DIRECTION('',(-0.514142858659788,-0.857704565039234,0.));
#11958=DIRECTION('',(0.999865371595753,-0.0164084942541112,0.));
#11959=DIRECTION('',(0.0164084942541112,0.999865371595753,0.));
#11960=DIRECTION('',(-0.999865371595753,0.0164084942541112,0.));
#11961=DIRECTION('',(-0.0164084942541112,-0.999865371595753,0.));
#11962=DIRECTION('',(0.857704565039234,-0.514142858659788,0.));
#11963=DIRECTION('',(0.514142858659788,0.857704565039234,0.));
#11964=DIRECTION('',(0.,0.,1.));
#11965=DIRECTION('',(1.,0.,0.));
#11966=DIRECTION('',(0.,0.,1.));
#11967=DIRECTION('',(1.,0.,0.));
#11968=DIRECTION('',(0.,0.,1.));
#11969=DIRECTION('',(1.,0.,0.));
#11970=DIRECTION('',(0.,0.,1.));
#11971=DIRECTION('',(1.,0.,0.));
#11972=DIRECTION('',(0.,0.,-1.));
#11973=DIRECTION('',(-1.,0.,0.));
#11974=DIRECTION('',(-2.77555756156289E-16,0.,-1.));
#11975=DIRECTION('',(-1.,0.,2.77555756156289E-16));
#11976=DIRECTION('',(0.,0.,1.));
#11977=DIRECTION('',(1.,0.,0.));
#11978=DIRECTION('',(0.,0.,1.));
#11979=DIRECTION('',(1.,0.,0.));
#11980=DIRECTION('',(0.,0.,-1.));
#11981=DIRECTION('',(-1.,0.,0.));
#11982=DIRECTION('',(0.,0.,1.));
#11983=DIRECTION('',(1.,0.,0.));
#11984=DIRECTION('',(0.,0.,1.));
#11985=DIRECTION('',(1.,0.,0.));
#11986=DIRECTION('',(0.,0.,1.));
#11987=DIRECTION('',(1.,0.,0.));
#11988=DIRECTION('',(0.,0.,1.));
#11989=DIRECTION('',(1.,0.,0.));
#11990=DIRECTION('',(0.,0.,-1.));
#11991=DIRECTION('',(-1.,0.,0.));
#11992=DIRECTION('',(0.,0.,1.));
#11993=DIRECTION('',(1.,0.,0.));
#11994=DIRECTION('',(0.,1.,0.));
#11995=DIRECTION('',(0.,0.,1.));
#11996=DIRECTION('',(1.,0.,0.));
#11997=DIRECTION('',(0.,0.,1.));
#11998=DIRECTION('',(1.,0.,0.));
#11999=DIRECTION('',(0.,0.,-1.));
#12000=DIRECTION('',(1.,0.,0.));
#12001=DIRECTION('',(0.,0.,-1.));
#12002=DIRECTION('',(0.,-1.,0.));
#12003=DIRECTION('',(0.,0.,-1.));
#12004=DIRECTION('',(0.,-1.,0.));
#12005=DIRECTION('',(0.,0.,-1.));
#12006=DIRECTION('',(0.,-1.,0.));
#12007=DIRECTION('',(0.,0.,-1.));
#12008=DIRECTION('',(-1.,0.,0.));
#12009=DIRECTION('',(0.,0.,-1.));
#12010=DIRECTION('',(-1.,0.,0.));
#12011=DIRECTION('',(-1.,3.46944695195362E-16,0.));
#12012=DIRECTION('',(-3.46944695195362E-16,-1.,0.));
#12013=DIRECTION('',(3.46944695195362E-16,1.,0.));
#12014=DIRECTION('',(0.,0.,1.));
#12015=DIRECTION('',(3.46944695195362E-16,1.,0.));
#12016=DIRECTION('',(0.,1.,0.));
#12017=DIRECTION('',(0.,0.,1.));
#12018=DIRECTION('',(1.,0.,0.));
#12019=DIRECTION('',(0.,0.,-1.));
#12020=DIRECTION('',(1.,0.,0.));
#12021=DIRECTION('',(0.,0.,-1.));
#12022=DIRECTION('',(1.,1.7347234759768E-16,0.));
#12023=DIRECTION('',(-1.7347234759768E-16,1.,0.));
#12024=DIRECTION('',(1.7347234759768E-16,-1.,0.));
#12025=DIRECTION('',(0.,0.,-1.));
#12026=DIRECTION('',(1.7347234759768E-16,-1.,0.));
#12027=DIRECTION('',(0.,1.,0.));
#12028=DIRECTION('',(0.,0.,1.));
#12029=DIRECTION('',(1.,0.,0.));
#12030=DIRECTION('',(0.,0.,1.));
#12031=DIRECTION('',(1.,0.,0.));
#12032=DIRECTION('',(-1.,0.,0.));
#12033=DIRECTION('',(0.,0.,1.));
#12034=DIRECTION('',(0.,1.,0.));
#12035=DIRECTION('',(0.,0.,-1.));
#12036=DIRECTION('',(0.,1.,0.));
#12037=DIRECTION('',(0.,0.,-1.));
#12038=DIRECTION('',(0.,1.,0.));
#12039=DIRECTION('',(0.,0.,1.));
#12040=DIRECTION('',(1.,0.,0.));
#12041=DIRECTION('',(0.,0.,-1.));
#12042=DIRECTION('',(1.,0.,0.));
#12043=DIRECTION('',(1.,0.,0.));
#12044=DIRECTION('',(0.,0.,-1.));
#12045=DIRECTION('',(0.,-1.,0.));
#12046=DIRECTION('',(0.,0.,1.));
#12047=DIRECTION('',(0.,-1.,0.));
#12048=DIRECTION('',(0.,1.,0.));
#12049=DIRECTION('',(0.,0.,1.));
#12050=DIRECTION('',(1.,0.,0.));
#12051=DIRECTION('',(0.,0.,-1.));
#12052=DIRECTION('',(1.,0.,0.));
#12053=DIRECTION('',(0.,0.,-1.));
#12054=DIRECTION('',(0.,0.,-1.));
#12055=DIRECTION('',(-1.,0.,0.));
#12056=DIRECTION('',(0.,0.,1.));
#12057=DIRECTION('',(1.,0.,0.));
#12058=DIRECTION('',(0.,0.,1.));
#12059=DIRECTION('',(1.,0.,0.));
#12060=DIRECTION('',(1.,4.33680868994202E-16,0.));
#12061=DIRECTION('',(-4.33680868994202E-16,1.,0.));
#12062=DIRECTION('',(4.33680868994202E-16,-1.,0.));
#12063=DIRECTION('',(4.33680868994202E-16,-1.,0.));
#12064=DIRECTION('',(0.,0.,1.));
#12065=DIRECTION('',(1.,0.,0.));
#12066=DIRECTION('',(0.,0.,1.));
#12067=DIRECTION('',(1.,0.,0.));
#12068=DIRECTION('',(-0.707106781186548,0.707106781186548,0.));
#12069=DIRECTION('',(-0.707106781186548,-0.707106781186548,0.));
#12070=DIRECTION('',(-0.707106781186548,0.707106781186548,0.));
#12071=DIRECTION('',(-0.707106781186548,-0.707106781186548,0.));
#12072=DIRECTION('',(0.,0.,1.));
#12073=DIRECTION('',(1.,0.,0.));
#12074=DIRECTION('',(0.,0.,-1.));
#12075=DIRECTION('',(-1.,0.,0.));
#12076=DIRECTION('',(0.,0.,-1.));
#12077=DIRECTION('',(-1.,0.,0.));
#12078=DIRECTION('',(0.707106781186548,-0.707106781186548,0.));
#12079=DIRECTION('',(0.707106781186548,0.707106781186548,0.));
#12080=DIRECTION('',(0.707106781186548,-0.707106781186548,0.));
#12081=DIRECTION('',(0.707106781186548,0.707106781186548,0.));
#12082=DIRECTION('',(0.,0.,1.));
#12083=DIRECTION('',(1.,0.,0.));
#12084=DIRECTION('',(0.,0.,-1.));
#12085=DIRECTION('',(-1.,0.,0.));
#12086=DIRECTION('',(0.,0.,1.));
#12087=DIRECTION('',(1.,0.,0.));
#12088=DIRECTION('',(0.,0.,1.));
#12089=DIRECTION('',(1.,0.,0.));
#12090=DIRECTION('',(0.707106781186548,0.707106781186548,0.));
#12091=DIRECTION('',(0.,0.,1.));
#12092=DIRECTION('',(-0.707106781186548,0.707106781186548,0.));
#12093=DIRECTION('',(0.,0.,1.));
#12094=DIRECTION('',(0.707106781186548,0.707106781186548,0.));
#12095=DIRECTION('',(0.,0.,-1.));
#12096=DIRECTION('',(-0.707106781186548,0.707106781186548,0.));
#12097=DIRECTION('',(0.,0.,-1.));
#12098=DIRECTION('',(0.,0.,-1.));
#12099=DIRECTION('',(-1.,0.,0.));
#12100=DIRECTION('',(0.,0.,-1.));
#12101=DIRECTION('',(-1.,0.,0.));
#12102=DIRECTION('',(0.,0.,-1.));
#12103=DIRECTION('',(1.,0.,0.));
#12104=DIRECTION('',(0.,0.,1.));
#12105=DIRECTION('',(1.,0.,0.));
#12106=DIRECTION('',(0.,0.,-1.));
#12107=DIRECTION('',(-1.,0.,0.));
#12108=DIRECTION('',(0.,0.,-1.));
#12109=DIRECTION('',(1.,0.,0.));
#12110=DIRECTION('',(0.,-1.,0.));
#12111=DIRECTION('',(0.,0.,-1.));
#12112=DIRECTION('',(1.,0.,0.));
#12113=DIRECTION('',(0.,0.,-1.));
#12114=DIRECTION('',(-1.,0.,0.));
#12115=DIRECTION('',(0.,0.,-1.));
#12116=DIRECTION('',(-1.,0.,0.));
#12117=DIRECTION('',(0.,0.,-1.));
#12118=DIRECTION('',(-1.,0.,0.));
#12119=DIRECTION('',(0.,0.,-1.));
#12120=DIRECTION('',(0.,0.,-1.));
#12121=DIRECTION('',(1.,0.,0.));
#12122=DIRECTION('',(0.,0.,-1.));
#12123=DIRECTION('',(-1.,0.,0.));
#12124=DIRECTION('',(1.,0.,0.));
#12125=DIRECTION('',(0.,1.,0.));
#12126=DIRECTION('',(0.,0.,-1.));
#12127=DIRECTION('',(-1.,0.,0.));
#12128=DIRECTION('',(-4.33680868994202E-16,1.,0.));
#12129=DIRECTION('',(0.,0.,-1.));
#12130=DIRECTION('',(-1.,0.,0.));
#12131=DIRECTION('',(0.,1.,0.));
#12132=DIRECTION('',(-1.,0.,0.));
#12133=DIRECTION('',(0.,0.,1.));
#12134=DIRECTION('',(0.,1.,0.));
#12135=DIRECTION('',(0.,0.,-1.));
#12136=DIRECTION('',(0.,1.,0.));
#12137=DIRECTION('',(0.,0.,1.));
#12138=DIRECTION('',(0.,1.,0.));
#12139=DIRECTION('',(0.,0.,-1.));
#12140=DIRECTION('',(0.,0.,1.));
#12141=DIRECTION('',(1.,0.,0.));
#12142=DIRECTION('',(0.,0.,1.));
#12143=DIRECTION('',(1.,0.,0.));
#12144=DIRECTION('',(1.7347234759768E-16,-1.,0.));
#12145=DIRECTION('',(0.,0.,1.));
#12146=DIRECTION('',(1.,0.,0.));
#12147=DIRECTION('',(-3.46944695195362E-16,-1.,0.));
#12148=DIRECTION('',(0.,0.,1.));
#12149=DIRECTION('',(1.,0.,0.));
#12150=DIRECTION('',(1.,0.,0.));
#12151=DIRECTION('',(1.,1.7347234759768E-16,0.));
#12152=DIRECTION('',(-1.7347234759768E-16,1.,0.));
#12153=DIRECTION('',(0.,0.,-1.));
#12154=DIRECTION('',(1.7347234759768E-16,-1.,0.));
#12155=DIRECTION('',(0.,0.,1.));
#12156=DIRECTION('',(1.7347234759768E-16,-1.,0.));
#12157=DIRECTION('',(0.,0.,-1.));
#12158=DIRECTION('',(1.7347234759768E-16,-1.,0.));
#12159=DIRECTION('',(0.,0.,-1.));
#12160=DIRECTION('',(1.,0.,0.));
#12161=DIRECTION('',(0.,0.,-1.));
#12162=DIRECTION('',(0.,0.,-1.));
#12163=DIRECTION('',(0.,-1.,0.));
#12164=DIRECTION('',(0.,0.,-1.));
#12165=DIRECTION('',(0.,-1.,0.));
#12166=DIRECTION('',(0.,1.,0.));
#12167=DIRECTION('',(0.,0.,1.));
#12168=DIRECTION('',(0.,0.,-1.));
#12169=DIRECTION('',(1.,0.,0.));
#12170=DIRECTION('',(0.,0.,-1.));
#12171=DIRECTION('',(1.,0.,0.));
#12172=DIRECTION('',(0.,0.,-1.));
#12173=DIRECTION('',(1.,0.,0.));
#12174=DIRECTION('',(0.,0.,-1.));
#12175=DIRECTION('',(0.,-1.,0.));
#12176=DIRECTION('',(0.,0.,-1.));
#12177=DIRECTION('',(0.,-1.,0.));
#12178=DIRECTION('',(0.,0.,-1.));
#12179=DIRECTION('',(0.,0.,-1.));
#12180=DIRECTION('',(-1.,0.,0.));
#12181=DIRECTION('',(0.,0.,1.));
#12182=DIRECTION('',(1.,0.,0.));
#12183=DIRECTION('',(0.,0.,-1.));
#12184=DIRECTION('',(-1.,0.,0.));
#12185=DIRECTION('',(0.,0.,1.));
#12186=DIRECTION('',(1.,0.,0.));
#12187=DIRECTION('',(0.,0.,-1.));
#12188=DIRECTION('',(0.,0.,-1.));
#12189=DIRECTION('',(-1.,0.,0.));
#12190=DIRECTION('',(0.,0.,-1.));
#12191=DIRECTION('',(0.,0.,1.));
#12192=DIRECTION('',(1.,0.,0.));
#12193=DIRECTION('',(0.,0.,-1.));
#12194=DIRECTION('',(-1.,0.,0.));
#12195=DIRECTION('',(0.,0.,1.));
#12196=DIRECTION('',(1.,0.,0.));
#12197=DIRECTION('',(0.,0.,1.));
#12198=DIRECTION('',(1.,0.,0.));
#12199=DIRECTION('',(4.33680868994202E-16,-1.,0.));
#12200=DIRECTION('',(0.707106781186548,0.707106781186548,0.));
#12201=DIRECTION('',(0.,0.,1.));
#12202=DIRECTION('',(1.,0.,0.));
#12203=DIRECTION('',(0.,0.,1.));
#12204=DIRECTION('',(1.,0.,0.));
#12205=DIRECTION('',(0.707106781186548,-0.707106781186548,0.));
#12206=DIRECTION('',(4.33680868994202E-16,-1.,0.));
#12207=DIRECTION('',(0.,0.,1.));
#12208=DIRECTION('',(1.,0.,0.));
#12209=DIRECTION('',(0.,0.,1.));
#12210=DIRECTION('',(1.,0.,0.));
#12211=DIRECTION('',(-0.707106781186548,-0.707106781186548,0.));
#12212=DIRECTION('',(0.,0.,1.));
#12213=DIRECTION('',(1.,0.,0.));
#12214=DIRECTION('',(-0.707106781186548,-0.707106781186548,0.));
#12215=DIRECTION('',(4.33680868994202E-16,-1.,0.));
#12216=DIRECTION('',(-0.707106781186548,0.707106781186548,0.));
#12217=DIRECTION('',(-1.,3.46944695195362E-16,0.));
#12218=DIRECTION('',(-3.46944695195362E-16,-1.,0.));
#12219=DIRECTION('',(3.46944695195362E-16,1.,0.));
#12220=DIRECTION('',(0.,0.,1.));
#12221=DIRECTION('',(3.46944695195362E-16,1.,0.));
#12222=DIRECTION('',(0.,0.,-1.));
#12223=DIRECTION('',(-1.,0.,0.));
#12224=DIRECTION('',(1.,4.33680868994202E-16,0.));
#12225=DIRECTION('',(-4.33680868994202E-16,1.,0.));
#12226=DIRECTION('',(0.,0.,-1.));
#12227=DIRECTION('',(0.,0.,-1.));
#12228=DIRECTION('',(0.,0.,1.));
#12229=DIRECTION('',(0.,0.,1.));
#12230=DIRECTION('',(1.,0.,0.));
#12231=DIRECTION('',(-0.707106781186548,0.707106781186548,0.));
#12232=DIRECTION('',(0.,0.,1.));
#12233=DIRECTION('',(1.,0.,0.));
#12234=DIRECTION('',(0.707106781186548,-0.707106781186548,0.));
#12235=DIRECTION('',(0.707106781186548,0.707106781186548,0.));
#12236=DIRECTION('',(0.707106781186548,0.707106781186548,0.));
#12237=DIRECTION('',(0.,0.,1.));
#12238=DIRECTION('',(-0.707106781186548,0.707106781186548,0.));
#12239=DIRECTION('',(0.,0.,1.));
#12240=DIRECTION('',(0.707106781186548,0.707106781186548,0.));
#12241=DIRECTION('',(0.,0.,-1.));
#12242=DIRECTION('',(-0.707106781186548,0.707106781186548,0.));
#12243=DIRECTION('',(0.,0.,-1.));
#12244=DIRECTION('',(0.,0.,-1.));
#12245=DIRECTION('',(-1.,0.,0.));
#12246=DIRECTION('',(-1.,2.77333911991762E-32,6.10622663543836E-16));
#12247=DIRECTION('',(6.10622663543836E-16,6.10622663543836E-16,1.));
#12248=DIRECTION('',(0.,1.,0.));
#12249=DIRECTION('',(0.,0.,1.));
#12250=DIRECTION('',(-1.,0.,0.));
#12251=DIRECTION('',(0.,0.,-1.));
#12252=DIRECTION('',(1.,0.,0.));
#12253=DIRECTION('',(0.,0.,-1.));
#12254=DIRECTION('',(1.,0.,0.));
#12255=DIRECTION('',(0.,0.,-1.));
#12256=DIRECTION('',(0.,1.,0.));
#12257=DIRECTION('',(0.,0.,1.));
#12258=DIRECTION('',(0.,-1.,0.));
#12259=DIRECTION('',(0.,-1.,0.));
#12260=DIRECTION('',(0.,0.,-1.));
#12261=DIRECTION('',(1.,0.,0.));
#12262=DIRECTION('',(0.,0.,-1.));
#12263=DIRECTION('',(-1.,0.,0.));
#12264=DIRECTION('',(0.,0.,-1.));
#12265=DIRECTION('',(-1.,3.46944695195362E-16,0.));
#12266=DIRECTION('',(-3.46944695195362E-16,-1.,0.));
#12267=DIRECTION('',(0.,-1.,0.));
#12268=DIRECTION('',(0.,0.,1.));
#12269=DIRECTION('',(3.46944695195362E-16,1.,0.));
#12270=DIRECTION('',(1.,0.,0.));
#12271=DIRECTION('',(0.,0.,-1.));
#12272=DIRECTION('',(0.,-1.,0.));
#12273=DIRECTION('',(0.,0.,-1.));
#12274=DIRECTION('',(0.,-1.,0.));
#12275=DIRECTION('',(0.,1.,0.));
#12276=DIRECTION('',(0.,0.,1.));
#12277=DIRECTION('',(0.,0.,-1.));
#12278=DIRECTION('',(-1.,0.,0.));
#12279=DIRECTION('',(0.,0.,-1.));
#12280=DIRECTION('',(1.,0.,0.));
#12281=DIRECTION('',(0.,0.,-1.));
#12282=DIRECTION('',(1.,0.,0.));
#12283=DIRECTION('',(0.,0.,1.));
#12284=DIRECTION('',(1.,0.,0.));
#12285=DIRECTION('',(1.,1.7347234759768E-16,0.));
#12286=DIRECTION('',(-1.7347234759768E-16,1.,0.));
#12287=DIRECTION('',(1.7347234759768E-16,-1.,0.));
#12288=DIRECTION('',(0.,0.,-1.));
#12289=DIRECTION('',(1.7347234759768E-16,-1.,0.));
#12290=DIRECTION('',(-1.,0.,0.));
#12291=DIRECTION('',(0.,0.,1.));
#12292=DIRECTION('',(0.,1.,0.));
#12293=DIRECTION('',(0.,0.,-1.));
#12294=DIRECTION('',(0.,1.,0.));
#12295=DIRECTION('',(0.,1.,0.));
#12296=DIRECTION('',(0.,0.,1.));
#12297=DIRECTION('',(1.,0.,0.));
#12298=DIRECTION('',(0.,0.,-1.));
#12299=DIRECTION('',(1.,0.,0.));
#12300=DIRECTION('',(0.,0.,-1.));
#12301=DIRECTION('',(-1.,0.,0.));
#12302=DIRECTION('',(0.,0.,1.));
#12303=DIRECTION('',(1.,0.,0.));
#12304=DIRECTION('',(0.,0.,-1.));
#12305=DIRECTION('',(-1.,0.,0.));
#12306=DIRECTION('',(0.,0.,1.));
#12307=DIRECTION('',(1.,0.,0.));
#12308=DIRECTION('',(0.,0.,1.));
#12309=DIRECTION('',(1.,0.,0.));
#12310=DIRECTION('',(1.,4.33680868994202E-16,0.));
#12311=DIRECTION('',(-4.33680868994202E-16,1.,0.));
#12312=DIRECTION('',(-4.33680868994202E-16,1.,0.));
#12313=DIRECTION('',(4.33680868994202E-16,-1.,0.));
#12314=DIRECTION('',(0.,0.,1.));
#12315=DIRECTION('',(1.,0.,0.));
#12316=DIRECTION('',(0.,0.,1.));
#12317=DIRECTION('',(1.,0.,0.));
#12318=DIRECTION('',(-0.707106781186547,0.707106781186548,0.));
#12319=DIRECTION('',(-0.707106781186548,-0.707106781186548,0.));
#12320=DIRECTION('',(-0.707106781186547,0.707106781186548,0.));
#12321=DIRECTION('',(-0.707106781186548,-0.707106781186548,0.));
#12322=DIRECTION('',(0.,0.,1.));
#12323=DIRECTION('',(1.,0.,0.));
#12324=DIRECTION('',(4.33680868994202E-16,-1.,0.));
#12325=DIRECTION('',(-1.,0.,0.));
#12326=DIRECTION('',(-1.7347234759768E-16,1.,0.));
#12327=DIRECTION('',(1.,0.,0.));
#12328=DIRECTION('',(0.,0.,1.));
#12329=DIRECTION('',(1.,0.,0.));
#12330=DIRECTION('',(0.,0.,-1.));
#12331=DIRECTION('',(-1.,0.,0.));
#12332=DIRECTION('',(0.,0.,1.));
#12333=DIRECTION('',(1.,0.,0.));
#12334=DIRECTION('',(0.,0.,1.));
#12335=DIRECTION('',(1.,0.,0.));
#12336=DIRECTION('',(0.,0.,-1.));
#12337=DIRECTION('',(-1.,0.,0.));
#12338=DIRECTION('',(0.707106781186548,0.707106781186548,0.));
#12339=DIRECTION('',(0.707106781186547,-0.707106781186548,0.));
#12340=DIRECTION('',(0.707106781186548,0.707106781186547,0.));
#12341=DIRECTION('',(0.,0.,1.));
#12342=DIRECTION('',(-0.707106781186548,0.707106781186548,0.));
#12343=DIRECTION('',(0.,0.,1.));
#12344=DIRECTION('',(0.,0.,-1.));
#12345=DIRECTION('',(-1.,0.,0.));
#12346=DIRECTION('',(0.707106781186548,0.707106781186548,0.));
#12347=DIRECTION('',(0.707106781186547,-0.707106781186548,0.));
#12348=DIRECTION('',(0.707106781186548,0.707106781186547,0.));
#12349=DIRECTION('',(0.,0.,-1.));
#12350=DIRECTION('',(-0.707106781186548,0.707106781186548,0.));
#12351=DIRECTION('',(0.,0.,-1.));
#12352=DIRECTION('',(0.,0.707106781186548,-0.707106781186547));
#12353=DIRECTION('',(-1.,0.,0.));
#12354=DIRECTION('',(0.577350269189626,0.577350269189626,0.577350269189626));
#12355=DIRECTION('',(0.577350269189626,-0.577350269189626,-0.577350269189626));
#12356=DIRECTION('',(0.707106781186548,1.2266347333467E-16,0.707106781186548));
#12357=DIRECTION('',(1.7347234759768E-16,-1.,0.));
#12358=DIRECTION('',(-0.577350269189626,-0.577350269189626,0.577350269189626));
#12359=DIRECTION('',(0.707106781186548,3.06658683336675E-16,-0.707106781186548));
#12360=DIRECTION('',(-4.33680868994202E-16,1.,0.));
#12361=DIRECTION('',(0.577350269189626,-0.577350269189625,0.577350269189626));
#12362=DIRECTION('',(0.,0.707106781186548,0.707106781186547));
#12363=DIRECTION('',(1.,0.,0.));
#12364=DIRECTION('',(0.707106781186548,1.2266347333467E-16,0.707106781186548));
#12365=DIRECTION('',(1.7347234759768E-16,-1.,0.));
#12366=DIRECTION('',(0.577350269189626,0.577350269189626,-0.577350269189626));
#12367=DIRECTION('',(1.7347234759768E-16,-1.,0.));
#12368=DIRECTION('',(0.577350269189626,-0.577350269189626,-0.577350269189626));
#12369=DIRECTION('',(-1.7347234759768E-16,1.,0.));
#12370=DIRECTION('',(0.707106781186548,3.06658683336675E-16,-0.707106781186548));
#12371=DIRECTION('',(-4.33680868994202E-16,1.,0.));
#12372=DIRECTION('',(-0.577350269189626,-0.577350269189626,-0.577350269189626));
#12373=DIRECTION('',(4.33680868994202E-16,-1.,0.));
#12374=DIRECTION('',(-0.577350269189626,0.577350269189626,-0.577350269189625));
#12375=DIRECTION('',(-4.33680868994202E-16,1.,0.));
#12376=DIRECTION('',(0.,1.,0.));
#12377=DIRECTION('',(0.,0.,1.));
#12378=DIRECTION('',(1.,0.,0.));
#12379=DIRECTION('',(0.,0.,-1.));
#12380=DIRECTION('',(1.,0.,0.));
#12381=DIRECTION('',(0.,0.,-1.));
#12382=DIRECTION('',(-1.,0.,0.));
#12383=DIRECTION('',(0.,0.,-1.));
#12384=DIRECTION('',(-1.,0.,0.));
#12385=DIRECTION('',(0.,0.,1.));
#12386=DIRECTION('',(0.,1.,0.));
#12387=DIRECTION('',(0.,1.,0.));
#12388=DIRECTION('',(0.,0.,1.));
#12389=DIRECTION('',(0.,1.,0.));
#12390=DIRECTION('',(0.,0.,-1.));
#12391=DIRECTION('',(1.,1.7347234759768E-16,0.));
#12392=DIRECTION('',(-1.7347234759768E-16,1.,0.));
#12393=DIRECTION('',(1.7347234759768E-16,-1.,0.));
#12394=DIRECTION('',(0.,0.,-1.));
#12395=DIRECTION('',(1.7347234759768E-16,-1.,0.));
#12396=DIRECTION('',(0.,0.,-1.));
#12397=DIRECTION('',(0.,0.,1.));
#12398=DIRECTION('',(1.7347234759768E-16,-1.,0.));
#12399=DIRECTION('',(0.,0.,-1.));
#12400=DIRECTION('',(0.,0.,1.));
#12401=DIRECTION('',(1.,0.,0.));
#12402=DIRECTION('',(0.,0.,1.));
#12403=DIRECTION('',(1.,0.,0.));
#12404=DIRECTION('',(0.,0.,1.));
#12405=DIRECTION('',(1.,0.,0.));
#12406=DIRECTION('',(-3.46944695195362E-16,-1.,0.));
#12407=DIRECTION('',(-1.,0.,0.));
#12408=DIRECTION('',(0.,0.,1.));
#12409=DIRECTION('',(1.,0.,0.));
#12410=DIRECTION('',(0.,-1.,0.));
#12411=DIRECTION('',(0.,0.,-1.));
#12412=DIRECTION('',(0.,0.,-1.));
#12413=DIRECTION('',(1.,0.,0.));
#12414=DIRECTION('',(0.,0.,-1.));
#12415=DIRECTION('',(-1.,0.,0.));
#12416=DIRECTION('',(0.,0.,-1.));
#12417=DIRECTION('',(0.,0.,-1.));
#12418=DIRECTION('',(-1.,0.,0.));
#12419=DIRECTION('',(0.,0.,1.));
#12420=DIRECTION('',(1.,0.,0.));
#12421=DIRECTION('',(0.,0.,-1.));
#12422=DIRECTION('',(-1.,0.,0.));
#12423=DIRECTION('',(0.,0.,1.));
#12424=DIRECTION('',(1.,0.,0.));
#12425=DIRECTION('',(0.,0.,-1.));
#12426=DIRECTION('',(0.,0.,1.));
#12427=DIRECTION('',(1.,0.,0.));
#12428=DIRECTION('',(0.,0.,1.));
#12429=DIRECTION('',(1.,0.,0.));
#12430=DIRECTION('',(-0.707106781186548,-0.707106781186548,0.));
#12431=DIRECTION('',(0.,0.,1.));
#12432=DIRECTION('',(1.,0.,0.));
#12433=DIRECTION('',(0.,-1.,0.));
#12434=DIRECTION('',(-0.707106781186548,-0.707106781186548,0.));
#12435=DIRECTION('',(4.33680868994202E-16,-1.,0.));
#12436=DIRECTION('',(-0.707106781186547,0.707106781186548,0.));
#12437=DIRECTION('',(0.,-1.,0.));
#12438=DIRECTION('',(1.,0.,0.));
#12439=DIRECTION('',(0.,0.,-1.));
#12440=DIRECTION('',(0.,1.,0.));
#12441=DIRECTION('',(0.,0.,-1.));
#12442=DIRECTION('',(-1.,3.46944695195362E-16,0.));
#12443=DIRECTION('',(-3.46944695195362E-16,-1.,0.));
#12444=DIRECTION('',(3.46944695195362E-16,1.,0.));
#12445=DIRECTION('',(0.,0.,1.));
#12446=DIRECTION('',(-3.46944695195362E-16,-1.,0.));
#12447=DIRECTION('',(1.,0.,0.));
#12448=DIRECTION('',(0.,0.,-1.));
#12449=DIRECTION('',(0.,1.,0.));
#12450=DIRECTION('',(0.,0.,-1.));
#12451=DIRECTION('',(0.,0.,-1.));
#12452=DIRECTION('',(-1.,0.,0.));
#12453=DIRECTION('',(1.,4.33680868994202E-16,0.));
#12454=DIRECTION('',(-4.33680868994202E-16,1.,0.));
#12455=DIRECTION('',(0.,0.,-1.));
#12456=DIRECTION('',(0.,0.,1.));
#12457=DIRECTION('',(0.,0.,1.));
#12458=DIRECTION('',(1.,0.,0.));
#12459=DIRECTION('',(-0.707106781186547,0.707106781186548,0.));
#12460=DIRECTION('',(0.,0.,1.));
#12461=DIRECTION('',(1.,0.,0.));
#12462=DIRECTION('',(0.707106781186547,-0.707106781186548,0.));
#12463=DIRECTION('',(0.707106781186548,0.707106781186548,0.));
#12464=DIRECTION('',(0.707106781186547,-0.707106781186548,0.));
#12465=DIRECTION('',(0.707106781186548,0.707106781186548,0.));
#12466=DIRECTION('',(0.707106781186548,0.707106781186547,0.));
#12467=DIRECTION('',(0.,0.,1.));
#12468=DIRECTION('',(-0.707106781186548,0.707106781186548,0.));
#12469=DIRECTION('',(0.,0.,1.));
#12470=DIRECTION('',(0.707106781186548,0.707106781186547,0.));
#12471=DIRECTION('',(0.,0.,-1.));
#12472=DIRECTION('',(-0.707106781186548,0.707106781186548,0.));
#12473=DIRECTION('',(0.,0.,-1.));
#12474=DIRECTION('',(-1.,0.,-1.11022302462516E-16));
#12475=DIRECTION('',(-1.11022302462516E-16,0.,1.));
#12476=DIRECTION('',(0.,0.,1.));
#12477=DIRECTION('',(1.,0.,0.));
#12478=DIRECTION('',(0.,0.,-1.));
#12479=DIRECTION('',(1.,0.,0.));
#12480=DIRECTION('',(0.,0.,1.));
#12481=DIRECTION('',(-1.,0.,0.));
#12482=DIRECTION('',(0.,0.,1.));
#12483=DIRECTION('',(1.,0.,0.));
#12484=DIRECTION('',(0.,0.,-1.));
#12485=DIRECTION('',(1.,0.,0.));
#12486=DIRECTION('',(0.,0.,-1.));
#12487=DIRECTION('',(1.,0.,0.));
#12488=DIRECTION('',(0.,0.,1.));
#12489=DIRECTION('',(1.,0.,0.));
#12490=DIRECTION('',(0.,0.,-1.));
#12491=DIRECTION('',(-1.,0.,0.));
#12492=DIRECTION('',(0.,0.,1.));
#12493=DIRECTION('',(1.,0.,0.));
#12494=DIRECTION('',(0.,0.,1.));
#12495=DIRECTION('',(-1.,-3.46944695195362E-16,0.));
#12496=DIRECTION('',(0.,0.,-1.));
#12497=DIRECTION('',(-1.,-3.46944695195362E-16,0.));
#12498=DIRECTION('',(0.,0.,1.));
#12499=DIRECTION('',(1.,3.46944695195362E-16,0.));
#12500=DIRECTION('',(0.,0.,1.));
#12501=DIRECTION('',(-1.,-3.46944695195362E-16,0.));
#12502=DIRECTION('',(0.,0.,-1.));
#12503=DIRECTION('',(-1.,-3.46944695195362E-16,0.));
#12504=DIRECTION('',(0.,0.,-1.));
#12505=DIRECTION('',(-1.,-3.46944695195362E-16,0.));
#12506=DIRECTION('',(0.,0.,1.));
#12507=DIRECTION('',(-1.,-3.46944695195362E-16,0.));
#12508=DIRECTION('',(0.,0.,-1.));
#12509=DIRECTION('',(1.,3.46944695195362E-16,0.));
#12510=DIRECTION('',(0.,0.,1.));
#12511=DIRECTION('',(1.,0.,0.));
#12512=DIRECTION('',(0.,0.,1.));
#12513=DIRECTION('',(1.,0.,0.));
#12514=DIRECTION('',(0.,0.,1.));
#12515=DIRECTION('',(1.,0.,0.));
#12516=DIRECTION('',(0.,0.,-1.));
#12517=DIRECTION('',(-1.,0.,0.));
#12518=DIRECTION('',(0.,0.,1.));
#12519=DIRECTION('',(1.,0.,0.));
#12520=DIRECTION('',(0.,0.,1.));
#12521=DIRECTION('',(1.,0.,0.));
#12522=DIRECTION('',(0.,0.,1.));
#12523=DIRECTION('',(1.,0.,0.));
#12524=DIRECTION('',(0.,0.,1.));
#12525=DIRECTION('',(1.,0.,0.));
#12526=DIRECTION('',(0.,0.,-1.));
#12527=DIRECTION('',(-1.,0.,0.));
#12528=DIRECTION('',(0.,0.,1.));
#12529=DIRECTION('',(1.,0.,0.));
#12530=DIRECTION('',(-5.55111512312578E-17,1.,-1.84889274661175E-32));
#12531=DIRECTION('',(-3.33066907387547E-16,0.,1.));
#12532=DIRECTION('',(1.,3.69627624575466E-16,6.64696333891792E-16));
#12533=DIRECTION('',(-6.64696333891792E-16,-6.2768601239956E-16,1.));
#12534=DIRECTION('',(3.69627624575467E-16,-1.,-6.2768601239956E-16));
#12535=DIRECTION('',(6.64696333891792E-16,6.2768601239956E-16,-1.));
#12536=DIRECTION('',(3.69627624575467E-16,-1.,-6.2768601239956E-16));
#12537=DIRECTION('',(6.64696333891792E-16,6.2768601239956E-16,-1.));
#12538=DIRECTION('',(3.69627624575467E-16,-1.,-6.2768601239956E-16));
#12539=DIRECTION('',(6.64696333891792E-16,6.2768601239956E-16,-1.));
#12540=DIRECTION('',(-1.,-3.69627624575466E-16,-6.64696333891792E-16));
#12541=DIRECTION('',(6.64696333891792E-16,6.2768601239956E-16,-1.));
#12542=DIRECTION('',(-1.,-3.69627624575466E-16,-6.64696333891792E-16));
#12543=DIRECTION('',(1.,3.69627624575466E-16,6.64696333891792E-16));
#12544=DIRECTION('',(-6.64696333891792E-16,-6.2768601239956E-16,1.));
#12545=DIRECTION('',(3.69627624575467E-16,-1.,-6.2768601239956E-16));
#12546=DIRECTION('',(6.64696333891792E-16,6.2768601239956E-16,-1.));
#12547=DIRECTION('',(3.69627624575467E-16,-1.,-6.2768601239956E-16));
#12548=DIRECTION('',(3.69627624575467E-16,-1.,-6.2768601239956E-16));
#12549=DIRECTION('',(6.64696333891792E-16,6.2768601239956E-16,-1.));
#12550=DIRECTION('',(-1.,-3.69627624575466E-16,-6.64696333891792E-16));
#12551=DIRECTION('',(-1.,-3.69627624575466E-16,-6.64696333891792E-16));
#12552=DIRECTION('',(-6.64696333891792E-16,-6.2768601239956E-16,1.));
#12553=DIRECTION('',(3.69627624575467E-16,-1.,-6.2768601239956E-16));
#12554=DIRECTION('',(-6.64696333891792E-16,-6.2768601239956E-16,1.));
#12555=DIRECTION('',(-1.,-4.30859964532835E-16,-6.64696333891792E-16));
#12556=DIRECTION('',(-6.64696333891792E-16,-6.2768601239956E-16,1.));
#12557=DIRECTION('',(3.69627624575467E-16,-1.,-6.2768601239956E-16));
#12558=DIRECTION('',(6.64696333891792E-16,6.2768601239956E-16,-1.));
#12559=DIRECTION('',(1.,4.30859964532835E-16,6.64696333891792E-16));
#12560=DIRECTION('',(-6.64696333891792E-16,-6.2768601239956E-16,1.));
#12561=DIRECTION('',(-1.,-4.30859964532835E-16,-6.64696333891792E-16));
#12562=DIRECTION('',(-6.64696333891792E-16,-6.2768601239956E-16,1.));
#12563=DIRECTION('',(-1.,-4.30859964532834E-16,-6.64696333891792E-16));
#12564=DIRECTION('',(0.,0.,1.));
#12565=DIRECTION('',(1.,0.,0.));
#12566=DIRECTION('',(-1.,-3.69627624575467E-16,7.50150692314295E-16));
#12567=DIRECTION('',(7.50150692314295E-16,-6.27686012399559E-16,1.));
#12568=DIRECTION('',(3.69627624575467E-16,-1.,-6.2768601239956E-16));
#12569=DIRECTION('',(-7.50150692314295E-16,6.27686012399559E-16,-1.));
#12570=DIRECTION('',(3.69627624575467E-16,-1.,-6.2768601239956E-16));
#12571=DIRECTION('',(-7.50150692314295E-16,6.27686012399559E-16,-1.));
#12572=DIRECTION('',(3.69627624575467E-16,-1.,-6.2768601239956E-16));
#12573=DIRECTION('',(-7.50150692314295E-16,6.27686012399559E-16,-1.));
#12574=DIRECTION('',(1.,3.69627624575467E-16,-7.50150692314295E-16));
#12575=DIRECTION('',(1.,3.69627624575467E-16,-7.50150692314295E-16));
#12576=DIRECTION('',(-7.50150692314295E-16,6.27686012399559E-16,-1.));
#12577=DIRECTION('',(-1.,-3.69627624575467E-16,7.50150692314295E-16));
#12578=DIRECTION('',(7.50150692314295E-16,-6.27686012399559E-16,1.));
#12579=DIRECTION('',(3.69627624575467E-16,-1.,-6.2768601239956E-16));
#12580=DIRECTION('',(3.69627624575467E-16,-1.,-6.2768601239956E-16));
#12581=DIRECTION('',(-7.50150692314295E-16,6.27686012399559E-16,-1.));
#12582=DIRECTION('',(3.69627624575467E-16,-1.,-6.2768601239956E-16));
#12583=DIRECTION('',(-7.50150692314295E-16,6.27686012399559E-16,-1.));
#12584=DIRECTION('',(1.,3.69627624575467E-16,-7.50150692314295E-16));
#12585=DIRECTION('',(1.,3.69627624575467E-16,-7.50150692314295E-16));
#12586=DIRECTION('',(7.50150692314295E-16,-6.27686012399559E-16,1.));
#12587=DIRECTION('',(3.69627624575467E-16,-1.,-6.2768601239956E-16));
#12588=DIRECTION('',(-7.50150692314295E-16,6.27686012399559E-16,-1.));
#12589=DIRECTION('',(1.,3.08395284618099E-16,-7.50150692314295E-16));
#12590=DIRECTION('',(7.50150692314295E-16,-6.27686012399559E-16,1.));
#12591=DIRECTION('',(3.69627624575467E-16,-1.,-6.2768601239956E-16));
#12592=DIRECTION('',(-7.50150692314295E-16,6.27686012399559E-16,-1.));
#12593=DIRECTION('',(-1.,-3.08395284618099E-16,7.50150692314295E-16));
#12594=DIRECTION('',(-7.50150692314295E-16,6.27686012399559E-16,-1.));
#12595=DIRECTION('',(1.,3.08395284618099E-16,-7.50150692314295E-16));
#12596=DIRECTION('',(7.50150692314295E-16,-6.27686012399559E-16,1.));
#12597=DIRECTION('',(1.,3.08395284618099E-16,-7.50150692314295E-16));
#12598=DIRECTION('',(0.,0.,1.));
#12599=DIRECTION('',(1.,0.,0.));
#12600=DIRECTION('',(1.11022302462516E-16,-1.,-7.21644966006352E-16));
#12601=DIRECTION('',(9.43689570931383E-16,7.21644966006352E-16,-1.));
#12602=DIRECTION('',(0.,0.,1.));
#12603=DIRECTION('',(1.,0.,0.));
#12604=DIRECTION('',(0.754024202785105,0.656846634774273,0.));
#12605=DIRECTION('',(0.,0.,1.));
#12606=DIRECTION('',(1.,0.,0.));
#12607=DIRECTION('',(0.324580797293073,0.945857973497392,0.));
#12608=DIRECTION('',(0.,0.,1.));
#12609=DIRECTION('',(-0.809016994374947,0.587785252292473,0.));
#12610=DIRECTION('',(0.,0.,1.));
#12611=DIRECTION('',(1.,0.,0.));
#12612=DIRECTION('',(-0.391691979377996,0.920096404346277,0.));
#12613=DIRECTION('',(0.,0.,1.));
#12614=DIRECTION('',(1.,0.,0.));
#12615=DIRECTION('',(-0.799263406773094,0.600980870405597,0.));
#12616=DIRECTION('',(0.,0.,1.));
#12617=DIRECTION('',(-0.809016994374948,-0.587785252292473,0.));
#12618=DIRECTION('',(0.,0.,1.));
#12619=DIRECTION('',(1.,0.,0.));
#12620=DIRECTION('',(-0.99610315916143,-0.0881957839617069,0.));
#12621=DIRECTION('',(0.,0.,1.));
#12622=DIRECTION('',(1.,0.,0.));
#12623=DIRECTION('',(-0.818552748642878,-0.574431368998237,0.));
#12624=DIRECTION('',(0.,0.,1.));
#12625=DIRECTION('',(0.309016994374948,-0.951056516295154,0.));
#12626=DIRECTION('',(0.,0.,1.));
#12627=DIRECTION('',(1.,0.,0.));
#12628=DIRECTION('',(-0.223933629284914,-0.974604396499055,0.));
#12629=DIRECTION('',(0.,0.,1.));
#12630=DIRECTION('',(1.,0.,0.));
#12631=DIRECTION('',(0.293369986527146,-0.95599898065064,0.));
#12632=DIRECTION('',(0.,0.,1.));
#12633=DIRECTION('',(1.,0.,0.));
#12634=DIRECTION('',(0.,0.,1.));
#12635=DIRECTION('',(1.,0.,0.));
#12636=DIRECTION('',(0.,0.,-1.));
#12637=DIRECTION('',(-1.,0.,0.));
#12638=DIRECTION('',(0.,0.,-1.));
#12639=DIRECTION('',(0.,0.,1.));
#12640=DIRECTION('',(-0.809016994374948,-0.587785252292473,0.));
#12641=DIRECTION('',(0.,0.,-1.));
#12642=DIRECTION('',(0.,0.,-1.));
#12643=DIRECTION('',(0.,0.,1.));
#12644=DIRECTION('',(0.309016994374948,-0.951056516295154,0.));
#12645=DIRECTION('',(0.,0.,-1.));
#12646=DIRECTION('',(0.,0.,-1.));
#12647=DIRECTION('',(0.,0.,1.));
#12648=DIRECTION('',(1.,0.,0.));
#12649=DIRECTION('',(0.,0.,-1.));
#12650=DIRECTION('',(0.,0.,1.));
#12651=DIRECTION('',(1.,0.,0.));
#12652=DIRECTION('',(0.,0.,-1.));
#12653=DIRECTION('',(0.,0.,1.));
#12654=DIRECTION('',(0.309016994374948,0.951056516295154,0.));
#12655=DIRECTION('',(0.,0.,-1.));
#12656=DIRECTION('',(0.,0.,-1.));
#12657=DIRECTION('',(0.,0.,1.));
#12658=DIRECTION('',(-0.809016994374947,0.587785252292473,0.));
#12659=DIRECTION('',(0.,0.,-1.));
#12660=DIRECTION('',(0.,0.,1.));
#12661=DIRECTION('',(1.,0.,0.));
#12662=DIRECTION('',(0.,0.,1.));
#12663=DIRECTION('',(1.,0.,0.));
#12664=DIRECTION('',(0.,0.,1.));
#12665=DIRECTION('',(1.,0.,0.));
#12666=DIRECTION('',(0.857704565039234,-0.514142858659788,0.));
#12667=DIRECTION('',(0.999865371595753,-0.0164084942541112,0.));
#12668=DIRECTION('',(0.,0.,1.));
#12669=DIRECTION('',(1.,0.,0.));
#12670=DIRECTION('',(1.,0.,0.));
#12671=DIRECTION('',(0.,0.,-1.));
#12672=DIRECTION('',(0.,-1.,0.));
#12673=DIRECTION('',(0.,0.,-1.));
#12674=DIRECTION('',(0.,-1.,0.));
#12675=DIRECTION('',(0.,0.,-1.));
#12676=DIRECTION('',(0.,0.,-1.));
#12677=DIRECTION('',(-1.,0.,0.));
#12678=DIRECTION('',(0.,0.,1.));
#12679=DIRECTION('',(1.,0.,0.));
#12680=DIRECTION('',(0.,0.,-1.));
#12681=DIRECTION('',(0.,0.,1.));
#12682=DIRECTION('',(1.,0.,0.));
#12683=DIRECTION('',(1.,0.,0.));
#12684=DIRECTION('',(0.,0.,-1.));
#12685=DIRECTION('',(0.,-1.,0.));
#12686=DIRECTION('',(0.,0.,-1.));
#12687=DIRECTION('',(0.,-1.,0.));
#12688=DIRECTION('',(0.,0.,-1.));
#12689=DIRECTION('',(-1.,0.,0.));
#12690=DIRECTION('',(0.,0.,1.));
#12691=DIRECTION('',(1.,0.,0.));
#12692=DIRECTION('',(0.,0.,1.));
#12693=DIRECTION('',(1.,0.,0.));
#12694=DIRECTION('',(0.,0.,1.));
#12695=DIRECTION('',(1.,0.,0.));
#12696=DIRECTION('',(0.,0.,1.));
#12697=DIRECTION('',(1.,0.,0.));
#12698=DIRECTION('',(-0.920096404346277,-0.391691979377996,0.));
#12699=DIRECTION('',(0.391691979377996,-0.920096404346277,0.));
#12700=DIRECTION('',(-0.391691979377996,0.920096404346277,0.));
#12701=DIRECTION('',(0.,0.,-1.));
#12702=DIRECTION('',(-0.391691979377996,0.920096404346277,0.));
#12703=DIRECTION('',(-0.600980870405597,-0.799263406773094,0.));
#12704=DIRECTION('',(0.,0.,-1.));
#12705=DIRECTION('',(-0.799263406773094,0.600980870405597,0.));
#12706=DIRECTION('',(0.,0.,-1.));
#12707=DIRECTION('',(-0.799263406773094,0.600980870405597,0.));
#12708=DIRECTION('',(0.,0.,1.));
#12709=DIRECTION('',(-0.809016994374948,-0.587785252292473,0.));
#12710=DIRECTION('',(0.,0.,1.));
#12711=DIRECTION('',(-0.809016994374948,-0.587785252292473,0.));
#12712=DIRECTION('',(-0.799263406773094,0.600980870405597,0.));
#12713=DIRECTION('',(-0.391691979377996,0.920096404346277,0.));
#12714=DIRECTION('',(-0.799263406773093,0.600980870405597,0.));
#12715=DIRECTION('',(-0.600980870405597,-0.799263406773093,0.));
#12716=DIRECTION('',(0.799263406773093,-0.600980870405597,0.));
#12717=DIRECTION('',(0.600980870405597,0.799263406773093,0.));
#12718=DIRECTION('',(-0.391691979377996,0.920096404346277,0.));
#12719=DIRECTION('',(-0.920096404346277,-0.391691979377996,0.));
#12720=DIRECTION('',(0.391691979377996,-0.920096404346277,0.));
#12721=DIRECTION('',(0.920096404346277,0.391691979377996,0.));
#12722=DIRECTION('',(0.,0.,1.));
#12723=DIRECTION('',(1.,0.,0.));
#12724=DIRECTION('',(0.,0.,-1.));
#12725=DIRECTION('',(-1.,0.,0.));
#12726=DIRECTION('',(0.,0.,-1.));
#12727=DIRECTION('',(0.,0.,1.));
#12728=DIRECTION('',(1.,0.,0.));
#12729=DIRECTION('',(0.,0.,1.));
#12730=DIRECTION('',(1.,0.,0.));
#12731=DIRECTION('',(0.,0.,1.));
#12732=DIRECTION('',(1.,0.,0.));
#12733=DIRECTION('',(0.,0.,-1.));
#12734=DIRECTION('',(0.,0.,-1.));
#12735=DIRECTION('',(-1.,0.,0.));
#12736=DIRECTION('',(-0.656846634774273,0.754024202785105,0.));
#12737=DIRECTION('',(-0.754024202785105,-0.656846634774273,0.));
#12738=DIRECTION('',(0.754024202785105,0.656846634774273,0.));
#12739=DIRECTION('',(0.,0.,-1.));
#12740=DIRECTION('',(0.754024202785105,0.656846634774273,0.));
#12741=DIRECTION('',(-0.945857973497392,0.324580797293073,0.));
#12742=DIRECTION('',(0.,0.,-1.));
#12743=DIRECTION('',(0.324580797293073,0.945857973497392,0.));
#12744=DIRECTION('',(0.324580797293073,0.945857973497392,0.));
#12745=DIRECTION('',(0.,0.,1.));
#12746=DIRECTION('',(-0.809016994374947,0.587785252292473,0.));
#12747=DIRECTION('',(0.,0.,1.));
#12748=DIRECTION('',(-0.809016994374947,0.587785252292473,0.));
#12749=DIRECTION('',(0.324580797293073,0.945857973497392,0.));
#12750=DIRECTION('',(0.754024202785105,0.656846634774273,0.));
#12751=DIRECTION('',(0.324580797293073,0.945857973497392,0.));
#12752=DIRECTION('',(-0.945857973497392,0.324580797293073,0.));
#12753=DIRECTION('',(-0.324580797293073,-0.945857973497392,0.));
#12754=DIRECTION('',(0.945857973497392,-0.324580797293073,0.));
#12755=DIRECTION('',(0.754024202785105,0.656846634774273,0.));
#12756=DIRECTION('',(-0.656846634774273,0.754024202785105,0.));
#12757=DIRECTION('',(-0.754024202785105,-0.656846634774273,0.));
#12758=DIRECTION('',(0.656846634774273,-0.754024202785105,0.));
#12759=DIRECTION('',(0.,0.,1.));
#12760=DIRECTION('',(1.,0.,0.));
#12761=DIRECTION('',(0.,0.,1.));
#12762=DIRECTION('',(1.,0.,0.));
#12763=DIRECTION('',(0.,0.,-1.));
#12764=DIRECTION('',(0.,0.,-1.));
#12765=DIRECTION('',(-1.,0.,0.));
#12766=DIRECTION('',(0.0881957839617069,-0.996103159161429,0.));
#12767=DIRECTION('',(0.996103159161429,0.0881957839617069,0.));
#12768=DIRECTION('',(-0.99610315916143,-0.0881957839617069,0.));
#12769=DIRECTION('',(-0.99610315916143,-0.0881957839617069,0.));
#12770=DIRECTION('',(0.574431368998237,-0.818552748642878,0.));
#12771=DIRECTION('',(0.,0.,-1.));
#12772=DIRECTION('',(-0.818552748642878,-0.574431368998237,0.));
#12773=DIRECTION('',(0.,0.,-1.));
#12774=DIRECTION('',(-0.818552748642878,-0.574431368998237,0.));
#12775=DIRECTION('',(0.,0.,1.));
#12776=DIRECTION('',(0.309016994374948,-0.951056516295154,0.));
#12777=DIRECTION('',(-0.99610315916143,-0.0881957839617069,0.));
#12778=DIRECTION('',(0.,0.,1.));
#12779=DIRECTION('',(0.309016994374948,-0.951056516295154,0.));
#12780=DIRECTION('',(-0.818552748642878,-0.574431368998237,0.));
#12781=DIRECTION('',(0.99610315916143,0.0881957839617069,0.));
#12782=DIRECTION('',(-0.0881957839617069,0.996103159161429,0.));
#12783=DIRECTION('',(-0.818552748642878,-0.574431368998237,0.));
#12784=DIRECTION('',(0.574431368998237,-0.818552748642878,0.));
#12785=DIRECTION('',(0.818552748642878,0.574431368998237,0.));
#12786=DIRECTION('',(-0.574431368998237,0.818552748642878,0.));
#12787=DIRECTION('',(-0.99610315916143,-0.0881957839617069,0.));
#12788=DIRECTION('',(0.0881957839617069,-0.996103159161429,0.));
#12789=DIRECTION('',(0.,0.,1.));
#12790=DIRECTION('',(1.,0.,0.));
#12791=DIRECTION('',(0.,0.,-1.));
#12792=DIRECTION('',(-1.,0.,0.));
#12793=DIRECTION('',(0.,0.,-1.));
#12794=DIRECTION('',(0.,0.,1.));
#12795=DIRECTION('',(1.,0.,0.));
#12796=DIRECTION('',(0.974604396499055,-0.223933629284914,0.));
#12797=DIRECTION('',(0.223933629284914,0.974604396499055,0.));
#12798=DIRECTION('',(-0.223933629284914,-0.974604396499055,0.));
#12799=DIRECTION('',(0.,0.,-1.));
#12800=DIRECTION('',(-0.223933629284914,-0.974604396499055,0.));
#12801=DIRECTION('',(0.95599898065064,0.293369986527146,0.));
#12802=DIRECTION('',(0.,0.,-1.));
#12803=DIRECTION('',(0.,0.,-1.));
#12804=DIRECTION('',(0.293369986527146,-0.95599898065064,0.));
#12805=DIRECTION('',(0.293369986527146,-0.95599898065064,0.));
#12806=DIRECTION('',(0.,0.,1.));
#12807=DIRECTION('',(1.,0.,0.));
#12808=DIRECTION('',(0.,0.,1.));
#12809=DIRECTION('',(1.,0.,0.));
#12810=DIRECTION('',(0.293369986527146,-0.95599898065064,0.));
#12811=DIRECTION('',(-0.223933629284914,-0.974604396499055,0.));
#12812=DIRECTION('',(0.,0.,1.));
#12813=DIRECTION('',(1.,0.,0.));
#12814=DIRECTION('',(0.223933629284914,0.974604396499055,0.));
#12815=DIRECTION('',(-0.974604396499055,0.223933629284914,0.));
#12816=DIRECTION('',(0.158344987803077,0.689149377738704,0.707106781186548));
#12817=DIRECTION('',(0.158344987803077,0.689149377738704,-0.707106781186548));
#12818=DIRECTION('',(-0.223933629284914,-0.974604396499055,0.));
#12819=DIRECTION('',(0.974604396499055,-0.223933629284914,0.));
#12820=DIRECTION('',(-0.158344987803077,-0.689149377738704,0.707106781186548));
#12821=DIRECTION('',(-0.158344987803077,-0.689149377738704,-0.707106781186548));
#12822=DIRECTION('',(0.,0.,-1.));
#12823=DIRECTION('',(-1.,0.,0.));
#12824=DIRECTION('',(-0.293369986527146,0.95599898065064,0.));
#12825=DIRECTION('',(-0.95599898065064,-0.293369986527146,0.));
#12826=DIRECTION('',(0.293369986527146,-0.95599898065064,0.));
#12827=DIRECTION('',(0.95599898065064,0.293369986527146,0.));
#12828=DIRECTION('',(0.,0.,1.));
#12829=DIRECTION('',(1.,0.,0.));
#12830=DIRECTION('',(0.,0.,1.));
#12831=DIRECTION('',(1.,0.,0.));
#12832=DIRECTION('',(0.,0.,-1.));
#12833=DIRECTION('',(-1.,0.,0.));
#12834=DIRECTION('',(0.,0.,-1.));
#12835=DIRECTION('',(0.514142858659788,0.857704565039234,0.));
#12836=DIRECTION('',(-0.857704565039234,0.514142858659788,0.));
#12837=DIRECTION('',(0.857704565039234,-0.514142858659788,0.));
#12838=DIRECTION('',(0.857704565039234,-0.514142858659788,0.));
#12839=DIRECTION('',(0.0164084942541112,0.999865371595753,0.));
#12840=DIRECTION('',(0.,0.,-1.));
#12841=DIRECTION('',(0.999865371595753,-0.0164084942541112,0.));
#12842=DIRECTION('',(0.999865371595753,-0.0164084942541112,0.));
#12843=DIRECTION('',(0.,0.,1.));
#12844=DIRECTION('',(0.309016994374948,0.951056516295154,0.));
#12845=DIRECTION('',(0.857704565039234,-0.514142858659788,0.));
#12846=DIRECTION('',(0.,0.,-1.));
#12847=DIRECTION('',(-1.,0.,0.));
#12848=DIRECTION('',(0.999865371595753,-0.0164084942541112,0.));
#12849=DIRECTION('',(-0.857704565039234,0.514142858659788,0.));
#12850=DIRECTION('',(-0.514142858659788,-0.857704565039234,0.));
#12851=DIRECTION('',(0.999865371595753,-0.0164084942541112,0.));
#12852=DIRECTION('',(0.0164084942541112,0.999865371595753,0.));
#12853=DIRECTION('',(-0.999865371595753,0.0164084942541112,0.));
#12854=DIRECTION('',(-0.0164084942541112,-0.999865371595753,0.));
#12855=DIRECTION('',(0.857704565039234,-0.514142858659788,0.));
#12856=DIRECTION('',(0.514142858659788,0.857704565039234,0.));
#12857=DIRECTION('',(0.,0.,1.));
#12858=DIRECTION('',(1.,0.,0.));
#12859=DIRECTION('',(0.,0.,1.));
#12860=DIRECTION('',(1.,0.,0.));
#12861=DIRECTION('',(0.,0.,1.));
#12862=DIRECTION('',(1.,0.,0.));
#12863=DIRECTION('',(0.,0.,1.));
#12864=DIRECTION('',(1.,0.,0.));
#12865=DIRECTION('',(0.,0.,-1.));
#12866=DIRECTION('',(-1.,0.,0.));
#12867=DIRECTION('',(0.,0.,-1.));
#12868=DIRECTION('',(1.,0.,0.));
#12869=DIRECTION('',(1.94289029309402E-16,0.,-1.));
#12870=DIRECTION('',(-1.,0.,-1.94289029309402E-16));
#12871=DIRECTION('',(0.,0.,1.));
#12872=DIRECTION('',(1.,0.,0.));
#12873=DIRECTION('',(0.,0.,1.));
#12874=DIRECTION('',(1.,0.,0.));
#12875=DIRECTION('',(0.,0.,-1.));
#12876=DIRECTION('',(-1.,0.,0.));
#12877=DIRECTION('',(0.,0.,1.));
#12878=DIRECTION('',(1.,0.,0.));
#12879=DIRECTION('',(0.,0.,1.));
#12880=DIRECTION('',(1.,0.,0.));
#12881=DIRECTION('',(0.,0.,1.));
#12882=DIRECTION('',(1.,0.,0.));
#12883=DIRECTION('',(0.,0.,1.));
#12884=DIRECTION('',(1.,0.,0.));
#12885=DIRECTION('',(0.,0.,-1.));
#12886=DIRECTION('',(-1.,0.,0.));
#12887=DIRECTION('',(0.,0.,1.));
#12888=DIRECTION('',(1.,0.,0.));
#12889=DIRECTION('',(0.,0.,1.));
#12890=DIRECTION('',(1.,0.,0.));
#12891=DIRECTION('',(0.754024202785105,0.656846634774273,0.));
#12892=DIRECTION('',(0.,0.,1.));
#12893=DIRECTION('',(1.,0.,0.));
#12894=DIRECTION('',(0.324580797293073,0.945857973497392,0.));
#12895=DIRECTION('',(0.,0.,1.));
#12896=DIRECTION('',(-0.809016994374947,0.587785252292473,0.));
#12897=DIRECTION('',(0.,0.,1.));
#12898=DIRECTION('',(1.,0.,0.));
#12899=DIRECTION('',(-0.391691979377996,0.920096404346277,0.));
#12900=DIRECTION('',(0.,0.,1.));
#12901=DIRECTION('',(1.,0.,0.));
#12902=DIRECTION('',(-0.799263406773094,0.600980870405597,0.));
#12903=DIRECTION('',(0.,0.,1.));
#12904=DIRECTION('',(-0.809016994374948,-0.587785252292473,0.));
#12905=DIRECTION('',(0.,0.,1.));
#12906=DIRECTION('',(1.,0.,0.));
#12907=DIRECTION('',(-0.99610315916143,-0.0881957839617069,0.));
#12908=DIRECTION('',(0.,0.,1.));
#12909=DIRECTION('',(1.,0.,0.));
#12910=DIRECTION('',(-0.818552748642878,-0.574431368998237,0.));
#12911=DIRECTION('',(0.,0.,1.));
#12912=DIRECTION('',(0.309016994374948,-0.951056516295154,0.));
#12913=DIRECTION('',(0.,0.,1.));
#12914=DIRECTION('',(1.,0.,0.));
#12915=DIRECTION('',(-0.223933629284914,-0.974604396499055,0.));
#12916=DIRECTION('',(0.,0.,1.));
#12917=DIRECTION('',(1.,0.,0.));
#12918=DIRECTION('',(0.293369986527146,-0.95599898065064,0.));
#12919=DIRECTION('',(0.,0.,1.));
#12920=DIRECTION('',(1.,0.,0.));
#12921=DIRECTION('',(0.,0.,1.));
#12922=DIRECTION('',(1.,0.,0.));
#12923=DIRECTION('',(0.,0.,-1.));
#12924=DIRECTION('',(-1.,0.,0.));
#12925=DIRECTION('',(0.,0.,-1.));
#12926=DIRECTION('',(0.,0.,1.));
#12927=DIRECTION('',(-0.809016994374948,-0.587785252292473,0.));
#12928=DIRECTION('',(0.,0.,-1.));
#12929=DIRECTION('',(0.,0.,-1.));
#12930=DIRECTION('',(0.,0.,1.));
#12931=DIRECTION('',(0.309016994374948,-0.951056516295154,0.));
#12932=DIRECTION('',(0.,0.,-1.));
#12933=DIRECTION('',(0.,0.,-1.));
#12934=DIRECTION('',(0.,0.,1.));
#12935=DIRECTION('',(1.,0.,0.));
#12936=DIRECTION('',(0.,0.,-1.));
#12937=DIRECTION('',(0.,0.,1.));
#12938=DIRECTION('',(1.,0.,0.));
#12939=DIRECTION('',(0.,0.,-1.));
#12940=DIRECTION('',(0.,0.,1.));
#12941=DIRECTION('',(0.309016994374948,0.951056516295154,0.));
#12942=DIRECTION('',(0.,0.,-1.));
#12943=DIRECTION('',(0.,0.,-1.));
#12944=DIRECTION('',(0.,0.,1.));
#12945=DIRECTION('',(-0.809016994374947,0.587785252292473,0.));
#12946=DIRECTION('',(0.,0.,-1.));
#12947=DIRECTION('',(0.,0.,1.));
#12948=DIRECTION('',(1.,0.,0.));
#12949=DIRECTION('',(0.,0.,1.));
#12950=DIRECTION('',(1.,0.,0.));
#12951=DIRECTION('',(0.,0.,1.));
#12952=DIRECTION('',(1.,0.,0.));
#12953=DIRECTION('',(0.857704565039234,-0.514142858659788,0.));
#12954=DIRECTION('',(0.999865371595753,-0.0164084942541112,0.));
#12955=DIRECTION('',(0.,0.,1.));
#12956=DIRECTION('',(1.,0.,0.));
#12957=DIRECTION('',(1.,0.,0.));
#12958=DIRECTION('',(0.,0.,-1.));
#12959=DIRECTION('',(0.,-1.,0.));
#12960=DIRECTION('',(0.,0.,-1.));
#12961=DIRECTION('',(0.,-1.,0.));
#12962=DIRECTION('',(0.,0.,-1.));
#12963=DIRECTION('',(0.,0.,-1.));
#12964=DIRECTION('',(-1.,0.,0.));
#12965=DIRECTION('',(0.,0.,1.));
#12966=DIRECTION('',(1.,0.,0.));
#12967=DIRECTION('',(0.,0.,-1.));
#12968=DIRECTION('',(0.,0.,1.));
#12969=DIRECTION('',(1.,0.,0.));
#12970=DIRECTION('',(1.,0.,0.));
#12971=DIRECTION('',(0.,0.,-1.));
#12972=DIRECTION('',(0.,-1.,0.));
#12973=DIRECTION('',(0.,0.,-1.));
#12974=DIRECTION('',(0.,-1.,0.));
#12975=DIRECTION('',(0.,0.,-1.));
#12976=DIRECTION('',(-1.,0.,0.));
#12977=DIRECTION('',(0.,0.,1.));
#12978=DIRECTION('',(1.,0.,0.));
#12979=DIRECTION('',(0.,0.,1.));
#12980=DIRECTION('',(1.,0.,0.));
#12981=DIRECTION('',(0.,0.,1.));
#12982=DIRECTION('',(1.,0.,0.));
#12983=DIRECTION('',(0.,0.,1.));
#12984=DIRECTION('',(1.,0.,0.));
#12985=DIRECTION('',(-0.920096404346277,-0.391691979377996,0.));
#12986=DIRECTION('',(0.391691979377996,-0.920096404346277,0.));
#12987=DIRECTION('',(-0.391691979377996,0.920096404346277,0.));
#12988=DIRECTION('',(0.,0.,-1.));
#12989=DIRECTION('',(-0.391691979377996,0.920096404346277,0.));
#12990=DIRECTION('',(-0.600980870405597,-0.799263406773094,0.));
#12991=DIRECTION('',(0.,0.,-1.));
#12992=DIRECTION('',(-0.799263406773094,0.600980870405597,0.));
#12993=DIRECTION('',(0.,0.,-1.));
#12994=DIRECTION('',(-0.799263406773094,0.600980870405597,0.));
#12995=DIRECTION('',(0.,0.,1.));
#12996=DIRECTION('',(-0.809016994374948,-0.587785252292473,0.));
#12997=DIRECTION('',(0.,0.,1.));
#12998=DIRECTION('',(-0.809016994374948,-0.587785252292473,0.));
#12999=DIRECTION('',(-0.799263406773094,0.600980870405597,0.));
#13000=DIRECTION('',(-0.391691979377996,0.920096404346277,0.));
#13001=DIRECTION('',(-0.799263406773093,0.600980870405597,0.));
#13002=DIRECTION('',(-0.600980870405597,-0.799263406773093,0.));
#13003=DIRECTION('',(0.799263406773093,-0.600980870405597,0.));
#13004=DIRECTION('',(0.600980870405597,0.799263406773093,0.));
#13005=DIRECTION('',(-0.391691979377996,0.920096404346277,0.));
#13006=DIRECTION('',(-0.920096404346277,-0.391691979377996,0.));
#13007=DIRECTION('',(0.391691979377996,-0.920096404346277,0.));
#13008=DIRECTION('',(0.920096404346277,0.391691979377996,0.));
#13009=DIRECTION('',(0.,0.,1.));
#13010=DIRECTION('',(1.,0.,0.));
#13011=DIRECTION('',(0.,0.,-1.));
#13012=DIRECTION('',(-1.,0.,0.));
#13013=DIRECTION('',(0.,0.,-1.));
#13014=DIRECTION('',(0.,0.,1.));
#13015=DIRECTION('',(1.,0.,0.));
#13016=DIRECTION('',(0.,0.,1.));
#13017=DIRECTION('',(1.,0.,0.));
#13018=DIRECTION('',(0.,0.,1.));
#13019=DIRECTION('',(1.,0.,0.));
#13020=DIRECTION('',(0.,0.,-1.));
#13021=DIRECTION('',(0.,0.,-1.));
#13022=DIRECTION('',(-1.,0.,0.));
#13023=DIRECTION('',(-0.656846634774273,0.754024202785105,0.));
#13024=DIRECTION('',(-0.754024202785105,-0.656846634774273,0.));
#13025=DIRECTION('',(0.754024202785105,0.656846634774273,0.));
#13026=DIRECTION('',(0.,0.,-1.));
#13027=DIRECTION('',(0.754024202785105,0.656846634774273,0.));
#13028=DIRECTION('',(-0.945857973497392,0.324580797293073,0.));
#13029=DIRECTION('',(0.,0.,-1.));
#13030=DIRECTION('',(0.324580797293073,0.945857973497392,0.));
#13031=DIRECTION('',(0.324580797293073,0.945857973497392,0.));
#13032=DIRECTION('',(0.,0.,1.));
#13033=DIRECTION('',(-0.809016994374947,0.587785252292473,0.));
#13034=DIRECTION('',(0.,0.,1.));
#13035=DIRECTION('',(-0.809016994374947,0.587785252292473,0.));
#13036=DIRECTION('',(0.324580797293073,0.945857973497392,0.));
#13037=DIRECTION('',(0.754024202785105,0.656846634774273,0.));
#13038=DIRECTION('',(0.324580797293073,0.945857973497392,0.));
#13039=DIRECTION('',(-0.945857973497392,0.324580797293073,0.));
#13040=DIRECTION('',(-0.324580797293073,-0.945857973497392,0.));
#13041=DIRECTION('',(0.945857973497392,-0.324580797293073,0.));
#13042=DIRECTION('',(0.754024202785105,0.656846634774273,0.));
#13043=DIRECTION('',(-0.656846634774273,0.754024202785105,0.));
#13044=DIRECTION('',(-0.754024202785105,-0.656846634774273,0.));
#13045=DIRECTION('',(0.656846634774273,-0.754024202785105,0.));
#13046=DIRECTION('',(0.,0.,1.));
#13047=DIRECTION('',(1.,0.,0.));
#13048=DIRECTION('',(0.,0.,1.));
#13049=DIRECTION('',(1.,0.,0.));
#13050=DIRECTION('',(0.,0.,-1.));
#13051=DIRECTION('',(0.,0.,-1.));
#13052=DIRECTION('',(-1.,0.,0.));
#13053=DIRECTION('',(0.0881957839617069,-0.996103159161429,0.));
#13054=DIRECTION('',(0.996103159161429,0.0881957839617069,0.));
#13055=DIRECTION('',(-0.99610315916143,-0.0881957839617069,0.));
#13056=DIRECTION('',(-0.99610315916143,-0.0881957839617069,0.));
#13057=DIRECTION('',(0.574431368998237,-0.818552748642878,0.));
#13058=DIRECTION('',(0.,0.,-1.));
#13059=DIRECTION('',(-0.818552748642878,-0.574431368998237,0.));
#13060=DIRECTION('',(0.,0.,-1.));
#13061=DIRECTION('',(-0.818552748642878,-0.574431368998237,0.));
#13062=DIRECTION('',(0.,0.,1.));
#13063=DIRECTION('',(0.309016994374948,-0.951056516295154,0.));
#13064=DIRECTION('',(-0.99610315916143,-0.0881957839617069,0.));
#13065=DIRECTION('',(0.,0.,1.));
#13066=DIRECTION('',(0.309016994374948,-0.951056516295154,0.));
#13067=DIRECTION('',(-0.818552748642878,-0.574431368998237,0.));
#13068=DIRECTION('',(0.99610315916143,0.0881957839617069,0.));
#13069=DIRECTION('',(-0.0881957839617069,0.996103159161429,0.));
#13070=DIRECTION('',(-0.818552748642878,-0.574431368998237,0.));
#13071=DIRECTION('',(0.574431368998237,-0.818552748642878,0.));
#13072=DIRECTION('',(0.818552748642878,0.574431368998237,0.));
#13073=DIRECTION('',(-0.574431368998237,0.818552748642878,0.));
#13074=DIRECTION('',(-0.99610315916143,-0.0881957839617069,0.));
#13075=DIRECTION('',(0.0881957839617069,-0.996103159161429,0.));
#13076=DIRECTION('',(0.,0.,1.));
#13077=DIRECTION('',(1.,0.,0.));
#13078=DIRECTION('',(0.,0.,-1.));
#13079=DIRECTION('',(-1.,0.,0.));
#13080=DIRECTION('',(0.,0.,-1.));
#13081=DIRECTION('',(0.,0.,1.));
#13082=DIRECTION('',(1.,0.,0.));
#13083=DIRECTION('',(0.974604396499055,-0.223933629284914,0.));
#13084=DIRECTION('',(0.223933629284914,0.974604396499055,0.));
#13085=DIRECTION('',(-0.223933629284914,-0.974604396499055,0.));
#13086=DIRECTION('',(0.,0.,-1.));
#13087=DIRECTION('',(-0.223933629284914,-0.974604396499055,0.));
#13088=DIRECTION('',(0.95599898065064,0.293369986527146,0.));
#13089=DIRECTION('',(0.,0.,-1.));
#13090=DIRECTION('',(0.,0.,-1.));
#13091=DIRECTION('',(0.293369986527146,-0.95599898065064,0.));
#13092=DIRECTION('',(0.293369986527146,-0.95599898065064,0.));
#13093=DIRECTION('',(0.,0.,1.));
#13094=DIRECTION('',(1.,0.,0.));
#13095=DIRECTION('',(0.,0.,1.));
#13096=DIRECTION('',(1.,0.,0.));
#13097=DIRECTION('',(0.293369986527146,-0.95599898065064,0.));
#13098=DIRECTION('',(-0.223933629284914,-0.974604396499055,0.));
#13099=DIRECTION('',(0.,0.,1.));
#13100=DIRECTION('',(1.,0.,0.));
#13101=DIRECTION('',(0.223933629284914,0.974604396499055,0.));
#13102=DIRECTION('',(-0.974604396499055,0.223933629284914,0.));
#13103=DIRECTION('',(0.158344987803077,0.689149377738704,0.707106781186548));
#13104=DIRECTION('',(0.158344987803077,0.689149377738704,-0.707106781186548));
#13105=DIRECTION('',(-0.223933629284914,-0.974604396499055,0.));
#13106=DIRECTION('',(0.974604396499055,-0.223933629284914,0.));
#13107=DIRECTION('',(-0.158344987803077,-0.689149377738704,0.707106781186548));
#13108=DIRECTION('',(-0.158344987803077,-0.689149377738704,-0.707106781186548));
#13109=DIRECTION('',(0.,0.,-1.));
#13110=DIRECTION('',(-1.,0.,0.));
#13111=DIRECTION('',(-0.293369986527146,0.95599898065064,0.));
#13112=DIRECTION('',(-0.95599898065064,-0.293369986527146,0.));
#13113=DIRECTION('',(0.293369986527146,-0.95599898065064,0.));
#13114=DIRECTION('',(0.95599898065064,0.293369986527146,0.));
#13115=DIRECTION('',(0.,0.,1.));
#13116=DIRECTION('',(1.,0.,0.));
#13117=DIRECTION('',(0.,0.,1.));
#13118=DIRECTION('',(1.,0.,0.));
#13119=DIRECTION('',(0.,0.,-1.));
#13120=DIRECTION('',(-1.,0.,0.));
#13121=DIRECTION('',(0.,0.,-1.));
#13122=DIRECTION('',(0.514142858659788,0.857704565039234,0.));
#13123=DIRECTION('',(-0.857704565039234,0.514142858659788,0.));
#13124=DIRECTION('',(0.857704565039234,-0.514142858659788,0.));
#13125=DIRECTION('',(0.857704565039234,-0.514142858659788,0.));
#13126=DIRECTION('',(0.0164084942541112,0.999865371595753,0.));
#13127=DIRECTION('',(0.,0.,-1.));
#13128=DIRECTION('',(0.999865371595753,-0.0164084942541112,0.));
#13129=DIRECTION('',(0.999865371595753,-0.0164084942541112,0.));
#13130=DIRECTION('',(0.,0.,1.));
#13131=DIRECTION('',(0.309016994374948,0.951056516295154,0.));
#13132=DIRECTION('',(0.857704565039234,-0.514142858659788,0.));
#13133=DIRECTION('',(0.,0.,-1.));
#13134=DIRECTION('',(-1.,0.,0.));
#13135=DIRECTION('',(0.999865371595753,-0.0164084942541112,0.));
#13136=DIRECTION('',(-0.857704565039234,0.514142858659788,0.));
#13137=DIRECTION('',(-0.514142858659788,-0.857704565039234,0.));
#13138=DIRECTION('',(0.999865371595753,-0.0164084942541112,0.));
#13139=DIRECTION('',(0.0164084942541112,0.999865371595753,0.));
#13140=DIRECTION('',(-0.999865371595753,0.0164084942541112,0.));
#13141=DIRECTION('',(-0.0164084942541112,-0.999865371595753,0.));
#13142=DIRECTION('',(0.857704565039234,-0.514142858659788,0.));
#13143=DIRECTION('',(0.514142858659788,0.857704565039234,0.));
#13144=DIRECTION('',(0.,0.,1.));
#13145=DIRECTION('',(1.,0.,0.));
#13146=DIRECTION('',(0.,0.,1.));
#13147=DIRECTION('',(1.,0.,0.));
#13148=DIRECTION('',(0.,0.,1.));
#13149=DIRECTION('',(1.,0.,0.));
#13150=DIRECTION('',(0.,0.,1.));
#13151=DIRECTION('',(1.,0.,0.));
#13152=DIRECTION('',(0.,0.,-1.));
#13153=DIRECTION('',(-1.,0.,0.));
#13154=DIRECTION('',(0.,0.,-1.));
#13155=DIRECTION('',(1.,0.,0.));
#13156=DIRECTION('',(1.94289029309402E-16,0.,-1.));
#13157=DIRECTION('',(-1.,0.,-1.94289029309402E-16));
#13158=DIRECTION('',(1.,0.,1.11022302462516E-16));
#13159=DIRECTION('',(1.11022302462516E-16,0.,-1.));
#13160=DIRECTION('',(1.11022302462516E-16,-1.,3.69778549322349E-32));
#13161=DIRECTION('',(3.33066907387547E-16,0.,-1.));
#13162=DIRECTION('',(0.,0.,-1.));
#13163=DIRECTION('',(-1.,0.,0.));
#13164=DIRECTION('',(0.,0.,1.));
#13165=DIRECTION('',(1.,0.,0.));
#13166=DIRECTION('',(0.,0.,-1.));
#13167=DIRECTION('',(0.,0.,1.));
#13168=DIRECTION('',(-0.809016994374948,-0.587785252292473,0.));
#13169=DIRECTION('',(0.,0.,-1.));
#13170=DIRECTION('',(0.,0.,1.));
#13171=DIRECTION('',(1.,0.,0.));
#13172=DIRECTION('',(0.,0.,-1.));
#13173=DIRECTION('',(0.,0.,1.));
#13174=DIRECTION('',(0.309016994374948,-0.951056516295154,0.));
#13175=DIRECTION('',(0.,0.,-1.));
#13176=DIRECTION('',(0.,0.,1.));
#13177=DIRECTION('',(1.,0.,0.));
#13178=DIRECTION('',(0.,0.,-1.));
#13179=DIRECTION('',(0.,0.,1.));
#13180=DIRECTION('',(1.,0.,0.));
#13181=DIRECTION('',(0.,0.,-1.));
#13182=DIRECTION('',(0.,0.,1.));
#13183=DIRECTION('',(1.,0.,0.));
#13184=DIRECTION('',(0.,0.,-1.));
#13185=DIRECTION('',(0.,0.,1.));
#13186=DIRECTION('',(0.309016994374948,0.951056516295154,0.));
#13187=DIRECTION('',(0.,0.,-1.));
#13188=DIRECTION('',(0.,0.,1.));
#13189=DIRECTION('',(1.,0.,0.));
#13190=DIRECTION('',(0.,0.,-1.));
#13191=DIRECTION('',(0.,0.,1.));
#13192=DIRECTION('',(-0.809016994374947,0.587785252292473,0.));
#13193=DIRECTION('',(0.,0.,-1.));
#13194=DIRECTION('',(0.,0.,1.));
#13195=DIRECTION('',(1.,0.,0.));
#13196=DIRECTION('',(0.,0.,1.));
#13197=DIRECTION('',(1.,0.,0.));
#13198=DIRECTION('',(0.857704565039234,-0.514142858659788,0.));
#13199=DIRECTION('',(0.293369986527146,-0.95599898065064,0.));
#13200=DIRECTION('',(0.,0.,1.));
#13201=DIRECTION('',(1.,0.,0.));
#13202=DIRECTION('',(0.,0.,1.));
#13203=DIRECTION('',(1.,0.,0.));
#13204=DIRECTION('',(-0.223933629284914,-0.974604396499055,0.));
#13205=DIRECTION('',(-0.818552748642878,-0.574431368998237,0.));
#13206=DIRECTION('',(0.,0.,1.));
#13207=DIRECTION('',(0.309016994374948,-0.951056516295154,0.));
#13208=DIRECTION('',(-0.99610315916143,-0.0881957839617069,0.));
#13209=DIRECTION('',(-0.799263406773094,0.600980870405597,0.));
#13210=DIRECTION('',(0.,0.,1.));
#13211=DIRECTION('',(-0.809016994374948,-0.587785252292473,0.));
#13212=DIRECTION('',(-0.391691979377996,0.920096404346277,0.));
#13213=DIRECTION('',(0.324580797293073,0.945857973497392,0.));
#13214=DIRECTION('',(0.,0.,1.));
#13215=DIRECTION('',(-0.809016994374947,0.587785252292473,0.));
#13216=DIRECTION('',(0.754024202785105,0.656846634774273,0.));
#13217=DIRECTION('',(0.999865371595753,-0.0164084942541112,0.));
#13218=DIRECTION('',(0.,0.,1.));
#13219=DIRECTION('',(1.,0.,0.));
#13220=DIRECTION('',(1.,0.,0.));
#13221=DIRECTION('',(0.,0.,-1.));
#13222=DIRECTION('',(0.,-1.,0.));
#13223=DIRECTION('',(0.,0.,-1.));
#13224=DIRECTION('',(0.,-1.,0.));
#13225=DIRECTION('',(0.,0.,-1.));
#13226=DIRECTION('',(0.,0.,-1.));
#13227=DIRECTION('',(-1.,0.,0.));
#13228=DIRECTION('',(0.,0.,1.));
#13229=DIRECTION('',(1.,0.,0.));
#13230=DIRECTION('',(0.,0.,-1.));
#13231=DIRECTION('',(0.,0.,1.));
#13232=DIRECTION('',(1.,0.,0.));
#13233=DIRECTION('',(1.,0.,0.));
#13234=DIRECTION('',(0.,0.,-1.));
#13235=DIRECTION('',(0.,-1.,0.));
#13236=DIRECTION('',(0.,0.,-1.));
#13237=DIRECTION('',(0.,-1.,0.));
#13238=DIRECTION('',(0.,0.,-1.));
#13239=DIRECTION('',(-1.,0.,0.));
#13240=DIRECTION('',(0.,0.,1.));
#13241=DIRECTION('',(1.,0.,0.));
#13242=DIRECTION('',(0.,0.,1.));
#13243=DIRECTION('',(1.,0.,0.));
#13244=DIRECTION('',(0.,0.,1.));
#13245=DIRECTION('',(1.,0.,0.));
#13246=DIRECTION('',(0.,0.,1.));
#13247=DIRECTION('',(1.,0.,0.));
#13248=DIRECTION('',(-0.920096404346277,-0.391691979377996,0.));
#13249=DIRECTION('',(0.391691979377996,-0.920096404346277,0.));
#13250=DIRECTION('',(-0.391691979377996,0.920096404346277,0.));
#13251=DIRECTION('',(0.,0.,-1.));
#13252=DIRECTION('',(-0.391691979377996,0.920096404346277,0.));
#13253=DIRECTION('',(-0.600980870405597,-0.799263406773094,0.));
#13254=DIRECTION('',(0.,0.,-1.));
#13255=DIRECTION('',(-0.799263406773094,0.600980870405597,0.));
#13256=DIRECTION('',(0.,0.,-1.));
#13257=DIRECTION('',(-0.799263406773094,0.600980870405597,0.));
#13258=DIRECTION('',(0.,0.,1.));
#13259=DIRECTION('',(-0.809016994374948,-0.587785252292473,0.));
#13260=DIRECTION('',(0.,0.,1.));
#13261=DIRECTION('',(-0.809016994374948,-0.587785252292473,0.));
#13262=DIRECTION('',(-0.799263406773094,0.600980870405597,0.));
#13263=DIRECTION('',(-0.391691979377996,0.920096404346277,0.));
#13264=DIRECTION('',(-0.799263406773093,0.600980870405597,0.));
#13265=DIRECTION('',(-0.600980870405597,-0.799263406773093,0.));
#13266=DIRECTION('',(0.799263406773093,-0.600980870405597,0.));
#13267=DIRECTION('',(0.600980870405597,0.799263406773093,0.));
#13268=DIRECTION('',(-0.391691979377996,0.920096404346277,0.));
#13269=DIRECTION('',(-0.920096404346277,-0.391691979377996,0.));
#13270=DIRECTION('',(0.391691979377996,-0.920096404346277,0.));
#13271=DIRECTION('',(0.920096404346277,0.391691979377996,0.));
#13272=DIRECTION('',(0.,0.,1.));
#13273=DIRECTION('',(1.,0.,0.));
#13274=DIRECTION('',(0.,0.,-1.));
#13275=DIRECTION('',(-1.,0.,0.));
#13276=DIRECTION('',(0.,0.,-1.));
#13277=DIRECTION('',(0.,0.,1.));
#13278=DIRECTION('',(1.,0.,0.));
#13279=DIRECTION('',(0.,0.,1.));
#13280=DIRECTION('',(1.,0.,0.));
#13281=DIRECTION('',(0.,0.,1.));
#13282=DIRECTION('',(1.,0.,0.));
#13283=DIRECTION('',(0.,0.,-1.));
#13284=DIRECTION('',(0.,0.,-1.));
#13285=DIRECTION('',(-1.,0.,0.));
#13286=DIRECTION('',(-0.656846634774273,0.754024202785105,0.));
#13287=DIRECTION('',(-0.754024202785105,-0.656846634774273,0.));
#13288=DIRECTION('',(0.754024202785105,0.656846634774273,0.));
#13289=DIRECTION('',(0.,0.,-1.));
#13290=DIRECTION('',(0.754024202785105,0.656846634774273,0.));
#13291=DIRECTION('',(-0.945857973497392,0.324580797293073,0.));
#13292=DIRECTION('',(0.,0.,-1.));
#13293=DIRECTION('',(0.324580797293073,0.945857973497392,0.));
#13294=DIRECTION('',(0.324580797293073,0.945857973497392,0.));
#13295=DIRECTION('',(0.,0.,1.));
#13296=DIRECTION('',(-0.809016994374947,0.587785252292473,0.));
#13297=DIRECTION('',(0.,0.,1.));
#13298=DIRECTION('',(-0.809016994374947,0.587785252292473,0.));
#13299=DIRECTION('',(0.324580797293073,0.945857973497392,0.));
#13300=DIRECTION('',(0.754024202785105,0.656846634774273,0.));
#13301=DIRECTION('',(0.324580797293073,0.945857973497392,0.));
#13302=DIRECTION('',(-0.945857973497392,0.324580797293073,0.));
#13303=DIRECTION('',(-0.324580797293073,-0.945857973497392,0.));
#13304=DIRECTION('',(0.945857973497392,-0.324580797293073,0.));
#13305=DIRECTION('',(0.754024202785105,0.656846634774273,0.));
#13306=DIRECTION('',(-0.656846634774273,0.754024202785105,0.));
#13307=DIRECTION('',(-0.754024202785105,-0.656846634774273,0.));
#13308=DIRECTION('',(0.656846634774273,-0.754024202785105,0.));
#13309=DIRECTION('',(0.,0.,1.));
#13310=DIRECTION('',(1.,0.,0.));
#13311=DIRECTION('',(0.,0.,1.));
#13312=DIRECTION('',(1.,0.,0.));
#13313=DIRECTION('',(0.,0.,-1.));
#13314=DIRECTION('',(0.,0.,-1.));
#13315=DIRECTION('',(-1.,0.,0.));
#13316=DIRECTION('',(0.0881957839617069,-0.996103159161429,0.));
#13317=DIRECTION('',(0.996103159161429,0.0881957839617069,0.));
#13318=DIRECTION('',(-0.99610315916143,-0.0881957839617069,0.));
#13319=DIRECTION('',(-0.99610315916143,-0.0881957839617069,0.));
#13320=DIRECTION('',(0.574431368998237,-0.818552748642878,0.));
#13321=DIRECTION('',(0.,0.,-1.));
#13322=DIRECTION('',(-0.818552748642878,-0.574431368998237,0.));
#13323=DIRECTION('',(0.,0.,-1.));
#13324=DIRECTION('',(-0.818552748642878,-0.574431368998237,0.));
#13325=DIRECTION('',(0.,0.,1.));
#13326=DIRECTION('',(0.309016994374948,-0.951056516295154,0.));
#13327=DIRECTION('',(-0.99610315916143,-0.0881957839617069,0.));
#13328=DIRECTION('',(0.,0.,1.));
#13329=DIRECTION('',(0.309016994374948,-0.951056516295154,0.));
#13330=DIRECTION('',(-0.818552748642878,-0.574431368998237,0.));
#13331=DIRECTION('',(0.99610315916143,0.0881957839617069,0.));
#13332=DIRECTION('',(-0.0881957839617069,0.996103159161429,0.));
#13333=DIRECTION('',(-0.818552748642878,-0.574431368998237,0.));
#13334=DIRECTION('',(0.574431368998237,-0.818552748642878,0.));
#13335=DIRECTION('',(0.818552748642878,0.574431368998237,0.));
#13336=DIRECTION('',(-0.574431368998237,0.818552748642878,0.));
#13337=DIRECTION('',(-0.99610315916143,-0.0881957839617069,0.));
#13338=DIRECTION('',(0.0881957839617069,-0.996103159161429,0.));
#13339=DIRECTION('',(0.,0.,1.));
#13340=DIRECTION('',(1.,0.,0.));
#13341=DIRECTION('',(0.,0.,-1.));
#13342=DIRECTION('',(-1.,0.,0.));
#13343=DIRECTION('',(0.,0.,-1.));
#13344=DIRECTION('',(0.,0.,1.));
#13345=DIRECTION('',(1.,0.,0.));
#13346=DIRECTION('',(0.974604396499055,-0.223933629284914,0.));
#13347=DIRECTION('',(0.223933629284914,0.974604396499055,0.));
#13348=DIRECTION('',(-0.223933629284914,-0.974604396499055,0.));
#13349=DIRECTION('',(0.,0.,-1.));
#13350=DIRECTION('',(-0.223933629284914,-0.974604396499055,0.));
#13351=DIRECTION('',(0.95599898065064,0.293369986527146,0.));
#13352=DIRECTION('',(0.,0.,-1.));
#13353=DIRECTION('',(0.,0.,-1.));
#13354=DIRECTION('',(0.293369986527146,-0.95599898065064,0.));
#13355=DIRECTION('',(0.293369986527146,-0.95599898065064,0.));
#13356=DIRECTION('',(0.,0.,1.));
#13357=DIRECTION('',(1.,0.,0.));
#13358=DIRECTION('',(0.,0.,1.));
#13359=DIRECTION('',(1.,0.,0.));
#13360=DIRECTION('',(0.293369986527146,-0.95599898065064,0.));
#13361=DIRECTION('',(-0.223933629284914,-0.974604396499055,0.));
#13362=DIRECTION('',(0.,0.,1.));
#13363=DIRECTION('',(1.,0.,0.));
#13364=DIRECTION('',(0.223933629284914,0.974604396499055,0.));
#13365=DIRECTION('',(-0.974604396499055,0.223933629284914,0.));
#13366=DIRECTION('',(0.158344987803077,0.689149377738704,0.707106781186548));
#13367=DIRECTION('',(0.158344987803077,0.689149377738704,-0.707106781186548));
#13368=DIRECTION('',(-0.223933629284914,-0.974604396499055,0.));
#13369=DIRECTION('',(0.974604396499055,-0.223933629284914,0.));
#13370=DIRECTION('',(-0.158344987803077,-0.689149377738704,0.707106781186548));
#13371=DIRECTION('',(-0.158344987803077,-0.689149377738704,-0.707106781186548));
#13372=DIRECTION('',(0.,0.,-1.));
#13373=DIRECTION('',(-1.,0.,0.));
#13374=DIRECTION('',(-0.293369986527146,0.95599898065064,0.));
#13375=DIRECTION('',(-0.95599898065064,-0.293369986527146,0.));
#13376=DIRECTION('',(0.293369986527146,-0.95599898065064,0.));
#13377=DIRECTION('',(0.95599898065064,0.293369986527146,0.));
#13378=DIRECTION('',(0.,0.,1.));
#13379=DIRECTION('',(1.,0.,0.));
#13380=DIRECTION('',(0.,0.,1.));
#13381=DIRECTION('',(1.,0.,0.));
#13382=DIRECTION('',(0.,0.,-1.));
#13383=DIRECTION('',(-1.,0.,0.));
#13384=DIRECTION('',(0.,0.,-1.));
#13385=DIRECTION('',(0.514142858659788,0.857704565039234,0.));
#13386=DIRECTION('',(-0.857704565039234,0.514142858659788,0.));
#13387=DIRECTION('',(0.857704565039234,-0.514142858659788,0.));
#13388=DIRECTION('',(0.857704565039234,-0.514142858659788,0.));
#13389=DIRECTION('',(0.0164084942541112,0.999865371595753,0.));
#13390=DIRECTION('',(0.,0.,-1.));
#13391=DIRECTION('',(0.999865371595753,-0.0164084942541112,0.));
#13392=DIRECTION('',(0.999865371595753,-0.0164084942541112,0.));
#13393=DIRECTION('',(0.,0.,1.));
#13394=DIRECTION('',(0.309016994374948,0.951056516295154,0.));
#13395=DIRECTION('',(0.857704565039234,-0.514142858659788,0.));
#13396=DIRECTION('',(0.,0.,-1.));
#13397=DIRECTION('',(-1.,0.,0.));
#13398=DIRECTION('',(0.999865371595753,-0.0164084942541112,0.));
#13399=DIRECTION('',(-0.857704565039234,0.514142858659788,0.));
#13400=DIRECTION('',(-0.514142858659788,-0.857704565039234,0.));
#13401=DIRECTION('',(0.999865371595753,-0.0164084942541112,0.));
#13402=DIRECTION('',(0.0164084942541112,0.999865371595753,0.));
#13403=DIRECTION('',(-0.999865371595753,0.0164084942541112,0.));
#13404=DIRECTION('',(-0.0164084942541112,-0.999865371595753,0.));
#13405=DIRECTION('',(0.857704565039234,-0.514142858659788,0.));
#13406=DIRECTION('',(0.514142858659788,0.857704565039234,0.));
#13407=DIRECTION('',(0.,0.,1.));
#13408=DIRECTION('',(1.,0.,0.));
#13409=DIRECTION('',(0.,0.,1.));
#13410=DIRECTION('',(1.,0.,0.));
#13411=DIRECTION('',(0.,0.,1.));
#13412=DIRECTION('',(1.,0.,0.));
#13413=DIRECTION('',(0.,0.,1.));
#13414=DIRECTION('',(1.,0.,0.));
#13415=DIRECTION('',(0.,0.,-1.));
#13416=DIRECTION('',(-1.,0.,0.));
#13417=DIRECTION('',(-2.77555756156289E-16,0.,-1.));
#13418=DIRECTION('',(-1.,0.,2.77555756156289E-16));
#13419=DIRECTION('',(1.,2.77333911991762E-32,-6.10622663543836E-16));
#13420=DIRECTION('',(-6.10622663543836E-16,6.10622663543836E-16,-1.));
#13421=DIRECTION('',(-3.69627624575467E-16,1.,6.2768601239956E-16));
#13422=DIRECTION('',(1.,3.69627624575467E-16,1.95509183887497E-32));
#13423=DIRECTION('',(1.,3.69627624575467E-16,8.65385153700173E-33));
#13424=DIRECTION('',(-0.707106781186547,1.82474835972485E-16,-0.707106781186548));
#13425=DIRECTION('',(-2.13192152452859E-31,6.2768601239956E-16,-1.));
#13426=DIRECTION('',(1.,3.69627624575467E-16,1.95509183887497E-32));
#13427=DIRECTION('',(-2.13192152452859E-31,6.2768601239956E-16,-1.));
#13428=DIRECTION('',(-0.707106781186547,-7.0520723567486E-16,0.707106781186548));
#13429=DIRECTION('',(-3.69627624575467E-16,1.,6.2768601239956E-16));
#13430=DIRECTION('',(-1.,-3.69627624575467E-16,8.54543584225027E-17));
#13431=DIRECTION('',(1.,3.69627624575467E-16,8.65385153700173E-33));
#13432=DIRECTION('',(-0.707106781186546,1.82474835972486E-16,-0.707106781186549));
#13433=DIRECTION('',(-8.54543584225029E-17,6.2768601239956E-16,-1.));
#13434=DIRECTION('',(-1.,-3.69627624575467E-16,8.54543584225027E-17));
#13435=DIRECTION('',(-8.54543584225029E-17,6.2768601239956E-16,-1.));
#13436=DIRECTION('',(-0.707106781186547,-7.0520723567486E-16,0.707106781186548));
#13437=DIRECTION('',(0.,0.,1.));
#13438=DIRECTION('',(1.,0.,0.));
#13439=DIRECTION('',(0.,0.,1.));
#13440=DIRECTION('',(-1.,-3.46944695195362E-16,0.));
#13441=DIRECTION('',(0.,0.,1.));
#13442=DIRECTION('',(1.,0.,0.));
#13443=DIRECTION('',(0.,0.,1.));
#13444=DIRECTION('',(-1.,-3.46944695195362E-16,0.));
#13445=DIRECTION('',(0.,0.,1.));
#13446=DIRECTION('',(1.,0.,0.));
#13447=DIRECTION('',(0.,0.,1.));
#13448=DIRECTION('',(1.,0.,0.));
#13449=DIRECTION('',(0.,0.,1.));
#13450=DIRECTION('',(1.,0.,0.));
#13451=DIRECTION('',(-1.,-3.69627624575467E-16,8.54543584225027E-17));
#13452=DIRECTION('',(0.707106781186547,-0.707106781186548,0.));
#13453=DIRECTION('',(3.69627624575467E-16,-1.,-6.2768601239956E-16));
#13454=DIRECTION('',(-0.707106781186547,-0.707106781186548,0.));
#13455=DIRECTION('',(-1.,-3.69627624575467E-16,8.54543584225027E-17));
#13456=DIRECTION('',(1.,0.,0.));
#13457=DIRECTION('',(1.,3.69627624575467E-16,1.95509183887497E-32));
#13458=DIRECTION('',(-0.707106781186548,0.707106781186547,0.));
#13459=DIRECTION('',(3.69627624575467E-16,-1.,-6.2768601239956E-16));
#13460=DIRECTION('',(0.707106781186547,0.707106781186548,0.));
#13461=DIRECTION('',(1.,3.69627624575467E-16,1.95509183887497E-32));
#13462=DIRECTION('',(0.707106781186547,-0.707106781186548,0.));
#13463=DIRECTION('',(3.69627624575467E-16,-1.,-6.2768601239956E-16));
#13464=DIRECTION('',(-0.707106781186547,-0.707106781186548,0.));
#13465=DIRECTION('',(1.,3.69627624575467E-16,1.95509183887497E-32));
#13466=DIRECTION('',(1.,0.,0.));
#13467=DIRECTION('',(-1.7347234759768E-16,1.,0.));
#13468=DIRECTION('',(-1.,-1.7347234759768E-16,0.));
#13469=DIRECTION('',(1.7347234759768E-16,-1.,0.));
#13470=DIRECTION('',(1.,0.,0.));
#13471=DIRECTION('',(-1.,-3.69627624575467E-16,8.54543584225027E-17));
#13472=DIRECTION('',(-0.707106781186547,0.707106781186548,0.));
#13473=DIRECTION('',(3.69627624575467E-16,-1.,-6.2768601239956E-16));
#13474=DIRECTION('',(0.707106781186547,0.707106781186549,0.));
#13475=DIRECTION('',(-1.7347234759768E-16,1.,0.));
#13476=DIRECTION('',(-1.,-1.7347234759768E-16,0.));
#13477=DIRECTION('',(0.,0.,1.));
#13478=DIRECTION('',(1.,1.7347234759768E-16,0.));
#13479=DIRECTION('',(0.,0.,1.));
#13480=DIRECTION('',(1.,1.7347234759768E-16,0.));
#13481=DIRECTION('',(-1.7347234759768E-16,1.,0.));
#13482=DIRECTION('',(-1.,-1.7347234759768E-16,0.));
#13483=DIRECTION('',(0.,0.,1.));
#13484=DIRECTION('',(1.,1.7347234759768E-16,0.));
#13485=DIRECTION('',(0.,0.,1.));
#13486=DIRECTION('',(-1.,-1.7347234759768E-16,0.));
#13487=DIRECTION('',(1.,1.7347234759768E-16,0.));
#13488=DIRECTION('',(-1.7347234759768E-16,1.,0.));
#13489=DIRECTION('',(1.7347234759768E-16,-1.,0.));
#13490=DIRECTION('',(-1.7347234759768E-16,1.,0.));
#13491=DIRECTION('',(0.,0.,1.));
#13492=DIRECTION('',(-1.7347234759768E-16,1.,0.));
#13493=DIRECTION('',(0.,0.,1.));
#13494=DIRECTION('',(1.,1.7347234759768E-16,0.));
#13495=DIRECTION('',(-1.7347234759768E-16,1.,0.));
#13496=DIRECTION('',(0.,0.,1.));
#13497=DIRECTION('',(-1.7347234759768E-16,1.,0.));
#13498=DIRECTION('',(1.7347234759768E-16,-1.,0.));
#13499=DIRECTION('',(0.,0.,1.));
#13500=DIRECTION('',(-1.7347234759768E-16,1.,0.));
#13501=DIRECTION('',(1.,1.7347234759768E-16,0.));
#13502=DIRECTION('',(-1.7347234759768E-16,1.,0.));
#13503=DIRECTION('',(1.7347234759768E-16,-1.,0.));
#13504=DIRECTION('',(0.,0.,1.));
#13505=DIRECTION('',(-1.7347234759768E-16,1.,0.));
#13506=DIRECTION('',(0.,0.,1.));
#13507=DIRECTION('',(-1.7347234759768E-16,1.,0.));
#13508=DIRECTION('',(1.,1.7347234759768E-16,0.));
#13509=DIRECTION('',(-1.7347234759768E-16,1.,0.));
#13510=DIRECTION('',(1.7347234759768E-16,-1.,0.));
#13511=DIRECTION('',(0.,0.,1.));
#13512=DIRECTION('',(-1.7347234759768E-16,1.,0.));
#13513=DIRECTION('',(0.,0.,1.));
#13514=DIRECTION('',(1.7347234759768E-16,-1.,0.));
#13515=DIRECTION('',(0.,0.,1.));
#13516=DIRECTION('',(1.,0.,0.));
#13517=DIRECTION('',(0.,0.,1.));
#13518=DIRECTION('',(1.,0.,0.));
#13519=DIRECTION('',(0.,0.,1.));
#13520=DIRECTION('',(1.,0.,0.));
#13521=DIRECTION('',(0.,0.,1.));
#13522=DIRECTION('',(1.,0.,0.));
#13523=DIRECTION('',(0.,0.,1.));
#13524=DIRECTION('',(1.,0.,0.));
#13525=DIRECTION('',(0.,0.,1.));
#13526=DIRECTION('',(1.,0.,0.));
#13527=DIRECTION('',(0.,0.,1.));
#13528=DIRECTION('',(1.,0.,0.));
#13529=DIRECTION('',(1.,0.,0.));
#13530=DIRECTION('',(1.,0.,0.));
#13531=DIRECTION('',(0.,0.,-1.));
#13532=DIRECTION('',(-1.,-3.46944695195362E-16,0.));
#13533=DIRECTION('',(-1.,-1.7347234759768E-16,0.));
#13534=DIRECTION('',(0.,0.,-1.));
#13535=DIRECTION('',(1.,0.,0.));
#13536=DIRECTION('',(1.,1.7347234759768E-16,0.));
#13537=DIRECTION('',(1.7347234759768E-16,-1.,0.));
#13538=DIRECTION('',(-1.,-1.7347234759768E-16,0.));
#13539=DIRECTION('',(1.,1.7347234759768E-16,0.));
#13540=DIRECTION('',(1.7347234759768E-16,-1.,0.));
#13541=DIRECTION('',(-1.,-1.7347234759768E-16,0.));
#13542=DIRECTION('',(-1.,-1.7347234759768E-16,0.));
#13543=DIRECTION('',(0.,0.,-1.));
#13544=DIRECTION('',(1.,3.46944695195362E-16,0.));
#13545=DIRECTION('',(1.,1.7347234759768E-16,0.));
#13546=DIRECTION('',(0.,0.,-1.));
#13547=DIRECTION('',(-1.,4.93038065763132E-32,0.));
#13548=DIRECTION('',(-1.,-1.7347234759768E-16,0.));
#13549=DIRECTION('',(0.,0.,-1.));
#13550=DIRECTION('',(1.,3.46944695195362E-16,0.));
#13551=DIRECTION('',(0.,0.,1.));
#13552=DIRECTION('',(-1.,-3.46944695195362E-16,0.));
#13553=DIRECTION('',(0.,0.,-1.));
#13554=DIRECTION('',(1.,3.46944695195362E-16,0.));
#13555=DIRECTION('',(0.,0.,1.));
#13556=DIRECTION('',(-1.,-3.46944695195362E-16,0.));
#13557=DIRECTION('',(-1.7347234759768E-16,1.,0.));
#13558=DIRECTION('',(-1.,-1.7347234759768E-16,0.));
#13559=DIRECTION('',(0.707106781186547,1.2266347333467E-16,-0.707106781186548));
#13560=DIRECTION('',(1.,3.69627624575467E-16,1.95509183887497E-32));
#13561=DIRECTION('',(1.,0.,0.));
#13562=DIRECTION('',(1.,3.69627624575467E-16,1.95509183887497E-32));
#13563=DIRECTION('',(-1.,-3.69627624575467E-16,8.54543584225027E-17));
#13564=DIRECTION('',(1.,0.,0.));
#13565=DIRECTION('',(-1.,-3.69627624575467E-16,8.54543584225027E-17));
#13566=DIRECTION('',(-0.707106781186547,-1.2266347333467E-16,-0.707106781186548));
#13567=DIRECTION('',(-0.707106781186548,-1.2266347333467E-16,0.707106781186547));
#13568=DIRECTION('',(1.7347234759768E-16,-1.,0.));
#13569=DIRECTION('',(0.577350269189625,-0.577350269189627,0.577350269189626));
#13570=DIRECTION('',(1.2266347333467E-16,-0.707106781186547,-0.707106781186548));
#13571=DIRECTION('',(1.,1.7347234759768E-16,0.));
#13572=DIRECTION('',(0.577350269189625,0.577350269189627,-0.577350269189626));
#13573=DIRECTION('',(-0.707106781186548,-1.2266347333467E-16,-0.707106781186547));
#13574=DIRECTION('',(-1.7347234759768E-16,1.,0.));
#13575=DIRECTION('',(0.,0.,1.));
#13576=DIRECTION('',(1.,0.,0.));
#13577=DIRECTION('',(0.,0.,1.));
#13578=DIRECTION('',(1.,0.,0.));
#13579=DIRECTION('',(2.61366199851188E-16,-0.707106781186547,0.707106781186548));
#13580=DIRECTION('',(-1.,-3.69627624575467E-16,-1.95509183887497E-32));
#13581=DIRECTION('',(2.61366199851188E-16,-0.707106781186548,-0.707106781186548));
#13582=DIRECTION('',(1.,3.69627624575467E-16,1.95509183887497E-32));
#13583=DIRECTION('',(-2.61366199851188E-16,0.707106781186548,0.707106781186548));
#13584=DIRECTION('',(-1.,-3.69627624575467E-16,-1.95509183887497E-32));
#13585=DIRECTION('',(3.69627624575467E-16,-1.,-6.2768601239956E-16));
#13586=DIRECTION('',(-1.,-3.69627624575467E-16,-1.95509183887497E-32));
#13587=DIRECTION('',(2.5839265356479E-31,-6.2768601239956E-16,1.));
#13588=DIRECTION('',(1.,3.69627624575467E-16,1.95509183887497E-32));
#13589=DIRECTION('',(2.5839265356479E-31,-6.2768601239956E-16,1.));
#13590=DIRECTION('',(-2.12459171353747E-31,6.2768601239956E-16,-1.));
#13591=DIRECTION('',(3.08395284618099E-16,-1.,-6.2768601239956E-16));
#13592=DIRECTION('',(-3.69627624575467E-16,1.,6.2768601239956E-16));
#13593=DIRECTION('',(1.,3.69627624575467E-16,1.95509183887497E-32));
#13594=DIRECTION('',(-3.69627624575467E-16,1.,6.2768601239956E-16));
#13595=DIRECTION('',(3.69627624575467E-16,-1.,-6.2768601239956E-16));
#13596=DIRECTION('',(-1.,-3.69627624575467E-16,-1.95509183887497E-32));
#13597=DIRECTION('',(2.5839265356479E-31,-6.2768601239956E-16,1.));
#13598=DIRECTION('',(2.5839265356479E-31,-6.2768601239956E-16,1.));
#13599=DIRECTION('',(1.,3.69627624575467E-16,1.95509183887497E-32));
#13600=DIRECTION('',(1.,3.69627624575467E-16,-2.63825638222939E-32));
#13601=DIRECTION('',(3.69627624575467E-16,-1.,1.22464679914735E-16));
#13602=DIRECTION('',(-3.69627624575467E-16,1.,6.2768601239956E-16));
#13603=DIRECTION('',(2.5839265356479E-31,-6.2768601239956E-16,1.));
#13604=DIRECTION('',(-3.69627624575467E-16,1.,6.2768601239956E-16));
#13605=DIRECTION('',(1.,3.69627624575467E-16,-2.63825638222939E-32));
#13606=DIRECTION('',(3.69627624575467E-16,-1.,1.22464679914735E-16));
#13607=DIRECTION('',(-3.69627624575467E-16,1.,6.2768601239956E-16));
#13608=DIRECTION('',(2.5839265356479E-31,-6.2768601239956E-16,1.));
#13609=DIRECTION('',(-3.69627624575467E-16,1.,6.2768601239956E-16));
#13610=DIRECTION('',(3.69627624575467E-16,-1.,-6.2768601239956E-16));
#13611=DIRECTION('',(-1.,-3.69627624575467E-16,-1.95509183887497E-32));
#13612=DIRECTION('',(1.,3.69627624575467E-16,1.95509183887497E-32));
#13613=DIRECTION('',(-4.27271792112516E-17,6.2768601239956E-16,-1.));
#13614=DIRECTION('',(-1.,-3.69627624575467E-16,-1.88179372896374E-32));
#13615=DIRECTION('',(-3.69627624575467E-16,1.,-1.22464679914735E-16));
#13616=DIRECTION('',(-3.69627624575467E-16,1.,6.2768601239956E-16));
#13617=DIRECTION('',(2.13192152452859E-31,-6.2768601239956E-16,1.));
#13618=DIRECTION('',(-3.69627624575467E-16,1.,6.27686012399559E-16));
#13619=DIRECTION('',(-2.12459171353747E-31,6.2768601239956E-16,-1.));
#13620=DIRECTION('',(3.08395284618099E-16,-1.,-6.2768601239956E-16));
#13621=DIRECTION('',(1.,3.69627624575467E-16,1.95509183887497E-32));
#13622=DIRECTION('',(0.707106781186547,0.707106781186548,4.43841035823672E-16));
#13623=DIRECTION('',(-3.69627624575467E-16,1.,6.2768601239956E-16));
#13624=DIRECTION('',(0.707106781186548,-0.707106781186547,-4.43841035823672E-16));
#13625=DIRECTION('',(-1.,-3.69627624575467E-16,-1.88179372896374E-32));
#13626=DIRECTION('',(-3.69627624575467E-16,1.,-1.22464679914735E-16));
#13627=DIRECTION('',(3.69627624575467E-16,-1.,-6.2768601239956E-16));
#13628=DIRECTION('',(-1.97399006696194E-31,5.84958833188308E-16,-1.));
#13629=DIRECTION('',(-3.69627624575467E-16,1.,6.2768601239956E-16));
#13630=DIRECTION('',(1.,3.69627624575467E-16,1.95509183887497E-32));
#13631=DIRECTION('',(-8.54543584225029E-17,6.2768601239956E-16,-1.));
#13632=DIRECTION('',(1.,3.69627624575467E-16,1.95509183887497E-32));
#13633=DIRECTION('',(-8.54543584225029E-17,6.2768601239956E-16,-1.));
#13634=DIRECTION('',(-1.74671528352543E-31,6.2768601239956E-16,-1.));
#13635=DIRECTION('',(4.27271792112516E-17,-6.2768601239956E-16,1.));
#13636=DIRECTION('',(-1.,-3.69627624575467E-16,-5.73385613899531E-32));
#13637=DIRECTION('',(-3.69627624575467E-16,1.,-1.22464679914735E-16));
#13638=DIRECTION('',(3.69627624575467E-16,-1.,-6.2768601239956E-16));
#13639=DIRECTION('',(-1.74671528352543E-31,6.2768601239956E-16,-1.));
#13640=DIRECTION('',(1.74671528352543E-31,-6.2768601239956E-16,1.));
#13641=DIRECTION('',(1.,3.69627624575467E-16,-4.27271792112513E-17));
#13642=DIRECTION('',(3.69627624575467E-16,-1.,1.22464679914735E-16));
#13643=DIRECTION('',(-3.69627624575467E-16,1.,6.2768601239956E-16));
#13644=DIRECTION('',(-4.27271792112516E-17,6.2768601239956E-16,-1.));
#13645=DIRECTION('',(4.27271792112516E-17,-6.2768601239956E-16,1.));
#13646=DIRECTION('',(3.69627624575467E-16,-1.,-6.2768601239956E-16));
#13647=DIRECTION('',(-1.,-3.69627624575467E-16,-1.95509183887497E-32));
#13648=DIRECTION('',(1.74671528352543E-31,-6.2768601239956E-16,1.));
#13649=DIRECTION('',(2.12459171353747E-31,-6.2768601239956E-16,1.));
#13650=DIRECTION('',(-3.08395284618099E-16,1.,6.2768601239956E-16));
#13651=DIRECTION('',(3.21791556173685E-16,-0.707106781186547,0.707106781186548));
#13652=DIRECTION('',(1.,3.69627624575467E-16,-8.54543584225027E-17));
#13653=DIRECTION('',(2.0094084352869E-16,-0.707106781186548,-0.707106781186548));
#13654=DIRECTION('',(1.,3.69627624575467E-16,-8.54543584225027E-17));
#13655=DIRECTION('',(-2.0094084352869E-16,0.707106781186548,0.707106781186548));
#13656=DIRECTION('',(-1.,-3.69627624575467E-16,8.54543584225027E-17));
#13657=DIRECTION('',(3.69627624575467E-16,-1.,-6.2768601239956E-16));
#13658=DIRECTION('',(1.,3.69627624575467E-16,-8.54543584225027E-17));
#13659=DIRECTION('',(8.54543584225029E-17,-6.2768601239956E-16,1.));
#13660=DIRECTION('',(8.54543584225029E-17,-6.2768601239956E-16,1.));
#13661=DIRECTION('',(-1.,-3.69627624575467E-16,8.54543584225027E-17));
#13662=DIRECTION('',(-8.54543584225029E-17,6.2768601239956E-16,-1.));
#13663=DIRECTION('',(4.30859964532835E-16,-1.,-6.2768601239956E-16));
#13664=DIRECTION('',(-3.69627624575467E-16,1.,6.2768601239956E-16));
#13665=DIRECTION('',(-3.69627624575467E-16,1.,6.2768601239956E-16));
#13666=DIRECTION('',(-1.,-3.69627624575467E-16,8.54543584225027E-17));
#13667=DIRECTION('',(3.69627624575467E-16,-1.,-6.2768601239956E-16));
#13668=DIRECTION('',(1.,3.69627624575467E-16,-8.54543584225027E-17));
#13669=DIRECTION('',(8.54543584225029E-17,-6.2768601239956E-16,1.));
#13670=DIRECTION('',(-1.,-3.69627624575467E-16,8.54543584225027E-17));
#13671=DIRECTION('',(8.54543584225029E-17,-6.2768601239956E-16,1.));
#13672=DIRECTION('',(-1.,-3.69627624575467E-16,8.54543584225027E-17));
#13673=DIRECTION('',(3.69627624575467E-16,-1.,1.22464679914735E-16));
#13674=DIRECTION('',(-3.69627624575467E-16,1.,6.2768601239956E-16));
#13675=DIRECTION('',(8.54543584225029E-17,-6.2768601239956E-16,1.));
#13676=DIRECTION('',(-3.69627624575467E-16,1.,6.2768601239956E-16));
#13677=DIRECTION('',(-1.,-3.69627624575467E-16,8.54543584225027E-17));
#13678=DIRECTION('',(3.69627624575467E-16,-1.,1.22464679914735E-16));
#13679=DIRECTION('',(-3.69627624575467E-16,1.,6.2768601239956E-16));
#13680=DIRECTION('',(8.54543584225029E-17,-6.2768601239956E-16,1.));
#13681=DIRECTION('',(-3.69627624575467E-16,1.,6.2768601239956E-16));
#13682=DIRECTION('',(3.69627624575467E-16,-1.,-6.2768601239956E-16));
#13683=DIRECTION('',(1.,3.69627624575467E-16,-8.54543584225027E-17));
#13684=DIRECTION('',(4.27271792112516E-17,-6.2768601239956E-16,1.));
#13685=DIRECTION('',(-1.,-3.69627624575467E-16,8.54543584225027E-17));
#13686=DIRECTION('',(1.,3.69627624575467E-16,-8.54543584225027E-17));
#13687=DIRECTION('',(-3.69627624575467E-16,1.,-1.22464679914735E-16));
#13688=DIRECTION('',(3.69627624575467E-16,-1.,-6.2768601239956E-16));
#13689=DIRECTION('',(-8.54543584225029E-17,6.2768601239956E-16,-1.));
#13690=DIRECTION('',(-3.69627624575467E-16,1.,6.2768601239956E-16));
#13691=DIRECTION('',(-8.54543584225029E-17,6.2768601239956E-16,-1.));
#13692=DIRECTION('',(4.30859964532835E-16,-1.,-6.2768601239956E-16));
#13693=DIRECTION('',(0.707106781186547,-0.707106781186548,-5.0426639214617E-16));
#13694=DIRECTION('',(-1.,-3.69627624575467E-16,8.54543584225027E-17));
#13695=DIRECTION('',(0.707106781186547,0.707106781186548,3.83415679501175E-16));
#13696=DIRECTION('',(-3.69627624575467E-16,1.,6.2768601239956E-16));
#13697=DIRECTION('',(1.,3.69627624575467E-16,-8.54543584225027E-17));
#13698=DIRECTION('',(-3.69627624575467E-16,1.,-1.22464679914735E-16));
#13699=DIRECTION('',(8.54543584225029E-17,-5.84958833188308E-16,1.));
#13700=DIRECTION('',(-3.69627624575467E-16,1.,6.2768601239956E-16));
#13701=DIRECTION('',(-3.69627624575467E-16,1.,6.2768601239956E-16));
#13702=DIRECTION('',(-1.,-3.69627624575467E-16,8.54543584225027E-17));
#13703=DIRECTION('',(-8.54543584225029E-17,6.2768601239956E-16,-1.));
#13704=DIRECTION('',(1.,3.69627624575467E-16,-8.54543584225027E-17));
#13705=DIRECTION('',(-8.54543584225029E-17,6.2768601239956E-16,-1.));
#13706=DIRECTION('',(-4.27271792112516E-17,6.2768601239956E-16,-1.));
#13707=DIRECTION('',(8.5454358422503E-17,-6.2768601239956E-16,1.));
#13708=DIRECTION('',(1.,3.69627624575467E-16,-8.54543584225027E-17));
#13709=DIRECTION('',(-3.69627624575467E-16,1.,-1.22464679914735E-16));
#13710=DIRECTION('',(8.5454358422503E-17,-6.2768601239956E-16,1.));
#13711=DIRECTION('',(-3.69627624575467E-16,1.,6.2768601239956E-16));
#13712=DIRECTION('',(-8.5454358422503E-17,6.2768601239956E-16,-1.));
#13713=DIRECTION('',(-1.,-3.69627624575467E-16,4.27271792112513E-17));
#13714=DIRECTION('',(3.69627624575467E-16,-1.,1.22464679914735E-16));
#13715=DIRECTION('',(4.27271792112516E-17,-6.2768601239956E-16,1.));
#13716=DIRECTION('',(3.69627624575467E-16,-1.,-6.2768601239956E-16));
#13717=DIRECTION('',(-4.27271792112516E-17,6.2768601239956E-16,-1.));
#13718=DIRECTION('',(3.69627624575467E-16,-1.,-6.2768601239956E-16));
#13719=DIRECTION('',(1.,3.69627624575467E-16,-8.54543584225027E-17));
#13720=DIRECTION('',(-8.5454358422503E-17,6.2768601239956E-16,-1.));
#13721=DIRECTION('',(8.54543584225029E-17,-6.2768601239956E-16,1.));
#13722=DIRECTION('',(-4.30859964532835E-16,1.,6.2768601239956E-16));
#13723=DIRECTION('',(0.,0.,1.));
#13724=DIRECTION('',(1.,0.,0.));
#13725=DIRECTION('',(0.,0.,-1.));
#13726=DIRECTION('',(-1.,0.,0.));
#13727=DIRECTION('',(0.,0.,-1.));
#13728=DIRECTION('',(1.,0.,0.));
#13729=DIRECTION('',(0.,0.,-1.));
#13730=DIRECTION('',(-1.,0.,0.));
#13731=DIRECTION('',(0.,0.,1.));
#13732=DIRECTION('',(1.,0.,0.));
#13733=DIRECTION('',(0.,0.,-1.));
#13734=DIRECTION('',(-1.,0.,0.));
#13735=DIRECTION('',(0.,0.,-1.));
#13736=DIRECTION('',(1.,0.,0.));
#13737=DIRECTION('',(0.,0.,-1.));
#13738=DIRECTION('',(-1.,0.,0.));
#13739=DIRECTION('',(0.,0.,1.));
#13740=DIRECTION('',(1.,0.,0.));
#13741=DIRECTION('',(0.,0.,-1.));
#13742=DIRECTION('',(-1.,0.,0.));
#13743=DIRECTION('',(0.,0.,-1.));
#13744=DIRECTION('',(1.,0.,0.));
#13745=DIRECTION('',(0.,0.,1.));
#13746=DIRECTION('',(1.,0.,0.));
#13747=DIRECTION('',(0.,0.,-1.));
#13748=DIRECTION('',(-1.,0.,0.));
#13749=DIRECTION('',(0.,0.,-1.));
#13750=DIRECTION('',(1.,0.,0.));
#13751=DIRECTION('',(2.12459171353747E-31,-6.2768601239956E-16,1.));
#13752=DIRECTION('',(-3.08395284618099E-16,1.,6.2768601239956E-16));
#13753=DIRECTION('',(0.,0.,-1.));
#13754=DIRECTION('',(-1.,0.,0.));
#13755=DIRECTION('',(0.,0.,-1.));
#13756=DIRECTION('',(1.,0.,0.));
#13757=DIRECTION('',(8.54543584225029E-17,-6.2768601239956E-16,1.));
#13758=DIRECTION('',(-4.30859964532835E-16,1.,6.2768601239956E-16));
#13759=DIRECTION('',(0.,0.,-1.));
#13760=DIRECTION('',(-1.,0.,0.));
#13761=DIRECTION('',(0.,0.,-1.));
#13762=DIRECTION('',(1.,0.,0.));
#13763=DIRECTION('',(0.,0.,-1.));
#13764=DIRECTION('',(-1.,0.,0.));
#13765=DIRECTION('',(0.,0.,1.));
#13766=DIRECTION('',(1.,0.,0.));
#13767=DIRECTION('',(0.,0.,1.));
#13768=DIRECTION('',(1.,0.,0.));
#13769=DIRECTION('',(0.,0.,1.));
#13770=DIRECTION('',(1.,0.,0.));
#13771=DIRECTION('',(0.,0.,1.));
#13772=DIRECTION('',(1.,0.,0.));
#13773=DIRECTION('',(0.,0.,-1.));
#13774=DIRECTION('',(-1.,0.,0.));
#13775=DIRECTION('',(0.,0.,1.));
#13776=DIRECTION('',(1.,0.,0.));
#13777=DIRECTION('',(0.,0.,1.));
#13778=DIRECTION('',(1.,0.,0.));
#13779=DIRECTION('',(0.,0.,1.));
#13780=DIRECTION('',(1.,0.,0.));
#13781=DIRECTION('',(0.,0.,1.));
#13782=DIRECTION('',(1.,0.,0.));
#13783=DIRECTION('',(0.,0.,1.));
#13784=DIRECTION('',(1.,0.,0.));
#13785=DIRECTION('',(0.,0.,1.));
#13786=DIRECTION('',(1.,0.,0.));
#13787=DIRECTION('',(0.,0.,-1.));
#13788=DIRECTION('',(-1.,0.,0.));
#13789=DIRECTION('',(0.,0.,1.));
#13790=DIRECTION('',(1.,0.,0.));
#13791=DIRECTION('',(0.,0.,1.));
#13792=DIRECTION('',(1.,0.,0.));
#13793=DIRECTION('',(0.,0.,1.));
#13794=DIRECTION('',(1.,0.,0.));
#13795=DIRECTION('',(0.,0.,-1.));
#13796=DIRECTION('',(-1.,0.,0.));
#13797=DIRECTION('',(0.,0.,1.));
#13798=DIRECTION('',(1.,0.,0.));
#13799=DIRECTION('',(-0.707106781186549,0.707106781186547,5.04266392146169E-16));
#13800=DIRECTION('',(-8.5454358422503E-17,6.2768601239956E-16,-1.));
#13801=DIRECTION('',(0.577350269189624,0.577350269189626,0.577350269189627));
#13802=DIRECTION('',(-0.707106781186549,-7.05207235674859E-16,0.707106781186546));
#13803=DIRECTION('',(-3.69627624575467E-16,1.,6.2768601239956E-16));
#13804=DIRECTION('',(0.577350269189625,-0.577350269189626,0.577350269189627));
#13805=DIRECTION('',(3.69627624575467E-16,-1.,-6.2768601239956E-16));
#13806=DIRECTION('',(-0.707106781186548,-0.707106781186547,-3.83415679501174E-16));
#13807=DIRECTION('',(-8.5454358422503E-17,6.2768601239956E-16,-1.));
#13808=DIRECTION('',(0.707106781186548,-0.707106781186547,-4.7405371398492E-16));
#13809=DIRECTION('',(4.27271792112516E-17,-6.2768601239956E-16,1.));
#13810=DIRECTION('',(-0.577350269189625,-0.577350269189627,0.577350269189626));
#13811=DIRECTION('',(0.707106781186548,-1.82474835972483E-16,0.707106781186547));
#13812=DIRECTION('',(-3.69627624575467E-16,1.,6.2768601239956E-16));
#13813=DIRECTION('',(-0.577350269189626,0.577350269189626,0.577350269189626));
#13814=DIRECTION('',(-3.69627624575467E-16,1.,6.2768601239956E-16));
#13815=DIRECTION('',(0.707106781186548,0.707106781186547,4.13628357662423E-16));
#13816=DIRECTION('',(4.27271792112516E-17,-6.2768601239956E-16,1.));
#13817=DIRECTION('',(0.707106781186548,0.707106781186547,4.43841035823672E-16));
#13818=DIRECTION('',(-1.74671528352543E-31,6.2768601239956E-16,-1.));
#13819=DIRECTION('',(0.577350269189626,-0.577350269189626,-0.577350269189626));
#13820=DIRECTION('',(0.707106781186548,-1.82474835972483E-16,0.707106781186547));
#13821=DIRECTION('',(-3.69627624575467E-16,1.,6.2768601239956E-16));
#13822=DIRECTION('',(0.577350269189625,0.577350269189627,-0.577350269189626));
#13823=DIRECTION('',(-3.69627624575467E-16,1.,6.2768601239956E-16));
#13824=DIRECTION('',(0.707106781186548,-0.707106781186547,-4.43841035823672E-16));
#13825=DIRECTION('',(-1.74671528352543E-31,6.2768601239956E-16,-1.));
#13826=DIRECTION('',(-0.707106781186547,-0.707106781186548,-4.13628357662424E-16));
#13827=DIRECTION('',(4.27271792112516E-17,-6.2768601239956E-16,1.));
#13828=DIRECTION('',(-0.577350269189626,0.577350269189626,-0.577350269189626));
#13829=DIRECTION('',(-0.707106781186548,-7.0520723567486E-16,0.707106781186547));
#13830=DIRECTION('',(-3.69627624575467E-16,1.,6.2768601239956E-16));
#13831=DIRECTION('',(3.69627624575467E-16,-1.,-6.2768601239956E-16));
#13832=DIRECTION('',(-0.577350269189625,-0.577350269189626,-0.577350269189627));
#13833=DIRECTION('',(-0.707106781186548,0.707106781186547,4.74053713984921E-16));
#13834=DIRECTION('',(4.27271792112516E-17,-6.2768601239956E-16,1.));
#13835=DIRECTION('',(0.,0.,1.));
#13836=DIRECTION('',(1.,0.,0.));
#13837=DIRECTION('',(0.,0.,1.));
#13838=DIRECTION('',(1.,0.,0.));
#13839=DIRECTION('',(0.,0.,1.));
#13840=DIRECTION('',(1.,0.,0.));
#13841=DIRECTION('',(0.,0.,1.));
#13842=DIRECTION('',(1.,0.,0.));
#13843=DIRECTION('',(1.,3.69627624575467E-16,-8.54543584225027E-17));
#13844=DIRECTION('',(-3.69627624575467E-16,1.,0.));
#13845=DIRECTION('',(-8.54543584225029E-17,6.2768601239956E-16,-1.));
#13846=DIRECTION('',(-3.69627624575467E-16,1.,6.2768601239956E-16));
#13847=DIRECTION('',(-3.69627624575467E-16,1.,6.2768601239956E-16));
#13848=DIRECTION('',(-1.,-3.69627624575467E-16,8.54543584225027E-17));
#13849=DIRECTION('',(3.69627624575467E-16,-1.,0.));
#13850=DIRECTION('',(3.69627624575467E-16,-1.,-6.2768601239956E-16));
#13851=DIRECTION('',(-8.54543584225029E-17,6.2768601239956E-16,-1.));
#13852=DIRECTION('',(-3.69627624575467E-16,1.,6.2768601239956E-16));
#13853=DIRECTION('',(8.54543584225029E-17,-6.2768601239956E-16,1.));
#13854=DIRECTION('',(-4.30859964532835E-16,1.,6.2768601239956E-16));
#13855=DIRECTION('',(-1.,-3.69627624575467E-16,8.54543584225027E-17));
#13856=DIRECTION('',(3.69627624575467E-16,-1.,-6.2768601239956E-16));
#13857=DIRECTION('',(-1.,-3.69627624575467E-16,8.54543584225027E-17));
#13858=DIRECTION('',(-3.69627624575467E-16,1.,6.2768601239956E-16));
#13859=DIRECTION('',(-1.,-3.69627624575467E-16,8.54543584225027E-17));
#13860=DIRECTION('',(3.69627624575467E-16,-1.,0.));
#13861=DIRECTION('',(3.69627624575467E-16,-1.,-6.2768601239956E-16));
#13862=DIRECTION('',(-1.34390891812134E-31,-6.2768601239956E-16,1.));
#13863=DIRECTION('',(-3.69627624575467E-16,1.,6.2768601239956E-16));
#13864=DIRECTION('',(1.,3.69627624575467E-16,-8.54543584225027E-17));
#13865=DIRECTION('',(-3.69627624575467E-16,1.,0.));
#13866=DIRECTION('',(-1.34390891812134E-31,-6.2768601239956E-16,1.));
#13867=DIRECTION('',(-3.69627624575467E-16,1.,6.2768601239956E-16));
#13868=DIRECTION('',(-3.69627624575467E-16,1.,6.2768601239956E-16));
#13869=DIRECTION('',(2.12459171353747E-31,-6.2768601239956E-16,1.));
#13870=DIRECTION('',(-3.08395284618099E-16,1.,6.2768601239956E-16));
#13871=DIRECTION('',(1.,3.69627624575467E-16,8.65385153700173E-33));
#13872=DIRECTION('',(-3.69627624575467E-16,1.,6.2768601239956E-16));
#13873=DIRECTION('',(-1.,-3.69627624575467E-16,-1.95509183887497E-32));
#13874=DIRECTION('',(3.69627624575467E-16,-1.,-6.2768601239956E-16));
#13875=DIRECTION('',(2.23356238205495E-31,-6.2768601239956E-16,1.));
#13876=DIRECTION('',(0.,-1.,-6.2768601239956E-16));
#13877=DIRECTION('',(1.,3.69627624575467E-16,8.65385153700173E-33));
#13878=DIRECTION('',(3.69627624575467E-16,-1.,-6.2768601239956E-16));
#13879=DIRECTION('',(1.,3.69627624575467E-16,2.32010089742496E-31));
#13880=DIRECTION('',(-0.707106781186548,1.82474835972484E-16,-0.707106781186547));
#13881=DIRECTION('',(-0.707106781186547,-7.0520723567486E-16,0.707106781186548));
#13882=DIRECTION('',(2.23356238205495E-31,-6.2768601239956E-16,1.));
#13883=DIRECTION('',(0.,-1.,-6.2768601239956E-16));
#13884=DIRECTION('',(1.,3.69627624575467E-16,8.65385153700173E-33));
#13885=DIRECTION('',(3.69627624575467E-16,-1.,-6.2768601239956E-16));
#13886=DIRECTION('',(1.,3.69627624575467E-16,2.32010089742496E-31));
#13887=DIRECTION('',(-0.707106781186547,-7.0520723567486E-16,0.707106781186548));
#13888=DIRECTION('',(-0.707106781186547,1.82474835972485E-16,-0.707106781186548));
#13889=DIRECTION('',(0.707106781186548,-1.82474835972483E-16,0.707106781186547));
#13890=DIRECTION('',(3.69627624575467E-16,-1.,-6.2768601239956E-16));
#13891=DIRECTION('',(0.577350269189625,0.577350269189626,-0.577350269189626));
#13892=DIRECTION('',(2.0094084352869E-16,-0.707106781186547,-0.707106781186548));
#13893=DIRECTION('',(-1.,-3.69627624575467E-16,8.54543584225027E-17));
#13894=DIRECTION('',(-0.577350269189626,0.577350269189626,-0.577350269189626));
#13895=DIRECTION('',(-0.707106781186547,-7.0520723567486E-16,0.707106781186548));
#13896=DIRECTION('',(-3.69627624575467E-16,1.,6.2768601239956E-16));
#13897=DIRECTION('',(-0.707106781186548,-7.0520723567486E-16,0.707106781186547));
#13898=DIRECTION('',(-3.69627624575467E-16,1.,6.2768601239956E-16));
#13899=DIRECTION('',(0.577350269189626,-0.577350269189625,0.577350269189626));
#13900=DIRECTION('',(2.61366199851188E-16,-0.707106781186548,-0.707106781186547));
#13901=DIRECTION('',(1.,3.69627624575467E-16,1.95509183887497E-32));
#13902=DIRECTION('',(-0.577350269189626,-0.577350269189626,0.577350269189626));
#13903=DIRECTION('',(0.707106781186548,-1.82474835972483E-16,0.707106781186547));
#13904=DIRECTION('',(3.69627624575467E-16,-1.,-6.2768601239956E-16));
#13905=DIRECTION('',(0.,0.,1.));
#13906=DIRECTION('',(1.,0.,0.));
#13907=DIRECTION('',(-1.,6.12323399573682E-17,7.50150692314295E-16));
#13908=DIRECTION('',(7.50150692314295E-16,7.50150692314295E-16,1.));
#13909=DIRECTION('',(6.12323399573677E-17,1.,-7.50150692314295E-16));
#13910=DIRECTION('',(-7.50150692314295E-16,-7.50150692314295E-16,-1.));
#13911=DIRECTION('',(6.12323399573677E-17,1.,-7.50150692314295E-16));
#13912=DIRECTION('',(-7.50150692314295E-16,-7.50150692314295E-16,-1.));
#13913=DIRECTION('',(6.12323399573677E-17,1.,-7.50150692314295E-16));
#13914=DIRECTION('',(-7.50150692314295E-16,-7.50150692314295E-16,-1.));
#13915=DIRECTION('',(1.,-6.12323399573682E-17,-7.50150692314295E-16));
#13916=DIRECTION('',(-7.50150692314295E-16,-7.50150692314295E-16,-1.));
#13917=DIRECTION('',(1.,-6.12323399573682E-17,-7.50150692314295E-16));
#13918=DIRECTION('',(-1.,6.12323399573682E-17,7.50150692314295E-16));
#13919=DIRECTION('',(7.50150692314295E-16,7.50150692314295E-16,1.));
#13920=DIRECTION('',(6.12323399573677E-17,1.,-7.50150692314295E-16));
#13921=DIRECTION('',(-7.50150692314295E-16,-7.50150692314295E-16,-1.));
#13922=DIRECTION('',(6.12323399573677E-17,1.,-7.50150692314295E-16));
#13923=DIRECTION('',(6.12323399573677E-17,1.,-7.50150692314295E-16));
#13924=DIRECTION('',(-7.50150692314295E-16,-7.50150692314295E-16,-1.));
#13925=DIRECTION('',(1.,-6.12323399573682E-17,-7.50150692314295E-16));
#13926=DIRECTION('',(1.,-6.12323399573682E-17,-7.50150692314295E-16));
#13927=DIRECTION('',(7.50150692314295E-16,7.50150692314295E-16,1.));
#13928=DIRECTION('',(6.12323399573677E-17,1.,-7.50150692314295E-16));
#13929=DIRECTION('',(7.50150692314295E-16,7.50150692314295E-16,1.));
#13930=DIRECTION('',(1.,0.,-7.50150692314295E-16));
#13931=DIRECTION('',(7.50150692314295E-16,7.50150692314295E-16,1.));
#13932=DIRECTION('',(6.12323399573677E-17,1.,-7.50150692314295E-16));
#13933=DIRECTION('',(-7.50150692314295E-16,-7.50150692314295E-16,-1.));
#13934=DIRECTION('',(-1.,0.,7.50150692314295E-16));
#13935=DIRECTION('',(7.50150692314295E-16,7.50150692314295E-16,1.));
#13936=DIRECTION('',(1.,0.,-7.50150692314295E-16));
#13937=DIRECTION('',(7.50150692314295E-16,7.50150692314295E-16,1.));
#13938=DIRECTION('',(1.,-5.62726061179616E-31,-7.50150692314295E-16));
#13939=DIRECTION('',(0.,0.,1.));
#13940=DIRECTION('',(1.,0.,0.));
#13941=DIRECTION('',(-1.11022302462515E-16,1.,7.21644966006352E-16));
#13942=DIRECTION('',(2.77555756156289E-16,-7.21644966006352E-16,1.));
#13943=DIRECTION('',(1.,-6.12323399573672E-17,6.64696333891792E-16));
#13944=DIRECTION('',(-6.64696333891792E-16,7.50150692314295E-16,1.));
#13945=DIRECTION('',(6.12323399573677E-17,1.,-7.50150692314295E-16));
#13946=DIRECTION('',(6.64696333891792E-16,-7.50150692314295E-16,-1.));
#13947=DIRECTION('',(6.12323399573677E-17,1.,-7.50150692314295E-16));
#13948=DIRECTION('',(6.64696333891792E-16,-7.50150692314295E-16,-1.));
#13949=DIRECTION('',(6.12323399573677E-17,1.,-7.50150692314295E-16));
#13950=DIRECTION('',(6.64696333891792E-16,-7.50150692314295E-16,-1.));
#13951=DIRECTION('',(-1.,6.12323399573672E-17,-6.64696333891792E-16));
#13952=DIRECTION('',(-1.,6.12323399573672E-17,-6.64696333891792E-16));
#13953=DIRECTION('',(6.64696333891792E-16,-7.50150692314295E-16,-1.));
#13954=DIRECTION('',(1.,-6.12323399573672E-17,6.64696333891792E-16));
#13955=DIRECTION('',(-6.64696333891792E-16,7.50150692314295E-16,1.));
#13956=DIRECTION('',(6.12323399573677E-17,1.,-7.50150692314295E-16));
#13957=DIRECTION('',(6.12323399573677E-17,1.,-7.50150692314295E-16));
#13958=DIRECTION('',(6.64696333891792E-16,-7.50150692314295E-16,-1.));
#13959=DIRECTION('',(6.12323399573677E-17,1.,-7.50150692314295E-16));
#13960=DIRECTION('',(6.64696333891792E-16,-7.50150692314295E-16,-1.));
#13961=DIRECTION('',(-1.,6.12323399573672E-17,-6.64696333891792E-16));
#13962=DIRECTION('',(-1.,6.12323399573672E-17,-6.64696333891792E-16));
#13963=DIRECTION('',(-6.64696333891792E-16,7.50150692314295E-16,1.));
#13964=DIRECTION('',(6.12323399573677E-17,1.,-7.50150692314295E-16));
#13965=DIRECTION('',(6.64696333891792E-16,-7.50150692314295E-16,-1.));
#13966=DIRECTION('',(-1.,1.22464679914735E-16,-6.64696333891792E-16));
#13967=DIRECTION('',(-6.64696333891792E-16,7.50150692314295E-16,1.));
#13968=DIRECTION('',(6.12323399573677E-17,1.,-7.50150692314295E-16));
#13969=DIRECTION('',(6.64696333891792E-16,-7.50150692314295E-16,-1.));
#13970=DIRECTION('',(1.,-1.22464679914735E-16,6.64696333891792E-16));
#13971=DIRECTION('',(6.64696333891792E-16,-7.50150692314295E-16,-1.));
#13972=DIRECTION('',(-1.,1.22464679914735E-16,-6.64696333891792E-16));
#13973=DIRECTION('',(-6.64696333891792E-16,7.50150692314295E-16,1.));
#13974=DIRECTION('',(-1.,1.22464679914735E-16,-6.64696333891792E-16));
#13975=DIRECTION('',(0.,0.,1.));
#13976=DIRECTION('',(1.,0.,0.));
#13977=CARTESIAN_POINT('',(0.,0.,0.));
#13978=CARTESIAN_POINT('',(0.0227503276712895,0.0980001975368857,-0.02715));
#13979=CARTESIAN_POINT('',(0.0212503276712895,0.0995001975368857,-0.0264));
#13980=CARTESIAN_POINT('',(0.0212503276712895,0.0995001975368858,-0.017));
#13981=CARTESIAN_POINT('',(0.0212503276712895,0.0995001975368857,-0.0358));
#13982=CARTESIAN_POINT('',(0.0227503276712895,0.0980001975368857,-0.017));
#13983=CARTESIAN_POINT('',(0.0227503276712895,0.0980001975368857,-0.017));
#13984=CARTESIAN_POINT('',(0.0227503276712895,0.0980001975368857,-0.017));
#13985=CARTESIAN_POINT('',(0.0227503276712895,0.0980001975368857,-0.0353));
#13986=CARTESIAN_POINT('',(0.0341503276712894,0.0866001975368858,-0.0239));
#13987=CARTESIAN_POINT('',(0.0207503276712895,0.100000197536886,-0.0373));
#13988=CARTESIAN_POINT('',(0.0207503276712895,0.100000197536886,-0.0373));
#13989=CARTESIAN_POINT('',(0.0207503276712895,0.100000197536886,-0.0358));
#13990=CARTESIAN_POINT('',(0.0227503276712895,0.0980001975368857,-0.0358));
#13991=CARTESIAN_POINT('',(-0.00274967232871052,0.0980001975368857,-0.02715));
#13992=CARTESIAN_POINT('',(-0.00274967232871052,0.0980001975368857,-0.0358));
#13993=CARTESIAN_POINT('',(-0.000749672328710526,0.100000197536886,-0.0358));
#13994=CARTESIAN_POINT('',(-0.00124967232871055,0.0995001975368857,-0.0358));
#13995=CARTESIAN_POINT('',(-0.000749672328710524,0.100000197536886,-0.017));
#13996=CARTESIAN_POINT('',(-0.000749672328710526,0.100000197536886,-0.0373));
#13997=CARTESIAN_POINT('',(-0.00546633899537719,0.095283530870219,-0.0325833333333333));
#13998=CARTESIAN_POINT('',(-0.00274967232871052,0.0980001975368857,-0.0353));
#13999=CARTESIAN_POINT('',(-0.00274967232871052,0.0980001975368857,-0.0373));
#14000=CARTESIAN_POINT('',(-0.00274967232871052,0.0980001975368857,-0.017));
#14001=CARTESIAN_POINT('',(-0.00274967232871053,0.0980001975368857,-0.017));
#14002=CARTESIAN_POINT('',(-0.00124967232871055,0.0995001975368857,-0.017));
#14003=CARTESIAN_POINT('',(-0.00124967232871055,0.0995001975368857,-0.02715));
#14004=CARTESIAN_POINT('',(-0.0517496723287105,0.100000197536886,-0.02715));
#14005=CARTESIAN_POINT('',(-0.0517496723287105,0.100000197536886,-0.0358));
#14006=CARTESIAN_POINT('',(-0.0517496723287105,0.100000197536886,-0.0358));
#14007=CARTESIAN_POINT('',(-0.0522496723287105,0.0995001975368857,-0.0358));
#14008=CARTESIAN_POINT('',(-0.0517496723287105,0.100000197536886,-0.017));
#14009=CARTESIAN_POINT('',(-0.0517496723287105,0.100000197536886,-0.0373));
#14010=CARTESIAN_POINT('',(-0.0638163389953772,0.0879335308702191,-0.0252333333333333));
#14011=CARTESIAN_POINT('',(-0.0537496723287105,0.0980001975368857,-0.0353));
#14012=CARTESIAN_POINT('',(-0.0537496723287105,0.0980001975368857,-0.0373));
#14013=CARTESIAN_POINT('',(-0.0537496723287105,0.0980001975368857,-0.017));
#14014=CARTESIAN_POINT('',(-0.0517496723287105,0.100000197536886,-0.017));
#14015=CARTESIAN_POINT('',(-0.0522496723287105,0.0995001975368857,-0.017));
#14016=CARTESIAN_POINT('',(-0.0522496723287105,0.0995001975368857,-0.0264));
#14017=CARTESIAN_POINT('',(-0.0302496723287106,0.100000197536886,-0.02715));
#14018=CARTESIAN_POINT('',(-0.0297496723287105,0.0995001975368857,-0.02715));
#14019=CARTESIAN_POINT('',(-0.0297496723287105,0.0995001975368857,-0.017));
#14020=CARTESIAN_POINT('',(-0.0297496723287105,0.0995001975368857,-0.0358));
#14021=CARTESIAN_POINT('',(-0.0302496723287106,0.100000197536886,-0.017));
#14022=CARTESIAN_POINT('',(-0.0282496723287106,0.0980001975368857,-0.017));
#14023=CARTESIAN_POINT('',(-0.0282496723287106,0.0980001975368857,-0.017));
#14024=CARTESIAN_POINT('',(-0.0282496723287106,0.0980001975368857,-0.0353));
#14025=CARTESIAN_POINT('',(-0.0268663389953772,0.0966168642035524,-0.0339166666666667));
#14026=CARTESIAN_POINT('',(-0.0302496723287106,0.100000197536886,-0.0373));
#14027=CARTESIAN_POINT('',(-0.0302496723287106,0.100000197536886,-0.0373));
#14028=CARTESIAN_POINT('',(-0.0302496723287106,0.100000197536886,-0.0358));
#14029=CARTESIAN_POINT('',(-0.0302496723287106,0.100000197536886,-0.0358));
#14030=CARTESIAN_POINT('',(-0.0409996723287105,0.100000197536886,-0.02715));
#14031=CARTESIAN_POINT('',(-0.0409996723287105,0.100000197536886,-0.0373));
#14032=CARTESIAN_POINT('',(-0.0459996723287105,0.100000197536886,-0.0373));
#14033=CARTESIAN_POINT('',(-0.0409996723287105,0.100000197536886,-0.0358));
#14034=CARTESIAN_POINT('',(-0.0459996723287105,0.100000197536886,-0.0358));
#14035=CARTESIAN_POINT('',(-0.0459996723287105,0.100000197536886,-0.03655));
#14036=CARTESIAN_POINT('',(-0.0282496723287106,0.0638001975368857,-0.02715));
#14037=CARTESIAN_POINT('',(-0.0282496723287106,0.0638001975368857,-0.0353));
#14038=CARTESIAN_POINT('',(-0.0282496723287106,0.0658001975368857,-0.0353));
#14039=CARTESIAN_POINT('',(-0.0282496723287106,0.0638001975368858,-0.017));
#14040=CARTESIAN_POINT('',(-0.0282496723287106,0.0658001975368857,-0.017));
#14041=CARTESIAN_POINT('',(-0.0282496723287106,0.0658001975368857,-0.0373));
#14042=CARTESIAN_POINT('',(-0.0409996723287105,0.0638001975368857,-0.0373));
#14043=CARTESIAN_POINT('',(-0.0409996723287105,0.100000197536886,-0.0373));
#14044=CARTESIAN_POINT('',(-0.0359996723287105,0.100000197536886,-0.0373));
#14045=CARTESIAN_POINT('',(-0.0302496723287106,0.0638001975368857,-0.0373));
#14046=CARTESIAN_POINT('',(-0.0302496723287106,0.0658001975368857,-0.0373));
#14047=CARTESIAN_POINT('',(-0.0537496723287105,0.0658001975368857,-0.0373));
#14048=CARTESIAN_POINT('',(-0.0517496723287105,0.0658001975368857,-0.0373));
#14049=CARTESIAN_POINT('',(-0.0517496723287105,0.0638001975368857,-0.0373));
#14050=CARTESIAN_POINT('',(-0.0459996723287105,0.133000197536886,-0.0373));
#14051=CARTESIAN_POINT('',(-0.0459996723287105,0.138000197536886,-0.0373));
#14052=CARTESIAN_POINT('',(-0.0409996723287105,0.138000197536886,-0.0373));
#14053=CARTESIAN_POINT('',(-0.0359996723287105,0.138000197536886,-0.0373));
#14054=CARTESIAN_POINT('',(-0.0359996723287105,0.133000197536886,-0.0373));
#14055=CARTESIAN_POINT('',(-0.0537496723287105,0.0638001975368857,-0.02715));
#14056=CARTESIAN_POINT('',(-0.0537496723287105,0.0638001975368857,-0.017));
#14057=CARTESIAN_POINT('',(-0.0537496723287105,0.0658001975368858,-0.017));
#14058=CARTESIAN_POINT('',(-0.0537496723287105,0.0638001975368857,-0.0353));
#14059=CARTESIAN_POINT('',(-0.0537496723287105,0.0658001975368857,-0.0353));
#14060=CARTESIAN_POINT('',(-0.0537496723287105,0.0658001975368858,-0.017));
#14061=CARTESIAN_POINT('',(-0.0409996723287105,0.0638001975368857,-0.02715));
#14062=CARTESIAN_POINT('',(-0.0409996723287105,0.0638001975368858,-0.017));
#14063=CARTESIAN_POINT('',(-0.0302496723287106,0.0638001975368858,-0.017));
#14064=CARTESIAN_POINT('',(-0.0517496723287105,0.0638001975368858,-0.017));
#14065=CARTESIAN_POINT('',(-0.0517496723287105,0.0638001975368857,-0.0373));
#14066=CARTESIAN_POINT('',(-0.0517496723287105,0.0638001975368857,-0.0353));
#14067=CARTESIAN_POINT('',(-0.0282496723287106,0.0638001975368857,-0.0353));
#14068=CARTESIAN_POINT('',(-0.0302496723287106,0.0638001975368857,-0.0353));
#14069=CARTESIAN_POINT('',(-0.0302496723287106,0.0638001975368858,-0.017));
#14070=CARTESIAN_POINT('',(-0.0409996723287105,0.0688001975368857,-0.02715));
#14071=CARTESIAN_POINT('',(-0.0409996723287105,0.0688001975368858,-0.017));
#14072=CARTESIAN_POINT('',(-0.0297496723287105,0.0688001975368858,-0.017));
#14073=CARTESIAN_POINT('',(-0.0522496723287105,0.0688001975368858,-0.017));
#14074=CARTESIAN_POINT('',(-0.0297496723287105,0.0688001975368857,-0.0264));
#14075=CARTESIAN_POINT('',(-0.0297496723287105,0.0688001975368857,-0.0358));
#14076=CARTESIAN_POINT('',(-0.0409996723287105,0.0688001975368857,-0.0358));
#14077=CARTESIAN_POINT('',(-0.0522496723287105,0.0688001975368857,-0.0358));
#14078=CARTESIAN_POINT('',(-0.0522496723287105,0.0688001975368857,-0.0264));
#14079=CARTESIAN_POINT('',(-0.0297496723287105,0.100000197536886,-0.0264));
#14080=CARTESIAN_POINT('',(-0.0297496723287105,0.100000197536886,-0.017));
#14081=CARTESIAN_POINT('',(-0.0297496723287105,0.100000197536886,-0.0358));
#14082=CARTESIAN_POINT('',(-0.0409996723287105,0.100000197536886,-0.0358));
#14083=CARTESIAN_POINT('',(-0.0409996723287105,0.100000197536886,-0.0358));
#14084=CARTESIAN_POINT('',(-0.0359996723287105,0.100000197536886,-0.0358));
#14085=CARTESIAN_POINT('',(-0.0359996723287105,0.133000197536886,-0.0358));
#14086=CARTESIAN_POINT('',(-0.0359996723287105,0.133000197536886,-0.0358));
#14087=CARTESIAN_POINT('',(-0.0409996723287105,0.133000197536886,-0.0358));
#14088=CARTESIAN_POINT('',(-0.0459996723287105,0.133000197536886,-0.0358));
#14089=CARTESIAN_POINT('',(-0.0459996723287105,0.133000197536886,-0.0358));
#14090=CARTESIAN_POINT('',(-0.0522496723287105,0.100000197536886,-0.0358));
#14091=CARTESIAN_POINT('',(-0.0522496723287105,0.100000197536886,-0.0264));
#14092=CARTESIAN_POINT('',(-0.0522496723287105,0.100000197536886,-0.017));
#14093=CARTESIAN_POINT('',(-0.0409996723287105,0.100000197536886,-0.02715));
#14094=CARTESIAN_POINT('',(-0.0359996723287105,0.100000197536886,-0.03655));
#14095=CARTESIAN_POINT('',(-0.0359996723287105,0.133000197536886,-0.03655));
#14096=CARTESIAN_POINT('',(-0.0359996723287105,0.138000197536886,-0.0323));
#14097=CARTESIAN_POINT('',(-0.0359996723287105,0.135000197536886,-0.0323));
#14098=CARTESIAN_POINT('',(-0.0359996723287105,0.133000197536886,-0.0323));
#14099=CARTESIAN_POINT('',(-0.0359996723287105,0.133000197536886,-0.03655));
#14100=CARTESIAN_POINT('',(-0.0359996723287105,0.138000197536886,-0.03655));
#14101=CARTESIAN_POINT('',(-0.0359996723287105,0.138000197536886,-0.0353));
#14102=CARTESIAN_POINT('',(-0.0359996723287105,0.138000197536886,-0.0353));
#14103=CARTESIAN_POINT('',(-0.0459996723287105,0.133000197536886,-0.03655));
#14104=CARTESIAN_POINT('',(-0.0459996723287105,0.138000197536886,-0.03655));
#14105=CARTESIAN_POINT('',(-0.0459996723287105,0.138000197536886,-0.0353));
#14106=CARTESIAN_POINT('',(-0.0459996723287105,0.133000197536886,-0.03655));
#14107=CARTESIAN_POINT('',(-0.0459996723287105,0.133000197536886,-0.0323));
#14108=CARTESIAN_POINT('',(-0.0459996723287105,0.138000197536886,-0.0323));
#14109=CARTESIAN_POINT('',(-0.0459996723287105,0.135000197536886,-0.0323));
#14110=CARTESIAN_POINT('',(-0.0459996723287105,0.136125197536886,-0.033425));
#14111=CARTESIAN_POINT('',(-0.0409996723287105,0.133000197536886,-0.0348));
#14112=CARTESIAN_POINT('',(-0.0409996723287105,0.133000197536886,-0.0323));
#14113=CARTESIAN_POINT('',(-0.0409996723287105,0.138000197536886,-0.0323));
#14114=CARTESIAN_POINT('',(-0.0359996723287105,0.135000197536886,-0.0323));
#14115=CARTESIAN_POINT('',(-0.0409996723287105,0.138000197536886,-0.0348));
#14116=CARTESIAN_POINT('',(-0.0459996723287105,0.138000197536886,-0.0353));
#14117=CARTESIAN_POINT('',(-0.0409996723287105,0.138000197536886,-0.0353));
#14118=CARTESIAN_POINT('',(-0.04,0.08,-0.017));
#14119=CARTESIAN_POINT('',(0.0212503276712895,0.100000197536886,-0.017));
#14120=CARTESIAN_POINT('',(0.0212503276712895,0.0688001975368858,-0.017));
#14121=CARTESIAN_POINT('',(0.0100003276712895,0.0688001975368858,-0.017));
#14122=CARTESIAN_POINT('',(-0.00124967232871055,0.0688001975368858,-0.017));
#14123=CARTESIAN_POINT('',(-0.00124967232871055,0.100000197536886,-0.017));
#14124=CARTESIAN_POINT('',(-0.00274967232871053,0.0638001975368858,-0.017));
#14125=CARTESIAN_POINT('',(-0.00274967232871053,0.0658001975368858,-0.017));
#14126=CARTESIAN_POINT('',(-0.000749672328710523,0.0638001975368857,-0.017));
#14127=CARTESIAN_POINT('',(-0.000749672328710527,0.0638001975368858,-0.017));
#14128=CARTESIAN_POINT('',(0.0100003276712895,0.0638001975368858,-0.017));
#14129=CARTESIAN_POINT('',(0.0207503276712895,0.0638001975368858,-0.017));
#14130=CARTESIAN_POINT('',(0.0207503276712895,0.0638001975368857,-0.017));
#14131=CARTESIAN_POINT('',(0.0227503276712895,0.0658001975368857,-0.017));
#14132=CARTESIAN_POINT('',(0.0227503276712895,0.0638001975368857,-0.017));
#14133=CARTESIAN_POINT('',(-0.0537496723287105,0.0658001975368857,-0.017));
#14134=CARTESIAN_POINT('',(-0.0282496723287106,0.0658001975368857,-0.017));
#14135=CARTESIAN_POINT('',(-0.015,-0.0148,-0.017));
#14136=CARTESIAN_POINT('',(0.0225,-0.0148,-0.017));
#14137=CARTESIAN_POINT('',(-0.0525,-0.0148,-0.017));
#14138=CARTESIAN_POINT('',(0.0275,-0.0098,-0.017));
#14139=CARTESIAN_POINT('',(0.0275,-0.0098,-0.017));
#14140=CARTESIAN_POINT('',(0.0275,0.0162,-0.017));
#14141=CARTESIAN_POINT('',(0.0275,0.0422,-0.017));
#14142=CARTESIAN_POINT('',(0.0225,0.0472,-0.017));
#14143=CARTESIAN_POINT('',(0.0225,0.0472,-0.017));
#14144=CARTESIAN_POINT('',(-0.015,0.0472,-0.017));
#14145=CARTESIAN_POINT('',(-0.0525,0.0472,-0.017));
#14146=CARTESIAN_POINT('',(-0.0575,0.0422,-0.017));
#14147=CARTESIAN_POINT('',(-0.0575,0.0422,-0.017));
#14148=CARTESIAN_POINT('',(-0.0575,0.0162,-0.017));
#14149=CARTESIAN_POINT('',(-0.0575,-0.0098,-0.017));
#14150=CARTESIAN_POINT('',(-0.0525,-0.0148,-0.017));
#14151=CARTESIAN_POINT('',(-0.0409996723287105,0.100000197536886,-0.017));
#14152=CARTESIAN_POINT('',(-0.0522496723287105,0.1,-0.017));
#14153=CARTESIAN_POINT('',(-0.0537496723287105,0.1,-0.017));
#14154=CARTESIAN_POINT('',(-0.04,0.1,-0.017));
#14155=CARTESIAN_POINT('',(0.0212503276712895,0.1,-0.017));
#14156=CARTESIAN_POINT('',(0.0100003276712895,0.100000197536886,-0.017));
#14157=CARTESIAN_POINT('',(0.0227503276712895,0.1,-0.017));
#14158=CARTESIAN_POINT('',(-0.04,0.1,-0.017));
#14159=CARTESIAN_POINT('',(0.03,0.1,-0.017));
#14160=CARTESIAN_POINT('',(0.03,0.08,-0.017));
#14161=CARTESIAN_POINT('',(0.03,-0.015,-0.017));
#14162=CARTESIAN_POINT('',(-0.04,-0.015,-0.017));
#14163=CARTESIAN_POINT('',(-0.06,-0.015,-0.017));
#14164=CARTESIAN_POINT('',(-0.06,0.1,-0.017));
#14165=CARTESIAN_POINT('',(-0.06,0.1,-0.017));
#14166=CARTESIAN_POINT('',(-0.04,0.1,-0.017));
#14167=CARTESIAN_POINT('',(-0.04,0.08,-0.017));
#14168=CARTESIAN_POINT('',(-0.044,0.08,-0.017));
#14169=CARTESIAN_POINT('',(0.01,0.08,-0.017));
#14170=CARTESIAN_POINT('',(0.006,0.08,-0.017));
#14171=CARTESIAN_POINT('',(0.0100003276712895,0.100000197536886,-0.02715));
#14172=CARTESIAN_POINT('',(0.0100003276712894,0.100000197536886,-0.0358));
#14173=CARTESIAN_POINT('',(0.0150003276712895,0.100000197536886,-0.0358));
#14174=CARTESIAN_POINT('',(0.0100003276712895,0.100000197536886,-0.0373));
#14175=CARTESIAN_POINT('',(0.0150003276712895,0.100000197536886,-0.0373));
#14176=CARTESIAN_POINT('',(0.0150003276712895,0.100000197536886,-0.03655));
#14177=CARTESIAN_POINT('',(-0.00274967232871053,0.0638001975368857,-0.02715));
#14178=CARTESIAN_POINT('',(-0.00274967232871053,0.0638001975368857,-0.0353));
#14179=CARTESIAN_POINT('',(-0.00274967232871053,0.0658001975368857,-0.0353));
#14180=CARTESIAN_POINT('',(-0.00274967232871053,0.0658001975368858,-0.017));
#14181=CARTESIAN_POINT('',(0.0100003276712895,0.0638001975368857,-0.0373));
#14182=CARTESIAN_POINT('',(-0.00274967232871053,0.0658001975368857,-0.0373));
#14183=CARTESIAN_POINT('',(0.0207503276712895,0.0658001975368857,-0.0373));
#14184=CARTESIAN_POINT('',(-0.000749672328710527,0.0658001975368857,-0.0373));
#14185=CARTESIAN_POINT('',(-0.000749672328710527,0.0638001975368857,-0.0373));
#14186=CARTESIAN_POINT('',(0.0100003276712895,0.100000197536886,-0.0373));
#14187=CARTESIAN_POINT('',(0.00500032767128947,0.100000197536886,-0.0373));
#14188=CARTESIAN_POINT('',(0.00500032767128948,0.133000197536886,-0.0373));
#14189=CARTESIAN_POINT('',(0.00500032767128948,0.138000197536886,-0.0373));
#14190=CARTESIAN_POINT('',(0.0100003276712895,0.138000197536886,-0.0373));
#14191=CARTESIAN_POINT('',(0.0150003276712895,0.138000197536886,-0.0373));
#14192=CARTESIAN_POINT('',(0.0150003276712895,0.133000197536886,-0.0373));
#14193=CARTESIAN_POINT('',(0.0207503276712895,0.0638001975368857,-0.0373));
#14194=CARTESIAN_POINT('',(0.0227503276712895,0.0638001975368857,-0.02715));
#14195=CARTESIAN_POINT('',(0.0227503276712895,0.0638001975368857,-0.0353));
#14196=CARTESIAN_POINT('',(0.0227503276712895,0.0658001975368857,-0.0353));
#14197=CARTESIAN_POINT('',(0.0227503276712895,0.0658001975368857,-0.0373));
#14198=CARTESIAN_POINT('',(0.0100003276712895,0.0638001975368857,-0.02715));
#14199=CARTESIAN_POINT('',(0.0227503276712895,0.0638001975368857,-0.0353));
#14200=CARTESIAN_POINT('',(-0.000749672328710528,0.0638001975368857,-0.0353));
#14201=CARTESIAN_POINT('',(0.0207503276712895,0.0638001975368857,-0.0353));
#14202=CARTESIAN_POINT('',(0.0207503276712895,0.0638001975368858,-0.017));
#14203=CARTESIAN_POINT('',(-0.000749672328710529,0.0638001975368857,-0.0373));
#14204=CARTESIAN_POINT('',(0.0100003276712895,0.0688001975368857,-0.02715));
#14205=CARTESIAN_POINT('',(0.0212503276712895,0.0688001975368857,-0.0264));
#14206=CARTESIAN_POINT('',(0.0212503276712895,0.0688001975368857,-0.0358));
#14207=CARTESIAN_POINT('',(0.0100003276712894,0.0688001975368857,-0.0358));
#14208=CARTESIAN_POINT('',(-0.00124967232871055,0.0688001975368857,-0.0358));
#14209=CARTESIAN_POINT('',(-0.00124967232871055,0.0688001975368857,-0.0264));
#14210=CARTESIAN_POINT('',(-0.00124967232871055,0.100000197536886,-0.0264));
#14211=CARTESIAN_POINT('',(-0.00124967232871055,0.100000197536886,-0.0358));
#14212=CARTESIAN_POINT('',(0.0100003276712894,0.100000197536886,-0.0358));
#14213=CARTESIAN_POINT('',(0.0100003276712894,0.100000197536886,-0.0358));
#14214=CARTESIAN_POINT('',(0.00500032767128947,0.100000197536886,-0.0358));
#14215=CARTESIAN_POINT('',(0.0212503276712895,0.100000197536886,-0.0358));
#14216=CARTESIAN_POINT('',(0.0150003276712895,0.133000197536886,-0.0358));
#14217=CARTESIAN_POINT('',(0.0150003276712895,0.133000197536886,-0.0358));
#14218=CARTESIAN_POINT('',(0.0100003276712894,0.133000197536886,-0.0358));
#14219=CARTESIAN_POINT('',(0.00500032767128948,0.133000197536886,-0.0358));
#14220=CARTESIAN_POINT('',(0.00500032767128948,0.133000197536886,-0.0358));
#14221=CARTESIAN_POINT('',(0.0212503276712895,0.100000197536886,-0.0264));
#14222=CARTESIAN_POINT('',(0.0100003276712895,0.100000197536886,-0.02715));
#14223=CARTESIAN_POINT('',(0.00500032767128947,0.100000197536886,-0.03655));
#14224=CARTESIAN_POINT('',(0.00500032767128948,0.133000197536886,-0.03655));
#14225=CARTESIAN_POINT('',(0.00500032767128948,0.138000197536886,-0.0323));
#14226=CARTESIAN_POINT('',(0.00500032767128948,0.135000197536886,-0.0323));
#14227=CARTESIAN_POINT('',(0.00500032767128948,0.133000197536886,-0.0323));
#14228=CARTESIAN_POINT('',(0.00500032767128948,0.138000197536886,-0.0353));
#14229=CARTESIAN_POINT('',(0.00500032767128948,0.138000197536886,-0.0353));
#14230=CARTESIAN_POINT('',(0.00500032767128948,0.138000197536886,-0.03655));
#14231=CARTESIAN_POINT('',(0.00500032767128948,0.133000197536886,-0.03655));
#14232=CARTESIAN_POINT('',(0.0150003276712895,0.133000197536886,-0.03655));
#14233=CARTESIAN_POINT('',(0.0150003276712895,0.138000197536886,-0.03655));
#14234=CARTESIAN_POINT('',(0.0150003276712895,0.138000197536886,-0.0353));
#14235=CARTESIAN_POINT('',(0.0150003276712895,0.136125197536886,-0.033425));
#14236=CARTESIAN_POINT('',(0.0150003276712895,0.135000197536886,-0.0323));
#14237=CARTESIAN_POINT('',(0.0150003276712895,0.138000197536886,-0.0323));
#14238=CARTESIAN_POINT('',(0.0150003276712895,0.133000197536886,-0.0323));
#14239=CARTESIAN_POINT('',(0.0150003276712895,0.133000197536886,-0.03655));
#14240=CARTESIAN_POINT('',(0.0100003276712895,0.133000197536886,-0.0348));
#14241=CARTESIAN_POINT('',(0.0100003276712895,0.133000197536886,-0.0323));
#14242=CARTESIAN_POINT('',(0.0100003276712895,0.138000197536886,-0.0323));
#14243=CARTESIAN_POINT('',(0.00500032767128948,0.135000197536886,-0.0323));
#14244=CARTESIAN_POINT('',(0.0100003276712895,0.138000197536886,-0.0348));
#14245=CARTESIAN_POINT('',(0.0150003276712895,0.138000197536886,-0.0353));
#14246=CARTESIAN_POINT('',(0.0100003276712895,0.138000197536886,-0.0353));
#14247=CARTESIAN_POINT('',(-0.015,0.0472,-0.0145));
#14248=CARTESIAN_POINT('',(0.0225,0.0472,-0.0145));
#14249=CARTESIAN_POINT('',(0.0225,0.0472,-0.0345));
#14250=CARTESIAN_POINT('',(-0.0575,0.0472,-0.0345));
#14251=CARTESIAN_POINT('',(-0.0525,0.0472,-0.0345));
#14252=CARTESIAN_POINT('',(-0.0525,0.0472,-0.017));
#14253=CARTESIAN_POINT('',(-0.0575,0.0162,-0.0145));
#14254=CARTESIAN_POINT('',(-0.0575,0.0162,-0.0345));
#14255=CARTESIAN_POINT('',(-0.0575,0.0422,-0.0345));
#14256=CARTESIAN_POINT('',(-0.0575,-0.0098,-0.0345));
#14257=CARTESIAN_POINT('',(-0.0575,-0.0098,-0.0145));
#14258=CARTESIAN_POINT('',(-0.0575,0.0422,-0.0395));
#14259=CARTESIAN_POINT('',(-0.015,-0.0148,-0.0145));
#14260=CARTESIAN_POINT('',(-0.015,-0.0148,-0.0345));
#14261=CARTESIAN_POINT('',(-0.0525,-0.0148,-0.0345));
#14262=CARTESIAN_POINT('',(0.0225,-0.0148,-0.0345));
#14263=CARTESIAN_POINT('',(0.0225,-0.0148,-0.017));
#14264=CARTESIAN_POINT('',(-0.0525,-0.0148,-0.0145));
#14265=CARTESIAN_POINT('',(0.0275,0.0162,-0.0145));
#14266=CARTESIAN_POINT('',(0.0275,-0.0098,-0.0395));
#14267=CARTESIAN_POINT('',(0.0275,-0.0098,-0.0345));
#14268=CARTESIAN_POINT('',(0.0275,0.0472,-0.0345));
#14269=CARTESIAN_POINT('',(0.0275,0.0422,-0.0345));
#14270=CARTESIAN_POINT('',(0.0275,0.0422,-0.0145));
#14271=CARTESIAN_POINT('',(-0.015,0.0422,-0.0145));
#14272=CARTESIAN_POINT('',(-0.015,0.0422,-0.0395));
#14273=CARTESIAN_POINT('',(-0.0525,0.0422,-0.0395));
#14274=CARTESIAN_POINT('',(0.0225,0.0422,-0.0395));
#14275=CARTESIAN_POINT('',(0.0225,0.0422,-0.0145));
#14276=CARTESIAN_POINT('',(0.0225,0.0422,-0.0195));
#14277=CARTESIAN_POINT('',(-0.015,0.0422,-0.0195));
#14278=CARTESIAN_POINT('',(-0.0525,0.0422,-0.0195));
#14279=CARTESIAN_POINT('',(-0.0525,0.0422,-0.0145));
#14280=CARTESIAN_POINT('',(-0.0525,0.0162,-0.0145));
#14281=CARTESIAN_POINT('',(-0.0525,0.0162,-0.0395));
#14282=CARTESIAN_POINT('',(-0.0525,-0.0098,-0.0395));
#14283=CARTESIAN_POINT('',(-0.0525,0.0162,-0.0195));
#14284=CARTESIAN_POINT('',(-0.0525,-0.0098,-0.0195));
#14285=CARTESIAN_POINT('',(-0.0525,-0.0098,-0.0145));
#14286=CARTESIAN_POINT('',(-0.015,-0.0098,-0.0145));
#14287=CARTESIAN_POINT('',(-0.015,-0.0098,-0.0395));
#14288=CARTESIAN_POINT('',(0.0225,-0.0098,-0.0395));
#14289=CARTESIAN_POINT('',(-0.015,-0.0098,-0.0195));
#14290=CARTESIAN_POINT('',(0.0225,-0.0098,-0.0195));
#14291=CARTESIAN_POINT('',(0.0225,-0.0098,-0.0145));
#14292=CARTESIAN_POINT('',(0.0225,0.0162,-0.0145));
#14293=CARTESIAN_POINT('',(0.0225,0.0162,-0.0395));
#14294=CARTESIAN_POINT('',(0.0225,0.0162,-0.0195));
#14295=CARTESIAN_POINT('',(-0.015,0.0162,-0.0195));
#14296=CARTESIAN_POINT('',(-0.04,-0.02,-0.017));
#14297=CARTESIAN_POINT('',(-0.065,-0.02,-0.017));
#14298=CARTESIAN_POINT('',(-0.065,-0.02,-0.012));
#14299=CARTESIAN_POINT('',(-0.065,-0.02,0.0065));
#14300=CARTESIAN_POINT('',(-0.04,-0.02,-0.012));
#14301=CARTESIAN_POINT('',(-0.06,-0.02,-0.012));
#14302=CARTESIAN_POINT('',(-0.06,-0.02,-0.017));
#14303=CARTESIAN_POINT('',(-0.06,-0.02,0.0065));
#14304=CARTESIAN_POINT('',(-0.065,-0.02,0.0065));
#14305=CARTESIAN_POINT('',(-0.065,0.06,0.0085));
#14306=CARTESIAN_POINT('',(0.035,0.06,0.0065));
#14307=CARTESIAN_POINT('',(0.035,0.06,0.0065));
#14308=CARTESIAN_POINT('',(0.03,0.06,0.0065));
#14309=CARTESIAN_POINT('',(0.035,0.06,0.0085));
#14310=CARTESIAN_POINT('',(0.035,0.06,0.0085));
#14311=CARTESIAN_POINT('',(0.035,0.06,0.0085));
#14312=CARTESIAN_POINT('',(0.03,0.06,0.0085));
#14313=CARTESIAN_POINT('',(0.03,0.06,0.0085));
#14314=CARTESIAN_POINT('',(-0.06,0.08,0.0085));
#14315=CARTESIAN_POINT('',(-0.06,0.06,0.0085));
#14316=CARTESIAN_POINT('',(-0.06,0.06,0.0085));
#14317=CARTESIAN_POINT('',(-0.06,0.06,0.0065));
#14318=CARTESIAN_POINT('',(-0.06,0.04,0.0065));
#14319=CARTESIAN_POINT('',(-0.06,0.08,-0.012));
#14320=CARTESIAN_POINT('',(-0.06,0.1,-0.012));
#14321=CARTESIAN_POINT('',(-0.06,0.1,0.0085));
#14322=CARTESIAN_POINT('',(-0.06,0.1,0.0085));
#14323=CARTESIAN_POINT('',(-0.06,0.08,0.0085));
#14324=CARTESIAN_POINT('',(-0.065,0.1,0.0085));
#14325=CARTESIAN_POINT('',(0.035,0.1,0.0085));
#14326=CARTESIAN_POINT('',(0.035,0.1,0.0085));
#14327=CARTESIAN_POINT('',(0.035,0.1,-0.012));
#14328=CARTESIAN_POINT('',(-0.00475,0.1,-0.05175));
#14329=CARTESIAN_POINT('',(-0.07525,0.1,-0.00175));
#14330=CARTESIAN_POINT('',(-0.065,0.1,-0.012));
#14331=CARTESIAN_POINT('',(-0.065,0.1,0.0085));
#14332=CARTESIAN_POINT('',(-0.065,0.1,0.0085));
#14333=CARTESIAN_POINT('',(-0.065,0.1,0.0085));
#14334=CARTESIAN_POINT('',(-0.04,0.1,-0.012));
#14335=CARTESIAN_POINT('',(0.03,0.1,-0.012));
#14336=CARTESIAN_POINT('',(0.03,0.1,0.0085));
#14337=CARTESIAN_POINT('',(0.03,0.1,0.0085));
#14338=CARTESIAN_POINT('',(0.035,0.1,0.0085));
#14339=CARTESIAN_POINT('',(-0.065,0.08,0.0085));
#14340=CARTESIAN_POINT('',(-0.065,-0.02,-0.012));
#14341=CARTESIAN_POINT('',(-0.065,0.04,0.0065));
#14342=CARTESIAN_POINT('',(-0.065,0.06,0.0065));
#14343=CARTESIAN_POINT('',(-0.065,0.06,0.0085));
#14344=CARTESIAN_POINT('',(-0.065,0.06,0.0085));
#14345=CARTESIAN_POINT('',(-0.065,0.08,0.0085));
#14346=CARTESIAN_POINT('',(-0.065,0.06,0.0085));
#14347=CARTESIAN_POINT('',(-0.065,0.06,0.0065));
#14348=CARTESIAN_POINT('',(-0.065,0.06,0.0085));
#14349=CARTESIAN_POINT('',(-0.065,0.08,0.0085));
#14350=CARTESIAN_POINT('',(0.03,0.08,0.0085));
#14351=CARTESIAN_POINT('',(0.03,0.08,-0.012));
#14352=CARTESIAN_POINT('',(0.03,-0.02,-0.012));
#14353=CARTESIAN_POINT('',(0.03,-0.02,-0.017));
#14354=CARTESIAN_POINT('',(0.03,-0.02,0.0065));
#14355=CARTESIAN_POINT('',(0.03,0.04,0.0065));
#14356=CARTESIAN_POINT('',(0.03,0.08,0.0085));
#14357=CARTESIAN_POINT('',(0.035,0.08,0.0085));
#14358=CARTESIAN_POINT('',(0.035,-0.02,-0.017));
#14359=CARTESIAN_POINT('',(0.035,-0.02,-0.012));
#14360=CARTESIAN_POINT('',(0.035,-0.02,0.0065));
#14361=CARTESIAN_POINT('',(0.035,0.08,-0.012));
#14362=CARTESIAN_POINT('',(0.035,0.08,0.0085));
#14363=CARTESIAN_POINT('',(0.035,0.04,0.0065));
#14364=CARTESIAN_POINT('',(0.035,0.08,0.0085));
#14365=CARTESIAN_POINT('',(-0.04,0.08,-0.012));
#14366=CARTESIAN_POINT('',(-0.04,0.08,-0.012));
#14367=CARTESIAN_POINT('',(-0.044,0.08,-0.012));
#14368=CARTESIAN_POINT('',(-0.04,-0.02,-0.012));
#14369=CARTESIAN_POINT('',(0.01,0.08,-0.012));
#14370=CARTESIAN_POINT('',(0.006,0.08,-0.012));
#14371=CARTESIAN_POINT('',(-0.04,0.04,-0.012));
#14372=CARTESIAN_POINT('',(-0.036,0.04,-0.012));
#14373=CARTESIAN_POINT('',(0.01,0.04,-0.012));
#14374=CARTESIAN_POINT('',(0.006,0.04,-0.012));
#14375=CARTESIAN_POINT('',(-0.04,-7.56132628206616E-18,-0.012));
#14376=CARTESIAN_POINT('',(-0.036,-7.56132628206616E-18,-0.012));
#14377=CARTESIAN_POINT('',(0.01,1.11229109781787E-18,-0.012));
#14378=CARTESIAN_POINT('',(0.006,-2.75487682963572E-19,-0.012));
#14379=CARTESIAN_POINT('',(-0.04,0.08,-0.026));
#14380=CARTESIAN_POINT('',(0.01,0.08,-0.026));
#14381=CARTESIAN_POINT('',(-0.04,0.04,0.025));
#14382=CARTESIAN_POINT('',(-0.04,0.04,0.032));
#14383=CARTESIAN_POINT('',(-0.036,0.04,0.032));
#14384=CARTESIAN_POINT('',(-0.065,0.04,0.0065));
#14385=CARTESIAN_POINT('',(0.01,0.04,0.025));
#14386=CARTESIAN_POINT('',(0.01,0.04,0.032));
#14387=CARTESIAN_POINT('',(0.014,0.04,0.032));
#14388=CARTESIAN_POINT('',(0.035,0.04,0.0065));
#14389=CARTESIAN_POINT('',(0.035,-0.02,0.0065));
#14390=CARTESIAN_POINT('',(-0.015,0.04,0.032));
#14391=CARTESIAN_POINT('',(-0.015,0.04,0.032));
#14392=CARTESIAN_POINT('',(-0.04,-7.56132628206616E-18,0.025));
#14393=CARTESIAN_POINT('',(-0.04,-7.56132628206616E-18,0.032));
#14394=CARTESIAN_POINT('',(-0.036,-7.56132628206616E-18,0.032));
#14395=CARTESIAN_POINT('',(-0.04,-0.02,-0.017));
#14396=CARTESIAN_POINT('',(-0.04,-0.02,-0.012));
#14397=CARTESIAN_POINT('',(0.01,1.11229109781787E-18,0.025));
#14398=CARTESIAN_POINT('',(0.01,1.35722045764734E-18,0.032));
#14399=CARTESIAN_POINT('',(0.014,1.35722045764734E-18,0.032));
#14400=CARTESIAN_POINT('',(-0.015,-3.46944695195361E-18,0.032));
#14401=CARTESIAN_POINT('',(-0.015,-3.46944695195361E-18,0.032));
#14402=CARTESIAN_POINT('',(-0.06,0.08,-0.017));
#14403=CARTESIAN_POINT('',(-0.0283333333333333,0.0166666666666666,-0.0486666666666667));
#14404=CARTESIAN_POINT('',(-0.04,-0.02,-0.012));
#14405=CARTESIAN_POINT('',(0.01,0.005,-0.037));
#14406=CARTESIAN_POINT('',(0.035,0.08,-0.012));
#14407=CARTESIAN_POINT('',(-0.0575,0.0422,-0.0145));
#14408=CARTESIAN_POINT('',(-0.0575,0.0422,-0.0345));
#14409=CARTESIAN_POINT('',(-0.0575,0.0422,-0.0345));
#14410=CARTESIAN_POINT('',(-0.0575,0.0422,-0.0345));
#14411=CARTESIAN_POINT('',(-0.0525,0.0447,-0.037));
#14412=CARTESIAN_POINT('',(0.0225,0.0472,-0.0145));
#14413=CARTESIAN_POINT('',(0.0225,0.0472,-0.0345));
#14414=CARTESIAN_POINT('',(-0.015,0.0422,-0.0395));
#14415=CARTESIAN_POINT('',(0.0225,0.0472,-0.0345));
#14416=CARTESIAN_POINT('',(-0.0575,0.0162,-0.0345));
#14417=CARTESIAN_POINT('',(-0.055,-0.0098,-0.037));
#14418=CARTESIAN_POINT('',(-0.0525,-0.0148,-0.0145));
#14419=CARTESIAN_POINT('',(-0.0525,-0.0148,-0.0345));
#14420=CARTESIAN_POINT('',(0.0225,0.0472,-0.0345));
#14421=CARTESIAN_POINT('',(0.025,0.0422,-0.037));
#14422=CARTESIAN_POINT('',(-0.0525,-0.0148,-0.0345));
#14423=CARTESIAN_POINT('',(-0.0525,-0.0148,-0.0345));
#14424=CARTESIAN_POINT('',(0.0225,0.0162,-0.0395));
#14425=CARTESIAN_POINT('',(0.0275,-0.0098,-0.0345));
#14426=CARTESIAN_POINT('',(-0.015,-0.0148,-0.0345));
#14427=CARTESIAN_POINT('',(0.0225,-0.0123,-0.037));
#14428=CARTESIAN_POINT('',(0.0275,-0.0098,-0.0345));
#14429=CARTESIAN_POINT('',(0.0275,-0.0098,-0.0345));
#14430=CARTESIAN_POINT('',(0.0275,-0.0098,-0.0145));
#14431=CARTESIAN_POINT('',(-0.0517496723287105,0.0638001975368857,-0.0373));
#14432=CARTESIAN_POINT('',(-0.0537496723287105,0.0658001975368857,-0.0353));
#14433=CARTESIAN_POINT('',(-0.0537496723287105,0.0658001975368857,-0.02715));
#14434=CARTESIAN_POINT('',(-0.0537496723287105,0.0658001975368857,-0.0353));
#14435=CARTESIAN_POINT('',(-0.0537496723287105,0.0658001975368857,-0.0353));
#14436=CARTESIAN_POINT('',(-0.0517496723287105,0.0648001975368857,-0.0363));
#14437=CARTESIAN_POINT('',(-0.0409996723287105,0.0658001975368857,-0.0373));
#14438=CARTESIAN_POINT('',(-0.0302496723287106,0.0658001975368857,-0.0373));
#14439=CARTESIAN_POINT('',(-0.0282496723287106,0.0658001975368857,-0.02715));
#14440=CARTESIAN_POINT('',(-0.0292496723287105,0.0648001975368858,-0.0353));
#14441=CARTESIAN_POINT('',(-0.0302496723287106,0.0658001975368857,-0.0373));
#14442=CARTESIAN_POINT('',(-0.0302496723287106,0.0658001975368857,-0.0373));
#14443=CARTESIAN_POINT('',(-0.0282496723287106,0.0638001975368857,-0.0353));
#14444=CARTESIAN_POINT('',(0.0207503276712895,0.0638001975368857,-0.02715));
#14445=CARTESIAN_POINT('',(0.0217503276712895,0.0648001975368858,-0.0353));
#14446=CARTESIAN_POINT('',(0.0227503276712895,0.0638001975368857,-0.0353));
#14447=CARTESIAN_POINT('',(0.0207503276712895,0.0658001975368857,-0.0373));
#14448=CARTESIAN_POINT('',(0.0207503276712895,0.0658001975368857,-0.0373));
#14449=CARTESIAN_POINT('',(0.0207503276712895,0.0658001975368857,-0.0373));
#14450=CARTESIAN_POINT('',(-0.000749672328710527,0.0638001975368857,-0.02715));
#14451=CARTESIAN_POINT('',(-0.00274967232871053,0.0658001975368857,-0.0353));
#14452=CARTESIAN_POINT('',(0.0100003276712895,0.0638001975368857,-0.0353));
#14453=CARTESIAN_POINT('',(-0.000749672328710525,0.0648001975368857,-0.0363));
#14454=CARTESIAN_POINT('',(-0.00274967232871053,0.0658001975368857,-0.0353));
#14455=CARTESIAN_POINT('',(-0.00274967232871053,0.0658001975368857,-0.0353));
#14456=CARTESIAN_POINT('',(-0.000749672328710527,0.0638001975368857,-0.0373));
#14457=CARTESIAN_POINT('',(-0.0694665490260601,0.0942070019328892,0.06926377389431));
#14458=CARTESIAN_POINT('',(0.0099999999999998,0.04,-0.001));
#14459=CARTESIAN_POINT('',(0.01,0.04,-1.99493199737333E-16));
#14460=CARTESIAN_POINT('',(-0.0009999999999998,0.04,-1.99493199737333E-16));
#14461=CARTESIAN_POINT('',(0.01,0.04,0.0130000000000002));
#14462=CARTESIAN_POINT('',(0.0209999999999998,0.04,0.0130000000000002));
#14463=CARTESIAN_POINT('',(0.01,0.04,-0.001));
#14464=CARTESIAN_POINT('',(0.01,0.04,0.004));
#14465=CARTESIAN_POINT('',(-0.005,0.04,0.004));
#14466=CARTESIAN_POINT('',(0.01,0.04,0.009));
#14467=CARTESIAN_POINT('',(-0.005,0.04,0.009));
#14468=CARTESIAN_POINT('',(0.01,0.04,0.004));
#14469=CARTESIAN_POINT('',(0.01,0.04,0.014));
#14470=CARTESIAN_POINT('',(-0.0694665490260601,0.0942070019328892,0.06926377389431));
#14471=CARTESIAN_POINT('',(0.09,-0.1714,-0.01495));
#14472=CARTESIAN_POINT('',(0.0914334717981812,-0.167665678294011,-0.03945));
#14473=CARTESIAN_POINT('',(0.0914334717981812,-0.167665678294011,-0.0397149607144022));
#14474=CARTESIAN_POINT('',(0.0916568336027028,-0.167749645094832,-0.03995));
#14475=CARTESIAN_POINT('',(0.0918903143964076,-0.167874845892343,-0.03995));
#14476=CARTESIAN_POINT('',(0.0914334717981812,-0.167665678294011,-0.03945));
#14477=CARTESIAN_POINT('',(0.0918903143964076,-0.167874845892343,-0.03995));
#14478=CARTESIAN_POINT('',(0.09,-0.1714,-0.03995));
#14479=CARTESIAN_POINT('',(0.0881116931419221,-0.167873770113885,-0.03995));
#14480=CARTESIAN_POINT('',(0.0881116931419221,-0.167873770113884,-0.03995));
#14481=CARTESIAN_POINT('',(0.0883446527518154,-0.167749019532321,-0.03995));
#14482=CARTESIAN_POINT('',(0.0885665282018188,-0.167665678294011,-0.0397142601455253));
#14483=CARTESIAN_POINT('',(0.0885665282018188,-0.167665678294011,-0.03945));
#14484=CARTESIAN_POINT('',(0.0885665282018188,-0.167665678294011,-0.03945));
#14485=CARTESIAN_POINT('',(0.0885665282018188,-0.167665678294011,-0.02695));
#14486=CARTESIAN_POINT('',(0.0885665282018188,-0.167665678294011,-0.02745));
#14487=CARTESIAN_POINT('',(0.0885665282018188,-0.167665678294011,-0.02745));
#14488=CARTESIAN_POINT('',(0.0885665282018188,-0.167665678294011,-0.0271857293871787));
#14489=CARTESIAN_POINT('',(0.088344668189088,-0.167749011265615,-0.0269500000000001));
#14490=CARTESIAN_POINT('',(0.0881116931419221,-0.167873770113884,-0.02695));
#14491=CARTESIAN_POINT('',(0.0881116931419221,-0.167873770113885,-0.02695));
#14492=CARTESIAN_POINT('',(0.09,-0.1714,-0.02695));
#14493=CARTESIAN_POINT('',(0.0872315184881694,-0.168512871648393,-0.02695));
#14494=CARTESIAN_POINT('',(0.0872315184881694,-0.168512871648393,-0.02695));
#14495=CARTESIAN_POINT('',(0.087040302138312,-0.168696229942473,-0.0269499999999998));
#14496=CARTESIAN_POINT('',(0.0868914161541721,-0.1688827184358,-0.0271850297767353));
#14497=CARTESIAN_POINT('',(0.0868914161541721,-0.1688827184358,-0.02745));
#14498=CARTESIAN_POINT('',(0.0868914161541721,-0.1688827184358,-0.02745));
#14499=CARTESIAN_POINT('',(0.0868914161541721,-0.1688827184358,-0.02695));
#14500=CARTESIAN_POINT('',(0.0868914161541721,-0.1688827184358,-0.03945));
#14501=CARTESIAN_POINT('',(0.0868914161541721,-0.1688827184358,-0.03945));
#14502=CARTESIAN_POINT('',(0.0868914161541721,-0.1688827184358,-0.0397149607144021));
#14503=CARTESIAN_POINT('',(0.087040295920737,-0.168696235904536,-0.0399500000000002));
#14504=CARTESIAN_POINT('',(0.0872315184881694,-0.168512871648393,-0.03995));
#14505=CARTESIAN_POINT('',(0.0872315184881694,-0.168512871648393,-0.03995));
#14506=CARTESIAN_POINT('',(0.09,-0.1714,-0.03995));
#14507=CARTESIAN_POINT('',(0.0860628371791141,-0.172106221581257,-0.03995));
#14508=CARTESIAN_POINT('',(0.0860628371791141,-0.172106221581257,-0.03995));
#14509=CARTESIAN_POINT('',(0.0860161808040673,-0.171846113776473,-0.0399499999999999));
#14510=CARTESIAN_POINT('',(0.0860054818609817,-0.171609343824972,-0.0397142601455252));
#14511=CARTESIAN_POINT('',(0.0860054818609817,-0.171609343824972,-0.03945));
#14512=CARTESIAN_POINT('',(0.0860054818609817,-0.171609343824972,-0.03945));
#14513=CARTESIAN_POINT('',(0.0860054818609817,-0.171609343824972,-0.02695));
#14514=CARTESIAN_POINT('',(0.0860054818609817,-0.171609343824972,-0.02745));
#14515=CARTESIAN_POINT('',(0.0860054818609817,-0.171609343824972,-0.02745));
#14516=CARTESIAN_POINT('',(0.0860054818609817,-0.171609343824972,-0.027185729387179));
#14517=CARTESIAN_POINT('',(0.0860161777123417,-0.171846096540202,-0.02695));
#14518=CARTESIAN_POINT('',(0.0860628371791141,-0.172106221581257,-0.02695));
#14519=CARTESIAN_POINT('',(0.0860628371791141,-0.172106221581257,-0.02695));
#14520=CARTESIAN_POINT('',(0.09,-0.1714,-0.02695));
#14521=CARTESIAN_POINT('',(0.0863986699320553,-0.173140810656481,-0.02695));
#14522=CARTESIAN_POINT('',(0.0863986699320553,-0.173140810656481,-0.02695));
#14523=CARTESIAN_POINT('',(0.0865139649307483,-0.173379329040965,-0.0269500000000001));
#14524=CARTESIAN_POINT('',(0.0866453177282183,-0.17357855614006,-0.0271850297767353));
#14525=CARTESIAN_POINT('',(0.0866453177282183,-0.17357855614006,-0.02745));
#14526=CARTESIAN_POINT('',(0.0866453177282183,-0.17357855614006,-0.02745));
#14527=CARTESIAN_POINT('',(0.0866453177282183,-0.17357855614006,-0.02695));
#14528=CARTESIAN_POINT('',(0.0866453177282183,-0.17357855614006,-0.03945));
#14529=CARTESIAN_POINT('',(0.0866453177282183,-0.17357855614006,-0.03945));
#14530=CARTESIAN_POINT('',(0.0866453177282183,-0.17357855614006,-0.0397149607144021));
#14531=CARTESIAN_POINT('',(0.0865139686796709,-0.173379336796609,-0.0399499999999999));
#14532=CARTESIAN_POINT('',(0.0863986699320553,-0.173140810656481,-0.03995));
#14533=CARTESIAN_POINT('',(0.0863986699320554,-0.173140810656481,-0.03995));
#14534=CARTESIAN_POINT('',(0.09,-0.1714,-0.03995));
#14535=CARTESIAN_POINT('',(0.089455006415528,-0.175362698826921,-0.03995));
#14536=CARTESIAN_POINT('',(0.089455006415528,-0.175362698826921,-0.03995));
#14537=CARTESIAN_POINT('',(0.0891932115800638,-0.175326693944389,-0.0399500000000001));
#14538=CARTESIAN_POINT('',(0.0889647238195899,-0.175263703305156,-0.0397142601455254));
#14539=CARTESIAN_POINT('',(0.0889647238195899,-0.175263703305156,-0.03945));
#14540=CARTESIAN_POINT('',(0.0889647238195899,-0.175263703305156,-0.03945));
#14541=CARTESIAN_POINT('',(0.0889647238195899,-0.175263703305156,-0.02695));
#14542=CARTESIAN_POINT('',(0.0889647238195899,-0.175263703305156,-0.02745));
#14543=CARTESIAN_POINT('',(0.0889647238195899,-0.175263703305156,-0.02745));
#14544=CARTESIAN_POINT('',(0.0889647238195899,-0.175263703305156,-0.0271857293871788));
#14545=CARTESIAN_POINT('',(0.0891931942319998,-0.175326691558494,-0.02695));
#14546=CARTESIAN_POINT('',(0.089455006415528,-0.175362698826921,-0.02695));
#14547=CARTESIAN_POINT('',(0.089455006415528,-0.175362698826921,-0.02695));
#14548=CARTESIAN_POINT('',(0.09,-0.1714,-0.02695));
#14549=CARTESIAN_POINT('',(0.0905427371251339,-0.17536300850529,-0.02695));
#14550=CARTESIAN_POINT('',(0.0905427371251339,-0.17536300850529,-0.02695));
#14551=CARTESIAN_POINT('',(0.0908052097029164,-0.175327062679763,-0.02695));
#14552=CARTESIAN_POINT('',(0.0910352761804101,-0.175263703305157,-0.0271850297767354));
#14553=CARTESIAN_POINT('',(0.0910352761804101,-0.175263703305157,-0.02745));
#14554=CARTESIAN_POINT('',(0.0910352761804101,-0.175263703305156,-0.02745));
#14555=CARTESIAN_POINT('',(0.0910352761804101,-0.175263703305156,-0.02695));
#14556=CARTESIAN_POINT('',(0.0910352761804101,-0.175263703305156,-0.03945));
#14557=CARTESIAN_POINT('',(0.0910352761804101,-0.175263703305157,-0.03945));
#14558=CARTESIAN_POINT('',(0.0910352761804101,-0.175263703305157,-0.0397149607144021));
#14559=CARTESIAN_POINT('',(0.090805218237453,-0.175327061510952,-0.03995));
#14560=CARTESIAN_POINT('',(0.0905427371251339,-0.17536300850529,-0.03995));
#14561=CARTESIAN_POINT('',(0.0905427371251339,-0.17536300850529,-0.03995));
#14562=CARTESIAN_POINT('',(0.09,-0.1714,-0.03995));
#14563=CARTESIAN_POINT('',(0.0936003382620316,-0.173142860980959,-0.03995));
#14564=CARTESIAN_POINT('',(0.0936003382620316,-0.173142860980959,-0.03995));
#14565=CARTESIAN_POINT('',(0.0934851965306823,-0.173380716544577,-0.0399500000000001));
#14566=CARTESIAN_POINT('',(0.0933546822717817,-0.17357855614006,-0.0397142601455253));
#14567=CARTESIAN_POINT('',(0.0933546822717817,-0.17357855614006,-0.03945));
#14568=CARTESIAN_POINT('',(0.0933546822717817,-0.17357855614006,-0.03945));
#14569=CARTESIAN_POINT('',(0.0933546822717817,-0.17357855614006,-0.02695));
#14570=CARTESIAN_POINT('',(0.0933546822717817,-0.17357855614006,-0.02745));
#14571=CARTESIAN_POINT('',(0.0933546822717817,-0.17357855614006,-0.02745));
#14572=CARTESIAN_POINT('',(0.0933546822717817,-0.17357855614006,-0.0271857293871788));
#14573=CARTESIAN_POINT('',(0.0934851889007148,-0.173380732306284,-0.0269500000000001));
#14574=CARTESIAN_POINT('',(0.0936003382620316,-0.173142860980959,-0.02695));
#14575=CARTESIAN_POINT('',(0.0936003382620316,-0.173142860980959,-0.02695));
#14576=CARTESIAN_POINT('',(0.09,-0.1714,-0.02695));
#14577=CARTESIAN_POINT('',(0.0939367600582338,-0.172108463297493,-0.02695));
#14578=CARTESIAN_POINT('',(0.0939367600582338,-0.172108463297493,-0.02695));
#14579=CARTESIAN_POINT('',(0.0939836820337252,-0.17184772917108,-0.02695));
#14580=CARTESIAN_POINT('',(0.0939945181390183,-0.171609343824972,-0.0271850297767355));
#14581=CARTESIAN_POINT('',(0.0939945181390183,-0.171609343824972,-0.02745));
#14582=CARTESIAN_POINT('',(0.0939945181390183,-0.171609343824972,-0.02745));
#14583=CARTESIAN_POINT('',(0.0939945181390183,-0.171609343824972,-0.02695));
#14584=CARTESIAN_POINT('',(0.0939945181390183,-0.171609343824972,-0.03945));
#14585=CARTESIAN_POINT('',(0.0939945181390183,-0.171609343824972,-0.03945));
#14586=CARTESIAN_POINT('',(0.0939945181390183,-0.171609343824972,-0.0397149607144019));
#14587=CARTESIAN_POINT('',(0.0939836835594362,-0.17184772069307,-0.03995));
#14588=CARTESIAN_POINT('',(0.0939367600582338,-0.172108463297493,-0.03995));
#14589=CARTESIAN_POINT('',(0.0939367600582338,-0.172108463297493,-0.03995));
#14590=CARTESIAN_POINT('',(0.09,-0.1714,-0.03995));
#14591=CARTESIAN_POINT('',(0.0927701250014043,-0.168514448496977,-0.03995));
#14592=CARTESIAN_POINT('',(0.0927701250014043,-0.168514448496977,-0.03995));
#14593=CARTESIAN_POINT('',(0.0929607583333712,-0.168697456202239,-0.0399500000000001));
#14594=CARTESIAN_POINT('',(0.0931085838458279,-0.1688827184358,-0.0397142601455253));
#14595=CARTESIAN_POINT('',(0.0931085838458279,-0.1688827184358,-0.03945));
#14596=CARTESIAN_POINT('',(0.0931085838458279,-0.1688827184358,-0.03945));
#14597=CARTESIAN_POINT('',(0.0931085838458279,-0.1688827184358,-0.02695));
#14598=CARTESIAN_POINT('',(0.0931085838458279,-0.1688827184358,-0.02745));
#14599=CARTESIAN_POINT('',(0.0931085838458279,-0.1688827184358,-0.02745));
#14600=CARTESIAN_POINT('',(0.0931085838458279,-0.1688827184358,-0.0271857293871789));
#14601=CARTESIAN_POINT('',(0.0929607709658558,-0.168697468329405,-0.02695));
#14602=CARTESIAN_POINT('',(0.0927701250014043,-0.168514448496977,-0.02695));
#14603=CARTESIAN_POINT('',(0.0927701250014043,-0.168514448496977,-0.02695));
#14604=CARTESIAN_POINT('',(0.09,-0.1714,-0.02695));
#14605=CARTESIAN_POINT('',(0.0918903143964076,-0.167874845892343,-0.02695));
#14606=CARTESIAN_POINT('',(0.0918903143964076,-0.167874845892343,-0.02695));
#14607=CARTESIAN_POINT('',(0.0916568411942981,-0.167749649165719,-0.02695));
#14608=CARTESIAN_POINT('',(0.0914334717981812,-0.167665678294011,-0.0271850297767353));
#14609=CARTESIAN_POINT('',(0.0914334717981812,-0.167665678294011,-0.02745));
#14610=CARTESIAN_POINT('',(0.0914334717981812,-0.167665678294011,-0.02745));
#14611=CARTESIAN_POINT('',(0.0914334717981812,-0.167665678294011,-0.02695));
#14612=CARTESIAN_POINT('',(0.09,-0.1714,-0.00895));
#14613=CARTESIAN_POINT('',(0.094,-0.1714,-0.00895));
#14614=CARTESIAN_POINT('',(0.09,-0.1714,-0.03995));
#14615=CARTESIAN_POINT('',(0.0901831522810148,-0.171094461286629,-0.03995));
#14616=CARTESIAN_POINT('',(0.0996129538548664,-0.176747066315673,-0.03995));
#14617=CARTESIAN_POINT('',(0.0926113491957009,-0.182103953801821,-0.03995));
#14618=CARTESIAN_POINT('',(0.092606093522799,-0.182086827244342,-0.03995));
#14619=CARTESIAN_POINT('',(0.09,-0.1714,-0.03995));
#14620=CARTESIAN_POINT('',(0.0879018623241604,-0.182198046966615,-0.03995));
#14621=CARTESIAN_POINT('',(0.0879972322185167,-0.18170722664995,-0.03995));
#14622=CARTESIAN_POINT('',(0.0878852654038743,-0.1821945288482,-0.03995));
#14623=CARTESIAN_POINT('',(0.0903471817517238,-0.171479771515462,-0.03995));
#14624=CARTESIAN_POINT('',(0.0806268862663744,-0.17719124430066,-0.03995));
#14625=CARTESIAN_POINT('',(0.0806415504982227,-0.177180953461384,-0.03995));
#14626=CARTESIAN_POINT('',(0.09,-0.1714,-0.03995));
#14627=CARTESIAN_POINT('',(0.0790800302418885,-0.172724484987429,-0.03995));
#14628=CARTESIAN_POINT('',(0.0900314178418243,-0.171754840221261,-0.03995));
#14629=CARTESIAN_POINT('',(0.0815957479365001,-0.164275232013141,-0.03995));
#14630=CARTESIAN_POINT('',(0.0816100666031031,-0.164285998482174,-0.03995));
#14631=CARTESIAN_POINT('',(0.09,-0.1714,-0.03995));
#14632=CARTESIAN_POINT('',(0.0853658836886533,-0.161423779973712,-0.03995));
#14633=CARTESIAN_POINT('',(0.0896722355423767,-0.171539531801852,-0.03995));
#14634=CARTESIAN_POINT('',(0.0941790003083612,-0.161205406921503,-0.03995));
#14635=CARTESIAN_POINT('',(0.0941731854991472,-0.161222351804581,-0.03995));
#14636=CARTESIAN_POINT('',(0.09,-0.1714,-0.03995));
#14637=CARTESIAN_POINT('',(0.0980559283698792,-0.163909871957078,-0.03995));
#14638=CARTESIAN_POINT('',(0.0897660125830604,-0.171131395174796,-0.03995));
#14639=CARTESIAN_POINT('',(0.100987016293063,-0.172224162962874,-0.03995));
#14640=CARTESIAN_POINT('',(0.100969103876728,-0.172223869007519,-0.03995));
#14641=CARTESIAN_POINT('',(0.09,-0.1714,-0.03995));
#14642=CARTESIAN_POINT('',(0.0918,-0.1714,-0.00895));
#14643=CARTESIAN_POINT('',(0.0918,-0.1714,-0.01495));
#14644=CARTESIAN_POINT('',(0.0918,-0.169455134966122,-0.01495));
#14645=CARTESIAN_POINT('',(0.0918,-0.173344865033877,-0.01495));
#14646=CARTESIAN_POINT('',(0.0918,-0.173344865033877,-0.00895));
#14647=CARTESIAN_POINT('',(0.0918,-0.173344865033877,-0.00895));
#14648=CARTESIAN_POINT('',(0.0918,-0.1714,-0.00895));
#14649=CARTESIAN_POINT('',(0.0918,-0.169455134966122,-0.00895));
#14650=CARTESIAN_POINT('',(0.0918,-0.169455134966122,-0.00895));
#14651=CARTESIAN_POINT('',(0.09,-0.1714,-0.00895));
#14652=CARTESIAN_POINT('',(0.09,-0.1714,-0.01495));
#14653=CARTESIAN_POINT('',(0.0882,-0.173344865033877,-0.01495));
#14654=CARTESIAN_POINT('',(0.0882,-0.173344865033877,-0.00895));
#14655=CARTESIAN_POINT('',(0.0882,-0.173344865033877,-0.00895));
#14656=CARTESIAN_POINT('',(0.09,-0.1714,-0.00895));
#14657=CARTESIAN_POINT('',(0.0882,-0.1714,-0.00895));
#14658=CARTESIAN_POINT('',(0.0882,-0.1714,-0.01495));
#14659=CARTESIAN_POINT('',(0.0882,-0.169455134966122,-0.01495));
#14660=CARTESIAN_POINT('',(0.0882,-0.169455134966122,-0.00895));
#14661=CARTESIAN_POINT('',(0.0882,-0.169455134966122,-0.00895));
#14662=CARTESIAN_POINT('',(0.0882,-0.1714,-0.00895));
#14663=CARTESIAN_POINT('',(0.09,-0.1714,-0.00895));
#14664=CARTESIAN_POINT('',(0.09,-0.1714,-0.01495));
#14665=CARTESIAN_POINT('',(0.09,-0.1714,-0.00895));
#14666=CARTESIAN_POINT('',(0.09,-0.1714,-0.00895));
#14667=CARTESIAN_POINT('',(0.09,-0.1714,-0.01495));
#14668=CARTESIAN_POINT('',(0.0871952841031383,-0.16444458408963,-0.02695));
#14669=CARTESIAN_POINT('',(0.0871952841031383,-0.16444458408963,-0.03945));
#14670=CARTESIAN_POINT('',(0.0858240400044577,-0.161223489885249,-0.03945));
#14671=CARTESIAN_POINT('',(0.0858240400044577,-0.161223489885249,-0.02695));
#14672=CARTESIAN_POINT('',(0.0858240400044578,-0.161223489885249,-0.02745));
#14673=CARTESIAN_POINT('',(0.0885665282018188,-0.167665678294011,-0.02745));
#14674=CARTESIAN_POINT('',(0.0900864039893696,-0.171285088610465,-0.03995));
#14675=CARTESIAN_POINT('',(0.0900864039893696,-0.171285088610465,-0.02745));
#14676=CARTESIAN_POINT('',(0.0812952575012973,-0.164674863716528,-0.02745));
#14677=CARTESIAN_POINT('',(0.0812952575012973,-0.164674863716528,-0.02695));
#14678=CARTESIAN_POINT('',(0.0812952575012973,-0.164674863716528,-0.03945));
#14679=CARTESIAN_POINT('',(0.0868914161541721,-0.1688827184358,-0.03945));
#14680=CARTESIAN_POINT('',(0.09,-0.1714,-0.02695));
#14681=CARTESIAN_POINT('',(0.09,-0.1714,-0.02695));
#14682=CARTESIAN_POINT('',(0.0853658836886533,-0.161423779973712,-0.02695));
#14683=CARTESIAN_POINT('',(0.0816100666031031,-0.164285998482174,-0.02695));
#14684=CARTESIAN_POINT('',(0.0903868944245723,-0.170885456907079,-0.02695));
#14685=CARTESIAN_POINT('',(0.0853639918022845,-0.161419335874938,-0.02695));
#14686=CARTESIAN_POINT('',(0.0903868944245723,-0.170885456907079,-0.02745));
#14687=CARTESIAN_POINT('',(0.0812952575012973,-0.164674863716528,-0.02745));
#14688=CARTESIAN_POINT('',(0.0812952575012973,-0.164674863716528,-0.0271857800922256));
#14689=CARTESIAN_POINT('',(0.0814391908653349,-0.164487521641177,-0.02695));
#14690=CARTESIAN_POINT('',(0.0816100666031031,-0.164285998482174,-0.02695));
#14691=CARTESIAN_POINT('',(0.0903868944245723,-0.170885456907079,-0.03945));
#14692=CARTESIAN_POINT('',(0.0816100666031031,-0.164285998482174,-0.03995));
#14693=CARTESIAN_POINT('',(0.0814391916093174,-0.164487520763757,-0.03995));
#14694=CARTESIAN_POINT('',(0.0812952575012973,-0.164674863716528,-0.0397142211646424));
#14695=CARTESIAN_POINT('',(0.0812952575012973,-0.164674863716528,-0.03945));
#14696=CARTESIAN_POINT('',(0.0867352359009651,-0.164640430079319,-0.03945));
#14697=CARTESIAN_POINT('',(0.0858240400044577,-0.161223489885249,-0.03945));
#14698=CARTESIAN_POINT('',(0.0858240400044577,-0.161223489885249,-0.039714129880948));
#14699=CARTESIAN_POINT('',(0.0856054314902245,-0.161312506127337,-0.03995));
#14700=CARTESIAN_POINT('',(0.0853658836886533,-0.161423779973712,-0.03995));
#14701=CARTESIAN_POINT('',(0.0896722355423767,-0.171539531801852,-0.02745));
#14702=CARTESIAN_POINT('',(0.0853658836886533,-0.161423779973712,-0.02695));
#14703=CARTESIAN_POINT('',(0.0856054293357321,-0.161312507128134,-0.0269500000000001));
#14704=CARTESIAN_POINT('',(0.0858240400044577,-0.161223489885249,-0.0271858715520768));
#14705=CARTESIAN_POINT('',(0.0858240400044577,-0.161223489885249,-0.02745));
#14706=CARTESIAN_POINT('',(0.09,-0.1714,-0.04095));
#14707=CARTESIAN_POINT('',(0.09,-0.1714,-0.02695));
#14708=CARTESIAN_POINT('',(0.0790800302418883,-0.172724484987429,-0.02695));
#14709=CARTESIAN_POINT('',(0.0790800302418883,-0.172724484987429,-0.02695));
#14710=CARTESIAN_POINT('',(0.0790482271528903,-0.172462278338528,-0.02695));
#14711=CARTESIAN_POINT('',(0.07903112113577,-0.172226859396662,-0.0271858715520771));
#14712=CARTESIAN_POINT('',(0.07903112113577,-0.172226859396662,-0.02745));
#14713=CARTESIAN_POINT('',(0.07903112113577,-0.172226859396662,-0.02745));
#14714=CARTESIAN_POINT('',(0.07903112113577,-0.172226859396662,-0.02695));
#14715=CARTESIAN_POINT('',(0.07903112113577,-0.172226859396662,-0.03945));
#14716=CARTESIAN_POINT('',(0.07903112113577,-0.172226859396662,-0.03945));
#14717=CARTESIAN_POINT('',(0.07903112113577,-0.172226859396662,-0.0397141298809478));
#14718=CARTESIAN_POINT('',(0.0790482268668508,-0.172462275980221,-0.0399499999999999));
#14719=CARTESIAN_POINT('',(0.0790800302418883,-0.172724484987429,-0.03995));
#14720=CARTESIAN_POINT('',(0.09,-0.1714,-0.03995));
#14721=CARTESIAN_POINT('',(0.09,-0.1714,-0.04095));
#14722=CARTESIAN_POINT('',(0.09,-0.1714,-0.03995));
#14723=CARTESIAN_POINT('',(0.0941731854991472,-0.161222351804581,-0.03995));
#14724=CARTESIAN_POINT('',(0.0939287231430755,-0.161122113838024,-0.03995));
#14725=CARTESIAN_POINT('',(0.0937060713216125,-0.161043116522857,-0.0397142211646425));
#14726=CARTESIAN_POINT('',(0.0937060713216125,-0.161043116522857,-0.03945));
#14727=CARTESIAN_POINT('',(0.0937060713216125,-0.161043116522857,-0.03945));
#14728=CARTESIAN_POINT('',(0.0937060713216125,-0.161043116522857,-0.02695));
#14729=CARTESIAN_POINT('',(0.0937060713216125,-0.161043116522857,-0.02745));
#14730=CARTESIAN_POINT('',(0.0937060713216125,-0.161043116522857,-0.02745));
#14731=CARTESIAN_POINT('',(0.0937060713216125,-0.161043116522857,-0.0271857800922255));
#14732=CARTESIAN_POINT('',(0.0939287220786967,-0.161122113401592,-0.02695));
#14733=CARTESIAN_POINT('',(0.0941731854991472,-0.161222351804581,-0.02695));
#14734=CARTESIAN_POINT('',(0.0941731854991472,-0.161222351804581,-0.02695));
#14735=CARTESIAN_POINT('',(0.09,-0.1714,-0.02695));
#14736=CARTESIAN_POINT('',(0.0957482887485764,-0.166583214950683,-0.02695));
#14737=CARTESIAN_POINT('',(0.0957482887485764,-0.166583214950683,-0.03945));
#14738=CARTESIAN_POINT('',(0.098387993651325,-0.164283711465565,-0.03945));
#14739=CARTESIAN_POINT('',(0.098387993651325,-0.164283711465565,-0.02695));
#14740=CARTESIAN_POINT('',(0.098387993651325,-0.164283711465565,-0.02745));
#14741=CARTESIAN_POINT('',(0.0931085838458279,-0.1688827184358,-0.02745));
#14742=CARTESIAN_POINT('',(0.0901359875269108,-0.171446665504911,-0.03995));
#14743=CARTESIAN_POINT('',(0.0901359875269108,-0.171446665504911,-0.02745));
#14744=CARTESIAN_POINT('',(0.0914334717981812,-0.167665678294011,-0.03945));
#14745=CARTESIAN_POINT('',(0.09,-0.1714,-0.02695));
#14746=CARTESIAN_POINT('',(0.09,-0.1714,-0.02695));
#14747=CARTESIAN_POINT('',(0.0980559283698792,-0.163909871957078,-0.02695));
#14748=CARTESIAN_POINT('',(0.0906089165136595,-0.171608955903557,-0.02695));
#14749=CARTESIAN_POINT('',(0.0980595703339379,-0.163906699364173,-0.02695));
#14750=CARTESIAN_POINT('',(0.0906089165136595,-0.171608955903557,-0.02745));
#14751=CARTESIAN_POINT('',(0.0906089165136595,-0.171608955903557,-0.03945));
#14752=CARTESIAN_POINT('',(0.0954198654311893,-0.16620620284929,-0.03945));
#14753=CARTESIAN_POINT('',(0.098387993651325,-0.164283711465565,-0.03945));
#14754=CARTESIAN_POINT('',(0.098387993651325,-0.164283711465565,-0.039714129880948));
#14755=CARTESIAN_POINT('',(0.098235780428218,-0.164103309945167,-0.03995));
#14756=CARTESIAN_POINT('',(0.0980559283698792,-0.163909871957078,-0.03995));
#14757=CARTESIAN_POINT('',(0.0897660125830604,-0.171131395174796,-0.02745));
#14758=CARTESIAN_POINT('',(0.0980559283698792,-0.163909871957078,-0.02695));
#14759=CARTESIAN_POINT('',(0.098235778810629,-0.164103308205386,-0.0269500000000001));
#14760=CARTESIAN_POINT('',(0.098387993651325,-0.164283711465565,-0.0271858715520769));
#14761=CARTESIAN_POINT('',(0.098387993651325,-0.164283711465565,-0.02745));
#14762=CARTESIAN_POINT('',(0.09,-0.1714,-0.04095));
#14763=CARTESIAN_POINT('',(0.09,-0.1714,-0.03995));
#14764=CARTESIAN_POINT('',(0.100969103876728,-0.172223869007519,-0.03995));
#14765=CARTESIAN_POINT('',(0.100988892825492,-0.17196039625564,-0.0399500000000001));
#14766=CARTESIAN_POINT('',(0.10099522054019,-0.171724230277076,-0.0397142211646424));
#14767=CARTESIAN_POINT('',(0.10099522054019,-0.171724230277076,-0.03945));
#14768=CARTESIAN_POINT('',(0.10099522054019,-0.171724230277076,-0.03945));
#14769=CARTESIAN_POINT('',(0.10099522054019,-0.171724230277076,-0.02695));
#14770=CARTESIAN_POINT('',(0.10099522054019,-0.171724230277076,-0.02745));
#14771=CARTESIAN_POINT('',(0.10099522054019,-0.171724230277076,-0.02745));
#14772=CARTESIAN_POINT('',(0.10099522054019,-0.171724230277076,-0.0271857800922256));
#14773=CARTESIAN_POINT('',(0.100988892911652,-0.17196039510849,-0.0269499999999999));
#14774=CARTESIAN_POINT('',(0.100969103876728,-0.172223869007519,-0.02695));
#14775=CARTESIAN_POINT('',(0.100969103876728,-0.172223869007519,-0.02695));
#14776=CARTESIAN_POINT('',(0.09,-0.1714,-0.02695));
#14777=CARTESIAN_POINT('',(0.0825183014983758,-0.171918101610817,-0.02695));
#14778=CARTESIAN_POINT('',(0.0860054818609817,-0.171609343824972,-0.02745));
#14779=CARTESIAN_POINT('',(0.0825183014983758,-0.171918101610817,-0.03945));
#14780=CARTESIAN_POINT('',(0.0899174130752831,-0.171282315350662,-0.03995));
#14781=CARTESIAN_POINT('',(0.0899174130752831,-0.171282315350662,-0.02745));
#14782=CARTESIAN_POINT('',(0.0809141019508735,-0.177600520674982,-0.02745));
#14783=CARTESIAN_POINT('',(0.0809141019508735,-0.177600520674982,-0.02695));
#14784=CARTESIAN_POINT('',(0.0809141019508735,-0.177600520674982,-0.03945));
#14785=CARTESIAN_POINT('',(0.0866453177282183,-0.17357855614006,-0.03945));
#14786=CARTESIAN_POINT('',(0.09,-0.1714,-0.02695));
#14787=CARTESIAN_POINT('',(0.0790752190277508,-0.172724910976243,-0.02695));
#14788=CARTESIAN_POINT('',(0.09,-0.1714,-0.02695));
#14789=CARTESIAN_POINT('',(0.0806415504982227,-0.177180953461384,-0.02695));
#14790=CARTESIAN_POINT('',(0.089630197390784,-0.170873038976341,-0.02695));
#14791=CARTESIAN_POINT('',(0.0900314178418243,-0.171754840221261,-0.02745));
#14792=CARTESIAN_POINT('',(0.089630197390784,-0.170873038976341,-0.02745));
#14793=CARTESIAN_POINT('',(0.0809141019508735,-0.177600520674982,-0.02745));
#14794=CARTESIAN_POINT('',(0.0809141019508735,-0.177600520674982,-0.0271857800922254));
#14795=CARTESIAN_POINT('',(0.0807804069048797,-0.177405740026157,-0.02695));
#14796=CARTESIAN_POINT('',(0.0806415504982227,-0.177180953461384,-0.02695));
#14797=CARTESIAN_POINT('',(0.089630197390784,-0.170873038976341,-0.03945));
#14798=CARTESIAN_POINT('',(0.0806415504982227,-0.177180953461384,-0.03995));
#14799=CARTESIAN_POINT('',(0.0807804063003074,-0.17740573904745,-0.03995));
#14800=CARTESIAN_POINT('',(0.0809141019508735,-0.177600520674982,-0.0397142211646426));
#14801=CARTESIAN_POINT('',(0.0809141019508735,-0.177600520674982,-0.03945));
#14802=CARTESIAN_POINT('',(0.0825623993903567,-0.172416153190397,-0.03945));
#14803=CARTESIAN_POINT('',(0.09,-0.1714,-0.04095));
#14804=CARTESIAN_POINT('',(0.09,-0.1714,-0.02695));
#14805=CARTESIAN_POINT('',(0.0879018623241604,-0.182198046966615,-0.02695));
#14806=CARTESIAN_POINT('',(0.0879018623241604,-0.182198046966615,-0.02695));
#14807=CARTESIAN_POINT('',(0.09,-0.1714,-0.03995));
#14808=CARTESIAN_POINT('',(0.0881807719292789,-0.178675620315481,-0.02695));
#14809=CARTESIAN_POINT('',(0.0881807719292789,-0.178675620315481,-0.03945));
#14810=CARTESIAN_POINT('',(0.0875099300202672,-0.181595259835308,-0.03945));
#14811=CARTESIAN_POINT('',(0.0875099300202672,-0.181595259835308,-0.02695));
#14812=CARTESIAN_POINT('',(0.0875099300202672,-0.181595259835308,-0.02745));
#14813=CARTESIAN_POINT('',(0.0889647238195899,-0.175263703305156,-0.02745));
#14814=CARTESIAN_POINT('',(0.0898625544841291,-0.17144217827629,-0.03995));
#14815=CARTESIAN_POINT('',(0.0930893486860262,-0.181957268808558,-0.02695));
#14816=CARTESIAN_POINT('',(0.0930893486860262,-0.181957268808558,-0.02745));
#14817=CARTESIAN_POINT('',(0.0930893486860262,-0.181957268808558,-0.03945));
#14818=CARTESIAN_POINT('',(0.0910352761804101,-0.175263703305156,-0.03945));
#14819=CARTESIAN_POINT('',(0.0898625544841291,-0.17144217827629,-0.02745));
#14820=CARTESIAN_POINT('',(0.09,-0.1714,-0.02695));
#14821=CARTESIAN_POINT('',(0.09,-0.1714,-0.02695));
#14822=CARTESIAN_POINT('',(0.0926060935227989,-0.182086827244342,-0.02695));
#14823=CARTESIAN_POINT('',(0.0893845549938038,-0.171588863269554,-0.02695));
#14824=CARTESIAN_POINT('',(0.0878841222372173,-0.182199504140447,-0.02695));
#14825=CARTESIAN_POINT('',(0.0878852654038743,-0.1821945288482,-0.02695));
#14826=CARTESIAN_POINT('',(0.0879972322185167,-0.18170722664995,-0.02695));
#14827=CARTESIAN_POINT('',(0.0903471817517238,-0.171479771515462,-0.02745));
#14828=CARTESIAN_POINT('',(0.0879972322185167,-0.18170722664995,-0.02745));
#14829=CARTESIAN_POINT('',(0.0886680741275284,-0.178787587130123,-0.03945));
#14830=CARTESIAN_POINT('',(0.0879972322185167,-0.18170722664995,-0.03945));
#14831=CARTESIAN_POINT('',(0.0879972322185167,-0.18170722664995,-0.02695));
#14832=CARTESIAN_POINT('',(0.0893845549938038,-0.171588863269554,-0.03945));
#14833=CARTESIAN_POINT('',(0.092606093522799,-0.182086827244342,-0.03995));
#14834=CARTESIAN_POINT('',(0.0928627861218082,-0.182024230095129,-0.03995));
#14835=CARTESIAN_POINT('',(0.0930893486860262,-0.181957268808558,-0.0397142211646425));
#14836=CARTESIAN_POINT('',(0.0930893486860262,-0.181957268808558,-0.03945));
#14837=CARTESIAN_POINT('',(0.0893845549938038,-0.171588863269554,-0.02745));
#14838=CARTESIAN_POINT('',(0.0930893486860262,-0.181957268808558,-0.02745));
#14839=CARTESIAN_POINT('',(0.0930893486860262,-0.181957268808558,-0.0271857800922255));
#14840=CARTESIAN_POINT('',(0.092862787239437,-0.182024229822584,-0.02695));
#14841=CARTESIAN_POINT('',(0.092606093522799,-0.182086827244342,-0.02695));
#14842=CARTESIAN_POINT('',(0.09,-0.1714,-0.04095));
#14843=CARTESIAN_POINT('',(0.09,-0.1714,-0.03995));
#14844=CARTESIAN_POINT('',(0.09,-0.1714,-0.02695));
#14845=CARTESIAN_POINT('',(0.0996129538548665,-0.176747066315673,-0.02695));
#14846=CARTESIAN_POINT('',(0.0996129538548665,-0.176747066315673,-0.02695));
#14847=CARTESIAN_POINT('',(0.0994845618930628,-0.176977889337362,-0.0269500000000001));
#14848=CARTESIAN_POINT('',(0.0993600251694795,-0.177178401926719,-0.0271858715520768));
#14849=CARTESIAN_POINT('',(0.0993600251694795,-0.177178401926719,-0.02745));
#14850=CARTESIAN_POINT('',(0.0993600251694795,-0.177178401926719,-0.02745));
#14851=CARTESIAN_POINT('',(0.0993600251694795,-0.177178401926719,-0.02695));
#14852=CARTESIAN_POINT('',(0.0993600251694795,-0.177178401926719,-0.03945));
#14853=CARTESIAN_POINT('',(0.0993600251694795,-0.177178401926719,-0.03945));
#14854=CARTESIAN_POINT('',(0.0993600251694795,-0.177178401926719,-0.039714129880948));
#14855=CARTESIAN_POINT('',(0.0994845607382953,-0.176977891413402,-0.0399500000000001));
#14856=CARTESIAN_POINT('',(0.0996129538548665,-0.176747066315673,-0.03995));
#14857=CARTESIAN_POINT('',(0.0963573537206306,-0.17537847903339,-0.02695));
#14858=CARTESIAN_POINT('',(0.0933546822717817,-0.17357855614006,-0.02745));
#14859=CARTESIAN_POINT('',(0.0963573537206306,-0.17537847903339,-0.03945));
#14860=CARTESIAN_POINT('',(0.0899976409243074,-0.171543752257672,-0.03995));
#14861=CARTESIAN_POINT('',(0.0899976409243074,-0.171543752257672,-0.02745));
#14862=CARTESIAN_POINT('',(0.0939945181390183,-0.171609343824972,-0.03945));
#14863=CARTESIAN_POINT('',(0.09,-0.1714,-0.02695));
#14864=CARTESIAN_POINT('',(0.0996170965988094,-0.1767495496442,-0.02695));
#14865=CARTESIAN_POINT('',(0.09,-0.1714,-0.02695));
#14866=CARTESIAN_POINT('',(0.0899894366771803,-0.172043684943469,-0.02695));
#14867=CARTESIAN_POINT('',(0.0901831522810148,-0.171094461286629,-0.02745));
#14868=CARTESIAN_POINT('',(0.0899894366771803,-0.172043684943469,-0.02745));
#14869=CARTESIAN_POINT('',(0.0899894366771803,-0.172043684943469,-0.03945));
#14870=CARTESIAN_POINT('',(0.0966144251499605,-0.17494962675087,-0.03945));
#14871=CARTESIAN_POINT('',(0.09,-0.1714,-0.04095));
#14872=CARTESIAN_POINT('',(0.09,-0.1714,-0.03595));
#14873=CARTESIAN_POINT('',(0.105,-0.1714,-0.03595));
#14874=CARTESIAN_POINT('',(0.09,-0.1714,-0.03095));
#14875=CARTESIAN_POINT('',(0.105,-0.1714,-0.03095));
#14876=CARTESIAN_POINT('',(0.09,-0.1714,-0.03595));
#14877=CARTESIAN_POINT('',(0.09,-0.1714,-0.02595));
#14878=CARTESIAN_POINT('',(-0.0204216575152684,0.265713126103949,0.112858155277964));
#14879=CARTESIAN_POINT('',(-0.04,-0.1117,-0.001));
#14880=CARTESIAN_POINT('',(-0.04,-0.1117,-1.99493199737333E-16));
#14881=CARTESIAN_POINT('',(-0.0290000000000002,-0.1117,-1.99493199737333E-16));
#14882=CARTESIAN_POINT('',(-0.04,-0.1117,0.0130000000000002));
#14883=CARTESIAN_POINT('',(-0.0509999999999998,-0.1117,0.0130000000000002));
#14884=CARTESIAN_POINT('',(-0.04,-0.1117,-0.001));
#14885=CARTESIAN_POINT('',(-0.04,-0.1117,0.004));
#14886=CARTESIAN_POINT('',(-0.025,-0.1117,0.004));
#14887=CARTESIAN_POINT('',(-0.04,-0.1117,0.009));
#14888=CARTESIAN_POINT('',(-0.025,-0.1117,0.009));
#14889=CARTESIAN_POINT('',(-0.04,-0.1117,0.004));
#14890=CARTESIAN_POINT('',(-0.04,-0.1117,0.014));
#14891=CARTESIAN_POINT('',(-0.0689665490260601,0.255507001932889,0.13996377389431));
#14892=CARTESIAN_POINT('',(0.01125,0.02,0.1));
#14893=CARTESIAN_POINT('',(0.01125,0.02,0.));
#14894=CARTESIAN_POINT('',(0.013,0.02,0.));
#14895=CARTESIAN_POINT('',(0.0175,0.02,0.));
#14896=CARTESIAN_POINT('',(0.013,0.02,0.1));
#14897=CARTESIAN_POINT('',(0.013,0.02,0.1));
#14898=CARTESIAN_POINT('',(0.01125,0.02,0.1));
#14899=CARTESIAN_POINT('',(0.0175,0.02,0.1));
#14900=CARTESIAN_POINT('',(0.0175,0.02,0.1));
#14901=CARTESIAN_POINT('',(0.005,0.0175,0.1));
#14902=CARTESIAN_POINT('',(0.005,0.0175,0.1));
#14903=CARTESIAN_POINT('',(0.005,0.012,0.1));
#14904=CARTESIAN_POINT('',(0.005,0.01,0.1));
#14905=CARTESIAN_POINT('',(0.005,0.012,0.));
#14906=CARTESIAN_POINT('',(0.005,0.012,0.));
#14907=CARTESIAN_POINT('',(0.005,0.0175,0.));
#14908=CARTESIAN_POINT('',(0.005,0.01,0.));
#14909=CARTESIAN_POINT('',(0.005,0.01,0.1));
#14910=CARTESIAN_POINT('',(-1.7347234759768E-18,0.01,0.1));
#14911=CARTESIAN_POINT('',(-1.7347234759768E-18,0.01,0.));
#14912=CARTESIAN_POINT('',(-0.005,0.01,0.));
#14913=CARTESIAN_POINT('',(-0.005,0.01,0.1));
#14914=CARTESIAN_POINT('',(-0.005,0.01,0.1));
#14915=CARTESIAN_POINT('',(-1.7347234759768E-18,0.01,0.1));
#14916=CARTESIAN_POINT('',(-0.005,0.0125,0.1));
#14917=CARTESIAN_POINT('',(-0.005,0.0125,0.));
#14918=CARTESIAN_POINT('',(-0.005,0.012,0.));
#14919=CARTESIAN_POINT('',(-0.005,0.012,0.1));
#14920=CARTESIAN_POINT('',(-0.005,0.012,0.1));
#14921=CARTESIAN_POINT('',(-0.005,0.0125,0.1));
#14922=CARTESIAN_POINT('',(-0.01125,0.02,0.1));
#14923=CARTESIAN_POINT('',(-0.01125,0.02,0.1));
#14924=CARTESIAN_POINT('',(-0.0175,0.02,0.1));
#14925=CARTESIAN_POINT('',(-0.013,0.02,0.1));
#14926=CARTESIAN_POINT('',(-0.013,0.02,0.));
#14927=CARTESIAN_POINT('',(-0.013,0.02,0.));
#14928=CARTESIAN_POINT('',(-0.01125,0.02,0.));
#14929=CARTESIAN_POINT('',(-0.0175,0.02,0.));
#14930=CARTESIAN_POINT('',(-0.0175,0.02,0.1));
#14931=CARTESIAN_POINT('',(-0.0175,0.,0.1));
#14932=CARTESIAN_POINT('',(-0.0175,0.,0.));
#14933=CARTESIAN_POINT('',(-0.0175,-0.02,0.));
#14934=CARTESIAN_POINT('',(-0.0175,-0.02,0.1));
#14935=CARTESIAN_POINT('',(-0.0175,-0.02,0.1));
#14936=CARTESIAN_POINT('',(-0.0175,0.,0.1));
#14937=CARTESIAN_POINT('',(-0.01125,-0.02,0.1));
#14938=CARTESIAN_POINT('',(-0.01125,-0.02,0.));
#14939=CARTESIAN_POINT('',(-0.013,-0.02,0.));
#14940=CARTESIAN_POINT('',(-0.013,-0.02,0.1));
#14941=CARTESIAN_POINT('',(-0.013,-0.02,0.1));
#14942=CARTESIAN_POINT('',(-0.01125,-0.02,0.1));
#14943=CARTESIAN_POINT('',(-0.005,-0.015,0.1));
#14944=CARTESIAN_POINT('',(-0.005,-0.015,0.1));
#14945=CARTESIAN_POINT('',(-0.005,-0.012,0.1));
#14946=CARTESIAN_POINT('',(-0.005,-0.01,0.1));
#14947=CARTESIAN_POINT('',(-0.005,-0.012,0.1));
#14948=CARTESIAN_POINT('',(-0.005,-0.012,0.));
#14949=CARTESIAN_POINT('',(-0.005,-0.015,0.));
#14950=CARTESIAN_POINT('',(-0.005,-0.01,0.));
#14951=CARTESIAN_POINT('',(-0.005,-0.01,0.1));
#14952=CARTESIAN_POINT('',(5.20417042793042E-18,-0.01,0.1));
#14953=CARTESIAN_POINT('',(5.20417042793042E-18,-0.01,0.));
#14954=CARTESIAN_POINT('',(0.005,-0.01,0.));
#14955=CARTESIAN_POINT('',(0.005,-0.01,0.1));
#14956=CARTESIAN_POINT('',(0.005,-0.01,0.1));
#14957=CARTESIAN_POINT('',(5.20417042793042E-18,-0.01,0.1));
#14958=CARTESIAN_POINT('',(0.005,-0.015,0.1));
#14959=CARTESIAN_POINT('',(0.005,-0.015,0.));
#14960=CARTESIAN_POINT('',(0.005,-0.012,0.));
#14961=CARTESIAN_POINT('',(0.005,-0.012,0.1));
#14962=CARTESIAN_POINT('',(0.005,-0.012,0.1));
#14963=CARTESIAN_POINT('',(0.005,-0.015,0.1));
#14964=CARTESIAN_POINT('',(0.01125,-0.02,0.1));
#14965=CARTESIAN_POINT('',(0.01125,-0.02,0.1));
#14966=CARTESIAN_POINT('',(0.013,-0.02,0.1));
#14967=CARTESIAN_POINT('',(0.0175,-0.02,0.1));
#14968=CARTESIAN_POINT('',(0.013,-0.02,0.1));
#14969=CARTESIAN_POINT('',(0.013,-0.02,0.));
#14970=CARTESIAN_POINT('',(0.01125,-0.02,0.));
#14971=CARTESIAN_POINT('',(0.0175,-0.02,0.));
#14972=CARTESIAN_POINT('',(0.0175,-0.02,0.1));
#14973=CARTESIAN_POINT('',(-0.0075,3.06161699786838E-19,0.1));
#14974=CARTESIAN_POINT('',(-0.0075,3.06161699786838E-19,0.085));
#14975=CARTESIAN_POINT('',(-0.0025,3.06161699786838E-19,0.085));
#14976=CARTESIAN_POINT('',(-0.0075,3.06161699786838E-19,0.1));
#14977=CARTESIAN_POINT('',(-0.0025,3.06161699786838E-19,0.1));
#14978=CARTESIAN_POINT('',(0.0175,6.93889390390723E-18,0.1));
#14979=CARTESIAN_POINT('',(0.0175,6.93889390390723E-18,0.));
#14980=CARTESIAN_POINT('',(0.0175,6.93889390390723E-18,0.1));
#14981=CARTESIAN_POINT('',(3.46944695195361E-18,3.46944695195361E-18,0.1));
#14982=CARTESIAN_POINT('',(0.0075,3.06161699786838E-19,0.1));
#14983=CARTESIAN_POINT('',(0.0125,3.06161699786838E-19,0.1));
#14984=CARTESIAN_POINT('',(-0.0035,-0.0035,0.1));
#14985=CARTESIAN_POINT('',(-0.0035,0.0035,0.1));
#14986=CARTESIAN_POINT('',(0.0035,0.0035,0.1));
#14987=CARTESIAN_POINT('',(0.0035,-0.0035,0.1));
#14988=CARTESIAN_POINT('',(3.46944695195361E-18,3.46944695195361E-18,0.));
#14989=CARTESIAN_POINT('',(-0.0075,-3.06161699786838E-19,0.));
#14990=CARTESIAN_POINT('',(-0.0125,-3.06161699786838E-19,0.));
#14991=CARTESIAN_POINT('',(0.0075,-3.06161699786838E-19,0.));
#14992=CARTESIAN_POINT('',(0.0025,-3.06161699786838E-19,0.));
#14993=CARTESIAN_POINT('',(0.013,-0.02,0.));
#14994=CARTESIAN_POINT('',(-0.005,-0.012,0.));
#14995=CARTESIAN_POINT('',(-0.013,0.02,0.));
#14996=CARTESIAN_POINT('',(0.005,0.012,0.));
#14997=CARTESIAN_POINT('',(3.46944695195361E-18,3.46944695195361E-18,0.085));
#14998=CARTESIAN_POINT('',(0.0075,3.06161699786838E-19,0.115));
#14999=CARTESIAN_POINT('',(0.0075,3.06161699786838E-19,0.115));
#15000=CARTESIAN_POINT('',(0.0125,3.06161699786838E-19,0.115));
#15001=CARTESIAN_POINT('',(3.46944695195361E-18,3.46944695195361E-18,0.115));
#15002=CARTESIAN_POINT('',(-0.013,0.02,0.1));
#15003=CARTESIAN_POINT('',(0.005,0.012,0.1));
#15004=CARTESIAN_POINT('',(0.013,-0.02,0.1));
#15005=CARTESIAN_POINT('',(-0.005,-0.012,0.1));
#15006=CARTESIAN_POINT('',(0.0075,-3.06161699786838E-19,0.015));
#15007=CARTESIAN_POINT('',(0.0075,-3.06161699786838E-19,0.015));
#15008=CARTESIAN_POINT('',(0.0025,-3.06161699786838E-19,0.015));
#15009=CARTESIAN_POINT('',(3.46944695195361E-18,0.,0.015));
#15010=CARTESIAN_POINT('',(-0.0075,-3.06161699786838E-19,-0.015));
#15011=CARTESIAN_POINT('',(-0.0075,-3.06161699786838E-19,-0.015));
#15012=CARTESIAN_POINT('',(-0.0125,-3.06161699786838E-19,-0.015));
#15013=CARTESIAN_POINT('',(3.46944695195361E-18,0.,-0.015));
#15014=CARTESIAN_POINT('',(-1.7347234759768E-18,0.005,0.1));
#15015=CARTESIAN_POINT('',(-1.7347234759768E-18,0.005,0.02));
#15016=CARTESIAN_POINT('',(-0.00116025403784439,0.005,0.02));
#15017=CARTESIAN_POINT('',(0.01,0.005,0.02));
#15018=CARTESIAN_POINT('',(0.01,0.005,0.1));
#15019=CARTESIAN_POINT('',(0.01,0.005,0.095));
#15020=CARTESIAN_POINT('',(-1.7347234759768E-18,0.005,0.095));
#15021=CARTESIAN_POINT('',(0.00116025403784439,0.005,0.095));
#15022=CARTESIAN_POINT('',(0.00116025403784439,0.005,0.1));
#15023=CARTESIAN_POINT('',(0.00116025403784439,0.005,0.08));
#15024=CARTESIAN_POINT('',(-1.7347234759768E-18,0.005,0.08));
#15025=CARTESIAN_POINT('',(-0.01,0.005,0.08));
#15026=CARTESIAN_POINT('',(-0.01,0.005,0.1));
#15027=CARTESIAN_POINT('',(-0.01,0.005,0.005));
#15028=CARTESIAN_POINT('',(-1.7347234759768E-18,0.005,0.005));
#15029=CARTESIAN_POINT('',(-0.00116025403784439,0.005,0.005));
#15030=CARTESIAN_POINT('',(-0.00116025403784439,0.005,0.015));
#15031=CARTESIAN_POINT('',(3.46944695195361E-18,0.,0.02));
#15032=CARTESIAN_POINT('',(0.0075,-3.06161699786838E-19,0.02));
#15033=CARTESIAN_POINT('',(-0.00116025403784439,-0.005,0.02));
#15034=CARTESIAN_POINT('',(3.46944695195361E-18,-0.005,0.02));
#15035=CARTESIAN_POINT('',(0.01,-0.005,0.02));
#15036=CARTESIAN_POINT('',(0.01,-0.015,0.02));
#15037=CARTESIAN_POINT('',(0.01,-0.00968245836551854,0.02));
#15038=CARTESIAN_POINT('',(0.0075,-3.06161699786838E-19,0.02));
#15039=CARTESIAN_POINT('',(0.0125,-0.00866025403784439,0.02));
#15040=CARTESIAN_POINT('',(0.0125,4.77048955893622E-18,0.02));
#15041=CARTESIAN_POINT('',(0.0125,0.00866025403784439,0.02));
#15042=CARTESIAN_POINT('',(0.0075,-3.06161699786838E-19,0.02));
#15043=CARTESIAN_POINT('',(0.01,0.00968245836551855,0.02));
#15044=CARTESIAN_POINT('',(0.01,0.0175,0.02));
#15045=CARTESIAN_POINT('',(-0.01,-0.015,0.1));
#15046=CARTESIAN_POINT('',(-0.01,-0.015,0.08));
#15047=CARTESIAN_POINT('',(-0.01,-0.00968245836551855,0.08));
#15048=CARTESIAN_POINT('',(-0.01,-0.005,0.08));
#15049=CARTESIAN_POINT('',(-0.01,-0.005,0.1));
#15050=CARTESIAN_POINT('',(-0.01,-0.005,0.005));
#15051=CARTESIAN_POINT('',(-0.01,-0.015,0.005));
#15052=CARTESIAN_POINT('',(-0.01,-0.00992893218813452,0.005));
#15053=CARTESIAN_POINT('',(-0.01,-0.00992893218813452,0.1));
#15054=CARTESIAN_POINT('',(-0.01,-0.00992893218813452,0.095));
#15055=CARTESIAN_POINT('',(-0.01,-0.015,0.095));
#15056=CARTESIAN_POINT('',(-0.01,-0.00968245836551855,0.095));
#15057=CARTESIAN_POINT('',(-0.01,-0.00968245836551855,0.1));
#15058=CARTESIAN_POINT('',(3.46944695195361E-18,3.46944695195361E-18,0.08));
#15059=CARTESIAN_POINT('',(-0.0075,3.06161699786838E-19,0.08));
#15060=CARTESIAN_POINT('',(-0.0125,-0.00866025403784439,0.08));
#15061=CARTESIAN_POINT('',(-0.0125,8.67361737988404E-19,0.08));
#15062=CARTESIAN_POINT('',(-0.0125,0.00866025403784439,0.08));
#15063=CARTESIAN_POINT('',(-0.0075,3.06161699786838E-19,0.08));
#15064=CARTESIAN_POINT('',(-0.01,0.00968245836551854,0.08));
#15065=CARTESIAN_POINT('',(-0.01,6.93889390390723E-18,0.08));
#15066=CARTESIAN_POINT('',(-0.0075,3.06161699786838E-19,0.08));
#15067=CARTESIAN_POINT('',(0.00116025403784439,-0.005,0.08));
#15068=CARTESIAN_POINT('',(5.20417042793042E-18,-0.005,0.08));
#15069=CARTESIAN_POINT('',(-0.0125,8.67361737988404E-19,0.1));
#15070=CARTESIAN_POINT('',(-0.0125,-0.00866025403784439,0.1));
#15071=CARTESIAN_POINT('',(-0.0125,-0.00866025403784439,0.095));
#15072=CARTESIAN_POINT('',(-0.0125,8.67361737988404E-19,0.095));
#15073=CARTESIAN_POINT('',(-0.0125,-0.0124289321881345,0.095));
#15074=CARTESIAN_POINT('',(-0.0125,-0.0124289321881345,0.1));
#15075=CARTESIAN_POINT('',(-0.0125,-0.0124289321881345,0.005));
#15076=CARTESIAN_POINT('',(-0.0125,8.67361737988404E-19,0.005));
#15077=CARTESIAN_POINT('',(-0.0125,0.0124289321881345,0.005));
#15078=CARTESIAN_POINT('',(-0.0125,0.0124289321881345,0.1));
#15079=CARTESIAN_POINT('',(-0.0125,0.0124289321881345,0.095));
#15080=CARTESIAN_POINT('',(-0.0125,8.67361737988404E-19,0.095));
#15081=CARTESIAN_POINT('',(-0.0125,0.00866025403784439,0.095));
#15082=CARTESIAN_POINT('',(-0.0125,0.00866025403784439,0.1));
#15083=CARTESIAN_POINT('',(0.01,0.0175,0.1));
#15084=CARTESIAN_POINT('',(0.01,0.00968245836551855,0.015));
#15085=CARTESIAN_POINT('',(0.01,0.00968245836551855,0.005));
#15086=CARTESIAN_POINT('',(0.01,0.0175,0.005));
#15087=CARTESIAN_POINT('',(0.01,0.00992893218813452,0.005));
#15088=CARTESIAN_POINT('',(0.01,0.00992893218813452,0.1));
#15089=CARTESIAN_POINT('',(0.01,0.00992893218813452,0.095));
#15090=CARTESIAN_POINT('',(0.01,0.0175,0.095));
#15091=CARTESIAN_POINT('',(5.20417042793042E-18,-0.005,0.1));
#15092=CARTESIAN_POINT('',(-0.00116025403784439,-0.005,0.015));
#15093=CARTESIAN_POINT('',(-0.00116025403784439,-0.005,0.005));
#15094=CARTESIAN_POINT('',(5.20417042793042E-18,-0.005,0.005));
#15095=CARTESIAN_POINT('',(0.00116025403784439,-0.005,0.1));
#15096=CARTESIAN_POINT('',(0.00116025403784439,-0.005,0.095));
#15097=CARTESIAN_POINT('',(5.20417042793042E-18,-0.005,0.095));
#15098=CARTESIAN_POINT('',(0.01,-0.005,0.095));
#15099=CARTESIAN_POINT('',(0.01,-0.005,0.1));
#15100=CARTESIAN_POINT('',(0.01,-0.015,0.1));
#15101=CARTESIAN_POINT('',(0.01,-0.015,0.095));
#15102=CARTESIAN_POINT('',(0.01,-0.00992893218813452,0.095));
#15103=CARTESIAN_POINT('',(0.01,-0.00992893218813452,0.1));
#15104=CARTESIAN_POINT('',(0.01,-0.00992893218813452,0.005));
#15105=CARTESIAN_POINT('',(0.01,-0.015,0.005));
#15106=CARTESIAN_POINT('',(0.01,-0.00968245836551854,0.005));
#15107=CARTESIAN_POINT('',(0.01,-0.00968245836551854,0.015));
#15108=CARTESIAN_POINT('',(-0.0075,3.06161699786838E-19,0.1));
#15109=CARTESIAN_POINT('',(-0.0075,3.06161699786838E-19,0.095));
#15110=CARTESIAN_POINT('',(-0.0075,3.06161699786838E-19,0.1));
#15111=CARTESIAN_POINT('',(-0.0075,3.06161699786838E-19,0.095));
#15112=CARTESIAN_POINT('',(-0.01,0.00968245836551854,0.095));
#15113=CARTESIAN_POINT('',(-0.01,0.00968245836551854,0.1));
#15114=CARTESIAN_POINT('',(0.0075,-3.06161699786838E-19,0.015));
#15115=CARTESIAN_POINT('',(0.0125,0.00866025403784439,0.015));
#15116=CARTESIAN_POINT('',(0.0125,0.00866025403784439,0.005));
#15117=CARTESIAN_POINT('',(0.0075,-3.06161699786838E-19,0.005));
#15118=CARTESIAN_POINT('',(0.0075,-3.06161699786838E-19,0.015));
#15119=CARTESIAN_POINT('',(0.0075,-3.06161699786838E-19,0.005));
#15120=CARTESIAN_POINT('',(3.46944695195361E-18,3.46944695195361E-18,0.005));
#15121=CARTESIAN_POINT('',(0.0125,4.77048955893622E-18,0.005));
#15122=CARTESIAN_POINT('',(0.0125,0.0124289321881345,0.005));
#15123=CARTESIAN_POINT('',(0.00853553390593274,0.00846446609406726,0.005));
#15124=CARTESIAN_POINT('',(3.46944695195361E-18,3.46944695195361E-18,0.005));
#15125=CARTESIAN_POINT('',(0.0075,-3.06161699786838E-19,0.005));
#15126=CARTESIAN_POINT('',(0.0125,-0.00866025403784439,0.005));
#15127=CARTESIAN_POINT('',(0.0165355339059328,-0.0164644660940673,0.005));
#15128=CARTESIAN_POINT('',(0.0125,-0.0124289321881345,0.005));
#15129=CARTESIAN_POINT('',(0.0125,4.77048955893622E-18,0.005));
#15130=CARTESIAN_POINT('',(3.46944695195361E-18,3.46944695195361E-18,0.095));
#15131=CARTESIAN_POINT('',(-0.0075,3.06161699786838E-19,0.095));
#15132=CARTESIAN_POINT('',(-3.55339059327319E-5,3.55339059327388E-5,0.095));
#15133=CARTESIAN_POINT('',(3.46944695195361E-18,3.46944695195361E-18,0.095));
#15134=CARTESIAN_POINT('',(3.55339059327413E-5,-3.55339059327343E-5,0.095));
#15135=CARTESIAN_POINT('',(0.0125,0.0124289321881345,0.095));
#15136=CARTESIAN_POINT('',(0.0125,4.77048955893622E-18,0.095));
#15137=CARTESIAN_POINT('',(0.0125,-0.0124289321881345,0.095));
#15138=CARTESIAN_POINT('',(3.55339059327407E-5,3.55339059327407E-5,0.095));
#15139=CARTESIAN_POINT('',(-0.01,0.0125,0.1));
#15140=CARTESIAN_POINT('',(-0.01,0.0125,0.095));
#15141=CARTESIAN_POINT('',(-0.01,0.00992893218813453,0.095));
#15142=CARTESIAN_POINT('',(-0.01,0.00992893218813452,0.1));
#15143=CARTESIAN_POINT('',(-0.01,0.00992893218813453,0.005));
#15144=CARTESIAN_POINT('',(-0.01,0.0125,0.005));
#15145=CARTESIAN_POINT('',(-0.0075,3.06161699786838E-19,0.1));
#15146=CARTESIAN_POINT('',(0.0125,4.77048955893622E-18,0.1));
#15147=CARTESIAN_POINT('',(0.0125,-0.00866025403784439,0.015));
#15148=CARTESIAN_POINT('',(0.0125,-0.0124289321881345,0.1));
#15149=CARTESIAN_POINT('',(0.0125,0.0124289321881345,0.1));
#15150=CARTESIAN_POINT('',(3.46944695195361E-18,3.46944695195361E-18,0.095));
#15151=CARTESIAN_POINT('',(-3.55339059327387E-5,-3.55339059327387E-5,0.095));
#15152=CARTESIAN_POINT('',(3.46944695195361E-18,3.46944695195361E-18,0.005));
#15153=CARTESIAN_POINT('',(-0.0165355339059328,0.0164644660940673,0.005));
#15154=CARTESIAN_POINT('',(-0.00853553390593273,-0.00846446609406726,0.005));
#15155=CARTESIAN_POINT('',(-0.0165355339059328,0.0164644660940673,0.1));
#15156=CARTESIAN_POINT('',(0.00853553390593274,0.00846446609406726,0.1));
#15157=CARTESIAN_POINT('',(0.0165355339059328,-0.0164644660940673,0.1));
#15158=CARTESIAN_POINT('',(-0.00853553390593273,-0.00846446609406726,0.1));
#15159=CARTESIAN_POINT('',(0.0075,-3.06161699786838E-19,0.015));
#15160=CARTESIAN_POINT('',(0.163263843775088,0.120154353813151,0.146198791065922));
#15161=CARTESIAN_POINT('',(0.0523,-0.01,0.1));
#15162=CARTESIAN_POINT('',(0.0523,-0.01,0.01));
#15163=CARTESIAN_POINT('',(0.0573,-0.01,0.01));
#15164=CARTESIAN_POINT('',(0.0473,-0.01,0.01));
#15165=CARTESIAN_POINT('',(0.0573,-0.01,0.1));
#15166=CARTESIAN_POINT('',(0.0573,-0.01,0.1));
#15167=CARTESIAN_POINT('',(0.0523,-0.01,0.1));
#15168=CARTESIAN_POINT('',(0.0473,-0.01,0.1));
#15169=CARTESIAN_POINT('',(0.0473,-0.01,0.1));
#15170=CARTESIAN_POINT('',(0.0573,-0.015,0.1));
#15171=CARTESIAN_POINT('',(0.0573,-0.02,0.01));
#15172=CARTESIAN_POINT('',(0.0573,-0.012,0.01));
#15173=CARTESIAN_POINT('',(0.0573,-0.012,0.1));
#15174=CARTESIAN_POINT('',(0.0573,-0.012,0.1));
#15175=CARTESIAN_POINT('',(0.0573,-0.015,0.1));
#15176=CARTESIAN_POINT('',(0.0523,0.01,0.1));
#15177=CARTESIAN_POINT('',(0.0523,0.01,0.01));
#15178=CARTESIAN_POINT('',(0.0473,0.01,0.01));
#15179=CARTESIAN_POINT('',(0.0573,0.01,0.01));
#15180=CARTESIAN_POINT('',(0.0473,0.01,0.1));
#15181=CARTESIAN_POINT('',(0.0473,0.01,0.1));
#15182=CARTESIAN_POINT('',(0.0523,0.01,0.1));
#15183=CARTESIAN_POINT('',(0.0573,0.01,0.1));
#15184=CARTESIAN_POINT('',(0.0573,0.01,0.1));
#15185=CARTESIAN_POINT('',(0.0473,0.0125,0.1));
#15186=CARTESIAN_POINT('',(0.0473,0.02,0.01));
#15187=CARTESIAN_POINT('',(0.0473,0.012,0.01));
#15188=CARTESIAN_POINT('',(0.0473,0.012,0.1));
#15189=CARTESIAN_POINT('',(0.0473,0.012,0.1));
#15190=CARTESIAN_POINT('',(0.0473,0.0125,0.1));
#15191=CARTESIAN_POINT('',(0.0573,0.0175,0.1));
#15192=CARTESIAN_POINT('',(0.0573,0.0175,0.1));
#15193=CARTESIAN_POINT('',(0.0573,0.012,0.1));
#15194=CARTESIAN_POINT('',(0.0573,0.012,0.01));
#15195=CARTESIAN_POINT('',(0.0573,0.012,0.01));
#15196=CARTESIAN_POINT('',(0.0573,0.02,0.01));
#15197=CARTESIAN_POINT('',(0.04105,0.02,0.1));
#15198=CARTESIAN_POINT('',(0.0698,0.02,0.1));
#15199=CARTESIAN_POINT('',(0.0698,0.02,0.1));
#15200=CARTESIAN_POINT('',(0.0698,0.02,0.005));
#15201=CARTESIAN_POINT('',(0.0348,0.02,0.005));
#15202=CARTESIAN_POINT('',(0.0348,0.02,0.005));
#15203=CARTESIAN_POINT('',(0.0348,0.02,0.1));
#15204=CARTESIAN_POINT('',(0.0348,0.02,0.1));
#15205=CARTESIAN_POINT('',(0.04105,0.02,0.1));
#15206=CARTESIAN_POINT('',(0.0393,0.02,0.1));
#15207=CARTESIAN_POINT('',(0.0393,0.02,0.01));
#15208=CARTESIAN_POINT('',(0.0393,0.02,0.01));
#15209=CARTESIAN_POINT('',(0.0523,0.02,0.01));
#15210=CARTESIAN_POINT('',(0.0653,0.02,0.01));
#15211=CARTESIAN_POINT('',(0.0653,0.02,0.1));
#15212=CARTESIAN_POINT('',(0.0653,0.02,0.1));
#15213=CARTESIAN_POINT('',(0.06355,0.02,0.1));
#15214=CARTESIAN_POINT('',(0.0348,0.,0.1));
#15215=CARTESIAN_POINT('',(0.0348,0.,0.005));
#15216=CARTESIAN_POINT('',(0.0348,-0.02,0.005));
#15217=CARTESIAN_POINT('',(0.0348,-0.02,0.1));
#15218=CARTESIAN_POINT('',(0.0348,-0.02,0.1));
#15219=CARTESIAN_POINT('',(0.0348,0.,0.1));
#15220=CARTESIAN_POINT('',(0.0473,-0.015,0.1));
#15221=CARTESIAN_POINT('',(0.0473,-0.015,0.1));
#15222=CARTESIAN_POINT('',(0.0473,-0.012,0.1));
#15223=CARTESIAN_POINT('',(0.0473,-0.012,0.1));
#15224=CARTESIAN_POINT('',(0.0473,-0.012,0.01));
#15225=CARTESIAN_POINT('',(0.0473,-0.02,0.01));
#15226=CARTESIAN_POINT('',(0.06355,-0.02,0.1));
#15227=CARTESIAN_POINT('',(0.06355,-0.02,0.005));
#15228=CARTESIAN_POINT('',(0.0698,-0.02,0.005));
#15229=CARTESIAN_POINT('',(0.0698,-0.02,0.1));
#15230=CARTESIAN_POINT('',(0.0698,-0.02,0.1));
#15231=CARTESIAN_POINT('',(0.06355,-0.02,0.1));
#15232=CARTESIAN_POINT('',(0.0653,-0.02,0.1));
#15233=CARTESIAN_POINT('',(0.0653,-0.02,0.1));
#15234=CARTESIAN_POINT('',(0.0653,-0.02,0.01));
#15235=CARTESIAN_POINT('',(0.0523,-0.02,0.01));
#15236=CARTESIAN_POINT('',(0.0393,-0.02,0.01));
#15237=CARTESIAN_POINT('',(0.0393,-0.02,0.1));
#15238=CARTESIAN_POINT('',(0.0393,-0.02,0.1));
#15239=CARTESIAN_POINT('',(0.04105,-0.02,0.1));
#15240=CARTESIAN_POINT('',(0.0448,3.06161699786838E-19,0.1));
#15241=CARTESIAN_POINT('',(0.0448,3.06161699786838E-19,0.085));
#15242=CARTESIAN_POINT('',(0.0498,3.06161699786838E-19,0.085));
#15243=CARTESIAN_POINT('',(0.0448,3.06161699786838E-19,0.1));
#15244=CARTESIAN_POINT('',(0.0498,3.06161699786838E-19,0.1));
#15245=CARTESIAN_POINT('',(0.0698,6.93889390390723E-18,0.1));
#15246=CARTESIAN_POINT('',(0.0698,0.02,0.005));
#15247=CARTESIAN_POINT('',(0.0698,6.93889390390723E-18,0.1));
#15248=CARTESIAN_POINT('',(0.0523,3.46944695195361E-18,0.1));
#15249=CARTESIAN_POINT('',(0.0598,3.06161699786838E-19,0.1));
#15250=CARTESIAN_POINT('',(0.0648,3.06161699786838E-19,0.1));
#15251=CARTESIAN_POINT('',(0.0488,-0.0035,0.1));
#15252=CARTESIAN_POINT('',(0.0488,0.0035,0.1));
#15253=CARTESIAN_POINT('',(0.0558,0.0035,0.1));
#15254=CARTESIAN_POINT('',(0.0558,-0.0035,0.1));
#15255=CARTESIAN_POINT('',(0.0523,3.46944695195361E-18,0.));
#15256=CARTESIAN_POINT('',(0.0648,-0.02,0.));
#15257=CARTESIAN_POINT('',(0.0648,0.015,0.));
#15258=CARTESIAN_POINT('',(0.0648,-0.015,0.));
#15259=CARTESIAN_POINT('',(0.0523,-0.015,0.));
#15260=CARTESIAN_POINT('',(0.0398,-0.015,0.));
#15261=CARTESIAN_POINT('',(0.0398,1.3010426069826E-18,0.));
#15262=CARTESIAN_POINT('',(0.0398,0.015,0.));
#15263=CARTESIAN_POINT('',(0.0698,0.015,0.));
#15264=CARTESIAN_POINT('',(0.0523,3.46944695195361E-18,0.085));
#15265=CARTESIAN_POINT('',(0.0598,3.06161699786838E-19,0.115));
#15266=CARTESIAN_POINT('',(0.0598,3.06161699786838E-19,0.115));
#15267=CARTESIAN_POINT('',(0.0648,3.06161699786838E-19,0.115));
#15268=CARTESIAN_POINT('',(0.0523,3.46944695195361E-18,0.115));
#15269=CARTESIAN_POINT('',(0.0523,0.02,0.01));
#15270=CARTESIAN_POINT('',(0.0588,0.0135,0.01));
#15271=CARTESIAN_POINT('',(0.0458,0.0135,0.01));
#15272=CARTESIAN_POINT('',(0.0393,0.02,0.1));
#15273=CARTESIAN_POINT('',(0.0573,0.012,0.1));
#15274=CARTESIAN_POINT('',(0.0523,-0.02,0.01));
#15275=CARTESIAN_POINT('',(0.0458,-0.0135,0.01));
#15276=CARTESIAN_POINT('',(0.0588,-0.0135,0.01));
#15277=CARTESIAN_POINT('',(0.0653,-0.02,0.1));
#15278=CARTESIAN_POINT('',(0.0473,-0.012,0.1));
#15279=CARTESIAN_POINT('',(0.0523,0.015,0.));
#15280=CARTESIAN_POINT('',(0.0598,0.01,-0.005));
#15281=CARTESIAN_POINT('',(0.0439666666666667,0.0108333333333333,-0.00416666666666667));
#15282=CARTESIAN_POINT('',(0.0348,0.,0.005));
#15283=CARTESIAN_POINT('',(0.0414666666666667,-0.0133333333333333,-0.00166666666666666));
#15284=CARTESIAN_POINT('',(0.0648,8.89045781438113E-18,0.));
#15285=CARTESIAN_POINT('',(0.0598,-0.01,-0.005));
#15286=CARTESIAN_POINT('',(0.06355,-0.02,0.005));
#15287=CARTESIAN_POINT('',(0.0383355339059328,6.1331736667335E-19,0.00853553390593274));
#15288=CARTESIAN_POINT('',(0.0114666666666667,-0.0407622655214678,0.0354044011451988));
#15289=CARTESIAN_POINT('',(0.0398,-0.0124289321881345,0.00707106781186549));
#15290=CARTESIAN_POINT('',(0.0418710678118655,-0.010357864376269,0.005));
#15291=CARTESIAN_POINT('',(0.0418710678118655,1.2266347333467E-18,0.005));
#15292=CARTESIAN_POINT('',(0.0418710678118655,0.010357864376269,0.005));
#15293=CARTESIAN_POINT('',(0.00613333333333335,0.0460955988548012,0.0407377344785321));
#15294=CARTESIAN_POINT('',(0.0398,0.0124289321881345,0.00707106781186548));
#15295=CARTESIAN_POINT('',(0.0398,8.67361737988403E-19,0.00707106781186548));
#15296=CARTESIAN_POINT('',(0.0612644660940673,7.35716439769776E-18,0.00353553390593274));
#15297=CARTESIAN_POINT('',(0.0931333333333333,0.0407622655214678,0.0354044011451989));
#15298=CARTESIAN_POINT('',(0.0648,0.0124289321881345,0.00707106781186548));
#15299=CARTESIAN_POINT('',(0.0627289321881346,0.0103578643762691,0.005));
#15300=CARTESIAN_POINT('',(0.0627289321881345,7.9922753259854E-18,0.005));
#15301=CARTESIAN_POINT('',(0.0627289321881345,-0.010357864376269,0.005));
#15302=CARTESIAN_POINT('',(0.0984666666666666,-0.0460955988548012,0.0407377344785321));
#15303=CARTESIAN_POINT('',(0.0648,-0.0124289321881345,0.00707106781186548));
#15304=CARTESIAN_POINT('',(0.0648,4.77048955893622E-18,0.00707106781186548));
#15305=CARTESIAN_POINT('',(0.0523,-0.005,0.1));
#15306=CARTESIAN_POINT('',(0.0523,-0.005,0.08));
#15307=CARTESIAN_POINT('',(0.0423,-0.005,0.08));
#15308=CARTESIAN_POINT('',(0.0534602540378444,-0.005,0.08));
#15309=CARTESIAN_POINT('',(0.0534602540378444,-0.005,0.1));
#15310=CARTESIAN_POINT('',(0.0534602540378444,-0.005,0.095));
#15311=CARTESIAN_POINT('',(0.0523,-0.005,0.095));
#15312=CARTESIAN_POINT('',(0.0623,-0.005,0.095));
#15313=CARTESIAN_POINT('',(0.0623,-0.005,0.1));
#15314=CARTESIAN_POINT('',(0.0623,-0.005,0.005));
#15315=CARTESIAN_POINT('',(0.0523,-0.005,0.005));
#15316=CARTESIAN_POINT('',(0.0423,-0.005,0.005));
#15317=CARTESIAN_POINT('',(0.0423,-0.005,0.1));
#15318=CARTESIAN_POINT('',(0.0423,-0.015,0.1));
#15319=CARTESIAN_POINT('',(0.0423,-0.015,0.08));
#15320=CARTESIAN_POINT('',(0.0423,-0.00968245836551855,0.08));
#15321=CARTESIAN_POINT('',(0.0423,-0.02,0.005));
#15322=CARTESIAN_POINT('',(0.0423,-0.00992893218813452,0.005));
#15323=CARTESIAN_POINT('',(0.0423,-0.00992893218813452,0.1));
#15324=CARTESIAN_POINT('',(0.0423,-0.00992893218813452,0.095));
#15325=CARTESIAN_POINT('',(0.0423,-0.015,0.095));
#15326=CARTESIAN_POINT('',(0.0423,-0.00968245836551855,0.095));
#15327=CARTESIAN_POINT('',(0.0423,-0.00968245836551855,0.1));
#15328=CARTESIAN_POINT('',(0.0398,8.67361737988404E-19,0.1));
#15329=CARTESIAN_POINT('',(0.0398,8.67361737988404E-19,0.08));
#15330=CARTESIAN_POINT('',(0.0398,0.00866025403784439,0.08));
#15331=CARTESIAN_POINT('',(0.0398,-0.00866025403784439,0.08));
#15332=CARTESIAN_POINT('',(0.0398,-0.00866025403784439,0.1));
#15333=CARTESIAN_POINT('',(0.0398,-0.00866025403784439,0.095));
#15334=CARTESIAN_POINT('',(0.0398,8.67361737988404E-19,0.095));
#15335=CARTESIAN_POINT('',(0.0398,-0.0124289321881345,0.095));
#15336=CARTESIAN_POINT('',(0.0398,-0.0124289321881345,0.1));
#15337=CARTESIAN_POINT('',(0.0398,0.0124289321881345,0.1));
#15338=CARTESIAN_POINT('',(0.0398,0.0124289321881345,0.095));
#15339=CARTESIAN_POINT('',(0.0398,8.67361737988404E-19,0.095));
#15340=CARTESIAN_POINT('',(0.0398,0.00866025403784439,0.095));
#15341=CARTESIAN_POINT('',(0.0398,0.00866025403784439,0.1));
#15342=CARTESIAN_POINT('',(0.0523,3.46944695195361E-18,0.08));
#15343=CARTESIAN_POINT('',(0.0448,3.06161699786838E-19,0.08));
#15344=CARTESIAN_POINT('',(0.0448,3.06161699786838E-19,0.08));
#15345=CARTESIAN_POINT('',(0.0423,0.00968245836551854,0.08));
#15346=CARTESIAN_POINT('',(0.0423,6.93889390390723E-18,0.08));
#15347=CARTESIAN_POINT('',(0.0423,0.005,0.08));
#15348=CARTESIAN_POINT('',(0.0523,0.005,0.08));
#15349=CARTESIAN_POINT('',(0.0534602540378444,0.005,0.08));
#15350=CARTESIAN_POINT('',(0.0448,3.06161699786838E-19,0.08));
#15351=CARTESIAN_POINT('',(0.0523,0.005,0.1));
#15352=CARTESIAN_POINT('',(0.0423,0.005,0.1));
#15353=CARTESIAN_POINT('',(0.0423,0.005,0.005));
#15354=CARTESIAN_POINT('',(0.0523,0.005,0.005));
#15355=CARTESIAN_POINT('',(0.0623,0.005,0.005));
#15356=CARTESIAN_POINT('',(0.0623,0.005,0.1));
#15357=CARTESIAN_POINT('',(0.0623,0.005,0.095));
#15358=CARTESIAN_POINT('',(0.0523,0.005,0.095));
#15359=CARTESIAN_POINT('',(0.0534602540378444,0.005,0.095));
#15360=CARTESIAN_POINT('',(0.0534602540378444,0.005,0.1));
#15361=CARTESIAN_POINT('',(0.0448,3.06161699786838E-19,0.1));
#15362=CARTESIAN_POINT('',(0.0448,3.06161699786838E-19,0.095));
#15363=CARTESIAN_POINT('',(0.0448,3.06161699786838E-19,0.1));
#15364=CARTESIAN_POINT('',(0.0448,3.06161699786838E-19,0.095));
#15365=CARTESIAN_POINT('',(0.0423,0.00968245836551854,0.095));
#15366=CARTESIAN_POINT('',(0.0423,0.00968245836551854,0.1));
#15367=CARTESIAN_POINT('',(0.0523,3.46944695195361E-18,0.095));
#15368=CARTESIAN_POINT('',(0.0448,3.06161699786838E-19,0.095));
#15369=CARTESIAN_POINT('',(0.0522644660940673,3.55339059327388E-5,0.095));
#15370=CARTESIAN_POINT('',(0.0523,3.46944695195361E-18,0.095));
#15371=CARTESIAN_POINT('',(0.0623,0.0175,0.095));
#15372=CARTESIAN_POINT('',(0.0623,0.00992893218813452,0.095));
#15373=CARTESIAN_POINT('',(0.0523355339059327,-3.55339059327356E-5,0.095));
#15374=CARTESIAN_POINT('',(0.0648,0.0124289321881345,0.095));
#15375=CARTESIAN_POINT('',(0.0648,4.77048955893622E-18,0.095));
#15376=CARTESIAN_POINT('',(0.0648,-0.0124289321881345,0.095));
#15377=CARTESIAN_POINT('',(0.0523355339059327,3.55339059327455E-5,0.095));
#15378=CARTESIAN_POINT('',(0.0623,-0.00992893218813452,0.095));
#15379=CARTESIAN_POINT('',(0.0623,-0.015,0.095));
#15380=CARTESIAN_POINT('',(0.0623,-0.015,0.1));
#15381=CARTESIAN_POINT('',(0.0623,3.46944695195361E-18,0.005));
#15382=CARTESIAN_POINT('',(0.0623,-0.00992893218813452,0.005));
#15383=CARTESIAN_POINT('',(0.0623,-0.00992893218813452,0.1));
#15384=CARTESIAN_POINT('',(0.0423,0.0125,0.1));
#15385=CARTESIAN_POINT('',(0.0423,0.0125,0.095));
#15386=CARTESIAN_POINT('',(0.0423,0.00992893218813452,0.095));
#15387=CARTESIAN_POINT('',(0.0423,0.00992893218813452,0.1));
#15388=CARTESIAN_POINT('',(0.0423,0.00992893218813452,0.005));
#15389=CARTESIAN_POINT('',(0.0423,0.0125,0.005));
#15390=CARTESIAN_POINT('',(0.0623,0.0175,0.1));
#15391=CARTESIAN_POINT('',(0.0623,3.46944695195361E-18,0.005));
#15392=CARTESIAN_POINT('',(0.0623,0.00992893218813452,0.005));
#15393=CARTESIAN_POINT('',(0.0623,0.00992893218813452,0.1));
#15394=CARTESIAN_POINT('',(0.0448,3.06161699786838E-19,0.1));
#15395=CARTESIAN_POINT('',(0.0648,4.77048955893622E-18,0.1));
#15396=CARTESIAN_POINT('',(0.0648,0.0124289321881345,0.1));
#15397=CARTESIAN_POINT('',(0.0648,-0.0124289321881345,0.1));
#15398=CARTESIAN_POINT('',(0.0523,3.46944695195361E-18,0.095));
#15399=CARTESIAN_POINT('',(0.0522644660940673,-3.55339059327423E-5,0.095));
#15400=CARTESIAN_POINT('',(0.0523,3.46944695195361E-18,0.005));
#15401=CARTESIAN_POINT('',(0.0422644660940672,0.00996446609406726,0.005));
#15402=CARTESIAN_POINT('',(0.0422644660940672,-0.00996446609406726,0.005));
#15403=CARTESIAN_POINT('',(0.0623355339059327,-0.00996446609406727,0.005));
#15404=CARTESIAN_POINT('',(0.0623355339059327,0.00996446609406726,0.005));
#15405=CARTESIAN_POINT('',(0.0357644660940672,0.0164644660940673,0.1));
#15406=CARTESIAN_POINT('',(0.0608355339059327,0.00846446609406726,0.1));
#15407=CARTESIAN_POINT('',(0.0688355339059327,-0.0164644660940673,0.1));
#15408=CARTESIAN_POINT('',(0.0437644660940672,-0.00846446609406726,0.1));
#15409=CARTESIAN_POINT('',(0.263314072847074,0.119734216900846,0.0943009007542231));
#15410=CARTESIAN_POINT('',(-0.04,0.04,-0.001));
#15411=CARTESIAN_POINT('',(-0.04,0.04,-1.99493199737333E-16));
#15412=CARTESIAN_POINT('',(-0.0290000000000002,0.04,-1.99493199737333E-16));
#15413=CARTESIAN_POINT('',(-0.04,0.04,0.0130000000000002));
#15414=CARTESIAN_POINT('',(-0.0509999999999998,0.04,0.0130000000000002));
#15415=CARTESIAN_POINT('',(-0.04,0.04,-0.001));
#15416=CARTESIAN_POINT('',(-0.04,0.04,0.004));
#15417=CARTESIAN_POINT('',(-0.025,0.04,0.004));
#15418=CARTESIAN_POINT('',(-0.04,0.04,0.009));
#15419=CARTESIAN_POINT('',(-0.025,0.04,0.009));
#15420=CARTESIAN_POINT('',(-0.04,0.04,0.004));
#15421=CARTESIAN_POINT('',(-0.04,0.04,0.014));
#15422=CARTESIAN_POINT('',(-0.0694665490260601,0.0942070019328892,0.06926377389431));
#15423=CARTESIAN_POINT('',(0.0099999999999998,-2.37501353931281E-17,-0.001));
#15424=CARTESIAN_POINT('',(0.01,9.59210247924455E-18,-1.99493199737333E-16));
#15425=CARTESIAN_POINT('',(-0.0009999999999998,5.77571083209564E-18,-1.99493199737333E-16));
#15426=CARTESIAN_POINT('',(0.01,9.59210247924455E-18,0.0130000000000002));
#15427=CARTESIAN_POINT('',(0.0209999999999998,1.34084941263935E-17,0.0130000000000002));
#15428=CARTESIAN_POINT('',(0.01,9.59210247924455E-18,-0.001));
#15429=CARTESIAN_POINT('',(0.01,9.59210247924455E-18,0.004));
#15430=CARTESIAN_POINT('',(-0.005,4.38793205131413E-18,0.004));
#15431=CARTESIAN_POINT('',(0.01,9.59210247924455E-18,0.009));
#15432=CARTESIAN_POINT('',(-0.005,4.38793205131413E-18,0.009));
#15433=CARTESIAN_POINT('',(0.01,9.59210247924455E-18,0.004));
#15434=CARTESIAN_POINT('',(0.01,9.59210247924455E-18,0.014));
#15435=CARTESIAN_POINT('',(-0.0694665490260601,0.0942070019328892,0.06926377389431));
#15436=CARTESIAN_POINT('',(2.01227923213309E-16,-0.1117,-0.001));
#15437=CARTESIAN_POINT('',(0.,-0.1117,-1.99493199737333E-16));
#15438=CARTESIAN_POINT('',(0.0109999999999998,-0.1117,-1.99493199737333E-16));
#15439=CARTESIAN_POINT('',(0.,-0.1117,0.0130000000000002));
#15440=CARTESIAN_POINT('',(-0.0109999999999998,-0.1117,0.0130000000000002));
#15441=CARTESIAN_POINT('',(0.,-0.1117,-0.001));
#15442=CARTESIAN_POINT('',(0.,-0.1117,0.004));
#15443=CARTESIAN_POINT('',(0.015,-0.1117,0.004));
#15444=CARTESIAN_POINT('',(0.,-0.1117,0.009));
#15445=CARTESIAN_POINT('',(0.015,-0.1117,0.009));
#15446=CARTESIAN_POINT('',(0.,-0.1117,0.004));
#15447=CARTESIAN_POINT('',(0.,-0.1117,0.014));
#15448=CARTESIAN_POINT('',(-0.0594665490260601,0.255507001932889,0.13996377389431));
#15449=CARTESIAN_POINT('',(-0.0768105280456239,0.0273743580789835,0.0245012006842119));
#15450=CARTESIAN_POINT('',(-0.0297496723287105,-0.0209001975368858,0.0523));
#15451=CARTESIAN_POINT('',(-0.0297496723287105,-0.0209001975368858,0.0335));
#15452=CARTESIAN_POINT('',(-0.0297496723287105,0.0111998024631142,0.0335));
#15453=CARTESIAN_POINT('',(-0.0297496723287105,-0.0530001975368858,0.0335));
#15454=CARTESIAN_POINT('',(-0.0297496723287105,0.0111998024631142,0.0523));
#15455=CARTESIAN_POINT('',(-0.0297496723287105,0.0111998024631142,0.0523));
#15456=CARTESIAN_POINT('',(-0.0297496723287105,-0.0209001975368858,0.0523));
#15457=CARTESIAN_POINT('',(-0.0297496723287105,-0.0530001975368858,0.0523));
#15458=CARTESIAN_POINT('',(-0.0297496723287105,-0.0530001975368858,0.0523));
#15459=CARTESIAN_POINT('',(-0.0409996723287105,0.0111998024631142,0.0523));
#15460=CARTESIAN_POINT('',(-0.0409996723287105,0.0111998024631142,0.0335));
#15461=CARTESIAN_POINT('',(-0.0522496723287105,0.0111998024631142,0.0335));
#15462=CARTESIAN_POINT('',(-0.0522496723287105,0.0111998024631142,0.0523));
#15463=CARTESIAN_POINT('',(-0.0522496723287105,0.0111998024631142,0.0523));
#15464=CARTESIAN_POINT('',(-0.0409996723287105,0.0111998024631142,0.0523));
#15465=CARTESIAN_POINT('',(-0.0522496723287105,-0.0209001975368858,0.0523));
#15466=CARTESIAN_POINT('',(-0.0522496723287105,-0.0209001975368858,0.0335));
#15467=CARTESIAN_POINT('',(-0.0522496723287105,-0.0530001975368858,0.0335));
#15468=CARTESIAN_POINT('',(-0.0522496723287105,-0.0530001975368859,0.0523));
#15469=CARTESIAN_POINT('',(-0.0522496723287105,-0.0530001975368859,0.0523));
#15470=CARTESIAN_POINT('',(-0.0522496723287105,-0.0209001975368858,0.0523));
#15471=CARTESIAN_POINT('',(-0.0409996723287105,-0.0530001975368858,0.0523));
#15472=CARTESIAN_POINT('',(-0.0409996723287105,-0.0530001975368858,0.0335));
#15473=CARTESIAN_POINT('',(-0.0409996723287105,-0.0530001975368858,0.0523));
#15474=CARTESIAN_POINT('',(-0.0409996723287105,-0.0209001975368858,0.0523));
#15475=CARTESIAN_POINT('',(-0.0409996723287105,-1.97536885793159E-7,0.0523));
#15476=CARTESIAN_POINT('',(-0.0419496723287105,-1.97536885793568E-7,0.0523));
#15477=CARTESIAN_POINT('',(-0.0409996723287105,-0.0209001975368858,0.0335));
#15478=CARTESIAN_POINT('',(-0.0409996723287105,-1.97536885807037E-7,0.0643));
#15479=CARTESIAN_POINT('',(-0.0409996723287105,-1.97536885807037E-7,0.0643));
#15480=CARTESIAN_POINT('',(-0.0419496723287105,-1.97536885807446E-7,0.0643));
#15481=CARTESIAN_POINT('',(-0.0409996723287105,-0.0209001975368858,0.0643));
#15482=CARTESIAN_POINT('',(-0.0694665490260601,0.0942070019328892,0.06926377389431));
#15483=CARTESIAN_POINT('',(-0.00124967232871052,-0.0209001975368858,0.0523));
#15484=CARTESIAN_POINT('',(-0.00124967232871054,-0.0209001975368858,0.0335));
#15485=CARTESIAN_POINT('',(-0.00124967232871055,0.0111998024631142,0.0335));
#15486=CARTESIAN_POINT('',(-0.00124967232871053,-0.0530001975368858,0.0335));
#15487=CARTESIAN_POINT('',(-0.00124967232871051,-0.0530001975368858,0.0523));
#15488=CARTESIAN_POINT('',(-0.00124967232871051,-0.0530001975368858,0.0523));
#15489=CARTESIAN_POINT('',(-0.00124967232871052,-0.0209001975368858,0.0523));
#15490=CARTESIAN_POINT('',(-0.00124967232871054,0.0111998024631142,0.0523));
#15491=CARTESIAN_POINT('',(-0.00124967232871054,0.0111998024631142,0.0523));
#15492=CARTESIAN_POINT('',(0.0100003276712895,0.0111998024631142,0.0523));
#15493=CARTESIAN_POINT('',(0.0100003276712894,0.0111998024631142,0.0335));
#15494=CARTESIAN_POINT('',(0.0212503276712895,0.0111998024631142,0.0335));
#15495=CARTESIAN_POINT('',(0.0100003276712895,0.0111998024631142,0.0523));
#15496=CARTESIAN_POINT('',(0.0212503276712895,0.0111998024631142,0.0523));
#15497=CARTESIAN_POINT('',(0.0212503276712895,0.0111998024631142,0.0523));
#15498=CARTESIAN_POINT('',(0.0212503276712895,-0.0209001975368858,0.0523));
#15499=CARTESIAN_POINT('',(0.0212503276712895,-0.0209001975368858,0.0335));
#15500=CARTESIAN_POINT('',(0.0212503276712895,-0.0530001975368858,0.0335));
#15501=CARTESIAN_POINT('',(0.0212503276712895,-0.0209001975368858,0.0523));
#15502=CARTESIAN_POINT('',(0.0212503276712895,-0.0530001975368858,0.0523));
#15503=CARTESIAN_POINT('',(0.0212503276712895,-0.0530001975368858,0.0523));
#15504=CARTESIAN_POINT('',(0.0100003276712895,-0.0530001975368858,0.0523));
#15505=CARTESIAN_POINT('',(0.0100003276712895,-0.0530001975368858,0.0335));
#15506=CARTESIAN_POINT('',(0.0100003276712895,-0.0530001975368858,0.0523));
#15507=CARTESIAN_POINT('',(0.0100003276712895,-0.0209001975368858,0.0523));
#15508=CARTESIAN_POINT('',(0.0100003276712894,-1.97536885779281E-7,0.0523));
#15509=CARTESIAN_POINT('',(0.0109503276712894,-1.97536885778989E-7,0.0523));
#15510=CARTESIAN_POINT('',(0.0100003276712895,-0.0209001975368858,0.0335));
#15511=CARTESIAN_POINT('',(0.0100003276712895,-1.97536885793159E-7,0.0643));
#15512=CARTESIAN_POINT('',(0.0100003276712895,-1.97536885793159E-7,0.0643));
#15513=CARTESIAN_POINT('',(0.0109503276712895,-1.97536885792866E-7,0.0643));
#15514=CARTESIAN_POINT('',(0.0100003276712895,-0.0209001975368858,0.0643));
#15515=CARTESIAN_POINT('',(-0.0694665490260601,0.0942070019328892,0.06926377389431));
#15516=CARTESIAN_POINT('',(-0.0767517335357974,0.327359629872881,0.0766009075872025));
#15517=CARTESIAN_POINT('',(0.01,-0.1714,-0.03995));
#15518=CARTESIAN_POINT('',(0.00976601258306035,-0.171131395174796,-0.03995));
#15519=CARTESIAN_POINT('',(0.0180559283698792,-0.163909871957078,-0.03995));
#15520=CARTESIAN_POINT('',(0.0127701250014043,-0.168514448496977,-0.03995));
#15521=CARTESIAN_POINT('',(0.01,-0.1714,-0.03995));
#15522=CARTESIAN_POINT('',(0.0118903143964076,-0.167874845892343,-0.03995));
#15523=CARTESIAN_POINT('',(0.0141790003083612,-0.161205406921503,-0.03995));
#15524=CARTESIAN_POINT('',(0.0141731854991472,-0.161222351804581,-0.03995));
#15525=CARTESIAN_POINT('',(0.01,-0.1714,-0.03995));
#15526=CARTESIAN_POINT('',(0.01,-0.1714,-0.03995));
#15527=CARTESIAN_POINT('',(0.00967223554237675,-0.171539531801852,-0.03995));
#15528=CARTESIAN_POINT('',(0.00536588368865332,-0.161423779973712,-0.03995));
#15529=CARTESIAN_POINT('',(0.00811169314192212,-0.167873770113884,-0.03995));
#15530=CARTESIAN_POINT('',(0.01,-0.1714,-0.03995));
#15531=CARTESIAN_POINT('',(0.00723151848816935,-0.168512871648393,-0.03995));
#15532=CARTESIAN_POINT('',(0.00159574793650008,-0.164275232013141,-0.03995));
#15533=CARTESIAN_POINT('',(0.00161006660310309,-0.164285998482174,-0.03995));
#15534=CARTESIAN_POINT('',(0.01,-0.1714,-0.03995));
#15535=CARTESIAN_POINT('',(0.01,-0.1714,-0.03995));
#15536=CARTESIAN_POINT('',(0.0100314178418243,-0.171754840221261,-0.03995));
#15537=CARTESIAN_POINT('',(-0.000919969758111524,-0.172724484987429,-0.03995));
#15538=CARTESIAN_POINT('',(0.00606283717911405,-0.172106221581257,-0.03995));
#15539=CARTESIAN_POINT('',(0.01,-0.1714,-0.03995));
#15540=CARTESIAN_POINT('',(0.00639866993205534,-0.173140810656481,-0.03995));
#15541=CARTESIAN_POINT('',(0.000626886266374366,-0.17719124430066,-0.03995));
#15542=CARTESIAN_POINT('',(0.000641550498222679,-0.177180953461384,-0.03995));
#15543=CARTESIAN_POINT('',(0.01,-0.1714,-0.03995));
#15544=CARTESIAN_POINT('',(0.01,-0.1714,-0.03995));
#15545=CARTESIAN_POINT('',(0.0103471817517238,-0.171479771515462,-0.03995));
#15546=CARTESIAN_POINT('',(0.00788526540387425,-0.1821945288482,-0.03995));
#15547=CARTESIAN_POINT('',(0.00945500641552795,-0.175362698826921,-0.03995));
#15548=CARTESIAN_POINT('',(0.01,-0.1714,-0.03995));
#15549=CARTESIAN_POINT('',(0.0105427371251339,-0.17536300850529,-0.03995));
#15550=CARTESIAN_POINT('',(0.0126113491957008,-0.182103953801821,-0.03995));
#15551=CARTESIAN_POINT('',(0.012606093522799,-0.182086827244342,-0.03995));
#15552=CARTESIAN_POINT('',(0.01,-0.1714,-0.03995));
#15553=CARTESIAN_POINT('',(0.00790186232416035,-0.182198046966615,-0.03995));
#15554=CARTESIAN_POINT('',(0.0079972322185167,-0.18170722664995,-0.03995));
#15555=CARTESIAN_POINT('',(0.01,-0.1714,-0.01495));
#15556=CARTESIAN_POINT('',(0.00811169314192212,-0.167873770113884,-0.03995));
#15557=CARTESIAN_POINT('',(0.0083446527518155,-0.167749019532321,-0.03995));
#15558=CARTESIAN_POINT('',(0.0085665282018188,-0.167665678294011,-0.0397142601455254));
#15559=CARTESIAN_POINT('',(0.0085665282018188,-0.167665678294011,-0.03945));
#15560=CARTESIAN_POINT('',(0.0085665282018188,-0.167665678294011,-0.03945));
#15561=CARTESIAN_POINT('',(0.0085665282018188,-0.167665678294011,-0.02695));
#15562=CARTESIAN_POINT('',(0.0085665282018188,-0.167665678294011,-0.02745));
#15563=CARTESIAN_POINT('',(0.0085665282018188,-0.167665678294011,-0.02745));
#15564=CARTESIAN_POINT('',(0.0085665282018188,-0.167665678294011,-0.0271857293871787));
#15565=CARTESIAN_POINT('',(0.00834466818908803,-0.167749011265615,-0.0269500000000001));
#15566=CARTESIAN_POINT('',(0.00811169314192212,-0.167873770113884,-0.02695));
#15567=CARTESIAN_POINT('',(0.00811169314192212,-0.167873770113885,-0.02695));
#15568=CARTESIAN_POINT('',(0.01,-0.1714,-0.02695));
#15569=CARTESIAN_POINT('',(0.00723151848816935,-0.168512871648393,-0.02695));
#15570=CARTESIAN_POINT('',(0.00723151848816935,-0.168512871648393,-0.02695));
#15571=CARTESIAN_POINT('',(0.00704030213831197,-0.168696229942473,-0.0269499999999999));
#15572=CARTESIAN_POINT('',(0.00689141615417212,-0.1688827184358,-0.0271850297767354));
#15573=CARTESIAN_POINT('',(0.00689141615417212,-0.1688827184358,-0.02745));
#15574=CARTESIAN_POINT('',(0.00689141615417211,-0.1688827184358,-0.02745));
#15575=CARTESIAN_POINT('',(0.00689141615417211,-0.1688827184358,-0.02695));
#15576=CARTESIAN_POINT('',(0.00689141615417211,-0.1688827184358,-0.03945));
#15577=CARTESIAN_POINT('',(0.00689141615417211,-0.1688827184358,-0.03945));
#15578=CARTESIAN_POINT('',(0.00689141615417211,-0.1688827184358,-0.0397149607144021));
#15579=CARTESIAN_POINT('',(0.00704029592073697,-0.168696235904536,-0.0399500000000001));
#15580=CARTESIAN_POINT('',(0.00723151848816935,-0.168512871648393,-0.03995));
#15581=CARTESIAN_POINT('',(0.00606283717911405,-0.172106221581257,-0.03995));
#15582=CARTESIAN_POINT('',(0.00601618080406724,-0.171846113776473,-0.0399499999999999));
#15583=CARTESIAN_POINT('',(0.0060054818609817,-0.171609343824972,-0.0397142601455252));
#15584=CARTESIAN_POINT('',(0.0060054818609817,-0.171609343824972,-0.03945));
#15585=CARTESIAN_POINT('',(0.0060054818609817,-0.171609343824972,-0.03945));
#15586=CARTESIAN_POINT('',(0.0060054818609817,-0.171609343824972,-0.02695));
#15587=CARTESIAN_POINT('',(0.0060054818609817,-0.171609343824972,-0.02745));
#15588=CARTESIAN_POINT('',(0.0060054818609817,-0.171609343824972,-0.02745));
#15589=CARTESIAN_POINT('',(0.0060054818609817,-0.171609343824972,-0.0271857293871791));
#15590=CARTESIAN_POINT('',(0.0060161777123417,-0.171846096540202,-0.02695));
#15591=CARTESIAN_POINT('',(0.00606283717911405,-0.172106221581257,-0.02695));
#15592=CARTESIAN_POINT('',(0.00606283717911405,-0.172106221581257,-0.02695));
#15593=CARTESIAN_POINT('',(0.01,-0.1714,-0.02695));
#15594=CARTESIAN_POINT('',(0.00639866993205534,-0.173140810656481,-0.02695));
#15595=CARTESIAN_POINT('',(0.00639866993205534,-0.173140810656481,-0.02695));
#15596=CARTESIAN_POINT('',(0.00651396493074831,-0.173379329040965,-0.0269500000000001));
#15597=CARTESIAN_POINT('',(0.0066453177282183,-0.17357855614006,-0.0271850297767353));
#15598=CARTESIAN_POINT('',(0.0066453177282183,-0.17357855614006,-0.02745));
#15599=CARTESIAN_POINT('',(0.0066453177282183,-0.17357855614006,-0.02745));
#15600=CARTESIAN_POINT('',(0.0066453177282183,-0.17357855614006,-0.02695));
#15601=CARTESIAN_POINT('',(0.0066453177282183,-0.17357855614006,-0.03945));
#15602=CARTESIAN_POINT('',(0.0066453177282183,-0.17357855614006,-0.03945));
#15603=CARTESIAN_POINT('',(0.0066453177282183,-0.17357855614006,-0.0397149607144021));
#15604=CARTESIAN_POINT('',(0.00651396867967094,-0.173379336796609,-0.0399499999999999));
#15605=CARTESIAN_POINT('',(0.00639866993205534,-0.173140810656481,-0.03995));
#15606=CARTESIAN_POINT('',(0.00945500641552795,-0.175362698826921,-0.03995));
#15607=CARTESIAN_POINT('',(0.00919321158006373,-0.175326693944389,-0.03995));
#15608=CARTESIAN_POINT('',(0.00896472381958992,-0.175263703305157,-0.0397142601455253));
#15609=CARTESIAN_POINT('',(0.00896472381958992,-0.175263703305156,-0.03945));
#15610=CARTESIAN_POINT('',(0.00896472381958992,-0.175263703305156,-0.03945));
#15611=CARTESIAN_POINT('',(0.00896472381958992,-0.175263703305156,-0.02695));
#15612=CARTESIAN_POINT('',(0.00896472381958992,-0.175263703305156,-0.02745));
#15613=CARTESIAN_POINT('',(0.00896472381958992,-0.175263703305156,-0.02745));
#15614=CARTESIAN_POINT('',(0.00896472381958992,-0.175263703305156,-0.0271857293871789));
#15615=CARTESIAN_POINT('',(0.0091931942319998,-0.175326691558494,-0.02695));
#15616=CARTESIAN_POINT('',(0.00945500641552795,-0.175362698826921,-0.02695));
#15617=CARTESIAN_POINT('',(0.00945500641552795,-0.175362698826921,-0.02695));
#15618=CARTESIAN_POINT('',(0.01,-0.1714,-0.02695));
#15619=CARTESIAN_POINT('',(0.0105427371251339,-0.17536300850529,-0.02695));
#15620=CARTESIAN_POINT('',(0.0105427371251339,-0.17536300850529,-0.02695));
#15621=CARTESIAN_POINT('',(0.0108052097029163,-0.175327062679763,-0.02695));
#15622=CARTESIAN_POINT('',(0.0110352761804101,-0.175263703305156,-0.0271850297767354));
#15623=CARTESIAN_POINT('',(0.0110352761804101,-0.175263703305156,-0.02745));
#15624=CARTESIAN_POINT('',(0.0110352761804101,-0.175263703305156,-0.02745));
#15625=CARTESIAN_POINT('',(0.0110352761804101,-0.175263703305156,-0.02695));
#15626=CARTESIAN_POINT('',(0.0110352761804101,-0.175263703305156,-0.03945));
#15627=CARTESIAN_POINT('',(0.0110352761804101,-0.175263703305156,-0.03945));
#15628=CARTESIAN_POINT('',(0.0110352761804101,-0.175263703305156,-0.0397149607144021));
#15629=CARTESIAN_POINT('',(0.010805218237453,-0.175327061510952,-0.03995));
#15630=CARTESIAN_POINT('',(0.0105427371251339,-0.17536300850529,-0.03995));
#15631=CARTESIAN_POINT('',(0.01,-0.1714,-0.03995));
#15632=CARTESIAN_POINT('',(0.0136003382620316,-0.173142860980959,-0.03995));
#15633=CARTESIAN_POINT('',(0.0139367600582338,-0.172108463297493,-0.03995));
#15634=CARTESIAN_POINT('',(0.0136003382620316,-0.173142860980959,-0.03995));
#15635=CARTESIAN_POINT('',(0.0134851965306824,-0.173380716544577,-0.0399500000000001));
#15636=CARTESIAN_POINT('',(0.0133546822717817,-0.17357855614006,-0.0397142601455253));
#15637=CARTESIAN_POINT('',(0.0133546822717817,-0.17357855614006,-0.03945));
#15638=CARTESIAN_POINT('',(0.0133546822717817,-0.17357855614006,-0.03945));
#15639=CARTESIAN_POINT('',(0.0133546822717817,-0.17357855614006,-0.02695));
#15640=CARTESIAN_POINT('',(0.0133546822717817,-0.17357855614006,-0.02745));
#15641=CARTESIAN_POINT('',(0.0133546822717817,-0.17357855614006,-0.02745));
#15642=CARTESIAN_POINT('',(0.0133546822717817,-0.17357855614006,-0.0271857293871788));
#15643=CARTESIAN_POINT('',(0.0134851889007148,-0.173380732306284,-0.02695));
#15644=CARTESIAN_POINT('',(0.0136003382620316,-0.17314286098096,-0.02695));
#15645=CARTESIAN_POINT('',(0.0136003382620316,-0.173142860980959,-0.02695));
#15646=CARTESIAN_POINT('',(0.01,-0.1714,-0.02695));
#15647=CARTESIAN_POINT('',(0.0139367600582338,-0.172108463297493,-0.02695));
#15648=CARTESIAN_POINT('',(0.0139367600582338,-0.172108463297493,-0.02695));
#15649=CARTESIAN_POINT('',(0.0139836820337252,-0.17184772917108,-0.02695));
#15650=CARTESIAN_POINT('',(0.0139945181390183,-0.171609343824972,-0.0271850297767355));
#15651=CARTESIAN_POINT('',(0.0139945181390183,-0.171609343824972,-0.02745));
#15652=CARTESIAN_POINT('',(0.0139945181390183,-0.171609343824972,-0.02745));
#15653=CARTESIAN_POINT('',(0.0139945181390183,-0.171609343824972,-0.02695));
#15654=CARTESIAN_POINT('',(0.0139945181390183,-0.171609343824972,-0.03945));
#15655=CARTESIAN_POINT('',(0.0139945181390183,-0.171609343824972,-0.03945));
#15656=CARTESIAN_POINT('',(0.0139945181390183,-0.171609343824972,-0.0397149607144019));
#15657=CARTESIAN_POINT('',(0.0139836835594362,-0.17184772069307,-0.03995));
#15658=CARTESIAN_POINT('',(0.0139367600582338,-0.172108463297493,-0.03995));
#15659=CARTESIAN_POINT('',(0.0114334717981812,-0.167665678294011,-0.03945));
#15660=CARTESIAN_POINT('',(0.0114334717981812,-0.167665678294011,-0.0397149607144022));
#15661=CARTESIAN_POINT('',(0.0116568336027028,-0.167749645094832,-0.03995));
#15662=CARTESIAN_POINT('',(0.0118903143964076,-0.167874845892343,-0.03995));
#15663=CARTESIAN_POINT('',(0.0114334717981812,-0.167665678294011,-0.03945));
#15664=CARTESIAN_POINT('',(0.0127701250014043,-0.168514448496977,-0.03995));
#15665=CARTESIAN_POINT('',(0.0129607583333712,-0.168697456202239,-0.0399500000000001));
#15666=CARTESIAN_POINT('',(0.0131085838458279,-0.168882718435801,-0.0397142601455253));
#15667=CARTESIAN_POINT('',(0.0131085838458279,-0.1688827184358,-0.03945));
#15668=CARTESIAN_POINT('',(0.0131085838458279,-0.1688827184358,-0.03945));
#15669=CARTESIAN_POINT('',(0.0131085838458279,-0.1688827184358,-0.02695));
#15670=CARTESIAN_POINT('',(0.0131085838458279,-0.1688827184358,-0.02745));
#15671=CARTESIAN_POINT('',(0.0131085838458279,-0.1688827184358,-0.02745));
#15672=CARTESIAN_POINT('',(0.0131085838458279,-0.1688827184358,-0.0271857293871789));
#15673=CARTESIAN_POINT('',(0.0129607709658558,-0.168697468329405,-0.02695));
#15674=CARTESIAN_POINT('',(0.0127701250014043,-0.168514448496977,-0.02695));
#15675=CARTESIAN_POINT('',(0.0127701250014043,-0.168514448496977,-0.02695));
#15676=CARTESIAN_POINT('',(0.01,-0.1714,-0.02695));
#15677=CARTESIAN_POINT('',(0.0118903143964076,-0.167874845892343,-0.02695));
#15678=CARTESIAN_POINT('',(0.0118903143964076,-0.167874845892343,-0.02695));
#15679=CARTESIAN_POINT('',(0.0116568411942981,-0.167749649165719,-0.02695));
#15680=CARTESIAN_POINT('',(0.0114334717981812,-0.167665678294011,-0.0271850297767353));
#15681=CARTESIAN_POINT('',(0.0114334717981812,-0.167665678294011,-0.02745));
#15682=CARTESIAN_POINT('',(0.0114334717981812,-0.167665678294011,-0.02745));
#15683=CARTESIAN_POINT('',(0.0114334717981812,-0.167665678294011,-0.02695));
#15684=CARTESIAN_POINT('',(0.01,-0.1714,-0.00895));
#15685=CARTESIAN_POINT('',(0.014,-0.1714,-0.00895));
#15686=CARTESIAN_POINT('',(0.01,-0.1714,-0.05895));
#15687=CARTESIAN_POINT('',(0.014,-0.1714,-0.05895));
#15688=CARTESIAN_POINT('',(0.01,-0.1714,-0.03995));
#15689=CARTESIAN_POINT('',(0.0101831522810147,-0.171094461286629,-0.03995));
#15690=CARTESIAN_POINT('',(0.0196129538548664,-0.176747066315673,-0.03995));
#15691=CARTESIAN_POINT('',(0.0209870162930634,-0.172224162962874,-0.03995));
#15692=CARTESIAN_POINT('',(0.020969103876728,-0.172223869007519,-0.03995));
#15693=CARTESIAN_POINT('',(0.01,-0.1714,-0.03995));
#15694=CARTESIAN_POINT('',(0.0118,-0.1714,-0.00895));
#15695=CARTESIAN_POINT('',(0.0118,-0.1714,-0.01495));
#15696=CARTESIAN_POINT('',(0.0118,-0.169455134966122,-0.01495));
#15697=CARTESIAN_POINT('',(0.0118,-0.173344865033877,-0.01495));
#15698=CARTESIAN_POINT('',(0.0118,-0.173344865033877,-0.00895));
#15699=CARTESIAN_POINT('',(0.0118,-0.173344865033877,-0.00895));
#15700=CARTESIAN_POINT('',(0.0118,-0.1714,-0.00895));
#15701=CARTESIAN_POINT('',(0.0118,-0.169455134966122,-0.00895));
#15702=CARTESIAN_POINT('',(0.0118,-0.169455134966122,-0.00895));
#15703=CARTESIAN_POINT('',(0.01,-0.1714,-0.00895));
#15704=CARTESIAN_POINT('',(0.01,-0.1714,-0.01495));
#15705=CARTESIAN_POINT('',(0.0082,-0.173344865033877,-0.01495));
#15706=CARTESIAN_POINT('',(0.0082,-0.173344865033877,-0.00895));
#15707=CARTESIAN_POINT('',(0.0082,-0.173344865033877,-0.00895));
#15708=CARTESIAN_POINT('',(0.01,-0.1714,-0.00895));
#15709=CARTESIAN_POINT('',(0.0082,-0.1714,-0.00895));
#15710=CARTESIAN_POINT('',(0.0082,-0.1714,-0.01495));
#15711=CARTESIAN_POINT('',(0.0082,-0.169455134966122,-0.01495));
#15712=CARTESIAN_POINT('',(0.0082,-0.169455134966122,-0.00895));
#15713=CARTESIAN_POINT('',(0.0082,-0.169455134966122,-0.00895));
#15714=CARTESIAN_POINT('',(0.0082,-0.1714,-0.00895));
#15715=CARTESIAN_POINT('',(0.01,-0.1714,-0.00895));
#15716=CARTESIAN_POINT('',(0.01,-0.1714,-0.01495));
#15717=CARTESIAN_POINT('',(0.01,-0.1714,-0.00895));
#15718=CARTESIAN_POINT('',(0.01,-0.1714,-0.00895));
#15719=CARTESIAN_POINT('',(0.01,-0.1714,-0.01495));
#15720=CARTESIAN_POINT('',(0.00719528410313824,-0.16444458408963,-0.02695));
#15721=CARTESIAN_POINT('',(0.00719528410313824,-0.16444458408963,-0.03945));
#15722=CARTESIAN_POINT('',(0.00582404000445768,-0.161223489885249,-0.03945));
#15723=CARTESIAN_POINT('',(0.00582404000445768,-0.161223489885249,-0.02695));
#15724=CARTESIAN_POINT('',(0.00582404000445781,-0.161223489885249,-0.02745));
#15725=CARTESIAN_POINT('',(0.0085665282018188,-0.167665678294011,-0.02745));
#15726=CARTESIAN_POINT('',(0.0100864039893696,-0.171285088610465,-0.03995));
#15727=CARTESIAN_POINT('',(0.0100864039893696,-0.171285088610465,-0.02745));
#15728=CARTESIAN_POINT('',(0.00129525750129728,-0.164674863716528,-0.02745));
#15729=CARTESIAN_POINT('',(0.00129525750129728,-0.164674863716528,-0.02695));
#15730=CARTESIAN_POINT('',(0.00129525750129728,-0.164674863716528,-0.03945));
#15731=CARTESIAN_POINT('',(0.00689141615417212,-0.1688827184358,-0.03945));
#15732=CARTESIAN_POINT('',(0.01,-0.1714,-0.02695));
#15733=CARTESIAN_POINT('',(0.01,-0.1714,-0.02695));
#15734=CARTESIAN_POINT('',(0.00536588368865332,-0.161423779973712,-0.02695));
#15735=CARTESIAN_POINT('',(0.00161006660310309,-0.164285998482174,-0.02695));
#15736=CARTESIAN_POINT('',(0.0103868944245723,-0.170885456907079,-0.02695));
#15737=CARTESIAN_POINT('',(0.00536399180228455,-0.161419335874938,-0.02695));
#15738=CARTESIAN_POINT('',(0.0103868944245723,-0.170885456907079,-0.02745));
#15739=CARTESIAN_POINT('',(0.00129525750129728,-0.164674863716528,-0.02745));
#15740=CARTESIAN_POINT('',(0.00129525750129728,-0.164674863716528,-0.0271857800922256));
#15741=CARTESIAN_POINT('',(0.00143919086533483,-0.164487521641177,-0.02695));
#15742=CARTESIAN_POINT('',(0.00161006660310309,-0.164285998482174,-0.02695));
#15743=CARTESIAN_POINT('',(0.0103868944245723,-0.170885456907079,-0.03945));
#15744=CARTESIAN_POINT('',(0.00161006660310309,-0.164285998482174,-0.03995));
#15745=CARTESIAN_POINT('',(0.00143919160931737,-0.164487520763757,-0.03995));
#15746=CARTESIAN_POINT('',(0.00129525750129728,-0.164674863716528,-0.0397142211646424));
#15747=CARTESIAN_POINT('',(0.00129525750129728,-0.164674863716528,-0.03945));
#15748=CARTESIAN_POINT('',(0.00673523590096511,-0.164640430079319,-0.03945));
#15749=CARTESIAN_POINT('',(0.00582404000445769,-0.161223489885249,-0.03945));
#15750=CARTESIAN_POINT('',(0.00582404000445769,-0.161223489885249,-0.039714129880948));
#15751=CARTESIAN_POINT('',(0.0056054314902245,-0.161312506127337,-0.03995));
#15752=CARTESIAN_POINT('',(0.00536588368865332,-0.161423779973712,-0.03995));
#15753=CARTESIAN_POINT('',(0.00967223554237675,-0.171539531801852,-0.02745));
#15754=CARTESIAN_POINT('',(0.00536588368865332,-0.161423779973712,-0.02695));
#15755=CARTESIAN_POINT('',(0.00560542933573211,-0.161312507128134,-0.02695));
#15756=CARTESIAN_POINT('',(0.00582404000445769,-0.161223489885249,-0.0271858715520768));
#15757=CARTESIAN_POINT('',(0.00582404000445769,-0.161223489885249,-0.02745));
#15758=CARTESIAN_POINT('',(0.0100000000000002,-0.1714,-0.04095));
#15759=CARTESIAN_POINT('',(0.01,-0.1714,-0.02695));
#15760=CARTESIAN_POINT('',(-0.000919969758111721,-0.172724484987429,-0.02695));
#15761=CARTESIAN_POINT('',(-0.000919969758111725,-0.172724484987429,-0.02695));
#15762=CARTESIAN_POINT('',(-0.00095177284710974,-0.172462278338528,-0.02695));
#15763=CARTESIAN_POINT('',(-0.000968878864230019,-0.172226859396662,-0.0271858715520771));
#15764=CARTESIAN_POINT('',(-0.000968878864230019,-0.172226859396662,-0.02745));
#15765=CARTESIAN_POINT('',(-0.000968878864230023,-0.172226859396662,-0.02745));
#15766=CARTESIAN_POINT('',(-0.000968878864230023,-0.172226859396662,-0.02695));
#15767=CARTESIAN_POINT('',(-0.000968878864230023,-0.172226859396662,-0.03945));
#15768=CARTESIAN_POINT('',(-0.000968878864230023,-0.172226859396662,-0.03945));
#15769=CARTESIAN_POINT('',(-0.000968878864230023,-0.172226859396662,-0.0397141298809479));
#15770=CARTESIAN_POINT('',(-0.000951773133149211,-0.172462275980221,-0.0399499999999999));
#15771=CARTESIAN_POINT('',(-0.000919969758111721,-0.172724484987429,-0.03995));
#15772=CARTESIAN_POINT('',(0.01,-0.1714,-0.03995));
#15773=CARTESIAN_POINT('',(0.0100000000000002,-0.1714,-0.04095));
#15774=CARTESIAN_POINT('',(0.01,-0.1714,-0.03995));
#15775=CARTESIAN_POINT('',(0.0141731854991472,-0.161222351804581,-0.03995));
#15776=CARTESIAN_POINT('',(0.0139287231430755,-0.161122113838024,-0.03995));
#15777=CARTESIAN_POINT('',(0.0137060713216125,-0.161043116522857,-0.0397142211646425));
#15778=CARTESIAN_POINT('',(0.0137060713216125,-0.161043116522857,-0.03945));
#15779=CARTESIAN_POINT('',(0.0137060713216125,-0.161043116522857,-0.03945));
#15780=CARTESIAN_POINT('',(0.0137060713216125,-0.161043116522857,-0.02695));
#15781=CARTESIAN_POINT('',(0.0137060713216125,-0.161043116522857,-0.02745));
#15782=CARTESIAN_POINT('',(0.0137060713216125,-0.161043116522857,-0.02745));
#15783=CARTESIAN_POINT('',(0.0137060713216125,-0.161043116522857,-0.0271857800922255));
#15784=CARTESIAN_POINT('',(0.0139287220786966,-0.161122113401592,-0.02695));
#15785=CARTESIAN_POINT('',(0.0141731854991472,-0.161222351804581,-0.02695));
#15786=CARTESIAN_POINT('',(0.0141731854991472,-0.161222351804581,-0.02695));
#15787=CARTESIAN_POINT('',(0.01,-0.1714,-0.02695));
#15788=CARTESIAN_POINT('',(0.0157482887485765,-0.166583214950683,-0.02695));
#15789=CARTESIAN_POINT('',(0.0157482887485765,-0.166583214950683,-0.03945));
#15790=CARTESIAN_POINT('',(0.018387993651325,-0.164283711465565,-0.03945));
#15791=CARTESIAN_POINT('',(0.018387993651325,-0.164283711465565,-0.02695));
#15792=CARTESIAN_POINT('',(0.018387993651325,-0.164283711465565,-0.02745));
#15793=CARTESIAN_POINT('',(0.0131085838458279,-0.1688827184358,-0.02745));
#15794=CARTESIAN_POINT('',(0.0101359875269108,-0.171446665504911,-0.03995));
#15795=CARTESIAN_POINT('',(0.0101359875269108,-0.171446665504911,-0.02745));
#15796=CARTESIAN_POINT('',(0.0114334717981812,-0.167665678294011,-0.03945));
#15797=CARTESIAN_POINT('',(0.01,-0.1714,-0.02695));
#15798=CARTESIAN_POINT('',(0.01,-0.1714,-0.02695));
#15799=CARTESIAN_POINT('',(0.0180559283698792,-0.163909871957078,-0.02695));
#15800=CARTESIAN_POINT('',(0.0106089165136595,-0.171608955903557,-0.02695));
#15801=CARTESIAN_POINT('',(0.0180595703339379,-0.163906699364173,-0.02695));
#15802=CARTESIAN_POINT('',(0.0106089165136595,-0.171608955903557,-0.02745));
#15803=CARTESIAN_POINT('',(0.0106089165136595,-0.171608955903557,-0.03945));
#15804=CARTESIAN_POINT('',(0.0154198654311893,-0.16620620284929,-0.03945));
#15805=CARTESIAN_POINT('',(0.018387993651325,-0.164283711465565,-0.03945));
#15806=CARTESIAN_POINT('',(0.018387993651325,-0.164283711465565,-0.039714129880948));
#15807=CARTESIAN_POINT('',(0.018235780428218,-0.164103309945167,-0.03995));
#15808=CARTESIAN_POINT('',(0.0180559283698792,-0.163909871957078,-0.03995));
#15809=CARTESIAN_POINT('',(0.00976601258306035,-0.171131395174796,-0.02745));
#15810=CARTESIAN_POINT('',(0.0180559283698792,-0.163909871957078,-0.02695));
#15811=CARTESIAN_POINT('',(0.018235778810629,-0.164103308205386,-0.0269500000000001));
#15812=CARTESIAN_POINT('',(0.018387993651325,-0.164283711465565,-0.0271858715520769));
#15813=CARTESIAN_POINT('',(0.018387993651325,-0.164283711465565,-0.02745));
#15814=CARTESIAN_POINT('',(0.0100000000000002,-0.1714,-0.04095));
#15815=CARTESIAN_POINT('',(0.01,-0.1714,-0.03995));
#15816=CARTESIAN_POINT('',(0.020969103876728,-0.172223869007519,-0.03995));
#15817=CARTESIAN_POINT('',(0.0209888928254916,-0.17196039625564,-0.0399500000000001));
#15818=CARTESIAN_POINT('',(0.0209952205401905,-0.171724230277076,-0.0397142211646424));
#15819=CARTESIAN_POINT('',(0.0209952205401905,-0.171724230277076,-0.03945));
#15820=CARTESIAN_POINT('',(0.0209952205401905,-0.171724230277076,-0.03945));
#15821=CARTESIAN_POINT('',(0.0209952205401905,-0.171724230277076,-0.02695));
#15822=CARTESIAN_POINT('',(0.0209952205401905,-0.171724230277076,-0.02745));
#15823=CARTESIAN_POINT('',(0.0209952205401905,-0.171724230277076,-0.02745));
#15824=CARTESIAN_POINT('',(0.0209952205401905,-0.171724230277076,-0.0271857800922256));
#15825=CARTESIAN_POINT('',(0.0209888929116518,-0.17196039510849,-0.0269499999999999));
#15826=CARTESIAN_POINT('',(0.020969103876728,-0.172223869007519,-0.02695));
#15827=CARTESIAN_POINT('',(0.020969103876728,-0.172223869007519,-0.02695));
#15828=CARTESIAN_POINT('',(0.01,-0.1714,-0.02695));
#15829=CARTESIAN_POINT('',(0.00251830149837584,-0.171918101610817,-0.02695));
#15830=CARTESIAN_POINT('',(0.0060054818609817,-0.171609343824972,-0.02745));
#15831=CARTESIAN_POINT('',(0.00251830149837584,-0.171918101610817,-0.03945));
#15832=CARTESIAN_POINT('',(0.00991741307528313,-0.171282315350662,-0.03995));
#15833=CARTESIAN_POINT('',(0.00991741307528313,-0.171282315350662,-0.02745));
#15834=CARTESIAN_POINT('',(0.000914101950873485,-0.177600520674982,-0.02745));
#15835=CARTESIAN_POINT('',(0.000914101950873485,-0.177600520674982,-0.02695));
#15836=CARTESIAN_POINT('',(0.000914101950873485,-0.177600520674982,-0.03945));
#15837=CARTESIAN_POINT('',(0.0066453177282183,-0.17357855614006,-0.03945));
#15838=CARTESIAN_POINT('',(0.01,-0.1714,-0.02695));
#15839=CARTESIAN_POINT('',(-0.000924780972249174,-0.172724910976243,-0.02695));
#15840=CARTESIAN_POINT('',(0.01,-0.1714,-0.02695));
#15841=CARTESIAN_POINT('',(0.000641550498222679,-0.177180953461384,-0.02695));
#15842=CARTESIAN_POINT('',(0.00963019739078402,-0.170873038976341,-0.02695));
#15843=CARTESIAN_POINT('',(0.0100314178418243,-0.171754840221261,-0.02745));
#15844=CARTESIAN_POINT('',(0.00963019739078402,-0.170873038976341,-0.02745));
#15845=CARTESIAN_POINT('',(0.000914101950873485,-0.177600520674982,-0.02745));
#15846=CARTESIAN_POINT('',(0.000914101950873485,-0.177600520674982,-0.0271857800922254));
#15847=CARTESIAN_POINT('',(0.000780406904879698,-0.177405740026157,-0.02695));
#15848=CARTESIAN_POINT('',(0.000641550498222679,-0.177180953461384,-0.02695));
#15849=CARTESIAN_POINT('',(0.00963019739078402,-0.170873038976341,-0.03945));
#15850=CARTESIAN_POINT('',(0.000641550498222675,-0.177180953461384,-0.03995));
#15851=CARTESIAN_POINT('',(0.000780406300307368,-0.17740573904745,-0.03995));
#15852=CARTESIAN_POINT('',(0.000914101950873487,-0.177600520674982,-0.0397142211646426));
#15853=CARTESIAN_POINT('',(0.000914101950873487,-0.177600520674982,-0.03945));
#15854=CARTESIAN_POINT('',(0.0025623993903567,-0.172416153190397,-0.03945));
#15855=CARTESIAN_POINT('',(0.0100000000000002,-0.1714,-0.04095));
#15856=CARTESIAN_POINT('',(0.01,-0.1714,-0.02695));
#15857=CARTESIAN_POINT('',(0.00790186232416035,-0.182198046966615,-0.02695));
#15858=CARTESIAN_POINT('',(0.00790186232416035,-0.182198046966615,-0.02695));
#15859=CARTESIAN_POINT('',(0.01,-0.1714,-0.03995));
#15860=CARTESIAN_POINT('',(0.00818077192927887,-0.178675620315481,-0.02695));
#15861=CARTESIAN_POINT('',(0.00818077192927887,-0.178675620315481,-0.03945));
#15862=CARTESIAN_POINT('',(0.00750993002026717,-0.181595259835308,-0.03945));
#15863=CARTESIAN_POINT('',(0.00750993002026717,-0.181595259835308,-0.02695));
#15864=CARTESIAN_POINT('',(0.00750993002026717,-0.181595259835308,-0.02745));
#15865=CARTESIAN_POINT('',(0.00896472381958992,-0.175263703305156,-0.02745));
#15866=CARTESIAN_POINT('',(0.00986255448412909,-0.17144217827629,-0.03995));
#15867=CARTESIAN_POINT('',(0.0130893486860262,-0.181957268808558,-0.02695));
#15868=CARTESIAN_POINT('',(0.0130893486860262,-0.181957268808558,-0.02745));
#15869=CARTESIAN_POINT('',(0.0130893486860262,-0.181957268808558,-0.03945));
#15870=CARTESIAN_POINT('',(0.0110352761804101,-0.175263703305156,-0.03945));
#15871=CARTESIAN_POINT('',(0.00986255448412909,-0.17144217827629,-0.02745));
#15872=CARTESIAN_POINT('',(0.01,-0.1714,-0.02695));
#15873=CARTESIAN_POINT('',(0.01,-0.1714,-0.02695));
#15874=CARTESIAN_POINT('',(0.0126060935227989,-0.182086827244342,-0.02695));
#15875=CARTESIAN_POINT('',(0.00938455499380377,-0.171588863269554,-0.02695));
#15876=CARTESIAN_POINT('',(0.00788412223721734,-0.182199504140447,-0.02695));
#15877=CARTESIAN_POINT('',(0.00788526540387425,-0.1821945288482,-0.02695));
#15878=CARTESIAN_POINT('',(0.0079972322185167,-0.18170722664995,-0.02695));
#15879=CARTESIAN_POINT('',(0.0103471817517238,-0.171479771515462,-0.02745));
#15880=CARTESIAN_POINT('',(0.0079972322185167,-0.18170722664995,-0.02745));
#15881=CARTESIAN_POINT('',(0.0086680741275284,-0.178787587130123,-0.03945));
#15882=CARTESIAN_POINT('',(0.0079972322185167,-0.18170722664995,-0.03945));
#15883=CARTESIAN_POINT('',(0.0079972322185167,-0.18170722664995,-0.02695));
#15884=CARTESIAN_POINT('',(0.00938455499380377,-0.171588863269554,-0.03945));
#15885=CARTESIAN_POINT('',(0.012606093522799,-0.182086827244342,-0.03995));
#15886=CARTESIAN_POINT('',(0.0128627861218082,-0.182024230095129,-0.03995));
#15887=CARTESIAN_POINT('',(0.0130893486860262,-0.181957268808558,-0.0397142211646425));
#15888=CARTESIAN_POINT('',(0.0130893486860262,-0.181957268808558,-0.03945));
#15889=CARTESIAN_POINT('',(0.00938455499380377,-0.171588863269554,-0.02745));
#15890=CARTESIAN_POINT('',(0.0130893486860262,-0.181957268808558,-0.02745));
#15891=CARTESIAN_POINT('',(0.0130893486860262,-0.181957268808558,-0.0271857800922255));
#15892=CARTESIAN_POINT('',(0.012862787239437,-0.182024229822584,-0.02695));
#15893=CARTESIAN_POINT('',(0.012606093522799,-0.182086827244343,-0.02695));
#15894=CARTESIAN_POINT('',(0.0100000000000002,-0.1714,-0.04095));
#15895=CARTESIAN_POINT('',(0.01,-0.1714,-0.03995));
#15896=CARTESIAN_POINT('',(0.01,-0.1714,-0.02695));
#15897=CARTESIAN_POINT('',(0.0196129538548666,-0.176747066315673,-0.02695));
#15898=CARTESIAN_POINT('',(0.0196129538548666,-0.176747066315673,-0.02695));
#15899=CARTESIAN_POINT('',(0.0194845618930628,-0.176977889337362,-0.02695));
#15900=CARTESIAN_POINT('',(0.0193600251694795,-0.177178401926719,-0.0271858715520768));
#15901=CARTESIAN_POINT('',(0.0193600251694795,-0.177178401926719,-0.02745));
#15902=CARTESIAN_POINT('',(0.0193600251694795,-0.177178401926719,-0.02745));
#15903=CARTESIAN_POINT('',(0.0193600251694795,-0.177178401926719,-0.02695));
#15904=CARTESIAN_POINT('',(0.0193600251694795,-0.177178401926719,-0.03945));
#15905=CARTESIAN_POINT('',(0.0193600251694795,-0.177178401926719,-0.03945));
#15906=CARTESIAN_POINT('',(0.0193600251694795,-0.177178401926719,-0.039714129880948));
#15907=CARTESIAN_POINT('',(0.0194845607382954,-0.176977891413402,-0.0399500000000001));
#15908=CARTESIAN_POINT('',(0.0196129538548666,-0.176747066315673,-0.03995));
#15909=CARTESIAN_POINT('',(0.0163573537206306,-0.17537847903339,-0.02695));
#15910=CARTESIAN_POINT('',(0.0133546822717817,-0.17357855614006,-0.02745));
#15911=CARTESIAN_POINT('',(0.0163573537206306,-0.17537847903339,-0.03945));
#15912=CARTESIAN_POINT('',(0.00999764092430738,-0.171543752257672,-0.03995));
#15913=CARTESIAN_POINT('',(0.00999764092430738,-0.171543752257672,-0.02745));
#15914=CARTESIAN_POINT('',(0.0139945181390183,-0.171609343824972,-0.03945));
#15915=CARTESIAN_POINT('',(0.01,-0.1714,-0.02695));
#15916=CARTESIAN_POINT('',(0.0196170965988094,-0.1767495496442,-0.02695));
#15917=CARTESIAN_POINT('',(0.01,-0.1714,-0.02695));
#15918=CARTESIAN_POINT('',(0.00998943667718033,-0.172043684943469,-0.02695));
#15919=CARTESIAN_POINT('',(0.0101831522810147,-0.171094461286629,-0.02745));
#15920=CARTESIAN_POINT('',(0.00998943667718033,-0.172043684943469,-0.02745));
#15921=CARTESIAN_POINT('',(0.00998943667718033,-0.172043684943469,-0.03945));
#15922=CARTESIAN_POINT('',(0.0166144251499605,-0.17494962675087,-0.03945));
#15923=CARTESIAN_POINT('',(0.01,-0.1714,-0.04095));
#15924=CARTESIAN_POINT('',(0.01,-0.1714,-0.03595));
#15925=CARTESIAN_POINT('',(0.025,-0.1714,-0.03595));
#15926=CARTESIAN_POINT('',(0.01,-0.1714,-0.03095));
#15927=CARTESIAN_POINT('',(0.025,-0.1714,-0.03095));
#15928=CARTESIAN_POINT('',(0.01,-0.1714,-0.03595));
#15929=CARTESIAN_POINT('',(0.01,-0.1714,-0.02595));
#15930=CARTESIAN_POINT('',(0.0100245670593082,-0.171811175902291,-0.05895));
#15931=CARTESIAN_POINT('',(-0.0995621596226218,0.34540700193289,0.0455293037652969));
#15932=CARTESIAN_POINT('',(-0.04,-3.24237527730122E-17,-0.001));
#15933=CARTESIAN_POINT('',(-0.04,9.18485099360515E-19,-1.99493199737333E-16));
#15934=CARTESIAN_POINT('',(-0.0290000000000002,9.18485099360515E-19,-1.99493199737333E-16));
#15935=CARTESIAN_POINT('',(-0.04,9.18485099360515E-19,0.0130000000000002));
#15936=CARTESIAN_POINT('',(-0.0509999999999998,9.18485099360515E-19,0.0130000000000002));
#15937=CARTESIAN_POINT('',(-0.04,9.18485099360515E-19,-0.001));
#15938=CARTESIAN_POINT('',(-0.04,9.18485099360515E-19,0.004));
#15939=CARTESIAN_POINT('',(-0.025,9.18485099360515E-19,0.004));
#15940=CARTESIAN_POINT('',(-0.04,9.18485099360515E-19,0.009));
#15941=CARTESIAN_POINT('',(-0.025,9.18485099360515E-19,0.009));
#15942=CARTESIAN_POINT('',(-0.04,9.18485099360515E-19,0.004));
#15943=CARTESIAN_POINT('',(-0.04,9.18485099360515E-19,0.014));
#15944=CARTESIAN_POINT('',(-0.0694665490260601,0.0942070019328892,0.06926377389431));
#15945=CARTESIAN_POINT('',(-0.0401,-0.1694,-0.03995));
#15946=CARTESIAN_POINT('',(-0.0403339874169397,-0.169131395174796,-0.03995));
#15947=CARTESIAN_POINT('',(-0.0320440716301208,-0.161909871957078,-0.03995));
#15948=CARTESIAN_POINT('',(-0.0373298749985957,-0.166514448496977,-0.03995));
#15949=CARTESIAN_POINT('',(-0.0401,-0.1694,-0.03995));
#15950=CARTESIAN_POINT('',(-0.0382096856035923,-0.165874845892342,-0.03995));
#15951=CARTESIAN_POINT('',(-0.0359209996916388,-0.159205406921504,-0.03995));
#15952=CARTESIAN_POINT('',(-0.0359268145008529,-0.159222351804581,-0.03995));
#15953=CARTESIAN_POINT('',(-0.0401,-0.1694,-0.03995));
#15954=CARTESIAN_POINT('',(-0.0401,-0.1694,-0.03995));
#15955=CARTESIAN_POINT('',(-0.0404277644576233,-0.169539531801852,-0.03995));
#15956=CARTESIAN_POINT('',(-0.0447341163113467,-0.159423779973712,-0.03995));
#15957=CARTESIAN_POINT('',(-0.0419883068580779,-0.165873770113884,-0.03995));
#15958=CARTESIAN_POINT('',(-0.0401,-0.1694,-0.03995));
#15959=CARTESIAN_POINT('',(-0.0428684815118306,-0.166512871648393,-0.03995));
#15960=CARTESIAN_POINT('',(-0.0485042520634999,-0.162275232013141,-0.03995));
#15961=CARTESIAN_POINT('',(-0.0484899333968969,-0.162285998482174,-0.03995));
#15962=CARTESIAN_POINT('',(-0.0401,-0.1694,-0.03995));
#15963=CARTESIAN_POINT('',(-0.0401,-0.1694,-0.03995));
#15964=CARTESIAN_POINT('',(-0.0400685821581757,-0.169754840221261,-0.03995));
#15965=CARTESIAN_POINT('',(-0.0510199697581115,-0.170724484987429,-0.03995));
#15966=CARTESIAN_POINT('',(-0.044037162820886,-0.170106221581257,-0.03995));
#15967=CARTESIAN_POINT('',(-0.0401,-0.1694,-0.03995));
#15968=CARTESIAN_POINT('',(-0.0437013300679446,-0.171140810656481,-0.03995));
#15969=CARTESIAN_POINT('',(-0.0494731137336256,-0.17519124430066,-0.03995));
#15970=CARTESIAN_POINT('',(-0.0494584495017773,-0.175180953461384,-0.03995));
#15971=CARTESIAN_POINT('',(-0.0401,-0.1694,-0.03995));
#15972=CARTESIAN_POINT('',(-0.0401,-0.1694,-0.03995));
#15973=CARTESIAN_POINT('',(-0.0397528182482761,-0.169479771515462,-0.03995));
#15974=CARTESIAN_POINT('',(-0.0422147345961257,-0.1801945288482,-0.03995));
#15975=CARTESIAN_POINT('',(-0.040644993584472,-0.173362698826921,-0.03995));
#15976=CARTESIAN_POINT('',(-0.0401,-0.1694,-0.03995));
#15977=CARTESIAN_POINT('',(-0.0395572628748661,-0.17336300850529,-0.03995));
#15978=CARTESIAN_POINT('',(-0.0374886508042992,-0.180103953801821,-0.03995));
#15979=CARTESIAN_POINT('',(-0.037493906477201,-0.180086827244342,-0.03995));
#15980=CARTESIAN_POINT('',(-0.0401,-0.1694,-0.03995));
#15981=CARTESIAN_POINT('',(-0.0421981376758396,-0.180198046966615,-0.03995));
#15982=CARTESIAN_POINT('',(-0.0421027677814833,-0.17970722664995,-0.03995));
#15983=CARTESIAN_POINT('',(-0.0401,-0.1694,-0.01495));
#15984=CARTESIAN_POINT('',(-0.0419883068580779,-0.165873770113884,-0.03995));
#15985=CARTESIAN_POINT('',(-0.0417553472481845,-0.165749019532321,-0.03995));
#15986=CARTESIAN_POINT('',(-0.0415334717981812,-0.165665678294011,-0.0397142601455254));
#15987=CARTESIAN_POINT('',(-0.0415334717981812,-0.165665678294011,-0.03945));
#15988=CARTESIAN_POINT('',(-0.0415334717981812,-0.165665678294011,-0.03945));
#15989=CARTESIAN_POINT('',(-0.0415334717981812,-0.165665678294011,-0.02695));
#15990=CARTESIAN_POINT('',(-0.0415334717981812,-0.165665678294011,-0.02745));
#15991=CARTESIAN_POINT('',(-0.0415334717981812,-0.165665678294011,-0.02745));
#15992=CARTESIAN_POINT('',(-0.0415334717981812,-0.165665678294011,-0.0271857293871787));
#15993=CARTESIAN_POINT('',(-0.041755331810912,-0.165749011265615,-0.0269500000000001));
#15994=CARTESIAN_POINT('',(-0.0419883068580779,-0.165873770113884,-0.02695));
#15995=CARTESIAN_POINT('',(-0.0419883068580779,-0.165873770113885,-0.02695));
#15996=CARTESIAN_POINT('',(-0.0401,-0.1694,-0.02695));
#15997=CARTESIAN_POINT('',(-0.0428684815118306,-0.166512871648393,-0.02695));
#15998=CARTESIAN_POINT('',(-0.0428684815118306,-0.166512871648393,-0.02695));
#15999=CARTESIAN_POINT('',(-0.043059697861688,-0.166696229942473,-0.0269499999999999));
#16000=CARTESIAN_POINT('',(-0.0432085838458279,-0.1668827184358,-0.0271850297767354));
#16001=CARTESIAN_POINT('',(-0.0432085838458279,-0.1668827184358,-0.02745));
#16002=CARTESIAN_POINT('',(-0.0432085838458279,-0.1668827184358,-0.02745));
#16003=CARTESIAN_POINT('',(-0.0432085838458279,-0.1668827184358,-0.02695));
#16004=CARTESIAN_POINT('',(-0.0432085838458279,-0.1668827184358,-0.03945));
#16005=CARTESIAN_POINT('',(-0.0432085838458279,-0.1668827184358,-0.03945));
#16006=CARTESIAN_POINT('',(-0.0432085838458279,-0.1668827184358,-0.0397149607144021));
#16007=CARTESIAN_POINT('',(-0.043059704079263,-0.166696235904536,-0.0399500000000001));
#16008=CARTESIAN_POINT('',(-0.0428684815118306,-0.166512871648393,-0.03995));
#16009=CARTESIAN_POINT('',(-0.044037162820886,-0.170106221581257,-0.03995));
#16010=CARTESIAN_POINT('',(-0.0440838191959328,-0.169846113776473,-0.0399499999999999));
#16011=CARTESIAN_POINT('',(-0.0440945181390183,-0.169609343824972,-0.0397142601455252));
#16012=CARTESIAN_POINT('',(-0.0440945181390183,-0.169609343824972,-0.03945));
#16013=CARTESIAN_POINT('',(-0.0440945181390183,-0.169609343824972,-0.03945));
#16014=CARTESIAN_POINT('',(-0.0440945181390183,-0.169609343824972,-0.02695));
#16015=CARTESIAN_POINT('',(-0.0440945181390183,-0.169609343824972,-0.02745));
#16016=CARTESIAN_POINT('',(-0.0440945181390183,-0.169609343824972,-0.02745));
#16017=CARTESIAN_POINT('',(-0.0440945181390183,-0.169609343824972,-0.0271857293871791));
#16018=CARTESIAN_POINT('',(-0.0440838222876583,-0.169846096540202,-0.02695));
#16019=CARTESIAN_POINT('',(-0.044037162820886,-0.170106221581257,-0.02695));
#16020=CARTESIAN_POINT('',(-0.044037162820886,-0.170106221581257,-0.02695));
#16021=CARTESIAN_POINT('',(-0.0401,-0.1694,-0.02695));
#16022=CARTESIAN_POINT('',(-0.0437013300679446,-0.171140810656481,-0.02695));
#16023=CARTESIAN_POINT('',(-0.0437013300679446,-0.171140810656481,-0.02695));
#16024=CARTESIAN_POINT('',(-0.0435860350692517,-0.171379329040965,-0.0269500000000001));
#16025=CARTESIAN_POINT('',(-0.0434546822717817,-0.17157855614006,-0.0271850297767353));
#16026=CARTESIAN_POINT('',(-0.0434546822717817,-0.17157855614006,-0.02745));
#16027=CARTESIAN_POINT('',(-0.0434546822717817,-0.17157855614006,-0.02745));
#16028=CARTESIAN_POINT('',(-0.0434546822717817,-0.17157855614006,-0.02695));
#16029=CARTESIAN_POINT('',(-0.0434546822717817,-0.17157855614006,-0.03945));
#16030=CARTESIAN_POINT('',(-0.0434546822717817,-0.17157855614006,-0.03945));
#16031=CARTESIAN_POINT('',(-0.0434546822717817,-0.17157855614006,-0.0397149607144021));
#16032=CARTESIAN_POINT('',(-0.0435860313203291,-0.171379336796609,-0.0399499999999999));
#16033=CARTESIAN_POINT('',(-0.0437013300679446,-0.171140810656481,-0.03995));
#16034=CARTESIAN_POINT('',(-0.040644993584472,-0.173362698826921,-0.03995));
#16035=CARTESIAN_POINT('',(-0.0409067884199363,-0.173326693944389,-0.03995));
#16036=CARTESIAN_POINT('',(-0.0411352761804101,-0.173263703305156,-0.0397142601455253));
#16037=CARTESIAN_POINT('',(-0.0411352761804101,-0.173263703305156,-0.03945));
#16038=CARTESIAN_POINT('',(-0.0411352761804101,-0.173263703305156,-0.03945));
#16039=CARTESIAN_POINT('',(-0.0411352761804101,-0.173263703305156,-0.02695));
#16040=CARTESIAN_POINT('',(-0.0411352761804101,-0.173263703305156,-0.02745));
#16041=CARTESIAN_POINT('',(-0.0411352761804101,-0.173263703305157,-0.02745));
#16042=CARTESIAN_POINT('',(-0.0411352761804101,-0.173263703305157,-0.0271857293871788));
#16043=CARTESIAN_POINT('',(-0.0409068057680002,-0.173326691558494,-0.02695));
#16044=CARTESIAN_POINT('',(-0.0406449935844721,-0.173362698826922,-0.02695));
#16045=CARTESIAN_POINT('',(-0.040644993584472,-0.173362698826921,-0.02695));
#16046=CARTESIAN_POINT('',(-0.0401,-0.1694,-0.02695));
#16047=CARTESIAN_POINT('',(-0.0395572628748661,-0.17336300850529,-0.02695));
#16048=CARTESIAN_POINT('',(-0.0395572628748661,-0.17336300850529,-0.02695));
#16049=CARTESIAN_POINT('',(-0.0392947902970836,-0.173327062679763,-0.02695));
#16050=CARTESIAN_POINT('',(-0.0390647238195899,-0.173263703305157,-0.0271850297767354));
#16051=CARTESIAN_POINT('',(-0.0390647238195899,-0.173263703305157,-0.02745));
#16052=CARTESIAN_POINT('',(-0.0390647238195899,-0.173263703305156,-0.02745));
#16053=CARTESIAN_POINT('',(-0.0390647238195899,-0.173263703305156,-0.02695));
#16054=CARTESIAN_POINT('',(-0.0390647238195899,-0.173263703305156,-0.03945));
#16055=CARTESIAN_POINT('',(-0.0390647238195899,-0.173263703305156,-0.03945));
#16056=CARTESIAN_POINT('',(-0.0390647238195899,-0.173263703305156,-0.0397149607144021));
#16057=CARTESIAN_POINT('',(-0.039294781762547,-0.173327061510952,-0.03995));
#16058=CARTESIAN_POINT('',(-0.0395572628748661,-0.17336300850529,-0.03995));
#16059=CARTESIAN_POINT('',(-0.0401,-0.1694,-0.03995));
#16060=CARTESIAN_POINT('',(-0.0364996617379684,-0.171142860980959,-0.03995));
#16061=CARTESIAN_POINT('',(-0.0361632399417662,-0.170108463297493,-0.03995));
#16062=CARTESIAN_POINT('',(-0.0364996617379684,-0.171142860980959,-0.03995));
#16063=CARTESIAN_POINT('',(-0.0366148034693176,-0.171380716544577,-0.0399500000000001));
#16064=CARTESIAN_POINT('',(-0.0367453177282183,-0.17157855614006,-0.0397142601455253));
#16065=CARTESIAN_POINT('',(-0.0367453177282183,-0.17157855614006,-0.03945));
#16066=CARTESIAN_POINT('',(-0.0367453177282183,-0.17157855614006,-0.03945));
#16067=CARTESIAN_POINT('',(-0.0367453177282183,-0.17157855614006,-0.02695));
#16068=CARTESIAN_POINT('',(-0.0367453177282183,-0.17157855614006,-0.02745));
#16069=CARTESIAN_POINT('',(-0.0367453177282183,-0.17157855614006,-0.02745));
#16070=CARTESIAN_POINT('',(-0.0367453177282183,-0.17157855614006,-0.0271857293871788));
#16071=CARTESIAN_POINT('',(-0.0366148110992852,-0.171380732306284,-0.02695));
#16072=CARTESIAN_POINT('',(-0.0364996617379684,-0.171142860980959,-0.02695));
#16073=CARTESIAN_POINT('',(-0.0364996617379684,-0.171142860980959,-0.02695));
#16074=CARTESIAN_POINT('',(-0.0401,-0.1694,-0.02695));
#16075=CARTESIAN_POINT('',(-0.0361632399417662,-0.170108463297493,-0.02695));
#16076=CARTESIAN_POINT('',(-0.0361632399417662,-0.170108463297493,-0.02695));
#16077=CARTESIAN_POINT('',(-0.0361163179662748,-0.16984772917108,-0.02695));
#16078=CARTESIAN_POINT('',(-0.0361054818609817,-0.169609343824972,-0.0271850297767355));
#16079=CARTESIAN_POINT('',(-0.0361054818609817,-0.169609343824972,-0.02745));
#16080=CARTESIAN_POINT('',(-0.0361054818609817,-0.169609343824972,-0.02745));
#16081=CARTESIAN_POINT('',(-0.0361054818609817,-0.169609343824972,-0.02695));
#16082=CARTESIAN_POINT('',(-0.0361054818609817,-0.169609343824972,-0.03945));
#16083=CARTESIAN_POINT('',(-0.0361054818609817,-0.169609343824972,-0.03945));
#16084=CARTESIAN_POINT('',(-0.0361054818609817,-0.169609343824972,-0.0397149607144019));
#16085=CARTESIAN_POINT('',(-0.0361163164405638,-0.16984772069307,-0.03995));
#16086=CARTESIAN_POINT('',(-0.0361632399417662,-0.170108463297493,-0.03995));
#16087=CARTESIAN_POINT('',(-0.0386665282018188,-0.165665678294011,-0.03945));
#16088=CARTESIAN_POINT('',(-0.0386665282018188,-0.165665678294011,-0.0397149607144022));
#16089=CARTESIAN_POINT('',(-0.0384431663972971,-0.165749645094832,-0.03995));
#16090=CARTESIAN_POINT('',(-0.0382096856035924,-0.165874845892343,-0.03995));
#16091=CARTESIAN_POINT('',(-0.0386665282018188,-0.165665678294011,-0.03945));
#16092=CARTESIAN_POINT('',(-0.0373298749985957,-0.166514448496977,-0.03995));
#16093=CARTESIAN_POINT('',(-0.0371392416666288,-0.166697456202239,-0.0399500000000001));
#16094=CARTESIAN_POINT('',(-0.0369914161541721,-0.1668827184358,-0.0397142601455253));
#16095=CARTESIAN_POINT('',(-0.0369914161541721,-0.1668827184358,-0.03945));
#16096=CARTESIAN_POINT('',(-0.0369914161541721,-0.1668827184358,-0.03945));
#16097=CARTESIAN_POINT('',(-0.0369914161541721,-0.1668827184358,-0.02695));
#16098=CARTESIAN_POINT('',(-0.0369914161541721,-0.1668827184358,-0.02745));
#16099=CARTESIAN_POINT('',(-0.0369914161541721,-0.1668827184358,-0.02745));
#16100=CARTESIAN_POINT('',(-0.0369914161541721,-0.1668827184358,-0.0271857293871789));
#16101=CARTESIAN_POINT('',(-0.0371392290341442,-0.166697468329405,-0.02695));
#16102=CARTESIAN_POINT('',(-0.0373298749985957,-0.166514448496977,-0.02695));
#16103=CARTESIAN_POINT('',(-0.0373298749985957,-0.166514448496977,-0.02695));
#16104=CARTESIAN_POINT('',(-0.0401,-0.1694,-0.02695));
#16105=CARTESIAN_POINT('',(-0.0382096856035923,-0.165874845892342,-0.02695));
#16106=CARTESIAN_POINT('',(-0.0382096856035923,-0.165874845892342,-0.02695));
#16107=CARTESIAN_POINT('',(-0.0384431588057018,-0.165749649165719,-0.02695));
#16108=CARTESIAN_POINT('',(-0.0386665282018188,-0.165665678294011,-0.0271850297767353));
#16109=CARTESIAN_POINT('',(-0.0386665282018188,-0.165665678294011,-0.02745));
#16110=CARTESIAN_POINT('',(-0.0386665282018188,-0.165665678294011,-0.02745));
#16111=CARTESIAN_POINT('',(-0.0386665282018188,-0.165665678294011,-0.02695));
#16112=CARTESIAN_POINT('',(-0.0401,-0.1694,-0.00895));
#16113=CARTESIAN_POINT('',(-0.0361,-0.1694,-0.00895));
#16114=CARTESIAN_POINT('',(-0.0401,-0.1694,-0.05895));
#16115=CARTESIAN_POINT('',(-0.0361,-0.1694,-0.05895));
#16116=CARTESIAN_POINT('',(-0.0401,-0.1694,-0.03995));
#16117=CARTESIAN_POINT('',(-0.0399168477189853,-0.169094461286629,-0.03995));
#16118=CARTESIAN_POINT('',(-0.0304870461451336,-0.174747066315673,-0.03995));
#16119=CARTESIAN_POINT('',(-0.0291129837069365,-0.170224162962874,-0.03995));
#16120=CARTESIAN_POINT('',(-0.029130896123272,-0.170223869007519,-0.03995));
#16121=CARTESIAN_POINT('',(-0.0401,-0.1694,-0.03995));
#16122=CARTESIAN_POINT('',(-0.0383,-0.1694,-0.00895));
#16123=CARTESIAN_POINT('',(-0.0383,-0.1694,-0.01495));
#16124=CARTESIAN_POINT('',(-0.0383,-0.167455134966122,-0.01495));
#16125=CARTESIAN_POINT('',(-0.0383,-0.171344865033878,-0.01495));
#16126=CARTESIAN_POINT('',(-0.0383,-0.171344865033878,-0.00895));
#16127=CARTESIAN_POINT('',(-0.0383,-0.171344865033878,-0.00895));
#16128=CARTESIAN_POINT('',(-0.0383,-0.1694,-0.00895));
#16129=CARTESIAN_POINT('',(-0.0383,-0.167455134966122,-0.00895));
#16130=CARTESIAN_POINT('',(-0.0383,-0.167455134966122,-0.00895));
#16131=CARTESIAN_POINT('',(-0.0401,-0.1694,-0.00895));
#16132=CARTESIAN_POINT('',(-0.0401,-0.1694,-0.01495));
#16133=CARTESIAN_POINT('',(-0.0419,-0.171344865033878,-0.01495));
#16134=CARTESIAN_POINT('',(-0.0419,-0.171344865033878,-0.00895));
#16135=CARTESIAN_POINT('',(-0.0419,-0.171344865033878,-0.00895));
#16136=CARTESIAN_POINT('',(-0.0401,-0.1694,-0.00895));
#16137=CARTESIAN_POINT('',(-0.0419,-0.1694,-0.00895));
#16138=CARTESIAN_POINT('',(-0.0419,-0.1694,-0.01495));
#16139=CARTESIAN_POINT('',(-0.0419,-0.167455134966122,-0.01495));
#16140=CARTESIAN_POINT('',(-0.0419,-0.167455134966122,-0.00895));
#16141=CARTESIAN_POINT('',(-0.0419,-0.167455134966122,-0.00895));
#16142=CARTESIAN_POINT('',(-0.0419,-0.1694,-0.00895));
#16143=CARTESIAN_POINT('',(-0.0401,-0.1694,-0.00895));
#16144=CARTESIAN_POINT('',(-0.0401,-0.1694,-0.01495));
#16145=CARTESIAN_POINT('',(-0.0401,-0.1694,-0.00895));
#16146=CARTESIAN_POINT('',(-0.0401,-0.1694,-0.00895));
#16147=CARTESIAN_POINT('',(-0.0401,-0.1694,-0.01495));
#16148=CARTESIAN_POINT('',(-0.0429047158968617,-0.16244458408963,-0.02695));
#16149=CARTESIAN_POINT('',(-0.0429047158968617,-0.16244458408963,-0.03945));
#16150=CARTESIAN_POINT('',(-0.0442759599955423,-0.159223489885249,-0.03945));
#16151=CARTESIAN_POINT('',(-0.0442759599955423,-0.159223489885249,-0.02695));
#16152=CARTESIAN_POINT('',(-0.0442759599955422,-0.159223489885249,-0.02745));
#16153=CARTESIAN_POINT('',(-0.0415334717981812,-0.165665678294011,-0.02745));
#16154=CARTESIAN_POINT('',(-0.0400135960106304,-0.169285088610465,-0.03995));
#16155=CARTESIAN_POINT('',(-0.0400135960106304,-0.169285088610465,-0.02745));
#16156=CARTESIAN_POINT('',(-0.0488047424987027,-0.162674863716528,-0.02745));
#16157=CARTESIAN_POINT('',(-0.0488047424987027,-0.162674863716528,-0.02695));
#16158=CARTESIAN_POINT('',(-0.0488047424987027,-0.162674863716528,-0.03945));
#16159=CARTESIAN_POINT('',(-0.0432085838458279,-0.1668827184358,-0.03945));
#16160=CARTESIAN_POINT('',(-0.0401,-0.1694,-0.02695));
#16161=CARTESIAN_POINT('',(-0.0401,-0.1694,-0.02695));
#16162=CARTESIAN_POINT('',(-0.0447341163113467,-0.159423779973712,-0.02695));
#16163=CARTESIAN_POINT('',(-0.0484899333968969,-0.162285998482174,-0.02695));
#16164=CARTESIAN_POINT('',(-0.0397131055754276,-0.168885456907079,-0.02695));
#16165=CARTESIAN_POINT('',(-0.0447360081977154,-0.159419335874938,-0.02695));
#16166=CARTESIAN_POINT('',(-0.0397131055754276,-0.168885456907079,-0.02745));
#16167=CARTESIAN_POINT('',(-0.0488047424987027,-0.162674863716528,-0.02745));
#16168=CARTESIAN_POINT('',(-0.0488047424987027,-0.162674863716528,-0.0271857800922256));
#16169=CARTESIAN_POINT('',(-0.0486608091346652,-0.162487521641177,-0.02695));
#16170=CARTESIAN_POINT('',(-0.0484899333968969,-0.162285998482174,-0.02695));
#16171=CARTESIAN_POINT('',(-0.0397131055754276,-0.168885456907079,-0.03945));
#16172=CARTESIAN_POINT('',(-0.0484899333968969,-0.162285998482174,-0.03995));
#16173=CARTESIAN_POINT('',(-0.0486608083906826,-0.162487520763757,-0.03995));
#16174=CARTESIAN_POINT('',(-0.0488047424987027,-0.162674863716528,-0.0397142211646424));
#16175=CARTESIAN_POINT('',(-0.0488047424987027,-0.162674863716528,-0.03945));
#16176=CARTESIAN_POINT('',(-0.0433647640990349,-0.162640430079319,-0.03945));
#16177=CARTESIAN_POINT('',(-0.0442759599955423,-0.159223489885249,-0.03945));
#16178=CARTESIAN_POINT('',(-0.0442759599955423,-0.159223489885249,-0.039714129880948));
#16179=CARTESIAN_POINT('',(-0.0444945685097755,-0.159312506127337,-0.03995));
#16180=CARTESIAN_POINT('',(-0.0447341163113467,-0.159423779973712,-0.03995));
#16181=CARTESIAN_POINT('',(-0.0404277644576233,-0.169539531801852,-0.02745));
#16182=CARTESIAN_POINT('',(-0.0447341163113467,-0.159423779973712,-0.02695));
#16183=CARTESIAN_POINT('',(-0.0444945706642679,-0.159312507128134,-0.02695));
#16184=CARTESIAN_POINT('',(-0.0442759599955423,-0.159223489885249,-0.0271858715520768));
#16185=CARTESIAN_POINT('',(-0.0442759599955423,-0.159223489885249,-0.02745));
#16186=CARTESIAN_POINT('',(-0.0401,-0.1694,-0.04095));
#16187=CARTESIAN_POINT('',(-0.0401,-0.1694,-0.02695));
#16188=CARTESIAN_POINT('',(-0.0510199697581117,-0.170724484987429,-0.02695));
#16189=CARTESIAN_POINT('',(-0.0510199697581117,-0.170724484987429,-0.02695));
#16190=CARTESIAN_POINT('',(-0.0510517728471097,-0.170462278338528,-0.02695));
#16191=CARTESIAN_POINT('',(-0.05106887886423,-0.170226859396662,-0.0271858715520771));
#16192=CARTESIAN_POINT('',(-0.05106887886423,-0.170226859396662,-0.02745));
#16193=CARTESIAN_POINT('',(-0.05106887886423,-0.170226859396662,-0.02745));
#16194=CARTESIAN_POINT('',(-0.05106887886423,-0.170226859396662,-0.02695));
#16195=CARTESIAN_POINT('',(-0.05106887886423,-0.170226859396662,-0.03945));
#16196=CARTESIAN_POINT('',(-0.05106887886423,-0.170226859396662,-0.03945));
#16197=CARTESIAN_POINT('',(-0.05106887886423,-0.170226859396662,-0.0397141298809478));
#16198=CARTESIAN_POINT('',(-0.0510517731331492,-0.170462275980221,-0.0399499999999999));
#16199=CARTESIAN_POINT('',(-0.0510199697581117,-0.170724484987429,-0.03995));
#16200=CARTESIAN_POINT('',(-0.0401,-0.1694,-0.03995));
#16201=CARTESIAN_POINT('',(-0.0401,-0.1694,-0.04095));
#16202=CARTESIAN_POINT('',(-0.0401,-0.1694,-0.03995));
#16203=CARTESIAN_POINT('',(-0.0359268145008529,-0.159222351804581,-0.03995));
#16204=CARTESIAN_POINT('',(-0.0361712768569245,-0.159122113838024,-0.03995));
#16205=CARTESIAN_POINT('',(-0.0363939286783874,-0.159043116522857,-0.0397142211646425));
#16206=CARTESIAN_POINT('',(-0.0363939286783874,-0.159043116522857,-0.03945));
#16207=CARTESIAN_POINT('',(-0.0363939286783874,-0.159043116522857,-0.03945));
#16208=CARTESIAN_POINT('',(-0.0363939286783874,-0.159043116522857,-0.02695));
#16209=CARTESIAN_POINT('',(-0.0363939286783874,-0.159043116522857,-0.02745));
#16210=CARTESIAN_POINT('',(-0.0363939286783874,-0.159043116522857,-0.02745));
#16211=CARTESIAN_POINT('',(-0.0363939286783874,-0.159043116522857,-0.0271857800922255));
#16212=CARTESIAN_POINT('',(-0.0361712779213034,-0.159122113401592,-0.02695));
#16213=CARTESIAN_POINT('',(-0.0359268145008529,-0.159222351804581,-0.02695));
#16214=CARTESIAN_POINT('',(-0.0359268145008529,-0.159222351804581,-0.02695));
#16215=CARTESIAN_POINT('',(-0.0401,-0.1694,-0.02695));
#16216=CARTESIAN_POINT('',(-0.0343517112514236,-0.164583214950683,-0.02695));
#16217=CARTESIAN_POINT('',(-0.0343517112514236,-0.164583214950683,-0.03945));
#16218=CARTESIAN_POINT('',(-0.031712006348675,-0.162283711465565,-0.03945));
#16219=CARTESIAN_POINT('',(-0.031712006348675,-0.162283711465565,-0.02695));
#16220=CARTESIAN_POINT('',(-0.031712006348675,-0.162283711465565,-0.02745));
#16221=CARTESIAN_POINT('',(-0.0369914161541721,-0.1668827184358,-0.02745));
#16222=CARTESIAN_POINT('',(-0.0399640124730892,-0.16944666550491,-0.03995));
#16223=CARTESIAN_POINT('',(-0.0399640124730892,-0.16944666550491,-0.02745));
#16224=CARTESIAN_POINT('',(-0.0386665282018188,-0.165665678294011,-0.03945));
#16225=CARTESIAN_POINT('',(-0.0401,-0.1694,-0.02695));
#16226=CARTESIAN_POINT('',(-0.0401,-0.1694,-0.02695));
#16227=CARTESIAN_POINT('',(-0.0320440716301208,-0.161909871957078,-0.02695));
#16228=CARTESIAN_POINT('',(-0.0394910834863405,-0.169608955903557,-0.02695));
#16229=CARTESIAN_POINT('',(-0.0320404296660621,-0.161906699364173,-0.02695));
#16230=CARTESIAN_POINT('',(-0.0394910834863405,-0.169608955903557,-0.02745));
#16231=CARTESIAN_POINT('',(-0.0394910834863405,-0.169608955903557,-0.03945));
#16232=CARTESIAN_POINT('',(-0.0346801345688107,-0.16420620284929,-0.03945));
#16233=CARTESIAN_POINT('',(-0.031712006348675,-0.162283711465565,-0.03945));
#16234=CARTESIAN_POINT('',(-0.031712006348675,-0.162283711465565,-0.039714129880948));
#16235=CARTESIAN_POINT('',(-0.031864219571782,-0.162103309945167,-0.03995));
#16236=CARTESIAN_POINT('',(-0.0320440716301208,-0.161909871957078,-0.03995));
#16237=CARTESIAN_POINT('',(-0.0403339874169397,-0.169131395174796,-0.02745));
#16238=CARTESIAN_POINT('',(-0.0320440716301208,-0.161909871957078,-0.02695));
#16239=CARTESIAN_POINT('',(-0.031864221189371,-0.162103308205386,-0.0269500000000001));
#16240=CARTESIAN_POINT('',(-0.031712006348675,-0.162283711465565,-0.0271858715520769));
#16241=CARTESIAN_POINT('',(-0.031712006348675,-0.162283711465565,-0.02745));
#16242=CARTESIAN_POINT('',(-0.0401,-0.1694,-0.04095));
#16243=CARTESIAN_POINT('',(-0.0401,-0.1694,-0.03995));
#16244=CARTESIAN_POINT('',(-0.029130896123272,-0.170223869007519,-0.03995));
#16245=CARTESIAN_POINT('',(-0.0291111071745084,-0.16996039625564,-0.0399500000000001));
#16246=CARTESIAN_POINT('',(-0.0291047794598095,-0.169724230277076,-0.0397142211646424));
#16247=CARTESIAN_POINT('',(-0.0291047794598095,-0.169724230277076,-0.03945));
#16248=CARTESIAN_POINT('',(-0.0291047794598095,-0.169724230277076,-0.03945));
#16249=CARTESIAN_POINT('',(-0.0291047794598095,-0.169724230277076,-0.02695));
#16250=CARTESIAN_POINT('',(-0.0291047794598095,-0.169724230277076,-0.02745));
#16251=CARTESIAN_POINT('',(-0.0291047794598095,-0.169724230277076,-0.02745));
#16252=CARTESIAN_POINT('',(-0.0291047794598095,-0.169724230277076,-0.0271857800922256));
#16253=CARTESIAN_POINT('',(-0.0291111070883482,-0.16996039510849,-0.0269499999999999));
#16254=CARTESIAN_POINT('',(-0.029130896123272,-0.170223869007519,-0.02695));
#16255=CARTESIAN_POINT('',(-0.029130896123272,-0.170223869007519,-0.02695));
#16256=CARTESIAN_POINT('',(-0.0401,-0.1694,-0.02695));
#16257=CARTESIAN_POINT('',(-0.0475816985016242,-0.169918101610817,-0.02695));
#16258=CARTESIAN_POINT('',(-0.0440945181390183,-0.169609343824972,-0.02745));
#16259=CARTESIAN_POINT('',(-0.0475816985016242,-0.169918101610817,-0.03945));
#16260=CARTESIAN_POINT('',(-0.0401825869247168,-0.169282315350663,-0.03995));
#16261=CARTESIAN_POINT('',(-0.0401825869247168,-0.169282315350663,-0.02745));
#16262=CARTESIAN_POINT('',(-0.0491858980491265,-0.175600520674982,-0.02745));
#16263=CARTESIAN_POINT('',(-0.0491858980491265,-0.175600520674982,-0.02695));
#16264=CARTESIAN_POINT('',(-0.0491858980491265,-0.175600520674982,-0.03945));
#16265=CARTESIAN_POINT('',(-0.0434546822717817,-0.17157855614006,-0.03945));
#16266=CARTESIAN_POINT('',(-0.0401,-0.1694,-0.02695));
#16267=CARTESIAN_POINT('',(-0.0510247809722492,-0.170724910976243,-0.02695));
#16268=CARTESIAN_POINT('',(-0.0401,-0.1694,-0.02695));
#16269=CARTESIAN_POINT('',(-0.0494584495017773,-0.175180953461384,-0.02695));
#16270=CARTESIAN_POINT('',(-0.040469802609216,-0.168873038976341,-0.02695));
#16271=CARTESIAN_POINT('',(-0.0400685821581757,-0.169754840221261,-0.02745));
#16272=CARTESIAN_POINT('',(-0.040469802609216,-0.168873038976341,-0.02745));
#16273=CARTESIAN_POINT('',(-0.0491858980491265,-0.175600520674982,-0.02745));
#16274=CARTESIAN_POINT('',(-0.0491858980491265,-0.175600520674982,-0.0271857800922254));
#16275=CARTESIAN_POINT('',(-0.0493195930951203,-0.175405740026157,-0.02695));
#16276=CARTESIAN_POINT('',(-0.0494584495017773,-0.175180953461384,-0.02695));
#16277=CARTESIAN_POINT('',(-0.040469802609216,-0.168873038976341,-0.03945));
#16278=CARTESIAN_POINT('',(-0.0494584495017773,-0.175180953461384,-0.03995));
#16279=CARTESIAN_POINT('',(-0.0493195936996926,-0.17540573904745,-0.03995));
#16280=CARTESIAN_POINT('',(-0.0491858980491265,-0.175600520674982,-0.0397142211646426));
#16281=CARTESIAN_POINT('',(-0.0491858980491265,-0.175600520674982,-0.03945));
#16282=CARTESIAN_POINT('',(-0.0475376006096433,-0.170416153190397,-0.03945));
#16283=CARTESIAN_POINT('',(-0.0401,-0.1694,-0.04095));
#16284=CARTESIAN_POINT('',(-0.0401,-0.1694,-0.02695));
#16285=CARTESIAN_POINT('',(-0.0421981376758396,-0.180198046966615,-0.02695));
#16286=CARTESIAN_POINT('',(-0.0421981376758396,-0.180198046966615,-0.02695));
#16287=CARTESIAN_POINT('',(-0.0401,-0.1694,-0.03995));
#16288=CARTESIAN_POINT('',(-0.0419192280707212,-0.176675620315481,-0.02695));
#16289=CARTESIAN_POINT('',(-0.0419192280707212,-0.176675620315481,-0.03945));
#16290=CARTESIAN_POINT('',(-0.0425900699797328,-0.179595259835308,-0.03945));
#16291=CARTESIAN_POINT('',(-0.0425900699797328,-0.179595259835308,-0.02695));
#16292=CARTESIAN_POINT('',(-0.0425900699797328,-0.179595259835308,-0.02745));
#16293=CARTESIAN_POINT('',(-0.0411352761804101,-0.173263703305156,-0.02745));
#16294=CARTESIAN_POINT('',(-0.0402374455158709,-0.16944217827629,-0.03995));
#16295=CARTESIAN_POINT('',(-0.0370106513139739,-0.179957268808558,-0.02695));
#16296=CARTESIAN_POINT('',(-0.0370106513139739,-0.179957268808558,-0.02745));
#16297=CARTESIAN_POINT('',(-0.0370106513139739,-0.179957268808558,-0.03945));
#16298=CARTESIAN_POINT('',(-0.0390647238195899,-0.173263703305156,-0.03945));
#16299=CARTESIAN_POINT('',(-0.0402374455158709,-0.16944217827629,-0.02745));
#16300=CARTESIAN_POINT('',(-0.0401,-0.1694,-0.02695));
#16301=CARTESIAN_POINT('',(-0.0401,-0.1694,-0.02695));
#16302=CARTESIAN_POINT('',(-0.037493906477201,-0.180086827244342,-0.02695));
#16303=CARTESIAN_POINT('',(-0.0407154450061962,-0.169588863269554,-0.02695));
#16304=CARTESIAN_POINT('',(-0.0422158777627826,-0.180199504140447,-0.02695));
#16305=CARTESIAN_POINT('',(-0.0422147345961257,-0.1801945288482,-0.02695));
#16306=CARTESIAN_POINT('',(-0.0421027677814833,-0.17970722664995,-0.02695));
#16307=CARTESIAN_POINT('',(-0.0397528182482761,-0.169479771515462,-0.02745));
#16308=CARTESIAN_POINT('',(-0.0421027677814833,-0.17970722664995,-0.02745));
#16309=CARTESIAN_POINT('',(-0.0414319258724716,-0.176787587130123,-0.03945));
#16310=CARTESIAN_POINT('',(-0.0421027677814833,-0.17970722664995,-0.03945));
#16311=CARTESIAN_POINT('',(-0.0421027677814833,-0.17970722664995,-0.02695));
#16312=CARTESIAN_POINT('',(-0.0407154450061962,-0.169588863269554,-0.03945));
#16313=CARTESIAN_POINT('',(-0.037493906477201,-0.180086827244342,-0.03995));
#16314=CARTESIAN_POINT('',(-0.0372372138781918,-0.180024230095129,-0.03995));
#16315=CARTESIAN_POINT('',(-0.0370106513139739,-0.179957268808558,-0.0397142211646424));
#16316=CARTESIAN_POINT('',(-0.0370106513139739,-0.179957268808558,-0.03945));
#16317=CARTESIAN_POINT('',(-0.0407154450061962,-0.169588863269554,-0.02745));
#16318=CARTESIAN_POINT('',(-0.0370106513139739,-0.179957268808558,-0.02745));
#16319=CARTESIAN_POINT('',(-0.0370106513139739,-0.179957268808558,-0.0271857800922255));
#16320=CARTESIAN_POINT('',(-0.037237212760563,-0.180024229822584,-0.02695));
#16321=CARTESIAN_POINT('',(-0.037493906477201,-0.180086827244342,-0.02695));
#16322=CARTESIAN_POINT('',(-0.0401,-0.1694,-0.04095));
#16323=CARTESIAN_POINT('',(-0.0401,-0.1694,-0.03995));
#16324=CARTESIAN_POINT('',(-0.0401,-0.1694,-0.02695));
#16325=CARTESIAN_POINT('',(-0.0304870461451335,-0.174747066315673,-0.02695));
#16326=CARTESIAN_POINT('',(-0.0304870461451335,-0.174747066315673,-0.02695));
#16327=CARTESIAN_POINT('',(-0.0306154381069372,-0.174977889337362,-0.02695));
#16328=CARTESIAN_POINT('',(-0.0307399748305205,-0.175178401926719,-0.0271858715520768));
#16329=CARTESIAN_POINT('',(-0.0307399748305205,-0.175178401926719,-0.02745));
#16330=CARTESIAN_POINT('',(-0.0307399748305205,-0.175178401926719,-0.02745));
#16331=CARTESIAN_POINT('',(-0.0307399748305205,-0.175178401926719,-0.02695));
#16332=CARTESIAN_POINT('',(-0.0307399748305205,-0.175178401926719,-0.03945));
#16333=CARTESIAN_POINT('',(-0.0307399748305205,-0.175178401926719,-0.03945));
#16334=CARTESIAN_POINT('',(-0.0307399748305205,-0.175178401926719,-0.039714129880948));
#16335=CARTESIAN_POINT('',(-0.0306154392617046,-0.174977891413403,-0.0399500000000001));
#16336=CARTESIAN_POINT('',(-0.0304870461451335,-0.174747066315673,-0.03995));
#16337=CARTESIAN_POINT('',(-0.0337426462793694,-0.17337847903339,-0.02695));
#16338=CARTESIAN_POINT('',(-0.0367453177282183,-0.17157855614006,-0.02745));
#16339=CARTESIAN_POINT('',(-0.0337426462793694,-0.17337847903339,-0.03945));
#16340=CARTESIAN_POINT('',(-0.0401023590756926,-0.169543752257672,-0.03995));
#16341=CARTESIAN_POINT('',(-0.0401023590756926,-0.169543752257672,-0.02745));
#16342=CARTESIAN_POINT('',(-0.0361054818609817,-0.169609343824972,-0.03945));
#16343=CARTESIAN_POINT('',(-0.0401,-0.1694,-0.02695));
#16344=CARTESIAN_POINT('',(-0.0304829034011906,-0.1747495496442,-0.02695));
#16345=CARTESIAN_POINT('',(-0.0401,-0.1694,-0.02695));
#16346=CARTESIAN_POINT('',(-0.0401105633228196,-0.170043684943469,-0.02695));
#16347=CARTESIAN_POINT('',(-0.0399168477189853,-0.169094461286629,-0.02745));
#16348=CARTESIAN_POINT('',(-0.0401105633228196,-0.170043684943469,-0.02745));
#16349=CARTESIAN_POINT('',(-0.0401105633228196,-0.170043684943469,-0.03945));
#16350=CARTESIAN_POINT('',(-0.0334855748500395,-0.17294962675087,-0.03945));
#16351=CARTESIAN_POINT('',(-0.0401,-0.1694,-0.04095));
#16352=CARTESIAN_POINT('',(-0.0401,-0.1694,-0.03595));
#16353=CARTESIAN_POINT('',(-0.0251,-0.1694,-0.03595));
#16354=CARTESIAN_POINT('',(-0.0401,-0.1694,-0.03095));
#16355=CARTESIAN_POINT('',(-0.0251,-0.1694,-0.03095));
#16356=CARTESIAN_POINT('',(-0.0401,-0.1694,-0.03595));
#16357=CARTESIAN_POINT('',(-0.0401,-0.1694,-0.02595));
#16358=CARTESIAN_POINT('',(-0.0400754329406919,-0.169811175902291,-0.05895));
#16359=CARTESIAN_POINT('',(-0.0994621596226218,0.34320700193289,0.0465293037652969));
#16360=CARTESIAN_POINT('',(-0.136721428018808,0.119372874498367,0.198298497968912));
#16361=CARTESIAN_POINT('',(-0.0771718704481025,0.427409858944866,0.128498797898901));
#16362=CARTESIAN_POINT('',(0.05,-0.1714,-0.01495));
#16363=CARTESIAN_POINT('',(0.0514334717981812,-0.167665678294011,-0.03945));
#16364=CARTESIAN_POINT('',(0.0514334717981812,-0.167665678294011,-0.0397149607144022));
#16365=CARTESIAN_POINT('',(0.0516568336027028,-0.167749645094832,-0.03995));
#16366=CARTESIAN_POINT('',(0.0518903143964076,-0.167874845892343,-0.03995));
#16367=CARTESIAN_POINT('',(0.0514334717981812,-0.167665678294011,-0.03945));
#16368=CARTESIAN_POINT('',(0.0518903143964076,-0.167874845892343,-0.03995));
#16369=CARTESIAN_POINT('',(0.05,-0.1714,-0.03995));
#16370=CARTESIAN_POINT('',(0.0481116931419221,-0.167873770113885,-0.03995));
#16371=CARTESIAN_POINT('',(0.0481116931419221,-0.167873770113884,-0.03995));
#16372=CARTESIAN_POINT('',(0.0483446527518154,-0.167749019532321,-0.03995));
#16373=CARTESIAN_POINT('',(0.0485665282018188,-0.167665678294011,-0.0397142601455253));
#16374=CARTESIAN_POINT('',(0.0485665282018188,-0.167665678294011,-0.03945));
#16375=CARTESIAN_POINT('',(0.0485665282018188,-0.167665678294011,-0.03945));
#16376=CARTESIAN_POINT('',(0.0485665282018188,-0.167665678294011,-0.02695));
#16377=CARTESIAN_POINT('',(0.0485665282018188,-0.167665678294011,-0.02745));
#16378=CARTESIAN_POINT('',(0.0485665282018188,-0.167665678294011,-0.02745));
#16379=CARTESIAN_POINT('',(0.0485665282018188,-0.167665678294011,-0.0271857293871787));
#16380=CARTESIAN_POINT('',(0.048344668189088,-0.167749011265615,-0.0269500000000001));
#16381=CARTESIAN_POINT('',(0.0481116931419221,-0.167873770113884,-0.02695));
#16382=CARTESIAN_POINT('',(0.0481116931419221,-0.167873770113885,-0.02695));
#16383=CARTESIAN_POINT('',(0.05,-0.1714,-0.02695));
#16384=CARTESIAN_POINT('',(0.0472315184881694,-0.168512871648393,-0.02695));
#16385=CARTESIAN_POINT('',(0.0472315184881694,-0.168512871648393,-0.02695));
#16386=CARTESIAN_POINT('',(0.047040302138312,-0.168696229942473,-0.0269499999999999));
#16387=CARTESIAN_POINT('',(0.0468914161541721,-0.1688827184358,-0.0271850297767353));
#16388=CARTESIAN_POINT('',(0.0468914161541721,-0.1688827184358,-0.02745));
#16389=CARTESIAN_POINT('',(0.0468914161541721,-0.1688827184358,-0.02745));
#16390=CARTESIAN_POINT('',(0.0468914161541721,-0.1688827184358,-0.02695));
#16391=CARTESIAN_POINT('',(0.0468914161541721,-0.1688827184358,-0.03945));
#16392=CARTESIAN_POINT('',(0.0468914161541721,-0.1688827184358,-0.03945));
#16393=CARTESIAN_POINT('',(0.0468914161541721,-0.1688827184358,-0.0397149607144021));
#16394=CARTESIAN_POINT('',(0.047040295920737,-0.168696235904536,-0.0399500000000001));
#16395=CARTESIAN_POINT('',(0.0472315184881694,-0.168512871648393,-0.03995));
#16396=CARTESIAN_POINT('',(0.0472315184881694,-0.168512871648393,-0.03995));
#16397=CARTESIAN_POINT('',(0.05,-0.1714,-0.03995));
#16398=CARTESIAN_POINT('',(0.0460628371791141,-0.172106221581257,-0.03995));
#16399=CARTESIAN_POINT('',(0.0460628371791141,-0.172106221581257,-0.03995));
#16400=CARTESIAN_POINT('',(0.0460161808040673,-0.171846113776473,-0.0399499999999999));
#16401=CARTESIAN_POINT('',(0.0460054818609817,-0.171609343824972,-0.0397142601455252));
#16402=CARTESIAN_POINT('',(0.0460054818609817,-0.171609343824972,-0.03945));
#16403=CARTESIAN_POINT('',(0.0460054818609817,-0.171609343824972,-0.03945));
#16404=CARTESIAN_POINT('',(0.0460054818609817,-0.171609343824972,-0.02695));
#16405=CARTESIAN_POINT('',(0.0460054818609817,-0.171609343824972,-0.02745));
#16406=CARTESIAN_POINT('',(0.0460054818609817,-0.171609343824972,-0.02745));
#16407=CARTESIAN_POINT('',(0.0460054818609817,-0.171609343824972,-0.027185729387179));
#16408=CARTESIAN_POINT('',(0.0460161777123417,-0.171846096540202,-0.02695));
#16409=CARTESIAN_POINT('',(0.0460628371791141,-0.172106221581257,-0.02695));
#16410=CARTESIAN_POINT('',(0.0460628371791141,-0.172106221581257,-0.02695));
#16411=CARTESIAN_POINT('',(0.05,-0.1714,-0.02695));
#16412=CARTESIAN_POINT('',(0.0463986699320553,-0.173140810656481,-0.02695));
#16413=CARTESIAN_POINT('',(0.0463986699320553,-0.173140810656481,-0.02695));
#16414=CARTESIAN_POINT('',(0.0465139649307483,-0.173379329040965,-0.0269500000000001));
#16415=CARTESIAN_POINT('',(0.0466453177282183,-0.17357855614006,-0.0271850297767353));
#16416=CARTESIAN_POINT('',(0.0466453177282183,-0.17357855614006,-0.02745));
#16417=CARTESIAN_POINT('',(0.0466453177282183,-0.17357855614006,-0.02745));
#16418=CARTESIAN_POINT('',(0.0466453177282183,-0.17357855614006,-0.02695));
#16419=CARTESIAN_POINT('',(0.0466453177282183,-0.17357855614006,-0.03945));
#16420=CARTESIAN_POINT('',(0.0466453177282183,-0.17357855614006,-0.03945));
#16421=CARTESIAN_POINT('',(0.0466453177282183,-0.17357855614006,-0.0397149607144021));
#16422=CARTESIAN_POINT('',(0.0465139686796709,-0.173379336796609,-0.0399499999999999));
#16423=CARTESIAN_POINT('',(0.0463986699320553,-0.173140810656481,-0.03995));
#16424=CARTESIAN_POINT('',(0.0463986699320554,-0.173140810656481,-0.03995));
#16425=CARTESIAN_POINT('',(0.05,-0.1714,-0.03995));
#16426=CARTESIAN_POINT('',(0.049455006415528,-0.175362698826921,-0.03995));
#16427=CARTESIAN_POINT('',(0.049455006415528,-0.175362698826921,-0.03995));
#16428=CARTESIAN_POINT('',(0.0491932115800638,-0.175326693944389,-0.0399500000000001));
#16429=CARTESIAN_POINT('',(0.0489647238195899,-0.175263703305156,-0.0397142601455254));
#16430=CARTESIAN_POINT('',(0.0489647238195899,-0.175263703305156,-0.03945));
#16431=CARTESIAN_POINT('',(0.0489647238195899,-0.175263703305156,-0.03945));
#16432=CARTESIAN_POINT('',(0.0489647238195899,-0.175263703305156,-0.02695));
#16433=CARTESIAN_POINT('',(0.0489647238195899,-0.175263703305156,-0.02745));
#16434=CARTESIAN_POINT('',(0.0489647238195899,-0.175263703305157,-0.02745));
#16435=CARTESIAN_POINT('',(0.0489647238195899,-0.175263703305157,-0.0271857293871788));
#16436=CARTESIAN_POINT('',(0.0491931942319998,-0.175326691558494,-0.02695));
#16437=CARTESIAN_POINT('',(0.049455006415528,-0.175362698826922,-0.02695));
#16438=CARTESIAN_POINT('',(0.049455006415528,-0.175362698826921,-0.02695));
#16439=CARTESIAN_POINT('',(0.05,-0.1714,-0.02695));
#16440=CARTESIAN_POINT('',(0.0505427371251339,-0.17536300850529,-0.02695));
#16441=CARTESIAN_POINT('',(0.0505427371251339,-0.17536300850529,-0.02695));
#16442=CARTESIAN_POINT('',(0.0508052097029164,-0.175327062679763,-0.02695));
#16443=CARTESIAN_POINT('',(0.0510352761804101,-0.175263703305157,-0.0271850297767354));
#16444=CARTESIAN_POINT('',(0.0510352761804101,-0.175263703305156,-0.02745));
#16445=CARTESIAN_POINT('',(0.0510352761804101,-0.175263703305156,-0.02745));
#16446=CARTESIAN_POINT('',(0.0510352761804101,-0.175263703305156,-0.02695));
#16447=CARTESIAN_POINT('',(0.0510352761804101,-0.175263703305156,-0.03945));
#16448=CARTESIAN_POINT('',(0.0510352761804101,-0.175263703305156,-0.03945));
#16449=CARTESIAN_POINT('',(0.0510352761804101,-0.175263703305156,-0.0397149607144021));
#16450=CARTESIAN_POINT('',(0.050805218237453,-0.175327061510952,-0.03995));
#16451=CARTESIAN_POINT('',(0.0505427371251339,-0.17536300850529,-0.03995));
#16452=CARTESIAN_POINT('',(0.0505427371251339,-0.17536300850529,-0.03995));
#16453=CARTESIAN_POINT('',(0.05,-0.1714,-0.03995));
#16454=CARTESIAN_POINT('',(0.0536003382620316,-0.173142860980959,-0.03995));
#16455=CARTESIAN_POINT('',(0.0536003382620316,-0.173142860980959,-0.03995));
#16456=CARTESIAN_POINT('',(0.0534851965306824,-0.173380716544577,-0.0399500000000001));
#16457=CARTESIAN_POINT('',(0.0533546822717817,-0.17357855614006,-0.0397142601455253));
#16458=CARTESIAN_POINT('',(0.0533546822717817,-0.17357855614006,-0.03945));
#16459=CARTESIAN_POINT('',(0.0533546822717817,-0.17357855614006,-0.03945));
#16460=CARTESIAN_POINT('',(0.0533546822717817,-0.17357855614006,-0.02695));
#16461=CARTESIAN_POINT('',(0.0533546822717817,-0.17357855614006,-0.02745));
#16462=CARTESIAN_POINT('',(0.0533546822717817,-0.17357855614006,-0.02745));
#16463=CARTESIAN_POINT('',(0.0533546822717817,-0.17357855614006,-0.0271857293871788));
#16464=CARTESIAN_POINT('',(0.0534851889007148,-0.173380732306284,-0.0269500000000001));
#16465=CARTESIAN_POINT('',(0.0536003382620316,-0.173142860980959,-0.02695));
#16466=CARTESIAN_POINT('',(0.0536003382620316,-0.173142860980959,-0.02695));
#16467=CARTESIAN_POINT('',(0.05,-0.1714,-0.02695));
#16468=CARTESIAN_POINT('',(0.0539367600582338,-0.172108463297493,-0.02695));
#16469=CARTESIAN_POINT('',(0.0539367600582338,-0.172108463297493,-0.02695));
#16470=CARTESIAN_POINT('',(0.0539836820337251,-0.17184772917108,-0.02695));
#16471=CARTESIAN_POINT('',(0.0539945181390183,-0.171609343824972,-0.0271850297767355));
#16472=CARTESIAN_POINT('',(0.0539945181390183,-0.171609343824972,-0.02745));
#16473=CARTESIAN_POINT('',(0.0539945181390183,-0.171609343824972,-0.02745));
#16474=CARTESIAN_POINT('',(0.0539945181390183,-0.171609343824972,-0.02695));
#16475=CARTESIAN_POINT('',(0.0539945181390183,-0.171609343824972,-0.03945));
#16476=CARTESIAN_POINT('',(0.0539945181390183,-0.171609343824972,-0.03945));
#16477=CARTESIAN_POINT('',(0.0539945181390183,-0.171609343824972,-0.0397149607144019));
#16478=CARTESIAN_POINT('',(0.0539836835594362,-0.17184772069307,-0.03995));
#16479=CARTESIAN_POINT('',(0.0539367600582338,-0.172108463297493,-0.03995));
#16480=CARTESIAN_POINT('',(0.0539367600582338,-0.172108463297493,-0.03995));
#16481=CARTESIAN_POINT('',(0.05,-0.1714,-0.03995));
#16482=CARTESIAN_POINT('',(0.0527701250014043,-0.168514448496977,-0.03995));
#16483=CARTESIAN_POINT('',(0.0527701250014043,-0.168514448496977,-0.03995));
#16484=CARTESIAN_POINT('',(0.0529607583333712,-0.168697456202239,-0.0399500000000001));
#16485=CARTESIAN_POINT('',(0.0531085838458279,-0.1688827184358,-0.0397142601455253));
#16486=CARTESIAN_POINT('',(0.0531085838458279,-0.1688827184358,-0.03945));
#16487=CARTESIAN_POINT('',(0.0531085838458279,-0.1688827184358,-0.03945));
#16488=CARTESIAN_POINT('',(0.0531085838458279,-0.1688827184358,-0.02695));
#16489=CARTESIAN_POINT('',(0.0531085838458279,-0.1688827184358,-0.02745));
#16490=CARTESIAN_POINT('',(0.0531085838458279,-0.1688827184358,-0.02745));
#16491=CARTESIAN_POINT('',(0.0531085838458279,-0.1688827184358,-0.0271857293871789));
#16492=CARTESIAN_POINT('',(0.0529607709658558,-0.168697468329405,-0.02695));
#16493=CARTESIAN_POINT('',(0.0527701250014043,-0.168514448496977,-0.02695));
#16494=CARTESIAN_POINT('',(0.0527701250014043,-0.168514448496977,-0.02695));
#16495=CARTESIAN_POINT('',(0.05,-0.1714,-0.02695));
#16496=CARTESIAN_POINT('',(0.0518903143964076,-0.167874845892343,-0.02695));
#16497=CARTESIAN_POINT('',(0.0518903143964076,-0.167874845892343,-0.02695));
#16498=CARTESIAN_POINT('',(0.0516568411942981,-0.167749649165719,-0.02695));
#16499=CARTESIAN_POINT('',(0.0514334717981812,-0.167665678294011,-0.0271850297767353));
#16500=CARTESIAN_POINT('',(0.0514334717981812,-0.167665678294011,-0.02745));
#16501=CARTESIAN_POINT('',(0.0514334717981812,-0.167665678294011,-0.02745));
#16502=CARTESIAN_POINT('',(0.0514334717981812,-0.167665678294011,-0.02695));
#16503=CARTESIAN_POINT('',(0.05,-0.1714,-0.00895));
#16504=CARTESIAN_POINT('',(0.054,-0.1714,-0.00895));
#16505=CARTESIAN_POINT('',(0.05,-0.1714,-0.03995));
#16506=CARTESIAN_POINT('',(0.0501831522810148,-0.171094461286629,-0.03995));
#16507=CARTESIAN_POINT('',(0.0596129538548664,-0.176747066315673,-0.03995));
#16508=CARTESIAN_POINT('',(0.0526113491957009,-0.182103953801821,-0.03995));
#16509=CARTESIAN_POINT('',(0.052606093522799,-0.182086827244342,-0.03995));
#16510=CARTESIAN_POINT('',(0.05,-0.1714,-0.03995));
#16511=CARTESIAN_POINT('',(0.0479018623241604,-0.182198046966615,-0.03995));
#16512=CARTESIAN_POINT('',(0.0479972322185167,-0.18170722664995,-0.03995));
#16513=CARTESIAN_POINT('',(0.0478852654038743,-0.1821945288482,-0.03995));
#16514=CARTESIAN_POINT('',(0.0503471817517238,-0.171479771515462,-0.03995));
#16515=CARTESIAN_POINT('',(0.0406268862663743,-0.17719124430066,-0.03995));
#16516=CARTESIAN_POINT('',(0.0406415504982227,-0.177180953461384,-0.03995));
#16517=CARTESIAN_POINT('',(0.05,-0.1714,-0.03995));
#16518=CARTESIAN_POINT('',(0.0390800302418885,-0.172724484987429,-0.03995));
#16519=CARTESIAN_POINT('',(0.0500314178418243,-0.171754840221261,-0.03995));
#16520=CARTESIAN_POINT('',(0.0415957479365001,-0.164275232013141,-0.03995));
#16521=CARTESIAN_POINT('',(0.0416100666031031,-0.164285998482174,-0.03995));
#16522=CARTESIAN_POINT('',(0.05,-0.1714,-0.03995));
#16523=CARTESIAN_POINT('',(0.0453658836886533,-0.161423779973712,-0.03995));
#16524=CARTESIAN_POINT('',(0.0496722355423768,-0.171539531801852,-0.03995));
#16525=CARTESIAN_POINT('',(0.0541790003083612,-0.161205406921503,-0.03995));
#16526=CARTESIAN_POINT('',(0.0541731854991472,-0.161222351804581,-0.03995));
#16527=CARTESIAN_POINT('',(0.05,-0.1714,-0.03995));
#16528=CARTESIAN_POINT('',(0.0580559283698792,-0.163909871957078,-0.03995));
#16529=CARTESIAN_POINT('',(0.0497660125830604,-0.171131395174796,-0.03995));
#16530=CARTESIAN_POINT('',(0.0609870162930635,-0.172224162962874,-0.03995));
#16531=CARTESIAN_POINT('',(0.0609691038767281,-0.172223869007519,-0.03995));
#16532=CARTESIAN_POINT('',(0.05,-0.1714,-0.03995));
#16533=CARTESIAN_POINT('',(0.0518,-0.1714,-0.00895));
#16534=CARTESIAN_POINT('',(0.0518,-0.1714,-0.01495));
#16535=CARTESIAN_POINT('',(0.0518,-0.169455134966122,-0.01495));
#16536=CARTESIAN_POINT('',(0.0518,-0.173344865033877,-0.01495));
#16537=CARTESIAN_POINT('',(0.0518,-0.173344865033877,-0.00895));
#16538=CARTESIAN_POINT('',(0.0518,-0.173344865033877,-0.00895));
#16539=CARTESIAN_POINT('',(0.0518,-0.1714,-0.00895));
#16540=CARTESIAN_POINT('',(0.0518,-0.169455134966122,-0.00895));
#16541=CARTESIAN_POINT('',(0.0518,-0.169455134966122,-0.00895));
#16542=CARTESIAN_POINT('',(0.05,-0.1714,-0.00895));
#16543=CARTESIAN_POINT('',(0.05,-0.1714,-0.01495));
#16544=CARTESIAN_POINT('',(0.0482,-0.173344865033877,-0.01495));
#16545=CARTESIAN_POINT('',(0.0482,-0.173344865033877,-0.00895));
#16546=CARTESIAN_POINT('',(0.0482,-0.173344865033877,-0.00895));
#16547=CARTESIAN_POINT('',(0.05,-0.1714,-0.00895));
#16548=CARTESIAN_POINT('',(0.0482,-0.1714,-0.00895));
#16549=CARTESIAN_POINT('',(0.0482,-0.1714,-0.01495));
#16550=CARTESIAN_POINT('',(0.0482,-0.169455134966122,-0.01495));
#16551=CARTESIAN_POINT('',(0.0482,-0.169455134966122,-0.00895));
#16552=CARTESIAN_POINT('',(0.0482,-0.169455134966122,-0.00895));
#16553=CARTESIAN_POINT('',(0.0482,-0.1714,-0.00895));
#16554=CARTESIAN_POINT('',(0.05,-0.1714,-0.00895));
#16555=CARTESIAN_POINT('',(0.05,-0.1714,-0.01495));
#16556=CARTESIAN_POINT('',(0.05,-0.1714,-0.00895));
#16557=CARTESIAN_POINT('',(0.05,-0.1714,-0.00895));
#16558=CARTESIAN_POINT('',(0.05,-0.1714,-0.01495));
#16559=CARTESIAN_POINT('',(0.0471952841031383,-0.16444458408963,-0.02695));
#16560=CARTESIAN_POINT('',(0.0471952841031383,-0.16444458408963,-0.03945));
#16561=CARTESIAN_POINT('',(0.0458240400044577,-0.161223489885249,-0.03945));
#16562=CARTESIAN_POINT('',(0.0458240400044577,-0.161223489885249,-0.02695));
#16563=CARTESIAN_POINT('',(0.0458240400044578,-0.161223489885249,-0.02745));
#16564=CARTESIAN_POINT('',(0.0485665282018188,-0.167665678294011,-0.02745));
#16565=CARTESIAN_POINT('',(0.0500864039893696,-0.171285088610465,-0.03995));
#16566=CARTESIAN_POINT('',(0.0500864039893696,-0.171285088610465,-0.02745));
#16567=CARTESIAN_POINT('',(0.0412952575012973,-0.164674863716528,-0.02745));
#16568=CARTESIAN_POINT('',(0.0412952575012973,-0.164674863716528,-0.02695));
#16569=CARTESIAN_POINT('',(0.0412952575012973,-0.164674863716528,-0.03945));
#16570=CARTESIAN_POINT('',(0.0468914161541721,-0.1688827184358,-0.03945));
#16571=CARTESIAN_POINT('',(0.05,-0.1714,-0.02695));
#16572=CARTESIAN_POINT('',(0.05,-0.1714,-0.02695));
#16573=CARTESIAN_POINT('',(0.0453658836886533,-0.161423779973712,-0.02695));
#16574=CARTESIAN_POINT('',(0.0416100666031031,-0.164285998482174,-0.02695));
#16575=CARTESIAN_POINT('',(0.0503868944245724,-0.170885456907079,-0.02695));
#16576=CARTESIAN_POINT('',(0.0453639918022846,-0.161419335874938,-0.02695));
#16577=CARTESIAN_POINT('',(0.0503868944245724,-0.170885456907079,-0.02745));
#16578=CARTESIAN_POINT('',(0.0412952575012973,-0.164674863716528,-0.02745));
#16579=CARTESIAN_POINT('',(0.0412952575012973,-0.164674863716528,-0.0271857800922256));
#16580=CARTESIAN_POINT('',(0.0414391908653349,-0.164487521641177,-0.0269500000000001));
#16581=CARTESIAN_POINT('',(0.0416100666031031,-0.164285998482174,-0.02695));
#16582=CARTESIAN_POINT('',(0.0503868944245724,-0.170885456907079,-0.03945));
#16583=CARTESIAN_POINT('',(0.0416100666031031,-0.164285998482174,-0.03995));
#16584=CARTESIAN_POINT('',(0.0414391916093174,-0.164487520763757,-0.0399499999999999));
#16585=CARTESIAN_POINT('',(0.0412952575012973,-0.164674863716528,-0.0397142211646424));
#16586=CARTESIAN_POINT('',(0.0412952575012973,-0.164674863716528,-0.03945));
#16587=CARTESIAN_POINT('',(0.0467352359009651,-0.164640430079319,-0.03945));
#16588=CARTESIAN_POINT('',(0.0458240400044577,-0.161223489885249,-0.03945));
#16589=CARTESIAN_POINT('',(0.0458240400044577,-0.161223489885249,-0.039714129880948));
#16590=CARTESIAN_POINT('',(0.0456054314902245,-0.161312506127337,-0.03995));
#16591=CARTESIAN_POINT('',(0.0453658836886533,-0.161423779973712,-0.03995));
#16592=CARTESIAN_POINT('',(0.0496722355423768,-0.171539531801852,-0.02745));
#16593=CARTESIAN_POINT('',(0.0453658836886533,-0.161423779973712,-0.02695));
#16594=CARTESIAN_POINT('',(0.0456054293357321,-0.161312507128134,-0.02695));
#16595=CARTESIAN_POINT('',(0.0458240400044577,-0.161223489885249,-0.0271858715520768));
#16596=CARTESIAN_POINT('',(0.0458240400044577,-0.161223489885249,-0.02745));
#16597=CARTESIAN_POINT('',(0.05,-0.1714,-0.04095));
#16598=CARTESIAN_POINT('',(0.05,-0.1714,-0.02695));
#16599=CARTESIAN_POINT('',(0.0390800302418883,-0.172724484987429,-0.02695));
#16600=CARTESIAN_POINT('',(0.0390800302418883,-0.172724484987429,-0.02695));
#16601=CARTESIAN_POINT('',(0.0390482271528903,-0.172462278338528,-0.02695));
#16602=CARTESIAN_POINT('',(0.03903112113577,-0.172226859396662,-0.0271858715520771));
#16603=CARTESIAN_POINT('',(0.03903112113577,-0.172226859396662,-0.02745));
#16604=CARTESIAN_POINT('',(0.03903112113577,-0.172226859396662,-0.02745));
#16605=CARTESIAN_POINT('',(0.03903112113577,-0.172226859396662,-0.02695));
#16606=CARTESIAN_POINT('',(0.03903112113577,-0.172226859396662,-0.03945));
#16607=CARTESIAN_POINT('',(0.03903112113577,-0.172226859396662,-0.03945));
#16608=CARTESIAN_POINT('',(0.03903112113577,-0.172226859396662,-0.0397141298809478));
#16609=CARTESIAN_POINT('',(0.0390482268668508,-0.172462275980221,-0.0399499999999999));
#16610=CARTESIAN_POINT('',(0.0390800302418883,-0.172724484987429,-0.03995));
#16611=CARTESIAN_POINT('',(0.05,-0.1714,-0.03995));
#16612=CARTESIAN_POINT('',(0.05,-0.1714,-0.04095));
#16613=CARTESIAN_POINT('',(0.05,-0.1714,-0.03995));
#16614=CARTESIAN_POINT('',(0.0541731854991472,-0.161222351804582,-0.03995));
#16615=CARTESIAN_POINT('',(0.0539287231430755,-0.161122113838024,-0.03995));
#16616=CARTESIAN_POINT('',(0.0537060713216126,-0.161043116522857,-0.0397142211646425));
#16617=CARTESIAN_POINT('',(0.0537060713216126,-0.161043116522857,-0.03945));
#16618=CARTESIAN_POINT('',(0.0537060713216126,-0.161043116522857,-0.03945));
#16619=CARTESIAN_POINT('',(0.0537060713216126,-0.161043116522857,-0.02695));
#16620=CARTESIAN_POINT('',(0.0537060713216126,-0.161043116522857,-0.02745));
#16621=CARTESIAN_POINT('',(0.0537060713216126,-0.161043116522857,-0.02745));
#16622=CARTESIAN_POINT('',(0.0537060713216126,-0.161043116522857,-0.0271857800922255));
#16623=CARTESIAN_POINT('',(0.0539287220786967,-0.161122113401592,-0.02695));
#16624=CARTESIAN_POINT('',(0.0541731854991472,-0.161222351804582,-0.02695));
#16625=CARTESIAN_POINT('',(0.0541731854991472,-0.161222351804581,-0.02695));
#16626=CARTESIAN_POINT('',(0.05,-0.1714,-0.02695));
#16627=CARTESIAN_POINT('',(0.0557482887485764,-0.166583214950683,-0.02695));
#16628=CARTESIAN_POINT('',(0.0557482887485764,-0.166583214950683,-0.03945));
#16629=CARTESIAN_POINT('',(0.058387993651325,-0.164283711465565,-0.03945));
#16630=CARTESIAN_POINT('',(0.058387993651325,-0.164283711465565,-0.02695));
#16631=CARTESIAN_POINT('',(0.058387993651325,-0.164283711465565,-0.02745));
#16632=CARTESIAN_POINT('',(0.0531085838458279,-0.1688827184358,-0.02745));
#16633=CARTESIAN_POINT('',(0.0501359875269108,-0.171446665504911,-0.03995));
#16634=CARTESIAN_POINT('',(0.0501359875269108,-0.171446665504911,-0.02745));
#16635=CARTESIAN_POINT('',(0.0514334717981812,-0.167665678294011,-0.03945));
#16636=CARTESIAN_POINT('',(0.05,-0.1714,-0.02695));
#16637=CARTESIAN_POINT('',(0.05,-0.1714,-0.02695));
#16638=CARTESIAN_POINT('',(0.0580559283698792,-0.163909871957078,-0.02695));
#16639=CARTESIAN_POINT('',(0.0506089165136595,-0.171608955903557,-0.02695));
#16640=CARTESIAN_POINT('',(0.0580595703339379,-0.163906699364173,-0.02695));
#16641=CARTESIAN_POINT('',(0.0506089165136595,-0.171608955903557,-0.02745));
#16642=CARTESIAN_POINT('',(0.0506089165136595,-0.171608955903557,-0.03945));
#16643=CARTESIAN_POINT('',(0.0554198654311893,-0.16620620284929,-0.03945));
#16644=CARTESIAN_POINT('',(0.058387993651325,-0.164283711465565,-0.03945));
#16645=CARTESIAN_POINT('',(0.058387993651325,-0.164283711465565,-0.039714129880948));
#16646=CARTESIAN_POINT('',(0.058235780428218,-0.164103309945167,-0.03995));
#16647=CARTESIAN_POINT('',(0.0580559283698792,-0.163909871957078,-0.03995));
#16648=CARTESIAN_POINT('',(0.0497660125830604,-0.171131395174796,-0.02745));
#16649=CARTESIAN_POINT('',(0.0580559283698792,-0.163909871957078,-0.02695));
#16650=CARTESIAN_POINT('',(0.058235778810629,-0.164103308205386,-0.0269500000000001));
#16651=CARTESIAN_POINT('',(0.058387993651325,-0.164283711465565,-0.0271858715520769));
#16652=CARTESIAN_POINT('',(0.058387993651325,-0.164283711465565,-0.02745));
#16653=CARTESIAN_POINT('',(0.05,-0.1714,-0.04095));
#16654=CARTESIAN_POINT('',(0.05,-0.1714,-0.03995));
#16655=CARTESIAN_POINT('',(0.0609691038767281,-0.172223869007519,-0.03995));
#16656=CARTESIAN_POINT('',(0.0609888928254916,-0.17196039625564,-0.0399500000000001));
#16657=CARTESIAN_POINT('',(0.0609952205401905,-0.171724230277076,-0.0397142211646424));
#16658=CARTESIAN_POINT('',(0.0609952205401905,-0.171724230277076,-0.03945));
#16659=CARTESIAN_POINT('',(0.0609952205401905,-0.171724230277076,-0.03945));
#16660=CARTESIAN_POINT('',(0.0609952205401905,-0.171724230277076,-0.02695));
#16661=CARTESIAN_POINT('',(0.0609952205401905,-0.171724230277076,-0.02745));
#16662=CARTESIAN_POINT('',(0.0609952205401905,-0.171724230277076,-0.02745));
#16663=CARTESIAN_POINT('',(0.0609952205401905,-0.171724230277076,-0.0271857800922256));
#16664=CARTESIAN_POINT('',(0.0609888929116519,-0.17196039510849,-0.0269499999999999));
#16665=CARTESIAN_POINT('',(0.0609691038767281,-0.172223869007519,-0.02695));
#16666=CARTESIAN_POINT('',(0.0609691038767281,-0.172223869007519,-0.02695));
#16667=CARTESIAN_POINT('',(0.05,-0.1714,-0.02695));
#16668=CARTESIAN_POINT('',(0.0425183014983758,-0.171918101610817,-0.02695));
#16669=CARTESIAN_POINT('',(0.0460054818609817,-0.171609343824972,-0.02745));
#16670=CARTESIAN_POINT('',(0.0425183014983758,-0.171918101610817,-0.03945));
#16671=CARTESIAN_POINT('',(0.0499174130752831,-0.171282315350662,-0.03995));
#16672=CARTESIAN_POINT('',(0.0499174130752831,-0.171282315350662,-0.02745));
#16673=CARTESIAN_POINT('',(0.0409141019508735,-0.177600520674982,-0.02745));
#16674=CARTESIAN_POINT('',(0.0409141019508735,-0.177600520674982,-0.02695));
#16675=CARTESIAN_POINT('',(0.0409141019508735,-0.177600520674982,-0.03945));
#16676=CARTESIAN_POINT('',(0.0466453177282183,-0.17357855614006,-0.03945));
#16677=CARTESIAN_POINT('',(0.05,-0.1714,-0.02695));
#16678=CARTESIAN_POINT('',(0.0390752190277509,-0.172724910976243,-0.02695));
#16679=CARTESIAN_POINT('',(0.05,-0.1714,-0.02695));
#16680=CARTESIAN_POINT('',(0.0406415504982227,-0.177180953461384,-0.02695));
#16681=CARTESIAN_POINT('',(0.049630197390784,-0.170873038976341,-0.02695));
#16682=CARTESIAN_POINT('',(0.0500314178418243,-0.171754840221261,-0.02745));
#16683=CARTESIAN_POINT('',(0.049630197390784,-0.170873038976341,-0.02745));
#16684=CARTESIAN_POINT('',(0.0409141019508735,-0.177600520674982,-0.02745));
#16685=CARTESIAN_POINT('',(0.0409141019508735,-0.177600520674982,-0.0271857800922254));
#16686=CARTESIAN_POINT('',(0.0407804069048797,-0.177405740026157,-0.02695));
#16687=CARTESIAN_POINT('',(0.0406415504982227,-0.177180953461384,-0.02695));
#16688=CARTESIAN_POINT('',(0.049630197390784,-0.170873038976341,-0.03945));
#16689=CARTESIAN_POINT('',(0.0406415504982227,-0.177180953461384,-0.03995));
#16690=CARTESIAN_POINT('',(0.0407804063003074,-0.17740573904745,-0.03995));
#16691=CARTESIAN_POINT('',(0.0409141019508735,-0.177600520674982,-0.0397142211646426));
#16692=CARTESIAN_POINT('',(0.0409141019508735,-0.177600520674982,-0.03945));
#16693=CARTESIAN_POINT('',(0.0425623993903567,-0.172416153190397,-0.03945));
#16694=CARTESIAN_POINT('',(0.05,-0.1714,-0.04095));
#16695=CARTESIAN_POINT('',(0.05,-0.1714,-0.02695));
#16696=CARTESIAN_POINT('',(0.0479018623241604,-0.182198046966615,-0.02695));
#16697=CARTESIAN_POINT('',(0.0479018623241604,-0.182198046966615,-0.02695));
#16698=CARTESIAN_POINT('',(0.05,-0.1714,-0.03995));
#16699=CARTESIAN_POINT('',(0.0481807719292789,-0.178675620315481,-0.02695));
#16700=CARTESIAN_POINT('',(0.0481807719292789,-0.178675620315481,-0.03945));
#16701=CARTESIAN_POINT('',(0.0475099300202672,-0.181595259835308,-0.03945));
#16702=CARTESIAN_POINT('',(0.0475099300202672,-0.181595259835308,-0.02695));
#16703=CARTESIAN_POINT('',(0.0475099300202672,-0.181595259835308,-0.02745));
#16704=CARTESIAN_POINT('',(0.0489647238195899,-0.175263703305156,-0.02745));
#16705=CARTESIAN_POINT('',(0.0498625544841291,-0.17144217827629,-0.03995));
#16706=CARTESIAN_POINT('',(0.0530893486860262,-0.181957268808558,-0.02695));
#16707=CARTESIAN_POINT('',(0.0530893486860262,-0.181957268808558,-0.02745));
#16708=CARTESIAN_POINT('',(0.0530893486860262,-0.181957268808558,-0.03945));
#16709=CARTESIAN_POINT('',(0.0510352761804101,-0.175263703305156,-0.03945));
#16710=CARTESIAN_POINT('',(0.0498625544841291,-0.17144217827629,-0.02745));
#16711=CARTESIAN_POINT('',(0.05,-0.1714,-0.02695));
#16712=CARTESIAN_POINT('',(0.05,-0.1714,-0.02695));
#16713=CARTESIAN_POINT('',(0.052606093522799,-0.182086827244342,-0.02695));
#16714=CARTESIAN_POINT('',(0.0493845549938038,-0.171588863269554,-0.02695));
#16715=CARTESIAN_POINT('',(0.0478841222372173,-0.182199504140447,-0.02695));
#16716=CARTESIAN_POINT('',(0.0478852654038743,-0.1821945288482,-0.02695));
#16717=CARTESIAN_POINT('',(0.0479972322185167,-0.18170722664995,-0.02695));
#16718=CARTESIAN_POINT('',(0.0503471817517238,-0.171479771515462,-0.02745));
#16719=CARTESIAN_POINT('',(0.0479972322185167,-0.18170722664995,-0.02745));
#16720=CARTESIAN_POINT('',(0.0486680741275284,-0.178787587130123,-0.03945));
#16721=CARTESIAN_POINT('',(0.0479972322185167,-0.18170722664995,-0.03945));
#16722=CARTESIAN_POINT('',(0.0479972322185167,-0.18170722664995,-0.02695));
#16723=CARTESIAN_POINT('',(0.0493845549938038,-0.171588863269554,-0.03945));
#16724=CARTESIAN_POINT('',(0.052606093522799,-0.182086827244342,-0.03995));
#16725=CARTESIAN_POINT('',(0.0528627861218082,-0.182024230095129,-0.03995));
#16726=CARTESIAN_POINT('',(0.0530893486860262,-0.181957268808558,-0.0397142211646425));
#16727=CARTESIAN_POINT('',(0.0530893486860262,-0.181957268808558,-0.03945));
#16728=CARTESIAN_POINT('',(0.0493845549938038,-0.171588863269554,-0.02745));
#16729=CARTESIAN_POINT('',(0.0530893486860262,-0.181957268808558,-0.02745));
#16730=CARTESIAN_POINT('',(0.0530893486860262,-0.181957268808558,-0.0271857800922255));
#16731=CARTESIAN_POINT('',(0.052862787239437,-0.182024229822584,-0.02695));
#16732=CARTESIAN_POINT('',(0.052606093522799,-0.182086827244343,-0.02695));
#16733=CARTESIAN_POINT('',(0.05,-0.1714,-0.04095));
#16734=CARTESIAN_POINT('',(0.05,-0.1714,-0.03995));
#16735=CARTESIAN_POINT('',(0.05,-0.1714,-0.02695));
#16736=CARTESIAN_POINT('',(0.0596129538548666,-0.176747066315673,-0.02695));
#16737=CARTESIAN_POINT('',(0.0596129538548666,-0.176747066315673,-0.02695));
#16738=CARTESIAN_POINT('',(0.0594845618930628,-0.176977889337362,-0.02695));
#16739=CARTESIAN_POINT('',(0.0593600251694795,-0.177178401926719,-0.0271858715520768));
#16740=CARTESIAN_POINT('',(0.0593600251694795,-0.177178401926719,-0.02745));
#16741=CARTESIAN_POINT('',(0.0593600251694795,-0.177178401926719,-0.02745));
#16742=CARTESIAN_POINT('',(0.0593600251694795,-0.177178401926719,-0.02695));
#16743=CARTESIAN_POINT('',(0.0593600251694795,-0.177178401926719,-0.03945));
#16744=CARTESIAN_POINT('',(0.0593600251694795,-0.177178401926719,-0.03945));
#16745=CARTESIAN_POINT('',(0.0593600251694795,-0.177178401926719,-0.039714129880948));
#16746=CARTESIAN_POINT('',(0.0594845607382954,-0.176977891413402,-0.0399500000000001));
#16747=CARTESIAN_POINT('',(0.0596129538548666,-0.176747066315673,-0.03995));
#16748=CARTESIAN_POINT('',(0.0563573537206306,-0.17537847903339,-0.02695));
#16749=CARTESIAN_POINT('',(0.0533546822717817,-0.17357855614006,-0.02745));
#16750=CARTESIAN_POINT('',(0.0563573537206306,-0.17537847903339,-0.03945));
#16751=CARTESIAN_POINT('',(0.0499976409243074,-0.171543752257672,-0.03995));
#16752=CARTESIAN_POINT('',(0.0499976409243074,-0.171543752257672,-0.02745));
#16753=CARTESIAN_POINT('',(0.0539945181390183,-0.171609343824972,-0.03945));
#16754=CARTESIAN_POINT('',(0.05,-0.1714,-0.02695));
#16755=CARTESIAN_POINT('',(0.0596170965988094,-0.1767495496442,-0.02695));
#16756=CARTESIAN_POINT('',(0.05,-0.1714,-0.02695));
#16757=CARTESIAN_POINT('',(0.0499894366771803,-0.172043684943469,-0.02695));
#16758=CARTESIAN_POINT('',(0.0501831522810148,-0.171094461286629,-0.02745));
#16759=CARTESIAN_POINT('',(0.0499894366771803,-0.172043684943469,-0.02745));
#16760=CARTESIAN_POINT('',(0.0499894366771803,-0.172043684943469,-0.03945));
#16761=CARTESIAN_POINT('',(0.0566144251499605,-0.17494962675087,-0.03945));
#16762=CARTESIAN_POINT('',(0.05,-0.1714,-0.04095));
#16763=CARTESIAN_POINT('',(0.05,-0.1714,-0.03595));
#16764=CARTESIAN_POINT('',(0.065,-0.1714,-0.03595));
#16765=CARTESIAN_POINT('',(0.05,-0.1714,-0.03095));
#16766=CARTESIAN_POINT('',(0.065,-0.1714,-0.03095));
#16767=CARTESIAN_POINT('',(0.05,-0.1714,-0.03595));
#16768=CARTESIAN_POINT('',(0.05,-0.1714,-0.02595));
#16769=CARTESIAN_POINT('',(-0.00962166068814264,0.265713124805511,0.112458155890192));
#16770=CARTESIAN_POINT('',(-0.0366711989468228,0.119793011410672,0.146400607657214));
#16771=CARTESIAN_POINT('',(0.0100003276712895,0.0111998024631142,0.04215));
#16772=CARTESIAN_POINT('',(0.0100003276712895,0.0111998024631142,0.0523));
#16773=CARTESIAN_POINT('',(0.000250327671289463,0.0111998024631142,0.0523));
#16774=CARTESIAN_POINT('',(0.0197503276712895,0.0111998024631142,0.0523));
#16775=CARTESIAN_POINT('',(0.000250327671289463,0.0111998024631142,0.0523));
#16776=CARTESIAN_POINT('',(-0.00124967232871056,0.0111998024631142,0.0508));
#16777=CARTESIAN_POINT('',(-0.00124967232871056,0.0111998024631142,0.0429));
#16778=CARTESIAN_POINT('',(-0.00124967232871056,0.0111998024631142,0.0335));
#16779=CARTESIAN_POINT('',(0.0100003276712894,0.0111998024631142,0.0335));
#16780=CARTESIAN_POINT('',(0.0212503276712895,0.0111998024631143,0.0335));
#16781=CARTESIAN_POINT('',(0.0212503276712895,0.0111998024631142,0.0429));
#16782=CARTESIAN_POINT('',(0.0212503276712895,0.0111998024631142,0.0508));
#16783=CARTESIAN_POINT('',(0.0227503276712894,0.0111998024631142,0.0493));
#16784=CARTESIAN_POINT('',(-0.0409996723287105,0.0111998024631142,0.04215));
#16785=CARTESIAN_POINT('',(-0.0409996723287105,0.0111998024631142,0.0523));
#16786=CARTESIAN_POINT('',(-0.0507496723287105,0.0111998024631142,0.0523));
#16787=CARTESIAN_POINT('',(-0.0312496723287106,0.0111998024631142,0.0523));
#16788=CARTESIAN_POINT('',(-0.0507496723287105,0.0111998024631142,0.0523));
#16789=CARTESIAN_POINT('',(-0.0522496723287105,0.0111998024631142,0.0508));
#16790=CARTESIAN_POINT('',(-0.0522496723287105,0.0111998024631142,0.0429));
#16791=CARTESIAN_POINT('',(-0.0522496723287105,0.0111998024631142,0.0335));
#16792=CARTESIAN_POINT('',(-0.0409996723287105,0.0111998024631142,0.0335));
#16793=CARTESIAN_POINT('',(-0.0297496723287105,0.0111998024631142,0.0335));
#16794=CARTESIAN_POINT('',(-0.0297496723287105,0.0111998024631142,0.0429));
#16795=CARTESIAN_POINT('',(-0.0297496723287105,0.0111998024631142,0.0508));
#16796=CARTESIAN_POINT('',(-0.0282496723287106,0.0111998024631142,0.0493));
#16797=CARTESIAN_POINT('',(-0.04,0.08,0.032));
#16798=CARTESIAN_POINT('',(-0.04,0.04,0.032));
#16799=CARTESIAN_POINT('',(-0.04,0.044,0.032));
#16800=CARTESIAN_POINT('',(-0.04,0.05,0.032));
#16801=CARTESIAN_POINT('',(0.01,0.04,0.032));
#16802=CARTESIAN_POINT('',(0.01,0.044,0.032));
#16803=CARTESIAN_POINT('',(0.01,0.05,0.032));
#16804=CARTESIAN_POINT('',(-0.04,0.08,0.032));
#16805=CARTESIAN_POINT('',(-0.029,0.08,0.032));
#16806=CARTESIAN_POINT('',(0.01,0.08,0.032));
#16807=CARTESIAN_POINT('',(0.021,0.08,0.032));
#16808=CARTESIAN_POINT('',(-0.0409996723287105,0.0161998024631142,0.032));
#16809=CARTESIAN_POINT('',(-0.0312496723287106,0.0161998024631142,0.032));
#16810=CARTESIAN_POINT('',(-0.0507496723287105,0.0161998024631142,0.032));
#16811=CARTESIAN_POINT('',(-0.0312496723287106,0.0161998024631142,0.032));
#16812=CARTESIAN_POINT('',(-0.0282496723287106,0.0131998024631142,0.032));
#16813=CARTESIAN_POINT('',(-0.0282496723287106,0.0161998024631142,0.032));
#16814=CARTESIAN_POINT('',(-0.0282496723287106,-0.0170001975368857,0.032));
#16815=CARTESIAN_POINT('',(-0.0282496723287106,-0.0170001975368857,0.032));
#16816=CARTESIAN_POINT('',(-0.0312496723287105,-0.0200000987684428,0.032));
#16817=CARTESIAN_POINT('',(-0.0409996723287105,-0.0200001975368857,0.032));
#16818=CARTESIAN_POINT('',(-0.0282496723287106,-0.02,0.032));
#16819=CARTESIAN_POINT('',(-0.04,-0.02,0.032));
#16820=CARTESIAN_POINT('',(-0.00274967232871052,-0.02,0.032));
#16821=CARTESIAN_POINT('',(0.0100003276712895,-0.0200001975368857,0.032));
#16822=CARTESIAN_POINT('',(0.000250327671289477,-0.0200000987684428,0.032));
#16823=CARTESIAN_POINT('',(0.00025032767128948,-0.0200001975368857,0.032));
#16824=CARTESIAN_POINT('',(-0.00274967232871052,-0.0170001975368857,0.032));
#16825=CARTESIAN_POINT('',(-0.00274967232871054,0.0161998024631142,0.032));
#16826=CARTESIAN_POINT('',(-0.00274967232871053,0.0131998024631142,0.032));
#16827=CARTESIAN_POINT('',(-0.00274967232871054,0.0131998024631142,0.032));
#16828=CARTESIAN_POINT('',(0.000250327671289463,0.0161998024631142,0.032));
#16829=CARTESIAN_POINT('',(0.0100003276712895,0.0161998024631142,0.032));
#16830=CARTESIAN_POINT('',(0.0197503276712895,0.0161998024631142,0.032));
#16831=CARTESIAN_POINT('',(0.0227503276712894,0.0131998024631142,0.032));
#16832=CARTESIAN_POINT('',(0.0227503276712894,0.0131998024631142,0.032));
#16833=CARTESIAN_POINT('',(0.0227503276712894,0.0161998024631142,0.032));
#16834=CARTESIAN_POINT('',(0.0227503276712895,-0.0170001975368857,0.032));
#16835=CARTESIAN_POINT('',(0.0197503276712895,-0.0200001975368857,0.032));
#16836=CARTESIAN_POINT('',(0.0197503276712895,-0.0200000987684428,0.032));
#16837=CARTESIAN_POINT('',(0.0100003276712895,-0.0200001975368857,0.032));
#16838=CARTESIAN_POINT('',(0.0227503276712895,-0.02,0.032));
#16839=CARTESIAN_POINT('',(-0.04,-0.02,0.032));
#16840=CARTESIAN_POINT('',(0.03,-0.02,0.032));
#16841=CARTESIAN_POINT('',(0.03,0.08,0.032));
#16842=CARTESIAN_POINT('',(0.03,0.095,0.032));
#16843=CARTESIAN_POINT('',(-0.04,0.095,0.032));
#16844=CARTESIAN_POINT('',(-0.06,0.095,0.032));
#16845=CARTESIAN_POINT('',(-0.06,-0.02,0.032));
#16846=CARTESIAN_POINT('',(-0.06,-0.02,0.032));
#16847=CARTESIAN_POINT('',(-0.04,-0.02,0.032));
#16848=CARTESIAN_POINT('',(-0.0537496723287105,-0.02,0.032));
#16849=CARTESIAN_POINT('',(-0.0409996723287105,-0.0200001975368857,0.032));
#16850=CARTESIAN_POINT('',(-0.0507496723287105,-0.0200000987684428,0.032));
#16851=CARTESIAN_POINT('',(-0.0537496723287105,-0.0170001975368857,0.032));
#16852=CARTESIAN_POINT('',(-0.0537496723287105,-0.0170001975368857,0.032));
#16853=CARTESIAN_POINT('',(-0.0537496723287105,0.0161998024631142,0.032));
#16854=CARTESIAN_POINT('',(-0.0537496723287105,0.0131998024631142,0.032));
#16855=CARTESIAN_POINT('',(-0.0507496723287105,0.0161998024631142,0.032));
#16856=CARTESIAN_POINT('',(-0.065,0.1,0.0065));
#16857=CARTESIAN_POINT('',(-0.065,0.1,0.0065));
#16858=CARTESIAN_POINT('',(-0.065,0.1,0.0085));
#16859=CARTESIAN_POINT('',(-0.065,0.1,0.027));
#16860=CARTESIAN_POINT('',(-0.065,0.1,0.027));
#16861=CARTESIAN_POINT('',(-0.06,0.1,0.027));
#16862=CARTESIAN_POINT('',(-0.06,0.1,0.0065));
#16863=CARTESIAN_POINT('',(-0.06,0.1,0.0085));
#16864=CARTESIAN_POINT('',(-0.065,0.1,0.0085));
#16865=CARTESIAN_POINT('',(-0.065,0.1,0.0065));
#16866=CARTESIAN_POINT('',(0.03,0.1,0.0065));
#16867=CARTESIAN_POINT('',(0.03,0.1,0.0085));
#16868=CARTESIAN_POINT('',(0.03,0.1,0.027));
#16869=CARTESIAN_POINT('',(-0.065,0.1,0.027));
#16870=CARTESIAN_POINT('',(0.035,0.1,0.027));
#16871=CARTESIAN_POINT('',(0.035,0.1,0.0065));
#16872=CARTESIAN_POINT('',(0.035,0.1,0.0085));
#16873=CARTESIAN_POINT('',(0.035,0.1,0.0085));
#16874=CARTESIAN_POINT('',(-0.06,0.08,0.0065));
#16875=CARTESIAN_POINT('',(-0.06,0.08,0.0085));
#16876=CARTESIAN_POINT('',(-0.06,0.06,0.0085));
#16877=CARTESIAN_POINT('',(-0.06,0.08,0.027));
#16878=CARTESIAN_POINT('',(-0.06,-0.02,0.027));
#16879=CARTESIAN_POINT('',(-0.06,-0.02,0.0065));
#16880=CARTESIAN_POINT('',(-0.06,-0.02,0.0065));
#16881=CARTESIAN_POINT('',(-0.06,0.04,0.0065));
#16882=CARTESIAN_POINT('',(-0.06,0.06,0.0065));
#16883=CARTESIAN_POINT('',(-0.06,0.06,0.0065));
#16884=CARTESIAN_POINT('',(-0.065,0.08,0.0065));
#16885=CARTESIAN_POINT('',(-0.065,-0.02,0.0065));
#16886=CARTESIAN_POINT('',(-0.065,-0.02,0.0065));
#16887=CARTESIAN_POINT('',(-0.065,-0.02,0.027));
#16888=CARTESIAN_POINT('',(-0.065,0.1,0.027));
#16889=CARTESIAN_POINT('',(-0.065,0.08,0.0085));
#16890=CARTESIAN_POINT('',(-0.065,0.06,0.0085));
#16891=CARTESIAN_POINT('',(-0.065,0.06,0.0065));
#16892=CARTESIAN_POINT('',(-0.065,0.06,0.0065));
#16893=CARTESIAN_POINT('',(-0.065,0.04,0.0065));
#16894=CARTESIAN_POINT('',(0.03,0.08,0.0065));
#16895=CARTESIAN_POINT('',(0.03,0.08,0.0085));
#16896=CARTESIAN_POINT('',(0.03,0.06,0.0085));
#16897=CARTESIAN_POINT('',(0.03,0.06,0.0065));
#16898=CARTESIAN_POINT('',(0.03,0.06,0.0065));
#16899=CARTESIAN_POINT('',(0.03,0.04,0.0065));
#16900=CARTESIAN_POINT('',(0.03,-0.02,0.0065));
#16901=CARTESIAN_POINT('',(0.03,-0.02,0.0065));
#16902=CARTESIAN_POINT('',(0.03,-0.02,0.027));
#16903=CARTESIAN_POINT('',(0.03,0.08,0.027));
#16904=CARTESIAN_POINT('',(0.035,0.08,0.0065));
#16905=CARTESIAN_POINT('',(0.035,0.08,0.027));
#16906=CARTESIAN_POINT('',(0.035,-0.02,0.027));
#16907=CARTESIAN_POINT('',(0.035,-0.02,0.0065));
#16908=CARTESIAN_POINT('',(0.035,-0.02,0.0065));
#16909=CARTESIAN_POINT('',(0.035,0.04,0.0065));
#16910=CARTESIAN_POINT('',(0.035,0.06,0.0065));
#16911=CARTESIAN_POINT('',(0.035,0.06,0.0065));
#16912=CARTESIAN_POINT('',(0.035,0.06,0.0085));
#16913=CARTESIAN_POINT('',(0.035,0.08,0.0085));
#16914=CARTESIAN_POINT('',(-0.04,0.08,0.027));
#16915=CARTESIAN_POINT('',(0.01,1.59288398090079E-16,0.027));
#16916=CARTESIAN_POINT('',(0.015,1.59288398090079E-16,0.027));
#16917=CARTESIAN_POINT('',(-0.04,1.52349504186172E-16,0.027));
#16918=CARTESIAN_POINT('',(-0.035,1.52349504186172E-16,0.027));
#16919=CARTESIAN_POINT('',(-0.04,0.04,0.027));
#16920=CARTESIAN_POINT('',(-0.035,0.04,0.027));
#16921=CARTESIAN_POINT('',(0.01,0.04,0.027));
#16922=CARTESIAN_POINT('',(0.015,0.04,0.027));
#16923=CARTESIAN_POINT('',(0.01,0.08,0.027));
#16924=CARTESIAN_POINT('',(0.021,0.08,0.027));
#16925=CARTESIAN_POINT('',(-0.04,0.08,0.027));
#16926=CARTESIAN_POINT('',(-0.029,0.08,0.027));
#16927=CARTESIAN_POINT('',(-0.04,-0.02,0.027));
#16928=CARTESIAN_POINT('',(-0.04,0.1,0.027));
#16929=CARTESIAN_POINT('',(0.035,0.08,0.0085));
#16930=CARTESIAN_POINT('',(0.035,0.06,0.0085));
#16931=CARTESIAN_POINT('',(-0.065,0.08,0.0085));
#16932=CARTESIAN_POINT('',(-0.065,0.06,0.0085));
#16933=CARTESIAN_POINT('',(-0.065,0.06,0.0065));
#16934=CARTESIAN_POINT('',(-0.065,0.06,0.0065));
#16935=CARTESIAN_POINT('',(-0.065,0.06,0.0065));
#16936=CARTESIAN_POINT('',(0.035,0.06,0.0065));
#16937=CARTESIAN_POINT('',(-0.065,0.04,0.0065));
#16938=CARTESIAN_POINT('',(-0.065,-0.02,0.0065));
#16939=CARTESIAN_POINT('',(0.035,0.04,0.0065));
#16940=CARTESIAN_POINT('',(0.035,-0.02,0.0065));
#16941=CARTESIAN_POINT('',(-0.04,0.04,0.041));
#16942=CARTESIAN_POINT('',(-0.04,0.04,0.0095));
#16943=CARTESIAN_POINT('',(-0.044,0.04,0.0095));
#16944=CARTESIAN_POINT('',(0.01,0.04,0.041));
#16945=CARTESIAN_POINT('',(0.01,0.04,0.0095));
#16946=CARTESIAN_POINT('',(0.006,0.04,0.0095));
#16947=CARTESIAN_POINT('',(-0.065,-0.02,0.0065));
#16948=CARTESIAN_POINT('',(0.03,-0.02,0.032));
#16949=CARTESIAN_POINT('',(0.0100003276712895,-0.0200001975368857,0.032));
#16950=CARTESIAN_POINT('',(0.0150003276712895,-0.02,0.032));
#16951=CARTESIAN_POINT('',(-0.04,-0.02,0.032));
#16952=CARTESIAN_POINT('',(0.00500032767128945,-0.02,0.032));
#16953=CARTESIAN_POINT('',(0.0100003276712895,-0.0200001975368857,0.032));
#16954=CARTESIAN_POINT('',(-0.0409996723287105,-0.0200001975368857,0.032));
#16955=CARTESIAN_POINT('',(-0.0359996723287105,-0.02,0.032));
#16956=CARTESIAN_POINT('',(-0.04,-0.02,0.032));
#16957=CARTESIAN_POINT('',(-0.0459996723287105,-0.02,0.032));
#16958=CARTESIAN_POINT('',(-0.0409996723287105,-0.0200001975368857,0.032));
#16959=CARTESIAN_POINT('',(-0.065,-0.02,0.027));
#16960=CARTESIAN_POINT('',(-0.065,0.08,0.027));
#16961=CARTESIAN_POINT('',(-0.0583333333333334,0.0933333333333333,0.0336666666666667));
#16962=CARTESIAN_POINT('',(-0.065,0.1,0.027));
#16963=CARTESIAN_POINT('',(0.00166666666666673,0.0666666666666667,0.0603333333333333));
#16964=CARTESIAN_POINT('',(0.03,0.08,0.032));
#16965=CARTESIAN_POINT('',(-0.04,0.08,0.0261));
#16966=CARTESIAN_POINT('',(0.01,0.08,0.0261));
#16967=CARTESIAN_POINT('',(0.0100003276712895,-0.0580001975368857,0.034));
#16968=CARTESIAN_POINT('',(0.00500032767128949,-0.0580001975368857,0.034));
#16969=CARTESIAN_POINT('',(0.00500032767128949,-0.0550001975368857,0.037));
#16970=CARTESIAN_POINT('',(0.00500032767128949,-0.0580001975368857,0.034));
#16971=CARTESIAN_POINT('',(0.0150003276712895,-0.0580001975368857,0.034));
#16972=CARTESIAN_POINT('',(0.0150003276712895,-0.0580001975368857,0.034));
#16973=CARTESIAN_POINT('',(0.0150003276712895,-0.0561251975368857,0.035875));
#16974=CARTESIAN_POINT('',(0.0150003276712895,-0.0550001975368857,0.037));
#16975=CARTESIAN_POINT('',(0.00500032767128949,-0.0550001975368857,0.037));
#16976=CARTESIAN_POINT('',(0.0100003276712895,-0.0580001975368857,0.0345));
#16977=CARTESIAN_POINT('',(0.00500032767128949,-0.0580001975368857,0.03275));
#16978=CARTESIAN_POINT('',(0.00500032767128949,-0.0580001975368858,0.032));
#16979=CARTESIAN_POINT('',(0.0100003276712895,-0.0580001975368858,0.032));
#16980=CARTESIAN_POINT('',(0.0150003276712895,-0.0580001975368857,0.032));
#16981=CARTESIAN_POINT('',(0.0150003276712895,-0.0580001975368857,0.03275));
#16982=CARTESIAN_POINT('',(0.0100003276712895,-0.0580001975368857,0.037));
#16983=CARTESIAN_POINT('',(0.0150003276712895,-0.0580001975368857,0.037));
#16984=CARTESIAN_POINT('',(0.0150003276712895,-0.0530001975368857,0.037));
#16985=CARTESIAN_POINT('',(0.0100003276712895,-0.0530001975368857,0.037));
#16986=CARTESIAN_POINT('',(0.00500032767128949,-0.0530001975368857,0.037));
#16987=CARTESIAN_POINT('',(0.00500032767128949,-0.0580001975368857,0.037));
#16988=CARTESIAN_POINT('',(0.0100003276712895,-0.0530001975368857,0.0345));
#16989=CARTESIAN_POINT('',(0.00500032767128949,-0.0530001975368857,0.03275));
#16990=CARTESIAN_POINT('',(0.00500032767128949,-0.0530001975368857,0.0335));
#16991=CARTESIAN_POINT('',(0.0150003276712895,-0.0530001975368857,0.03275));
#16992=CARTESIAN_POINT('',(0.0150003276712895,-0.0530001975368857,0.0335));
#16993=CARTESIAN_POINT('',(0.0100003276712895,-0.0530001975368857,0.0335));
#16994=CARTESIAN_POINT('',(0.0150003276712895,-0.0530001975368857,0.03275));
#16995=CARTESIAN_POINT('',(0.0150003276712895,-0.0530001975368857,0.032));
#16996=CARTESIAN_POINT('',(0.0150003276712895,-0.0200001975368857,0.03275));
#16997=CARTESIAN_POINT('',(0.0150003276712895,-0.0200001975368857,0.0335));
#16998=CARTESIAN_POINT('',(0.0150003276712895,-0.0530001975368857,0.0335));
#16999=CARTESIAN_POINT('',(0.00500032767128949,-0.0530001975368857,0.03275));
#17000=CARTESIAN_POINT('',(0.00500032767128949,-0.0530001975368857,0.0335));
#17001=CARTESIAN_POINT('',(0.00500032767128948,-0.0200001975368857,0.0335));
#17002=CARTESIAN_POINT('',(0.00500032767128948,-0.0200001975368857,0.03275));
#17003=CARTESIAN_POINT('',(0.00500032767128949,-0.0530001975368857,0.032));
#17004=CARTESIAN_POINT('',(0.0100003276712895,-0.0200001975368857,0.04215));
#17005=CARTESIAN_POINT('',(0.0100003276712894,-0.0200001975368857,0.0335));
#17006=CARTESIAN_POINT('',(0.000250327671289477,-0.0200001975368857,0.0335));
#17007=CARTESIAN_POINT('',(0.000250327671289476,-0.0200001975368857,0.032));
#17008=CARTESIAN_POINT('',(0.0212503276712895,-0.0200001975368857,0.0429));
#17009=CARTESIAN_POINT('',(0.0212503276712895,-0.0200001975368857,0.0335));
#17010=CARTESIAN_POINT('',(0.0212503276712895,-0.0185001975368858,0.0335));
#17011=CARTESIAN_POINT('',(0.0212503276712895,-0.0185001975368858,0.0429));
#17012=CARTESIAN_POINT('',(0.0212503276712895,-0.0185001975368858,0.0508));
#17013=CARTESIAN_POINT('',(0.0212503276712895,-0.0200001975368857,0.0508));
#17014=CARTESIAN_POINT('',(0.0100003276712894,-0.0200001975368857,0.0335));
#17015=CARTESIAN_POINT('',(0.0100003276712894,-0.0200001975368857,0.0335));
#17016=CARTESIAN_POINT('',(0.0197503276712895,-0.0200001975368857,0.0335));
#17017=CARTESIAN_POINT('',(0.0197503276712895,-0.0200001975368857,0.0335));
#17018=CARTESIAN_POINT('',(-0.00124967232871055,-0.0200001975368857,0.0335));
#17019=CARTESIAN_POINT('',(-0.00124967232871055,-0.0185001975368857,0.0335));
#17020=CARTESIAN_POINT('',(0.000250327671289477,-0.0200001975368857,0.0335));
#17021=CARTESIAN_POINT('',(-0.00124967232871054,-0.0200001975368857,0.0429));
#17022=CARTESIAN_POINT('',(-0.00124967232871056,0.0161998024631142,0.0508));
#17023=CARTESIAN_POINT('',(-0.00124967232871055,-0.0185001975368858,0.0508));
#17024=CARTESIAN_POINT('',(-0.00124967232871055,-0.0185001975368857,0.04215));
#17025=CARTESIAN_POINT('',(0.0100003276712895,0.0161998024631142,0.04215));
#17026=CARTESIAN_POINT('',(0.000250327671289461,0.0161998024631142,0.0558));
#17027=CARTESIAN_POINT('',(0.000250327671289461,0.0161998024631142,0.0528));
#17028=CARTESIAN_POINT('',(0.000250327671289461,0.0161998024631142,0.0523));
#17029=CARTESIAN_POINT('',(0.0100003276712895,0.0161998024631142,0.0528));
#17030=CARTESIAN_POINT('',(0.0197503276712895,0.0161998024631142,0.0528));
#17031=CARTESIAN_POINT('',(0.0197503276712895,0.0161998024631142,0.0558));
#17032=CARTESIAN_POINT('',(0.0197503276712895,0.0161998024631142,0.0523));
#17033=CARTESIAN_POINT('',(0.0197503276712895,0.0161998024631142,0.032));
#17034=CARTESIAN_POINT('',(0.000250327671289463,0.0161998024631142,0.0523));
#17035=CARTESIAN_POINT('',(0.0227503276712894,0.0161998024631142,0.04215));
#17036=CARTESIAN_POINT('',(0.0227503276712895,-0.0200001975368857,0.0493));
#17037=CARTESIAN_POINT('',(0.0227503276712894,0.0131998024631142,0.0493));
#17038=CARTESIAN_POINT('',(0.0227503276712895,-0.0170001975368857,0.0493));
#17039=CARTESIAN_POINT('',(0.0227503276712895,-0.0170001975368857,0.032));
#17040=CARTESIAN_POINT('',(0.0227503276712894,0.0131998024631142,0.0523));
#17041=CARTESIAN_POINT('',(-0.00274967232871054,0.0161998024631142,0.04215));
#17042=CARTESIAN_POINT('',(-0.00274967232871054,0.0161998024631142,0.0493));
#17043=CARTESIAN_POINT('',(-0.00274967232871052,-0.0170001975368857,0.0493));
#17044=CARTESIAN_POINT('',(-0.00274967232871053,0.0131998024631142,0.0493));
#17045=CARTESIAN_POINT('',(-0.00274967232871053,0.0131998024631142,0.032));
#17046=CARTESIAN_POINT('',(-0.00274967232871052,-0.0170001975368857,0.0523));
#17047=CARTESIAN_POINT('',(0.0100003276712895,-0.0200001975368857,0.04215));
#17048=CARTESIAN_POINT('',(0.0197503276712895,-0.0200001975368857,0.0523));
#17049=CARTESIAN_POINT('',(0.0100003276712895,0.0161998024631142,0.032));
#17050=CARTESIAN_POINT('',(-0.0409996723287105,-0.0580001975368857,0.034));
#17051=CARTESIAN_POINT('',(-0.0359996723287105,-0.0580001975368857,0.034));
#17052=CARTESIAN_POINT('',(-0.0359996723287105,-0.0550001975368857,0.037));
#17053=CARTESIAN_POINT('',(-0.0359996723287105,-0.0580001975368857,0.034));
#17054=CARTESIAN_POINT('',(-0.0359996723287105,-0.0550001975368857,0.037));
#17055=CARTESIAN_POINT('',(-0.0459996723287105,-0.0550001975368857,0.037));
#17056=CARTESIAN_POINT('',(-0.0459996723287105,-0.0561251975368857,0.035875));
#17057=CARTESIAN_POINT('',(-0.0459996723287105,-0.0580001975368858,0.034));
#17058=CARTESIAN_POINT('',(-0.0459996723287105,-0.0580001975368858,0.034));
#17059=CARTESIAN_POINT('',(-0.0409996723287105,-0.0580001975368857,0.0345));
#17060=CARTESIAN_POINT('',(-0.0359996723287105,-0.0580001975368857,0.03275));
#17061=CARTESIAN_POINT('',(-0.0359996723287105,-0.0580001975368858,0.032));
#17062=CARTESIAN_POINT('',(-0.0459996723287105,-0.0580001975368858,0.03275));
#17063=CARTESIAN_POINT('',(-0.0459996723287105,-0.0580001975368858,0.032));
#17064=CARTESIAN_POINT('',(-0.0409996723287105,-0.0580001975368858,0.032));
#17065=CARTESIAN_POINT('',(-0.0409996723287105,-0.0580001975368857,0.037));
#17066=CARTESIAN_POINT('',(-0.0459996723287105,-0.0580001975368858,0.037));
#17067=CARTESIAN_POINT('',(-0.0459996723287105,-0.0530001975368857,0.037));
#17068=CARTESIAN_POINT('',(-0.0359996723287105,-0.0580001975368857,0.037));
#17069=CARTESIAN_POINT('',(-0.0359996723287105,-0.0530001975368857,0.037));
#17070=CARTESIAN_POINT('',(-0.0409996723287105,-0.0530001975368857,0.037));
#17071=CARTESIAN_POINT('',(-0.0409996723287105,-0.0530001975368857,0.0345));
#17072=CARTESIAN_POINT('',(-0.0359996723287105,-0.0530001975368857,0.03275));
#17073=CARTESIAN_POINT('',(-0.0359996723287105,-0.0530001975368857,0.0335));
#17074=CARTESIAN_POINT('',(-0.0409996723287105,-0.0530001975368857,0.0335));
#17075=CARTESIAN_POINT('',(-0.0459996723287105,-0.0530001975368857,0.0335));
#17076=CARTESIAN_POINT('',(-0.0459996723287105,-0.0530001975368857,0.03275));
#17077=CARTESIAN_POINT('',(-0.0459996723287105,-0.0530001975368857,0.03275));
#17078=CARTESIAN_POINT('',(-0.0459996723287105,-0.0530001975368857,0.0335));
#17079=CARTESIAN_POINT('',(-0.0459996723287105,-0.0200001975368857,0.0335));
#17080=CARTESIAN_POINT('',(-0.0459996723287105,-0.0200001975368857,0.03275));
#17081=CARTESIAN_POINT('',(-0.0459996723287105,-0.0530001975368857,0.032));
#17082=CARTESIAN_POINT('',(-0.0359996723287105,-0.0530001975368857,0.03275));
#17083=CARTESIAN_POINT('',(-0.0359996723287105,-0.0530001975368857,0.032));
#17084=CARTESIAN_POINT('',(-0.0359996723287105,-0.0200001975368857,0.03275));
#17085=CARTESIAN_POINT('',(-0.0359996723287105,-0.0200001975368857,0.0335));
#17086=CARTESIAN_POINT('',(-0.0359996723287105,-0.0530001975368857,0.0335));
#17087=CARTESIAN_POINT('',(-0.0409996723287105,-0.0200001975368857,0.04215));
#17088=CARTESIAN_POINT('',(-0.0312496723287105,-0.0200001975368857,0.0523));
#17089=CARTESIAN_POINT('',(-0.0312496723287105,-0.0200001975368857,0.0335));
#17090=CARTESIAN_POINT('',(-0.0409996723287105,-0.0200001975368857,0.0335));
#17091=CARTESIAN_POINT('',(-0.0522496723287105,-0.0200001975368857,0.0429));
#17092=CARTESIAN_POINT('',(-0.0522496723287105,-0.0200001975368857,0.0508));
#17093=CARTESIAN_POINT('',(-0.0522496723287105,-0.0185001975368858,0.0508));
#17094=CARTESIAN_POINT('',(-0.0522496723287105,-0.0185001975368858,0.0429));
#17095=CARTESIAN_POINT('',(-0.0522496723287105,-0.0185001975368858,0.0335));
#17096=CARTESIAN_POINT('',(-0.0522496723287105,-0.0200001975368857,0.0335));
#17097=CARTESIAN_POINT('',(-0.0409996723287105,-0.0200001975368857,0.0335));
#17098=CARTESIAN_POINT('',(-0.0537496723287105,-0.0170001975368857,0.0335));
#17099=CARTESIAN_POINT('',(-0.0507496723287105,-0.0200001975368857,0.0335));
#17100=CARTESIAN_POINT('',(-0.0409996723287105,-0.0200001975368857,0.0335));
#17101=CARTESIAN_POINT('',(-0.0282496723287105,-0.0170001975368857,0.0335));
#17102=CARTESIAN_POINT('',(-0.0297496723287105,-0.0185001975368858,0.0335));
#17103=CARTESIAN_POINT('',(-0.0297496723287105,-0.0200001975368857,0.0335));
#17104=CARTESIAN_POINT('',(-0.0297496723287105,-0.0200001975368857,0.0429));
#17105=CARTESIAN_POINT('',(-0.0297496723287105,-0.0185001975368858,0.04215));
#17106=CARTESIAN_POINT('',(-0.0297496723287105,-0.0185001975368858,0.0508));
#17107=CARTESIAN_POINT('',(-0.0297496723287105,0.0161998024631142,0.0508));
#17108=CARTESIAN_POINT('',(-0.0409996723287105,0.0161998024631142,0.04215));
#17109=CARTESIAN_POINT('',(-0.0507496723287105,0.0161998024631142,0.0558));
#17110=CARTESIAN_POINT('',(-0.0507496723287105,0.0161998024631142,0.0528));
#17111=CARTESIAN_POINT('',(-0.0507496723287105,0.0161998024631142,0.0523));
#17112=CARTESIAN_POINT('',(-0.0409996723287105,0.0161998024631142,0.0528));
#17113=CARTESIAN_POINT('',(-0.0312496723287106,0.0161998024631142,0.0528));
#17114=CARTESIAN_POINT('',(-0.0312496723287106,0.0161998024631142,0.0558));
#17115=CARTESIAN_POINT('',(-0.0312496723287106,0.0161998024631142,0.0523));
#17116=CARTESIAN_POINT('',(-0.0312496723287106,0.0161998024631142,0.032));
#17117=CARTESIAN_POINT('',(-0.0507496723287105,0.0161998024631142,0.0523));
#17118=CARTESIAN_POINT('',(-0.0537496723287105,0.0161998024631142,0.04215));
#17119=CARTESIAN_POINT('',(-0.0537496723287105,-0.0170001975368857,0.0523));
#17120=CARTESIAN_POINT('',(-0.0537496723287105,-0.0170001975368857,0.0493));
#17121=CARTESIAN_POINT('',(-0.0537496723287105,0.0161998024631142,0.0493));
#17122=CARTESIAN_POINT('',(-0.0537496723287105,0.0131998024631142,0.0493));
#17123=CARTESIAN_POINT('',(-0.0537496723287105,0.0131998024631142,0.032));
#17124=CARTESIAN_POINT('',(-0.0282496723287106,0.0161998024631142,0.04215));
#17125=CARTESIAN_POINT('',(-0.0282496723287106,0.0131998024631142,0.0523));
#17126=CARTESIAN_POINT('',(-0.0282496723287106,0.0131998024631142,0.0493));
#17127=CARTESIAN_POINT('',(-0.0282496723287105,-0.0200001975368858,0.0493));
#17128=CARTESIAN_POINT('',(-0.0282496723287105,-0.0170001975368857,0.0493));
#17129=CARTESIAN_POINT('',(-0.0282496723287106,-0.0170001975368857,0.032));
#17130=CARTESIAN_POINT('',(-0.0409996723287105,-0.0200001975368857,0.04215));
#17131=CARTESIAN_POINT('',(-0.0507496723287105,-0.0200001975368857,0.032));
#17132=CARTESIAN_POINT('',(-0.0409996723287105,0.0161998024631142,0.032));
#17133=CARTESIAN_POINT('',(0.01,1.59288398090079E-16,0.0095));
#17134=CARTESIAN_POINT('',(0.01,1.59288398090079E-16,0.0095));
#17135=CARTESIAN_POINT('',(0.005,1.59288398090079E-16,0.0095));
#17136=CARTESIAN_POINT('',(-0.015,0.04,0.0095));
#17137=CARTESIAN_POINT('',(0.01,1.59594559789866E-16,0.0095));
#17138=CARTESIAN_POINT('',(0.006,1.59594559789866E-16,0.0095));
#17139=CARTESIAN_POINT('',(-0.04,1.52349504186172E-16,0.0095));
#17140=CARTESIAN_POINT('',(-0.04,1.52349504186172E-16,0.0095));
#17141=CARTESIAN_POINT('',(-0.045,1.52349504186172E-16,0.0095));
#17142=CARTESIAN_POINT('',(-0.015,0.04,0.0095));
#17143=CARTESIAN_POINT('',(-0.04,1.52655665885959E-16,0.0095));
#17144=CARTESIAN_POINT('',(-0.044,1.52655665885959E-16,0.0095));
#17145=CARTESIAN_POINT('',(0.01,0.04,0.0095));
#17146=CARTESIAN_POINT('',(0.01,0.04,0.0095));
#17147=CARTESIAN_POINT('',(0.005,0.04,0.0095));
#17148=CARTESIAN_POINT('',(-0.015,0.04,0.0095));
#17149=CARTESIAN_POINT('',(-0.04,0.04,0.0095));
#17150=CARTESIAN_POINT('',(-0.04,0.04,0.0095));
#17151=CARTESIAN_POINT('',(-0.045,0.04,0.0095));
#17152=CARTESIAN_POINT('',(-0.015,0.04,0.0095));
#17153=CARTESIAN_POINT('',(0.0100003276712895,0.0161998024631142,0.032));
#17154=CARTESIAN_POINT('',(0.01,1.59594559789866E-16,0.032));
#17155=CARTESIAN_POINT('',(0.006,1.59594559789866E-16,0.032));
#17156=CARTESIAN_POINT('',(0.01,1.59594559789866E-16,0.041));
#17157=CARTESIAN_POINT('',(-0.0409996723287105,0.0161998024631142,0.032));
#17158=CARTESIAN_POINT('',(-0.04,1.52655665885959E-16,0.032));
#17159=CARTESIAN_POINT('',(-0.044,1.52655665885959E-16,0.032));
#17160=CARTESIAN_POINT('',(-0.04,1.52655665885959E-16,0.041));
#17161=CARTESIAN_POINT('',(0.01,0.05,0.057));
#17162=CARTESIAN_POINT('',(0.01,0.05,0.056));
#17163=CARTESIAN_POINT('',(0.016,0.05,0.056));
#17164=CARTESIAN_POINT('',(-0.015,0.0375,0.057));
#17165=CARTESIAN_POINT('',(0.01,0.05,0.057));
#17166=CARTESIAN_POINT('',(0.015,0.05,0.057));
#17167=CARTESIAN_POINT('',(0.01,0.05,0.057));
#17168=CARTESIAN_POINT('',(0.014,0.05,0.057));
#17169=CARTESIAN_POINT('',(-0.04,0.05,0.057));
#17170=CARTESIAN_POINT('',(-0.04,0.05,0.056));
#17171=CARTESIAN_POINT('',(-0.034,0.05,0.056));
#17172=CARTESIAN_POINT('',(-0.015,0.0375,0.057));
#17173=CARTESIAN_POINT('',(-0.04,0.05,0.057));
#17174=CARTESIAN_POINT('',(-0.035,0.05,0.057));
#17175=CARTESIAN_POINT('',(-0.04,0.05,0.057));
#17176=CARTESIAN_POINT('',(-0.036,0.05,0.057));
#17177=CARTESIAN_POINT('',(-0.015,0.0375,0.087));
#17178=CARTESIAN_POINT('',(0.01,0.05,0.087));
#17179=CARTESIAN_POINT('',(0.013,0.05,0.087));
#17180=CARTESIAN_POINT('',(0.01,0.05,0.087));
#17181=CARTESIAN_POINT('',(0.01,0.05,0.086));
#17182=CARTESIAN_POINT('',(0.014,0.05,0.086));
#17183=CARTESIAN_POINT('',(-0.015,0.0375,0.087));
#17184=CARTESIAN_POINT('',(-0.04,0.05,0.087));
#17185=CARTESIAN_POINT('',(-0.037,0.05,0.087));
#17186=CARTESIAN_POINT('',(-0.04,0.05,0.087));
#17187=CARTESIAN_POINT('',(-0.04,0.05,0.086));
#17188=CARTESIAN_POINT('',(-0.036,0.05,0.086));
#17189=CARTESIAN_POINT('',(-0.0507496723287105,0.0161998024631142,0.04215));
#17190=CARTESIAN_POINT('',(-0.0541330056620439,0.0128164691297809,0.0489166666666667));
#17191=CARTESIAN_POINT('',(-0.0507496723287105,0.0161998024631142,0.0523));
#17192=CARTESIAN_POINT('',(-0.0628163389953772,-0.00793353087021911,0.0402333333333334));
#17193=CARTESIAN_POINT('',(-0.0507496723287105,-0.0200001975368858,0.0523));
#17194=CARTESIAN_POINT('',(-0.0537496723287105,-0.0170001975368857,0.04215));
#17195=CARTESIAN_POINT('',(-0.0282496723287105,-0.0170001975368857,0.04215));
#17196=CARTESIAN_POINT('',(-0.0258663389953772,-0.0146168642035524,0.0469166666666667));
#17197=CARTESIAN_POINT('',(-0.0282496723287106,0.0161998024631142,0.0493));
#17198=CARTESIAN_POINT('',(-0.0292496723287106,0.0141998024631142,0.0503));
#17199=CARTESIAN_POINT('',(-0.0312496723287106,0.0161998024631142,0.0523));
#17200=CARTESIAN_POINT('',(-0.0312496723287106,0.0161998024631142,0.04215));
#17201=CARTESIAN_POINT('',(0.0227503276712894,0.0131998024631142,0.04215));
#17202=CARTESIAN_POINT('',(0.0251336610046228,0.0108164691297809,0.0469166666666667));
#17203=CARTESIAN_POINT('',(0.0227503276712894,0.0161998024631142,0.0493));
#17204=CARTESIAN_POINT('',(0.0338169943379562,-0.00593353087021905,0.0382333333333333));
#17205=CARTESIAN_POINT('',(0.0197503276712895,0.0161998024631142,0.0523));
#17206=CARTESIAN_POINT('',(0.0197503276712895,-0.0200001975368857,0.04215));
#17207=CARTESIAN_POINT('',(0.000250327671289477,-0.0200001975368857,0.04215));
#17208=CARTESIAN_POINT('',(-0.00313300566204386,-0.0166168642035524,0.0489166666666667));
#17209=CARTESIAN_POINT('',(0.000250327671289461,0.0161998024631142,0.0523));
#17210=CARTESIAN_POINT('',(0.000250327671289475,-0.0200001975368857,0.0523));
#17211=CARTESIAN_POINT('',(0.000250327671289465,0.0161998024631142,0.0523));
#17212=CARTESIAN_POINT('',(-0.00274967232871053,0.0131998024631142,0.04215));
#17213=CARTESIAN_POINT('',(-0.04,0.05,0.086));
#17214=CARTESIAN_POINT('',(0.01,0.05,0.086));
#17215=CARTESIAN_POINT('',(0.01,0.05,0.056));
#17216=CARTESIAN_POINT('',(-0.04,0.05,0.056));
#17217=CARTESIAN_POINT('',(-0.0507496723287105,-0.0200001975368858,0.0558));
#17218=CARTESIAN_POINT('',(-0.0507496723287105,0.0071998024631142,0.0558));
#17219=CARTESIAN_POINT('',(-0.0507496723287105,0.00719980246311421,0.0528));
#17220=CARTESIAN_POINT('',(-0.0507496723287105,0.00719980246311421,0.0523));
#17221=CARTESIAN_POINT('',(-0.0507496723287105,0.0161998024631142,0.0528));
#17222=CARTESIAN_POINT('',(-0.0507496723287105,0.00719980246311421,0.0523));
#17223=CARTESIAN_POINT('',(-0.0312496723287106,0.0161998024631142,0.0558));
#17224=CARTESIAN_POINT('',(-0.0312496723287106,0.00719980246311421,0.0528));
#17225=CARTESIAN_POINT('',(-0.0312496723287106,0.00719980246311421,0.0528));
#17226=CARTESIAN_POINT('',(-0.0312496723287106,0.00719980246311421,0.0558));
#17227=CARTESIAN_POINT('',(-0.0312496723287106,0.00719980246311421,0.0523));
#17228=CARTESIAN_POINT('',(-0.0312496723287106,0.00719980246311421,0.0523));
#17229=CARTESIAN_POINT('',(-0.0409996723287105,0.0161998024631142,0.0558));
#17230=CARTESIAN_POINT('',(-0.0409996723287105,0.0131998024631142,0.0558));
#17231=CARTESIAN_POINT('',(-0.0342496723287105,0.0131998024631142,0.0558));
#17232=CARTESIAN_POINT('',(-0.0477496723287105,0.0131998024631142,0.0558));
#17233=CARTESIAN_POINT('',(-0.0477496723287105,0.00719980246311421,0.0558));
#17234=CARTESIAN_POINT('',(-0.0477496723287105,0.0071998024631142,0.0558));
#17235=CARTESIAN_POINT('',(-0.0409996723287105,0.00719980246311421,0.0558));
#17236=CARTESIAN_POINT('',(-0.0342496723287105,0.00719980246311421,0.0558));
#17237=CARTESIAN_POINT('',(-0.0342496723287105,0.0161998024631142,0.0558));
#17238=CARTESIAN_POINT('',(0.0197503276712895,0.0161998024631142,0.0558));
#17239=CARTESIAN_POINT('',(0.0197503276712895,0.00719980246311424,0.0528));
#17240=CARTESIAN_POINT('',(0.0197503276712895,0.00719980246311424,0.0528));
#17241=CARTESIAN_POINT('',(0.0197503276712895,0.00719980246311424,0.05405));
#17242=CARTESIAN_POINT('',(0.0197503276712895,0.00719980246311424,0.0523));
#17243=CARTESIAN_POINT('',(0.0197503276712895,0.00719980246311424,0.0523));
#17244=CARTESIAN_POINT('',(0.000250327671289475,-0.0200001975368858,0.0558));
#17245=CARTESIAN_POINT('',(0.000250327671289465,0.00719980246311423,0.05405));
#17246=CARTESIAN_POINT('',(0.000250327671289465,0.00719980246311423,0.0523));
#17247=CARTESIAN_POINT('',(0.000250327671289465,0.00719980246311423,0.0528));
#17248=CARTESIAN_POINT('',(0.000250327671289461,0.0161998024631142,0.0528));
#17249=CARTESIAN_POINT('',(0.000250327671289465,0.00719980246311423,0.0523));
#17250=CARTESIAN_POINT('',(0.0100003276712895,0.0161998024631142,0.0558));
#17251=CARTESIAN_POINT('',(0.0100003276712895,0.00719980246311423,0.0558));
#17252=CARTESIAN_POINT('',(0.00325032767128946,0.00719980246311423,0.0558));
#17253=CARTESIAN_POINT('',(0.0167503276712894,0.00719980246311424,0.0558));
#17254=CARTESIAN_POINT('',(0.0167503276712894,0.0161998024631142,0.0558));
#17255=CARTESIAN_POINT('',(0.0167503276712894,0.0131998024631142,0.0558));
#17256=CARTESIAN_POINT('',(0.0100003276712895,0.0131998024631142,0.0558));
#17257=CARTESIAN_POINT('',(0.00325032767128946,0.0131998024631142,0.0558));
#17258=CARTESIAN_POINT('',(0.00325032767128946,0.00719980246311423,0.0558));
#17259=CARTESIAN_POINT('',(-0.0409996723287105,0.00719980246311422,0.0523));
#17260=CARTESIAN_POINT('',(-0.0409996723287105,0.00719980246311422,0.0523));
#17261=CARTESIAN_POINT('',(-0.0162496723287105,0.00719980246311423,0.04465));
#17262=CARTESIAN_POINT('',(-0.0375746723287105,0.00719980246311421,0.065975));
#17263=CARTESIAN_POINT('',(-0.0196746723287105,0.00719980246311423,0.041225));
#17264=CARTESIAN_POINT('',(0.0100003276712895,0.00719980246311423,0.0523));
#17265=CARTESIAN_POINT('',(0.0100003276712895,0.00719980246311423,0.0523));
#17266=CARTESIAN_POINT('',(-0.0162496723287105,0.00719980246311423,0.04465));
#17267=CARTESIAN_POINT('',(0.00582532767128949,0.00719980246311422,0.066725));
#17268=CARTESIAN_POINT('',(-0.0120746723287105,0.00719980246311423,0.040475));
#17269=CARTESIAN_POINT('',(-0.0342496723287105,0.0161998024631142,0.0558));
#17270=CARTESIAN_POINT('',(-0.0332496723287105,0.0141998024631142,0.0548));
#17271=CARTESIAN_POINT('',(-0.0409996723287105,0.0131998024631142,0.0558));
#17272=CARTESIAN_POINT('',(-0.0454996723287105,0.0109498024631142,0.05805));
#17273=CARTESIAN_POINT('',(-0.0477496723287105,0.0161998024631142,0.0558));
#17274=CARTESIAN_POINT('',(0.00325032767128946,0.0161998024631142,0.0558));
#17275=CARTESIAN_POINT('',(0.00225032767128946,0.0141998024631142,0.0548));
#17276=CARTESIAN_POINT('',(0.0100003276712895,0.0161998024631142,0.0528));
#17277=CARTESIAN_POINT('',(0.0165003276712894,0.0129498024631142,0.05605));
#17278=CARTESIAN_POINT('',(0.0167503276712894,0.0161998024631142,0.0558));
#17279=CARTESIAN_POINT('',(-0.0694665490260601,0.0942070019328892,0.06926377389431));
#17280=CARTESIAN_POINT('',(-0.00124967232871052,0.100900197536886,-0.017));
#17281=CARTESIAN_POINT('',(-0.00124967232871054,0.100900197536886,-0.0358));
#17282=CARTESIAN_POINT('',(-0.00124967232871054,0.0688001975368858,-0.0358));
#17283=CARTESIAN_POINT('',(-0.00124967232871054,0.133000197536886,-0.0358));
#17284=CARTESIAN_POINT('',(-0.00124967232871053,0.0688001975368858,-0.017));
#17285=CARTESIAN_POINT('',(-0.00124967232871053,0.0688001975368858,-0.017));
#17286=CARTESIAN_POINT('',(-0.00124967232871052,0.100900197536886,-0.017));
#17287=CARTESIAN_POINT('',(-0.00124967232871052,0.133000197536886,-0.017));
#17288=CARTESIAN_POINT('',(-0.00124967232871052,0.133000197536886,-0.017));
#17289=CARTESIAN_POINT('',(0.0100003276712895,0.0688001975368858,-0.017));
#17290=CARTESIAN_POINT('',(0.0100003276712895,0.0688001975368858,-0.0358));
#17291=CARTESIAN_POINT('',(0.0212503276712895,0.0688001975368858,-0.0358));
#17292=CARTESIAN_POINT('',(0.0212503276712895,0.0688001975368858,-0.017));
#17293=CARTESIAN_POINT('',(0.0212503276712895,0.0688001975368858,-0.017));
#17294=CARTESIAN_POINT('',(0.0100003276712895,0.0688001975368858,-0.017));
#17295=CARTESIAN_POINT('',(0.0212503276712895,0.100900197536886,-0.017));
#17296=CARTESIAN_POINT('',(0.0212503276712895,0.100900197536886,-0.0358));
#17297=CARTESIAN_POINT('',(0.0212503276712895,0.133000197536886,-0.0358));
#17298=CARTESIAN_POINT('',(0.0212503276712895,0.133000197536886,-0.017));
#17299=CARTESIAN_POINT('',(0.0212503276712895,0.133000197536886,-0.017));
#17300=CARTESIAN_POINT('',(0.0212503276712895,0.100900197536886,-0.017));
#17301=CARTESIAN_POINT('',(0.0100003276712895,0.133000197536886,-0.017));
#17302=CARTESIAN_POINT('',(0.0100003276712895,0.133000197536886,-0.0358));
#17303=CARTESIAN_POINT('',(0.0100003276712895,0.133000197536886,-0.017));
#17304=CARTESIAN_POINT('',(0.0100003276712895,0.100900197536886,-0.017));
#17305=CARTESIAN_POINT('',(0.0100003276712895,0.0800001975368858,-0.017));
#17306=CARTESIAN_POINT('',(0.0109503276712895,0.0800001975368858,-0.017));
#17307=CARTESIAN_POINT('',(0.0100003276712895,0.100900197536886,-0.0358));
#17308=CARTESIAN_POINT('',(0.0100003276712895,0.0800001975368858,-0.005));
#17309=CARTESIAN_POINT('',(0.0100003276712895,0.0800001975368858,-0.005));
#17310=CARTESIAN_POINT('',(0.0109503276712895,0.0800001975368858,-0.005));
#17311=CARTESIAN_POINT('',(0.0100003276712895,0.100900197536886,-0.005));
#17312=CARTESIAN_POINT('',(-0.0694665490260601,0.0942070019328892,0.06926377389431));
#17313=CARTESIAN_POINT('',(-0.0763903911333188,0.127424587150969,0.0763990909959104));
#17314=CARTESIAN_POINT('',(-0.0297496723287105,0.100900197536886,-0.017));
#17315=CARTESIAN_POINT('',(-0.0297496723287105,0.100900197536886,-0.0358));
#17316=CARTESIAN_POINT('',(-0.0297496723287105,0.0688001975368858,-0.0358));
#17317=CARTESIAN_POINT('',(-0.0297496723287105,0.133000197536886,-0.0358));
#17318=CARTESIAN_POINT('',(-0.0297496723287105,0.133000197536886,-0.017));
#17319=CARTESIAN_POINT('',(-0.0297496723287105,0.133000197536886,-0.017));
#17320=CARTESIAN_POINT('',(-0.0297496723287105,0.100900197536886,-0.017));
#17321=CARTESIAN_POINT('',(-0.0297496723287105,0.0688001975368858,-0.017));
#17322=CARTESIAN_POINT('',(-0.0297496723287105,0.0688001975368858,-0.017));
#17323=CARTESIAN_POINT('',(-0.0409996723287105,0.0688001975368858,-0.017));
#17324=CARTESIAN_POINT('',(-0.0409996723287105,0.0688001975368858,-0.0358));
#17325=CARTESIAN_POINT('',(-0.0522496723287105,0.0688001975368858,-0.0358));
#17326=CARTESIAN_POINT('',(-0.0409996723287105,0.0688001975368858,-0.017));
#17327=CARTESIAN_POINT('',(-0.0522496723287105,0.0688001975368858,-0.017));
#17328=CARTESIAN_POINT('',(-0.0522496723287105,0.0688001975368858,-0.017));
#17329=CARTESIAN_POINT('',(-0.0522496723287105,0.100900197536886,-0.017));
#17330=CARTESIAN_POINT('',(-0.0522496723287105,0.100900197536886,-0.0358));
#17331=CARTESIAN_POINT('',(-0.0522496723287105,0.133000197536886,-0.0358));
#17332=CARTESIAN_POINT('',(-0.0522496723287105,0.100900197536886,-0.017));
#17333=CARTESIAN_POINT('',(-0.0522496723287105,0.133000197536886,-0.017));
#17334=CARTESIAN_POINT('',(-0.0522496723287105,0.133000197536886,-0.017));
#17335=CARTESIAN_POINT('',(-0.0409996723287105,0.133000197536886,-0.017));
#17336=CARTESIAN_POINT('',(-0.0409996723287105,0.133000197536886,-0.0358));
#17337=CARTESIAN_POINT('',(-0.0409996723287105,0.133000197536886,-0.017));
#17338=CARTESIAN_POINT('',(-0.0409996723287105,0.100900197536886,-0.017));
#17339=CARTESIAN_POINT('',(-0.0409996723287105,0.0800001975368858,-0.017));
#17340=CARTESIAN_POINT('',(-0.0419496723287105,0.0800001975368858,-0.017));
#17341=CARTESIAN_POINT('',(-0.0409996723287105,0.100900197536886,-0.0358));
#17342=CARTESIAN_POINT('',(-0.0409996723287105,0.0800001975368858,-0.005));
#17343=CARTESIAN_POINT('',(-0.0409996723287105,0.0800001975368858,-0.005));
#17344=CARTESIAN_POINT('',(-0.0419496723287105,0.0800001975368858,-0.005));
#17345=CARTESIAN_POINT('',(-0.0409996723287105,0.100900197536886,-0.005));
#17346=CARTESIAN_POINT('',(-0.0694665490260601,0.0942070019328892,0.06926377389431));
#17347=MECHANICAL_DESIGN_GEOMETRIC_PRESENTATION_REPRESENTATION('',(#10194,
#10195,#10196,#10197,#10198,#10199,#10200,#10201,#10202,#10203,#10204,#10205,
#10206,#10207,#10208,#10209,#10210,#10211),#17348);
#17348=(
GEOMETRIC_REPRESENTATION_CONTEXT(3)
GLOBAL_UNCERTAINTY_ASSIGNED_CONTEXT((#17367))
GLOBAL_UNIT_ASSIGNED_CONTEXT((#17388,#17387,#17386))
REPRESENTATION_CONTEXT('Concept','TOP_LEVEL_ASSEMBLY_PART')
);
#17349=(
GEOMETRIC_REPRESENTATION_CONTEXT(3)
GLOBAL_UNCERTAINTY_ASSIGNED_CONTEXT((#17368))
GLOBAL_UNIT_ASSIGNED_CONTEXT((#17388,#17387,#17386))
REPRESENTATION_CONTEXT('Large casing (bottom section)','COMPONENT_PART')
);
#17350=(
GEOMETRIC_REPRESENTATION_CONTEXT(3)
GLOBAL_UNCERTAINTY_ASSIGNED_CONTEXT((#17369))
GLOBAL_UNIT_ASSIGNED_CONTEXT((#17388,#17387,#17386))
REPRESENTATION_CONTEXT('Wheel#4','COMPONENT_PART')
);
#17351=(
GEOMETRIC_REPRESENTATION_CONTEXT(3)
GLOBAL_UNCERTAINTY_ASSIGNED_CONTEXT((#17370))
GLOBAL_UNIT_ASSIGNED_CONTEXT((#17388,#17387,#17386))
REPRESENTATION_CONTEXT('x-axis movement wheel mount #2',
'COMPONENT_PART')
);
#17352=(
GEOMETRIC_REPRESENTATION_CONTEXT(3)
GLOBAL_UNCERTAINTY_ASSIGNED_CONTEXT((#17371))
GLOBAL_UNIT_ASSIGNED_CONTEXT((#17388,#17387,#17386))
REPRESENTATION_CONTEXT('Top wheel #1','COMPONENT_PART')
);
#17353=(
GEOMETRIC_REPRESENTATION_CONTEXT(3)
GLOBAL_UNCERTAINTY_ASSIGNED_CONTEXT((#17372))
GLOBAL_UNIT_ASSIGNED_CONTEXT((#17388,#17387,#17386))
REPRESENTATION_CONTEXT('Rail connector piece','COMPONENT_PART')
);
#17354=(
GEOMETRIC_REPRESENTATION_CONTEXT(3)
GLOBAL_UNCERTAINTY_ASSIGNED_CONTEXT((#17373))
GLOBAL_UNIT_ASSIGNED_CONTEXT((#17388,#17387,#17386))
REPRESENTATION_CONTEXT('Rail end piece','COMPONENT_PART')
);
#17355=(
GEOMETRIC_REPRESENTATION_CONTEXT(3)
GLOBAL_UNCERTAINTY_ASSIGNED_CONTEXT((#17374))
GLOBAL_UNIT_ASSIGNED_CONTEXT((#17388,#17387,#17386))
REPRESENTATION_CONTEXT('Wheel#3','COMPONENT_PART')
);
#17356=(
GEOMETRIC_REPRESENTATION_CONTEXT(3)
GLOBAL_UNCERTAINTY_ASSIGNED_CONTEXT((#17375))
GLOBAL_UNIT_ASSIGNED_CONTEXT((#17388,#17387,#17386))
REPRESENTATION_CONTEXT('Wheel #2','COMPONENT_PART')
);
#17357=(
GEOMETRIC_REPRESENTATION_CONTEXT(3)
GLOBAL_UNCERTAINTY_ASSIGNED_CONTEXT((#17376))
GLOBAL_UNIT_ASSIGNED_CONTEXT((#17388,#17387,#17386))
REPRESENTATION_CONTEXT('Top wheel #2','COMPONENT_PART')
);
#17358=(
GEOMETRIC_REPRESENTATION_CONTEXT(3)
GLOBAL_UNCERTAINTY_ASSIGNED_CONTEXT((#17377))
GLOBAL_UNIT_ASSIGNED_CONTEXT((#17388,#17387,#17386))
REPRESENTATION_CONTEXT('Motor model#4','COMPONENT_PART')
);
#17359=(
GEOMETRIC_REPRESENTATION_CONTEXT(3)
GLOBAL_UNCERTAINTY_ASSIGNED_CONTEXT((#17378))
GLOBAL_UNIT_ASSIGNED_CONTEXT((#17388,#17387,#17386))
REPRESENTATION_CONTEXT('Motor model#3','COMPONENT_PART')
);
#17360=(
GEOMETRIC_REPRESENTATION_CONTEXT(3)
GLOBAL_UNCERTAINTY_ASSIGNED_CONTEXT((#17379))
GLOBAL_UNIT_ASSIGNED_CONTEXT((#17388,#17387,#17386))
REPRESENTATION_CONTEXT('y-axis movement wheel mount#1','COMPONENT_PART')
);
#17361=(
GEOMETRIC_REPRESENTATION_CONTEXT(3)
GLOBAL_UNCERTAINTY_ASSIGNED_CONTEXT((#17380))
GLOBAL_UNIT_ASSIGNED_CONTEXT((#17388,#17387,#17386))
REPRESENTATION_CONTEXT('Wheel#1','COMPONENT_PART')
);
#17362=(
GEOMETRIC_REPRESENTATION_CONTEXT(3)
GLOBAL_UNCERTAINTY_ASSIGNED_CONTEXT((#17381))
GLOBAL_UNIT_ASSIGNED_CONTEXT((#17388,#17387,#17386))
REPRESENTATION_CONTEXT('y-axis movement wheel mount#2','COMPONENT_PART')
);
#17363=(
GEOMETRIC_REPRESENTATION_CONTEXT(3)
GLOBAL_UNCERTAINTY_ASSIGNED_CONTEXT((#17382))
GLOBAL_UNIT_ASSIGNED_CONTEXT((#17388,#17387,#17386))
REPRESENTATION_CONTEXT('x-axis movement wheel mount #1',
'COMPONENT_PART')
);
#17364=(
GEOMETRIC_REPRESENTATION_CONTEXT(3)
GLOBAL_UNCERTAINTY_ASSIGNED_CONTEXT((#17383))
GLOBAL_UNIT_ASSIGNED_CONTEXT((#17388,#17387,#17386))
REPRESENTATION_CONTEXT('Large casing(top section)','COMPONENT_PART')
);
#17365=(
GEOMETRIC_REPRESENTATION_CONTEXT(3)
GLOBAL_UNCERTAINTY_ASSIGNED_CONTEXT((#17384))
GLOBAL_UNIT_ASSIGNED_CONTEXT((#17388,#17387,#17386))
REPRESENTATION_CONTEXT('Motor model#1','COMPONENT_PART')
);
#17366=(
GEOMETRIC_REPRESENTATION_CONTEXT(3)
GLOBAL_UNCERTAINTY_ASSIGNED_CONTEXT((#17385))
GLOBAL_UNIT_ASSIGNED_CONTEXT((#17388,#17387,#17386))
REPRESENTATION_CONTEXT('Motor model #2','COMPONENT_PART')
);
#17367=UNCERTAINTY_MEASURE_WITH_UNIT(LENGTH_MEASURE(1.E-8),#17388,
'DISTANCE_ACCURACY_VALUE','Maximum Tolerance applied to model');
#17368=UNCERTAINTY_MEASURE_WITH_UNIT(LENGTH_MEASURE(2.10000000000354E-5),
#17388,'DISTANCE_ACCURACY_VALUE','Maximum Tolerance applied to model');
#17369=UNCERTAINTY_MEASURE_WITH_UNIT(LENGTH_MEASURE(1.E-8),#17388,
'DISTANCE_ACCURACY_VALUE','Maximum Tolerance applied to model');
#17370=UNCERTAINTY_MEASURE_WITH_UNIT(LENGTH_MEASURE(2.E-5),#17388,
'DISTANCE_ACCURACY_VALUE','Maximum Tolerance applied to model');
#17371=UNCERTAINTY_MEASURE_WITH_UNIT(LENGTH_MEASURE(1.E-8),#17388,
'DISTANCE_ACCURACY_VALUE','Maximum Tolerance applied to model');
#17372=UNCERTAINTY_MEASURE_WITH_UNIT(LENGTH_MEASURE(1.E-8),#17388,
'DISTANCE_ACCURACY_VALUE','Maximum Tolerance applied to model');
#17373=UNCERTAINTY_MEASURE_WITH_UNIT(LENGTH_MEASURE(1.E-8),#17388,
'DISTANCE_ACCURACY_VALUE','Maximum Tolerance applied to model');
#17374=UNCERTAINTY_MEASURE_WITH_UNIT(LENGTH_MEASURE(1.E-8),#17388,
'DISTANCE_ACCURACY_VALUE','Maximum Tolerance applied to model');
#17375=UNCERTAINTY_MEASURE_WITH_UNIT(LENGTH_MEASURE(1.E-8),#17388,
'DISTANCE_ACCURACY_VALUE','Maximum Tolerance applied to model');
#17376=UNCERTAINTY_MEASURE_WITH_UNIT(LENGTH_MEASURE(1.E-8),#17388,
'DISTANCE_ACCURACY_VALUE','Maximum Tolerance applied to model');
#17377=UNCERTAINTY_MEASURE_WITH_UNIT(LENGTH_MEASURE(1.E-8),#17388,
'DISTANCE_ACCURACY_VALUE','Maximum Tolerance applied to model');
#17378=UNCERTAINTY_MEASURE_WITH_UNIT(LENGTH_MEASURE(1.E-8),#17388,
'DISTANCE_ACCURACY_VALUE','Maximum Tolerance applied to model');
#17379=UNCERTAINTY_MEASURE_WITH_UNIT(LENGTH_MEASURE(2.E-5),#17388,
'DISTANCE_ACCURACY_VALUE','Maximum Tolerance applied to model');
#17380=UNCERTAINTY_MEASURE_WITH_UNIT(LENGTH_MEASURE(1.E-8),#17388,
'DISTANCE_ACCURACY_VALUE','Maximum Tolerance applied to model');
#17381=UNCERTAINTY_MEASURE_WITH_UNIT(LENGTH_MEASURE(2.E-5),#17388,
'DISTANCE_ACCURACY_VALUE','Maximum Tolerance applied to model');
#17382=UNCERTAINTY_MEASURE_WITH_UNIT(LENGTH_MEASURE(2.E-5),#17388,
'DISTANCE_ACCURACY_VALUE','Maximum Tolerance applied to model');
#17383=UNCERTAINTY_MEASURE_WITH_UNIT(LENGTH_MEASURE(2.10000000000833E-5),
#17388,'DISTANCE_ACCURACY_VALUE','Maximum Tolerance applied to model');
#17384=UNCERTAINTY_MEASURE_WITH_UNIT(LENGTH_MEASURE(1.E-8),#17388,
'DISTANCE_ACCURACY_VALUE','Maximum Tolerance applied to model');
#17385=UNCERTAINTY_MEASURE_WITH_UNIT(LENGTH_MEASURE(1.E-8),#17388,
'DISTANCE_ACCURACY_VALUE','Maximum Tolerance applied to model');
#17386=(
NAMED_UNIT(*)
SI_UNIT($,.STERADIAN.)
SOLID_ANGLE_UNIT()
);
#17387=(
NAMED_UNIT(*)
PLANE_ANGLE_UNIT()
SI_UNIT($,.RADIAN.)
);
#17388=(
LENGTH_UNIT()
NAMED_UNIT(*)
SI_UNIT($,.METRE.)
);
#17389=PRODUCT_DEFINITION_SHAPE('','',#17432);
#17390=PRODUCT_DEFINITION_SHAPE('','',#17433);
#17391=PRODUCT_DEFINITION_SHAPE(' ','NAUO PRDDFN',#222);
#17392=PRODUCT_DEFINITION_SHAPE('','',#17434);
#17393=PRODUCT_DEFINITION_SHAPE(' ','NAUO PRDDFN',#223);
#17394=PRODUCT_DEFINITION_SHAPE('','',#17435);
#17395=PRODUCT_DEFINITION_SHAPE(' ','NAUO PRDDFN',#224);
#17396=PRODUCT_DEFINITION_SHAPE('','',#17436);
#17397=PRODUCT_DEFINITION_SHAPE(' ','NAUO PRDDFN',#225);
#17398=PRODUCT_DEFINITION_SHAPE('','',#17437);
#17399=PRODUCT_DEFINITION_SHAPE(' ','NAUO PRDDFN',#226);
#17400=PRODUCT_DEFINITION_SHAPE('','',#17438);
#17401=PRODUCT_DEFINITION_SHAPE(' ','NAUO PRDDFN',#227);
#17402=PRODUCT_DEFINITION_SHAPE('','',#17439);
#17403=PRODUCT_DEFINITION_SHAPE(' ','NAUO PRDDFN',#228);
#17404=PRODUCT_DEFINITION_SHAPE('','',#17440);
#17405=PRODUCT_DEFINITION_SHAPE(' ','NAUO PRDDFN',#229);
#17406=PRODUCT_DEFINITION_SHAPE('','',#17441);
#17407=PRODUCT_DEFINITION_SHAPE(' ','NAUO PRDDFN',#230);
#17408=PRODUCT_DEFINITION_SHAPE(' ','NAUO PRDDFN',#231);
#17409=PRODUCT_DEFINITION_SHAPE('','',#17442);
#17410=PRODUCT_DEFINITION_SHAPE(' ','NAUO PRDDFN',#232);
#17411=PRODUCT_DEFINITION_SHAPE('','',#17443);
#17412=PRODUCT_DEFINITION_SHAPE(' ','NAUO PRDDFN',#233);
#17413=PRODUCT_DEFINITION_SHAPE(' ','NAUO PRDDFN',#234);
#17414=PRODUCT_DEFINITION_SHAPE('','',#17444);
#17415=PRODUCT_DEFINITION_SHAPE(' ','NAUO PRDDFN',#235);
#17416=PRODUCT_DEFINITION_SHAPE('','',#17445);
#17417=PRODUCT_DEFINITION_SHAPE(' ','NAUO PRDDFN',#236);
#17418=PRODUCT_DEFINITION_SHAPE('','',#17446);
#17419=PRODUCT_DEFINITION_SHAPE(' ','NAUO PRDDFN',#237);
#17420=PRODUCT_DEFINITION_SHAPE(' ','NAUO PRDDFN',#238);
#17421=PRODUCT_DEFINITION_SHAPE(' ','NAUO PRDDFN',#239);
#17422=PRODUCT_DEFINITION_SHAPE('','',#17447);
#17423=PRODUCT_DEFINITION_SHAPE(' ','NAUO PRDDFN',#240);
#17424=PRODUCT_DEFINITION_SHAPE(' ','NAUO PRDDFN',#241);
#17425=PRODUCT_DEFINITION_SHAPE('','',#17448);
#17426=PRODUCT_DEFINITION_SHAPE(' ','NAUO PRDDFN',#242);
#17427=PRODUCT_DEFINITION_SHAPE('','',#17449);
#17428=PRODUCT_DEFINITION_SHAPE(' ','NAUO PRDDFN',#243);
#17429=PRODUCT_DEFINITION_SHAPE(' ','NAUO PRDDFN',#244);
#17430=PRODUCT_DEFINITION_SHAPE('','',#17450);
#17431=PRODUCT_DEFINITION_SHAPE(' ','NAUO PRDDFN',#245);
#17432=PRODUCT_DEFINITION('','',#17470,#17451);
#17433=PRODUCT_DEFINITION('','',#17471,#17452);
#17434=PRODUCT_DEFINITION('','',#17472,#17453);
#17435=PRODUCT_DEFINITION('','',#17473,#17454);
#17436=PRODUCT_DEFINITION('','',#17474,#17455);
#17437=PRODUCT_DEFINITION('','',#17475,#17456);
#17438=PRODUCT_DEFINITION('','',#17476,#17457);
#17439=PRODUCT_DEFINITION('','',#17477,#17458);
#17440=PRODUCT_DEFINITION('','',#17478,#17459);
#17441=PRODUCT_DEFINITION('','',#17479,#17460);
#17442=PRODUCT_DEFINITION('','',#17480,#17461);
#17443=PRODUCT_DEFINITION('','',#17481,#17462);
#17444=PRODUCT_DEFINITION('','',#17482,#17463);
#17445=PRODUCT_DEFINITION('','',#17483,#17464);
#17446=PRODUCT_DEFINITION('','',#17484,#17465);
#17447=PRODUCT_DEFINITION('','',#17485,#17466);
#17448=PRODUCT_DEFINITION('','',#17486,#17467);
#17449=PRODUCT_DEFINITION('','',#17487,#17468);
#17450=PRODUCT_DEFINITION('','',#17488,#17469);
#17451=PRODUCT_DEFINITION_CONTEXT('',#17566,'design');
#17452=PRODUCT_DEFINITION_CONTEXT('',#17566,'design');
#17453=PRODUCT_DEFINITION_CONTEXT('',#17566,'design');
#17454=PRODUCT_DEFINITION_CONTEXT('',#17566,'design');
#17455=PRODUCT_DEFINITION_CONTEXT('',#17566,'design');
#17456=PRODUCT_DEFINITION_CONTEXT('',#17566,'design');
#17457=PRODUCT_DEFINITION_CONTEXT('',#17566,'design');
#17458=PRODUCT_DEFINITION_CONTEXT('',#17566,'design');
#17459=PRODUCT_DEFINITION_CONTEXT('',#17566,'design');
#17460=PRODUCT_DEFINITION_CONTEXT('',#17566,'design');
#17461=PRODUCT_DEFINITION_CONTEXT('',#17566,'design');
#17462=PRODUCT_DEFINITION_CONTEXT('',#17566,'design');
#17463=PRODUCT_DEFINITION_CONTEXT('',#17566,'design');
#17464=PRODUCT_DEFINITION_CONTEXT('',#17566,'design');
#17465=PRODUCT_DEFINITION_CONTEXT('',#17566,'design');
#17466=PRODUCT_DEFINITION_CONTEXT('',#17566,'design');
#17467=PRODUCT_DEFINITION_CONTEXT('',#17566,'design');
#17468=PRODUCT_DEFINITION_CONTEXT('',#17566,'design');
#17469=PRODUCT_DEFINITION_CONTEXT('',#17566,'design');
#17470=PRODUCT_DEFINITION_FORMATION_WITH_SPECIFIED_SOURCE('','',#17508,
 .NOT_KNOWN.);
#17471=PRODUCT_DEFINITION_FORMATION_WITH_SPECIFIED_SOURCE('','',#17509,
 .NOT_KNOWN.);
#17472=PRODUCT_DEFINITION_FORMATION_WITH_SPECIFIED_SOURCE('','',#17510,
 .NOT_KNOWN.);
#17473=PRODUCT_DEFINITION_FORMATION_WITH_SPECIFIED_SOURCE('','',#17511,
 .NOT_KNOWN.);
#17474=PRODUCT_DEFINITION_FORMATION_WITH_SPECIFIED_SOURCE('','',#17512,
 .NOT_KNOWN.);
#17475=PRODUCT_DEFINITION_FORMATION_WITH_SPECIFIED_SOURCE('','',#17513,
 .NOT_KNOWN.);
#17476=PRODUCT_DEFINITION_FORMATION_WITH_SPECIFIED_SOURCE('','',#17514,
 .NOT_KNOWN.);
#17477=PRODUCT_DEFINITION_FORMATION_WITH_SPECIFIED_SOURCE('','',#17515,
 .NOT_KNOWN.);
#17478=PRODUCT_DEFINITION_FORMATION_WITH_SPECIFIED_SOURCE('','',#17516,
 .NOT_KNOWN.);
#17479=PRODUCT_DEFINITION_FORMATION_WITH_SPECIFIED_SOURCE('','',#17517,
 .NOT_KNOWN.);
#17480=PRODUCT_DEFINITION_FORMATION_WITH_SPECIFIED_SOURCE('','',#17518,
 .NOT_KNOWN.);
#17481=PRODUCT_DEFINITION_FORMATION_WITH_SPECIFIED_SOURCE('','',#17519,
 .NOT_KNOWN.);
#17482=PRODUCT_DEFINITION_FORMATION_WITH_SPECIFIED_SOURCE('','',#17520,
 .NOT_KNOWN.);
#17483=PRODUCT_DEFINITION_FORMATION_WITH_SPECIFIED_SOURCE('','',#17521,
 .NOT_KNOWN.);
#17484=PRODUCT_DEFINITION_FORMATION_WITH_SPECIFIED_SOURCE('','',#17522,
 .NOT_KNOWN.);
#17485=PRODUCT_DEFINITION_FORMATION_WITH_SPECIFIED_SOURCE('','',#17523,
 .NOT_KNOWN.);
#17486=PRODUCT_DEFINITION_FORMATION_WITH_SPECIFIED_SOURCE('','',#17524,
 .NOT_KNOWN.);
#17487=PRODUCT_DEFINITION_FORMATION_WITH_SPECIFIED_SOURCE('','',#17525,
 .NOT_KNOWN.);
#17488=PRODUCT_DEFINITION_FORMATION_WITH_SPECIFIED_SOURCE('','',#17526,
 .NOT_KNOWN.);
#17489=PRODUCT_RELATED_PRODUCT_CATEGORY('','',(#17508));
#17490=PRODUCT_RELATED_PRODUCT_CATEGORY('','',(#17509));
#17491=PRODUCT_RELATED_PRODUCT_CATEGORY('','',(#17510));
#17492=PRODUCT_RELATED_PRODUCT_CATEGORY('','',(#17511));
#17493=PRODUCT_RELATED_PRODUCT_CATEGORY('','',(#17512));
#17494=PRODUCT_RELATED_PRODUCT_CATEGORY('','',(#17513));
#17495=PRODUCT_RELATED_PRODUCT_CATEGORY('','',(#17514));
#17496=PRODUCT_RELATED_PRODUCT_CATEGORY('','',(#17515));
#17497=PRODUCT_RELATED_PRODUCT_CATEGORY('','',(#17516));
#17498=PRODUCT_RELATED_PRODUCT_CATEGORY('','',(#17517));
#17499=PRODUCT_RELATED_PRODUCT_CATEGORY('','',(#17518));
#17500=PRODUCT_RELATED_PRODUCT_CATEGORY('','',(#17519));
#17501=PRODUCT_RELATED_PRODUCT_CATEGORY('','',(#17520));
#17502=PRODUCT_RELATED_PRODUCT_CATEGORY('','',(#17521));
#17503=PRODUCT_RELATED_PRODUCT_CATEGORY('','',(#17522));
#17504=PRODUCT_RELATED_PRODUCT_CATEGORY('','',(#17523));
#17505=PRODUCT_RELATED_PRODUCT_CATEGORY('','',(#17524));
#17506=PRODUCT_RELATED_PRODUCT_CATEGORY('','',(#17525));
#17507=PRODUCT_RELATED_PRODUCT_CATEGORY('','',(#17526));
#17508=PRODUCT('Concept','Concept','Concept',(#17546));
#17509=PRODUCT('Large casing (bottom section)',
'Large casing (bottom section)','Large casing (bottom section)',(#17547));
#17510=PRODUCT('Wheel#4','Wheel#4','Wheel#4',(#17548));
#17511=PRODUCT('x-axis movement wheel mount #2',
'x-axis movement wheel mount #2','x-axis movement wheel mount #2',(#17549));
#17512=PRODUCT('Top wheel #1','Top wheel #1','Top wheel #1',(#17550));
#17513=PRODUCT('Rail connector piece','Rail connector piece',
'Rail connector piece',(#17551));
#17514=PRODUCT('Rail end piece','Rail end piece','Rail end piece',(#17552));
#17515=PRODUCT('Wheel#3','Wheel#3','Wheel#3',(#17553));
#17516=PRODUCT('Wheel #2','Wheel #2','Wheel #2',(#17554));
#17517=PRODUCT('Top wheel #2','Top wheel #2','Top wheel #2',(#17555));
#17518=PRODUCT('Motor model#4','Motor model#4','Motor model#4',(#17556));
#17519=PRODUCT('Motor model#3','Motor model#3','Motor model#3',(#17557));
#17520=PRODUCT('y-axis movement wheel mount#1',
'y-axis movement wheel mount#1','y-axis movement wheel mount#1',(#17558));
#17521=PRODUCT('Wheel#1','Wheel#1','Wheel#1',(#17559));
#17522=PRODUCT('y-axis movement wheel mount#2',
'y-axis movement wheel mount#2','y-axis movement wheel mount#2',(#17560));
#17523=PRODUCT('x-axis movement wheel mount #1',
'x-axis movement wheel mount #1','x-axis movement wheel mount #1',(#17561));
#17524=PRODUCT('Large casing(top section)','Large casing(top section)',
'Large casing(top section)',(#17562));
#17525=PRODUCT('Motor model#1','Motor model#1','Motor model#1',(#17563));
#17526=PRODUCT('Motor model #2','Motor model #2','Motor model #2',(#17564));
#17527=PRODUCT_CATEGORY('','');
#17528=PRODUCT_CATEGORY('','');
#17529=PRODUCT_CATEGORY('','');
#17530=PRODUCT_CATEGORY('','');
#17531=PRODUCT_CATEGORY('','');
#17532=PRODUCT_CATEGORY('','');
#17533=PRODUCT_CATEGORY('','');
#17534=PRODUCT_CATEGORY('','');
#17535=PRODUCT_CATEGORY('','');
#17536=PRODUCT_CATEGORY('','');
#17537=PRODUCT_CATEGORY('','');
#17538=PRODUCT_CATEGORY('','');
#17539=PRODUCT_CATEGORY('','');
#17540=PRODUCT_CATEGORY('','');
#17541=PRODUCT_CATEGORY('','');
#17542=PRODUCT_CATEGORY('','');
#17543=PRODUCT_CATEGORY('','');
#17544=PRODUCT_CATEGORY('','');
#17545=PRODUCT_CATEGORY('','');
#17546=PRODUCT_CONTEXT('',#17566,'mechanical');
#17547=PRODUCT_CONTEXT('',#17566,'mechanical');
#17548=PRODUCT_CONTEXT('',#17566,'mechanical');
#17549=PRODUCT_CONTEXT('',#17566,'mechanical');
#17550=PRODUCT_CONTEXT('',#17566,'mechanical');
#17551=PRODUCT_CONTEXT('',#17566,'mechanical');
#17552=PRODUCT_CONTEXT('',#17566,'mechanical');
#17553=PRODUCT_CONTEXT('',#17566,'mechanical');
#17554=PRODUCT_CONTEXT('',#17566,'mechanical');
#17555=PRODUCT_CONTEXT('',#17566,'mechanical');
#17556=PRODUCT_CONTEXT('',#17566,'mechanical');
#17557=PRODUCT_CONTEXT('',#17566,'mechanical');
#17558=PRODUCT_CONTEXT('',#17566,'mechanical');
#17559=PRODUCT_CONTEXT('',#17566,'mechanical');
#17560=PRODUCT_CONTEXT('',#17566,'mechanical');
#17561=PRODUCT_CONTEXT('',#17566,'mechanical');
#17562=PRODUCT_CONTEXT('',#17566,'mechanical');
#17563=PRODUCT_CONTEXT('',#17566,'mechanical');
#17564=PRODUCT_CONTEXT('',#17566,'mechanical');
#17565=APPLICATION_PROTOCOL_DEFINITION('international standard',
'ap242_managed_model_based_3d_engineering',2020,#17566);
#17566=APPLICATION_CONTEXT('managed model based 3d engineering');
ENDSEC;
END-ISO-10303-21;
